date,side,entry_time,exit_time,entry,exit,pts,risk_pts,r_mult,pnl,reason,or_width
2023-09-06,-1,2023-09-06 12:40:00-04:00,2023-09-06 13:15:00-04:00,21.54,22.025000000000002,-0.485000000000003,0.4750000000000014,-1.0210526315789505,-50.5000000000003,stop,0.8900000000000006
2023-09-07,1,2023-09-07 10:45:00-04:00,2023-09-07 14:15:00-04:00,21.790000000000003,22.315000000000005,0.5250000000000021,0.5250000000000021,1.0,50.50000000000021,target,0.8500000000000014
2023-09-11,1,2023-09-11 13:35:00-04:00,2023-09-11 15:55:00-04:00,23.6,23.59,-0.010000000000001563,0.480000000000004,-0.020833333333336417,-3.0000000000001563,time,0.9199999999999982
2023-09-13,1,2023-09-13 10:35:00-04:00,2023-09-13 13:35:00-04:00,24.07,23.669999999999998,-0.40000000000000213,0.39000000000000057,-1.0256410256410295,-42.00000000000021,stop,0.6799999999999997
2023-09-14,-1,2023-09-14 10:20:00-04:00,2023-09-14 10:50:00-04:00,23.509999999999998,23.750000000000004,-0.24000000000000554,0.23000000000000398,-1.0434782608695712,-26.000000000000554,stop,0.41999999999999815
2023-09-15,1,2023-09-15 10:10:00-04:00,2023-09-15 13:20:00-04:00,23.98,23.63,-0.3500000000000014,0.33999999999999986,-1.029411764705887,-37.00000000000014,stop,0.4200000000000017
2023-09-18,1,2023-09-18 10:15:00-04:00,2023-09-18 11:15:00-04:00,24.84,25.445,0.6050000000000004,0.6050000000000004,1.0,58.50000000000004,target,0.6700000000000017
2023-09-19,-1,2023-09-19 10:40:00-04:00,2023-09-19 11:05:00-04:00,24.09,23.509999999999998,0.5800000000000018,0.5800000000000018,1.0,56.000000000000185,target,0.9199999999999982
2023-09-20,-1,2023-09-20 10:25:00-04:00,2023-09-20 14:30:00-04:00,23.729999999999997,24.19,-0.4600000000000044,0.45000000000000284,-1.0222222222222255,-48.00000000000044,stop,0.740000000000002
2023-09-21,-1,2023-09-21 10:15:00-04:00,2023-09-21 10:20:00-04:00,21.09,21.62,-0.5300000000000011,0.5199999999999996,-1.0192307692307723,-55.000000000000114,stop,0.9600000000000009
2023-09-22,-1,2023-09-22 10:05:00-04:00,2023-09-22 10:30:00-04:00,20.79,21.24,-0.4499999999999993,0.4399999999999977,-1.0227272727272765,-46.99999999999993,stop,0.8000000000000007
2023-09-25,-1,2023-09-25 10:05:00-04:00,2023-09-25 10:05:00-04:00,19.75,19.48,0.2699999999999996,0.2699999999999996,1.0,24.999999999999957,target,0.4200000000000017
2023-09-27,1,2023-09-27 10:30:00-04:00,2023-09-27 10:50:00-04:00,20.470000000000002,20.115,-0.355000000000004,0.3450000000000024,-1.0289855072463812,-37.5000000000004,stop,0.36999999999999744
2023-09-28,-1,2023-09-28 10:35:00-04:00,2023-09-28 11:20:00-04:00,20.13,20.42,-0.2900000000000027,0.28000000000000114,-1.0357142857142911,-31.00000000000027,stop,0.5
2023-09-29,-1,2023-09-29 13:10:00-04:00,2023-09-29 15:55:00-04:00,21.2,21.290000000000003,-0.09000000000000341,0.6849999999999987,-0.13138686131387384,-11.000000000000341,time,1.2900000000000027
2023-10-02,-1,2023-10-02 10:30:00-04:00,2023-10-02 15:50:00-04:00,20.72,20.279999999999998,0.4400000000000013,0.4400000000000013,1.0,42.00000000000013,target,0.5799999999999983
2023-10-03,-1,2023-10-03 10:05:00-04:00,2023-10-03 10:30:00-04:00,19.419999999999998,18.959999999999997,0.46000000000000085,0.46000000000000085,1.0,44.000000000000085,target,0.6000000000000014
2023-10-04,-1,2023-10-04 10:05:00-04:00,2023-10-04 15:55:00-04:00,18.0,17.92,0.0799999999999983,0.5300000000000011,0.15094339622641156,5.9999999999998295,time,0.8000000000000007
2023-10-05,-1,2023-10-05 11:10:00-04:00,2023-10-05 12:10:00-04:00,17.049999999999997,17.42,-0.37000000000000455,0.360000000000003,-1.027777777777782,-39.000000000000455,stop,0.6799999999999997
2023-10-06,1,2023-10-06 10:35:00-04:00,2023-10-06 11:25:00-04:00,17.34,17.71,0.370000000000001,0.370000000000001,1.0,35.0000000000001,target,0.5599999999999987
2023-10-09,1,2023-10-09 10:20:00-04:00,2023-10-09 12:20:00-04:00,18.05,18.380000000000003,0.33000000000000185,0.33000000000000185,1.0,31.000000000000185,target,0.5399999999999991
2023-10-10,1,2023-10-10 10:05:00-04:00,2023-10-10 10:30:00-04:00,19.48,19.915,0.4349999999999987,0.4349999999999987,1.0,41.49999999999987,target,0.7900000000000027
2023-10-11,-1,2023-10-11 10:45:00-04:00,2023-10-11 11:05:00-04:00,19.689999999999998,20.19,-0.5000000000000036,0.490000000000002,-1.0204081632653093,-52.000000000000355,stop,0.7999999999999972
2023-10-12,-1,2023-10-12 13:40:00-04:00,2023-10-12 15:55:00-04:00,18.88,18.59,0.28999999999999915,0.7550000000000026,0.38410596026489824,26.999999999999915,time,1.4299999999999997
2023-10-13,-1,2023-10-13 10:40:00-04:00,2023-10-13 13:35:00-04:00,18.189999999999998,17.879999999999995,0.3100000000000023,0.3100000000000023,1.0,29.000000000000227,target,0.5799999999999983
2023-10-16,1,2023-10-16 10:15:00-04:00,2023-10-16 10:25:00-04:00,18.41,18.7,0.28999999999999915,0.28999999999999915,1.0,26.999999999999915,target,0.5
2023-10-17,1,2023-10-17 10:15:00-04:00,2023-10-17 15:55:00-04:00,19.48,19.959999999999997,0.4799999999999969,0.6099999999999994,0.786885245901635,45.99999999999969,time,0.8599999999999994
2023-10-18,1,2023-10-18 10:25:00-04:00,2023-10-18 10:45:00-04:00,20.430000000000003,19.939999999999998,-0.49000000000000554,0.480000000000004,-1.0208333333333364,-51.000000000000554,stop,0.7800000000000011
2023-10-19,1,2023-10-19 10:15:00-04:00,2023-10-19 10:25:00-04:00,19.01,18.535,-0.4750000000000014,0.46499999999999986,-1.0215053763440893,-49.50000000000014,stop,0.4700000000000024
2023-10-20,-1,2023-10-20 11:00:00-04:00,2023-10-20 11:55:00-04:00,17.68,18.110000000000003,-0.43000000000000327,0.4200000000000017,-1.0238095238095275,-45.00000000000033,stop,0.6799999999999997
2023-10-23,1,2023-10-23 10:15:00-04:00,2023-10-23 11:15:00-04:00,18.220000000000002,18.820000000000007,0.600000000000005,0.600000000000005,1.0,58.0000000000005,target,0.879999999999999
2023-10-24,1,2023-10-24 10:05:00-04:00,2023-10-24 11:35:00-04:00,19.57,19.145,-0.4250000000000007,0.41499999999999915,-1.0240963855421725,-44.50000000000007,stop,0.6699999999999982
2023-10-25,-1,2023-10-25 10:15:00-04:00,2023-10-25 10:55:00-04:00,17.319999999999997,16.964999999999996,0.3550000000000004,0.3550000000000004,1.0,33.50000000000004,target,0.5899999999999999
2023-10-26,-1,2023-10-26 10:40:00-04:00,2023-10-26 10:45:00-04:00,16.4,16.88,-0.4800000000000004,0.46999999999999886,-1.0212765957446843,-50.00000000000004,stop,0.8399999999999999
2023-10-27,-1,2023-10-27 14:05:00-04:00,2023-10-27 15:55:00-04:00,16.93,16.96,-0.030000000000001137,0.4450000000000003,-0.06741573033708116,-5.000000000000114,time,0.8100000000000023
2023-10-30,-1,2023-10-30 10:10:00-04:00,2023-10-30 15:55:00-04:00,16.869999999999997,17.110000000000003,-0.24000000000000554,0.45500000000000185,-0.5274725274725375,-26.000000000000554,time,0.8299999999999983
2023-10-31,-1,2023-10-31 10:05:00-04:00,2023-10-31 10:30:00-04:00,16.91,17.280000000000005,-0.37000000000000455,0.360000000000003,-1.027777777777782,-39.000000000000455,stop,0.5199999999999996
2023-11-01,-1,2023-11-01 13:50:00-04:00,2023-11-01 14:45:00-04:00,17.259999999999998,16.949999999999996,0.3100000000000023,0.3100000000000023,1.0,29.000000000000227,target,0.5799999999999983
2023-11-02,1,2023-11-02 14:00:00-04:00,2023-11-02 15:55:00-04:00,20.76,21.02,0.259999999999998,0.615000000000002,0.42276422764227184,23.9999999999998,time,1.1499999999999986
2023-11-06,-1,2023-11-06 10:10:00-05:00,2023-11-06 15:55:00-05:00,21.7,21.720000000000002,-0.020000000000003126,0.5250000000000021,-0.03809523809524389,-4.000000000000313,time,0.7300000000000004
2023-11-07,1,2023-11-07 10:15:00-05:00,2023-11-07 15:55:00-05:00,21.94,22.08,0.13999999999999702,0.4700000000000024,0.297872340425524,11.999999999999702,time,0.8200000000000003
2023-11-08,1,2023-11-08 12:45:00-05:00,2023-11-08 15:55:00-05:00,21.78,21.77,-0.010000000000001563,0.8900000000000006,-0.011235955056181525,-3.0000000000001563,time,1.379999999999999
2023-11-10,-1,2023-11-10 10:15:00-05:00,2023-11-10 12:30:00-05:00,22.93,21.985,0.9450000000000003,0.9450000000000003,1.0,92.50000000000003,target,1.75
2023-11-13,1,2023-11-13 10:15:00-05:00,2023-11-13 15:55:00-05:00,22.830000000000002,22.86,0.029999999999997584,0.615000000000002,0.04878048780487396,0.9999999999997584,time,0.6700000000000017
2023-11-14,1,2023-11-14 10:30:00-05:00,2023-11-14 13:40:00-05:00,25.970000000000002,25.234999999999996,-0.7350000000000065,0.725000000000005,-1.0137931034482779,-75.50000000000065,stop,1.3099999999999987
2023-11-15,1,2023-11-15 10:05:00-05:00,2023-11-15 11:50:00-05:00,26.42,25.709999999999997,-0.7100000000000044,0.7000000000000028,-1.0142857142857165,-73.00000000000044,stop,0.9000000000000021
2023-11-16,-1,2023-11-16 10:20:00-05:00,2023-11-16 10:30:00-05:00,24.61,25.125,-0.5150000000000006,0.504999999999999,-1.019801980198023,-53.50000000000006,stop,0.9299999999999997
2023-11-17,1,2023-11-17 10:10:00-05:00,2023-11-17 11:00:00-05:00,24.96,24.634999999999998,-0.32500000000000284,0.3150000000000013,-1.0317460317460365,-34.500000000000284,stop,0.490000000000002
2023-11-20,1,2023-11-20 10:15:00-05:00,2023-11-20 15:55:00-05:00,25.270000000000003,25.45,0.17999999999999616,0.7150000000000034,0.25174825174824517,15.999999999999616,time,1.0300000000000011
2023-11-21,1,2023-11-21 14:15:00-05:00,2023-11-21 15:55:00-05:00,25.080000000000002,25.02,-0.060000000000002274,0.4750000000000014,-0.12631578947368863,-8.000000000000227,time,0.8500000000000014
2023-11-22,1,2023-11-22 11:25:00-05:00,2023-11-22 15:55:00-05:00,25.900000000000002,25.569999999999997,-0.3300000000000054,0.43000000000000327,-0.767441860465123,-35.00000000000054,time,0.7399999999999984
2023-11-27,1,2023-11-27 10:05:00-05:00,2023-11-27 15:55:00-05:00,29.950000000000003,29.36,-0.5900000000000034,1.5850000000000009,-0.37223974763407136,-61.00000000000034,time,2.629999999999999
2023-11-28,1,2023-11-28 10:20:00-05:00,2023-11-28 11:15:00-05:00,30.450000000000003,31.275000000000006,0.8250000000000028,0.8250000000000028,1.0,80.50000000000028,target,1.5900000000000034
2023-11-29,1,2023-11-29 11:05:00-05:00,2023-11-29 15:55:00-05:00,34.94,34.080000000000005,-0.8599999999999923,1.3149999999999977,-0.6539923954372576,-87.99999999999923,time,2.049999999999997
2023-11-30,1,2023-11-30 13:00:00-05:00,2023-11-30 15:55:00-05:00,34.21,34.38,0.1700000000000017,0.7150000000000034,0.237762237762239,15.00000000000017,time,1.3900000000000006
2023-12-01,1,2023-12-01 10:10:00-05:00,2023-12-01 11:15:00-05:00,35.28,36.11,0.8299999999999983,0.8299999999999983,1.0,80.99999999999983,target,1.259999999999998
2023-12-04,1,2023-12-04 10:15:00-05:00,2023-12-04 11:00:00-05:00,38.93,37.660000000000004,-1.269999999999996,1.259999999999998,-1.0079365079365064,-128.9999999999996,stop,2.219999999999999
2023-12-05,1,2023-12-05 11:00:00-05:00,2023-12-05 15:55:00-05:00,38.269999999999996,38.190000000000005,-0.07999999999999119,1.164999999999992,-0.06866952789698862,-9.999999999999119,time,1.970000000000006
2023-12-06,1,2023-12-06 10:15:00-05:00,2023-12-06 10:40:00-05:00,40.199999999999996,39.21,-0.9899999999999949,0.9799999999999969,-1.010204081632651,-100.99999999999949,stop,1.5799999999999983
2023-12-07,1,2023-12-07 10:20:00-05:00,2023-12-07 11:10:00-05:00,38.57,37.885,-0.6850000000000023,0.6750000000000043,-1.0148148148148117,-70.50000000000023,stop,1.2899999999999991
2023-12-08,1,2023-12-08 10:05:00-05:00,2023-12-08 10:20:00-05:00,40.26,41.095,0.8350000000000009,0.8350000000000009,1.0,81.50000000000009,target,1.6300000000000026
2023-12-11,-1,2023-12-11 11:10:00-05:00,2023-12-11 12:35:00-05:00,40.88,39.52000000000001,1.3599999999999923,1.3599999999999923,1.0,133.99999999999923,target,1.240000000000002
2023-12-13,-1,2023-12-13 10:05:00-05:00,2023-12-13 10:40:00-05:00,38.940000000000005,39.645,-0.7049999999999983,0.6950000000000003,-1.0143884892086301,-72.49999999999983,stop,1.2899999999999991
2023-12-14,-1,2023-12-14 10:20:00-05:00,2023-12-14 15:55:00-05:00,44.36,44.86,-0.5,1.4849999999999994,-0.33670033670033683,-52.0,time,2.230000000000004
2023-12-15,1,2023-12-15 10:45:00-05:00,2023-12-15 11:35:00-05:00,45.71,44.550000000000004,-1.1599999999999966,1.1499999999999986,-1.0086956521739112,-117.99999999999966,stop,1.9600000000000009
2023-12-18,1,2023-12-18 10:10:00-05:00,2023-12-18 14:30:00-05:00,43.16,44.46999999999999,1.3099999999999952,1.3099999999999952,1.0,128.99999999999952,target,2.480000000000004
2023-12-19,1,2023-12-19 11:00:00-05:00,2023-12-19 15:55:00-05:00,50.48,50.49,0.010000000000005116,2.2449999999999974,0.004454342984412083,-0.9999999999994884,time,4.409999999999997
2023-12-20,-1,2023-12-20 13:45:00-05:00,2023-12-20 14:30:00-05:00,49.45,48.2,1.25,1.25,1.0,123.0,target,2.3599999999999994
2023-12-21,1,2023-12-21 10:15:00-05:00,2023-12-21 10:50:00-05:00,48.559999999999995,47.675000000000004,-0.8849999999999909,0.8749999999999929,-1.0114285714285693,-90.49999999999909,stop,1.5300000000000011
2023-12-22,1,2023-12-22 13:35:00-05:00,2023-12-22 14:25:00-05:00,49.72,48.88,-0.8399999999999963,0.8299999999999983,-1.012048192771082,-85.99999999999963,stop,1.5999999999999943
2023-12-26,1,2023-12-26 10:10:00-05:00,2023-12-26 12:35:00-05:00,50.07,49.255,-0.8149999999999977,0.8049999999999997,-1.0124223602484448,-83.49999999999977,stop,1.0100000000000051
2023-12-27,1,2023-12-27 10:10:00-05:00,2023-12-27 10:45:00-05:00,52.239999999999995,50.949999999999996,-1.2899999999999991,1.2800000000000011,-1.0078124999999984,-130.99999999999991,stop,2.3200000000000003
2023-12-28,1,2023-12-28 15:45:00-05:00,2023-12-28 15:55:00-05:00,51.28,51.39,0.10999999999999943,0.7650000000000006,0.14379084967320177,8.999999999999943,time,1.269999999999996
2023-12-29,-1,2023-12-29 10:10:00-05:00,2023-12-29 10:20:00-05:00,50.620000000000005,49.97000000000001,0.6499999999999915,0.6499999999999915,1.0,62.99999999999915,target,1.1999999999999957
2024-01-02,-1,2024-01-02 10:40:00-05:00,2024-01-02 13:20:00-05:00,45.86,47.085,-1.2250000000000014,1.2150000000000034,-1.0082304526748955,-124.50000000000014,stop,1.6699999999999946
2024-01-03,-1,2024-01-03 15:10:00-05:00,2024-01-03 15:55:00-05:00,43.6,43.5,0.10000000000000142,0.9250000000000043,0.10810810810810914,8.000000000000142,time,1.6499999999999986
2024-01-04,1,2024-01-04 10:05:00-05:00,2024-01-04 10:30:00-05:00,43.79,44.3,0.509999999999998,0.509999999999998,1.0,48.9999999999998,target,0.9600000000000009
2024-01-05,1,2024-01-05 10:10:00-05:00,2024-01-05 15:55:00-05:00,43.19,43.03,-0.1599999999999966,1.0699999999999932,-0.1495327102803716,-17.99999999999966,time,1.3800000000000026
2024-01-08,1,2024-01-08 11:55:00-05:00,2024-01-08 12:30:00-05:00,44.559999999999995,45.359999999999985,0.79999999999999,0.79999999999999,1.0,77.999999999999,target,1.4799999999999969
2024-01-09,-1,2024-01-09 11:45:00-05:00,2024-01-09 12:55:00-05:00,44.160000000000004,44.85,-0.6899999999999977,0.6799999999999997,-1.0147058823529382,-70.99999999999977,stop,1.240000000000002
2024-01-10,1,2024-01-10 10:50:00-05:00,2024-01-10 15:20:00-05:00,44.57,43.559999999999995,-1.0100000000000051,1.000000000000007,-1.009999999999998,-103.00000000000051,stop,1.8200000000000003
2024-01-11,-1,2024-01-11 10:05:00-05:00,2024-01-11 13:05:00-05:00,41.54,42.78,-1.240000000000002,1.230000000000004,-1.0081300813008114,-126.0000000000002,stop,1.5
2024-01-12,-1,2024-01-12 10:05:00-05:00,2024-01-12 14:35:00-05:00,42.64,41.705,0.9350000000000023,0.9350000000000023,1.0,91.50000000000023,target,1.1499999999999986
2024-01-16,1,2024-01-16 10:15:00-05:00,2024-01-16 13:40:00-05:00,41.989999999999995,41.00000000000001,-0.9899999999999878,0.9799999999999898,-1.0102040816326512,-100.99999999999878,stop,1.3999999999999986
2024-01-17,1,2024-01-17 15:20:00-05:00,2024-01-17 15:55:00-05:00,40.58,40.99,0.4100000000000037,0.6400000000000006,0.6406250000000052,39.00000000000037,time,1.0799999999999983
2024-01-18,-1,2024-01-18 10:05:00-05:00,2024-01-18 15:55:00-05:00,40.25,40.14,0.10999999999999943,1.0050000000000026,0.10945273631840712,8.999999999999943,time,1.8900000000000006
2024-01-19,1,2024-01-19 11:15:00-05:00,2024-01-19 11:30:00-05:00,40.449999999999996,39.885,-0.5649999999999977,0.5549999999999997,-1.0180180180180145,-58.49999999999977,stop,0.9100000000000037
2024-01-22,-1,2024-01-22 13:20:00-05:00,2024-01-22 15:55:00-05:00,44.13,44.35,-0.21999999999999886,1.8449999999999989,-0.11924119241192357,-23.999999999999886,time,2.9099999999999966
2024-01-23,-1,2024-01-23 10:35:00-05:00,2024-01-23 11:30:00-05:00,43.86,42.86,1.0,1.0,1.0,98.0,target,1.6400000000000006
2024-01-24,-1,2024-01-24 10:05:00-05:00,2024-01-24 15:55:00-05:00,41.440000000000005,40.489999999999995,0.95000000000001,1.2649999999999935,0.7509881422925019,93.000000000001,time,2.1499999999999986
2024-01-25,-1,2024-01-25 10:40:00-05:00,2024-01-25 11:15:00-05:00,40.56,41.255,-0.6950000000000003,0.6850000000000023,-1.0145985401459825,-71.50000000000003,stop,1.1300000000000026
2024-01-29,1,2024-01-29 10:10:00-05:00,2024-01-29 15:55:00-05:00,43.4,43.78,0.38000000000000256,1.2100000000000009,0.3140495867768614,36.000000000000256,time,1.7800000000000011
2024-01-30,-1,2024-01-30 10:15:00-05:00,2024-01-30 10:20:00-05:00,42.830000000000005,43.37,-0.539999999999992,0.529999999999994,-1.0188679245282983,-55.999999999999204,stop,0.9200000000000017
2024-01-31,1,2024-01-31 10:30:00-05:00,2024-01-31 11:30:00-05:00,43.32,42.37500000000001,-0.9449999999999932,0.9349999999999952,-1.0106951871657732,-96.49999999999932,stop,1.4299999999999997
2024-02-01,-1,2024-02-01 10:15:00-05:00,2024-02-01 11:00:00-05:00,38.9,37.629999999999995,1.2700000000000031,1.2700000000000031,1.0,125.00000000000031,target,1.8999999999999986
2024-02-02,1,2024-02-02 10:25:00-05:00,2024-02-02 12:35:00-05:00,39.879999999999995,40.974999999999994,1.0949999999999989,1.0949999999999989,1.0,107.49999999999989,target,1.5700000000000003
2024-02-05,1,2024-02-05 11:35:00-05:00,2024-02-05 13:00:00-05:00,40.61,41.09,0.480000000000004,0.480000000000004,1.0,46.0000000000004,target,0.8999999999999986
2024-02-06,1,2024-02-06 10:20:00-05:00,2024-02-06 11:55:00-05:00,43.22,42.025,-1.1950000000000003,1.1850000000000023,-1.0084388185653992,-121.50000000000003,stop,1.8899999999999935
2024-02-07,1,2024-02-07 10:35:00-05:00,2024-02-07 12:40:00-05:00,44.08,43.385,-0.6950000000000003,0.6850000000000023,-1.0145985401459825,-71.50000000000003,stop,1.1699999999999946
2024-02-08,1,2024-02-08 10:15:00-05:00,2024-02-08 13:00:00-05:00,47.14,48.275,1.134999999999998,1.134999999999998,1.0,111.4999999999998,target,1.9699999999999989
2024-02-09,-1,2024-02-09 10:05:00-05:00,2024-02-09 11:35:00-05:00,45.550000000000004,43.11000000000001,2.4399999999999977,2.4399999999999977,1.0,241.99999999999977,target,4.0
2024-02-12,1,2024-02-12 12:05:00-05:00,2024-02-12 15:55:00-05:00,46.23,44.99,-1.2399999999999949,1.529999999999994,-0.8104575163398691,-125.99999999999949,time,2.6799999999999997
2024-02-13,-1,2024-02-13 10:10:00-05:00,2024-02-13 11:35:00-05:00,40.1,41.175,-1.0749999999999957,1.0649999999999977,-1.0093896713615005,-109.49999999999957,stop,1.8299999999999983
2024-02-14,-1,2024-02-14 10:45:00-05:00,2024-02-14 15:50:00-05:00,40.42,41.105,-0.6849999999999952,0.6749999999999972,-1.014814814814812,-70.49999999999952,stop,1.009999999999998
2024-02-16,-1,2024-02-16 10:25:00-05:00,2024-02-16 11:05:00-05:00,38.86,39.93,-1.0700000000000003,1.0600000000000023,-1.009433962264149,-109.00000000000003,stop,1.8400000000000034
2024-02-20,-1,2024-02-20 10:05:00-05:00,2024-02-20 10:50:00-05:00,36.57,37.25,-0.6799999999999997,0.6700000000000017,-1.0149253731343253,-69.99999999999997,stop,1.2199999999999989
2024-02-21,-1,2024-02-21 10:30:00-05:00,2024-02-21 11:05:00-05:00,36.46,36.975,-0.5150000000000006,0.5050000000000026,-1.0198019801980158,-53.50000000000006,stop,0.5899999999999963
2024-02-22,-1,2024-02-22 15:10:00-05:00,2024-02-22 15:55:00-05:00,37.38,37.33,0.05000000000000426,0.7100000000000009,0.07042253521127352,3.0000000000004263,time,1.3800000000000026
2024-02-23,-1,2024-02-23 10:05:00-05:00,2024-02-23 15:55:00-05:00,37.28,36.989999999999995,0.29000000000000625,0.7950000000000017,0.36477987421384356,27.000000000000625,time,1.2100000000000009
2024-02-26,1,2024-02-26 15:10:00-05:00,2024-02-26 15:55:00-05:00,37.419999999999995,37.32,-0.09999999999999432,0.42499999999999005,-0.23529411764705097,-11.999999999999432,time,0.7700000000000031
2024-02-27,1,2024-02-27 11:10:00-05:00,2024-02-27 13:25:00-05:00,39.07,38.295,-0.7749999999999986,0.7650000000000006,-1.013071895424834,-79.49999999999986,stop,1.5100000000000051
2024-02-28,1,2024-02-28 10:10:00-05:00,2024-02-28 12:25:00-05:00,39.309999999999995,38.605000000000004,-0.7049999999999912,0.6949999999999932,-1.0143884892086303,-72.49999999999912,stop,1.1899999999999977
2024-02-29,1,2024-02-29 10:05:00-05:00,2024-02-29 10:10:00-05:00,39.269999999999996,38.645,-0.6249999999999929,0.6149999999999949,-1.016260162601623,-64.49999999999929,stop,0.8900000000000006
2024-03-01,1,2024-03-01 12:15:00-05:00,2024-03-01 14:55:00-05:00,37.79,38.42,0.6300000000000026,0.6300000000000026,1.0,61.000000000000256,target,1.1000000000000014
2024-03-04,-1,2024-03-04 10:05:00-05:00,2024-03-04 13:00:00-05:00,37.15,38.055,-0.9050000000000011,0.8950000000000031,-1.0111731843575396,-92.50000000000011,stop,1.3299999999999983
2024-03-05,1,2024-03-05 10:05:00-05:00,2024-03-05 10:25:00-05:00,37.39,36.5,-0.8900000000000006,0.8800000000000026,-1.011363636363634,-91.00000000000006,stop,0.9399999999999977
2024-03-06,-1,2024-03-06 10:10:00-05:00,2024-03-06 10:45:00-05:00,36.35,36.855,-0.5049999999999955,0.49499999999999744,-1.0202020202020163,-52.499999999999545,stop,0.8500000000000014
2024-03-07,-1,2024-03-07 10:05:00-05:00,2024-03-07 15:55:00-05:00,36.57,36.589999999999996,-0.01999999999999602,0.5499999999999972,-0.03636363636362932,-3.999999999999602,time,1.0
2024-03-08,1,2024-03-08 10:05:00-05:00,2024-03-08 13:40:00-05:00,39.69,38.160000000000004,-1.529999999999994,1.519999999999996,-1.0065789473684197,-154.9999999999994,stop,2.1199999999999974
2024-03-11,-1,2024-03-11 10:25:00-04:00,2024-03-11 10:35:00-04:00,37.64,38.46,-0.8200000000000003,0.8100000000000023,-1.0123456790123433,-84.00000000000003,stop,1.4799999999999969
2024-03-13,1,2024-03-13 10:05:00-04:00,2024-03-13 10:10:00-04:00,38.839999999999996,39.69,0.8500000000000014,0.8500000000000014,1.0,83.00000000000014,target,1.3800000000000026
2024-03-14,-1,2024-03-14 10:50:00-04:00,2024-03-14 15:05:00-04:00,35.13,33.35000000000001,1.779999999999994,1.779999999999994,1.0,175.9999999999994,target,3.3200000000000003
2024-03-15,1,2024-03-15 10:15:00-04:00,2024-03-15 11:45:00-04:00,33.82,33.345000000000006,-0.4749999999999943,0.4649999999999963,-1.021505376344082,-49.49999999999943,stop,0.7700000000000031
2024-03-18,1,2024-03-18 15:35:00-04:00,2024-03-18 15:55:00-04:00,34.58,34.2,-0.37999999999999545,0.6299999999999955,-0.6031746031746004,-39.999999999999545,time,1.1000000000000014
2024-03-19,1,2024-03-19 11:50:00-04:00,2024-03-19 15:55:00-04:00,33.8,33.89,0.09000000000000341,0.6849999999999952,0.13138686131387453,7.000000000000341,time,1.3299999999999983
2024-03-20,1,2024-03-20 14:05:00-04:00,2024-03-20 14:35:00-04:00,35.69,35.010000000000005,-0.6799999999999926,0.664999999999992,-1.0225563909774447,-69.99999999999926,stop_gap,0.9299999999999997
2024-03-21,1,2024-03-21 10:20:00-04:00,2024-03-21 11:20:00-04:00,39.35,38.685,-0.6649999999999991,0.6550000000000011,-1.015267175572516,-68.49999999999991,stop,1.1700000000000017
2024-03-22,-1,2024-03-22 10:35:00-04:00,2024-03-22 11:25:00-04:00,35.79,36.68,-0.8900000000000006,0.8800000000000026,-1.011363636363634,-91.00000000000006,stop,1.3200000000000003
2024-03-26,1,2024-03-26 10:15:00-04:00,2024-03-26 10:45:00-04:00,37.339999999999996,36.845000000000006,-0.49499999999999034,0.4849999999999923,-1.020618556701027,-51.499999999999034,stop,0.8699999999999974
2024-03-27,-1,2024-03-27 10:05:00-04:00,2024-03-27 15:55:00-04:00,35.940000000000005,36.739999999999995,-0.79999999999999,1.2449999999999974,-0.6425702811244913,-81.999999999999,time,1.5700000000000003
2024-03-28,1,2024-03-28 10:05:00-04:00,2024-03-28 13:00:00-04:00,37.739999999999995,37.115,-0.6249999999999929,0.6149999999999949,-1.016260162601623,-64.49999999999929,stop,1.0499999999999972
2024-04-01,-1,2024-04-01 10:05:00-04:00,2024-04-01 15:55:00-04:00,35.74,34.83,0.9100000000000037,0.9450000000000003,0.9629629629629666,89.00000000000037,time,1.2899999999999991
2024-04-02,1,2024-04-02 10:05:00-04:00,2024-04-02 15:55:00-04:00,33.85,34.09,0.240000000000002,0.6900000000000048,0.3478260869565222,22.0000000000002,time,0.8200000000000003
2024-04-03,1,2024-04-03 10:05:00-04:00,2024-04-03 10:25:00-04:00,33.989999999999995,34.42999999999999,0.4399999999999977,0.4399999999999977,1.0,41.99999999999977,target,0.6799999999999997
2024-04-04,-1,2024-04-04 10:35:00-04:00,2024-04-04 13:10:00-04:00,33.78,33.315,0.4650000000000034,0.4650000000000034,1.0,44.50000000000034,target,0.8500000000000014
2024-04-05,1,2024-04-05 10:05:00-04:00,2024-04-05 15:55:00-04:00,32.879999999999995,32.86,-0.01999999999999602,0.5899999999999963,-0.03389830508473923,-3.999999999999602,time,1.120000000000001
2024-04-08,1,2024-04-08 10:25:00-04:00,2024-04-08 15:55:00-04:00,33.879999999999995,34.1,0.22000000000000597,0.6749999999999972,0.32592592592593617,20.000000000000597,time,0.7299999999999969
2024-04-09,-1,2024-04-09 10:45:00-04:00,2024-04-09 11:15:00-04:00,34.010000000000005,34.44,-0.4299999999999926,0.4199999999999946,-1.0238095238095193,-44.99999999999926,stop,0.7999999999999972
2024-04-10,1,2024-04-10 10:30:00-04:00,2024-04-10 11:15:00-04:00,34.14,33.61000000000001,-0.529999999999994,0.519999999999996,-1.0192307692307656,-54.9999999999994,stop,1.0200000000000031
2024-04-11,-1,2024-04-11 10:20:00-04:00,2024-04-11 13:10:00-04:00,32.75,33.35999999999999,-0.6099999999999923,0.5999999999999943,-1.0166666666666635,-62.99999999999923,stop,0.8200000000000003
2024-04-12,-1,2024-04-12 10:55:00-04:00,2024-04-12 15:35:00-04:00,32.760000000000005,32.33500000000001,0.42499999999999716,0.42499999999999716,1.0,40.499999999999716,target,0.7100000000000009
2024-04-15,-1,2024-04-15 10:05:00-04:00,2024-04-15 10:15:00-04:00,32.38,31.965000000000003,0.41499999999999915,0.41499999999999915,1.0,39.499999999999915,target,0.5700000000000003
2024-04-16,1,2024-04-16 12:40:00-04:00,2024-04-16 15:55:00-04:00,30.880000000000003,30.91,0.029999999999997584,0.6600000000000037,0.04545454545454154,0.9999999999997584,time,1.2800000000000011
2024-04-17,-1,2024-04-17 10:55:00-04:00,2024-04-17 14:40:00-04:00,30.9,31.360000000000003,-0.4600000000000044,0.45000000000000284,-1.0222222222222255,-48.00000000000044,stop,0.7399999999999984
2024-04-18,1,2024-04-18 10:40:00-04:00,2024-04-18 11:15:00-04:00,31.51,32.175000000000004,0.6650000000000027,0.6650000000000027,1.0,64.50000000000027,target,0.8499999999999979
2024-04-22,-1,2024-04-22 11:15:00-04:00,2024-04-22 11:50:00-04:00,30.459999999999997,30.995,-0.5350000000000037,0.5250000000000021,-1.0190476190476219,-55.50000000000037,stop,0.9100000000000001
2024-04-23,1,2024-04-23 10:05:00-04:00,2024-04-23 15:55:00-04:00,32.989999999999995,32.760000000000005,-0.22999999999998977,1.3449999999999918,-0.1710037174721124,-24.999999999998977,time,2.41
2024-04-24,-1,2024-04-24 10:20:00-04:00,2024-04-24 11:10:00-04:00,32.52,32.08500000000001,0.43499999999999517,0.43499999999999517,1.0,41.49999999999952,target,0.6300000000000026
2024-04-25,-1,2024-04-25 10:05:00-04:00,2024-04-25 10:15:00-04:00,30.479999999999997,30.855,-0.37500000000000355,0.365000000000002,-1.0273972602739767,-39.500000000000355,stop,0.75
2024-04-26,1,2024-04-26 10:05:00-04:00,2024-04-26 15:55:00-04:00,33.43,33.31,-0.11999999999999744,1.375,-0.0872727272727254,-13.999999999999744,time,2.2300000000000004
2024-04-30,1,2024-04-30 10:20:00-04:00,2024-04-30 10:30:00-04:00,33.23,32.89,-0.3399999999999963,0.3299999999999983,-1.0303030303030245,-35.99999999999963,stop,0.5799999999999983
2024-05-01,1,2024-05-01 14:35:00-04:00,2024-05-01 14:40:00-04:00,32.41,32.98499999999999,0.5749999999999957,0.5749999999999957,1.0,55.499999999999574,target,0.8499999999999979
2024-05-02,1,2024-05-02 10:30:00-04:00,2024-05-02 14:40:00-04:00,33.53,34.125,0.5949999999999989,0.5949999999999989,1.0,57.499999999999886,target,0.8900000000000006
2024-05-03,-1,2024-05-03 10:05:00-04:00,2024-05-03 12:15:00-04:00,35.45,34.790000000000006,0.6599999999999966,0.6599999999999966,1.0,63.99999999999966,target,1.1799999999999997
2024-05-06,1,2024-05-06 10:05:00-04:00,2024-05-06 15:55:00-04:00,36.1,35.99,-0.10999999999999943,0.47000000000000597,-0.23404255319148518,-12.999999999999943,time,0.8399999999999963
2024-05-07,1,2024-05-07 10:15:00-04:00,2024-05-07 14:15:00-04:00,36.239999999999995,35.52,-0.7199999999999918,0.7099999999999937,-1.0140845070422508,-73.99999999999918,stop,0.8599999999999994
2024-05-08,-1,2024-05-08 10:05:00-04:00,2024-05-08 15:55:00-04:00,33.18,31.580000000000002,1.5999999999999979,2.625,0.6095238095238087,157.99999999999977,time,4.150000000000006
2024-05-09,1,2024-05-09 12:25:00-04:00,2024-05-09 15:00:00-04:00,33.51,34.13499999999999,0.6249999999999929,0.6249999999999929,1.0,60.49999999999929,target,1.1300000000000026
2024-05-10,-1,2024-05-10 10:30:00-04:00,2024-05-10 14:00:00-04:00,32.870000000000005,31.92500000000001,0.9449999999999932,0.9449999999999932,1.0,92.49999999999932,target,1.6700000000000017
2024-05-13,1,2024-05-13 10:30:00-04:00,2024-05-13 11:25:00-04:00,33.699999999999996,32.645,-1.0549999999999926,1.0449999999999946,-1.0095693779904287,-107.49999999999926,stop,1.1700000000000017
2024-05-14,1,2024-05-14 10:30:00-04:00,2024-05-14 10:45:00-04:00,34.25,33.42,-0.8299999999999983,0.8200000000000003,-1.012195121951217,-84.99999999999983,stop,1.3799999999999955
2024-05-15,-1,2024-05-15 10:05:00-04:00,2024-05-15 15:55:00-04:00,32.97,32.32,0.6499999999999986,0.9849999999999994,0.6598984771573594,62.99999999999986,time,1.6899999999999977
2024-05-16,-1,2024-05-16 10:10:00-04:00,2024-05-16 10:20:00-04:00,31.04,31.69,-0.6500000000000021,0.6400000000000006,-1.0156250000000024,-67.00000000000021,stop,1.120000000000001
2024-05-17,1,2024-05-17 11:00:00-04:00,2024-05-17 12:15:00-04:00,32.41,33.02499999999999,0.6149999999999949,0.6149999999999949,1.0,59.49999999999949,target,1.0900000000000034
2024-05-20,-1,2024-05-20 13:40:00-04:00,2024-05-20 15:55:00-04:00,32.88,33.04,-0.1599999999999966,0.519999999999996,-0.3076923076923035,-17.99999999999966,time,0.9399999999999977
2024-05-21,-1,2024-05-21 10:05:00-04:00,2024-05-21 10:50:00-04:00,32.22,31.83,0.39000000000000057,0.39000000000000057,1.0,37.00000000000006,target,0.6599999999999966
2024-05-22,-1,2024-05-22 13:35:00-04:00,2024-05-22 14:15:00-04:00,30.7,30.055,0.6449999999999996,0.6449999999999996,1.0,62.49999999999996,target,1.25
2024-05-23,-1,2024-05-23 14:15:00-04:00,2024-05-23 15:55:00-04:00,29.759999999999998,29.680000000000003,0.07999999999999474,0.605000000000004,0.13223140495866811,5.999999999999474,time,1.110000000000003
2024-05-24,1,2024-05-24 10:15:00-04:00,2024-05-24 15:55:00-04:00,30.150000000000002,30.02,-0.13000000000000256,0.3500000000000014,-0.3714285714285772,-15.000000000000256,time,0.6000000000000014
2024-05-28,-1,2024-05-28 11:05:00-04:00,2024-05-28 15:55:00-04:00,29.419999999999998,29.650000000000002,-0.23000000000000398,0.5800000000000018,-0.39655172413793666,-25.000000000000398,time,1.0
2024-05-29,1,2024-05-29 10:15:00-04:00,2024-05-29 15:55:00-04:00,29.040000000000003,28.7,-0.3400000000000034,0.33000000000000185,-1.030303030303035,-36.00000000000034,stop,0.6400000000000006
2024-05-30,1,2024-05-30 10:25:00-04:00,2024-05-30 12:15:00-04:00,29.180000000000003,29.53000000000001,0.350000000000005,0.350000000000005,1.0,33.0000000000005,target,0.4400000000000013
2024-05-31,-1,2024-05-31 10:15:00-04:00,2024-05-31 15:55:00-04:00,29.069999999999997,29.28,-0.2100000000000044,0.5200000000000031,-0.4038461538461599,-23.00000000000044,time,0.9799999999999969
2024-06-03,-1,2024-06-03 10:25:00-04:00,2024-06-03 15:55:00-04:00,28.93,28.8,0.129999999999999,0.5899999999999999,0.22033898305084582,10.9999999999999,time,1.0399999999999991
2024-06-04,1,2024-06-04 10:05:00-04:00,2024-06-04 10:20:00-04:00,29.17,29.525000000000006,0.355000000000004,0.355000000000004,1.0,33.5000000000004,target,0.6699999999999982
2024-06-05,-1,2024-06-05 10:10:00-04:00,2024-06-05 10:20:00-04:00,29.54,29.995,-0.45500000000000185,0.4450000000000003,-1.0224719101123632,-47.500000000000185,stop,0.7300000000000004
2024-06-06,-1,2024-06-06 10:05:00-04:00,2024-06-06 11:05:00-04:00,30.2,30.625000000000004,-0.42500000000000426,0.4150000000000027,-1.0240963855421723,-44.500000000000426,stop,0.7099999999999973
2024-06-10,1,2024-06-10 14:50:00-04:00,2024-06-10 15:55:00-04:00,30.32,30.439999999999998,0.11999999999999744,0.4299999999999997,0.2790697674418547,9.999999999999744,time,0.759999999999998
2024-06-12,-1,2024-06-12 11:55:00-04:00,2024-06-12 15:55:00-04:00,35.940000000000005,35.75,0.19000000000000483,1.67499999999999,0.11343283582089908,17.000000000000483,time,3.270000000000003
2024-06-13,-1,2024-06-13 10:10:00-04:00,2024-06-13 10:10:00-04:00,35.56,34.77,0.7899999999999991,0.7899999999999991,1.0,76.99999999999991,target,1.0799999999999983
2024-06-14,-1,2024-06-14 10:05:00-04:00,2024-06-14 10:50:00-04:00,31.77,32.404999999999994,-0.6349999999999945,0.6249999999999964,-1.015999999999997,-65.49999999999945,stop,1.0899999999999963
2024-06-17,-1,2024-06-17 11:50:00-04:00,2024-06-17 13:55:00-04:00,30.08,30.59,-0.5100000000000016,0.5,-1.0200000000000031,-53.000000000000156,stop,0.9000000000000021
2024-06-18,-1,2024-06-18 10:10:00-04:00,2024-06-18 15:55:00-04:00,30.08,30.53,-0.45000000000000284,0.7700000000000031,-0.5844155844155857,-47.000000000000284,time,0.9000000000000021
2024-06-20,-1,2024-06-20 10:10:00-04:00,2024-06-20 10:40:00-04:00,30.009999999999998,29.564999999999998,0.4450000000000003,0.4450000000000003,1.0,42.50000000000003,target,0.6699999999999982
2024-06-21,-1,2024-06-21 11:05:00-04:00,2024-06-21 15:50:00-04:00,29.549999999999997,29.990000000000002,-0.44000000000000483,0.43000000000000327,-1.0232558139534917,-46.00000000000048,stop,0.7199999999999989
2024-06-24,1,2024-06-24 11:20:00-04:00,2024-06-24 14:50:00-04:00,32.57,33.525,0.9549999999999983,0.9549999999999983,1.0,93.49999999999983,target,1.6900000000000013
2024-06-26,-1,2024-06-26 11:15:00-04:00,2024-06-26 15:55:00-04:00,31.709999999999997,31.42,0.2899999999999956,0.610000000000003,0.4754098360655642,26.99999999999956,time,1.120000000000001
2024-06-27,1,2024-06-27 12:15:00-04:00,2024-06-27 14:00:00-04:00,31.16,30.81,-0.3500000000000014,0.33999999999999986,-1.029411764705887,-37.00000000000014,stop,0.6000000000000014
2024-06-28,1,2024-06-28 10:25:00-04:00,2024-06-28 11:50:00-04:00,31.14,30.724999999999998,-0.4150000000000027,0.40500000000000114,-1.0246913580246952,-43.50000000000027,stop,0.629999999999999
2024-07-01,-1,2024-07-01 10:15:00-04:00,2024-07-01 15:55:00-04:00,29.84,29.85,-0.010000000000001563,0.38500000000000156,-0.025974025974029927,-3.0000000000001563,time,0.4299999999999997
2024-07-02,-1,2024-07-02 10:15:00-04:00,2024-07-02 15:55:00-04:00,29.479999999999997,29.39,0.0899999999999963,0.43000000000000327,0.20930232558138517,6.9999999999996305,time,0.4399999999999977
2024-07-08,-1,2024-07-08 11:40:00-04:00,2024-07-08 15:55:00-04:00,27.819999999999997,28.150000000000002,-0.3300000000000054,0.5100000000000016,-0.6470588235294203,-35.00000000000054,time,0.9599999999999973
2024-07-09,1,2024-07-09 12:10:00-04:00,2024-07-09 12:40:00-04:00,28.17,28.365000000000002,0.19500000000000028,0.19500000000000028,1.0,17.50000000000003,target,0.34999999999999787
2024-07-10,-1,2024-07-10 10:15:00-04:00,2024-07-10 11:30:00-04:00,27.99,27.574999999999996,0.4150000000000027,0.4150000000000027,1.0,39.50000000000027,target,0.75
2024-07-11,-1,2024-07-11 10:20:00-04:00,2024-07-11 10:45:00-04:00,29.09,29.830000000000002,-0.740000000000002,0.7300000000000004,-1.0136986301369884,-76.0000000000002,stop,1.240000000000002
2024-07-12,-1,2024-07-12 12:50:00-04:00,2024-07-12 15:55:00-04:00,29.549999999999997,29.55,-3.552713678800501e-15,0.4650000000000034,-7.640244470538656e-15,-2.0000000000003553,time,0.8900000000000006
2024-07-15,1,2024-07-15 10:05:00-04:00,2024-07-15 10:45:00-04:00,30.830000000000002,31.475,0.6449999999999996,0.6449999999999996,1.0,62.49999999999996,target,1.129999999999999
2024-07-16,-1,2024-07-16 10:10:00-04:00,2024-07-16 10:30:00-04:00,32.13,32.71,-0.5799999999999983,0.5700000000000003,-1.0175438596491193,-59.99999999999983,stop,0.9799999999999969
2024-07-17,-1,2024-07-17 12:40:00-04:00,2024-07-17 15:55:00-04:00,32.04,32.25,-0.21000000000000085,1.240000000000002,-0.16935483870967782,-23.000000000000085,time,2.039999999999999
2024-07-18,1,2024-07-18 10:05:00-04:00,2024-07-18 10:45:00-04:00,32.419999999999995,31.715,-0.7049999999999947,0.6949999999999932,-1.0143884892086354,-72.49999999999947,stop,1.0300000000000011
2024-07-19,-1,2024-07-19 11:40:00-04:00,2024-07-19 11:45:00-04:00,29.95,30.34,-0.39000000000000057,0.379999999999999,-1.0263157894736883,-41.00000000000006,stop,0.639999999999997
2024-07-23,1,2024-07-23 10:10:00-04:00,2024-07-23 10:45:00-04:00,29.900000000000002,29.465,-0.4350000000000023,0.4250000000000007,-1.0235294117647096,-45.50000000000023,stop,0.41000000000000014
2024-07-24,-1,2024-07-24 11:05:00-04:00,2024-07-24 12:30:00-04:00,27.86,27.185,0.6750000000000007,0.6750000000000007,1.0,65.50000000000007,target,1.2899999999999991
2024-07-25,-1,2024-07-25 10:05:00-04:00,2024-07-25 10:30:00-04:00,25.959999999999997,26.48,-0.5200000000000031,0.5100000000000016,-1.019607843137258,-54.00000000000031,stop,0.8399999999999999
2024-07-26,-1,2024-07-26 10:50:00-04:00,2024-07-26 13:15:00-04:00,26.68,27.21,-0.5300000000000011,0.5199999999999996,-1.0192307692307723,-55.000000000000114,stop,1.0
2024-07-29,1,2024-07-29 10:05:00-04:00,2024-07-29 10:10:00-04:00,27.76,27.345,-0.4150000000000027,0.40500000000000114,-1.0246913580246952,-43.50000000000027,stop,0.6300000000000026
2024-07-30,-1,2024-07-30 10:25:00-04:00,2024-07-30 11:50:00-04:00,27.959999999999997,27.264999999999993,0.6950000000000038,0.6950000000000038,1.0,67.50000000000038,target,1.0899999999999999
2024-07-31,1,2024-07-31 10:40:00-04:00,2024-07-31 15:00:00-04:00,28.67,29.215000000000003,0.5450000000000017,0.5450000000000017,1.0,52.50000000000017,target,0.6099999999999994
2024-08-01,-1,2024-08-01 10:50:00-04:00,2024-08-01 11:30:00-04:00,27.65,26.97,0.6799999999999997,0.6799999999999997,1.0,65.99999999999997,target,1.0199999999999996
2024-08-02,-1,2024-08-02 10:10:00-04:00,2024-08-02 12:25:00-04:00,24.209999999999997,24.890000000000004,-0.6800000000000068,0.6700000000000053,-1.0149253731343306,-70.00000000000068,stop,0.9400000000000013
2024-08-05,1,2024-08-05 10:05:00-04:00,2024-08-05 15:55:00-04:00,24.6,24.549999999999997,-0.05000000000000426,1.5300000000000011,-0.03267973856209427,-7.000000000000426,time,1.6400000000000006
2024-08-06,1,2024-08-06 14:15:00-04:00,2024-08-06 15:05:00-04:00,24.84,24.334999999999997,-0.5050000000000026,0.495000000000001,-1.0202020202020232,-52.500000000000256,stop,0.9100000000000001
2024-08-07,1,2024-08-07 10:25:00-04:00,2024-08-07 13:00:00-04:00,25.89,25.275,-0.615000000000002,0.6050000000000004,-1.0165289256198373,-63.5000000000002,stop,1.0300000000000011
2024-08-08,1,2024-08-08 10:05:00-04:00,2024-08-08 15:55:00-04:00,25.0,25.209999999999997,0.2099999999999973,0.4750000000000014,0.44210526315788773,18.99999999999973,time,0.75
2024-08-09,1,2024-08-09 11:20:00-04:00,2024-08-09 15:55:00-04:00,25.790000000000003,25.43,-0.360000000000003,0.6350000000000016,-0.566929133858271,-38.0000000000003,time,0.9499999999999993
2024-08-13,1,2024-08-13 11:20:00-04:00,2024-08-13 15:55:00-04:00,26.380000000000003,26.259999999999998,-0.12000000000000455,0.5150000000000006,-0.23300970873787266,-14.000000000000455,time,1.0299999999999976
2024-08-15,1,2024-08-15 10:35:00-04:00,2024-08-15 13:35:00-04:00,27.94,28.365000000000002,0.4250000000000007,0.4250000000000007,1.0,40.50000000000007,target,0.629999999999999
2024-08-19,1,2024-08-19 10:55:00-04:00,2024-08-19 13:40:00-04:00,29.25,29.715000000000003,0.4650000000000034,0.4650000000000034,1.0,44.50000000000034,target,0.5899999999999999
2024-08-20,-1,2024-08-20 11:00:00-04:00,2024-08-20 12:55:00-04:00,30.27,29.63,0.6400000000000006,0.6400000000000006,1.0,62.00000000000006,target,1.1000000000000014
2024-08-21,-1,2024-08-21 10:05:00-04:00,2024-08-21 13:45:00-04:00,28.88,29.325,-0.4450000000000003,0.4349999999999987,-1.0229885057471302,-46.50000000000003,stop,0.4499999999999993
2024-08-22,1,2024-08-22 10:55:00-04:00,2024-08-22 11:10:00-04:00,30.650000000000002,31.185000000000002,0.5350000000000001,0.5350000000000001,1.0,51.500000000000014,target,0.9899999999999984
2024-08-23,1,2024-08-23 10:05:00-04:00,2024-08-23 10:25:00-04:00,30.740000000000002,31.165000000000006,0.42500000000000426,0.42500000000000426,1.0,40.500000000000426,target,0.5899999999999999
2024-08-26,-1,2024-08-26 10:50:00-04:00,2024-08-26 15:45:00-04:00,31.349999999999998,31.955000000000002,-0.605000000000004,0.5950000000000024,-1.0168067226890782,-62.5000000000004,stop,1.0900000000000034
2024-08-27,1,2024-08-27 10:20:00-04:00,2024-08-27 14:45:00-04:00,32.14,32.545,0.40500000000000114,0.40500000000000114,1.0,38.500000000000114,target,0.46999999999999886
2024-08-28,-1,2024-08-28 10:05:00-04:00,2024-08-28 10:50:00-04:00,31.72,31.25,0.46999999999999886,0.46999999999999886,1.0,44.999999999999886,target,0.639999999999997
2024-08-29,1,2024-08-29 10:05:00-04:00,2024-08-29 15:55:00-04:00,41.46,41.660000000000004,0.20000000000000284,2.3999999999999986,0.08333333333333456,18.000000000000284,time,3.0799999999999983
2024-08-30,1,2024-08-30 10:05:00-04:00,2024-08-30 15:55:00-04:00,43.6,43.97,0.36999999999999744,1.6550000000000011,0.22356495468277776,34.999999999999744,time,2.75
2024-09-03,-1,2024-09-03 10:20:00-04:00,2024-09-03 12:20:00-04:00,43.09,42.02000000000001,1.0699999999999932,1.0699999999999932,1.0,104.99999999999932,target,1.6600000000000037
2024-09-04,1,2024-09-04 10:10:00-04:00,2024-09-04 10:45:00-04:00,41.26,42.06999999999999,0.8099999999999952,0.8099999999999952,1.0,78.99999999999952,target,1.5
2024-09-05,1,2024-09-05 10:05:00-04:00,2024-09-05 10:40:00-04:00,41.879999999999995,40.730000000000004,-1.1499999999999915,1.1399999999999935,-1.0087719298245597,-116.99999999999915,stop,1.7999999999999972
2024-09-06,-1,2024-09-06 10:05:00-04:00,2024-09-06 11:05:00-04:00,39.89,39.175,0.7150000000000034,0.7150000000000034,1.0,69.50000000000034,target,1.4100000000000037
2024-09-09,-1,2024-09-09 11:05:00-04:00,2024-09-09 12:00:00-04:00,38.36,39.135,-0.7749999999999986,0.7650000000000006,-1.013071895424834,-79.49999999999986,stop,1.3499999999999943
2024-09-10,-1,2024-09-10 10:15:00-04:00,2024-09-10 14:10:00-04:00,36.14,37.355,-1.2149999999999963,1.2049999999999983,-1.0082987551867204,-123.49999999999963,stop,2.1299999999999955
2024-09-11,1,2024-09-11 11:45:00-04:00,2024-09-11 13:10:00-04:00,38.239999999999995,38.77499999999999,0.5349999999999966,0.5349999999999966,1.0,51.49999999999966,target,0.990000000000002
2024-09-12,-1,2024-09-12 10:40:00-04:00,2024-09-12 12:50:00-04:00,39.84,40.565,-0.7249999999999943,0.7149999999999963,-1.0139860139860113,-74.49999999999943,stop,1.1700000000000017
2024-09-13,1,2024-09-13 10:10:00-04:00,2024-09-13 11:20:00-04:00,43.699999999999996,44.42999999999999,0.7299999999999969,0.7299999999999969,1.0,70.99999999999969,target,1.1599999999999966
2024-09-16,1,2024-09-16 13:20:00-04:00,2024-09-16 15:55:00-04:00,44.449999999999996,44.03,-0.4199999999999946,0.9849999999999923,-0.42639593908629225,-43.99999999999946,time,1.8099999999999952
2024-09-17,-1,2024-09-17 12:20:00-04:00,2024-09-17 15:55:00-04:00,43.92,44.0,-0.0799999999999983,0.5999999999999943,-0.13333333333333175,-9.99999999999983,time,1.1199999999999974
2024-09-18,1,2024-09-18 14:30:00-04:00,2024-09-18 14:40:00-04:00,45.339999999999996,44.35,-0.9899999999999949,0.9799999999999969,-1.010204081632651,-100.99999999999949,stop,1.2999999999999972
2024-09-19,1,2024-09-19 10:55:00-04:00,2024-09-19 13:00:00-04:00,46.879999999999995,45.54,-1.3399999999999963,1.3299999999999983,-1.0075187969924797,-135.99999999999963,stop,2.3999999999999986
2024-09-20,1,2024-09-20 10:05:00-04:00,2024-09-20 10:10:00-04:00,45.97,45.339999999999996,-0.6300000000000026,0.6200000000000045,-1.0161290322580612,-65.00000000000026,stop,0.9600000000000009
2024-09-23,-1,2024-09-23 12:35:00-04:00,2024-09-23 12:40:00-04:00,44.99,45.46999999999999,-0.47999999999998977,0.46999999999999176,-1.021276595744677,-49.99999999999898,stop,0.8999999999999986
2024-09-24,-1,2024-09-24 10:05:00-04:00,2024-09-24 13:40:00-04:00,43.11,44.089999999999996,-0.9799999999999969,0.9699999999999989,-1.0103092783505134,-99.99999999999969,stop,1.6000000000000014
2024-09-25,-1,2024-09-25 11:40:00-04:00,2024-09-25 15:10:00-04:00,44.25,43.545,0.7049999999999983,0.7049999999999983,1.0,68.49999999999983,target,1.2899999999999991
2024-09-26,-1,2024-09-26 10:25:00-04:00,2024-09-26 12:45:00-04:00,42.32,41.519999999999996,0.8000000000000043,0.8000000000000043,1.0,78.00000000000043,target,1.3399999999999963
2024-09-27,-1,2024-09-27 10:15:00-04:00,2024-09-27 14:25:00-04:00,41.660000000000004,41.105000000000004,0.5549999999999997,0.5549999999999997,1.0,53.49999999999997,target,0.9499999999999957
2024-09-30,-1,2024-09-30 14:25:00-04:00,2024-09-30 15:55:00-04:00,40.42,40.839999999999996,-0.4199999999999946,0.7800000000000011,-0.5384615384615308,-43.99999999999946,time,1.5
2024-10-01,-1,2024-10-01 10:10:00-04:00,2024-10-01 15:35:00-04:00,39.72,38.92,0.7999999999999972,0.7999999999999972,1.0,77.99999999999972,target,0.9799999999999969
2024-10-02,1,2024-10-02 10:05:00-04:00,2024-10-02 15:00:00-04:00,38.91,39.49999999999999,0.5899999999999963,0.5899999999999963,1.0,56.99999999999963,target,0.8400000000000034
2024-10-03,-1,2024-10-03 10:15:00-04:00,2024-10-03 10:25:00-04:00,38.370000000000005,37.88000000000001,0.4899999999999949,0.4899999999999949,1.0,46.99999999999949,target,0.6599999999999966
2024-10-04,-1,2024-10-04 10:05:00-04:00,2024-10-04 12:35:00-04:00,38.080000000000005,38.885,-0.8049999999999926,0.7949999999999946,-1.0125786163521988,-82.49999999999926,stop,1.5300000000000011
2024-10-07,-1,2024-10-07 14:45:00-04:00,2024-10-07 15:55:00-04:00,38.410000000000004,38.589999999999996,-0.1799999999999926,0.5999999999999943,-0.29999999999999055,-19.99999999999926,time,0.9200000000000017
2024-10-08,1,2024-10-08 11:30:00-04:00,2024-10-08 15:55:00-04:00,41.3,41.15,-0.14999999999999858,1.0249999999999915,-0.14634146341463397,-16.999999999999858,time,2.009999999999998
2024-10-09,1,2024-10-09 10:10:00-04:00,2024-10-09 10:40:00-04:00,43.059999999999995,42.245,-0.8149999999999977,0.8049999999999997,-1.0124223602484448,-83.49999999999977,stop,1.4499999999999957
2024-10-11,1,2024-10-11 11:10:00-04:00,2024-10-11 12:00:00-04:00,44.83,45.705,0.875,0.875,1.0,85.5,target,1.490000000000002
2024-10-14,1,2024-10-14 11:05:00-04:00,2024-10-14 11:10:00-04:00,47.879999999999995,48.67499999999999,0.7949999999999946,0.7949999999999946,1.0,77.49999999999946,target,1.5499999999999972
2024-10-15,-1,2024-10-15 10:15:00-04:00,2024-10-15 10:30:00-04:00,48.77,48.08500000000001,0.6849999999999952,0.6849999999999952,1.0,66.49999999999952,target,1.2700000000000031
2024-10-17,-1,2024-10-17 10:05:00-04:00,2024-10-17 10:20:00-04:00,45.85,44.900000000000006,0.9499999999999957,0.9499999999999957,1.0,92.99999999999957,target,1.8200000000000003
2024-10-18,-1,2024-10-18 11:30:00-04:00,2024-10-18 14:00:00-04:00,43.9,43.27499999999999,0.6250000000000071,0.6250000000000071,1.0,60.50000000000071,target,1.2100000000000009
2024-10-21,-1,2024-10-21 10:05:00-04:00,2024-10-21 15:55:00-04:00,43.79,43.69,0.10000000000000142,1.2250000000000014,0.08163265306122555,8.000000000000142,time,1.9699999999999989
2024-10-22,-1,2024-10-22 11:30:00-04:00,2024-10-22 11:45:00-04:00,42.99,43.33,-0.3399999999999963,0.3299999999999983,-1.0303030303030245,-35.99999999999963,stop,0.6599999999999966
2024-10-23,-1,2024-10-23 10:10:00-04:00,2024-10-23 12:45:00-04:00,43.17,42.5,0.6700000000000017,0.6700000000000017,1.0,65.00000000000017,target,1.1399999999999935
2024-10-24,-1,2024-10-24 11:05:00-04:00,2024-10-24 12:05:00-04:00,42.2,41.575,0.625,0.625,1.0,60.5,target,1.009999999999998
2024-10-25,-1,2024-10-25 13:30:00-04:00,2024-10-25 15:50:00-04:00,41.42,40.855000000000004,0.5649999999999977,0.5649999999999977,1.0,54.49999999999977,target,0.9699999999999989
2024-10-28,1,2024-10-28 10:15:00-04:00,2024-10-28 12:05:00-04:00,43.16,42.215,-0.9449999999999932,0.9349999999999952,-1.0106951871657732,-96.49999999999932,stop,1.4500000000000028
2024-10-29,1,2024-10-29 10:05:00-04:00,2024-10-29 14:00:00-04:00,42.08,42.629999999999995,0.5499999999999972,0.5499999999999972,1.0,52.999999999999716,target,0.8799999999999955
2024-10-30,1,2024-10-30 10:05:00-04:00,2024-10-30 11:35:00-04:00,44.33,45.355,1.0249999999999986,1.0249999999999986,1.0,100.49999999999986,target,1.8100000000000023
2024-10-31,-1,2024-10-31 10:35:00-04:00,2024-10-31 11:05:00-04:00,43.830000000000005,42.86500000000001,0.9649999999999963,0.9649999999999963,1.0,94.49999999999963,target,0.990000000000002
2024-11-01,1,2024-11-01 11:25:00-04:00,2024-11-01 15:50:00-04:00,44.19,43.095,-1.0949999999999989,1.0850000000000009,-1.0092165898617493,-111.49999999999989,stop,2.1099999999999994
2024-11-04,1,2024-11-04 10:05:00-05:00,2024-11-04 14:30:00-05:00,44.309999999999995,43.64,-0.6699999999999946,0.644999999999996,-1.0387596899224787,-68.99999999999946,stop_gap,1.230000000000004
2024-11-05,1,2024-11-05 10:50:00-05:00,2024-11-05 15:55:00-05:00,45.6,45.61,0.00999999999999801,1.1400000000000006,0.008771929824559654,-1.000000000000199,time,2.260000000000005
2024-11-06,1,2024-11-06 11:10:00-05:00,2024-11-06 15:55:00-05:00,49.54,49.97,0.4299999999999997,0.9699999999999989,0.44329896907216515,40.99999999999997,time,1.7800000000000011
2024-11-07,-1,2024-11-07 15:50:00-05:00,2024-11-07 15:55:00-05:00,48.54,48.71,-0.1700000000000017,1.5899999999999963,-0.10691823899371201,-19.00000000000017,time,2.940000000000005
2024-11-08,-1,2024-11-08 10:45:00-05:00,2024-11-08 11:30:00-05:00,44.53,42.755,1.7749999999999986,1.7749999999999986,1.0,175.49999999999986,target,3.5900000000000034
2024-11-11,1,2024-11-11 10:15:00-05:00,2024-11-11 10:35:00-05:00,51.66,53.785,2.125,2.125,1.0,210.5,target,3.1100000000000065
2024-11-12,-1,2024-11-12 10:05:00-05:00,2024-11-12 11:35:00-05:00,54.96,56.525,-1.5649999999999977,1.5549999999999997,-1.0064308681672014,-158.49999999999977,stop,2.289999999999999
2024-11-13,-1,2024-11-13 10:05:00-05:00,2024-11-13 10:10:00-05:00,56.88,58.129999999999995,-1.249999999999993,1.2399999999999949,-1.0080645161290307,-126.99999999999929,stop,1.5799999999999983
2024-11-15,1,2024-11-15 10:20:00-05:00,2024-11-15 10:25:00-05:00,53.059999999999995,53.72999999999999,0.6699999999999946,0.6699999999999946,1.0,64.99999999999946,target,1.3799999999999955
2024-11-18,1,2024-11-18 10:25:00-05:00,2024-11-18 10:40:00-05:00,59.72,61.019999999999996,1.2999999999999972,1.2999999999999972,1.0,127.99999999999972,target,2.1400000000000006
2024-11-19,1,2024-11-19 10:20:00-05:00,2024-11-19 11:50:00-05:00,61.739999999999995,62.724999999999994,0.9849999999999994,0.9849999999999994,1.0,96.49999999999994,target,1.7299999999999969
2024-11-20,-1,2024-11-20 10:10:00-05:00,2024-11-20 10:30:00-05:00,62.79,63.72,-0.9299999999999997,0.9200000000000017,-1.0108695652173891,-94.99999999999997,stop,1.7000000000000028
2024-11-21,1,2024-11-21 10:20:00-05:00,2024-11-21 10:30:00-05:00,64.94000000000001,63.580000000000005,-1.3600000000000065,1.3500000000000085,-1.007407407407406,-138.00000000000065,stop,2.1200000000000045
2024-11-22,1,2024-11-22 10:45:00-05:00,2024-11-22 11:10:00-05:00,68.62,69.56500000000001,0.9450000000000074,0.9450000000000074,1.0,92.50000000000074,target,1.75
2024-11-25,1,2024-11-25 10:10:00-05:00,2024-11-25 10:20:00-05:00,68.93,69.93,1.0,1.0,1.0,98.0,target,1.8399999999999892
2024-11-26,1,2024-11-26 10:15:00-05:00,2024-11-26 10:20:00-05:00,69.5,68.335,-1.1650000000000063,1.1550000000000011,-1.008658008658013,-118.50000000000063,stop,1.6700000000000017
2024-11-27,1,2024-11-27 13:35:00-05:00,2024-11-27 15:55:00-05:00,68.29,68.33999999999999,0.04999999999998295,1.0550000000000068,0.04739336492889348,2.9999999999982947,time,1.8100000000000023
2024-12-02,-1,2024-12-02 10:35:00-05:00,2024-12-02 11:30:00-05:00,69.19999999999999,67.59999999999998,1.6000000000000085,1.6000000000000085,1.0,158.00000000000085,target,2.5999999999999943
2024-12-03,1,2024-12-03 10:05:00-05:00,2024-12-03 15:55:00-05:00,71.51,70.72999999999999,-0.7800000000000153,2.3400000000000034,-0.3333333333333394,-80.00000000000153,time,3.680000000000007
2024-12-04,1,2024-12-04 10:10:00-05:00,2024-12-04 11:15:00-05:00,71.71000000000001,70.58999999999999,-1.1200000000000188,1.1100000000000136,-1.0090090090090136,-114.00000000000188,stop,1.5
2024-12-05,-1,2024-12-05 10:20:00-05:00,2024-12-05 15:55:00-05:00,69.99,68.47999999999999,1.5100000000000051,1.5100000000000051,1.0,149.0000000000005,target,2.6399999999999864
2024-12-06,1,2024-12-06 10:10:00-05:00,2024-12-06 10:45:00-05:00,70.67,71.91,1.2399999999999949,1.2399999999999949,1.0,121.99999999999949,target,1.8399999999999892
2024-12-09,-1,2024-12-09 10:25:00-05:00,2024-12-09 10:35:00-05:00,69.03999999999999,67.15999999999998,1.8800000000000097,1.8800000000000097,1.0,186.00000000000097,target,2.680000000000007
2024-12-10,-1,2024-12-10 11:10:00-05:00,2024-12-10 11:40:00-05:00,68.05999999999999,67.02499999999998,1.0350000000000108,1.0350000000000108,1.0,101.50000000000108,target,2.1099999999999994
2024-12-11,1,2024-12-11 11:50:00-05:00,2024-12-11 12:20:00-05:00,69.24000000000001,70.37000000000002,1.1300000000000097,1.1300000000000097,1.0,111.00000000000097,target,1.6800000000000068
2024-12-12,-1,2024-12-12 10:15:00-05:00,2024-12-12 14:20:00-05:00,69.17,67.855,1.3149999999999977,1.3149999999999977,1.0,129.49999999999977,target,2.2299999999999898
2024-12-13,-1,2024-12-13 10:45:00-05:00,2024-12-13 12:15:00-05:00,68.41,70.76,-2.3500000000000085,2.3400000000000034,-1.0042735042735065,-237.00000000000085,stop,3.3799999999999955
2024-12-16,-1,2024-12-16 10:15:00-05:00,2024-12-16 10:25:00-05:00,69.69,70.83,-1.1400000000000006,1.1299999999999955,-1.0088495575221283,-116.00000000000006,stop,1.9599999999999937
2024-12-17,1,2024-12-17 12:30:00-05:00,2024-12-17 15:55:00-05:00,70.53,70.89,0.35999999999999943,1.9650000000000034,0.1832061068702284,33.99999999999994,time,3.789999999999992
2024-12-18,-1,2024-12-18 10:15:00-05:00,2024-12-18 11:20:00-05:00,70.72999999999999,69.60499999999999,1.125,1.125,1.0,110.5,target,2.3299999999999983
2024-12-19,-1,2024-12-19 10:05:00-05:00,2024-12-19 15:55:00-05:00,63.97,63.01,0.9600000000000009,2.0450000000000017,0.46943765281173594,94.00000000000009,time,2.6699999999999875
2024-12-20,1,2024-12-20 10:15:00-05:00,2024-12-20 15:55:00-05:00,65.04,65.63,0.5899999999999892,1.8850000000000051,0.3129973474800995,56.99999999999892,time,2.509999999999998
2024-12-23,-1,2024-12-23 10:10:00-05:00,2024-12-23 11:25:00-05:00,63.080000000000005,64.495,-1.4149999999999991,1.404999999999994,-1.0071174377224237,-143.49999999999991,stop,2.1699999999999946
2024-12-26,1,2024-12-26 11:50:00-05:00,2024-12-26 12:45:00-05:00,67.32000000000001,66.19,-1.1300000000000097,1.1200000000000045,-1.008928571428576,-115.00000000000097,stop,2.1599999999999966
2024-12-27,-1,2024-12-27 10:05:00-05:00,2024-12-27 10:30:00-05:00,64.94999999999999,63.99999999999997,0.950000000000017,0.950000000000017,1.0,93.0000000000017,target,1.2000000000000028
2024-12-30,-1,2024-12-30 10:10:00-05:00,2024-12-30 11:30:00-05:00,62.42,63.279999999999994,-0.8599999999999923,0.8499999999999943,-1.0117647058823507,-87.99999999999923,stop,1.5200000000000031
2025-01-02,1,2025-01-02 10:05:00-05:00,2025-01-02 10:45:00-05:00,63.69,62.175000000000004,-1.5149999999999935,1.5049999999999955,-1.006644518272424,-153.49999999999935,stop,2.6700000000000017
2025-01-03,1,2025-01-03 10:10:00-05:00,2025-01-03 10:40:00-05:00,64.35000000000001,65.48000000000002,1.1300000000000097,1.1300000000000097,1.0,111.00000000000097,target,1.8000000000000043
2025-01-06,-1,2025-01-06 10:20:00-05:00,2025-01-06 14:05:00-05:00,65.97,64.76499999999999,1.2050000000000125,1.2050000000000125,1.0,118.50000000000125,target,2.049999999999997
2025-01-07,-1,2025-01-07 10:05:00-05:00,2025-01-07 15:05:00-05:00,63.190000000000005,61.390000000000015,1.79999999999999,1.79999999999999,1.0,177.999999999999,target,2.6799999999999997
2025-01-08,-1,2025-01-08 10:15:00-05:00,2025-01-08 15:55:00-05:00,59.56,58.669999999999995,0.8900000000000077,1.2999999999999972,0.6846153846153921,87.00000000000077,time,2.3799999999999955
2025-01-10,-1,2025-01-10 10:05:00-05:00,2025-01-10 15:55:00-05:00,55.300000000000004,55.3,7.105427357601002e-15,1.5949999999999918,4.454813390345479e-15,-1.9999999999992895,time,1.990000000000002
2025-01-13,-1,2025-01-13 11:00:00-05:00,2025-01-13 12:15:00-05:00,52.92,53.76,-0.8399999999999963,0.8299999999999983,-1.012048192771082,-85.99999999999963,stop,1.2999999999999972
2025-01-14,-1,2025-01-14 15:05:00-05:00,2025-01-14 15:55:00-05:00,54.74,55.41,-0.6699999999999946,1.4199999999999946,-0.47183098591549094,-68.99999999999946,time,1.8399999999999963
2025-01-15,-1,2025-01-15 11:00:00-05:00,2025-01-15 15:55:00-05:00,58.49,58.22,0.2700000000000031,1.5,0.18000000000000208,25.000000000000313,time,2.5600000000000023
2025-01-16,-1,2025-01-16 10:40:00-05:00,2025-01-16 13:30:00-05:00,58.71,57.895,0.8149999999999977,0.8149999999999977,1.0,79.49999999999977,target,1.6700000000000017
2025-01-17,-1,2025-01-17 10:25:00-05:00,2025-01-17 10:40:00-05:00,58.35,58.815,-0.4649999999999963,0.4549999999999983,-1.0219780219780177,-48.49999999999963,stop,0.9500000000000028
2025-01-21,-1,2025-01-21 10:05:00-05:00,2025-01-21 10:25:00-05:00,56.43,57.335,-0.9050000000000011,0.8950000000000031,-1.0111731843575396,-92.50000000000011,stop,1.5500000000000043
2025-01-22,-1,2025-01-22 10:35:00-05:00,2025-01-22 10:55:00-05:00,55.97,55.474999999999994,0.49500000000000455,0.49500000000000455,1.0,47.500000000000455,target,0.9299999999999997
2025-01-23,1,2025-01-23 10:30:00-05:00,2025-01-23 15:55:00-05:00,56.15,56.7,0.5500000000000043,0.7349999999999994,0.7482993197278975,53.000000000000426,time,1.1700000000000017
2025-01-24,-1,2025-01-24 10:05:00-05:00,2025-01-24 11:55:00-05:00,57.17,55.77,1.3999999999999986,1.3999999999999986,1.0,137.99999999999986,target,1.7399999999999949
2025-01-27,1,2025-01-27 10:05:00-05:00,2025-01-27 15:55:00-05:00,54.559999999999995,55.1,0.5400000000000063,1.2849999999999895,0.4202334630350278,52.000000000000625,time,2.289999999999999
2025-01-28,1,2025-01-28 12:15:00-05:00,2025-01-28 15:40:00-05:00,56.75,57.905,1.1550000000000011,1.1550000000000011,1.0,113.50000000000011,target,1.9299999999999997
2025-01-29,1,2025-01-29 11:25:00-05:00,2025-01-29 15:55:00-05:00,58.47,58.940000000000005,0.47000000000000597,1.3699999999999974,0.34306569343066196,45.0000000000006,time,1.7800000000000011
2025-01-30,1,2025-01-30 14:00:00-05:00,2025-01-30 15:55:00-05:00,61.96,62.13,0.1700000000000017,1.3500000000000014,0.12592592592592705,15.00000000000017,time,2.5799999999999983
2025-01-31,-1,2025-01-31 10:10:00-05:00,2025-01-31 10:25:00-05:00,62.11,62.595,-0.48499999999999943,0.4750000000000014,-1.0210526315789432,-50.49999999999994,stop,1.0100000000000051
2025-02-03,1,2025-02-03 10:25:00-05:00,2025-02-03 15:55:00-05:00,59.82,59.830000000000005,0.010000000000005116,1.8399999999999963,0.005434782608698443,-0.9999999999994884,time,2.440000000000005
2025-02-05,1,2025-02-05 10:15:00-05:00,2025-02-05 15:55:00-05:00,61.949999999999996,62.85,0.9000000000000057,1.4450000000000003,0.6228373702422183,88.00000000000057,time,1.3699999999999974
2025-02-06,-1,2025-02-06 11:35:00-05:00,2025-02-06 14:30:00-05:00,61.940000000000005,61.20000000000001,0.7399999999999949,0.7399999999999949,1.0,71.99999999999949,target,1.3599999999999994
2025-02-10,1,2025-02-10 10:10:00-05:00,2025-02-10 10:20:00-05:00,76.41000000000001,78.37000000000002,1.960000000000008,1.960000000000008,1.0,194.0000000000008,target,3.039999999999992
2025-02-11,1,2025-02-11 10:45:00-05:00,2025-02-11 15:55:00-05:00,78.01,77.99,-0.020000000000010232,1.2399999999999949,-0.016129032258072835,-4.000000000001023,time,1.980000000000004
2025-02-12,-1,2025-02-12 10:05:00-05:00,2025-02-12 10:35:00-05:00,75.35,76.26,-0.9100000000000108,0.9000000000000057,-1.0111111111111166,-93.00000000000108,stop,1.5
2025-02-13,1,2025-02-13 10:40:00-05:00,2025-02-13 15:55:00-05:00,78.17,79.28999999999999,1.1199999999999903,1.6499999999999915,0.6787878787878764,109.99999999999903,time,2.4599999999999937
2025-02-14,1,2025-02-14 14:15:00-05:00,2025-02-14 15:55:00-05:00,80.13000000000001,80.69,0.5599999999999881,1.1250000000000142,0.4977777777777609,53.999999999998806,time,1.8900000000000006
2025-02-18,1,2025-02-18 10:45:00-05:00,2025-02-18 12:55:00-05:00,81.82000000000001,80.7,-1.1200000000000045,1.1099999999999994,-1.0090090090090136,-114.00000000000045,stop,1.8399999999999892
2025-02-19,-1,2025-02-19 10:10:00-05:00,2025-02-19 15:55:00-05:00,77.49,76.38000000000001,1.1099999999999852,1.690000000000012,0.6568047337277972,108.99999999999852,time,3.0799999999999983
2025-02-20,-1,2025-02-20 10:40:00-05:00,2025-02-20 15:55:00-05:00,73.53999999999999,74.60000000000001,-1.0600000000000165,2.0049999999999955,-0.5286783042394109,-108.00000000000165,time,3.950000000000003
2025-02-21,-1,2025-02-21 10:20:00-05:00,2025-02-21 10:35:00-05:00,73.21,71.93499999999999,1.2750000000000057,1.2750000000000057,1.0,125.50000000000057,target,2.3100000000000023
2025-02-24,-1,2025-02-24 10:05:00-05:00,2025-02-24 13:00:00-05:00,63.92,66.81500000000001,-2.8950000000000102,2.885000000000005,-1.0034662045060676,-291.500000000001,stop,4.790000000000006
2025-02-25,-1,2025-02-25 10:05:00-05:00,2025-02-25 10:30:00-05:00,63.43,61.685,1.7449999999999974,1.7449999999999974,1.0,172.49999999999974,target,2.530000000000001
2025-02-26,-1,2025-02-26 14:10:00-05:00,2025-02-26 15:55:00-05:00,63.99,64.55000000000001,-0.5600000000000094,1.2949999999999946,-0.4324324324324415,-58.00000000000094,time,2.530000000000001
2025-02-27,-1,2025-02-27 14:30:00-05:00,2025-02-27 15:55:00-05:00,63.28,61.66,1.6200000000000045,1.6850000000000023,0.9614243323442151,160.00000000000045,time,3.229999999999997
2025-02-28,1,2025-02-28 10:15:00-05:00,2025-02-28 15:55:00-05:00,63.04,64.17,1.1300000000000026,1.6600000000000037,0.6807228915662651,111.00000000000026,time,2.240000000000002
2025-03-03,-1,2025-03-03 13:15:00-05:00,2025-03-03 14:55:00-05:00,64.39,63.02000000000001,1.3699999999999903,1.3699999999999903,1.0,134.99999999999903,target,2.480000000000004
2025-03-04,-1,2025-03-04 10:10:00-05:00,2025-03-04 11:25:00-05:00,57.03,55.325,1.7049999999999983,1.7049999999999983,1.0,168.49999999999983,target,1.9299999999999997
2025-03-05,1,2025-03-05 14:00:00-05:00,2025-03-05 15:55:00-05:00,58.57,58.63,0.060000000000002274,1.3599999999999994,0.04411764705882522,4.000000000000227,time,2.700000000000003
2025-03-06,1,2025-03-06 10:05:00-05:00,2025-03-06 10:15:00-05:00,57.629999999999995,58.35999999999999,0.7299999999999969,0.7299999999999969,1.0,70.99999999999969,target,1.2999999999999972
2025-03-07,-1,2025-03-07 10:20:00-05:00,2025-03-07 10:30:00-05:00,51.080000000000005,49.82500000000001,1.2549999999999955,1.2549999999999955,1.0,123.49999999999955,target,1.8100000000000023
2025-03-10,-1,2025-03-10 10:05:00-04:00,2025-03-10 10:50:00-04:00,47.480000000000004,46.16000000000001,1.3199999999999932,1.3199999999999932,1.0,129.99999999999932,target,1.9600000000000009
2025-03-11,-1,2025-03-11 10:05:00-04:00,2025-03-11 11:10:00-04:00,45.65,46.75,-1.1000000000000014,1.0900000000000034,-1.0091743119266037,-112.00000000000014,stop,1.6400000000000006
2025-03-12,-1,2025-03-12 10:05:00-04:00,2025-03-12 10:45:00-04:00,48.690000000000005,47.540000000000006,1.1499999999999986,1.1499999999999986,1.0,112.99999999999986,target,1.8000000000000043
2025-03-13,-1,2025-03-13 10:05:00-04:00,2025-03-13 10:15:00-04:00,47.4,48.089999999999996,-0.6899999999999977,0.6799999999999997,-1.0147058823529382,-70.99999999999977,stop,1.2000000000000028
2025-03-14,1,2025-03-14 10:50:00-04:00,2025-03-14 11:05:00-04:00,49.559999999999995,50.239999999999995,0.6799999999999997,0.6799999999999997,1.0,65.99999999999997,target,1.1199999999999974
2025-03-17,-1,2025-03-17 10:10:00-04:00,2025-03-17 11:20:00-04:00,42.43,44.8,-2.3699999999999974,2.3599999999999994,-1.0042372881355923,-238.99999999999974,stop,4.0
2025-03-18,-1,2025-03-18 11:00:00-04:00,2025-03-18 15:55:00-04:00,44.330000000000005,43.739999999999995,0.5900000000000105,1.4499999999999957,0.4068965517241464,57.00000000000105,time,2.539999999999999
2025-03-19,1,2025-03-19 10:05:00-04:00,2025-03-19 15:00:00-04:00,46.64,47.965,1.3250000000000028,1.3250000000000028,1.0,130.50000000000028,target,1.9699999999999989
2025-03-20,1,2025-03-20 10:05:00-04:00,2025-03-20 12:55:00-04:00,49.16,47.74,-1.4199999999999946,1.4099999999999966,-1.0070921985815589,-143.99999999999946,stop,1.8799999999999955
2025-03-21,1,2025-03-21 10:25:00-04:00,2025-03-21 15:55:00-04:00,48.94,49.9,0.9600000000000009,1.4399999999999977,0.6666666666666683,94.00000000000009,time,1.9599999999999937
2025-03-25,-1,2025-03-25 12:00:00-04:00,2025-03-25 15:10:00-04:00,51.47,50.44,1.0300000000000011,1.0300000000000011,1.0,101.00000000000011,target,1.9599999999999937
2025-03-26,-1,2025-03-26 11:10:00-04:00,2025-03-26 15:55:00-04:00,48.940000000000005,48.33,0.6100000000000065,0.9949999999999974,0.6130653266331739,59.000000000000654,time,1.8299999999999983
2025-03-27,1,2025-03-27 11:05:00-04:00,2025-03-27 12:55:00-04:00,47.89,46.830000000000005,-1.0599999999999952,1.0499999999999972,-1.0095238095238077,-107.99999999999952,stop,2.0800000000000054
2025-03-28,-1,2025-03-28 10:10:00-04:00,2025-03-28 12:15:00-04:00,46.11,45.325,0.7849999999999966,0.7849999999999966,1.0,76.49999999999966,target,0.6699999999999946
2025-03-31,1,2025-03-31 11:00:00-04:00,2025-03-31 15:55:00-04:00,44.66,45.190000000000005,0.5300000000000082,1.1599999999999966,0.4568965517241464,51.000000000000824,time,2.200000000000003
2025-04-01,1,2025-04-01 11:05:00-04:00,2025-04-01 12:15:00-04:00,45.75,46.599999999999994,0.8499999999999943,0.8499999999999943,1.0,82.99999999999943,target,1.6000000000000014
2025-04-02,1,2025-04-02 10:05:00-04:00,2025-04-02 13:10:00-04:00,47.15,48.705,1.5549999999999997,1.5549999999999997,1.0,153.49999999999997,target,2.789999999999999
2025-04-03,-1,2025-04-03 10:15:00-04:00,2025-04-03 10:45:00-04:00,41.2,39.655,1.5450000000000017,1.5450000000000017,1.0,152.50000000000017,target,2.1499999999999986
2025-04-04,-1,2025-04-04 10:10:00-04:00,2025-04-04 10:35:00-04:00,33.510000000000005,31.985000000000014,1.5249999999999915,1.5249999999999915,1.0,150.49999999999915,target,2.270000000000003
2025-04-07,1,2025-04-07 10:15:00-04:00,2025-04-07 15:55:00-04:00,38.239999999999995,37.56,-0.6799999999999926,4.3899999999999935,-0.15489749430523772,-69.99999999999926,time,3.0600000000000023
2025-04-08,1,2025-04-08 10:05:00-04:00,2025-04-08 10:05:00-04:00,40.82,40.23500000000001,-0.5849999999999937,0.5749999999999957,-1.0173913043478227,-60.499999999999375,stop,1.0899999999999963
2025-04-09,-1,2025-04-09 11:00:00-04:00,2025-04-09 13:00:00-04:00,36.580000000000005,37.66,-1.0799999999999912,1.0699999999999932,-1.0093457943925215,-109.99999999999912,stop,2.019999999999996
2025-04-10,-1,2025-04-10 10:15:00-04:00,2025-04-10 12:05:00-04:00,40.870000000000005,39.81000000000001,1.0599999999999952,1.0599999999999952,1.0,103.99999999999952,target,1.5999999999999943
2025-04-11,-1,2025-04-11 10:20:00-04:00,2025-04-11 15:00:00-04:00,39.27,40.279999999999994,-1.009999999999991,0.9999999999999929,-1.009999999999998,-102.99999999999909,stop,1.3399999999999963
2025-04-14,-1,2025-04-14 11:30:00-04:00,2025-04-14 15:55:00-04:00,40.760000000000005,40.809999999999995,-0.04999999999999005,1.0249999999999915,-0.04878048780486875,-6.999999999999005,time,1.7899999999999991
2025-04-15,1,2025-04-15 10:10:00-04:00,2025-04-15 10:20:00-04:00,41.919999999999995,41.080000000000005,-0.8399999999999892,0.8299999999999912,-1.012048192771082,-85.99999999999892,stop,1.1399999999999935
2025-04-16,-1,2025-04-16 13:50:00-04:00,2025-04-16 15:50:00-04:00,39.68,40.525,-0.8449999999999989,0.8350000000000009,-1.0119760479041893,-86.49999999999989,stop,1.1299999999999955
2025-04-17,1,2025-04-17 12:20:00-04:00,2025-04-17 15:55:00-04:00,42.07,42.09,0.020000000000003126,0.7299999999999969,0.027397260273977004,3.126388037344441e-13,time,1.3800000000000026
2025-04-21,-1,2025-04-21 10:15:00-04:00,2025-04-21 11:50:00-04:00,40.260000000000005,39.45000000000001,0.8099999999999952,0.8099999999999952,1.0,78.99999999999952,target,1.480000000000004
2025-04-22,1,2025-04-22 10:15:00-04:00,2025-04-22 11:05:00-04:00,42.449999999999996,42.89999999999999,0.44999999999999574,0.44999999999999574,1.0,42.999999999999574,target,0.8400000000000034
2025-04-23,-1,2025-04-23 12:20:00-04:00,2025-04-23 15:55:00-04:00,46.64,46.85,-0.21000000000000085,1.144999999999996,-0.18340611353711928,-23.000000000000085,time,2.25
2025-04-24,1,2025-04-24 10:25:00-04:00,2025-04-24 11:10:00-04:00,48.339999999999996,48.92499999999999,0.5849999999999937,0.5849999999999937,1.0,56.499999999999375,target,1.0300000000000011
2025-04-25,1,2025-04-25 10:05:00-04:00,2025-04-25 10:05:00-04:00,48.839999999999996,49.474999999999994,0.634999999999998,0.634999999999998,1.0,61.4999999999998,target,0.8900000000000006
2025-04-28,-1,2025-04-28 11:10:00-04:00,2025-04-28 11:25:00-04:00,48.86,48.18,0.6799999999999997,0.6799999999999997,1.0,65.99999999999997,target,1.2199999999999989
2025-04-29,-1,2025-04-29 13:00:00-04:00,2025-04-29 15:55:00-04:00,49.99,50.39,-0.3999999999999986,1.5549999999999997,-0.25723472668810204,-41.99999999999986,time,2.8900000000000006
2025-04-30,1,2025-04-30 11:05:00-04:00,2025-04-30 15:45:00-04:00,48.44,49.574999999999996,1.134999999999998,1.134999999999998,1.0,111.4999999999998,target,1.6500000000000057
2025-05-01,1,2025-05-01 12:45:00-04:00,2025-05-01 13:35:00-04:00,52.059999999999995,51.205000000000005,-0.8549999999999898,0.8449999999999918,-1.011834319526625,-87.49999999999898,stop,1.6100000000000065
2025-05-02,1,2025-05-02 12:35:00-04:00,2025-05-02 15:55:00-04:00,52.25,52.300000000000004,0.05000000000000426,0.8500000000000014,0.058823529411769625,3.0000000000004263,time,1.5
2025-05-05,1,2025-05-05 13:05:00-04:00,2025-05-05 15:20:00-04:00,52.97,52.15,-0.8200000000000003,0.8100000000000023,-1.0123456790123433,-84.00000000000003,stop,1.5800000000000054
2025-05-07,1,2025-05-07 10:05:00-04:00,2025-05-07 15:55:00-04:00,51.55,51.550000000000004,7.105427357601002e-15,0.8149999999999977,8.718315776197572e-15,-1.9999999999992895,time,1.4299999999999997
2025-05-08,1,2025-05-08 10:35:00-04:00,2025-05-08 11:40:00-04:00,54.65,55.42,0.7700000000000031,0.7700000000000031,1.0,75.00000000000031,target,1.1600000000000037
2025-05-09,-1,2025-05-09 10:25:00-04:00,2025-05-09 11:25:00-04:00,48.34,46.7,1.6400000000000006,1.6400000000000006,1.0,162.00000000000006,target,2.440000000000005
2025-05-12,1,2025-05-12 10:05:00-04:00,2025-05-12 10:30:00-04:00,51.669999999999995,50.34,-1.3299999999999912,1.3199999999999932,-1.007575757575756,-134.99999999999912,stop,1.5
2025-05-13,1,2025-05-13 11:20:00-04:00,2025-05-13 11:30:00-04:00,54.169999999999995,55.07499999999999,0.904999999999994,0.904999999999994,1.0,88.4999999999994,target,1.3299999999999983
2025-05-14,1,2025-05-14 10:50:00-04:00,2025-05-14 12:35:00-04:00,56.91,58.09499999999999,1.1849999999999952,1.1849999999999952,1.0,116.49999999999952,target,2.230000000000004
2025-05-15,-1,2025-05-15 10:15:00-04:00,2025-05-15 15:55:00-04:00,53.06,51.75,1.3100000000000023,1.4799999999999969,0.8851351351351385,129.00000000000023,time,2.6400000000000006
2025-05-16,1,2025-05-16 11:35:00-04:00,2025-05-16 15:55:00-04:00,52.769999999999996,52.56,-0.20999999999999375,0.769999999999996,-0.272727272727266,-22.999999999999375,time,1.2000000000000028
2025-05-19,1,2025-05-19 10:05:00-04:00,2025-05-19 15:55:00-04:00,51.26,51.7,0.44000000000000483,0.8200000000000003,0.5365853658536642,42.00000000000048,time,1.2800000000000011
2025-05-20,-1,2025-05-20 11:10:00-04:00,2025-05-20 14:25:00-04:00,50.690000000000005,50.08500000000001,0.6049999999999969,0.6049999999999969,1.0,58.49999999999969,target,0.9099999999999966
2025-05-21,1,2025-05-21 11:10:00-04:00,2025-05-21 13:10:00-04:00,49.29,48.855,-0.4350000000000023,0.42500000000000426,-1.023529411764701,-45.50000000000023,stop,0.7899999999999991
2025-05-22,1,2025-05-22 11:05:00-04:00,2025-05-22 15:20:00-04:00,48.47,49.285,0.8149999999999977,0.8149999999999977,1.0,79.49999999999977,target,1.5300000000000011
2025-05-23,1,2025-05-23 10:05:00-04:00,2025-05-23 11:25:00-04:00,48.04,48.80499999999999,0.7649999999999935,0.7649999999999935,1.0,74.49999999999935,target,1.1499999999999986
2025-05-27,1,2025-05-27 12:40:00-04:00,2025-05-27 15:55:00-04:00,51.379999999999995,51.190000000000005,-0.18999999999999062,0.9299999999999926,-0.20430107526880875,-20.999999999999062,time,1.3000000000000043
2025-05-28,-1,2025-05-28 10:15:00-04:00,2025-05-28 13:15:00-04:00,50.260000000000005,50.93,-0.6699999999999946,0.6599999999999966,-1.0151515151515123,-68.99999999999946,stop,1.1000000000000014
2025-05-29,1,2025-05-29 10:05:00-04:00,2025-05-29 10:40:00-04:00,53.15,52.14000000000001,-1.009999999999991,0.9999999999999929,-1.009999999999998,-102.99999999999909,stop,1.6000000000000014
2025-05-30,-1,2025-05-30 12:55:00-04:00,2025-05-30 13:20:00-04:00,50.940000000000005,51.57,-0.6299999999999955,0.6149999999999949,-1.0243902439024402,-64.99999999999955,stop_gap,1.2099999999999937
2025-06-02,1,2025-06-02 12:20:00-04:00,2025-06-02 15:55:00-04:00,52.69,52.9,0.21000000000000085,0.9949999999999974,0.21105527638191093,19.000000000000085,time,1.8100000000000023
2025-06-03,1,2025-06-03 13:50:00-04:00,2025-06-03 15:55:00-04:00,54.64,54.940000000000005,0.30000000000000426,0.9249999999999972,0.32432432432432995,28.000000000000426,time,1.7299999999999969
2025-06-04,-1,2025-06-04 10:10:00-04:00,2025-06-04 12:25:00-04:00,54.42,53.99,0.4299999999999997,0.4299999999999997,1.0,40.99999999999997,target,0.7999999999999972
2025-06-05,1,2025-06-05 10:15:00-04:00,2025-06-05 10:20:00-04:00,55.44,55.94499999999999,0.5049999999999955,0.5049999999999955,1.0,48.499999999999545,target,0.9299999999999997
2025-06-06,1,2025-06-06 13:25:00-04:00,2025-06-06 15:05:00-04:00,58.86,59.614999999999995,0.7549999999999955,0.7549999999999955,1.0,73.49999999999955,target,1.470000000000006
2025-06-09,1,2025-06-09 14:20:00-04:00,2025-06-09 15:55:00-04:00,61.3,61.330000000000005,0.030000000000008242,1.144999999999996,0.026200873362452703,1.0000000000008242,time,2.230000000000004
2025-06-10,-1,2025-06-10 10:35:00-04:00,2025-06-10 11:30:00-04:00,60.95,60.28,0.6700000000000017,0.6700000000000017,1.0,65.00000000000017,target,1.1999999999999957
2025-06-11,1,2025-06-11 10:10:00-04:00,2025-06-11 14:00:00-04:00,64.31,62.71,-1.6000000000000014,1.5900000000000034,-1.0062893081760993,-162.00000000000014,stop,2.3400000000000034
2025-06-12,1,2025-06-12 11:05:00-04:00,2025-06-12 11:20:00-04:00,62.86,62.29,-0.5700000000000003,0.5600000000000023,-1.0178571428571392,-59.00000000000003,stop,1.0
2025-06-16,1,2025-06-16 10:20:00-04:00,2025-06-16 10:30:00-04:00,60.61,61.185,0.5750000000000028,0.5750000000000028,1.0,55.500000000000284,target,1.1100000000000065
2025-06-17,-1,2025-06-17 13:50:00-04:00,2025-06-17 15:55:00-04:00,59.72,59.879999999999995,-0.1599999999999966,0.8149999999999977,-0.19631901840490434,-17.99999999999966,time,1.3300000000000054
2025-06-18,1,2025-06-18 10:10:00-04:00,2025-06-18 11:55:00-04:00,61.54,62.285,0.7449999999999974,0.7449999999999974,1.0,72.49999999999974,target,1.4500000000000028
2025-06-20,-1,2025-06-20 10:55:00-04:00,2025-06-20 11:10:00-04:00,61.57,62.29,-0.7199999999999989,0.7100000000000009,-1.0140845070422506,-73.99999999999989,stop,1.2000000000000028
2025-06-23,1,2025-06-23 10:05:00-04:00,2025-06-23 12:25:00-04:00,62.239999999999995,60.99,-1.249999999999993,1.2399999999999949,-1.0080645161290307,-126.99999999999929,stop,2.239999999999995
2025-06-24,1,2025-06-24 10:55:00-04:00,2025-06-24 15:55:00-04:00,65.78,65.67,-0.10999999999999943,1.1949999999999932,-0.09205020920502097,-12.999999999999943,time,1.8299999999999983
2025-06-25,-1,2025-06-25 10:20:00-04:00,2025-06-25 11:00:00-04:00,65.11999999999999,65.79,-0.6700000000000159,0.6600000000000108,-1.0151515151515227,-69.00000000000159,stop,1.1599999999999966
2025-06-26,1,2025-06-26 11:00:00-04:00,2025-06-26 11:30:00-04:00,67.29,66.5,-0.7900000000000063,0.7800000000000011,-1.0128205128205194,-81.00000000000063,stop,1.5
2025-06-27,1,2025-06-27 10:05:00-04:00,2025-06-27 10:30:00-04:00,67.99000000000001,67.365,-0.6250000000000142,0.6150000000000091,-1.016260162601634,-64.50000000000142,stop,0.9900000000000091
2025-06-30,1,2025-06-30 10:05:00-04:00,2025-06-30 10:30:00-04:00,69.71000000000001,68.89999999999999,-0.8100000000000165,0.8000000000000114,-1.0125000000000062,-83.00000000000165,stop,1.4000000000000057
2025-07-01,-1,2025-07-01 10:50:00-04:00,2025-07-01 11:15:00-04:00,67.78999999999999,66.80499999999998,0.9850000000000136,0.9850000000000136,1.0,96.50000000000136,target,1.6499999999999915
2025-07-02,1,2025-07-02 10:40:00-04:00,2025-07-02 11:00:00-04:00,68.01,68.5,0.4899999999999949,0.4899999999999949,1.0,46.99999999999949,target,0.9599999999999937
2025-07-07,1,2025-07-07 10:05:00-04:00,2025-07-07 12:05:00-04:00,69.43,70.33500000000001,0.9050000000000011,0.9050000000000011,1.0,88.50000000000011,target,1.6700000000000017
2025-07-08,-1,2025-07-08 10:10:00-04:00,2025-07-08 10:50:00-04:00,70.89999999999999,69.57,1.3299999999999983,1.3299999999999983,1.0,130.99999999999983,target,1.7600000000000051
2025-07-09,1,2025-07-09 12:45:00-04:00,2025-07-09 15:55:00-04:00,69.44000000000001,69.03999999999999,-0.4000000000000199,0.8700000000000188,-0.45977011494254166,-42.00000000000199,time,1.6000000000000085
2025-07-10,-1,2025-07-10 10:05:00-04:00,2025-07-10 15:20:00-04:00,67.67999999999999,68.82000000000001,-1.1400000000000148,1.1300000000000097,-1.0088495575221283,-116.00000000000148,stop,1.1200000000000045
2025-07-11,1,2025-07-11 13:00:00-04:00,2025-07-11 14:20:00-04:00,69.53,68.635,-0.894999999999996,0.8849999999999909,-1.0112994350282545,-91.4999999999996,stop,1.5499999999999972
2025-07-15,1,2025-07-15 10:05:00-04:00,2025-07-15 12:30:00-04:00,65.32000000000001,66.35500000000002,1.0350000000000108,1.0350000000000108,1.0,101.50000000000108,target,1.7700000000000031
2025-07-16,-1,2025-07-16 11:40:00-04:00,2025-07-16 12:05:00-04:00,65.47999999999999,66.72000000000001,-1.2400000000000233,1.2300000000000182,-1.008130081300817,-126.00000000000233,stop,1.980000000000004
2025-07-17,-1,2025-07-17 10:25:00-04:00,2025-07-17 11:55:00-04:00,67.58999999999999,68.58500000000001,-0.9950000000000188,0.9850000000000136,-1.0101522842639645,-101.50000000000188,stop,1.3499999999999943
2025-07-18,-1,2025-07-18 10:05:00-04:00,2025-07-18 10:15:00-04:00,68.42999999999999,67.24999999999999,1.1800000000000068,1.1800000000000068,1.0,116.00000000000068,target,1.5800000000000125
2025-07-21,-1,2025-07-21 10:55:00-04:00,2025-07-21 14:10:00-04:00,69.05,67.905,1.144999999999996,1.144999999999996,1.0,112.4999999999996,target,1.970000000000013
2025-07-23,1,2025-07-23 15:10:00-04:00,2025-07-23 15:55:00-04:00,66.05000000000001,65.58999999999999,-0.46000000000002217,1.0200000000000102,-0.45098039215687996,-48.00000000000222,time,1.9799999999999898
2025-07-24,1,2025-07-24 11:50:00-04:00,2025-07-24 12:50:00-04:00,66.82000000000001,66.015,-0.8050000000000068,0.7950000000000017,-1.0125786163522077,-82.50000000000068,stop,1.3299999999999983
2025-07-25,1,2025-07-25 10:50:00-04:00,2025-07-25 15:55:00-04:00,67.0,67.08,0.0799999999999983,0.7199999999999989,0.11111111111110891,5.9999999999998295,time,1.0600000000000023
2025-07-28,-1,2025-07-28 11:25:00-04:00,2025-07-28 12:00:00-04:00,67.33999999999999,67.885,-0.5450000000000159,0.5350000000000108,-1.0186915887850558,-56.50000000000159,stop,1.009999999999991
2025-07-29,-1,2025-07-29 10:55:00-04:00,2025-07-29 11:25:00-04:00,67.72999999999999,66.69999999999999,1.0300000000000011,1.0300000000000011,1.0,101.00000000000011,target,1.6799999999999926
2025-07-30,1,2025-07-30 10:40:00-04:00,2025-07-30 11:10:00-04:00,68.75,68.27999999999999,-0.4700000000000131,0.46000000000000796,-1.0217391304347934,-49.00000000000131,stop,0.8200000000000074
2025-07-31,1,2025-07-31 10:05:00-04:00,2025-07-31 10:20:00-04:00,69.15,68.05499999999999,-1.095000000000013,1.085000000000008,-1.0092165898617558,-111.50000000000131,stop,1.730000000000004
2025-08-01,1,2025-08-01 10:35:00-04:00,2025-08-01 12:00:00-04:00,65.7,67.095,1.394999999999996,1.394999999999996,1.0,137.4999999999996,target,2.5700000000000003
2025-08-04,1,2025-08-04 10:10:00-04:00,2025-08-04 11:10:00-04:00,69.78,71.065,1.2849999999999966,1.2849999999999966,1.0,126.49999999999966,target,1.7900000000000063
2025-08-05,-1,2025-08-05 10:05:00-04:00,2025-08-05 10:35:00-04:00,73.25999999999999,72.10499999999999,1.1550000000000011,1.1550000000000011,1.0,113.50000000000011,target,1.4299999999999926
2025-08-06,1,2025-08-06 10:05:00-04:00,2025-08-06 10:20:00-04:00,76.23,75.205,-1.0250000000000057,1.0150000000000006,-1.0098522167487736,-104.50000000000057,stop,1.8299999999999983
2025-08-07,-1,2025-08-07 10:45:00-04:00,2025-08-07 15:30:00-04:00,77.47,78.73,-1.2600000000000051,1.25,-1.008000000000004,-128.0000000000005,stop,1.9399999999999977
2025-08-08,-1,2025-08-08 10:05:00-04:00,2025-08-08 13:15:00-04:00,75.52,73.52,2.0,2.0,1.0,198.0,target,3.719999999999999
2025-08-11,1,2025-08-11 10:05:00-04:00,2025-08-11 15:55:00-04:00,73.72,73.0,-0.7199999999999989,2.125,-0.3388235294117642,-73.99999999999989,time,3.5900000000000034
2025-08-13,-1,2025-08-13 10:50:00-04:00,2025-08-13 12:55:00-04:00,77.47999999999999,78.205,-0.7250000000000085,0.7150000000000034,-1.013986013986021,-74.50000000000085,stop,1.1700000000000017
2025-08-14,-1,2025-08-14 11:40:00-04:00,2025-08-14 14:40:00-04:00,75.39,76.495,-1.105000000000004,1.0949999999999989,-1.009132420091329,-112.5000000000004,stop,1.8499999999999943
2025-08-15,1,2025-08-15 12:55:00-04:00,2025-08-15 14:30:00-04:00,77.56,78.23500000000001,0.6750000000000114,0.6750000000000114,1.0,65.50000000000114,target,1.269999999999996
2025-08-19,-1,2025-08-19 13:10:00-04:00,2025-08-19 15:55:00-04:00,74.22,73.9,0.3199999999999932,1.5250000000000057,0.20983606557376525,29.999999999999318,time,2.950000000000003
2025-08-21,1,2025-08-21 10:10:00-04:00,2025-08-21 15:55:00-04:00,74.07000000000001,74.47999999999999,0.4099999999999824,1.1950000000000074,0.34309623430960656,38.99999999999824,time,2.1899999999999977
2025-08-22,1,2025-08-22 10:05:00-04:00,2025-08-22 10:35:00-04:00,77.5,80.015,2.5150000000000006,2.5150000000000006,1.0,249.50000000000006,target,1.6699999999999875
2025-08-27,-1,2025-08-27 10:55:00-04:00,2025-08-27 15:05:00-04:00,77.1,78.06000000000002,-0.9600000000000222,0.950000000000017,-1.0105263157894788,-98.00000000000222,stop,1.7999999999999972
2025-08-28,1,2025-08-28 12:45:00-04:00,2025-08-28 15:55:00-04:00,80.48,79.97,-0.5100000000000051,1.3100000000000023,-0.38931297709923984,-53.00000000000051,time,2.3400000000000034
2025-08-29,-1,2025-08-29 10:45:00-04:00,2025-08-29 15:10:00-04:00,91.39999999999999,86.82499999999999,4.575000000000003,4.575000000000003,1.0,455.5000000000003,target,8.049999999999997
2025-09-02,-1,2025-09-02 10:10:00-04:00,2025-09-02 10:30:00-04:00,82.49,84.45,-1.960000000000008,1.9500000000000028,-1.0051282051282078,-198.0000000000008,stop,3.5600000000000023
2025-09-03,-1,2025-09-03 11:15:00-04:00,2025-09-03 11:35:00-04:00,82.58999999999999,83.59500000000001,-1.0050000000000239,0.9950000000000188,-1.0100502512562863,-102.50000000000239,stop,1.809999999999988
2025-09-04,1,2025-09-04 11:30:00-04:00,2025-09-04 15:55:00-04:00,89.96000000000001,89.64,-0.3200000000000074,2.5100000000000193,-0.12749003984063942,-34.00000000000074,time,4.640000000000001
2025-09-05,-1,2025-09-05 10:20:00-04:00,2025-09-05 15:55:00-04:00,89.03999999999999,87.34,1.6999999999999886,2.765000000000015,0.6148282097649113,167.99999999999886,time,2.7900000000000063
2025-09-08,1,2025-09-08 10:10:00-04:00,2025-09-08 11:40:00-04:00,88.36,86.82000000000001,-1.539999999999992,1.529999999999987,-1.0065359477124216,-155.9999999999992,stop,2.1400000000000006
2025-09-09,1,2025-09-09 10:25:00-04:00,2025-09-09 15:45:00-04:00,86.85000000000001,88.07500000000002,1.2250000000000085,1.2250000000000085,1.0,120.50000000000085,target,2.1899999999999977
2025-09-10,-1,2025-09-10 10:05:00-04:00,2025-09-10 10:45:00-04:00,87.38,88.83,-1.4500000000000028,1.4399999999999977,-1.006944444444448,-147.00000000000028,stop,2.6400000000000006
2025-09-11,-1,2025-09-11 10:10:00-04:00,2025-09-11 15:55:00-04:00,82.42,81.4,1.019999999999996,1.7450000000000045,0.5845272206303687,99.9999999999996,time,3.030000000000001
2025-09-12,1,2025-09-12 11:40:00-04:00,2025-09-12 14:55:00-04:00,82.35000000000001,83.87500000000001,1.5250000000000057,1.5250000000000057,1.0,150.50000000000057,target,2.530000000000001
2025-09-15,1,2025-09-15 11:50:00-04:00,2025-09-15 13:25:00-04:00,86.73,88.065,1.3349999999999937,1.3349999999999937,1.0,131.49999999999937,target,2.5700000000000074
2025-09-16,1,2025-09-16 13:30:00-04:00,2025-09-16 15:55:00-04:00,89.48,89.96,0.47999999999998977,1.3200000000000074,0.3636363636363539,45.99999999999898,time,2.4399999999999977
2025-09-17,-1,2025-09-17 11:55:00-04:00,2025-09-17 14:00:00-04:00,88.53,89.56,-1.0300000000000011,1.019999999999996,-1.0098039215686325,-105.00000000000011,stop,1.5
2025-09-18,-1,2025-09-18 14:45:00-04:00,2025-09-18 15:55:00-04:00,89.58,89.92,-0.3400000000000034,1.2449999999999903,-0.2730923694779165,-36.00000000000034,time,2.3299999999999983
2025-09-19,1,2025-09-19 10:10:00-04:00,2025-09-19 10:15:00-04:00,90.85000000000001,91.71500000000002,0.8650000000000091,0.8650000000000091,1.0,84.50000000000091,target,1.4300000000000068
2025-09-22,-1,2025-09-22 10:05:00-04:00,2025-09-22 11:15:00-04:00,89.11999999999999,87.95999999999998,1.1600000000000108,1.1600000000000108,1.0,114.00000000000108,target,1.7199999999999989
2025-09-23,-1,2025-09-23 12:35:00-04:00,2025-09-23 13:40:00-04:00,86.67999999999999,84.98999999999998,1.690000000000012,1.690000000000012,1.0,167.0000000000012,target,2.9399999999999977
2025-09-24,-1,2025-09-24 10:35:00-04:00,2025-09-24 14:20:00-04:00,83.28,82.37,0.9099999999999966,0.9099999999999966,1.0,88.99999999999966,target,1.7800000000000011
2025-09-25,1,2025-09-25 10:15:00-04:00,2025-09-25 14:00:00-04:00,79.45,78.455,-0.9950000000000045,0.9849999999999994,-1.0101522842639645,-101.50000000000045,stop,1.8299999999999983
2025-09-26,-1,2025-09-26 10:30:00-04:00,2025-09-26 15:55:00-04:00,75.66,76.03,-0.37000000000000455,1.6650000000000063,-0.22222222222222413,-39.000000000000455,time,2.8499999999999943
2025-09-29,-1,2025-09-29 10:40:00-04:00,2025-09-29 13:00:00-04:00,74.46,76.075,-1.615000000000009,1.605000000000004,-1.0062305295950187,-163.5000000000009,stop,3.009999999999991
2025-09-30,-1,2025-09-30 10:05:00-04:00,2025-09-30 10:25:00-04:00,73.57,72.04999999999998,1.5200000000000102,1.5200000000000102,1.0,150.00000000000102,target,3.019999999999996
2025-10-01,1,2025-10-01 11:45:00-04:00,2025-10-01 15:35:00-04:00,76.08,74.69,-1.3900000000000006,1.3799999999999955,-1.007246376811598,-141.00000000000006,stop,2.5999999999999943
2025-10-02,1,2025-10-02 10:40:00-04:00,2025-10-02 13:40:00-04:00,75.77000000000001,76.87000000000002,1.1000000000000085,1.1000000000000085,1.0,108.00000000000085,target,2.039999999999992
2025-10-03,-1,2025-10-03 13:45:00-04:00,2025-10-03 15:55:00-04:00,75.19999999999999,74.83,0.36999999999999034,1.4150000000000205,0.2614840989399187,34.999999999999034,time,2.7900000000000063
2025-10-07,1,2025-10-07 10:10:00-04:00,2025-10-07 10:25:00-04:00,77.19000000000001,76.425,-0.7650000000000148,0.7550000000000097,-1.0132450331125893,-78.50000000000148,stop,1.3299999999999983
2025-10-08,-1,2025-10-08 13:40:00-04:00,2025-10-08 15:55:00-04:00,75.02,75.23,-0.21000000000000796,1.5050000000000097,-0.13953488372093462,-23.000000000000796,time,2.75
2025-10-10,-1,2025-10-10 10:15:00-04:00,2025-10-10 10:55:00-04:00,75.46,73.86499999999998,1.595000000000013,1.595000000000013,1.0,157.5000000000013,target,2.8900000000000006
2025-10-13,1,2025-10-13 13:00:00-04:00,2025-10-13 15:55:00-04:00,73.79,73.17999999999999,-0.6100000000000136,1.105000000000004,-0.552036199095033,-63.000000000001364,time,2.1299999999999955
2025-10-14,1,2025-10-14 10:05:00-04:00,2025-10-14 11:50:00-04:00,71.83,72.975,1.144999999999996,1.144999999999996,1.0,112.4999999999996,target,1.8499999999999943
2025-10-15,-1,2025-10-15 11:50:00-04:00,2025-10-15 13:10:00-04:00,73.32,72.35999999999999,0.960000000000008,0.960000000000008,1.0,94.0000000000008,target,1.5600000000000023
2025-10-16,-1,2025-10-16 10:30:00-04:00,2025-10-16 11:45:00-04:00,71.71,70.78999999999999,0.9200000000000017,0.9200000000000017,1.0,90.00000000000017,target,1.6000000000000085
2025-10-17,-1,2025-10-17 15:40:00-04:00,2025-10-17 15:55:00-04:00,67.69,67.91000000000001,-0.22000000000001307,0.9249999999999972,-0.2378378378378527,-24.000000000001307,time,1.75
2025-10-20,1,2025-10-20 12:30:00-04:00,2025-10-20 15:55:00-04:00,71.13000000000001,72.07,0.9399999999999835,1.4550000000000125,0.6460481099656189,91.99999999999835,time,2.8499999999999943
2025-10-21,1,2025-10-21 10:20:00-04:00,2025-10-21 13:05:00-04:00,73.85000000000001,75.22000000000001,1.3700000000000045,1.3700000000000045,1.0,135.00000000000045,target,1.8400000000000034
2025-10-22,-1,2025-10-22 10:05:00-04:00,2025-10-22 10:25:00-04:00,72.8,71.94999999999999,0.8500000000000085,0.8500000000000085,1.0,83.00000000000085,target,1.2999999999999972
2025-10-23,1,2025-10-23 11:05:00-04:00,2025-10-23 13:10:00-04:00,74.52000000000001,75.74500000000003,1.2250000000000227,1.2250000000000227,1.0,120.50000000000227,target,2.3900000000000006
2025-10-24,-1,2025-10-24 10:45:00-04:00,2025-10-24 11:15:00-04:00,77.03999999999999,75.90999999999998,1.1300000000000097,1.1300000000000097,1.0,111.00000000000097,target,1.5600000000000023
2025-10-27,1,2025-10-27 12:50:00-04:00,2025-10-27 14:00:00-04:00,77.18,76.27999999999999,-0.9000000000000199,0.8900000000000148,-1.0112359550561854,-92.00000000000199,stop,1.7000000000000028
2025-10-28,-1,2025-10-28 10:40:00-04:00,2025-10-28 14:15:00-04:00,75.08999999999999,76.32000000000001,-1.2300000000000182,1.220000000000013,-1.0081967213114795,-125.00000000000182,stop,1.759999999999991
2025-10-29,1,2025-10-29 10:55:00-04:00,2025-10-29 14:35:00-04:00,75.55000000000001,74.725,-0.825000000000017,0.8150000000000119,-1.012269938650313,-84.5000000000017,stop,1.4699999999999989
2025-10-30,-1,2025-10-30 13:10:00-04:00,2025-10-30 14:30:00-04:00,69.97,68.89999999999999,1.0700000000000074,1.0700000000000074,1.0,105.00000000000074,target,1.7800000000000011
2025-10-31,1,2025-10-31 10:25:00-04:00,2025-10-31 10:40:00-04:00,70.88000000000001,71.82500000000002,0.9450000000000074,0.9450000000000074,1.0,92.50000000000074,target,0.8700000000000045
2025-11-04,1,2025-11-04 10:20:00-05:00,2025-11-04 15:55:00-05:00,72.45,71.39999999999999,-1.0500000000000114,1.7049999999999983,-0.615835777126107,-107.00000000000114,time,3.1499999999999915
2025-11-05,1,2025-11-05 10:55:00-05:00,2025-11-05 12:30:00-05:00,70.65,71.73500000000001,1.085000000000008,1.085000000000008,1.0,106.5000000000008,target,2.1099999999999994
2025-11-06,-1,2025-11-06 10:30:00-05:00,2025-11-06 11:15:00-05:00,68.67999999999999,67.22999999999999,1.4500000000000028,1.4500000000000028,1.0,143.00000000000028,target,2.8400000000000034
2025-11-07,-1,2025-11-07 11:10:00-05:00,2025-11-07 13:20:00-05:00,69.44,71.63000000000001,-2.190000000000012,2.180000000000007,-1.004587155963305,-221.0000000000012,stop,4.200000000000003
2025-11-10,-1,2025-11-10 10:05:00-05:00,2025-11-10 10:15:00-05:00,75.82,76.985,-1.1650000000000063,1.1550000000000011,-1.008658008658013,-118.50000000000063,stop,2.450000000000003
2025-11-11,-1,2025-11-11 10:30:00-05:00,2025-11-11 10:55:00-05:00,75.71,74.55499999999998,1.1550000000000153,1.1550000000000153,1.0,113.50000000000153,target,2.1700000000000017
2025-11-12,1,2025-11-12 10:05:00-05:00,2025-11-12 15:55:00-05:00,78.78,79.03999999999999,0.2599999999999909,1.8950000000000102,0.1372031662269074,23.99999999999909,time,2.4299999999999926
2025-11-13,-1,2025-11-13 10:05:00-05:00,2025-11-13 10:45:00-05:00,75.25,73.42500000000001,1.8249999999999886,1.8249999999999886,1.0,180.49999999999886,target,3.049999999999997
2025-11-14,1,2025-11-14 10:50:00-05:00,2025-11-14 14:40:00-05:00,73.19000000000001,71.225,-1.9650000000000176,1.9550000000000125,-1.005115089514069,-198.50000000000176,stop,3.3499999999999943
2025-11-17,-1,2025-11-17 10:05:00-05:00,2025-11-17 11:25:00-05:00,68.42,69.61,-1.1899999999999977,1.1799999999999926,-1.0084745762711909,-120.99999999999977,stop,1.5799999999999983
2025-11-18,-1,2025-11-18 10:05:00-05:00,2025-11-18 11:25:00-05:00,65.57,66.74,-1.1700000000000017,1.1599999999999966,-1.0086206896551768,-119.00000000000017,stop,1.4599999999999937
2025-11-19,1,2025-11-19 10:10:00-05:00,2025-11-19 10:45:00-05:00,65.96000000000001,65.145,-0.8150000000000119,0.8050000000000068,-1.0124223602484534,-83.5000000000012,stop,1.3100000000000023
2025-11-20,1,2025-11-20 10:25:00-05:00,2025-11-20 11:10:00-05:00,67.95,67.12499999999999,-0.825000000000017,0.8150000000000119,-1.012269938650313,-84.5000000000017,stop,1.6300000000000097
2025-11-21,-1,2025-11-21 10:05:00-05:00,2025-11-21 10:35:00-05:00,61.68,60.495000000000005,1.1849999999999952,1.1849999999999952,1.0,116.49999999999952,target,2.229999999999997
2025-11-24,1,2025-11-24 10:05:00-05:00,2025-11-24 15:55:00-05:00,66.38000000000001,66.85,0.46999999999998465,1.115000000000009,0.42152466367711283,44.999999999998465,time,1.9699999999999989
2025-11-25,1,2025-11-25 11:35:00-05:00,2025-11-25 12:30:00-05:00,67.71000000000001,68.57000000000002,0.8600000000000136,0.8600000000000136,1.0,84.00000000000136,target,1.5600000000000023
2025-12-01,-1,2025-12-01 15:35:00-05:00,2025-12-01 15:55:00-05:00,69.36,69.06,0.29999999999999716,1.5649999999999977,0.19169329073482275,27.999999999999716,time,2.430000000000007
2025-12-02,1,2025-12-02 11:05:00-05:00,2025-12-02 11:20:00-05:00,70.88000000000001,70.065,-0.8150000000000119,0.8050000000000068,-1.0124223602484534,-83.5000000000012,stop,1.6500000000000057
2025-12-03,1,2025-12-03 11:20:00-05:00,2025-12-03 12:50:00-05:00,68.85000000000001,70.15000000000002,1.3000000000000114,1.3000000000000114,1.0,128.00000000000114,target,1.8799999999999955
2025-12-04,-1,2025-12-04 12:45:00-05:00,2025-12-04 15:15:00-05:00,66.75999999999999,68.12,-1.3600000000000136,1.3500000000000085,-1.007407407407411,-138.00000000000136,stop,2.5
2025-12-10,1,2025-12-10 11:25:00-05:00,2025-12-10 14:05:00-05:00,68.92,69.42500000000001,0.5050000000000097,0.5050000000000097,1.0,48.500000000000966,target,0.8500000000000085
2025-12-11,-1,2025-12-11 10:40:00-05:00,2025-12-11 10:50:00-05:00,68.28999999999999,67.03999999999999,1.25,1.25,1.0,123.0,target,1.6400000000000006
2025-12-12,-1,2025-12-12 10:05:00-05:00,2025-12-12 11:00:00-05:00,67.94999999999999,67.28999999999998,0.6600000000000108,0.6600000000000108,1.0,64.00000000000108,target,1.1800000000000068
2025-12-15,-1,2025-12-15 15:25:00-05:00,2025-12-15 15:55:00-05:00,65.61,65.62,-0.010000000000005116,1.440000000000012,-0.0069444444444479395,-3.0000000000005116,time,2.480000000000004
2025-12-16,1,2025-12-16 12:15:00-05:00,2025-12-16 15:55:00-05:00,71.78,73.33999999999999,1.559999999999988,4.269999999999996,0.36533957845433007,153.9999999999988,time,5.219999999999999
2025-12-17,-1,2025-12-17 10:50:00-05:00,2025-12-17 12:25:00-05:00,73.13,74.54,-1.4100000000000108,1.4000000000000057,-1.0071428571428607,-143.00000000000108,stop,2.4000000000000057
2025-12-18,1,2025-12-18 10:20:00-05:00,2025-12-18 10:35:00-05:00,76.04,77.31500000000001,1.2750000000000057,1.2750000000000057,1.0,125.50000000000057,target,2.1699999999999875
2025-12-19,-1,2025-12-19 13:45:00-05:00,2025-12-19 15:55:00-05:00,76.44,76.2,0.23999999999999488,0.9850000000000136,0.2436548223350168,21.99999999999949,time,1.9500000000000028
2025-12-22,1,2025-12-22 11:30:00-05:00,2025-12-22 15:55:00-05:00,78.56,78.57,0.009999999999990905,1.1550000000000011,0.008658008658000775,-1.0000000000009095,time,1.8700000000000045
2025-12-23,-1,2025-12-23 10:15:00-05:00,2025-12-23 12:55:00-05:00,76.05,74.78999999999999,1.2600000000000051,1.2600000000000051,1.0,124.00000000000051,target,1.8199999999999932
2025-12-26,-1,2025-12-26 10:15:00-05:00,2025-12-26 11:05:00-05:00,74.99,75.435,-0.4450000000000074,0.4350000000000023,-1.0229885057471382,-46.50000000000074,stop,0.75
2025-12-30,1,2025-12-30 11:50:00-05:00,2025-12-30 15:50:00-05:00,76.31,75.57,-0.7400000000000091,0.730000000000004,-1.0136986301369932,-76.00000000000091,stop,0.7599999999999909
2025-12-31,-1,2025-12-31 15:35:00-05:00,2025-12-31 15:55:00-05:00,74.58,74.46000000000001,0.11999999999999034,0.9300000000000068,0.1290322580645048,9.999999999999034,time,1.4399999999999977
2026-01-02,-1,2026-01-02 10:15:00-05:00,2026-01-02 10:35:00-05:00,73.86999999999999,74.995,-1.1250000000000142,1.115000000000009,-1.0089686098654753,-114.50000000000142,stop,0.9499999999999886
2026-01-05,1,2026-01-05 10:05:00-05:00,2026-01-05 15:55:00-05:00,78.87,80.78,1.9099999999999966,2.7650000000000006,0.6907775768535248,188.99999999999966,time,4.189999999999998
2026-01-06,1,2026-01-06 15:35:00-05:00,2026-01-06 15:55:00-05:00,82.24000000000001,82.33,0.0899999999999892,1.8400000000000034,0.04891304347825491,6.99999999999892,time,3.5600000000000023
2026-01-07,-1,2026-01-07 10:10:00-05:00,2026-01-07 11:15:00-05:00,81.77,82.41000000000001,-0.6400000000000148,0.6300000000000097,-1.0158730158730238,-66.00000000000148,stop,1.1600000000000108
2026-01-08,1,2026-01-08 12:55:00-05:00,2026-01-08 15:55:00-05:00,82.53,81.61999999999999,-0.9100000000000108,1.4150000000000063,-0.6431095406360472,-93.00000000000108,time,2.469999999999999
2026-01-09,-1,2026-01-09 10:05:00-05:00,2026-01-09 10:25:00-05:00,80.19,81.855,-1.6650000000000063,1.6550000000000011,-1.0060422960725106,-168.50000000000063,stop,2.289999999999992
2026-01-12,-1,2026-01-12 10:10:00-05:00,2026-01-12 15:55:00-05:00,75.97999999999999,76.45,-0.4700000000000131,4.785000000000011,-0.09822361546499729,-49.00000000000131,time,7.77000000000001
2026-01-13,1,2026-01-13 14:55:00-05:00,2026-01-13 15:55:00-05:00,76.41000000000001,75.92,-0.4900000000000091,2.065000000000012,-0.23728813559322337,-51.00000000000091,time,4.090000000000003
2026-01-14,-1,2026-01-14 11:50:00-05:00,2026-01-14 15:55:00-05:00,71.05999999999999,72.62,-1.5600000000000165,2.3400000000000176,-0.6666666666666687,-158.00000000000165,time,4.3999999999999915
2026-01-15,1,2026-01-15 11:30:00-05:00,2026-01-15 12:55:00-05:00,73.81,72.71,-1.1000000000000085,1.0900000000000034,-1.0091743119266101,-112.00000000000085,stop,2.319999999999993
2026-01-16,1,2026-01-16 11:50:00-05:00,2026-01-16 15:35:00-05:00,75.63000000000001,73.7,-1.9300000000000068,1.9200000000000017,-1.005208333333336,-195.00000000000068,stop,3.3200000000000074
2026-01-21,1,2026-01-21 10:10:00-05:00,2026-01-21 11:45:00-05:00,73.41000000000001,71.89,-1.5200000000000102,1.5000000000000142,-1.0133333333333305,-154.00000000000102,stop_gap,2.980000000000004
2026-01-22,-1,2026-01-22 10:05:00-05:00,2026-01-22 10:20:00-05:00,72.24,71.195,1.0450000000000017,1.0450000000000017,1.0,102.50000000000017,target,1.8700000000000045
2026-01-23,-1,2026-01-23 14:35:00-05:00,2026-01-23 15:20:00-05:00,71.47,70.705,0.7650000000000006,0.7650000000000006,1.0,74.50000000000006,target,1.4699999999999989
2026-01-26,-1,2026-01-26 12:05:00-05:00,2026-01-26 15:55:00-05:00,69.49,68.71000000000001,0.7799999999999869,0.9350000000000165,0.8342245989304526,75.99999999999869,time,1.8299999999999983
2026-01-27,-1,2026-01-27 10:05:00-05:00,2026-01-27 15:55:00-05:00,68.05,68.67,-0.6200000000000045,1.7049999999999983,-0.36363636363636664,-64.00000000000045,time,2.7900000000000063
2026-01-28,-1,2026-01-28 10:10:00-05:00,2026-01-28 10:45:00-05:00,67.11999999999999,66.01999999999998,1.1000000000000085,1.1000000000000085,1.0,108.00000000000085,target,2.3000000000000114
2026-01-29,-1,2026-01-29 10:05:00-05:00,2026-01-29 10:50:00-05:00,63.35,62.3,1.0500000000000043,1.0500000000000043,1.0,103.00000000000043,target,1.8800000000000026
2026-01-30,-1,2026-01-30 11:25:00-05:00,2026-01-30 15:55:00-05:00,60.18,60.3,-0.11999999999999744,1.2650000000000006,-0.09486166007904932,-13.999999999999744,time,2.3900000000000006
2026-02-02,1,2026-02-02 10:25:00-05:00,2026-02-02 15:55:00-05:00,62.36,62.0,-0.35999999999999943,1.7450000000000045,-0.2063037249283659,-37.99999999999994,time,3.229999999999997
2026-02-03,-1,2026-02-03 12:40:00-05:00,2026-02-03 15:55:00-05:00,60.47,61.71,-1.240000000000002,2.115000000000002,-0.5862884160756505,-126.0000000000002,time,4.070000000000007
2026-02-04,1,2026-02-04 10:45:00-05:00,2026-02-04 11:15:00-05:00,61.71,60.51500000000001,-1.1949999999999932,1.1849999999999952,-1.0084388185653992,-121.49999999999932,stop,2.3500000000000014
2026-02-05,-1,2026-02-05 10:05:00-05:00,2026-02-05 15:55:00-05:00,59.2,59.54,-0.3399999999999963,1.4249999999999972,-0.23859649122806806,-35.99999999999963,time,2.530000000000001
2026-02-06,-1,2026-02-06 13:45:00-05:00,2026-02-06 15:55:00-05:00,56.050000000000004,57.05,-0.9999999999999929,2.5449999999999946,-0.39292730844793516,-101.99999999999929,time,5.009999999999998
2026-02-09,1,2026-02-09 13:15:00-05:00,2026-02-09 15:55:00-05:00,58.71,57.96,-0.75,1.6100000000000065,-0.4658385093167683,-77.0,time,3.1000000000000014
2026-02-10,1,2026-02-10 10:10:00-05:00,2026-02-10 15:55:00-05:00,61.08,59.580000000000005,-1.499999999999993,2.0999999999999943,-0.7142857142857129,-151.9999999999993,time,2.960000000000001
2026-02-11,-1,2026-02-11 10:15:00-05:00,2026-02-11 15:55:00-05:00,56.7,56.54,0.1600000000000037,1.8549999999999969,0.08625336927223934,14.00000000000037,time,3.4099999999999966
2026-02-12,-1,2026-02-12 10:20:00-05:00,2026-02-12 11:05:00-05:00,53.6,51.77,1.8299999999999983,1.8299999999999983,1.0,180.99999999999983,target,3.3400000000000034
2026-02-13,1,2026-02-13 10:25:00-05:00,2026-02-13 15:55:00-05:00,50.25,49.830000000000005,-0.4199999999999946,0.9099999999999966,-0.46153846153845735,-43.99999999999946,time,1.5800000000000054
2026-02-17,1,2026-02-17 11:25:00-05:00,2026-02-17 13:35:00-05:00,51.089999999999996,52.035,0.9450000000000003,0.9450000000000003,1.0,92.50000000000003,target,1.8300000000000054
2026-02-19,1,2026-02-19 10:20:00-05:00,2026-02-19 12:35:00-05:00,50.91,50.01,-0.8999999999999986,0.8900000000000006,-1.0112359550561776,-91.99999999999986,stop,1.4799999999999969
2026-02-20,1,2026-02-20 10:05:00-05:00,2026-02-20 15:55:00-05:00,52.48,51.080000000000005,-1.3999999999999915,1.5499999999999972,-0.9032258064516091,-141.99999999999915,time,1.3599999999999994
2026-02-23,-1,2026-02-23 10:05:00-05:00,2026-02-23 11:05:00-05:00,48.56,47.465,1.0949999999999989,1.0949999999999989,1.0,107.49999999999989,target,1.9299999999999997
2026-02-24,1,2026-02-24 10:20:00-05:00,2026-02-24 15:10:00-05:00,47.989999999999995,47.145,-0.8449999999999918,0.8349999999999937,-1.0119760479041893,-86.49999999999918,stop,1.1899999999999977
2026-02-26,1,2026-02-26 10:15:00-05:00,2026-02-26 10:35:00-05:00,49.839999999999996,50.669999999999995,0.8299999999999983,0.8299999999999983,1.0,80.99999999999983,target,1.5
2026-02-27,-1,2026-02-27 10:55:00-05:00,2026-02-27 15:55:00-05:00,46.760000000000005,46.97,-0.20999999999999375,1.1299999999999955,-0.18584070796459698,-22.999999999999375,time,2.1599999999999966
2026-03-02,1,2026-03-02 10:20:00-05:00,2026-03-02 15:55:00-05:00,47.019999999999996,46.64,-0.37999999999999545,0.9799999999999969,-0.3877551020408129,-39.999999999999545,time,1.7800000000000011
2026-03-03,-1,2026-03-03 10:25:00-05:00,2026-03-03 10:40:00-05:00,43.79,44.934999999999995,-1.144999999999996,1.134999999999998,-1.008810572687223,-116.4999999999996,stop,1.509999999999998
2026-03-04,1,2026-03-04 10:25:00-05:00,2026-03-04 11:35:00-05:00,50.449999999999996,51.49999999999999,1.0499999999999972,1.0499999999999972,1.0,102.99999999999972,target,2.0799999999999983
2026-03-06,1,2026-03-06 10:25:00-05:00,2026-03-06 15:55:00-05:00,51.629999999999995,51.730000000000004,0.10000000000000853,0.9749999999999943,0.1025641025641119,8.000000000000853,time,1.6700000000000017
2026-03-09,1,2026-03-09 15:25:00-04:00,2026-03-09 15:35:00-04:00,50.55,51.239999999999995,0.6899999999999977,0.6899999999999977,1.0,66.99999999999977,target,1.2999999999999972
2026-03-10,-1,2026-03-10 10:10:00-04:00,2026-03-10 10:55:00-04:00,49.54,50.635,-1.0949999999999989,1.0850000000000009,-1.0092165898617493,-111.49999999999989,stop,1.75
2026-03-11,-1,2026-03-11 10:25:00-04:00,2026-03-11 10:45:00-04:00,49.7,50.589999999999996,-0.8899999999999935,0.8799999999999955,-1.0113636363636342,-90.99999999999935,stop,1.6199999999999974
2026-03-12,-1,2026-03-12 10:05:00-04:00,2026-03-12 10:30:00-04:00,49.39,48.285,1.105000000000004,1.105000000000004,1.0,108.5000000000004,target,1.4299999999999997
2026-03-13,1,2026-03-13 10:20:00-04:00,2026-03-13 10:30:00-04:00,47.65,48.345,0.6950000000000003,0.6950000000000003,1.0,67.50000000000003,target,1.3299999999999983
2026-03-16,-1,2026-03-16 13:30:00-04:00,2026-03-16 14:10:00-04:00,47.14,47.76499999999999,-0.6249999999999929,0.6149999999999949,-1.016260162601623,-64.49999999999929,stop,1.1900000000000048
2026-03-17,-1,2026-03-17 11:05:00-04:00,2026-03-17 12:05:00-04:00,47.74,47.11500000000001,0.6249999999999929,0.6249999999999929,1.0,60.49999999999929,target,1.0899999999999963
2026-03-18,-1,2026-03-18 12:30:00-04:00,2026-03-18 12:55:00-04:00,46.510000000000005,44.82500000000001,1.6849999999999952,1.6849999999999952,1.0,166.49999999999952,target,2.6099999999999994
2026-03-20,1,2026-03-20 10:05:00-04:00,2026-03-20 10:30:00-04:00,44.55,45.19499999999999,0.644999999999996,0.644999999999996,1.0,62.4999999999996,target,0.8100000000000023
2026-03-23,1,2026-03-23 11:05:00-04:00,2026-03-23 11:40:00-04:00,46.48,45.68,-0.7999999999999972,0.7899999999999991,-1.0126582278480987,-81.99999999999972,stop,1.3200000000000003
2026-03-24,-1,2026-03-24 10:15:00-04:00,2026-03-24 11:00:00-04:00,44.03,44.925,-0.894999999999996,0.884999999999998,-1.0112994350282463,-91.4999999999996,stop,1.3900000000000006
2026-03-25,-1,2026-03-25 10:55:00-04:00,2026-03-25 11:10:00-04:00,45.800000000000004,45.00500000000001,0.7949999999999946,0.7949999999999946,1.0,77.49999999999946,target,1.2100000000000009
2026-03-26,1,2026-03-26 12:05:00-04:00,2026-03-26 12:30:00-04:00,45.97,45.00000000000001,-0.9699999999999918,0.9599999999999937,-1.0104166666666647,-98.99999999999918,stop,1.8200000000000003
2026-03-27,1,2026-03-27 10:55:00-04:00,2026-03-27 11:20:00-04:00,43.519999999999996,42.964999999999996,-0.5549999999999997,0.5450000000000017,-1.0183486238532073,-57.49999999999997,stop,0.9299999999999997
2026-03-30,1,2026-03-30 11:05:00-04:00,2026-03-30 13:45:00-04:00,43.86,42.995,-0.865000000000002,0.855000000000004,-1.0116959064327462,-88.5000000000002,stop,1.1900000000000048
2026-03-31,1,2026-03-31 11:25:00-04:00,2026-03-31 11:50:00-04:00,44.71,44.09,-0.6199999999999974,0.6099999999999994,-1.0163934426229475,-63.999999999999744,stop,0.980000000000004
2026-04-01,-1,2026-04-01 14:25:00-04:00,2026-04-01 15:55:00-04:00,45.330000000000005,45.53,-0.19999999999999574,1.04999999999999,-0.19047619047618822,-21.999999999999574,time,1.9400000000000048
2026-04-02,1,2026-04-02 10:35:00-04:00,2026-04-02 10:35:00-04:00,44.62,45.62499999999999,1.0049999999999955,1.0049999999999955,1.0,98.49999999999955,target,1.1099999999999994
2026-04-07,-1,2026-04-07 10:05:00-04:00,2026-04-07 10:05:00-04:00,47.27,46.67500000000001,0.5949999999999918,0.5949999999999918,1.0,57.499999999999176,target,0.8699999999999974
2026-04-08,-1,2026-04-08 10:05:00-04:00,2026-04-08 10:55:00-04:00,51.13,49.885000000000005,1.2449999999999974,1.2449999999999974,1.0,122.49999999999974,target,2.010000000000005
2026-04-09,-1,2026-04-09 10:10:00-04:00,2026-04-09 11:55:00-04:00,47.79,48.87,-1.0799999999999983,1.0700000000000003,-1.0093457943925215,-109.99999999999983,stop,1.6799999999999997
2026-04-10,-1,2026-04-10 12:05:00-04:00,2026-04-10 15:55:00-04:00,48.65,48.559999999999995,0.09000000000000341,0.6850000000000023,0.13138686131387314,7.000000000000341,time,1.1299999999999955
2026-04-13,1,2026-04-13 10:10:00-04:00,2026-04-13 12:50:00-04:00,50.4,51.599999999999994,1.1999999999999957,1.1999999999999957,1.0,117.99999999999957,target,2.460000000000001
2026-04-14,1,2026-04-14 10:30:00-04:00,2026-04-14 15:00:00-04:00,54.519999999999996,55.71499999999999,1.1949999999999932,1.1949999999999932,1.0,117.49999999999932,target,1.6300000000000026
2026-04-15,1,2026-04-15 10:15:00-04:00,2026-04-15 15:55:00-04:00,59.11,59.61,0.5,1.2950000000000017,0.3861003861003856,48.0,time,2.3699999999999974
2026-04-17,1,2026-04-17 10:15:00-04:00,2026-04-17 15:55:00-04:00,64.74000000000001,64.5,-0.2400000000000091,1.5300000000000082,-0.15686274509804432,-26.00000000000091,time,1.7600000000000051
2026-04-20,1,2026-04-20 11:40:00-04:00,2026-04-20 14:15:00-04:00,65.62,66.45000000000002,0.8300000000000125,0.8300000000000125,1.0,81.00000000000125,target,1.6199999999999974
2026-04-21,-1,2026-04-21 10:55:00-04:00,2026-04-21 11:00:00-04:00,66.94999999999999,66.00999999999998,0.9400000000000119,0.9400000000000119,1.0,92.0000000000012,target,1.539999999999992
2026-04-23,-1,2026-04-23 10:20:00-04:00,2026-04-23 13:40:00-04:00,63.1,61.60000000000001,1.499999999999993,1.499999999999993,1.0,147.9999999999993,target,2.8599999999999994
2026-04-24,1,2026-04-24 12:00:00-04:00,2026-04-24 15:55:00-04:00,63.85,63.7,-0.14999999999999858,0.8249999999999957,-0.18181818181818105,-16.999999999999858,time,1.3500000000000014
2026-04-27,1,2026-04-27 15:30:00-04:00,2026-04-27 15:55:00-04:00,65.28,65.13,-0.15000000000000568,1.0949999999999989,-0.13698630136986834,-17.00000000000057,time,1.9499999999999957
2026-04-28,-1,2026-04-28 10:10:00-04:00,2026-04-28 10:35:00-04:00,63.85,63.00500000000001,0.8449999999999918,0.8449999999999918,1.0,82.49999999999918,target,1.3900000000000006
2026-04-29,1,2026-04-29 10:35:00-04:00,2026-04-29 12:15:00-04:00,63.19,62.11000000000001,-1.0799999999999912,1.0699999999999932,-1.0093457943925215,-109.99999999999912,stop,2.039999999999999
2026-04-30,1,2026-04-30 11:30:00-04:00,2026-04-30 14:40:00-04:00,63.739999999999995,64.875,1.1350000000000051,1.134999999999998,1.0000000000000062,111.50000000000051,target,1.6099999999999994
2026-05-01,1,2026-05-01 10:25:00-04:00,2026-05-01 11:00:00-04:00,66.22,65.365,-0.855000000000004,0.8449999999999989,-1.0118343195266333,-87.5000000000004,stop,1.5500000000000114
2026-05-04,1,2026-05-04 10:40:00-04:00,2026-05-04 11:20:00-04:00,68.31,67.68499999999999,-0.6250000000000142,0.6150000000000091,-1.016260162601634,-64.50000000000142,stop,1.1099999999999994
2026-05-05,1,2026-05-05 10:25:00-04:00,2026-05-05 10:35:00-04:00,68.18,66.95,-1.230000000000004,1.2199999999999989,-1.0081967213114795,-125.0000000000004,stop,1.519999999999996
2026-05-06,-1,2026-05-06 10:55:00-04:00,2026-05-06 11:25:00-04:00,66.05999999999999,64.67499999999998,1.3850000000000051,1.3850000000000051,1.0,136.5000000000005,target,2.029999999999987
2026-05-07,1,2026-05-07 10:55:00-04:00,2026-05-07 11:55:00-04:00,68.85000000000001,67.86999999999999,-0.9800000000000182,0.9700000000000131,-1.0103092783505205,-100.00000000000182,stop,1.8200000000000074
2026-05-08,-1,2026-05-08 10:05:00-04:00,2026-05-08 15:40:00-04:00,66.52,63.874999999999986,2.6450000000000102,2.6450000000000102,1.0,262.500000000001,target,4.25
2026-05-11,1,2026-05-11 11:30:00-04:00,2026-05-11 15:55:00-04:00,65.01,66.44999999999999,1.4399999999999835,1.6300000000000097,0.8834355828220706,141.99999999999835,time,3.059999999999995
2026-05-12,-1,2026-05-12 12:35:00-04:00,2026-05-12 15:55:00-04:00,65.14,65.43,-0.29000000000000625,1.8699999999999903,-0.15508021390374746,-31.000000000000625,time,3.019999999999996
2026-05-14,1,2026-05-14 10:30:00-04:00,2026-05-14 15:35:00-04:00,65.67,67.19500000000001,1.5250000000000057,1.5250000000000057,1.0,150.50000000000057,target,2.1899999999999977
2026-05-15,1,2026-05-15 12:25:00-04:00,2026-05-15 15:55:00-04:00,66.72,65.77999999999999,-0.9400000000000119,0.9300000000000068,-1.0107526881720483,-96.0000000000012,stop,1.480000000000004
2026-05-18,1,2026-05-18 10:10:00-04:00,2026-05-18 10:30:00-04:00,65.84,64.395,-1.4450000000000074,1.4350000000000023,-1.006968641114986,-146.50000000000074,stop,2.6299999999999955
2026-05-20,1,2026-05-20 10:50:00-04:00,2026-05-20 15:55:00-04:00,66.69000000000001,67.11999999999999,0.4299999999999784,1.8350000000000222,0.23433242506810528,40.99999999999784,time,3.1099999999999994
2026-05-21,1,2026-05-21 13:50:00-04:00,2026-05-21 15:55:00-04:00,67.58,67.17999999999999,-0.4000000000000057,1.7150000000000034,-0.2332361516035014,-42.00000000000057,time,2.75
2026-05-22,-1,2026-05-22 10:15:00-04:00,2026-05-22 12:05:00-04:00,66.11999999999999,64.15499999999997,1.9650000000000176,1.9650000000000176,1.0,194.50000000000176,target,3.589999999999989
2026-05-26,1,2026-05-26 10:05:00-04:00,2026-05-26 15:55:00-04:00,68.74000000000001,69.27,0.5299999999999869,2.285000000000011,0.23194748358861464,50.99999999999869,time,2.2700000000000102
2026-05-28,1,2026-05-28 10:05:00-04:00,2026-05-28 15:55:00-04:00,72.61,72.99,0.37999999999999545,1.7999999999999972,0.21111111111110892,35.999999999999545,time,2.3400000000000034
2026-05-29,-1,2026-05-29 10:20:00-04:00,2026-05-29 11:05:00-04:00,72.71,73.615,-0.9050000000000011,0.894999999999996,-1.0111731843575478,-92.50000000000011,stop,1.769999999999996
2026-06-01,-1,2026-06-01 15:50:00-04:00,2026-06-01 15:55:00-04:00,72.5,72.93,-0.4300000000000068,1.2299999999999898,-0.3495934959349678,-45.00000000000068,time,2.4599999999999937
2026-06-02,1,2026-06-02 10:15:00-04:00,2026-06-02 11:50:00-04:00,72.08,70.765,-1.3149999999999977,1.3049999999999926,-1.0076628352490462,-133.49999999999977,stop,1.4500000000000028
2026-06-04,1,2026-06-04 10:05:00-04:00,2026-06-04 15:55:00-04:00,68.23,68.69,0.45999999999999375,1.2900000000000063,0.3565891472868151,43.999999999999375,time,2.1200000000000045
2026-06-05,-1,2026-06-05 10:15:00-04:00,2026-06-05 12:20:00-04:00,65.17999999999999,63.54499999999999,1.6350000000000051,1.6350000000000051,1.0,161.5000000000005,target,2.6099999999999994
2026-06-08,1,2026-06-08 10:05:00-04:00,2026-06-08 10:30:00-04:00,64.16000000000001,65.07500000000002,0.9150000000000063,0.9150000000000063,1.0,89.50000000000063,target,1.5300000000000082
2026-06-09,-1,2026-06-09 10:50:00-04:00,2026-06-09 15:55:00-04:00,64.89999999999999,65.15,-0.2500000000000142,2.180000000000007,-0.11467889908257496,-27.00000000000142,time,3.240000000000009
2026-06-11,1,2026-06-11 11:50:00-04:00,2026-06-11 13:30:00-04:00,62.94,63.864999999999995,0.9249999999999972,0.9249999999999972,1.0,90.49999999999972,target,1.6700000000000017
2026-06-12,-1,2026-06-12 12:00:00-04:00,2026-06-12 15:55:00-04:00,64.47999999999999,66.10000000000001,-1.6200000000000188,1.6100000000000136,-1.0062111801242268,-164.00000000000188,stop,2.819999999999993
2026-06-15,1,2026-06-15 10:05:00-04:00,2026-06-15 11:15:00-04:00,71.17,72.715,1.5450000000000017,1.5450000000000017,1.0,152.50000000000017,target,2.3100000000000023
2026-06-16,1,2026-06-16 14:35:00-04:00,2026-06-16 15:55:00-04:00,75.45,74.66,-0.7900000000000063,1.769999999999996,-0.44632768361582376,-81.00000000000063,time,3.3599999999999994
2026-06-17,1,2026-06-17 10:10:00-04:00,2026-06-17 11:05:00-04:00,76.5,74.945,-1.5550000000000068,1.5450000000000017,-1.0064724919093884,-157.50000000000068,stop,2.930000000000007
2026-06-18,1,2026-06-18 10:10:00-04:00,2026-06-18 15:55:00-04:00,74.2,73.91,-0.29000000000000625,1.3050000000000068,-0.22222222222222585,-31.000000000000625,time,1.9699999999999989
2026-06-22,-1,2026-06-22 10:25:00-04:00,2026-06-22 15:55:00-04:00,72.75999999999999,72.21000000000001,0.549999999999983,1.420000000000016,0.3873239436619555,52.999999999998295,time,2.440000000000012
2026-06-23,1,2026-06-23 12:10:00-04:00,2026-06-23 14:40:00-04:00,72.11,70.835,-1.2750000000000057,1.2650000000000006,-1.007905138339925,-129.50000000000057,stop,2.469999999999999
2026-06-24,1,2026-06-24 10:10:00-04:00,2026-06-24 15:55:00-04:00,78.14,77.64,-0.5,3.269999999999996,-0.1529051987767586,-52.0,time,5.260000000000005
2026-06-26,1,2026-06-26 10:05:00-04:00,2026-06-26 10:55:00-04:00,77.17,78.01500000000001,0.8450000000000131,0.8450000000000131,1.0,82.50000000000131,target,1.5100000000000051
2026-06-29,-1,2026-06-29 10:15:00-04:00,2026-06-29 10:25:00-04:00,79.03,80.48,-1.4500000000000028,1.4399999999999977,-1.006944444444448,-147.00000000000028,stop,1.9399999999999977
2026-06-30,1,2026-06-30 10:30:00-04:00,2026-06-30 10:50:00-04:00,82.58,81.615,-0.9650000000000034,0.9549999999999983,-1.0104712041884871,-98.50000000000034,stop,1.75
2026-07-01,1,2026-07-01 11:05:00-04:00,2026-07-01 15:55:00-04:00,84.4,83.85,-0.5500000000000114,1.4150000000000063,-0.38869257950530667,-57.00000000000114,time,2.25
2026-07-02,-1,2026-07-02 10:25:00-04:00,2026-07-02 11:05:00-04:00,84.05,82.76499999999999,1.2850000000000108,1.2850000000000108,1.0,126.50000000000108,target,2.4299999999999926
2026-07-06,1,2026-07-06 11:05:00-04:00,2026-07-06 15:55:00-04:00,85.59,85.75,0.1599999999999966,1.115000000000009,0.1434977578475294,13.999999999999659,time,1.8900000000000006
2026-07-07,-1,2026-07-07 10:10:00-04:00,2026-07-07 13:15:00-04:00,85.03999999999999,84.12499999999999,0.9150000000000063,0.9150000000000063,1.0,89.50000000000063,target,1.6299999999999955
2026-07-08,-1,2026-07-08 10:20:00-04:00,2026-07-08 15:35:00-04:00,80.28999999999999,81.425,-1.1350000000000051,1.125,-1.0088888888888934,-115.50000000000051,stop,2.3299999999999983
2026-07-09,1,2026-07-09 10:05:00-04:00,2026-07-09 15:55:00-04:00,85.05000000000001,83.78,-1.2700000000000102,1.720000000000013,-0.7383720930232561,-129.00000000000102,time,3.280000000000001
2026-07-10,-1,2026-07-10 10:05:00-04:00,2026-07-10 10:30:00-04:00,83.6,82.29999999999998,1.3000000000000114,1.3000000000000114,1.0,128.00000000000114,target,2.200000000000003
2026-07-14,-1,2026-07-14 12:05:00-04:00,2026-07-14 12:25:00-04:00,82.28,83.55,-1.269999999999996,1.259999999999991,-1.0079365079365121,-128.9999999999996,stop,2.4200000000000017
2026-07-16,1,2026-07-16 10:10:00-04:00,2026-07-16 10:30:00-04:00,81.87,82.965,1.0949999999999989,1.0949999999999989,1.0,107.49999999999989,target,1.9699999999999989
2026-07-20,1,2026-07-20 11:55:00-04:00,2026-07-20 14:40:00-04:00,76.78,76.05999999999999,-0.7200000000000131,0.710000000000008,-1.0140845070422606,-74.00000000000131,stop,1.3399999999999892
2026-07-21,-1,2026-07-21 12:10:00-04:00,2026-07-21 15:50:00-04:00,74.14,74.87,-0.730000000000004,0.7199999999999989,-1.013888888888896,-75.0000000000004,stop,1.2199999999999989
2026-07-22,-1,2026-07-22 10:45:00-04:00,2026-07-22 11:10:00-04:00,73.99,74.59500000000001,-0.6050000000000182,0.5950000000000131,-1.0168067226890838,-62.50000000000182,stop,1.0899999999999892
2026-07-23,-1,2026-07-23 10:50:00-04:00,2026-07-23 12:55:00-04:00,70.58,71.62,-1.0400000000000063,1.0300000000000011,-1.0097087378640826,-106.00000000000063,stop,1.759999999999991
2026-07-24,-1,2026-07-24 10:15:00-04:00,2026-07-24 11:05:00-04:00,70.38,70.92999999999999,-0.5499999999999972,0.539999999999992,-1.0185185185185284,-56.999999999999716,stop,1.2000000000000028
2026-07-29,-1,2026-07-29 10:15:00-04:00,2026-07-29 11:15:00-04:00,70.08999999999999,71.42,-1.3300000000000125,1.3200000000000074,-1.0075757575757613,-135.00000000000125,stop,1.4599999999999937
2026-07-30,1,2026-07-30 10:05:00-04:00,2026-07-30 10:05:00-04:00,71.0,70.445,-0.5550000000000068,0.5450000000000017,-1.0183486238532204,-57.50000000000068,stop,1.210000000000008
2026-07-31,-1,2026-07-31 10:05:00-04:00,2026-07-31 11:25:00-04:00,72.22999999999999,70.74999999999999,1.480000000000004,1.480000000000004,1.0,146.0000000000004,target,1.5
2026-08-03,1,2026-08-03 11:25:00-04:00,2026-08-03 15:55:00-04:00,75.93,75.63,-0.30000000000001137,2.25,-0.13333333333333838,-32.00000000000114,time,4.3999999999999915
2026-08-04,1,2026-08-04 10:30:00-04:00,2026-08-04 13:45:00-04:00,78.59,79.64500000000001,1.0550000000000068,1.0550000000000068,1.0,103.50000000000068,target,2.030000000000001
2026-08-05,-1,2026-08-05 12:10:00-04:00,2026-08-05 15:55:00-04:00,79.07,78.45,0.6199999999999903,0.9350000000000023,0.663101604278063,59.999999999999034,time,2.010000000000005
2026-08-06,1,2026-08-06 10:15:00-04:00,2026-08-06 10:50:00-04:00,78.88000000000001,77.66,-1.220000000000013,1.210000000000008,-1.0082644628099215,-124.00000000000131,stop,2.3400000000000034
2026-08-07,1,2026-08-07 10:10:00-04:00,2026-08-07 10:40:00-04:00,78.39,77.61999999999999,-0.7700000000000102,0.7600000000000051,-1.0131578947368487,-79.00000000000102,stop,0.9399999999999977
2026-08-10,1,2026-08-10 14:50:00-04:00,2026-08-10 15:55:00-04:00,76.31,75.52499999999999,-0.7850000000000108,0.7750000000000057,-1.012903225806458,-80.50000000000108,stop,1.4699999999999989
2026-08-11,1,2026-08-11 11:00:00-04:00,2026-08-11 15:55:00-04:00,76.81,76.71,-0.10000000000000853,0.8650000000000091,-0.11560693641619361,-12.000000000000853,time,1.529999999999987
2026-08-12,-1,2026-08-12 10:30:00-04:00,2026-08-12 14:15:00-04:00,75.11,73.4,1.7099999999999937,1.7099999999999937,1.0,168.99999999999937,target,2.9200000000000017
2026-08-13,1,2026-08-13 10:05:00-04:00,2026-08-13 13:30:00-04:00,75.46000000000001,76.76000000000002,1.3000000000000114,1.3000000000000114,1.0,128.00000000000114,target,1.519999999999996
2026-08-14,-1,2026-08-14 12:55:00-04:00,2026-08-14 15:55:00-04:00,78.57,78.35000000000001,0.21999999999998465,1.0350000000000108,0.2125603864734129,19.999999999998465,time,2.0900000000000034
2026-08-17,-1,2026-08-17 10:20:00-04:00,2026-08-17 15:55:00-04:00,75.22,74.49000000000001,0.7299999999999898,1.5049999999999955,0.4850498338870379,70.99999999999898,time,2.549999999999997
2026-08-18,1,2026-08-18 10:25:00-04:00,2026-08-18 14:00:00-04:00,75.7,73.545,-2.155000000000001,2.144999999999996,-1.004662004662007,-217.5000000000001,stop,4.109999999999999
2026-08-19,1,2026-08-19 10:20:00-04:00,2026-08-19 11:00:00-04:00,76.26,77.75000000000001,1.490000000000009,1.490000000000009,1.0,147.0000000000009,target,2.8400000000000034
2026-08-20,-1,2026-08-20 10:10:00-04:00,2026-08-20 15:55:00-04:00,75.3,75.04,0.2599999999999909,1.2399999999999949,0.20967741935483225,23.99999999999909,time,2.339999999999989
2026-08-21,1,2026-08-21 10:10:00-04:00,2026-08-21 10:35:00-04:00,76.69000000000001,75.645,-1.045000000000016,1.0350000000000108,-1.0096618357487972,-106.50000000000159,stop,1.6899999999999977
2026-08-24,-1,2026-08-24 13:55:00-04:00,2026-08-24 15:55:00-04:00,76.61999999999999,76.92,-0.30000000000001137,1.0350000000000108,-0.28985507246377606,-32.00000000000114,time,1.6899999999999977
2026-08-25,1,2026-08-25 10:15:00-04:00,2026-08-25 15:55:00-04:00,77.81,77.96,0.14999999999999147,0.8499999999999943,0.17647058823528528,12.999999999999147,time,1.559999999999988
2026-08-28,-1,2026-08-28 10:15:00-04:00,2026-08-28 12:15:00-04:00,84.32,81.24499999999999,3.075000000000003,3.075000000000003,1.0,305.5000000000003,target,6.090000000000003
2026-09-01,-1,2026-09-01 10:50:00-04:00,2026-09-01 15:55:00-04:00,70.75999999999999,69.92,0.8399999999999892,1.3050000000000068,0.6436781609195286,81.99999999999892,time,2.509999999999991
2026-09-02,1,2026-09-02 10:10:00-04:00,2026-09-02 15:55:00-04:00,73.12,74.03,0.9099999999999966,2.1750000000000114,0.4183908045976974,88.99999999999966,time,3.410000000000011
2026-09-03,-1,2026-09-03 10:20:00-04:00,2026-09-03 14:00:00-04:00,73.46,74.885,-1.4250000000000114,1.4150000000000063,-1.0070671378091909,-144.50000000000114,stop,2.2299999999999898
2026-09-04,-1,2026-09-04 10:50:00-04:00,2026-09-04 15:55:00-04:00,72.0,72.39,-0.39000000000000057,0.8950000000000102,-0.43575418994412973,-41.00000000000006,time,1.7099999999999937
2026-09-09,-1,2026-09-09 11:05:00-04:00,2026-09-09 15:55:00-04:00,68.66,68.17,0.4899999999999949,1.6550000000000011,0.2960725075528668,46.99999999999949,time,2.469999999999999
2026-09-10,1,2026-09-10 10:15:00-04:00,2026-09-10 15:55:00-04:00,68.31,67.99,-0.3200000000000074,1.4350000000000023,-0.2229965156794473,-34.00000000000074,time,1.6899999999999977
2026-09-11,1,2026-09-11 10:10:00-04:00,2026-09-11 10:45:00-04:00,69.76,70.74000000000001,0.980000000000004,0.980000000000004,1.0,96.0000000000004,target,1.8199999999999932
2026-09-14,-1,2026-09-14 10:20:00-04:00,2026-09-14 12:15:00-04:00,72.05,73.12,-1.0700000000000074,1.0600000000000023,-1.0094339622641557,-109.00000000000074,stop,1.759999999999991
2026-09-15,-1,2026-09-15 10:05:00-04:00,2026-09-15 10:50:00-04:00,72.78999999999999,71.62499999999997,1.1650000000000205,1.1650000000000205,1.0,114.50000000000205,target,1.8900000000000006
2026-09-16,-1,2026-09-16 15:00:00-04:00,2026-09-16 15:55:00-04:00,71.16,71.59,-0.4300000000000068,1.075000000000017,-0.4,-45.00000000000068,time,1.8900000000000006
2026-09-17,-1,2026-09-17 10:05:00-04:00,2026-09-17 11:00:00-04:00,71.72999999999999,70.30499999999998,1.4250000000000114,1.4250000000000114,1.0,140.50000000000114,target,2.710000000000008
2026-09-18,1,2026-09-18 13:30:00-04:00,2026-09-18 15:55:00-04:00,71.23,71.21,-0.020000000000010232,0.8049999999999926,-0.02484472049690735,-4.000000000001023,time,1.3299999999999983
2026-09-21,-1,2026-09-21 10:35:00-04:00,2026-09-21 13:50:00-04:00,70.08,71.66000000000001,-1.5800000000000125,1.5700000000000074,-1.0063694267515957,-160.00000000000125,stop,3.019999999999996
2026-09-22,-1,2026-09-22 11:05:00-04:00,2026-09-22 11:40:00-04:00,71.27,72.35000000000001,-1.0800000000000125,1.0700000000000074,-1.0093457943925281,-110.00000000000125,stop,2.0600000000000023
2026-09-23,-1,2026-09-23 10:05:00-04:00,2026-09-23 15:55:00-04:00,67.86,68.10000000000001,-0.2400000000000091,2.279999999999987,-0.10526315789474143,-26.00000000000091,time,2.6400000000000006
