date,side,entry_time,exit_time,entry,exit,pts,risk_pts,r_mult,pnl,reason,or_width
2023-09-06,1,2023-09-06 14:05:00-04:00,2023-09-06 15:55:00-04:00,11.5681,11.22,-0.34809999999999874,0.629999999999999,-0.5525396825396814,-36.809999999999874,time,0.5418000000000003
2023-09-07,1,2023-09-07 11:00:00-04:00,2023-09-07 15:55:00-04:00,11.15,11.370000000000001,0.22000000000000064,0.5999999999999996,0.366666666666668,20.000000000000064,time,0.5499999999999989
2023-09-08,-1,2023-09-08 10:55:00-04:00,2023-09-08 15:55:00-04:00,10.870000000000001,10.95,-0.0799999999999983,0.4999999999999982,-0.15999999999999714,-9.99999999999983,time,0.4399999999999995
2023-09-11,-1,2023-09-11 09:50:00-04:00,2023-09-11 15:55:00-04:00,10.755,10.155,0.6000000000000014,0.23499999999999943,2.5531914893617143,58.00000000000014,time,0.22000000000000064
2023-09-12,1,2023-09-12 09:50:00-04:00,2023-09-12 10:50:00-04:00,11.08,10.52,-0.5600000000000005,0.5500000000000007,-1.0181818181818179,-58.00000000000005,stop,0.45000000000000107
2023-09-13,-1,2023-09-13 10:10:00-04:00,2023-09-13 10:35:00-04:00,10.2792,10.61,-0.3308,0.3208000000000002,-1.0311720698254356,-35.08,stop,0.2599999999999998
2023-09-14,1,2023-09-14 11:05:00-04:00,2023-09-14 15:55:00-04:00,11.16,10.975,-0.1850000000000005,0.5700000000000003,-0.32456140350877266,-20.50000000000005,time,0.5199999999999996
2023-09-15,-1,2023-09-15 10:00:00-04:00,2023-09-15 15:55:00-04:00,10.73,10.78,-0.049999999999998934,0.25,-0.19999999999999574,-6.999999999999893,time,0.23000000000000043
2023-09-18,-1,2023-09-18 09:50:00-04:00,2023-09-18 15:55:00-04:00,11.1,10.946,0.15399999999999991,0.4900000000000002,0.314285714285714,13.399999999999991,time,0.4499999999999993
2023-09-19,-1,2023-09-19 09:55:00-04:00,2023-09-19 11:30:00-04:00,10.74,11.1096,-0.36960000000000015,0.35960000000000036,-1.0278086763070071,-38.960000000000015,stop,0.329600000000001
2023-09-20,1,2023-09-20 09:50:00-04:00,2023-09-20 11:20:00-04:00,10.48,10.22,-0.2599999999999998,0.25,-1.0399999999999991,-27.99999999999998,stop,0.20999999999999908
2023-09-21,1,2023-09-21 13:15:00-04:00,2023-09-21 15:55:00-04:00,9.7439,9.585,-0.15889999999999915,0.3638999999999992,-0.436658422643582,-17.889999999999915,time,0.34999999999999964
2023-09-22,-1,2023-09-22 09:55:00-04:00,2023-09-22 15:55:00-04:00,9.450000000000001,9.25,0.20000000000000107,0.3092999999999986,0.6466214031684513,18.000000000000107,time,0.28749999999999964
2023-09-25,1,2023-09-25 09:55:00-04:00,2023-09-25 15:55:00-04:00,9.235,9.26,0.025000000000000355,0.3244999999999987,0.07704160246533269,0.5000000000000355,time,0.20949999999999847
2023-09-26,-1,2023-09-26 13:45:00-04:00,2023-09-26 15:55:00-04:00,9.0,9.06,-0.0600000000000005,0.3699999999999992,-0.16216216216216384,-8.00000000000005,time,0.34999999999999964
2023-09-27,-1,2023-09-27 10:10:00-04:00,2023-09-27 15:55:00-04:00,9.24,9.02,0.22000000000000064,0.28999999999999915,0.7586206896551768,20.000000000000064,time,0.2699999999999996
2023-09-28,1,2023-09-28 09:55:00-04:00,2023-09-28 15:55:00-04:00,9.16,9.43,0.2699999999999996,0.20500000000000007,1.3170731707317047,24.999999999999957,time,0.16499999999999915
2023-09-29,-1,2023-09-29 10:10:00-04:00,2023-09-29 15:55:00-04:00,9.285,9.334999999999999,-0.049999999999998934,0.3349999999999991,-0.14925373134328082,-6.999999999999893,time,0.23999999999999844
2023-10-02,1,2023-10-02 10:00:00-04:00,2023-10-02 12:05:00-04:00,10.85,10.040000000000001,-0.8099999999999987,0.7999999999999989,-1.0124999999999997,-82.99999999999987,stop,0.738999999999999
2023-10-03,-1,2023-10-03 10:05:00-04:00,2023-10-03 15:55:00-04:00,9.3095,8.785,0.5244999999999997,0.5805000000000007,0.9035314384151578,50.449999999999974,time,0.46000000000000085
2023-10-04,-1,2023-10-04 10:10:00-04:00,2023-10-04 12:35:00-04:00,8.665000000000001,9.03,-0.36499999999999844,0.35499999999999865,-1.0281690140845066,-38.499999999999844,stop,0.28999999999999915
2023-10-05,-1,2023-10-05 09:50:00-04:00,2023-10-05 15:55:00-04:00,9.005,9.01,-0.004999999999999005,0.35999999999999943,-0.013888888888886147,-2.4999999999999005,time,0.3149999999999995
2023-10-06,1,2023-10-06 09:55:00-04:00,2023-10-06 15:55:00-04:00,9.02,9.905,0.8849999999999998,0.2400000000000002,3.687499999999996,86.49999999999997,time,0.16000000000000014
2023-10-09,1,2023-10-09 09:55:00-04:00,2023-10-09 15:55:00-04:00,10.0695,10.15,0.08050000000000068,0.5594999999999999,0.1438784629133167,6.050000000000068,time,0.47499999999999964
2023-10-10,1,2023-10-10 09:55:00-04:00,2023-10-10 15:55:00-04:00,10.2815,10.15,-0.13149999999999906,0.32149999999999856,-0.4090202177293924,-15.149999999999906,time,0.1990999999999996
2023-10-11,-1,2023-10-11 09:55:00-04:00,2023-10-11 15:55:00-04:00,9.67,9.4101,0.2599,0.41000000000000014,0.63390243902439,23.990000000000002,time,0.3650000000000002
2023-10-12,1,2023-10-12 10:10:00-04:00,2023-10-12 15:55:00-04:00,9.455,9.185,-0.2699999999999996,0.3431999999999995,-0.7867132867132866,-28.999999999999957,time,0.2881999999999998
2023-10-13,-1,2023-10-13 10:40:00-04:00,2023-10-13 13:00:00-04:00,9.08,9.29,-0.20999999999999908,0.1999999999999993,-1.0499999999999992,-22.999999999999908,stop,0.17849999999999966
2023-10-16,-1,2023-10-16 09:50:00-04:00,2023-10-16 15:55:00-04:00,9.35,9.43,-0.08000000000000007,1.120000000000001,-0.07142857142857142,-10.000000000000007,time,0.9400000000000013
2023-10-17,1,2023-10-17 09:55:00-04:00,2023-10-17 15:55:00-04:00,9.445,9.65,0.20500000000000007,0.32500000000000107,0.630769230769229,18.500000000000007,time,0.2900000000000009
2023-10-18,-1,2023-10-18 09:50:00-04:00,2023-10-18 15:55:00-04:00,9.290000000000001,8.845,0.4450000000000003,0.3849999999999998,1.1558441558441572,42.50000000000003,time,0.34500000000000064
2023-10-19,-1,2023-10-19 10:00:00-04:00,2023-10-19 10:10:00-04:00,8.68,8.98,-0.3000000000000007,0.2900000000000009,-1.0344827586206888,-32.00000000000007,stop,0.26500000000000057
2023-10-20,1,2023-10-20 09:50:00-04:00,2023-10-20 13:00:00-04:00,9.31,8.98,-0.33000000000000007,0.3200000000000003,-1.0312499999999993,-35.00000000000001,stop,0.3100000000000005
2023-10-23,1,2023-10-23 09:50:00-04:00,2023-10-23 15:55:00-04:00,9.34,9.665000000000001,0.32500000000000107,0.3650000000000002,0.890410958904112,30.500000000000107,time,0.23320000000000007
2023-10-24,-1,2023-10-24 11:40:00-04:00,2023-10-24 15:55:00-04:00,10.3002,10.67,-0.3697999999999997,1.0147999999999993,-0.3644067796610169,-38.97999999999997,time,0.8030999999999988
2023-10-25,1,2023-10-25 10:45:00-04:00,2023-10-25 13:00:00-04:00,11.08,10.65,-0.4299999999999997,0.41999999999999993,-1.0238095238095233,-44.99999999999997,stop,0.3100000000000005
2023-10-26,1,2023-10-26 11:00:00-04:00,2023-10-26 11:25:00-04:00,10.43,10.06,-0.3699999999999992,0.35999999999999943,-1.0277777777777772,-38.99999999999992,stop,0.27500000000000036
2023-10-27,-1,2023-10-27 10:05:00-04:00,2023-10-27 15:55:00-04:00,9.82,9.545,0.27500000000000036,0.35999999999999943,0.7638888888888911,25.500000000000036,time,0.28999999999999915
2023-10-30,1,2023-10-30 09:50:00-04:00,2023-10-30 11:45:00-04:00,10.209999999999999,9.75,-0.4599999999999991,0.4499999999999993,-1.0222222222222217,-47.99999999999991,stop,0.41000000000000014
2023-10-31,1,2023-10-31 10:55:00-04:00,2023-10-31 15:55:00-04:00,9.65,9.75,0.09999999999999964,0.3800000000000008,0.26315789473684065,7.9999999999999645,time,0.3000000000000007
2023-11-01,-1,2023-11-01 09:50:00-04:00,2023-11-01 14:25:00-04:00,9.7728,10.04,-0.267199999999999,0.2571999999999992,-1.0388802488335918,-28.7199999999999,stop,0.1999999999999993
2023-11-02,1,2023-11-02 09:55:00-04:00,2023-11-02 15:55:00-04:00,10.73,11.275,0.5449999999999999,0.32500000000000107,1.6769230769230712,52.49999999999999,time,0.2350000000000012
2023-11-03,1,2023-11-03 09:55:00-04:00,2023-11-03 15:55:00-04:00,11.385,11.375,-0.009999999999999787,0.504999999999999,-0.01980198019801942,-2.9999999999999787,time,0.379999999999999
2023-11-06,-1,2023-11-06 10:20:00-05:00,2023-11-06 15:55:00-05:00,11.5015,11.03,0.4715000000000007,0.3985000000000003,1.1831869510665003,45.15000000000007,time,0.36990000000000123
2023-11-07,1,2023-11-07 15:05:00-05:00,2023-11-07 15:55:00-05:00,11.02,11.055,0.03500000000000014,0.5899999999999999,0.05932203389830534,1.5000000000000142,time,0.5449999999999999
2023-11-08,-1,2023-11-08 09:50:00-05:00,2023-11-08 15:55:00-05:00,10.48,10.27,0.21000000000000085,0.345699999999999,0.6074631183106782,19.000000000000085,time,0.26569999999999894
2023-11-09,1,2023-11-09 09:50:00-05:00,2023-11-09 11:05:00-05:00,11.93,11.05,-0.879999999999999,0.8699999999999992,-1.011494252873563,-89.9999999999999,stop,0.7400000000000002
2023-11-10,-1,2023-11-10 10:05:00-05:00,2023-11-10 15:55:00-05:00,10.105,10.365,-0.2599999999999998,0.3849999999999998,-0.6753246753246751,-27.99999999999998,time,0.2900000000000009
2023-11-14,-1,2023-11-14 10:15:00-05:00,2023-11-14 15:55:00-05:00,9.8873,9.74,0.14729999999999954,0.30269999999999975,0.48662041625371544,12.729999999999954,time,0.27999999999999936
2023-11-15,1,2023-11-15 09:50:00-05:00,2023-11-15 15:55:00-05:00,9.959999999999999,10.67,0.7100000000000009,0.2699999999999996,2.629629629629637,69.00000000000009,time,0.25
2023-11-16,-1,2023-11-16 10:00:00-05:00,2023-11-16 15:55:00-05:00,9.995000000000001,10.18,-0.18499999999999872,0.254999999999999,-0.7254901960784292,-20.499999999999872,time,0.22000000000000064
2023-11-17,-1,2023-11-17 09:50:00-05:00,2023-11-17 11:10:00-05:00,9.950000000000001,10.289,-0.33899999999999864,0.32899999999999885,-1.030395136778115,-35.899999999999864,stop,0.2940000000000005
2023-11-20,1,2023-11-20 10:00:00-05:00,2023-11-20 15:55:00-05:00,11.065,11.31,0.245000000000001,0.47499999999999964,0.515789473684213,22.5000000000001,time,0.3800000000000008
2023-11-21,-1,2023-11-21 09:50:00-05:00,2023-11-21 10:45:00-05:00,10.795,11.08,-0.28500000000000014,0.27500000000000036,-1.0363636363636355,-30.500000000000014,stop,0.1899999999999995
2023-11-22,-1,2023-11-22 09:55:00-05:00,2023-11-22 13:30:00-05:00,10.74,11.29,-0.5499999999999989,0.5399999999999991,-1.0185185185185182,-56.99999999999989,stop,0.4098999999999986
2023-11-27,1,2023-11-27 09:50:00-05:00,2023-11-27 15:55:00-05:00,11.6899,11.82,0.13010000000000055,0.3199000000000005,0.4066895904970314,11.010000000000055,time,0.28000000000000114
2023-11-28,-1,2023-11-28 10:25:00-05:00,2023-11-28 11:40:00-05:00,12.040000000000001,12.39,-0.34999999999999964,0.33999999999999986,-1.0294117647058818,-36.999999999999964,stop,0.3200000000000003
2023-11-29,-1,2023-11-29 09:50:00-05:00,2023-11-29 10:35:00-05:00,12.7393,13.15,-0.4107000000000003,0.4007000000000005,-1.0249563264287491,-43.07000000000003,stop,0.3500000000000014
2023-11-30,1,2023-11-30 10:15:00-05:00,2023-11-30 10:45:00-05:00,13.1005,12.77,-0.3305000000000007,0.3205000000000009,-1.0312012480499213,-35.05000000000007,stop,0.28000000000000114
2023-12-01,1,2023-12-01 09:50:00-05:00,2023-12-01 15:55:00-05:00,13.3807,13.75,0.36930000000000085,0.6706999999999983,0.5506187565230383,34.930000000000085,time,0.6199999999999992
2023-12-04,1,2023-12-04 10:05:00-05:00,2023-12-04 10:30:00-05:00,15.575,14.88,-0.6949999999999985,0.6849999999999987,-1.0145985401459852,-71.49999999999986,stop,0.6699999999999999
2023-12-05,1,2023-12-05 09:55:00-05:00,2023-12-05 15:55:00-05:00,15.34,15.125,-0.21499999999999986,0.4900000000000002,-0.4387755102040812,-23.499999999999986,time,0.47000000000000064
2023-12-06,-1,2023-12-06 10:55:00-05:00,2023-12-06 15:55:00-05:00,14.949,14.765,0.18399999999999928,0.48600000000000065,0.3786008230452655,16.399999999999928,time,0.47499999999999964
2023-12-07,1,2023-12-07 10:00:00-05:00,2023-12-07 15:55:00-05:00,14.74,14.879900000000001,0.1399000000000008,0.6198999999999995,0.22568156154218572,11.99000000000008,time,0.5622999999999987
2023-12-08,1,2023-12-08 09:50:00-05:00,2023-12-08 15:55:00-05:00,15.6701,15.815,0.1448999999999998,0.6301000000000005,0.22996349785748244,12.48999999999998,time,0.5100000000000016
2023-12-11,-1,2023-12-11 10:50:00-05:00,2023-12-11 15:55:00-05:00,14.11,14.025,0.08499999999999908,0.75,0.1133333333333321,6.499999999999908,time,0.7199999999999989
2023-12-12,-1,2023-12-12 09:55:00-05:00,2023-12-12 10:05:00-05:00,13.88,14.26,-0.379999999999999,0.3699999999999992,-1.0270270270270265,-39.9999999999999,stop,0.34999999999999964
2023-12-13,1,2023-12-13 10:05:00-05:00,2023-12-13 15:55:00-05:00,14.055,15.225,1.17,0.27500000000000036,4.254545454545449,115.0,time,0.22500000000000142
2023-12-14,-1,2023-12-14 10:15:00-05:00,2023-12-14 11:20:00-05:00,15.02,15.42,-0.40000000000000036,0.39000000000000057,-1.025641025641025,-42.000000000000036,stop,0.34999999999999964
2023-12-15,-1,2023-12-15 09:50:00-05:00,2023-12-15 11:20:00-05:00,15.120000000000001,15.555,-0.4349999999999987,0.42499999999999893,-1.0235294117647054,-45.49999999999987,stop,0.3949999999999996
2023-12-18,1,2023-12-18 09:50:00-05:00,2023-12-18 15:55:00-05:00,16.270000000000003,16.3801,0.11009999999999565,1.110000000000003,0.099189189189185,9.009999999999565,time,0.9800000000000004
2023-12-19,1,2023-12-19 10:15:00-05:00,2023-12-19 12:00:00-05:00,17.44,16.7001,-0.7399000000000022,0.7299000000000007,-1.0137005069187581,-75.99000000000022,stop,0.6599000000000004
2023-12-20,-1,2023-12-20 11:40:00-05:00,2023-12-20 15:55:00-05:00,17.2,16.46,0.7399999999999984,0.6799999999999997,1.0882352941176452,71.99999999999984,time,0.629999999999999
2023-12-21,-1,2023-12-21 09:50:00-05:00,2023-12-21 15:55:00-05:00,16.52,16.76,-0.240000000000002,0.4499999999999993,-0.5333333333333385,-26.0000000000002,time,0.39000000000000057
2023-12-22,1,2023-12-22 09:55:00-05:00,2023-12-22 15:55:00-05:00,17.375,17.759999999999998,0.384999999999998,0.8550000000000004,0.45029239766081613,36.4999999999998,time,0.6500000000000021
2023-12-26,-1,2023-12-26 10:00:00-05:00,2023-12-26 15:55:00-05:00,17.064999999999998,17.34,-0.27500000000000213,0.4750000000000014,-0.5789473684210554,-29.500000000000213,time,0.35999999999999943
2023-12-27,-1,2023-12-27 10:25:00-05:00,2023-12-27 11:35:00-05:00,17.709699999999998,18.32,-0.6103000000000023,0.6003000000000007,-1.0166583374979203,-63.03000000000023,stop,0.4499999999999993
2023-12-28,-1,2023-12-28 09:50:00-05:00,2023-12-28 15:55:00-05:00,17.709999999999997,17.610000000000003,0.09999999999999432,0.6600000000000037,0.15151515151514205,7.999999999999432,time,0.5
2023-12-29,-1,2023-12-29 10:00:00-05:00,2023-12-29 15:55:00-05:00,17.680699999999998,15.48,2.2006999999999977,0.5043000000000006,4.363870711877841,218.06999999999977,time,0.46499999999999986
2024-01-02,-1,2024-01-02 09:50:00-05:00,2024-01-02 15:55:00-05:00,16.064999999999998,15.42,0.6449999999999978,1.0450000000000017,0.617224880382772,62.49999999999977,time,0.5999999999999979
2024-01-03,1,2024-01-03 09:55:00-05:00,2024-01-03 15:55:00-05:00,14.51,15.02,0.5099999999999998,0.7599999999999998,0.6710526315789472,48.99999999999998,time,0.6400000000000006
2024-01-04,1,2024-01-04 09:55:00-05:00,2024-01-04 15:55:00-05:00,15.34,15.84,0.5,0.39000000000000057,1.2820512820512802,48.0,time,0.370000000000001
2024-01-05,-1,2024-01-05 11:10:00-05:00,2024-01-05 15:55:00-05:00,14.7803,14.82,-0.039699999999999847,0.7846999999999991,-0.05059258315279711,-5.969999999999985,time,0.754999999999999
2024-01-08,-1,2024-01-08 09:50:00-05:00,2024-01-08 12:55:00-05:00,14.84,15.459999999999999,-0.6199999999999992,0.6099999999999994,-1.0163934426229504,-63.99999999999992,stop,0.5549999999999997
2024-01-09,1,2024-01-09 10:35:00-05:00,2024-01-09 15:55:00-05:00,15.985,15.719,-0.266,0.41499999999999915,-0.6409638554216881,-28.6,time,0.379999999999999
2024-01-10,-1,2024-01-10 09:55:00-05:00,2024-01-10 10:35:00-05:00,14.93,15.4,-0.47000000000000064,0.46000000000000085,-1.021739130434782,-49.000000000000064,stop,0.41000000000000014
2024-01-11,-1,2024-01-11 10:05:00-05:00,2024-01-11 15:55:00-05:00,15.655,13.1,2.5549999999999997,1.3650000000000002,1.8717948717948714,253.49999999999997,time,0.879999999999999
2024-01-12,-1,2024-01-12 10:15:00-05:00,2024-01-12 15:55:00-05:00,12.01,11.73,0.27999999999999936,0.75,0.37333333333333246,25.999999999999936,time,0.629999999999999
2024-01-16,1,2024-01-16 09:55:00-05:00,2024-01-16 15:55:00-05:00,11.6199,11.27,-0.3498999999999999,0.649799999999999,-0.5384733764235156,-36.98999999999999,time,0.559899999999999
2024-01-17,-1,2024-01-17 11:20:00-05:00,2024-01-17 15:55:00-05:00,10.685,10.875,-0.1899999999999995,0.4450000000000003,-0.42696629213483006,-20.99999999999995,time,0.4098000000000006
2024-01-18,1,2024-01-18 10:20:00-05:00,2024-01-18 11:00:00-05:00,11.129999999999999,10.620000000000001,-0.509999999999998,0.4999999999999982,-1.0199999999999996,-52.9999999999998,stop,0.40999999999999837
2024-01-19,-1,2024-01-19 10:05:00-05:00,2024-01-19 15:55:00-05:00,9.92,10.299999999999999,-0.379999999999999,0.47000000000000064,-0.8085106382978692,-39.9999999999999,time,0.4299999999999997
2024-01-22,1,2024-01-22 09:55:00-05:00,2024-01-22 15:55:00-05:00,10.7301,10.6,-0.13010000000000055,0.8901000000000003,-0.14616335243231154,-15.010000000000055,time,0.7599999999999998
2024-01-23,1,2024-01-23 10:05:00-05:00,2024-01-23 15:55:00-05:00,10.2999,10.370000000000001,0.07010000000000183,0.33039999999999914,0.21216707021792375,5.010000000000183,time,0.29049999999999976
2024-01-24,-1,2024-01-24 09:50:00-05:00,2024-01-24 15:55:00-05:00,10.55,10.0824,0.4676000000000009,0.3699999999999992,1.2637837837837889,44.76000000000009,time,0.33999999999999986
2024-01-25,1,2024-01-25 10:00:00-05:00,2024-01-25 15:55:00-05:00,10.41,10.64,0.23000000000000043,0.41999999999999993,0.5476190476190488,21.000000000000043,time,0.3468
2024-01-26,1,2024-01-26 11:30:00-05:00,2024-01-26 15:55:00-05:00,11.424999999999999,11.345,-0.0799999999999983,0.5249999999999986,-0.15238095238094954,-9.99999999999983,time,0.4900000000000002
2024-01-29,1,2024-01-29 10:10:00-05:00,2024-01-29 14:45:00-05:00,11.62,11.23,-0.3899999999999988,0.379999999999999,-1.0263157894736836,-40.99999999999988,stop,0.3200000000000003
2024-01-30,-1,2024-01-30 10:55:00-05:00,2024-01-30 15:55:00-05:00,11.43,11.35,0.08000000000000007,0.3000000000000007,0.2666666666666663,6.000000000000007,time,0.28500000000000014
2024-01-31,1,2024-01-31 09:50:00-05:00,2024-01-31 15:55:00-05:00,11.31,10.88,-0.4299999999999997,0.4400000000000013,-0.9772727272727237,-44.99999999999997,time,0.39000000000000057
2024-02-01,-1,2024-02-01 10:45:00-05:00,2024-02-01 12:10:00-05:00,10.73,11.15,-0.41999999999999993,0.41000000000000014,-1.0243902439024386,-43.99999999999999,stop,0.3863000000000003
2024-02-02,1,2024-02-02 10:40:00-05:00,2024-02-02 15:55:00-05:00,11.299999999999999,11.200000000000001,-0.09999999999999787,0.379999999999999,-0.2631578947368372,-11.999999999999787,time,0.3200000000000003
2024-02-05,-1,2024-02-05 09:50:00-05:00,2024-02-05 15:55:00-05:00,10.81,10.36,0.45000000000000107,0.5099999999999998,0.882352941176473,43.00000000000011,time,0.47000000000000064
2024-02-06,1,2024-02-06 10:10:00-05:00,2024-02-06 15:55:00-05:00,10.69,10.805,0.11500000000000021,0.4361999999999995,0.26364053186611724,9.500000000000021,time,0.38620000000000054
2024-02-07,-1,2024-02-07 10:05:00-05:00,2024-02-07 12:20:00-05:00,10.445,10.91,-0.46499999999999986,0.45500000000000007,-1.0219780219780215,-48.499999999999986,stop,0.33500000000000085
2024-02-08,1,2024-02-08 10:30:00-05:00,2024-02-08 15:55:00-05:00,12.32,13.045,0.7249999999999996,0.5899999999999999,1.2288135593220335,70.49999999999997,time,0.5299999999999994
2024-02-09,-1,2024-02-09 10:05:00-05:00,2024-02-09 11:20:00-05:00,13.621,14.1799,-0.5588999999999995,0.5488999999999997,-1.0182182546912002,-57.88999999999995,stop,0.49990000000000023
2024-02-12,1,2024-02-12 09:50:00-05:00,2024-02-12 15:55:00-05:00,15.629999999999999,15.915000000000001,0.2850000000000019,1.0799999999999983,0.26388888888889106,26.500000000000192,time,1.0192999999999994
2024-02-13,1,2024-02-13 10:40:00-05:00,2024-02-13 15:55:00-05:00,15.53,15.43,-0.09999999999999964,1.4299999999999997,-0.0699300699300697,-11.999999999999964,time,1.3000000000000007
2024-02-14,1,2024-02-14 14:50:00-05:00,2024-02-14 15:55:00-05:00,17.240000000000002,17.61,0.36999999999999744,0.5799000000000021,0.6380410415588827,34.999999999999744,time,0.5593000000000004
2024-02-15,-1,2024-02-15 10:00:00-05:00,2024-02-15 15:55:00-05:00,17.45,16.5328,0.9171999999999976,0.7899999999999991,1.1610126582278464,89.71999999999976,time,0.6199999999999974
2024-02-16,-1,2024-02-16 09:55:00-05:00,2024-02-16 11:10:00-05:00,15.935,17.07,-1.1349999999999998,1.1249999999999982,-1.0088888888888903,-115.49999999999997,stop,0.5999999999999979
2024-02-20,-1,2024-02-20 10:15:00-05:00,2024-02-20 15:55:00-05:00,15.715,16.060000000000002,-0.3450000000000024,0.9750000000000014,-0.3538461538461558,-36.50000000000024,time,0.8100000000000005
2024-02-21,1,2024-02-21 10:25:00-05:00,2024-02-21 15:50:00-05:00,15.57,15.1076,-0.4624000000000006,0.4524000000000008,-1.0221043324491594,-48.24000000000006,stop,0.4074000000000009
2024-02-22,1,2024-02-22 09:50:00-05:00,2024-02-22 15:55:00-05:00,15.59,15.700000000000001,0.11000000000000121,0.6600000000000001,0.16666666666666846,9.00000000000012,time,0.5649999999999995
2024-02-23,-1,2024-02-23 10:25:00-05:00,2024-02-23 15:55:00-05:00,14.735,14.85,-0.11500000000000021,0.5750000000000011,-0.2,-13.500000000000021,time,0.5600000000000005
2024-02-26,1,2024-02-26 09:50:00-05:00,2024-02-26 15:55:00-05:00,16.1,17.36,1.259999999999998,1.2100000000000009,1.0413223140495844,123.9999999999998,time,1.0479000000000003
2024-02-27,-1,2024-02-27 09:50:00-05:00,2024-02-27 15:55:00-05:00,17.555,16.810000000000002,0.7449999999999974,0.8049999999999997,0.925465838509314,72.49999999999974,time,0.5599999999999987
2024-02-28,-1,2024-02-28 09:55:00-05:00,2024-02-28 15:55:00-05:00,16.74,15.67,1.0699999999999985,0.8500000000000014,1.258823529411761,104.99999999999986,time,0.7600000000000016
2024-02-29,-1,2024-02-29 09:50:00-05:00,2024-02-29 15:55:00-05:00,14.76,14.12,0.6400000000000006,1.0649999999999995,0.600938967136151,62.00000000000006,time,0.8149999999999995
2024-03-01,1,2024-03-01 12:15:00-05:00,2024-03-01 15:55:00-05:00,14.31,14.4275,0.11749999999999972,0.8300000000000001,0.14156626506024061,9.749999999999972,time,0.8099999999999987
2024-03-04,-1,2024-03-04 10:30:00-05:00,2024-03-04 15:55:00-05:00,14.386000000000001,13.48,0.9060000000000006,0.6039999999999992,1.5000000000000029,88.60000000000005,time,0.5500000000000007
2024-03-05,-1,2024-03-05 10:20:00-05:00,2024-03-05 15:55:00-05:00,12.6206,12.26,0.3605999999999998,0.8293999999999997,0.4347721244272968,34.05999999999998,time,0.6199999999999992
2024-03-06,-1,2024-03-06 09:50:00-05:00,2024-03-06 15:55:00-05:00,12.4499,12.12,0.3299000000000003,0.5701,0.5786704087002286,30.99000000000003,time,0.4399999999999995
2024-03-07,-1,2024-03-07 10:20:00-05:00,2024-03-07 15:55:00-05:00,11.845,11.99,-0.14499999999999957,0.5149999999999988,-0.28155339805825225,-16.499999999999957,time,0.4900000000000002
2024-03-08,1,2024-03-08 09:50:00-05:00,2024-03-08 15:55:00-05:00,12.68,12.34,-0.33999999999999986,0.6649999999999991,-0.5112781954887222,-35.999999999999986,time,0.6349999999999998
2024-03-11,-1,2024-03-11 09:50:00-04:00,2024-03-11 15:55:00-04:00,12.42,11.79,0.6300000000000008,0.4800000000000004,1.3125000000000004,61.00000000000008,time,0.47000000000000064
2024-03-13,1,2024-03-13 10:10:00-04:00,2024-03-13 15:55:00-04:00,12.07,11.72,-0.34999999999999964,0.4299999999999997,-0.8139534883720927,-36.999999999999964,time,0.3999999999999986
2024-03-14,-1,2024-03-14 09:50:00-04:00,2024-03-14 15:55:00-04:00,10.99,10.942499999999999,0.04750000000000121,0.5399999999999991,0.08796296296296534,2.750000000000121,time,0.4399999999999995
2024-03-15,1,2024-03-15 10:35:00-04:00,2024-03-15 15:55:00-04:00,11.0586,11.615,0.5564,0.39860000000000007,1.3958855995985948,53.64,time,0.3699999999999992
2024-03-18,1,2024-03-18 11:30:00-04:00,2024-03-18 15:55:00-04:00,11.6,11.41,-0.1899999999999995,0.4599999999999991,-0.4130434782608693,-20.99999999999995,time,0.4399999999999995
2024-03-19,-1,2024-03-19 10:00:00-04:00,2024-03-19 12:05:00-04:00,10.6699,11.06,-0.39010000000000034,0.38010000000000055,-1.026308866087871,-41.01000000000003,stop,0.3495000000000008
2024-03-20,-1,2024-03-20 09:50:00-04:00,2024-03-20 10:20:00-04:00,11.290000000000001,11.83,-0.5399999999999991,0.5299999999999994,-1.0188679245283014,-55.999999999999915,stop,0.44010000000000105
2024-03-21,1,2024-03-21 10:15:00-04:00,2024-03-21 12:00:00-04:00,12.57,12.18,-0.39000000000000057,0.3800000000000008,-1.0263157894736836,-41.00000000000006,stop,0.345600000000001
2024-03-22,-1,2024-03-22 10:25:00-04:00,2024-03-22 15:55:00-04:00,11.370000000000001,11.415,-0.04499999999999815,0.4399999999999995,-0.10227272727272319,-6.499999999999815,time,0.3849999999999998
2024-03-25,1,2024-03-25 09:55:00-04:00,2024-03-25 15:55:00-04:00,12.1,12.425,0.32500000000000107,0.5099999999999998,0.6372549019607867,30.500000000000107,time,0.41999999999999993
2024-03-26,-1,2024-03-26 10:30:00-04:00,2024-03-26 11:35:00-04:00,12.0,12.53,-0.5299999999999994,0.5199999999999996,-1.019230769230769,-54.999999999999936,stop,0.4800000000000004
2024-03-27,-1,2024-03-27 10:05:00-04:00,2024-03-27 15:55:00-04:00,11.74,12.25,-0.5099999999999998,0.75,-0.6799999999999997,-52.99999999999998,time,0.6300000000000008
2024-03-28,1,2024-03-28 10:30:00-04:00,2024-03-28 13:00:00-04:00,12.879999999999999,12.325000000000001,-0.5549999999999979,0.5449999999999982,-1.0183486238532107,-57.499999999999794,stop,0.5149999999999988
2024-04-01,1,2024-04-01 09:50:00-04:00,2024-04-01 10:15:00-04:00,12.245,11.81,-0.4349999999999987,0.42499999999999893,-1.0235294117647054,-45.49999999999987,stop,0.34999999999999964
2024-04-03,1,2024-04-03 10:05:00-04:00,2024-04-03 11:30:00-04:00,10.73,10.46,-0.2699999999999996,0.2599999999999998,-1.0384615384615377,-28.999999999999957,stop,0.20999999999999908
2024-04-04,1,2024-04-04 10:45:00-04:00,2024-04-04 11:05:00-04:00,10.805,10.4718,-0.3331999999999997,0.32319999999999993,-1.0309405940594052,-35.31999999999997,stop,0.25820000000000043
2024-04-05,1,2024-04-05 10:00:00-04:00,2024-04-05 15:55:00-04:00,10.295,10.186,-0.10899999999999999,0.40499999999999936,-0.2691358024691362,-12.899999999999999,time,0.379999999999999
2024-04-08,-1,2024-04-08 10:00:00-04:00,2024-04-08 15:55:00-04:00,10.23,10.055,0.1750000000000007,0.5299999999999994,0.3301886792452848,15.500000000000071,time,0.44810000000000016
2024-04-09,1,2024-04-09 10:25:00-04:00,2024-04-09 15:55:00-04:00,10.195,9.98,-0.21499999999999986,0.3849999999999998,-0.5584415584415584,-23.499999999999986,time,0.3699999999999992
2024-04-10,1,2024-04-10 10:00:00-04:00,2024-04-10 15:55:00-04:00,9.99,9.870000000000001,-0.11999999999999922,0.3800000000000008,-0.31578947368420784,-13.999999999999922,time,0.33999999999999986
2024-04-11,-1,2024-04-11 11:10:00-04:00,2024-04-11 15:55:00-04:00,9.67,9.76,-0.08999999999999986,0.24499999999999922,-0.3673469387755108,-10.999999999999986,time,0.22499999999999964
2024-04-12,-1,2024-04-12 09:50:00-04:00,2024-04-12 15:55:00-04:00,9.405,9.1035,0.301499999999999,0.28500000000000014,1.0578947368421012,28.1499999999999,time,0.2400000000000002
2024-04-15,-1,2024-04-15 09:55:00-04:00,2024-04-15 15:55:00-04:00,8.94,8.584999999999999,0.3550000000000004,0.27500000000000036,1.2909090909090908,33.50000000000004,time,0.254999999999999
2024-04-16,-1,2024-04-16 09:50:00-04:00,2024-04-16 15:55:00-04:00,8.17,8.0798,0.09019999999999939,0.2400000000000002,0.37583333333333047,7.019999999999939,time,0.1999999999999993
2024-04-17,-1,2024-04-17 10:05:00-04:00,2024-04-17 15:55:00-04:00,8.0608,7.97,0.09080000000000066,0.31909999999999883,0.284550297712319,7.080000000000066,time,0.2898999999999994
2024-04-18,1,2024-04-18 10:00:00-04:00,2024-04-18 15:55:00-04:00,8.1,8.299900000000001,0.1999000000000013,0.2999999999999998,0.6663333333333381,17.99000000000013,time,0.2397999999999998
2024-04-19,-1,2024-04-19 10:40:00-04:00,2024-04-19 10:55:00-04:00,8.485,8.78,-0.29499999999999993,0.28500000000000014,-1.0350877192982448,-31.499999999999993,stop,0.254999999999999
2024-04-22,1,2024-04-22 09:50:00-04:00,2024-04-22 15:55:00-04:00,9.935,11.251100000000001,1.3161000000000005,0.3539000000000012,3.718847131958169,129.61000000000004,time,0.26890000000000036
2024-04-23,1,2024-04-23 09:55:00-04:00,2024-04-23 15:55:00-04:00,11.845,11.84,-0.005000000000000782,0.8050000000000015,-0.006211180124224562,-2.500000000000078,time,0.6600000000000001
2024-04-24,1,2024-04-24 09:50:00-04:00,2024-04-24 15:55:00-04:00,12.45,11.86,-0.5899999999999999,0.7399999999999984,-0.7972972972972988,-60.999999999999986,time,0.7149999999999999
2024-04-25,1,2024-04-25 10:05:00-04:00,2024-04-25 15:55:00-04:00,11.4,12.09,0.6899999999999995,0.5199999999999996,1.326923076923077,66.99999999999994,time,0.48999999999999844
2024-04-26,1,2024-04-26 09:50:00-04:00,2024-04-26 15:30:00-04:00,12.2894,11.82,-0.46940000000000026,0.4594000000000005,-1.0217675228558984,-48.940000000000026,stop,0.33000000000000007
2024-04-29,-1,2024-04-29 09:55:00-04:00,2024-04-29 11:25:00-04:00,11.0153,11.549999999999999,-0.5346999999999991,0.5246999999999993,-1.019058509624547,-55.46999999999991,stop,0.5
2024-04-30,-1,2024-04-30 10:30:00-04:00,2024-04-30 15:55:00-04:00,10.47,10.115,0.3550000000000004,0.4299999999999997,0.8255813953488388,33.50000000000004,time,0.39000000000000057
2024-05-01,-1,2024-05-01 11:20:00-04:00,2024-05-01 14:00:00-04:00,9.6613,10.15,-0.4886999999999997,0.4786999999999999,-1.0208899101733857,-50.86999999999997,stop,0.4294000000000011
2024-05-02,-1,2024-05-02 09:50:00-04:00,2024-05-02 15:55:00-04:00,10.045,10.31,-0.26500000000000057,0.3949999999999996,-0.6708860759493692,-28.500000000000057,time,0.375
2024-05-03,1,2024-05-03 09:50:00-04:00,2024-05-03 11:00:00-04:00,11.072799999999999,10.56,-0.5127999999999986,0.5027999999999988,-1.019888623707239,-53.27999999999986,stop,0.41000000000000014
2024-05-06,1,2024-05-06 10:05:00-04:00,2024-05-06 15:55:00-04:00,10.94,10.77,-0.16999999999999993,0.34999999999999964,-0.485714285714286,-18.999999999999993,time,0.33999999999999986
2024-05-07,-1,2024-05-07 09:50:00-04:00,2024-05-07 15:55:00-04:00,10.4,10.18,0.22000000000000064,0.23990000000000045,0.917048770320968,20.000000000000064,time,0.17989999999999995
2024-05-08,1,2024-05-08 10:25:00-04:00,2024-05-08 15:55:00-04:00,10.12,10.35,0.23000000000000043,0.34499999999999886,0.6666666666666701,21.000000000000043,time,0.29330000000000034
2024-05-09,1,2024-05-09 11:10:00-04:00,2024-05-09 15:55:00-04:00,10.385,10.26,-0.125,0.28500000000000014,-0.43859649122806993,-14.5,time,0.23000000000000043
2024-05-10,-1,2024-05-10 10:10:00-04:00,2024-05-10 15:55:00-04:00,9.9012,9.209999999999999,0.6912000000000003,0.4588000000000001,1.5065387968613777,67.12000000000003,time,0.35499999999999865
2024-05-13,1,2024-05-13 09:55:00-04:00,2024-05-13 15:55:00-04:00,9.74,9.495000000000001,-0.24499999999999922,0.33999999999999986,-0.7205882352941156,-26.499999999999922,time,0.23000000000000043
2024-05-14,1,2024-05-14 10:00:00-04:00,2024-05-14 15:55:00-04:00,9.62,9.765,0.14500000000000135,0.379999999999999,0.3815789473684256,12.500000000000135,time,0.33000000000000007
2024-05-15,-1,2024-05-15 09:50:00-04:00,2024-05-15 14:30:00-04:00,9.915000000000001,10.31,-0.3949999999999996,0.3849999999999998,-1.0259740259740255,-41.49999999999996,stop,0.28000000000000114
2024-05-16,-1,2024-05-16 10:10:00-04:00,2024-05-16 15:55:00-04:00,10.085,10.015,0.07000000000000028,0.3249999999999993,0.21538461538461673,5.000000000000028,time,0.2599999999999998
2024-05-17,1,2024-05-17 11:00:00-04:00,2024-05-17 15:55:00-04:00,10.4397,10.040000000000001,-0.3996999999999993,0.4897000000000009,-0.8162140085766766,-41.96999999999993,time,0.41000000000000014
2024-05-20,1,2024-05-20 11:20:00-04:00,2024-05-20 15:55:00-04:00,10.23,10.96,0.7300000000000004,0.34500000000000064,2.1159420289855047,71.00000000000004,time,0.3049999999999997
2024-05-21,-1,2024-05-21 10:30:00-04:00,2024-05-21 15:55:00-04:00,10.84,10.61,0.23000000000000043,0.4499999999999993,0.5111111111111128,21.000000000000043,time,0.40999999999999837
2024-05-22,1,2024-05-22 09:50:00-04:00,2024-05-22 14:25:00-04:00,10.865,10.55,-0.3149999999999995,0.3049999999999997,-1.032786885245901,-33.49999999999995,stop,0.22999999999999865
2024-05-23,-1,2024-05-23 09:50:00-04:00,2024-05-23 15:55:00-04:00,10.200000000000001,9.99,0.21000000000000085,0.7799999999999994,0.26923076923077055,19.000000000000085,time,0.6600000000000001
2024-05-24,-1,2024-05-24 09:55:00-04:00,2024-05-24 10:25:00-04:00,9.97,10.26,-0.28999999999999915,0.27999999999999936,-1.0357142857142851,-30.999999999999915,stop,0.23000000000000043
2024-05-28,1,2024-05-28 10:20:00-04:00,2024-05-28 14:35:00-04:00,10.7219,10.21,-0.5118999999999989,0.5018999999999991,-1.019924287706714,-53.18999999999989,stop,0.41000000000000014
2024-05-29,1,2024-05-29 10:15:00-04:00,2024-05-29 11:15:00-04:00,10.39,10.15,-0.2400000000000002,0.23000000000000043,-1.0434782608695643,-26.00000000000002,stop,0.2151999999999994
2024-05-30,1,2024-05-30 09:50:00-04:00,2024-05-30 10:40:00-04:00,10.43,10.09,-0.33999999999999986,0.33000000000000007,-1.0303030303030296,-35.999999999999986,stop,0.22000000000000064
2024-05-31,-1,2024-05-31 10:15:00-04:00,2024-05-31 15:55:00-04:00,9.865,9.76,0.10500000000000043,0.42499999999999893,0.24705882352941338,8.500000000000043,time,0.2599999999999998
2024-06-03,-1,2024-06-03 10:00:00-04:00,2024-06-03 15:55:00-04:00,9.97,9.66,0.3100000000000005,0.2599999999999998,1.1923076923076952,29.00000000000005,time,0.22000000000000064
2024-06-04,-1,2024-06-04 10:00:00-04:00,2024-06-04 11:50:00-04:00,9.620000000000001,9.879199999999999,-0.2591999999999981,0.2491999999999983,-1.0401284109149271,-27.91999999999981,stop,0.20420000000000016
2024-06-05,-1,2024-06-05 09:50:00-04:00,2024-06-05 15:55:00-04:00,9.025,9.655,-0.629999999999999,0.8349999999999991,-0.7544910179640715,-64.9999999999999,time,0.7599999999999998
2024-06-06,1,2024-06-06 10:10:00-04:00,2024-06-06 15:55:00-04:00,9.83,10.14,0.3100000000000005,0.39000000000000057,0.7948717948717949,29.00000000000005,time,0.370000000000001
2024-06-07,1,2024-06-07 09:55:00-04:00,2024-06-07 11:40:00-04:00,10.41,10.16,-0.25,0.2400000000000002,-1.0416666666666659,-27.0,stop,0.1899999999999995
2024-06-10,1,2024-06-10 10:05:00-04:00,2024-06-10 15:55:00-04:00,9.78,9.8866,0.10660000000000025,0.3099999999999987,0.3438709677419377,8.660000000000025,time,0.2699999999999996
2024-06-11,1,2024-06-11 13:15:00-04:00,2024-06-11 15:55:00-04:00,9.6699,9.975,0.3050999999999995,0.6249000000000002,0.48823811809889484,28.50999999999995,time,0.6050000000000004
2024-06-12,-1,2024-06-12 09:55:00-04:00,2024-06-12 11:10:00-04:00,10.24,10.64,-0.40000000000000036,0.39000000000000057,-1.025641025641025,-42.000000000000036,stop,0.34000000000000163
2024-06-13,-1,2024-06-13 11:40:00-04:00,2024-06-13 15:55:00-04:00,10.52,10.99,-0.47000000000000064,0.6900000000000013,-0.6811594202898548,-49.000000000000064,time,0.6300000000000008
2024-06-14,-1,2024-06-14 10:05:00-04:00,2024-06-14 15:55:00-04:00,10.7203,10.549999999999999,0.170300000000001,0.29969999999999963,0.568234901568239,15.0300000000001,time,0.1999999999999993
2024-06-17,1,2024-06-17 11:10:00-04:00,2024-06-17 15:55:00-04:00,10.51,10.89,0.3800000000000008,0.3200000000000003,1.1875000000000013,36.00000000000008,time,0.2900000000000009
2024-06-18,1,2024-06-18 10:15:00-04:00,2024-06-18 15:55:00-04:00,10.645,10.66,0.015000000000000568,0.24499999999999922,0.061224489795920885,-0.49999999999994316,time,0.23000000000000043
2024-06-20,-1,2024-06-20 10:20:00-04:00,2024-06-20 15:55:00-04:00,10.6175,10.42,0.1974999999999998,0.5425000000000004,0.3640552995391698,17.74999999999998,time,0.39000000000000057
2024-06-21,-1,2024-06-21 10:05:00-04:00,2024-06-21 15:55:00-04:00,9.8499,9.549999999999999,0.29990000000000094,0.2801000000000009,1.0706890396287039,27.990000000000094,time,0.2400000000000002
2024-06-24,1,2024-06-24 10:40:00-04:00,2024-06-24 12:55:00-04:00,9.5506,9.11,-0.4405999999999999,0.4306000000000001,-1.0232234091964696,-46.05999999999999,stop,0.39500000000000135
2024-06-25,1,2024-06-25 10:25:00-04:00,2024-06-25 13:00:00-04:00,9.42,9.21,-0.20999999999999908,0.1999999999999993,-1.0499999999999992,-22.999999999999908,stop,0.16000000000000014
2024-06-26,1,2024-06-26 10:00:00-04:00,2024-06-26 15:00:00-04:00,9.32,9.065,-0.2550000000000008,0.245000000000001,-1.0408163265306112,-27.500000000000078,stop,0.22500000000000142
2024-06-27,1,2024-06-27 09:50:00-04:00,2024-06-27 09:50:00-04:00,9.27,9.14,-0.129999999999999,0.11999999999999922,-1.0833333333333321,-14.9999999999999,stop,0.08999999999999986
2024-06-28,-1,2024-06-28 11:05:00-04:00,2024-06-28 15:50:00-04:00,8.985,9.209999999999999,-0.22499999999999964,0.21499999999999986,-1.0465116279069757,-24.499999999999964,stop,0.17999999999999972
2024-07-01,1,2024-07-01 10:30:00-04:00,2024-07-01 15:55:00-04:00,9.605,9.94,0.3349999999999991,0.245000000000001,1.3673469387755008,31.499999999999908,time,0.22000000000000064
2024-07-02,1,2024-07-02 09:50:00-04:00,2024-07-02 10:00:00-04:00,9.98,9.77,-0.21000000000000085,0.20000000000000107,-1.0499999999999987,-23.000000000000085,stop,0.19000000000000128
2024-07-05,1,2024-07-05 10:00:00-04:00,2024-07-05 15:55:00-04:00,9.325,9.620000000000001,0.2950000000000017,0.28500000000000014,1.035087719298251,27.50000000000017,time,0.2392000000000003
2024-07-08,-1,2024-07-08 09:55:00-04:00,2024-07-08 15:55:00-04:00,9.700000000000001,9.405,0.2950000000000017,0.34999999999999964,0.8428571428571486,27.50000000000017,time,0.33000000000000007
2024-07-09,-1,2024-07-09 10:05:00-04:00,2024-07-09 15:55:00-04:00,9.2301,9.16,0.07010000000000005,0.2599,0.26971912273951537,5.010000000000005,time,0.20000000000000107
2024-07-10,1,2024-07-10 10:50:00-04:00,2024-07-10 13:20:00-04:00,9.2918,9.08,-0.2118000000000002,0.20180000000000042,-1.0495540138751227,-23.18000000000002,stop,0.17999999999999972
2024-07-11,-1,2024-07-11 10:20:00-04:00,2024-07-11 10:30:00-04:00,9.33,9.674999999999999,-0.34499999999999886,0.3349999999999991,-1.0298507462686561,-36.499999999999886,stop,0.2749999999999986
2024-07-12,1,2024-07-12 09:50:00-04:00,2024-07-12 15:55:00-04:00,9.6,9.795,0.19500000000000028,0.23000000000000043,0.8478260869565214,17.50000000000003,time,0.21000000000000085
2024-07-15,1,2024-07-15 10:05:00-04:00,2024-07-15 15:55:00-04:00,10.415,11.47,1.0550000000000015,0.17499999999999893,6.028571428571474,103.50000000000014,time,0.16000000000000014
2024-07-16,-1,2024-07-16 10:05:00-04:00,2024-07-16 11:10:00-04:00,11.25,11.73,-0.4800000000000004,0.47000000000000064,-1.0212765957446803,-50.00000000000004,stop,0.3100000000000005
2024-07-17,1,2024-07-17 09:50:00-04:00,2024-07-17 11:40:00-04:00,12.87,12.32,-0.5499999999999989,0.5399999999999991,-1.0185185185185182,-56.99999999999989,stop,0.4499999999999993
2024-07-18,-1,2024-07-18 10:15:00-04:00,2024-07-18 15:55:00-04:00,11.821,10.945,0.8759999999999994,1.0039999999999996,0.8725099601593623,85.59999999999994,time,0.9749999999999996
2024-07-19,1,2024-07-19 10:10:00-04:00,2024-07-19 15:55:00-04:00,11.365,12.005,0.6400000000000006,0.48499999999999943,1.319587628865982,62.00000000000006,time,0.3999999999999986
2024-07-22,-1,2024-07-22 09:50:00-04:00,2024-07-22 15:55:00-04:00,11.8475,12.24,-0.39250000000000007,0.6024999999999991,-0.6514522821576774,-41.25000000000001,time,0.5
2024-07-23,-1,2024-07-23 09:55:00-04:00,2024-07-23 10:05:00-04:00,11.69,12.11,-0.41999999999999993,0.41000000000000014,-1.0243902439024386,-43.99999999999999,stop,0.28500000000000014
2024-07-24,-1,2024-07-24 09:55:00-04:00,2024-07-24 15:55:00-04:00,11.700000000000001,11.33,0.370000000000001,0.379999999999999,0.9736842105263209,35.0000000000001,time,0.34999999999999964
2024-07-25,1,2024-07-25 10:25:00-04:00,2024-07-25 15:55:00-04:00,11.1,10.73,-0.3699999999999992,0.4599999999999991,-0.8043478260869564,-38.99999999999992,time,0.33999999999999986
2024-07-26,1,2024-07-26 09:55:00-04:00,2024-07-26 10:15:00-04:00,11.709999999999999,11.32,-0.3899999999999988,0.379999999999999,-1.0263157894736836,-40.99999999999988,stop,0.33000000000000007
2024-07-29,-1,2024-07-29 09:55:00-04:00,2024-07-29 15:55:00-04:00,11.41,10.64,0.7699999999999996,0.5199999999999996,1.480769230769231,74.99999999999996,time,0.4800000000000004
2024-07-30,-1,2024-07-30 10:05:00-04:00,2024-07-30 15:55:00-04:00,10.510200000000001,10.379999999999999,0.1302000000000021,0.2397999999999989,0.5429524603836643,11.02000000000021,time,0.2195999999999998
2024-07-31,-1,2024-07-31 14:15:00-04:00,2024-07-31 14:50:00-04:00,10.44,10.709999999999999,-0.2699999999999996,0.2599999999999998,-1.0384615384615377,-28.999999999999957,stop,0.21999999999999886
2024-08-01,-1,2024-08-01 12:55:00-04:00,2024-08-01 15:55:00-04:00,9.685,9.35,0.33500000000000085,0.5749999999999993,0.5826086956521761,31.500000000000085,time,0.4900000000000002
2024-08-02,-1,2024-08-02 10:35:00-04:00,2024-08-02 15:55:00-04:00,9.1,8.59,0.5099999999999998,0.3087,1.6520894071914474,48.99999999999998,time,0.24869999999999948
2024-08-05,1,2024-08-05 09:50:00-04:00,2024-08-05 15:55:00-04:00,8.084999999999999,8.3,0.21500000000000163,0.8349999999999991,0.257485029940122,19.500000000000163,time,0.6500000000000004
2024-08-06,1,2024-08-06 13:55:00-04:00,2024-08-06 15:55:00-04:00,8.57,8.41,-0.16000000000000014,0.5199999999999996,-0.3076923076923082,-18.000000000000014,time,0.48999999999999844
2024-08-07,-1,2024-08-07 10:05:00-04:00,2024-08-07 15:55:00-04:00,8.23,7.645,0.5850000000000009,0.40000000000000036,1.4625000000000008,56.500000000000085,time,0.3200000000000003
2024-08-08,-1,2024-08-08 09:50:00-04:00,2024-08-08 10:25:00-04:00,7.805000000000001,8.04,-0.23499999999999854,0.22499999999999876,-1.0444444444444438,-25.499999999999854,stop,0.20009999999999906
2024-08-09,-1,2024-08-09 10:00:00-04:00,2024-08-09 15:55:00-04:00,8.165000000000001,8.075,0.09000000000000163,0.20889999999999986,0.43082814743897413,7.000000000000163,time,0.15390000000000015
2024-08-12,-1,2024-08-12 09:50:00-04:00,2024-08-12 10:35:00-04:00,7.6000000000000005,7.8999999999999995,-0.29999999999999893,0.28999999999999915,-1.034482758620689,-31.999999999999893,stop,0.20999999999999996
2024-08-13,1,2024-08-13 12:20:00-04:00,2024-08-13 15:55:00-04:00,7.818,7.845000000000001,0.027000000000001023,0.28799999999999937,0.09375000000000376,0.7000000000001023,time,0.2450000000000001
2024-08-14,-1,2024-08-14 09:55:00-04:00,2024-08-14 15:55:00-04:00,7.7202,7.66,0.06020000000000003,0.26980000000000004,0.22312824314306903,4.020000000000003,time,0.25
2024-08-15,-1,2024-08-15 15:15:00-04:00,2024-08-15 15:55:00-04:00,7.676,7.6899999999999995,-0.013999999999999346,0.363999999999999,-0.03846153846153677,-3.3999999999999346,time,0.33999999999999897
2024-08-16,1,2024-08-16 09:50:00-04:00,2024-08-16 15:55:00-04:00,7.955,7.98,0.025000000000000355,0.27500000000000036,0.09090909090909208,0.5000000000000355,time,0.1900000000000004
2024-08-19,-1,2024-08-19 09:55:00-04:00,2024-08-19 15:55:00-04:00,7.83,8.06,-0.23000000000000043,0.33999999999999986,-0.6764705882352956,-25.000000000000043,time,0.2599999999999998
2024-08-20,-1,2024-08-20 10:20:00-04:00,2024-08-20 15:55:00-04:00,8.025,8.06,-0.03500000000000014,0.24319999999999986,-0.1439144736842112,-5.500000000000014,time,0.2142999999999997
2024-08-21,1,2024-08-21 10:00:00-04:00,2024-08-21 10:50:00-04:00,8.16,8.01,-0.15000000000000036,0.14000000000000057,-1.0714285714285696,-17.000000000000036,stop,0.11000000000000121
2024-08-22,-1,2024-08-22 10:10:00-04:00,2024-08-22 15:55:00-04:00,8.185,8.07,0.11500000000000021,0.1999999999999993,0.5750000000000031,9.500000000000021,time,0.17499999999999893
2024-08-23,1,2024-08-23 10:05:00-04:00,2024-08-23 15:55:00-04:00,8.235,8.49,0.2550000000000008,0.254999999999999,1.0000000000000069,23.500000000000078,time,0.15499999999999936
2024-08-26,-1,2024-08-26 10:20:00-04:00,2024-08-26 12:40:00-04:00,8.28,8.53,-0.25,0.2400000000000002,-1.0416666666666659,-27.0,stop,0.20999999999999908
2024-08-27,-1,2024-08-27 10:00:00-04:00,2024-08-27 15:55:00-04:00,7.94,7.915,0.025000000000000355,0.33999999999999897,0.07352941176470715,0.5000000000000355,time,0.3299999999999992
2024-08-28,-1,2024-08-28 10:10:00-04:00,2024-08-28 15:55:00-04:00,7.755,7.645,0.11000000000000032,0.11500000000000021,0.9565217391304358,9.000000000000032,time,0.08999999999999986
2024-08-29,1,2024-08-29 10:10:00-04:00,2024-08-29 14:15:00-04:00,7.93,7.7700000000000005,-0.15999999999999925,0.14999999999999947,-1.0666666666666655,-17.999999999999925,stop,0.1299999999999999
2024-08-30,-1,2024-08-30 11:00:00-04:00,2024-08-30 15:55:00-04:00,7.5600000000000005,7.54,0.020000000000000462,0.1999999999999993,0.10000000000000267,4.618527782440651e-14,time,0.1200000000000001
2024-09-03,-1,2024-09-03 10:15:00-04:00,2024-09-03 15:55:00-04:00,7.025,6.785,0.2400000000000002,0.45500000000000007,0.5274725274725278,22.00000000000002,time,0.4200000000000008
2024-09-04,1,2024-09-04 09:50:00-04:00,2024-09-04 15:55:00-04:00,6.83,6.84,0.009999999999999787,0.21499999999999986,0.046511627906975786,-1.0000000000000213,time,0.12479999999999958
2024-09-05,1,2024-09-05 10:05:00-04:00,2024-09-05 11:25:00-04:00,6.92,6.6901,-0.22989999999999977,0.21989999999999998,-1.045475216007275,-24.989999999999977,stop,0.17989999999999995
2024-09-06,-1,2024-09-06 10:25:00-04:00,2024-09-06 15:55:00-04:00,6.615,6.395,0.22000000000000064,0.20500000000000007,1.0731707317073198,20.000000000000064,time,0.1850000000000005
2024-09-09,-1,2024-09-09 10:30:00-04:00,2024-09-09 12:00:00-04:00,6.445,6.6,-0.15499999999999936,0.14499999999999957,-1.0689655172413781,-17.499999999999936,stop,0.1200000000000001
2024-09-10,1,2024-09-10 11:30:00-04:00,2024-09-10 15:55:00-04:00,6.875,7.23,0.3550000000000004,0.27500000000000036,1.2909090909090908,33.50000000000004,time,0.25
2024-09-11,-1,2024-09-11 10:30:00-04:00,2024-09-11 12:30:00-04:00,6.73,7.069999999999999,-0.33999999999999897,0.3299999999999992,-1.0303030303030298,-35.9999999999999,stop,0.3199999999999994
2024-09-12,-1,2024-09-12 09:50:00-04:00,2024-09-12 10:30:00-04:00,6.9789,7.154999999999999,-0.17609999999999904,0.16609999999999925,-1.0602046959662843,-19.609999999999904,stop,0.10999999999999943
2024-09-13,1,2024-09-13 10:00:00-04:00,2024-09-13 15:55:00-04:00,7.12,7.1850000000000005,0.06500000000000039,0.16999999999999993,0.38235294117647306,4.500000000000039,time,0.14999999999999947
2024-09-16,1,2024-09-16 10:15:00-04:00,2024-09-16 15:55:00-04:00,7.085999999999999,6.94,-0.14599999999999902,0.25599999999999934,-0.5703124999999977,-16.599999999999902,time,0.20999999999999996
2024-09-17,-1,2024-09-17 09:50:00-04:00,2024-09-17 10:20:00-04:00,7.005,7.17,-0.16500000000000004,0.15500000000000025,-1.0645161290322567,-18.500000000000004,stop,0.1177999999999999
2024-09-18,1,2024-09-18 10:30:00-04:00,2024-09-18 15:55:00-04:00,7.1983999999999995,7.16,-0.038399999999999324,0.18439999999999923,-0.20824295010845706,-5.839999999999932,time,0.10599999999999987
2024-09-19,-1,2024-09-19 09:50:00-04:00,2024-09-19 15:55:00-04:00,7.26,7.22,0.040000000000000036,0.3600000000000003,0.1111111111111111,2.0000000000000036,time,0.28000000000000025
2024-09-20,-1,2024-09-20 10:10:00-04:00,2024-09-20 15:55:00-04:00,7.0299000000000005,7.2,-0.1700999999999997,0.2250999999999994,-0.7556641492669931,-19.00999999999997,time,0.1849999999999996
2024-09-23,1,2024-09-23 10:05:00-04:00,2024-09-23 12:30:00-04:00,7.342099999999999,7.1000000000000005,-0.24209999999999887,0.23209999999999908,-1.0430848772080992,-26.209999999999887,stop,0.1899999999999995
2024-09-24,1,2024-09-24 09:50:00-04:00,2024-09-24 10:25:00-04:00,7.395,7.21,-0.1849999999999996,0.17499999999999982,-1.057142857142856,-20.49999999999996,stop,0.15000000000000036
2024-09-25,1,2024-09-25 10:00:00-04:00,2024-09-25 12:55:00-04:00,7.654999999999999,7.46,-0.1949999999999994,0.1849999999999996,-1.054054054054053,-21.49999999999994,stop,0.14500000000000046
2024-09-26,1,2024-09-26 09:50:00-04:00,2024-09-26 10:55:00-04:00,7.755,7.565,-0.1899999999999995,0.17999999999999972,-1.0555555555555545,-20.99999999999995,stop,0.14499999999999957
2024-09-27,-1,2024-09-27 11:05:00-04:00,2024-09-27 15:55:00-04:00,7.735,7.85,-0.11499999999999932,0.33499999999999996,-0.3432835820895503,-13.499999999999932,time,0.2549999999999999
2024-09-30,-1,2024-09-30 10:20:00-04:00,2024-09-30 11:20:00-04:00,7.42,7.615,-0.19500000000000028,0.1850000000000005,-1.0540540540540528,-21.50000000000003,stop,0.1750000000000007
2024-10-01,-1,2024-10-01 09:55:00-04:00,2024-10-01 15:55:00-04:00,7.1849,7.085,0.09989999999999988,0.26510000000000034,0.37683892870614766,7.989999999999988,time,0.21999999999999975
2024-10-02,1,2024-10-02 10:05:00-04:00,2024-10-02 15:55:00-04:00,7.154999999999999,7.25,0.09500000000000064,0.14099999999999913,0.6737588652482357,7.500000000000064,time,0.08599999999999941
2024-10-03,1,2024-10-03 10:10:00-04:00,2024-10-03 10:20:00-04:00,7.359999999999999,7.16,-0.1999999999999993,0.1899999999999995,-1.0526315789473675,-21.99999999999993,stop,0.13999999999999968
2024-10-04,-1,2024-10-04 10:40:00-04:00,2024-10-04 11:05:00-04:00,7.456,7.6899999999999995,-0.2339999999999991,0.2239999999999993,-1.0446428571428563,-25.39999999999991,stop,0.1999999999999993
2024-10-07,1,2024-10-07 10:25:00-04:00,2024-10-07 14:45:00-04:00,8.295,7.970000000000001,-0.3249999999999993,0.3149999999999995,-1.0317460317460312,-34.49999999999993,stop,0.2599999999999998
2024-10-08,1,2024-10-08 10:00:00-04:00,2024-10-08 15:55:00-04:00,8.1,8.15,0.05000000000000071,0.1999999999999993,0.25000000000000444,3.000000000000071,time,0.129999999999999
2024-10-09,-1,2024-10-09 10:50:00-04:00,2024-10-09 15:55:00-04:00,7.925,7.83,0.09499999999999975,0.28500000000000103,0.33333333333333126,7.499999999999975,time,0.27000000000000046
2024-10-10,1,2024-10-10 10:15:00-04:00,2024-10-10 14:10:00-04:00,7.825,7.63,-0.19500000000000028,0.1850000000000005,-1.0540540540540528,-21.50000000000003,stop,0.16990000000000016
2024-10-11,1,2024-10-11 10:05:00-04:00,2024-10-11 15:55:00-04:00,8.0398,8.39,0.35020000000000095,0.2897999999999996,1.2084195997239524,33.020000000000095,time,0.2699999999999996
2024-10-14,1,2024-10-14 10:30:00-04:00,2024-10-14 15:55:00-04:00,8.775,8.725,-0.05000000000000071,0.34500000000000064,-0.14492753623188584,-7.000000000000071,time,0.3200000000000003
2024-10-15,1,2024-10-15 09:50:00-04:00,2024-10-15 10:40:00-04:00,8.89,8.6118,-0.2782,0.2682000000000002,-1.0372856077554056,-29.82,stop,0.19819999999999993
2024-10-16,1,2024-10-16 11:30:00-04:00,2024-10-16 15:55:00-04:00,9.084999999999999,9.07,-0.014999999999998792,0.2649999999999988,-0.05660377358490136,-3.499999999999879,time,0.25
2024-10-17,1,2024-10-17 09:50:00-04:00,2024-10-17 15:55:00-04:00,9.04,9.21,0.1700000000000017,0.27999999999999936,0.6071428571428646,15.00000000000017,time,0.25
2024-10-18,1,2024-10-18 10:05:00-04:00,2024-10-18 15:55:00-04:00,9.709999999999999,9.85,0.14000000000000057,0.3299999999999983,0.42424242424242814,12.000000000000057,time,0.2699999999999996
2024-10-22,-1,2024-10-22 10:05:00-04:00,2024-10-22 10:40:00-04:00,9.3203,9.68,-0.35970000000000013,0.34970000000000034,-1.028595939376608,-37.97000000000001,stop,0.2400000000000002
2024-10-23,-1,2024-10-23 13:00:00-04:00,2024-10-23 15:55:00-04:00,9.4601,9.7871,-0.32699999999999996,0.37989999999999924,-0.8607528296920258,-34.699999999999996,time,0.3000000000000007
2024-10-24,1,2024-10-24 09:55:00-04:00,2024-10-24 12:10:00-04:00,10.254999999999999,9.950000000000001,-0.30499999999999794,0.29499999999999815,-1.0338983050847452,-32.499999999999794,stop,0.2699999999999996
2024-10-25,1,2024-10-25 10:30:00-04:00,2024-10-25 13:55:00-04:00,10.254999999999999,9.81,-0.4449999999999985,0.4349999999999987,-1.022988505747126,-46.49999999999985,stop,0.41999999999999993
2024-10-28,1,2024-10-28 10:15:00-04:00,2024-10-28 15:55:00-04:00,10.3199,10.55,0.2301000000000002,0.3899000000000008,0.5901513208514997,21.01000000000002,time,0.33999999999999986
2024-10-29,1,2024-10-29 09:55:00-04:00,2024-10-29 10:20:00-04:00,11.02,10.75,-0.2699999999999996,0.2599999999999998,-1.0384615384615377,-28.999999999999957,stop,0.23000000000000043
2024-10-30,1,2024-10-30 10:35:00-04:00,2024-10-30 15:55:00-04:00,10.8643,10.4783,-0.38599999999999923,0.44430000000000014,-0.8687823542651342,-40.59999999999992,time,0.41000000000000014
2024-10-31,-1,2024-10-31 09:50:00-04:00,2024-10-31 15:55:00-04:00,9.75,9.25,0.5,0.4800000000000004,1.0416666666666659,48.0,time,0.33000000000000007
2024-11-01,1,2024-11-01 09:50:00-04:00,2024-11-01 13:05:00-04:00,9.540099999999999,9.365,-0.1750999999999987,0.16509999999999891,-1.0605693519079338,-19.50999999999987,stop,0.16350000000000087
2024-11-04,-1,2024-11-04 09:50:00-05:00,2024-11-04 15:55:00-05:00,8.77,8.98,-0.21000000000000085,0.4299999999999997,-0.4883720930232581,-23.000000000000085,time,0.3899999999999988
2024-11-05,1,2024-11-05 09:50:00-05:00,2024-11-05 15:55:00-05:00,9.4517,9.71,0.2583000000000002,0.2917000000000005,0.8854988001371263,23.83000000000002,time,0.2699999999999996
2024-11-06,1,2024-11-06 09:50:00-05:00,2024-11-06 09:55:00-05:00,11.055,10.6,-0.45500000000000007,0.4450000000000003,-1.0224719101123592,-47.50000000000001,stop,0.33999999999999986
2024-11-07,1,2024-11-07 10:10:00-05:00,2024-11-07 15:55:00-05:00,12.115,12.39,0.27500000000000036,0.3849999999999998,0.7142857142857156,25.500000000000036,time,0.35999999999999943
2024-11-08,1,2024-11-08 10:35:00-05:00,2024-11-08 11:20:00-05:00,12.504999999999999,12.17,-0.3349999999999991,0.3249999999999993,-1.0307692307692302,-35.49999999999991,stop,0.28000000000000114
2024-11-11,1,2024-11-11 10:15:00-05:00,2024-11-11 15:55:00-05:00,15.129999999999999,14.97,-0.15999999999999837,1.3049999999999997,-0.1226053639846731,-17.999999999999837,time,1.2049000000000003
2024-11-12,1,2024-11-12 09:55:00-05:00,2024-11-12 15:55:00-05:00,14.165,14.43,0.26500000000000057,0.6849999999999987,0.38686131386861466,24.500000000000057,time,0.6600000000000001
2024-11-13,-1,2024-11-13 10:05:00-05:00,2024-11-13 15:55:00-05:00,13.93,12.67,1.2599999999999998,0.8999000000000006,1.4001555728414257,123.99999999999997,time,0.7099000000000011
2024-11-14,-1,2024-11-14 09:50:00-05:00,2024-11-14 15:55:00-05:00,12.3389,11.879999999999999,0.45890000000000164,0.7310999999999996,0.6276843113117246,43.890000000000164,time,0.6600000000000001
2024-11-15,-1,2024-11-15 10:00:00-05:00,2024-11-15 15:00:00-05:00,11.69,12.25,-0.5600000000000005,0.5500000000000007,-1.0181818181818179,-58.00000000000005,stop,0.5150000000000006
2024-11-18,1,2024-11-18 10:35:00-05:00,2024-11-18 14:10:00-05:00,12.5494,12.07,-0.47940000000000005,0.46940000000000026,-1.0213037920749888,-49.940000000000005,stop,0.3699999999999992
2024-11-19,1,2024-11-19 11:15:00-05:00,2024-11-19 15:55:00-05:00,12.33,12.26,-0.07000000000000028,0.4099000000000004,-0.170773359355941,-9.000000000000028,time,0.37490000000000023
2024-11-20,-1,2024-11-20 10:10:00-05:00,2024-11-20 15:55:00-05:00,12.1061,12.17,-0.06390000000000029,0.8338999999999999,-0.07662789303273809,-8.390000000000029,time,0.5499999999999989
2024-11-21,-1,2024-11-21 09:55:00-05:00,2024-11-21 15:55:00-05:00,12.05,11.76,0.2900000000000009,1.08,0.2685185185185194,27.000000000000092,time,0.8511000000000006
2024-11-22,1,2024-11-22 10:55:00-05:00,2024-11-22 15:55:00-05:00,11.75,12.2901,0.5401000000000007,0.5299999999999994,1.0190566037735875,52.01000000000007,time,0.5
2024-11-25,-1,2024-11-25 09:50:00-05:00,2024-11-25 10:40:00-05:00,11.91,12.51,-0.5999999999999996,0.5899999999999999,-1.0169491525423726,-61.999999999999964,stop,0.5675000000000008
2024-11-26,1,2024-11-26 09:50:00-05:00,2024-11-26 13:30:00-05:00,11.72,11.39,-0.33000000000000007,0.3200000000000003,-1.0312499999999993,-35.00000000000001,stop,0.2798999999999996
2024-11-27,1,2024-11-27 09:50:00-05:00,2024-11-27 15:55:00-05:00,11.85,12.365,0.5150000000000006,0.5,1.0300000000000011,49.50000000000006,time,0.46000000000000085
2024-12-02,-1,2024-12-02 12:40:00-05:00,2024-12-02 15:55:00-05:00,12.235,12.12,0.11500000000000021,0.5150000000000006,0.2233009708737866,9.500000000000021,time,0.5
2024-12-03,1,2024-12-03 09:50:00-05:00,2024-12-03 15:55:00-05:00,12.01,12.13,0.120000000000001,0.29999999999999893,0.40000000000000474,10.0000000000001,time,0.25
2024-12-04,1,2024-12-04 09:50:00-05:00,2024-12-04 15:55:00-05:00,12.58,12.935,0.3550000000000004,0.6600000000000001,0.5378787878787884,33.50000000000004,time,0.5500000000000007
2024-12-05,-1,2024-12-05 09:50:00-05:00,2024-12-05 15:55:00-05:00,13.4039,12.32,1.0838999999999999,0.7160999999999991,1.513615416841225,106.38999999999999,time,0.6999999999999993
2024-12-06,1,2024-12-06 10:30:00-05:00,2024-12-06 15:55:00-05:00,13.115,12.945,-0.16999999999999993,0.5950000000000006,-0.2857142857142853,-18.999999999999993,time,0.5600000000000005
2024-12-09,-1,2024-12-09 14:45:00-05:00,2024-12-09 15:55:00-05:00,11.39,11.2,0.19000000000000128,0.7299999999999986,0.26027397260274193,17.000000000000128,time,0.6799999999999997
2024-12-10,-1,2024-12-10 10:35:00-05:00,2024-12-10 15:55:00-05:00,11.2026,11.11,0.0926000000000009,0.4173999999999989,0.22184954480115274,7.26000000000009,time,0.3999999999999986
2024-12-11,1,2024-12-11 09:50:00-05:00,2024-12-11 13:00:00-05:00,11.855,11.26,-0.5950000000000006,0.5850000000000009,-1.0170940170940168,-61.500000000000064,stop,0.41000000000000014
2024-12-12,-1,2024-12-12 10:10:00-05:00,2024-12-12 15:55:00-05:00,12.27,12.33,-0.0600000000000005,1.0099999999999998,-0.05940594059405991,-8.00000000000005,time,0.9299
2024-12-13,1,2024-12-13 09:55:00-05:00,2024-12-13 15:55:00-05:00,13.2148,12.98,-0.2347999999999999,0.7148000000000003,-0.3284834918858419,-25.47999999999999,time,0.6500000000000004
2024-12-16,1,2024-12-16 10:30:00-05:00,2024-12-16 15:55:00-05:00,13.7,14.015,0.3150000000000013,0.629999999999999,0.5000000000000028,29.500000000000128,time,0.5800000000000001
2024-12-17,-1,2024-12-17 10:20:00-05:00,2024-12-17 15:55:00-05:00,13.96,13.9679,-0.007899999999999352,0.6599999999999984,-0.011969696969696018,-2.789999999999935,time,0.5199999999999996
2024-12-18,-1,2024-12-18 10:05:00-05:00,2024-12-18 12:15:00-05:00,13.275,13.81,-0.5350000000000001,0.5250000000000004,-1.0190476190476185,-55.500000000000014,stop,0.41999999999999993
2024-12-19,-1,2024-12-19 09:50:00-05:00,2024-12-19 15:55:00-05:00,12.21,11.195,1.0150000000000006,0.5099,1.990586389488136,99.50000000000006,time,0.4699000000000009
2024-12-20,1,2024-12-20 10:25:00-05:00,2024-12-20 15:55:00-05:00,11.334999999999999,11.559000000000001,0.22400000000000198,0.5449999999999999,0.4110091743119303,20.400000000000198,time,0.41000000000000014
2024-12-23,-1,2024-12-23 09:50:00-05:00,2024-12-23 15:55:00-05:00,10.92,10.815,0.10500000000000043,0.5400000000000009,0.1944444444444449,8.500000000000043,time,0.5100000000000016
2024-12-26,1,2024-12-26 11:20:00-05:00,2024-12-26 15:55:00-05:00,11.685,11.53,-0.15500000000000114,0.46499999999999986,-0.33333333333333587,-17.500000000000114,time,0.3999999999999986
2024-12-27,-1,2024-12-27 10:05:00-05:00,2024-12-27 15:55:00-05:00,11.122,10.99,0.13199999999999967,0.48799999999999955,0.2704918032786881,11.199999999999967,time,0.379999999999999
2024-12-30,-1,2024-12-30 09:50:00-05:00,2024-12-30 15:55:00-05:00,10.285,10.495,-0.20999999999999908,0.47499999999999964,-0.4421052631578931,-22.999999999999908,time,0.4299999999999997
2024-12-31,-1,2024-12-31 10:10:00-05:00,2024-12-31 15:55:00-05:00,10.440100000000001,10.22,0.2201000000000004,0.4198999999999984,0.5241724220052423,20.01000000000004,time,0.2858999999999998
2025-01-02,1,2025-01-02 09:50:00-05:00,2025-01-02 10:40:00-05:00,10.89,10.314,-0.5760000000000005,0.5660000000000007,-1.0176678445229679,-59.60000000000005,stop,0.4060000000000006
2025-01-03,1,2025-01-03 10:10:00-05:00,2025-01-03 15:55:00-05:00,11.33,12.325000000000001,0.995000000000001,0.8800000000000008,1.1306818181818183,97.5000000000001,time,0.6600000000000001
2025-01-06,1,2025-01-06 09:50:00-05:00,2025-01-06 15:55:00-05:00,12.7191,12.870000000000001,0.1509000000000018,0.4040999999999997,0.3734224201930263,13.090000000000181,time,0.33500000000000085
2025-01-07,-1,2025-01-07 10:05:00-05:00,2025-01-07 15:55:00-05:00,12.370000000000001,12.42,-0.049999999999998934,0.6099999999999994,-0.08196721311475243,-6.999999999999893,time,0.4520999999999997
2025-01-08,-1,2025-01-08 10:25:00-05:00,2025-01-08 14:20:00-05:00,11.68,12.09,-0.41000000000000014,0.40000000000000036,-1.0249999999999995,-43.000000000000014,stop,0.3810000000000002
2025-01-10,1,2025-01-10 10:00:00-05:00,2025-01-10 15:55:00-05:00,11.99,11.98,-0.009999999999999787,0.5,-0.019999999999999574,-2.9999999999999787,time,0.35939999999999905
2025-01-13,1,2025-01-13 09:50:00-05:00,2025-01-13 15:55:00-05:00,11.368,11.76,0.39199999999999946,0.34800000000000075,1.1264367816091914,37.199999999999946,time,0.3200000000000003
2025-01-14,-1,2025-01-14 10:25:00-05:00,2025-01-14 14:10:00-05:00,12.17,12.64,-0.47000000000000064,0.46000000000000085,-1.021739130434782,-49.000000000000064,stop,0.4150000000000009
2025-01-15,1,2025-01-15 10:00:00-05:00,2025-01-15 15:55:00-05:00,13.09,13.43,0.33999999999999986,0.41999999999999993,0.8095238095238093,31.999999999999986,time,0.33999999999999986
2025-01-16,-1,2025-01-16 09:50:00-05:00,2025-01-16 15:55:00-05:00,13.165000000000001,13.275,-0.10999999999999943,0.46389999999999887,-0.23712006898038307,-12.999999999999943,time,0.3888999999999996
2025-01-17,1,2025-01-17 10:20:00-05:00,2025-01-17 14:40:00-05:00,14.14,13.69,-0.45000000000000107,0.4400000000000013,-1.0227272727272723,-47.00000000000011,stop,0.41999999999999993
2025-01-21,-1,2025-01-21 09:55:00-05:00,2025-01-21 15:55:00-05:00,12.9257,12.76,0.16570000000000107,1.4442999999999984,0.11472685730111559,14.570000000000107,time,1.42
2025-01-22,-1,2025-01-22 11:00:00-05:00,2025-01-22 14:15:00-05:00,12.67,13.48,-0.8100000000000005,0.8000000000000007,-1.0124999999999997,-83.00000000000006,stop,0.75
2025-01-23,1,2025-01-23 09:50:00-05:00,2025-01-23 15:55:00-05:00,13.85,12.975,-0.875,1.0999999999999996,-0.7954545454545457,-89.5,time,0.9094999999999995
2025-01-24,1,2025-01-24 10:20:00-05:00,2025-01-24 15:55:00-05:00,13.615,13.515,-0.09999999999999964,0.5649999999999995,-0.1769911504424774,-11.999999999999964,time,0.41000000000000014
2025-01-27,-1,2025-01-27 10:20:00-05:00,2025-01-27 15:55:00-05:00,11.805,11.455,0.34999999999999964,0.8250000000000011,0.42424242424242325,32.999999999999964,time,0.5600000000000005
2025-01-28,-1,2025-01-28 10:45:00-05:00,2025-01-28 15:55:00-05:00,11.08,10.955,0.125,0.6199999999999992,0.20161290322580672,10.5,time,0.5199999999999996
2025-01-29,-1,2025-01-29 14:30:00-05:00,2025-01-29 15:25:00-05:00,10.75,11.4,-0.6500000000000004,0.6400000000000006,-1.0156249999999996,-67.00000000000003,stop,0.6100000000000012
2025-01-30,1,2025-01-30 09:50:00-05:00,2025-01-30 15:55:00-05:00,12.125,11.89,-0.23499999999999943,0.7050000000000001,-0.3333333333333325,-25.499999999999943,time,0.5700000000000003
2025-01-31,-1,2025-01-31 09:50:00-05:00,2025-01-31 10:30:00-05:00,11.83,12.18,-0.34999999999999964,0.33999999999999986,-1.0294117647058818,-36.999999999999964,stop,0.23000000000000043
2025-02-03,1,2025-02-03 10:00:00-05:00,2025-02-03 15:55:00-05:00,11.17,11.965,0.7949999999999999,0.5099999999999998,1.5588235294117652,77.5,time,0.4590999999999994
2025-02-04,1,2025-02-04 14:20:00-05:00,2025-02-04 15:55:00-05:00,12.285,12.275,-0.009999999999999787,0.48499999999999943,-0.02061855670103051,-2.9999999999999787,time,0.379999999999999
2025-02-05,-1,2025-02-05 10:00:00-05:00,2025-02-05 15:55:00-05:00,12.28,11.76,0.5199999999999996,0.26500000000000057,1.9622641509433905,49.99999999999996,time,0.23499999999999943
2025-02-06,-1,2025-02-06 10:45:00-05:00,2025-02-06 15:55:00-05:00,11.56,11.615,-0.054999999999999716,0.48989999999999867,-0.11226780975709301,-7.499999999999972,time,0.4698999999999991
2025-02-07,-1,2025-02-07 10:05:00-05:00,2025-02-07 13:30:00-05:00,11.805,12.28,-0.47499999999999964,0.46499999999999986,-1.0215053763440856,-49.499999999999964,stop,0.3249999999999993
2025-02-10,-1,2025-02-10 11:00:00-05:00,2025-02-10 15:55:00-05:00,11.5,11.66,-0.16000000000000014,0.3899000000000008,-0.4103616311874835,-18.000000000000014,time,0.3399000000000001
2025-02-11,-1,2025-02-11 11:35:00-05:00,2025-02-11 15:55:00-05:00,11.2899,11.155,0.13490000000000002,0.3001000000000005,0.4495168277240913,11.490000000000002,time,0.27999999999999936
2025-02-12,1,2025-02-12 11:55:00-05:00,2025-02-12 15:55:00-05:00,11.17,11.16,-0.009999999999999787,0.28999999999999915,-0.03448275862068902,-2.9999999999999787,time,0.21999999999999886
2025-02-13,1,2025-02-13 10:05:00-05:00,2025-02-13 15:55:00-05:00,11.275,12.200000000000001,0.9250000000000007,0.40500000000000114,2.283950617283946,90.50000000000007,time,0.33000000000000007
2025-02-14,-1,2025-02-14 11:20:00-05:00,2025-02-14 15:55:00-05:00,12.075000000000001,12.265,-0.1899999999999995,0.40499999999999936,-0.46913580246913533,-20.99999999999995,time,0.34999999999999964
2025-02-18,-1,2025-02-18 12:10:00-05:00,2025-02-18 15:55:00-05:00,11.675,11.584999999999999,0.09000000000000163,0.5350000000000001,0.16822429906542358,7.000000000000163,time,0.4900000000000002
2025-02-19,1,2025-02-19 10:20:00-05:00,2025-02-19 14:00:00-05:00,11.879999999999999,11.61,-0.2699999999999996,0.2599999999999998,-1.0384615384615377,-28.999999999999957,stop,0.25
2025-02-20,-1,2025-02-20 09:55:00-05:00,2025-02-20 15:55:00-05:00,11.5748,11.6,-0.02519999999999989,0.43520000000000003,-0.05790441176470562,-4.519999999999989,time,0.33000000000000007
2025-02-21,-1,2025-02-21 10:00:00-05:00,2025-02-21 15:55:00-05:00,11.66,10.47,1.1899999999999995,0.2699999999999996,4.407407407407413,116.99999999999994,time,0.23000000000000043
2025-02-24,-1,2025-02-24 09:55:00-05:00,2025-02-24 15:55:00-05:00,10.205,9.99,0.21499999999999986,0.42019999999999946,0.511661113755355,19.499999999999986,time,0.2751999999999999
2025-02-25,-1,2025-02-25 10:05:00-05:00,2025-02-25 15:55:00-05:00,9.35,9.325,0.025000000000000355,0.6100000000000012,0.04098360655737755,0.5000000000000355,time,0.6000000000000014
2025-02-26,1,2025-02-26 10:15:00-05:00,2025-02-26 12:00:00-05:00,9.525,9.1026,-0.42239999999999966,0.4123999999999999,-1.0242483026188163,-44.23999999999997,stop,0.3373999999999988
2025-02-27,-1,2025-02-27 09:55:00-05:00,2025-02-27 15:55:00-05:00,9.045,8.665,0.3800000000000008,0.6750000000000007,0.5629629629629636,36.00000000000008,time,0.5
2025-02-28,1,2025-02-28 10:05:00-05:00,2025-02-28 15:55:00-05:00,8.915,9.27,0.3550000000000004,0.3949999999999996,0.8987341772151919,33.50000000000004,time,0.3200000000000003
2025-03-03,-1,2025-03-03 09:55:00-05:00,2025-03-03 15:55:00-05:00,9.725,8.87,0.8550000000000004,0.4250000000000007,2.0117647058823507,83.50000000000004,time,0.34999999999999964
2025-03-04,-1,2025-03-04 10:00:00-05:00,2025-03-04 14:00:00-05:00,8.3,8.7,-0.3999999999999986,0.3899999999999988,-1.025641025641025,-41.99999999999986,stop,0.35999999999999943
2025-03-05,1,2025-03-05 12:00:00-05:00,2025-03-05 15:55:00-05:00,8.68,8.870000000000001,0.19000000000000128,0.2400000000000002,0.7916666666666713,17.000000000000128,time,0.23000000000000043
2025-03-06,1,2025-03-06 10:20:00-05:00,2025-03-06 12:25:00-05:00,8.5,8.08,-0.41999999999999993,0.41000000000000014,-1.0243902439024386,-43.99999999999999,stop,0.27999999999999936
2025-03-07,1,2025-03-07 09:55:00-05:00,2025-03-07 15:55:00-05:00,8.2399,8.36,0.12009999999999899,0.3199000000000005,0.3754298218193148,10.009999999999899,time,0.27999999999999936
2025-03-10,-1,2025-03-10 10:00:00-04:00,2025-03-10 15:55:00-04:00,7.8500000000000005,7.575,0.27500000000000036,0.28000000000000025,0.9821428571428575,25.500000000000036,time,0.21010000000000062
2025-03-11,-1,2025-03-11 10:20:00-04:00,2025-03-11 14:00:00-04:00,7.44,7.71,-0.2699999999999996,0.2599999999999998,-1.0384615384615377,-28.999999999999957,stop,0.22500000000000053
2025-03-12,-1,2025-03-12 09:55:00-04:00,2025-03-12 15:55:00-04:00,7.745,7.85,-0.10499999999999954,0.2450000000000001,-0.4285714285714265,-12.499999999999954,time,0.16999999999999993
2025-03-13,-1,2025-03-13 09:55:00-04:00,2025-03-13 15:55:00-04:00,7.66,7.33,0.33000000000000007,0.21999999999999975,1.500000000000002,31.000000000000007,time,0.09999999999999964
2025-03-14,-1,2025-03-14 10:15:00-04:00,2025-03-14 11:20:00-04:00,7.515000000000001,7.785,-0.2699999999999996,0.2599999999999998,-1.0384615384615377,-28.999999999999957,stop,0.2450000000000001
2025-03-17,-1,2025-03-17 10:10:00-04:00,2025-03-17 11:20:00-04:00,7.6080000000000005,7.84,-0.23199999999999932,0.22199999999999953,-1.0450450450450441,-25.199999999999932,stop,0.20999999999999996
2025-03-18,1,2025-03-18 10:25:00-04:00,2025-03-18 15:25:00-04:00,7.7032,7.46,-0.24319999999999986,0.23320000000000007,-1.0428816466552306,-26.319999999999986,stop,0.16500000000000004
2025-03-19,1,2025-03-19 09:50:00-04:00,2025-03-19 15:55:00-04:00,7.585,7.78,0.19500000000000028,0.16500000000000004,1.1818181818181832,17.50000000000003,time,0.11000000000000032
2025-03-20,1,2025-03-20 09:50:00-04:00,2025-03-20 15:25:00-04:00,7.944999999999999,7.67,-0.27499999999999947,0.2649999999999997,-1.037735849056603,-29.499999999999947,stop,0.20870000000000033
2025-03-21,1,2025-03-21 12:10:00-04:00,2025-03-21 15:55:00-04:00,7.745,7.94,0.19500000000000028,0.2450000000000001,0.7959183673469395,17.50000000000003,time,0.16000000000000014
2025-03-24,1,2025-03-24 10:15:00-04:00,2025-03-24 15:55:00-04:00,8.45,8.69,0.2400000000000002,0.28999999999999915,0.8275862068965549,22.00000000000002,time,0.23770000000000024
2025-03-25,-1,2025-03-25 09:50:00-04:00,2025-03-25 15:55:00-04:00,8.625,8.52,0.10500000000000043,0.20500000000000007,0.5121951219512214,8.500000000000043,time,0.16999999999999993
2025-03-26,-1,2025-03-26 09:50:00-04:00,2025-03-26 15:55:00-04:00,8.355,7.8999999999999995,0.45500000000000096,0.1349999999999998,3.3703703703703827,43.5000000000001,time,0.10999999999999943
2025-03-27,1,2025-03-27 10:05:00-04:00,2025-03-27 15:55:00-04:00,7.895,7.7700000000000005,-0.12499999999999911,0.23499999999999943,-0.5319148936170188,-14.499999999999911,time,0.1899999999999995
2025-03-28,-1,2025-03-28 10:10:00-04:00,2025-03-28 15:55:00-04:00,7.505,7.42,0.08499999999999996,0.2530999999999999,0.3358356380877124,6.4999999999999964,time,0.1830999999999996
2025-03-31,1,2025-03-31 10:15:00-04:00,2025-03-31 15:55:00-04:00,7.205,7.115,-0.08999999999999986,0.28500000000000014,-0.31578947368420984,-10.999999999999986,time,0.27000000000000046
2025-04-01,1,2025-04-01 10:40:00-04:00,2025-04-01 15:55:00-04:00,7.2299999999999995,7.5200000000000005,0.2900000000000009,0.22999999999999954,1.2608695652173978,27.000000000000092,time,0.20999999999999996
2025-04-02,1,2025-04-02 10:25:00-04:00,2025-04-02 15:55:00-04:00,7.694999999999999,8.0,0.3050000000000006,0.3949999999999996,0.7721518987341796,28.50000000000006,time,0.35990000000000055
2025-04-03,-1,2025-04-03 10:50:00-04:00,2025-04-03 12:25:00-04:00,7.2189000000000005,7.4799999999999995,-0.261099999999999,0.2510999999999992,-1.0398247710075659,-28.1099999999999,stop,0.21999999999999975
2025-04-04,-1,2025-04-04 10:25:00-04:00,2025-04-04 14:00:00-04:00,6.805000000000001,7.16,-0.35499999999999954,0.34499999999999975,-1.0289855072463763,-37.49999999999996,stop,0.3000000000000007
2025-04-07,1,2025-04-07 09:50:00-04:00,2025-04-07 15:55:00-04:00,6.705,7.08,0.375,0.3200000000000003,1.171874999999999,35.5,time,0.2599999999999998
2025-04-08,-1,2025-04-08 09:50:00-04:00,2025-04-08 15:55:00-04:00,7.09,6.545,0.5449999999999999,0.33999999999999986,1.6029411764705888,52.49999999999999,time,0.2549999999999999
2025-04-09,1,2025-04-09 10:35:00-04:00,2025-04-09 11:35:00-04:00,6.725,6.385,-0.33999999999999986,0.33000000000000007,-1.0303030303030296,-35.999999999999986,stop,0.3150000000000004
2025-04-10,-1,2025-04-10 10:00:00-04:00,2025-04-10 15:55:00-04:00,6.865,6.795,0.07000000000000028,0.29499999999999993,0.23728813559322137,5.000000000000028,time,0.27000000000000046
2025-04-11,1,2025-04-11 10:10:00-04:00,2025-04-11 15:55:00-04:00,7.069999999999999,7.045,-0.024999999999999467,0.3199999999999994,-0.07812499999999849,-4.499999999999947,time,0.2999999999999998
2025-04-14,-1,2025-04-14 09:50:00-04:00,2025-04-14 10:45:00-04:00,7.1850000000000005,7.38,-0.1949999999999994,0.1849999999999996,-1.054054054054053,-21.49999999999994,stop,0.1589999999999998
2025-04-15,-1,2025-04-15 10:00:00-04:00,2025-04-15 15:55:00-04:00,6.91,6.56,0.35000000000000053,0.17989999999999995,1.9455252918287973,33.00000000000006,time,0.1448999999999998
2025-04-16,-1,2025-04-16 13:50:00-04:00,2025-04-16 15:55:00-04:00,6.285,6.38,-0.09499999999999975,0.23499999999999943,-0.4042553191489361,-11.499999999999975,time,0.17999999999999972
2025-04-17,-1,2025-04-17 10:15:00-04:00,2025-04-17 15:50:00-04:00,6.245,6.4799999999999995,-0.23499999999999943,0.22499999999999964,-1.0444444444444436,-25.499999999999943,stop,0.16999999999999993
2025-04-21,-1,2025-04-21 10:00:00-04:00,2025-04-21 10:20:00-04:00,6.4,6.625,-0.22499999999999964,0.21499999999999986,-1.0465116279069757,-24.499999999999964,stop,0.17499999999999982
2025-04-22,1,2025-04-22 09:50:00-04:00,2025-04-22 15:55:00-04:00,6.85,7.1000000000000005,0.2500000000000009,0.40999999999999925,0.6097560975609789,23.00000000000009,time,0.3899999999999997
2025-04-23,1,2025-04-23 09:50:00-04:00,2025-04-23 11:25:00-04:00,7.67,7.390000000000001,-0.27999999999999936,0.2699999999999996,-1.0370370370370363,-29.999999999999936,stop,0.22499999999999964
2025-04-24,1,2025-04-24 10:10:00-04:00,2025-04-24 15:55:00-04:00,7.6049999999999995,7.7700000000000005,0.16500000000000092,0.27499999999999947,0.6000000000000045,14.500000000000092,time,0.2184999999999997
2025-04-25,-1,2025-04-25 09:55:00-04:00,2025-04-25 11:05:00-04:00,7.73,7.9399999999999995,-0.20999999999999908,0.1999999999999993,-1.0499999999999992,-22.999999999999908,stop,0.17999999999999972
2025-04-28,-1,2025-04-28 09:55:00-04:00,2025-04-28 15:55:00-04:00,7.680000000000001,7.635,0.04500000000000082,0.15499999999999936,0.29032258064516775,2.5000000000000817,time,0.12129999999999974
2025-04-29,-1,2025-04-29 10:30:00-04:00,2025-04-29 15:55:00-04:00,7.37,7.43,-0.05999999999999961,0.2400000000000002,-0.24999999999999814,-7.999999999999961,time,0.23000000000000043
2025-04-30,-1,2025-04-30 10:00:00-04:00,2025-04-30 15:55:00-04:00,6.96,7.25,-0.29000000000000004,0.32979999999999965,-0.8793208004851436,-31.000000000000004,time,0.25479999999999947
2025-05-01,1,2025-05-01 10:25:00-04:00,2025-05-01 15:55:00-04:00,7.725,7.735,0.010000000000000675,0.3249999999999993,0.030769230769232915,-0.9999999999999325,time,0.21999999999999975
2025-05-02,1,2025-05-02 10:30:00-04:00,2025-05-02 15:55:00-04:00,8.43,8.38,-0.049999999999998934,0.5599999999999996,-0.08928571428571244,-6.999999999999893,time,0.5200000000000005
2025-05-05,-1,2025-05-05 09:50:00-04:00,2025-05-05 15:55:00-04:00,7.775,7.904999999999999,-0.129999999999999,0.40000000000000036,-0.32499999999999724,-14.9999999999999,time,0.3850000000000007
2025-05-06,1,2025-05-06 12:35:00-04:00,2025-05-06 15:55:00-04:00,7.944999999999999,7.845000000000001,-0.09999999999999876,0.28499999999999925,-0.3508771929824527,-11.999999999999876,time,0.21999999999999975
2025-05-07,-1,2025-05-07 09:50:00-04:00,2025-05-07 15:55:00-04:00,7.8565000000000005,7.845,0.011500000000000732,0.19849999999999923,0.057934508816124816,-0.8499999999999268,time,0.1349999999999998
2025-05-08,1,2025-05-08 10:30:00-04:00,2025-05-08 15:55:00-04:00,8.34,8.42,0.08000000000000007,0.2599999999999998,0.3076923076923082,6.000000000000007,time,0.25
2025-05-09,1,2025-05-09 09:50:00-04:00,2025-05-09 12:00:00-04:00,8.834999999999999,8.370000000000001,-0.4649999999999981,0.4549999999999983,-1.0219780219780217,-48.49999999999981,stop,0.4299999999999997
2025-05-12,-1,2025-05-12 10:30:00-04:00,2025-05-12 15:55:00-04:00,8.675,8.705,-0.02999999999999936,0.4449999999999985,-0.06741573033707744,-4.999999999999936,time,0.33000000000000007
2025-05-13,-1,2025-05-13 09:50:00-04:00,2025-05-13 15:45:00-04:00,8.755,9.08,-0.3249999999999993,0.3149999999999995,-1.0317460317460312,-34.49999999999993,stop,0.2699999999999996
2025-05-14,-1,2025-05-14 09:50:00-04:00,2025-05-14 11:25:00-04:00,8.825000000000001,9.049999999999999,-0.22499999999999787,0.21499999999999808,-1.0465116279069762,-24.499999999999787,stop,0.15999999999999837
2025-05-15,-1,2025-05-15 09:50:00-04:00,2025-05-15 13:05:00-04:00,8.53,8.7795,-0.24950000000000117,0.23950000000000138,-1.0417536534446752,-26.950000000000117,stop,0.18950000000000067
2025-05-16,1,2025-05-16 09:50:00-04:00,2025-05-16 15:55:00-04:00,9.155,9.135,-0.019999999999999574,0.4449999999999985,-0.044943820224718295,-3.9999999999999574,time,0.40999999999999837
2025-05-19,1,2025-05-19 09:50:00-04:00,2025-05-19 15:55:00-04:00,8.875,8.950000000000001,0.07500000000000107,0.1899999999999995,0.3947368421052698,5.500000000000107,time,0.17499999999999893
2025-05-20,-1,2025-05-20 10:00:00-04:00,2025-05-20 13:40:00-04:00,8.685,8.959999999999999,-0.2749999999999986,0.2649999999999988,-1.037735849056603,-29.499999999999858,stop,0.24499999999999922
2025-05-21,1,2025-05-21 09:55:00-04:00,2025-05-21 13:30:00-04:00,9.02,8.74,-0.27999999999999936,0.2699999999999996,-1.0370370370370363,-29.999999999999936,stop,0.2400000000000002
2025-05-22,-1,2025-05-22 09:50:00-04:00,2025-05-22 15:55:00-04:00,8.915000000000001,8.94,-0.02499999999999858,0.6049999999999986,-0.04132231404958452,-4.499999999999858,time,0.4800000000000004
2025-05-23,1,2025-05-23 10:05:00-04:00,2025-05-23 11:55:00-04:00,8.685,8.5,-0.1850000000000005,0.1750000000000007,-1.0571428571428556,-20.50000000000005,stop,0.16000000000000014
2025-05-27,1,2025-05-27 11:00:00-04:00,2025-05-27 15:55:00-04:00,8.885,9.125,0.2400000000000002,0.21499999999999986,1.1162790697674436,22.00000000000002,time,0.1999999999999993
2025-05-28,-1,2025-05-28 10:00:00-04:00,2025-05-28 15:55:00-04:00,8.565,8.395,0.16999999999999993,0.5250000000000004,0.32380952380952344,14.999999999999993,time,0.47499999999999964
2025-05-29,-1,2025-05-29 10:10:00-04:00,2025-05-29 15:55:00-04:00,8.3099,8.18,0.12990000000000101,0.18009999999999948,0.7212659633537001,10.990000000000101,time,0.16000000000000014
2025-05-30,1,2025-05-30 10:05:00-04:00,2025-05-30 15:55:00-04:00,8.125,8.05,-0.07499999999999929,0.19500000000000028,-0.3846153846153804,-9.499999999999929,time,0.16000000000000014
2025-06-02,1,2025-06-02 11:45:00-04:00,2025-06-02 15:55:00-04:00,8.379999999999999,8.47,0.09000000000000163,0.3899999999999988,0.23076923076923567,7.000000000000163,time,0.3699999999999992
2025-06-03,1,2025-06-03 09:50:00-04:00,2025-06-03 15:55:00-04:00,8.7,9.01,0.3100000000000005,0.20999999999999908,1.4761904761904852,29.00000000000005,time,0.1999999999999993
2025-06-04,1,2025-06-04 10:25:00-04:00,2025-06-04 15:55:00-04:00,9.1691,9.465,0.2958999999999996,0.2690999999999999,1.0995912300260116,27.58999999999996,time,0.16999999999999993
2025-06-05,-1,2025-06-05 09:50:00-04:00,2025-06-05 15:55:00-04:00,9.35,8.995,0.3550000000000004,0.3399000000000001,1.0444248308325987,33.50000000000004,time,0.22989999999999888
2025-06-06,1,2025-06-06 10:45:00-04:00,2025-06-06 15:55:00-04:00,10.0,9.82,-0.17999999999999972,0.7799999999999994,-0.2307692307692306,-19.99999999999997,time,0.6600000000000001
2025-06-09,-1,2025-06-09 09:50:00-04:00,2025-06-09 15:55:00-04:00,9.73,10.12,-0.3899999999999988,0.5299999999999994,-0.7358490566037722,-40.99999999999988,time,0.4599999999999991
2025-06-10,1,2025-06-10 11:15:00-04:00,2025-06-10 15:55:00-04:00,10.2607,10.43,0.16929999999999978,0.2906999999999993,0.5823873409012734,14.929999999999978,time,0.2798999999999996
2025-06-11,1,2025-06-11 10:20:00-04:00,2025-06-11 15:55:00-04:00,10.5799,10.535,-0.04490000000000016,0.31869999999999976,-0.1408848446815193,-6.490000000000016,time,0.23879999999999946
2025-06-12,1,2025-06-12 10:10:00-04:00,2025-06-12 15:55:00-04:00,10.3397,10.19,-0.14970000000000105,0.21470000000000056,-0.6972519795062909,-16.970000000000105,time,0.1750000000000007
2025-06-13,-1,2025-06-13 10:15:00-04:00,2025-06-13 15:55:00-04:00,9.870000000000001,9.725,0.14500000000000135,0.3396999999999988,0.42684721813365284,12.500000000000135,time,0.2986000000000004
2025-06-16,1,2025-06-16 10:00:00-04:00,2025-06-16 11:05:00-04:00,9.959999999999999,9.75,-0.20999999999999908,0.1999999999999993,-1.0499999999999992,-22.999999999999908,stop,0.16000000000000014
2025-06-17,-1,2025-06-17 09:55:00-04:00,2025-06-17 15:55:00-04:00,9.6598,9.665,-0.005199999999998539,0.3902000000000001,-0.013326499231159758,-2.519999999999854,time,0.33000000000000007
2025-06-18,1,2025-06-18 10:05:00-04:00,2025-06-18 15:55:00-04:00,9.655,9.91,0.2550000000000008,0.1949999999999985,1.3076923076923217,23.500000000000078,time,0.16999999999999993
2025-06-20,-1,2025-06-20 09:55:00-04:00,2025-06-20 15:55:00-04:00,9.85,9.565,0.28500000000000014,0.28990000000000116,0.9830976198689169,26.500000000000014,time,0.28860000000000063
2025-06-23,1,2025-06-23 09:55:00-04:00,2025-06-23 12:10:00-04:00,9.3753,9.08,-0.29529999999999923,0.28529999999999944,-1.035050823694356,-31.529999999999923,stop,0.2699999999999996
2025-06-24,1,2025-06-24 09:50:00-04:00,2025-06-24 15:55:00-04:00,9.6837,10.01,0.3262999999999998,0.32370000000000054,1.0080321285140539,30.62999999999998,time,0.28000000000000114
2025-06-25,-1,2025-06-25 10:05:00-04:00,2025-06-25 15:55:00-04:00,10.055,10.004999999999999,0.05000000000000071,0.33500000000000085,0.14925373134328532,3.000000000000071,time,0.3150000000000013
2025-06-26,1,2025-06-26 10:35:00-04:00,2025-06-26 15:55:00-04:00,9.9207,10.495000000000001,0.5743000000000009,0.20069999999999943,2.861484803188852,55.43000000000009,time,0.17999999999999972
2025-06-27,-1,2025-06-27 10:40:00-04:00,2025-06-27 12:30:00-04:00,10.36,10.67,-0.3100000000000005,0.3000000000000007,-1.0333333333333325,-33.00000000000005,stop,0.2699999999999996
2025-06-30,1,2025-06-30 10:10:00-04:00,2025-06-30 15:55:00-04:00,11.0448,11.28,0.23519999999999897,0.39480000000000004,0.5957446808510611,21.519999999999897,time,0.28999999999999915
2025-07-01,1,2025-07-01 09:50:00-04:00,2025-07-01 15:55:00-04:00,11.37,11.25,-0.11999999999999922,0.33999999999999986,-0.3529411764705861,-13.999999999999922,time,0.22000000000000064
2025-07-02,1,2025-07-02 09:50:00-04:00,2025-07-02 15:55:00-04:00,11.955,12.19,0.23499999999999943,0.47000000000000064,0.4999999999999981,21.499999999999943,time,0.4450000000000003
2025-07-08,1,2025-07-08 10:00:00-04:00,2025-07-08 12:05:00-04:00,11.9401,11.700000000000001,-0.2400999999999982,0.23009999999999842,-1.0434593654932631,-26.00999999999982,stop,0.1999999999999993
2025-07-09,-1,2025-07-09 09:55:00-04:00,2025-07-09 12:30:00-04:00,11.562100000000001,11.83,-0.26789999999999914,0.25789999999999935,-1.0387747188832874,-28.789999999999914,stop,0.23499999999999943
2025-07-10,1,2025-07-10 10:40:00-04:00,2025-07-10 15:55:00-04:00,12.185,12.58,0.3949999999999996,0.23000000000000043,1.717391304347821,37.49999999999996,time,0.21499999999999986
2025-07-11,-1,2025-07-11 11:55:00-04:00,2025-07-11 15:55:00-04:00,12.635,12.42,0.21499999999999986,0.3949999999999996,0.5443037974683547,19.499999999999986,time,0.3650000000000002
2025-07-14,-1,2025-07-14 11:10:00-04:00,2025-07-14 15:55:00-04:00,12.615,12.515,0.09999999999999964,0.9520999999999997,0.10503098414032105,7.9999999999999645,time,0.8570999999999991
2025-07-15,1,2025-07-15 10:05:00-04:00,2025-07-15 10:55:00-04:00,12.372,12.14,-0.23199999999999932,0.22199999999999953,-1.0450450450450441,-25.199999999999932,stop,0.17989999999999995
2025-07-16,1,2025-07-16 10:20:00-04:00,2025-07-16 15:55:00-04:00,12.834999999999999,12.56,-0.2749999999999986,0.3949999999999996,-0.6962025316455668,-29.499999999999858,time,0.34999999999999964
2025-07-17,1,2025-07-17 09:50:00-04:00,2025-07-17 15:55:00-04:00,12.725,13.315,0.5899999999999999,0.3949999999999996,1.4936708860759507,56.999999999999986,time,0.3699999999999992
2025-07-18,1,2025-07-18 10:00:00-04:00,2025-07-18 12:45:00-04:00,14.03,13.43,-0.5999999999999996,0.5899999999999999,-1.0169491525423726,-61.999999999999964,stop,0.5200000000000014
2025-07-21,1,2025-07-21 09:50:00-04:00,2025-07-21 15:40:00-04:00,14.69,14.08,-0.6099999999999994,0.5999999999999996,-1.0166666666666664,-62.99999999999994,stop,0.4399999999999995
2025-07-22,-1,2025-07-22 09:50:00-04:00,2025-07-22 15:55:00-04:00,13.9648,14.265,-0.30020000000000024,0.3951999999999991,-0.7596153846153869,-32.020000000000024,time,0.2599999999999998
2025-07-23,1,2025-07-23 11:50:00-04:00,2025-07-23 15:55:00-04:00,14.44,14.33,-0.10999999999999943,0.7400000000000002,-0.14864864864864782,-12.999999999999943,time,0.6789000000000005
2025-07-24,1,2025-07-24 10:20:00-04:00,2025-07-24 15:55:00-04:00,14.424999999999999,14.67,0.245000000000001,0.34499999999999886,0.7101449275362371,22.5000000000001,time,0.29499999999999993
2025-07-25,-1,2025-07-25 09:50:00-04:00,2025-07-25 13:05:00-04:00,13.99,14.51,-0.5199999999999996,0.5099999999999998,-1.0196078431372544,-53.99999999999996,stop,0.46000000000000085
2025-07-28,-1,2025-07-28 09:50:00-04:00,2025-07-28 15:55:00-04:00,14.185,14.52,-0.3349999999999991,0.46499999999999986,-0.72043010752688,-35.49999999999991,time,0.4299999999999997
2025-07-29,-1,2025-07-29 09:50:00-04:00,2025-07-29 15:55:00-04:00,14.3,13.61,0.6900000000000013,0.29999999999999893,2.3000000000000123,67.00000000000013,time,0.27999999999999936
2025-07-30,-1,2025-07-30 09:50:00-04:00,2025-07-30 15:55:00-04:00,13.65,13.535,0.11500000000000021,0.33000000000000007,0.34848484848484906,9.500000000000021,time,0.3000000000000007
2025-07-31,1,2025-07-31 12:35:00-04:00,2025-07-31 15:30:00-04:00,13.815,13.35,-0.46499999999999986,0.45500000000000007,-1.0219780219780215,-48.499999999999986,stop,0.4477000000000011
2025-08-01,-1,2025-08-01 10:05:00-04:00,2025-08-01 15:55:00-04:00,10.995000000000001,11.035,-0.03999999999999915,1.0789999999999988,-0.03707136237256644,-5.999999999999915,time,1.064
2025-08-04,1,2025-08-04 10:05:00-04:00,2025-08-04 15:55:00-04:00,11.4199,11.405,-0.014900000000000801,0.3299000000000003,-0.04516520157623761,-3.49000000000008,time,0.2599999999999998
2025-08-05,-1,2025-08-05 10:05:00-04:00,2025-08-05 15:55:00-04:00,11.1366,11.125,0.01159999999999961,0.3033999999999999,0.03823335530652477,-0.8400000000000389,time,0.25
2025-08-06,-1,2025-08-06 10:15:00-04:00,2025-08-06 12:35:00-04:00,10.7235,11.129999999999999,-0.4064999999999994,0.39649999999999963,-1.0252206809583853,-42.64999999999994,stop,0.379999999999999
2025-08-07,-1,2025-08-07 10:05:00-04:00,2025-08-07 15:55:00-04:00,11.895,11.605,0.28999999999999915,0.4250000000000007,0.6823529411764674,26.999999999999915,time,0.41000000000000014
2025-08-08,-1,2025-08-08 10:00:00-04:00,2025-08-08 15:55:00-04:00,11.285,11.09,0.19500000000000028,0.504999999999999,0.3861386138613875,17.50000000000003,time,0.4599999999999991
2025-08-11,-1,2025-08-11 12:50:00-04:00,2025-08-11 15:55:00-04:00,11.305,11.129999999999999,0.1750000000000007,0.3550000000000004,0.49295774647887464,15.500000000000071,time,0.33000000000000007
2025-08-12,1,2025-08-12 10:10:00-04:00,2025-08-12 15:55:00-04:00,11.459999999999999,11.435,-0.02499999999999858,0.3099999999999987,-0.08064516129031833,-4.499999999999858,time,0.27999999999999936
2025-08-13,1,2025-08-13 09:50:00-04:00,2025-08-13 11:10:00-04:00,11.645,11.43,-0.21499999999999986,0.20500000000000007,-1.048780487804877,-23.499999999999986,stop,0.16500000000000092
2025-08-14,1,2025-08-14 11:10:00-04:00,2025-08-14 15:55:00-04:00,11.758799999999999,12.25,0.49120000000000097,0.5387999999999984,0.9116555308092101,47.1200000000001,time,0.5199999999999996
2025-08-15,-1,2025-08-15 09:50:00-04:00,2025-08-15 15:55:00-04:00,11.44,11.34,0.09999999999999964,0.5899999999999999,0.16949152542372825,7.9999999999999645,time,0.5499999999999989
2025-08-18,1,2025-08-18 09:50:00-04:00,2025-08-18 15:55:00-04:00,11.495,12.315,0.8200000000000003,0.3349999999999991,2.4477611940298583,80.00000000000003,time,0.28999999999999915
2025-08-19,-1,2025-08-19 09:50:00-04:00,2025-08-19 15:55:00-04:00,12.125,11.975,0.15000000000000036,0.28500000000000014,0.5263157894736852,13.000000000000036,time,0.21000000000000085
2025-08-20,-1,2025-08-20 09:50:00-04:00,2025-08-20 11:25:00-04:00,11.335,12.015,-0.6799999999999997,0.6699999999999999,-1.014925373134328,-69.99999999999997,stop,0.4350000000000005
2025-08-21,1,2025-08-21 10:05:00-04:00,2025-08-21 13:20:00-04:00,12.465,12.16,-0.3049999999999997,0.29499999999999993,-1.033898305084745,-32.49999999999997,stop,0.27699999999999925
2025-08-22,1,2025-08-22 09:50:00-04:00,2025-08-22 15:55:00-04:00,12.4216,13.205,0.7834000000000003,0.4016000000000002,1.9506972111553784,76.34000000000003,time,0.370000000000001
2025-08-25,1,2025-08-25 10:15:00-04:00,2025-08-25 15:55:00-04:00,12.89,13.265,0.375,0.4900000000000002,0.7653061224489792,35.5,time,0.4299999999999997
2025-08-26,1,2025-08-26 10:05:00-04:00,2025-08-26 15:55:00-04:00,13.285,13.67,0.3849999999999998,0.40499999999999936,0.9506172839506183,36.49999999999998,time,0.35999999999999943
2025-08-27,1,2025-08-27 09:55:00-04:00,2025-08-27 15:55:00-04:00,13.985,13.525,-0.4599999999999991,0.5749999999999993,-0.7999999999999994,-47.99999999999991,time,0.4558
2025-08-28,-1,2025-08-28 09:50:00-04:00,2025-08-28 11:40:00-04:00,13.66,13.98,-0.3200000000000003,0.3100000000000005,-1.0322580645161283,-34.00000000000003,stop,0.2400000000000002
2025-08-29,-1,2025-08-29 10:05:00-04:00,2025-08-29 15:55:00-04:00,13.585,13.78,-0.1949999999999985,0.3949999999999996,-0.4936708860759461,-21.49999999999985,time,0.3800000000000008
2025-09-02,1,2025-09-02 09:50:00-04:00,2025-09-02 15:55:00-04:00,13.9499,14.08,0.13010000000000055,0.9798999999999989,0.13276864986223155,11.010000000000055,time,0.7786999999999988
2025-09-03,1,2025-09-03 09:50:00-04:00,2025-09-03 10:10:00-04:00,14.365,13.950000000000001,-0.41499999999999915,0.40499999999999936,-1.0246913580246908,-43.499999999999915,stop,0.36989999999999945
2025-09-04,-1,2025-09-04 09:55:00-04:00,2025-09-04 15:55:00-04:00,13.095,13.174999999999999,-0.0799999999999983,0.3949999999999996,-0.20253164556961614,-9.99999999999983,time,0.3200000000000003
2025-09-05,-1,2025-09-05 10:05:00-04:00,2025-09-05 15:55:00-04:00,13.3889,13.31,0.07889999999999908,0.48109999999999964,0.16399916857202065,5.889999999999908,time,0.4299999999999997
2025-09-08,1,2025-09-08 10:35:00-04:00,2025-09-08 15:55:00-04:00,13.41,13.435,0.025000000000000355,0.4358000000000004,0.05736576411197873,0.5000000000000355,time,0.42079999999999984
2025-09-09,1,2025-09-09 09:55:00-04:00,2025-09-09 15:55:00-04:00,14.105,15.19,1.084999999999999,0.4450000000000003,2.4382022471910076,106.49999999999991,time,0.4250000000000007
2025-09-10,1,2025-09-10 09:50:00-04:00,2025-09-10 15:55:00-04:00,16.180000000000003,16.389999999999997,0.20999999999999375,0.9200000000000035,0.22826086956520972,18.999999999999375,time,0.8450000000000006
2025-09-11,1,2025-09-11 09:55:00-04:00,2025-09-11 14:45:00-04:00,16.39,15.92,-0.47000000000000064,0.46000000000000085,-1.021739130434782,-49.000000000000064,stop,0.4200000000000017
2025-09-15,1,2025-09-15 09:55:00-04:00,2025-09-15 15:55:00-04:00,16.340200000000003,16.665,0.3247999999999962,0.4702000000000037,0.6907698851552395,30.47999999999962,time,0.39000000000000234
2025-09-16,1,2025-09-16 11:20:00-04:00,2025-09-16 15:55:00-04:00,17.015,17.494999999999997,0.4799999999999969,0.4042999999999992,1.187237200098931,45.99999999999969,time,0.34909999999999997
2025-09-17,1,2025-09-17 09:50:00-04:00,2025-09-17 14:10:00-04:00,17.62,17.099999999999998,-0.5200000000000031,0.5100000000000016,-1.019607843137258,-54.00000000000031,stop,0.4870000000000019
2025-09-18,-1,2025-09-18 09:50:00-04:00,2025-09-18 12:10:00-04:00,17.52,18.040000000000003,-0.5200000000000031,0.5100000000000016,-1.019607843137258,-54.00000000000031,stop,0.490000000000002
2025-09-19,1,2025-09-19 09:50:00-04:00,2025-09-19 15:55:00-04:00,17.900000000000002,17.43,-0.4700000000000024,0.5500000000000007,-0.8545454545454578,-49.00000000000024,time,0.5299999999999976
2025-09-22,1,2025-09-22 09:50:00-04:00,2025-09-22 15:55:00-04:00,17.322100000000002,17.49,0.16789999999999594,0.6421000000000028,0.2614857498831883,14.789999999999594,time,0.4499999999999993
2025-09-23,-1,2025-09-23 13:45:00-04:00,2025-09-23 15:55:00-04:00,17.33,17.095000000000002,0.23499999999999588,0.9700000000000024,0.24226804123710854,21.499999999999588,time,0.8300000000000018
2025-09-24,1,2025-09-24 10:20:00-04:00,2025-09-24 15:55:00-04:00,20.040000000000003,17.959999999999997,-2.0800000000000054,2.259900000000002,-0.9203947077304322,-210.00000000000054,time,2.119699999999998
2025-09-25,-1,2025-09-25 13:50:00-04:00,2025-09-25 15:55:00-04:00,16.619999999999997,16.745,-0.12500000000000355,0.9100000000000037,-0.1373626373626407,-14.500000000000355,time,0.8850000000000016
2025-09-26,-1,2025-09-26 09:50:00-04:00,2025-09-26 15:55:00-04:00,16.715,17.700000000000003,-0.985000000000003,1.245000000000001,-0.7911646586345399,-100.5000000000003,time,1.1600000000000001
2025-09-29,1,2025-09-29 09:55:00-04:00,2025-09-29 15:55:00-04:00,18.565,19.764999999999997,1.1999999999999957,0.43400000000000105,2.764976958525329,117.99999999999957,time,0.37900000000000134
2025-09-30,-1,2025-09-30 10:10:00-04:00,2025-09-30 15:55:00-04:00,19.194999999999997,19.03,0.1649999999999956,0.5250000000000021,0.3142857142857046,14.49999999999956,time,0.48499999999999943
2025-10-01,1,2025-10-01 10:20:00-04:00,2025-10-01 11:30:00-04:00,19.5913,18.99,-0.6013000000000019,0.5913000000000004,-1.0169118890580104,-62.130000000000194,stop,0.5399999999999991
2025-10-02,1,2025-10-02 09:50:00-04:00,2025-10-02 09:55:00-04:00,19.6,19.100299999999997,-0.49970000000000425,0.4897000000000027,-1.0204206657137054,-51.970000000000425,stop,0.39970000000000283
2025-10-03,1,2025-10-03 09:50:00-04:00,2025-10-03 15:55:00-04:00,19.9799,19.419999999999998,-0.5599000000000025,1.0099000000000018,-0.5544113278542445,-57.99000000000025,time,0.8100000000000023
2025-10-06,-1,2025-10-06 09:55:00-04:00,2025-10-06 10:05:00-04:00,20.18,20.650000000000002,-0.4700000000000024,0.46000000000000085,-1.021739130434786,-49.00000000000024,stop,0.4400000000000013
2025-10-07,-1,2025-10-07 09:50:00-04:00,2025-10-07 15:55:00-04:00,21.479999999999997,21.48,-3.552713678800501e-15,0.3900000000000041,-9.109522253334522e-15,-2.0000000000003553,time,0.35999999999999943
2025-10-08,1,2025-10-08 10:00:00-04:00,2025-10-08 15:55:00-04:00,21.87,21.959999999999997,0.0899999999999963,0.5,0.1799999999999926,6.9999999999996305,time,0.36999999999999744
2025-10-09,-1,2025-10-09 10:45:00-04:00,2025-10-09 15:40:00-04:00,21.65,22.240000000000002,-0.5900000000000034,0.5800000000000018,-1.0172413793103474,-61.00000000000034,stop,0.5399999999999991
2025-10-10,-1,2025-10-10 10:45:00-04:00,2025-10-10 15:55:00-04:00,22.77,21.0,1.7699999999999996,1.1649999999999991,1.5193133047210308,174.99999999999994,time,1.1252999999999993
2025-10-13,-1,2025-10-13 10:25:00-04:00,2025-10-13 11:25:00-04:00,20.960099999999997,21.845000000000002,-0.8849000000000053,0.8749000000000038,-1.0114298777003103,-90.49000000000053,stop,0.7650000000000006
2025-10-14,1,2025-10-14 09:50:00-04:00,2025-10-14 15:55:00-04:00,20.990000000000002,22.169999999999998,1.1799999999999962,0.9237000000000037,1.2774710403810667,115.99999999999962,time,0.8487000000000009
2025-10-15,-1,2025-10-15 09:50:00-04:00,2025-10-15 10:15:00-04:00,22.389999999999997,22.85,-0.4600000000000044,0.45000000000000284,-1.0222222222222255,-48.00000000000044,stop,0.41000000000000014
2025-10-16,-1,2025-10-16 09:55:00-04:00,2025-10-16 15:55:00-04:00,21.169999999999998,19.555000000000003,1.6149999999999949,0.9400000000000013,1.718085106382971,159.4999999999995,time,0.7999000000000009
2025-10-17,1,2025-10-17 12:00:00-04:00,2025-10-17 15:55:00-04:00,19.405,20.010099999999998,0.6050999999999966,0.9050000000000011,0.6686187845303821,58.509999999999664,time,0.8599999999999994
2025-10-20,1,2025-10-20 09:50:00-04:00,2025-10-20 15:55:00-04:00,21.64,21.985,0.34499999999999886,1.0300000000000011,0.33495145631067813,32.499999999999886,time,0.8300000000000018
2025-10-21,-1,2025-10-21 10:00:00-04:00,2025-10-21 15:55:00-04:00,21.41,20.67,0.7399999999999984,0.7800000000000011,0.9487179487179453,71.99999999999984,time,0.745000000000001
2025-10-22,1,2025-10-22 09:55:00-04:00,2025-10-22 10:20:00-04:00,20.405,19.869999999999997,-0.5350000000000037,0.5250000000000021,-1.0190476190476219,-55.50000000000037,stop,0.490000000000002
2025-10-23,1,2025-10-23 10:00:00-04:00,2025-10-23 15:55:00-04:00,19.91,20.474999999999998,0.5649999999999977,0.7600000000000016,0.7434210526315744,54.49999999999977,time,0.547900000000002
2025-10-24,1,2025-10-24 11:15:00-04:00,2025-10-24 15:55:00-04:00,21.69,21.404999999999998,-0.2850000000000037,0.7900000000000027,-0.3607594936708895,-30.50000000000037,time,0.5899999999999999
2025-10-27,1,2025-10-27 11:15:00-04:00,2025-10-27 15:55:00-04:00,22.365000000000002,22.974999999999998,0.6099999999999959,0.7950000000000017,0.7672955974842699,58.99999999999959,time,0.745000000000001
2025-10-28,-1,2025-10-28 11:35:00-04:00,2025-10-28 15:55:00-04:00,22.634999999999998,21.565,1.0699999999999967,0.5850000000000009,1.8290598290598208,104.99999999999967,time,0.5199999999999996
2025-10-29,1,2025-10-29 11:00:00-04:00,2025-10-29 15:55:00-04:00,22.25,22.16,-0.08999999999999986,1.1900000000000013,-0.07563025210084014,-10.999999999999986,time,1.0100000000000016
2025-10-30,-1,2025-10-30 11:45:00-04:00,2025-10-30 15:55:00-04:00,21.014999999999997,21.040000000000003,-0.025000000000005684,0.7950000000000017,-0.03144654088051023,-4.500000000000568,time,0.7799999999999976
2025-10-31,-1,2025-10-31 11:55:00-04:00,2025-10-31 15:55:00-04:00,19.779999999999998,19.8,-0.020000000000003126,2.1250000000000036,-0.00941176470588381,-4.000000000000313,time,1.8949999999999996
2025-11-03,1,2025-11-03 09:55:00-05:00,2025-11-03 10:35:00-05:00,21.630000000000003,20.41,-1.2200000000000024,1.2100000000000009,-1.0082644628099187,-124.00000000000024,stop,1.134999999999998
2025-11-04,1,2025-11-04 09:50:00-05:00,2025-11-04 15:55:00-05:00,20.51,19.259999999999998,-1.2500000000000036,1.4500000000000028,-0.8620689655172421,-127.00000000000036,time,1.0
2025-11-05,-1,2025-11-05 12:10:00-05:00,2025-11-05 15:55:00-05:00,18.729999999999997,18.98,-0.25000000000000355,1.0000000000000036,-0.25000000000000266,-27.000000000000355,time,0.8500000000000014
2025-11-06,-1,2025-11-06 10:05:00-05:00,2025-11-06 15:55:00-05:00,18.15,17.325000000000003,0.8249999999999957,0.7499000000000002,1.100146686224824,80.49999999999957,time,0.6498999999999988
2025-11-07,-1,2025-11-07 11:50:00-05:00,2025-11-07 14:40:00-05:00,16.04,16.82,-0.7800000000000011,0.7699999999999996,-1.012987012987015,-80.00000000000011,stop,0.7449999999999974
2025-11-10,-1,2025-11-10 09:50:00-05:00,2025-11-10 15:55:00-05:00,17.604999999999997,17.32,0.2849999999999966,0.38080000000000425,0.7484243697478818,26.49999999999966,time,0.3658000000000001
2025-11-11,-1,2025-11-11 10:30:00-05:00,2025-11-11 15:55:00-05:00,16.084999999999997,16.129900000000003,-0.04490000000000549,0.735000000000003,-0.06108843537415688,-6.490000000000549,time,0.6400000000000006
2025-11-12,-1,2025-11-12 10:40:00-05:00,2025-11-12 15:55:00-05:00,15.7702,15.465,0.305200000000001,0.699799999999998,0.43612460703058287,28.520000000000103,time,0.5199999999999996
2025-11-13,-1,2025-11-13 10:30:00-05:00,2025-11-13 15:55:00-05:00,14.515,13.9,0.6150000000000002,0.6849999999999987,0.8978102189781042,59.50000000000002,time,0.6699999999999999
2025-11-14,1,2025-11-14 09:50:00-05:00,2025-11-14 15:55:00-05:00,13.59,13.97,0.3800000000000008,0.8399999999999999,0.4523809523809534,36.00000000000008,time,0.75
2025-11-17,-1,2025-11-17 14:25:00-05:00,2025-11-17 15:55:00-05:00,13.465,13.91,-0.4450000000000003,0.6750000000000007,-0.659259259259259,-46.50000000000003,time,0.6400000000000006
2025-11-18,-1,2025-11-18 12:30:00-05:00,2025-11-18 15:55:00-05:00,13.46,13.959999999999999,-0.4999999999999982,0.7799999999999994,-0.6410256410256393,-51.99999999999982,time,0.7300000000000004
2025-11-19,1,2025-11-19 10:15:00-05:00,2025-11-19 10:25:00-05:00,14.3307,13.83,-0.5007000000000001,0.49070000000000036,-1.020379050336254,-52.070000000000014,stop,0.33999999999999986
2025-11-20,-1,2025-11-20 09:50:00-05:00,2025-11-20 10:00:00-05:00,13.78,14.24,-0.46000000000000085,0.45000000000000107,-1.0222222222222217,-48.000000000000085,stop,0.41999999999999993
2025-11-21,-1,2025-11-21 10:35:00-05:00,2025-11-21 15:55:00-05:00,12.2401,12.709999999999999,-0.4698999999999991,0.6699000000000002,-0.7014479773100447,-48.98999999999991,time,0.6500000000000004
2025-11-24,1,2025-11-24 10:00:00-05:00,2025-11-24 15:55:00-05:00,13.549999999999999,13.870000000000001,0.32000000000000206,0.7199999999999989,0.44444444444444803,30.000000000000206,time,0.5899999999999999
2025-11-25,-1,2025-11-25 09:50:00-05:00,2025-11-25 09:55:00-05:00,13.22,13.725,-0.504999999999999,0.4949999999999992,-1.0202020202020199,-52.4999999999999,stop,0.47499999999999964
2025-11-26,1,2025-11-26 09:50:00-05:00,2025-11-26 15:55:00-05:00,14.674999999999999,14.97,0.2950000000000017,0.4449999999999985,0.6629213483146128,27.50000000000017,time,0.42549999999999955
2025-12-01,-1,2025-12-01 10:30:00-05:00,2025-12-01 13:05:00-05:00,15.055,15.79,-0.7349999999999994,0.7249999999999996,-1.0137931034482757,-75.49999999999994,stop,0.5999999999999996
2025-12-02,1,2025-12-02 10:00:00-05:00,2025-12-02 11:20:00-05:00,15.91,15.395,-0.5150000000000006,0.5050000000000008,-1.0198019801980194,-53.50000000000006,stop,0.45500000000000007
2025-12-03,1,2025-12-03 10:05:00-05:00,2025-12-03 15:55:00-05:00,15.37,15.620000000000001,0.2500000000000018,0.47999999999999865,0.5208333333333385,23.000000000000178,time,0.34999999999999964
2025-12-04,1,2025-12-04 14:55:00-05:00,2025-12-04 15:55:00-05:00,15.81,15.6,-0.21000000000000085,0.5600000000000005,-0.37500000000000117,-23.000000000000085,time,0.4900000000000002
2025-12-05,-1,2025-12-05 11:10:00-05:00,2025-12-05 15:55:00-05:00,14.8513,14.95,-0.09869999999999912,0.4986999999999995,-0.19791457790254507,-11.869999999999912,time,0.34999999999999964
2025-12-08,-1,2025-12-08 10:10:00-05:00,2025-12-08 11:25:00-05:00,14.845,15.29,-0.4449999999999985,0.4349999999999987,-1.022988505747126,-46.49999999999985,stop,0.3899999999999988
2025-12-09,1,2025-12-09 10:30:00-05:00,2025-12-09 15:55:00-05:00,15.0,15.51,0.5099999999999998,0.5899999999999999,0.8644067796610168,48.99999999999998,time,0.5099999999999998
2025-12-10,1,2025-12-10 14:10:00-05:00,2025-12-10 15:55:00-05:00,15.625,15.57,-0.054999999999999716,0.5050000000000008,-0.10891089108910817,-7.499999999999972,time,0.28000000000000114
2025-12-11,-1,2025-12-11 09:55:00-05:00,2025-12-11 15:15:00-05:00,14.84,15.37,-0.5299999999999994,0.5199999999999996,-1.019230769230769,-54.999999999999936,stop,0.3999999999999986
2025-12-12,-1,2025-12-12 10:30:00-05:00,2025-12-12 15:55:00-05:00,15.565,15.32,0.24499999999999922,0.7050000000000001,0.34751773049645274,22.499999999999922,time,0.5399999999999991
2025-12-15,-1,2025-12-15 09:50:00-05:00,2025-12-15 15:55:00-05:00,14.64,13.72,0.9199999999999999,0.6499999999999986,1.4153846153846183,90.0,time,0.4499999999999993
2025-12-16,-1,2025-12-16 09:50:00-05:00,2025-12-16 15:55:00-05:00,13.47,13.47,-0.0,0.3899999999999988,-0.0,-2.0,time,0.30989999999999895
2025-12-17,-1,2025-12-17 09:50:00-05:00,2025-12-17 10:00:00-05:00,13.56,13.91,-0.34999999999999964,0.33999999999999986,-1.0294117647058818,-36.999999999999964,stop,0.3000000000000007
2025-12-18,-1,2025-12-18 09:55:00-05:00,2025-12-18 15:55:00-05:00,13.22,13.385,-0.16499999999999915,0.5149999999999988,-0.3203883495145622,-18.499999999999915,time,0.4748999999999999
2025-12-19,-1,2025-12-19 10:50:00-05:00,2025-12-19 11:20:00-05:00,13.695,14.055,-0.35999999999999943,0.34999999999999964,-1.028571428571428,-37.99999999999994,stop,0.3200000000000003
2025-12-22,-1,2025-12-22 12:35:00-05:00,2025-12-22 15:55:00-05:00,14.535,14.43,0.10500000000000043,0.5549999999999997,0.18918918918919006,8.500000000000043,time,0.5099999999999998
2025-12-23,-1,2025-12-23 10:05:00-05:00,2025-12-23 15:55:00-05:00,13.955,13.695,0.2599999999999998,0.27500000000000036,0.9454545454545434,23.99999999999998,time,0.22000000000000064
2025-12-26,-1,2025-12-26 10:15:00-05:00,2025-12-26 15:55:00-05:00,13.4,13.44,-0.03999999999999915,0.5499999999999989,-0.07272727272727132,-5.999999999999915,time,0.5272999999999985
2025-12-29,-1,2025-12-29 13:40:00-05:00,2025-12-29 15:55:00-05:00,13.095,13.205,-0.10999999999999943,0.5449999999999999,-0.20183486238532009,-12.999999999999943,time,0.5099999999999998
2025-12-30,-1,2025-12-30 12:45:00-05:00,2025-12-30 15:55:00-05:00,13.14,12.709999999999999,0.4300000000000015,0.33999999999999986,1.264705882352946,41.00000000000015,time,0.29550000000000054
2025-12-31,-1,2025-12-31 09:55:00-05:00,2025-12-31 15:55:00-05:00,12.745000000000001,12.65,0.09500000000000064,0.3249999999999993,0.29230769230769493,7.500000000000064,time,0.3049999999999997
2026-01-02,1,2026-01-02 09:50:00-05:00,2026-01-02 15:55:00-05:00,13.209999999999999,14.18,0.9700000000000006,0.5643999999999991,1.7186392629340932,95.00000000000006,time,0.3743999999999996
2026-01-05,-1,2026-01-05 10:25:00-05:00,2026-01-05 14:15:00-05:00,14.47,14.81,-0.33999999999999986,0.33000000000000007,-1.0303030303030296,-35.999999999999986,stop,0.27000000000000135
2026-01-06,-1,2026-01-06 10:40:00-05:00,2026-01-06 15:55:00-05:00,14.675,15.0,-0.3249999999999993,0.5749999999999993,-0.5652173913043473,-34.49999999999993,time,0.5399999999999991
2026-01-07,1,2026-01-07 10:40:00-05:00,2026-01-07 15:55:00-05:00,15.135,15.26,0.125,0.5499999999999989,0.2272727272727277,10.5,time,0.40499999999999936
2026-01-08,1,2026-01-08 09:50:00-05:00,2026-01-08 15:55:00-05:00,15.315,15.120000000000001,-0.1949999999999985,0.47499999999999964,-0.41052631578947085,-21.49999999999985,time,0.46000000000000085
2026-01-09,1,2026-01-09 10:25:00-05:00,2026-01-09 14:30:00-05:00,15.66,15.290000000000001,-0.3699999999999992,0.35999999999999943,-1.0277777777777772,-38.99999999999992,stop,0.3099999999999987
2026-01-12,-1,2026-01-12 10:10:00-05:00,2026-01-12 11:30:00-05:00,15.07,15.51,-0.4399999999999995,0.4299999999999997,-1.023255813953488,-45.99999999999995,stop,0.34999999999999964
2026-01-13,-1,2026-01-13 11:10:00-05:00,2026-01-13 15:55:00-05:00,16.395,16.765,-0.370000000000001,0.5450000000000017,-0.678899082568807,-39.0000000000001,time,0.40000000000000213
2026-01-14,1,2026-01-14 10:10:00-05:00,2026-01-14 15:55:00-05:00,17.41,17.29,-0.120000000000001,0.6499999999999986,-0.18461538461538654,-14.0000000000001,time,0.5799999999999983
2026-01-15,-1,2026-01-15 10:00:00-05:00,2026-01-15 10:55:00-05:00,16.525,16.990000000000002,-0.4650000000000034,0.45500000000000185,-1.0219780219780252,-48.50000000000034,stop,0.39000000000000057
2026-01-16,1,2026-01-16 10:10:00-05:00,2026-01-16 15:55:00-05:00,18.785,19.22,0.4349999999999987,1.4849999999999994,0.2929292929292922,41.49999999999987,time,1.1799999999999997
2026-01-20,1,2026-01-20 10:45:00-05:00,2026-01-20 15:55:00-05:00,18.593500000000002,18.09,-0.5035000000000025,0.7535000000000025,-0.6682149966821511,-52.35000000000025,time,0.6900000000000013
2026-01-21,1,2026-01-21 10:20:00-05:00,2026-01-21 11:20:00-05:00,18.62,17.959999999999997,-0.6600000000000037,0.6500000000000021,-1.0153846153846178,-68.00000000000037,stop,0.6300000000000026
2026-01-22,-1,2026-01-22 09:50:00-05:00,2026-01-22 15:55:00-05:00,17.13,17.075000000000003,0.05499999999999616,0.5500000000000007,0.0999999999999929,3.4999999999996163,time,0.370000000000001
2026-01-23,-1,2026-01-23 09:50:00-05:00,2026-01-23 10:45:00-05:00,16.569999999999997,17.145000000000003,-0.5750000000000064,0.5650000000000048,-1.0176991150442505,-59.50000000000064,stop,0.4450000000000003
2026-01-26,-1,2026-01-26 09:50:00-05:00,2026-01-26 15:55:00-05:00,16.509999999999998,16.235000000000003,0.274999999999995,0.6600000000000037,0.4166666666666568,25.499999999999503,time,0.5800000000000018
2026-01-27,1,2026-01-27 10:05:00-05:00,2026-01-27 15:55:00-05:00,16.455000000000002,17.549999999999997,1.0949999999999953,0.26500000000000057,4.132075471698086,107.49999999999953,time,0.23000000000000043
2026-01-28,-1,2026-01-28 10:15:00-05:00,2026-01-28 15:55:00-05:00,17.665,17.555000000000003,0.10999999999999588,0.375,0.29333333333332234,8.999999999999588,time,0.34999999999999787
2026-01-29,-1,2026-01-29 09:55:00-05:00,2026-01-29 15:55:00-05:00,16.88,16.975,-0.09500000000000242,0.4200000000000017,-0.22619047619048102,-11.500000000000242,time,0.375
2026-01-30,-1,2026-01-30 09:55:00-05:00,2026-01-30 15:55:00-05:00,15.985,15.5,0.48499999999999943,0.6050000000000004,0.8016528925619819,46.49999999999994,time,0.35999999999999943
2026-02-02,1,2026-02-02 09:50:00-05:00,2026-02-02 15:55:00-05:00,15.435,15.295,-0.14000000000000057,0.6349999999999998,-0.22047244094488286,-16.000000000000057,time,0.5599999999999987
2026-02-03,1,2026-02-03 09:50:00-05:00,2026-02-03 09:55:00-05:00,15.879999999999999,15.42,-0.4599999999999991,0.4499999999999993,-1.0222222222222217,-47.99999999999991,stop,0.40000000000000036
2026-02-04,-1,2026-02-04 09:55:00-05:00,2026-02-04 15:55:00-05:00,14.275,14.15,0.125,0.8349999999999991,0.14970059880239536,10.5,time,0.7199999999999989
2026-02-05,-1,2026-02-05 10:10:00-05:00,2026-02-05 15:55:00-05:00,13.21,12.07,1.1400000000000006,0.9699999999999989,1.175257731958765,112.00000000000006,time,0.8100000000000005
2026-02-06,1,2026-02-06 09:50:00-05:00,2026-02-06 15:55:00-05:00,13.625,14.415000000000001,0.7900000000000009,0.8149999999999995,0.9693251533742349,77.00000000000009,time,0.6500000000000004
2026-02-09,1,2026-02-09 10:05:00-05:00,2026-02-09 15:55:00-05:00,14.4601,14.97,0.5099,0.6600999999999999,0.7724587183760038,48.99,time,0.5999999999999996
2026-02-10,1,2026-02-10 11:00:00-05:00,2026-02-10 15:55:00-05:00,15.295,14.815,-0.4800000000000004,0.7949999999999999,-0.603773584905661,-50.00000000000004,time,0.75
2026-02-11,-1,2026-02-11 10:10:00-05:00,2026-02-11 11:10:00-05:00,14.56,15.04,-0.47999999999999865,0.46999999999999886,-1.0212765957446805,-49.999999999999865,stop,0.27999999999999936
2026-02-12,1,2026-02-12 09:55:00-05:00,2026-02-12 11:05:00-05:00,15.09,14.74,-0.34999999999999964,0.33999999999999986,-1.0294117647058818,-36.999999999999964,stop,0.28500000000000014
2026-02-13,1,2026-02-13 10:05:00-05:00,2026-02-13 15:55:00-05:00,14.87,15.23,0.3600000000000012,0.8599999999999994,0.4186046511627924,34.00000000000012,time,0.7400000000000002
2026-02-17,-1,2026-02-17 09:50:00-05:00,2026-02-17 15:55:00-05:00,14.455,14.68,-0.22499999999999964,0.6099999999999994,-0.3688524590163932,-24.499999999999964,time,0.5549999999999997
2026-02-18,1,2026-02-18 11:45:00-05:00,2026-02-18 15:55:00-05:00,15.785,15.49,-0.29499999999999993,0.7349999999999994,-0.4013605442176873,-31.499999999999993,time,0.7099999999999991
2026-02-19,1,2026-02-19 10:00:00-05:00,2026-02-19 15:55:00-05:00,15.629999999999999,16.22,0.5899999999999999,0.5099999999999998,1.1568627450980393,56.999999999999986,time,0.33970000000000056
2026-02-20,1,2026-02-20 10:00:00-05:00,2026-02-20 12:10:00-05:00,16.89,16.009999999999998,-0.8800000000000026,0.870000000000001,-1.011494252873565,-90.00000000000026,stop,0.7300000000000004
2026-02-23,1,2026-02-23 09:50:00-05:00,2026-02-23 15:55:00-05:00,15.845,15.655,-0.19000000000000128,0.745000000000001,-0.2550335570469812,-21.000000000000128,time,0.6500000000000004
2026-02-24,1,2026-02-24 09:50:00-05:00,2026-02-24 15:55:00-05:00,16.205000000000002,16.47,0.264999999999997,0.8150000000000013,0.3251533742331247,24.4999999999997,time,0.41000000000000014
2026-02-25,-1,2026-02-25 10:35:00-05:00,2026-02-25 14:30:00-05:00,16.759999999999998,17.23,-0.4700000000000024,0.46000000000000085,-1.021739130434786,-49.00000000000024,stop,0.4349999999999987
2026-02-26,-1,2026-02-26 09:50:00-05:00,2026-02-26 15:55:00-05:00,16.77,17.1,-0.33000000000000185,0.4499999999999993,-0.7333333333333386,-35.000000000000185,time,0.41999999999999815
2026-02-27,-1,2026-02-27 09:50:00-05:00,2026-02-27 10:10:00-05:00,16.54,16.89,-0.3500000000000014,0.33999999999999986,-1.029411764705887,-37.00000000000014,stop,0.3200000000000003
2026-03-02,1,2026-03-02 10:05:00-05:00,2026-03-02 15:55:00-05:00,16.475,16.419999999999998,-0.05500000000000327,0.9750000000000014,-0.05641025641025968,-7.500000000000327,time,0.8399999999999999
2026-03-03,1,2026-03-03 09:55:00-05:00,2026-03-03 10:25:00-05:00,16.040000000000003,15.3,-0.740000000000002,0.7300000000000022,-1.013698630136986,-76.0000000000002,stop,0.6549999999999994
2026-03-04,1,2026-03-04 10:10:00-05:00,2026-03-04 15:55:00-05:00,16.375,16.52,0.14499999999999957,0.8550000000000004,0.1695906432748532,12.499999999999957,time,0.6799999999999997
2026-03-05,1,2026-03-05 10:00:00-05:00,2026-03-05 10:30:00-05:00,16.55,16.139999999999997,-0.4100000000000037,0.40000000000000213,-1.0250000000000037,-43.00000000000037,stop,0.365000000000002
2026-03-06,-1,2026-03-06 09:55:00-05:00,2026-03-06 15:55:00-05:00,14.255,14.18,0.07500000000000107,0.8349999999999991,0.0898203592814385,5.500000000000107,time,0.6400000000000006
2026-03-09,1,2026-03-09 10:20:00-04:00,2026-03-09 15:55:00-04:00,14.08,14.69,0.6099999999999994,0.5099999999999998,1.1960784313725483,58.99999999999994,time,0.39000000000000057
2026-03-10,1,2026-03-10 09:50:00-04:00,2026-03-10 14:10:00-04:00,15.305,14.64,-0.6649999999999991,0.6549999999999994,-1.0152671755725187,-68.49999999999991,stop,0.5600000000000005
2026-03-11,1,2026-03-11 10:15:00-04:00,2026-03-11 11:20:00-04:00,15.14,14.63,-0.5099999999999998,0.5,-1.0199999999999996,-52.99999999999998,stop,0.3949999999999996
2026-03-12,-1,2026-03-12 09:50:00-04:00,2026-03-12 13:40:00-04:00,14.185,14.5,-0.3149999999999995,0.3049999999999997,-1.032786885245901,-33.49999999999995,stop,0.2599999999999998
2026-03-13,-1,2026-03-13 11:00:00-04:00,2026-03-13 15:55:00-04:00,14.9,14.03,0.870000000000001,0.6599000000000004,1.3183815729656017,85.0000000000001,time,0.5998999999999999
2026-03-16,-1,2026-03-16 09:50:00-04:00,2026-03-16 15:55:00-04:00,14.385,14.405,-0.019999999999999574,0.495000000000001,-0.040404040404039464,-3.9999999999999574,time,0.4699000000000009
2026-03-17,1,2026-03-17 12:25:00-04:00,2026-03-17 15:55:00-04:00,14.5025,14.655,0.15249999999999986,0.3025000000000002,0.5041322314049579,13.249999999999986,time,0.28500000000000014
2026-03-18,-1,2026-03-18 10:10:00-04:00,2026-03-18 15:55:00-04:00,14.18,14.11,0.07000000000000028,0.4920000000000009,0.14227642276422797,5.000000000000028,time,0.4320000000000004
2026-03-19,1,2026-03-19 09:55:00-04:00,2026-03-19 15:55:00-04:00,13.78,14.16,0.3800000000000008,0.5269999999999992,0.721062618595828,36.00000000000008,time,0.45700000000000074
2026-03-20,1,2026-03-20 09:50:00-04:00,2026-03-20 09:55:00-04:00,14.11,13.78,-0.33000000000000007,0.3200000000000003,-1.0312499999999993,-35.00000000000001,stop,0.26000000000000156
2026-03-23,1,2026-03-23 09:55:00-04:00,2026-03-23 15:55:00-04:00,14.135,14.34,0.20500000000000007,0.7349999999999994,0.27891156462585065,18.500000000000007,time,0.5549999999999997
2026-03-24,1,2026-03-24 10:05:00-04:00,2026-03-24 10:20:00-04:00,14.6101,14.15,-0.46009999999999884,0.45009999999999906,-1.0222172850477667,-48.009999999999884,stop,0.34999999999999964
2026-03-25,-1,2026-03-25 11:10:00-04:00,2026-03-25 15:55:00-04:00,14.73,15.16,-0.4299999999999997,0.5199999999999996,-0.8269230769230771,-44.99999999999997,time,0.48990000000000045
2026-03-26,-1,2026-03-26 10:20:00-04:00,2026-03-26 15:55:00-04:00,14.345,14.015,0.33000000000000007,0.5549999999999997,0.5945945945945951,31.000000000000007,time,0.4800000000000004
2026-03-27,-1,2026-03-27 09:55:00-04:00,2026-03-27 15:55:00-04:00,13.08,12.81,0.2699999999999996,0.5999999999999996,0.44999999999999957,24.999999999999957,time,0.5099999999999998
2026-03-30,-1,2026-03-30 09:50:00-04:00,2026-03-30 15:55:00-04:00,12.5999,11.834999999999999,0.7649000000000008,0.4601000000000006,1.662464681590958,74.49000000000008,time,0.41000000000000014
2026-03-31,-1,2026-03-31 10:50:00-04:00,2026-03-31 13:00:00-04:00,11.645,12.174999999999999,-0.5299999999999994,0.5199999999999996,-1.019230769230769,-54.999999999999936,stop,0.4549999999999983
2026-04-01,1,2026-04-01 10:20:00-04:00,2026-04-01 14:25:00-04:00,12.77,12.49,-0.27999999999999936,0.2699999999999996,-1.0370370370370363,-29.999999999999936,stop_gap,0.24499999999999922
2026-04-02,1,2026-04-02 10:00:00-04:00,2026-04-02 15:55:00-04:00,12.315,12.865,0.5500000000000007,0.4109999999999996,1.3381995133819982,53.00000000000007,time,0.35219999999999985
2026-04-06,1,2026-04-06 12:50:00-04:00,2026-04-06 15:55:00-04:00,13.709999999999999,13.5,-0.20999999999999908,0.7599999999999998,-0.27631578947368307,-22.999999999999908,time,0.7400000000000002
2026-04-07,1,2026-04-07 10:55:00-04:00,2026-04-07 15:55:00-04:00,13.645,14.185,0.5400000000000009,0.34499999999999886,1.5652173913043557,52.00000000000009,time,0.33000000000000007
2026-04-08,1,2026-04-08 12:30:00-04:00,2026-04-08 15:55:00-04:00,16.01,16.099999999999998,0.0899999999999963,0.6450000000000014,0.1395348837209242,6.9999999999996305,time,0.5950000000000006
2026-04-09,1,2026-04-09 11:55:00-04:00,2026-04-09 15:55:00-04:00,16.880000000000003,16.674999999999997,-0.2050000000000054,0.9150000000000027,-0.22404371584699978,-22.50000000000054,time,0.8949999999999996
2026-04-10,-1,2026-04-10 12:00:00-04:00,2026-04-10 15:55:00-04:00,16.674999999999997,16.6,0.07499999999999574,0.4750000000000014,0.15789473684209582,5.499999999999574,time,0.41000000000000014
2026-04-13,1,2026-04-13 09:50:00-04:00,2026-04-13 15:55:00-04:00,16.516000000000002,17.349999999999998,0.8339999999999961,0.5757000000000012,1.4486711829077545,81.39999999999961,time,0.4396999999999984
2026-04-14,1,2026-04-14 09:55:00-04:00,2026-04-14 15:55:00-04:00,18.700000000000003,18.11,-0.5900000000000034,0.9000000000000021,-0.6555555555555578,-61.00000000000034,time,0.8599999999999994
2026-04-15,-1,2026-04-15 11:00:00-04:00,2026-04-15 15:55:00-04:00,17.174999999999997,17.430000000000003,-0.2550000000000061,0.6550000000000011,-0.3893129770992453,-27.50000000000061,time,0.6199999999999974
2026-04-16,-1,2026-04-16 09:55:00-04:00,2026-04-16 15:55:00-04:00,16.535,16.930000000000003,-0.3950000000000031,1.1550000000000011,-0.34199134199134434,-41.50000000000031,time,0.7300000000000004
2026-04-17,1,2026-04-17 10:20:00-04:00,2026-04-17 15:55:00-04:00,17.655,18.095,0.4399999999999977,0.6050000000000004,0.727272727272723,41.99999999999977,time,0.5500000000000007
2026-04-20,-1,2026-04-20 11:00:00-04:00,2026-04-20 15:55:00-04:00,17.83,18.115000000000002,-0.2850000000000037,0.7000000000000028,-0.40714285714286075,-30.50000000000037,time,0.6400000000000006
2026-04-21,-1,2026-04-21 11:00:00-04:00,2026-04-21 15:55:00-04:00,17.819999999999997,17.42,0.399999999999995,0.490000000000002,0.8163265306122315,37.9999999999995,time,0.4499999999999993
2026-04-22,1,2026-04-22 10:00:00-04:00,2026-04-22 15:55:00-04:00,18.400000000000002,18.444999999999997,0.0449999999999946,0.29930000000000234,0.1503508185766597,2.49999999999946,time,0.25929999999999964
2026-04-23,1,2026-04-23 10:30:00-04:00,2026-04-23 13:10:00-04:00,18.8,18.24,-0.5600000000000023,0.5500000000000007,-1.018181818181821,-58.00000000000023,stop,0.5
2026-04-24,-1,2026-04-24 10:30:00-04:00,2026-04-24 15:55:00-04:00,18.509999999999998,18.595000000000002,-0.0850000000000044,0.5600000000000023,-0.15178571428572155,-10.50000000000044,time,0.495000000000001
2026-04-27,-1,2026-04-27 11:10:00-04:00,2026-04-27 15:55:00-04:00,18.27,18.290000000000003,-0.020000000000003126,0.608900000000002,-0.03284611594679432,-4.000000000000313,time,0.5889000000000024
2026-04-28,-1,2026-04-28 10:40:00-04:00,2026-04-28 15:55:00-04:00,16.814999999999998,16.59,0.22499999999999787,0.7550000000000026,0.2980132450331088,20.499999999999787,time,0.7300000000000004
2026-04-29,-1,2026-04-29 09:50:00-04:00,2026-04-29 15:55:00-04:00,15.955,16.0,-0.04499999999999993,0.6150000000000002,-0.07317073170731693,-6.499999999999993,time,0.4200000000000017
2026-04-30,1,2026-04-30 10:05:00-04:00,2026-04-30 15:55:00-04:00,16.78,17.169999999999998,0.389999999999997,0.5800000000000018,0.672413793103441,36.9999999999997,time,0.4400000000000013
2026-05-01,1,2026-05-01 11:15:00-04:00,2026-05-01 14:30:00-04:00,19.355,18.31,-1.0450000000000017,1.0350000000000001,-1.0096618357487939,-106.50000000000017,stop,0.9800000000000004
2026-05-04,-1,2026-05-04 09:50:00-04:00,2026-05-04 15:55:00-04:00,18.18,18.69,-0.5100000000000016,0.9200000000000017,-0.5543478260869572,-53.000000000000156,time,0.8000000000000007
2026-05-05,1,2026-05-05 14:35:00-04:00,2026-05-05 15:55:00-04:00,19.970000000000002,20.319999999999997,0.3499999999999943,0.9100000000000037,0.3846153846153768,32.99999999999943,time,0.7100000000000009
2026-05-07,-1,2026-05-07 09:50:00-04:00,2026-05-07 15:55:00-04:00,23.014999999999997,24.110000000000003,-1.095000000000006,1.0850000000000044,-1.0092165898617524,-111.5000000000006,stop,1.0700000000000003
2026-05-08,-1,2026-05-08 09:50:00-04:00,2026-05-08 15:55:00-04:00,23.299999999999997,24.09,-0.7900000000000027,1.1700000000000017,-0.6752136752136766,-81.00000000000027,time,1.0498999999999974
2026-05-11,1,2026-05-11 09:50:00-04:00,2026-05-11 15:55:00-04:00,24.930000000000003,25.34,0.4099999999999966,1.0850000000000044,0.37788018433179255,38.99999999999966,time,0.865000000000002
2026-05-12,-1,2026-05-12 10:20:00-04:00,2026-05-12 15:55:00-04:00,24.319999999999997,24.520000000000003,-0.2000000000000064,0.6500000000000021,-0.30769230769231654,-22.00000000000064,time,0.6199999999999974
2026-05-13,1,2026-05-13 12:45:00-04:00,2026-05-13 15:55:00-04:00,24.845000000000002,24.91,0.06499999999999773,0.5850000000000009,0.11111111111110707,4.499999999999773,time,0.5499999999999972
2026-05-14,1,2026-05-14 12:10:00-04:00,2026-05-14 15:55:00-04:00,25.115000000000002,24.61,-0.5050000000000026,1.245000000000001,-0.40562248995984107,-52.500000000000256,time,1.0500000000000007
2026-05-15,-1,2026-05-15 10:05:00-04:00,2026-05-15 13:55:00-04:00,23.145,23.84,-0.6950000000000003,0.6849999999999987,-1.0145985401459876,-71.50000000000003,stop,0.6099999999999994
2026-05-18,-1,2026-05-18 10:35:00-04:00,2026-05-18 15:55:00-04:00,22.59,23.200000000000003,-0.610000000000003,0.9800000000000004,-0.6224489795918395,-63.0000000000003,time,0.7600000000000016
2026-05-19,-1,2026-05-19 10:10:00-04:00,2026-05-19 13:05:00-04:00,22.08,22.930000000000003,-0.850000000000005,0.8400000000000034,-1.0119047619047636,-87.0000000000005,stop,0.6700000000000017
2026-05-20,-1,2026-05-20 09:55:00-04:00,2026-05-20 10:10:00-04:00,22.84,23.4098,-0.5698000000000008,0.5597999999999992,-1.0178635226866766,-58.980000000000075,stop,0.4098000000000006
2026-05-21,1,2026-05-21 09:55:00-04:00,2026-05-21 15:55:00-04:00,24.200000000000003,24.47,0.269999999999996,0.5700000000000038,0.4736842105263056,24.999999999999602,time,0.370000000000001
2026-05-22,1,2026-05-22 11:30:00-04:00,2026-05-22 15:55:00-04:00,24.865000000000002,24.47,-0.3950000000000031,0.5550000000000033,-0.7117117117117131,-41.50000000000031,time,0.5400000000000027
2026-05-26,1,2026-05-26 10:10:00-04:00,2026-05-26 15:55:00-04:00,25.84,26.084999999999997,0.24499999999999744,0.6900000000000013,0.3550724637681116,22.499999999999744,time,0.6300000000000026
2026-05-27,1,2026-05-27 13:55:00-04:00,2026-05-27 15:55:00-04:00,26.630000000000003,26.939999999999998,0.30999999999999517,0.9000000000000021,0.3444444444444383,28.999999999999517,time,0.8399999999999999
2026-05-28,1,2026-05-28 09:55:00-04:00,2026-05-28 15:55:00-04:00,27.23,27.709999999999997,0.4799999999999969,0.7699999999999996,0.6233766233766197,45.99999999999969,time,0.7399999999999984
2026-05-29,1,2026-05-29 09:55:00-04:00,2026-05-29 10:20:00-04:00,27.8,27.139999999999997,-0.6600000000000037,0.6500000000000021,-1.0153846153846178,-68.00000000000037,stop,0.6399000000000008
2026-06-01,1,2026-06-01 09:50:00-04:00,2026-06-01 15:55:00-04:00,27.39,28.244999999999997,0.8549999999999969,1.5399999999999991,0.5551948051948035,83.49999999999969,time,0.7999999999999972
2026-06-02,-1,2026-06-02 12:00:00-04:00,2026-06-02 15:55:00-04:00,27.895,27.335,0.5599999999999987,0.9699999999999989,0.5773195876288654,53.99999999999987,time,0.9449999999999967
2026-06-03,-1,2026-06-03 09:50:00-04:00,2026-06-03 15:55:00-04:00,27.459999999999997,27.665000000000003,-0.2050000000000054,1.1800000000000033,-0.17372881355932612,-22.50000000000054,time,1.0899999999999999
2026-06-04,1,2026-06-04 11:05:00-04:00,2026-06-04 15:55:00-04:00,27.095000000000002,27.47,0.37499999999999645,1.0350000000000037,0.3623188405797054,35.499999999999645,time,1.0100000000000016
2026-06-05,-1,2026-06-05 09:50:00-04:00,2026-06-05 15:55:00-04:00,25.069999999999997,24.655,0.4149999999999956,1.4400000000000048,0.2881944444444404,39.49999999999956,time,1.1800000000000033
2026-06-08,-1,2026-06-08 10:10:00-04:00,2026-06-08 11:10:00-04:00,24.689999999999998,25.53,-0.8400000000000034,0.8300000000000018,-1.0120481927710863,-86.00000000000034,stop,0.8000000000000007
2026-06-09,-1,2026-06-09 10:45:00-04:00,2026-06-09 15:55:00-04:00,26.09,25.3,0.7899999999999991,1.1149999999999984,0.7085201793721976,76.99999999999991,time,0.9949999999999974
2026-06-10,1,2026-06-10 09:50:00-04:00,2026-06-10 10:55:00-04:00,25.665000000000003,24.689999999999998,-0.975000000000005,0.9650000000000034,-1.0103626943005197,-99.5000000000005,stop,0.620000000000001
2026-06-11,1,2026-06-11 09:50:00-04:00,2026-06-11 15:55:00-04:00,24.66,26.11,1.4499999999999993,0.5700000000000003,2.5438596491228047,142.99999999999994,time,0.4250000000000007
2026-06-12,1,2026-06-12 10:05:00-04:00,2026-06-12 15:55:00-04:00,27.21,26.595,-0.615000000000002,0.8790000000000013,-0.6996587030716735,-63.5000000000002,time,0.809000000000001
2026-06-15,-1,2026-06-15 10:00:00-04:00,2026-06-15 15:55:00-04:00,27.599999999999998,27.380000000000003,0.2199999999999953,0.8750000000000036,0.25142857142856506,19.99999999999953,time,0.7300000000000004
2026-06-16,1,2026-06-16 09:50:00-04:00,2026-06-16 15:55:00-04:00,28.35,27.41,-0.9400000000000013,1.1799999999999997,-0.7966101694915267,-96.00000000000013,time,1.1199999999999974
2026-06-17,1,2026-06-17 14:40:00-04:00,2026-06-17 15:55:00-04:00,28.42,27.435,-0.985000000000003,1.3200000000000003,-0.7462121212121233,-100.5000000000003,time,1.129999999999999
2026-06-22,1,2026-06-22 09:50:00-04:00,2026-06-22 11:15:00-04:00,30.240000000000002,28.4,-1.8400000000000034,1.8300000000000018,-1.0054644808743178,-186.00000000000034,stop,1.4199999999999982
2026-06-23,1,2026-06-23 09:50:00-04:00,2026-06-23 15:55:00-04:00,28.62,28.669999999999998,0.04999999999999716,1.870000000000001,0.02673796791443697,2.999999999999716,time,1.6479999999999997
2026-06-24,-1,2026-06-24 10:20:00-04:00,2026-06-24 15:55:00-04:00,27.319999999999997,27.455000000000002,-0.13500000000000512,1.5899000000000036,-0.08491100069187044,-15.500000000000512,time,1.4999000000000002
2026-06-25,-1,2026-06-25 09:55:00-04:00,2026-06-25 15:55:00-04:00,25.724999999999998,27.765,-2.0400000000000027,2.7650000000000006,-0.7377938517179031,-206.00000000000028,time,2.219999999999999
2026-06-26,1,2026-06-26 09:55:00-04:00,2026-06-26 15:55:00-04:00,27.360000000000003,28.384999999999998,1.024999999999995,1.0800000000000018,0.9490740740740679,100.4999999999995,time,0.8299999999999983
2026-06-29,-1,2026-06-29 09:50:00-04:00,2026-06-29 15:55:00-04:00,28.025,27.765,0.259999999999998,1.0842000000000027,0.2398081534772158,23.9999999999998,time,0.9585000000000008
2026-06-30,1,2026-06-30 10:35:00-04:00,2026-06-30 15:55:00-04:00,27.5,27.369999999999997,-0.13000000000000256,1.1999999999999993,-0.10833333333333553,-15.000000000000256,time,1.0899999999999999
2026-07-01,-1,2026-07-01 09:50:00-04:00,2026-07-01 15:55:00-04:00,25.205,23.970000000000002,1.2349999999999959,1.6950000000000003,0.7286135693215313,121.49999999999959,time,1.5999999999999979
2026-07-02,1,2026-07-02 10:00:00-04:00,2026-07-02 10:50:00-04:00,23.860000000000003,23.069999999999997,-0.7900000000000063,0.7800000000000047,-1.0128205128205148,-81.00000000000063,stop,0.8250000000000028
2026-07-06,-1,2026-07-06 15:55:00-04:00,2026-07-06 15:55:00-04:00,22.694999999999997,22.865000000000002,-0.17000000000000526,1.5850000000000044,-0.10725552050473489,-19.000000000000526,time,1.5400000000000027
2026-07-07,-1,2026-07-07 09:55:00-04:00,2026-07-07 15:55:00-04:00,21.59,21.175,0.41499999999999915,0.8099999999999987,0.5123456790123454,39.499999999999915,time,0.5199999999999996
2026-07-08,-1,2026-07-08 10:50:00-04:00,2026-07-08 15:55:00-04:00,20.889999999999997,21.080000000000002,-0.19000000000000483,0.9400000000000013,-0.20212765957447296,-21.000000000000483,time,0.8699999999999974
2026-07-09,1,2026-07-09 10:50:00-04:00,2026-07-09 15:55:00-04:00,22.285,21.509999999999998,-0.7750000000000021,1.0500000000000007,-0.7380952380952396,-79.50000000000021,time,0.9550000000000018
2026-07-10,-1,2026-07-10 09:50:00-04:00,2026-07-10 15:55:00-04:00,21.049999999999997,20.975,0.07499999999999574,0.7600000000000016,0.09868421052630998,5.499999999999574,time,0.6099999999999994
2026-07-13,-1,2026-07-13 11:45:00-04:00,2026-07-13 15:55:00-04:00,20.069999999999997,20.220000000000002,-0.15000000000000568,0.860000000000003,-0.1744186046511688,-17.00000000000057,time,0.8099999999999987
2026-07-14,-1,2026-07-14 10:05:00-04:00,2026-07-14 15:55:00-04:00,19.979999999999997,20.205000000000002,-0.22500000000000497,1.5900000000000034,-0.14150943396226698,-24.500000000000497,time,1.1799999999999997
2026-07-15,-1,2026-07-15 09:50:00-04:00,2026-07-15 15:55:00-04:00,20.0595,20.1,-0.040500000000001535,0.5943000000000005,-0.06814740030287986,-6.0500000000001535,time,0.4837999999999987
2026-07-16,-1,2026-07-16 09:50:00-04:00,2026-07-16 15:55:00-04:00,18.834999999999997,18.85,-0.015000000000004121,0.865000000000002,-0.01734104046243247,-3.500000000000412,time,0.6699999999999982
2026-07-17,1,2026-07-17 10:10:00-04:00,2026-07-17 15:55:00-04:00,18.380000000000003,18.25,-0.13000000000000256,0.9400000000000013,-0.13829787234042806,-15.000000000000256,time,0.8099999999999987
2026-07-20,1,2026-07-20 10:05:00-04:00,2026-07-20 15:55:00-04:00,19.560000000000002,19.884999999999998,0.32499999999999574,0.8800000000000026,0.3693181818181759,30.499999999999574,time,0.8150000000000013
2026-07-21,1,2026-07-21 09:55:00-04:00,2026-07-21 15:55:00-04:00,20.69,21.47,0.7799999999999976,0.6700000000000017,1.1641791044776053,75.99999999999976,time,0.5800000000000018
2026-07-22,1,2026-07-22 09:50:00-04:00,2026-07-22 15:55:00-04:00,22.265,23.375,1.1099999999999994,1.4550000000000018,0.762886597938143,108.99999999999994,time,1.3800000000000026
2026-07-23,1,2026-07-23 09:55:00-04:00,2026-07-23 15:55:00-04:00,25.09,23.869999999999997,-1.2200000000000024,1.7949999999999982,-0.679665738161562,-124.00000000000024,time,1.5829999999999984
2026-07-24,-1,2026-07-24 09:55:00-04:00,2026-07-24 15:55:00-04:00,22.779999999999998,22.53,0.24999999999999645,0.9700000000000024,0.2577319587628823,22.999999999999645,time,0.6799999999999997
2026-07-27,-1,2026-07-27 10:25:00-04:00,2026-07-27 15:55:00-04:00,21.979999999999997,21.990000000000002,-0.010000000000005116,0.9000000000000021,-0.011111111111116768,-3.0000000000005116,time,0.8099999999999987
2026-07-28,1,2026-07-28 11:25:00-04:00,2026-07-28 15:55:00-04:00,21.23,21.209999999999997,-0.020000000000003126,1.1400000000000006,-0.01754385964912554,-4.000000000000313,time,0.9699999999999989
2026-07-29,-1,2026-07-29 09:50:00-04:00,2026-07-29 15:55:00-04:00,20.45,18.25,2.1999999999999993,0.5950000000000024,3.6974789915966224,217.99999999999994,time,0.5500000000000007
2026-07-30,1,2026-07-30 09:50:00-04:00,2026-07-30 15:55:00-04:00,21.555000000000003,22.104999999999997,0.5499999999999936,1.5950000000000024,0.344827586206892,52.99999999999936,time,1.4899999999999984
2026-07-31,-1,2026-07-31 09:50:00-04:00,2026-07-31 15:55:00-04:00,21.599999999999998,20.200000000000003,1.399999999999995,1.5500000000000007,0.9032258064516093,137.9999999999995,time,1.3499999999999979
2026-08-03,1,2026-08-03 09:55:00-04:00,2026-08-03 15:55:00-04:00,20.360000000000003,21.419999999999998,1.0599999999999952,1.0000000000000036,1.0599999999999914,103.99999999999952,time,0.9699999999999989
2026-08-04,1,2026-08-04 11:00:00-04:00,2026-08-04 15:55:00-04:00,21.94,21.564999999999998,-0.37500000000000355,0.8399999999999999,-0.4464285714285757,-39.500000000000355,time,0.7449999999999974
2026-08-05,1,2026-08-05 09:50:00-04:00,2026-08-05 15:45:00-04:00,23.6677,21.639999999999997,-2.027700000000003,2.0177000000000014,-1.0049561381771333,-204.7700000000003,stop,1.8500000000000014
2026-08-06,1,2026-08-06 09:50:00-04:00,2026-08-06 15:55:00-04:00,21.67,21.2,-0.4700000000000024,1.0975000000000001,-0.4282460136674281,-49.00000000000024,time,0.8674999999999997
2026-08-07,-1,2026-08-07 10:00:00-04:00,2026-08-07 15:55:00-04:00,20.729999999999997,20.520000000000003,0.20999999999999375,1.4400000000000048,0.1458333333333285,18.999999999999375,time,1.0100000000000016
2026-08-10,-1,2026-08-10 10:40:00-04:00,2026-08-10 15:55:00-04:00,19.709999999999997,19.37,0.3399999999999963,0.7500000000000036,0.45333333333332626,31.99999999999963,time,0.740000000000002
2026-08-11,-1,2026-08-11 09:55:00-04:00,2026-08-11 15:55:00-04:00,20.9453,20.23,0.7152999999999992,2.7147000000000006,0.2634913618447707,69.52999999999992,time,2.4400000000000013
2026-08-12,-1,2026-08-12 10:35:00-04:00,2026-08-12 15:55:00-04:00,20.419999999999998,20.32,0.09999999999999787,1.7900000000000027,0.055865921787708224,7.999999999999787,time,1.6799999999999997
2026-08-13,-1,2026-08-13 12:55:00-04:00,2026-08-13 15:55:00-04:00,19.634999999999998,19.220000000000002,0.4149999999999956,1.0450000000000017,0.39712918660286595,39.49999999999956,time,0.9299999999999997
2026-08-14,-1,2026-08-14 11:10:00-04:00,2026-08-14 15:55:00-04:00,18.654999999999998,19.03,-0.37500000000000355,0.8050000000000033,-0.46583850931677273,-39.500000000000355,time,0.7600000000000016
2026-08-17,1,2026-08-17 11:10:00-04:00,2026-08-17 15:55:00-04:00,19.415000000000003,20.06,0.644999999999996,0.5150000000000041,1.2524271844660018,62.4999999999996,time,0.5025000000000013
2026-08-18,-1,2026-08-18 09:55:00-04:00,2026-08-18 15:55:00-04:00,19.22,18.925,0.29499999999999815,0.740000000000002,0.3986486486486451,27.499999999999815,time,0.6300000000000026
2026-08-19,-1,2026-08-19 09:55:00-04:00,2026-08-19 10:55:00-04:00,18.13,19.01,-0.8800000000000026,0.870000000000001,-1.011494252873565,-90.00000000000026,stop,0.8155000000000001
2026-08-20,1,2026-08-20 10:25:00-04:00,2026-08-20 15:55:00-04:00,20.4401,20.985,0.5448999999999984,0.8201,0.6644311669308601,52.48999999999984,time,0.8200000000000003
2026-08-21,-1,2026-08-21 10:05:00-04:00,2026-08-21 15:55:00-04:00,21.369999999999997,19.830000000000002,1.5399999999999956,0.8300000000000018,1.8554216867469786,151.99999999999955,time,0.6599000000000004
2026-08-24,1,2026-08-24 10:35:00-04:00,2026-08-24 15:55:00-04:00,20.668400000000002,19.99,-0.6784000000000034,1.0184000000000033,-0.666142969363709,-69.84000000000034,time,0.8497000000000021
2026-08-25,1,2026-08-25 10:00:00-04:00,2026-08-25 15:55:00-04:00,20.400000000000002,21.31,0.9099999999999966,0.8300000000000018,1.0963855421686681,88.99999999999966,time,0.7699999999999996
2026-08-26,1,2026-08-26 10:05:00-04:00,2026-08-26 12:00:00-04:00,21.165000000000003,20.619999999999997,-0.5450000000000053,0.5350000000000037,-1.0186915887850496,-56.500000000000526,stop,0.4400000000000013
2026-08-27,1,2026-08-27 10:20:00-04:00,2026-08-27 15:40:00-04:00,21.3,20.7,-0.6000000000000014,0.5899999999999999,-1.0169491525423755,-62.00000000000014,stop,0.5399999999999991
2026-08-28,-1,2026-08-28 10:05:00-04:00,2026-08-28 15:55:00-04:00,19.6954,19.0,0.6953999999999994,0.9146000000000001,0.7603323857424003,67.53999999999994,time,0.8299999999999983
2026-08-31,1,2026-08-31 15:55:00-04:00,2026-08-31 15:55:00-04:00,18.945,18.979999999999997,0.03499999999999659,0.8249999999999993,0.042424242424238326,1.499999999999659,time,0.7799999999999976
2026-09-01,-1,2026-09-01 09:50:00-04:00,2026-09-01 15:55:00-04:00,17.819999999999997,17.795,0.024999999999995026,0.7200000000000024,0.034722222222215195,0.4999999999995026,time,0.6499999999999986
2026-09-02,1,2026-09-02 10:15:00-04:00,2026-09-02 15:55:00-04:00,17.875,18.619999999999997,0.7449999999999974,0.4845000000000006,1.5376676986584035,72.49999999999974,time,0.464500000000001
2026-09-03,1,2026-09-03 10:15:00-04:00,2026-09-03 15:55:00-04:00,19.375,21.13,1.754999999999999,0.9050000000000011,1.939226519337013,173.4999999999999,time,0.5899999999999999
2026-09-04,1,2026-09-04 10:05:00-04:00,2026-09-04 15:55:00-04:00,21.51,21.794999999999998,0.2849999999999966,0.8500000000000014,0.33529411764705425,26.49999999999966,time,0.7300000000000004
2026-09-08,1,2026-09-08 09:55:00-04:00,2026-09-08 15:55:00-04:00,22.26,22.244999999999997,-0.015000000000004121,0.615000000000002,-0.024390243902445645,-3.500000000000412,time,0.5690999999999988
2026-09-09,-1,2026-09-09 10:05:00-04:00,2026-09-09 15:55:00-04:00,22.06,22.085,-0.02500000000000213,0.6400000000000006,-0.039062500000003296,-4.500000000000213,time,0.6149999999999984
2026-09-10,1,2026-09-10 10:25:00-04:00,2026-09-10 15:55:00-04:00,21.44,20.924999999999997,-0.5150000000000041,0.6000000000000014,-0.8583333333333382,-53.50000000000041,time,0.4299999999999997
2026-09-11,1,2026-09-11 10:00:00-04:00,2026-09-11 15:55:00-04:00,21.64,21.439999999999998,-0.20000000000000284,0.6900000000000013,-0.2898550724637717,-22.000000000000284,time,0.629999999999999
2026-09-14,1,2026-09-14 10:15:00-04:00,2026-09-14 15:55:00-04:00,20.925,20.939999999999998,0.014999999999997016,0.8300000000000018,0.01807228915662287,-0.5000000000002984,time,0.7850000000000001
2026-09-15,-1,2026-09-15 09:55:00-04:00,2026-09-15 15:55:00-04:00,20.257499999999997,19.745,0.5124999999999957,0.46250000000000213,1.1081081081080937,49.249999999999574,time,0.379999999999999
2026-09-16,1,2026-09-16 09:50:00-04:00,2026-09-16 15:25:00-04:00,20.42,19.9,-0.5200000000000031,0.5100000000000016,-1.019607843137258,-54.00000000000031,stop,0.4450000000000003
2026-09-17,1,2026-09-17 10:55:00-04:00,2026-09-17 15:55:00-04:00,21.73,21.869999999999997,0.13999999999999702,1.0800000000000018,0.12962962962962665,11.999999999999702,time,1.0114000000000019
2026-09-18,-1,2026-09-18 10:05:00-04:00,2026-09-18 11:20:00-04:00,22.3586,22.880000000000003,-0.5214000000000034,0.5114000000000019,-1.0195541650371558,-54.14000000000034,stop,0.40000000000000213
2026-09-21,1,2026-09-21 11:05:00-04:00,2026-09-21 15:35:00-04:00,25.045,24.29,-0.7550000000000026,0.745000000000001,-1.0134228187919483,-77.50000000000026,stop,0.629999999999999
2026-09-22,1,2026-09-22 09:50:00-04:00,2026-09-22 15:55:00-04:00,24.720000000000002,24.919999999999998,0.19999999999999574,1.0200000000000031,0.19607843137254424,17.999999999999574,time,0.9450000000000003
