date,side,entry_time,exit_time,entry,exit,pts,risk_pts,r_mult,pnl,reason,or_width
2023-09-06,-1,2023-09-06 10:05:00-04:00,2023-09-06 15:55:00-04:00,186.64000000000001,186.19,0.45000000000001705,0.8199999999999932,0.5487804878049034,43.000000000001705,time,1.1800000000000068
2023-09-07,-1,2023-09-07 09:50:00-04:00,2023-09-07 15:55:00-04:00,184.3,184.39,-0.08999999999997499,0.664999999999992,-0.13533834586462568,-10.999999999997499,time,0.8299999999999841
2023-09-08,-1,2023-09-08 09:55:00-04:00,2023-09-08 10:05:00-04:00,183.56,184.315,-0.7549999999999955,0.7450000000000045,-1.013422818791934,-77.49999999999955,stop,1.0500000000000114
2023-09-11,-1,2023-09-11 09:50:00-04:00,2023-09-11 10:25:00-04:00,184.99,185.42,-0.4299999999999784,0.4199999999999875,-1.0238095238095029,-44.99999999999784,stop,0.6200000000000045
2023-09-12,1,2023-09-12 13:25:00-04:00,2023-09-12 14:50:00-04:00,185.26,184.42000000000002,-0.839999999999975,0.8299999999999841,-1.0120481927710736,-85.9999999999975,stop,1.3799999999999955
2023-09-13,-1,2023-09-13 09:50:00-04:00,2023-09-13 15:55:00-04:00,183.58,183.01,0.5700000000000216,0.7249999999999943,0.7862068965517601,55.00000000000216,time,1.1500000000000057
2023-09-14,-1,2023-09-14 10:20:00-04:00,2023-09-14 10:45:00-04:00,184.3,185.27999999999997,-0.9799999999999613,0.9699999999999704,-1.0103092783505063,-99.99999999999613,stop,1.5999999999999943
2023-09-15,-1,2023-09-15 10:15:00-04:00,2023-09-15 15:55:00-04:00,184.23000000000002,183.57999999999998,0.6500000000000341,0.4999999999999716,1.3000000000001422,63.00000000000341,time,0.6800000000000068
2023-09-18,-1,2023-09-18 09:50:00-04:00,2023-09-18 10:00:00-04:00,182.57000000000002,183.18,-0.6099999999999852,0.5999999999999943,-1.0166666666666517,-62.99999999999852,stop,1.1799999999999784
2023-09-19,-1,2023-09-19 09:55:00-04:00,2023-09-19 15:55:00-04:00,182.24,181.70999999999998,0.5300000000000296,0.6299999999999955,0.8412698412698942,51.000000000002956,time,0.8600000000000136
2023-09-20,1,2023-09-20 09:50:00-04:00,2023-09-20 10:40:00-04:00,183.29,182.71,-0.5799999999999841,0.5699999999999932,-1.017543859649107,-59.99999999999841,stop,0.9800000000000182
2023-09-21,-1,2023-09-21 09:55:00-04:00,2023-09-21 10:15:00-04:00,177.52,178.17,-0.6499999999999773,0.6399999999999864,-1.015624999999986,-66.99999999999773,stop,1.1999999999999886
2023-09-22,-1,2023-09-22 09:55:00-04:00,2023-09-22 10:30:00-04:00,177.22,177.94,-0.7199999999999989,0.710000000000008,-1.0140845070422406,-73.99999999999989,stop,0.8799999999999955
2023-09-25,1,2023-09-25 09:50:00-04:00,2023-09-25 15:55:00-04:00,176.73,177.48000000000002,0.7500000000000284,0.6349999999999909,1.181102362204786,73.00000000000284,time,1.1100000000000136
2023-09-26,-1,2023-09-26 13:20:00-04:00,2023-09-26 15:55:00-04:00,175.27,174.42,0.8500000000000227,0.9099999999999966,0.9340659340659625,83.00000000000227,time,1.6200000000000045
2023-09-27,1,2023-09-27 09:55:00-04:00,2023-09-27 10:55:00-04:00,176.38,175.86,-0.5199999999999818,0.5099999999999909,-1.0196078431372375,-53.99999999999818,stop,1.0199999999999818
2023-09-28,1,2023-09-28 09:55:00-04:00,2023-09-28 10:15:00-04:00,177.12,176.485,-0.6349999999999909,0.625,-1.0159999999999854,-65.49999999999909,stop,1.0300000000000011
2023-09-29,-1,2023-09-29 10:20:00-04:00,2023-09-29 15:55:00-04:00,178.07000000000002,176.66,1.410000000000025,0.6099999999999852,2.3114754098361625,139.0000000000025,time,0.960000000000008
2023-10-02,-1,2023-10-02 09:50:00-04:00,2023-10-02 15:55:00-04:00,175.47,174.04,1.4300000000000068,0.7849999999999966,1.8216560509554307,141.00000000000068,time,0.9499999999999886
2023-10-03,-1,2023-10-03 10:05:00-04:00,2023-10-03 15:55:00-04:00,172.29000000000002,171.16,1.1300000000000239,0.6049999999999613,1.867768595041481,111.00000000000239,time,0.950000000000017
2023-10-04,-1,2023-10-04 09:50:00-04:00,2023-10-04 12:15:00-04:00,170.46,171.09499999999997,-0.6349999999999625,0.6249999999999716,-1.0159999999999862,-65.49999999999625,stop,0.9699999999999989
2023-10-05,-1,2023-10-05 10:40:00-04:00,2023-10-05 14:00:00-04:00,170.21,171.2,-0.9899999999999807,0.9799999999999898,-1.0102040816326439,-100.99999999999807,stop,1.3600000000000136
2023-10-06,-1,2023-10-06 09:50:00-04:00,2023-10-06 10:30:00-04:00,170.12,170.685,-0.5649999999999977,0.5550000000000068,-1.0180180180180014,-58.49999999999977,stop,0.8700000000000045
2023-10-09,1,2023-10-09 11:20:00-04:00,2023-10-09 15:55:00-04:00,172.89,174.0,1.1100000000000136,0.625,1.7760000000000218,109.00000000000136,time,0.9899999999999807
2023-10-10,1,2023-10-10 09:50:00-04:00,2023-10-10 15:55:00-04:00,175.22,175.94,0.7199999999999989,0.5150000000000148,1.398058252427142,69.99999999999989,time,0.8499999999999943
2023-10-11,-1,2023-10-11 10:15:00-04:00,2023-10-11 15:55:00-04:00,175.9,175.62,0.28000000000000114,0.7349999999999852,0.38095238095239015,26.000000000000114,time,1.049999999999983
2023-10-12,-1,2023-10-12 09:55:00-04:00,2023-10-12 15:55:00-04:00,173.51000000000002,171.76999999999998,1.7400000000000375,1.2249999999999943,1.4204081632653434,172.00000000000375,time,2.289999999999992
2023-10-13,-1,2023-10-13 09:50:00-04:00,2023-10-13 15:55:00-04:00,171.57000000000002,170.28,1.2900000000000205,0.6149999999999807,2.097560975609855,127.00000000000205,time,1.0300000000000011
2023-10-16,1,2023-10-16 10:30:00-04:00,2023-10-16 15:55:00-04:00,172.73999999999998,172.98000000000002,0.24000000000003752,0.9799999999999898,0.24489795918371432,22.00000000000375,time,1.4799999999999898
2023-10-17,1,2023-10-17 10:10:00-04:00,2023-10-17 15:55:00-04:00,174.45,174.97,0.5200000000000102,1.4449999999999932,0.3598615916955105,50.00000000000102,time,2.210000000000008
2023-10-18,-1,2023-10-18 10:50:00-04:00,2023-10-18 15:55:00-04:00,172.37,171.31,1.0600000000000023,0.6699999999999875,1.582089552238839,104.00000000000023,time,1.240000000000009
2023-10-19,-1,2023-10-19 10:45:00-04:00,2023-10-19 11:35:00-04:00,170.14000000000001,170.685,-0.5449999999999875,0.5349999999999966,-1.0186915887850299,-56.49999999999875,stop,0.8100000000000023
2023-10-20,-1,2023-10-20 10:15:00-04:00,2023-10-20 13:20:00-04:00,167.53,168.43,-0.9000000000000057,0.8900000000000148,-1.0112359550561694,-92.00000000000057,stop,1.0200000000000102
2023-10-23,1,2023-10-23 10:00:00-04:00,2023-10-23 15:25:00-04:00,166.17,165.31,-0.8599999999999852,0.8499999999999943,-1.0117647058823422,-87.99999999999852,stop,1.3199999999999932
2023-10-24,1,2023-10-24 10:30:00-04:00,2023-10-24 11:10:00-04:00,167.39999999999998,166.82,-0.5799999999999841,0.5699999999999932,-1.017543859649107,-59.99999999999841,stop,0.799999999999983
2023-10-25,-1,2023-10-25 10:05:00-04:00,2023-10-25 11:10:00-04:00,163.87,165.01999999999998,-1.1499999999999773,1.1399999999999864,-1.0087719298245534,-116.99999999999773,stop,1.299999999999983
2023-10-26,-1,2023-10-26 10:05:00-04:00,2023-10-26 10:15:00-04:00,163.84,164.415,-0.5749999999999886,0.5649999999999977,-1.0176991150442318,-59.49999999999886,stop,1.009999999999991
2023-10-27,-1,2023-10-27 09:50:00-04:00,2023-10-27 15:55:00-04:00,162.75,162.26,0.4900000000000091,1.134999999999991,0.43171806167402027,47.00000000000091,time,1.8900000000000148
2023-10-30,-1,2023-10-30 09:55:00-04:00,2023-10-30 15:55:00-04:00,163.60000000000002,163.14999999999998,0.4500000000000455,0.6499999999999773,0.6923076923077864,43.00000000000455,time,1.1200000000000045
2023-10-31,-1,2023-10-31 10:05:00-04:00,2023-10-31 10:10:00-04:00,162.91,163.55,-0.6400000000000148,0.6300000000000239,-1.015873015873001,-66.00000000000148,stop,0.960000000000008
2023-11-01,1,2023-11-01 10:35:00-04:00,2023-11-01 12:40:00-04:00,164.89999999999998,163.905,-0.9949999999999761,0.9849999999999852,-1.0101522842639503,-101.49999999999761,stop,1.6299999999999955
2023-11-02,-1,2023-11-02 10:15:00-04:00,2023-11-02 10:40:00-04:00,167.43,168.14499999999998,-0.714999999999975,0.7049999999999841,-1.014184397163108,-73.4999999999975,stop,1.25
2023-11-03,1,2023-11-03 09:55:00-04:00,2023-11-03 10:50:00-04:00,175.06,173.645,-1.414999999999992,1.4050000000000011,-1.0071174377224135,-143.4999999999992,stop,1.75
2023-11-06,-1,2023-11-06 09:55:00-05:00,2023-11-06 15:55:00-05:00,172.96,172.37,0.5900000000000034,0.9699999999999989,0.6082474226804166,57.00000000000034,time,1.6999999999999886
2023-11-07,1,2023-11-07 10:00:00-05:00,2023-11-07 12:30:00-05:00,171.76999999999998,171.095,-0.674999999999983,0.664999999999992,-1.015037593984949,-69.4999999999983,stop,1.0699999999999932
2023-11-08,1,2023-11-08 09:55:00-05:00,2023-11-08 10:00:00-05:00,171.95999999999998,171.28500000000003,-0.6749999999999545,0.6649999999999636,-1.0150375939849496,-69.49999999999545,stop,1.0700000000000216
2023-11-09,-1,2023-11-09 10:25:00-05:00,2023-11-09 15:55:00-05:00,169.91,167.31,2.5999999999999943,0.6049999999999898,4.297520661157088,257.99999999999943,time,1.0300000000000011
2023-11-10,1,2023-11-10 09:50:00-05:00,2023-11-10 10:00:00-05:00,168.42999999999998,167.79000000000002,-0.6399999999999579,0.629999999999967,-1.0158730158730023,-65.9999999999958,stop,1.0999999999999943
2023-11-13,1,2023-11-13 11:15:00-05:00,2023-11-13 15:55:00-05:00,168.69,169.15,0.46000000000000796,0.5600000000000023,0.8214285714285823,44.000000000000796,time,0.9800000000000182
2023-11-14,1,2023-11-14 09:50:00-05:00,2023-11-14 15:55:00-05:00,175.59,178.44,2.8499999999999943,0.7650000000000148,3.725490196078352,282.99999999999943,time,1.210000000000008
2023-11-15,1,2023-11-15 10:00:00-05:00,2023-11-15 13:10:00-05:00,179.73999999999998,178.88,-0.8599999999999852,0.8499999999999943,-1.0117647058823422,-87.99999999999852,stop,1.5599999999999739
2023-11-16,-1,2023-11-16 09:55:00-05:00,2023-11-16 15:55:00-05:00,177.17000000000002,176.01,1.160000000000025,0.9149999999999636,1.2677595628416078,114.0000000000025,time,1.0900000000000034
2023-11-17,1,2023-11-17 10:25:00-05:00,2023-11-17 11:30:00-05:00,178.39,177.61,-0.7799999999999727,0.7699999999999818,-1.0129870129870016,-79.99999999999727,stop,1.039999999999992
2023-11-20,1,2023-11-20 10:15:00-05:00,2023-11-20 15:55:00-05:00,179.16,179.31,0.15000000000000568,0.7449999999999761,0.20134228187920872,13.000000000000568,time,1.3499999999999943
2023-11-21,-1,2023-11-21 09:50:00-05:00,2023-11-21 10:50:00-05:00,177.18,178.08999999999997,-0.9099999999999682,0.8999999999999773,-1.0111111111111013,-92.99999999999682,stop,0.8599999999999852
2023-11-22,-1,2023-11-22 14:40:00-05:00,2023-11-22 15:55:00-05:00,177.5,178.14,-0.6399999999999864,0.9599999999999795,-0.6666666666666666,-65.99999999999864,time,1.8599999999999852
2023-11-27,1,2023-11-27 10:10:00-05:00,2023-11-27 15:55:00-05:00,178.67,178.72,0.05000000000001137,0.7599999999999909,0.06578947368422627,3.000000000001137,time,1.3600000000000136
2023-11-28,1,2023-11-28 11:00:00-05:00,2023-11-28 13:00:00-05:00,178.85999999999999,177.89,-0.9699999999999989,0.960000000000008,-1.0104166666666572,-98.99999999999989,stop,1.4000000000000057
2023-11-29,1,2023-11-29 09:55:00-05:00,2023-11-29 10:20:00-05:00,181.47,180.28000000000003,-1.1899999999999693,1.1799999999999784,-1.0084745762711789,-120.99999999999693,stop,1.5800000000000125
2023-11-30,1,2023-11-30 11:05:00-05:00,2023-11-30 11:45:00-05:00,180.51,179.575,-0.9350000000000023,0.9250000000000114,-1.010810810810801,-95.50000000000023,stop,1.6500000000000057
2023-12-01,1,2023-12-01 09:55:00-05:00,2023-12-01 15:55:00-05:00,179.91,184.95000000000002,5.0400000000000205,0.924999999999983,5.4486486486487715,502.00000000000205,time,1.549999999999983
2023-12-04,1,2023-12-04 09:50:00-05:00,2023-12-04 10:25:00-05:00,186.38,184.96,-1.4199999999999875,1.4099999999999966,-1.0070921985815537,-143.99999999999875,stop,1.8999999999999773
2023-12-05,-1,2023-12-05 12:35:00-05:00,2023-12-05 15:55:00-05:00,184.47,184.41,0.060000000000002274,0.8050000000000068,0.07453416149068542,4.000000000000227,time,1.5500000000000114
2023-12-06,1,2023-12-06 09:50:00-05:00,2023-12-06 11:30:00-05:00,186.73999999999998,185.955,-0.7849999999999682,0.7749999999999773,-1.0129032258064403,-80.49999999999682,stop,1.3700000000000045
2023-12-07,1,2023-12-07 09:55:00-05:00,2023-12-07 15:55:00-05:00,184.84,185.46,0.6200000000000045,0.8149999999999977,0.7607361963190261,60.000000000000455,time,1.1899999999999977
2023-12-08,1,2023-12-08 10:05:00-05:00,2023-12-08 11:15:00-05:00,187.42,185.805,-1.6149999999999807,1.6049999999999898,-1.00623052959501,-163.49999999999807,stop,1.9099999999999966
2023-12-11,-1,2023-12-11 10:05:00-05:00,2023-12-11 11:55:00-05:00,185.93,186.82999999999998,-0.8999999999999773,0.8899999999999864,-1.0112359550561698,-91.99999999999773,stop,1.5999999999999943
2023-12-12,1,2023-12-12 13:40:00-05:00,2023-12-12 15:55:00-05:00,187.06,186.97,-0.09000000000000341,0.9050000000000011,-0.09944751381215834,-11.000000000000341,time,1.6499999999999773
2023-12-13,-1,2023-12-13 12:10:00-05:00,2023-12-13 14:00:00-05:00,186.63,187.14999999999998,-0.5199999999999818,0.5099999999999909,-1.0196078431372375,-53.99999999999818,stop,0.9199999999999875
2023-12-14,-1,2023-12-14 13:55:00-05:00,2023-12-14 15:05:00-05:00,196.59,198.435,-1.8449999999999989,1.835000000000008,-1.005449591280649,-186.4999999999999,stop,3.210000000000008
2023-12-15,-1,2023-12-15 09:50:00-05:00,2023-12-15 10:00:00-05:00,198.02,198.74,-0.7199999999999989,0.710000000000008,-1.0140845070422406,-73.99999999999989,stop,1.2399999999999807
2023-12-18,1,2023-12-18 09:50:00-05:00,2023-12-18 10:30:00-05:00,198.5,197.54000000000002,-0.9599999999999795,0.9499999999999886,-1.0105263157894642,-97.99999999999795,stop,1.4199999999999875
2023-12-19,1,2023-12-19 09:50:00-05:00,2023-12-19 15:55:00-05:00,200.56,200.98000000000002,0.4200000000000159,1.375,0.305454545454557,40.00000000000159,time,2.329999999999984
2023-12-20,1,2023-12-20 10:05:00-05:00,2023-12-20 14:45:00-05:00,200.47,199.66500000000002,-0.8049999999999784,0.7949999999999875,-1.01257861635219,-82.49999999999784,stop,1.3900000000000148
2023-12-21,-1,2023-12-21 10:05:00-05:00,2023-12-21 10:10:00-05:00,198.23000000000002,199.005,-0.7749999999999773,0.7649999999999864,-1.013071895424825,-79.49999999999773,stop,1.3700000000000045
2023-12-26,1,2023-12-26 11:00:00-05:00,2023-12-26 15:55:00-05:00,202.62,203.99,1.3700000000000045,0.4350000000000023,3.149425287356316,135.00000000000045,time,0.8500000000000227
2023-12-27,1,2023-12-27 10:05:00-05:00,2023-12-27 10:20:00-05:00,204.94,204.42000000000002,-0.5199999999999818,0.5099999999999909,-1.0196078431372375,-53.99999999999818,stop,0.9199999999999875
2023-12-28,1,2023-12-28 10:20:00-05:00,2023-12-28 11:05:00-05:00,204.84,204.07,-0.7700000000000102,0.7600000000000193,-1.0131578947368298,-79.00000000000102,stop,1.2800000000000011
2023-12-29,-1,2023-12-29 10:10:00-05:00,2023-12-29 15:55:00-05:00,202.88,200.75,2.1299999999999955,0.6100000000000136,3.491803278688439,210.99999999999955,time,1.0999999999999943
2024-01-02,1,2024-01-02 10:00:00-05:00,2024-01-02 10:35:00-05:00,201.09,199.70000000000002,-1.3899999999999864,1.3799999999999955,-1.0072463768115876,-140.99999999999864,stop,1.9399999999999977
2024-01-03,-1,2024-01-03 10:15:00-05:00,2024-01-03 10:25:00-05:00,196.12,196.815,-0.6949999999999932,0.6850000000000023,-1.014598540145972,-71.49999999999932,stop,1.3499999999999943
2024-01-04,-1,2024-01-04 15:55:00-05:00,2024-01-04 15:55:00-05:00,193.75,193.88,-0.12999999999999545,0.8650000000000091,-0.15028901734103361,-14.999999999999545,time,1.4300000000000068
2024-01-05,1,2024-01-05 09:50:00-05:00,2024-01-05 14:55:00-05:00,193.42,192.79000000000002,-0.629999999999967,0.6199999999999761,-1.0161290322580505,-64.9999999999967,stop,1.0200000000000102
2024-01-08,1,2024-01-08 10:00:00-05:00,2024-01-08 15:55:00-05:00,193.76,196.92000000000002,3.160000000000025,0.8600000000000136,3.674418604651134,314.0000000000025,time,1.2800000000000011
2024-01-09,1,2024-01-09 10:20:00-05:00,2024-01-09 15:55:00-05:00,194.54,194.96,0.4200000000000159,0.539999999999992,0.7777777777778188,40.00000000000159,time,0.8199999999999932
2024-01-10,-1,2024-01-10 09:55:00-05:00,2024-01-10 10:40:00-05:00,193.85000000000002,194.635,-0.7849999999999682,0.7749999999999773,-1.0129032258064403,-80.49999999999682,stop,0.8500000000000227
2024-01-11,-1,2024-01-11 10:00:00-05:00,2024-01-11 15:55:00-05:00,193.51000000000002,193.62,-0.10999999999998522,0.6550000000000011,-0.16793893129768706,-12.999999999998522,time,1.1500000000000057
2024-01-12,1,2024-01-12 09:50:00-05:00,2024-01-12 09:55:00-05:00,196.38,195.77,-0.6099999999999852,0.5999999999999943,-1.0166666666666517,-62.99999999999852,stop,0.9599999999999795
2024-01-16,-1,2024-01-16 09:50:00-05:00,2024-01-16 10:00:00-05:00,190.66,191.43,-0.7700000000000102,0.7600000000000193,-1.0131578947368298,-79.00000000000102,stop,1.460000000000008
2024-01-17,1,2024-01-17 09:50:00-05:00,2024-01-17 13:40:00-05:00,189.12,188.17000000000002,-0.9499999999999886,0.9399999999999977,-1.0106382978723307,-96.99999999999886,stop,1.3199999999999932
2024-01-18,-1,2024-01-18 09:50:00-05:00,2024-01-18 10:10:00-05:00,189.51000000000002,190.40499999999997,-0.8949999999999534,0.8849999999999625,-1.0112994350282387,-91.49999999999534,stop,1.549999999999983
2024-01-19,1,2024-01-19 13:30:00-05:00,2024-01-19 15:55:00-05:00,191.45999999999998,192.5,1.0400000000000205,1.0549999999999784,0.9857819905213666,102.00000000000205,time,1.9499999999999886
2024-01-22,1,2024-01-22 09:50:00-05:00,2024-01-22 13:25:00-05:00,195.66,194.73000000000002,-0.9299999999999784,0.9199999999999875,-1.0108695652173816,-94.99999999999784,stop,1.299999999999983
2024-01-23,-1,2024-01-23 10:25:00-05:00,2024-01-23 15:55:00-05:00,197.05,195.94,1.1100000000000136,0.8949999999999818,1.2402234636871914,109.00000000000136,time,1.289999999999992
2024-01-24,-1,2024-01-24 09:50:00-05:00,2024-01-24 15:55:00-05:00,197.07000000000002,194.32999999999998,2.7400000000000375,0.8249999999999886,3.3212121212122123,272.00000000000375,time,1.1299999999999955
2024-01-25,-1,2024-01-25 09:50:00-05:00,2024-01-25 09:55:00-05:00,195.75,196.82999999999998,-1.079999999999984,1.0699999999999932,-1.0093457943925148,-109.99999999999841,stop,1.6800000000000068
2024-01-26,-1,2024-01-26 10:05:00-05:00,2024-01-26 10:40:00-05:00,196.49,197.23,-0.7399999999999807,0.7299999999999898,-1.0136986301369741,-75.99999999999807,stop,1.339999999999975
2024-01-29,1,2024-01-29 10:20:00-05:00,2024-01-29 15:55:00-05:00,196.6,199.37,2.7700000000000102,0.914999999999992,3.0273224043716223,275.000000000001,time,1.1899999999999977
2024-01-30,1,2024-01-30 09:50:00-05:00,2024-01-30 10:00:00-05:00,198.84,198.185,-0.6550000000000011,0.6450000000000102,-1.0155038759689778,-67.50000000000011,stop,0.7299999999999898
2024-01-31,-1,2024-01-31 11:45:00-05:00,2024-01-31 12:05:00-05:00,195.86,196.605,-0.7449999999999761,0.7349999999999852,-1.0136054421768586,-76.49999999999761,stop,1.25
2024-02-01,-1,2024-02-01 09:50:00-05:00,2024-02-01 12:50:00-05:00,194.01000000000002,194.71499999999997,-0.7049999999999557,0.6949999999999648,-1.0143884892086208,-72.49999999999557,stop,1.2700000000000102
2024-02-02,1,2024-02-02 10:00:00-05:00,2024-02-02 10:00:00-05:00,193.28,192.825,-0.4550000000000125,0.4450000000000216,-1.022471910112338,-47.50000000000125,stop,0.8300000000000125
2024-02-05,-1,2024-02-05 10:05:00-05:00,2024-02-05 12:30:00-05:00,190.85000000000002,191.885,-1.0349999999999682,1.0249999999999773,-1.009756097560967,-105.49999999999682,stop,1.4499999999999886
2024-02-06,1,2024-02-06 09:55:00-05:00,2024-02-06 15:55:00-05:00,193.45999999999998,193.60000000000002,0.1400000000000432,1.3199999999999932,0.10606060606063934,12.00000000000432,time,2.2399999999999807
2024-02-08,1,2024-02-08 09:55:00-05:00,2024-02-08 15:55:00-05:00,193.89,196.20000000000002,2.3100000000000307,0.6699999999999875,3.447761194029961,229.00000000000307,time,1.0199999999999818
2024-02-09,1,2024-02-09 11:10:00-05:00,2024-02-09 11:25:00-05:00,197.54,196.985,-0.5549999999999784,0.5449999999999875,-1.0183486238531947,-57.49999999999784,stop,1.0300000000000011
2024-02-12,1,2024-02-12 09:55:00-05:00,2024-02-12 15:55:00-05:00,201.79999999999998,202.93,1.1300000000000239,1.1699999999999875,0.9658119658119966,111.00000000000239,time,1.5999999999999943
2024-02-13,-1,2024-02-13 10:10:00-05:00,2024-02-13 10:45:00-05:00,195.05,196.33999999999997,-1.2899999999999636,1.2799999999999727,-1.0078124999999931,-130.99999999999636,stop,1.7199999999999989
2024-02-14,-1,2024-02-14 11:05:00-05:00,2024-02-14 11:20:00-05:00,196.62,197.375,-0.7549999999999955,0.7450000000000045,-1.013422818791934,-77.49999999999955,stop,1.2299999999999898
2024-02-15,1,2024-02-15 10:20:00-05:00,2024-02-15 10:50:00-05:00,202.72,201.635,-1.085000000000008,1.075000000000017,-1.0093023255813867,-110.5000000000008,stop,1.8499999999999943
2024-02-16,-1,2024-02-16 09:55:00-05:00,2024-02-16 10:00:00-05:00,201.29000000000002,202.17000000000002,-0.8799999999999955,0.8700000000000045,-1.0114942528735527,-89.99999999999955,stop,1.3400000000000034
2024-02-20,-1,2024-02-20 12:05:00-05:00,2024-02-20 15:55:00-05:00,198.33,198.87,-0.539999999999992,0.7449999999999761,-0.7248322147651132,-55.999999999999204,time,1.0700000000000216
2024-02-21,-1,2024-02-21 11:40:00-05:00,2024-02-21 14:00:00-05:00,197.19,197.83499999999998,-0.6449999999999818,0.6349999999999909,-1.015748031496049,-66.49999999999818,stop,0.8900000000000148
2024-02-22,1,2024-02-22 09:50:00-05:00,2024-02-22 09:50:00-05:00,199.35999999999999,198.71500000000003,-0.6449999999999534,0.6349999999999625,-1.0157480314960496,-66.49999999999534,stop,0.9099999999999966
2024-02-23,-1,2024-02-23 10:05:00-05:00,2024-02-23 10:15:00-05:00,198.76000000000002,199.25,-0.4899999999999807,0.47999999999998977,-1.0208333333333148,-50.99999999999807,stop,0.9199999999999875
2024-02-26,1,2024-02-26 09:50:00-05:00,2024-02-26 15:55:00-05:00,201.01,201.19,0.18000000000000682,1.0449999999999875,0.17224880382775978,16.000000000000682,time,1.6299999999999955
2024-02-27,-1,2024-02-27 09:50:00-05:00,2024-02-27 10:00:00-05:00,202.79000000000002,203.3,-0.5099999999999909,0.5,-1.0199999999999818,-52.99999999999909,stop,0.960000000000008
2024-02-28,1,2024-02-28 10:10:00-05:00,2024-02-28 14:15:00-05:00,203.59,202.51,-1.0800000000000125,1.0700000000000216,-1.0093457943925146,-110.00000000000125,stop,1.299999999999983
2024-02-29,1,2024-02-29 10:05:00-05:00,2024-02-29 10:10:00-05:00,205.95,205.37,-0.5799999999999841,0.5699999999999932,-1.017543859649107,-59.99999999999841,stop,0.9800000000000182
2024-03-01,1,2024-03-01 10:20:00-05:00,2024-03-01 15:55:00-05:00,204.95,205.88,0.9300000000000068,0.9749999999999943,0.9538461538461664,91.00000000000068,time,1.670000000000016
2024-03-04,-1,2024-03-04 10:10:00-05:00,2024-03-04 15:55:00-05:00,206.74,205.7,1.0400000000000205,0.5749999999999886,1.8086956521739843,102.00000000000205,time,0.8700000000000045
2024-03-05,1,2024-03-05 10:05:00-05:00,2024-03-05 10:15:00-05:00,205.67,204.76500000000001,-0.9049999999999727,0.8949999999999818,-1.011173184357532,-92.49999999999727,stop,1.3700000000000045
2024-03-06,-1,2024-03-06 10:05:00-05:00,2024-03-06 10:50:00-05:00,204.43,205.365,-0.9350000000000023,0.9250000000000114,-1.010810810810801,-95.50000000000023,stop,1.450000000000017
2024-03-08,1,2024-03-08 10:10:00-05:00,2024-03-08 10:30:00-05:00,210.14,209.24,-0.8999999999999773,0.8899999999999864,-1.0112359550561698,-91.99999999999773,stop,1.6000000000000227
2024-03-11,-1,2024-03-11 09:50:00-04:00,2024-03-11 15:55:00-04:00,205.53,205.22,0.3100000000000023,0.7750000000000057,0.4,29.000000000000227,time,1.0699999999999932
2024-03-12,1,2024-03-12 10:45:00-04:00,2024-03-12 12:15:00-04:00,205.37,204.32,-1.0500000000000114,1.0400000000000205,-1.0096153846153757,-107.00000000000114,stop,1.8800000000000239
2024-03-14,-1,2024-03-14 09:50:00-04:00,2024-03-14 15:55:00-04:00,203.23000000000002,201.98,1.2500000000000284,1.599999999999966,0.7812500000000344,123.00000000000284,time,0.9000000000000057
2024-03-18,-1,2024-03-18 09:50:00-04:00,2024-03-18 10:40:00-04:00,201.49,202.445,-0.9549999999999841,0.9449999999999932,-1.0105820105820011,-97.49999999999841,stop,1.490000000000009
2024-03-19,1,2024-03-19 11:15:00-04:00,2024-03-19 15:55:00-04:00,201.04999999999998,202.12,1.0700000000000216,0.7349999999999852,1.4557823129252287,105.00000000000216,time,1.3100000000000023
2024-03-20,1,2024-03-20 10:25:00-04:00,2024-03-20 15:55:00-04:00,202.14,206.02,3.880000000000024,0.6049999999999613,6.413223140496317,386.0000000000024,time,0.8499999999999943
2024-03-21,1,2024-03-21 10:40:00-04:00,2024-03-21 15:55:00-04:00,208.45999999999998,207.9,-0.5599999999999739,0.9099999999999682,-0.6153846153846082,-57.999999999997385,time,1.4199999999999875
2024-03-22,-1,2024-03-22 09:50:00-04:00,2024-03-22 15:55:00-04:00,207.04000000000002,205.14999999999998,1.8900000000000432,0.7799999999999727,2.4230769230770632,187.00000000000432,time,0.8400000000000034
2024-03-26,-1,2024-03-26 10:05:00-04:00,2024-03-26 15:55:00-04:00,206.36,205.14999999999998,1.2100000000000364,0.7049999999999841,1.716312056737679,119.00000000000364,time,1.1499999999999773
2024-03-27,-1,2024-03-27 10:05:00-04:00,2024-03-27 10:15:00-04:00,206.39000000000001,207.03499999999997,-0.6449999999999534,0.6349999999999625,-1.0157480314960496,-66.49999999999534,stop,0.7700000000000102
2024-03-28,1,2024-03-28 10:05:00-04:00,2024-03-28 10:10:00-04:00,210.73,210.205,-0.5249999999999773,0.5149999999999864,-1.0194174757281382,-54.499999999997726,stop,0.75
2024-04-01,-1,2024-04-01 10:10:00-04:00,2024-04-01 15:55:00-04:00,209.01000000000002,208.29999999999998,0.7100000000000364,0.9299999999999784,0.7634408602151106,69.00000000000364,time,1.759999999999991
2024-04-02,-1,2024-04-02 10:50:00-04:00,2024-04-02 15:55:00-04:00,204.37,204.54999999999998,-0.1799999999999784,0.8600000000000136,-0.2093023255813669,-19.99999999999784,time,1.299999999999983
2024-04-03,1,2024-04-03 10:05:00-04:00,2024-04-03 15:55:00-04:00,205.17999999999998,205.77,0.5900000000000318,1.1999999999999602,0.4916666666667095,57.00000000000318,time,1.4000000000000057
2024-04-04,-1,2024-04-04 10:25:00-04:00,2024-04-04 10:50:00-04:00,207.55,208.1,-0.549999999999983,0.539999999999992,-1.018518518518502,-56.999999999998295,stop,0.9200000000000159
2024-04-05,1,2024-04-05 09:55:00-04:00,2024-04-05 15:55:00-04:00,204.14999999999998,204.45000000000002,0.3000000000000398,0.7549999999999955,0.39735099337753854,28.00000000000398,time,1.0300000000000011
2024-04-08,-1,2024-04-08 10:00:00-04:00,2024-04-08 11:10:00-04:00,205.31,205.945,-0.6349999999999909,0.625,-1.0159999999999854,-65.49999999999909,stop,0.9699999999999989
2024-04-09,-1,2024-04-09 09:50:00-04:00,2024-04-09 10:25:00-04:00,205.85000000000002,206.445,-0.5949999999999704,0.5849999999999795,-1.0170940170940022,-61.499999999997044,stop,1.0699999999999932
2024-04-10,1,2024-04-10 10:20:00-04:00,2024-04-10 11:55:00-04:00,201.85999999999999,200.715,-1.1449999999999818,1.134999999999991,-1.0088105726872167,-116.49999999999818,stop,1.6100000000000136
2024-04-11,-1,2024-04-11 10:10:00-04:00,2024-04-11 11:55:00-04:00,200.73000000000002,201.545,-0.8149999999999693,0.8049999999999784,-1.0124223602484363,-83.49999999999693,stop,1.2900000000000205
2024-04-12,-1,2024-04-12 09:55:00-04:00,2024-04-12 15:55:00-04:00,200.77,198.70999999999998,2.0600000000000307,0.7199999999999989,2.8611111111111582,204.00000000000307,time,0.8400000000000034
2024-04-15,-1,2024-04-15 10:05:00-04:00,2024-04-15 15:55:00-04:00,198.78,195.82999999999998,2.950000000000017,0.9199999999999875,3.2065217391304968,293.0000000000017,time,1.0600000000000023
2024-04-16,-1,2024-04-16 09:50:00-04:00,2024-04-16 09:55:00-04:00,193.47,194.01999999999998,-0.549999999999983,0.539999999999992,-1.018518518518502,-56.999999999998295,stop,1.0
2024-04-17,-1,2024-04-17 10:05:00-04:00,2024-04-17 15:55:00-04:00,195.3,193.06,2.240000000000009,0.9399999999999977,2.3829787234042707,222.0000000000009,time,0.6599999999999966
2024-04-18,1,2024-04-18 10:10:00-04:00,2024-04-18 13:15:00-04:00,193.98,193.27,-0.7099999999999795,0.6999999999999886,-1.0142857142857016,-72.99999999999795,stop,1.3600000000000136
2024-04-19,1,2024-04-19 09:50:00-04:00,2024-04-19 10:35:00-04:00,193.75,192.735,-1.0149999999999864,1.0049999999999955,-1.00995024875621,-103.49999999999864,stop,1.9099999999999966
2024-04-22,1,2024-04-22 12:50:00-04:00,2024-04-22 15:55:00-04:00,194.78,195.22,0.4399999999999977,1.0300000000000011,0.4271844660194148,41.99999999999977,time,1.6999999999999886
2024-04-23,1,2024-04-23 09:50:00-04:00,2024-04-23 15:55:00-04:00,197.14999999999998,198.53,1.3800000000000239,1.5,0.9200000000000159,136.0000000000024,time,1.039999999999992
2024-04-24,-1,2024-04-24 11:20:00-04:00,2024-04-24 15:55:00-04:00,197.06,198.01,-0.9499999999999886,0.9399999999999977,-1.0106382978723307,-96.99999999999886,stop,1.7200000000000273
2024-04-25,-1,2024-04-25 09:50:00-04:00,2024-04-25 10:15:00-04:00,194.32000000000002,195.075,-0.754999999999967,0.7449999999999761,-1.0134228187919345,-77.4999999999967,stop,1.2300000000000182
2024-04-26,1,2024-04-26 09:50:00-04:00,2024-04-26 15:55:00-04:00,198.12,198.39000000000001,0.27000000000001023,0.9300000000000068,0.29032258064517014,25.000000000001023,time,1.5400000000000205
2024-04-29,1,2024-04-29 12:35:00-04:00,2024-04-29 14:30:00-04:00,200.32999999999998,199.715,-0.6149999999999807,0.6049999999999898,-1.01652892561982,-63.49999999999807,stop,0.9900000000000091
2024-04-30,-1,2024-04-30 11:45:00-04:00,2024-04-30 15:55:00-04:00,197.13,195.85,1.2800000000000011,0.7699999999999818,1.662337662337703,126.00000000000011,time,1.4799999999999898
2024-05-01,-1,2024-05-01 09:55:00-04:00,2024-05-01 10:00:00-04:00,195.72,196.315,-0.5949999999999989,0.585000000000008,-1.0170940170940013,-61.499999999999886,stop,1.1500000000000057
2024-05-02,-1,2024-05-02 09:50:00-04:00,2024-05-02 10:55:00-04:00,197.32000000000002,198.33499999999998,-1.014999999999958,1.004999999999967,-1.0099502487562102,-103.4999999999958,stop,1.6699999999999875
2024-05-03,-1,2024-05-03 10:05:00-04:00,2024-05-03 15:55:00-04:00,202.23000000000002,201.89999999999998,0.3300000000000409,1.1049999999999613,0.2986425339366991,31.000000000004093,time,1.3300000000000125
2024-05-06,1,2024-05-06 09:55:00-04:00,2024-05-06 15:55:00-04:00,204.31,204.44,0.12999999999999545,0.49500000000000455,0.26262626262625105,10.999999999999545,time,0.8700000000000045
2024-05-07,1,2024-05-07 10:15:00-04:00,2024-05-07 15:55:00-04:00,205.29,204.9,-0.38999999999998636,0.4299999999999784,-0.9069767441860603,-40.999999999998636,time,0.7199999999999989
2024-05-08,1,2024-05-08 09:50:00-04:00,2024-05-08 13:00:00-04:00,203.48999999999998,202.90500000000003,-0.5849999999999511,0.5749999999999602,-1.0173913043478116,-60.49999999999511,stop,0.7299999999999898
2024-05-09,1,2024-05-09 10:10:00-04:00,2024-05-09 15:55:00-04:00,204.5,205.79000000000002,1.2900000000000205,0.5600000000000023,2.303571428571456,127.00000000000205,time,1.0600000000000023
2024-05-10,-1,2024-05-10 10:05:00-04:00,2024-05-10 15:55:00-04:00,205.29000000000002,204.31,0.9800000000000182,0.9549999999999841,1.0261780104712404,96.00000000000182,time,0.75
2024-05-13,1,2024-05-13 10:05:00-04:00,2024-05-13 10:20:00-04:00,206.48,205.97000000000003,-0.5099999999999625,0.4999999999999716,-1.019999999999983,-52.99999999999625,stop,0.9000000000000057
2024-05-14,-1,2024-05-14 10:20:00-04:00,2024-05-14 15:50:00-04:00,206.37,207.12,-0.75,0.7400000000000091,-1.0135135135135012,-77.0,stop,1.2600000000000193
2024-05-15,-1,2024-05-15 09:50:00-04:00,2024-05-15 11:30:00-04:00,208.44,209.19,-0.75,0.7400000000000091,-1.0135135135135012,-77.0,stop,1.1800000000000068
2024-05-16,-1,2024-05-16 10:10:00-04:00,2024-05-16 10:35:00-04:00,208.35000000000002,208.88,-0.5299999999999727,0.5199999999999818,-1.0192307692307525,-54.99999999999727,stop,0.960000000000008
2024-05-17,-1,2024-05-17 14:25:00-04:00,2024-05-17 15:55:00-04:00,207.52,208.045,-0.5249999999999773,0.5149999999999864,-1.0194174757281382,-54.499999999997726,stop,0.9499999999999886
2024-05-20,1,2024-05-20 10:05:00-04:00,2024-05-20 15:55:00-04:00,208.56,208.61,0.05000000000001137,0.40500000000000114,0.12345679012348451,3.000000000001137,time,0.7699999999999818
2024-05-21,1,2024-05-21 09:50:00-04:00,2024-05-21 09:55:00-04:00,208.54,207.99,-0.549999999999983,0.539999999999992,-1.018518518518502,-56.999999999998295,stop,0.8199999999999932
2024-05-22,1,2024-05-22 12:30:00-04:00,2024-05-22 13:35:00-04:00,208.14999999999998,207.60000000000002,-0.5499999999999545,0.5399999999999636,-1.0185185185185028,-56.99999999999545,stop,0.9000000000000057
2024-05-23,-1,2024-05-23 09:50:00-04:00,2024-05-23 15:55:00-04:00,205.76000000000002,203.26999999999998,2.4900000000000375,1.1249999999999716,2.2133333333334226,247.00000000000375,time,1.4699999999999989
2024-05-24,-1,2024-05-24 09:55:00-04:00,2024-05-24 10:00:00-04:00,203.97,204.51,-0.539999999999992,0.5300000000000011,-1.0188679245282848,-55.999999999999204,stop,0.6999999999999886
2024-05-28,-1,2024-05-28 10:05:00-04:00,2024-05-28 15:55:00-04:00,205.64000000000001,205.2,0.44000000000002615,0.8149999999999693,0.5398773006135493,42.000000000002615,time,1.2700000000000102
2024-05-29,1,2024-05-29 10:05:00-04:00,2024-05-29 12:00:00-04:00,202.73999999999998,202.24,-0.4999999999999716,0.4899999999999807,-1.0204081632652884,-51.99999999999716,stop,0.9399999999999977
2024-05-30,1,2024-05-30 10:25:00-04:00,2024-05-30 15:45:00-04:00,204.03,203.55,-0.47999999999998977,0.46999999999999886,-1.0212765957446615,-49.99999999999898,stop,0.6800000000000068
2024-05-31,-1,2024-05-31 10:25:00-04:00,2024-05-31 15:50:00-04:00,204.43,205.385,-0.9549999999999841,0.9449999999999932,-1.0105820105820011,-97.49999999999841,stop,1.8100000000000023
2024-06-03,-1,2024-06-03 09:50:00-04:00,2024-06-03 15:55:00-04:00,206.4,204.67,1.7300000000000182,0.75,2.306666666666691,171.00000000000182,time,0.8199999999999932
2024-06-04,-1,2024-06-04 10:35:00-04:00,2024-06-04 15:55:00-04:00,202.70000000000002,201.92,0.7800000000000296,0.4849999999999852,1.6082474226805223,76.00000000000296,time,0.9099999999999966
2024-06-05,-1,2024-06-05 09:55:00-04:00,2024-06-05 10:20:00-04:00,202.32000000000002,202.865,-0.5449999999999875,0.5349999999999966,-1.0186915887850299,-56.49999999999875,stop,0.950000000000017
2024-06-06,1,2024-06-06 09:50:00-04:00,2024-06-06 10:00:00-04:00,204.73999999999998,204.23000000000002,-0.5099999999999625,0.4999999999999716,-1.019999999999983,-52.99999999999625,stop,0.8599999999999852
2024-06-07,1,2024-06-07 10:10:00-04:00,2024-06-07 11:20:00-04:00,202.42999999999998,201.525,-0.9049999999999727,0.8949999999999818,-1.011173184357532,-92.49999999999727,stop,1.7099999999999795
2024-06-10,1,2024-06-10 10:00:00-04:00,2024-06-10 15:55:00-04:00,200.04,201.93,1.8900000000000148,0.5549999999999784,3.4054054054055647,187.00000000000148,time,0.950000000000017
2024-06-11,-1,2024-06-11 09:50:00-04:00,2024-06-11 10:15:00-04:00,198.58,199.16499999999996,-0.5849999999999511,0.5749999999999602,-1.0173913043478116,-60.49999999999511,stop,0.9699999999999989
2024-06-12,1,2024-06-12 10:20:00-04:00,2024-06-12 11:45:00-04:00,206.76,205.995,-0.7649999999999864,0.7549999999999955,-1.0132450331125709,-78.49999999999864,stop,1.0900000000000034
2024-06-13,-1,2024-06-13 09:50:00-04:00,2024-06-13 15:55:00-04:00,202.44,201.91,0.5300000000000011,0.664999999999992,0.7969924812030188,51.000000000000114,time,0.8700000000000045
2024-06-14,-1,2024-06-14 10:05:00-04:00,2024-06-14 15:55:00-04:00,198.66,198.81,-0.15000000000000568,0.9749999999999943,-0.15384615384616057,-17.00000000000057,time,0.8100000000000023
2024-06-17,-1,2024-06-17 10:15:00-04:00,2024-06-17 12:05:00-04:00,197.82000000000002,198.245,-0.42499999999998295,0.41499999999999204,-1.0240963855421472,-44.499999999998295,stop,0.75
2024-06-18,1,2024-06-18 12:05:00-04:00,2024-06-18 15:55:00-04:00,201.39,200.67000000000002,-0.7199999999999704,0.7099999999999795,-1.014084507042241,-73.99999999999704,stop,1.3000000000000114
2024-06-20,1,2024-06-20 09:50:00-04:00,2024-06-20 11:55:00-04:00,201.63,200.47,-1.1599999999999966,1.1500000000000057,-1.008695652173905,-117.99999999999966,stop,1.6800000000000068
2024-06-21,-1,2024-06-21 09:55:00-04:00,2024-06-21 10:20:00-04:00,199.01000000000002,199.59499999999997,-0.5849999999999511,0.5749999999999602,-1.0173913043478116,-60.49999999999511,stop,1.1099999999999852
2024-06-24,1,2024-06-24 09:50:00-04:00,2024-06-24 15:55:00-04:00,201.64999999999998,201.16,-0.4899999999999807,0.6549999999999727,-0.7480916030534368,-50.99999999999807,time,0.9300000000000068
2024-06-25,-1,2024-06-25 12:35:00-04:00,2024-06-25 13:25:00-04:00,199.83,200.54999999999998,-0.7199999999999704,0.7099999999999795,-1.014084507042241,-73.99999999999704,stop,1.240000000000009
2024-06-26,1,2024-06-26 09:55:00-04:00,2024-06-26 15:55:00-04:00,199.64,200.06,0.4200000000000159,0.4399999999999977,0.9545454545454957,40.00000000000159,time,0.7800000000000011
2024-06-27,1,2024-06-27 10:15:00-04:00,2024-06-27 11:00:00-04:00,201.20999999999998,200.52,-0.6899999999999693,0.6799999999999784,-1.0147058823529282,-70.99999999999693,stop,1.1399999999999864
2024-06-28,-1,2024-06-28 09:50:00-04:00,2024-06-28 10:25:00-04:00,203.27,204.02999999999997,-0.7599999999999625,0.7499999999999716,-1.0133333333333217,-77.99999999999625,stop,1.2399999999999807
2024-07-01,-1,2024-07-01 09:50:00-04:00,2024-07-01 10:00:00-04:00,202.89000000000001,203.415,-0.5249999999999773,0.5149999999999864,-1.0194174757281382,-54.499999999997726,stop,0.8299999999999841
2024-07-02,1,2024-07-02 09:55:00-04:00,2024-07-02 10:10:00-04:00,202.14,201.53000000000003,-0.6099999999999568,0.5999999999999659,-1.0166666666666524,-62.99999999999568,stop,0.9799999999999898
2024-07-05,-1,2024-07-05 10:10:00-04:00,2024-07-05 10:55:00-04:00,200.37,201.02999999999997,-0.6599999999999682,0.6499999999999773,-1.015384615384602,-67.99999999999682,stop,1.2199999999999989
2024-07-08,-1,2024-07-08 11:40:00-04:00,2024-07-08 15:55:00-04:00,202.16,202.23,-0.06999999999999318,0.8900000000000148,-0.07865168539324946,-8.999999999999318,time,1.299999999999983
2024-07-09,-1,2024-07-09 10:20:00-04:00,2024-07-09 12:00:00-04:00,201.06,201.55499999999998,-0.4949999999999761,0.4849999999999852,-1.0206185567010129,-51.49999999999761,stop,0.75
2024-07-10,-1,2024-07-10 09:55:00-04:00,2024-07-10 10:05:00-04:00,201.86,202.31,-0.44999999999998863,0.4399999999999977,-1.0227272727272523,-46.99999999999886,stop,0.7600000000000193
2024-07-11,1,2024-07-11 09:55:00-04:00,2024-07-11 15:55:00-04:00,208.25,210.74,2.490000000000009,0.7450000000000045,3.3422818791946227,247.0000000000009,time,1.1299999999999955
2024-07-12,1,2024-07-12 10:05:00-04:00,2024-07-12 12:05:00-04:00,214.07,213.09,-0.9799999999999898,0.9699999999999989,-1.010309278350506,-99.99999999999898,stop,0.8799999999999955
2024-07-15,1,2024-07-15 09:50:00-04:00,2024-07-15 15:55:00-04:00,215.20999999999998,217.12,1.910000000000025,0.5199999999999818,3.6730769230770997,189.0000000000025,time,0.7800000000000011
2024-07-16,1,2024-07-16 09:50:00-04:00,2024-07-16 15:55:00-04:00,220.82,224.55,3.730000000000018,0.964999999999975,3.8652849740933832,371.0000000000018,time,1.6699999999999875
2024-07-17,1,2024-07-17 09:50:00-04:00,2024-07-17 10:05:00-04:00,225.25,223.54500000000002,-1.704999999999984,1.6949999999999932,-1.005899705014744,-172.4999999999984,stop,2.430000000000007
2024-07-18,1,2024-07-18 10:00:00-04:00,2024-07-18 10:40:00-04:00,224.04,222.24,-1.799999999999983,1.789999999999992,-1.005586592178766,-181.9999999999983,stop,2.180000000000007
2024-07-19,1,2024-07-19 10:00:00-04:00,2024-07-19 10:25:00-04:00,218.45,217.395,-1.0549999999999784,1.0449999999999875,-1.009569377990422,-107.49999999999784,stop,1.5699999999999932
2024-07-22,-1,2024-07-22 09:55:00-04:00,2024-07-22 11:00:00-04:00,216.89000000000001,217.95999999999998,-1.0699999999999648,1.0599999999999739,-1.0094339622641426,-108.99999999999648,stop,1.3200000000000216
2024-07-23,1,2024-07-23 09:50:00-04:00,2024-07-23 15:55:00-04:00,220.51999999999998,222.54000000000002,2.0200000000000387,1.0349999999999682,1.951690821256136,200.00000000000387,time,0.8900000000000148
2024-07-24,-1,2024-07-24 10:00:00-04:00,2024-07-24 10:30:00-04:00,220.70000000000002,222.41,-1.7099999999999795,1.6999999999999886,-1.0058823529411711,-172.99999999999795,stop,2.920000000000016
2024-07-25,1,2024-07-25 09:55:00-04:00,2024-07-25 10:00:00-04:00,220.39999999999998,219.13,-1.2699999999999818,1.259999999999991,-1.0079365079365008,-128.99999999999818,stop,1.8800000000000239
2024-07-26,1,2024-07-26 10:05:00-04:00,2024-07-26 10:05:00-04:00,225.19,224.025,-1.164999999999992,1.1550000000000011,-1.0086580086580008,-118.4999999999992,stop,1.7099999999999795
2024-07-29,1,2024-07-29 10:05:00-04:00,2024-07-29 10:10:00-04:00,225.38,224.455,-0.924999999999983,0.914999999999992,-1.0109289617486241,-94.4999999999983,stop,1.3100000000000023
2024-07-30,-1,2024-07-30 10:15:00-04:00,2024-07-30 15:55:00-04:00,222.19,222.54,-0.3499999999999943,1.3700000000000045,-0.25547445255473955,-36.99999999999943,time,1.8000000000000114
2024-07-31,1,2024-07-31 12:10:00-04:00,2024-07-31 15:55:00-04:00,224.94,223.91,-1.0300000000000011,1.4699999999999989,-0.7006802721088449,-105.00000000000011,time,2.4399999999999977
2024-08-01,-1,2024-08-01 09:55:00-04:00,2024-08-01 15:55:00-04:00,222.94,216.67,6.27000000000001,1.2749999999999773,4.917647058823625,625.000000000001,time,1.3499999999999943
2024-08-02,-1,2024-08-02 10:15:00-04:00,2024-08-02 12:20:00-04:00,207.91,209.33999999999997,-1.4299999999999784,1.4199999999999875,-1.0070422535211203,-144.99999999999784,stop,1.8400000000000034
2024-08-05,1,2024-08-05 09:50:00-04:00,2024-08-05 15:55:00-04:00,199.26,202.3,3.0400000000000205,1.6200000000000045,1.8765432098765507,302.00000000000205,time,1.8800000000000239
2024-08-06,1,2024-08-06 09:55:00-04:00,2024-08-06 15:55:00-04:00,203.29999999999998,204.46,1.160000000000025,1.085000000000008,1.0691244239631488,114.0000000000025,time,2.030000000000001
2024-08-07,-1,2024-08-07 10:15:00-04:00,2024-08-07 15:55:00-04:00,206.45000000000002,202.03,4.420000000000016,0.7699999999999818,5.740259740259897,440.0000000000016,time,1.4800000000000182
2024-08-08,1,2024-08-08 09:55:00-04:00,2024-08-08 15:55:00-04:00,204.53,206.83,2.3000000000000114,0.7150000000000034,3.2167832167832175,228.00000000000114,time,1.2900000000000205
2024-08-09,-1,2024-08-09 09:50:00-04:00,2024-08-09 10:00:00-04:00,205.57000000000002,206.535,-0.964999999999975,0.9549999999999841,-1.0104712041884722,-98.4999999999975,stop,1.170000000000016
2024-08-12,-1,2024-08-12 09:50:00-04:00,2024-08-12 15:55:00-04:00,205.09,204.63,0.46000000000000796,0.9550000000000125,0.4816753926701591,44.000000000000796,time,1.8699999999999761
2024-08-13,-1,2024-08-13 10:05:00-04:00,2024-08-13 10:45:00-04:00,205.21,205.92,-0.7099999999999795,0.6999999999999886,-1.0142857142857016,-72.99999999999795,stop,1.1999999999999886
2024-08-14,-1,2024-08-14 09:55:00-04:00,2024-08-14 15:55:00-04:00,206.73000000000002,206.7,0.03000000000002956,1.2849999999999682,0.023346303501969107,1.0000000000029559,time,1.4699999999999989
2024-08-15,-1,2024-08-15 09:55:00-04:00,2024-08-15 10:35:00-04:00,210.35000000000002,211.485,-1.134999999999991,1.125,-1.0088888888888807,-115.49999999999909,stop,1.2299999999999898
2024-08-16,1,2024-08-16 09:55:00-04:00,2024-08-16 10:30:00-04:00,213.10999999999999,212.16000000000003,-0.9499999999999602,0.9399999999999693,-1.0106382978723312,-96.99999999999602,stop,1.5999999999999943
2024-08-19,1,2024-08-19 11:15:00-04:00,2024-08-19 15:55:00-04:00,214.10999999999999,215.18,1.0700000000000216,0.7099999999999795,1.5070422535212007,105.00000000000216,time,1.1200000000000045
2024-08-20,-1,2024-08-20 09:50:00-04:00,2024-08-20 15:55:00-04:00,214.19,212.78,1.4099999999999966,0.49500000000000455,2.8484848484848153,138.99999999999966,time,0.5300000000000011
2024-08-21,-1,2024-08-21 10:15:00-04:00,2024-08-21 10:30:00-04:00,213.14000000000001,213.89999999999998,-0.7599999999999625,0.7499999999999716,-1.0133333333333217,-77.99999999999625,stop,1.460000000000008
2024-08-22,-1,2024-08-22 09:50:00-04:00,2024-08-22 15:55:00-04:00,214.96,213.60999999999999,1.3500000000000227,0.710000000000008,1.9014084507042361,133.00000000000227,time,0.8200000000000216
2024-08-23,1,2024-08-23 10:05:00-04:00,2024-08-23 15:55:00-04:00,217.48,220.31,2.8300000000000125,1.8649999999999807,1.5174262734584674,281.00000000000125,time,1.2700000000000102
2024-08-26,1,2024-08-26 10:10:00-04:00,2024-08-26 10:15:00-04:00,222.38,221.53000000000003,-0.8499999999999659,0.839999999999975,-1.0119047619047514,-86.99999999999659,stop,1.4000000000000057
2024-08-27,-1,2024-08-27 10:00:00-04:00,2024-08-27 10:20:00-04:00,217.96,218.57999999999998,-0.6199999999999761,0.6099999999999852,-1.0163934426229364,-63.99999999999761,stop,0.9199999999999875
2024-08-28,1,2024-08-28 09:50:00-04:00,2024-08-28 11:15:00-04:00,218.39999999999998,217.82,-0.5799999999999841,0.5699999999999932,-1.017543859649107,-59.99999999999841,stop,0.8200000000000216
2024-08-29,-1,2024-08-29 09:50:00-04:00,2024-08-29 09:55:00-04:00,217.62,218.39999999999998,-0.7799999999999727,0.7699999999999818,-1.0129870129870016,-79.99999999999727,stop,1.4199999999999875
2024-08-30,-1,2024-08-30 09:50:00-04:00,2024-08-30 10:10:00-04:00,219.22,219.98,-0.7599999999999909,0.75,-1.0133333333333212,-77.99999999999909,stop,1.0600000000000023
2024-09-03,-1,2024-09-03 09:55:00-04:00,2024-09-03 15:55:00-04:00,217.86,213.39999999999998,4.460000000000036,0.8599999999999852,5.186046511628039,444.00000000000364,time,1.3000000000000114
2024-09-04,1,2024-09-04 09:55:00-04:00,2024-09-04 10:00:00-04:00,213.09,212.62,-0.46999999999999886,0.46000000000000796,-1.0217391304347625,-48.999999999999886,stop,0.9200000000000159
2024-09-05,-1,2024-09-05 09:55:00-04:00,2024-09-05 10:00:00-04:00,212.45000000000002,213.255,-0.8049999999999784,0.7949999999999875,-1.01257861635219,-82.49999999999784,stop,1.3899999999999864
2024-09-06,-1,2024-09-06 10:05:00-04:00,2024-09-06 15:55:00-04:00,211.19,207.95,3.240000000000009,1.1899999999999977,2.722689075630265,322.0000000000009,time,1.6200000000000045
2024-09-09,1,2024-09-09 10:05:00-04:00,2024-09-09 15:55:00-04:00,209.32,208.47,-0.8499999999999943,1.0749999999999886,-0.7906976744186077,-86.99999999999943,time,1.4499999999999886
2024-09-10,-1,2024-09-10 10:00:00-04:00,2024-09-10 15:25:00-04:00,207.74,208.365,-0.625,0.6150000000000091,-1.016260162601611,-64.5,stop,1.0100000000000193
2024-09-11,-1,2024-09-11 10:05:00-04:00,2024-09-11 12:20:00-04:00,205.71,206.85,-1.1399999999999864,1.1299999999999955,-1.008849557522116,-115.99999999999864,stop,1.3000000000000114
2024-09-12,-1,2024-09-12 09:50:00-04:00,2024-09-12 10:25:00-04:00,208.67000000000002,210.15499999999997,-1.4849999999999568,1.474999999999966,-1.006779661016943,-150.49999999999568,stop,1.4699999999999989
2024-09-13,1,2024-09-13 09:55:00-04:00,2024-09-13 15:55:00-04:00,215.14999999999998,216.86,1.7100000000000364,0.6499999999999773,2.6307692307693786,169.00000000000364,time,1.1200000000000045
2024-09-16,-1,2024-09-16 10:35:00-04:00,2024-09-16 12:25:00-04:00,216.21,217.435,-1.2249999999999943,1.2150000000000034,-1.0082304526748895,-124.49999999999943,stop,1.7299999999999898
2024-09-17,1,2024-09-17 10:10:00-04:00,2024-09-17 12:45:00-04:00,219.94,219.26000000000002,-0.6799999999999784,0.6699999999999875,-1.014925373134315,-69.99999999999784,stop,0.8199999999999932
2024-09-18,1,2024-09-18 09:50:00-04:00,2024-09-18 09:55:00-04:00,220.26,219.495,-0.7649999999999864,0.7549999999999955,-1.0132450331125709,-78.49999999999864,stop,1.009999999999991
2024-09-19,-1,2024-09-19 09:50:00-04:00,2024-09-19 10:25:00-04:00,222.19,223.445,-1.2549999999999955,1.2450000000000045,-1.008032128514049,-127.49999999999955,stop,2.490000000000009
2024-09-20,-1,2024-09-20 09:50:00-04:00,2024-09-20 10:15:00-04:00,221.86,222.77499999999998,-0.9149999999999636,0.9049999999999727,-1.0110497237568963,-93.49999999999636,stop,1.3900000000000148
2024-09-23,-1,2024-09-23 10:40:00-04:00,2024-09-23 15:55:00-04:00,220.94,220.78,0.1599999999999966,1.3600000000000136,0.11764705882352572,13.999999999999659,time,1.6200000000000045
2024-09-24,-1,2024-09-24 10:05:00-04:00,2024-09-24 14:35:00-04:00,220.89000000000001,221.5,-0.6099999999999852,0.5999999999999943,-1.0166666666666517,-62.99999999999852,stop,0.7199999999999989
2024-09-25,-1,2024-09-25 09:50:00-04:00,2024-09-25 10:05:00-04:00,219.36,220.065,-0.7049999999999841,0.6949999999999932,-1.0143884892086201,-72.49999999999841,stop,1.1100000000000136
2024-09-26,-1,2024-09-26 10:20:00-04:00,2024-09-26 15:55:00-04:00,219.55,218.82,0.7300000000000182,0.6850000000000023,1.0656934306569574,71.00000000000182,time,1.0700000000000216
2024-09-27,-1,2024-09-27 09:50:00-04:00,2024-09-27 10:00:00-04:00,220.29000000000002,220.91499999999996,-0.6249999999999432,0.6149999999999523,-1.0162601626016126,-64.49999999999432,stop,0.9699999999999989
2024-09-30,1,2024-09-30 09:50:00-04:00,2024-09-30 14:10:00-04:00,220.89999999999998,219.97000000000003,-0.92999999999995,0.9199999999999591,-1.0108695652173818,-94.999999999995,stop,1.3599999999999852
2024-10-01,-1,2024-10-01 09:50:00-04:00,2024-10-01 15:55:00-04:00,217.8,217.89,-0.08999999999997499,1.4499999999999886,-0.062068965517224614,-10.999999999997499,time,2.180000000000007
2024-10-02,1,2024-10-02 09:50:00-04:00,2024-10-02 15:55:00-04:00,217.51,217.55,0.040000000000020464,0.7099999999999795,0.056338028169044534,2.0000000000020464,time,1.1799999999999784
2024-10-03,-1,2024-10-03 09:50:00-04:00,2024-10-03 10:00:00-04:00,215.32000000000002,216.33999999999997,-1.0199999999999534,1.0099999999999625,-1.0099009900990013,-103.99999999999534,stop,0.700000000000017
2024-10-04,-1,2024-10-04 09:55:00-04:00,2024-10-04 12:50:00-04:00,218.45000000000002,219.34499999999997,-0.8949999999999534,0.8849999999999625,-1.0112994350282387,-91.49999999999534,stop,1.289999999999992
2024-10-07,-1,2024-10-07 09:55:00-04:00,2024-10-07 10:10:00-04:00,217.51000000000002,218.18,-0.6699999999999875,0.6599999999999966,-1.0151515151515014,-68.99999999999875,stop,0.9799999999999898
2024-10-08,1,2024-10-08 10:05:00-04:00,2024-10-08 10:10:00-04:00,218.04999999999998,217.185,-0.8649999999999807,0.8549999999999898,-1.011695906432738,-88.49999999999807,stop,0.9499999999999886
2024-10-09,1,2024-10-09 09:55:00-04:00,2024-10-09 15:55:00-04:00,218.07,218.09,0.020000000000010232,0.7599999999999909,0.02631578947369799,1.0231815394945443e-12,time,0.7800000000000011
2024-10-10,-1,2024-10-10 09:50:00-04:00,2024-10-10 09:50:00-04:00,214.77,215.475,-0.7049999999999841,0.6949999999999932,-1.0143884892086201,-72.49999999999841,stop,1.1899999999999977
2024-10-11,1,2024-10-11 10:05:00-04:00,2024-10-11 15:55:00-04:00,219.17999999999998,221.29000000000002,2.110000000000042,1.4599999999999795,1.4452054794521039,209.0000000000042,time,2.019999999999982
2024-10-14,1,2024-10-14 09:50:00-04:00,2024-10-14 09:55:00-04:00,221.69,220.935,-0.7549999999999955,0.7450000000000045,-1.013422818791934,-77.49999999999955,stop,1.0300000000000011
2024-10-15,1,2024-10-15 09:50:00-04:00,2024-10-15 15:55:00-04:00,223.26,223.06,-0.19999999999998863,0.839999999999975,-0.23809523809523164,-21.999999999998863,time,0.8800000000000239
2024-10-16,1,2024-10-16 10:00:00-04:00,2024-10-16 15:55:00-04:00,225.26999999999998,226.71,1.4400000000000261,0.4749999999999943,3.031578947368512,142.00000000000261,time,0.8100000000000023
2024-10-17,-1,2024-10-17 10:20:00-04:00,2024-10-17 15:55:00-04:00,225.59,226.07999999999998,-0.4899999999999807,0.7150000000000034,-0.685314685314655,-50.99999999999807,time,1.3100000000000023
2024-10-18,-1,2024-10-18 10:15:00-04:00,2024-10-18 15:55:00-04:00,225.83,225.66,0.17000000000001592,0.6849999999999739,0.24817518248178452,15.000000000001592,time,1.0300000000000011
2024-10-21,-1,2024-10-21 10:05:00-04:00,2024-10-21 15:55:00-04:00,224.21,222.1,2.1100000000000136,0.8049999999999784,2.6211180124224476,209.00000000000136,time,1.3499999999999943
2024-10-22,-1,2024-10-22 10:10:00-04:00,2024-10-22 10:50:00-04:00,220.59,221.325,-0.7349999999999852,0.7249999999999943,-1.0137931034482635,-75.49999999999852,stop,1.0300000000000011
2024-10-23,-1,2024-10-23 10:20:00-04:00,2024-10-23 15:55:00-04:00,219.56,219.31,0.25,0.7049999999999841,0.3546099290780222,23.0,time,1.0700000000000216
2024-10-24,1,2024-10-24 09:55:00-04:00,2024-10-24 10:05:00-04:00,220.79,220.31,-0.47999999999998977,0.46999999999999886,-1.0212765957446615,-49.99999999999898,stop,0.9000000000000057
2024-10-25,1,2024-10-25 10:30:00-04:00,2024-10-25 10:45:00-04:00,221.78,221.01,-0.7700000000000102,0.7600000000000193,-1.0131578947368298,-79.00000000000102,stop,1.3599999999999852
2024-10-28,1,2024-10-28 09:50:00-04:00,2024-10-28 15:55:00-04:00,222.38,222.49,0.11000000000001364,0.9749999999999943,0.11282051282052748,9.000000000001364,time,1.8500000000000227
2024-10-29,1,2024-10-29 09:55:00-04:00,2024-10-29 15:55:00-04:00,221.06,221.8,0.7400000000000091,0.6399999999999864,1.1562500000000389,72.00000000000091,time,0.9000000000000057
2024-10-30,1,2024-10-30 09:50:00-04:00,2024-10-30 15:55:00-04:00,222.51,221.51,-1.0,0.9900000000000091,-1.0101010101010008,-102.0,stop,1.2399999999999807
2024-10-31,-1,2024-10-31 09:50:00-04:00,2024-10-31 15:55:00-04:00,220.38,217.72,2.6599999999999966,0.8900000000000148,2.9887640449437667,263.99999999999966,time,1.0
2024-11-01,1,2024-11-01 10:20:00-04:00,2024-11-01 10:40:00-04:00,220.75,219.755,-0.9950000000000045,0.9850000000000136,-1.01015228426395,-101.50000000000045,stop,1.2700000000000102
2024-11-04,1,2024-11-04 09:50:00-05:00,2024-11-04 15:55:00-05:00,219.32,220.08,0.7600000000000193,0.7949999999999875,0.9559748427673349,74.00000000000193,time,1.3700000000000045
2024-11-05,1,2024-11-05 09:50:00-05:00,2024-11-05 15:55:00-05:00,221.04999999999998,224.26000000000002,3.2100000000000364,1.0199999999999818,3.1470588235295036,319.00000000000364,time,1.9399999999999977
2024-11-06,-1,2024-11-06 09:50:00-05:00,2024-11-06 10:05:00-05:00,233.98000000000002,235.46999999999997,-1.4899999999999523,1.4799999999999613,-1.0067567567567508,-150.99999999999523,stop,2.5800000000000125
2024-11-07,1,2024-11-07 09:55:00-05:00,2024-11-07 10:05:00-05:00,237.31,236.67000000000002,-0.6399999999999864,0.6299999999999955,-1.0158730158730016,-65.99999999999864,stop,1.1399999999999864
2024-11-08,1,2024-11-08 09:50:00-05:00,2024-11-08 15:55:00-05:00,237.2,238.11,0.910000000000025,1.1099999999999852,0.8198198198198533,89.0000000000025,time,0.8799999999999955
2024-11-11,-1,2024-11-11 10:10:00-05:00,2024-11-11 10:25:00-05:00,240.17000000000002,241.065,-0.8949999999999818,0.8849999999999909,-1.0112994350282385,-91.49999999999818,stop,1.5300000000000011
2024-11-12,1,2024-11-12 09:50:00-05:00,2024-11-12 09:55:00-05:00,241.73999999999998,240.71,-1.0299999999999727,1.0199999999999818,-1.0098039215686188,-104.99999999999727,stop,1.5199999999999818
2024-11-13,-1,2024-11-13 10:05:00-05:00,2024-11-13 10:10:00-05:00,238.33,239.18,-0.8499999999999943,0.8400000000000034,-1.011904761904751,-86.99999999999943,stop,1.3800000000000239
2024-11-14,-1,2024-11-14 10:10:00-05:00,2024-11-14 15:55:00-05:00,234.17000000000002,231.98,2.190000000000026,1.1499999999999773,1.9043478260870168,217.00000000000261,time,2.219999999999999
2024-11-15,-1,2024-11-15 10:00:00-05:00,2024-11-15 15:55:00-05:00,230.58,228.48999999999998,2.090000000000032,0.914999999999992,2.2841530054645354,207.00000000000318,time,1.5900000000000034
2024-11-18,-1,2024-11-18 09:55:00-05:00,2024-11-18 10:00:00-05:00,228.49,229.27499999999998,-0.7849999999999682,0.7749999999999773,-1.0129032258064403,-80.49999999999682,stop,1.210000000000008
2024-11-19,1,2024-11-19 10:15:00-05:00,2024-11-19 15:55:00-05:00,227.69,230.62,2.930000000000007,0.6700000000000159,4.373134328358115,291.0000000000007,time,1.2399999999999807
2024-11-20,-1,2024-11-20 10:10:00-05:00,2024-11-20 10:35:00-05:00,228.44,229.8,-1.3600000000000136,1.3500000000000227,-1.0074074074074006,-138.00000000000136,stop,1.6599999999999966
2024-11-21,1,2024-11-21 09:50:00-05:00,2024-11-21 10:00:00-05:00,232.48,231.68,-0.799999999999983,0.789999999999992,-1.0126582278480898,-81.9999999999983,stop,1.1599999999999966
2024-11-22,1,2024-11-22 09:50:00-05:00,2024-11-22 15:55:00-05:00,236.95,238.73000000000002,1.7800000000000296,0.8999999999999773,1.9777777777778607,176.00000000000296,time,1.4399999999999977
2024-11-25,1,2024-11-25 10:20:00-05:00,2024-11-25 12:25:00-05:00,243.17,242.265,-0.9050000000000011,0.8950000000000102,-1.0111731843575316,-92.50000000000011,stop,1.7700000000000102
2024-11-26,-1,2024-11-26 10:05:00-05:00,2024-11-26 10:50:00-05:00,240.29000000000002,240.95,-0.6599999999999682,0.6499999999999773,-1.015384615384602,-67.99999999999682,stop,1.1200000000000045
2024-11-27,-1,2024-11-27 10:15:00-05:00,2024-11-27 15:55:00-05:00,241.51000000000002,240.95999999999998,0.5500000000000398,1.2099999999999795,0.4545454545454951,53.00000000000398,time,1.6800000000000068
2024-12-02,-1,2024-12-02 10:00:00-05:00,2024-12-02 10:30:00-05:00,240.41,241.555,-1.1450000000000102,1.1350000000000193,-1.0088105726872165,-116.50000000000102,stop,2.0100000000000193
2024-12-03,-1,2024-12-03 09:55:00-05:00,2024-12-03 15:55:00-05:00,240.9,240.09,0.8100000000000023,0.6799999999999784,1.1911764705882766,79.00000000000023,time,1.1199999999999761
2024-12-04,-1,2024-12-04 13:25:00-05:00,2024-12-04 15:40:00-05:00,239.69,240.685,-0.9950000000000045,0.9850000000000136,-1.01015228426395,-101.50000000000045,stop,1.7299999999999898
2024-12-05,-1,2024-12-05 10:20:00-05:00,2024-12-05 15:55:00-05:00,239.32000000000002,238.04,1.2800000000000296,0.9199999999999875,1.391304347826138,126.00000000000296,time,1.240000000000009
2024-12-06,-1,2024-12-06 09:50:00-05:00,2024-12-06 10:45:00-05:00,238.93,239.5,-0.5699999999999932,0.5600000000000023,-1.0178571428571266,-58.99999999999932,stop,0.799999999999983
2024-12-09,1,2024-12-09 10:15:00-05:00,2024-12-09 10:20:00-05:00,241.28,240.68,-0.5999999999999943,0.5900000000000034,-1.0169491525423573,-61.99999999999943,stop,0.8799999999999955
2024-12-10,1,2024-12-10 10:50:00-05:00,2024-12-10 15:30:00-05:00,237.88,236.8,-1.079999999999984,1.0699999999999932,-1.0093457943925148,-109.99999999999841,stop,1.7800000000000011
2024-12-11,-1,2024-12-11 10:10:00-05:00,2024-12-11 11:45:00-05:00,237.57000000000002,238.265,-0.6949999999999648,0.6849999999999739,-1.0145985401459727,-71.49999999999648,stop,1.0699999999999932
2024-12-12,-1,2024-12-12 10:00:00-05:00,2024-12-12 15:55:00-05:00,236.68,234.64999999999998,2.0300000000000296,0.5149999999999864,3.9417475728156957,201.00000000000296,time,0.8899999999999864
2024-12-13,-1,2024-12-13 10:00:00-05:00,2024-12-13 15:55:00-05:00,233.60000000000002,233.10999999999999,0.4900000000000375,0.714999999999975,0.6853146853147618,47.00000000000375,time,1.0900000000000034
2024-12-16,1,2024-12-16 09:50:00-05:00,2024-12-16 15:55:00-05:00,234.29999999999998,234.48000000000002,0.18000000000003524,1.2800000000000011,0.1406250000000274,16.000000000003524,time,1.3400000000000034
2024-12-17,-1,2024-12-17 10:05:00-05:00,2024-12-17 15:55:00-05:00,231.77,231.06,0.710000000000008,1.049999999999983,0.6761904761904948,69.0000000000008,time,1.240000000000009
2024-12-18,-1,2024-12-18 10:10:00-05:00,2024-12-18 11:25:00-05:00,231.67000000000002,232.42,-0.7499999999999716,0.7399999999999807,-1.0135135135135016,-76.99999999999716,stop,1.259999999999991
2024-12-19,-1,2024-12-19 09:50:00-05:00,2024-12-19 15:55:00-05:00,222.47,219.92999999999998,2.5400000000000205,1.2450000000000045,2.04016064257029,252.00000000000205,time,1.4300000000000068
2024-12-20,1,2024-12-20 10:30:00-05:00,2024-12-20 15:55:00-05:00,221.76,222.03,0.27000000000001023,1.9699999999999989,0.13705583756345704,25.000000000001023,time,3.4399999999999977
2024-12-23,-1,2024-12-23 09:50:00-05:00,2024-12-23 12:00:00-05:00,220.56,221.57999999999998,-1.0199999999999818,1.009999999999991,-1.009900990099001,-103.99999999999818,stop,1.6599999999999966
2024-12-26,1,2024-12-26 09:50:00-05:00,2024-12-26 09:50:00-05:00,222.57999999999998,221.96,-0.6199999999999761,0.6099999999999852,-1.0163934426229364,-63.99999999999761,stop,1.0199999999999818
2024-12-27,1,2024-12-27 09:50:00-05:00,2024-12-27 09:55:00-05:00,225.14999999999998,224.35000000000002,-0.7999999999999545,0.7899999999999636,-1.0126582278480902,-81.99999999999545,stop,0.9199999999999875
2024-12-30,-1,2024-12-30 09:50:00-05:00,2024-12-30 11:10:00-05:00,218.38,219.665,-1.2849999999999966,1.2750000000000057,-1.0078431372548948,-130.49999999999966,stop,2.0500000000000114
2024-12-31,1,2024-12-31 10:00:00-05:00,2024-12-31 10:05:00-05:00,222.26999999999998,221.62,-0.6499999999999773,0.6399999999999864,-1.015624999999986,-66.99999999999773,stop,1.2199999999999989
2025-01-02,1,2025-01-02 09:50:00-05:00,2025-01-02 10:40:00-05:00,223.57,222.36,-1.2099999999999795,1.1999999999999886,-1.0083333333333258,-122.99999999999795,stop,1.5199999999999818
2025-01-03,-1,2025-01-03 09:55:00-05:00,2025-01-03 10:05:00-05:00,221.95000000000002,222.58499999999998,-0.6349999999999625,0.6249999999999716,-1.0159999999999862,-65.49999999999625,stop,1.1299999999999955
2025-01-06,1,2025-01-06 09:50:00-05:00,2025-01-06 13:55:00-05:00,226.45,225.70000000000002,-0.7499999999999716,0.7399999999999807,-1.0135135135135016,-76.99999999999716,stop,1.3799999999999955
2025-01-07,-1,2025-01-07 10:05:00-05:00,2025-01-07 15:55:00-05:00,223.28,222.73999999999998,0.5400000000000205,2.6599999999999966,0.20300751879700044,52.000000000002046,time,1.0400000000000205
2025-01-08,-1,2025-01-08 09:55:00-05:00,2025-01-08 10:00:00-05:00,219.45000000000002,220.45999999999998,-1.0099999999999625,0.9999999999999716,-1.0099999999999911,-102.99999999999625,stop,1.3599999999999852
2025-01-10,-1,2025-01-10 10:05:00-05:00,2025-01-10 10:20:00-05:00,216.49,217.72,-1.2299999999999898,1.2199999999999989,-1.008196721311468,-124.99999999999898,stop,1.6200000000000045
2025-01-13,1,2025-01-13 09:55:00-05:00,2025-01-13 10:25:00-05:00,215.03,214.47000000000003,-0.5599999999999739,0.549999999999983,-1.0181818181818023,-57.999999999997385,stop,1.0200000000000102
2025-01-14,-1,2025-01-14 10:00:00-05:00,2025-01-14 10:00:00-05:00,218.76000000000002,219.515,-0.754999999999967,0.7449999999999761,-1.0134228187919345,-77.4999999999967,stop,1.1899999999999977
2025-01-15,-1,2025-01-15 10:50:00-05:00,2025-01-15 15:25:00-05:00,223.96,224.82999999999998,-0.8699999999999761,0.8599999999999852,-1.0116279069767338,-88.99999999999761,stop,1.5200000000000102
2025-01-16,-1,2025-01-16 10:00:00-05:00,2025-01-16 11:00:00-05:00,223.24,224.33499999999998,-1.0949999999999704,1.0849999999999795,-1.009216589861743,-111.49999999999704,stop,1.25
2025-01-17,-1,2025-01-17 10:15:00-05:00,2025-01-17 15:55:00-05:00,225.87,225.44,0.4300000000000068,0.5649999999999977,0.76106194690267,41.00000000000068,time,0.9900000000000091
2025-01-21,1,2025-01-21 10:30:00-05:00,2025-01-21 15:55:00-05:00,228.23,229.82000000000002,1.5900000000000318,0.6249999999999716,2.5440000000001666,157.00000000000318,time,1.1500000000000057
2025-01-22,1,2025-01-22 09:50:00-05:00,2025-01-22 09:55:00-05:00,229.76999999999998,229.21,-0.5599999999999739,0.549999999999983,-1.0181818181818023,-57.999999999997385,stop,0.8799999999999955
2025-01-23,1,2025-01-23 10:50:00-05:00,2025-01-23 15:55:00-05:00,227.75,229.31,1.5600000000000023,0.6050000000000182,2.578512396694141,154.00000000000023,time,0.9699999999999989
2025-01-24,-1,2025-01-24 09:55:00-05:00,2025-01-24 10:05:00-05:00,228.11,228.725,-0.6149999999999807,0.6049999999999898,-1.01652892561982,-63.49999999999807,stop,0.9900000000000091
2025-01-27,1,2025-01-27 09:50:00-05:00,2025-01-27 11:05:00-05:00,228.67999999999998,227.335,-1.3449999999999704,1.3349999999999795,-1.0074906367041132,-136.49999999999704,stop,1.5699999999999932
2025-01-28,-1,2025-01-28 11:30:00-05:00,2025-01-28 14:35:00-05:00,225.61,226.595,-0.9849999999999852,0.9749999999999943,-1.010256410256401,-100.49999999999852,stop,1.25
2025-01-29,1,2025-01-29 09:55:00-05:00,2025-01-29 11:00:00-05:00,227.14,226.7,-0.4399999999999977,0.4300000000000068,-1.0232558139534669,-45.99999999999977,stop,0.6599999999999966
2025-01-30,1,2025-01-30 09:55:00-05:00,2025-01-30 10:00:00-05:00,229.59,228.87,-0.7199999999999989,0.710000000000008,-1.0140845070422406,-73.99999999999989,stop,0.8000000000000114
2025-01-31,-1,2025-01-31 09:55:00-05:00,2025-01-31 10:10:00-05:00,228.24,228.64999999999998,-0.40999999999996817,0.39999999999997726,-1.0249999999999786,-42.99999999999682,stop,0.7399999999999807
2025-02-03,-1,2025-02-03 10:15:00-05:00,2025-02-03 10:20:00-05:00,220.76000000000002,221.435,-0.674999999999983,0.664999999999992,-1.015037593984949,-69.4999999999983,stop,1.0100000000000193
2025-02-04,1,2025-02-04 09:55:00-05:00,2025-02-04 15:55:00-05:00,224.54999999999998,226.9,2.3500000000000227,0.8149999999999693,2.8834355828222225,233.00000000000227,time,1.049999999999983
2025-02-05,-1,2025-02-05 10:05:00-05:00,2025-02-05 10:10:00-05:00,226.98000000000002,228.03,-1.049999999999983,1.039999999999992,-1.009615384615376,-106.9999999999983,stop,0.6800000000000068
2025-02-06,-1,2025-02-06 09:50:00-05:00,2025-02-06 15:55:00-05:00,229.78,228.64999999999998,1.1300000000000239,0.5049999999999955,2.237623762376305,111.00000000000239,time,0.8299999999999841
2025-02-07,1,2025-02-07 09:50:00-05:00,2025-02-07 10:00:00-05:00,229.09,228.57999999999998,-0.5100000000000193,0.5000000000000284,-1.0199999999999807,-53.00000000000193,stop,0.7800000000000011
2025-02-11,1,2025-02-11 09:50:00-05:00,2025-02-11 12:50:00-05:00,225.7,225.085,-0.6149999999999807,0.6049999999999898,-1.01652892561982,-63.49999999999807,stop,0.589999999999975
2025-02-12,1,2025-02-12 09:50:00-05:00,2025-02-12 10:00:00-05:00,223.06,222.29000000000002,-0.7699999999999818,0.7599999999999909,-1.0131578947368303,-78.99999999999818,stop,1.0200000000000102
2025-02-13,1,2025-02-13 10:20:00-05:00,2025-02-13 10:25:00-05:00,225.10999999999999,224.505,-0.6049999999999898,0.5949999999999989,-1.0168067226890605,-62.49999999999898,stop,1.0700000000000216
2025-02-14,-1,2025-02-14 10:30:00-05:00,2025-02-14 15:55:00-05:00,226.54000000000002,226.0,0.5400000000000205,0.7599999999999909,0.7105263157895091,52.000000000002046,time,1.0
2025-02-18,1,2025-02-18 10:35:00-05:00,2025-02-18 14:05:00-05:00,226.85999999999999,226.35500000000002,-0.504999999999967,0.4949999999999761,-1.0202020202020028,-52.4999999999967,stop,0.6699999999999875
2025-02-19,1,2025-02-19 09:55:00-05:00,2025-02-19 15:55:00-05:00,225.97,226.4,0.4300000000000068,0.5649999999999977,0.76106194690267,41.00000000000068,time,0.6499999999999773
2025-02-20,-1,2025-02-20 09:50:00-05:00,2025-02-20 15:55:00-05:00,224.39000000000001,224.29999999999998,0.09000000000003183,1.204999999999984,0.07468879668052533,7.000000000003183,time,1.1899999999999977
2025-02-21,-1,2025-02-21 09:50:00-05:00,2025-02-21 15:55:00-05:00,224.09,217.76,6.3300000000000125,1.0749999999999886,5.88837209302333,631.0000000000013,time,1.8700000000000045
2025-02-24,-1,2025-02-24 09:50:00-05:00,2025-02-24 12:40:00-05:00,217.28,218.08499999999998,-0.8049999999999784,0.7949999999999875,-1.01257861635219,-82.49999999999784,stop,1.4299999999999784
2025-02-25,-1,2025-02-25 09:55:00-05:00,2025-02-25 15:20:00-05:00,215.78,216.61,-0.8300000000000125,0.8200000000000216,-1.0121951219512082,-85.00000000000125,stop,1.3400000000000034
2025-02-26,1,2025-02-26 09:50:00-05:00,2025-02-26 12:50:00-05:00,217.75,216.29500000000002,-1.454999999999984,1.4449999999999932,-1.0069204152249072,-147.4999999999984,stop,1.3100000000000023
2025-02-27,-1,2025-02-27 09:55:00-05:00,2025-02-27 10:20:00-05:00,214.62,215.555,-0.9350000000000023,0.9250000000000114,-1.010810810810801,-95.50000000000023,stop,1.0700000000000216
2025-02-28,1,2025-02-28 09:55:00-05:00,2025-02-28 13:15:00-05:00,212.41,211.57,-0.8400000000000034,0.8300000000000125,-1.0120481927710732,-86.00000000000034,stop,1.2600000000000193
2025-03-03,-1,2025-03-03 09:50:00-05:00,2025-03-03 15:55:00-05:00,214.34,208.81,5.530000000000001,0.9849999999999852,5.614213197969629,551.0000000000001,time,1.2700000000000102
2025-03-04,-1,2025-03-04 10:00:00-05:00,2025-03-04 12:10:00-05:00,204.26000000000002,205.27499999999998,-1.014999999999958,1.004999999999967,-1.0099502487562102,-103.4999999999958,stop,1.3300000000000125
2025-03-05,-1,2025-03-05 11:20:00-05:00,2025-03-05 12:00:00-05:00,205.58,206.63,-1.049999999999983,1.039999999999992,-1.009615384615376,-106.9999999999983,stop,1.9000000000000057
2025-03-06,1,2025-03-06 10:10:00-05:00,2025-03-06 12:05:00-05:00,206.45,205.28000000000003,-1.169999999999959,1.1599999999999682,-1.0086206896551648,-118.99999999999591,stop,1.5800000000000125
2025-03-07,1,2025-03-07 09:50:00-05:00,2025-03-07 10:15:00-05:00,205.84,204.9,-0.9399999999999977,0.9300000000000068,-1.0107526881720332,-95.99999999999977,stop,1.4599999999999795
2025-03-10,-1,2025-03-10 10:05:00-04:00,2025-03-10 11:35:00-04:00,202.8,203.91,-1.1099999999999852,1.0999999999999943,-1.0090909090909008,-112.99999999999852,stop,1.6800000000000068
2025-03-11,1,2025-03-11 09:50:00-04:00,2025-03-11 09:50:00-04:00,202.35999999999999,201.35500000000002,-1.004999999999967,0.9949999999999761,-1.0100502512562726,-102.4999999999967,stop,1.6699999999999875
2025-03-12,-1,2025-03-12 09:55:00-04:00,2025-03-12 14:45:00-04:00,201.27,202.70999999999998,-1.4399999999999693,1.4299999999999784,-1.0069930069930006,-145.99999999999693,stop,2.0999999999999943
2025-03-13,-1,2025-03-13 09:55:00-04:00,2025-03-13 10:25:00-04:00,200.5,201.415,-0.914999999999992,0.9050000000000011,-1.011049723756896,-93.4999999999992,stop,1.25
2025-03-14,1,2025-03-14 09:50:00-04:00,2025-03-14 10:00:00-04:00,201.06,200.32,-0.7400000000000091,0.7300000000000182,-1.0136986301369735,-76.00000000000091,stop,0.7600000000000193
2025-03-17,1,2025-03-17 11:20:00-04:00,2025-03-17 15:55:00-04:00,204.79,205.37,0.5800000000000125,1.1550000000000011,0.5021645021645125,56.00000000000125,time,2.069999999999993
2025-03-18,-1,2025-03-18 11:10:00-04:00,2025-03-18 11:25:00-04:00,202.5,203.245,-0.7450000000000045,0.7350000000000136,-1.013605442176858,-76.50000000000045,stop,1.3699999999999761
2025-03-19,1,2025-03-19 09:50:00-04:00,2025-03-19 14:00:00-04:00,204.5,203.59,-0.9099999999999966,0.9000000000000057,-1.0111111111111009,-92.99999999999966,stop,0.8799999999999955
2025-03-20,1,2025-03-20 09:50:00-04:00,2025-03-20 15:55:00-04:00,205.59,205.09,-0.5,0.7650000000000148,-0.6535947712418174,-52.0,time,1.2700000000000102
2025-03-21,-1,2025-03-21 10:10:00-04:00,2025-03-21 10:25:00-04:00,202.01000000000002,202.76,-0.7499999999999716,0.7399999999999807,-1.0135135135135016,-76.99999999999716,stop,0.9599999999999795
2025-03-24,1,2025-03-24 10:50:00-04:00,2025-03-24 15:55:00-04:00,208.13,208.89000000000001,0.7600000000000193,0.7749999999999773,0.9806451612903763,74.00000000000193,time,1.3300000000000125
2025-03-25,-1,2025-03-25 09:50:00-04:00,2025-03-25 15:55:00-04:00,208.22,207.75,0.46999999999999886,0.5999999999999943,0.7833333333333389,44.999999999999886,time,0.9000000000000057
2025-03-26,-1,2025-03-26 09:55:00-04:00,2025-03-26 15:55:00-04:00,207.77,205.57999999999998,2.190000000000026,0.6199999999999761,3.532258064516307,217.00000000000261,time,0.8599999999999852
2025-03-27,1,2025-03-27 10:15:00-04:00,2025-03-27 11:55:00-04:00,205.54999999999998,204.565,-0.9849999999999852,0.9749999999999943,-1.010256410256401,-100.49999999999852,stop,1.6299999999999955
2025-03-28,-1,2025-03-28 09:50:00-04:00,2025-03-28 15:55:00-04:00,203.35000000000002,200.48999999999998,2.860000000000042,0.6449999999999818,4.434108527131973,284.0000000000042,time,1.170000000000016
2025-03-31,1,2025-03-31 10:10:00-04:00,2025-03-31 15:55:00-04:00,197.94,199.52,1.5800000000000125,1.1499999999999773,1.373913043478299,156.00000000000125,time,1.9000000000000057
2025-04-01,-1,2025-04-01 10:15:00-04:00,2025-04-01 10:35:00-04:00,196.97,198.21999999999997,-1.2499999999999716,1.2399999999999807,-1.0080645161290251,-126.99999999999716,stop,1.7800000000000011
2025-04-02,1,2025-04-02 10:05:00-04:00,2025-04-02 15:55:00-04:00,199.53,202.68,3.1500000000000057,1.6500000000000057,1.909090909090906,313.00000000000057,time,2.680000000000007
2025-04-03,-1,2025-04-03 09:50:00-04:00,2025-04-03 15:55:00-04:00,193.01000000000002,189.59,3.420000000000016,1.0549999999999784,3.241706161137522,340.0000000000016,time,1.990000000000009
2025-04-04,-1,2025-04-04 10:10:00-04:00,2025-04-04 11:10:00-04:00,180.61,182.28,-1.6699999999999875,1.6599999999999966,-1.0060240963855367,-168.99999999999875,stop,2.8799999999999955
2025-04-07,1,2025-04-07 09:55:00-04:00,2025-04-07 15:55:00-04:00,175.32,179.53,4.210000000000008,1.8700000000000045,2.2513368983957207,419.0000000000008,time,3.4399999999999977
2025-04-08,-1,2025-04-08 10:55:00-04:00,2025-04-08 15:55:00-04:00,183.38,174.82999999999998,8.550000000000011,1.2800000000000011,6.679687500000003,853.0000000000011,time,2.519999999999982
2025-04-09,-1,2025-04-09 10:55:00-04:00,2025-04-09 12:50:00-04:00,172.32000000000002,174.46999999999997,-2.149999999999949,2.139999999999958,-1.0046728971962575,-216.99999999999488,stop,3.539999999999992
2025-04-10,-1,2025-04-10 10:00:00-04:00,2025-04-10 15:55:00-04:00,182.9,181.84,1.0600000000000023,1.549999999999983,0.6838709677419444,104.00000000000023,time,2.0600000000000023
2025-04-11,1,2025-04-11 09:50:00-04:00,2025-04-11 10:00:00-04:00,182.01,180.84,-1.1699999999999875,1.1599999999999966,-1.0086206896551646,-118.99999999999875,stop,1.9399999999999977
2025-04-14,-1,2025-04-14 11:50:00-04:00,2025-04-14 14:35:00-04:00,183.83,186.355,-2.5249999999999773,2.5149999999999864,-1.0039761431411496,-254.49999999999773,stop,3.25
2025-04-15,1,2025-04-15 09:50:00-04:00,2025-04-15 10:15:00-04:00,188.28,187.11,-1.1699999999999875,1.1599999999999966,-1.0086206896551646,-118.99999999999875,stop,1.6999999999999886
2025-04-16,-1,2025-04-16 10:00:00-04:00,2025-04-16 10:05:00-04:00,185.13,186.065,-0.9350000000000023,0.9250000000000114,-1.010810810810801,-95.50000000000023,stop,1.2299999999999898
2025-04-17,-1,2025-04-17 10:40:00-04:00,2025-04-17 11:10:00-04:00,184.8,185.83499999999998,-1.0349999999999682,1.0249999999999773,-1.009756097560967,-105.49999999999682,stop,1.8300000000000125
2025-04-21,-1,2025-04-21 10:00:00-04:00,2025-04-21 15:55:00-04:00,183.65,182.72,0.9300000000000068,0.9099999999999966,1.0219780219780332,91.00000000000068,time,1.4599999999999795
2025-04-22,-1,2025-04-22 10:50:00-04:00,2025-04-22 11:00:00-04:00,184.85000000000002,185.61,-0.7599999999999909,0.75,-1.0133333333333212,-77.99999999999909,stop,1.3400000000000034
2025-04-23,-1,2025-04-23 11:25:00-04:00,2025-04-23 15:55:00-04:00,192.60000000000002,190.2,2.400000000000034,1.4149999999999636,1.6961130742050148,238.0000000000034,time,2.6699999999999875
2025-04-24,1,2025-04-24 09:55:00-04:00,2025-04-24 15:55:00-04:00,191.32999999999998,194.04000000000002,2.7100000000000364,0.8549999999999898,3.169590643274934,269.00000000000364,time,1.170000000000016
2025-04-25,-1,2025-04-25 10:00:00-04:00,2025-04-25 10:00:00-04:00,192.15,192.695,-0.5449999999999875,0.5349999999999966,-1.0186915887850299,-56.49999999999875,stop,0.9499999999999886
2025-04-28,-1,2025-04-28 11:20:00-04:00,2025-04-28 15:55:00-04:00,194.29000000000002,194.92999999999998,-0.6399999999999579,1.0049999999999955,-0.636815920397971,-65.9999999999958,time,1.710000000000008
2025-04-29,-1,2025-04-29 10:20:00-04:00,2025-04-29 10:55:00-04:00,193.78,194.51,-0.7299999999999898,0.7199999999999989,-1.0138888888888762,-74.99999999999898,stop,1.079999999999984
2025-04-30,1,2025-04-30 11:15:00-04:00,2025-04-30 15:55:00-04:00,193.28,194.73000000000002,1.450000000000017,1.25,1.1600000000000137,143.0000000000017,time,2.4599999999999795
2025-05-01,1,2025-05-01 10:05:00-04:00,2025-05-01 15:55:00-04:00,196.37,196.07000000000002,-0.29999999999998295,1.4499999999999886,-0.2068965517241278,-31.999999999998295,time,2.359999999999985
2025-05-02,1,2025-05-02 10:30:00-04:00,2025-05-02 15:55:00-04:00,199.79,200.44,0.6500000000000057,1.0150000000000148,0.640394088669947,63.00000000000057,time,1.210000000000008
2025-05-05,1,2025-05-05 10:30:00-04:00,2025-05-05 15:55:00-04:00,199.5,198.96,-0.539999999999992,0.839999999999975,-0.6428571428571526,-55.999999999999204,time,1.1599999999999966
2025-05-06,-1,2025-05-06 09:50:00-04:00,2025-05-06 10:10:00-04:00,196.04000000000002,196.98499999999999,-0.9449999999999648,0.9349999999999739,-1.010695187165766,-96.49999999999648,stop,1.1899999999999977
2025-05-07,-1,2025-05-07 10:15:00-04:00,2025-05-07 12:40:00-04:00,197.51000000000002,198.04500000000002,-0.5349999999999966,0.5250000000000057,-1.0190476190476014,-55.49999999999966,stop,1.0300000000000011
2025-05-08,-1,2025-05-08 09:50:00-04:00,2025-05-08 10:25:00-04:00,198.86,199.52499999999998,-0.6649999999999636,0.6549999999999727,-1.0152671755725058,-68.49999999999636,stop,1.0100000000000193
2025-05-09,-1,2025-05-09 10:25:00-04:00,2025-05-09 15:55:00-04:00,201.43,200.84,0.5900000000000034,0.44999999999998863,1.3111111111111518,57.00000000000034,time,0.8000000000000114
2025-05-12,-1,2025-05-12 10:10:00-04:00,2025-05-12 15:55:00-04:00,207.99,207.91,0.0800000000000125,0.9950000000000045,0.08040201005026346,6.0000000000012506,time,1.4899999999999807
2025-05-13,-1,2025-05-13 09:55:00-04:00,2025-05-13 10:15:00-04:00,208.52,209.02499999999998,-0.504999999999967,0.4949999999999761,-1.0202020202020028,-52.4999999999967,stop,0.8300000000000125
2025-05-14,-1,2025-05-14 09:50:00-04:00,2025-05-14 15:55:00-04:00,207.67000000000002,206.82,0.8500000000000227,0.549999999999983,1.5454545454546347,83.00000000000227,time,0.6399999999999864
2025-05-15,-1,2025-05-15 09:50:00-04:00,2025-05-15 11:10:00-04:00,206.23000000000002,206.75,-0.5199999999999818,0.5099999999999909,-1.0196078431372375,-53.99999999999818,stop,0.6800000000000068
2025-05-16,1,2025-05-16 09:55:00-04:00,2025-05-16 10:05:00-04:00,208.76999999999998,208.16000000000003,-0.6099999999999568,0.5999999999999659,-1.0166666666666524,-62.99999999999568,stop,0.7199999999999989
2025-05-19,1,2025-05-19 10:10:00-04:00,2025-05-19 15:55:00-04:00,207.79,208.95000000000002,1.160000000000025,0.825000000000017,1.4060606060606073,114.0000000000025,time,1.4099999999999966
2025-05-20,-1,2025-05-20 09:50:00-04:00,2025-05-20 09:50:00-04:00,208.09,208.485,-0.39500000000001023,0.3850000000000193,-1.0259740259740011,-41.50000000000102,stop,0.4099999999999966
2025-05-21,1,2025-05-21 10:05:00-04:00,2025-05-21 10:25:00-04:00,207.44,206.92000000000002,-0.5199999999999818,0.5099999999999909,-1.0196078431372375,-53.99999999999818,stop,0.8799999999999955
2025-05-22,1,2025-05-22 10:05:00-04:00,2025-05-22 10:30:00-04:00,202.73,202.08,-0.6499999999999773,0.6399999999999864,-1.015624999999986,-66.99999999999773,stop,1.1200000000000045
2025-05-23,1,2025-05-23 09:55:00-04:00,2025-05-23 15:55:00-04:00,201.63,202.54000000000002,0.910000000000025,1.0550000000000068,0.8625592417061793,89.0000000000025,time,1.8499999999999943
2025-05-27,1,2025-05-27 10:25:00-04:00,2025-05-27 15:55:00-04:00,206.14999999999998,207.70000000000002,1.5500000000000398,1.1499999999999773,1.347826086956583,153.00000000000398,time,1.6399999999999864
2025-05-28,-1,2025-05-28 09:50:00-04:00,2025-05-28 15:55:00-04:00,207.10000000000002,205.53,1.5700000000000216,0.5149999999999864,3.048543689320511,155.00000000000216,time,0.8300000000000125
2025-05-29,-1,2025-05-29 10:10:00-04:00,2025-05-29 15:55:00-04:00,205.4,206.14999999999998,-0.7499999999999716,1.0250000000000057,-0.731707317073139,-76.99999999999716,time,1.2700000000000102
2025-05-30,-1,2025-05-30 10:00:00-04:00,2025-05-30 10:05:00-04:00,203.99,204.57,-0.5799999999999841,0.5699999999999932,-1.017543859649107,-59.99999999999841,stop,1.2199999999999989
2025-06-02,-1,2025-06-02 09:50:00-04:00,2025-06-02 11:15:00-04:00,203.95000000000002,205.195,-1.2449999999999761,1.2349999999999852,-1.0080971659918956,-126.49999999999761,stop,1.2699999999999818
2025-06-03,1,2025-06-03 10:25:00-04:00,2025-06-03 15:55:00-04:00,207.16,209.04000000000002,1.8800000000000239,0.9949999999999761,1.8894472361809738,186.0000000000024,time,1.2299999999999898
2025-06-04,-1,2025-06-04 10:05:00-04:00,2025-06-04 15:55:00-04:00,208.66,208.45,0.21000000000000796,0.8199999999999932,0.2560975609756216,19.000000000000796,time,1.0600000000000023
2025-06-05,-1,2025-06-05 09:50:00-04:00,2025-06-05 10:25:00-04:00,207.76000000000002,208.315,-0.5549999999999784,0.5449999999999875,-1.0183486238531947,-57.49999999999784,stop,0.8499999999999943
2025-06-06,-1,2025-06-06 10:05:00-04:00,2025-06-06 10:45:00-04:00,210.8,211.58499999999998,-0.7849999999999682,0.7749999999999773,-1.0129032258064403,-80.49999999999682,stop,1.1099999999999852
2025-06-09,-1,2025-06-09 10:50:00-04:00,2025-06-09 12:10:00-04:00,212.67000000000002,213.385,-0.714999999999975,0.7049999999999841,-1.014184397163108,-73.4999999999975,stop,1.2300000000000182
2025-06-10,1,2025-06-10 10:05:00-04:00,2025-06-10 11:30:00-04:00,214.75,214.3,-0.44999999999998863,0.4399999999999977,-1.0227272727272523,-46.99999999999886,stop,0.6599999999999966
2025-06-11,1,2025-06-11 10:20:00-04:00,2025-06-11 11:45:00-04:00,215.88,215.11,-0.7699999999999818,0.7599999999999909,-1.0131578947368303,-78.99999999999818,stop,0.960000000000008
2025-06-12,1,2025-06-12 10:20:00-04:00,2025-06-12 11:25:00-04:00,212.73999999999998,211.955,-0.7849999999999682,0.7749999999999773,-1.0129032258064403,-80.49999999999682,stop,0.6700000000000159
2025-06-13,-1,2025-06-13 09:55:00-04:00,2025-06-13 10:40:00-04:00,209.46,210.23999999999998,-0.7799999999999727,0.7699999999999818,-1.0129870129870016,-79.99999999999727,stop,1.3799999999999955
2025-06-16,1,2025-06-16 10:05:00-04:00,2025-06-16 15:15:00-04:00,210.94,210.15,-0.789999999999992,0.7800000000000011,-1.0128205128205012,-80.9999999999992,stop,1.0400000000000205
2025-06-17,1,2025-06-17 09:55:00-04:00,2025-06-17 13:05:00-04:00,210.07,209.315,-0.7549999999999955,0.7450000000000045,-1.013422818791934,-77.49999999999955,stop,0.789999999999992
2025-06-18,1,2025-06-18 09:50:00-04:00,2025-06-18 15:55:00-04:00,209.07,209.60000000000002,0.5300000000000296,0.6850000000000023,0.7737226277372669,51.000000000002956,time,1.210000000000008
2025-06-20,-1,2025-06-20 09:50:00-04:00,2025-06-20 15:55:00-04:00,210.19,209.22,0.9699999999999989,0.6599999999999966,1.4696969696969755,94.99999999999989,time,0.8000000000000114
2025-06-23,1,2025-06-23 09:50:00-04:00,2025-06-23 12:20:00-04:00,209.04,208.265,-0.7750000000000057,0.7650000000000148,-1.0130718954248246,-79.50000000000057,stop,1.3499999999999943
2025-06-24,-1,2025-06-24 09:55:00-04:00,2025-06-24 10:10:00-04:00,212.70000000000002,213.215,-0.5149999999999864,0.5049999999999955,-1.019801980198002,-53.499999999998636,stop,0.75
2025-06-25,-1,2025-06-25 09:50:00-04:00,2025-06-25 15:55:00-04:00,213.36,212.01999999999998,1.3400000000000318,0.7549999999999955,1.7748344370861455,132.00000000000318,time,1.2299999999999898
2025-06-26,1,2025-06-26 10:20:00-04:00,2025-06-26 15:55:00-04:00,213.60999999999999,215.39000000000001,1.7800000000000296,0.5300000000000011,3.3584905660377844,176.00000000000296,time,0.7199999999999989
2025-06-27,1,2025-06-27 10:05:00-04:00,2025-06-27 13:50:00-04:00,216.37,215.65500000000003,-0.714999999999975,0.7049999999999841,-1.014184397163108,-73.4999999999975,stop,0.9099999999999966
2025-06-30,-1,2025-06-30 10:40:00-04:00,2025-06-30 15:00:00-04:00,215.85000000000002,216.32999999999998,-0.47999999999996135,0.46999999999997044,-1.0212765957446628,-49.999999999996135,stop,0.7800000000000011
2025-07-01,1,2025-07-01 09:50:00-04:00,2025-07-01 15:55:00-04:00,215.19,218.01000000000002,2.8200000000000216,0.6100000000000136,4.622950819672063,280.00000000000216,time,0.8800000000000239
2025-07-02,1,2025-07-02 10:10:00-04:00,2025-07-02 15:55:00-04:00,218.51999999999998,221.03,2.5100000000000193,0.6499999999999773,3.8615384615386263,249.00000000000193,time,1.0199999999999818
2025-07-07,1,2025-07-07 09:55:00-04:00,2025-07-07 10:30:00-04:00,222.17,221.46500000000003,-0.7049999999999557,0.6949999999999648,-1.0143884892086208,-72.49999999999557,stop,0.8499999999999943
2025-07-08,1,2025-07-08 09:55:00-04:00,2025-07-08 10:00:00-04:00,221.25,220.76500000000001,-0.4849999999999852,0.4749999999999943,-1.0210526315789286,-50.49999999999852,stop,0.8899999999999864
2025-07-09,1,2025-07-09 09:50:00-04:00,2025-07-09 09:55:00-04:00,223.12,222.485,-0.6349999999999909,0.625,-1.0159999999999854,-65.49999999999909,stop,0.7300000000000182
2025-07-10,1,2025-07-10 09:55:00-04:00,2025-07-10 15:55:00-04:00,223.51,224.79000000000002,1.2800000000000296,0.34499999999997044,3.7101449275366356,126.00000000000296,time,0.6099999999999852
2025-07-11,-1,2025-07-11 10:55:00-04:00,2025-07-11 15:55:00-04:00,222.24,221.7,0.5400000000000205,0.6999999999999886,0.7714285714286132,52.000000000002046,time,1.1999999999999886
2025-07-14,1,2025-07-14 09:50:00-04:00,2025-07-14 15:55:00-04:00,222.6,223.20000000000002,0.6000000000000227,1.0699999999999932,0.5607476635514267,58.000000000002274,time,0.9399999999999977
2025-07-15,-1,2025-07-15 09:50:00-04:00,2025-07-15 15:55:00-04:00,222.63,218.88,3.75,0.8299999999999841,4.518072289156713,373.0,time,1.539999999999992
2025-07-16,-1,2025-07-16 09:50:00-04:00,2025-07-16 10:15:00-04:00,219.47,220.14,-0.6699999999999875,0.6599999999999966,-1.0151515151515014,-68.99999999999875,stop,1.079999999999984
2025-07-17,1,2025-07-17 09:50:00-04:00,2025-07-17 15:55:00-04:00,223.26999999999998,223.85000000000002,0.5800000000000409,1.4149999999999636,0.40989399293290163,56.00000000000409,time,2.289999999999992
2025-07-18,-1,2025-07-18 09:55:00-04:00,2025-07-18 15:55:00-04:00,224.3,222.29999999999998,2.0000000000000284,0.5649999999999977,3.539823008849622,198.00000000000284,time,1.009999999999991
2025-07-21,1,2025-07-21 09:55:00-04:00,2025-07-21 12:05:00-04:00,223.82,223.5,-0.3199999999999932,0.3100000000000023,-1.0322580645160995,-33.99999999999932,stop,0.5200000000000102
2025-07-22,-1,2025-07-22 09:55:00-04:00,2025-07-22 10:05:00-04:00,220.73000000000002,222.04,-1.3099999999999739,1.299999999999983,-1.0076923076923008,-132.99999999999739,stop,1.1399999999999864
2025-07-23,-1,2025-07-23 09:50:00-04:00,2025-07-23 10:05:00-04:00,224.15,224.755,-0.6049999999999898,0.5949999999999989,-1.0168067226890605,-62.49999999999898,stop,0.7699999999999818
2025-07-24,-1,2025-07-24 10:15:00-04:00,2025-07-24 10:35:00-04:00,224.68,225.35,-0.6699999999999875,0.6599999999999966,-1.0151515151515014,-68.99999999999875,stop,0.6399999999999864
2025-07-25,-1,2025-07-25 09:50:00-04:00,2025-07-25 12:50:00-04:00,222.89000000000001,223.84499999999997,-0.9549999999999557,0.9449999999999648,-1.0105820105820014,-97.49999999999557,stop,1.3499999999999943
2025-07-28,-1,2025-07-28 09:50:00-04:00,2025-07-28 15:55:00-04:00,224.29000000000002,224.17999999999998,0.11000000000004206,0.5799999999999841,0.18965517241387084,9.000000000004206,time,1.1399999999999864
2025-07-29,-1,2025-07-29 09:50:00-04:00,2025-07-29 15:55:00-04:00,224.48000000000002,222.69,1.7900000000000205,0.6499999999999773,2.7538461538462817,177.00000000000205,time,1.1200000000000045
2025-07-30,1,2025-07-30 10:20:00-04:00,2025-07-30 11:35:00-04:00,224.16,223.61,-0.549999999999983,0.539999999999992,-1.018518518518502,-56.999999999998295,stop,0.5999999999999943
2025-07-31,1,2025-07-31 09:55:00-04:00,2025-07-31 10:55:00-04:00,221.53,220.495,-1.0349999999999966,1.0250000000000057,-1.0097560975609667,-105.49999999999966,stop,1.25
2025-08-01,-1,2025-08-01 09:50:00-04:00,2025-08-01 11:45:00-04:00,213.83,215.27499999999998,-1.4449999999999648,1.4349999999999739,-1.0069686411149763,-146.49999999999648,stop,2.0900000000000034
2025-08-04,1,2025-08-04 09:50:00-04:00,2025-08-04 15:55:00-04:00,216.92,219.68,2.7600000000000193,0.45999999999997954,6.000000000000309,274.00000000000193,time,0.7599999999999909
2025-08-05,1,2025-08-05 09:50:00-04:00,2025-08-05 10:05:00-04:00,220.94,220.3,-0.6399999999999864,0.6299999999999955,-1.0158730158730016,-65.99999999999864,stop,0.8199999999999932
2025-08-06,-1,2025-08-06 10:00:00-04:00,2025-08-06 10:05:00-04:00,219.93,220.485,-0.5550000000000068,0.5450000000000159,-1.0183486238531938,-57.50000000000068,stop,1.0300000000000011
2025-08-07,-1,2025-08-07 09:50:00-04:00,2025-08-07 15:55:00-04:00,221.64000000000001,219.87,1.7700000000000102,0.754999999999967,2.344370860927268,175.00000000000102,time,0.8900000000000148
2025-08-08,1,2025-08-08 10:05:00-04:00,2025-08-08 10:50:00-04:00,221.23,220.68,-0.549999999999983,0.539999999999992,-1.018518518518502,-56.999999999998295,stop,1.079999999999984
2025-08-11,-1,2025-08-11 10:25:00-04:00,2025-08-11 12:05:00-04:00,220.43,221.08999999999997,-0.6599999999999682,0.6499999999999773,-1.015384615384602,-67.99999999999682,stop,1.200000000000017
2025-08-12,1,2025-08-12 10:05:00-04:00,2025-08-12 15:55:00-04:00,222.95,226.77,3.8200000000000216,0.9499999999999886,4.0210526315790185,380.00000000000216,time,1.6999999999999886
2025-08-13,1,2025-08-13 09:50:00-04:00,2025-08-13 10:50:00-04:00,229.1,228.20000000000002,-0.8999999999999773,0.8899999999999864,-1.0112359550561698,-91.99999999999773,stop,0.7599999999999909
2025-08-14,-1,2025-08-14 09:50:00-04:00,2025-08-14 09:50:00-04:00,227.67000000000002,228.3,-0.6299999999999955,0.6200000000000045,-1.0161290322580496,-64.99999999999955,stop,1.0200000000000102
2025-08-15,-1,2025-08-15 09:50:00-04:00,2025-08-15 15:55:00-04:00,227.32000000000002,227.14,0.18000000000003524,0.8649999999999807,0.20809248554917834,16.000000000003524,time,1.1899999999999977
2025-08-18,1,2025-08-18 09:50:00-04:00,2025-08-18 09:55:00-04:00,227.76999999999998,227.275,-0.4949999999999761,0.4849999999999852,-1.0206185567010129,-51.49999999999761,stop,0.6899999999999977
2025-08-19,1,2025-08-19 10:05:00-04:00,2025-08-19 10:40:00-04:00,228.95,228.06,-0.8899999999999864,0.8799999999999955,-1.011363636363626,-90.99999999999864,stop,0.6200000000000045
2025-08-20,-1,2025-08-20 09:50:00-04:00,2025-08-20 15:55:00-04:00,224.97,225.44,-0.46999999999999886,0.9550000000000125,-0.4921465968586311,-48.999999999999886,time,0.9099999999999966
2025-08-21,1,2025-08-21 10:05:00-04:00,2025-08-21 15:55:00-04:00,225.2,225.99,0.7900000000000205,0.7849999999999966,1.0063694267516228,77.00000000000205,time,0.6899999999999977
2025-08-22,1,2025-08-22 10:05:00-04:00,2025-08-22 15:55:00-04:00,231.10999999999999,234.79000000000002,3.6800000000000352,3.504999999999967,1.049928673323843,366.0000000000035,time,0.8499999999999943
2025-08-25,-1,2025-08-25 11:20:00-04:00,2025-08-25 15:55:00-04:00,233.54000000000002,232.39999999999998,1.1400000000000432,0.4299999999999784,2.6511627906979083,112.00000000000432,time,0.6000000000000227
2025-08-26,1,2025-08-26 10:05:00-04:00,2025-08-26 15:55:00-04:00,233.89,234.25,0.36000000000001364,0.6799999999999784,0.5294117647059192,34.000000000001364,time,1.240000000000009
2025-08-27,1,2025-08-27 11:25:00-04:00,2025-08-27 15:55:00-04:00,235.79999999999998,235.95000000000002,0.1500000000000341,1.1499999999999773,0.1304347826087279,13.00000000000341,time,2.1999999999999886
2025-08-28,-1,2025-08-28 09:50:00-04:00,2025-08-28 15:55:00-04:00,235.76000000000002,236.565,-0.8049999999999784,0.7949999999999875,-1.01257861635219,-82.49999999999784,stop,0.8300000000000125
2025-08-29,-1,2025-08-29 09:55:00-04:00,2025-08-29 15:55:00-04:00,236.10000000000002,235.19,0.910000000000025,0.5399999999999636,1.685185185185345,89.0000000000025,time,0.7600000000000193
2025-09-02,1,2025-09-02 09:50:00-04:00,2025-09-02 11:35:00-04:00,233.01,232.2,-0.8100000000000023,0.8000000000000114,-1.0124999999999884,-83.00000000000023,stop,1.4799999999999898
2025-09-03,-1,2025-09-03 12:05:00-04:00,2025-09-03 15:55:00-04:00,233.07000000000002,233.7,-0.629999999999967,1.1699999999999875,-0.538461538461516,-64.9999999999967,time,2.039999999999992
2025-09-04,1,2025-09-04 11:35:00-04:00,2025-09-04 15:55:00-04:00,234.88,236.57000000000002,1.6900000000000261,0.7099999999999795,2.3802816901409507,167.00000000000261,time,1.1799999999999784
2025-09-05,1,2025-09-05 09:50:00-04:00,2025-09-05 10:00:00-04:00,239.59,238.625,-0.9650000000000034,0.9550000000000125,-1.010471204188472,-98.50000000000034,stop,1.8499999999999943
2025-09-08,-1,2025-09-08 10:05:00-04:00,2025-09-08 10:50:00-04:00,236.71,237.75,-1.039999999999992,1.0300000000000011,-1.0097087378640688,-105.9999999999992,stop,1.6400000000000148
2025-09-09,-1,2025-09-09 09:55:00-04:00,2025-09-09 10:00:00-04:00,237.09,237.55,-0.46000000000000796,0.45000000000001705,-1.0222222222222013,-48.000000000000796,stop,0.8400000000000034
2025-09-10,-1,2025-09-10 11:10:00-04:00,2025-09-10 15:55:00-04:00,236.73000000000002,236.42999999999998,0.3000000000000398,0.8449999999999704,0.35502958579887606,28.00000000000398,time,1.3499999999999943
2025-09-11,1,2025-09-11 09:55:00-04:00,2025-09-11 15:55:00-04:00,238.20999999999998,240.75,2.5400000000000205,1.0149999999999864,2.502463054187246,252.00000000000205,time,1.9099999999999966
2025-09-12,-1,2025-09-12 10:05:00-04:00,2025-09-12 15:55:00-04:00,239.38,238.32,1.0600000000000023,0.5749999999999886,1.8434782608696056,104.00000000000023,time,0.7299999999999898
2025-09-15,1,2025-09-15 09:55:00-04:00,2025-09-15 10:00:00-04:00,239.42,238.96,-0.45999999999997954,0.44999999999998863,-1.0222222222222026,-47.999999999997954,stop,0.839999999999975
2025-09-16,-1,2025-09-16 10:05:00-04:00,2025-09-16 14:50:00-04:00,237.32000000000002,238.21499999999997,-0.8949999999999534,0.8849999999999625,-1.0112994350282387,-91.49999999999534,stop,1.450000000000017
2025-09-17,1,2025-09-17 09:55:00-04:00,2025-09-17 14:40:00-04:00,240.04,239.3,-0.7399999999999807,0.7299999999999898,-1.0136986301369741,-75.99999999999807,stop,1.240000000000009
2025-09-18,1,2025-09-18 09:50:00-04:00,2025-09-18 15:55:00-04:00,241.28,244.79000000000002,3.5100000000000193,0.6450000000000102,5.441860465116223,349.00000000000193,time,1.009999999999991
2025-09-19,-1,2025-09-19 10:10:00-04:00,2025-09-19 15:55:00-04:00,244.0,242.95,1.0500000000000114,0.8450000000000273,1.2426035502958312,103.00000000000114,time,1.4699999999999989
2025-09-22,1,2025-09-22 09:55:00-04:00,2025-09-22 15:55:00-04:00,242.67,244.36,1.6900000000000261,0.964999999999975,1.7512953367876372,167.00000000000261,time,1.1899999999999977
2025-09-23,1,2025-09-23 09:50:00-04:00,2025-09-23 13:20:00-04:00,246.66,245.405,-1.2549999999999955,1.2450000000000045,-1.008032128514049,-127.49999999999955,stop,1.1899999999999977
2025-09-24,-1,2025-09-24 09:50:00-04:00,2025-09-24 10:00:00-04:00,243.42000000000002,244.09,-0.6699999999999875,0.6599999999999966,-1.0151515151515014,-68.99999999999875,stop,1.0600000000000023
2025-09-25,1,2025-09-25 10:20:00-04:00,2025-09-25 13:55:00-04:00,239.44,238.44500000000002,-0.9949999999999761,0.9849999999999852,-1.0101522842639503,-101.49999999999761,stop,1.8100000000000023
2025-09-26,1,2025-09-26 09:50:00-04:00,2025-09-26 10:25:00-04:00,240.78,239.96500000000003,-0.8149999999999693,0.8049999999999784,-1.0124223602484363,-83.49999999999693,stop,1.1500000000000057
2025-09-29,-1,2025-09-29 11:20:00-04:00,2025-09-29 15:55:00-04:00,241.28,241.6,-0.3199999999999932,0.8300000000000125,-0.38554216867468477,-33.99999999999932,time,1.6400000000000148
2025-09-30,-1,2025-09-30 10:10:00-04:00,2025-09-30 15:50:00-04:00,240.82000000000002,241.59499999999997,-0.7749999999999488,0.7649999999999579,-1.0130718954248255,-79.49999999999488,stop,1.0300000000000011
2025-10-01,1,2025-10-01 11:40:00-04:00,2025-10-01 15:55:00-04:00,242.06,242.52,0.46000000000000796,0.7749999999999773,0.5935483870968019,44.000000000000796,time,1.4699999999999989
2025-10-02,-1,2025-10-02 10:10:00-04:00,2025-10-02 13:50:00-04:00,242.14000000000001,243.015,-0.8749999999999716,0.8649999999999807,-1.0115606936416082,-89.49999999999716,stop,1.0300000000000011
2025-10-03,1,2025-10-03 09:50:00-04:00,2025-10-03 13:50:00-04:00,246.64999999999998,245.79500000000002,-0.8549999999999613,0.8449999999999704,-1.0118343195266168,-87.49999999999613,stop,1.5500000000000114
2025-10-06,-1,2025-10-06 09:50:00-04:00,2025-10-06 10:35:00-04:00,247.3,247.79,-0.4899999999999807,0.47999999999998977,-1.0208333333333148,-50.99999999999807,stop,0.8600000000000136
2025-10-07,-1,2025-10-07 10:05:00-04:00,2025-10-07 15:55:00-04:00,246.44,244.16,2.280000000000001,0.6949999999999932,3.280575539568379,226.0000000000001,time,0.789999999999992
2025-10-08,1,2025-10-08 10:15:00-04:00,2025-10-08 15:55:00-04:00,245.35999999999999,246.65,1.2900000000000205,0.8049999999999784,1.602484472049758,127.00000000000205,time,1.509999999999991
2025-10-09,-1,2025-10-09 09:55:00-04:00,2025-10-09 15:55:00-04:00,245.61,245.14,0.4700000000000273,0.8849999999999909,0.5310734463277199,45.00000000000273,time,1.509999999999991
2025-10-10,-1,2025-10-10 10:15:00-04:00,2025-10-10 10:50:00-04:00,245.60000000000002,246.195,-0.5949999999999704,0.5849999999999795,-1.0170940170940022,-61.499999999997044,stop,0.8700000000000045
2025-10-13,1,2025-10-13 10:00:00-04:00,2025-10-13 10:20:00-04:00,243.22,242.135,-1.085000000000008,1.075000000000017,-1.0093023255813867,-110.5000000000008,stop,1.1099999999999852
2025-10-14,1,2025-10-14 09:55:00-04:00,2025-10-14 15:55:00-04:00,242.73,247.85000000000002,5.120000000000033,1.5549999999999784,3.292604501607784,510.0000000000033,time,1.6299999999999955
2025-10-15,1,2025-10-15 10:05:00-04:00,2025-10-15 10:55:00-04:00,252.20999999999998,250.925,-1.2849999999999682,1.2749999999999773,-1.007843137254895,-130.49999999999682,stop,1.6299999999999955
2025-10-16,-1,2025-10-16 09:50:00-04:00,2025-10-16 15:55:00-04:00,249.92000000000002,245.09,4.8300000000000125,0.8699999999999761,5.551724137931201,481.00000000000125,time,0.9399999999999977
2025-10-17,-1,2025-10-17 11:00:00-04:00,2025-10-17 15:55:00-04:00,242.67000000000002,243.41,-0.7399999999999807,1.169999999999959,-0.6324786324786381,-75.99999999999807,time,2.280000000000001
2025-10-20,1,2025-10-20 09:50:00-04:00,2025-10-20 09:55:00-04:00,247.89999999999998,246.91,-0.9899999999999807,0.9799999999999898,-1.0102040816326439,-100.99999999999807,stop,1.5600000000000023
2025-10-21,-1,2025-10-21 09:55:00-04:00,2025-10-21 10:10:00-04:00,245.87,246.7,-0.8299999999999841,0.8199999999999932,-1.0121951219512084,-84.99999999999841,stop,1.5400000000000205
2025-10-22,-1,2025-10-22 10:10:00-04:00,2025-10-22 15:55:00-04:00,245.27,243.38,1.8900000000000148,0.9350000000000023,2.0213903743315615,187.00000000000148,time,1.3100000000000023
2025-10-23,1,2025-10-23 09:50:00-04:00,2025-10-23 10:05:00-04:00,245.29999999999998,244.555,-0.7449999999999761,0.7349999999999852,-1.0136054421768586,-76.49999999999761,stop,1.4099999999999966
2025-10-24,1,2025-10-24 10:00:00-04:00,2025-10-24 10:30:00-04:00,250.62,249.66000000000003,-0.9599999999999795,0.9499999999999886,-1.0105263157894642,-97.99999999999795,stop,1.4000000000000057
2025-10-27,-1,2025-10-27 10:45:00-04:00,2025-10-27 15:55:00-04:00,250.59,250.32,0.27000000000001023,0.835000000000008,0.3233532934131828,25.000000000001023,time,1.5700000000000216
2025-10-28,1,2025-10-28 10:25:00-04:00,2025-10-28 15:15:00-04:00,249.69,249.0,-0.6899999999999977,0.6800000000000068,-1.0147058823529276,-70.99999999999977,stop,1.1400000000000148
2025-10-29,1,2025-10-29 09:55:00-04:00,2025-10-29 14:35:00-04:00,249.16,248.335,-0.8249999999999886,0.8149999999999977,-1.0122699386502956,-84.49999999999886,stop,1.009999999999991
2025-10-30,1,2025-10-30 09:50:00-04:00,2025-10-30 14:15:00-04:00,247.51,245.96000000000004,-1.5499999999999545,1.5399999999999636,-1.0064935064935008,-156.99999999999545,stop,2.219999999999999
2025-10-31,1,2025-10-31 09:55:00-04:00,2025-10-31 12:15:00-04:00,245.79999999999998,244.395,-1.4049999999999727,1.3949999999999818,-1.0071684587813556,-142.49999999999727,stop,1.410000000000025
2025-11-03,-1,2025-11-03 10:25:00-05:00,2025-11-03 12:50:00-05:00,243.3,245.09499999999997,-1.794999999999959,1.7849999999999682,-1.0056022408963536,-181.4999999999959,stop,2.3499999999999943
2025-11-04,1,2025-11-04 09:50:00-05:00,2025-11-04 13:15:00-05:00,243.29,241.945,-1.3449999999999989,1.335000000000008,-1.007490636704113,-136.4999999999999,stop,1.8900000000000148
2025-11-05,1,2025-11-05 09:50:00-05:00,2025-11-05 15:55:00-05:00,242.64999999999998,244.70000000000002,2.05000000000004,0.5649999999999977,3.6283185840708816,203.00000000000398,time,0.8900000000000148
2025-11-06,-1,2025-11-06 10:00:00-05:00,2025-11-06 15:55:00-05:00,242.97,240.35999999999999,2.6100000000000136,1.1199999999999761,2.3303571428572045,259.00000000000136,time,1.4000000000000057
2025-11-07,1,2025-11-07 09:55:00-05:00,2025-11-07 10:05:00-05:00,238.76,237.94,-0.8199999999999932,0.8100000000000023,-1.0123456790123344,-83.99999999999932,stop,1.5800000000000125
2025-11-10,-1,2025-11-10 09:50:00-05:00,2025-11-10 12:55:00-05:00,244.16,244.72,-0.5600000000000023,0.5500000000000114,-1.0181818181818012,-58.00000000000023,stop,0.7599999999999909
2025-11-11,1,2025-11-11 12:55:00-05:00,2025-11-11 15:55:00-05:00,244.20999999999998,244.24,0.03000000000002956,0.8699999999999761,0.03448275862072458,1.0000000000029559,time,1.6399999999999864
2025-11-12,1,2025-11-12 09:55:00-05:00,2025-11-12 10:10:00-05:00,246.14,245.34,-0.799999999999983,0.789999999999992,-1.0126582278480898,-81.9999999999983,stop,1.420000000000016
2025-11-13,-1,2025-11-13 10:05:00-05:00,2025-11-13 15:55:00-05:00,240.63,236.81,3.819999999999993,1.2549999999999955,3.043824701195225,379.9999999999993,time,1.5900000000000034
2025-11-14,1,2025-11-14 09:50:00-05:00,2025-11-14 15:55:00-05:00,236.04999999999998,237.5,1.450000000000017,1.8249999999999602,0.7945205479452322,143.0000000000017,time,1.9099999999999966
2025-11-17,1,2025-11-17 09:55:00-05:00,2025-11-17 10:05:00-05:00,237.73999999999998,236.76500000000001,-0.9749999999999659,0.964999999999975,-1.010362694300509,-99.49999999999659,stop,1.5500000000000114
2025-11-18,-1,2025-11-18 10:05:00-05:00,2025-11-18 10:20:00-05:00,230.98000000000002,232.09999999999997,-1.1199999999999477,1.1099999999999568,-1.0090090090090011,-113.99999999999477,stop,1.8400000000000034
2025-11-19,1,2025-11-19 10:00:00-05:00,2025-11-19 11:05:00-05:00,235.0,233.92000000000002,-1.079999999999984,1.0699999999999932,-1.0093457943925148,-109.99999999999841,stop,0.9799999999999898
2025-11-20,1,2025-11-20 10:05:00-05:00,2025-11-20 10:10:00-05:00,238.79999999999998,237.68,-1.1199999999999761,1.1099999999999852,-1.009009009009001,-113.99999999999761,stop,1.3999999999999773
2025-11-21,1,2025-11-21 10:20:00-05:00,2025-11-21 10:20:00-05:00,231.32,230.435,-0.8849999999999909,0.875,-1.0114285714285611,-90.49999999999909,stop,1.7299999999999898
2025-11-24,1,2025-11-24 10:00:00-05:00,2025-11-24 15:55:00-05:00,238.16,239.89000000000001,1.7300000000000182,1.8900000000000148,0.9153439153439178,171.00000000000182,time,1.5800000000000125
2025-11-25,-1,2025-11-25 09:50:00-05:00,2025-11-25 09:50:00-05:00,240.18,241.24,-1.0600000000000023,1.0500000000000114,-1.0095238095238008,-108.00000000000023,stop,1.299999999999983
2025-11-26,1,2025-11-26 09:50:00-05:00,2025-11-26 09:50:00-05:00,246.51,245.53000000000003,-0.9799999999999613,0.9699999999999704,-1.0103092783505063,-99.99999999999613,stop,1.539999999999992
2025-12-01,1,2025-12-01 09:50:00-05:00,2025-12-01 10:25:00-05:00,246.76,245.905,-0.8549999999999898,0.8449999999999989,-1.0118343195266164,-87.49999999999898,stop,1.009999999999991
2025-12-02,-1,2025-12-02 10:30:00-05:00,2025-12-02 10:45:00-05:00,246.10000000000002,246.79,-0.6899999999999693,0.6799999999999784,-1.0147058823529282,-70.99999999999693,stop,1.1800000000000068
2025-12-03,1,2025-12-03 10:20:00-05:00,2025-12-03 15:55:00-05:00,247.35,249.62,2.2700000000000102,1.0100000000000193,2.2475247524752144,225.00000000000102,time,1.7199999999999989
2025-12-04,-1,2025-12-04 09:55:00-05:00,2025-12-04 10:10:00-05:00,248.85000000000002,249.35999999999999,-0.5099999999999625,0.4999999999999716,-1.019999999999983,-52.99999999999625,stop,0.8799999999999955
2025-12-05,1,2025-12-05 10:05:00-05:00,2025-12-05 11:10:00-05:00,252.01,251.20000000000002,-0.8099999999999739,0.799999999999983,-1.0124999999999889,-82.99999999999739,stop,0.8199999999999932
2025-12-08,-1,2025-12-08 10:45:00-05:00,2025-12-08 15:55:00-05:00,251.12,250.89999999999998,0.22000000000002728,0.9099999999999966,0.24175824175827265,20.00000000000273,time,1.4800000000000182
2025-12-09,1,2025-12-09 10:40:00-05:00,2025-12-09 15:55:00-05:00,251.95999999999998,251.37,-0.589999999999975,0.9350000000000023,-0.6310160427807204,-60.9999999999975,time,1.8499999999999943
2025-12-10,1,2025-12-10 09:55:00-05:00,2025-12-10 10:30:00-05:00,251.51,250.995,-0.5149999999999864,0.5049999999999955,-1.019801980198002,-53.499999999998636,stop,0.9300000000000068
2025-12-11,-1,2025-12-11 09:55:00-05:00,2025-12-11 10:05:00-05:00,254.34,255.54,-1.1999999999999886,1.1899999999999977,-1.0084033613445302,-121.99999999999886,stop,1.920000000000016
2025-12-12,-1,2025-12-12 10:00:00-05:00,2025-12-12 15:55:00-05:00,257.28000000000003,253.89999999999998,3.3800000000000523,0.5499999999999545,6.145454545455149,336.00000000000523,time,0.7400000000000091
2025-12-15,-1,2025-12-15 09:50:00-05:00,2025-12-15 15:55:00-05:00,254.04000000000002,251.94,2.1000000000000227,1.0399999999999636,2.0192307692308615,208.00000000000227,time,1.2199999999999989
2025-12-16,-1,2025-12-16 10:25:00-05:00,2025-12-16 15:55:00-05:00,249.96,249.91,0.05000000000001137,1.0600000000000023,0.047169811320765344,3.000000000001137,time,1.6200000000000045
2025-12-17,1,2025-12-17 10:00:00-05:00,2025-12-17 10:35:00-05:00,251.7,250.91000000000003,-0.7899999999999636,0.7799999999999727,-1.0128205128205017,-80.99999999999636,stop,1.3599999999999852
2025-12-18,-1,2025-12-18 09:50:00-05:00,2025-12-18 09:55:00-05:00,249.35000000000002,250.435,-1.0849999999999795,1.0749999999999886,-1.0093023255813869,-110.49999999999795,stop,1.8700000000000045
2025-12-19,1,2025-12-19 10:05:00-05:00,2025-12-19 15:55:00-05:00,250.95,250.76000000000002,-0.1899999999999693,0.9899999999999807,-0.19191919191916465,-20.99999999999693,time,1.8000000000000114
2025-12-22,1,2025-12-22 10:00:00-05:00,2025-12-22 15:55:00-05:00,253.45,253.58,0.13000000000002387,0.6800000000000068,0.19117647058826848,11.000000000002387,time,1.1400000000000148
2025-12-23,-1,2025-12-23 10:05:00-05:00,2025-12-23 10:35:00-05:00,251.86,252.70499999999998,-0.8449999999999704,0.8349999999999795,-1.011976047904181,-86.49999999999704,stop,1.0500000000000114
2025-12-26,-1,2025-12-26 10:05:00-05:00,2025-12-26 15:55:00-05:00,250.70000000000002,251.39999999999998,-0.6999999999999602,1.2249999999999943,-0.5714285714285416,-71.99999999999602,time,1.6500000000000057
2025-12-29,-1,2025-12-29 10:05:00-05:00,2025-12-29 15:55:00-05:00,249.82000000000002,249.88,-0.05999999999997385,0.9699999999999989,-0.0618556701030659,-7.999999999997385,time,1.4199999999999875
2025-12-30,-1,2025-12-30 10:10:00-05:00,2025-12-30 11:20:00-05:00,249.11,249.66,-0.549999999999983,0.539999999999992,-1.018518518518502,-56.999999999998295,stop,1.0
2025-12-31,-1,2025-12-31 09:50:00-05:00,2025-12-31 09:55:00-05:00,247.29000000000002,247.855,-0.5649999999999693,0.5549999999999784,-1.0180180180180023,-58.49999999999693,stop,0.8700000000000045
2026-01-02,-1,2026-01-02 10:25:00-05:00,2026-01-02 10:35:00-05:00,246.05,247.195,-1.1449999999999818,1.134999999999991,-1.0088105726872167,-116.49999999999818,stop,1.7900000000000205
2026-01-05,1,2026-01-05 09:50:00-05:00,2026-01-05 15:55:00-05:00,251.14999999999998,252.73000000000002,1.580000000000041,0.8299999999999841,1.9036144578314111,156.0000000000041,time,1.5
2026-01-06,1,2026-01-06 10:05:00-05:00,2026-01-06 15:55:00-05:00,252.70999999999998,256.07,3.3600000000000136,0.6199999999999761,5.419354838709908,334.00000000000136,time,1.1399999999999864
2026-01-07,-1,2026-01-07 10:00:00-05:00,2026-01-07 12:05:00-05:00,255.43,256.16499999999996,-0.7349999999999568,0.7249999999999659,-1.013793103448264,-75.49999999999568,stop,1.2900000000000205
2026-01-08,1,2026-01-08 09:50:00-05:00,2026-01-08 15:55:00-05:00,257.07,258.27,1.1999999999999886,1.4949999999999761,0.8026755852842862,117.99999999999886,time,2.430000000000007
2026-01-09,-1,2026-01-09 10:05:00-05:00,2026-01-09 10:25:00-05:00,258.98,260.345,-1.365000000000009,1.3550000000000182,-1.0073800738007312,-138.5000000000009,stop,1.7099999999999795
2026-01-12,1,2026-01-12 10:55:00-05:00,2026-01-12 15:55:00-05:00,260.19,261.49,1.3000000000000114,1.0749999999999886,1.2093023255814188,128.00000000000114,time,1.75
2026-01-13,-1,2026-01-13 09:50:00-05:00,2026-01-13 13:30:00-05:00,261.42,262.24,-0.8199999999999932,0.8100000000000023,-1.0123456790123344,-83.99999999999932,stop,1.3199999999999932
2026-01-14,1,2026-01-14 09:55:00-05:00,2026-01-14 09:55:00-05:00,261.58,260.92,-0.6599999999999682,0.6499999999999773,-1.015384615384602,-67.99999999999682,stop,1.1599999999999682
2026-01-15,1,2026-01-15 10:10:00-05:00,2026-01-15 15:55:00-05:00,265.14,265.49,0.35000000000002274,0.8499999999999659,0.4117647058823962,33.000000000002274,time,1.0
2026-01-16,1,2026-01-16 10:10:00-05:00,2026-01-16 10:30:00-05:00,266.48,265.44000000000005,-1.0399999999999636,1.0299999999999727,-1.009708737864069,-105.99999999999636,stop,1.3000000000000114
2026-01-20,1,2026-01-20 10:25:00-05:00,2026-01-20 14:30:00-05:00,263.58,262.18,-1.3999999999999773,1.3899999999999864,-1.00719424460431,-141.99999999999773,stop,2.259999999999991
2026-01-21,1,2026-01-21 09:50:00-05:00,2026-01-21 11:40:00-05:00,265.73,264.895,-0.8350000000000364,0.8250000000000455,-1.0121212121212004,-85.50000000000364,stop,1.3100000000000023
2026-01-22,-1,2026-01-22 09:50:00-05:00,2026-01-22 09:50:00-05:00,269.5,270.325,-0.8249999999999886,0.8149999999999977,-1.0122699386502956,-84.49999999999886,stop,1.2699999999999818
2026-01-23,-1,2026-01-23 09:50:00-05:00,2026-01-23 15:55:00-05:00,267.66,264.83,2.830000000000041,0.7649999999999864,3.699346405228878,281.0000000000041,time,1.25
2026-01-26,1,2026-01-26 09:50:00-05:00,2026-01-26 10:25:00-05:00,266.4,265.095,-1.30499999999995,1.294999999999959,-1.007722007722001,-132.499999999995,stop,1.4699999999999704
2026-01-27,-1,2026-01-27 10:00:00-05:00,2026-01-27 10:10:00-05:00,262.90000000000003,263.705,-0.80499999999995,0.7949999999999591,-1.0125786163521904,-82.499999999995,stop,1.3899999999999864
2026-01-28,-1,2026-01-28 09:55:00-05:00,2026-01-28 15:55:00-05:00,265.02,263.32,1.6999999999999886,0.8949999999999818,1.8994413407821489,167.99999999999886,time,1.5300000000000296
2026-01-29,-1,2026-01-29 10:00:00-05:00,2026-01-29 15:55:00-05:00,263.03000000000003,263.36,-0.3299999999999841,1.079999999999984,-0.3055555555555453,-34.99999999999841,time,1.8999999999999773
2026-01-30,-1,2026-01-30 10:00:00-05:00,2026-01-30 15:55:00-05:00,260.40000000000003,259.65,0.7500000000000568,1.509999999999934,0.49668874172191363,73.00000000000568,time,2.140000000000043
2026-02-02,1,2026-02-02 10:05:00-05:00,2026-02-02 15:55:00-05:00,261.15,262.14,0.9900000000000091,1.5249999999999773,0.6491803278688681,97.00000000000091,time,2.5499999999999545
2026-02-03,1,2026-02-03 09:50:00-05:00,2026-02-03 09:55:00-05:00,264.95,263.66499999999996,-1.285000000000025,1.275000000000034,-1.0078431372548946,-130.5000000000025,stop,1.4300000000000068
2026-02-04,-1,2026-02-04 09:55:00-05:00,2026-02-04 15:55:00-05:00,263.12,260.53,2.590000000000032,0.8500000000000227,3.0470588235293676,257.0000000000032,time,1.3599999999999568
2026-02-05,-1,2026-02-05 10:15:00-05:00,2026-02-05 15:55:00-05:00,258.24,255.84,2.4000000000000057,1.615000000000009,1.4860681114551035,238.00000000000057,time,2.730000000000018
2026-02-06,1,2026-02-06 10:35:00-05:00,2026-02-06 15:55:00-05:00,262.25,264.99,2.740000000000009,1.4850000000000136,1.8451178451178343,272.0000000000009,time,2.3700000000000045
2026-02-09,1,2026-02-09 10:15:00-05:00,2026-02-09 15:55:00-05:00,265.13,266.85,1.7200000000000273,1.0149999999999864,1.694581280788227,170.00000000000273,time,1.5500000000000114
2026-02-10,1,2026-02-10 10:45:00-05:00,2026-02-10 13:25:00-05:00,268.02,267.145,-0.875,0.8650000000000091,-1.011560693641608,-89.5,stop,1.4899999999999523
2026-02-11,-1,2026-02-11 09:50:00-05:00,2026-02-11 15:55:00-05:00,266.72,264.95,1.7700000000000387,1.4399999999999409,1.229166666666744,175.00000000000387,time,1.599999999999966
2026-02-12,-1,2026-02-12 09:50:00-05:00,2026-02-12 15:55:00-05:00,265.21000000000004,259.56,5.650000000000034,1.5599999999999454,3.62179487179502,563.0000000000034,time,1.3799999999999955
2026-02-13,1,2026-02-13 10:10:00-05:00,2026-02-13 15:55:00-05:00,262.4,262.91,0.5100000000000477,2.355000000000018,0.21656050955415873,49.000000000004775,time,3.069999999999993
2026-02-17,-1,2026-02-17 09:55:00-05:00,2026-02-17 11:15:00-05:00,260.76,262.78999999999996,-2.0299999999999727,2.019999999999982,-1.0049504950495005,-204.99999999999727,stop,2.400000000000034
2026-02-18,1,2026-02-18 09:55:00-05:00,2026-02-18 14:55:00-05:00,265.76,263.425,-2.3349999999999795,2.3249999999999886,-1.0043010752688133,-235.49999999999795,stop,3.169999999999959
2026-02-19,1,2026-02-19 10:00:00-05:00,2026-02-19 13:20:00-05:00,263.09999999999997,261.995,-1.1049999999999613,1.0949999999999704,-1.009132420091316,-112.49999999999613,stop,1.8700000000000045
2026-02-20,1,2026-02-20 10:05:00-05:00,2026-02-20 12:10:00-05:00,266.03,263.305,-2.724999999999966,2.714999999999975,-1.0036832412522987,-274.4999999999966,stop,1.330000000000041
2026-02-23,-1,2026-02-23 09:50:00-05:00,2026-02-23 15:55:00-05:00,262.64,260.5,2.1399999999999864,0.8999999999999773,2.3777777777778226,211.99999999999864,time,1.660000000000025
2026-02-24,1,2026-02-24 09:50:00-05:00,2026-02-24 15:55:00-05:00,262.63,263.31,0.6800000000000068,1.615000000000009,0.42105263157894923,66.00000000000068,time,2.3100000000000023
2026-02-25,-1,2026-02-25 10:10:00-05:00,2026-02-25 11:50:00-05:00,263.02,264.225,-1.205000000000041,1.19500000000005,-1.0083682008368122,-122.50000000000409,stop,2.150000000000034
2026-02-26,-1,2026-02-26 10:00:00-05:00,2026-02-26 14:15:00-05:00,264.09000000000003,265.175,-1.0849999999999795,1.0749999999999886,-1.0093023255813869,-110.49999999999795,stop,2.009999999999991
2026-02-27,-1,2026-02-27 10:00:00-05:00,2026-02-27 10:10:00-05:00,260.06,261.735,-1.6750000000000114,1.6650000000000205,-1.0060060060060005,-169.50000000000114,stop,2.069999999999993
2026-03-02,1,2026-03-02 10:05:00-05:00,2026-03-02 15:55:00-05:00,260.99,263.81,2.819999999999993,1.9700000000000273,1.4314720812182509,279.9999999999993,time,2.4599999999999795
2026-03-03,-1,2026-03-03 09:50:00-05:00,2026-03-03 11:00:00-05:00,254.29000000000002,256.03,-1.7399999999999523,1.7299999999999613,-1.0057803468208042,-175.99999999999523,stop,2.200000000000017
2026-03-04,1,2026-03-04 10:25:00-05:00,2026-03-04 15:55:00-05:00,262.26,261.73,-0.5299999999999727,1.7200000000000273,-0.30813953488370016,-54.99999999999727,time,2.9599999999999795
2026-03-05,1,2026-03-05 09:55:00-05:00,2026-03-05 10:05:00-05:00,259.93,259.12,-0.8100000000000023,0.8000000000000114,-1.0124999999999884,-83.00000000000023,stop,1.580000000000041
2026-03-06,1,2026-03-06 10:15:00-05:00,2026-03-06 10:50:00-05:00,252.07999999999998,250.99,-1.089999999999975,1.079999999999984,-1.009259259259251,-110.9999999999975,stop,1.5400000000000205
2026-03-09,-1,2026-03-09 09:55:00-04:00,2026-03-09 10:40:00-04:00,245.22,246.87,-1.6500000000000057,1.6400000000000148,-1.0060975609756042,-167.00000000000057,stop,1.9400000000000261
2026-03-10,1,2026-03-10 10:25:00-04:00,2026-03-10 14:20:00-04:00,254.41,253.28500000000003,-1.1249999999999716,1.1149999999999807,-1.0089686098654629,-114.49999999999716,stop,1.7700000000000102
2026-03-11,1,2026-03-11 10:15:00-04:00,2026-03-11 10:25:00-04:00,253.09,251.94,-1.1500000000000057,1.1400000000000148,-1.0087719298245532,-117.00000000000057,stop,1.8799999999999955
2026-03-12,-1,2026-03-12 10:30:00-04:00,2026-03-12 11:35:00-04:00,247.46,248.755,-1.2949999999999875,1.2849999999999966,-1.007782101167308,-131.49999999999875,stop,1.6100000000000136
2026-03-13,-1,2026-03-13 10:05:00-04:00,2026-03-13 15:55:00-04:00,249.08,246.57,2.5100000000000193,0.7700000000000102,3.2597402597402416,249.00000000000193,time,1.5200000000000102
2026-03-16,1,2026-03-16 10:00:00-04:00,2026-03-16 10:30:00-04:00,251.25,250.305,-0.9449999999999932,0.9350000000000023,-1.0106951871657657,-96.49999999999932,stop,1.4099999999999966
2026-03-17,1,2026-03-17 09:50:00-04:00,2026-03-17 10:15:00-04:00,251.35,250.485,-0.8649999999999807,0.8549999999999898,-1.011695906432738,-88.49999999999807,stop,1.4699999999999989
2026-03-18,1,2026-03-18 10:00:00-04:00,2026-03-18 10:00:00-04:00,249.04999999999998,248.395,-0.6549999999999727,0.6449999999999818,-1.0155038759689785,-67.49999999999727,stop,1.0699999999999932
2026-03-19,1,2026-03-19 09:50:00-04:00,2026-03-19 15:55:00-04:00,244.25,247.61,3.3600000000000136,0.9050000000000011,3.7127071823204525,334.00000000000136,time,1.6499999999999773
2026-03-20,-1,2026-03-20 10:00:00-04:00,2026-03-20 15:55:00-04:00,245.05,242.26,2.7900000000000205,1.3999999999999773,1.9928571428571897,277.00000000000205,time,2.0999999999999943
2026-03-23,1,2026-03-23 09:55:00-04:00,2026-03-23 11:55:00-04:00,248.91,247.48000000000002,-1.4299999999999784,1.4199999999999875,-1.0070422535211203,-144.99999999999784,stop,2.759999999999991
2026-03-24,1,2026-03-24 10:10:00-04:00,2026-03-24 15:55:00-04:00,246.66,248.78,2.1200000000000045,1.0649999999999977,1.9906103286385062,210.00000000000045,time,1.990000000000009
2026-03-25,-1,2026-03-25 09:55:00-04:00,2026-03-25 10:15:00-04:00,251.43,252.355,-0.924999999999983,0.914999999999992,-1.0109289617486241,-94.4999999999983,stop,1.25
2026-03-26,1,2026-03-26 09:50:00-04:00,2026-03-26 10:50:00-04:00,250.87,249.565,-1.3050000000000068,1.295000000000016,-1.0077220077220006,-132.50000000000068,stop,1.549999999999983
2026-03-27,-1,2026-03-27 09:55:00-04:00,2026-03-27 11:00:00-04:00,245.13,245.885,-0.7549999999999955,0.7450000000000045,-1.013422818791934,-77.49999999999955,stop,1.0500000000000114
2026-03-30,-1,2026-03-30 09:50:00-04:00,2026-03-30 15:55:00-04:00,242.39000000000001,239.6,2.7900000000000205,1.674999999999983,1.665671641791074,277.00000000000205,time,2.6100000000000136
2026-03-31,1,2026-03-31 09:50:00-04:00,2026-03-31 10:40:00-04:00,244.84,243.42000000000002,-1.4199999999999875,1.4099999999999966,-1.0070921985815537,-143.99999999999875,stop,1.2199999999999989
2026-04-01,1,2026-04-01 10:45:00-04:00,2026-04-01 14:00:00-04:00,251.47,250.625,-0.8449999999999989,0.835000000000008,-1.0119760479041806,-86.49999999999989,stop,1.450000000000017
2026-04-02,1,2026-04-02 09:50:00-04:00,2026-04-02 15:55:00-04:00,246.06,251.27,5.210000000000008,0.7599999999999909,6.8552631578948295,519.0000000000008,time,0.8599999999999852
2026-04-06,-1,2026-04-06 10:05:00-04:00,2026-04-06 10:15:00-04:00,250.51000000000002,251.57,-1.0599999999999739,1.049999999999983,-1.009523809523801,-107.99999999999739,stop,1.4800000000000182
2026-04-07,-1,2026-04-07 10:10:00-04:00,2026-04-07 10:20:00-04:00,249.85000000000002,251.0,-1.1499999999999773,1.1399999999999864,-1.0087719298245534,-116.99999999999773,stop,1.5200000000000102
2026-04-08,-1,2026-04-08 09:55:00-04:00,2026-04-08 15:55:00-04:00,260.66,260.46,0.20000000000004547,0.9899999999999523,0.2020202020202577,18.000000000004547,time,1.240000000000009
2026-04-09,1,2026-04-09 11:35:00-04:00,2026-04-09 15:55:00-04:00,261.15,261.93,0.7800000000000296,1.4750000000000227,0.5288135593220458,76.00000000000296,time,1.7900000000000205
2026-04-10,-1,2026-04-10 10:50:00-04:00,2026-04-10 11:10:00-04:00,261.55,262.17499999999995,-0.6249999999999432,0.6149999999999523,-1.0162601626016126,-64.49999999999432,stop,1.170000000000016
2026-04-13,1,2026-04-13 09:50:00-04:00,2026-04-13 15:55:00-04:00,261.19,265.05,3.8600000000000136,0.7349999999999568,5.251700680272436,384.00000000000136,time,0.589999999999975
2026-04-14,1,2026-04-14 10:15:00-04:00,2026-04-14 15:55:00-04:00,268.09,268.68,0.5900000000000318,1.1399999999999864,0.517543859649157,57.00000000000318,time,1.3400000000000318
2026-04-15,-1,2026-04-15 12:45:00-04:00,2026-04-15 14:00:00-04:00,268.0,268.90999999999997,-0.9099999999999682,0.8999999999999773,-1.0111111111111013,-92.99999999999682,stop,1.3799999999999955
2026-04-16,-1,2026-04-16 09:55:00-04:00,2026-04-16 11:15:00-04:00,268.54,269.865,-1.3249999999999886,1.3149999999999977,-1.0076045627376358,-134.49999999999886,stop,0.9900000000000091
2026-04-17,1,2026-04-17 10:05:00-04:00,2026-04-17 15:55:00-04:00,274.63,275.76,1.1299999999999955,0.6800000000000068,1.6617647058823295,110.99999999999955,time,1.1200000000000045
2026-04-20,1,2026-04-20 09:55:00-04:00,2026-04-20 15:55:00-04:00,275.71999999999997,277.34000000000003,1.6200000000000614,0.7049999999999841,2.2978723404256707,160.00000000000614,time,0.9700000000000273
2026-04-21,1,2026-04-21 09:50:00-04:00,2026-04-21 10:50:00-04:00,279.17,278.125,-1.045000000000016,1.035000000000025,-1.0096618357487832,-106.50000000000159,stop,1.2100000000000364
2026-04-22,-1,2026-04-22 10:05:00-04:00,2026-04-22 15:55:00-04:00,276.67,276.49,0.18000000000000682,0.8249999999999886,0.21818181818182947,16.000000000000682,time,1.0299999999999727
2026-04-23,-1,2026-04-23 10:00:00-04:00,2026-04-23 10:30:00-04:00,276.41,277.1,-0.6899999999999977,0.6800000000000068,-1.0147058823529276,-70.99999999999977,stop,0.9000000000000341
2026-04-24,-1,2026-04-24 09:50:00-04:00,2026-04-24 10:35:00-04:00,275.29,276.375,-1.0849999999999795,1.0749999999999886,-1.0093023255813869,-110.49999999999795,stop,1.8500000000000227
2026-04-27,-1,2026-04-27 09:50:00-04:00,2026-04-27 09:50:00-04:00,276.40000000000003,277.53999999999996,-1.1399999999999295,1.1299999999999386,-1.0088495575221164,-115.99999999999295,stop,1.420000000000016
2026-04-28,-1,2026-04-28 09:55:00-04:00,2026-04-28 15:55:00-04:00,275.41,273.93,1.4800000000000182,0.8050000000000068,1.8385093167701934,146.00000000000182,time,1.5100000000000477
2026-04-29,-1,2026-04-29 09:50:00-04:00,2026-04-29 15:55:00-04:00,272.55,272.08,0.4700000000000273,1.099999999999966,0.42727272727276533,45.00000000000273,time,1.4599999999999795
2026-04-30,-1,2026-04-30 09:55:00-04:00,2026-04-30 10:00:00-04:00,272.52,273.35,-0.8300000000000409,0.82000000000005,-1.0121951219512078,-85.00000000000409,stop,1.0400000000000205
2026-05-01,-1,2026-05-01 09:50:00-04:00,2026-05-01 09:55:00-04:00,276.66,277.86,-1.1999999999999886,1.1899999999999977,-1.0084033613445302,-121.99999999999886,stop,1.900000000000034
2026-05-04,1,2026-05-04 09:55:00-04:00,2026-05-04 11:20:00-04:00,279.65,278.49,-1.1599999999999682,1.1499999999999773,-1.0086956521739052,-117.99999999999682,stop,1.240000000000009
2026-05-05,1,2026-05-05 10:10:00-04:00,2026-05-05 15:55:00-04:00,281.53,282.57,1.0400000000000205,1.0649999999999409,0.9765258215963175,102.00000000000205,time,0.9300000000000068
2026-05-06,-1,2026-05-06 09:50:00-04:00,2026-05-06 10:45:00-04:00,284.32,285.23,-0.910000000000025,0.9000000000000341,-1.0111111111111006,-93.0000000000025,stop,1.0600000000000023
2026-05-07,-1,2026-05-07 09:55:00-04:00,2026-05-07 15:55:00-04:00,284.88,282.3,2.579999999999984,1.384999999999991,1.862815884476535,255.9999999999984,time,2.6299999999999955
2026-05-08,1,2026-05-08 14:05:00-04:00,2026-05-08 14:55:00-04:00,284.28999999999996,283.45000000000005,-0.8399999999999181,0.8299999999999272,-1.0120481927710745,-85.99999999999181,stop,1.4399999999999977
2026-05-11,1,2026-05-11 09:50:00-04:00,2026-05-11 15:50:00-04:00,285.96999999999997,284.985,-0.9849999999999568,0.9749999999999659,-1.0102564102564013,-100.49999999999568,stop,0.8100000000000023
2026-05-12,-1,2026-05-12 09:50:00-04:00,2026-05-12 15:55:00-04:00,281.91,282.58,-0.6699999999999591,1.1499999999999773,-0.5826086956521498,-68.99999999999591,time,2.0
2026-05-13,1,2026-05-13 14:20:00-04:00,2026-05-13 15:55:00-04:00,283.14,282.67,-0.46999999999997044,1.625,-0.28923076923075103,-48.999999999997044,time,2.990000000000009
2026-05-14,1,2026-05-14 11:10:00-04:00,2026-05-14 15:55:00-04:00,284.36,284.45,0.08999999999997499,1.1399999999999864,0.07894736842103163,6.999999999997499,time,2.1199999999999477
2026-05-15,-1,2026-05-15 11:20:00-04:00,2026-05-15 15:55:00-04:00,277.75,277.63,0.12000000000000455,1.3450000000000273,0.08921933085502017,10.000000000000455,time,2.4699999999999704
2026-05-18,-1,2026-05-18 10:35:00-04:00,2026-05-18 15:55:00-04:00,276.17,275.98,0.18999999999999773,1.4999999999999432,0.12666666666666995,16.999999999999773,time,2.819999999999993
2026-05-19,-1,2026-05-19 10:10:00-04:00,2026-05-19 11:45:00-04:00,271.12,272.80999999999995,-1.6899999999999409,1.67999999999995,-1.0059523809523758,-170.9999999999941,stop,2.180000000000007
2026-05-20,1,2026-05-20 09:50:00-04:00,2026-05-20 15:55:00-04:00,275.53999999999996,279.83,4.2900000000000205,1.1599999999999682,3.6982758620690848,427.00000000000205,time,1.9399999999999977
2026-05-21,1,2026-05-21 09:55:00-04:00,2026-05-21 15:55:00-04:00,280.21,282.49,2.2800000000000296,2.2649999999999864,1.0066225165563105,226.00000000000296,time,1.5900000000000318
2026-05-22,1,2026-05-22 09:55:00-04:00,2026-05-22 10:10:00-04:00,285.15999999999997,284.295,-0.8649999999999523,0.8549999999999613,-1.0116959064327384,-88.49999999999523,stop,1.1299999999999955
2026-05-26,1,2026-05-26 09:50:00-04:00,2026-05-26 11:50:00-04:00,289.65,288.545,-1.1049999999999613,1.0949999999999704,-1.009132420091316,-112.49999999999613,stop,1.6299999999999955
2026-05-27,-1,2026-05-27 09:50:00-04:00,2026-05-27 09:50:00-04:00,289.53000000000003,290.49,-0.9599999999999795,0.9499999999999886,-1.0105263157894642,-97.99999999999795,stop,1.6399999999999864
2026-05-28,-1,2026-05-28 09:55:00-04:00,2026-05-28 10:10:00-04:00,288.2,289.06,-0.8600000000000136,0.8500000000000227,-1.011764705882342,-88.00000000000136,stop,1.6599999999999682
2026-05-29,-1,2026-05-29 10:10:00-04:00,2026-05-29 15:55:00-04:00,290.16,290.42,-0.2599999999999909,0.6800000000000068,-0.38235294117645335,-27.99999999999909,time,1.1400000000000432
2026-06-01,-1,2026-06-01 10:00:00-04:00,2026-06-01 11:25:00-04:00,286.94,287.945,-1.0049999999999955,0.9950000000000045,-1.0100502512562721,-102.49999999999955,stop,1.2699999999999818
2026-06-02,1,2026-06-02 10:50:00-04:00,2026-06-02 15:55:00-04:00,291.7,291.63,-0.06999999999999318,1.865000000000009,-0.037533512064339324,-8.999999999999318,time,2.8700000000000045
2026-06-03,-1,2026-06-03 09:50:00-04:00,2026-06-03 10:10:00-04:00,287.05,288.99,-1.9399999999999977,1.9300000000000068,-1.0051813471502544,-195.99999999999977,stop,2.0600000000000023
2026-06-04,1,2026-06-04 09:50:00-04:00,2026-06-04 15:55:00-04:00,288.7,291.98,3.2800000000000296,1.089999999999975,3.0091743119267016,326.00000000000296,time,1.8999999999999773
2026-06-05,-1,2026-06-05 09:50:00-04:00,2026-06-05 15:55:00-04:00,286.35,281.67,4.680000000000007,1.875,2.4960000000000035,466.0000000000007,time,2.349999999999966
2026-06-08,1,2026-06-08 10:35:00-04:00,2026-06-08 13:00:00-04:00,285.81,284.8,-1.009999999999991,1.0,-1.009999999999991,-102.99999999999909,stop,1.6200000000000045
2026-06-09,1,2026-06-09 09:50:00-04:00,2026-06-09 10:15:00-04:00,290.45,288.195,-2.2549999999999955,2.2450000000000045,-1.0044543429844057,-227.49999999999955,stop,2.6499999999999773
2026-06-10,1,2026-06-10 09:50:00-04:00,2026-06-10 10:55:00-04:00,288.78,285.88,-2.8999999999999773,2.8899999999999864,-1.0034602076124537,-291.9999999999977,stop,3.980000000000018
2026-06-11,1,2026-06-11 09:50:00-04:00,2026-06-11 10:15:00-04:00,285.92,284.82,-1.1000000000000227,1.0900000000000318,-1.0091743119265968,-112.00000000000227,stop,1.5199999999999818
2026-06-12,1,2026-06-12 10:05:00-04:00,2026-06-12 15:55:00-04:00,293.14,292.91,-0.22999999999996135,1.794999999999959,-0.12813370473535743,-24.999999999996135,time,2.069999999999993
2026-06-15,-1,2026-06-15 10:10:00-04:00,2026-06-15 15:55:00-04:00,295.98,294.67,1.3100000000000023,1.1649999999999636,1.1244635193133419,129.00000000000023,time,1.5300000000000296
2026-06-16,-1,2026-06-16 10:20:00-04:00,2026-06-16 15:55:00-04:00,295.0,292.14,2.8600000000000136,0.9850000000000136,2.9035532994923594,284.00000000000136,time,1.3899999999999864
2026-06-17,1,2026-06-17 11:35:00-04:00,2026-06-17 14:00:00-04:00,294.93,293.565,-1.365000000000009,1.3550000000000182,-1.0073800738007312,-138.5000000000009,stop,2.3700000000000045
2026-06-18,-1,2026-06-18 10:00:00-04:00,2026-06-18 10:50:00-04:00,292.99,294.08,-1.089999999999975,1.079999999999984,-1.009259259259251,-110.9999999999975,stop,2.080000000000041
2026-06-22,1,2026-06-22 09:50:00-04:00,2026-06-22 10:15:00-04:00,298.92,297.83000000000004,-1.089999999999975,1.079999999999984,-1.009259259259251,-110.9999999999975,stop,1.7199999999999704
2026-06-23,1,2026-06-23 09:55:00-04:00,2026-06-23 15:55:00-04:00,295.26,295.28000000000003,0.020000000000038654,1.634999999999991,0.012232415902164381,3.865352482534945e-12,time,2.4500000000000455
2026-06-24,1,2026-06-24 09:55:00-04:00,2026-06-24 10:20:00-04:00,297.31,295.815,-1.4950000000000045,1.4850000000000136,-1.0067340067340005,-151.50000000000045,stop,2.269999999999982
2026-06-25,-1,2026-06-25 09:50:00-04:00,2026-06-25 10:05:00-04:00,298.66,299.945,-1.2849999999999682,1.2749999999999773,-1.007843137254895,-130.49999999999682,stop,2.07000000000005
2026-06-26,1,2026-06-26 10:00:00-04:00,2026-06-26 14:45:00-04:00,298.15,296.755,-1.3949999999999818,1.384999999999991,-1.0072202166064916,-141.49999999999818,stop,2.069999999999993
2026-06-29,-1,2026-06-29 10:05:00-04:00,2026-06-29 14:05:00-04:00,296.44,298.08,-1.6399999999999864,1.6299999999999955,-1.0061349693251478,-165.99999999999864,stop,2.1000000000000227
2026-06-30,1,2026-06-30 10:05:00-04:00,2026-06-30 15:55:00-04:00,299.19,300.41,1.2200000000000273,0.9449999999999932,1.2910052910053291,120.00000000000273,time,1.6100000000000136
2026-07-01,1,2026-07-01 10:00:00-04:00,2026-07-01 15:50:00-04:00,301.0,299.81500000000005,-1.1849999999999454,1.1749999999999545,-1.008510638297865,-120.49999999999454,stop,1.8100000000000023
2026-07-02,1,2026-07-02 09:50:00-04:00,2026-07-02 10:10:00-04:00,301.67,300.845,-0.8249999999999886,0.8149999999999977,-1.0122699386502956,-84.49999999999886,stop,1.5500000000000114
2026-07-06,1,2026-07-06 09:50:00-04:00,2026-07-06 10:05:00-04:00,300.02,298.69,-1.329999999999984,1.3199999999999932,-1.0075757575757507,-134.9999999999984,stop,2.159999999999968
2026-07-07,-1,2026-07-07 09:50:00-04:00,2026-07-07 15:55:00-04:00,297.51,296.21,1.3000000000000114,1.5750000000000455,0.8253968253968088,128.00000000000114,time,1.7900000000000205
2026-07-08,-1,2026-07-08 10:20:00-04:00,2026-07-08 15:55:00-04:00,293.40000000000003,293.48,-0.07999999999998408,0.9549999999999841,-0.08376963350783813,-9.999999999998408,time,1.490000000000009
2026-07-09,1,2026-07-09 09:55:00-04:00,2026-07-09 15:55:00-04:00,296.53,297.26,0.7300000000000182,1.089999999999975,0.6697247706422339,71.00000000000182,time,1.080000000000041
2026-07-10,-1,2026-07-10 10:15:00-04:00,2026-07-10 15:55:00-04:00,295.42,295.95,-0.5299999999999727,1.4949999999999477,-0.35451505016721824,-54.99999999999727,time,2.589999999999975
2026-07-13,-1,2026-07-13 10:05:00-04:00,2026-07-13 15:55:00-04:00,294.21000000000004,293.46999999999997,0.7400000000000659,0.8649999999999523,0.8554913294798923,72.0000000000066,time,1.4099999999999682
2026-07-14,-1,2026-07-14 10:05:00-04:00,2026-07-14 10:30:00-04:00,294.26,295.35,-1.0900000000000318,1.080000000000041,-1.0092592592592504,-111.00000000000318,stop,1.4599999999999795
2026-07-15,1,2026-07-15 10:10:00-04:00,2026-07-15 12:00:00-04:00,296.09999999999997,295.455,-0.6449999999999818,0.6349999999999909,-1.015748031496049,-66.49999999999818,stop,1.25
2026-07-16,1,2026-07-16 09:55:00-04:00,2026-07-16 12:20:00-04:00,296.32,295.435,-0.8849999999999909,0.875,-1.0114285714285611,-90.49999999999909,stop,1.669999999999959
2026-07-17,1,2026-07-17 09:50:00-04:00,2026-07-17 15:55:00-04:00,294.51,294.1,-0.40999999999996817,1.5850000000000364,-0.2586750788643273,-42.99999999999682,time,2.569999999999993
2026-07-20,-1,2026-07-20 10:00:00-04:00,2026-07-20 15:55:00-04:00,294.71000000000004,292.32,2.390000000000043,0.7249999999999659,3.296551724138146,237.00000000000432,time,1.1100000000000136
2026-07-21,1,2026-07-21 10:15:00-04:00,2026-07-21 15:55:00-04:00,294.62,296.5,1.8799999999999955,1.0199999999999818,1.843137254901989,185.99999999999955,time,1.839999999999975
2026-07-22,-1,2026-07-22 10:30:00-04:00,2026-07-22 15:55:00-04:00,294.99,293.77,1.2200000000000273,0.8249999999999886,1.4787878787879323,120.00000000000273,time,1.25
2026-07-24,-1,2026-07-24 09:55:00-04:00,2026-07-24 11:10:00-04:00,291.69,292.76,-1.0699999999999932,1.0600000000000023,-1.0094339622641424,-108.99999999999932,stop,1.5199999999999818
2026-07-27,-1,2026-07-27 10:15:00-04:00,2026-07-27 15:55:00-04:00,293.38,292.94,0.4399999999999977,1.1299999999999955,0.3893805309734509,41.99999999999977,time,2.019999999999982
2026-07-28,-1,2026-07-28 09:55:00-04:00,2026-07-28 11:15:00-04:00,291.15000000000003,292.41999999999996,-1.269999999999925,1.259999999999934,-1.007936507936501,-128.9999999999925,stop,1.7600000000000477
2026-07-29,-1,2026-07-29 09:55:00-04:00,2026-07-29 14:00:00-04:00,291.93,292.88,-0.9499999999999886,0.9399999999999977,-1.0106382978723307,-96.99999999999886,stop,1.2799999999999727
2026-07-30,-1,2026-07-30 10:15:00-04:00,2026-07-30 10:25:00-04:00,289.73,290.76,-1.0299999999999727,1.0199999999999818,-1.0098039215686188,-104.99999999999727,stop,1.919999999999959
2026-07-31,-1,2026-07-31 09:50:00-04:00,2026-07-31 15:55:00-04:00,291.11,291.2,-0.08999999999997499,2.0399999999999636,-0.044117647058812055,-10.999999999997499,time,1.599999999999966
2026-08-03,1,2026-08-03 09:55:00-04:00,2026-08-03 15:55:00-04:00,294.21,296.22,2.0100000000000477,0.9549999999999841,2.104712041884902,199.00000000000477,time,1.7100000000000364
2026-08-04,-1,2026-08-04 09:50:00-04:00,2026-08-04 09:50:00-04:00,297.45,297.885,-0.4350000000000023,0.42500000000001137,-1.0235294117646838,-45.50000000000023,stop,0.8099999999999454
2026-08-05,1,2026-08-05 10:00:00-04:00,2026-08-05 10:00:00-04:00,303.01,302.11,-0.8999999999999773,0.8899999999999864,-1.0112359550561698,-91.99999999999773,stop,1.3400000000000318
2026-08-06,1,2026-08-06 10:00:00-04:00,2026-08-06 12:00:00-04:00,299.92,299.33,-0.5900000000000318,0.5800000000000409,-1.0172413793103279,-61.00000000000318,stop,1.1200000000000045
2026-08-07,-1,2026-08-07 10:15:00-04:00,2026-08-07 10:15:00-04:00,299.82,300.53999999999996,-0.7199999999999704,0.7099999999999795,-1.014084507042241,-73.99999999999704,stop,1.3199999999999932
2026-08-10,-1,2026-08-10 11:00:00-04:00,2026-08-10 15:55:00-04:00,300.04,299.99,0.05000000000001137,0.7649999999999864,0.06535947712419904,3.000000000001137,time,1.169999999999959
2026-08-11,1,2026-08-11 09:55:00-04:00,2026-08-11 11:05:00-04:00,301.62,301.1,-0.5199999999999818,0.5099999999999909,-1.0196078431372375,-53.99999999999818,stop,0.839999999999975
2026-08-12,-1,2026-08-12 10:00:00-04:00,2026-08-12 14:35:00-04:00,301.89,302.83500000000004,-0.94500000000005,0.9350000000000591,-1.010695187165765,-96.500000000005,stop,1.170000000000016
2026-08-13,-1,2026-08-13 11:00:00-04:00,2026-08-13 15:55:00-04:00,303.76,303.48,0.2799999999999727,0.5950000000000273,0.4705882352940502,25.99999999999727,time,1.1299999999999955
2026-08-14,1,2026-08-14 09:50:00-04:00,2026-08-14 15:55:00-04:00,303.87,305.06,1.1899999999999977,0.6100000000000136,1.9508196721311002,116.99999999999977,time,1.0399999999999636
2026-08-17,1,2026-08-17 12:40:00-04:00,2026-08-17 13:20:00-04:00,304.21999999999997,303.82000000000005,-0.3999999999999204,0.3899999999999295,-1.025641025641007,-41.99999999999204,stop,0.7199999999999704
2026-08-18,-1,2026-08-18 10:15:00-04:00,2026-08-18 15:55:00-04:00,301.81,300.25,1.5600000000000023,0.7699999999999818,2.025974025974077,154.00000000000023,time,1.1399999999999864
2026-08-19,-1,2026-08-19 10:15:00-04:00,2026-08-19 10:30:00-04:00,301.44,302.61,-1.170000000000016,1.160000000000025,-1.0086206896551644,-119.00000000000159,stop,1.099999999999966
2026-08-20,-1,2026-08-20 10:00:00-04:00,2026-08-20 11:00:00-04:00,298.99,299.52,-0.5299999999999727,0.5199999999999818,-1.0192307692307525,-54.99999999999727,stop,1.0
2026-08-21,-1,2026-08-21 10:15:00-04:00,2026-08-21 11:30:00-04:00,298.82,299.54999999999995,-0.7299999999999613,0.7199999999999704,-1.0138888888888768,-74.99999999999613,stop,1.0600000000000023
2026-08-24,-1,2026-08-24 10:05:00-04:00,2026-08-24 15:55:00-04:00,298.34000000000003,297.96999999999997,0.3700000000000614,0.7400000000000091,0.5000000000000768,35.00000000000614,time,1.3199999999999932
2026-08-25,-1,2026-08-25 09:50:00-04:00,2026-08-25 11:30:00-04:00,298.61,299.265,-0.6549999999999727,0.6449999999999818,-1.0155038759689785,-67.49999999999727,stop,1.0499999999999545
2026-08-26,1,2026-08-26 09:55:00-04:00,2026-08-26 10:40:00-04:00,299.63,298.73,-0.8999999999999773,0.8899999999999864,-1.0112359550561698,-91.99999999999773,stop,1.2200000000000273
2026-08-27,-1,2026-08-27 10:15:00-04:00,2026-08-27 10:45:00-04:00,298.33,298.99,-0.660000000000025,0.6500000000000341,-1.0153846153846007,-68.0000000000025,stop,1.3000000000000114
2026-08-28,-1,2026-08-28 10:05:00-04:00,2026-08-28 15:55:00-04:00,298.72,295.77,2.9500000000000455,0.9799999999999613,3.010204081632818,293.00000000000455,time,1.3799999999999955
2026-08-31,-1,2026-08-31 09:50:00-04:00,2026-08-31 15:55:00-04:00,293.5,293.92,-0.4200000000000159,1.1000000000000227,-0.3818181818181884,-44.00000000000159,time,1.5
2026-09-01,-1,2026-09-01 12:25:00-04:00,2026-09-01 15:55:00-04:00,291.05,290.62,0.4300000000000068,1.0600000000000023,0.40566037735849614,41.00000000000068,time,1.660000000000025
2026-09-02,1,2026-09-02 10:05:00-04:00,2026-09-02 15:55:00-04:00,293.21,294.0,0.7900000000000205,1.2449999999999477,0.6345381526104849,77.00000000000205,time,1.5500000000000114
2026-09-03,-1,2026-09-03 10:05:00-04:00,2026-09-03 15:55:00-04:00,294.08,295.19,-1.1100000000000136,1.3950000000000387,-0.7956989247311705,-113.00000000000136,time,1.410000000000025
2026-09-04,1,2026-09-04 09:50:00-04:00,2026-09-04 15:55:00-04:00,295.11,295.95,0.839999999999975,0.8450000000000273,0.9940828402366247,81.9999999999975,time,1.410000000000025
2026-09-08,1,2026-09-08 11:45:00-04:00,2026-09-08 15:50:00-04:00,295.65999999999997,294.94,-0.7199999999999704,0.7099999999999795,-1.014084507042241,-73.99999999999704,stop,1.3799999999999955
2026-09-09,-1,2026-09-09 10:00:00-04:00,2026-09-09 15:55:00-04:00,292.78000000000003,290.68,2.1000000000000227,0.7199999999999704,2.916666666666818,208.00000000000227,time,1.32000000000005
2026-09-10,1,2026-09-10 10:25:00-04:00,2026-09-10 11:55:00-04:00,289.51,288.25,-1.259999999999991,1.25,-1.0079999999999927,-127.99999999999909,stop,1.1800000000000068
2026-09-11,-1,2026-09-11 09:50:00-04:00,2026-09-11 15:55:00-04:00,290.19,288.9,1.2900000000000205,0.6750000000000114,1.9111111111111092,127.00000000000205,time,1.1499999999999773
2026-09-14,1,2026-09-14 10:10:00-04:00,2026-09-14 10:20:00-04:00,288.7,288.0,-0.6999999999999886,0.6899999999999977,-1.0144927536231754,-71.99999999999886,stop,1.3000000000000114
2026-09-15,-1,2026-09-15 09:50:00-04:00,2026-09-15 15:55:00-04:00,285.43,285.17,0.2599999999999909,0.8549999999999613,0.3040935672514651,23.99999999999909,time,1.2900000000000205
2026-09-16,1,2026-09-16 09:55:00-04:00,2026-09-16 10:05:00-04:00,286.83,286.06500000000005,-0.7649999999999295,0.7549999999999386,-1.0132450331125717,-78.49999999999295,stop,0.9300000000000068
2026-09-17,-1,2026-09-17 10:05:00-04:00,2026-09-17 10:25:00-04:00,286.47,287.45500000000004,-0.9850000000000136,0.9750000000000227,-1.0102564102564007,-100.50000000000136,stop,1.6899999999999977
2026-09-18,-1,2026-09-18 09:55:00-04:00,2026-09-18 15:55:00-04:00,283.33,284.03,-0.6999999999999886,1.0500000000000114,-0.6666666666666486,-71.99999999999886,time,1.7799999999999727
2026-09-21,1,2026-09-21 15:05:00-04:00,2026-09-21 15:55:00-04:00,286.44,285.615,-0.8249999999999886,0.8149999999999977,-1.0122699386502956,-84.49999999999886,stop,1.4500000000000455
2026-09-22,1,2026-09-22 09:55:00-04:00,2026-09-22 10:25:00-04:00,288.26,287.38,-0.8799999999999955,0.8700000000000045,-1.0114942528735527,-89.99999999999955,stop,1.0600000000000023
