datetime,open,high,low,close,volume
2016-09-27 00:00:00+0000,18.27,18.3,18.01,18.17,7400683.0
2016-09-28 00:00:00+0000,18.09,18.24,17.96,18.21,6803552.0
2016-09-29 00:00:00+0000,18.14,18.24,18.05,18.11,5414251.0
2016-09-30 00:00:00+0000,18.65,18.67,18.13,18.2,10765696.0
2016-10-03 00:00:00+0000,18.1,18.11,17.76,17.87,14248546.0
2016-10-04 00:00:00+0000,17.58,17.58,16.82,16.94,25653485.0
2016-10-05 00:00:00+0000,17.0,17.01,16.66,16.85,17041946.0
2016-10-06 00:00:00+0000,16.51,16.56,16.24,16.44,17232409.0
2016-10-07 00:00:00+0000,16.7,16.74,16.23,16.6,17861155.0
2016-10-10 00:00:00+0000,16.75,16.83,16.7,16.73,7331566.0
2016-10-11 00:00:00+0000,16.7,16.73,16.55,16.56,6654308.0
2016-10-12 00:00:00+0000,16.6,16.71,16.53,16.65,5724120.0
2016-10-13 00:00:00+0000,16.6,16.66,16.53,16.61,5933222.0
2016-10-14 00:00:00+0000,16.56,16.69,16.48,16.56,7912927.0
2016-10-17 00:00:00+0000,16.54,16.6,16.5,16.57,3326582.0
2016-10-18 00:00:00+0000,16.69,16.8,16.62,16.72,6874423.0
2016-10-19 00:00:00+0000,16.8,16.85,16.67,16.79,7176054.0
2016-10-20 00:00:00+0000,16.8,16.83,16.56,16.64,6216352.0
2016-10-21 00:00:00+0000,16.65,16.66,16.57,16.65,3467817.0
2016-10-24 00:00:00+0000,16.96,16.98,16.64,16.7,5250121.0
2016-10-25 00:00:00+0000,16.8,16.92,16.77,16.86,6128844.0
2016-10-26 00:00:00+0000,16.81,16.87,16.68,16.71,5626948.0
2016-10-27 00:00:00+0000,16.75,16.77,16.67,16.73,3819500.0
2016-10-28 00:00:00+0000,16.82,17.01,16.73,16.87,8644256.0
2016-10-31 00:00:00+0000,16.94,17.0,16.87,16.97,5821543.0
2016-11-01 00:00:00+0000,17.37,17.55,17.32,17.41,11829529.0
2016-11-02 00:00:00+0000,17.62,17.79,17.55,17.56,10401527.0
2016-11-03 00:00:00+0000,17.26,17.5,17.24,17.42,6854221.0
2016-11-04 00:00:00+0000,17.47,17.54,17.4,17.46,5410704.0
2016-11-07 00:00:00+0000,17.31,17.32,17.09,17.29,6963527.0
2016-11-08 00:00:00+0000,17.37,17.78,17.34,17.4,10830868.0
2016-11-09 00:00:00+0000,17.86,17.87,17.4,17.45,16260024.0
2016-11-10 00:00:00+0000,17.65,17.81,17.47,17.56,16603647.0
2016-11-11 00:00:00+0000,17.49,17.5,16.31,16.47,47221408.0
2016-11-14 00:00:00+0000,16.19,16.23,15.78,16.0,27506452.0
2016-11-15 00:00:00+0000,16.04,16.26,16.01,16.19,9786394.0
2016-11-16 00:00:00+0000,16.2,16.21,16.0,16.09,6670710.0
2016-11-17 00:00:00+0000,16.11,16.17,15.73,15.84,20332198.0
2016-11-18 00:00:00+0000,15.78,15.85,15.6,15.73,9658823.0
2016-11-21 00:00:00+0000,15.77,15.86,15.67,15.72,8134616.0
2016-11-22 00:00:00+0000,15.88,15.9,15.69,15.8,6337211.0
2016-11-23 00:00:00+0000,15.5,15.62,15.34,15.52,10769323.0
2016-11-25 00:00:00+0000,15.7,15.72,15.59,15.63,4684059.0
2016-11-28 00:00:00+0000,15.72,15.84,15.63,15.77,6488185.0
2016-11-29 00:00:00+0000,15.59,15.87,15.58,15.78,4556408.0
2016-11-30 00:00:00+0000,15.78,15.82,15.57,15.66,8289177.0
2016-12-01 00:00:00+0000,15.51,15.82,15.45,15.66,8277944.0
2016-12-02 00:00:00+0000,15.7,15.94,15.68,15.83,7767655.0
2016-12-05 00:00:00+0000,15.75,16.0,15.67,15.88,6880596.0
2016-12-06 00:00:00+0000,15.86,16.01,15.83,15.85,4450878.0
2016-12-07 00:00:00+0000,16.17,16.34,16.16,16.23,9331394.0
2016-12-08 00:00:00+0000,16.14,16.2,16.08,16.14,5444238.0
2016-12-09 00:00:00+0000,16.16,16.18,15.92,15.97,7543370.0
2016-12-12 00:00:00+0000,16.24,16.29,16.16,16.19,6696815.0
2016-12-13 00:00:00+0000,16.18,16.24,15.9,16.04,7896538.0
2016-12-14 00:00:00+0000,16.24,16.33,15.87,15.93,15302157.0
2016-12-15 00:00:00+0000,15.25,15.3,15.06,15.18,18891977.0
2016-12-16 00:00:00+0000,15.22,15.42,15.12,15.27,7780859.0
2016-12-19 00:00:00+0000,15.25,15.26,15.09,15.17,6519133.0
2016-12-20 00:00:00+0000,14.86,15.26,14.85,15.24,9771144.0
2016-12-21 00:00:00+0000,15.26,15.3,15.07,15.12,5714196.0
2016-12-22 00:00:00+0000,15.05,15.2,14.95,14.98,6790279.0
2016-12-23 00:00:00+0000,14.95,14.99,14.88,14.91,5581127.0
2016-12-27 00:00:00+0000,14.98,15.15,14.97,15.13,10408018.0
2016-12-28 00:00:00+0000,15.08,15.22,15.04,15.2,5573586.0
2016-12-29 00:00:00+0000,15.21,15.4,15.17,15.32,7894330.0
2016-12-30 00:00:00+0000,15.37,15.41,15.02,15.11,8133977.0
2017-01-03 00:00:00+0000,15.25,15.64,15.19,15.44,10512187.0
2017-01-04 00:00:00+0000,15.58,15.66,15.49,15.58,5837639.0
2017-01-05 00:00:00+0000,15.73,15.85,15.66,15.76,7276272.0
2017-01-06 00:00:00+0000,15.57,15.7,15.55,15.64,5738828.0
2017-01-09 00:00:00+0000,15.69,15.83,15.65,15.7,6857425.0
2017-01-10 00:00:00+0000,15.8,16.03,15.8,15.91,7486680.0
2017-01-11 00:00:00+0000,15.77,16.0,15.67,15.87,7522279.0
2017-01-12 00:00:00+0000,15.98,16.07,15.86,15.91,5726114.0
2017-01-13 00:00:00+0000,15.82,15.95,15.73,15.94,4621139.0
2017-01-17 00:00:00+0000,16.21,16.32,16.17,16.28,7437113.0
2017-01-18 00:00:00+0000,16.28,16.43,16.15,16.19,7978274.0
2017-01-19 00:00:00+0000,15.95,16.17,15.87,16.12,7141043.0
2017-01-20 00:00:00+0000,16.12,16.27,16.02,16.19,7634703.0
2017-01-23 00:00:00+0000,16.23,16.31,16.18,16.29,3880236.0
2017-01-24 00:00:00+0000,16.28,16.39,16.14,16.22,6618931.0
2017-01-25 00:00:00+0000,15.96,16.13,15.91,16.1,5246983.0
2017-01-26 00:00:00+0000,15.94,16.03,15.84,15.93,5230250.0
2017-01-27 00:00:00+0000,15.9,16.35,15.85,16.22,7814955.0
2017-01-30 00:00:00+0000,16.28,16.38,16.18,16.23,5162473.0
2017-01-31 00:00:00+0000,16.56,16.69,16.5,16.63,9902111.0
2017-02-01 00:00:00+0000,16.54,16.72,16.45,16.61,7000326.0
2017-02-02 00:00:00+0000,16.73,16.76,16.5,16.56,5104659.0
2017-02-03 00:00:00+0000,16.49,16.63,16.47,16.57,4920546.0
2017-02-06 00:00:00+0000,16.71,16.83,16.66,16.82,6406205.0
2017-02-07 00:00:00+0000,16.76,16.87,16.75,16.79,4336883.0
2017-02-08 00:00:00+0000,16.88,16.94,16.76,16.84,4400199.0
2017-02-09 00:00:00+0000,16.89,16.92,16.69,16.75,4737963.0
2017-02-10 00:00:00+0000,16.75,17.07,16.75,17.02,8609209.0
2017-02-13 00:00:00+0000,16.96,16.98,16.83,16.89,5647034.0
2017-02-14 00:00:00+0000,17.11,17.12,16.81,17.01,7610668.0
2017-02-15 00:00:00+0000,16.91,17.05,16.89,17.04,3858086.0
2017-02-16 00:00:00+0000,17.11,17.19,17.08,17.15,4741608.0
2017-02-17 00:00:00+0000,17.06,17.13,17.04,17.06,4097734.0
2017-02-21 00:00:00+0000,16.96,17.14,16.9,17.03,4483112.0
2017-02-22 00:00:00+0000,17.06,17.11,16.98,17.11,4322288.0
2017-02-23 00:00:00+0000,17.23,17.27,17.11,17.24,4618416.0
2017-02-24 00:00:00+0000,17.37,17.45,17.29,17.4,7676668.0
2017-02-27 00:00:00+0000,17.41,17.53,17.26,17.27,7447633.0
2017-02-28 00:00:00+0000,17.42,17.5,17.34,17.37,6621853.0
2017-03-01 00:00:00+0000,17.34,17.49,17.33,17.44,5937871.0
2017-03-02 00:00:00+0000,17.34,17.4,16.75,16.8,15273615.0
2017-03-03 00:00:00+0000,16.81,17.04,16.73,16.98,8364667.0
2017-03-06 00:00:00+0000,16.93,16.93,16.77,16.83,5454861.0
2017-03-07 00:00:00+0000,16.64,16.69,16.54,16.55,6171998.0
2017-03-08 00:00:00+0000,16.41,16.44,16.31,16.32,6567528.0
2017-03-09 00:00:00+0000,16.32,16.34,16.04,16.06,8202265.0
2017-03-10 00:00:00+0000,16.07,16.16,16.0,16.15,6484813.0
2017-03-13 00:00:00+0000,16.09,16.13,16.06,16.07,4080172.0
2017-03-14 00:00:00+0000,16.05,16.12,15.97,15.99,4387518.0
2017-03-15 00:00:00+0000,16.03,16.45,15.94,16.43,9552968.0
2017-03-16 00:00:00+0000,16.56,16.57,16.34,16.4,5119022.0
2017-03-17 00:00:00+0000,16.41,16.5,16.4,16.47,2697387.0
2017-03-20 00:00:00+0000,16.49,16.53,16.44,16.5,2495610.0
2017-03-21 00:00:00+0000,16.6,16.68,16.57,16.61,5327963.0
2017-03-22 00:00:00+0000,16.61,16.66,16.56,16.62,2871863.0
2017-03-23 00:00:00+0000,16.73,16.75,16.62,16.67,3830119.0
2017-03-24 00:00:00+0000,16.71,16.85,16.69,16.81,5367335.0
2017-03-27 00:00:00+0000,17.11,17.17,17.05,17.15,6785685.0
2017-03-28 00:00:00+0000,17.2,17.27,17.11,17.18,6897071.0
2017-03-29 00:00:00+0000,17.14,17.28,17.13,17.25,4253857.0
2017-03-30 00:00:00+0000,17.18,17.33,17.14,17.15,5734944.0
2017-03-31 00:00:00+0000,17.23,17.3,17.2,17.25,4593768.0
2017-04-03 00:00:00+0000,17.21,17.3,17.2,17.24,3365539.0
2017-04-04 00:00:00+0000,17.33,17.39,17.23,17.33,3967102.0
2017-04-05 00:00:00+0000,17.23,17.34,17.17,17.32,5465826.0
2017-04-06 00:00:00+0000,17.22,17.31,17.19,17.26,3734902.0
2017-04-07 00:00:00+0000,17.4,17.42,16.91,17.03,9672332.0
2017-04-10 00:00:00+0000,16.93,17.03,16.8,17.0,5369423.0
2017-04-11 00:00:00+0000,17.1,17.35,17.09,17.31,6963153.0
2017-04-12 00:00:00+0000,17.37,17.47,17.28,17.46,5983716.0
2017-04-13 00:00:00+0000,17.57,17.59,17.43,17.53,7809034.0
2017-04-17 00:00:00+0000,17.53,17.58,17.38,17.43,4915776.0
2017-04-18 00:00:00+0000,17.42,17.44,17.11,17.34,11162945.0
2017-04-19 00:00:00+0000,17.27,17.29,17.14,17.18,7002966.0
2017-04-20 00:00:00+0000,17.12,17.19,16.92,17.06,10217515.0
2017-04-21 00:00:00+0000,16.97,17.02,16.86,17.02,9092469.0
2017-04-24 00:00:00+0000,16.84,16.99,16.79,16.98,6409011.0
2017-04-25 00:00:00+0000,16.74,16.8,16.62,16.68,8166390.0
2017-04-26 00:00:00+0000,16.57,16.6,16.4,16.57,9482704.0
2017-04-27 00:00:00+0000,16.49,16.49,16.35,16.37,9354150.0
2017-04-28 00:00:00+0000,16.31,16.39,16.25,16.3,7232314.0
2017-05-01 00:00:00+0000,16.22,16.28,15.9,15.99,13237714.0
2017-05-02 00:00:00+0000,15.97,15.98,15.89,15.93,6763785.0
2017-05-03 00:00:00+0000,15.79,15.8,15.58,15.59,9772255.0
2017-05-04 00:00:00+0000,15.48,15.57,15.35,15.43,10321004.0
2017-05-05 00:00:00+0000,15.43,15.51,15.36,15.5,7701468.0
2017-05-08 00:00:00+0000,15.43,15.47,15.38,15.41,5797286.0
2017-05-09 00:00:00+0000,15.35,15.35,15.21,15.3,7206305.0
2017-05-10 00:00:00+0000,15.38,15.4,15.32,15.35,6504329.0
2017-05-11 00:00:00+0000,15.37,15.47,15.35,15.45,6694322.0
2017-05-12 00:00:00+0000,15.57,15.61,15.53,15.57,5959321.0
2017-05-15 00:00:00+0000,15.87,15.88,15.72,15.75,6038228.0
2017-05-16 00:00:00+0000,15.82,15.98,15.8,15.93,6531233.0
2017-05-17 00:00:00+0000,16.08,16.13,15.87,16.0,10454702.0
2017-05-18 00:00:00+0000,15.88,15.89,15.56,15.71,8884067.0
2017-05-19 00:00:00+0000,15.94,15.96,15.85,15.94,5591049.0
2017-05-22 00:00:00+0000,16.1,16.29,16.09,16.23,6119748.0
2017-05-23 00:00:00+0000,16.34,16.38,16.11,16.15,7541450.0
2017-05-24 00:00:00+0000,16.12,16.28,16.1,16.28,6199654.0
2017-05-25 00:00:00+0000,16.29,16.32,16.21,16.23,3982198.0
2017-05-26 00:00:00+0000,16.38,16.45,16.31,16.4,5454619.0
2017-05-30 00:00:00+0000,16.39,16.52,16.39,16.47,5241552.0
2017-05-31 00:00:00+0000,16.35,16.5,16.33,16.39,4995747.0
2017-06-01 00:00:00+0000,16.16,16.41,16.14,16.38,5017141.0
2017-06-02 00:00:00+0000,16.45,16.64,16.44,16.59,6195325.0
2017-06-05 00:00:00+0000,16.64,16.71,16.59,16.63,3958189.0
2017-06-06 00:00:00+0000,16.73,16.8,16.69,16.76,4949215.0
2017-06-07 00:00:00+0000,16.7,16.78,16.57,16.65,4127350.0
2017-06-08 00:00:00+0000,16.68,16.68,16.37,16.49,7094408.0
2017-06-09 00:00:00+0000,16.32,16.35,16.25,16.28,4669114.0
2017-06-12 00:00:00+0000,16.11,16.18,16.0,16.04,5822318.0
2017-06-13 00:00:00+0000,15.85,16.0,15.82,15.95,8819361.0
2017-06-14 00:00:00+0000,16.3,16.37,15.94,15.95,13164970.0
2017-06-15 00:00:00+0000,15.82,15.94,15.79,15.88,5681507.0
2017-06-16 00:00:00+0000,15.81,15.82,15.75,15.79,4460121.0
2017-06-19 00:00:00+0000,15.68,15.7,15.6,15.61,7282362.0
2017-06-20 00:00:00+0000,15.57,15.61,15.51,15.59,5332825.0
2017-06-21 00:00:00+0000,15.52,15.59,15.5,15.54,5673909.0
2017-06-22 00:00:00+0000,15.68,15.73,15.63,15.68,4938602.0
2017-06-23 00:00:00+0000,15.83,15.85,15.76,15.79,4832126.0
2017-06-26 00:00:00+0000,15.71,15.74,15.65,15.68,3480711.0
2017-06-27 00:00:00+0000,15.73,15.85,15.67,15.79,4168368.0
2017-06-28 00:00:00+0000,15.89,15.92,15.81,15.92,4123491.0
2017-06-29 00:00:00+0000,15.74,15.85,15.71,15.73,4909227.0
2017-06-30 00:00:00+0000,15.72,15.78,15.7,15.71,3507851.0
2017-07-03 00:00:00+0000,15.37,15.43,15.23,15.3,7382597.0
2017-07-05 00:00:00+0000,15.07,15.19,15.04,15.18,9013458.0
2017-07-06 00:00:00+0000,15.15,15.17,15.07,15.15,4716974.0
2017-07-07 00:00:00+0000,14.95,14.96,14.53,14.73,18333263.0
2017-07-10 00:00:00+0000,14.46,14.9,14.44,14.83,13302540.0
2017-07-11 00:00:00+0000,14.85,15.0,14.76,14.99,7153194.0
2017-07-12 00:00:00+0000,15.09,15.12,15.02,15.05,7613565.0
2017-07-13 00:00:00+0000,15.04,15.05,14.84,14.87,6699158.0
2017-07-14 00:00:00+0000,15.14,15.22,15.01,15.08,6964254.0
2017-07-17 00:00:00+0000,15.27,15.32,15.22,15.22,6956958.0
2017-07-18 00:00:00+0000,15.37,15.45,15.32,15.38,7150154.0
2017-07-19 00:00:00+0000,15.43,15.48,15.33,15.4,4853105.0
2017-07-20 00:00:00+0000,15.38,15.53,15.3,15.42,7313730.0
2017-07-21 00:00:00+0000,15.57,15.63,15.52,15.6,6874743.0
2017-07-24 00:00:00+0000,15.66,15.67,15.54,15.58,5341732.0
2017-07-25 00:00:00+0000,15.62,15.72,15.56,15.59,6137269.0
2017-07-26 00:00:00+0000,15.56,15.79,15.52,15.75,9409946.0
2017-07-27 00:00:00+0000,15.89,15.9,15.65,15.68,6742577.0
2017-07-28 00:00:00+0000,15.76,15.84,15.74,15.81,5502317.0
2017-07-31 00:00:00+0000,15.9,15.96,15.86,15.9,5375245.0
2017-08-01 00:00:00+0000,15.83,15.92,15.79,15.79,5990761.0
2017-08-02 00:00:00+0000,15.69,15.86,15.66,15.67,5384308.0
2017-08-03 00:00:00+0000,15.72,15.79,15.7,15.72,5078210.0
2017-08-04 00:00:00+0000,15.54,15.56,15.31,15.38,11761214.0
2017-08-07 00:00:00+0000,15.27,15.41,15.27,15.33,3876005.0
2017-08-08 00:00:00+0000,15.51,15.58,15.36,15.56,6808133.0
2017-08-09 00:00:00+0000,15.86,16.01,15.83,15.98,12044836.0
2017-08-10 00:00:00+0000,16.26,16.28,16.1,16.18,9960443.0
2017-08-11 00:00:00+0000,16.09,16.18,16.03,16.17,5885816.0
2017-08-14 00:00:00+0000,16.14,16.22,16.08,16.13,5023462.0
2017-08-15 00:00:00+0000,15.71,15.84,15.68,15.74,7576738.0
2017-08-16 00:00:00+0000,15.77,16.18,15.77,16.15,9465793.0
2017-08-17 00:00:00+0000,16.18,16.23,16.04,16.12,5777626.0
2017-08-18 00:00:00+0000,16.21,16.24,16.04,16.1,8305534.0
2017-08-21 00:00:00+0000,16.12,16.19,16.05,16.07,4827328.0
2017-08-22 00:00:00+0000,16.14,16.16,15.95,16.07,4401202.0
2017-08-23 00:00:00+0000,16.12,16.16,16.04,16.15,3058987.0
2017-08-24 00:00:00+0000,16.04,16.08,15.95,16.03,3840982.0
2017-08-25 00:00:00+0000,16.18,16.21,15.81,16.11,11710749.0
2017-08-28 00:00:00+0000,16.24,16.52,16.21,16.5,10427115.0
2017-08-29 00:00:00+0000,16.67,16.68,16.32,16.42,11711777.0
2017-08-30 00:00:00+0000,16.44,16.5,16.42,16.46,2832250.0
2017-08-31 00:00:00+0000,16.46,16.66,16.45,16.65,6020751.0
2017-09-01 00:00:00+0000,16.71,16.77,16.55,16.73,6790741.0
2017-09-05 00:00:00+0000,16.94,17.01,16.83,16.91,9266255.0
2017-09-06 00:00:00+0000,16.99,17.0,16.83,16.87,7724101.0
2017-09-07 00:00:00+0000,16.99,17.14,16.96,17.1,7984971.0
2017-09-08 00:00:00+0000,17.12,17.13,16.91,17.02,7324614.0
2017-09-11 00:00:00+0000,16.85,16.93,16.76,16.77,6340150.0
2017-09-12 00:00:00+0000,16.83,16.92,16.8,16.89,4094990.0
2017-09-13 00:00:00+0000,16.81,16.83,16.69,16.76,6564209.0
2017-09-14 00:00:00+0000,16.71,16.81,16.7,16.77,3814044.0
2017-09-15 00:00:00+0000,16.72,16.72,16.61,16.62,3984182.0
2017-09-18 00:00:00+0000,16.39,16.41,16.12,16.27,10105145.0
2017-09-19 00:00:00+0000,16.27,16.38,16.24,16.36,4041962.0
2017-09-20 00:00:00+0000,16.31,16.43,16.03,16.19,10230389.0
2017-09-21 00:00:00+0000,15.96,16.11,15.94,16.03,6708079.0
2017-09-22 00:00:00+0000,16.01,16.09,15.98,16.05,2842399.0
2017-09-25 00:00:00+0000,15.95,16.22,15.91,16.21,8359564.0
2017-09-26 00:00:00+0000,16.02,16.02,15.85,15.91,7389349.0
2017-09-27 00:00:00+0000,15.82,15.98,15.82,15.83,8262186.0
2017-09-28 00:00:00+0000,15.88,15.96,15.8,15.92,4165104.0
2017-09-29 00:00:00+0000,15.87,15.91,15.71,15.74,6026566.0
2017-10-02 00:00:00+0000,15.75,15.81,15.66,15.67,4879490.0
2017-10-03 00:00:00+0000,15.69,15.75,15.68,15.71,3712490.0
2017-10-04 00:00:00+0000,15.72,15.76,15.62,15.69,6116656.0
2017-10-05 00:00:00+0000,15.76,15.81,15.66,15.69,4253047.0
2017-10-06 00:00:00+0000,15.67,15.93,15.42,15.85,11905091.0
2017-10-09 00:00:00+0000,15.95,16.04,15.93,16.02,5311976.0
2017-10-10 00:00:00+0000,16.23,16.29,16.15,16.15,7646064.0
2017-10-11 00:00:00+0000,16.2,16.28,16.11,16.25,6374072.0
2017-10-12 00:00:00+0000,16.22,16.3,16.16,16.26,4006595.0
2017-10-13 00:00:00+0000,16.38,16.43,16.31,16.41,6170563.0
2017-10-16 00:00:00+0000,16.43,16.49,16.15,16.25,7720388.0
2017-10-17 00:00:00+0000,16.11,16.17,16.02,16.09,7364815.0
2017-10-18 00:00:00+0000,16.06,16.09,16.01,16.06,3986247.0
2017-10-19 00:00:00+0000,16.06,16.31,16.05,16.27,7416105.0
2017-10-20 00:00:00+0000,16.17,16.26,15.98,16.08,8486045.0
2017-10-23 00:00:00+0000,15.97,16.16,15.92,16.14,6129265.0
2017-10-24 00:00:00+0000,16.02,16.1,15.94,16.02,5998686.0
2017-10-25 00:00:00+0000,16.04,16.05,15.93,16.01,4130565.0
2017-10-26 00:00:00+0000,15.97,16.0,15.81,15.85,6411193.0
2017-10-27 00:00:00+0000,15.74,15.93,15.69,15.91,6835190.0
2017-10-30 00:00:00+0000,15.86,15.96,15.8,15.91,3727745.0
2017-10-31 00:00:00+0000,15.82,15.85,15.71,15.79,9659448.0
2017-11-01 00:00:00+0000,15.95,16.24,15.93,16.18,10302797.0
2017-11-02 00:00:00+0000,16.18,16.28,16.09,16.17,5320530.0
2017-11-03 00:00:00+0000,16.2,16.22,15.84,15.92,6603193.0
2017-11-06 00:00:00+0000,15.94,16.3,15.94,16.27,9431902.0
2017-11-07 00:00:00+0000,16.21,16.23,15.97,16.01,6194311.0
2017-11-08 00:00:00+0000,16.14,16.29,16.05,16.06,6049370.0
2017-11-09 00:00:00+0000,16.02,16.1,15.99,16.07,3948109.0
2017-11-10 00:00:00+0000,16.1,16.15,15.85,15.95,7756398.0
2017-11-13 00:00:00+0000,16.04,16.12,15.99,16.09,5661218.0
2017-11-14 00:00:00+0000,16.01,16.14,15.92,16.08,6501917.0
2017-11-15 00:00:00+0000,16.19,16.21,16.0,16.03,6157712.0
2017-11-16 00:00:00+0000,16.1,16.17,16.09,16.12,4204588.0
2017-11-17 00:00:00+0000,16.14,16.41,16.1,16.31,8511027.0
2017-11-20 00:00:00+0000,16.14,16.17,15.9,15.98,11921049.0
2017-11-21 00:00:00+0000,16.04,16.11,15.99,16.01,5577906.0
2017-11-22 00:00:00+0000,16.15,16.21,16.13,16.17,5459470.0
2017-11-24 00:00:00+0000,16.1,16.18,16.05,16.08,2318046.0
2017-11-27 00:00:00+0000,16.2,16.21,16.06,16.1,4822118.0
2017-11-28 00:00:00+0000,16.11,16.12,15.82,15.91,12885715.0
2017-11-29 00:00:00+0000,15.76,15.79,15.59,15.64,8531771.0
2017-11-30 00:00:00+0000,15.47,15.56,15.4,15.51,9722976.0
2017-12-01 00:00:00+0000,15.42,15.63,15.33,15.53,14172977.0
2017-12-04 00:00:00+0000,15.45,15.45,15.34,15.44,6077017.0
2017-12-05 00:00:00+0000,15.29,15.29,15.13,15.23,9351368.0
2017-12-06 00:00:00+0000,15.11,15.18,15.02,15.1,7191742.0
2017-12-07 00:00:00+0000,14.92,14.97,14.77,14.87,10556148.0
2017-12-08 00:00:00+0000,14.93,15.01,14.88,14.96,6193022.0
2017-12-11 00:00:00+0000,14.88,14.94,14.81,14.85,5871539.0
2017-12-12 00:00:00+0000,14.78,14.88,14.74,14.86,6850083.0
2017-12-13 00:00:00+0000,14.86,15.25,14.79,15.15,14898145.0
2017-12-14 00:00:00+0000,15.05,15.05,14.93,15.02,6515932.0
2017-12-15 00:00:00+0000,15.14,15.17,15.08,15.15,6312598.0
2017-12-18 00:00:00+0000,15.2,15.26,15.18,15.22,4373756.0
2017-12-19 00:00:00+0000,15.2,15.24,15.14,15.22,4560731.0
2017-12-20 00:00:00+0000,15.29,15.33,15.24,15.25,4237387.0
2017-12-21 00:00:00+0000,15.22,15.32,15.2,15.22,3675453.0
2017-12-22 00:00:00+0000,15.34,15.5,15.31,15.4,7533485.0
2017-12-26 00:00:00+0000,15.55,15.63,15.53,15.59,5974500.0
2017-12-27 00:00:00+0000,15.67,15.78,15.65,15.73,6179182.0
2017-12-28 00:00:00+0000,15.85,15.93,15.82,15.88,9213762.0
2017-12-29 00:00:00+0000,16.02,16.15,15.92,15.99,13426501.0
2018-01-02 00:00:00+0000,16.13,16.23,16.12,16.21,8134177.0
2018-01-03 00:00:00+0000,16.19,16.26,16.09,16.17,8370307.0
2018-01-04 00:00:00+0000,16.21,16.3,16.19,16.23,6643235.0
2018-01-05 00:00:00+0000,16.18,16.29,16.16,16.22,5454171.0
2018-01-08 00:00:00+0000,16.17,16.19,16.07,16.15,6135798.0
2018-01-09 00:00:00+0000,16.01,16.07,15.95,16.03,6402369.0
2018-01-10 00:00:00+0000,16.07,16.1,16.0,16.02,7279687.0
2018-01-11 00:00:00+0000,16.01,16.07,15.91,16.01,5808570.0
2018-01-12 00:00:00+0000,16.1,16.31,16.08,16.27,9255502.0
2018-01-16 00:00:00+0000,16.13,16.25,16.09,16.25,8610981.0
2018-01-17 00:00:00+0000,16.18,16.23,16.02,16.06,10415338.0
2018-01-18 00:00:00+0000,16.07,16.16,15.95,15.97,7162502.0
2018-01-19 00:00:00+0000,16.05,16.12,16.02,16.05,6123470.0
2018-01-22 00:00:00+0000,16.07,16.09,16.0,16.04,4373638.0
2018-01-23 00:00:00+0000,15.86,16.09,15.79,16.08,8220036.0
2018-01-24 00:00:00+0000,16.38,16.62,16.35,16.56,15739353.0
2018-01-25 00:00:00+0000,16.54,16.64,16.16,16.31,16452054.0
2018-01-26 00:00:00+0000,16.38,16.5,16.36,16.41,6854696.0
2018-01-29 00:00:00+0000,16.29,16.29,16.13,16.21,6510454.0
2018-01-30 00:00:00+0000,16.31,16.32,16.1,16.15,7896620.0
2018-01-31 00:00:00+0000,16.26,16.41,16.17,16.35,12034164.0
2018-02-01 00:00:00+0000,16.16,16.28,16.13,16.25,6662780.0
2018-02-02 00:00:00+0000,16.02,16.02,15.63,15.66,16593850.0
2018-02-05 00:00:00+0000,15.91,15.93,15.72,15.74,11024064.0
2018-02-06 00:00:00+0000,15.75,15.76,15.63,15.65,9744698.0
2018-02-07 00:00:00+0000,15.53,15.58,15.34,15.41,11017109.0
2018-02-08 00:00:00+0000,15.52,15.54,15.41,15.46,7160946.0
2018-02-09 00:00:00+0000,15.4,15.4,15.26,15.39,8028839.0
2018-02-12 00:00:00+0000,15.51,15.68,15.49,15.57,9909273.0
2018-02-13 00:00:00+0000,15.59,15.66,15.51,15.62,5097703.0
2018-02-14 00:00:00+0000,15.66,15.97,15.64,15.91,13029675.0
2018-02-15 00:00:00+0000,15.91,15.94,15.69,15.91,8429343.0
2018-02-16 00:00:00+0000,15.83,15.89,15.67,15.73,6885856.0
2018-02-20 00:00:00+0000,15.69,15.73,15.49,15.54,8237020.0
2018-02-21 00:00:00+0000,15.63,15.81,15.52,15.54,10108581.0
2018-02-22 00:00:00+0000,15.63,15.74,15.6,15.66,5533082.0
2018-02-23 00:00:00+0000,15.62,15.63,15.56,15.59,4182636.0
2018-02-26 00:00:00+0000,15.67,15.69,15.55,15.68,4689584.0
2018-02-27 00:00:00+0000,15.64,15.65,15.39,15.48,7494592.0
2018-02-28 00:00:00+0000,15.51,15.57,15.43,15.46,3935410.0
2018-03-01 00:00:00+0000,15.32,15.61,15.23,15.54,10486293.0
2018-03-02 00:00:00+0000,15.61,15.63,15.49,15.56,5823889.0
2018-03-05 00:00:00+0000,15.49,15.51,15.42,15.49,3781869.0
2018-03-06 00:00:00+0000,15.69,15.9,15.68,15.78,9215222.0
2018-03-07 00:00:00+0000,15.65,15.65,15.49,15.53,7931228.0
2018-03-08 00:00:00+0000,15.55,15.57,15.49,15.55,6679644.0
2018-03-09 00:00:00+0000,15.5,15.74,15.47,15.63,6722674.0
2018-03-12 00:00:00+0000,15.54,15.62,15.51,15.61,4801011.0
2018-03-13 00:00:00+0000,15.63,15.68,15.53,15.61,6030323.0
2018-03-14 00:00:00+0000,15.61,15.63,15.56,15.61,3923038.0
2018-03-15 00:00:00+0000,15.52,15.52,15.43,15.45,5512433.0
2018-03-16 00:00:00+0000,15.46,15.48,15.28,15.39,6554242.0
2018-03-19 00:00:00+0000,15.36,15.42,15.31,15.39,4728609.0
2018-03-20 00:00:00+0000,15.33,15.33,15.19,15.28,6911127.0
2018-03-21 00:00:00+0000,15.51,15.71,15.42,15.65,12372995.0
2018-03-22 00:00:00+0000,15.52,15.54,15.4,15.44,10395826.0
2018-03-23 00:00:00+0000,15.68,15.71,15.57,15.58,8975619.0
2018-03-26 00:00:00+0000,15.73,15.82,15.71,15.72,8207022.0
2018-03-27 00:00:00+0000,15.62,15.64,15.52,15.57,8170976.0
2018-03-28 00:00:00+0000,15.43,15.43,15.32,15.36,8575419.0
2018-03-29 00:00:00+0000,15.31,15.43,15.3,15.41,5678471.0
2018-04-02 00:00:00+0000,15.62,15.72,15.58,15.65,9171539.0
2018-04-03 00:00:00+0000,15.51,15.53,15.41,15.46,5501017.0
2018-04-04 00:00:00+0000,15.38,15.45,15.31,15.38,7931001.0
2018-04-05 00:00:00+0000,15.28,15.48,15.27,15.45,5379966.0
2018-04-06 00:00:00+0000,15.52,15.55,15.39,15.43,6600205.0
2018-04-09 00:00:00+0000,15.47,15.6,15.43,15.56,6406681.0
2018-04-10 00:00:00+0000,15.66,15.69,15.57,15.62,6563154.0
2018-04-11 00:00:00+0000,15.67,15.9,15.65,15.69,13165185.0
2018-04-12 00:00:00+0000,15.58,15.59,15.5,15.52,7181652.0
2018-04-13 00:00:00+0000,15.64,15.73,15.64,15.68,5956340.0
2018-04-16 00:00:00+0000,15.77,15.81,15.69,15.72,5075385.0
2018-04-17 00:00:00+0000,15.72,15.83,15.69,15.8,6725851.0
2018-04-18 00:00:00+0000,16.15,16.26,16.09,16.18,18883144.0
2018-04-19 00:00:00+0000,16.27,16.35,16.1,16.26,15725596.0
2018-04-20 00:00:00+0000,16.15,16.22,16.11,16.13,7598261.0
2018-04-23 00:00:00+0000,15.79,15.81,15.63,15.67,14057540.0
2018-04-24 00:00:00+0000,15.69,15.79,15.67,15.76,7310658.0
2018-04-25 00:00:00+0000,15.62,15.64,15.55,15.61,5284089.0
2018-04-26 00:00:00+0000,15.63,15.64,15.47,15.58,8195506.0
2018-04-27 00:00:00+0000,15.54,15.59,15.49,15.57,5466395.0
2018-04-30 00:00:00+0000,15.31,15.5,15.26,15.38,12823036.0
2018-05-01 00:00:00+0000,15.3,15.32,15.12,15.24,13602216.0
2018-05-02 00:00:00+0000,15.44,15.57,15.38,15.42,10051802.0
2018-05-03 00:00:00+0000,15.56,15.59,15.44,15.46,5299138.0
2018-05-04 00:00:00+0000,15.43,15.55,15.41,15.54,4057855.0
2018-05-07 00:00:00+0000,15.5,15.55,15.47,15.52,3177422.0
2018-05-08 00:00:00+0000,15.49,15.57,15.36,15.51,9345126.0
2018-05-09 00:00:00+0000,15.55,15.65,15.52,15.53,6546529.0
2018-05-10 00:00:00+0000,15.73,15.78,15.68,15.74,7918265.0
2018-05-11 00:00:00+0000,15.83,15.85,15.68,15.7,6495956.0
2018-05-14 00:00:00+0000,15.68,15.71,15.53,15.56,7093312.0
2018-05-15 00:00:00+0000,15.32,15.36,15.26,15.33,9611596.0
2018-05-16 00:00:00+0000,15.35,15.47,15.31,15.41,6684318.0
2018-05-17 00:00:00+0000,15.5,15.53,15.46,15.47,4883563.0
2018-05-18 00:00:00+0000,15.43,15.51,15.42,15.48,3312039.0
2018-05-21 00:00:00+0000,15.53,15.56,15.46,15.54,4165503.0
2018-05-22 00:00:00+0000,15.66,15.69,15.55,15.58,5182254.0
2018-05-23 00:00:00+0000,15.4,15.53,15.37,15.5,6943485.0
2018-05-24 00:00:00+0000,15.61,15.72,15.59,15.69,6755511.0
2018-05-25 00:00:00+0000,15.65,15.67,15.52,15.53,5029286.0
2018-05-29 00:00:00+0000,15.42,15.51,15.39,15.44,9041469.0
2018-05-30 00:00:00+0000,15.48,15.59,15.47,15.55,4572872.0
2018-05-31 00:00:00+0000,15.53,15.6,15.45,15.46,5256402.0
2018-06-01 00:00:00+0000,15.46,15.54,15.41,15.44,6007208.0
2018-06-04 00:00:00+0000,15.53,15.56,15.44,15.45,3774827.0
2018-06-05 00:00:00+0000,15.47,15.57,15.43,15.52,5926118.0
2018-06-06 00:00:00+0000,15.7,15.76,15.65,15.7,8506250.0
2018-06-07 00:00:00+0000,15.82,15.91,15.68,15.72,8604125.0
2018-06-08 00:00:00+0000,15.82,15.83,15.72,15.78,3649134.0
2018-06-11 00:00:00+0000,15.88,15.96,15.88,15.94,9733029.0
2018-06-12 00:00:00+0000,15.88,15.96,15.83,15.87,6152366.0
2018-06-13 00:00:00+0000,15.97,16.11,15.82,16.08,11752310.0
2018-06-14 00:00:00+0000,16.17,16.28,16.14,16.17,11075023.0
2018-06-15 00:00:00+0000,15.96,15.96,15.49,15.6,22553989.0
2018-06-18 00:00:00+0000,15.56,15.59,15.45,15.51,8721726.0
2018-06-19 00:00:00+0000,15.37,15.42,15.33,15.36,10411271.0
2018-06-20 00:00:00+0000,15.36,15.39,15.31,15.34,7605219.0
2018-06-21 00:00:00+0000,15.37,15.4,15.31,15.36,6832679.0
2018-06-22 00:00:00+0000,15.42,15.52,15.38,15.5,6955669.0
2018-06-25 00:00:00+0000,15.39,15.4,15.33,15.37,5330620.0
2018-06-26 00:00:00+0000,15.33,15.37,15.29,15.33,5730910.0
2018-06-27 00:00:00+0000,15.24,15.31,15.03,15.12,10580374.0
2018-06-28 00:00:00+0000,15.1,15.11,14.98,15.07,8568869.0
2018-06-29 00:00:00+0000,15.08,15.22,15.04,15.15,7836496.0
2018-07-02 00:00:00+0000,14.96,15.0,14.84,14.91,8786269.0
2018-07-03 00:00:00+0000,15.05,15.1,15.03,15.03,3894964.0
2018-07-05 00:00:00+0000,15.07,15.15,15.04,15.1,6787834.0
2018-07-06 00:00:00+0000,15.06,15.1,15.03,15.08,4690134.0
2018-07-09 00:00:00+0000,15.21,15.25,15.13,15.17,6033105.0
2018-07-10 00:00:00+0000,15.14,15.16,15.08,15.12,3737938.0
2018-07-11 00:00:00+0000,14.98,15.0,14.85,14.86,10054080.0
2018-07-12 00:00:00+0000,14.98,15.06,14.94,15.0,6673711.0
2018-07-13 00:00:00+0000,14.88,14.95,14.82,14.88,7831420.0
2018-07-16 00:00:00+0000,14.85,14.88,14.81,14.85,4113042.0
2018-07-17 00:00:00+0000,14.68,14.76,14.62,14.67,17255648.0
2018-07-18 00:00:00+0000,14.55,14.66,14.5,14.63,7725165.0
2018-07-19 00:00:00+0000,14.36,14.55,14.35,14.42,14549213.0
2018-07-20 00:00:00+0000,14.52,14.62,14.48,14.59,10013334.0
2018-07-23 00:00:00+0000,14.52,14.54,14.43,14.47,5947290.0
2018-07-24 00:00:00+0000,14.59,14.68,14.54,14.58,7291306.0
2018-07-25 00:00:00+0000,14.68,14.7,14.6,14.68,6381535.0
2018-07-26 00:00:00+0000,14.57,14.65,14.48,14.49,7558364.0
2018-07-27 00:00:00+0000,14.56,14.62,14.54,14.57,5743302.0
2018-07-30 00:00:00+0000,14.56,14.63,14.55,14.58,3580912.0
2018-07-31 00:00:00+0000,14.58,14.69,14.53,14.61,6723327.0
2018-08-01 00:00:00+0000,14.55,14.56,14.47,14.48,4625421.0
2018-08-02 00:00:00+0000,14.48,14.51,14.38,14.43,7633717.0
2018-08-03 00:00:00+0000,14.53,14.64,14.48,14.5,6769126.0
2018-08-06 00:00:00+0000,14.43,14.45,14.38,14.4,3211900.0
2018-08-07 00:00:00+0000,14.5,14.5,14.42,14.43,3233478.0
2018-08-08 00:00:00+0000,14.49,14.53,14.43,14.5,4804321.0
2018-08-09 00:00:00+0000,14.53,14.59,14.5,14.52,3829745.0
2018-08-10 00:00:00+0000,14.42,14.52,14.38,14.41,5510410.0
2018-08-13 00:00:00+0000,14.35,14.35,14.08,14.1,11172468.0
2018-08-14 00:00:00+0000,14.14,14.21,14.11,14.17,5445058.0
2018-08-15 00:00:00+0000,13.88,13.88,13.51,13.57,23265998.0
2018-08-16 00:00:00+0000,13.79,13.95,13.77,13.77,12219436.0
2018-08-17 00:00:00+0000,13.82,13.94,13.75,13.92,6964891.0
2018-08-20 00:00:00+0000,13.86,13.9,13.77,13.88,6770000.0
2018-08-21 00:00:00+0000,13.89,13.92,13.84,13.89,3872523.0
2018-08-22 00:00:00+0000,13.89,13.91,13.82,13.88,5139639.0
2018-08-23 00:00:00+0000,13.74,13.78,13.62,13.65,6186765.0
2018-08-24 00:00:00+0000,13.85,13.99,13.82,13.92,7548215.0
2018-08-27 00:00:00+0000,13.93,14.03,13.93,13.99,10372018.0
2018-08-28 00:00:00+0000,14.02,14.05,13.79,13.84,9762411.0
2018-08-29 00:00:00+0000,13.88,13.91,13.82,13.87,5832930.0
2018-08-30 00:00:00+0000,13.77,13.77,13.64,13.7,8344781.0
2018-08-31 00:00:00+0000,13.68,13.74,13.62,13.65,6253385.0
2018-09-04 00:00:00+0000,13.23,13.33,13.17,13.31,14730353.0
2018-09-05 00:00:00+0000,13.37,13.39,13.32,13.35,5646508.0
2018-09-06 00:00:00+0000,13.36,13.44,13.27,13.31,9057651.0
2018-09-07 00:00:00+0000,13.32,13.41,13.27,13.32,6711128.0
2018-09-10 00:00:00+0000,13.37,13.38,13.29,13.31,4101542.0
2018-09-11 00:00:00+0000,13.21,13.31,13.11,13.28,7710429.0
2018-09-12 00:00:00+0000,13.25,13.43,13.23,13.39,8764559.0
2018-09-13 00:00:00+0000,13.45,13.5,13.32,13.35,9677079.0
2018-09-14 00:00:00+0000,13.35,13.38,13.22,13.23,7228144.0
2018-09-17 00:00:00+0000,13.33,13.4,13.3,13.31,6415317.0
2018-09-18 00:00:00+0000,13.34,13.37,13.25,13.31,5640260.0
2018-09-19 00:00:00+0000,13.37,13.49,13.34,13.4,12590604.0
2018-09-20 00:00:00+0000,13.41,13.46,13.36,13.45,7704771.0
2018-09-21 00:00:00+0000,13.34,13.54,13.32,13.44,10354440.0
2018-09-24 00:00:00+0000,13.44,13.53,13.41,13.41,5303589.0
2018-09-25 00:00:00+0000,13.57,13.69,13.57,13.59,8706890.0
2018-09-26 00:00:00+0000,13.52,13.6,13.45,13.49,9604294.0
2018-09-27 00:00:00+0000,13.36,13.45,13.33,13.41,6173843.0
2018-09-28 00:00:00+0000,13.63,13.84,13.62,13.73,14050471.0
2018-10-01 00:00:00+0000,13.53,13.65,13.51,13.62,8666774.0
2018-10-02 00:00:00+0000,13.9,14.02,13.76,13.79,19883299.0
2018-10-03 00:00:00+0000,13.84,13.89,13.74,13.78,8268924.0
2018-10-04 00:00:00+0000,13.85,13.87,13.66,13.71,8323707.0
2018-10-05 00:00:00+0000,13.81,13.83,13.7,13.75,6865702.0
2018-10-08 00:00:00+0000,13.46,13.53,13.4,13.53,8562085.0
2018-10-09 00:00:00+0000,13.48,13.55,13.4,13.53,6015463.0
2018-10-10 00:00:00+0000,13.49,13.5,13.38,13.45,7514903.0
2018-10-11 00:00:00+0000,13.59,13.75,13.55,13.67,15229407.0
2018-10-12 00:00:00+0000,13.78,13.81,13.67,13.74,7777779.0
2018-10-15 00:00:00+0000,13.83,13.88,13.77,13.8,6399347.0
2018-10-16 00:00:00+0000,13.91,13.93,13.76,13.78,6883671.0
2018-10-17 00:00:00+0000,13.79,13.85,13.72,13.74,5964081.0
2018-10-18 00:00:00+0000,13.7,13.78,13.65,13.7,5791249.0
2018-10-19 00:00:00+0000,13.8,13.83,13.72,13.74,4522718.0
2018-10-22 00:00:00+0000,13.69,13.7,13.64,13.68,4552847.0
2018-10-23 00:00:00+0000,13.89,13.92,13.82,13.83,6666565.0
2018-10-24 00:00:00+0000,13.85,13.88,13.76,13.79,6322876.0
2018-10-25 00:00:00+0000,13.77,13.79,13.71,13.74,6093132.0
2018-10-26 00:00:00+0000,13.8,13.88,13.77,13.81,7285398.0
2018-10-29 00:00:00+0000,13.8,13.8,13.53,13.59,8706650.0
2018-10-30 00:00:00+0000,13.57,13.63,13.56,13.61,5789805.0
2018-10-31 00:00:00+0000,13.44,13.47,13.38,13.41,8317677.0
2018-11-01 00:00:00+0000,13.72,13.92,13.69,13.83,10417781.0
2018-11-02 00:00:00+0000,13.91,14.01,13.82,13.86,9438219.0
2018-11-05 00:00:00+0000,13.77,13.83,13.72,13.76,4891537.0
2018-11-06 00:00:00+0000,13.71,13.73,13.61,13.65,4910488.0
2018-11-07 00:00:00+0000,13.75,13.77,13.67,13.67,3627931.0
2018-11-08 00:00:00+0000,13.56,13.62,13.51,13.56,5010455.0
2018-11-09 00:00:00+0000,13.37,13.37,13.25,13.32,11201787.0
2018-11-12 00:00:00+0000,13.22,13.22,13.15,13.17,5395005.0
2018-11-13 00:00:00+0000,13.16,13.24,13.11,13.15,9610072.0
2018-11-14 00:00:00+0000,13.16,13.34,13.14,13.28,10825692.0
2018-11-15 00:00:00+0000,13.31,13.48,13.3,13.42,7118479.0
2018-11-16 00:00:00+0000,13.52,13.55,13.47,13.53,6806282.0
2018-11-19 00:00:00+0000,13.53,13.57,13.49,13.55,5803628.0
2018-11-20 00:00:00+0000,13.53,13.54,13.36,13.45,6356747.0
2018-11-21 00:00:00+0000,13.58,13.67,13.58,13.6,5407126.0
2018-11-23 00:00:00+0000,13.43,13.45,13.39,13.42,3044470.0
2018-11-26 00:00:00+0000,13.43,13.46,13.36,13.39,4866730.0
2018-11-27 00:00:00+0000,13.4,13.42,13.23,13.29,6881861.0
2018-11-28 00:00:00+0000,13.31,13.53,13.26,13.43,8725491.0
2018-11-29 00:00:00+0000,13.47,13.52,13.4,13.43,5549290.0
2018-11-30 00:00:00+0000,13.3,13.32,13.2,13.32,6927667.0
2018-12-03 00:00:00+0000,13.63,13.65,13.48,13.49,11328490.0
2018-12-04 00:00:00+0000,13.74,13.77,13.62,13.62,9440186.0
2018-12-06 00:00:00+0000,13.54,13.61,13.52,13.6,6176765.0
2018-12-07 00:00:00+0000,13.64,13.76,13.63,13.73,7358677.0
2018-12-10 00:00:00+0000,13.63,13.71,13.6,13.65,6105040.0
2018-12-11 00:00:00+0000,13.76,13.82,13.63,13.66,6328136.0
2018-12-12 00:00:00+0000,13.8,13.89,13.79,13.82,6543565.0
2018-12-13 00:00:00+0000,13.84,13.88,13.8,13.86,4600023.0
2018-12-14 00:00:00+0000,13.62,13.74,13.6,13.7,8116696.0
2018-12-17 00:00:00+0000,13.71,13.81,13.68,13.77,6179092.0
2018-12-18 00:00:00+0000,13.75,13.82,13.72,13.75,6658724.0
2018-12-19 00:00:00+0000,13.81,13.93,13.65,13.69,16548818.0
2018-12-20 00:00:00+0000,13.88,13.94,13.8,13.85,12402147.0
2018-12-21 00:00:00+0000,13.82,13.84,13.71,13.74,6894744.0
2018-12-24 00:00:00+0000,13.79,13.91,13.79,13.87,6039317.0
2018-12-26 00:00:00+0000,14.1,14.24,14.05,14.11,13863964.0
2018-12-27 00:00:00+0000,14.25,14.34,14.21,14.3,12320723.0
2018-12-28 00:00:00+0000,14.4,14.45,14.32,14.42,11098820.0
2018-12-31 00:00:00+0000,14.42,14.56,14.41,14.52,10527567.0
2019-01-02 00:00:00+0000,14.46,14.66,14.45,14.56,11347558.0
2019-01-03 00:00:00+0000,14.69,14.79,14.63,14.75,12300159.0
2019-01-04 00:00:00+0000,14.73,14.79,14.63,14.73,16951194.0
2019-01-07 00:00:00+0000,14.76,14.78,14.66,14.67,7136838.0
2019-01-08 00:00:00+0000,14.65,14.73,14.64,14.69,6120634.0
2019-01-09 00:00:00+0000,14.68,14.81,14.66,14.78,9423175.0
2019-01-10 00:00:00+0000,14.68,14.72,14.59,14.6,8402474.0
2019-01-11 00:00:00+0000,14.62,14.7,14.59,14.64,4556394.0
2019-01-14 00:00:00+0000,14.67,14.7,14.62,14.66,3977025.0
2019-01-15 00:00:00+0000,14.71,14.74,14.59,14.6,14846102.0
2019-01-16 00:00:00+0000,14.65,14.69,14.61,14.63,5323681.0
2019-01-17 00:00:00+0000,14.55,14.6,14.51,14.57,7379907.0
2019-01-18 00:00:00+0000,14.45,14.5,14.37,14.37,8440213.0
2019-01-22 00:00:00+0000,14.33,14.41,14.3,14.39,7637850.0
2019-01-23 00:00:00+0000,14.35,14.43,14.32,14.42,5519788.0
2019-01-24 00:00:00+0000,14.4,14.42,14.33,14.36,3550059.0
2019-01-25 00:00:00+0000,14.58,14.76,14.58,14.74,10191394.0
2019-01-28 00:00:00+0000,14.66,14.8,14.64,14.79,7560703.0
2019-01-29 00:00:00+0000,14.88,14.91,14.83,14.88,5894311.0
2019-01-30 00:00:00+0000,14.92,15.12,14.88,15.05,12150176.0
2019-01-31 00:00:00+0000,15.17,15.19,15.03,15.05,7875730.0
2019-02-01 00:00:00+0000,15.05,15.08,14.91,14.92,6268251.0
2019-02-04 00:00:00+0000,14.83,14.93,14.82,14.88,5557261.0
2019-02-05 00:00:00+0000,14.91,14.93,14.83,14.87,5244206.0
2019-02-06 00:00:00+0000,14.85,14.86,14.67,14.68,7230503.0
2019-02-07 00:00:00+0000,14.7,14.78,14.69,14.77,7142580.0
2019-02-08 00:00:00+0000,14.79,14.87,14.76,14.83,4957728.0
2019-02-11 00:00:00+0000,14.72,14.8,14.71,14.72,3287977.0
2019-02-12 00:00:00+0000,14.75,14.76,14.7,14.73,3926849.0
2019-02-13 00:00:00+0000,14.74,14.84,14.58,14.59,7710852.0
2019-02-14 00:00:00+0000,14.57,14.67,14.55,14.65,6231576.0
2019-02-15 00:00:00+0000,14.7,14.83,14.63,14.82,6165460.0
2019-02-19 00:00:00+0000,14.84,15.02,14.84,15.02,7558379.0
2019-02-20 00:00:00+0000,15.07,15.21,15.03,15.07,9022194.0
2019-02-21 00:00:00+0000,14.95,14.97,14.83,14.83,7167486.0
2019-02-22 00:00:00+0000,14.92,14.99,14.9,14.95,3746445.0
2019-02-25 00:00:00+0000,14.97,14.99,14.86,14.9,5364989.0
2019-02-26 00:00:00+0000,14.94,14.95,14.83,14.94,4727175.0
2019-02-27 00:00:00+0000,14.87,14.87,14.73,14.75,6541787.0
2019-02-28 00:00:00+0000,14.75,14.75,14.61,14.63,5640724.0
2019-03-01 00:00:00+0000,14.49,14.55,14.2,14.2,16598667.0
2019-03-04 00:00:00+0000,14.16,14.19,14.12,14.15,8724086.0
2019-03-05 00:00:00+0000,14.15,14.21,14.11,14.2,6570063.0
2019-03-06 00:00:00+0000,14.17,14.17,14.11,14.15,5529522.0
2019-03-07 00:00:00+0000,14.07,14.14,14.05,14.09,5586327.0
2019-03-08 00:00:00+0000,14.32,14.42,14.3,14.41,8066250.0
2019-03-11 00:00:00+0000,14.36,14.37,14.26,14.37,6316089.0
2019-03-12 00:00:00+0000,14.46,14.51,14.4,14.48,6823026.0
2019-03-13 00:00:00+0000,14.51,14.55,14.48,14.51,4541560.0
2019-03-14 00:00:00+0000,14.25,14.27,14.2,14.24,7243874.0
2019-03-15 00:00:00+0000,14.39,14.43,14.33,14.33,5212803.0
2019-03-18 00:00:00+0000,14.41,14.47,14.36,14.39,4516672.0
2019-03-19 00:00:00+0000,14.46,14.48,14.39,14.4,3952565.0
2019-03-20 00:00:00+0000,14.45,14.59,14.32,14.54,13374873.0
2019-03-21 00:00:00+0000,14.56,14.56,14.42,14.5,7929616.0
2019-03-22 00:00:00+0000,14.45,14.49,14.41,14.45,4260370.0
2019-03-25 00:00:00+0000,14.54,14.61,14.52,14.56,7058291.0
2019-03-26 00:00:00+0000,14.54,14.54,14.43,14.47,4647250.0
2019-03-27 00:00:00+0000,14.42,14.44,14.31,14.32,8262909.0
2019-03-28 00:00:00+0000,14.17,14.17,14.04,14.07,14576770.0
2019-03-29 00:00:00+0000,14.24,14.25,14.17,14.18,7843484.0
2019-04-01 00:00:00+0000,14.24,14.25,14.14,14.15,6842005.0
2019-04-02 00:00:00+0000,14.07,14.17,14.05,14.16,5320309.0
2019-04-03 00:00:00+0000,14.1,14.22,14.1,14.2,6436723.0
2019-04-04 00:00:00+0000,14.02,14.23,13.97,14.22,11697679.0
2019-04-05 00:00:00+0000,14.21,14.24,14.13,14.17,5999445.0
2019-04-08 00:00:00+0000,14.3,14.31,14.24,14.31,6880640.0
2019-04-09 00:00:00+0000,14.35,14.35,14.26,14.28,4928349.0
2019-04-10 00:00:00+0000,14.25,14.34,14.25,14.28,4688824.0
2019-04-11 00:00:00+0000,14.12,14.17,13.97,14.02,12104848.0
2019-04-12 00:00:00+0000,14.09,14.17,14.03,14.05,7020938.0
2019-04-15 00:00:00+0000,13.96,14.1,13.92,14.06,9859513.0
2019-04-16 00:00:00+0000,13.99,14.08,13.97,14.07,10543394.0
2019-04-17 00:00:00+0000,14.1,14.11,13.99,14.05,5984508.0
2019-04-18 00:00:00+0000,14.03,14.08,14.03,14.06,4619858.0
2019-04-22 00:00:00+0000,14.08,14.1,14.04,14.08,5053757.0
2019-04-23 00:00:00+0000,13.86,13.93,13.83,13.91,6689821.0
2019-04-24 00:00:00+0000,13.92,14.05,13.92,14.0,4767494.0
2019-04-25 00:00:00+0000,14.02,14.08,13.98,14.0,4165560.0
2019-04-26 00:00:00+0000,14.09,14.14,14.04,14.1,5847032.0
2019-04-29 00:00:00+0000,14.01,14.01,13.95,13.99,3357546.0
2019-04-30 00:00:00+0000,13.94,14.04,13.91,14.02,6305648.0
2019-05-01 00:00:00+0000,13.89,13.93,13.69,13.75,20367825.0
2019-05-02 00:00:00+0000,13.72,13.75,13.65,13.71,6681626.0
2019-05-03 00:00:00+0000,13.87,14.03,13.86,13.96,10916486.0
2019-05-06 00:00:00+0000,13.87,13.99,13.86,13.98,5653319.0
2019-05-07 00:00:00+0000,13.95,13.99,13.92,13.98,4627289.0
2019-05-08 00:00:00+0000,13.96,13.98,13.89,13.89,4306821.0
2019-05-09 00:00:00+0000,13.78,13.88,13.77,13.83,4028053.0
2019-05-10 00:00:00+0000,13.83,13.87,13.81,13.84,2923093.0
2019-05-13 00:00:00+0000,13.86,13.87,13.8,13.84,5536342.0
2019-05-14 00:00:00+0000,13.87,13.92,13.82,13.86,6979149.0
2019-05-15 00:00:00+0000,13.88,13.89,13.83,13.85,5190320.0
2019-05-16 00:00:00+0000,13.81,13.82,13.6,13.65,9866630.0
2019-05-17 00:00:00+0000,13.53,13.54,13.49,13.52,5933273.0
2019-05-20 00:00:00+0000,13.52,13.57,13.5,13.55,4175809.0
2019-05-21 00:00:00+0000,13.51,13.56,13.47,13.53,3766929.0
2019-05-22 00:00:00+0000,13.55,13.58,13.52,13.54,4429918.0
2019-05-23 00:00:00+0000,13.61,13.72,13.6,13.68,6105595.0
2019-05-24 00:00:00+0000,13.66,13.67,13.61,13.65,2827347.0
2019-05-28 00:00:00+0000,13.45,13.46,13.39,13.46,8604970.0
2019-05-29 00:00:00+0000,13.55,13.57,13.49,13.52,4822663.0
2019-05-30 00:00:00+0000,13.55,13.66,13.53,13.6,4481525.0
2019-05-31 00:00:00+0000,13.61,13.76,13.59,13.65,7725283.0
2019-06-03 00:00:00+0000,13.77,13.9,13.75,13.87,10218268.0
2019-06-04 00:00:00+0000,13.83,13.92,13.79,13.89,8946191.0
2019-06-05 00:00:00+0000,14.01,14.03,13.83,13.88,13661539.0
2019-06-06 00:00:00+0000,13.99,14.01,13.92,13.92,5777972.0
2019-06-07 00:00:00+0000,14.06,14.2,14.04,14.06,14503701.0
2019-06-10 00:00:00+0000,13.83,13.85,13.72,13.78,9310866.0
2019-06-11 00:00:00+0000,13.78,13.87,13.77,13.81,5648177.0
2019-06-12 00:00:00+0000,13.84,13.9,13.82,13.84,4532055.0
2019-06-13 00:00:00+0000,13.88,13.99,13.86,13.96,6414692.0
2019-06-14 00:00:00+0000,14.01,14.05,13.85,13.91,9232187.0
2019-06-17 00:00:00+0000,13.97,13.97,13.88,13.9,3747126.0
2019-06-18 00:00:00+0000,14.01,14.14,13.94,14.05,12531182.0
2019-06-19 00:00:00+0000,14.02,14.17,13.99,14.17,12633723.0
2019-06-20 00:00:00+0000,14.39,14.54,14.35,14.45,20734021.0
2019-06-21 00:00:00+0000,14.36,14.4,14.24,14.36,11671247.0
2019-06-24 00:00:00+0000,14.35,14.49,14.35,14.46,13298107.0
2019-06-25 00:00:00+0000,14.43,14.51,14.3,14.38,22612232.0
2019-06-26 00:00:00+0000,14.31,14.38,14.26,14.32,7745083.0
2019-06-27 00:00:00+0000,14.22,14.29,14.2,14.28,8979785.0
2019-06-28 00:00:00+0000,14.28,14.36,14.24,14.33,13219794.0
2019-07-01 00:00:00+0000,14.24,14.33,14.17,14.18,9843383.0
2019-07-02 00:00:00+0000,14.14,14.32,14.12,14.29,13445269.0
2019-07-03 00:00:00+0000,14.34,14.36,14.29,14.32,7839040.0
2019-07-05 00:00:00+0000,14.1,14.1,13.95,14.06,15886282.0
2019-07-08 00:00:00+0000,14.12,14.13,14.04,14.05,9050680.0
2019-07-09 00:00:00+0000,14.09,14.17,14.04,14.14,8128897.0
2019-07-10 00:00:00+0000,14.27,14.29,14.15,14.26,13537570.0
2019-07-11 00:00:00+0000,14.23,14.28,14.14,14.17,8402220.0
2019-07-12 00:00:00+0000,14.18,14.29,14.14,14.26,7739369.0
2019-07-15 00:00:00+0000,14.29,14.43,14.28,14.42,15890174.0
2019-07-16 00:00:00+0000,14.51,14.7,14.5,14.54,35551096.0
2019-07-17 00:00:00+0000,14.75,14.98,14.74,14.94,24506765.0
2019-07-18 00:00:00+0000,15.07,15.32,15.01,15.29,35272125.0
2019-07-19 00:00:00+0000,15.4,15.54,15.03,15.17,38989892.0
2019-07-22 00:00:00+0000,15.3,15.39,15.28,15.35,16936262.0
2019-07-23 00:00:00+0000,15.41,15.49,15.33,15.34,20862184.0
2019-07-24 00:00:00+0000,15.54,15.59,15.48,15.52,15003403.0
2019-07-25 00:00:00+0000,15.47,15.48,15.27,15.36,18830827.0
2019-07-26 00:00:00+0000,15.42,15.43,15.29,15.31,9751855.0
2019-07-29 00:00:00+0000,15.36,15.43,15.3,15.4,10310896.0
2019-07-30 00:00:00+0000,15.45,15.55,15.39,15.5,9089278.0
2019-07-31 00:00:00+0000,15.39,15.43,15.16,15.21,28264668.0
2019-08-01 00:00:00+0000,15.0,15.34,14.98,15.34,27395325.0
2019-08-02 00:00:00+0000,15.09,15.28,15.08,15.19,19111211.0
2019-08-05 00:00:00+0000,15.37,15.49,15.22,15.33,30334666.0
2019-08-06 00:00:00+0000,15.4,15.43,15.32,15.38,12323910.0
2019-08-07 00:00:00+0000,15.85,16.15,15.83,15.97,46287898.0
2019-08-08 00:00:00+0000,15.78,15.99,15.74,15.89,21727291.0
2019-08-09 00:00:00+0000,15.85,15.97,15.78,15.89,13931856.0
2019-08-12 00:00:00+0000,15.86,16.07,15.84,15.98,15772841.0
2019-08-13 00:00:00+0000,16.18,16.19,15.47,15.87,35436678.0
2019-08-14 00:00:00+0000,16.12,16.22,15.98,16.08,31126106.0
2019-08-15 00:00:00+0000,16.13,16.18,16.06,16.13,15864254.0
2019-08-16 00:00:00+0000,16.1,16.14,15.97,16.02,13642135.0
2019-08-19 00:00:00+0000,15.87,15.94,15.78,15.79,14004737.0
2019-08-20 00:00:00+0000,15.91,16.09,15.91,16.05,10974793.0
2019-08-21 00:00:00+0000,15.99,16.1,15.95,16.05,10847434.0
2019-08-22 00:00:00+0000,15.98,16.05,15.95,15.97,6226427.0
2019-08-23 00:00:00+0000,16.04,16.36,15.98,16.35,24999137.0
2019-08-26 00:00:00+0000,16.5,16.63,16.44,16.52,21818300.0
2019-08-27 00:00:00+0000,16.84,17.04,16.77,17.03,37548250.0
2019-08-28 00:00:00+0000,17.15,17.25,17.01,17.17,29516824.0
2019-08-29 00:00:00+0000,17.36,17.41,16.88,17.07,48029451.0
2019-08-30 00:00:00+0000,17.09,17.26,17.0,17.15,27257179.0
2019-09-03 00:00:00+0000,17.59,17.94,17.52,17.89,36753278.0
2019-09-04 00:00:00+0000,18.08,18.35,18.05,18.34,32864781.0
2019-09-05 00:00:00+0000,17.98,17.98,17.29,17.41,49249606.0
2019-09-06 00:00:00+0000,17.49,17.59,16.8,16.87,64047318.0
2019-09-09 00:00:00+0000,16.93,17.01,16.8,16.83,25441221.0
2019-09-10 00:00:00+0000,16.96,17.01,16.85,16.85,21330144.0
2019-09-11 00:00:00+0000,16.8,16.98,16.79,16.95,16302327.0
2019-09-12 00:00:00+0000,16.98,17.11,16.85,16.92,27722977.0
2019-09-13 00:00:00+0000,16.9,16.94,16.28,16.31,38584036.0
2019-09-16 00:00:00+0000,16.71,16.84,16.6,16.74,20407052.0
2019-09-17 00:00:00+0000,16.73,16.92,16.66,16.86,12477614.0
2019-09-18 00:00:00+0000,16.75,16.84,16.38,16.55,28486712.0
2019-09-19 00:00:00+0000,16.72,16.75,16.61,16.62,9921041.0
2019-09-20 00:00:00+0000,16.65,16.8,16.61,16.8,13208277.0
2019-09-23 00:00:00+0000,17.29,17.51,17.26,17.51,21049144.0
2019-09-24 00:00:00+0000,17.2,17.46,17.07,17.44,25691549.0
2019-09-25 00:00:00+0000,17.29,17.35,16.67,16.71,27776980.0
2019-09-26 00:00:00+0000,16.76,16.89,16.63,16.67,19667208.0
2019-09-27 00:00:00+0000,16.26,16.49,16.19,16.36,23743847.0
2019-09-30 00:00:00+0000,16.03,16.1,15.83,15.92,28121831.0
2019-10-01 00:00:00+0000,15.96,16.21,15.91,16.15,22142180.0
2019-10-02 00:00:00+0000,16.33,16.54,16.27,16.43,20618902.0
2019-10-03 00:00:00+0000,16.38,16.65,16.37,16.43,23420747.0
2019-10-04 00:00:00+0000,16.3,16.46,16.25,16.41,16590311.0
2019-10-07 00:00:00+0000,16.38,16.46,16.28,16.3,8031821.0
2019-10-08 00:00:00+0000,16.6,16.66,16.49,16.61,17295219.0
2019-10-09 00:00:00+0000,16.68,16.68,16.54,16.6,13838656.0
2019-10-10 00:00:00+0000,16.47,16.49,16.29,16.37,14475047.0
2019-10-11 00:00:00+0000,16.38,16.42,16.21,16.37,25824764.0
2019-10-14 00:00:00+0000,16.43,16.55,16.4,16.49,10029513.0
2019-10-15 00:00:00+0000,16.39,16.4,16.21,16.27,17538257.0
2019-10-16 00:00:00+0000,16.25,16.29,16.15,16.26,13577254.0
2019-10-17 00:00:00+0000,16.4,16.5,16.36,16.4,13290351.0
2019-10-18 00:00:00+0000,16.38,16.45,16.35,16.41,15424005.0
2019-10-21 00:00:00+0000,16.65,16.68,16.38,16.41,16795884.0
2019-10-22 00:00:00+0000,16.4,16.46,16.29,16.37,11822481.0
2019-10-23 00:00:00+0000,16.41,16.47,16.38,16.39,7480902.0
2019-10-24 00:00:00+0000,16.61,16.69,16.57,16.65,14236379.0
2019-10-25 00:00:00+0000,17.08,17.11,16.68,16.89,24387133.0
2019-10-28 00:00:00+0000,16.8,16.81,16.62,16.68,12196468.0
2019-10-29 00:00:00+0000,16.53,16.74,16.5,16.65,13227879.0
2019-10-30 00:00:00+0000,16.68,16.73,16.44,16.73,14952553.0
2019-10-31 00:00:00+0000,16.86,17.0,16.81,16.92,14146345.0
2019-11-01 00:00:00+0000,16.86,16.93,16.81,16.92,11906398.0
2019-11-04 00:00:00+0000,16.94,16.97,16.79,16.85,12425665.0
2019-11-05 00:00:00+0000,16.59,16.63,16.39,16.44,21046739.0
2019-11-06 00:00:00+0000,16.43,16.5,16.39,16.47,10190092.0
2019-11-07 00:00:00+0000,16.44,16.46,15.84,16.0,30607632.0
2019-11-08 00:00:00+0000,15.77,15.88,15.7,15.7,17777970.0
2019-11-11 00:00:00+0000,15.74,15.8,15.57,15.75,14609059.0
2019-11-12 00:00:00+0000,15.69,15.73,15.55,15.72,12624630.0
2019-11-13 00:00:00+0000,15.82,15.9,15.76,15.83,11231647.0
2019-11-14 00:00:00+0000,15.87,15.97,15.77,15.9,8830372.0
2019-11-15 00:00:00+0000,15.81,15.9,15.79,15.85,9395684.0
2019-11-18 00:00:00+0000,15.88,15.94,15.84,15.92,7594561.0
2019-11-19 00:00:00+0000,15.88,16.06,15.87,16.02,8328630.0
2019-11-20 00:00:00+0000,15.97,16.05,15.91,16.04,10919936.0
2019-11-21 00:00:00+0000,16.0,16.06,15.94,15.99,7695812.0
2019-11-22 00:00:00+0000,15.98,16.02,15.88,15.9,7503952.0
2019-11-25 00:00:00+0000,15.81,15.89,15.77,15.78,8084451.0
2019-11-26 00:00:00+0000,15.82,15.99,15.72,15.99,10639358.0
2019-11-27 00:00:00+0000,15.85,15.9,15.82,15.84,12871283.0
2019-11-29 00:00:00+0000,15.79,15.93,15.76,15.92,6013965.0
2019-12-02 00:00:00+0000,15.8,15.87,15.77,15.8,8721784.0
2019-12-03 00:00:00+0000,16.02,16.08,16.0,16.05,12275611.0
2019-12-04 00:00:00+0000,15.95,15.96,15.7,15.76,13621613.0
2019-12-05 00:00:00+0000,15.74,15.9,15.74,15.85,7457693.0
2019-12-06 00:00:00+0000,15.61,15.61,15.44,15.48,17295937.0
2019-12-09 00:00:00+0000,15.5,15.54,15.48,15.5,6139761.0
2019-12-10 00:00:00+0000,15.59,15.62,15.52,15.57,5268465.0
2019-12-11 00:00:00+0000,15.59,15.85,15.56,15.75,12299686.0
2019-12-12 00:00:00+0000,15.96,15.96,15.66,15.85,14668273.0
2019-12-13 00:00:00+0000,15.78,15.86,15.74,15.84,9882647.0
2019-12-16 00:00:00+0000,15.89,15.95,15.85,15.91,8852791.0
2019-12-17 00:00:00+0000,15.9,15.93,15.84,15.88,5505505.0
2019-12-18 00:00:00+0000,15.82,15.9,15.82,15.9,4167709.0
2019-12-19 00:00:00+0000,15.87,16.0,15.84,15.94,6963335.0
2019-12-20 00:00:00+0000,16.07,16.12,15.96,16.04,10503880.0
2019-12-23 00:00:00+0000,16.16,16.31,16.16,16.28,9256188.0
2019-12-24 00:00:00+0000,16.46,16.62,16.45,16.58,11148337.0
2019-12-26 00:00:00+0000,16.78,16.86,16.58,16.73,15129177.0
2019-12-27 00:00:00+0000,16.7,16.79,16.57,16.58,10334519.0
2019-12-30 00:00:00+0000,16.7,16.78,16.67,16.74,10471535.0
2019-12-31 00:00:00+0000,16.77,16.81,16.64,16.68,10927129.0
2020-01-02 00:00:00+0000,16.84,16.9,16.75,16.81,12508628.0
2020-01-03 00:00:00+0000,16.92,16.95,16.8,16.84,12957476.0
2020-01-06 00:00:00+0000,17.17,17.18,16.82,16.94,16976978.0
2020-01-07 00:00:00+0000,16.98,17.21,16.93,17.17,14597503.0
2020-01-08 00:00:00+0000,17.16,17.19,16.86,16.93,27245084.0
2020-01-09 00:00:00+0000,16.72,16.76,16.62,16.72,13619433.0
2020-01-10 00:00:00+0000,16.8,16.96,16.78,16.89,8675636.0
2020-01-13 00:00:00+0000,16.84,16.85,16.73,16.78,9895339.0
2020-01-14 00:00:00+0000,16.6,16.68,16.54,16.62,10724518.0
2020-01-15 00:00:00+0000,16.73,16.85,16.7,16.81,10101827.0
2020-01-16 00:00:00+0000,16.78,16.83,16.72,16.77,7374628.0
2020-01-17 00:00:00+0000,16.83,16.89,16.74,16.82,11384505.0
2020-01-21 00:00:00+0000,16.5,16.71,16.46,16.64,12875903.0
2020-01-22 00:00:00+0000,16.71,16.75,16.62,16.66,6633902.0
2020-01-23 00:00:00+0000,16.58,16.69,16.56,16.61,10428050.0
2020-01-24 00:00:00+0000,16.69,16.95,16.67,16.91,15259915.0
2020-01-27 00:00:00+0000,17.04,17.06,16.84,16.89,11273943.0
2020-01-28 00:00:00+0000,16.58,16.61,16.28,16.32,25918888.0
2020-01-29 00:00:00+0000,16.28,16.43,16.27,16.41,9133632.0
2020-01-30 00:00:00+0000,16.73,16.85,16.59,16.68,21554031.0
2020-01-31 00:00:00+0000,16.69,16.9,16.68,16.82,16498632.0
2020-02-03 00:00:00+0000,16.61,16.62,16.43,16.5,15577387.0
2020-02-04 00:00:00+0000,16.52,16.54,16.36,16.45,13084725.0
2020-02-05 00:00:00+0000,16.45,16.49,16.39,16.46,7573341.0
2020-02-06 00:00:00+0000,16.65,16.66,16.55,16.63,9860274.0
2020-02-07 00:00:00+0000,16.61,16.64,16.47,16.54,10790979.0
2020-02-10 00:00:00+0000,16.59,16.66,16.54,16.61,6335099.0
2020-02-11 00:00:00+0000,16.54,16.55,16.4,16.48,10491044.0
2020-02-12 00:00:00+0000,16.35,16.4,16.3,16.33,9878515.0
2020-02-13 00:00:00+0000,16.53,16.55,16.45,16.46,7120956.0
2020-02-14 00:00:00+0000,16.61,16.62,16.54,16.56,8195097.0
2020-02-18 00:00:00+0000,16.78,17.02,16.73,17.01,17599611.0
2020-02-19 00:00:00+0000,17.04,17.24,16.99,17.23,15655710.0
2020-02-20 00:00:00+0000,17.09,17.2,17.07,17.14,12810863.0
2020-02-21 00:00:00+0000,17.27,17.41,17.24,17.28,16425216.0
2020-02-24 00:00:00+0000,17.56,17.69,17.3,17.4,27752812.0
2020-02-25 00:00:00+0000,17.13,17.2,16.66,16.71,41014079.0
2020-02-26 00:00:00+0000,16.7,16.82,16.6,16.68,20576527.0
2020-02-27 00:00:00+0000,16.79,16.84,16.45,16.47,37495731.0
2020-02-28 00:00:00+0000,15.89,15.89,15.28,15.53,62912374.0
2020-03-02 00:00:00+0000,15.61,15.71,15.53,15.56,26493699.0
2020-03-03 00:00:00+0000,15.73,16.31,15.7,16.02,48903566.0
2020-03-04 00:00:00+0000,16.01,16.11,15.94,16.09,14677534.0
2020-03-05 00:00:00+0000,16.12,16.3,16.1,16.3,15144013.0
2020-03-06 00:00:00+0000,16.24,16.26,15.89,16.18,26398282.0
2020-03-09 00:00:00+0000,15.78,15.95,15.63,15.88,33299521.0
2020-03-10 00:00:00+0000,15.88,15.89,15.68,15.73,24318287.0
2020-03-11 00:00:00+0000,15.81,15.86,15.55,15.63,26073696.0
2020-03-12 00:00:00+0000,15.0,15.13,14.48,14.62,55581107.0
2020-03-13 00:00:00+0000,14.67,14.69,13.47,13.69,61096134.0
2020-03-16 00:00:00+0000,11.83,12.41,11.67,12.0,50378267.0
2020-03-17 00:00:00+0000,11.64,12.38,11.52,11.88,53088913.0
2020-03-18 00:00:00+0000,11.44,11.62,10.86,11.21,61194321.0
2020-03-19 00:00:00+0000,11.34,11.44,11.04,11.32,50139112.0
2020-03-20 00:00:00+0000,11.72,11.93,11.52,11.62,37233528.0
2020-03-23 00:00:00+0000,11.97,12.39,11.87,12.31,44958935.0
2020-03-24 00:00:00+0000,13.23,13.38,12.87,13.29,38374394.0
2020-03-25 00:00:00+0000,13.26,13.65,13.19,13.51,37704867.0
2020-03-26 00:00:00+0000,13.59,13.71,13.35,13.53,33775752.0
2020-03-27 00:00:00+0000,13.51,13.53,13.29,13.44,18883561.0
2020-03-30 00:00:00+0000,13.07,13.27,12.88,13.16,25686135.0
2020-03-31 00:00:00+0000,13.13,13.32,12.95,13.05,22134977.0
2020-04-01 00:00:00+0000,13.0,13.14,12.87,13.02,17289935.0
2020-04-02 00:00:00+0000,13.42,13.6,13.34,13.53,19791574.0
2020-04-03 00:00:00+0000,13.48,13.55,13.33,13.46,15142485.0
2020-04-06 00:00:00+0000,13.55,14.09,13.47,14.03,30762764.0
2020-04-07 00:00:00+0000,14.21,14.23,13.87,13.99,21654232.0
2020-04-08 00:00:00+0000,14.03,14.08,13.87,13.94,12099207.0
2020-04-09 00:00:00+0000,14.31,14.52,14.18,14.34,28240237.0
2020-04-13 00:00:00+0000,14.19,14.49,14.13,14.4,18363472.0
2020-04-14 00:00:00+0000,14.58,14.8,14.46,14.65,24499645.0
2020-04-15 00:00:00+0000,14.49,14.5,14.25,14.49,17236531.0
2020-04-16 00:00:00+0000,14.37,14.51,14.18,14.51,18720457.0
2020-04-17 00:00:00+0000,14.27,14.31,14.07,14.15,16611844.0
2020-04-20 00:00:00+0000,14.2,14.4,14.19,14.26,17781073.0
2020-04-21 00:00:00+0000,13.66,13.92,13.55,13.88,22794600.0
2020-04-22 00:00:00+0000,14.01,14.14,13.92,14.09,17358994.0
2020-04-23 00:00:00+0000,14.25,14.41,14.08,14.21,20826818.0
2020-04-24 00:00:00+0000,14.28,14.33,14.01,14.21,13272321.0
2020-04-27 00:00:00+0000,14.21,14.23,14.01,14.21,10243991.0
2020-04-28 00:00:00+0000,14.19,14.19,13.97,14.1,10848720.0
2020-04-29 00:00:00+0000,14.18,14.36,14.07,14.28,16006350.0
2020-04-30 00:00:00+0000,14.07,14.17,13.76,13.98,24441630.0
2020-05-01 00:00:00+0000,13.9,14.02,13.75,13.92,15657080.0
2020-05-04 00:00:00+0000,13.81,13.88,13.73,13.77,17153569.0
2020-05-05 00:00:00+0000,13.92,14.03,13.82,13.93,15691170.0
2020-05-06 00:00:00+0000,13.95,14.0,13.88,13.92,10126072.0
2020-05-07 00:00:00+0000,14.06,14.4,14.03,14.26,36542055.0
2020-05-08 00:00:00+0000,14.36,14.6,14.35,14.44,28289365.0
2020-05-11 00:00:00+0000,14.5,14.52,14.31,14.44,17683283.0
2020-05-12 00:00:00+0000,14.51,14.58,14.39,14.42,18260298.0
2020-05-13 00:00:00+0000,14.45,14.57,14.38,14.55,19030184.0
2020-05-14 00:00:00+0000,14.49,14.83,14.47,14.81,32233836.0
2020-05-15 00:00:00+0000,15.42,15.61,15.24,15.51,49011114.0
2020-05-18 00:00:00+0000,15.95,16.04,15.74,15.79,44205190.0
2020-05-19 00:00:00+0000,16.15,16.32,16.07,16.17,43002552.0
2020-05-20 00:00:00+0000,16.27,16.45,16.21,16.36,37835929.0
2020-05-21 00:00:00+0000,16.13,16.15,15.71,15.96,35655400.0
2020-05-22 00:00:00+0000,15.96,16.09,15.91,16.04,21954347.0
2020-05-26 00:00:00+0000,16.28,16.28,15.86,15.97,28056024.0
2020-05-27 00:00:00+0000,15.75,16.2,15.72,16.15,34755613.0
2020-05-28 00:00:00+0000,16.24,16.34,16.1,16.19,27722419.0
2020-05-29 00:00:00+0000,16.55,16.7,16.49,16.66,38655508.0
2020-06-01 00:00:00+0000,16.86,17.1,16.83,17.1,29828136.0
2020-06-02 00:00:00+0000,17.06,17.07,16.57,16.84,31359049.0
2020-06-03 00:00:00+0000,16.5,16.56,16.27,16.48,34777205.0
2020-06-04 00:00:00+0000,16.54,16.64,16.36,16.54,19432081.0
2020-06-05 00:00:00+0000,16.18,16.23,16.04,16.2,25323975.0
2020-06-08 00:00:00+0000,16.35,16.6,16.27,16.59,24300424.0
2020-06-09 00:00:00+0000,16.43,16.57,16.36,16.42,17607675.0
2020-06-10 00:00:00+0000,16.7,16.96,16.36,16.96,38283719.0
2020-06-11 00:00:00+0000,16.75,16.88,16.28,16.44,39309536.0
2020-06-12 00:00:00+0000,16.44,16.55,16.21,16.28,30120075.0
2020-06-15 00:00:00+0000,15.87,16.28,15.79,16.23,26410706.0
2020-06-16 00:00:00+0000,16.2,16.38,16.18,16.26,22404397.0
2020-06-17 00:00:00+0000,16.34,16.41,16.24,16.33,12751986.0
2020-06-18 00:00:00+0000,16.2,16.26,16.12,16.21,14825391.0
2020-06-19 00:00:00+0000,16.43,16.6,16.36,16.49,26164169.0
2020-06-22 00:00:00+0000,16.72,16.81,16.46,16.5,25739163.0
2020-06-23 00:00:00+0000,16.73,16.77,16.64,16.76,22608620.0
2020-06-24 00:00:00+0000,16.36,16.62,16.24,16.28,23519242.0
2020-06-25 00:00:00+0000,16.5,16.61,16.41,16.59,15340719.0
2020-06-26 00:00:00+0000,16.49,16.74,16.29,16.63,24701144.0
2020-06-29 00:00:00+0000,16.58,16.66,16.49,16.65,13120343.0
2020-06-30 00:00:00+0000,16.65,17.01,16.65,17.01,36270151.0
2020-07-01 00:00:00+0000,17.01,17.03,16.61,16.82,31550970.0
2020-07-02 00:00:00+0000,16.7,16.89,16.67,16.71,17419249.0
2020-07-06 00:00:00+0000,17.08,17.16,16.95,17.05,23547644.0
2020-07-07 00:00:00+0000,16.93,17.12,16.92,17.01,24399440.0
2020-07-08 00:00:00+0000,17.33,17.49,17.3,17.49,35100766.0
2020-07-09 00:00:00+0000,17.7,17.74,17.22,17.38,37660331.0
2020-07-10 00:00:00+0000,17.49,17.53,17.3,17.43,19372100.0
2020-07-13 00:00:00+0000,17.99,18.08,17.71,17.73,46541886.0
2020-07-14 00:00:00+0000,17.71,18.0,17.67,17.97,33732662.0
2020-07-15 00:00:00+0000,17.89,18.17,17.83,18.17,34064127.0
2020-07-16 00:00:00+0000,17.98,18.06,17.78,17.78,28343160.0
2020-07-17 00:00:00+0000,17.98,18.07,17.89,18.01,27921211.0
2020-07-20 00:00:00+0000,18.36,18.57,18.23,18.53,37114038.0
2020-07-21 00:00:00+0000,19.52,19.88,19.42,19.67,67907729.0
2020-07-22 00:00:00+0000,20.65,21.45,20.51,21.44,112900630.0
2020-07-23 00:00:00+0000,21.1,21.51,20.72,21.03,88321990.0
2020-07-24 00:00:00+0000,21.34,21.36,20.93,21.21,46561096.0
2020-07-27 00:00:00+0000,22.56,22.85,22.42,22.83,89205536.0
2020-07-28 00:00:00+0000,22.31,22.97,22.07,22.77,86311921.0
2020-07-29 00:00:00+0000,22.68,23.25,21.71,22.57,80690475.0
2020-07-30 00:00:00+0000,21.7,22.01,21.4,21.76,54920994.0
2020-07-31 00:00:00+0000,22.21,22.67,22.11,22.65,45516442.0
2020-08-03 00:00:00+0000,22.59,22.78,22.38,22.74,35749837.0
2020-08-04 00:00:00+0000,22.7,24.25,22.62,24.25,71842890.0
2020-08-05 00:00:00+0000,25.12,25.28,24.61,25.05,85601482.0
2020-08-06 00:00:00+0000,26.31,26.9,25.88,26.88,95865111.0
2020-08-07 00:00:00+0000,26.28,26.38,25.48,26.19,114752251.0
2020-08-10 00:00:00+0000,26.59,27.39,26.57,27.0,77933473.0
2020-08-11 00:00:00+0000,25.23,25.52,23.05,23.33,151029149.0
2020-08-12 00:00:00+0000,24.14,24.42,23.39,23.42,70886751.0
2020-08-13 00:00:00+0000,24.65,25.81,24.57,25.45,86690599.0
2020-08-14 00:00:00+0000,25.11,25.23,23.97,24.58,65694130.0
2020-08-17 00:00:00+0000,25.48,25.67,25.24,25.62,43547280.0
2020-08-18 00:00:00+0000,26.42,26.49,25.23,25.88,51715726.0
2020-08-19 00:00:00+0000,25.94,26.05,24.7,24.88,65901941.0
2020-08-20 00:00:00+0000,24.93,25.64,24.88,25.61,39845777.0
2020-08-21 00:00:00+0000,24.87,25.02,24.42,24.9,47255262.0
2020-08-24 00:00:00+0000,25.08,25.1,24.52,24.6,34170710.0
2020-08-25 00:00:00+0000,24.73,24.77,24.26,24.76,33247901.0
2020-08-26 00:00:00+0000,24.63,25.57,24.61,25.57,50886599.0
2020-08-27 00:00:00+0000,25.89,25.9,24.68,25.16,60067750.0
2020-08-28 00:00:00+0000,25.61,25.81,25.47,25.61,32105313.0
2020-08-31 00:00:00+0000,26.04,26.42,25.95,26.23,34752655.0
2020-09-01 00:00:00+0000,26.73,26.75,25.67,26.14,46296059.0
2020-09-02 00:00:00+0000,25.72,25.73,25.2,25.55,39187535.0
2020-09-03 00:00:00+0000,25.39,25.51,24.64,24.74,59693181.0
2020-09-04 00:00:00+0000,24.85,25.14,24.47,25.06,45836640.0
2020-09-08 00:00:00+0000,24.44,25.09,24.05,24.75,42082553.0
2020-09-09 00:00:00+0000,24.98,25.25,24.88,25.18,26120168.0
2020-09-10 00:00:00+0000,25.53,25.57,24.84,24.86,42281667.0
2020-09-11 00:00:00+0000,25.03,25.17,24.73,24.9,26620355.0
2020-09-14 00:00:00+0000,25.13,25.42,25.13,25.29,24483981.0
2020-09-15 00:00:00+0000,25.44,25.5,25.13,25.23,23392324.0
2020-09-16 00:00:00+0000,25.46,25.54,25.0,25.23,34890931.0
2020-09-17 00:00:00+0000,24.65,25.24,24.51,25.23,24501430.0
2020-09-18 00:00:00+0000,24.98,25.26,24.92,24.93,22038689.0
2020-09-21 00:00:00+0000,24.2,24.34,22.06,23.03,90862363.0
2020-09-22 00:00:00+0000,22.81,22.98,22.46,22.79,29605003.0
2020-09-23 00:00:00+0000,21.93,22.07,21.02,21.17,87749269.0
2020-09-24 00:00:00+0000,20.58,21.73,20.45,21.56,67025459.0
2020-09-25 00:00:00+0000,21.16,21.54,21.11,21.3,32167273.0
2020-09-28 00:00:00+0000,21.73,22.08,21.5,22.02,28003275.0
2020-09-29 00:00:00+0000,22.23,22.71,22.16,22.5,31238390.0
2020-09-30 00:00:00+0000,22.27,22.38,21.53,21.64,39035217.0
2020-10-01 00:00:00+0000,22.01,22.5,21.76,22.09,33148032.0
2020-10-02 00:00:00+0000,22.25,22.52,22.04,22.13,23648657.0
2020-10-05 00:00:00+0000,22.32,22.81,22.3,22.62,20968078.0
2020-10-06 00:00:00+0000,22.62,22.73,21.62,21.73,29729349.0
2020-10-07 00:00:00+0000,21.98,22.32,21.89,22.09,17372750.0
2020-10-08 00:00:00+0000,22.39,22.53,22.01,22.18,18559103.0
2020-10-09 00:00:00+0000,22.8,23.42,22.77,23.41,35826863.0
2020-10-12 00:00:00+0000,23.34,23.5,23.06,23.33,23038546.0
2020-10-13 00:00:00+0000,22.69,22.7,22.27,22.49,39723558.0
2020-10-14 00:00:00+0000,22.8,22.92,22.47,22.54,21587177.0
2020-10-15 00:00:00+0000,22.05,22.62,22.0,22.59,21686242.0
2020-10-16 00:00:00+0000,22.76,22.81,22.42,22.42,17576444.0
2020-10-19 00:00:00+0000,23.04,23.08,22.51,22.58,23220793.0
2020-10-20 00:00:00+0000,22.86,23.19,22.81,23.02,24920012.0
2020-10-21 00:00:00+0000,23.31,23.53,23.17,23.29,22008883.0
2020-10-22 00:00:00+0000,23.05,23.09,22.67,22.96,18458888.0
2020-10-23 00:00:00+0000,23.02,23.03,22.7,22.94,17689959.0
2020-10-26 00:00:00+0000,22.66,22.81,22.51,22.61,16532846.0
2020-10-27 00:00:00+0000,22.6,22.8,22.51,22.73,11946827.0
2020-10-28 00:00:00+0000,21.82,21.88,21.42,21.78,34340922.0
2020-10-29 00:00:00+0000,21.29,21.94,21.27,21.71,20580209.0
2020-10-30 00:00:00+0000,22.04,22.12,21.78,21.99,19808958.0
2020-11-02 00:00:00+0000,22.27,22.44,22.09,22.41,17003100.0
2020-11-03 00:00:00+0000,22.63,22.65,22.38,22.44,15430063.0
2020-11-04 00:00:00+0000,22.35,22.5,22.1,22.24,29730291.0
2020-11-05 00:00:00+0000,23.02,23.66,23.0,23.61,53593895.0
2020-11-06 00:00:00+0000,23.92,23.96,23.48,23.79,28835828.0
2020-11-09 00:00:00+0000,22.78,22.79,21.92,22.5,63556202.0
2020-11-10 00:00:00+0000,22.62,22.78,22.4,22.43,24195213.0
2020-11-11 00:00:00+0000,22.23,22.58,22.2,22.52,16066743.0
2020-11-12 00:00:00+0000,22.54,22.7,22.49,22.55,13321687.0
2020-11-13 00:00:00+0000,23.04,23.09,22.88,22.9,13868333.0
2020-11-16 00:00:00+0000,22.87,23.1,22.81,23.02,17125683.0
2020-11-17 00:00:00+0000,22.85,22.9,22.65,22.74,14175829.0
2020-11-18 00:00:00+0000,22.72,22.98,22.54,22.55,14848121.0
2020-11-19 00:00:00+0000,22.12,22.45,22.07,22.42,12898023.0
2020-11-20 00:00:00+0000,22.71,22.81,22.47,22.49,13540191.0
2020-11-23 00:00:00+0000,22.36,22.37,21.78,21.93,26290753.0
2020-11-24 00:00:00+0000,21.5,21.69,21.41,21.63,25654012.0
2020-11-25 00:00:00+0000,21.72,21.85,21.64,21.72,11998855.0
2020-11-27 00:00:00+0000,20.95,21.17,20.91,21.05,16901389.0
2020-11-30 00:00:00+0000,20.67,21.09,20.6,21.05,18819739.0
2020-12-01 00:00:00+0000,21.93,22.37,21.85,22.3,29724482.0
2020-12-02 00:00:00+0000,22.1,22.39,21.98,22.33,16828153.0
2020-12-03 00:00:00+0000,22.34,22.44,22.07,22.43,17372193.0
2020-12-04 00:00:00+0000,22.41,22.59,22.25,22.48,16750889.0
2020-12-07 00:00:00+0000,22.26,23.04,22.25,22.82,25694196.0
2020-12-08 00:00:00+0000,22.92,23.12,22.73,22.82,14915297.0
2020-12-09 00:00:00+0000,22.54,22.57,21.93,22.23,30127126.0
2020-12-10 00:00:00+0000,22.38,22.58,22.18,22.32,12593355.0
2020-12-11 00:00:00+0000,22.23,22.43,22.19,22.26,9957568.0
2020-12-14 00:00:00+0000,22.35,22.53,22.12,22.16,15217936.0
2020-12-15 00:00:00+0000,22.66,22.83,22.6,22.8,16081781.0
2020-12-16 00:00:00+0000,23.22,23.65,22.96,23.62,42936871.0
2020-12-17 00:00:00+0000,24.09,24.27,23.95,24.15,34938212.0
2020-12-18 00:00:00+0000,24.02,24.13,23.86,23.96,27957510.0
2020-12-21 00:00:00+0000,24.12,24.5,24.1,24.38,39249028.0
2020-12-22 00:00:00+0000,24.02,24.13,23.31,23.43,39619285.0
2020-12-23 00:00:00+0000,23.7,23.98,23.68,23.8,21825916.0
2020-12-24 00:00:00+0000,23.72,24.03,23.68,23.96,9093221.0
2020-12-28 00:00:00+0000,24.68,24.84,24.36,24.43,26581114.0
2020-12-29 00:00:00+0000,24.36,24.53,24.11,24.39,22584689.0
2020-12-30 00:00:00+0000,24.42,24.77,24.37,24.76,17680010.0
2020-12-31 00:00:00+0000,24.61,24.73,24.37,24.57,23252643.0
2021-01-04 00:00:00+0000,25.54,25.61,24.86,25.35,47671074.0
2021-01-05 00:00:00+0000,25.46,25.74,25.28,25.67,28869335.0
2021-01-06 00:00:00+0000,25.34,25.4,24.72,25.34,51358250.0
2021-01-07 00:00:00+0000,25.22,25.37,25.05,25.26,24036487.0
2021-01-08 00:00:00+0000,24.73,24.76,22.74,23.51,102218429.0
2021-01-11 00:00:00+0000,22.95,23.49,22.92,23.21,35620765.0
2021-01-12 00:00:00+0000,23.55,23.83,23.37,23.72,24818754.0
2021-01-13 00:00:00+0000,23.58,23.74,23.38,23.44,21933980.0
2021-01-14 00:00:00+0000,23.61,24.07,23.59,23.71,32396537.0
2021-01-15 00:00:00+0000,23.17,23.36,22.83,22.95,37412494.0
2021-01-19 00:00:00+0000,23.48,23.52,23.22,23.38,20109651.0
2021-01-20 00:00:00+0000,23.65,24.05,23.62,24.01,24791810.0
2021-01-21 00:00:00+0000,24.01,24.21,23.84,24.15,17692074.0
2021-01-22 00:00:00+0000,23.52,23.78,23.38,23.66,17535159.0
2021-01-25 00:00:00+0000,23.84,23.89,23.37,23.55,20150972.0
2021-01-26 00:00:00+0000,23.65,23.83,23.55,23.65,12519532.0
2021-01-27 00:00:00+0000,23.34,23.62,22.94,23.42,33578656.0
2021-01-28 00:00:00+0000,24.53,25.1,23.83,24.72,128350570.0
2021-01-29 00:00:00+0000,25.31,25.48,24.77,24.99,90303648.0
2021-02-01 00:00:00+0000,27.76,27.98,26.1,26.76,226959783.0
2021-02-02 00:00:00+0000,25.54,25.55,24.41,24.54,107686191.0
2021-02-03 00:00:00+0000,25.0,25.1,24.79,24.93,45715142.0
2021-02-04 00:00:00+0000,24.38,24.54,24.06,24.48,46425698.0
2021-02-05 00:00:00+0000,24.74,25.14,24.65,24.95,30546955.0
2021-02-08 00:00:00+0000,25.51,25.63,25.37,25.39,37196317.0
2021-02-09 00:00:00+0000,25.56,25.62,25.14,25.28,27557388.0
2021-02-10 00:00:00+0000,25.44,25.47,24.91,25.07,30167450.0
2021-02-11 00:00:00+0000,25.26,25.34,24.91,25.09,26644534.0
2021-02-12 00:00:00+0000,25.13,25.49,25.05,25.31,23434957.0
2021-02-16 00:00:00+0000,25.16,25.7,25.05,25.26,39338556.0
2021-02-17 00:00:00+0000,25.16,25.44,24.93,25.4,29211604.0
2021-02-18 00:00:00+0000,25.23,25.38,24.95,25.06,20297145.0
2021-02-19 00:00:00+0000,25.42,25.62,25.2,25.26,36031037.0
2021-02-22 00:00:00+0000,25.49,26.28,25.43,26.27,50365779.0
2021-02-23 00:00:00+0000,25.83,25.85,25.29,25.71,35272829.0
2021-02-24 00:00:00+0000,25.48,25.97,25.36,25.94,21733232.0
2021-02-25 00:00:00+0000,25.81,26.02,25.4,25.4,35780504.0
2021-02-26 00:00:00+0000,25.0,25.02,24.27,24.66,50349167.0
2021-03-01 00:00:00+0000,24.96,25.05,24.54,24.6,33178512.0
2021-03-02 00:00:00+0000,24.5,24.99,24.44,24.8,26178544.0
2021-03-03 00:00:00+0000,24.31,24.61,23.99,24.28,39197547.0
2021-03-04 00:00:00+0000,24.11,24.43,23.26,23.56,61271990.0
2021-03-05 00:00:00+0000,23.59,23.59,23.05,23.36,27903814.0
2021-03-08 00:00:00+0000,23.43,23.57,23.28,23.32,17516720.0
2021-03-09 00:00:00+0000,24.04,24.27,24.01,24.05,27298673.0
2021-03-10 00:00:00+0000,24.18,24.35,24.03,24.32,18368074.0
2021-03-11 00:00:00+0000,24.18,24.33,23.98,24.25,21432461.0
2021-03-12 00:00:00+0000,23.64,24.08,23.57,24.03,21393697.0
2021-03-15 00:00:00+0000,24.27,24.41,24.13,24.33,20440519.0
2021-03-16 00:00:00+0000,24.07,24.28,23.98,24.1,18786449.0
2021-03-17 00:00:00+0000,24.12,24.63,24.04,24.42,44255107.0
2021-03-18 00:00:00+0000,24.0,24.47,23.99,24.1,38300645.0
2021-03-19 00:00:00+0000,24.26,24.38,24.12,24.31,17583867.0
2021-03-22 00:00:00+0000,23.79,23.96,23.71,23.94,22156218.0
2021-03-23 00:00:00+0000,23.49,23.54,23.21,23.22,25291369.0
2021-03-24 00:00:00+0000,23.47,23.51,23.22,23.24,17015036.0
2021-03-25 00:00:00+0000,23.08,23.38,23.02,23.29,27269326.0
2021-03-26 00:00:00+0000,23.2,23.31,23.09,23.23,14034504.0
2021-03-29 00:00:00+0000,23.09,23.14,22.69,22.91,24256619.0
2021-03-30 00:00:00+0000,22.44,22.49,22.13,22.26,29503758.0
2021-03-31 00:00:00+0000,22.31,22.76,22.26,22.7,23176688.0
2021-04-01 00:00:00+0000,22.87,23.15,22.8,23.15,19658690.0
2021-04-05 00:00:00+0000,23.03,23.2,22.89,23.09,13169444.0
2021-04-06 00:00:00+0000,23.28,23.48,23.25,23.34,17533552.0
2021-04-07 00:00:00+0000,23.25,23.47,23.2,23.33,11893656.0
2021-04-08 00:00:00+0000,23.68,23.78,23.58,23.62,14560017.0
2021-04-09 00:00:00+0000,23.29,23.49,23.25,23.41,13200083.0
2021-04-12 00:00:00+0000,23.28,23.32,22.93,23.04,19511368.0
2021-04-13 00:00:00+0000,23.51,23.66,23.46,23.51,17613514.0
2021-04-14 00:00:00+0000,23.43,23.65,23.42,23.59,9520091.0
2021-04-15 00:00:00+0000,23.78,24.13,23.76,24.03,27723891.0
2021-04-16 00:00:00+0000,24.2,24.22,24.06,24.09,17263982.0
2021-04-19 00:00:00+0000,23.93,24.05,23.78,23.98,14603885.0
2021-04-20 00:00:00+0000,23.9,24.22,23.9,23.96,18067464.0
2021-04-21 00:00:00+0000,24.15,24.74,24.12,24.7,31183614.0
2021-04-22 00:00:00+0000,24.43,24.47,24.11,24.21,23593173.0
2021-04-23 00:00:00+0000,24.33,24.39,23.98,24.14,16357433.0
2021-04-26 00:00:00+0000,24.33,24.33,24.17,24.3,9692569.0
2021-04-27 00:00:00+0000,24.45,24.53,24.34,24.39,12048035.0
2021-04-28 00:00:00+0000,24.1,24.4,23.97,24.4,19622642.0
2021-04-29 00:00:00+0000,24.22,24.27,23.85,24.25,21745955.0
2021-04-30 00:00:00+0000,24.21,24.27,23.94,24.01,15846794.0
2021-05-03 00:00:00+0000,24.61,25.05,24.51,24.96,34030549.0
2021-05-04 00:00:00+0000,25.0,25.16,24.21,24.57,36053065.0
2021-05-05 00:00:00+0000,24.5,24.6,24.42,24.57,11637613.0
2021-05-06 00:00:00+0000,24.9,25.48,24.89,25.37,30093548.0
2021-05-07 00:00:00+0000,25.28,25.5,25.17,25.47,23221888.0
2021-05-10 00:00:00+0000,25.8,25.87,25.26,25.35,26253178.0
2021-05-11 00:00:00+0000,25.23,25.67,25.19,25.67,21126116.0
2021-05-12 00:00:00+0000,25.4,25.57,25.05,25.09,30974031.0
2021-05-13 00:00:00+0000,24.97,25.19,24.92,25.16,22873144.0
2021-05-14 00:00:00+0000,25.39,25.5,25.29,25.46,18706867.0
2021-05-17 00:00:00+0000,25.56,26.25,25.55,26.19,39295539.0
2021-05-18 00:00:00+0000,26.37,26.39,25.98,26.15,26042335.0
2021-05-19 00:00:00+0000,25.69,26.2,25.49,25.73,40979810.0
2021-05-20 00:00:00+0000,25.81,25.98,25.65,25.79,19653328.0
2021-05-21 00:00:00+0000,25.98,25.99,25.23,25.53,29711546.0
2021-05-24 00:00:00+0000,25.73,25.89,25.64,25.75,14539308.0
2021-05-25 00:00:00+0000,25.53,26.01,25.51,25.99,23218428.0
2021-05-26 00:00:00+0000,25.87,25.96,25.6,25.67,21193933.0
2021-05-27 00:00:00+0000,25.67,25.87,25.53,25.85,17034630.0
2021-05-28 00:00:00+0000,25.63,25.95,25.61,25.9,19984286.0
2021-06-01 00:00:00+0000,26.38,26.43,25.83,25.84,23313283.0
2021-06-02 00:00:00+0000,25.96,26.15,25.89,26.15,13610237.0
2021-06-03 00:00:00+0000,25.44,25.49,25.07,25.46,27906009.0
2021-06-04 00:00:00+0000,25.71,25.83,25.7,25.78,17041259.0
2021-06-07 00:00:00+0000,25.8,25.93,25.71,25.9,14625365.0
2021-06-08 00:00:00+0000,25.72,25.8,25.51,25.61,22154912.0
2021-06-09 00:00:00+0000,25.83,25.97,25.71,25.78,17864071.0
2021-06-10 00:00:00+0000,25.74,26.01,25.66,25.97,20548055.0
2021-06-11 00:00:00+0000,26.14,26.21,25.87,25.87,21295717.0
2021-06-14 00:00:00+0000,25.59,25.99,25.56,25.84,18370152.0
2021-06-15 00:00:00+0000,25.68,25.71,25.4,25.65,17233326.0
2021-06-16 00:00:00+0000,25.72,25.81,25.25,25.26,38120783.0
2021-06-17 00:00:00+0000,24.36,24.47,23.89,24.05,68579641.0
2021-06-18 00:00:00+0000,24.09,24.22,23.87,23.88,31427104.0
2021-06-21 00:00:00+0000,24.08,24.14,23.95,24.08,17916495.0
2021-06-22 00:00:00+0000,23.96,24.0,23.84,23.85,15431319.0
2021-06-23 00:00:00+0000,24.05,24.38,23.9,23.93,16979295.0
2021-06-24 00:00:00+0000,24.2,24.27,23.98,24.04,15752820.0
2021-06-25 00:00:00+0000,24.33,24.33,24.08,24.18,11410269.0
2021-06-28 00:00:00+0000,24.23,24.31,24.16,24.21,12647519.0
2021-06-29 00:00:00+0000,23.85,23.97,23.75,23.89,17443787.0
2021-06-30 00:00:00+0000,23.99,24.25,23.95,24.22,18060180.0
2021-07-01 00:00:00+0000,24.34,24.36,24.05,24.11,13016873.0
2021-07-02 00:00:00+0000,24.48,24.63,24.3,24.55,18910976.0
2021-07-06 00:00:00+0000,24.65,24.69,24.11,24.23,21177036.0
2021-07-07 00:00:00+0000,24.39,24.44,24.08,24.24,23523279.0
2021-07-08 00:00:00+0000,24.24,24.26,23.92,24.01,20583116.0
2021-07-09 00:00:00+0000,24.07,24.29,24.05,24.19,10178695.0
2021-07-12 00:00:00+0000,24.2,24.34,24.05,24.28,11933595.0
2021-07-13 00:00:00+0000,24.15,24.31,24.05,24.08,13853726.0
2021-07-14 00:00:00+0000,24.51,24.53,24.15,24.33,23547095.0
2021-07-15 00:00:00+0000,24.38,24.44,24.27,24.38,13219735.0
2021-07-16 00:00:00+0000,24.16,24.23,23.72,23.77,29190237.0
2021-07-19 00:00:00+0000,23.47,23.51,23.18,23.29,34267455.0
2021-07-20 00:00:00+0000,23.24,23.35,23.0,23.14,23266252.0
2021-07-21 00:00:00+0000,23.19,23.46,23.18,23.42,16150765.0
2021-07-22 00:00:00+0000,23.32,23.6,23.18,23.56,13579745.0
2021-07-23 00:00:00+0000,23.35,23.41,23.17,23.35,12117862.0
2021-07-26 00:00:00+0000,23.35,23.45,23.32,23.36,9082347.0
2021-07-27 00:00:00+0000,23.3,23.31,22.69,22.96,26207891.0
2021-07-28 00:00:00+0000,22.9,23.18,22.81,23.17,18749082.0
2021-07-29 00:00:00+0000,23.64,23.91,23.64,23.72,26998728.0
2021-07-30 00:00:00+0000,23.67,23.74,23.49,23.63,13306047.0
2021-08-02 00:00:00+0000,23.47,23.67,23.47,23.53,13876832.0
2021-08-03 00:00:00+0000,23.66,23.72,23.56,23.68,9877376.0
2021-08-04 00:00:00+0000,24.02,24.07,23.46,23.54,21993746.0
2021-08-05 00:00:00+0000,23.55,23.58,23.24,23.3,13992357.0
2021-08-06 00:00:00+0000,22.67,22.69,22.42,22.52,33822546.0
2021-08-09 00:00:00+0000,22.09,22.16,21.53,21.75,42658923.0
2021-08-10 00:00:00+0000,21.6,21.76,21.55,21.62,14886562.0
2021-08-11 00:00:00+0000,21.77,21.86,21.63,21.84,13865722.0
2021-08-12 00:00:00+0000,21.63,21.63,21.32,21.5,16280202.0
2021-08-13 00:00:00+0000,21.76,22.09,21.7,21.97,18490762.0
2021-08-16 00:00:00+0000,22.0,22.15,21.89,22.1,12215247.0
2021-08-17 00:00:00+0000,22.03,22.15,21.84,21.9,17041283.0
2021-08-18 00:00:00+0000,21.88,21.88,21.58,21.76,17526697.0
2021-08-19 00:00:00+0000,21.67,21.69,21.43,21.51,15482623.0
2021-08-20 00:00:00+0000,21.45,21.54,21.19,21.35,14698696.0
2021-08-23 00:00:00+0000,21.85,21.95,21.72,21.88,16639451.0
2021-08-24 00:00:00+0000,22.1,22.2,21.97,22.08,16535197.0
2021-08-25 00:00:00+0000,22.08,22.13,21.84,22.09,14740349.0
2021-08-26 00:00:00+0000,21.9,21.98,21.71,21.85,14598785.0
2021-08-27 00:00:00+0000,21.71,22.35,21.62,22.33,36249929.0
2021-08-30 00:00:00+0000,22.35,22.38,22.15,22.26,12299603.0
2021-08-31 00:00:00+0000,22.31,22.38,22.05,22.14,16688742.0
2021-09-01 00:00:00+0000,22.36,22.48,22.31,22.37,15822291.0
2021-09-02 00:00:00+0000,22.27,22.27,22.03,22.14,16145463.0
2021-09-03 00:00:00+0000,22.6,23.04,22.54,22.88,26567925.0
2021-09-07 00:00:00+0000,22.67,22.75,22.38,22.51,21295041.0
2021-09-08 00:00:00+0000,22.47,22.49,22.14,22.17,22941506.0
2021-09-09 00:00:00+0000,22.44,22.45,22.17,22.27,17631319.0
2021-09-10 00:00:00+0000,22.31,22.38,21.99,21.99,16748602.0
2021-09-13 00:00:00+0000,21.8,22.1,21.77,21.99,17005228.0
2021-09-14 00:00:00+0000,22.04,22.19,21.87,22.1,17728426.0
2021-09-15 00:00:00+0000,22.06,22.15,21.95,22.07,12981608.0
2021-09-16 00:00:00+0000,21.34,21.35,20.93,21.25,50654514.0
2021-09-17 00:00:00+0000,20.99,21.01,20.68,20.74,42722571.0
2021-09-20 00:00:00+0000,20.64,20.85,20.52,20.59,23015169.0
2021-09-21 00:00:00+0000,20.87,21.05,20.72,20.84,21941658.0
2021-09-22 00:00:00+0000,21.09,21.44,20.92,20.99,44702429.0
2021-09-23 00:00:00+0000,20.94,21.05,20.87,20.91,20268852.0
2021-09-24 00:00:00+0000,20.51,20.83,20.48,20.71,21334266.0
2021-09-27 00:00:00+0000,20.97,21.16,20.88,20.94,15955499.0
2021-09-28 00:00:00+0000,20.83,20.89,20.59,20.78,25926971.0
2021-09-29 00:00:00+0000,20.15,20.23,19.83,19.95,52639981.0
2021-09-30 00:00:00+0000,20.19,20.59,20.14,20.52,58281138.0
2021-10-01 00:00:00+0000,20.81,20.92,20.68,20.83,26104227.0
2021-10-04 00:00:00+0000,20.76,21.03,20.7,20.98,23919983.0
2021-10-05 00:00:00+0000,20.84,20.98,20.71,20.92,19419191.0
2021-10-06 00:00:00+0000,20.75,21.01,20.65,20.96,20416273.0
2021-10-07 00:00:00+0000,20.8,21.1,20.77,20.9,16809609.0
2021-10-08 00:00:00+0000,21.39,21.44,20.94,20.95,29872307.0
2021-10-11 00:00:00+0000,20.97,21.13,20.88,20.88,13797268.0
2021-10-12 00:00:00+0000,20.85,21.09,20.8,20.93,21037741.0
2021-10-13 00:00:00+0000,21.09,21.53,21.08,21.33,36024577.0
2021-10-14 00:00:00+0000,21.62,21.84,21.49,21.8,27435661.0
2021-10-15 00:00:00+0000,21.59,21.7,21.47,21.58,21617021.0
2021-10-18 00:00:00+0000,21.57,21.58,21.3,21.49,14922372.0
2021-10-19 00:00:00+0000,22.23,22.31,21.85,21.89,37792743.0
2021-10-20 00:00:00+0000,22.2,22.61,22.12,22.53,29909200.0
2021-10-21 00:00:00+0000,22.37,22.44,22.22,22.35,14393690.0
2021-10-22 00:00:00+0000,22.59,22.98,22.39,22.54,36696409.0
2021-10-25 00:00:00+0000,22.65,22.79,22.55,22.74,14139500.0
2021-10-26 00:00:00+0000,22.38,22.4,22.1,22.37,20151468.0
2021-10-27 00:00:00+0000,22.35,22.46,22.17,22.29,18537288.0
2021-10-28 00:00:00+0000,22.37,22.45,22.17,22.27,12152137.0
2021-10-29 00:00:00+0000,22.07,22.15,21.89,22.09,17411197.0
2021-11-01 00:00:00+0000,22.24,22.31,22.14,22.23,16280787.0
2021-11-02 00:00:00+0000,21.93,21.95,21.64,21.8,23382155.0
2021-11-03 00:00:00+0000,21.41,21.84,21.31,21.81,34813781.0
2021-11-04 00:00:00+0000,22.1,22.26,21.98,22.0,25355261.0
2021-11-05 00:00:00+0000,22.25,22.36,22.03,22.35,20645232.0
2021-11-08 00:00:00+0000,22.54,22.69,22.45,22.65,15257233.0
2021-11-09 00:00:00+0000,22.52,22.63,22.23,22.53,16480241.0
2021-11-10 00:00:00+0000,23.13,23.26,22.69,22.87,39157569.0
2021-11-11 00:00:00+0000,23.22,23.38,23.16,23.35,18661218.0
2021-11-12 00:00:00+0000,23.18,23.5,23.13,23.42,20733765.0
2021-11-15 00:00:00+0000,23.19,23.31,23.05,23.24,15919663.0
2021-11-16 00:00:00+0000,23.15,23.29,22.91,22.96,20363989.0
2021-11-17 00:00:00+0000,23.22,23.33,23.09,23.17,13783367.0
2021-11-18 00:00:00+0000,23.02,23.11,22.92,22.96,11795639.0
2021-11-19 00:00:00+0000,23.0,23.12,22.72,22.75,22848982.0
2021-11-22 00:00:00+0000,22.67,22.78,22.3,22.34,25552686.0
2021-11-23 00:00:00+0000,21.71,21.93,21.53,21.92,29465674.0
2021-11-24 00:00:00+0000,21.73,21.84,21.67,21.79,19003110.0
2021-11-26 00:00:00+0000,21.79,21.79,21.2,21.37,22010520.0
2021-11-29 00:00:00+0000,21.31,21.37,21.05,21.16,20093509.0
2021-11-30 00:00:00+0000,21.2,21.57,20.99,21.06,28872436.0
2021-12-01 00:00:00+0000,20.98,21.08,20.52,20.57,39245133.0
2021-12-02 00:00:00+0000,20.74,20.76,20.55,20.69,24417814.0
2021-12-03 00:00:00+0000,20.71,20.87,20.38,20.85,21875874.0
2021-12-06 00:00:00+0000,20.54,20.76,20.46,20.71,17430271.0
2021-12-07 00:00:00+0000,20.68,20.91,20.67,20.81,15497934.0
2021-12-08 00:00:00+0000,20.7,20.8,20.63,20.76,12018369.0
2021-12-09 00:00:00+0000,20.46,20.49,20.27,20.3,21471751.0
2021-12-10 00:00:00+0000,20.52,20.54,20.4,20.5,14644507.0
2021-12-13 00:00:00+0000,20.65,20.74,20.59,20.61,15435901.0
2021-12-14 00:00:00+0000,20.13,20.35,20.09,20.31,18815620.0
2021-12-15 00:00:00+0000,20.17,20.47,19.8,20.41,43913494.0
2021-12-16 00:00:00+0000,20.61,20.84,20.6,20.79,25300197.0
2021-12-17 00:00:00+0000,20.85,20.91,20.68,20.68,19242362.0
2021-12-20 00:00:00+0000,20.6,20.66,20.52,20.57,11906582.0
2021-12-21 00:00:00+0000,20.88,20.93,20.74,20.77,10262146.0
2021-12-22 00:00:00+0000,20.98,21.12,20.86,21.1,15748656.0
2021-12-23 00:00:00+0000,21.1,21.21,20.95,21.16,12171835.0
2021-12-27 00:00:00+0000,21.19,21.38,21.16,21.33,14548903.0
2021-12-28 00:00:00+0000,21.41,21.51,21.25,21.27,14062667.0
2021-12-29 00:00:00+0000,20.9,21.15,20.88,21.11,11051307.0
2021-12-30 00:00:00+0000,21.21,21.38,21.2,21.34,11090443.0
2021-12-31 00:00:00+0000,21.5,21.59,21.36,21.51,14784466.0
2022-01-03 00:00:00+0000,21.04,21.25,20.96,21.18,16960925.0
2022-01-04 00:00:00+0000,21.23,21.37,21.19,21.32,12066165.0
2022-01-05 00:00:00+0000,21.39,21.51,21.0,21.0,21658964.0
2022-01-06 00:00:00+0000,20.38,20.63,20.35,20.51,25292520.0
2022-01-07 00:00:00+0000,20.52,20.75,20.37,20.62,22016436.0
2022-01-10 00:00:00+0000,20.6,20.83,20.57,20.76,16088533.0
2022-01-11 00:00:00+0000,20.84,21.09,20.77,21.05,22741109.0
2022-01-12 00:00:00+0000,21.18,21.48,21.17,21.45,22149962.0
2022-01-13 00:00:00+0000,21.45,21.48,21.26,21.33,24546267.0
2022-01-14 00:00:00+0000,21.24,21.33,21.1,21.2,21052141.0
2022-01-18 00:00:00+0000,21.63,21.86,21.52,21.69,31926809.0
2022-01-19 00:00:00+0000,22.01,22.39,21.94,22.37,41363236.0
2022-01-20 00:00:00+0000,22.66,22.84,22.56,22.62,42612766.0
2022-01-21 00:00:00+0000,22.69,22.71,22.34,22.38,36528469.0
2022-01-24 00:00:00+0000,22.02,22.15,21.78,22.11,36174324.0
2022-01-25 00:00:00+0000,21.83,22.17,21.81,22.02,28094254.0
2022-01-26 00:00:00+0000,21.88,22.12,21.66,21.72,41358919.0
2022-01-27 00:00:00+0000,21.07,21.3,20.87,21.02,43291688.0
2022-01-28 00:00:00+0000,20.78,20.9,20.47,20.71,28585071.0
2022-01-31 00:00:00+0000,20.75,20.85,20.66,20.8,18980608.0
2022-02-01 00:00:00+0000,21.17,21.25,20.81,20.94,33574211.0
2022-02-02 00:00:00+0000,20.96,21.1,20.77,20.93,19158057.0
2022-02-03 00:00:00+0000,20.7,20.82,20.34,20.71,27664065.0
2022-02-04 00:00:00+0000,20.66,20.96,20.66,20.79,23614029.0
2022-02-07 00:00:00+0000,21.14,21.36,21.09,21.27,21458473.0
2022-02-08 00:00:00+0000,21.27,21.5,21.22,21.45,15165955.0
2022-02-09 00:00:00+0000,21.44,21.59,21.36,21.53,16970412.0
2022-02-10 00:00:00+0000,21.53,21.92,21.41,21.42,34556304.0
2022-02-11 00:00:00+0000,21.3,21.9,21.28,21.83,45641118.0
2022-02-14 00:00:00+0000,22.05,22.13,21.92,22.05,27001422.0
2022-02-15 00:00:00+0000,21.41,21.65,21.32,21.61,23528716.0
2022-02-16 00:00:00+0000,21.61,21.88,21.61,21.87,23895443.0
2022-02-17 00:00:00+0000,21.89,22.11,21.84,22.04,31376447.0
2022-02-18 00:00:00+0000,22.15,22.24,22.06,22.12,21685257.0
2022-02-22 00:00:00+0000,22.39,22.52,22.29,22.31,35495576.0
2022-02-23 00:00:00+0000,22.4,22.73,22.39,22.73,33865146.0
2022-02-24 00:00:00+0000,23.39,23.4,22.03,22.31,82202102.0
2022-02-25 00:00:00+0000,22.18,22.42,22.06,22.4,35970655.0
2022-02-28 00:00:00+0000,22.71,22.72,22.36,22.62,41806778.0
2022-03-01 00:00:00+0000,22.84,23.61,22.84,23.54,57694062.0
2022-03-02 00:00:00+0000,23.21,23.46,23.04,23.37,53499224.0
2022-03-03 00:00:00+0000,23.3,23.34,23.07,23.29,42704825.0
2022-03-04 00:00:00+0000,23.39,23.79,23.35,23.64,58800220.0
2022-03-07 00:00:00+0000,23.54,23.77,23.43,23.7,48191990.0
2022-03-08 00:00:00+0000,24.27,24.9,24.0,24.45,109385881.0
2022-03-09 00:00:00+0000,23.95,24.17,23.47,23.8,51199950.0
2022-03-10 00:00:00+0000,24.02,24.09,23.72,24.01,33732323.0
2022-03-11 00:00:00+0000,23.75,24.03,23.68,23.87,29726888.0
2022-03-14 00:00:00+0000,23.37,23.37,23.03,23.16,28865755.0
2022-03-15 00:00:00+0000,22.87,23.15,22.75,23.0,24226752.0
2022-03-16 00:00:00+0000,22.97,23.15,22.6,23.11,31817092.0
2022-03-17 00:00:00+0000,23.34,23.6,23.33,23.33,22093352.0
2022-03-18 00:00:00+0000,23.13,23.26,22.94,23.02,22060613.0
2022-03-21 00:00:00+0000,23.06,23.38,23.05,23.28,25456229.0
2022-03-22 00:00:00+0000,22.95,22.98,22.7,22.88,17720294.0
2022-03-23 00:00:00+0000,23.12,23.29,22.95,23.24,19603125.0
2022-03-24 00:00:00+0000,23.58,23.89,23.54,23.61,30214798.0
2022-03-25 00:00:00+0000,23.48,23.57,23.32,23.48,16572560.0
2022-03-28 00:00:00+0000,23.13,23.23,22.9,22.93,18999991.0
2022-03-29 00:00:00+0000,22.36,22.94,22.21,22.91,27547912.0
2022-03-30 00:00:00+0000,22.98,23.16,22.91,22.94,25002124.0
2022-03-31 00:00:00+0000,23.11,23.19,22.86,22.88,24975469.0
2022-04-01 00:00:00+0000,22.59,22.92,22.57,22.74,46486920.0
2022-04-04 00:00:00+0000,22.67,22.82,22.42,22.63,31772441.0
2022-04-05 00:00:00+0000,22.9,23.04,22.36,22.36,40467860.0
2022-04-06 00:00:00+0000,22.53,22.7,22.38,22.57,31318575.0
2022-04-07 00:00:00+0000,22.44,22.79,22.39,22.7,30832061.0
2022-04-08 00:00:00+0000,22.57,22.92,22.56,22.82,26270639.0
2022-04-11 00:00:00+0000,23.4,23.41,22.91,23.15,39148816.0
2022-04-12 00:00:00+0000,23.4,23.66,23.23,23.47,38108298.0
2022-04-13 00:00:00+0000,23.67,23.86,23.59,23.75,31305305.0
2022-04-14 00:00:00+0000,23.6,23.68,23.37,23.64,30665265.0
2022-04-18 00:00:00+0000,24.04,24.16,23.82,23.87,40547033.0
2022-04-19 00:00:00+0000,23.58,23.63,23.14,23.24,31249405.0
2022-04-20 00:00:00+0000,23.1,23.3,23.08,23.28,22486654.0
2022-04-21 00:00:00+0000,22.93,22.94,22.55,22.79,36233290.0
2022-04-22 00:00:00+0000,22.36,22.53,22.27,22.31,29268770.0
2022-04-25 00:00:00+0000,21.81,21.92,21.65,21.83,36356004.0
2022-04-26 00:00:00+0000,21.84,21.94,21.6,21.65,30104381.0
2022-04-27 00:00:00+0000,21.76,21.82,21.46,21.49,28417058.0
2022-04-28 00:00:00+0000,21.23,21.45,21.19,21.42,26896861.0
2022-04-29 00:00:00+0000,21.32,21.44,20.99,21.04,30670696.0
2022-05-02 00:00:00+0000,20.63,21.02,20.42,20.87,37566727.0
2022-05-03 00:00:00+0000,20.85,21.09,20.77,20.83,28039436.0
2022-05-04 00:00:00+0000,20.71,21.3,20.5,21.28,51118742.0
2022-05-05 00:00:00+0000,21.32,21.33,20.6,20.78,37872098.0
2022-05-06 00:00:00+0000,20.71,20.85,20.56,20.66,36082590.0
2022-05-09 00:00:00+0000,20.38,20.4,20.01,20.03,39457532.0
2022-05-10 00:00:00+0000,20.29,20.33,19.54,19.55,46749655.0
2022-05-11 00:00:00+0000,20.08,20.28,19.85,19.87,32637779.0
2022-05-12 00:00:00+0000,19.5,19.54,19.02,19.12,34138913.0
2022-05-13 00:00:00+0000,19.06,19.47,19.01,19.42,28942797.0
2022-05-16 00:00:00+0000,19.63,20.02,19.62,19.93,24718535.0
2022-05-17 00:00:00+0000,20.01,20.1,19.85,19.92,21442158.0
2022-05-18 00:00:00+0000,19.93,19.97,19.72,19.73,20732372.0
2022-05-19 00:00:00+0000,20.11,20.3,20.1,20.27,22873996.0
2022-05-20 00:00:00+0000,20.16,20.21,19.94,20.07,18953412.0
2022-05-23 00:00:00+0000,20.21,20.25,20.0,20.1,16917508.0
2022-05-24 00:00:00+0000,20.28,20.5,20.24,20.39,19667086.0
2022-05-25 00:00:00+0000,20.21,20.36,20.12,20.34,16133067.0
2022-05-26 00:00:00+0000,20.14,20.38,20.12,20.31,13643871.0
2022-05-27 00:00:00+0000,20.62,20.65,20.32,20.36,21278425.0
2022-05-31 00:00:00+0000,20.16,20.28,19.84,19.84,28245767.0
2022-06-01 00:00:00+0000,20.19,20.28,19.98,20.13,24903684.0
2022-06-02 00:00:00+0000,20.35,20.6,20.35,20.59,21210760.0
2022-06-03 00:00:00+0000,20.53,20.59,20.15,20.23,20805227.0
2022-06-06 00:00:00+0000,20.61,20.64,20.32,20.37,17922772.0
2022-06-07 00:00:00+0000,20.27,20.57,20.23,20.52,16762750.0
2022-06-08 00:00:00+0000,20.36,20.5,20.28,20.35,14985694.0
2022-06-09 00:00:00+0000,20.28,20.3,19.88,19.97,21683300.0
2022-06-10 00:00:00+0000,19.79,20.3,19.65,20.19,30697499.0
2022-06-13 00:00:00+0000,19.69,19.71,19.34,19.5,42623822.0
2022-06-14 00:00:00+0000,19.56,19.59,19.28,19.37,22638253.0
2022-06-15 00:00:00+0000,19.9,20.16,19.67,19.96,40721312.0
2022-06-16 00:00:00+0000,19.93,20.27,19.81,20.24,26589999.0
2022-06-17 00:00:00+0000,20.1,20.14,19.9,19.98,19289882.0
2022-06-21 00:00:00+0000,20.09,20.25,19.96,19.98,18549682.0
2022-06-22 00:00:00+0000,19.82,19.93,19.69,19.76,18211646.0
2022-06-23 00:00:00+0000,19.74,19.84,19.29,19.37,28578782.0
2022-06-24 00:00:00+0000,19.27,19.58,19.15,19.51,15260709.0
2022-06-27 00:00:00+0000,19.69,19.7,19.47,19.49,14942641.0
2022-06-28 00:00:00+0000,19.52,19.53,19.18,19.19,15281521.0
2022-06-29 00:00:00+0000,19.26,19.29,19.03,19.14,14913833.0
2022-06-30 00:00:00+0000,18.99,19.08,18.64,18.64,28027629.0
2022-07-01 00:00:00+0000,18.1,18.38,17.99,18.31,36957467.0
2022-07-05 00:00:00+0000,18.03,18.09,17.59,17.73,33387211.0
2022-07-06 00:00:00+0000,17.8,17.85,17.48,17.69,25706306.0
2022-07-07 00:00:00+0000,17.81,17.98,17.69,17.75,14107631.0
2022-07-08 00:00:00+0000,17.8,17.94,17.63,17.79,12996338.0
2022-07-11 00:00:00+0000,17.71,17.83,17.58,17.58,18437210.0
2022-07-12 00:00:00+0000,17.5,17.65,17.41,17.44,16155154.0
2022-07-13 00:00:00+0000,17.5,17.9,17.42,17.69,23863897.0
2022-07-14 00:00:00+0000,16.91,17.06,16.73,17.0,27814010.0
2022-07-15 00:00:00+0000,17.15,17.26,16.98,17.19,17986875.0
2022-07-18 00:00:00+0000,17.44,17.54,17.19,17.22,17977372.0
2022-07-19 00:00:00+0000,17.3,17.39,17.27,17.29,14325960.0
2022-07-20 00:00:00+0000,17.58,17.62,17.19,17.19,17824728.0
2022-07-21 00:00:00+0000,17.07,17.4,17.06,17.4,19201411.0
2022-07-22 00:00:00+0000,17.28,17.48,17.07,17.14,22219449.0
2022-07-25 00:00:00+0000,17.06,17.08,16.88,16.98,20648316.0
2022-07-26 00:00:00+0000,17.16,17.27,17.11,17.16,15670727.0
2022-07-27 00:00:00+0000,17.17,17.65,17.01,17.6,34976315.0
2022-07-28 00:00:00+0000,18.16,18.44,18.06,18.43,28948133.0
2022-07-29 00:00:00+0000,18.43,18.73,18.34,18.7,16402260.0
2022-08-01 00:00:00+0000,18.72,18.85,18.65,18.79,23715931.0
2022-08-02 00:00:00+0000,18.73,18.83,18.4,18.41,27204005.0
2022-08-03 00:00:00+0000,18.45,18.54,18.3,18.49,12550742.0
2022-08-04 00:00:00+0000,18.47,18.69,18.4,18.64,12866726.0
2022-08-05 00:00:00+0000,18.16,18.44,18.11,18.33,13877477.0
2022-08-08 00:00:00+0000,18.77,19.12,18.74,19.03,19401963.0
2022-08-09 00:00:00+0000,19.02,19.07,18.82,18.93,19086724.0
2022-08-10 00:00:00+0000,19.0,19.22,18.91,18.95,23966102.0
2022-08-11 00:00:00+0000,18.87,18.99,18.66,18.67,15185594.0
2022-08-12 00:00:00+0000,18.82,19.21,18.81,19.17,15899070.0
2022-08-15 00:00:00+0000,18.67,18.8,18.55,18.68,18322420.0
2022-08-16 00:00:00+0000,18.5,18.64,18.49,18.57,19956313.0
2022-08-17 00:00:00+0000,18.36,18.42,18.15,18.25,20080527.0
2022-08-18 00:00:00+0000,18.29,18.35,17.96,18.04,16013729.0
2022-08-19 00:00:00+0000,17.76,17.78,17.53,17.55,15642524.0
2022-08-22 00:00:00+0000,17.47,17.6,17.32,17.5,17107593.0
2022-08-23 00:00:00+0000,17.4,17.77,17.4,17.62,18767410.0
2022-08-24 00:00:00+0000,17.51,17.73,17.47,17.63,12859014.0
2022-08-25 00:00:00+0000,17.72,17.78,17.6,17.73,12979690.0
2022-08-26 00:00:00+0000,17.82,17.91,17.35,17.36,17213553.0
2022-08-29 00:00:00+0000,17.24,17.43,17.21,17.29,17519295.0
2022-08-30 00:00:00+0000,17.22,17.23,16.91,16.96,17305323.0
2022-08-31 00:00:00+0000,16.7,16.82,16.58,16.58,17429430.0
2022-09-01 00:00:00+0000,16.39,16.48,16.19,16.38,16447967.0
2022-09-02 00:00:00+0000,16.63,16.86,16.48,16.57,12639001.0
2022-09-06 00:00:00+0000,16.82,16.86,16.53,16.54,8601219.0
2022-09-07 00:00:00+0000,16.64,17.02,16.61,17.0,11790775.0
2022-09-08 00:00:00+0000,17.06,17.13,16.88,17.03,10477917.0
2022-09-09 00:00:00+0000,17.13,17.39,17.11,17.32,8109472.0
2022-09-12 00:00:00+0000,18.17,18.44,17.98,18.17,25073390.0
2022-09-13 00:00:00+0000,18.04,18.2,17.82,17.83,18399418.0
2022-09-14 00:00:00+0000,18.06,18.15,17.92,18.0,12122576.0
2022-09-15 00:00:00+0000,17.86,18.05,17.61,17.63,15325665.0
2022-09-16 00:00:00+0000,17.57,18.08,17.45,17.99,18783180.0
2022-09-19 00:00:00+0000,17.72,18.0,17.7,17.99,11407131.0
2022-09-20 00:00:00+0000,17.66,17.78,17.56,17.73,8848757.0
2022-09-21 00:00:00+0000,18.02,18.36,17.82,18.06,34266784.0
2022-09-22 00:00:00+0000,18.13,18.19,17.9,18.09,9559972.0
2022-09-23 00:00:00+0000,17.64,17.65,17.3,17.36,21337088.0
2022-09-26 00:00:00+0000,17.37,17.54,16.89,16.92,17604621.0
2022-09-27 00:00:00+0000,17.17,17.3,16.87,16.9,17247984.0
2022-09-28 00:00:00+0000,16.99,17.49,16.98,17.45,20107598.0
2022-09-29 00:00:00+0000,17.28,17.38,17.03,17.37,15394813.0
2022-09-30 00:00:00+0000,17.41,17.77,17.4,17.5,12468263.0
2022-10-03 00:00:00+0000,18.47,19.1,18.4,19.1,36305651.0
2022-10-04 00:00:00+0000,19.3,19.56,19.21,19.36,20795434.0
2022-10-05 00:00:00+0000,18.69,19.11,18.36,18.99,22201718.0
2022-10-06 00:00:00+0000,18.86,19.06,18.75,19.04,9590040.0
2022-10-07 00:00:00+0000,18.79,18.88,18.42,18.5,15975746.0
2022-10-10 00:00:00+0000,18.21,18.24,17.98,18.09,17148816.0
2022-10-11 00:00:00+0000,17.89,18.08,17.56,17.68,20361945.0
2022-10-12 00:00:00+0000,17.53,17.68,17.37,17.59,19332192.0
2022-10-13 00:00:00+0000,17.14,17.52,17.04,17.39,23850746.0
2022-10-14 00:00:00+0000,17.18,17.2,16.66,16.81,23597591.0
2022-10-17 00:00:00+0000,17.33,17.45,17.11,17.12,16248390.0
2022-10-18 00:00:00+0000,17.36,17.41,17.07,17.23,10804004.0
2022-10-19 00:00:00+0000,16.99,17.08,16.91,17.01,9394318.0
2022-10-20 00:00:00+0000,17.06,17.5,17.03,17.17,16759383.0
2022-10-21 00:00:00+0000,17.21,17.78,17.13,17.76,26232930.0
2022-10-24 00:00:00+0000,17.66,17.77,17.51,17.68,12008130.0
2022-10-25 00:00:00+0000,17.71,17.9,17.7,17.86,12980864.0
2022-10-26 00:00:00+0000,17.9,18.12,17.9,17.98,15813940.0
2022-10-27 00:00:00+0000,18.02,18.1,17.89,17.98,12885233.0
2022-10-28 00:00:00+0000,17.7,17.85,17.49,17.74,9827666.0
2022-10-31 00:00:00+0000,17.46,17.72,17.4,17.62,8485794.0
2022-11-01 00:00:00+0000,18.32,18.37,17.94,18.05,17925446.0
2022-11-02 00:00:00+0000,18.24,18.49,17.73,17.73,23502372.0
2022-11-03 00:00:00+0000,17.46,18.0,17.44,17.94,17894773.0
2022-11-04 00:00:00+0000,18.74,19.26,18.66,19.26,32774160.0
2022-11-07 00:00:00+0000,19.22,19.34,19.13,19.15,12108487.0
2022-11-08 00:00:00+0000,19.26,19.91,19.21,19.7,29759565.0
2022-11-09 00:00:00+0000,19.66,19.9,19.33,19.36,16355313.0
2022-11-10 00:00:00+0000,19.98,20.07,19.76,19.97,17658495.0
2022-11-11 00:00:00+0000,19.76,19.95,19.66,19.95,11146476.0
2022-11-14 00:00:00+0000,19.95,20.33,19.93,20.24,12229346.0
2022-11-15 00:00:00+0000,20.08,20.12,19.69,19.88,22328295.0
2022-11-16 00:00:00+0000,19.95,20.0,19.7,19.74,9327322.0
2022-11-17 00:00:00+0000,19.25,19.33,19.12,19.29,11707886.0
2022-11-18 00:00:00+0000,19.31,19.46,19.18,19.25,11617089.0
2022-11-21 00:00:00+0000,19.21,19.25,19.02,19.2,9779943.0
2022-11-22 00:00:00+0000,19.43,19.52,19.25,19.43,9356686.0
2022-11-23 00:00:00+0000,19.53,19.88,19.5,19.81,11675663.0
2022-11-25 00:00:00+0000,19.59,19.76,19.56,19.72,7153753.0
2022-11-28 00:00:00+0000,19.66,19.69,19.2,19.26,18636784.0
2022-11-29 00:00:00+0000,19.5,19.75,19.5,19.56,9966099.0
2022-11-30 00:00:00+0000,20.12,20.43,19.8,20.43,25000499.0
2022-12-01 00:00:00+0000,20.63,20.98,20.59,20.98,23206988.0
2022-12-02 00:00:00+0000,20.73,21.39,20.67,21.29,20791327.0
2022-12-05 00:00:00+0000,20.91,20.95,20.4,20.44,22853457.0
2022-12-06 00:00:00+0000,20.62,20.75,20.27,20.44,15462568.0
2022-12-07 00:00:00+0000,20.67,21.01,20.65,20.92,20184698.0
2022-12-08 00:00:00+0000,21.32,21.37,21.14,21.21,16045220.0
2022-12-09 00:00:00+0000,21.45,21.8,21.26,21.56,16913194.0
2022-12-12 00:00:00+0000,21.58,21.62,21.26,21.46,18822862.0
2022-12-13 00:00:00+0000,22.09,22.2,21.68,21.83,22764383.0
2022-12-14 00:00:00+0000,21.93,22.14,21.52,21.99,23407864.0
2022-12-15 00:00:00+0000,21.45,21.57,21.15,21.24,17686046.0
2022-12-16 00:00:00+0000,21.16,21.4,21.13,21.37,11918935.0
2022-12-19 00:00:00+0000,21.35,21.38,21.01,21.12,11883562.0
2022-12-20 00:00:00+0000,21.95,22.32,21.86,22.23,25394039.0
2022-12-21 00:00:00+0000,22.09,22.27,22.01,22.07,10547318.0
2022-12-22 00:00:00+0000,21.65,21.79,21.52,21.69,13488248.0
2022-12-23 00:00:00+0000,21.78,21.95,21.68,21.85,10046676.0
2022-12-27 00:00:00+0000,21.96,22.35,21.92,22.11,11517020.0
2022-12-28 00:00:00+0000,21.93,21.97,21.59,21.6,10283747.0
2022-12-29 00:00:00+0000,22.06,22.14,21.95,21.97,11180409.0
2022-12-30 00:00:00+0000,21.92,22.03,21.64,22.02,13539659.0
2023-01-03 00:00:00+0000,22.45,22.54,22.03,22.05,16371343.0
2023-01-04 00:00:00+0000,22.28,22.36,21.7,21.89,15655556.0
2023-01-05 00:00:00+0000,21.5,21.53,21.27,21.39,15255981.0
2023-01-06 00:00:00+0000,21.71,22.0,21.6,21.92,15812347.0
2023-01-09 00:00:00+0000,22.0,22.14,21.69,21.74,14740346.0
2023-01-10 00:00:00+0000,21.74,21.87,21.64,21.73,9146552.0
2023-01-11 00:00:00+0000,21.86,21.88,21.36,21.55,12604457.0
2023-01-12 00:00:00+0000,22.0,22.07,21.69,21.88,16344880.0
2023-01-13 00:00:00+0000,21.88,22.35,21.86,22.33,16185566.0
2023-01-17 00:00:00+0000,22.2,22.21,21.92,22.01,21235975.0
2023-01-18 00:00:00+0000,22.3,22.4,21.55,21.57,21372485.0
2023-01-19 00:00:00+0000,21.65,22.03,21.57,21.96,13093356.0
2023-01-20 00:00:00+0000,22.01,22.07,21.81,22.02,12080709.0
2023-01-23 00:00:00+0000,21.18,21.62,20.93,21.58,25531367.0
2023-01-24 00:00:00+0000,21.5,21.83,21.35,21.76,14291755.0
2023-01-25 00:00:00+0000,21.63,22.02,21.58,21.97,12095525.0
2023-01-26 00:00:00+0000,22.19,22.22,21.81,21.99,17218101.0
2023-01-27 00:00:00+0000,21.71,21.79,21.43,21.68,12197359.0
2023-01-30 00:00:00+0000,21.8,21.82,21.64,21.66,7611834.0
2023-01-31 00:00:00+0000,21.58,21.86,21.54,21.83,9676285.0
2023-02-01 00:00:00+0000,21.8,22.11,21.49,22.08,22730527.0
2023-02-02 00:00:00+0000,22.5,22.52,21.54,21.57,20678985.0
2023-02-03 00:00:00+0000,20.86,21.06,20.5,20.57,29412515.0
2023-02-06 00:00:00+0000,20.55,20.65,20.37,20.48,14251572.0
2023-02-07 00:00:00+0000,20.41,20.64,20.27,20.38,15131977.0
2023-02-08 00:00:00+0000,20.59,20.65,20.42,20.48,9357981.0
2023-02-09 00:00:00+0000,20.66,20.68,20.15,20.18,17182522.0
2023-02-10 00:00:00+0000,20.41,20.45,20.15,20.24,9751763.0
2023-02-13 00:00:00+0000,20.15,20.25,20.04,20.2,9964809.0
2023-02-14 00:00:00+0000,19.95,20.22,19.87,20.12,13411484.0
2023-02-15 00:00:00+0000,19.78,19.95,19.77,19.89,12218324.0
2023-02-16 00:00:00+0000,19.74,20.02,19.71,19.84,15045243.0
2023-02-17 00:00:00+0000,19.59,20.06,19.55,20.01,14379787.0
2023-02-21 00:00:00+0000,20.13,20.21,20.0,20.07,10275078.0
2023-02-22 00:00:00+0000,20.03,20.06,19.71,19.75,12160866.0
2023-02-23 00:00:00+0000,19.84,19.9,19.55,19.63,11369295.0
2023-02-24 00:00:00+0000,19.28,19.36,19.06,19.09,22407442.0
2023-02-27 00:00:00+0000,19.09,19.14,18.89,18.93,19360860.0
2023-02-28 00:00:00+0000,18.98,19.31,18.9,19.22,11851706.0
2023-03-01 00:00:00+0000,19.28,19.47,19.22,19.29,13064650.0
2023-03-02 00:00:00+0000,19.05,19.25,19.02,19.24,8022718.0
2023-03-03 00:00:00+0000,19.3,19.56,19.15,19.55,11014936.0
2023-03-06 00:00:00+0000,19.46,19.49,19.28,19.32,7313207.0
2023-03-07 00:00:00+0000,18.98,18.99,18.41,18.45,24122232.0
2023-03-08 00:00:00+0000,18.43,18.6,18.39,18.4,11493777.0
2023-03-09 00:00:00+0000,18.49,18.66,18.38,18.44,10241389.0
2023-03-10 00:00:00+0000,18.89,19.11,18.75,18.86,18534749.0
2023-03-13 00:00:00+0000,19.71,20.16,19.67,20.0,32141792.0
2023-03-14 00:00:00+0000,20.05,20.21,19.87,19.89,27050845.0
2023-03-15 00:00:00+0000,20.39,20.44,19.87,20.0,46314400.0
2023-03-16 00:00:00+0000,20.15,20.18,19.72,19.92,22545034.0
2023-03-17 00:00:00+0000,20.18,20.78,20.15,20.63,26790304.0
2023-03-20 00:00:00+0000,20.58,20.75,20.45,20.69,12442660.0
2023-03-21 00:00:00+0000,20.69,20.7,20.36,20.54,14328151.0
2023-03-22 00:00:00+0000,20.52,21.21,20.5,21.1,24438585.0
2023-03-23 00:00:00+0000,21.12,21.35,21.02,21.28,18251648.0
2023-03-24 00:00:00+0000,21.52,21.58,21.2,21.22,14600747.0
2023-03-27 00:00:00+0000,21.08,21.24,21.0,21.22,10971550.0
2023-03-28 00:00:00+0000,21.14,21.49,21.12,21.43,10695856.0
2023-03-29 00:00:00+0000,21.32,21.53,21.3,21.44,11104220.0
2023-03-30 00:00:00+0000,21.68,21.96,21.56,21.94,12522571.0
2023-03-31 00:00:00+0000,22.03,22.2,21.99,22.12,16698291.0
2023-04-03 00:00:00+0000,21.96,22.24,21.92,22.06,15488236.0
2023-04-04 00:00:00+0000,22.13,23.0,22.09,22.97,32703706.0
2023-04-05 00:00:00+0000,22.82,22.98,22.64,22.94,18730779.0
2023-04-06 00:00:00+0000,22.79,22.98,22.58,22.89,11720440.0
2023-04-10 00:00:00+0000,22.82,22.89,22.72,22.88,11345687.0
2023-04-11 00:00:00+0000,22.9,23.1,22.85,23.04,12285323.0
2023-04-12 00:00:00+0000,23.37,23.47,23.05,23.43,18897231.0
2023-04-13 00:00:00+0000,23.69,23.86,23.56,23.74,27358800.0
2023-04-14 00:00:00+0000,23.84,23.89,23.1,23.31,31743375.0
2023-04-17 00:00:00+0000,23.29,23.33,22.79,23.02,20768523.0
2023-04-18 00:00:00+0000,22.92,23.27,22.9,23.15,13046988.0
2023-04-19 00:00:00+0000,23.08,23.32,23.06,23.23,17408751.0
2023-04-20 00:00:00+0000,23.23,23.42,23.05,23.17,14363824.0
2023-04-21 00:00:00+0000,23.18,23.32,22.88,22.98,16197311.0
2023-04-24 00:00:00+0000,22.93,23.18,22.84,23.08,12638105.0
2023-04-25 00:00:00+0000,22.93,23.03,22.63,22.99,20197748.0
2023-04-26 00:00:00+0000,23.12,23.12,22.71,22.83,19523696.0
2023-04-27 00:00:00+0000,22.59,22.93,22.51,22.89,14363834.0
2023-04-28 00:00:00+0000,22.88,23.03,22.74,23.0,13183902.0
2023-05-01 00:00:00+0000,23.69,23.71,22.86,22.89,28879827.0
2023-05-02 00:00:00+0000,22.67,23.41,22.64,23.35,25871970.0
2023-05-03 00:00:00+0000,23.29,23.53,23.16,23.43,19388741.0
2023-05-04 00:00:00+0000,23.42,23.94,23.42,23.94,29807148.0
2023-05-05 00:00:00+0000,23.38,23.59,23.12,23.57,24121360.0
2023-05-08 00:00:00+0000,23.5,23.6,23.43,23.49,10786868.0
2023-05-09 00:00:00+0000,23.4,23.59,23.37,23.48,10393001.0
2023-05-10 00:00:00+0000,23.6,23.66,23.16,23.31,16919754.0
2023-05-11 00:00:00+0000,22.63,22.72,22.17,22.2,26197568.0
2023-05-12 00:00:00+0000,22.06,22.19,21.91,22.02,16088788.0
2023-05-15 00:00:00+0000,22.14,22.24,22.02,22.1,10344784.0
2023-05-16 00:00:00+0000,22.0,22.11,21.7,21.81,14979923.0
2023-05-17 00:00:00+0000,21.92,21.92,21.61,21.82,11607207.0
2023-05-18 00:00:00+0000,21.61,21.63,21.42,21.56,16351881.0
2023-05-19 00:00:00+0000,21.7,22.06,21.58,21.86,18755927.0
2023-05-22 00:00:00+0000,21.86,21.95,21.67,21.67,10646998.0
2023-05-23 00:00:00+0000,21.56,21.71,21.47,21.51,14302023.0
2023-05-24 00:00:00+0000,21.41,21.44,21.14,21.16,14433111.0
2023-05-25 00:00:00+0000,21.18,21.19,20.84,20.86,13688969.0
2023-05-26 00:00:00+0000,21.26,21.43,21.13,21.38,12862229.0
2023-05-30 00:00:00+0000,21.26,21.37,21.12,21.3,8447397.0
2023-05-31 00:00:00+0000,21.4,21.69,21.19,21.61,17418813.0
2023-06-01 00:00:00+0000,21.59,21.97,21.58,21.95,16382867.0
2023-06-02 00:00:00+0000,21.97,22.0,21.65,21.69,12219261.0
2023-06-05 00:00:00+0000,21.52,21.75,21.46,21.64,8153448.0
2023-06-06 00:00:00+0000,21.63,21.71,21.43,21.65,8554436.0
2023-06-07 00:00:00+0000,21.7,22.09,21.5,21.51,15817517.0
2023-06-08 00:00:00+0000,22.01,22.36,22.01,22.3,18638031.0
2023-06-09 00:00:00+0000,22.26,22.52,22.21,22.27,10023472.0
2023-06-12 00:00:00+0000,22.06,22.12,21.92,22.08,11244464.0
2023-06-13 00:00:00+0000,22.11,22.21,21.66,21.74,13929480.0
2023-06-14 00:00:00+0000,21.96,22.11,21.89,21.97,10682882.0
2023-06-15 00:00:00+0000,21.67,21.95,21.66,21.94,10299313.0
2023-06-16 00:00:00+0000,22.08,22.22,21.92,22.18,9701682.0
2023-06-20 00:00:00+0000,21.41,21.45,21.16,21.26,22037912.0
2023-06-21 00:00:00+0000,20.95,20.98,20.65,20.84,18196386.0
2023-06-22 00:00:00+0000,20.63,20.71,20.46,20.53,15973041.0
2023-06-23 00:00:00+0000,20.65,20.83,20.46,20.58,12533942.0
2023-06-26 00:00:00+0000,20.85,21.0,20.73,20.9,11986183.0
2023-06-27 00:00:00+0000,21.17,21.2,20.88,20.98,10257087.0
2023-06-28 00:00:00+0000,20.86,20.99,20.71,20.84,7481426.0
2023-06-29 00:00:00+0000,20.56,20.82,20.45,20.72,12407023.0
2023-06-30 00:00:00+0000,20.65,20.97,20.57,20.89,9783990.0
2023-07-03 00:00:00+0000,21.05,21.18,21.0,21.01,8541307.0
2023-07-05 00:00:00+0000,21.32,21.35,21.1,21.21,11936986.0
2023-07-06 00:00:00+0000,21.02,21.03,20.67,20.83,11803037.0
2023-07-07 00:00:00+0000,20.92,21.24,20.92,21.18,9278127.0
2023-07-10 00:00:00+0000,21.05,21.25,21.05,21.24,8111677.0
2023-07-11 00:00:00+0000,21.25,21.3,21.12,21.2,5897228.0
2023-07-12 00:00:00+0000,21.91,22.16,21.88,22.15,22052183.0
2023-07-13 00:00:00+0000,22.49,22.78,22.41,22.78,20061972.0
2023-07-14 00:00:00+0000,22.79,22.96,22.71,22.86,15637199.0
2023-07-17 00:00:00+0000,22.69,22.82,22.57,22.79,7868497.0
2023-07-18 00:00:00+0000,22.81,23.1,22.73,22.99,13520336.0
2023-07-19 00:00:00+0000,23.0,23.16,22.92,23.1,10410367.0
2023-07-20 00:00:00+0000,23.1,23.13,22.67,22.68,14727852.0
2023-07-21 00:00:00+0000,22.68,22.72,22.56,22.57,9890792.0
2023-07-24 00:00:00+0000,22.4,22.46,22.26,22.33,14117542.0
2023-07-25 00:00:00+0000,22.57,22.69,22.46,22.62,10245579.0
2023-07-26 00:00:00+0000,22.58,22.97,22.5,22.91,23982550.0
2023-07-27 00:00:00+0000,22.5,22.52,22.06,22.11,23468024.0
2023-07-28 00:00:00+0000,22.26,22.39,22.19,22.32,8163883.0
2023-07-31 00:00:00+0000,22.48,22.79,22.48,22.69,10723827.0
2023-08-01 00:00:00+0000,22.31,22.44,22.13,22.29,10229961.0
2023-08-02 00:00:00+0000,22.19,22.22,21.69,21.75,15011878.0
2023-08-03 00:00:00+0000,21.65,21.75,21.58,21.63,14414114.0
2023-08-04 00:00:00+0000,21.68,21.83,21.59,21.66,11486828.0
2023-08-07 00:00:00+0000,21.59,21.6,21.16,21.21,10881880.0
2023-08-08 00:00:00+0000,20.87,20.99,20.79,20.9,14486960.0
2023-08-09 00:00:00+0000,20.85,21.0,20.75,20.8,10947511.0
2023-08-10 00:00:00+0000,20.88,21.1,20.77,20.83,12418893.0
2023-08-11 00:00:00+0000,20.82,20.96,20.76,20.8,7592978.0
2023-08-14 00:00:00+0000,20.7,20.81,20.52,20.72,9156948.0
2023-08-15 00:00:00+0000,20.63,20.83,20.52,20.67,11227411.0
2023-08-16 00:00:00+0000,20.74,20.84,20.55,20.56,12551082.0
2023-08-17 00:00:00+0000,21.06,21.08,20.71,20.8,15432811.0
2023-08-18 00:00:00+0000,20.84,20.94,20.78,20.87,10001054.0
2023-08-21 00:00:00+0000,21.31,21.38,21.01,21.36,11267560.0
2023-08-22 00:00:00+0000,21.37,21.49,21.28,21.46,11970043.0
2023-08-23 00:00:00+0000,22.05,22.34,22.03,22.29,21819147.0
2023-08-24 00:00:00+0000,22.2,22.31,22.05,22.11,13169976.0
2023-08-25 00:00:00+0000,22.11,22.36,21.93,22.22,21973076.0
2023-08-28 00:00:00+0000,22.08,22.34,22.04,22.22,7148272.0
2023-08-29 00:00:00+0000,22.24,22.74,22.19,22.71,18409400.0
2023-08-30 00:00:00+0000,22.85,22.94,22.55,22.57,11081812.0
2023-08-31 00:00:00+0000,22.53,22.62,22.34,22.39,9274848.0
2023-09-01 00:00:00+0000,22.61,22.71,22.15,22.17,11737877.0
2023-09-05 00:00:00+0000,21.82,21.89,21.56,21.59,12578176.0
2023-09-06 00:00:00+0000,21.16,21.42,21.1,21.24,12689111.0
2023-09-07 00:00:00+0000,21.08,21.17,21.01,21.05,9443275.0
2023-09-08 00:00:00+0000,21.06,21.24,20.96,21.01,10496800.0
2023-09-11 00:00:00+0000,21.24,21.27,21.04,21.16,7870368.0
2023-09-12 00:00:00+0000,21.0,21.22,20.97,21.13,7802429.0
2023-09-13 00:00:00+0000,21.01,21.11,20.91,20.93,10081186.0
2023-09-14 00:00:00+0000,20.6,20.86,20.45,20.73,23395752.0
2023-09-15 00:00:00+0000,21.19,21.35,21.1,21.11,19741553.0
2023-09-18 00:00:00+0000,21.22,21.32,21.05,21.3,10169785.0
2023-09-19 00:00:00+0000,21.37,21.4,21.17,21.27,8792425.0
2023-09-20 00:00:00+0000,21.32,21.63,21.3,21.34,16100634.0
2023-09-21 00:00:00+0000,21.04,21.52,21.0,21.44,11466725.0
2023-09-22 00:00:00+0000,21.65,21.75,21.56,21.58,9995835.0
2023-09-25 00:00:00+0000,21.48,21.56,21.12,21.2,13010652.0
2023-09-26 00:00:00+0000,21.0,21.16,20.94,20.96,14357310.0
2023-09-27 00:00:00+0000,20.71,20.8,20.54,20.7,14053631.0
2023-09-28 00:00:00+0000,20.64,20.84,20.53,20.74,12038237.0
2023-09-29 00:00:00+0000,21.39,21.43,20.27,20.34,32675836.0
2023-10-02 00:00:00+0000,19.69,19.74,19.4,19.42,37277028.0
2023-10-03 00:00:00+0000,19.26,19.62,19.21,19.44,30133549.0
2023-10-04 00:00:00+0000,19.41,19.42,18.97,19.31,23697654.0
2023-10-05 00:00:00+0000,19.32,19.4,18.98,19.25,15129124.0
2023-10-06 00:00:00+0000,19.66,19.82,19.26,19.73,25724464.0
2023-10-09 00:00:00+0000,19.84,20.08,19.8,20.06,11720942.0
2023-10-10 00:00:00+0000,19.97,20.08,19.88,19.98,10649077.0
2023-10-11 00:00:00+0000,20.19,20.27,20.07,20.18,15674454.0
2023-10-12 00:00:00+0000,20.24,20.32,19.93,19.96,14590193.0
2023-10-13 00:00:00+0000,20.49,20.91,20.47,20.78,25668055.0
2023-10-16 00:00:00+0000,20.72,20.83,20.66,20.68,9886701.0
2023-10-17 00:00:00+0000,20.79,21.09,20.72,20.92,14858985.0
2023-10-18 00:00:00+0000,21.21,21.33,20.78,20.95,17985289.0
2023-10-19 00:00:00+0000,20.94,21.16,20.74,21.11,18204452.0
2023-10-20 00:00:00+0000,21.16,21.72,21.16,21.4,33916065.0
2023-10-23 00:00:00+0000,21.2,21.27,21.0,21.05,12781034.0
2023-10-24 00:00:00+0000,20.92,21.09,20.86,21.02,10783979.0
2023-10-25 00:00:00+0000,20.91,21.08,20.66,20.94,16422550.0
2023-10-26 00:00:00+0000,20.91,20.97,20.56,20.85,12995616.0
2023-10-27 00:00:00+0000,20.92,21.19,20.76,21.18,17868385.0
2023-10-30 00:00:00+0000,21.59,21.61,21.23,21.34,14100744.0
2023-10-31 00:00:00+0000,21.14,21.36,20.83,20.98,16092452.0
2023-11-01 00:00:00+0000,20.82,21.09,20.66,20.97,24084071.0
2023-11-02 00:00:00+0000,21.07,21.1,20.76,20.87,11430269.0
2023-11-03 00:00:00+0000,21.03,21.35,20.99,21.22,19144971.0
2023-11-06 00:00:00+0000,21.22,21.23,21.07,21.08,9309947.0
2023-11-07 00:00:00+0000,20.73,20.76,20.57,20.73,14475858.0
2023-11-08 00:00:00+0000,20.81,20.94,20.61,20.65,13196514.0
2023-11-09 00:00:00+0000,20.75,21.07,20.65,20.69,15382229.0
2023-11-10 00:00:00+0000,20.55,20.6,20.34,20.34,12852174.0
2023-11-13 00:00:00+0000,20.18,20.49,20.1,20.43,9739852.0
2023-11-14 00:00:00+0000,20.92,21.24,20.87,21.17,19759336.0
2023-11-15 00:00:00+0000,21.36,21.52,21.24,21.45,17325492.0
2023-11-16 00:00:00+0000,21.88,22.06,21.73,21.76,18640617.0
2023-11-17 00:00:00+0000,21.79,21.86,21.67,21.75,8543049.0
2023-11-20 00:00:00+0000,21.42,21.61,21.38,21.48,8564971.0
2023-11-21 00:00:00+0000,21.88,22.0,21.73,21.77,14113749.0
2023-11-22 00:00:00+0000,21.7,21.82,21.57,21.67,9530530.0
2023-11-24 00:00:00+0000,22.02,22.29,22.0,22.27,8795807.0
2023-11-27 00:00:00+0000,22.67,22.71,22.5,22.56,15173246.0
2023-11-28 00:00:00+0000,22.68,22.92,22.59,22.92,15384160.0
2023-11-29 00:00:00+0000,22.96,23.13,22.82,22.88,15029819.0
2023-11-30 00:00:00+0000,22.97,23.15,22.85,23.13,13043667.0
2023-12-01 00:00:00+0000,23.09,23.38,23.05,23.33,20915877.0
2023-12-04 00:00:00+0000,22.75,22.92,22.36,22.46,27192404.0
2023-12-05 00:00:00+0000,22.28,22.38,21.95,22.12,25843618.0
2023-12-06 00:00:00+0000,22.17,22.2,21.86,21.93,12384648.0
2023-12-07 00:00:00+0000,21.89,21.91,21.6,21.79,15468364.0
2023-12-08 00:00:00+0000,21.35,21.56,21.01,21.1,25895245.0
2023-12-11 00:00:00+0000,20.96,21.0,20.81,20.91,18684347.0
2023-12-12 00:00:00+0000,20.96,20.98,20.78,20.84,10331660.0
2023-12-13 00:00:00+0000,20.75,21.78,20.61,21.77,33102665.0
2023-12-14 00:00:00+0000,21.99,22.18,21.99,22.15,18595662.0
2023-12-15 00:00:00+0000,21.98,22.03,21.75,21.83,10660539.0
2023-12-18 00:00:00+0000,21.88,21.88,21.66,21.8,12095139.0
2023-12-19 00:00:00+0000,21.91,22.13,21.89,22.03,11822872.0
2023-12-20 00:00:00+0000,22.26,22.31,22.04,22.04,11489584.0
2023-12-21 00:00:00+0000,22.28,22.42,22.19,22.31,15805320.0
2023-12-22 00:00:00+0000,22.41,22.53,22.05,22.12,15237018.0
2023-12-26 00:00:00+0000,22.21,22.22,22.04,22.2,10947918.0
2023-12-27 00:00:00+0000,22.1,22.4,22.09,22.23,12720966.0
2023-12-28 00:00:00+0000,22.17,22.25,21.96,21.99,10009298.0
2023-12-29 00:00:00+0000,21.62,21.95,21.56,21.78,12284649.0
2024-01-02 00:00:00+0000,21.89,21.99,21.64,21.65,12579019.0
2024-01-03 00:00:00+0000,21.08,21.22,20.91,21.06,23997652.0
2024-01-04 00:00:00+0000,20.92,21.1,20.77,21.08,11062927.0
2024-01-05 00:00:00+0000,21.15,21.53,21.03,21.21,20045073.0
2024-01-08 00:00:00+0000,21.07,21.25,21.0,21.13,8369668.0
2024-01-09 00:00:00+0000,21.22,21.25,20.96,21.0,10004527.0
2024-01-10 00:00:00+0000,20.93,21.02,20.85,20.94,10899475.0
2024-01-11 00:00:00+0000,20.97,21.08,20.57,20.82,20560970.0
2024-01-12 00:00:00+0000,21.39,21.54,21.11,21.19,16771932.0
2024-01-16 00:00:00+0000,21.14,21.17,20.92,20.96,15213749.0
2024-01-17 00:00:00+0000,20.78,20.8,20.61,20.65,17210745.0
2024-01-18 00:00:00+0000,20.56,20.84,20.53,20.81,9579198.0
2024-01-19 00:00:00+0000,20.77,20.77,20.56,20.67,11851690.0
2024-01-22 00:00:00+0000,20.12,20.41,20.07,20.22,14219036.0
2024-01-23 00:00:00+0000,20.44,20.56,20.4,20.53,11383956.0
2024-01-24 00:00:00+0000,20.98,21.0,20.7,20.71,21217313.0
2024-01-25 00:00:00+0000,20.95,21.07,20.79,20.94,14819738.0
2024-01-26 00:00:00+0000,20.81,20.93,20.77,20.86,6714704.0
2024-01-29 00:00:00+0000,21.03,21.25,20.83,21.21,13559392.0
2024-01-30 00:00:00+0000,21.29,21.33,20.99,21.19,10103412.0
2024-01-31 00:00:00+0000,21.2,21.35,20.84,20.91,19361591.0
2024-02-01 00:00:00+0000,20.94,21.28,20.88,21.21,23093376.0
2024-02-02 00:00:00+0000,20.61,20.79,20.5,20.75,22563715.0
2024-02-05 00:00:00+0000,20.44,20.55,20.38,20.47,15011866.0
2024-02-06 00:00:00+0000,20.43,20.58,20.39,20.51,8466619.0
2024-02-07 00:00:00+0000,20.43,20.54,20.32,20.33,10048318.0
2024-02-08 00:00:00+0000,20.44,20.71,20.38,20.65,15311196.0
2024-02-09 00:00:00+0000,20.56,20.72,20.46,20.68,9893533.0
2024-02-12 00:00:00+0000,20.63,20.84,20.6,20.76,10198714.0
2024-02-13 00:00:00+0000,20.43,20.44,20.11,20.2,20453691.0
2024-02-14 00:00:00+0000,20.23,20.55,20.21,20.44,12121994.0
2024-02-15 00:00:00+0000,20.84,21.08,20.83,20.94,24781850.0
2024-02-16 00:00:00+0000,21.07,21.5,20.91,21.39,19290871.0
2024-02-20 00:00:00+0000,21.17,21.19,21.03,21.07,8212880.0
2024-02-21 00:00:00+0000,21.09,21.1,20.81,20.96,9060851.0
2024-02-22 00:00:00+0000,20.92,20.97,20.8,20.82,10286691.0
2024-02-23 00:00:00+0000,20.8,21.04,20.69,20.99,13832346.0
2024-02-26 00:00:00+0000,20.61,20.69,20.54,20.62,13165269.0
2024-02-27 00:00:00+0000,20.72,20.74,20.51,20.57,8318728.0
2024-02-28 00:00:00+0000,20.51,20.56,20.45,20.55,7071471.0
2024-02-29 00:00:00+0000,20.75,20.79,20.61,20.73,9227547.0
2024-03-01 00:00:00+0000,20.8,21.28,20.64,21.17,21769072.0
2024-03-04 00:00:00+0000,21.43,21.9,21.39,21.86,23973132.0
2024-03-05 00:00:00+0000,21.96,22.06,21.64,21.67,20997312.0
2024-03-06 00:00:00+0000,21.86,22.23,21.86,22.1,29644502.0
2024-03-07 00:00:00+0000,22.14,22.41,22.12,22.24,17077633.0
2024-03-08 00:00:00+0000,22.23,22.45,22.12,22.23,24188164.0
2024-03-11 00:00:00+0000,22.33,22.44,22.23,22.35,13423879.0
2024-03-12 00:00:00+0000,22.21,22.22,21.96,22.09,14468116.0
2024-03-13 00:00:00+0000,22.31,22.88,22.26,22.79,25792648.0
2024-03-14 00:00:00+0000,22.91,22.94,22.62,22.73,13806140.0
2024-03-15 00:00:00+0000,23.05,23.28,22.97,23.03,24920867.0
2024-03-18 00:00:00+0000,23.13,23.13,22.85,22.91,11163056.0
2024-03-19 00:00:00+0000,22.79,22.84,22.61,22.79,11778032.0
2024-03-20 00:00:00+0000,22.71,23.45,22.7,23.29,30442976.0
2024-03-21 00:00:00+0000,23.14,23.16,22.53,22.65,29335634.0
2024-03-22 00:00:00+0000,22.65,22.82,22.52,22.56,15822689.0
2024-03-25 00:00:00+0000,22.6,22.73,22.55,22.58,9278227.0
2024-03-26 00:00:00+0000,22.61,22.62,22.29,22.34,16817092.0
2024-03-27 00:00:00+0000,22.34,22.56,22.34,22.51,11478225.0
2024-03-28 00:00:00+0000,22.48,22.8,22.41,22.75,27078670.0
2024-04-01 00:00:00+0000,23.19,23.2,22.63,22.86,20566349.0
2024-04-02 00:00:00+0000,23.33,23.9,23.24,23.84,53223416.0
2024-04-03 00:00:00+0000,24.27,24.76,24.17,24.73,55548329.0
2024-04-04 00:00:00+0000,24.57,24.95,24.38,24.49,47555803.0
2024-04-05 00:00:00+0000,24.49,25.14,24.39,25.03,40784158.0
2024-04-08 00:00:00+0000,25.36,25.49,24.9,25.4,37001378.0
2024-04-09 00:00:00+0000,25.75,25.9,25.25,25.72,38567163.0
2024-04-10 00:00:00+0000,25.33,26.08,25.17,25.45,45654577.0
2024-04-11 00:00:00+0000,25.69,26.04,25.38,26.01,26279918.0
2024-04-12 00:00:00+0000,26.8,27.24,25.52,25.63,111740440.0
2024-04-15 00:00:00+0000,26.21,26.42,25.69,26.41,48127397.0
2024-04-16 00:00:00+0000,26.07,26.07,25.55,25.8,54056961.0
2024-04-17 00:00:00+0000,26.13,26.34,25.71,25.85,44174980.0
2024-04-18 00:00:00+0000,26.11,26.16,25.74,25.86,24253282.0
2024-04-19 00:00:00+0000,25.93,26.33,25.9,26.2,27160345.0
2024-04-22 00:00:00+0000,24.95,25.19,24.79,24.93,33222352.0
2024-04-23 00:00:00+0000,24.66,25.04,24.63,24.99,35299913.0
2024-04-24 00:00:00+0000,24.88,25.05,24.78,24.9,13583403.0
2024-04-25 00:00:00+0000,24.86,25.22,24.81,25.06,29810832.0
2024-04-26 00:00:00+0000,25.19,25.22,24.75,24.89,25329613.0
2024-04-29 00:00:00+0000,24.87,25.08,24.68,24.83,22482324.0
2024-04-30 00:00:00+0000,24.24,24.37,24.02,24.05,30164946.0
2024-05-01 00:00:00+0000,24.18,24.65,24.09,24.27,38664012.0
2024-05-02 00:00:00+0000,23.95,24.47,23.92,24.36,22251944.0
2024-05-03 00:00:00+0000,24.21,24.3,23.87,24.22,25152605.0
2024-05-06 00:00:00+0000,24.99,25.13,24.83,25.07,23164850.0
2024-05-07 00:00:00+0000,25.03,25.1,24.87,24.92,13367769.0
2024-05-08 00:00:00+0000,24.89,25.12,24.82,24.95,13485466.0
2024-05-09 00:00:00+0000,25.32,25.88,25.3,25.86,28306611.0
2024-05-10 00:00:00+0000,25.98,26.05,25.62,25.77,22064716.0
2024-05-13 00:00:00+0000,25.83,25.93,25.65,25.8,14018768.0
2024-05-14 00:00:00+0000,26.0,26.27,25.85,26.13,18158253.0
2024-05-15 00:00:00+0000,26.58,27.18,26.06,27.12,37363401.0
2024-05-16 00:00:00+0000,26.98,27.17,26.79,27.06,17533474.0
2024-05-17 00:00:00+0000,27.86,28.84,27.55,28.79,47253030.0
2024-05-20 00:00:00+0000,28.92,29.56,28.41,28.98,52203481.0
2024-05-21 00:00:00+0000,29.1,29.51,28.82,29.27,27502200.0
2024-05-22 00:00:00+0000,29.06,29.06,28.1,28.22,44426487.0
2024-05-23 00:00:00+0000,28.11,28.28,27.47,27.55,36710871.0
2024-05-24 00:00:00+0000,27.93,27.99,27.61,27.74,13241969.0
2024-05-28 00:00:00+0000,29.3,29.34,28.69,29.24,27874045.0
2024-05-29 00:00:00+0000,29.07,29.47,28.98,29.17,18312141.0
2024-05-30 00:00:00+0000,28.83,29.05,28.31,28.42,18945013.0
2024-05-31 00:00:00+0000,28.77,28.86,27.58,27.76,30090787.0
2024-06-03 00:00:00+0000,27.82,28.15,27.56,27.89,16381079.0
2024-06-04 00:00:00+0000,27.31,27.31,26.84,27.02,25871878.0
2024-06-05 00:00:00+0000,27.12,27.46,26.89,27.4,16189619.0
2024-06-06 00:00:00+0000,27.82,28.63,27.68,28.53,25376454.0
2024-06-07 00:00:00+0000,27.29,27.3,26.61,26.67,38392472.0
2024-06-10 00:00:00+0000,27.07,27.24,26.85,27.12,15582363.0
2024-06-11 00:00:00+0000,26.73,26.81,26.56,26.71,11906787.0
2024-06-12 00:00:00+0000,27.5,27.57,26.94,27.03,24142300.0
2024-06-13 00:00:00+0000,26.79,26.93,26.17,26.43,19341238.0
2024-06-14 00:00:00+0000,26.63,27.03,26.5,27.01,23406462.0
2024-06-17 00:00:00+0000,26.9,26.94,26.56,26.92,13734426.0
2024-06-18 00:00:00+0000,26.65,27.01,26.65,26.96,10681542.0
2024-06-20 00:00:00+0000,27.51,28.12,27.41,28.0,20100717.0
2024-06-21 00:00:00+0000,27.55,27.57,26.91,26.98,23548130.0
2024-06-24 00:00:00+0000,27.06,27.14,26.88,27.0,8716773.0
2024-06-25 00:00:00+0000,26.78,26.79,26.34,26.4,13726733.0
2024-06-26 00:00:00+0000,26.16,26.45,26.09,26.31,11225007.0
2024-06-27 00:00:00+0000,26.56,26.66,26.35,26.45,8560983.0
2024-06-28 00:00:00+0000,26.88,26.89,26.54,26.57,9313956.0
2024-07-01 00:00:00+0000,26.72,26.92,26.6,26.85,11042703.0
2024-07-02 00:00:00+0000,26.85,27.23,26.77,26.97,11391908.0
2024-07-03 00:00:00+0000,27.71,28.01,27.68,27.84,13944548.0
2024-07-05 00:00:00+0000,28.16,28.75,28.08,28.48,20967601.0
2024-07-08 00:00:00+0000,28.35,28.51,27.79,28.13,17668077.0
2024-07-09 00:00:00+0000,28.32,28.43,27.87,28.12,12140413.0
2024-07-10 00:00:00+0000,28.29,28.46,27.99,28.16,11772602.0
2024-07-11 00:00:00+0000,28.75,28.91,28.47,28.68,17669021.0
2024-07-12 00:00:00+0000,28.0,28.31,27.94,28.12,12863240.0
2024-07-15 00:00:00+0000,28.09,28.39,27.87,28.03,11114650.0
2024-07-16 00:00:00+0000,28.03,28.68,27.98,28.61,15966536.0
2024-07-17 00:00:00+0000,28.25,28.36,27.43,27.67,32079287.0
2024-07-18 00:00:00+0000,27.76,27.79,27.14,27.2,14382864.0
2024-07-19 00:00:00+0000,26.4,26.74,26.36,26.69,17852057.0
2024-07-22 00:00:00+0000,26.44,26.66,26.31,26.63,9631368.0
2024-07-23 00:00:00+0000,26.49,26.68,26.42,26.68,7005551.0
2024-07-24 00:00:00+0000,26.73,26.89,26.41,26.43,10985089.0
2024-07-25 00:00:00+0000,25.24,25.54,25.17,25.41,27500866.0
2024-07-26 00:00:00+0000,25.39,25.53,25.21,25.48,10525999.0
2024-07-29 00:00:00+0000,25.54,25.58,24.93,25.44,15418491.0
2024-07-30 00:00:00+0000,25.57,25.94,25.33,25.83,13447309.0
2024-07-31 00:00:00+0000,26.23,26.5,26.06,26.39,18730749.0
2024-08-01 00:00:00+0000,26.53,26.56,25.75,26.03,18671117.0
2024-08-02 00:00:00+0000,26.44,26.5,25.5,26.04,23661853.0
2024-08-05 00:00:00+0000,24.63,25.04,24.54,24.86,32774672.0
2024-08-06 00:00:00+0000,24.53,24.89,24.48,24.64,15457192.0
2024-08-07 00:00:00+0000,24.68,24.77,24.25,24.33,11208739.0
2024-08-08 00:00:00+0000,24.72,25.18,24.63,25.01,14426811.0
2024-08-09 00:00:00+0000,25.1,25.25,24.88,25.0,13464666.0
2024-08-12 00:00:00+0000,25.38,25.6,25.12,25.49,13974651.0
2024-08-13 00:00:00+0000,25.21,25.44,25.11,25.42,10196529.0
2024-08-14 00:00:00+0000,25.26,25.41,24.8,25.13,12532007.0
2024-08-15 00:00:00+0000,25.8,26.02,25.46,25.86,14756436.0
2024-08-16 00:00:00+0000,25.86,26.44,25.77,26.43,17119350.0
2024-08-19 00:00:00+0000,26.45,26.9,26.37,26.83,18135327.0
2024-08-20 00:00:00+0000,27.3,27.36,26.73,26.87,19221403.0
2024-08-21 00:00:00+0000,26.92,27.14,26.66,26.95,15102263.0
2024-08-22 00:00:00+0000,26.92,26.93,26.26,26.39,21887455.0
2024-08-23 00:00:00+0000,26.71,27.27,26.63,27.2,20194863.0
2024-08-26 00:00:00+0000,27.4,27.42,27.12,27.32,7878103.0
2024-08-27 00:00:00+0000,27.25,27.46,27.1,27.36,7510161.0
2024-08-28 00:00:00+0000,26.86,26.86,26.53,26.69,10216816.0
2024-08-29 00:00:00+0000,26.71,27.05,26.63,26.81,10939751.0
2024-08-30 00:00:00+0000,26.68,26.8,26.18,26.35,14833023.0
2024-09-03 00:00:00+0000,25.83,25.85,25.27,25.58,15765402.0
2024-09-04 00:00:00+0000,25.62,25.88,25.58,25.68,10535252.0
2024-09-05 00:00:00+0000,26.38,26.61,26.15,26.23,12809060.0
2024-09-06 00:00:00+0000,26.25,26.35,25.27,25.48,21969392.0
2024-09-09 00:00:00+0000,25.72,25.88,25.58,25.85,7706725.0
2024-09-10 00:00:00+0000,25.96,25.96,25.57,25.94,8507524.0
2024-09-11 00:00:00+0000,26.05,26.22,25.62,26.12,10022309.0
2024-09-12 00:00:00+0000,26.64,27.28,26.56,27.27,20489436.0
2024-09-13 00:00:00+0000,27.87,28.21,27.76,28.02,25337580.0
2024-09-16 00:00:00+0000,28.27,28.29,27.9,28.07,12563425.0
2024-09-17 00:00:00+0000,28.02,28.27,27.83,27.96,14312505.0
2024-09-18 00:00:00+0000,27.95,28.5,27.09,27.24,33407321.0
2024-09-19 00:00:00+0000,28.25,28.39,27.92,28.09,15845594.0
2024-09-20 00:00:00+0000,28.4,28.6,28.18,28.41,19056608.0
2024-09-23 00:00:00+0000,28.23,28.3,27.93,27.98,22455763.0
2024-09-24 00:00:00+0000,28.27,29.44,28.16,29.38,39357998.0
2024-09-25 00:00:00+0000,29.1,29.42,28.8,29.06,23395783.0
2024-09-26 00:00:00+0000,29.32,29.46,28.94,29.26,20604603.0
2024-09-27 00:00:00+0000,29.34,29.47,28.59,28.86,25382388.0
2024-09-30 00:00:00+0000,28.51,28.54,28.17,28.41,14951932.0
2024-10-01 00:00:00+0000,28.78,29.06,28.54,28.58,21489244.0
2024-10-02 00:00:00+0000,29.13,29.46,28.68,29.0,19552483.0
2024-10-03 00:00:00+0000,28.91,29.37,28.79,29.23,16871122.0
2024-10-04 00:00:00+0000,29.23,30.07,28.98,29.36,35635729.0
2024-10-07 00:00:00+0000,29.01,29.08,28.7,28.93,17626136.0
2024-10-08 00:00:00+0000,28.41,28.53,27.47,28.01,35423356.0
2024-10-09 00:00:00+0000,27.62,27.99,27.56,27.86,17362807.0
2024-10-10 00:00:00+0000,27.97,28.43,27.92,28.38,15947671.0
2024-10-11 00:00:00+0000,28.6,28.87,28.59,28.8,15106631.0
2024-10-14 00:00:00+0000,28.47,28.76,28.29,28.54,11605350.0
2024-10-15 00:00:00+0000,28.52,28.9,28.42,28.71,14625815.0
2024-10-16 00:00:00+0000,29.12,29.35,28.77,28.91,15738668.0
2024-10-17 00:00:00+0000,28.92,29.2,28.55,28.89,13689301.0
2024-10-18 00:00:00+0000,29.47,30.72,29.41,30.64,41635290.0
2024-10-21 00:00:00+0000,31.13,31.23,30.51,30.85,31736796.0
2024-10-22 00:00:00+0000,31.4,31.8,31.24,31.74,30420540.0
2024-10-23 00:00:00+0000,31.09,31.11,30.48,30.71,32871093.0
2024-10-24 00:00:00+0000,31.19,31.23,30.29,30.69,23447297.0
2024-10-25 00:00:00+0000,30.58,31.02,30.47,30.63,17235723.0
2024-10-28 00:00:00+0000,30.71,30.99,30.61,30.73,14399952.0
2024-10-29 00:00:00+0000,31.17,31.51,31.05,31.39,20125206.0
2024-10-30 00:00:00+0000,30.74,30.98,30.45,30.81,18870992.0
2024-10-31 00:00:00+0000,30.34,30.36,29.62,29.81,29230017.0
2024-11-01 00:00:00+0000,30.06,30.19,29.47,29.54,18590202.0
2024-11-04 00:00:00+0000,29.8,29.89,29.43,29.63,11685828.0
2024-11-05 00:00:00+0000,29.95,30.02,29.69,29.75,10890134.0
2024-11-06 00:00:00+0000,28.19,28.65,28.1,28.43,28689557.0
2024-11-07 00:00:00+0000,28.92,29.3,28.79,29.11,19302919.0
2024-11-08 00:00:00+0000,28.97,29.04,28.43,28.48,18315890.0
2024-11-11 00:00:00+0000,27.97,28.02,27.72,27.97,22273331.0
2024-11-12 00:00:00+0000,28.0,28.09,27.79,28.07,14456480.0
2024-11-13 00:00:00+0000,28.25,28.28,27.59,27.61,14913215.0
2024-11-14 00:00:00+0000,27.59,27.94,27.51,27.81,15750557.0
2024-11-15 00:00:00+0000,28.04,28.08,27.5,27.57,16672855.0
2024-11-18 00:00:00+0000,28.18,28.5,28.16,28.38,12499056.0
2024-11-19 00:00:00+0000,28.46,28.53,28.29,28.5,10998968.0
2024-11-20 00:00:00+0000,28.39,28.46,28.05,28.1,10049140.0
2024-11-21 00:00:00+0000,28.27,28.3,27.92,28.04,9901538.0
2024-11-22 00:00:00+0000,28.27,28.55,28.2,28.47,10823288.0
2024-11-25 00:00:00+0000,27.72,27.74,27.4,27.63,19426470.0
2024-11-26 00:00:00+0000,27.8,27.83,27.6,27.8,8550197.0
2024-11-27 00:00:00+0000,27.75,27.84,27.31,27.45,18913526.0
2024-11-29 00:00:00+0000,27.97,28.02,27.81,27.92,8443015.0
2024-12-02 00:00:00+0000,27.85,27.87,27.61,27.79,9078838.0
2024-12-03 00:00:00+0000,28.23,28.33,27.99,28.28,11113826.0
2024-12-04 00:00:00+0000,28.37,28.69,28.3,28.53,19772145.0
2024-12-05 00:00:00+0000,28.49,28.59,28.25,28.56,10818860.0
2024-12-06 00:00:00+0000,28.32,28.5,28.08,28.25,11763273.0
2024-12-09 00:00:00+0000,29.21,29.43,28.95,28.98,27345085.0
2024-12-10 00:00:00+0000,29.17,29.25,28.97,28.99,20660488.0
2024-12-11 00:00:00+0000,28.95,29.34,28.9,29.04,17838246.0
2024-12-12 00:00:00+0000,28.62,28.64,28.12,28.2,25083219.0
2024-12-13 00:00:00+0000,27.84,27.87,27.59,27.75,18077245.0
2024-12-16 00:00:00+0000,27.91,27.91,27.76,27.8,7570435.0
2024-12-17 00:00:00+0000,27.71,27.84,27.47,27.81,14601901.0
2024-12-18 00:00:00+0000,27.56,27.64,26.77,26.85,25049264.0
2024-12-19 00:00:00+0000,26.57,26.65,26.19,26.52,26616330.0
2024-12-20 00:00:00+0000,26.61,27.06,26.58,26.92,14747544.0
2024-12-23 00:00:00+0000,26.93,27.07,26.79,26.99,9567611.0
2024-12-24 00:00:00+0000,27.0,27.05,26.88,27.02,3420872.0
2024-12-26 00:00:00+0000,27.12,27.21,26.93,27.14,7322159.0
2024-12-27 00:00:00+0000,26.89,26.96,26.72,26.76,7430547.0
2024-12-30 00:00:00+0000,26.6,26.61,26.24,26.43,12204643.0
2024-12-31 00:00:00+0000,26.23,26.44,26.22,26.33,7297431.0
2025-01-02 00:00:00+0000,26.72,26.96,26.7,26.93,10530091.0
2025-01-03 00:00:00+0000,27.19,27.23,26.91,26.98,7640942.0
2025-01-06 00:00:00+0000,27.13,27.49,27.07,27.24,10688741.0
2025-01-07 00:00:00+0000,27.64,27.68,27.31,27.33,11446335.0
2025-01-08 00:00:00+0000,27.61,27.65,27.14,27.4,10377528.0
2025-01-10 00:00:00+0000,27.93,27.94,27.55,27.61,18319094.0
2025-01-13 00:00:00+0000,27.0,27.19,26.87,26.96,12922407.0
2025-01-14 00:00:00+0000,27.03,27.31,27.01,27.2,9838554.0
2025-01-15 00:00:00+0000,27.69,27.98,27.46,27.96,17116721.0
2025-01-16 00:00:00+0000,27.98,28.2,27.88,28.04,15283992.0
2025-01-17 00:00:00+0000,27.5,27.76,27.44,27.61,16379115.0
2025-01-21 00:00:00+0000,27.94,28.07,27.85,28.04,13952271.0
2025-01-22 00:00:00+0000,27.96,28.16,27.82,28.05,18446198.0
2025-01-23 00:00:00+0000,27.52,27.78,27.41,27.77,15638418.0
2025-01-24 00:00:00+0000,27.94,28.08,27.8,27.91,10135544.0
2025-01-27 00:00:00+0000,27.5,27.74,27.05,27.46,19200867.0
2025-01-28 00:00:00+0000,27.53,27.76,27.38,27.63,11270147.0
2025-01-29 00:00:00+0000,28.07,28.21,27.85,28.0,21668240.0
2025-01-30 00:00:00+0000,28.65,28.9,28.53,28.72,34069685.0
2025-01-31 00:00:00+0000,28.77,28.85,28.39,28.51,24667520.0
2025-02-03 00:00:00+0000,28.55,28.85,28.2,28.67,28877032.0
2025-02-04 00:00:00+0000,29.11,29.48,29.02,29.22,30627943.0
2025-02-05 00:00:00+0000,29.36,29.63,29.31,29.35,25108937.0
2025-02-06 00:00:00+0000,29.24,29.41,28.9,29.38,15253480.0
2025-02-07 00:00:00+0000,29.57,29.74,28.94,29.03,19199887.0
2025-02-10 00:00:00+0000,29.15,29.36,29.07,29.2,11788252.0
2025-02-11 00:00:00+0000,28.87,29.11,28.82,29.0,11060094.0
2025-02-12 00:00:00+0000,29.2,29.47,29.07,29.34,13674631.0
2025-02-13 00:00:00+0000,29.19,29.48,29.12,29.46,13901747.0
2025-02-14 00:00:00+0000,30.24,30.28,29.2,29.31,28509993.0
2025-02-18 00:00:00+0000,29.62,29.96,29.57,29.91,17258361.0
2025-02-19 00:00:00+0000,29.75,29.84,29.53,29.81,11613056.0
2025-02-20 00:00:00+0000,29.98,30.13,29.88,29.95,12321992.0
2025-02-21 00:00:00+0000,30.03,30.03,29.57,29.59,13621131.0
2025-02-24 00:00:00+0000,29.57,29.62,29.21,29.44,11180325.0
2025-02-25 00:00:00+0000,29.17,29.3,28.47,28.83,16970102.0
2025-02-26 00:00:00+0000,28.78,29.1,28.66,28.94,9246809.0
2025-02-27 00:00:00+0000,28.94,28.94,28.38,28.4,12677749.0
2025-02-28 00:00:00+0000,28.18,28.4,28.04,28.31,12210077.0
2025-03-03 00:00:00+0000,28.86,28.99,28.66,28.75,14827854.0
2025-03-04 00:00:00+0000,29.04,29.14,28.64,29.0,11760180.0
2025-03-05 00:00:00+0000,29.23,29.78,29.21,29.77,18819840.0
2025-03-06 00:00:00+0000,29.5,29.83,29.47,29.69,14927916.0
2025-03-07 00:00:00+0000,29.39,29.68,29.22,29.59,13333610.0
2025-03-10 00:00:00+0000,29.56,29.58,29.06,29.11,13479325.0
2025-03-11 00:00:00+0000,29.59,30.02,29.58,29.96,20114469.0
2025-03-12 00:00:00+0000,30.02,30.34,29.93,30.22,15441487.0
2025-03-13 00:00:00+0000,30.2,30.9,30.13,30.74,34339789.0
2025-03-14 00:00:00+0000,30.92,30.93,30.51,30.71,20623307.0
2025-03-17 00:00:00+0000,30.42,30.85,30.42,30.81,10993967.0
2025-03-18 00:00:00+0000,31.09,31.15,30.81,30.85,16942034.0
2025-03-19 00:00:00+0000,30.68,30.88,30.44,30.75,21081866.0
2025-03-20 00:00:00+0000,30.27,30.54,30.23,30.5,11038673.0
2025-03-21 00:00:00+0000,30.21,30.25,29.72,30.02,13266164.0
2025-03-24 00:00:00+0000,30.13,30.24,29.92,29.96,10874260.0
2025-03-25 00:00:00+0000,30.55,30.76,30.51,30.58,13549921.0
2025-03-26 00:00:00+0000,30.71,30.76,30.48,30.53,8974602.0
2025-03-27 00:00:00+0000,30.77,31.38,30.68,31.32,29772054.0
2025-03-28 00:00:00+0000,31.39,31.41,30.86,31.0,22279072.0
2025-03-31 00:00:00+0000,30.77,31.02,30.48,30.99,16307418.0
2025-04-01 00:00:00+0000,30.87,30.91,30.43,30.63,18744992.0
2025-04-02 00:00:00+0000,30.74,30.97,30.64,30.76,16016441.0
2025-04-03 00:00:00+0000,28.94,29.51,28.85,28.89,38868960.0
2025-04-04 00:00:00+0000,27.96,28.02,26.57,27.08,64777521.0
2025-04-07 00:00:00+0000,27.33,27.84,26.92,27.14,32442277.0
2025-04-08 00:00:00+0000,27.63,27.78,26.96,27.14,17125875.0
2025-04-09 00:00:00+0000,27.61,28.24,27.45,28.06,32555894.0
2025-04-10 00:00:00+0000,28.11,28.42,27.8,28.28,20291031.0
2025-04-11 00:00:00+0000,28.79,29.37,28.68,29.19,32091258.0
2025-04-14 00:00:00+0000,29.1,29.46,28.88,29.38,18152011.0
2025-04-15 00:00:00+0000,29.36,29.46,29.2,29.41,12919671.0
2025-04-16 00:00:00+0000,29.85,30.02,29.7,29.76,18614448.0
2025-04-17 00:00:00+0000,29.54,29.69,29.17,29.55,12047735.0
2025-04-21 00:00:00+0000,29.95,30.01,29.55,29.79,14953886.0
2025-04-22 00:00:00+0000,29.79,30.15,29.5,29.5,24369578.0
2025-04-23 00:00:00+0000,29.81,30.62,29.71,30.56,28804506.0
2025-04-24 00:00:00+0000,30.31,30.59,30.13,30.56,14075198.0
2025-04-25 00:00:00+0000,29.96,30.1,29.79,30.05,12189290.0
2025-04-28 00:00:00+0000,30.08,30.2,29.83,30.19,10693940.0
2025-04-29 00:00:00+0000,30.45,30.5,29.82,29.83,17514299.0
2025-04-30 00:00:00+0000,29.68,29.81,29.44,29.6,12449421.0
2025-05-01 00:00:00+0000,29.41,29.55,29.17,29.39,10342112.0
2025-05-02 00:00:00+0000,29.62,29.65,29.04,29.12,12978946.0
2025-05-05 00:00:00+0000,29.55,29.56,29.25,29.48,8297146.0
2025-05-06 00:00:00+0000,30.2,30.24,30.0,30.22,14567726.0
2025-05-07 00:00:00+0000,29.77,29.87,29.32,29.49,11791064.0
2025-05-08 00:00:00+0000,29.6,29.78,29.36,29.46,11450675.0
2025-05-09 00:00:00+0000,29.7,29.89,29.65,29.8,6506604.0
2025-05-12 00:00:00+0000,29.67,29.75,29.42,29.63,12071349.0
2025-05-13 00:00:00+0000,29.69,30.01,29.61,29.93,11209265.0
2025-05-14 00:00:00+0000,29.43,29.51,29.16,29.25,12284699.0
2025-05-15 00:00:00+0000,29.25,29.62,29.18,29.61,8819915.0
2025-05-16 00:00:00+0000,29.2,29.38,29.09,29.3,8009591.0
2025-05-19 00:00:00+0000,29.43,29.53,29.3,29.42,6759873.0
2025-05-20 00:00:00+0000,29.53,30.13,29.5,30.13,12045634.0
2025-05-21 00:00:00+0000,30.18,30.53,30.1,30.51,17590101.0
2025-05-22 00:00:00+0000,30.01,30.11,29.78,30.03,12899205.0
2025-05-23 00:00:00+0000,30.19,30.5,30.02,30.45,13311634.0
2025-05-27 00:00:00+0000,30.04,30.25,29.98,30.23,10131799.0
2025-05-28 00:00:00+0000,30.15,30.23,29.96,29.98,8832741.0
2025-05-29 00:00:00+0000,30.29,30.32,30.05,30.3,10324184.0
2025-05-30 00:00:00+0000,30.12,30.19,29.78,30.0,12534268.0
2025-06-02 00:00:00+0000,30.85,31.6,30.72,31.59,32823085.0
2025-06-03 00:00:00+0000,31.27,31.47,31.07,31.44,19176212.0
2025-06-04 00:00:00+0000,31.32,31.43,31.23,31.34,15970803.0
2025-06-05 00:00:00+0000,32.63,32.78,32.09,32.45,41105470.0
2025-06-06 00:00:00+0000,32.92,32.98,32.54,32.69,26606137.0
2025-06-09 00:00:00+0000,33.1,33.54,33.0,33.39,29037196.0
2025-06-10 00:00:00+0000,33.31,33.36,33.01,33.23,22954449.0
2025-06-11 00:00:00+0000,32.92,33.04,32.75,32.95,26420308.0
2025-06-12 00:00:00+0000,32.85,33.06,32.79,33.06,16372934.0
2025-06-13 00:00:00+0000,33.02,33.06,32.79,32.97,15328637.0
2025-06-16 00:00:00+0000,33.1,33.15,32.89,33.03,12056237.0
2025-06-17 00:00:00+0000,33.63,33.87,33.45,33.74,22674542.0
2025-06-18 00:00:00+0000,33.73,33.75,33.2,33.27,18118878.0
2025-06-20 00:00:00+0000,32.78,32.79,32.57,32.72,21024572.0
2025-06-23 00:00:00+0000,32.81,33.05,32.78,32.96,17043105.0
2025-06-24 00:00:00+0000,32.55,32.63,32.06,32.61,16788871.0
2025-06-25 00:00:00+0000,32.53,33.01,32.49,33.01,9551262.0
2025-06-26 00:00:00+0000,33.13,33.37,33.0,33.34,12626604.0
2025-06-27 00:00:00+0000,32.56,32.9,32.53,32.62,12785071.0
2025-06-30 00:00:00+0000,32.72,32.82,32.62,32.81,8553743.0
2025-07-01 00:00:00+0000,32.93,33.12,32.71,32.73,11837057.0
2025-07-02 00:00:00+0000,33.03,33.24,32.93,33.24,10738502.0
2025-07-03 00:00:00+0000,33.41,33.55,33.29,33.51,7271077.0
2025-07-07 00:00:00+0000,33.06,33.44,33.02,33.43,10387816.0
2025-07-08 00:00:00+0000,33.33,33.36,32.97,33.29,16011679.0
2025-07-09 00:00:00+0000,33.09,33.14,32.96,33.0,10545414.0
2025-07-10 00:00:00+0000,33.31,33.76,33.11,33.75,33763321.0
2025-07-11 00:00:00+0000,34.18,35.07,34.15,35.03,45654720.0
2025-07-14 00:00:00+0000,35.22,35.29,34.61,34.63,35317625.0
2025-07-15 00:00:00+0000,34.69,34.72,34.12,34.26,27656328.0
2025-07-16 00:00:00+0000,34.39,34.57,34.05,34.41,24554581.0
2025-07-17 00:00:00+0000,34.29,34.68,34.17,34.65,13903261.0
2025-07-18 00:00:00+0000,34.79,34.86,34.6,34.61,15812637.0
2025-07-21 00:00:00+0000,35.11,35.49,35.09,35.35,26560497.0
2025-07-22 00:00:00+0000,35.55,35.72,35.17,35.72,22722447.0
2025-07-23 00:00:00+0000,35.76,35.91,35.46,35.69,20229844.0
2025-07-24 00:00:00+0000,35.36,35.55,35.24,35.49,9960073.0
2025-07-25 00:00:00+0000,35.28,35.39,34.47,34.66,23793594.0
2025-07-28 00:00:00+0000,34.65,34.69,34.43,34.64,15392562.0
2025-07-29 00:00:00+0000,34.64,34.78,34.48,34.66,9063363.0
2025-07-30 00:00:00+0000,34.12,34.3,33.4,33.51,31517502.0
2025-07-31 00:00:00+0000,33.3,33.35,33.1,33.32,13098241.0
2025-08-01 00:00:00+0000,33.76,33.77,33.39,33.59,12651453.0
2025-08-04 00:00:00+0000,33.93,34.05,33.85,33.98,8532020.0
2025-08-05 00:00:00+0000,34.01,34.41,33.99,34.35,14412524.0
2025-08-06 00:00:00+0000,34.39,34.47,34.29,34.35,7778991.0
2025-08-07 00:00:00+0000,34.85,34.99,34.52,34.76,15353386.0
2025-08-08 00:00:00+0000,34.78,34.89,34.51,34.88,12253177.0
2025-08-11 00:00:00+0000,34.34,34.43,34.18,34.18,9066045.0
2025-08-12 00:00:00+0000,34.24,34.54,34.11,34.41,10675189.0
2025-08-13 00:00:00+0000,34.87,35.04,34.85,35.0,10588125.0
2025-08-14 00:00:00+0000,34.65,34.75,34.35,34.5,14789539.0
2025-08-15 00:00:00+0000,34.34,34.52,34.22,34.5,9488288.0
2025-08-18 00:00:00+0000,34.66,34.68,34.47,34.55,7275469.0
2025-08-19 00:00:00+0000,34.47,34.54,33.85,33.87,15674411.0
2025-08-20 00:00:00+0000,34.21,34.45,34.19,34.43,8347102.0
2025-08-21 00:00:00+0000,34.48,34.69,34.45,34.61,9643079.0
2025-08-22 00:00:00+0000,34.46,35.47,34.4,35.34,24509667.0
2025-08-25 00:00:00+0000,35.07,35.35,35.02,35.02,9484746.0
2025-08-26 00:00:00+0000,34.9,35.1,34.88,35.02,11085589.0
2025-08-27 00:00:00+0000,34.73,35.08,34.61,34.99,8625106.0
2025-08-28 00:00:00+0000,35.41,35.52,35.22,35.52,15085925.0
2025-08-29 00:00:00+0000,35.35,36.29,35.32,36.19,27168325.0
2025-09-02 00:00:00+0000,36.63,37.17,36.43,37.15,32139163.0
2025-09-03 00:00:00+0000,37.3,37.64,37.18,37.34,22771209.0
2025-09-04 00:00:00+0000,37.2,37.22,36.63,36.93,37786567.0
2025-09-05 00:00:00+0000,37.41,37.6,36.97,37.21,21908491.0
2025-09-08 00:00:00+0000,37.57,37.83,37.36,37.51,21512373.0
2025-09-09 00:00:00+0000,37.43,37.58,37.01,37.18,18594978.0
2025-09-10 00:00:00+0000,37.35,37.49,37.24,37.41,13421292.0
2025-09-11 00:00:00+0000,37.37,37.92,37.32,37.79,15023991.0
2025-09-12 00:00:00+0000,38.24,38.45,38.15,38.34,16434093.0
2025-09-15 00:00:00+0000,38.3,38.79,38.25,38.76,18387426.0
2025-09-16 00:00:00+0000,39.0,39.01,38.34,38.6,23347274.0
2025-09-17 00:00:00+0000,38.04,38.34,37.35,37.79,27208745.0
2025-09-18 00:00:00+0000,37.86,38.0,37.61,37.99,11670915.0
2025-09-19 00:00:00+0000,38.26,39.12,38.19,39.04,32799695.0
2025-09-22 00:00:00+0000,39.5,40.05,39.34,40.04,28140426.0
2025-09-23 00:00:00+0000,40.31,40.36,39.79,39.96,26101883.0
2025-09-24 00:00:00+0000,40.13,40.16,39.63,39.82,28940207.0
2025-09-25 00:00:00+0000,40.46,41.06,40.11,41.03,30862415.0
2025-09-26 00:00:00+0000,41.23,42.33,41.09,41.86,38042192.0
2025-09-29 00:00:00+0000,42.46,42.75,42.18,42.5,33247988.0
2025-09-30 00:00:00+0000,41.79,42.46,41.7,42.37,30720067.0
2025-10-01 00:00:00+0000,43.03,43.4,42.87,42.91,36720058.0
2025-10-02 00:00:00+0000,43.57,43.59,41.66,42.53,52338567.0
2025-10-03 00:00:00+0000,43.33,43.95,43.04,43.52,40544574.0
2025-10-06 00:00:00+0000,44.01,44.26,43.88,44.06,30660463.0
2025-10-07 00:00:00+0000,43.97,43.99,42.95,43.39,36846988.0
2025-10-08 00:00:00+0000,44.43,45.01,44.27,44.56,50578493.0
2025-10-09 00:00:00+0000,46.27,46.35,42.81,44.71,92252607.0
2025-10-10 00:00:00+0000,45.48,46.0,44.88,45.43,51482457.0
2025-10-13 00:00:00+0000,46.94,47.44,46.58,47.26,40042684.0
2025-10-14 00:00:00+0000,45.99,47.26,45.77,46.8,34039117.0
2025-10-15 00:00:00+0000,47.76,48.41,47.42,48.33,34309724.0
2025-10-16 00:00:00+0000,48.1,49.25,48.0,49.17,40952506.0
2025-10-17 00:00:00+0000,48.46,48.59,45.88,46.99,65606544.0
2025-10-20 00:00:00+0000,47.76,47.83,47.06,47.72,30145653.0
2025-10-21 00:00:00+0000,45.2,45.38,43.31,43.79,69248258.0
2025-10-22 00:00:00+0000,43.74,44.13,43.28,43.88,36338849.0
2025-10-23 00:00:00+0000,44.72,44.87,44.17,44.18,21213847.0
2025-10-24 00:00:00+0000,44.08,44.39,43.84,43.99,20610337.0
2025-10-27 00:00:00+0000,42.97,43.06,41.7,42.4,38788309.0
2025-10-28 00:00:00+0000,42.34,42.91,42.23,42.7,23840348.0
2025-10-29 00:00:00+0000,43.84,43.94,42.83,43.23,22819429.0
2025-10-30 00:00:00+0000,43.68,44.44,43.54,44.34,26946153.0
2025-10-31 00:00:00+0000,44.48,44.52,43.89,44.01,17957423.0
2025-11-03 00:00:00+0000,44.25,44.36,43.56,43.76,16120824.0
2025-11-04 00:00:00+0000,43.04,43.44,42.51,42.74,20153374.0
2025-11-05 00:00:00+0000,43.49,43.79,43.35,43.65,11889971.0
2025-11-06 00:00:00+0000,43.66,43.9,43.23,43.55,13851056.0
2025-11-07 00:00:00+0000,44.02,44.23,43.51,43.92,14830154.0
2025-11-10 00:00:00+0000,45.17,45.87,45.0,45.79,17504068.0
2025-11-11 00:00:00+0000,46.28,46.48,45.6,46.45,17409773.0
2025-11-12 00:00:00+0000,47.1,48.7,46.89,48.32,44481687.0
2025-11-13 00:00:00+0000,48.29,48.42,47.21,47.42,32484108.0
2025-11-14 00:00:00+0000,45.77,46.71,45.4,45.96,26992925.0
2025-11-17 00:00:00+0000,45.81,46.26,44.94,45.47,20798077.0
2025-11-18 00:00:00+0000,45.87,46.44,45.59,46.1,17495803.0
2025-11-19 00:00:00+0000,46.8,47.5,45.69,46.45,25768863.0
2025-11-20 00:00:00+0000,46.26,46.64,45.53,45.78,23406181.0
2025-11-21 00:00:00+0000,44.9,45.95,44.76,45.3,18099100.0
2025-11-24 00:00:00+0000,45.41,46.64,45.35,46.63,18798215.0
2025-11-25 00:00:00+0000,46.55,46.77,45.97,46.67,19864062.0
2025-11-26 00:00:00+0000,47.31,48.45,47.14,48.4,21462529.0
2025-11-28 00:00:00+0000,49.67,51.27,49.58,51.21,32928273.0
2025-12-01 00:00:00+0000,51.99,53.36,51.61,52.52,51753934.0
2025-12-02 00:00:00+0000,52.83,53.2,51.76,53.13,36381857.0
2025-12-03 00:00:00+0000,53.01,53.39,52.42,53.07,28979932.0
2025-12-04 00:00:00+0000,52.28,52.36,51.14,51.76,40341673.0
2025-12-05 00:00:00+0000,52.71,53.82,52.53,52.95,37950700.0
2025-12-08 00:00:00+0000,52.89,52.97,52.26,52.71,16661739.0
2025-12-09 00:00:00+0000,53.39,55.19,53.36,55.17,49673549.0
2025-12-10 00:00:00+0000,55.13,56.22,54.48,56.07,43569166.0
2025-12-11 00:00:00+0000,56.77,58.3,56.46,57.62,50695125.0
2025-12-12 00:00:00+0000,58.53,58.56,55.13,56.1,64957289.0
2025-12-15 00:00:00+0000,57.85,58.2,57.02,58.11,33309635.0
2025-12-16 00:00:00+0000,57.61,57.99,57.1,57.73,26078890.0
2025-12-17 00:00:00+0000,59.26,60.64,59.04,60.26,52015006.0
2025-12-18 00:00:00+0000,59.82,60.03,58.58,59.32,39826816.0
2025-12-19 00:00:00+0000,59.79,61.16,59.69,60.93,32902829.0
2025-12-22 00:00:00+0000,62.61,62.82,61.74,62.47,40449049.0
2025-12-23 00:00:00+0000,63.68,64.88,62.37,64.84,59899064.0
2025-12-24 00:00:00+0000,65.08,65.53,63.6,65.22,46324202.0
2025-12-26 00:00:00+0000,67.83,71.23,67.34,71.12,111197844.0
2025-12-29 00:00:00+0000,65.66,66.49,63.92,66.01,114887009.0
2025-12-30 00:00:00+0000,69.11,70.76,68.03,68.98,93289474.0
2025-12-31 00:00:00+0000,65.55,66.88,63.53,64.42,91177840.0
2026-01-02 00:00:00+0000,67.32,67.36,64.74,65.75,56857052.0
2026-01-05 00:00:00+0000,69.46,70.6,68.52,69.08,79641465.0
2026-01-06 00:00:00+0000,71.43,73.84,71.35,73.71,73933136.0
2026-01-07 00:00:00+0000,69.85,71.55,69.22,70.96,66132913.0
2026-01-08 00:00:00+0000,67.26,69.77,66.92,69.71,55554214.0
2026-01-09 00:00:00+0000,71.31,72.99,70.87,72.38,70204408.0
2026-01-12 00:00:00+0000,76.11,78.18,76.0,77.23,78938399.0
2026-01-13 00:00:00+0000,80.03,80.8,77.86,78.6,113318555.0
2026-01-14 00:00:00+0000,83.34,84.78,81.28,84.56,136260162.0
2026-01-15 00:00:00+0000,80.71,84.33,80.54,83.32,120486823.0
2026-01-16 00:00:00+0000,80.3,81.52,78.74,81.02,99208753.0
2026-01-20 00:00:00+0000,86.2,86.33,84.38,85.39,73765650.0
2026-01-21 00:00:00+0000,85.61,85.9,81.89,83.96,112572280.0
2026-01-22 00:00:00+0000,84.79,87.52,84.71,87.13,70980244.0
2026-01-23 00:00:00+0000,90.19,92.98,89.66,92.91,112971589.0
2026-01-26 00:00:00+0000,99.37,106.7,96.51,98.34,311975213.0
2026-01-27 00:00:00+0000,98.0,101.74,95.07,101.59,159401361.0
2026-01-28 00:00:00+0000,102.77,106.45,100.0,105.6,138877098.0
2026-01-29 00:00:00+0000,109.53,109.83,96.74,105.57,189541540.0
2026-01-30 00:00:00+0000,89.33,92.14,69.12,75.44,396922706.0
2026-02-02 00:00:00+0000,73.8,74.92,68.26,72.44,163150983.0
2026-02-03 00:00:00+0000,79.1,80.72,74.93,76.96,130180138.0
2026-02-04 00:00:00+0000,82.63,82.78,75.76,79.18,95383676.0
2026-02-05 00:00:00+0000,68.28,70.52,65.51,66.69,108439948.0
2026-02-06 00:00:00+0000,67.72,70.84,67.45,70.19,49640372.0
2026-02-09 00:00:00+0000,72.88,76.16,72.55,76.04,65463362.0
2026-02-10 00:00:00+0000,74.72,75.25,72.45,73.41,53233155.0
2026-02-11 00:00:00+0000,76.92,76.99,74.82,76.56,54651424.0
2026-02-12 00:00:00+0000,75.19,75.67,67.35,67.73,105020924.0
2026-02-13 00:00:00+0000,71.21,71.32,68.86,69.72,52686068.0
2026-02-17 00:00:00+0000,67.27,67.7,65.14,66.37,63181741.0
2026-02-18 00:00:00+0000,69.66,70.97,69.07,70.09,48942306.0
2026-02-19 00:00:00+0000,70.68,71.67,69.87,71.01,38893582.0
2026-02-20 00:00:00+0000,73.11,76.68,72.25,76.62,66780037.0
2026-02-23 00:00:00+0000,78.34,80.7,77.9,80.57,70737354.0
2026-02-24 00:00:00+0000,78.24,79.94,77.94,79.08,43348580.0
2026-02-25 00:00:00+0000,81.86,82.73,79.88,80.04,47903846.0
2026-02-26 00:00:00+0000,78.76,80.57,77.19,80.45,39400259.0
2026-02-27 00:00:00+0000,83.26,85.27,82.36,84.99,54621082.0
2026-03-02 00:00:00+0000,81.22,82.38,78.34,81.57,70481586.0
2026-03-03 00:00:00+0000,74.29,76.14,71.68,74.68,63234213.0
2026-03-04 00:00:00+0000,76.32,77.06,74.41,75.34,29889880.0
2026-03-05 00:00:00+0000,74.91,75.52,73.01,74.27,37379146.0
2026-03-06 00:00:00+0000,75.09,76.97,74.58,75.94,30416021.0
2026-03-09 00:00:00+0000,76.43,78.56,75.23,78.26,26507161.0
2026-03-10 00:00:00+0000,80.89,81.28,78.73,80.09,28578026.0
2026-03-11 00:00:00+0000,78.03,78.07,76.45,77.91,21955609.0
2026-03-12 00:00:00+0000,78.53,78.54,76.36,76.48,22525112.0
2026-03-13 00:00:00+0000,76.07,76.28,71.91,72.69,35485962.0
2026-03-16 00:00:00+0000,73.26,73.96,72.01,73.22,27076521.0
2026-03-17 00:00:00+0000,73.16,73.72,70.84,71.66,25845175.0
2026-03-18 00:00:00+0000,69.51,70.55,68.66,68.7,33205581.0
2026-03-19 00:00:00+0000,61.9,65.74,60.85,65.68,66507313.0
2026-03-20 00:00:00+0000,64.74,64.96,61.25,61.52,42310995.0
2026-03-23 00:00:00+0000,61.29,64.11,60.98,62.47,46427683.0
2026-03-24 00:00:00+0000,61.62,63.69,61.26,62.95,37074094.0
2026-03-25 00:00:00+0000,66.04,66.4,64.48,65.21,28509272.0
2026-03-26 00:00:00+0000,62.1,63.14,60.37,60.77,42792095.0
2026-03-27 00:00:00+0000,61.46,64.88,61.22,63.44,43248570.0
2026-03-30 00:00:00+0000,64.49,64.63,63.02,63.52,23984976.0
2026-03-31 00:00:00+0000,65.84,68.2,65.69,68.14,32426040.0
2026-04-01 00:00:00+0000,67.96,68.91,67.37,68.14,29252443.0
2026-04-02 00:00:00+0000,63.55,66.23,63.49,65.79,26918365.0
2026-04-06 00:00:00+0000,65.85,66.29,65.22,66.09,14018968.0
2026-04-07 00:00:00+0000,65.28,66.19,63.2,65.94,21541886.0
2026-04-08 00:00:00+0000,69.72,69.93,66.52,67.47,23346977.0
2026-04-09 00:00:00+0000,67.62,69.34,67.17,68.39,22002806.0
2026-04-10 00:00:00+0000,69.1,69.55,68.56,69.08,15526857.0
2026-04-13 00:00:00+0000,67.17,68.68,66.58,68.28,18532472.0
2026-04-14 00:00:00+0000,70.33,72.07,70.27,72.04,24988458.0
2026-04-15 00:00:00+0000,71.92,72.9,71.35,71.84,17224777.0
2026-04-16 00:00:00+0000,71.92,72.22,70.65,71.24,15527289.0
2026-04-17 00:00:00+0000,73.89,75.16,73.42,73.63,23257815.0
2026-04-20 00:00:00+0000,72.67,72.82,71.81,72.15,13923428.0
2026-04-21 00:00:00+0000,70.99,71.56,68.35,68.49,23338940.0
2026-04-22 00:00:00+0000,70.55,70.96,70.23,70.37,10323582.0
2026-04-23 00:00:00+0000,68.76,69.24,67.51,68.38,14881630.0
2026-04-24 00:00:00+0000,68.29,69.42,68.1,68.79,11833134.0
2026-04-27 00:00:00+0000,68.3,68.55,67.55,68.33,10521231.0
2026-04-28 00:00:00+0000,65.79,66.54,65.37,66.2,15070076.0
2026-04-29 00:00:00+0000,64.96,65.27,64.13,64.84,14340774.0
2026-04-30 00:00:00+0000,66.67,66.81,65.87,66.66,10665481.0
2026-05-01 00:00:00+0000,67.58,69.65,67.51,68.29,15710530.0
2026-05-04 00:00:00+0000,66.39,67.58,65.61,65.94,15549758.0
2026-05-05 00:00:00+0000,66.77,66.95,65.85,65.91,8291006.0
2026-05-06 00:00:00+0000,69.55,70.39,69.44,70.13,14955297.0
2026-05-07 00:00:00+0000,73.27,74.33,71.16,71.6,23537841.0
2026-05-08 00:00:00+0000,73.29,73.83,72.28,73.01,11779667.0
2026-05-11 00:00:00+0000,77.05,78.0,76.14,78.0,24682983.0
2026-05-12 00:00:00+0000,76.5,78.62,75.14,78.55,21109471.0
2026-05-13 00:00:00+0000,78.66,80.86,78.27,79.35,23736113.0
2026-05-14 00:00:00+0000,77.29,77.29,75.39,75.51,19437844.0
2026-05-15 00:00:00+0000,69.74,70.06,68.54,69.04,29638340.0
2026-05-18 00:00:00+0000,70.23,70.77,68.88,69.94,15314894.0
2026-05-19 00:00:00+0000,66.65,67.8,66.11,66.9,16551367.0
2026-05-20 00:00:00+0000,67.82,69.33,67.33,68.73,14912967.0
2026-05-21 00:00:00+0000,67.65,69.75,67.31,69.45,12805658.0
2026-05-22 00:00:00+0000,68.86,69.06,67.79,68.36,10288705.0
2026-05-26 00:00:00+0000,69.02,69.73,68.58,69.72,10887724.0
2026-05-27 00:00:00+0000,66.9,67.92,66.88,67.5,9466309.0
2026-05-28 00:00:00+0000,66.55,68.76,66.15,68.36,11829084.0
2026-05-29 00:00:00+0000,68.56,69.35,67.48,68.33,12249210.0
2026-06-01 00:00:00+0000,67.49,68.24,66.8,67.67,12541332.0
2026-06-02 00:00:00+0000,68.69,69.03,67.63,67.99,8686717.0
2026-06-03 00:00:00+0000,67.0,67.14,66.1,66.21,10088665.0
2026-06-04 00:00:00+0000,67.5,67.72,66.2,66.98,8581955.0
2026-06-05 00:00:00+0000,64.06,64.25,61.35,61.57,28741119.0
2026-06-08 00:00:00+0000,62.03,62.3,61.23,61.58,14784589.0
2026-06-09 00:00:00+0000,61.82,62.43,58.22,59.01,26005477.0
2026-06-10 00:00:00+0000,58.22,59.47,57.62,57.66,20116652.0
2026-06-11 00:00:00+0000,57.45,61.1,57.3,60.82,23122021.0
2026-06-12 00:00:00+0000,60.53,61.83,59.86,61.29,15260982.0
2026-06-15 00:00:00+0000,64.28,64.5,63.24,63.47,15443864.0
2026-06-16 00:00:00+0000,63.7,63.85,62.76,63.39,10172346.0
2026-06-17 00:00:00+0000,63.53,64.69,60.38,60.61,26965485.0
2026-06-18 00:00:00+0000,60.74,61.12,58.85,59.51,20403836.0
2026-06-22 00:00:00+0000,60.07,60.33,58.75,58.91,12599579.0
2026-06-23 00:00:00+0000,56.14,56.51,55.46,55.73,14684490.0
2026-06-24 00:00:00+0000,52.97,53.9,50.31,51.78,41284343.0
2026-06-25 00:00:00+0000,52.71,53.2,51.5,52.36,18383803.0
2026-06-26 00:00:00+0000,52.87,53.87,52.45,53.28,11312825.0
2026-06-29 00:00:00+0000,52.78,52.93,51.93,52.68,10520451.0
2026-06-30 00:00:00+0000,53.33,54.65,53.18,53.47,11731128.0
2026-07-01 00:00:00+0000,53.34,55.16,53.22,53.58,12156920.0
2026-07-02 00:00:00+0000,55.11,56.13,54.57,55.02,13038609.0
2026-07-06 00:00:00+0000,55.75,56.37,55.61,56.11,10230755.0
2026-07-07 00:00:00+0000,55.38,55.94,53.74,54.46,9905453.0
2026-07-08 00:00:00+0000,52.76,53.09,51.72,52.83,13572595.0
2026-07-09 00:00:00+0000,54.11,54.78,53.99,54.14,8238661.0
2026-07-10 00:00:00+0000,53.69,54.29,53.23,53.95,6840216.0
2026-07-13 00:00:00+0000,52.95,53.0,51.78,52.16,12818234.0
2026-07-14 00:00:00+0000,53.53,53.94,52.85,53.17,9259944.0
2026-07-15 00:00:00+0000,52.71,52.9,51.19,52.21,11594768.0
2026-07-16 00:00:00+0000,50.91,51.08,50.02,50.39,14244607.0
2026-07-17 00:00:00+0000,49.71,50.82,49.61,50.78,11554959.0
2026-07-20 00:00:00+0000,51.2,51.7,50.95,50.98,9621895.0
2026-07-21 00:00:00+0000,52.86,53.52,52.66,53.08,8803706.0
2026-07-22 00:00:00+0000,53.78,55.08,53.78,53.92,11039078.0
2026-07-23 00:00:00+0000,52.09,52.46,51.77,52.06,9817809.0
2026-07-24 00:00:00+0000,52.34,53.33,52.3,52.59,8922537.0
2026-07-27 00:00:00+0000,53.04,53.33,52.56,52.93,7744563.0
2026-07-28 00:00:00+0000,51.61,52.01,51.18,51.7,8384701.0
2026-07-29 00:00:00+0000,51.72,53.56,51.27,51.77,15349026.0
2026-07-30 00:00:00+0000,52.35,53.55,52.2,53.5,11899072.0
2026-07-31 00:00:00+0000,51.95,52.42,51.54,52.36,9039234.0
2026-08-03 00:00:00+0000,51.25,52.62,51.12,52.46,9280272.0
2026-08-04 00:00:00+0000,53.97,54.28,53.58,53.84,11335014.0
2026-08-05 00:00:00+0000,56.1,56.75,55.8,56.07,17016719.0
2026-08-06 00:00:00+0000,55.46,55.88,55.0,55.85,9543077.0
2026-08-07 00:00:00+0000,58.0,58.18,56.99,57.5,14077325.0
2026-08-10 00:00:00+0000,57.8,59.72,57.52,59.41,17656565.0
2026-08-11 00:00:00+0000,58.66,58.99,58.15,58.55,9935646.0
2026-08-12 00:00:00+0000,59.54,59.96,58.79,59.06,14125416.0
2026-08-13 00:00:00+0000,58.83,58.89,58.01,58.16,8804519.0
2026-08-14 00:00:00+0000,58.83,59.37,58.42,58.48,7456029.0
2026-08-17 00:00:00+0000,59.0,60.15,58.95,59.57,9482412.0
2026-08-18 00:00:00+0000,58.6,59.01,57.23,57.44,10230336.0
2026-08-19 00:00:00+0000,58.9,60.05,58.58,60.01,14540615.0
2026-08-20 00:00:00+0000,60.26,62.33,60.26,61.66,18587645.0
2026-08-21 00:00:00+0000,62.89,63.21,62.26,62.72,16572091.0
2026-08-24 00:00:00+0000,62.81,63.03,61.73,62.2,13986060.0
2026-08-25 00:00:00+0000,60.97,62.62,60.94,62.32,10685625.0
2026-08-26 00:00:00+0000,61.59,61.96,61.01,61.59,9627860.0
2026-08-27 00:00:00+0000,61.67,62.97,61.08,62.77,11233930.0
2026-08-28 00:00:00+0000,63.95,64.31,59.73,60.02,29206301.0
2026-08-31 00:00:00+0000,60.4,60.42,59.66,60.13,10902946.0
2026-09-01 00:00:00+0000,58.38,59.07,57.85,57.92,13304372.0
2026-09-02 00:00:00+0000,58.74,59.24,58.55,59.07,8100266.0
2026-09-03 00:00:00+0000,60.03,60.95,59.59,60.55,10275051.0
2026-09-04 00:00:00+0000,59.15,59.97,59.12,59.82,7983389.0
2026-09-08 00:00:00+0000,59.87,60.15,59.21,59.37,7462880.0
2026-09-09 00:00:00+0000,61.17,61.71,60.16,60.72,16475210.0
2026-09-10 00:00:00+0000,58.39,58.73,57.38,57.5,15204788.0
2026-09-11 00:00:00+0000,58.72,58.96,57.87,58.12,10966149.0
2026-09-14 00:00:00+0000,56.85,57.68,56.65,56.84,10878082.0
2026-09-15 00:00:00+0000,57.48,57.75,56.95,57.53,9826220.0
2026-09-16 00:00:00+0000,58.37,58.63,56.27,57.05,17203484.0
2026-09-17 00:00:00+0000,59.04,59.75,58.89,58.97,10538616.0
2026-09-18 00:00:00+0000,60.08,60.37,59.58,59.93,10896097.0
2026-09-21 00:00:00+0000,60.14,60.15,59.35,59.63,7770768.0
2026-09-22 00:00:00+0000,59.31,61.0,59.05,60.73,11506445.0
2026-09-23 00:00:00+0000,59.0,59.03,58.02,58.16,11238689.0
2026-09-24 00:00:00+0000,57.31,57.84,56.95,57.62,11729711.0
