datetime,open,high,low,close,volume
2016-09-27 00:00:00+0000,81.52,82.32,80.64,81.2,6523625.875
2016-09-28 00:00:00+0000,82.4,86.56,80.96,85.2,11240492.0
2016-09-29 00:00:00+0000,86.16,88.16,85.68,86.96,6314135.0
2016-09-30 00:00:00+0000,87.76,88.16,87.04,87.44,4913755.75
2016-10-03 00:00:00+0000,88.32,89.44,87.28,88.8,4299762.625
2016-10-04 00:00:00+0000,89.44,89.6,88.32,88.72,6840689.25
2016-10-05 00:00:00+0000,90.64,91.2,89.84,90.8,5238181.25
2016-10-06 00:00:00+0000,91.76,92.32,91.04,92.08,5044497.5
2016-10-07 00:00:00+0000,91.92,92.08,90.16,90.64,6219869.625
2016-10-10 00:00:00+0000,92.24,94.16,92.16,93.36,6086837.375
2016-10-11 00:00:00+0000,93.52,93.92,91.84,92.64,7238561.5
2016-10-12 00:00:00+0000,91.68,91.92,90.88,91.44,5454955.375
2016-10-13 00:00:00+0000,91.36,92.08,89.92,91.92,7400205.125
2016-10-14 00:00:00+0000,92.0,92.08,90.8,91.52,6285140.625
2016-10-17 00:00:00+0000,91.28,91.44,90.16,90.96,4313934.25
2016-10-18 00:00:00+0000,91.84,92.0,90.56,91.6,4551767.75
2016-10-19 00:00:00+0000,92.56,94.32,92.4,93.28,5693537.375
2016-10-20 00:00:00+0000,91.92,92.32,91.04,91.44,5047846.0
2016-10-21 00:00:00+0000,91.28,92.0,90.64,91.84,4605917.25
2016-10-24 00:00:00+0000,90.8,91.52,89.6,91.44,5737702.0
2016-10-25 00:00:00+0000,90.72,91.36,89.76,89.92,5509097.875
2016-10-26 00:00:00+0000,88.56,90.48,88.24,88.72,6855885.75
2016-10-27 00:00:00+0000,89.68,90.4,88.96,89.68,2813415.25
2016-10-28 00:00:00+0000,88.8,89.84,87.44,88.08,3183508.0
2016-10-31 00:00:00+0000,86.72,87.04,84.24,84.24,5014819.75
2016-11-01 00:00:00+0000,85.2,85.52,83.44,84.56,3830890.875
2016-11-02 00:00:00+0000,82.8,83.68,81.2,82.24,5697599.5
2016-11-03 00:00:00+0000,81.92,82.16,80.08,80.64,4508768.0
2016-11-04 00:00:00+0000,79.76,81.04,78.72,79.84,6379563.375
2016-11-07 00:00:00+0000,80.48,81.28,79.68,81.28,3868414.0
2016-11-08 00:00:00+0000,80.48,82.0,80.16,80.8,3427159.875
2016-11-09 00:00:00+0000,81.12,82.96,80.32,82.24,4602998.875
2016-11-10 00:00:00+0000,80.8,81.68,80.32,80.32,3955413.5
2016-11-11 00:00:00+0000,79.04,79.2,77.92,78.16,5617653.125
2016-11-14 00:00:00+0000,77.84,79.04,76.48,78.96,5021538.125
2016-11-15 00:00:00+0000,80.64,83.2,80.64,82.72,7116758.875
2016-11-16 00:00:00+0000,82.24,83.68,81.2,81.84,4823393.0
2016-11-17 00:00:00+0000,83.52,83.84,80.96,81.04,4550097.375
2016-11-18 00:00:00+0000,81.92,82.64,80.88,82.56,3340568.375
2016-11-21 00:00:00+0000,84.8,86.32,84.48,86.16,4768362.625
2016-11-22 00:00:00+0000,85.84,86.48,83.92,85.04,4997276.75
2016-11-23 00:00:00+0000,84.8,86.16,84.48,85.36,3021966.5
2016-11-25 00:00:00+0000,84.08,84.4,82.24,82.64,3488684.375
2016-11-28 00:00:00+0000,83.76,84.8,82.8,83.52,6627475.125
2016-11-29 00:00:00+0000,80.8,81.2,79.76,80.48,7529791.5
2016-11-30 00:00:00+0000,85.36,88.8,85.36,87.44,11729763.125
2016-12-01 00:00:00+0000,90.48,92.16,90.08,90.64,8808426.5
2016-12-02 00:00:00+0000,91.2,92.08,90.56,91.84,4426195.75
2016-12-05 00:00:00+0000,92.88,93.04,90.72,90.8,5077454.625
2016-12-06 00:00:00+0000,89.76,90.8,89.44,90.32,3397687.625
2016-12-07 00:00:00+0000,89.28,90.08,88.56,88.72,4939353.875
2016-12-08 00:00:00+0000,89.2,90.48,88.56,90.48,3562739.0
2016-12-09 00:00:00+0000,91.44,91.68,90.88,91.52,3707959.625
2016-12-12 00:00:00+0000,95.2,95.52,92.64,92.96,5572328.5
2016-12-13 00:00:00+0000,94.32,94.48,92.96,93.84,3895541.25
2016-12-14 00:00:00+0000,92.72,93.84,90.4,90.56,4862376.875
2016-12-15 00:00:00+0000,89.52,91.6,89.36,90.88,3875670.5
2016-12-16 00:00:00+0000,91.52,92.64,91.12,92.4,3724235.25
2016-12-19 00:00:00+0000,92.16,92.88,91.68,92.0,2094108.375
2016-12-20 00:00:00+0000,93.36,93.76,92.56,92.96,2038127.625
2016-12-21 00:00:00+0000,93.12,93.36,91.2,91.52,2556736.125
2016-12-22 00:00:00+0000,92.0,92.72,91.68,91.68,1656079.375
2016-12-23 00:00:00+0000,91.6,92.64,91.52,92.48,1163271.375
2016-12-27 00:00:00+0000,93.12,94.32,93.12,93.84,3182855.5
2016-12-28 00:00:00+0000,94.24,94.72,93.92,94.0,1779022.25
2016-12-29 00:00:00+0000,94.0,94.48,93.44,93.76,1883084.625
2016-12-30 00:00:00+0000,93.28,93.76,93.12,93.76,1635914.375
2017-01-03 00:00:00+0000,95.84,96.0,90.88,91.52,4045539.875
2017-01-04 00:00:00+0000,91.36,93.04,90.88,92.64,1869614.375
2017-01-05 00:00:00+0000,93.52,94.32,92.0,93.6,2423457.75
2017-01-06 00:00:00+0000,94.08,94.48,92.96,93.44,1590506.5
2017-01-09 00:00:00+0000,92.16,92.24,90.4,90.48,2116434.5
2017-01-10 00:00:00+0000,90.96,90.96,88.56,88.56,2666519.875
2017-01-11 00:00:00+0000,89.68,91.92,88.48,90.96,3396076.25
2017-01-12 00:00:00+0000,92.8,93.04,91.84,92.32,2968934.875
2017-01-13 00:00:00+0000,91.6,92.24,90.96,91.28,1562968.25
2017-01-17 00:00:00+0000,92.8,92.96,91.2,91.44,1867136.125
2017-01-18 00:00:00+0000,89.52,90.96,88.64,89.28,3358143.875
2017-01-19 00:00:00+0000,89.92,90.32,88.8,89.36,1809528.5
2017-01-20 00:00:00+0000,91.6,92.0,90.96,91.12,2449312.625
2017-01-23 00:00:00+0000,89.68,91.04,89.68,90.56,1509285.375
2017-01-24 00:00:00+0000,90.96,91.84,90.88,90.96,1737369.375
2017-01-25 00:00:00+0000,90.32,91.68,90.16,90.48,2044197.25
2017-01-26 00:00:00+0000,91.52,92.64,91.36,92.24,2367322.875
2017-01-27 00:00:00+0000,91.2,91.52,90.16,91.2,2116252.125
2017-01-30 00:00:00+0000,90.8,90.88,89.84,90.24,1752975.375
2017-01-31 00:00:00+0000,91.2,91.84,90.24,90.56,2037965.375
2017-02-01 00:00:00+0000,91.36,92.4,90.64,91.84,2362197.0
2017-02-02 00:00:00+0000,92.56,92.72,91.44,92.08,2156985.5
2017-02-03 00:00:00+0000,91.92,92.96,91.68,92.32,2416121.125
2017-02-06 00:00:00+0000,92.16,92.32,90.72,91.04,2803215.0
2017-02-07 00:00:00+0000,89.68,89.84,88.88,89.52,3977139.375
2017-02-08 00:00:00+0000,88.88,90.24,88.32,89.84,3249945.75
2017-02-09 00:00:00+0000,91.04,91.12,90.32,90.8,2351203.875
2017-02-10 00:00:00+0000,92.24,92.64,91.84,92.0,2994708.125
2017-02-13 00:00:00+0000,90.96,91.2,90.4,90.56,2164311.125
2017-02-14 00:00:00+0000,91.84,91.92,90.8,91.04,2041626.25
2017-02-15 00:00:00+0000,90.64,91.6,90.56,90.88,2302099.5
2017-02-16 00:00:00+0000,91.52,91.6,90.16,91.28,1586648.75
2017-02-17 00:00:00+0000,90.56,91.36,90.48,91.12,1582794.0
2017-02-21 00:00:00+0000,93.04,93.12,92.08,92.32,2830398.375
2017-02-22 00:00:00+0000,91.04,91.2,90.56,90.88,1999931.5
2017-02-23 00:00:00+0000,92.88,93.2,91.92,92.24,2035587.75
2017-02-24 00:00:00+0000,91.52,92.08,91.52,91.68,1276422.875
2017-02-27 00:00:00+0000,92.48,92.56,91.6,91.76,1088161.125
2017-02-28 00:00:00+0000,90.88,91.76,90.24,91.6,1922977.875
2017-03-01 00:00:00+0000,92.08,92.4,91.2,91.2,1616054.75
2017-03-02 00:00:00+0000,89.68,90.4,89.2,89.36,2292347.75
2017-03-03 00:00:00+0000,89.52,90.64,89.44,90.32,1526066.375
2017-03-06 00:00:00+0000,90.56,90.88,89.92,90.24,1765479.0
2017-03-07 00:00:00+0000,91.04,91.12,90.08,90.16,1231150.0
2017-03-08 00:00:00+0000,88.88,89.76,84.96,85.36,7484427.75
2017-03-09 00:00:00+0000,84.56,84.72,82.56,84.24,5277158.375
2017-03-10 00:00:00+0000,84.16,84.16,82.0,82.32,4904187.125
2017-03-13 00:00:00+0000,82.32,82.72,81.76,82.24,4766081.125
2017-03-14 00:00:00+0000,80.88,81.68,80.16,81.52,4701762.25
2017-03-15 00:00:00+0000,82.48,83.28,81.92,83.04,3773857.25
2017-03-16 00:00:00+0000,83.12,83.2,82.32,82.88,2512320.5
2017-03-17 00:00:00+0000,83.36,83.44,82.56,82.64,1804488.25
2017-03-20 00:00:00+0000,82.08,82.88,81.76,82.16,1461606.75
2017-03-21 00:00:00+0000,82.4,82.64,80.56,80.88,2782010.125
2017-03-22 00:00:00+0000,80.16,81.12,79.04,80.96,2549476.5
2017-03-23 00:00:00+0000,80.32,80.56,79.92,80.08,1658949.625
2017-03-24 00:00:00+0000,80.4,80.8,79.84,80.72,1689476.125
2017-03-27 00:00:00+0000,79.44,80.4,79.04,80.32,2423728.75
2017-03-28 00:00:00+0000,80.88,81.84,80.72,81.2,1930040.875
2017-03-29 00:00:00+0000,81.44,83.2,81.36,82.96,2503708.875
2017-03-30 00:00:00+0000,83.76,84.72,83.52,84.56,3002328.375
2017-03-31 00:00:00+0000,84.16,85.28,84.08,85.12,2075865.625
2017-04-03 00:00:00+0000,84.96,85.04,84.16,84.4,1936073.875
2017-04-04 00:00:00+0000,85.04,85.92,84.72,85.68,2745076.875
2017-04-05 00:00:00+0000,86.72,87.12,85.2,85.44,3429953.125
2017-04-06 00:00:00+0000,86.56,87.04,86.4,86.88,2364130.625
2017-04-07 00:00:00+0000,87.12,87.76,86.96,87.68,1921521.125
2017-04-10 00:00:00+0000,88.56,89.12,88.32,89.12,2364808.625
2017-04-11 00:00:00+0000,89.04,89.68,88.48,89.36,2740106.25
2017-04-12 00:00:00+0000,89.92,90.08,88.64,88.88,2853381.875
2017-04-13 00:00:00+0000,89.44,89.6,88.8,89.04,2047936.0
2017-04-17 00:00:00+0000,89.04,89.2,88.32,88.48,1672177.0
2017-04-18 00:00:00+0000,88.0,88.8,87.52,88.32,1393002.5
2017-04-19 00:00:00+0000,88.24,88.4,84.16,84.96,5920863.625
2017-04-20 00:00:00+0000,84.72,85.44,84.16,84.32,2920527.375
2017-04-21 00:00:00+0000,84.4,84.4,82.0,82.56,4190117.5
2017-04-24 00:00:00+0000,82.32,82.48,81.68,82.0,3050893.5
2017-04-25 00:00:00+0000,81.84,83.04,81.44,82.88,2629399.625
2017-04-26 00:00:00+0000,81.92,83.68,81.76,82.08,3192397.375
2017-04-27 00:00:00+0000,81.12,82.08,80.32,81.92,3996345.0
2017-04-28 00:00:00+0000,82.32,82.64,81.36,81.92,1803011.5
2017-05-01 00:00:00+0000,81.52,81.76,80.96,81.2,1845922.0
2017-05-02 00:00:00+0000,81.36,81.36,78.88,79.36,4854868.375
2017-05-03 00:00:00+0000,79.68,80.08,78.88,79.44,4296111.875
2017-05-04 00:00:00+0000,78.0,78.08,75.44,75.68,7996837.625
2017-05-05 00:00:00+0000,75.76,77.76,75.76,77.28,3902794.375
2017-05-08 00:00:00+0000,77.2,78.0,76.24,77.36,3606214.625
2017-05-09 00:00:00+0000,77.12,77.36,75.84,76.56,2180487.5
2017-05-10 00:00:00+0000,77.6,79.6,77.44,78.88,3761829.75
2017-05-11 00:00:00+0000,79.92,80.32,79.2,79.52,2169228.25
2017-05-12 00:00:00+0000,79.76,79.84,78.8,79.6,2274951.5
2017-05-15 00:00:00+0000,82.16,82.24,81.04,81.36,3896908.25
2017-05-16 00:00:00+0000,81.76,82.08,80.72,80.88,1937988.375
2017-05-17 00:00:00+0000,81.52,82.32,80.72,81.52,3194972.25
2017-05-18 00:00:00+0000,80.96,82.48,80.72,82.08,2168510.125
2017-05-19 00:00:00+0000,83.12,83.92,83.04,83.84,2648319.25
2017-05-22 00:00:00+0000,84.4,84.8,84.0,84.32,2498309.5
2017-05-23 00:00:00+0000,84.64,85.2,84.32,85.12,2902818.375
2017-05-24 00:00:00+0000,84.96,85.6,84.32,84.8,3860645.375
2017-05-25 00:00:00+0000,84.0,84.64,80.08,80.32,8806758.375
2017-05-26 00:00:00+0000,81.12,82.4,80.64,82.24,3389481.0
2017-05-30 00:00:00+0000,81.36,82.4,81.04,81.92,1762948.625
2017-05-31 00:00:00+0000,79.84,80.4,78.88,79.68,3537739.125
2017-06-01 00:00:00+0000,80.08,81.28,79.28,79.28,3396475.875
2017-06-02 00:00:00+0000,78.64,79.44,77.84,78.88,3433845.625
2017-06-05 00:00:00+0000,77.84,78.56,77.44,78.4,3315044.625
2017-06-06 00:00:00+0000,77.92,79.92,77.84,79.76,2903404.375
2017-06-07 00:00:00+0000,78.72,79.04,75.52,75.68,6809725.25
2017-06-08 00:00:00+0000,75.2,76.24,74.96,75.44,4681126.0
2017-06-09 00:00:00+0000,75.52,76.4,75.28,75.92,2960993.875
2017-06-12 00:00:00+0000,76.88,77.2,76.08,76.16,2895863.25
2017-06-13 00:00:00+0000,76.08,76.96,75.28,76.8,3002143.75
2017-06-14 00:00:00+0000,76.32,76.72,73.6,73.84,7260420.125
2017-06-15 00:00:00+0000,73.76,73.92,73.28,73.44,3668245.0
2017-06-16 00:00:00+0000,74.08,74.16,73.6,73.92,2399322.375
2017-06-19 00:00:00+0000,74.16,74.4,72.88,72.96,2650080.5
2017-06-20 00:00:00+0000,71.44,71.76,70.64,71.6,5257656.125
2017-06-21 00:00:00+0000,71.76,72.72,69.2,69.68,7304981.125
2017-06-22 00:00:00+0000,70.4,71.28,70.16,70.24,3758009.25
2017-06-23 00:00:00+0000,70.4,71.12,70.0,70.88,3696022.625
2017-06-26 00:00:00+0000,71.04,71.68,70.08,71.44,4120890.75
2017-06-27 00:00:00+0000,71.92,73.12,71.84,72.8,3336105.5
2017-06-28 00:00:00+0000,72.8,73.76,72.24,73.6,3468347.875
2017-06-29 00:00:00+0000,74.16,74.72,73.44,73.68,3624614.875
2017-06-30 00:00:00+0000,74.56,76.0,74.32,76.0,3786904.75
2017-07-03 00:00:00+0000,76.4,77.04,76.32,76.96,2276847.5
2017-07-05 00:00:00+0000,76.48,76.64,73.84,74.0,7724244.875
2017-07-06 00:00:00+0000,75.52,76.56,74.32,74.48,4879440.75
2017-07-07 00:00:00+0000,73.52,73.6,72.0,72.8,4990477.75
2017-07-10 00:00:00+0000,72.32,73.76,72.16,73.04,3211358.25
2017-07-11 00:00:00+0000,72.88,74.48,72.64,74.16,2851488.875
2017-07-12 00:00:00+0000,75.68,76.4,74.16,74.64,4465732.125
2017-07-13 00:00:00+0000,75.12,76.08,74.88,75.76,2424210.25
2017-07-14 00:00:00+0000,76.24,76.88,75.84,76.72,2884878.875
2017-07-17 00:00:00+0000,76.32,76.8,75.6,75.6,2978794.75
2017-07-18 00:00:00+0000,76.8,76.88,75.76,76.32,2755349.25
2017-07-19 00:00:00+0000,76.56,77.76,76.56,77.52,3030163.25
2017-07-20 00:00:00+0000,78.16,78.24,76.64,76.88,2372339.875
2017-07-21 00:00:00+0000,76.48,76.56,74.56,74.72,4494362.375
2017-07-24 00:00:00+0000,75.76,76.16,75.52,76.0,2209870.125
2017-07-25 00:00:00+0000,77.52,78.56,77.2,78.48,2908441.375
2017-07-26 00:00:00+0000,79.2,80.08,78.4,79.68,4568815.625
2017-07-27 00:00:00+0000,80.16,80.64,79.44,80.48,3117638.625
2017-07-28 00:00:00+0000,80.72,81.6,80.64,81.36,3740750.375
2017-07-31 00:00:00+0000,81.2,82.56,80.56,82.24,3556062.75
2017-08-01 00:00:00+0000,81.36,81.44,79.2,80.72,4928031.25
2017-08-02 00:00:00+0000,80.56,81.36,79.6,81.12,2956835.0
2017-08-03 00:00:00+0000,81.68,81.84,79.92,80.16,2442242.625
2017-08-04 00:00:00+0000,80.4,81.28,79.76,81.04,2008264.0
2017-08-07 00:00:00+0000,80.16,80.96,79.52,80.8,2211725.25
2017-08-08 00:00:00+0000,80.24,81.2,80.08,80.48,2573267.625
2017-08-09 00:00:00+0000,80.96,81.28,80.32,81.2,1857100.25
2017-08-10 00:00:00+0000,81.92,82.0,79.2,79.28,2888971.125
2017-08-11 00:00:00+0000,79.04,80.24,78.64,79.92,1769301.0
2017-08-14 00:00:00+0000,79.84,80.48,77.68,77.76,2904962.625
2017-08-15 00:00:00+0000,77.28,78.08,77.04,78.0,2136819.375
2017-08-16 00:00:00+0000,78.16,78.8,76.48,76.56,4329506.125
2017-08-17 00:00:00+0000,76.32,77.36,76.16,76.96,1872214.125
2017-08-18 00:00:00+0000,77.28,79.84,76.64,79.76,3588408.0
2017-08-21 00:00:00+0000,78.96,79.28,77.12,77.68,3419721.75
2017-08-22 00:00:00+0000,78.08,78.72,77.68,78.16,1676061.25
2017-08-23 00:00:00+0000,78.08,79.2,77.84,79.04,1982737.375
2017-08-24 00:00:00+0000,78.32,78.4,76.88,77.68,2156400.875
2017-08-25 00:00:00+0000,77.6,78.24,77.52,78.0,1816505.625
2017-08-28 00:00:00+0000,77.52,77.6,75.36,76.24,3588956.625
2017-08-29 00:00:00+0000,75.84,76.0,74.72,75.68,2208421.625
2017-08-30 00:00:00+0000,75.2,76.32,74.88,75.04,2235760.125
2017-08-31 00:00:00+0000,75.92,77.52,75.92,77.04,2580386.0
2017-09-01 00:00:00+0000,76.8,77.36,76.08,77.36,1860774.125
2017-09-05 00:00:00+0000,79.28,80.0,79.12,79.36,2547794.0
2017-09-06 00:00:00+0000,80.16,80.72,79.68,80.32,2327939.25
2017-09-07 00:00:00+0000,79.84,80.48,79.68,80.24,2411365.625
2017-09-08 00:00:00+0000,79.92,80.16,77.28,77.84,2597230.25
2017-09-11 00:00:00+0000,77.36,78.88,76.88,78.56,1906128.125
2017-09-12 00:00:00+0000,78.64,79.12,78.4,78.96,1637739.0
2017-09-13 00:00:00+0000,79.36,80.56,79.12,80.56,2615867.875
2017-09-14 00:00:00+0000,81.36,82.24,80.88,81.04,2923132.0
2017-09-15 00:00:00+0000,81.52,81.76,81.12,81.6,1737081.25
2017-09-18 00:00:00+0000,81.12,81.6,80.32,81.36,2100108.25
2017-09-19 00:00:00+0000,81.76,81.92,80.4,80.88,1726500.5
2017-09-20 00:00:00+0000,81.52,82.64,81.04,81.92,2566045.875
2017-09-21 00:00:00+0000,81.44,82.08,80.96,82.0,1370292.5
2017-09-22 00:00:00+0000,81.6,82.08,81.36,81.92,1526455.375
2017-09-25 00:00:00+0000,82.72,84.48,82.72,84.4,3119501.125
2017-09-26 00:00:00+0000,83.68,84.08,83.12,83.92,1441944.125
2017-09-27 00:00:00+0000,84.16,84.48,83.44,84.16,1357065.375
2017-09-28 00:00:00+0000,85.04,85.2,82.8,83.44,1632837.625
2017-09-29 00:00:00+0000,83.12,83.68,82.88,83.44,1346220.0
2017-10-02 00:00:00+0000,81.36,81.92,80.96,81.68,1912150.625
2017-10-03 00:00:00+0000,81.68,82.0,81.28,81.44,1275740.125
2017-10-04 00:00:00+0000,81.44,81.92,80.48,80.64,1530693.625
2017-10-05 00:00:00+0000,81.12,82.8,81.04,82.0,1511798.625
2017-10-06 00:00:00+0000,80.08,80.16,79.36,79.76,2645503.875
2017-10-09 00:00:00+0000,80.24,80.48,79.68,80.0,1287650.625
2017-10-10 00:00:00+0000,81.6,82.56,81.52,82.24,1755866.875
2017-10-11 00:00:00+0000,82.48,82.96,81.76,82.88,1485509.125
2017-10-12 00:00:00+0000,81.36,82.32,81.04,81.84,1740584.5
2017-10-13 00:00:00+0000,83.04,83.2,82.32,82.96,2000651.0
2017-10-16 00:00:00+0000,84.24,84.32,83.36,83.68,1702598.125
2017-10-17 00:00:00+0000,83.76,84.24,82.64,83.92,1777248.25
2017-10-18 00:00:00+0000,84.08,84.4,83.36,83.84,1504638.5
2017-10-19 00:00:00+0000,82.72,83.36,82.56,82.8,1292072.125
2017-10-20 00:00:00+0000,82.32,83.52,82.24,83.44,1363565.625
2017-10-23 00:00:00+0000,83.76,83.92,82.96,83.36,1256438.375
2017-10-24 00:00:00+0000,83.84,84.4,83.12,84.32,1979284.125
2017-10-25 00:00:00+0000,83.84,84.16,83.36,83.84,2080259.625
2017-10-26 00:00:00+0000,83.6,84.64,83.36,84.56,1786900.375
2017-10-27 00:00:00+0000,84.48,86.8,84.4,86.72,2774010.75
2017-10-30 00:00:00+0000,87.2,87.44,86.4,86.96,1465748.5
2017-10-31 00:00:00+0000,86.8,87.68,86.64,87.44,1347443.375
2017-11-01 00:00:00+0000,88.24,88.48,86.56,87.2,2513267.25
2017-11-02 00:00:00+0000,87.2,88.08,86.96,87.92,1109060.0
2017-11-03 00:00:00+0000,88.0,89.6,87.36,89.44,1994928.875
2017-11-06 00:00:00+0000,89.6,92.56,89.36,92.08,3611590.375
2017-11-07 00:00:00+0000,91.76,92.24,91.36,91.92,2114833.625
2017-11-08 00:00:00+0000,91.52,93.04,90.64,91.28,4146041.375
2017-11-09 00:00:00+0000,91.36,92.4,91.2,91.68,1726678.375
2017-11-10 00:00:00+0000,91.84,92.16,90.88,91.36,1417273.5
2017-11-13 00:00:00+0000,91.36,91.84,90.48,91.04,1382603.125
2017-11-14 00:00:00+0000,90.8,90.88,88.64,89.04,2483731.875
2017-11-15 00:00:00+0000,88.64,89.2,88.16,88.72,1598112.25
2017-11-16 00:00:00+0000,88.56,89.36,88.24,88.56,1459333.125
2017-11-17 00:00:00+0000,89.68,90.88,89.52,90.8,1625767.125
2017-11-20 00:00:00+0000,90.16,90.32,89.2,90.24,1346481.625
2017-11-21 00:00:00+0000,90.4,91.6,90.4,91.2,1463655.125
2017-11-22 00:00:00+0000,92.4,92.96,91.76,92.8,2013330.125
2017-11-24 00:00:00+0000,93.92,94.32,93.6,94.32,1081311.25
2017-11-27 00:00:00+0000,93.2,93.44,92.08,92.72,1619295.25
2017-11-28 00:00:00+0000,92.48,93.04,92.24,92.64,702843.625
2017-11-29 00:00:00+0000,92.64,93.28,90.8,91.76,1699613.125
2017-11-30 00:00:00+0000,92.4,92.64,90.96,91.76,1948779.625
2017-12-01 00:00:00+0000,93.2,94.24,92.8,93.36,1591465.875
2017-12-04 00:00:00+0000,92.4,92.64,91.76,91.92,1250159.375
2017-12-05 00:00:00+0000,91.76,92.72,91.68,92.32,1413611.375
2017-12-06 00:00:00+0000,91.2,91.28,89.44,89.6,2077752.25
2017-12-07 00:00:00+0000,90.16,90.88,90.0,90.64,972316.125
2017-12-08 00:00:00+0000,92.16,92.4,91.2,91.92,1040084.5
2017-12-11 00:00:00+0000,92.32,92.88,91.92,92.8,1115550.75
2017-12-12 00:00:00+0000,93.12,93.12,90.96,91.52,1301874.625
2017-12-13 00:00:00+0000,91.68,91.84,90.4,90.64,1306411.625
2017-12-14 00:00:00+0000,89.76,91.44,89.68,91.44,1000664.375
2017-12-15 00:00:00+0000,91.76,91.92,91.12,91.68,1057723.0
2017-12-18 00:00:00+0000,92.0,92.24,90.96,91.52,1219216.5
2017-12-19 00:00:00+0000,91.84,92.08,91.6,92.08,709105.5
2017-12-20 00:00:00+0000,92.32,92.96,91.84,92.88,1072220.875
2017-12-21 00:00:00+0000,92.32,93.36,92.16,93.12,1204625.625
2017-12-22 00:00:00+0000,92.64,93.52,92.64,93.28,696568.375
2017-12-26 00:00:00+0000,93.84,95.92,93.76,95.6,1686809.875
2017-12-27 00:00:00+0000,95.44,95.68,94.96,95.36,926065.0
2017-12-28 00:00:00+0000,95.28,95.84,95.04,95.76,1089693.375
2017-12-29 00:00:00+0000,96.16,96.72,95.84,96.08,1325217.0
2018-01-02 00:00:00+0000,96.56,96.8,96.08,96.56,1090428.0
2018-01-03 00:00:00+0000,97.44,98.88,97.36,98.72,1949073.25
2018-01-04 00:00:00+0000,98.72,99.36,98.48,98.96,1236281.5
2018-01-05 00:00:00+0000,98.24,98.64,97.68,98.48,1052182.875
2018-01-08 00:00:00+0000,98.48,99.04,98.08,99.04,913832.5
2018-01-09 00:00:00+0000,99.28,101.12,98.96,100.56,2380067.125
2018-01-10 00:00:00+0000,101.36,101.68,100.8,101.44,1436982.25
2018-01-11 00:00:00+0000,102.08,103.36,101.6,101.6,2247027.875
2018-01-12 00:00:00+0000,101.44,103.12,101.2,102.96,1745057.375
2018-01-16 00:00:00+0000,102.48,102.88,101.44,102.08,2004381.625
2018-01-17 00:00:00+0000,101.84,102.72,101.68,102.24,1566491.125
2018-01-18 00:00:00+0000,102.0,102.8,101.6,102.08,1852642.5
2018-01-19 00:00:00+0000,101.44,102.0,100.88,101.76,1664632.625
2018-01-22 00:00:00+0000,101.44,102.72,101.04,102.24,1760099.875
2018-01-23 00:00:00+0000,102.72,103.92,102.56,103.76,1803667.125
2018-01-24 00:00:00+0000,103.52,105.84,103.28,105.76,2864347.125
2018-01-25 00:00:00+0000,106.24,106.4,104.24,104.48,1922082.375
2018-01-26 00:00:00+0000,104.88,106.32,104.8,105.92,2629962.875
2018-01-29 00:00:00+0000,104.88,105.2,104.08,104.88,1791518.0
2018-01-30 00:00:00+0000,103.52,103.6,102.72,103.2,2491154.0
2018-01-31 00:00:00+0000,103.28,104.08,102.32,103.84,1820417.75
2018-02-01 00:00:00+0000,104.64,106.08,104.24,105.92,1881811.625
2018-02-02 00:00:00+0000,104.96,105.36,103.28,104.32,2762030.0
2018-02-05 00:00:00+0000,104.24,104.56,101.84,102.16,3554686.75
2018-02-06 00:00:00+0000,101.6,103.04,101.36,101.6,2642485.75
2018-02-07 00:00:00+0000,101.76,102.48,98.24,98.96,3497915.625
2018-02-08 00:00:00+0000,99.36,99.52,96.64,96.72,2882713.375
2018-02-09 00:00:00+0000,96.88,97.12,93.12,94.88,4593919.75
2018-02-12 00:00:00+0000,95.84,96.8,94.88,95.12,1946995.75
2018-02-13 00:00:00+0000,94.32,95.44,93.68,94.96,1765528.875
2018-02-14 00:00:00+0000,93.84,97.84,93.52,97.44,3778429.625
2018-02-15 00:00:00+0000,96.72,98.88,95.84,98.64,2178902.5
2018-02-16 00:00:00+0000,98.16,99.52,97.76,99.04,2006090.0
2018-02-20 00:00:00+0000,99.36,100.48,98.8,99.12,1948710.125
2018-02-21 00:00:00+0000,98.64,99.52,98.24,98.32,1304632.125
2018-02-22 00:00:00+0000,99.68,101.52,99.04,100.72,2150609.625
2018-02-23 00:00:00+0000,100.88,102.56,100.72,102.16,1842689.125
2018-02-26 00:00:00+0000,101.84,103.36,101.44,102.88,1492050.375
2018-02-27 00:00:00+0000,102.72,102.8,100.88,101.2,1574111.375
2018-02-28 00:00:00+0000,101.68,102.08,98.72,98.96,2978985.375
2018-03-01 00:00:00+0000,98.24,99.04,96.88,98.8,3134124.625
2018-03-02 00:00:00+0000,97.76,98.96,96.8,98.96,2045292.125
2018-03-05 00:00:00+0000,98.64,101.04,98.48,100.72,2127612.0
2018-03-06 00:00:00+0000,100.96,101.12,100.0,100.56,1759912.5
2018-03-07 00:00:00+0000,99.84,100.72,97.52,98.8,2806627.375
2018-03-08 00:00:00+0000,98.56,98.64,96.64,97.2,2162346.75
2018-03-09 00:00:00+0000,98.16,100.0,98.08,99.76,1745579.0
2018-03-12 00:00:00+0000,99.28,99.52,97.76,98.96,1867810.125
2018-03-13 00:00:00+0000,98.48,100.0,97.2,97.92,2657222.875
2018-03-14 00:00:00+0000,98.24,98.72,97.04,98.24,1915887.75
2018-03-15 00:00:00+0000,98.8,99.36,98.32,98.72,1292007.0
2018-03-16 00:00:00+0000,98.8,100.96,98.56,100.4,2589688.0
2018-03-19 00:00:00+0000,100.56,100.64,99.12,100.4,1631026.375
2018-03-20 00:00:00+0000,102.08,103.2,101.68,102.48,2110286.5
2018-03-21 00:00:00+0000,103.68,105.68,103.44,105.44,2742342.625
2018-03-22 00:00:00+0000,104.08,104.4,103.44,103.6,1591177.25
2018-03-23 00:00:00+0000,104.72,106.4,104.64,106.24,2105142.75
2018-03-26 00:00:00+0000,105.84,106.24,104.96,105.68,1971371.625
2018-03-27 00:00:00+0000,106.24,106.32,104.24,104.64,1823980.125
2018-03-28 00:00:00+0000,104.16,105.04,102.8,104.32,2072526.5
2018-03-29 00:00:00+0000,103.92,105.28,103.52,104.72,1647465.875
2018-04-02 00:00:00+0000,103.84,103.84,101.6,101.92,2097084.5
2018-04-03 00:00:00+0000,102.24,102.88,101.76,102.48,1074113.625
2018-04-04 00:00:00+0000,100.4,102.64,100.16,102.56,2194176.875
2018-04-05 00:00:00+0000,102.56,103.52,101.92,102.64,1933586.25
2018-04-06 00:00:00+0000,102.4,102.8,99.76,100.08,2752090.5
2018-04-09 00:00:00+0000,101.52,102.64,101.36,102.16,1421788.0
2018-04-10 00:00:00+0000,104.16,106.16,104.16,106.0,2458730.625
2018-04-11 00:00:00+0000,106.4,108.8,106.0,107.6,2741564.125
2018-04-12 00:00:00+0000,107.2,108.32,106.4,108.16,1441780.125
2018-04-13 00:00:00+0000,108.4,109.12,108.0,108.4,1627428.875
2018-04-16 00:00:00+0000,107.92,108.0,106.72,107.04,1641884.75
2018-04-17 00:00:00+0000,106.16,107.52,105.92,107.28,1416901.25
2018-04-18 00:00:00+0000,109.6,111.2,109.12,111.04,2871696.375
2018-04-19 00:00:00+0000,111.6,112.0,109.76,110.16,1982503.5
2018-04-20 00:00:00+0000,109.28,110.72,108.96,110.0,1143241.625
2018-04-23 00:00:00+0000,108.88,111.52,108.4,111.36,1796114.125
2018-04-24 00:00:00+0000,110.8,112.0,109.04,109.44,2375316.25
2018-04-25 00:00:00+0000,109.52,110.08,108.32,109.76,1609026.5
2018-04-26 00:00:00+0000,110.64,110.72,109.36,110.16,1397143.375
2018-04-27 00:00:00+0000,109.44,110.4,109.36,109.84,1253595.125
2018-04-30 00:00:00+0000,108.96,112.0,108.8,110.4,3244364.5
2018-05-01 00:00:00+0000,109.52,109.6,108.0,108.88,1839260.75
2018-05-02 00:00:00+0000,108.48,110.08,108.08,109.36,1620896.375
2018-05-03 00:00:00+0000,109.04,110.8,108.56,110.56,1453229.5
2018-05-04 00:00:00+0000,110.72,113.04,110.56,112.72,2220345.625
2018-05-07 00:00:00+0000,113.52,114.4,112.24,112.8,3117839.625
2018-05-08 00:00:00+0000,113.44,113.76,109.2,112.48,6476950.5
2018-05-09 00:00:00+0000,114.16,115.28,114.08,114.96,2216344.375
2018-05-10 00:00:00+0000,115.04,115.52,114.0,115.28,1709066.875
2018-05-11 00:00:00+0000,114.96,115.44,113.92,114.0,1616604.875
2018-05-14 00:00:00+0000,114.4,115.2,114.24,115.04,1784906.75
2018-05-15 00:00:00+0000,114.96,115.52,114.0,115.2,1987573.25
2018-05-16 00:00:00+0000,114.72,115.84,114.4,115.68,1578720.625
2018-05-17 00:00:00+0000,116.32,117.04,115.12,115.92,1923802.375
2018-05-18 00:00:00+0000,115.52,116.0,114.96,115.44,1440151.5
2018-05-21 00:00:00+0000,115.84,117.36,115.68,117.36,1225619.875
2018-05-22 00:00:00+0000,117.2,117.92,116.4,116.48,2118137.75
2018-05-23 00:00:00+0000,116.24,116.64,115.12,116.08,1816461.75
2018-05-24 00:00:00+0000,114.32,115.2,114.16,114.32,1586645.75
2018-05-25 00:00:00+0000,111.36,111.44,109.12,109.44,4277804.5
2018-05-29 00:00:00+0000,108.56,108.8,106.64,108.08,3158057.125
2018-05-30 00:00:00+0000,108.64,110.8,108.64,110.64,2451307.375
2018-05-31 00:00:00+0000,108.64,110.32,107.68,108.4,2824560.125
2018-06-01 00:00:00+0000,107.28,108.16,106.0,106.0,2556658.625
2018-06-04 00:00:00+0000,106.4,106.72,104.48,104.96,2138009.0
2018-06-05 00:00:00+0000,104.24,106.08,104.0,105.76,2446232.125
2018-06-06 00:00:00+0000,105.52,106.0,104.0,105.28,1996279.25
2018-06-07 00:00:00+0000,105.68,106.88,105.52,106.8,1589175.875
2018-06-08 00:00:00+0000,106.48,107.2,105.44,106.16,1840653.875
2018-06-11 00:00:00+0000,105.36,107.36,105.12,106.88,1758330.25
2018-06-12 00:00:00+0000,106.8,107.92,106.64,107.2,1338775.5
2018-06-13 00:00:00+0000,106.8,108.16,106.56,107.76,1708178.75
2018-06-14 00:00:00+0000,108.4,108.56,107.2,108.16,1416467.125
2018-06-15 00:00:00+0000,107.52,107.52,104.32,104.4,2939294.375
2018-06-18 00:00:00+0000,105.36,106.64,104.96,106.32,2027550.875
2018-06-19 00:00:00+0000,104.8,105.68,104.08,105.12,1617457.5
2018-06-20 00:00:00+0000,106.56,107.52,105.2,106.24,2305034.625
2018-06-21 00:00:00+0000,105.12,107.28,104.96,106.48,2130518.5
2018-06-22 00:00:00+0000,109.68,112.24,108.72,112.16,3458536.75
2018-06-25 00:00:00+0000,112.08,112.4,109.84,110.16,2932242.5
2018-06-26 00:00:00+0000,111.28,114.48,110.32,114.16,3920702.625
2018-06-27 00:00:00+0000,115.92,118.4,115.84,117.2,3848856.5
2018-06-28 00:00:00+0000,117.84,119.92,117.52,118.88,3547477.375
2018-06-29 00:00:00+0000,119.44,120.64,119.36,120.48,2147684.125
2018-07-02 00:00:00+0000,120.0,120.48,118.96,119.68,2441561.75
2018-07-03 00:00:00+0000,121.52,122.0,117.84,119.36,2378833.5
2018-07-05 00:00:00+0000,120.0,120.4,117.6,118.24,2524812.125
2018-07-06 00:00:00+0000,117.36,119.84,117.28,119.68,2197338.625
2018-07-09 00:00:00+0000,119.76,120.24,118.48,120.24,1462305.875
2018-07-10 00:00:00+0000,120.88,121.36,119.84,120.56,1813568.75
2018-07-11 00:00:00+0000,119.04,120.24,113.68,114.48,4198863.625
2018-07-12 00:00:00+0000,115.04,115.6,113.12,115.12,2719422.5
2018-07-13 00:00:00+0000,115.36,117.36,115.12,115.76,2188724.75
2018-07-16 00:00:00+0000,113.6,113.84,110.88,111.52,3511647.0
2018-07-17 00:00:00+0000,110.72,112.4,110.08,111.6,5913130.75
2018-07-18 00:00:00+0000,110.8,112.88,110.24,112.8,2470337.75
2018-07-19 00:00:00+0000,112.64,114.32,112.24,113.04,2501726.25
2018-07-20 00:00:00+0000,113.44,113.84,112.56,113.2,1894154.75
2018-07-23 00:00:00+0000,114.56,115.2,112.4,112.72,2723521.125
2018-07-24 00:00:00+0000,112.88,114.8,112.88,113.84,1974185.375
2018-07-25 00:00:00+0000,114.24,115.84,113.36,115.36,2629088.375
2018-07-26 00:00:00+0000,114.72,116.32,114.72,115.76,1850368.625
2018-07-27 00:00:00+0000,115.6,116.0,113.52,114.56,1782967.875
2018-07-30 00:00:00+0000,116.72,117.12,116.16,116.32,1937638.375
2018-07-31 00:00:00+0000,115.04,115.2,113.92,114.24,1838850.0
2018-08-01 00:00:00+0000,112.72,113.76,111.92,112.72,2135406.125
2018-08-02 00:00:00+0000,112.08,115.36,111.84,114.88,2014666.75
2018-08-03 00:00:00+0000,114.48,114.8,112.88,114.16,1974002.625
2018-08-06 00:00:00+0000,115.2,116.32,114.4,114.48,2439876.625
2018-08-07 00:00:00+0000,115.44,115.92,114.72,114.88,1532997.0
2018-08-08 00:00:00+0000,113.52,113.52,110.4,111.2,3079263.875
2018-08-09 00:00:00+0000,111.76,112.24,110.96,111.04,1911777.625
2018-08-10 00:00:00+0000,112.08,112.96,111.92,112.64,2130176.5
2018-08-13 00:00:00+0000,112.08,112.4,109.44,112.08,3086886.625
2018-08-14 00:00:00+0000,113.76,113.84,111.12,111.92,2282602.75
2018-08-15 00:00:00+0000,110.24,110.32,107.52,108.08,5026767.875
2018-08-16 00:00:00+0000,108.56,109.2,108.16,109.04,2045396.625
2018-08-17 00:00:00+0000,110.48,110.56,108.88,109.52,2388585.0
2018-08-20 00:00:00+0000,109.52,110.4,109.2,110.08,2074195.875
2018-08-21 00:00:00+0000,111.68,111.84,110.48,110.64,1138628.0
2018-08-22 00:00:00+0000,113.04,114.56,112.4,114.16,2050534.5
2018-08-23 00:00:00+0000,113.6,114.48,113.2,114.16,1269788.875
2018-08-24 00:00:00+0000,116.0,116.64,114.88,115.44,1595603.5
2018-08-27 00:00:00+0000,115.84,116.08,115.28,116.0,1291068.5
2018-08-28 00:00:00+0000,116.08,116.08,114.8,115.44,1088484.625
2018-08-29 00:00:00+0000,116.24,117.36,115.76,117.28,2098291.875
2018-08-30 00:00:00+0000,117.52,118.64,117.12,118.0,1434825.75
2018-08-31 00:00:00+0000,117.84,118.24,117.2,117.68,1340320.875
2018-09-04 00:00:00+0000,118.8,118.96,116.24,116.64,1733725.25
2018-09-05 00:00:00+0000,116.64,117.12,115.44,115.92,1485634.625
2018-09-06 00:00:00+0000,115.68,115.92,112.8,114.4,1821266.0
2018-09-07 00:00:00+0000,113.04,114.32,112.56,114.24,1613016.5
2018-09-10 00:00:00+0000,115.04,115.36,113.36,113.68,1193856.75
2018-09-11 00:00:00+0000,114.16,117.04,113.84,116.8,1318848.375
2018-09-12 00:00:00+0000,118.0,119.68,117.84,118.24,2059067.25
2018-09-13 00:00:00+0000,116.88,117.36,115.12,115.92,2186740.5
2018-09-14 00:00:00+0000,115.84,117.68,114.48,116.0,1953971.375
2018-09-17 00:00:00+0000,116.88,117.28,115.36,115.76,1670968.75
2018-09-18 00:00:00+0000,117.52,118.48,116.64,117.52,1680943.5
2018-09-19 00:00:00+0000,117.92,119.6,117.84,119.52,2031840.625
2018-09-20 00:00:00+0000,120.16,120.4,118.24,118.4,1663226.375
2018-09-21 00:00:00+0000,119.92,121.28,118.24,119.68,3261230.25
2018-09-24 00:00:00+0000,121.76,122.88,121.36,122.0,2898817.625
2018-09-25 00:00:00+0000,122.56,122.88,121.44,122.16,2130863.0
2018-09-26 00:00:00+0000,121.36,121.92,120.72,120.88,1240504.375
2018-09-27 00:00:00+0000,122.08,122.16,121.2,122.08,1339577.375
2018-09-28 00:00:00+0000,121.92,124.56,121.84,124.16,2194578.0
2018-10-01 00:00:00+0000,124.0,128.08,123.52,127.6,3167415.0
2018-10-02 00:00:00+0000,127.6,127.68,126.64,126.96,1893364.625
2018-10-03 00:00:00+0000,126.8,129.92,125.36,128.64,3190662.125
2018-10-04 00:00:00+0000,128.24,128.24,124.88,125.92,3195159.25
2018-10-05 00:00:00+0000,125.76,127.04,124.8,125.52,2969460.5
2018-10-08 00:00:00+0000,124.48,125.68,124.24,125.44,2350149.875
2018-10-09 00:00:00+0000,126.24,127.2,125.12,126.56,2766385.5
2018-10-10 00:00:00+0000,126.16,126.16,122.96,123.04,2080527.625
2018-10-11 00:00:00+0000,121.76,122.16,119.12,119.6,3480170.875
2018-10-12 00:00:00+0000,121.12,121.28,119.36,120.96,3181234.875
2018-10-15 00:00:00+0000,120.96,121.44,119.76,121.04,2717035.5
2018-10-16 00:00:00+0000,120.72,122.16,120.4,121.52,2241819.5
2018-10-17 00:00:00+0000,120.4,120.48,117.52,118.56,3744509.75
2018-10-18 00:00:00+0000,116.48,118.08,116.08,116.48,2693963.875
2018-10-19 00:00:00+0000,117.44,118.4,117.04,117.76,2079393.25
2018-10-22 00:00:00+0000,116.8,118.0,116.0,117.92,1825076.625
2018-10-23 00:00:00+0000,114.88,115.12,111.44,112.32,4694052.375
2018-10-24 00:00:00+0000,113.92,114.72,112.32,112.4,3038801.5
2018-10-25 00:00:00+0000,113.44,114.64,113.28,113.68,1795875.875
2018-10-26 00:00:00+0000,112.96,115.04,112.48,114.64,2561661.0
2018-10-29 00:00:00+0000,114.0,114.24,112.32,112.88,2550620.75
2018-10-30 00:00:00+0000,111.2,113.28,110.96,112.24,2314951.75
2018-10-31 00:00:00+0000,111.92,113.04,110.16,110.32,3579075.625
2018-11-01 00:00:00+0000,110.88,110.88,106.96,107.68,4282840.25
2018-11-02 00:00:00+0000,107.36,108.16,106.16,106.48,3000939.25
2018-11-05 00:00:00+0000,107.92,108.72,106.32,106.4,2285190.625
2018-11-06 00:00:00+0000,107.12,107.36,103.92,105.44,3126239.625
2018-11-07 00:00:00+0000,106.08,106.48,103.76,104.48,2912306.625
2018-11-08 00:00:00+0000,103.92,104.48,102.56,102.72,3026989.125
2018-11-09 00:00:00+0000,101.2,102.72,100.56,101.6,3661499.375
2018-11-12 00:00:00+0000,102.88,103.76,99.52,99.84,3949553.875
2018-11-13 00:00:00+0000,99.36,99.84,92.88,93.52,9404566.0
2018-11-14 00:00:00+0000,96.16,97.36,95.04,95.6,6189803.625
2018-11-15 00:00:00+0000,95.92,97.2,95.44,95.84,4562107.5
2018-11-16 00:00:00+0000,97.6,98.4,94.96,96.56,3353187.0
2018-11-19 00:00:00+0000,95.04,97.44,93.52,97.12,4033383.125
2018-11-20 00:00:00+0000,94.64,95.2,89.28,90.16,8468880.625
2018-11-21 00:00:00+0000,92.08,94.56,91.36,92.16,4369461.0
2018-11-23 00:00:00+0000,87.04,87.52,85.52,86.64,5252949.875
2018-11-26 00:00:00+0000,87.6,88.48,87.04,87.52,4206920.875
2018-11-27 00:00:00+0000,87.76,88.64,85.12,87.6,4343914.25
2018-11-28 00:00:00+0000,86.8,88.32,84.8,85.28,5628500.125
2018-11-29 00:00:00+0000,86.72,88.32,86.08,86.96,3654620.625
2018-11-30 00:00:00+0000,85.04,87.44,84.08,85.84,5265920.0
2018-12-03 00:00:00+0000,90.08,90.16,88.16,90.16,3163650.75
2018-12-04 00:00:00+0000,90.0,90.88,89.2,89.44,2988240.25
2018-12-06 00:00:00+0000,86.88,88.0,84.8,87.52,4947300.875
2018-12-07 00:00:00+0000,90.88,91.84,88.56,88.88,3965051.375
2018-12-10 00:00:00+0000,86.96,88.24,85.6,86.0,3168533.125
2018-12-11 00:00:00+0000,88.32,88.8,86.8,87.6,2068555.75
2018-12-12 00:00:00+0000,88.56,89.04,86.32,86.56,2915557.125
2018-12-13 00:00:00+0000,85.92,90.16,85.68,89.68,6076820.75
2018-12-14 00:00:00+0000,88.72,88.8,86.24,86.56,4128304.0
2018-12-17 00:00:00+0000,87.12,87.28,83.28,83.6,4556336.25
2018-12-18 00:00:00+0000,83.28,83.28,77.84,78.32,6385539.75
2018-12-19 00:00:00+0000,79.68,81.6,79.36,80.16,4398946.125
2018-12-20 00:00:00+0000,78.48,79.68,77.12,77.76,4667384.625
2018-12-21 00:00:00+0000,76.96,78.24,76.32,76.56,4054159.0
2018-12-24 00:00:00+0000,75.92,76.16,74.24,74.32,2424781.25
2018-12-26 00:00:00+0000,74.0,79.36,73.84,79.2,4574595.375
2018-12-27 00:00:00+0000,76.72,77.2,74.96,76.96,3926999.0
2018-12-28 00:00:00+0000,76.32,77.2,75.04,76.24,2358263.625
2018-12-31 00:00:00+0000,77.04,77.68,75.52,77.28,3104920.875
2019-01-02 00:00:00+0000,75.36,80.72,74.88,78.8,3802450.75
2019-01-03 00:00:00+0000,79.92,80.08,77.2,79.6,3632903.625
2019-01-04 00:00:00+0000,81.36,83.12,80.48,81.44,4297552.75
2019-01-07 00:00:00+0000,82.16,84.16,81.84,82.32,3854881.125
2019-01-08 00:00:00+0000,83.44,84.4,82.8,84.0,3065597.625
2019-01-09 00:00:00+0000,86.48,88.8,85.52,88.4,5123565.375
2019-01-10 00:00:00+0000,87.2,89.12,86.8,88.8,2290914.25
2019-01-11 00:00:00+0000,87.84,88.4,86.4,87.2,3253906.25
2019-01-14 00:00:00+0000,86.48,87.44,85.04,85.52,3410486.875
2019-01-15 00:00:00+0000,86.8,88.32,86.8,88.0,2672399.375
2019-01-16 00:00:00+0000,87.6,88.56,86.56,88.48,3935328.0
2019-01-17 00:00:00+0000,87.04,88.8,86.16,88.24,3709275.5
2019-01-18 00:00:00+0000,88.96,90.96,88.32,90.48,4013330.375
2019-01-22 00:00:00+0000,88.72,89.28,87.36,88.96,3666078.875
2019-01-23 00:00:00+0000,89.36,89.52,87.12,88.4,3503386.875
2019-01-24 00:00:00+0000,88.48,89.84,88.24,89.36,2207604.25
2019-01-25 00:00:00+0000,89.6,90.4,89.28,90.0,2096695.25
2019-01-28 00:00:00+0000,87.52,87.76,86.24,87.6,3055524.0
2019-01-29 00:00:00+0000,88.96,90.64,88.96,89.28,2605590.875
2019-01-30 00:00:00+0000,90.72,92.32,90.32,91.2,2446070.25
2019-01-31 00:00:00+0000,92.0,93.04,90.08,90.8,3239047.875
2019-02-01 00:00:00+0000,91.12,93.52,91.12,93.04,2176342.875
2019-02-04 00:00:00+0000,91.12,92.16,89.6,92.0,2246417.25
2019-02-05 00:00:00+0000,90.24,91.84,89.84,90.32,2613950.0
2019-02-06 00:00:00+0000,89.68,91.28,89.04,90.56,2225678.25
2019-02-07 00:00:00+0000,90.08,90.32,87.04,88.56,2650907.625
2019-02-08 00:00:00+0000,88.8,89.04,87.76,88.64,1629754.75
2019-02-11 00:00:00+0000,86.8,88.48,86.16,88.08,2373678.625
2019-02-12 00:00:00+0000,90.56,90.72,89.04,89.28,2041643.5
2019-02-13 00:00:00+0000,90.4,91.84,90.32,90.72,2384288.5
2019-02-14 00:00:00+0000,90.16,91.84,89.36,91.84,2802665.0
2019-02-15 00:00:00+0000,92.88,93.84,92.56,93.68,1839720.0
2019-02-19 00:00:00+0000,93.12,94.4,93.04,94.24,2035873.75
2019-02-20 00:00:00+0000,93.84,96.16,93.76,95.44,1791361.75
2019-02-21 00:00:00+0000,95.12,95.52,94.64,95.04,1589946.875
2019-02-22 00:00:00+0000,96.0,96.48,95.44,95.6,1505927.625
2019-02-25 00:00:00+0000,93.84,94.16,92.0,92.56,3162623.0
2019-02-26 00:00:00+0000,92.88,93.6,92.32,93.04,2406144.875
2019-02-27 00:00:00+0000,94.64,95.92,94.08,95.12,2487006.75
2019-02-28 00:00:00+0000,95.36,96.0,94.8,95.6,1736130.5
2019-03-01 00:00:00+0000,95.6,96.24,92.88,93.28,3747804.375
2019-03-04 00:00:00+0000,94.72,95.28,93.44,94.4,2606044.625
2019-03-05 00:00:00+0000,95.28,95.44,94.08,94.56,2436852.75
2019-03-06 00:00:00+0000,93.68,94.32,92.64,94.0,3093839.5
2019-03-07 00:00:00+0000,94.64,94.88,94.0,94.48,2066710.5
2019-03-08 00:00:00+0000,92.08,93.92,91.12,93.84,3471921.5
2019-03-11 00:00:00+0000,94.96,95.2,94.16,94.88,2651456.375
2019-03-12 00:00:00+0000,95.52,96.16,94.8,95.12,1921871.125
2019-03-13 00:00:00+0000,96.4,97.68,96.24,97.52,3291053.75
2019-03-14 00:00:00+0000,97.76,98.16,97.04,97.76,2127716.25
2019-03-15 00:00:00+0000,96.64,97.92,96.48,97.6,1776951.625
2019-03-18 00:00:00+0000,97.84,98.96,97.6,98.48,1980346.75
2019-03-19 00:00:00+0000,99.04,99.28,97.84,98.24,1799216.25
2019-03-20 00:00:00+0000,98.16,100.16,98.0,100.0,2324092.875
2019-03-21 00:00:00+0000,99.84,100.4,99.12,99.52,1743511.125
2019-03-22 00:00:00+0000,98.4,98.56,96.88,97.84,2658853.375
2019-03-25 00:00:00+0000,97.44,98.64,96.64,98.0,2329863.0
2019-03-26 00:00:00+0000,99.92,100.32,99.2,99.76,1967868.75
2019-03-27 00:00:00+0000,99.92,100.08,97.76,98.72,2288363.0
2019-03-28 00:00:00+0000,97.2,98.8,97.12,98.8,2310643.375
2019-03-29 00:00:00+0000,100.48,100.48,99.36,100.0,2003021.875
2019-04-01 00:00:00+0000,100.96,102.64,100.64,102.56,2595022.625
2019-04-02 00:00:00+0000,103.04,104.32,102.8,104.08,2623078.0
2019-04-03 00:00:00+0000,104.0,104.48,103.2,103.92,2808005.5
2019-04-04 00:00:00+0000,103.84,104.32,102.88,103.36,1938821.375
2019-04-05 00:00:00+0000,103.84,105.36,103.76,105.2,2142413.875
2019-04-08 00:00:00+0000,105.84,107.28,105.84,107.2,2767572.375
2019-04-09 00:00:00+0000,106.8,107.04,105.92,106.64,2479807.375
2019-04-10 00:00:00+0000,107.04,107.68,106.64,107.28,1751207.5
2019-04-11 00:00:00+0000,106.72,107.04,105.44,106.16,1854458.875
2019-04-12 00:00:00+0000,106.88,107.2,106.24,106.4,1959506.125
2019-04-15 00:00:00+0000,105.84,106.32,105.12,105.92,1793825.5
2019-04-16 00:00:00+0000,105.84,107.04,105.04,106.96,1612884.25
2019-04-17 00:00:00+0000,107.04,107.12,106.08,106.24,1788046.5
2019-04-18 00:00:00+0000,106.4,106.72,105.84,106.56,1202870.0
2019-04-22 00:00:00+0000,108.88,109.76,108.8,109.36,2176450.75
2019-04-23 00:00:00+0000,109.76,110.88,109.6,110.32,1999187.0
2019-04-24 00:00:00+0000,110.48,110.56,109.28,109.44,1729791.625
2019-04-25 00:00:00+0000,109.52,109.84,108.0,108.24,2075138.5
2019-04-26 00:00:00+0000,107.04,107.12,103.68,104.72,5008172.25
2019-04-29 00:00:00+0000,105.2,106.0,104.4,105.84,2700648.375
2019-04-30 00:00:00+0000,106.8,106.88,105.44,106.32,1997432.125
2019-05-01 00:00:00+0000,106.24,106.48,104.48,105.76,2964771.5
2019-05-02 00:00:00+0000,103.36,103.52,101.52,102.56,5057749.0
2019-05-03 00:00:00+0000,102.96,104.08,102.8,102.96,3124639.0
2019-05-06 00:00:00+0000,102.32,104.88,102.24,104.56,4477668.875
2019-05-07 00:00:00+0000,102.24,102.8,101.04,101.84,3582582.375
2019-05-08 00:00:00+0000,102.24,103.84,102.0,103.12,2783487.125
2019-05-09 00:00:00+0000,102.56,102.96,101.44,102.48,2286904.125
2019-05-10 00:00:00+0000,102.4,103.44,102.24,102.72,2134466.625
2019-05-13 00:00:00+0000,105.12,105.6,101.12,101.44,4460121.375
2019-05-14 00:00:00+0000,102.72,103.6,102.48,102.96,2220217.375
2019-05-15 00:00:00+0000,102.16,104.08,102.08,103.76,2399761.375
2019-05-16 00:00:00+0000,104.8,105.92,104.64,105.12,2358905.0
2019-05-17 00:00:00+0000,105.28,106.08,104.24,104.64,2584624.75
2019-05-20 00:00:00+0000,104.96,105.76,104.24,105.2,2257990.25
2019-05-21 00:00:00+0000,104.88,105.36,104.4,105.04,1708458.75
2019-05-22 00:00:00+0000,103.92,104.48,101.52,101.92,3027091.875
2019-05-23 00:00:00+0000,98.96,98.96,95.36,96.72,5223155.75
2019-05-24 00:00:00+0000,97.76,97.92,95.6,97.84,2599710.25
2019-05-28 00:00:00+0000,98.96,98.96,97.6,97.84,2247034.375
2019-05-29 00:00:00+0000,96.24,98.24,94.64,97.92,4177891.5
2019-05-30 00:00:00+0000,98.24,98.32,93.76,94.08,3544907.0
2019-05-31 00:00:00+0000,91.6,92.32,88.32,88.8,4792504.125
2019-06-03 00:00:00+0000,90.4,90.64,87.68,87.92,3608231.5
2019-06-04 00:00:00+0000,88.56,89.52,87.6,89.28,2618734.0
2019-06-05 00:00:00+0000,88.08,88.16,84.24,86.16,4961759.625
2019-06-06 00:00:00+0000,85.92,88.72,85.2,88.48,3811190.125
2019-06-07 00:00:00+0000,87.76,90.4,87.6,89.84,3132972.375
2019-06-10 00:00:00+0000,89.84,90.8,88.32,88.88,2616293.25
2019-06-11 00:00:00+0000,89.52,89.76,88.24,88.88,2234998.75
2019-06-12 00:00:00+0000,87.04,87.2,84.56,85.12,4146101.875
2019-06-13 00:00:00+0000,88.56,88.64,86.48,87.04,3945566.0
2019-06-14 00:00:00+0000,87.36,88.32,86.88,87.52,3077743.0
2019-06-17 00:00:00+0000,86.8,87.6,86.0,86.48,3538822.75
2019-06-18 00:00:00+0000,87.92,90.48,87.68,90.0,4260854.375
2019-06-19 00:00:00+0000,89.12,90.72,88.8,90.64,4871149.5
2019-06-20 00:00:00+0000,93.52,95.2,93.04,94.8,5366091.875
2019-06-21 00:00:00+0000,94.88,95.84,94.8,95.76,2864111.25
2019-06-24 00:00:00+0000,95.6,96.32,94.16,96.08,3088550.875
2019-06-25 00:00:00+0000,96.32,96.88,95.52,96.0,2639407.0
2019-06-26 00:00:00+0000,98.32,99.44,98.0,98.32,3920153.625
2019-06-27 00:00:00+0000,98.32,99.12,98.08,98.32,2901414.625
2019-06-28 00:00:00+0000,98.64,98.8,95.84,96.32,3300947.75
2019-07-01 00:00:00+0000,99.52,99.6,96.8,98.24,3455573.375
2019-07-02 00:00:00+0000,97.68,97.68,93.12,93.6,5849392.375
2019-07-03 00:00:00+0000,94.48,94.88,93.12,94.16,2216192.625
2019-07-05 00:00:00+0000,94.88,95.92,94.56,95.6,2586919.75
2019-07-08 00:00:00+0000,96.0,97.12,95.28,95.44,2823297.0
2019-07-09 00:00:00+0000,95.84,96.4,95.28,96.32,1564579.875
2019-07-10 00:00:00+0000,98.64,100.56,98.4,100.24,3748392.125
2019-07-11 00:00:00+0000,100.56,101.04,99.84,100.4,2034003.75
2019-07-12 00:00:00+0000,100.08,100.64,99.52,100.16,1784593.125
2019-07-15 00:00:00+0000,100.8,100.88,98.32,98.4,2554556.375
2019-07-16 00:00:00+0000,98.96,99.76,94.88,96.56,4293029.5
2019-07-17 00:00:00+0000,96.88,96.88,93.92,94.0,3602376.875
2019-07-18 00:00:00+0000,94.32,94.4,90.96,92.48,4659626.625
2019-07-19 00:00:00+0000,92.56,93.52,91.44,93.36,2973344.75
2019-07-22 00:00:00+0000,92.96,93.68,92.64,93.44,2650315.75
2019-07-23 00:00:00+0000,93.44,94.56,92.72,94.48,2064310.0
2019-07-24 00:00:00+0000,94.48,95.6,91.76,92.72,4171725.375
2019-07-25 00:00:00+0000,93.84,94.16,92.64,92.8,2301836.25
2019-07-26 00:00:00+0000,93.12,93.68,92.4,93.2,2029042.625
2019-07-29 00:00:00+0000,94.16,94.72,92.64,94.56,2541509.375
2019-07-30 00:00:00+0000,94.72,96.8,94.56,96.64,2533129.125
2019-07-31 00:00:00+0000,97.2,97.6,96.0,96.32,3192926.25
2019-08-01 00:00:00+0000,94.96,95.04,88.96,90.48,6915389.125
2019-08-02 00:00:00+0000,92.72,92.88,91.52,91.84,4242026.875
2019-08-05 00:00:00+0000,90.48,92.32,90.32,90.96,5767122.75
2019-08-06 00:00:00+0000,91.44,91.52,88.72,89.12,3598564.375
2019-08-07 00:00:00+0000,86.48,87.12,83.92,86.72,6409166.625
2019-08-08 00:00:00+0000,86.88,87.92,86.32,87.68,2681211.5
2019-08-09 00:00:00+0000,89.76,91.04,89.6,90.24,3299373.25
2019-08-12 00:00:00+0000,90.96,91.52,90.08,90.88,2762873.875
2019-08-13 00:00:00+0000,90.64,95.44,90.48,94.96,5705588.5
2019-08-14 00:00:00+0000,91.68,92.16,89.84,91.52,4971623.375
2019-08-15 00:00:00+0000,90.4,91.36,89.76,90.8,3556702.125
2019-08-16 00:00:00+0000,91.04,91.52,90.24,91.2,2835141.25
2019-08-19 00:00:00+0000,92.8,93.68,92.0,93.28,2732650.375
2019-08-20 00:00:00+0000,92.72,94.0,91.76,93.04,3022765.25
2019-08-21 00:00:00+0000,94.72,94.96,92.4,92.88,2925280.875
2019-08-22 00:00:00+0000,93.28,93.6,91.28,92.24,2562141.625
2019-08-23 00:00:00+0000,89.84,91.12,88.56,89.52,3979370.5
2019-08-26 00:00:00+0000,91.52,91.92,89.12,89.44,3033860.875
2019-08-27 00:00:00+0000,89.92,91.68,89.36,91.36,2691758.0
2019-08-28 00:00:00+0000,93.76,94.32,92.4,93.12,3454813.125
2019-08-29 00:00:00+0000,93.2,94.72,93.12,94.24,2646398.25
2019-08-30 00:00:00+0000,93.92,94.08,90.8,91.68,3483904.0
2019-09-03 00:00:00+0000,88.72,90.16,87.92,89.76,3083037.125
2019-09-04 00:00:00+0000,92.24,94.16,92.08,93.68,3313369.125
2019-09-05 00:00:00+0000,94.4,96.08,93.2,93.6,3245402.125
2019-09-06 00:00:00+0000,91.68,94.8,91.28,94.16,2616878.125
2019-09-09 00:00:00+0000,95.36,96.8,95.12,96.64,2705542.375
2019-09-10 00:00:00+0000,96.88,97.84,95.2,95.84,2930746.25
2019-09-11 00:00:00+0000,95.92,96.4,92.64,93.44,4618556.0
2019-09-12 00:00:00+0000,90.56,92.16,90.24,91.76,3997508.75
2019-09-13 00:00:00+0000,91.92,92.24,91.04,91.52,1638677.5
2019-09-16 00:00:00+0000,99.92,105.28,99.6,102.64,8833305.375
2019-09-17 00:00:00+0000,103.44,103.44,97.2,98.32,11938564.625
2019-09-18 00:00:00+0000,97.04,98.16,96.08,96.8,4057494.5
2019-09-19 00:00:00+0000,97.76,98.32,96.88,97.52,3314386.375
2019-09-20 00:00:00+0000,97.84,98.56,96.64,97.6,2885019.125
2019-09-23 00:00:00+0000,97.12,97.92,96.32,97.68,2353660.625
2019-09-24 00:00:00+0000,96.96,97.2,94.88,95.2,3502267.0
2019-09-25 00:00:00+0000,93.28,94.56,92.8,94.4,2507351.0
2019-09-26 00:00:00+0000,93.52,94.56,92.48,94.4,2520694.5
2019-09-27 00:00:00+0000,92.56,94.72,92.4,93.28,2718256.875
2019-09-30 00:00:00+0000,92.08,92.8,90.08,90.72,2989515.75
2019-10-01 00:00:00+0000,91.12,91.44,88.56,89.52,3103085.5
2019-10-02 00:00:00+0000,89.6,89.6,87.04,87.84,3179377.125
2019-10-03 00:00:00+0000,86.64,87.84,85.12,87.44,3468741.875
2019-10-04 00:00:00+0000,88.56,89.12,86.88,88.32,3089560.5
2019-10-07 00:00:00+0000,89.12,90.24,87.84,88.32,2331451.375
2019-10-08 00:00:00+0000,86.96,88.16,86.56,87.12,2672096.375
2019-10-09 00:00:00+0000,89.44,89.68,87.44,87.92,2763487.875
2019-10-10 00:00:00+0000,88.88,89.76,88.4,89.52,2364599.25
2019-10-11 00:00:00+0000,89.92,91.76,89.92,91.36,4295398.25
2019-10-14 00:00:00+0000,89.28,89.76,88.24,89.44,2624064.375
2019-10-15 00:00:00+0000,89.2,89.84,88.08,88.48,2808202.25
2019-10-16 00:00:00+0000,88.24,89.84,88.08,89.12,2395174.5
2019-10-17 00:00:00+0000,88.56,90.48,88.0,90.24,1953607.875
2019-10-18 00:00:00+0000,90.72,91.12,89.2,89.76,2285382.25
2019-10-21 00:00:00+0000,88.4,89.76,88.32,89.68,1789685.75
2019-10-22 00:00:00+0000,90.48,91.52,89.92,90.72,2630097.625
2019-10-23 00:00:00+0000,90.24,93.6,90.16,93.2,3044076.75
2019-10-24 00:00:00+0000,93.6,94.32,93.36,93.84,1924170.375
2019-10-25 00:00:00+0000,93.68,94.72,92.8,94.64,1966782.5
2019-10-28 00:00:00+0000,94.72,95.04,92.8,93.2,2136020.125
2019-10-29 00:00:00+0000,91.52,93.36,91.36,92.64,2018945.75
2019-10-30 00:00:00+0000,92.56,92.56,90.88,91.76,2744754.875
2019-10-31 00:00:00+0000,91.12,91.2,89.68,90.4,2533506.0
2019-11-01 00:00:00+0000,91.6,94.08,91.52,93.52,3033583.5
2019-11-04 00:00:00+0000,95.44,95.92,94.24,94.48,2847731.875
2019-11-05 00:00:00+0000,95.36,96.08,95.28,95.44,1955318.125
2019-11-06 00:00:00+0000,95.68,96.64,93.76,94.48,4058059.5
2019-11-07 00:00:00+0000,95.84,96.64,94.88,95.04,3086976.75
2019-11-08 00:00:00+0000,93.84,96.0,93.12,95.92,2869613.5
2019-11-11 00:00:00+0000,94.32,95.84,94.16,95.12,2105232.0
2019-11-12 00:00:00+0000,95.68,96.16,94.48,94.96,2118991.25
2019-11-13 00:00:00+0000,94.4,96.16,94.4,95.68,2695246.375
2019-11-14 00:00:00+0000,96.32,96.48,94.8,95.28,2442662.5
2019-11-15 00:00:00+0000,94.96,97.04,94.96,96.64,2090517.75
2019-11-18 00:00:00+0000,95.84,96.08,94.64,95.2,2635986.375
2019-11-19 00:00:00+0000,93.68,93.92,92.16,92.56,3316875.0
2019-11-20 00:00:00+0000,93.44,95.84,92.96,95.2,4524537.25
2019-11-21 00:00:00+0000,96.4,98.0,96.24,97.6,2939798.5
2019-11-22 00:00:00+0000,97.6,97.68,96.08,96.88,2107465.125
2019-11-25 00:00:00+0000,96.24,97.12,95.68,96.88,2267741.875
2019-11-26 00:00:00+0000,97.36,97.84,96.56,97.52,1962276.75
2019-11-27 00:00:00+0000,97.28,97.76,96.08,97.12,1820518.125
2019-11-29 00:00:00+0000,95.44,95.52,92.32,92.96,2995634.75
2019-12-02 00:00:00+0000,94.24,94.48,92.96,93.36,1592109.625
2019-12-03 00:00:00+0000,93.36,94.88,92.72,94.08,2753890.625
2019-12-04 00:00:00+0000,96.48,98.0,96.4,97.52,3360093.25
2019-12-05 00:00:00+0000,98.48,98.8,97.12,97.52,2542937.0
2019-12-06 00:00:00+0000,97.04,100.0,96.96,98.56,2479957.125
2019-12-09 00:00:00+0000,98.0,99.04,98.0,98.64,1463476.125
2019-12-10 00:00:00+0000,98.48,99.44,98.16,99.12,1092486.75
2019-12-11 00:00:00+0000,98.64,98.96,97.12,98.4,1848574.0
2019-12-12 00:00:00+0000,98.4,99.76,98.4,98.96,2562443.875
2019-12-13 00:00:00+0000,99.28,101.04,99.12,99.92,1990738.25
2019-12-16 00:00:00+0000,100.64,100.96,100.48,100.72,737864.375
2019-12-17 00:00:00+0000,101.2,102.08,101.2,101.76,1351385.75
2019-12-18 00:00:00+0000,101.28,102.32,100.96,101.92,1398622.5
2019-12-19 00:00:00+0000,102.0,102.8,101.68,102.24,894961.875
2019-12-20 00:00:00+0000,101.76,101.76,100.48,101.04,1254701.5
2019-12-23 00:00:00+0000,100.88,101.76,100.72,101.6,781950.0
2019-12-24 00:00:00+0000,101.84,102.32,101.76,102.16,362316.625
2019-12-26 00:00:00+0000,102.56,103.52,102.56,103.12,652667.0
2019-12-27 00:00:00+0000,103.36,103.68,102.56,103.28,1051383.25
2019-12-30 00:00:00+0000,104.08,104.16,102.32,103.12,1031063.125
2019-12-31 00:00:00+0000,101.68,103.68,101.52,102.48,1166182.5
2020-01-02 00:00:00+0000,102.4,102.8,101.6,102.48,1439972.25
2020-01-03 00:00:00+0000,106.16,106.56,104.24,105.44,3882600.625
2020-01-06 00:00:00+0000,106.4,106.56,104.96,105.28,2231100.375
2020-01-07 00:00:00+0000,104.8,105.44,104.08,105.04,1635138.625
2020-01-08 00:00:00+0000,104.48,104.56,99.12,101.28,6329888.75
2020-01-09 00:00:00+0000,99.6,100.32,98.32,99.92,3195813.5
2020-01-10 00:00:00+0000,99.44,99.84,98.64,99.28,1828479.375
2020-01-13 00:00:00+0000,98.48,98.48,97.28,97.6,2689795.75
2020-01-14 00:00:00+0000,98.16,98.56,97.6,98.24,2156586.125
2020-01-15 00:00:00+0000,97.6,97.76,96.4,97.44,1687599.5
2020-01-16 00:00:00+0000,97.6,98.88,97.52,98.32,1726403.75
2020-01-17 00:00:00+0000,98.64,98.96,97.92,98.64,1896969.625
2020-01-21 00:00:00+0000,97.76,98.72,97.68,97.92,1259720.25
2020-01-22 00:00:00+0000,96.24,96.32,94.96,95.2,2919443.875
2020-01-23 00:00:00+0000,92.72,93.68,92.0,93.28,3500994.875
2020-01-24 00:00:00+0000,91.92,92.0,90.48,91.44,2866823.375
2020-01-27 00:00:00+0000,88.88,89.92,88.16,88.8,2863460.75
2020-01-28 00:00:00+0000,89.28,90.56,88.88,90.0,2772598.5
2020-01-29 00:00:00+0000,90.24,90.32,88.72,89.28,2562899.0
2020-01-30 00:00:00+0000,87.44,88.72,86.8,88.64,3356798.125
2020-01-31 00:00:00+0000,87.04,87.84,85.6,86.72,3823091.75
2020-02-03 00:00:00+0000,86.0,86.72,83.84,83.92,4583624.5
2020-02-04 00:00:00+0000,85.44,85.6,83.2,83.52,4647165.0
2020-02-05 00:00:00+0000,86.0,87.12,84.72,85.6,4690618.625
2020-02-06 00:00:00+0000,85.12,86.16,84.4,85.92,2886894.75
2020-02-07 00:00:00+0000,84.72,85.76,84.24,84.64,2228395.25
2020-02-10 00:00:00+0000,83.84,84.48,83.04,83.36,2634541.25
2020-02-11 00:00:00+0000,85.04,85.12,83.6,84.0,2820491.125
2020-02-12 00:00:00+0000,86.56,86.88,85.68,86.48,3541759.5
2020-02-13 00:00:00+0000,86.56,87.2,86.0,86.72,3318497.125
2020-02-14 00:00:00+0000,87.68,87.92,86.72,87.6,2851731.375
2020-02-18 00:00:00+0000,86.08,87.6,86.0,87.6,2509757.0
2020-02-19 00:00:00+0000,89.04,89.84,88.16,89.44,2782361.25
2020-02-20 00:00:00+0000,90.48,91.44,89.92,90.24,3216901.875
2020-02-21 00:00:00+0000,88.64,89.68,87.92,89.28,3155708.125
2020-02-24 00:00:00+0000,85.04,86.48,84.4,85.92,4249090.75
2020-02-25 00:00:00+0000,86.08,86.24,83.2,83.2,3866332.0
2020-02-26 00:00:00+0000,83.04,84.4,80.8,81.52,4525201.625
2020-02-27 00:00:00+0000,77.76,79.92,76.8,78.24,5358295.75
2020-02-28 00:00:00+0000,75.36,76.0,73.36,75.6,4905108.25
2020-03-02 00:00:00+0000,77.36,79.36,76.32,79.36,4750646.5
2020-03-03 00:00:00+0000,80.0,81.44,77.76,79.12,5920923.375
2020-03-04 00:00:00+0000,80.88,81.04,78.08,78.88,5206126.125
2020-03-05 00:00:00+0000,78.48,78.8,76.4,76.88,3833178.25
2020-03-06 00:00:00+0000,74.08,74.16,68.8,69.84,8289012.875
2020-03-09 00:00:00+0000,54.56,58.4,52.0,52.16,17471133.125
2020-03-10 00:00:00+0000,56.56,58.64,54.8,57.92,9844519.375
2020-03-11 00:00:00+0000,56.16,56.72,54.64,55.52,7426736.625
2020-03-12 00:00:00+0000,51.52,54.4,51.44,52.32,10666656.5
2020-03-13 00:00:00+0000,55.12,57.04,52.32,55.68,9241027.25
2020-03-16 00:00:00+0000,48.72,51.04,46.56,48.4,8618709.875
2020-03-17 00:00:00+0000,48.32,49.2,45.04,45.68,8122110.75
2020-03-18 00:00:00+0000,40.48,41.44,34.32,37.68,22274701.875
2020-03-19 00:00:00+0000,38.32,45.36,36.8,42.96,15433118.0
2020-03-20 00:00:00+0000,42.24,42.96,37.44,39.52,17199420.625
2020-03-23 00:00:00+0000,38.16,39.2,36.16,39.04,7589525.875
2020-03-24 00:00:00+0000,40.48,40.56,38.32,39.84,9768125.625
2020-03-25 00:00:00+0000,39.12,41.28,38.0,40.64,11392977.5
2020-03-26 00:00:00+0000,39.2,39.68,37.12,38.64,14802033.25
2020-03-27 00:00:00+0000,36.16,36.24,34.64,35.76,14059879.625
2020-03-30 00:00:00+0000,33.68,34.24,32.24,33.84,18925562.25
2020-03-31 00:00:00+0000,34.96,34.96,33.28,33.68,13797545.75
2020-04-01 00:00:00+0000,33.92,35.04,33.04,35.04,12869647.375
2020-04-02 00:00:00+0000,36.64,45.36,36.0,40.88,38129636.0
2020-04-03 00:00:00+0000,45.6,48.16,43.52,47.2,24358613.5
2020-04-06 00:00:00+0000,44.96,45.68,42.96,43.84,18488302.0
2020-04-07 00:00:00+0000,43.68,44.24,39.12,40.72,22054708.125
2020-04-08 00:00:00+0000,40.64,43.2,39.52,42.96,19025783.625
2020-04-09 00:00:00+0000,43.2,46.24,38.4,39.84,34995645.625
2020-04-13 00:00:00+0000,39.68,40.56,38.8,39.44,12479754.875
2020-04-14 00:00:00+0000,38.0,38.4,36.24,37.28,21559391.375
2020-04-15 00:00:00+0000,35.44,35.76,34.4,35.44,23779384.0
2020-04-16 00:00:00+0000,35.2,35.28,33.2,34.88,25409032.875
2020-04-17 00:00:00+0000,33.2,34.08,32.8,33.68,27041974.25
2020-04-20 00:00:00+0000,30.08,32.4,29.6,30.0,93274434.375
2020-04-21 00:00:00+0000,25.52,27.2,18.48,22.48,114995145.75
2020-04-22 00:00:00+0000,23.2,23.52,20.0,20.08,50237010.875
2020-04-23 00:00:00+0000,21.44,22.96,20.8,21.12,37490001.375
2020-04-24 00:00:00+0000,21.52,21.84,20.08,20.56,20762963.625
2020-04-27 00:00:00+0000,18.4,18.4,17.04,17.52,29736104.125
2020-04-28 00:00:00+0000,17.28,18.0,16.88,17.04,17848454.25
2020-04-29 00:00:00+0000,18.0,18.22,17.46,18.0,20475819.0
2020-04-30 00:00:00+0000,18.76,19.3,17.86,19.12,21730381.0
2020-05-01 00:00:00+0000,19.12,19.18,18.42,18.86,12344572.0
2020-05-04 00:00:00+0000,18.58,19.68,18.36,19.67,12653152.0
2020-05-05 00:00:00+0000,20.76,21.79,20.74,21.51,18124323.0
2020-05-06 00:00:00+0000,21.29,21.51,20.3,20.85,14455171.0
2020-05-07 00:00:00+0000,21.88,21.91,20.27,20.47,10968945.0
2020-05-08 00:00:00+0000,21.07,21.67,20.66,21.47,9135717.0
2020-05-11 00:00:00+0000,21.53,21.6,20.76,21.17,9177966.0
2020-05-12 00:00:00+0000,21.4,21.57,20.89,20.97,9044372.0
2020-05-13 00:00:00+0000,21.05,21.31,20.3,20.6,9126809.0
2020-05-14 00:00:00+0000,20.73,21.82,20.59,21.45,10504281.0
2020-05-15 00:00:00+0000,21.95,22.61,21.68,22.39,10019051.0
2020-05-18 00:00:00+0000,24.04,24.8,23.8,24.31,17232177.0
2020-05-19 00:00:00+0000,24.47,24.71,24.04,24.44,8358470.0
2020-05-20 00:00:00+0000,24.96,25.54,24.88,25.34,10479708.0
2020-05-21 00:00:00+0000,26.5,27.49,25.88,26.6,18949408.0
2020-05-22 00:00:00+0000,26.09,26.15,25.06,25.57,8995077.0
2020-05-26 00:00:00+0000,25.93,25.99,25.33,25.66,11383266.0
2020-05-27 00:00:00+0000,25.18,25.34,24.26,25.0,12317041.0
2020-05-28 00:00:00+0000,24.84,25.58,24.55,25.03,7339234.0
2020-05-29 00:00:00+0000,24.63,26.44,24.6,25.88,11822085.0
2020-06-01 00:00:00+0000,25.72,26.47,25.56,26.22,7349897.0
2020-06-02 00:00:00+0000,26.55,27.1,26.46,27.07,8184350.0
2020-06-03 00:00:00+0000,27.17,27.53,26.65,27.12,10007518.0
2020-06-04 00:00:00+0000,27.08,27.62,26.81,27.5,10340638.0
2020-06-05 00:00:00+0000,28.59,29.19,28.37,28.87,10104190.0
2020-06-08 00:00:00+0000,28.97,29.0,28.11,28.37,11884919.0
2020-06-09 00:00:00+0000,28.07,28.55,27.68,28.42,8783572.0
2020-06-10 00:00:00+0000,28.08,29.07,27.72,28.43,7428101.0
2020-06-11 00:00:00+0000,26.8,27.17,25.94,26.36,20539715.0
2020-06-12 00:00:00+0000,26.64,26.81,25.85,26.43,7480966.0
2020-06-15 00:00:00+0000,25.47,27.07,25.36,26.98,6568525.0
2020-06-16 00:00:00+0000,27.86,28.29,26.97,27.64,10374216.0
2020-06-17 00:00:00+0000,27.47,27.75,27.17,27.28,6661105.0
2020-06-18 00:00:00+0000,27.31,28.03,27.24,27.89,4848370.0
2020-06-19 00:00:00+0000,28.66,28.86,27.54,28.23,11476444.0
2020-06-22 00:00:00+0000,28.43,29.04,28.33,28.98,8150467.0
2020-06-23 00:00:00+0000,29.3,29.42,28.59,28.72,6314403.0
2020-06-24 00:00:00+0000,28.41,28.62,26.82,27.25,10079685.0
2020-06-25 00:00:00+0000,27.18,28.05,27.09,27.94,7932487.0
2020-06-26 00:00:00+0000,27.67,27.7,27.12,27.36,4647124.0
2020-06-29 00:00:00+0000,27.81,28.47,27.62,28.27,6331865.0
2020-06-30 00:00:00+0000,27.89,28.55,27.8,28.06,5216435.0
2020-07-01 00:00:00+0000,28.3,28.51,27.93,28.35,6430034.0
2020-07-02 00:00:00+0000,28.79,29.05,28.34,28.75,4982195.0
2020-07-06 00:00:00+0000,28.79,29.26,28.77,28.96,5561941.0
2020-07-07 00:00:00+0000,28.85,29.21,28.75,28.79,4234849.0
2020-07-08 00:00:00+0000,29.03,29.29,28.84,29.18,4237436.0
2020-07-09 00:00:00+0000,29.07,29.11,28.21,28.41,5087484.0
2020-07-10 00:00:00+0000,28.48,29.17,28.41,29.03,4831803.0
2020-07-13 00:00:00+0000,29.01,29.15,28.39,28.5,5700936.0
2020-07-14 00:00:00+0000,28.23,29.08,28.16,28.88,4577074.0
2020-07-15 00:00:00+0000,29.08,29.5,28.81,29.29,6251820.0
2020-07-16 00:00:00+0000,29.18,29.43,29.03,29.16,2898945.0
2020-07-17 00:00:00+0000,29.17,29.24,28.72,29.1,3082431.0
2020-07-20 00:00:00+0000,28.9,29.25,28.59,29.12,3276053.0
2020-07-21 00:00:00+0000,29.98,30.22,29.64,29.72,7433918.0
2020-07-22 00:00:00+0000,29.44,29.89,29.36,29.75,3666097.0
2020-07-23 00:00:00+0000,29.59,29.93,29.12,29.41,5532081.0
2020-07-24 00:00:00+0000,29.37,29.51,29.05,29.44,4590661.0
2020-07-27 00:00:00+0000,29.34,29.86,28.97,29.72,5983387.0
2020-07-28 00:00:00+0000,29.46,29.54,29.27,29.35,4202494.0
2020-07-29 00:00:00+0000,29.6,29.75,29.45,29.57,2851772.0
2020-07-30 00:00:00+0000,28.99,29.01,27.9,28.93,9453760.0
2020-07-31 00:00:00+0000,29.09,29.16,28.59,29.07,4805234.0
2020-08-03 00:00:00+0000,29.15,29.66,29.03,29.34,5440824.0
2020-08-04 00:00:00+0000,29.23,30.15,29.21,29.78,7288371.0
2020-08-05 00:00:00+0000,30.84,31.02,30.15,30.23,8312129.0
2020-08-06 00:00:00+0000,30.52,30.58,30.12,30.18,3914750.0
2020-08-07 00:00:00+0000,29.89,29.92,29.58,29.85,4572702.0
2020-08-10 00:00:00+0000,30.16,30.36,29.97,30.16,3865508.0
2020-08-11 00:00:00+0000,30.6,30.66,29.81,29.82,5060268.0
2020-08-12 00:00:00+0000,30.47,30.76,30.31,30.56,4875900.0
2020-08-13 00:00:00+0000,30.48,30.66,30.26,30.4,2898597.0
2020-08-14 00:00:00+0000,30.23,30.42,30.02,30.33,3529091.0
2020-08-17 00:00:00+0000,30.24,30.85,30.21,30.77,4001366.0
2020-08-18 00:00:00+0000,30.41,30.83,30.39,30.6,5262673.0
2020-08-19 00:00:00+0000,30.58,30.82,30.41,30.66,3415494.0
2020-08-20 00:00:00+0000,30.02,30.59,29.78,30.52,5703202.0
2020-08-21 00:00:00+0000,30.0,30.24,29.64,30.18,5977746.0
2020-08-24 00:00:00+0000,30.33,30.54,30.23,30.35,3656656.0
2020-08-25 00:00:00+0000,30.97,31.02,30.59,30.92,4628362.0
2020-08-26 00:00:00+0000,31.07,31.19,30.83,30.93,4997761.0
2020-08-27 00:00:00+0000,30.89,30.9,30.27,30.67,4156111.0
2020-08-28 00:00:00+0000,30.72,30.8,30.52,30.72,2224766.0
2020-08-31 00:00:00+0000,30.9,30.9,30.39,30.58,3327661.0
2020-09-01 00:00:00+0000,30.64,30.94,30.54,30.61,3478299.0
2020-09-02 00:00:00+0000,30.58,30.6,29.59,29.86,6522055.0
2020-09-03 00:00:00+0000,29.15,29.78,29.04,29.64,7174635.0
2020-09-04 00:00:00+0000,29.42,29.45,28.4,28.51,6912781.0
2020-09-08 00:00:00+0000,26.86,26.96,26.27,26.75,9798971.0
2020-09-09 00:00:00+0000,26.84,27.69,26.71,27.41,4883038.0
2020-09-10 00:00:00+0000,27.23,27.47,26.75,26.79,4370520.0
2020-09-11 00:00:00+0000,26.92,27.27,26.73,27.04,3035793.0
2020-09-14 00:00:00+0000,26.74,27.02,26.6,26.94,2884013.0
2020-09-15 00:00:00+0000,27.06,27.7,26.96,27.52,3639656.0
2020-09-16 00:00:00+0000,28.2,28.8,28.06,28.7,5248342.0
2020-09-17 00:00:00+0000,28.57,29.39,28.43,29.23,4229842.0
2020-09-18 00:00:00+0000,29.19,29.43,28.9,29.06,2594365.0
2020-09-21 00:00:00+0000,28.67,28.76,27.65,28.29,4767529.0
2020-09-22 00:00:00+0000,28.36,28.53,27.82,28.17,2801679.0
2020-09-23 00:00:00+0000,28.35,28.84,28.0,28.03,4867314.0
2020-09-24 00:00:00+0000,28.3,28.6,28.13,28.5,3007451.0
2020-09-25 00:00:00+0000,28.3,28.56,28.17,28.35,2202406.0
2020-09-28 00:00:00+0000,28.5,28.86,28.3,28.69,2083091.0
2020-09-29 00:00:00+0000,28.31,28.32,27.28,27.7,4525697.0
2020-09-30 00:00:00+0000,27.94,28.57,27.89,28.29,2832129.0
2020-10-01 00:00:00+0000,27.76,27.86,26.76,27.51,5919335.0
2020-10-02 00:00:00+0000,26.25,26.89,26.09,26.35,7635548.0
2020-10-05 00:00:00+0000,27.58,28.16,27.44,27.93,6550417.0
2020-10-06 00:00:00+0000,28.66,28.91,28.31,28.39,5271307.0
2020-10-07 00:00:00+0000,28.16,28.41,27.89,28.39,4921212.0
2020-10-08 00:00:00+0000,28.99,29.2,28.75,29.14,5973376.0
2020-10-09 00:00:00+0000,28.99,29.25,28.59,28.69,4084847.0
2020-10-12 00:00:00+0000,28.4,28.4,27.73,28.07,3915473.0
2020-10-13 00:00:00+0000,28.46,28.65,28.27,28.46,2967031.0
2020-10-14 00:00:00+0000,28.89,29.05,28.8,28.98,2917709.0
2020-10-15 00:00:00+0000,28.07,28.95,28.0,28.94,4237312.0
2020-10-16 00:00:00+0000,28.59,28.87,28.33,28.72,2251375.0
2020-10-19 00:00:00+0000,28.83,29.01,28.58,28.59,2383050.0
2020-10-20 00:00:00+0000,28.48,29.31,28.46,29.05,3761983.0
2020-10-21 00:00:00+0000,28.61,28.78,27.93,28.1,4627700.0
2020-10-22 00:00:00+0000,28.3,28.75,28.28,28.51,2703438.0
2020-10-23 00:00:00+0000,28.55,28.56,27.78,27.88,3672756.0
2020-10-26 00:00:00+0000,27.33,27.46,26.95,27.11,4197670.0
2020-10-27 00:00:00+0000,27.31,27.95,27.23,27.69,2658536.0
2020-10-28 00:00:00+0000,26.44,26.56,26.09,26.31,6157398.0
2020-10-29 00:00:00+0000,24.92,25.74,24.75,25.6,6887051.0
2020-10-30 00:00:00+0000,25.31,25.4,24.96,25.25,4874576.0
2020-11-02 00:00:00+0000,25.16,26.29,25.14,26.26,4682804.0
2020-11-03 00:00:00+0000,26.94,27.01,26.45,26.72,6210699.0
2020-11-04 00:00:00+0000,27.12,27.63,26.68,27.44,5046221.0
2020-11-05 00:00:00+0000,27.41,27.7,27.08,27.16,4483964.0
2020-11-06 00:00:00+0000,26.83,26.87,26.2,26.47,4287337.0
2020-11-09 00:00:00+0000,28.59,28.82,28.06,28.07,7712234.0
2020-11-10 00:00:00+0000,28.66,28.97,28.47,28.91,5634642.0
2020-11-11 00:00:00+0000,29.7,29.75,28.92,29.04,5576045.0
2020-11-12 00:00:00+0000,29.21,29.44,28.62,28.66,5416876.0
2020-11-13 00:00:00+0000,28.52,28.58,28.06,28.13,3839549.0
2020-11-16 00:00:00+0000,29.12,29.17,28.66,28.81,3706701.0
2020-11-17 00:00:00+0000,28.57,29.02,28.48,28.87,3227464.0
2020-11-18 00:00:00+0000,29.07,29.36,28.96,29.0,3644940.0
2020-11-19 00:00:00+0000,28.93,29.14,28.75,29.09,2499809.0
2020-11-20 00:00:00+0000,28.93,29.36,28.92,29.27,4507509.0
2020-11-23 00:00:00+0000,29.58,29.72,29.41,29.52,3692972.0
2020-11-24 00:00:00+0000,30.23,31.03,30.21,30.8,8174905.0
2020-11-25 00:00:00+0000,31.3,31.68,31.02,31.37,5135054.0
2020-11-27 00:00:00+0000,31.12,31.36,31.03,31.22,2520787.0
2020-11-30 00:00:00+0000,31.12,31.29,30.68,30.97,6051409.0
2020-12-01 00:00:00+0000,30.92,30.96,30.34,30.62,3780780.0
2020-12-02 00:00:00+0000,30.58,31.43,30.58,30.97,6085569.0
2020-12-03 00:00:00+0000,30.89,31.36,30.81,31.25,4589658.0
2020-12-04 00:00:00+0000,31.31,31.74,31.28,31.56,6118372.0
2020-12-07 00:00:00+0000,31.44,31.87,31.31,31.4,3796928.0
2020-12-08 00:00:00+0000,31.22,31.47,31.04,31.41,3147779.0
2020-12-09 00:00:00+0000,31.55,31.66,30.9,31.34,6482868.0
2020-12-10 00:00:00+0000,31.84,32.65,31.83,32.11,6618900.0
2020-12-11 00:00:00+0000,32.03,32.14,31.77,31.94,2793983.0
2020-12-14 00:00:00+0000,32.14,32.23,31.37,32.17,4042932.0
2020-12-15 00:00:00+0000,32.32,32.63,32.25,32.54,3076392.0
2020-12-16 00:00:00+0000,32.55,32.81,32.32,32.74,3807473.0
2020-12-17 00:00:00+0000,33.01,33.23,32.92,33.16,3878710.0
2020-12-18 00:00:00+0000,33.33,33.67,33.26,33.48,3954773.0
2020-12-21 00:00:00+0000,32.18,32.84,32.12,32.64,4955490.0
2020-12-22 00:00:00+0000,32.28,32.47,32.0,32.09,3039694.0
2020-12-23 00:00:00+0000,32.33,33.08,32.33,32.75,4233490.0
2020-12-24 00:00:00+0000,32.66,32.92,32.57,32.92,1419339.0
2020-12-28 00:00:00+0000,32.88,33.05,32.51,32.59,4344754.0
2020-12-29 00:00:00+0000,32.95,32.99,32.66,32.78,3304772.0
2020-12-30 00:00:00+0000,32.58,33.22,32.55,32.91,4323037.0
2020-12-31 00:00:00+0000,32.73,33.11,32.63,33.01,4054628.0
2021-01-04 00:00:00+0000,33.0,33.29,32.24,32.38,13362465.0
2021-01-05 00:00:00+0000,33.38,34.12,33.38,33.94,12279250.0
2021-01-06 00:00:00+0000,33.94,34.47,33.56,34.11,6733373.0
2021-01-07 00:00:00+0000,34.35,34.59,34.29,34.53,3603443.0
2021-01-08 00:00:00+0000,34.93,35.5,34.75,35.43,6425477.0
2021-01-11 00:00:00+0000,34.88,35.41,34.81,35.26,4292639.0
2021-01-12 00:00:00+0000,35.65,36.01,35.57,35.9,3619062.0
2021-01-13 00:00:00+0000,35.77,36.1,35.6,35.8,3966857.0
2021-01-14 00:00:00+0000,35.7,36.32,35.61,36.24,4600436.0
2021-01-15 00:00:00+0000,35.72,35.82,35.12,35.34,4825667.0
2021-01-19 00:00:00+0000,35.71,35.89,35.53,35.75,2819652.0
2021-01-20 00:00:00+0000,36.14,36.2,35.68,35.79,2626934.0
2021-01-21 00:00:00+0000,35.82,36.0,35.63,35.76,2766282.0
2021-01-22 00:00:00+0000,34.96,35.62,34.91,35.23,3950995.0
2021-01-25 00:00:00+0000,35.11,35.66,35.03,35.59,3408355.0
2021-01-26 00:00:00+0000,35.69,35.8,35.38,35.45,2329479.0
2021-01-27 00:00:00+0000,35.41,35.93,35.02,35.5,3921650.0
2021-01-28 00:00:00+0000,35.92,36.01,35.22,35.25,4692831.0
2021-01-29 00:00:00+0000,35.64,35.77,35.11,35.18,3453192.0
2021-02-01 00:00:00+0000,35.77,36.18,35.25,36.12,5407164.0
2021-02-02 00:00:00+0000,36.97,37.05,36.71,36.82,5539340.0
2021-02-03 00:00:00+0000,37.19,37.78,37.19,37.44,6016246.0
2021-02-04 00:00:00+0000,37.61,37.95,37.19,37.81,4594890.0
2021-02-05 00:00:00+0000,38.33,38.4,37.95,38.19,3849216.0
2021-02-08 00:00:00+0000,38.47,38.98,38.47,38.94,3656045.0
2021-02-09 00:00:00+0000,38.7,39.21,38.51,39.17,4059646.0
2021-02-10 00:00:00+0000,39.24,39.47,39.01,39.28,4090717.0
2021-02-11 00:00:00+0000,39.32,39.38,38.87,38.97,2830000.0
2021-02-12 00:00:00+0000,39.01,40.07,39.01,39.94,4833946.0
2021-02-16 00:00:00+0000,40.19,40.47,40.05,40.45,4429736.0
2021-02-17 00:00:00+0000,40.27,40.96,40.12,40.89,6188532.0
2021-02-18 00:00:00+0000,41.09,41.13,40.11,40.27,5970740.0
2021-02-19 00:00:00+0000,40.26,40.5,39.55,39.68,4944318.0
2021-02-22 00:00:00+0000,40.55,41.42,40.55,41.28,5130288.0
2021-02-23 00:00:00+0000,41.16,41.73,40.74,41.62,4879597.0
2021-02-24 00:00:00+0000,41.88,42.57,41.79,42.5,5933727.0
2021-02-25 00:00:00+0000,42.34,42.77,42.15,42.46,3849806.0
2021-02-26 00:00:00+0000,42.12,42.14,41.12,41.31,5107900.0
2021-03-01 00:00:00+0000,41.3,41.61,40.31,40.6,5785156.0
2021-03-02 00:00:00+0000,40.95,41.07,40.07,40.07,7205832.0
2021-03-03 00:00:00+0000,40.88,41.65,40.55,41.14,3905817.0
2021-03-04 00:00:00+0000,41.87,43.46,41.5,43.07,10401744.0
2021-03-05 00:00:00+0000,44.08,44.51,43.91,44.44,6892796.0
2021-03-08 00:00:00+0000,44.12,44.24,43.43,43.5,4387728.0
2021-03-09 00:00:00+0000,43.73,43.82,43.07,43.11,4373934.0
2021-03-10 00:00:00+0000,43.28,43.81,42.78,43.74,4735860.0
2021-03-11 00:00:00+0000,43.91,44.64,43.71,44.6,5568923.0
2021-03-12 00:00:00+0000,44.36,44.63,44.23,44.35,3707273.0
2021-03-15 00:00:00+0000,43.9,44.34,43.46,44.26,4662519.0
2021-03-16 00:00:00+0000,43.57,44.11,43.31,43.83,3848145.0
2021-03-17 00:00:00+0000,43.69,43.93,43.24,43.82,5034597.0
2021-03-18 00:00:00+0000,42.99,43.07,39.71,40.47,16714610.0
2021-03-19 00:00:00+0000,40.83,41.99,40.26,41.77,5368576.0
2021-03-22 00:00:00+0000,41.97,42.18,41.59,41.71,3496121.0
2021-03-23 00:00:00+0000,40.29,40.91,39.27,39.37,11036193.0
2021-03-24 00:00:00+0000,40.69,41.83,40.53,41.45,9410267.0
2021-03-25 00:00:00+0000,40.47,40.62,39.31,39.89,8574059.0
2021-03-26 00:00:00+0000,41.38,41.83,41.25,41.53,8074317.0
2021-03-29 00:00:00+0000,41.23,41.96,40.95,41.92,4692129.0
2021-03-30 00:00:00+0000,41.16,41.66,41.04,41.17,3430320.0
2021-03-31 00:00:00+0000,40.99,41.7,40.22,40.53,5409141.0
2021-04-01 00:00:00+0000,41.47,42.18,40.3,41.84,10287358.0
2021-04-05 00:00:00+0000,41.21,41.26,39.52,40.28,8698697.0
2021-04-06 00:00:00+0000,41.16,41.69,40.58,40.7,5152323.0
2021-04-07 00:00:00+0000,40.54,41.05,39.91,40.86,8277837.0
2021-04-08 00:00:00+0000,40.64,40.93,40.27,40.82,3505352.0
2021-04-09 00:00:00+0000,40.62,40.87,40.48,40.64,3070639.0
2021-04-12 00:00:00+0000,41.28,41.57,40.77,40.9,4604283.0
2021-04-13 00:00:00+0000,41.33,41.48,41.15,41.4,4236731.0
2021-04-14 00:00:00+0000,42.15,43.39,42.01,43.04,8194235.0
2021-04-15 00:00:00+0000,43.06,43.44,42.88,43.27,3805119.0
2021-04-16 00:00:00+0000,43.34,43.38,42.98,43.18,4311312.0
2021-04-19 00:00:00+0000,43.22,43.49,43.05,43.32,2912725.0
2021-04-20 00:00:00+0000,43.35,43.42,42.04,42.74,5343620.0
2021-04-21 00:00:00+0000,41.79,42.55,41.71,41.77,4503908.0
2021-04-22 00:00:00+0000,42.24,42.26,41.6,42.09,2856401.0
2021-04-23 00:00:00+0000,41.91,42.62,41.85,42.46,3523438.0
2021-04-26 00:00:00+0000,41.78,42.52,41.74,42.33,2712325.0
2021-04-27 00:00:00+0000,42.66,43.19,42.48,43.11,2989290.0
2021-04-28 00:00:00+0000,43.44,43.97,43.36,43.53,4925657.0
2021-04-29 00:00:00+0000,44.47,44.61,43.84,44.26,4950853.0
2021-04-30 00:00:00+0000,43.38,43.55,43.05,43.27,4351559.0
2021-05-03 00:00:00+0000,43.56,44.09,43.55,43.98,2844022.0
2021-05-04 00:00:00+0000,44.74,44.91,44.33,44.87,4709141.0
2021-05-05 00:00:00+0000,45.23,45.54,44.39,44.66,6244662.0
2021-05-06 00:00:00+0000,44.8,44.82,44.15,44.41,5960445.0
2021-05-07 00:00:00+0000,44.06,44.63,43.91,44.43,3756209.0
2021-05-10 00:00:00+0000,44.85,44.91,43.9,44.48,3760096.0
2021-05-11 00:00:00+0000,43.92,44.94,43.92,44.87,5822473.0
2021-05-12 00:00:00+0000,45.13,45.7,45.1,45.22,5875946.0
2021-05-13 00:00:00+0000,43.98,44.48,43.34,43.81,6306965.0
2021-05-14 00:00:00+0000,44.44,44.79,44.34,44.71,3997538.0
2021-05-17 00:00:00+0000,44.88,45.41,44.86,45.39,3078275.0
2021-05-18 00:00:00+0000,45.13,45.39,43.94,44.84,8408294.0
2021-05-19 00:00:00+0000,43.7,43.7,42.53,43.43,7921886.0
2021-05-20 00:00:00+0000,43.24,43.33,42.32,42.48,4696387.0
2021-05-21 00:00:00+0000,43.5,43.8,43.37,43.7,3439092.0
2021-05-24 00:00:00+0000,44.28,45.15,44.11,45.02,4237712.0
2021-05-25 00:00:00+0000,45.07,45.31,44.78,44.92,3228469.0
2021-05-26 00:00:00+0000,44.74,45.3,44.63,45.2,3012328.0
2021-05-27 00:00:00+0000,45.19,45.64,45.05,45.55,2889249.0
2021-05-28 00:00:00+0000,45.82,45.93,45.17,45.42,4286629.0
2021-06-01 00:00:00+0000,46.58,46.94,45.97,46.33,5449792.0
2021-06-02 00:00:00+0000,46.56,47.03,46.36,46.9,3325349.0
2021-06-03 00:00:00+0000,47.1,47.15,46.51,46.97,3008613.0
2021-06-04 00:00:00+0000,47.45,47.49,47.01,47.26,3309749.0
2021-06-07 00:00:00+0000,47.34,47.54,47.07,47.27,3488705.0
2021-06-08 00:00:00+0000,47.08,47.9,46.8,47.88,4644493.0
2021-06-09 00:00:00+0000,47.95,48.1,47.42,47.58,4054741.0
2021-06-10 00:00:00+0000,47.99,48.16,46.9,47.83,7615209.0
2021-06-11 00:00:00+0000,47.93,48.25,47.89,48.07,3567436.0
2021-06-14 00:00:00+0000,48.4,48.61,48.08,48.32,3736347.0
2021-06-15 00:00:00+0000,48.68,49.01,48.63,48.98,3982951.0
2021-06-16 00:00:00+0000,48.86,49.46,48.75,48.75,5632213.0
2021-06-17 00:00:00+0000,48.92,49.0,47.33,48.04,10024135.0
2021-06-18 00:00:00+0000,47.85,48.66,47.84,48.36,5626203.0
2021-06-21 00:00:00+0000,48.4,49.41,48.33,49.36,6751585.0
2021-06-22 00:00:00+0000,49.3,49.63,49.14,49.42,3438084.0
2021-06-23 00:00:00+0000,50.09,50.25,49.58,49.72,4302671.0
2021-06-24 00:00:00+0000,49.41,49.91,49.35,49.84,4922201.0
2021-06-25 00:00:00+0000,50.03,50.33,49.48,50.25,4884886.0
2021-06-28 00:00:00+0000,50.07,50.07,49.39,49.54,3983117.0
2021-06-29 00:00:00+0000,49.94,50.14,49.48,49.89,2424893.0
2021-06-30 00:00:00+0000,49.92,50.37,49.62,49.88,2565321.0
2021-07-01 00:00:00+0000,51.21,51.4,50.42,50.62,4073272.0
2021-07-02 00:00:00+0000,50.5,51.06,50.31,50.93,3959193.0
2021-07-06 00:00:00+0000,50.62,50.7,49.31,49.9,9843735.0
2021-07-07 00:00:00+0000,49.85,50.15,48.22,48.66,9140282.0
2021-07-08 00:00:00+0000,48.71,49.54,48.32,49.52,4711700.0
2021-07-09 00:00:00+0000,50.0,50.54,49.96,50.41,3693008.0
2021-07-12 00:00:00+0000,49.94,50.38,49.62,50.31,2140172.0
2021-07-13 00:00:00+0000,50.51,51.28,50.26,51.15,3922726.0
2021-07-14 00:00:00+0000,51.13,51.18,49.28,49.7,5548790.0
2021-07-15 00:00:00+0000,49.13,49.75,48.99,49.04,3370286.0
2021-07-16 00:00:00+0000,49.4,49.56,48.38,49.14,3034179.0
2021-07-19 00:00:00+0000,47.62,47.65,45.35,45.84,6922637.0
2021-07-20 00:00:00+0000,45.64,46.61,45.02,46.51,3892047.0
2021-07-21 00:00:00+0000,47.36,48.46,47.36,48.27,5379622.0
2021-07-22 00:00:00+0000,48.68,49.42,48.34,49.17,3362946.0
2021-07-23 00:00:00+0000,49.25,49.53,49.03,49.47,2385373.0
2021-07-26 00:00:00+0000,49.26,49.71,49.01,49.67,2217950.0
2021-07-27 00:00:00+0000,49.58,49.71,49.04,49.47,2279487.0
2021-07-28 00:00:00+0000,49.63,49.97,49.45,49.72,2050502.0
2021-07-29 00:00:00+0000,50.18,50.69,50.07,50.64,2349349.0
2021-07-30 00:00:00+0000,50.7,51.02,50.44,50.66,3187079.0
2021-08-02 00:00:00+0000,50.35,50.43,48.63,49.18,4896480.0
2021-08-03 00:00:00+0000,48.11,48.93,47.87,48.85,5957377.0
2021-08-04 00:00:00+0000,47.54,48.14,47.17,47.2,5830996.0
2021-08-05 00:00:00+0000,47.34,48.16,47.34,48.1,2677613.0
2021-08-06 00:00:00+0000,48.42,48.51,47.35,47.57,4362998.0
2021-08-09 00:00:00+0000,46.47,46.7,45.85,46.6,3869941.0
2021-08-10 00:00:00+0000,46.97,48.01,46.93,47.68,3248837.0
2021-08-11 00:00:00+0000,47.2,48.34,46.91,48.3,3705635.0
2021-08-12 00:00:00+0000,48.16,48.35,47.72,48.1,1907925.0
2021-08-13 00:00:00+0000,48.11,48.23,47.32,47.43,2520888.0
2021-08-16 00:00:00+0000,46.38,47.28,45.94,47.04,3772436.0
2021-08-17 00:00:00+0000,46.66,47.21,46.33,46.58,2166376.0
2021-08-18 00:00:00+0000,46.73,46.84,45.29,45.4,4490976.0
2021-08-19 00:00:00+0000,44.29,44.89,43.8,44.77,4461473.0
2021-08-20 00:00:00+0000,43.9,44.31,43.42,43.43,3447638.0
2021-08-23 00:00:00+0000,45.35,46.18,45.34,45.85,3512085.0
2021-08-24 00:00:00+0000,46.67,47.47,46.61,47.37,3646960.0
2021-08-25 00:00:00+0000,47.33,48.0,47.1,47.81,3861998.0
2021-08-26 00:00:00+0000,47.24,47.8,46.95,47.48,4231068.0
2021-08-27 00:00:00+0000,48.02,48.28,47.92,48.15,3520729.0
2021-08-30 00:00:00+0000,48.15,48.59,47.86,48.4,2644851.0
2021-08-31 00:00:00+0000,48.18,48.49,47.96,48.04,3047155.0
2021-09-01 00:00:00+0000,47.36,48.24,47.19,47.93,6967167.0
2021-09-02 00:00:00+0000,49.01,49.52,48.93,48.95,5085673.0
2021-09-03 00:00:00+0000,48.97,49.26,48.6,48.66,3793623.0
2021-09-07 00:00:00+0000,47.93,48.37,47.73,48.04,2929834.0
2021-09-08 00:00:00+0000,48.88,48.89,48.32,48.59,3456323.0
2021-09-09 00:00:00+0000,47.82,48.87,47.45,47.75,6010531.0
2021-09-10 00:00:00+0000,49.0,49.04,48.67,48.8,3181160.0
2021-09-13 00:00:00+0000,49.4,49.7,49.16,49.48,2578788.0
2021-09-14 00:00:00+0000,49.78,49.8,49.04,49.31,2384958.0
2021-09-15 00:00:00+0000,50.45,51.08,50.44,50.69,4494564.0
2021-09-16 00:00:00+0000,50.55,50.84,50.0,50.7,2249353.0
2021-09-17 00:00:00+0000,50.2,50.45,49.85,50.32,2626424.0
2021-09-20 00:00:00+0000,49.57,49.82,48.89,49.6,3635575.0
2021-09-21 00:00:00+0000,49.61,49.69,48.74,49.58,2732613.0
2021-09-22 00:00:00+0000,50.25,50.72,50.09,50.48,2484735.0
2021-09-23 00:00:00+0000,50.76,51.49,50.72,51.38,2588552.0
2021-09-24 00:00:00+0000,51.29,52.0,51.26,51.82,1932760.0
2021-09-27 00:00:00+0000,52.82,53.08,52.63,52.91,3680591.0
2021-09-28 00:00:00+0000,53.46,53.52,52.18,52.4,3948760.0
2021-09-29 00:00:00+0000,52.56,53.11,52.24,52.32,3651378.0
2021-09-30 00:00:00+0000,51.7,53.36,51.38,52.56,10756360.0
2021-10-01 00:00:00+0000,52.62,53.39,52.34,53.26,3550559.0
2021-10-04 00:00:00+0000,54.08,55.05,54.07,54.49,5540689.0
2021-10-05 00:00:00+0000,55.27,55.73,55.16,55.63,4107529.0
2021-10-06 00:00:00+0000,54.77,54.79,53.98,54.16,5973265.0
2021-10-07 00:00:00+0000,54.02,55.36,53.74,55.36,5167925.0
2021-10-08 00:00:00+0000,55.72,56.03,55.05,55.47,3824155.0
2021-10-11 00:00:00+0000,56.41,56.69,56.12,56.18,2753050.0
2021-10-12 00:00:00+0000,56.32,56.72,55.83,56.11,4161111.0
2021-10-13 00:00:00+0000,55.63,56.45,55.39,56.16,2293091.0
2021-10-14 00:00:00+0000,56.65,56.85,56.15,56.81,2413781.0
2021-10-15 00:00:00+0000,57.25,57.45,56.87,57.15,2438716.0
2021-10-18 00:00:00+0000,57.73,57.92,56.78,56.96,3238474.0
2021-10-19 00:00:00+0000,56.9,57.88,56.7,57.42,2933558.0
2021-10-20 00:00:00+0000,57.0,58.19,56.87,58.12,3912109.0
2021-10-21 00:00:00+0000,57.58,57.81,56.34,57.41,4026160.0
2021-10-22 00:00:00+0000,57.74,58.04,57.21,58.03,2727147.0
2021-10-25 00:00:00+0000,58.42,58.69,57.78,57.83,3748294.0
2021-10-26 00:00:00+0000,58.08,58.62,57.87,58.45,2799673.0
2021-10-27 00:00:00+0000,57.64,58.17,56.87,56.9,5703941.0
2021-10-28 00:00:00+0000,56.85,57.42,56.38,57.4,4466213.0
2021-10-29 00:00:00+0000,56.79,57.39,56.4,57.15,4228480.0
2021-11-01 00:00:00+0000,57.91,58.04,57.46,57.53,2203338.0
2021-11-02 00:00:00+0000,57.31,57.76,57.09,57.53,2358094.0
2021-11-03 00:00:00+0000,56.16,56.58,55.21,55.34,6261147.0
2021-11-04 00:00:00+0000,57.31,57.4,54.53,54.92,7695350.0
2021-11-05 00:00:00+0000,55.65,56.74,55.15,56.55,4057484.0
2021-11-08 00:00:00+0000,56.58,57.13,56.56,57.09,2365694.0
2021-11-09 00:00:00+0000,57.21,58.03,56.96,57.97,4180999.0
2021-11-10 00:00:00+0000,57.79,58.01,55.95,56.32,4046245.0
2021-11-11 00:00:00+0000,56.44,56.85,55.82,56.22,3342686.0
2021-11-12 00:00:00+0000,55.81,56.35,55.65,55.98,4918656.0
2021-11-15 00:00:00+0000,55.39,56.14,55.18,56.07,3935552.0
2021-11-16 00:00:00+0000,56.0,56.5,55.68,56.2,3458630.0
2021-11-17 00:00:00+0000,55.86,55.91,54.46,55.0,5826180.0
2021-11-18 00:00:00+0000,55.37,55.77,54.84,55.55,3328028.0
2021-11-19 00:00:00+0000,54.85,54.93,53.51,53.78,5110998.0
2021-11-22 00:00:00+0000,53.99,54.91,53.91,54.45,6488954.0
2021-11-23 00:00:00+0000,55.45,56.27,55.44,56.2,4736104.0
2021-11-24 00:00:00+0000,55.81,56.38,55.78,55.88,3535623.0
2021-11-26 00:00:00+0000,52.33,52.38,48.56,49.63,16223623.0
2021-11-29 00:00:00+0000,51.97,52.17,49.64,50.17,11087470.0
2021-11-30 00:00:00+0000,48.62,49.11,46.47,47.91,16870050.0
2021-12-01 00:00:00+0000,49.09,49.52,46.87,47.04,9558807.0
2021-12-02 00:00:00+0000,46.53,48.6,46.16,48.29,11808819.0
2021-12-03 00:00:00+0000,49.7,49.93,47.55,48.0,9046301.0
2021-12-06 00:00:00+0000,49.05,50.72,48.77,50.51,6768446.0
2021-12-07 00:00:00+0000,51.32,52.57,51.32,51.59,7140139.0
2021-12-08 00:00:00+0000,51.77,52.66,51.71,52.42,4292715.0
2021-12-09 00:00:00+0000,51.92,52.07,50.97,51.02,4516825.0
2021-12-10 00:00:00+0000,51.72,52.1,51.32,52.03,4736753.0
2021-12-13 00:00:00+0000,51.55,52.1,51.2,51.44,4943914.0
2021-12-14 00:00:00+0000,50.78,51.23,50.31,50.92,3835030.0
2021-12-15 00:00:00+0000,50.64,51.7,50.24,51.62,4450554.0
2021-12-16 00:00:00+0000,51.57,52.46,51.29,51.87,4058035.0
2021-12-17 00:00:00+0000,51.29,51.43,50.36,50.78,4906169.0
2021-12-20 00:00:00+0000,49.03,49.98,47.96,49.9,6610688.0
2021-12-21 00:00:00+0000,50.9,51.61,50.59,51.57,3968352.0
2021-12-22 00:00:00+0000,51.42,52.52,51.25,52.48,5109665.0
2021-12-23 00:00:00+0000,52.48,53.24,52.35,53.13,3171939.0
2021-12-27 00:00:00+0000,52.98,54.65,52.8,54.52,4004574.0
2021-12-28 00:00:00+0000,54.83,55.14,54.54,54.67,2351638.0
2021-12-29 00:00:00+0000,54.48,55.67,54.36,55.08,3339007.0
2021-12-30 00:00:00+0000,55.32,55.73,55.03,55.1,2670411.0
2021-12-31 00:00:00+0000,54.89,55.17,54.04,54.36,2103639.0
2022-01-03 00:00:00+0000,53.97,55.16,53.94,54.83,4242218.0
2022-01-04 00:00:00+0000,55.31,56.05,55.25,55.59,3848103.0
2022-01-05 00:00:00+0000,56.16,56.48,55.43,55.43,4391980.0
2022-01-06 00:00:00+0000,57.1,57.31,56.65,56.89,4078323.0
2022-01-07 00:00:00+0000,56.9,57.04,56.36,56.67,3910943.0
2022-01-10 00:00:00+0000,56.57,56.78,55.83,56.16,3130283.0
2022-01-11 00:00:00+0000,56.95,58.28,56.54,58.16,5071853.0
2022-01-12 00:00:00+0000,58.37,59.17,58.36,58.91,3722319.0
2022-01-13 00:00:00+0000,59.02,59.13,58.2,58.27,3248893.0
2022-01-14 00:00:00+0000,59.1,59.98,59.07,59.97,4289635.0
2022-01-18 00:00:00+0000,60.37,61.09,60.16,60.97,4816189.0
2022-01-19 00:00:00+0000,61.25,61.9,60.98,61.05,3837172.0
2022-01-20 00:00:00+0000,61.24,62.17,60.6,60.66,3357852.0
2022-01-21 00:00:00+0000,60.87,61.24,60.08,60.78,3954402.0
2022-01-24 00:00:00+0000,59.91,60.22,58.81,60.11,7154673.0
2022-01-25 00:00:00+0000,59.91,61.17,59.88,60.97,4730979.0
2022-01-26 00:00:00+0000,61.67,62.52,61.4,61.68,5683514.0
2022-01-27 00:00:00+0000,62.66,62.71,61.36,61.86,4435061.0
2022-01-28 00:00:00+0000,62.64,62.99,61.42,61.97,3198275.0
2022-01-31 00:00:00+0000,62.19,62.5,61.36,62.48,2546969.0
2022-02-01 00:00:00+0000,61.91,62.76,61.58,62.53,3552734.0
2022-02-02 00:00:00+0000,62.78,62.86,61.75,62.52,2629299.0
2022-02-03 00:00:00+0000,62.1,63.81,61.9,63.51,4325056.0
2022-02-04 00:00:00+0000,64.68,65.35,64.65,64.91,3895612.0
2022-02-07 00:00:00+0000,64.61,65.05,64.47,64.68,1844230.0
2022-02-08 00:00:00+0000,63.71,63.83,62.85,63.62,3728863.0
2022-02-09 00:00:00+0000,63.79,64.37,63.5,64.17,2901670.0
2022-02-10 00:00:00+0000,63.9,65.08,63.59,63.96,3751077.0
2022-02-11 00:00:00+0000,64.43,66.34,64.37,65.74,10368325.0
2022-02-14 00:00:00+0000,64.97,66.88,64.8,66.36,8206035.0
2022-02-15 00:00:00+0000,64.22,64.4,63.53,64.28,8396388.0
2022-02-16 00:00:00+0000,65.08,65.87,63.5,63.54,5892141.0
2022-02-17 00:00:00+0000,63.62,64.5,63.42,64.17,5386980.0
2022-02-18 00:00:00+0000,63.14,65.0,62.92,64.74,7244208.0
2022-02-22 00:00:00+0000,66.86,66.93,65.28,65.54,8175488.0
2022-02-23 00:00:00+0000,65.9,67.32,65.66,66.24,7406603.0
2022-02-24 00:00:00+0000,70.19,70.24,65.07,66.34,16638483.0
2022-02-25 00:00:00+0000,65.56,66.12,64.4,65.8,7679154.0
2022-02-28 00:00:00+0000,67.38,68.26,66.82,67.48,7515511.0
2022-03-01 00:00:00+0000,70.34,72.63,70.1,71.82,14629801.0
2022-03-02 00:00:00+0000,74.15,76.2,71.75,75.42,18620684.0
2022-03-03 00:00:00+0000,74.76,76.37,74.0,74.53,14557224.0
2022-03-04 00:00:00+0000,77.0,80.0,76.18,79.46,14414639.0
2022-03-07 00:00:00+0000,79.8,83.4,79.7,82.37,12219211.0
2022-03-08 00:00:00+0000,85.47,87.84,81.57,85.43,24498003.0
2022-03-09 00:00:00+0000,79.98,81.1,72.27,75.47,24438132.0
2022-03-10 00:00:00+0000,77.06,77.48,72.98,74.06,9109675.0
2022-03-11 00:00:00+0000,74.81,76.55,74.26,76.4,5654267.0
2022-03-14 00:00:00+0000,73.53,73.56,71.46,72.84,7172359.0
2022-03-15 00:00:00+0000,69.57,70.55,67.9,68.63,10864739.0
2022-03-16 00:00:00+0000,70.64,71.08,67.73,68.28,6109030.0
2022-03-17 00:00:00+0000,72.65,74.44,72.39,73.68,8074784.0
2022-03-18 00:00:00+0000,74.25,75.0,73.55,74.64,3027570.0
2022-03-21 00:00:00+0000,77.41,79.66,77.26,79.54,5072274.0
2022-03-22 00:00:00+0000,78.69,79.65,77.55,78.56,3003689.0
2022-03-23 00:00:00+0000,81.38,82.48,81.08,81.95,4701695.0
2022-03-24 00:00:00+0000,81.67,81.78,79.3,79.75,3566309.0
2022-03-25 00:00:00+0000,78.88,81.73,78.41,80.74,6210251.0
2022-03-28 00:00:00+0000,76.85,77.92,74.15,74.53,6134776.0
2022-03-29 00:00:00+0000,72.3,76.43,72.07,76.15,6786687.0
2022-03-30 00:00:00+0000,78.07,78.71,77.3,77.91,3783570.0
2022-03-31 00:00:00+0000,75.76,76.84,73.34,74.12,8427706.0
2022-04-01 00:00:00+0000,73.37,74.8,73.25,74.17,3804550.0
2022-04-04 00:00:00+0000,76.46,77.2,75.33,76.86,4243806.0
2022-04-05 00:00:00+0000,77.34,77.71,74.54,74.8,5476649.0
2022-04-06 00:00:00+0000,76.25,76.75,72.16,73.05,5151094.0
2022-04-07 00:00:00+0000,73.26,73.84,71.08,73.11,4112628.0
2022-04-08 00:00:00+0000,72.69,74.6,72.39,74.11,3960610.0
2022-04-11 00:00:00+0000,71.77,72.76,71.3,72.3,4169997.0
2022-04-12 00:00:00+0000,74.95,76.38,74.91,75.98,5732589.0
2022-04-13 00:00:00+0000,77.15,78.56,75.89,78.42,5985201.0
2022-04-14 00:00:00+0000,77.34,80.44,77.23,79.57,6081085.0
2022-04-18 00:00:00+0000,80.81,81.7,80.0,80.41,4465070.0
2022-04-19 00:00:00+0000,78.06,78.09,76.34,76.86,6088433.0
2022-04-20 00:00:00+0000,77.51,77.92,75.57,77.24,4198077.0
2022-04-21 00:00:00+0000,78.34,79.27,77.07,78.12,3710416.0
2022-04-22 00:00:00+0000,76.98,77.47,76.28,76.31,3083483.0
2022-04-25 00:00:00+0000,72.65,74.99,71.98,74.65,4196471.0
2022-04-26 00:00:00+0000,75.33,76.94,74.37,76.46,5225610.0
2022-04-27 00:00:00+0000,75.12,76.61,74.87,76.37,3518029.0
2022-04-28 00:00:00+0000,76.28,78.23,75.86,78.08,5861831.0
2022-04-29 00:00:00+0000,78.8,79.68,76.94,77.16,5013914.0
2022-05-02 00:00:00+0000,75.38,78.43,74.86,78.38,3844136.0
2022-05-03 00:00:00+0000,76.92,77.83,76.04,76.69,2535650.0
2022-05-04 00:00:00+0000,79.39,80.72,78.65,80.22,4691683.0
2022-05-05 00:00:00+0000,82.21,82.37,79.23,80.48,5188776.0
2022-05-06 00:00:00+0000,81.63,82.41,80.43,82.13,4150883.0
2022-05-09 00:00:00+0000,79.81,80.03,76.38,76.57,4716755.0
2022-05-10 00:00:00+0000,77.07,77.33,74.22,74.53,4742035.0
2022-05-11 00:00:00+0000,77.76,79.04,77.39,78.18,3738943.0
2022-05-12 00:00:00+0000,78.49,79.47,77.91,79.23,3687925.0
2022-05-13 00:00:00+0000,80.6,81.42,79.93,81.28,3473308.0
2022-05-16 00:00:00+0000,80.98,83.39,80.82,83.11,3610414.0
2022-05-17 00:00:00+0000,83.05,83.63,80.86,81.11,2985366.0
2022-05-18 00:00:00+0000,82.02,82.04,78.65,79.29,3242354.0
2022-05-19 00:00:00+0000,78.5,81.35,78.45,80.58,3408957.0
2022-05-20 00:00:00+0000,81.21,81.84,80.25,81.65,2658796.0
2022-05-23 00:00:00+0000,81.36,82.16,80.91,81.97,2134791.0
2022-05-24 00:00:00+0000,82.03,82.84,81.34,82.0,1153724.0
2022-05-25 00:00:00+0000,82.21,82.69,81.53,82.48,1665749.0
2022-05-26 00:00:00+0000,83.15,85.1,83.15,84.59,3079053.0
2022-05-27 00:00:00+0000,84.33,85.52,84.11,85.46,2009648.0
2022-05-31 00:00:00+0000,87.99,88.32,84.7,85.47,6183210.0
2022-06-01 00:00:00+0000,86.71,87.2,85.5,85.54,3762038.0
2022-06-02 00:00:00+0000,85.88,87.49,85.27,87.25,2973679.0
2022-06-03 00:00:00+0000,87.21,89.56,86.95,89.47,2986865.0
2022-06-06 00:00:00+0000,89.07,89.22,87.85,88.39,1778240.0
2022-06-07 00:00:00+0000,88.68,90.12,88.09,90.04,2824296.0
2022-06-08 00:00:00+0000,90.26,92.2,89.74,91.99,4095243.0
2022-06-09 00:00:00+0000,91.03,91.49,90.72,91.08,3037201.0
2022-06-10 00:00:00+0000,90.24,90.78,88.5,90.13,3979179.0
2022-06-13 00:00:00+0000,89.28,91.16,87.68,90.36,5110694.0
2022-06-14 00:00:00+0000,90.98,91.92,87.36,88.45,3798762.0
2022-06-15 00:00:00+0000,88.05,88.81,86.24,86.93,3464857.0
2022-06-16 00:00:00+0000,86.44,88.55,85.05,87.66,4102472.0
2022-06-17 00:00:00+0000,86.5,86.78,81.94,83.34,6506930.0
2022-06-21 00:00:00+0000,84.47,85.3,83.64,84.05,2857072.0
2022-06-22 00:00:00+0000,78.83,82.33,78.49,80.88,4270248.0
2022-06-23 00:00:00+0000,81.63,81.9,78.96,78.98,3073707.0
2022-06-24 00:00:00+0000,80.19,82.17,79.63,81.27,2944092.0
2022-06-27 00:00:00+0000,81.29,83.4,80.4,82.93,4075914.0
2022-06-28 00:00:00+0000,83.99,85.17,83.33,84.72,3123543.0
2022-06-29 00:00:00+0000,85.87,86.4,82.91,82.95,3624500.0
2022-06-30 00:00:00+0000,82.09,82.3,79.93,80.35,3555083.0
2022-07-01 00:00:00+0000,82.09,82.46,80.84,81.67,3954861.0
2022-07-05 00:00:00+0000,78.47,78.52,73.42,74.78,8776396.0
2022-07-06 00:00:00+0000,73.49,74.24,71.46,73.67,7503681.0
2022-07-07 00:00:00+0000,76.46,77.87,76.27,76.55,5321555.0
2022-07-08 00:00:00+0000,78.59,79.01,77.08,78.54,4732175.0
2022-07-11 00:00:00+0000,77.81,78.92,76.62,78.23,3067343.0
2022-07-12 00:00:00+0000,74.82,75.32,72.56,72.81,4865768.0
2022-07-13 00:00:00+0000,73.07,74.51,72.23,73.19,3135424.0
2022-07-14 00:00:00+0000,71.02,73.3,69.51,72.85,4236819.0
2022-07-15 00:00:00+0000,74.08,74.63,73.06,73.74,2725711.0
2022-07-18 00:00:00+0000,76.92,77.54,76.53,76.81,4347894.0
2022-07-19 00:00:00+0000,76.0,78.21,75.99,78.05,2757989.0
2022-07-20 00:00:00+0000,77.17,78.26,76.48,77.64,2746387.0
2022-07-21 00:00:00+0000,75.2,76.28,74.7,75.49,3362209.0
2022-07-22 00:00:00+0000,75.18,76.58,74.43,74.53,5218472.0
2022-07-25 00:00:00+0000,75.84,76.4,74.93,76.22,2315846.0
2022-07-26 00:00:00+0000,77.3,77.44,75.0,75.16,2352851.0
2022-07-27 00:00:00+0000,76.4,78.19,75.42,77.87,2637948.0
2022-07-28 00:00:00+0000,78.45,78.52,76.48,77.13,2709872.0
2022-07-29 00:00:00+0000,79.15,80.49,78.0,78.05,3002881.0
2022-08-01 00:00:00+0000,74.79,75.62,74.01,75.13,2734012.0
2022-08-02 00:00:00+0000,76.03,77.41,75.28,75.93,2395722.0
2022-08-03 00:00:00+0000,76.28,76.55,73.3,73.53,3301388.0
2022-08-04 00:00:00+0000,72.83,73.6,70.96,71.53,4096798.0
2022-08-05 00:00:00+0000,70.46,73.18,70.42,71.54,2663635.0
2022-08-08 00:00:00+0000,71.63,73.71,71.47,73.54,3528748.0
2022-08-09 00:00:00+0000,74.2,74.92,72.62,73.45,1589451.0
2022-08-10 00:00:00+0000,73.25,74.98,71.45,74.32,3269111.0
2022-08-11 00:00:00+0000,75.83,76.97,74.98,76.28,3384866.0
2022-08-12 00:00:00+0000,75.33,75.46,74.3,74.98,1917978.0
2022-08-15 00:00:00+0000,71.39,73.36,71.26,72.88,3088739.0
2022-08-16 00:00:00+0000,72.67,73.84,70.67,71.24,3666053.0
2022-08-17 00:00:00+0000,71.65,73.17,71.09,72.05,3174201.0
2022-08-18 00:00:00+0000,73.59,74.83,73.32,74.21,2577608.0
2022-08-19 00:00:00+0000,74.05,75.37,73.83,74.06,2171163.0
2022-08-22 00:00:00+0000,72.79,74.77,71.45,74.68,6871410.0
2022-08-23 00:00:00+0000,75.83,77.28,75.81,76.83,3209961.0
2022-08-24 00:00:00+0000,76.85,78.07,76.22,78.04,3325484.0
2022-08-25 00:00:00+0000,78.36,78.38,75.83,76.5,2447454.0
2022-08-26 00:00:00+0000,75.46,76.2,74.76,75.85,1985755.0
2022-08-29 00:00:00+0000,77.02,78.96,76.7,78.69,3166529.0
2022-08-30 00:00:00+0000,76.59,76.75,74.28,75.47,4026669.0
2022-08-31 00:00:00+0000,73.84,75.09,73.06,73.11,3547768.0
2022-09-01 00:00:00+0000,72.09,72.72,70.8,70.95,3571792.0
2022-09-02 00:00:00+0000,73.18,73.22,71.3,71.43,3217649.0
2022-09-06 00:00:00+0000,72.34,72.45,71.15,71.42,3839406.0
2022-09-07 00:00:00+0000,69.17,69.72,67.59,67.62,5926458.0
2022-09-08 00:00:00+0000,68.54,69.28,67.65,68.09,2998416.0
2022-09-09 00:00:00+0000,70.33,71.61,70.03,71.1,3834827.0
2022-09-12 00:00:00+0000,72.63,73.21,72.07,72.37,2434843.0
2022-09-13 00:00:00+0000,72.11,72.73,70.1,72.01,4803055.0
2022-09-14 00:00:00+0000,72.72,73.72,72.25,72.73,2111909.0
2022-09-15 00:00:00+0000,71.09,71.15,69.34,69.76,3316787.0
2022-09-16 00:00:00+0000,70.33,70.81,69.44,69.9,2610841.0
2022-09-19 00:00:00+0000,67.62,70.27,67.49,70.05,2172404.0
2022-09-20 00:00:00+0000,69.54,69.59,68.41,69.22,3259149.0
2022-09-21 00:00:00+0000,70.49,70.62,68.1,68.68,4078847.0
2022-09-22 00:00:00+0000,70.42,70.81,68.53,68.97,2489457.0
2022-09-23 00:00:00+0000,65.89,65.9,64.65,65.32,4915417.0
2022-09-26 00:00:00+0000,65.37,66.25,63.15,63.2,4225565.0
2022-09-27 00:00:00+0000,64.3,65.53,63.69,64.42,2613425.0
2022-09-28 00:00:00+0000,65.26,67.34,64.95,67.13,2155933.0
2022-09-29 00:00:00+0000,67.31,67.76,66.25,66.77,2268577.0
2022-09-30 00:00:00+0000,65.64,66.5,64.85,65.28,1979016.0
2022-10-03 00:00:00+0000,68.6,68.9,67.17,67.89,3282451.0
2022-10-04 00:00:00+0000,69.91,71.0,69.31,70.28,4878630.0
2022-10-05 00:00:00+0000,71.16,72.16,69.87,71.94,3756670.0
2022-10-06 00:00:00+0000,71.72,73.04,71.61,72.99,2347096.0
2022-10-07 00:00:00+0000,73.27,75.85,73.25,75.1,3826375.0
2022-10-10 00:00:00+0000,75.29,76.11,73.6,73.78,2975934.0
2022-10-11 00:00:00+0000,72.56,73.07,71.4,71.75,1883205.0
2022-10-12 00:00:00+0000,71.42,71.6,70.2,70.93,1901953.0
2022-10-13 00:00:00+0000,70.39,72.87,70.37,72.52,1728161.0
2022-10-14 00:00:00+0000,71.4,71.72,69.75,70.17,1839809.0
2022-10-17 00:00:00+0000,71.17,71.48,69.78,70.13,2286188.0
2022-10-18 00:00:00+0000,69.37,69.78,67.85,68.7,2641976.0
2022-10-19 00:00:00+0000,68.87,70.57,68.55,70.04,2742366.0
2022-10-20 00:00:00+0000,71.09,71.88,69.71,70.18,2135308.0
2022-10-21 00:00:00+0000,70.15,70.99,69.46,70.57,1243679.0
2022-10-24 00:00:00+0000,70.24,71.18,69.8,70.38,1412365.0
2022-10-25 00:00:00+0000,70.59,71.45,70.23,70.61,1180404.0
2022-10-26 00:00:00+0000,71.36,73.14,71.35,72.97,2167900.0
2022-10-27 00:00:00+0000,73.69,74.09,73.11,73.62,845317.0
2022-10-28 00:00:00+0000,72.71,73.3,72.03,72.82,1174847.0
2022-10-31 00:00:00+0000,71.39,72.64,70.72,71.53,2564425.0
2022-11-01 00:00:00+0000,73.78,73.89,72.66,73.12,3766888.0
2022-11-02 00:00:00+0000,73.12,74.88,72.79,74.08,2390322.0
2022-11-03 00:00:00+0000,73.05,74.01,72.86,73.29,1154337.0
2022-11-04 00:00:00+0000,76.54,76.94,75.5,76.82,2911724.0
2022-11-07 00:00:00+0000,76.84,77.72,76.22,76.56,1989123.0
2022-11-08 00:00:00+0000,76.27,76.49,74.08,74.47,2152985.0
2022-11-09 00:00:00+0000,73.17,73.2,71.58,71.67,2028920.0
2022-11-10 00:00:00+0000,71.66,72.99,71.19,72.24,1454304.0
2022-11-11 00:00:00+0000,74.53,75.15,73.68,74.38,2383970.0
2022-11-14 00:00:00+0000,73.54,74.62,71.88,71.91,2217395.0
2022-11-15 00:00:00+0000,72.12,74.78,71.6,73.25,2813818.0
2022-11-16 00:00:00+0000,72.11,72.47,71.38,72.04,2288689.0
2022-11-17 00:00:00+0000,71.16,71.44,69.52,70.14,4404046.0
2022-11-18 00:00:00+0000,67.73,69.12,67.46,69.03,6625765.0
2022-11-21 00:00:00+0000,66.67,69.37,65.37,69.03,10507768.0
2022-11-22 00:00:00+0000,69.92,70.76,69.58,69.98,3097825.0
2022-11-23 00:00:00+0000,67.84,68.22,66.86,67.41,3621293.0
2022-11-25 00:00:00+0000,68.19,68.49,66.78,66.96,1286601.0
2022-11-28 00:00:00+0000,65.16,67.69,65.0,66.88,5590081.0
2022-11-29 00:00:00+0000,68.51,69.12,67.19,68.34,5408545.0
2022-11-30 00:00:00+0000,70.3,70.44,69.55,70.23,3039195.0
2022-12-01 00:00:00+0000,71.64,72.14,70.3,70.45,3448323.0
2022-12-02 00:00:00+0000,70.6,71.14,69.35,69.84,3006687.0
2022-12-05 00:00:00+0000,71.56,71.78,67.25,67.72,3890911.0
2022-12-06 00:00:00+0000,66.97,67.36,64.52,65.23,4780739.0
2022-12-07 00:00:00+0000,65.47,65.89,63.2,63.65,4492675.0
2022-12-08 00:00:00+0000,64.61,64.68,62.46,62.71,6106077.0
2022-12-09 00:00:00+0000,63.07,63.75,61.81,62.85,5560532.0
2022-12-12 00:00:00+0000,63.21,64.63,63.05,64.41,3614418.0
2022-12-13 00:00:00+0000,65.16,66.47,65.14,65.86,3524655.0
2022-12-14 00:00:00+0000,66.79,67.67,66.08,67.36,6412439.0
2022-12-15 00:00:00+0000,66.9,67.05,65.68,66.15,3308761.0
2022-12-16 00:00:00+0000,64.35,65.82,64.14,64.9,4086928.0
2022-12-19 00:00:00+0000,65.77,66.5,64.83,66.07,2912274.0
2022-12-20 00:00:00+0000,65.83,66.8,64.82,66.22,2146257.0
2022-12-21 00:00:00+0000,67.61,68.17,67.41,68.06,1806767.0
2022-12-22 00:00:00+0000,68.48,68.59,66.85,67.7,1910854.0
2022-12-23 00:00:00+0000,68.94,69.56,68.87,69.32,2521492.0
2022-12-27 00:00:00+0000,69.59,70.54,69.06,69.53,2724646.0
2022-12-28 00:00:00+0000,69.18,69.22,67.53,68.58,1853015.0
2022-12-29 00:00:00+0000,67.55,68.59,67.37,68.53,1620922.0
2022-12-30 00:00:00+0000,68.36,70.27,68.35,70.11,2729917.0
2023-01-03 00:00:00+0000,68.64,69.65,67.12,67.64,2646846.0
2023-01-04 00:00:00+0000,65.58,65.59,63.98,64.3,3379760.0
2023-01-05 00:00:00+0000,64.32,65.75,63.93,64.78,2820626.0
2023-01-06 00:00:00+0000,65.82,66.18,64.46,64.83,2498452.0
2023-01-09 00:00:00+0000,66.49,67.33,65.45,65.88,1954065.0
2023-01-10 00:00:00+0000,66.27,66.68,65.22,65.9,1371163.0
2023-01-11 00:00:00+0000,67.24,68.22,66.46,68.05,2707065.0
2023-01-12 00:00:00+0000,69.12,69.32,68.42,68.61,1864939.0
2023-01-13 00:00:00+0000,69.3,70.09,68.92,70.05,1926600.0
2023-01-17 00:00:00+0000,70.87,71.14,69.46,70.86,3113414.0
2023-01-18 00:00:00+0000,71.59,72.04,69.35,69.51,2728211.0
2023-01-19 00:00:00+0000,70.19,71.14,69.69,70.59,2320731.0
2023-01-20 00:00:00+0000,70.86,71.56,69.96,71.55,2079433.0
2023-01-23 00:00:00+0000,71.82,72.25,71.29,71.5,1331461.0
2023-01-24 00:00:00+0000,71.59,71.66,69.88,70.22,1427329.0
2023-01-25 00:00:00+0000,70.41,71.09,69.64,70.51,1284507.0
2023-01-26 00:00:00+0000,71.65,71.77,70.27,70.93,1260800.0
2023-01-27 00:00:00+0000,71.74,71.79,69.2,69.5,2446098.0
2023-01-30 00:00:00+0000,68.68,69.87,68.03,68.1,1950086.0
2023-01-31 00:00:00+0000,67.86,69.37,67.67,69.32,1081842.0
2023-02-01 00:00:00+0000,69.21,69.41,66.75,67.36,2777012.0
2023-02-02 00:00:00+0000,67.0,67.49,65.9,66.57,2255329.0
2023-02-03 00:00:00+0000,66.73,68.39,64.35,64.4,4125247.0
2023-02-06 00:00:00+0000,65.07,65.53,63.67,65.5,2241209.0
2023-02-07 00:00:00+0000,65.83,67.85,65.82,67.76,2712165.0
2023-02-08 00:00:00+0000,68.43,68.79,67.61,68.68,1604351.0
2023-02-09 00:00:00+0000,67.88,68.5,67.12,67.92,1931041.0
2023-02-10 00:00:00+0000,69.02,69.9,68.95,69.87,2048515.0
2023-02-13 00:00:00+0000,69.38,70.43,69.07,69.5,2711258.0
2023-02-14 00:00:00+0000,68.28,69.63,68.01,69.4,1223555.0
2023-02-15 00:00:00+0000,68.79,69.39,67.8,69.02,1581513.0
2023-02-16 00:00:00+0000,68.82,69.39,68.41,68.45,1360592.0
2023-02-17 00:00:00+0000,66.36,67.26,66.01,67.02,3040027.0
2023-02-21 00:00:00+0000,67.5,67.82,66.54,66.69,2035676.0
2023-02-22 00:00:00+0000,66.37,66.67,64.89,64.92,2585548.0
2023-02-23 00:00:00+0000,66.22,66.65,65.7,66.38,1748903.0
2023-02-24 00:00:00+0000,65.56,67.15,65.11,67.1,2170935.0
2023-02-27 00:00:00+0000,66.63,66.76,65.73,66.25,2385289.0
2023-02-28 00:00:00+0000,67.8,67.93,67.16,67.21,1419999.0
2023-03-01 00:00:00+0000,67.14,68.12,66.73,68.07,2264802.0
2023-03-02 00:00:00+0000,68.44,68.77,67.89,68.3,1443362.0
2023-03-03 00:00:00+0000,67.19,69.91,67.14,69.86,4235252.0
2023-03-06 00:00:00+0000,69.29,70.53,69.05,70.49,3377042.0
2023-03-07 00:00:00+0000,70.14,70.22,67.56,67.85,4382748.0
2023-03-08 00:00:00+0000,67.13,67.85,66.78,67.1,2595253.0
2023-03-09 00:00:00+0000,67.9,68.39,66.17,66.24,2102909.0
2023-03-10 00:00:00+0000,66.37,67.56,66.2,67.14,2341274.0
2023-03-13 00:00:00+0000,64.51,66.82,64.07,65.25,3994912.0
2023-03-14 00:00:00+0000,64.02,65.32,62.33,62.93,5520771.0
2023-03-15 00:00:00+0000,60.26,60.97,57.94,60.02,11590227.0
2023-03-16 00:00:00+0000,58.72,61.09,58.04,60.05,7419508.0
2023-03-17 00:00:00+0000,59.93,60.02,57.83,58.66,8129331.0
2023-03-20 00:00:00+0000,58.73,59.87,58.05,59.79,4461248.0
2023-03-21 00:00:00+0000,60.54,61.32,60.11,61.23,3402018.0
2023-03-22 00:00:00+0000,61.39,62.67,60.92,61.61,3112340.0
2023-03-23 00:00:00+0000,62.51,63.02,60.9,60.99,2188710.0
2023-03-24 00:00:00+0000,60.31,61.25,59.84,60.96,2959318.0
2023-03-27 00:00:00+0000,62.24,64.27,61.86,64.15,4644619.0
2023-03-28 00:00:00+0000,63.76,64.98,63.76,64.55,2833029.0
2023-03-29 00:00:00+0000,65.01,65.35,64.0,64.15,2313044.0
2023-03-30 00:00:00+0000,64.81,65.54,64.19,65.32,2758311.0
2023-03-31 00:00:00+0000,65.92,66.5,65.26,66.44,2355178.0
2023-04-03 00:00:00+0000,69.96,70.7,69.63,70.27,6447735.0
2023-04-04 00:00:00+0000,71.13,71.13,69.57,70.27,3086393.0
2023-04-05 00:00:00+0000,70.49,70.55,69.68,70.24,2633855.0
2023-04-06 00:00:00+0000,70.35,70.49,69.77,70.26,2423980.0
2023-04-10 00:00:00+0000,70.23,70.79,69.62,69.76,2350153.0
2023-04-11 00:00:00+0000,70.08,71.21,69.97,71.07,2469251.0
2023-04-12 00:00:00+0000,71.74,72.65,71.61,72.43,3465110.0
2023-04-13 00:00:00+0000,72.36,72.63,71.65,71.8,2214996.0
2023-04-14 00:00:00+0000,72.06,72.45,71.34,72.09,2445625.0
2023-04-17 00:00:00+0000,71.66,71.85,70.48,70.84,2226394.0
2023-04-18 00:00:00+0000,70.92,71.37,70.09,70.73,1209815.0
2023-04-19 00:00:00+0000,69.72,69.98,68.86,69.3,2972228.0
2023-04-20 00:00:00+0000,67.86,68.34,67.51,67.6,2563004.0
2023-04-21 00:00:00+0000,68.58,68.72,67.91,68.21,1697452.0
2023-04-24 00:00:00+0000,68.29,69.6,68.11,69.25,1666682.0
2023-04-25 00:00:00+0000,68.54,68.57,67.26,67.62,1965656.0
2023-04-26 00:00:00+0000,67.18,67.83,65.2,65.36,5113663.0
2023-04-27 00:00:00+0000,65.79,66.21,65.16,65.81,2552103.0
2023-04-28 00:00:00+0000,65.85,67.6,65.53,67.5,2696493.0
2023-05-01 00:00:00+0000,66.34,66.93,65.62,66.55,2581911.0
2023-05-02 00:00:00+0000,65.48,65.51,62.99,63.05,5938278.0
2023-05-03 00:00:00+0000,61.31,61.39,60.16,60.31,10775800.0
2023-05-04 00:00:00+0000,60.5,61.66,59.78,60.7,4314364.0
2023-05-05 00:00:00+0000,62.73,63.34,62.61,63.03,4056428.0
2023-05-08 00:00:00+0000,64.76,64.89,64.04,64.26,3030097.0
2023-05-09 00:00:00+0000,63.86,65.15,63.1,64.87,5119638.0
2023-05-10 00:00:00+0000,64.8,64.8,63.59,64.39,2051659.0
2023-05-11 00:00:00+0000,63.26,63.62,62.62,63.25,3251990.0
2023-05-12 00:00:00+0000,63.21,63.5,61.94,62.07,3559953.0
2023-05-15 00:00:00+0000,62.7,63.46,62.37,62.99,3804695.0
2023-05-16 00:00:00+0000,63.11,63.54,62.44,62.54,1776136.0
2023-05-17 00:00:00+0000,63.87,64.99,63.06,64.6,3700784.0
2023-05-18 00:00:00+0000,64.32,64.4,63.58,64.04,2049564.0
2023-05-19 00:00:00+0000,64.61,64.66,63.25,63.9,2184594.0
2023-05-22 00:00:00+0000,63.59,64.33,63.36,63.91,1173157.0
2023-05-23 00:00:00+0000,64.64,65.4,64.5,64.87,2850857.0
2023-05-24 00:00:00+0000,65.96,66.24,64.94,65.66,3268961.0
2023-05-25 00:00:00+0000,64.46,64.7,63.21,64.09,3369080.0
2023-05-26 00:00:00+0000,64.9,64.99,64.36,64.8,1692873.0
2023-05-30 00:00:00+0000,62.85,62.97,61.7,62.3,5349250.0
2023-05-31 00:00:00+0000,61.48,62.09,60.6,60.63,3106943.0
2023-06-01 00:00:00+0000,60.66,63.37,60.63,62.55,3022760.0
2023-06-02 00:00:00+0000,64.1,64.37,63.46,64.15,5973030.0
2023-06-05 00:00:00+0000,65.37,65.41,64.01,64.03,2754854.0
2023-06-06 00:00:00+0000,63.08,64.43,63.01,63.79,1858363.0
2023-06-07 00:00:00+0000,64.49,65.21,64.21,64.71,2705384.0
2023-06-08 00:00:00+0000,64.89,64.94,61.82,63.46,7273844.0
2023-06-09 00:00:00+0000,63.64,64.2,62.79,62.93,2688451.0
2023-06-12 00:00:00+0000,61.0,61.23,60.02,60.24,4736317.0
2023-06-13 00:00:00+0000,62.09,62.65,61.99,62.14,2719885.0
2023-06-14 00:00:00+0000,63.0,63.2,61.26,61.83,3075989.0
2023-06-15 00:00:00+0000,62.21,63.77,62.14,63.41,2504601.0
2023-06-16 00:00:00+0000,63.48,64.53,63.28,64.35,2560742.0
2023-06-20 00:00:00+0000,63.75,63.96,62.61,63.92,1915418.0
2023-06-21 00:00:00+0000,63.83,65.09,63.7,65.04,2298291.0
2023-06-22 00:00:00+0000,63.17,63.65,62.14,62.52,3385617.0
2023-06-23 00:00:00+0000,61.04,62.5,60.97,62.42,1562344.0
2023-06-26 00:00:00+0000,62.15,63.14,62.08,62.73,1773288.0
2023-06-27 00:00:00+0000,62.33,62.63,61.1,61.3,2053928.0
2023-06-28 00:00:00+0000,61.47,62.94,60.86,62.52,2067872.0
2023-06-29 00:00:00+0000,62.75,63.64,62.25,62.96,1656822.0
2023-06-30 00:00:00+0000,63.35,63.97,63.15,63.55,2631962.0
2023-07-03 00:00:00+0000,63.82,64.11,63.12,63.39,1007581.0
2023-07-05 00:00:00+0000,64.66,64.85,63.9,64.63,2441886.0
2023-07-06 00:00:00+0000,64.33,64.56,63.12,64.44,2119442.0
2023-07-07 00:00:00+0000,64.14,66.05,64.14,65.85,2404377.0
2023-07-10 00:00:00+0000,65.63,66.31,65.15,65.54,1933818.0
2023-07-11 00:00:00+0000,66.03,67.05,65.89,67.03,1889233.0
2023-07-12 00:00:00+0000,67.62,67.97,67.26,67.87,2364403.0
2023-07-13 00:00:00+0000,67.79,69.1,67.53,69.09,2651957.0
2023-07-14 00:00:00+0000,68.53,68.57,67.36,67.47,1845778.0
2023-07-17 00:00:00+0000,66.85,67.4,66.53,66.58,1834297.0
2023-07-18 00:00:00+0000,66.79,68.12,66.65,67.96,2105683.0
2023-07-19 00:00:00+0000,68.39,68.92,67.49,67.69,1605944.0
2023-07-20 00:00:00+0000,68.33,68.49,67.13,68.05,1714916.0
2023-07-21 00:00:00+0000,68.52,69.31,68.17,68.99,2354023.0
2023-07-24 00:00:00+0000,69.61,70.93,69.29,70.69,2006905.0
2023-07-25 00:00:00+0000,70.4,71.41,70.27,71.16,2017101.0
2023-07-26 00:00:00+0000,70.59,71.31,70.41,70.66,1155763.0
2023-07-27 00:00:00+0000,71.16,71.99,70.72,71.43,1462824.0
2023-07-28 00:00:00+0000,71.32,72.24,70.87,72.09,1471638.0
2023-07-31 00:00:00+0000,72.75,73.29,72.56,73.17,1719651.0
2023-08-01 00:00:00+0000,72.68,73.19,72.17,72.96,1242281.0
2023-08-02 00:00:00+0000,72.68,72.74,70.88,71.48,2842790.0
2023-08-03 00:00:00+0000,71.7,73.25,71.7,73.14,2245072.0
2023-08-04 00:00:00+0000,73.22,74.29,72.94,73.79,1759151.0
2023-08-07 00:00:00+0000,73.76,73.87,73.03,73.82,1561920.0
2023-08-08 00:00:00+0000,72.47,74.27,72.04,74.06,2716210.0
2023-08-09 00:00:00+0000,74.78,75.36,74.21,75.1,3145880.0
2023-08-10 00:00:00+0000,74.66,75.09,73.96,74.2,2189884.0
2023-08-11 00:00:00+0000,74.14,74.81,73.95,74.25,1959844.0
2023-08-14 00:00:00+0000,73.69,74.22,73.35,73.81,2159158.0
2023-08-15 00:00:00+0000,73.25,73.26,72.18,72.62,3467602.0
2023-08-16 00:00:00+0000,72.9,73.15,71.29,71.37,3271545.0
2023-08-17 00:00:00+0000,72.57,72.82,71.92,71.98,2305963.0
2023-08-18 00:00:00+0000,72.18,73.06,71.91,72.79,2281433.0
2023-08-21 00:00:00+0000,73.42,73.51,72.42,72.58,1739648.0
2023-08-22 00:00:00+0000,72.76,72.87,72.06,72.28,1158802.0
2023-08-23 00:00:00+0000,70.79,72.0,70.43,71.36,3413742.0
2023-08-24 00:00:00+0000,70.88,71.73,70.45,71.41,2033435.0
2023-08-25 00:00:00+0000,72.62,72.66,70.82,72.45,2633342.0
2023-08-28 00:00:00+0000,72.4,73.13,72.11,72.41,1387990.0
2023-08-29 00:00:00+0000,72.66,73.35,71.79,73.32,1561075.0
2023-08-30 00:00:00+0000,73.73,74.01,73.06,73.66,1944940.0
2023-08-31 00:00:00+0000,74.48,75.18,73.95,75.06,2488451.0
2023-09-01 00:00:00+0000,76.0,76.94,75.94,76.92,3677665.0
2023-09-05 00:00:00+0000,78.07,78.78,77.39,77.76,3789192.0
2023-09-06 00:00:00+0000,77.6,78.77,77.42,78.52,2532552.0
2023-09-07 00:00:00+0000,78.15,78.5,77.44,77.95,2235240.0
2023-09-08 00:00:00+0000,78.14,78.73,77.88,78.3,1634451.0
2023-09-11 00:00:00+0000,78.93,79.12,78.14,78.37,1693135.0
2023-09-12 00:00:00+0000,79.36,80.01,79.31,79.7,2791902.0
2023-09-13 00:00:00+0000,79.86,80.04,79.22,79.68,2399175.0
2023-09-14 00:00:00+0000,80.66,81.14,80.53,81.12,2502206.0
2023-09-15 00:00:00+0000,80.29,81.34,80.09,81.29,2448964.0
2023-09-18 00:00:00+0000,81.82,81.94,80.8,81.45,2860592.0
2023-09-19 00:00:00+0000,82.18,82.28,81.12,81.5,4337074.0
2023-09-20 00:00:00+0000,80.56,81.59,80.13,80.14,3634647.0
2023-09-21 00:00:00+0000,81.25,81.51,80.39,80.41,2485550.0
2023-09-22 00:00:00+0000,81.55,81.6,79.99,80.63,2314613.0
2023-09-25 00:00:00+0000,80.59,80.65,79.67,80.39,1632393.0
2023-09-26 00:00:00+0000,79.97,81.05,79.89,80.88,1992905.0
2023-09-27 00:00:00+0000,82.24,83.29,82.05,82.9,3685682.0
2023-09-28 00:00:00+0000,82.32,82.61,81.22,81.57,2714850.0
2023-09-29 00:00:00+0000,81.9,81.94,80.47,80.86,2112389.0
2023-10-02 00:00:00+0000,81.18,81.28,79.19,79.39,3091732.0
2023-10-03 00:00:00+0000,79.81,80.37,79.25,79.93,2525864.0
2023-10-04 00:00:00+0000,77.97,77.97,75.22,75.59,6777094.0
2023-10-05 00:00:00+0000,74.11,75.45,73.61,73.99,4605260.0
2023-10-06 00:00:00+0000,74.43,74.57,73.34,74.16,3222270.0
2023-10-09 00:00:00+0000,76.76,77.4,76.23,77.13,5490230.0
2023-10-10 00:00:00+0000,77.19,77.19,76.19,76.71,3485560.0
2023-10-11 00:00:00+0000,76.19,76.4,74.76,75.67,5136176.0
2023-10-12 00:00:00+0000,76.58,76.61,74.62,75.42,3405413.0
2023-10-13 00:00:00+0000,77.71,79.18,77.16,78.99,5355135.0
2023-10-16 00:00:00+0000,78.63,78.89,77.87,78.39,4037367.0
2023-10-17 00:00:00+0000,77.98,78.88,77.4,78.8,3401717.0
2023-10-18 00:00:00+0000,79.72,80.37,79.32,79.84,3261642.0
2023-10-19 00:00:00+0000,79.37,81.75,78.94,81.68,4325249.0
2023-10-20 00:00:00+0000,81.55,81.98,80.17,80.7,3793385.0
2023-10-23 00:00:00+0000,80.22,80.27,78.35,78.89,3872777.0
2023-10-24 00:00:00+0000,78.04,78.22,76.31,76.93,4374917.0
2023-10-25 00:00:00+0000,77.11,78.73,75.64,78.46,5429642.0
2023-10-26 00:00:00+0000,76.83,77.59,76.49,76.89,2912313.0
2023-10-27 00:00:00+0000,77.62,78.98,76.58,78.36,4747965.0
2023-10-30 00:00:00+0000,77.24,77.58,75.36,76.05,5104232.0
2023-10-31 00:00:00+0000,76.21,77.02,74.56,75.02,4081009.0
2023-11-01 00:00:00+0000,76.66,76.72,74.24,74.75,3448430.0
2023-11-02 00:00:00+0000,74.91,76.53,74.79,76.18,3614105.0
2023-11-03 00:00:00+0000,75.29,76.41,74.14,74.85,4367913.0
2023-11-06 00:00:00+0000,75.89,76.09,74.77,74.91,2269624.0
2023-11-07 00:00:00+0000,72.99,73.15,71.61,71.8,5941511.0
2023-11-08 00:00:00+0000,71.27,71.67,69.65,70.19,6054224.0
2023-11-09 00:00:00+0000,70.75,71.66,70.14,70.25,3262199.0
2023-11-10 00:00:00+0000,71.31,72.22,71.12,71.79,3136552.0
2023-11-13 00:00:00+0000,71.81,72.96,71.77,72.92,2420969.0
2023-11-14 00:00:00+0000,73.23,74.04,72.36,72.69,2201784.0
2023-11-15 00:00:00+0000,71.82,72.38,71.17,71.34,3463677.0
2023-11-16 00:00:00+0000,69.61,69.71,67.45,68.05,5605217.0
2023-11-17 00:00:00+0000,69.14,70.95,69.14,70.75,4346294.0
2023-11-20 00:00:00+0000,72.18,73.07,71.94,72.3,2927365.0
2023-11-21 00:00:00+0000,72.06,72.59,71.74,72.53,2246071.0
2023-11-22 00:00:00+0000,69.27,71.9,68.81,71.61,4089217.0
2023-11-24 00:00:00+0000,70.95,71.86,70.75,70.82,1127505.0
2023-11-27 00:00:00+0000,70.34,71.09,69.54,69.96,3055359.0
2023-11-28 00:00:00+0000,70.64,71.83,70.24,71.26,2014407.0
2023-11-29 00:00:00+0000,72.12,72.87,70.6,72.52,3964895.0
2023-11-30 00:00:00+0000,73.5,74.21,70.03,70.14,8381733.0
2023-12-01 00:00:00+0000,70.93,71.6,69.04,69.24,3729268.0
2023-12-04 00:00:00+0000,68.66,69.77,67.87,68.47,4196624.0
2023-12-05 00:00:00+0000,68.74,69.24,67.47,67.58,3628728.0
2023-12-06 00:00:00+0000,65.98,66.35,64.61,64.76,7449403.0
2023-12-07 00:00:00+0000,65.65,65.74,64.35,65.11,3694327.0
2023-12-08 00:00:00+0000,66.11,66.9,65.92,66.53,3180121.0
2023-12-11 00:00:00+0000,66.5,67.03,65.98,66.8,1988932.0
2023-12-12 00:00:00+0000,64.93,65.06,63.84,64.25,6409475.0
2023-12-13 00:00:00+0000,64.42,65.35,64.34,65.33,3045141.0
2023-12-14 00:00:00+0000,66.95,67.8,66.9,67.16,4451999.0
2023-12-15 00:00:00+0000,67.19,67.32,65.88,67.15,3053724.0
2023-12-18 00:00:00+0000,68.89,69.58,67.55,68.09,4139400.0
2023-12-19 00:00:00+0000,68.3,69.43,68.25,69.36,3387707.0
2023-12-20 00:00:00+0000,70.15,70.31,68.66,68.79,4476173.0
2023-12-21 00:00:00+0000,68.13,69.08,68.13,69.03,2811281.0
2023-12-22 00:00:00+0000,69.63,69.96,68.49,68.69,3782389.0
2023-12-26 00:00:00+0000,70.52,71.1,70.11,70.21,4247339.0
2023-12-27 00:00:00+0000,70.02,70.17,68.9,68.92,3221434.0
2023-12-28 00:00:00+0000,68.35,68.94,66.97,67.18,4791690.0
2023-12-29 00:00:00+0000,67.68,67.75,66.63,66.65,2591133.0
2024-01-02 00:00:00+0000,67.56,67.56,65.48,65.77,6778533.0
2024-01-03 00:00:00+0000,66.92,68.36,66.72,68.19,6098816.0
2024-01-04 00:00:00+0000,68.19,68.39,66.4,67.57,4445933.0
2024-01-05 00:00:00+0000,68.83,69.32,68.36,69.03,3685902.0
2024-01-08 00:00:00+0000,66.07,66.49,65.54,66.4,4777894.0
2024-01-09 00:00:00+0000,67.3,67.95,66.71,67.39,3498663.0
2024-01-10 00:00:00+0000,68.27,68.68,66.34,66.56,4626588.0
2024-01-11 00:00:00+0000,68.35,68.92,67.11,67.65,5928213.0
2024-01-12 00:00:00+0000,69.38,69.81,67.57,68.02,5439384.0
2024-01-16 00:00:00+0000,68.09,68.25,67.11,67.25,3830979.0
2024-01-17 00:00:00+0000,66.48,67.96,66.28,67.94,3965209.0
2024-01-18 00:00:00+0000,68.36,69.31,67.79,69.06,4171427.0
2024-01-19 00:00:00+0000,69.41,69.72,68.21,68.82,3662761.0
2024-01-22 00:00:00+0000,68.88,70.5,68.72,69.69,4332995.0
2024-01-23 00:00:00+0000,69.34,70.33,69.12,69.66,2685161.0
2024-01-24 00:00:00+0000,69.97,70.88,69.66,70.54,4461476.0
2024-01-25 00:00:00+0000,71.48,72.45,71.01,72.23,3929547.0
2024-01-26 00:00:00+0000,71.98,73.19,71.13,73.1,4028201.0
2024-01-29 00:00:00+0000,72.43,72.45,71.48,72.05,2950391.0
2024-01-30 00:00:00+0000,72.0,73.1,71.72,72.81,2957958.0
2024-01-31 00:00:00+0000,72.32,72.37,70.66,70.92,4439278.0
2024-02-01 00:00:00+0000,71.59,71.99,68.96,69.07,12066584.0
2024-02-02 00:00:00+0000,68.03,68.36,67.19,67.51,4868309.0
2024-02-05 00:00:00+0000,67.83,68.59,66.85,68.18,2657203.0
2024-02-06 00:00:00+0000,68.65,69.1,68.12,68.81,3970648.0
2024-02-07 00:00:00+0000,68.94,69.43,68.7,69.42,4598408.0
2024-02-08 00:00:00+0000,70.28,71.6,70.22,71.52,4229237.0
2024-02-09 00:00:00+0000,71.94,72.28,71.1,71.67,2194955.0
2024-02-12 00:00:00+0000,71.53,72.13,71.53,72.11,3200930.0
2024-02-13 00:00:00+0000,72.56,73.22,71.95,72.65,3048926.0
2024-02-14 00:00:00+0000,73.07,73.54,71.37,71.55,4228506.0
2024-02-15 00:00:00+0000,71.77,73.2,71.77,72.84,3873440.0
2024-02-16 00:00:00+0000,72.95,73.63,72.43,73.41,3500881.0
2024-02-20 00:00:00+0000,73.44,73.45,72.06,72.42,2735854.0
2024-02-21 00:00:00+0000,72.17,73.22,72.16,73.2,3540782.0
2024-02-22 00:00:00+0000,72.99,74.05,72.91,73.6,2396309.0
2024-02-23 00:00:00+0000,72.19,72.67,71.66,71.92,2920042.0
2024-02-26 00:00:00+0000,71.55,73.24,71.48,72.79,3051995.0
2024-02-27 00:00:00+0000,73.21,74.16,73.14,73.85,4695230.0
2024-02-28 00:00:00+0000,74.46,74.74,73.26,73.62,3591339.0
2024-02-29 00:00:00+0000,74.07,74.45,73.2,73.36,3283739.0
2024-03-01 00:00:00+0000,74.74,75.94,74.53,74.96,4727852.0
2024-03-04 00:00:00+0000,75.43,75.5,73.83,74.01,2964581.0
2024-03-05 00:00:00+0000,73.62,74.67,73.11,73.45,3717602.0
2024-03-06 00:00:00+0000,74.67,75.73,74.16,74.34,4375725.0
2024-03-07 00:00:00+0000,73.56,74.77,73.4,74.23,2576151.0
2024-03-08 00:00:00+0000,74.02,74.08,72.99,73.36,3243895.0
2024-03-11 00:00:00+0000,72.97,73.9,72.37,73.62,2498689.0
2024-03-12 00:00:00+0000,73.42,74.16,73.01,73.35,3707313.0
2024-03-13 00:00:00+0000,74.75,75.25,74.37,75.09,3975289.0
2024-03-14 00:00:00+0000,75.9,76.76,75.74,76.3,3814779.0
2024-03-15 00:00:00+0000,75.97,76.64,75.87,76.33,2651099.0
2024-03-18 00:00:00+0000,77.04,78.18,76.61,77.98,2901391.0
2024-03-19 00:00:00+0000,78.08,78.78,77.94,78.43,2415716.0
2024-03-20 00:00:00+0000,77.2,77.52,76.62,77.25,3770668.0
2024-03-21 00:00:00+0000,76.87,77.0,76.13,76.82,2410178.0
2024-03-22 00:00:00+0000,77.07,77.12,76.31,76.68,2147832.0
2024-03-25 00:00:00+0000,76.99,78.21,76.99,77.76,1764727.0
2024-03-26 00:00:00+0000,77.94,77.98,77.21,77.29,2565936.0
2024-03-27 00:00:00+0000,76.92,77.54,76.82,77.51,2107938.0
2024-03-28 00:00:00+0000,78.27,78.94,78.02,78.73,4206427.0
2024-04-01 00:00:00+0000,79.1,80.2,78.8,79.67,3604012.0
2024-04-02 00:00:00+0000,80.63,80.92,79.88,80.79,3728137.0
2024-04-03 00:00:00+0000,81.29,81.82,81.09,81.25,2711439.0
2024-04-04 00:00:00+0000,81.07,82.84,80.43,82.27,5587808.0
2024-04-05 00:00:00+0000,82.61,83.25,82.12,82.4,3339151.0
2024-04-08 00:00:00+0000,82.38,82.73,81.16,82.2,3349901.0
2024-04-09 00:00:00+0000,82.1,82.25,80.87,81.15,3271115.0
2024-04-10 00:00:00+0000,81.39,82.11,80.43,82.09,5880325.0
2024-04-11 00:00:00+0000,81.67,81.67,80.79,81.55,5127733.0
2024-04-12 00:00:00+0000,83.0,83.41,81.23,81.53,8128988.0
2024-04-15 00:00:00+0000,81.0,81.7,80.09,81.65,8538400.0
2024-04-16 00:00:00+0000,81.31,81.72,81.01,81.33,3670009.0
2024-04-17 00:00:00+0000,80.28,80.96,78.69,78.91,5242539.0
2024-04-18 00:00:00+0000,79.12,79.49,78.2,78.78,3973989.0
2024-04-19 00:00:00+0000,78.72,79.53,78.56,78.85,6098417.0
2024-04-22 00:00:00+0000,77.86,78.99,77.57,78.78,2515797.0
2024-04-23 00:00:00+0000,78.25,80.1,78.16,79.98,2966665.0
2024-04-24 00:00:00+0000,79.71,80.25,79.16,79.64,3297380.0
2024-04-25 00:00:00+0000,79.57,80.49,78.75,80.44,2671708.0
2024-04-26 00:00:00+0000,80.95,80.97,80.06,80.39,1358511.0
2024-04-29 00:00:00+0000,80.07,80.33,79.17,79.5,3593204.0
2024-04-30 00:00:00+0000,78.96,79.22,77.79,78.38,3375847.0
2024-05-01 00:00:00+0000,77.37,78.38,75.76,75.93,5502927.0
2024-05-02 00:00:00+0000,76.1,76.4,75.37,75.93,4090363.0
2024-05-03 00:00:00+0000,75.74,75.92,75.02,75.13,2300918.0
2024-05-06 00:00:00+0000,75.54,75.98,74.96,75.66,5435726.0
2024-05-07 00:00:00+0000,75.25,76.16,74.64,75.5,3572114.0
2024-05-08 00:00:00+0000,74.72,76.18,74.55,76.11,1793786.0
2024-05-09 00:00:00+0000,76.04,76.56,75.88,76.52,1671024.0
2024-05-10 00:00:00+0000,76.68,76.83,75.24,75.3,2106412.0
2024-05-13 00:00:00+0000,75.75,76.43,75.6,76.13,2509986.0
2024-05-14 00:00:00+0000,75.3,75.87,74.84,75.21,1741991.0
2024-05-15 00:00:00+0000,74.45,75.88,73.88,75.88,3222986.0
2024-05-16 00:00:00+0000,76.59,76.74,75.93,76.25,2570539.0
2024-05-17 00:00:00+0000,76.35,77.12,76.16,76.97,1690218.0
2024-05-20 00:00:00+0000,76.55,77.55,76.18,76.73,1535671.0
2024-05-21 00:00:00+0000,75.99,76.53,75.53,76.16,1632809.0
2024-05-22 00:00:00+0000,75.21,75.9,74.82,74.87,1838658.0
2024-05-23 00:00:00+0000,75.96,76.18,74.04,74.45,1546407.0
2024-05-24 00:00:00+0000,74.88,75.6,74.73,75.35,950807.0
2024-05-28 00:00:00+0000,76.76,77.78,76.57,77.66,1847372.0
2024-05-29 00:00:00+0000,77.66,77.67,76.56,76.57,1281341.0
2024-05-30 00:00:00+0000,76.05,76.72,75.25,75.53,1946407.0
2024-05-31 00:00:00+0000,75.63,75.84,74.33,74.82,1680681.0
2024-06-03 00:00:00+0000,73.92,73.94,71.76,71.83,4943148.0
2024-06-04 00:00:00+0000,70.96,71.45,70.44,71.09,1973602.0
2024-06-05 00:00:00+0000,71.4,71.98,70.76,71.89,1513091.0
2024-06-06 00:00:00+0000,72.12,73.47,71.96,73.26,1332614.0
2024-06-07 00:00:00+0000,73.56,73.92,72.96,73.02,1640976.0
2024-06-10 00:00:00+0000,73.78,75.55,73.56,75.46,3527044.0
2024-06-11 00:00:00+0000,75.34,75.99,74.91,75.51,1379584.0
2024-06-12 00:00:00+0000,76.83,76.92,75.57,75.98,1722298.0
2024-06-13 00:00:00+0000,76.33,76.52,75.69,75.74,1227800.0
2024-06-14 00:00:00+0000,76.62,76.78,75.84,76.08,1303837.0
2024-06-17 00:00:00+0000,76.66,77.98,76.55,77.79,1978187.0
2024-06-18 00:00:00+0000,77.85,78.83,77.76,78.67,1445114.0
2024-06-20 00:00:00+0000,79.28,79.53,78.85,79.41,1200784.0
2024-06-21 00:00:00+0000,79.44,79.79,78.4,78.65,1256177.0
2024-06-24 00:00:00+0000,78.52,79.8,78.49,79.7,854811.0
2024-06-25 00:00:00+0000,79.47,79.84,78.75,78.9,1079078.0
2024-06-26 00:00:00+0000,78.94,79.55,78.27,78.75,1367051.0
2024-06-27 00:00:00+0000,79.7,80.03,79.22,79.92,1299297.0
2024-06-28 00:00:00+0000,80.03,80.04,79.08,79.59,1099283.0
2024-07-01 00:00:00+0000,80.21,81.69,79.82,81.54,2013723.0
2024-07-02 00:00:00+0000,81.98,82.02,80.83,81.11,933590.0
2024-07-03 00:00:00+0000,80.95,81.6,80.57,81.27,580541.0
2024-07-05 00:00:00+0000,82.01,82.6,81.23,81.31,1575860.0
2024-07-08 00:00:00+0000,80.59,81.02,80.29,80.42,1352872.0
2024-07-09 00:00:00+0000,80.1,80.65,79.46,79.77,1318871.0
2024-07-10 00:00:00+0000,79.42,80.7,79.18,80.48,1418940.0
2024-07-11 00:00:00+0000,79.93,80.99,79.73,80.94,2106949.0
2024-07-12 00:00:00+0000,81.25,81.32,80.11,80.25,1940816.0
2024-07-15 00:00:00+0000,80.26,80.38,79.57,80.12,1507709.0
2024-07-16 00:00:00+0000,78.68,79.41,78.68,79.06,1597364.0
2024-07-17 00:00:00+0000,80.0,80.71,79.95,80.62,1890363.0
2024-07-18 00:00:00+0000,80.59,81.09,79.84,79.9,1084877.0
2024-07-19 00:00:00+0000,79.51,80.22,77.86,78.0,1888246.0
2024-07-22 00:00:00+0000,77.17,77.75,76.86,77.62,1107874.0
2024-07-23 00:00:00+0000,76.99,77.13,75.72,76.62,2534428.0
2024-07-24 00:00:00+0000,76.87,77.48,76.3,76.81,1830187.0
2024-07-25 00:00:00+0000,76.17,77.78,75.54,77.46,1542671.0
2024-07-26 00:00:00+0000,76.82,76.94,75.55,76.11,1754907.0
2024-07-29 00:00:00+0000,76.73,76.99,74.74,75.19,1560333.0
2024-07-30 00:00:00+0000,74.48,74.77,74.0,74.46,2871999.0
2024-07-31 00:00:00+0000,76.33,77.91,75.9,77.74,3687326.0
2024-08-01 00:00:00+0000,77.79,77.85,75.64,76.29,3102905.0
2024-08-02 00:00:00+0000,73.81,73.82,72.43,73.39,4263832.0
2024-08-05 00:00:00+0000,71.96,73.26,71.83,73.22,3097626.0
2024-08-06 00:00:00+0000,71.77,73.39,71.73,72.45,2248349.0
2024-08-07 00:00:00+0000,73.94,75.17,73.69,74.69,4002545.0
2024-08-08 00:00:00+0000,74.53,75.8,74.44,75.36,2197262.0
2024-08-09 00:00:00+0000,75.67,76.35,75.25,76.22,2164937.0
2024-08-12 00:00:00+0000,77.19,79.17,76.93,78.63,3491224.0
2024-08-13 00:00:00+0000,78.38,78.46,77.31,77.64,1786719.0
2024-08-14 00:00:00+0000,77.6,77.75,76.3,76.59,1401964.0
2024-08-15 00:00:00+0000,77.29,78.0,77.15,77.41,1165460.0
2024-08-16 00:00:00+0000,76.22,76.65,75.69,76.32,1903394.0
2024-08-19 00:00:00+0000,76.25,76.38,74.09,74.38,4402383.0
2024-08-20 00:00:00+0000,74.74,75.02,73.68,73.83,2291482.0
2024-08-21 00:00:00+0000,74.32,74.81,72.11,72.6,2391115.0
2024-08-22 00:00:00+0000,72.83,74.17,72.71,73.58,1482912.0
2024-08-23 00:00:00+0000,74.99,75.76,74.87,75.55,2398861.0
2024-08-26 00:00:00+0000,78.07,78.32,77.62,77.83,2748862.0
2024-08-27 00:00:00+0000,77.39,77.6,76.14,76.49,2215600.0
2024-08-28 00:00:00+0000,75.4,76.23,74.8,75.48,1467956.0
2024-08-29 00:00:00+0000,76.77,77.65,76.1,76.77,3541541.0
2024-08-30 00:00:00+0000,75.19,75.22,74.12,74.34,2657002.0
2024-09-03 00:00:00+0000,72.15,72.15,70.85,71.09,3114522.0
2024-09-04 00:00:00+0000,70.62,71.5,69.55,69.61,3666617.0
2024-09-05 00:00:00+0000,70.74,71.53,69.51,69.89,2990132.0
2024-09-06 00:00:00+0000,70.55,70.87,67.91,68.93,3093269.0
2024-09-09 00:00:00+0000,68.49,69.66,68.05,69.27,1415679.0
2024-09-10 00:00:00+0000,69.45,69.49,66.02,66.96,3294277.0
2024-09-11 00:00:00+0000,67.85,68.62,66.37,67.85,2296959.0
2024-09-12 00:00:00+0000,69.07,70.46,68.53,69.89,2832224.0
2024-09-13 00:00:00+0000,70.2,70.93,69.12,69.84,1617123.0
2024-09-16 00:00:00+0000,70.61,71.22,70.13,70.88,2170016.0
2024-09-17 00:00:00+0000,70.9,72.29,70.84,71.72,1634851.0
2024-09-18 00:00:00+0000,71.01,71.94,70.58,70.66,2038927.0
2024-09-19 00:00:00+0000,72.22,73.21,71.78,72.75,3540687.0
2024-09-20 00:00:00+0000,72.42,73.14,72.05,72.92,1098141.0
2024-09-23 00:00:00+0000,72.96,73.53,71.17,72.25,1951755.0
2024-09-24 00:00:00+0000,73.85,73.86,72.83,73.29,1496711.0
2024-09-25 00:00:00+0000,72.35,72.8,70.94,71.48,2522807.0
2024-09-26 00:00:00+0000,69.22,70.12,68.6,69.01,2627958.0
2024-09-27 00:00:00+0000,69.3,70.32,68.8,70.27,2375371.0
2024-09-30 00:00:00+0000,69.96,70.87,69.41,69.92,1925164.0
2024-10-01 00:00:00+0000,69.34,73.73,69.29,72.11,12289397.0
2024-10-02 00:00:00+0000,73.95,74.21,71.62,72.76,3259607.0
2024-10-03 00:00:00+0000,73.74,75.9,73.45,75.73,6111200.0
2024-10-04 00:00:00+0000,76.21,77.4,75.76,76.35,4785118.0
2024-10-07 00:00:00+0000,77.42,79.31,77.29,79.2,3236742.0
2024-10-08 00:00:00+0000,76.83,76.94,74.57,75.79,6404402.0
2024-10-09 00:00:00+0000,74.11,75.36,73.41,75.25,4777395.0
2024-10-10 00:00:00+0000,76.15,78.04,75.76,77.77,3423322.0
2024-10-11 00:00:00+0000,77.01,77.88,76.69,77.49,2697102.0
2024-10-14 00:00:00+0000,76.06,76.65,75.48,75.93,2456897.0
2024-10-15 00:00:00+0000,72.29,72.95,71.67,72.76,2908991.0
2024-10-16 00:00:00+0000,72.39,72.67,71.52,72.4,1621054.0
2024-10-17 00:00:00+0000,72.05,72.84,71.31,72.62,2093937.0
2024-10-18 00:00:00+0000,71.74,71.92,70.57,71.38,3258099.0
2024-10-21 00:00:00+0000,72.4,72.88,71.71,72.26,2113016.0
2024-10-22 00:00:00+0000,73.19,74.65,72.99,73.98,3003063.0
2024-10-23 00:00:00+0000,73.49,74.03,72.91,73.55,1660225.0
2024-10-24 00:00:00+0000,73.75,74.08,72.27,73.06,1741991.0
2024-10-25 00:00:00+0000,73.8,74.49,73.36,74.23,2917432.0
2024-10-28 00:00:00+0000,69.8,70.64,69.66,70.43,5548706.0
2024-10-29 00:00:00+0000,70.12,70.31,69.14,69.66,3181606.0
2024-10-30 00:00:00+0000,70.67,71.63,70.36,71.36,3091587.0
2024-10-31 00:00:00+0000,71.81,73.35,71.44,73.08,7695975.0
2024-11-01 00:00:00+0000,73.63,73.8,71.95,72.02,3257787.0
2024-11-04 00:00:00+0000,73.86,74.43,73.28,74.29,2348203.0
2024-11-05 00:00:00+0000,74.94,75.34,74.05,74.73,1830320.0
2024-11-06 00:00:00+0000,73.23,75.32,73.23,74.54,2803921.0
2024-11-07 00:00:00+0000,74.04,75.56,73.51,74.66,2051257.0
2024-11-08 00:00:00+0000,73.84,73.94,72.66,73.13,2013716.0
2024-11-11 00:00:00+0000,71.22,71.45,70.64,70.94,2221666.0
2024-11-12 00:00:00+0000,71.78,71.85,70.5,70.69,1255856.0
2024-11-13 00:00:00+0000,70.33,71.5,69.6,70.73,2434759.0
2024-11-14 00:00:00+0000,72.07,72.09,70.82,71.29,1536751.0
2024-11-15 00:00:00+0000,70.87,71.35,69.56,69.75,2756982.0
2024-11-18 00:00:00+0000,70.95,72.31,70.9,72.07,2492647.0
2024-11-19 00:00:00+0000,72.4,72.71,71.4,72.31,3094112.0
2024-11-20 00:00:00+0000,72.84,72.84,71.6,72.02,1051532.0
2024-11-21 00:00:00+0000,73.14,73.26,72.39,73.2,1420220.0
2024-11-22 00:00:00+0000,73.1,74.58,72.94,74.25,1983933.0
2024-11-25 00:00:00+0000,72.96,73.44,71.73,72.1,2237042.0
2024-11-26 00:00:00+0000,72.54,73.34,71.01,71.61,2271730.0
2024-11-27 00:00:00+0000,71.63,72.3,71.16,71.72,1177846.0
2024-11-29 00:00:00+0000,72.32,72.74,71.51,71.61,1208848.0
2024-12-02 00:00:00+0000,71.89,71.95,70.7,71.04,2817217.0
2024-12-03 00:00:00+0000,72.19,73.32,71.8,73.04,2345428.0
2024-12-04 00:00:00+0000,73.41,73.45,71.52,71.88,2019094.0
2024-12-05 00:00:00+0000,71.95,72.17,71.22,71.47,1111482.0
2024-12-06 00:00:00+0000,70.62,70.71,69.99,70.24,2098737.0
2024-12-09 00:00:00+0000,71.23,71.97,71.15,71.17,1457417.0
2024-12-10 00:00:00+0000,71.54,72.13,71.32,71.4,1680245.0
2024-12-11 00:00:00+0000,72.58,73.59,72.15,73.33,1861759.0
2024-12-12 00:00:00+0000,72.9,73.58,72.19,73.21,1825678.0
2024-12-13 00:00:00+0000,73.62,74.5,73.54,74.21,1876134.0
2024-12-16 00:00:00+0000,74.15,74.3,73.61,73.7,1442653.0
2024-12-17 00:00:00+0000,72.96,73.35,72.31,73.3,1683053.0
2024-12-18 00:00:00+0000,73.67,74.38,72.91,72.94,1807185.0
2024-12-19 00:00:00+0000,73.93,74.11,72.61,72.61,1624983.0
2024-12-20 00:00:00+0000,72.27,73.41,71.95,73.1,1210326.0
2024-12-23 00:00:00+0000,72.91,73.07,72.1,73.06,1397696.0
2024-12-24 00:00:00+0000,73.7,74.03,73.45,73.65,779348.0
2024-12-26 00:00:00+0000,74.26,74.38,72.9,73.13,1433838.0
2024-12-27 00:00:00+0000,74.1,74.4,73.69,73.85,1044689.0
2024-12-30 00:00:00+0000,74.86,75.27,74.45,74.82,1195190.0
2024-12-31 00:00:00+0000,75.24,75.75,74.97,75.55,1020074.0
2025-01-02 00:00:00+0000,76.84,77.56,76.84,76.93,2694171.0
2025-01-03 00:00:00+0000,77.41,78.22,77.26,77.92,1386730.0
2025-01-06 00:00:00+0000,78.43,78.9,77.06,77.3,1426419.0
2025-01-07 00:00:00+0000,78.13,78.44,77.7,78.17,2572484.0
2025-01-08 00:00:00+0000,78.32,78.46,77.06,77.3,2293584.0
2025-01-10 00:00:00+0000,81.66,81.82,79.37,80.64,2902090.0
2025-01-13 00:00:00+0000,81.51,82.82,81.37,82.23,3480280.0
2025-01-14 00:00:00+0000,81.9,82.08,81.21,81.67,3346818.0
2025-01-15 00:00:00+0000,82.28,84.58,82.28,84.34,3389192.0
2025-01-16 00:00:00+0000,83.52,83.6,81.99,82.94,2372224.0
2025-01-17 00:00:00+0000,82.52,83.0,82.23,82.52,1636942.0
2025-01-21 00:00:00+0000,80.64,81.34,80.45,81.11,1665629.0
2025-01-22 00:00:00+0000,80.72,81.21,80.32,80.43,2114819.0
2025-01-23 00:00:00+0000,80.57,81.04,79.16,79.21,3041886.0
2025-01-24 00:00:00+0000,80.06,80.22,79.01,79.6,1499248.0
2025-01-27 00:00:00+0000,79.28,79.54,77.23,77.93,1291617.0
2025-01-28 00:00:00+0000,78.88,78.95,77.81,78.86,1066639.0
2025-01-29 00:00:00+0000,78.02,78.65,77.18,77.78,1268591.0
2025-01-30 00:00:00+0000,77.77,78.77,77.46,77.75,1695123.0
2025-01-31 00:00:00+0000,77.6,78.26,76.76,78.02,2670718.0
2025-02-03 00:00:00+0000,78.42,78.77,76.94,77.82,3134959.0
2025-02-04 00:00:00+0000,75.7,78.3,75.6,77.51,4551109.0
2025-02-05 00:00:00+0000,76.57,77.0,75.83,76.09,1462818.0
2025-02-06 00:00:00+0000,76.36,76.73,75.27,75.45,1484310.0
2025-02-07 00:00:00+0000,76.22,76.29,75.46,75.86,1284827.0
2025-02-10 00:00:00+0000,76.94,77.51,76.61,77.4,2088341.0
2025-02-11 00:00:00+0000,78.37,78.49,77.87,78.27,1514330.0
2025-02-12 00:00:00+0000,77.15,77.46,76.29,76.32,2297801.0
2025-02-13 00:00:00+0000,75.68,76.47,75.58,76.39,1241361.0
2025-02-14 00:00:00+0000,76.58,76.74,75.63,75.82,1586871.0
2025-02-18 00:00:00+0000,76.69,77.11,76.35,76.96,1574317.0
2025-02-19 00:00:00+0000,78.07,78.2,77.23,77.45,1119138.0
2025-02-20 00:00:00+0000,77.92,78.47,77.62,77.76,1189489.0
2025-02-21 00:00:00+0000,76.7,76.85,75.34,75.35,2002488.0
2025-02-24 00:00:00+0000,75.71,76.14,75.45,75.97,2263519.0
2025-02-25 00:00:00+0000,75.6,75.61,73.74,74.13,1662094.0
2025-02-26 00:00:00+0000,73.91,74.27,73.41,73.85,2086516.0
2025-02-27 00:00:00+0000,75.02,75.79,74.69,75.28,1780287.0
2025-02-28 00:00:00+0000,74.58,75.47,74.25,75.22,1629491.0
2025-03-03 00:00:00+0000,75.33,75.56,72.92,73.32,3283737.0
2025-03-04 00:00:00+0000,72.75,73.62,71.71,73.31,1190644.0
2025-03-05 00:00:00+0000,71.4,71.49,70.09,71.42,2693318.0
2025-03-06 00:00:00+0000,71.37,72.02,70.49,71.13,1740228.0
2025-03-07 00:00:00+0000,72.74,73.31,71.77,72.09,2851775.0
2025-03-10 00:00:00+0000,72.06,72.25,70.74,70.89,1244906.0
2025-03-11 00:00:00+0000,71.8,72.18,70.98,71.45,1135457.0
2025-03-12 00:00:00+0000,72.32,72.97,72.04,72.8,1468585.0
2025-03-13 00:00:00+0000,72.08,72.45,71.41,71.62,2015059.0
2025-03-14 00:00:00+0000,71.89,72.43,71.65,72.28,1285769.0
2025-03-17 00:00:00+0000,72.98,73.17,72.43,72.71,2202101.0
2025-03-18 00:00:00+0000,73.39,73.49,71.97,72.21,2063294.0
2025-03-19 00:00:00+0000,72.08,72.88,71.93,72.42,1379652.0
2025-03-20 00:00:00+0000,72.23,73.8,72.04,73.73,1911951.0
2025-03-21 00:00:00+0000,73.39,73.96,73.13,73.79,1201986.0
2025-03-24 00:00:00+0000,74.13,74.98,73.94,74.88,2181478.0
2025-03-25 00:00:00+0000,75.23,75.36,74.12,74.82,1446977.0
2025-03-26 00:00:00+0000,75.34,75.94,75.13,75.42,1607983.0
2025-03-27 00:00:00+0000,75.26,75.68,74.78,75.48,1139135.0
2025-03-28 00:00:00+0000,75.52,75.54,74.54,74.77,1595029.0
2025-03-31 00:00:00+0000,75.52,77.72,75.28,77.33,2383767.0
2025-04-01 00:00:00+0000,77.6,78.01,76.87,77.08,1973410.0
2025-04-02 00:00:00+0000,76.72,77.86,76.69,77.74,1913049.0
2025-04-03 00:00:00+0000,72.16,72.7,71.43,72.25,4196270.0
2025-04-04 00:00:00+0000,66.9,68.42,65.5,67.92,6551277.0
2025-04-07 00:00:00+0000,65.64,69.2,64.94,65.98,5556719.0
2025-04-08 00:00:00+0000,66.6,66.8,62.74,63.34,5659777.0
2025-04-09 00:00:00+0000,61.73,68.05,60.67,67.58,10630190.0
2025-04-10 00:00:00+0000,64.77,65.47,63.6,65.32,4325989.0
2025-04-11 00:00:00+0000,64.65,66.79,64.5,66.46,3210684.0
2025-04-14 00:00:00+0000,67.12,67.13,65.62,66.66,2294990.0
2025-04-15 00:00:00+0000,66.47,66.92,65.91,66.48,1125456.0
2025-04-16 00:00:00+0000,66.99,67.97,66.99,67.75,4293219.0
2025-04-17 00:00:00+0000,68.35,70.05,68.15,69.48,3213233.0
2025-04-21 00:00:00+0000,68.27,68.66,67.44,68.62,1636337.0
2025-04-22 00:00:00+0000,68.89,70.27,68.72,69.37,3075308.0
2025-04-23 00:00:00+0000,68.99,69.81,67.19,68.05,6377108.0
2025-04-24 00:00:00+0000,68.65,68.86,67.7,68.46,2840730.0
2025-04-25 00:00:00+0000,68.07,69.18,68.04,69.03,2218035.0
2025-04-28 00:00:00+0000,68.87,69.04,67.17,67.76,2471252.0
2025-04-29 00:00:00+0000,66.69,66.81,65.82,65.85,3072100.0
2025-04-30 00:00:00+0000,65.45,65.72,63.3,63.56,7637042.0
2025-05-01 00:00:00+0000,63.59,65.08,63.09,64.52,7705850.0
2025-05-02 00:00:00+0000,64.53,64.6,63.11,64.01,5000986.0
2025-05-05 00:00:00+0000,62.85,63.02,61.75,62.37,3696557.0
2025-05-06 00:00:00+0000,64.7,65.41,64.46,64.6,3944145.0
2025-05-07 00:00:00+0000,64.41,64.67,63.26,63.51,2433291.0
2025-05-08 00:00:00+0000,64.44,65.74,64.43,65.6,3065154.0
2025-05-09 00:00:00+0000,65.96,66.82,65.87,66.61,3019225.0
2025-05-12 00:00:00+0000,69.08,69.28,67.48,67.6,2649078.0
2025-05-13 00:00:00+0000,68.45,69.88,68.4,69.59,3746848.0
2025-05-14 00:00:00+0000,69.28,69.55,68.7,68.73,1959912.0
2025-05-15 00:00:00+0000,67.41,67.79,66.87,67.59,3821284.0
2025-05-16 00:00:00+0000,67.83,68.54,67.42,68.1,2911240.0
2025-05-19 00:00:00+0000,68.11,69.1,67.88,68.51,3780807.0
2025-05-20 00:00:00+0000,68.4,68.8,67.78,68.66,1814541.0
2025-05-21 00:00:00+0000,69.14,69.16,67.57,67.59,3772412.0
2025-05-22 00:00:00+0000,66.88,67.55,66.57,67.14,2621451.0
2025-05-23 00:00:00+0000,66.97,68.22,66.96,67.99,3126684.0
2025-05-27 00:00:00+0000,67.48,67.6,66.47,67.28,2955216.0
2025-05-28 00:00:00+0000,68.34,68.96,67.82,67.89,3918441.0
2025-05-29 00:00:00+0000,67.63,67.64,66.78,67.19,3896584.0
2025-05-30 00:00:00+0000,67.1,67.25,65.96,67.15,6401600.0
2025-06-02 00:00:00+0000,69.99,70.04,68.64,69.55,5971089.0
2025-06-03 00:00:00+0000,69.62,70.5,69.37,69.89,3232448.0
2025-06-04 00:00:00+0000,70.01,70.56,68.64,69.34,5538578.0
2025-06-05 00:00:00+0000,70.43,70.61,69.79,69.93,2035324.0
2025-06-06 00:00:00+0000,70.36,71.52,70.36,71.38,2810474.0
2025-06-09 00:00:00+0000,71.4,72.18,71.08,72.05,2140279.0
2025-06-10 00:00:00+0000,72.17,73.07,71.26,71.6,4483361.0
2025-06-11 00:00:00+0000,73.02,75.32,72.8,74.82,6504656.0
2025-06-12 00:00:00+0000,74.01,75.41,73.75,75.05,8746665.0
2025-06-13 00:00:00+0000,80.47,81.14,78.64,80.22,27071602.0
2025-06-16 00:00:00+0000,79.03,79.6,76.25,78.59,32256227.0
2025-06-17 00:00:00+0000,80.44,82.89,80.09,82.3,21179954.0
2025-06-18 00:00:00+0000,83.1,83.46,80.16,82.27,29858793.0
2025-06-20 00:00:00+0000,82.24,83.38,81.86,83.12,10980069.0
2025-06-23 00:00:00+0000,83.27,83.57,76.41,76.41,41942721.0
2025-06-24 00:00:00+0000,73.36,73.86,71.97,73.0,12695965.0
2025-06-25 00:00:00+0000,72.93,74.23,72.79,73.31,9541282.0
2025-06-26 00:00:00+0000,73.62,74.68,73.09,73.59,7684129.0
2025-06-27 00:00:00+0000,74.02,74.34,72.87,73.28,9291690.0
2025-06-30 00:00:00+0000,73.5,73.63,72.72,73.11,4979537.0
2025-07-01 00:00:00+0000,73.61,74.04,73.32,73.93,3610778.0
2025-07-02 00:00:00+0000,74.34,76.02,73.51,75.59,5457991.0
2025-07-03 00:00:00+0000,75.41,75.92,74.87,75.19,3705103.0
2025-07-07 00:00:00+0000,75.84,76.89,75.57,76.48,5212795.0
2025-07-08 00:00:00+0000,76.18,77.59,76.05,76.96,3369416.0
2025-07-09 00:00:00+0000,76.45,77.52,76.28,76.93,2930153.0
2025-07-10 00:00:00+0000,75.37,75.92,74.96,75.39,5164829.0
2025-07-11 00:00:00+0000,76.09,77.35,76.08,77.29,3478993.0
2025-07-14 00:00:00+0000,77.27,77.27,75.5,75.62,5508244.0
2025-07-15 00:00:00+0000,75.31,75.88,74.93,75.26,4516871.0
2025-07-16 00:00:00+0000,74.21,75.33,73.99,75.19,4960025.0
2025-07-17 00:00:00+0000,75.01,76.27,74.87,76.16,3483002.0
2025-07-18 00:00:00+0000,76.97,77.31,75.79,75.93,5579925.0
2025-07-21 00:00:00+0000,75.62,75.91,74.99,75.59,2189718.0
2025-07-22 00:00:00+0000,75.06,75.47,74.55,75.35,3081248.0
2025-07-23 00:00:00+0000,74.81,75.33,74.44,75.28,3806821.0
2025-07-24 00:00:00+0000,75.87,76.34,75.14,76.09,4808306.0
2025-07-25 00:00:00+0000,76.11,76.11,74.8,74.85,2550399.0
2025-07-28 00:00:00+0000,76.7,77.24,76.21,77.17,2857113.0
2025-07-29 00:00:00+0000,77.45,80.24,77.34,79.8,6768719.0
2025-07-30 00:00:00+0000,80.16,81.13,79.73,81.04,3865342.0
2025-07-31 00:00:00+0000,79.86,80.42,78.91,79.59,3032901.0
2025-08-01 00:00:00+0000,79.71,79.83,77.19,77.46,5966329.0
2025-08-04 00:00:00+0000,75.64,77.16,75.46,76.11,4078462.0
2025-08-05 00:00:00+0000,75.51,75.75,74.89,75.02,4821435.0
2025-08-06 00:00:00+0000,76.32,76.84,73.32,73.79,7212394.0
2025-08-07 00:00:00+0000,74.06,74.54,73.42,73.42,2656168.0
2025-08-08 00:00:00+0000,73.95,74.4,72.39,73.3,4645826.0
2025-08-11 00:00:00+0000,73.93,74.23,73.36,73.8,2521706.0
2025-08-12 00:00:00+0000,73.22,73.58,72.8,72.95,2241120.0
2025-08-13 00:00:00+0000,72.78,72.83,71.55,72.46,4560983.0
2025-08-14 00:00:00+0000,73.36,73.78,72.88,73.74,3755704.0
2025-08-15 00:00:00+0000,72.72,73.23,72.29,72.8,7114428.0
2025-08-18 00:00:00+0000,72.35,73.63,71.81,73.17,4375324.0
2025-08-19 00:00:00+0000,72.5,72.75,72.06,72.3,2800480.0
2025-08-20 00:00:00+0000,73.16,73.63,72.59,73.52,3181284.0
2025-08-21 00:00:00+0000,73.29,74.41,73.09,74.13,2654008.0
2025-08-22 00:00:00+0000,74.28,74.73,74.12,74.64,4127876.0
2025-08-25 00:00:00+0000,75.2,76.12,75.17,75.75,2525241.0
2025-08-26 00:00:00+0000,74.58,75.12,73.85,74.05,2403254.0
2025-08-27 00:00:00+0000,74.17,75.11,74.13,74.68,2702083.0
2025-08-28 00:00:00+0000,74.94,75.67,74.11,75.24,2867774.0
2025-08-29 00:00:00+0000,75.35,75.45,74.74,74.84,2875699.0
2025-09-02 00:00:00+0000,76.08,76.96,75.67,76.76,4410300.0
2025-09-03 00:00:00+0000,75.61,75.83,74.59,74.83,5159716.0
2025-09-04 00:00:00+0000,73.88,74.55,73.75,74.18,3552592.0
2025-09-05 00:00:00+0000,73.02,73.02,71.96,72.63,3815567.0
2025-09-08 00:00:00+0000,73.49,73.54,72.57,73.04,3109773.0
2025-09-09 00:00:00+0000,73.99,74.52,73.28,73.39,2874527.0
2025-09-10 00:00:00+0000,74.0,75.05,73.79,74.71,4796937.0
2025-09-11 00:00:00+0000,73.19,73.55,72.93,73.0,2891120.0
2025-09-12 00:00:00+0000,74.17,74.45,73.26,73.31,3392771.0
2025-09-15 00:00:00+0000,74.26,74.68,73.96,74.23,3002717.0
2025-09-16 00:00:00+0000,75.08,75.86,74.8,75.67,4265619.0
2025-09-17 00:00:00+0000,75.41,75.7,74.67,74.97,3319343.0
2025-09-18 00:00:00+0000,75.11,75.66,74.28,74.69,3506203.0
2025-09-19 00:00:00+0000,73.95,74.48,73.33,73.52,5033851.0
2025-09-22 00:00:00+0000,72.8,73.59,72.72,73.45,2195238.0
2025-09-23 00:00:00+0000,74.36,75.33,74.33,75.05,4390596.0
2025-09-24 00:00:00+0000,75.88,76.69,75.58,76.39,3241073.0
2025-09-25 00:00:00+0000,76.03,77.04,75.55,76.99,4619560.0
2025-09-26 00:00:00+0000,77.06,78.32,76.93,77.02,5101606.0
2025-09-29 00:00:00+0000,75.43,75.5,74.31,74.59,5349539.0
2025-09-30 00:00:00+0000,73.87,74.35,73.4,73.75,6273602.0
2025-10-01 00:00:00+0000,72.65,73.49,72.45,73.14,5035723.0
2025-10-02 00:00:00+0000,72.28,72.96,71.28,71.54,5346408.0
2025-10-03 00:00:00+0000,71.77,72.3,71.63,71.71,5892534.0
2025-10-06 00:00:00+0000,72.43,73.16,72.24,72.87,4564525.0
2025-10-07 00:00:00+0000,72.48,73.23,72.21,73.2,3960263.0
2025-10-08 00:00:00+0000,73.52,74.13,73.25,73.53,3260740.0
2025-10-09 00:00:00+0000,73.81,73.91,72.24,72.51,3677803.0
2025-10-10 00:00:00+0000,70.77,71.37,69.3,69.39,6343752.0
2025-10-13 00:00:00+0000,70.31,70.89,69.9,70.28,2918551.0
2025-10-14 00:00:00+0000,69.13,69.6,68.51,69.0,3595440.0
2025-10-15 00:00:00+0000,69.71,69.86,68.7,68.99,3115423.0
2025-10-16 00:00:00+0000,69.13,69.23,67.53,67.81,5852910.0
2025-10-17 00:00:00+0000,67.76,68.16,67.44,67.98,4161580.0
2025-10-20 00:00:00+0000,66.98,67.9,66.98,67.83,4772134.0
2025-10-21 00:00:00+0000,68.05,69.14,67.03,68.27,8693314.0
2025-10-22 00:00:00+0000,69.52,71.18,69.33,70.63,11266359.0
2025-10-23 00:00:00+0000,73.11,73.99,72.86,73.29,5762007.0
2025-10-24 00:00:00+0000,73.66,74.25,73.09,73.18,5070739.0
2025-10-27 00:00:00+0000,73.21,73.82,72.77,73.12,3527635.0
2025-10-28 00:00:00+0000,72.07,72.33,71.14,71.39,3521639.0
2025-10-29 00:00:00+0000,71.81,72.64,71.74,71.8,3517404.0
2025-10-30 00:00:00+0000,71.39,72.35,71.16,71.71,2038521.0
2025-10-31 00:00:00+0000,72.57,72.89,72.01,72.56,5256755.0
2025-11-03 00:00:00+0000,72.56,73.2,72.06,72.74,2973459.0
2025-11-04 00:00:00+0000,71.93,72.52,71.78,71.93,2404867.0
2025-11-05 00:00:00+0000,71.68,72.46,70.93,71.03,2459590.0
2025-11-06 00:00:00+0000,70.62,71.11,70.13,70.88,3143292.0
2025-11-07 00:00:00+0000,71.28,71.45,70.72,71.26,2871481.0
2025-11-10 00:00:00+0000,71.59,71.77,70.86,71.68,1833798.0
2025-11-11 00:00:00+0000,72.43,73.07,72.43,72.72,2756433.0
2025-11-12 00:00:00+0000,71.09,71.1,69.63,69.79,3744686.0
2025-11-13 00:00:00+0000,70.5,70.54,69.84,69.85,2873546.0
2025-11-14 00:00:00+0000,71.32,71.96,71.13,71.38,2823179.0
2025-11-17 00:00:00+0000,71.6,71.78,71.28,71.3,2655848.0
2025-11-18 00:00:00+0000,71.32,72.68,70.91,72.5,4438409.0
2025-11-19 00:00:00+0000,70.48,70.91,70.11,70.88,3896739.0
2025-11-20 00:00:00+0000,71.27,71.8,70.02,70.15,4435092.0
2025-11-21 00:00:00+0000,69.27,69.53,68.58,69.3,5616673.0
2025-11-24 00:00:00+0000,69.27,70.59,68.85,70.42,3166442.0
2025-11-25 00:00:00+0000,68.95,69.49,68.26,69.25,4613826.0
2025-11-26 00:00:00+0000,69.06,70.19,69.05,70.04,2717821.0
2025-11-28 00:00:00+0000,70.44,71.3,70.44,71.07,2751746.0
2025-12-01 00:00:00+0000,70.63,71.33,70.61,71.06,3709996.0
2025-12-02 00:00:00+0000,70.54,71.04,69.72,70.2,5190937.0
2025-12-03 00:00:00+0000,70.78,71.3,70.37,70.66,2346493.0
2025-12-04 00:00:00+0000,70.65,71.76,70.34,71.39,3276873.0
2025-12-05 00:00:00+0000,71.33,72.34,71.31,71.92,3412982.0
2025-12-08 00:00:00+0000,70.82,71.18,70.26,70.49,2212988.0
2025-12-09 00:00:00+0000,70.38,70.42,69.66,69.86,2249210.0
2025-12-10 00:00:00+0000,69.43,70.7,69.12,70.54,5562322.0
2025-12-11 00:00:00+0000,68.59,69.29,68.31,69.25,6182485.0
2025-12-12 00:00:00+0000,68.87,69.13,68.47,68.81,3864627.0
2025-12-15 00:00:00+0000,68.49,68.53,67.61,67.89,4548725.0
2025-12-16 00:00:00+0000,66.75,66.78,65.98,66.17,4985420.0
2025-12-17 00:00:00+0000,67.23,68.06,66.83,67.98,5011760.0
2025-12-18 00:00:00+0000,67.77,67.94,67.09,67.19,3345398.0
2025-12-19 00:00:00+0000,67.72,68.2,67.43,68.03,2709590.0
2025-12-22 00:00:00+0000,69.56,69.85,69.22,69.73,2938141.0
2025-12-23 00:00:00+0000,69.62,70.36,69.45,70.3,2069356.0
2025-12-24 00:00:00+0000,70.47,70.58,69.94,70.2,1190541.0
2025-12-26 00:00:00+0000,69.64,69.76,68.17,68.48,3305695.0
2025-12-29 00:00:00+0000,69.85,70.13,69.57,69.61,1757209.0
2025-12-30 00:00:00+0000,70.28,70.33,69.65,69.74,1721096.0
2025-12-31 00:00:00+0000,70.2,70.26,68.85,69.16,1453622.0
2026-01-02 00:00:00+0000,68.43,69.15,68.15,68.96,3670149.0
2026-01-05 00:00:00+0000,69.73,70.4,69.23,70.22,3511737.0
2026-01-06 00:00:00+0000,70.62,70.74,68.46,68.51,3807815.0
2026-01-07 00:00:00+0000,68.24,68.32,67.34,67.79,3355886.0
2026-01-08 00:00:00+0000,68.79,70.65,68.39,70.54,4986171.0
2026-01-09 00:00:00+0000,70.88,71.94,70.77,70.78,4105971.0
2026-01-12 00:00:00+0000,70.96,72.0,70.46,71.65,3833035.0
2026-01-13 00:00:00+0000,72.79,73.94,72.74,73.48,7891643.0
2026-01-14 00:00:00+0000,74.26,75.16,71.41,72.61,12005733.0
2026-01-15 00:00:00+0000,71.6,71.71,70.99,71.13,3142485.0
2026-01-16 00:00:00+0000,72.3,72.52,71.57,71.65,3294568.0
2026-01-20 00:00:00+0000,72.8,73.13,71.71,71.86,6559481.0
2026-01-21 00:00:00+0000,72.84,73.46,72.6,73.34,3158909.0
2026-01-22 00:00:00+0000,72.43,72.5,71.27,71.82,3214801.0
2026-01-23 00:00:00+0000,73.76,74.05,73.38,73.95,4241830.0
2026-01-26 00:00:00+0000,73.36,73.77,72.94,73.48,3093592.0
2026-01-27 00:00:00+0000,73.95,75.71,73.69,75.66,4172581.0
2026-01-28 00:00:00+0000,76.25,76.74,75.63,76.62,3455294.0
2026-01-29 00:00:00+0000,80.11,80.38,78.16,79.14,9583078.0
2026-01-30 00:00:00+0000,79.44,79.95,77.65,79.52,8234836.0
2026-02-02 00:00:00+0000,75.5,75.67,74.46,75.33,6067351.0
2026-02-03 00:00:00+0000,75.85,77.64,75.64,77.47,7188911.0
2026-02-04 00:00:00+0000,76.52,79.37,76.2,77.88,11739681.0
2026-02-05 00:00:00+0000,76.88,77.31,75.88,76.69,3895348.0
2026-02-06 00:00:00+0000,76.24,77.99,76.17,76.99,4219628.0
2026-02-09 00:00:00+0000,76.85,78.63,76.79,78.02,1755768.0
2026-02-10 00:00:00+0000,78.3,78.44,77.28,78.03,4482217.0
2026-02-11 00:00:00+0000,79.67,79.83,78.24,78.89,8073326.0
2026-02-12 00:00:00+0000,78.0,78.07,75.71,76.38,5493798.0
2026-02-13 00:00:00+0000,76.12,76.72,75.66,76.22,4037846.0
2026-02-17 00:00:00+0000,76.21,76.48,75.18,75.73,5261851.0
2026-02-18 00:00:00+0000,77.92,79.63,77.84,79.4,7371975.0
2026-02-19 00:00:00+0000,80.43,81.27,79.69,81.19,7992932.0
2026-02-20 00:00:00+0000,80.54,81.24,80.17,80.85,6233493.0
2026-02-23 00:00:00+0000,81.49,81.92,80.5,80.9,4107351.0
2026-02-24 00:00:00+0000,81.19,81.22,79.8,80.76,8385477.0
2026-02-25 00:00:00+0000,80.1,80.14,79.32,79.73,4972974.0
2026-02-26 00:00:00+0000,78.15,81.24,78.03,79.77,12854638.0
2026-02-27 00:00:00+0000,82.0,82.12,80.58,81.95,9015265.0
2026-03-02 00:00:00+0000,87.62,88.64,83.2,87.19,27498306.0
2026-03-03 00:00:00+0000,94.1,94.37,87.33,90.2,32318879.0
2026-03-04 00:00:00+0000,90.18,91.59,89.11,91.56,18637694.0
2026-03-05 00:00:00+0000,94.46,98.83,94.05,96.31,36193117.0
2026-03-06 00:00:00+0000,105.41,109.91,104.53,108.77,48767043.0
2026-03-09 00:00:00+0000,119.42,124.07,98.47,104.33,93022158.0
2026-03-10 00:00:00+0000,107.15,107.56,94.23,105.86,97863912.0
2026-03-11 00:00:00+0000,105.03,108.36,100.99,108.05,56500703.0
2026-03-12 00:00:00+0000,115.64,119.13,113.94,118.39,66552675.0
2026-03-13 00:00:00+0000,115.13,121.15,114.56,119.89,42068462.0
2026-03-16 00:00:00+0000,116.97,118.91,114.36,115.03,47697072.0
2026-03-17 00:00:00+0000,117.39,119.13,116.07,118.84,28098500.0
2026-03-18 00:00:00+0000,121.03,122.87,117.45,121.67,47840418.0
2026-03-19 00:00:00+0000,120.4,125.19,114.68,117.36,67528708.0
2026-03-20 00:00:00+0000,118.98,123.02,118.33,121.43,35270904.0
2026-03-23 00:00:00+0000,113.29,114.45,106.45,110.56,63970796.0
2026-03-24 00:00:00+0000,115.23,116.35,112.77,114.54,31621604.0
2026-03-25 00:00:00+0000,109.28,114.25,109.02,113.39,27659552.0
2026-03-26 00:00:00+0000,116.71,118.94,115.2,117.26,28495832.0
2026-03-27 00:00:00+0000,120.79,125.3,120.47,124.2,22838327.0
2026-03-30 00:00:00+0000,126.85,130.08,126.31,129.83,27575459.0
2026-03-31 00:00:00+0000,129.36,130.93,124.2,127.25,41684675.0
2026-04-01 00:00:00+0000,124.86,125.74,122.48,124.09,30159704.0
2026-04-02 00:00:00+0000,139.29,140.0,131.89,137.92,42851221.0
2026-04-06 00:00:00+0000,138.5,140.89,136.38,138.94,21746976.0
2026-04-07 00:00:00+0000,141.33,143.98,130.0,138.08,29687510.0
2026-04-08 00:00:00+0000,119.04,125.23,118.06,124.58,37475646.0
2026-04-09 00:00:00+0000,127.19,129.64,123.06,126.96,34486234.0
2026-04-10 00:00:00+0000,125.61,127.78,123.98,124.82,11130831.0
2026-04-13 00:00:00+0000,133.33,133.53,127.16,128.47,15875850.0
2026-04-14 00:00:00+0000,127.14,127.23,122.91,123.85,10042033.0
2026-04-15 00:00:00+0000,123.25,125.24,122.33,122.59,9957068.0
2026-04-16 00:00:00+0000,124.09,128.28,124.05,125.84,10044853.0
2026-04-17 00:00:00+0000,114.66,116.87,110.34,116.04,22122843.0
2026-04-20 00:00:00+0000,119.88,122.88,119.4,121.32,10357884.0
2026-04-21 00:00:00+0000,121.51,128.89,121.03,128.25,16836195.0
2026-04-22 00:00:00+0000,127.36,131.01,127.07,129.4,8310657.0
2026-04-23 00:00:00+0000,131.26,137.46,129.87,134.72,13993884.0
2026-04-24 00:00:00+0000,132.66,133.87,129.55,132.4,9202375.0
2026-04-27 00:00:00+0000,133.96,136.49,133.21,134.72,4862024.0
2026-04-28 00:00:00+0000,138.89,140.4,138.02,139.6,7423341.0
2026-04-29 00:00:00+0000,146.11,151.63,145.94,150.63,11010797.0
2026-04-30 00:00:00+0000,146.32,149.06,144.48,147.09,7096556.0
2026-05-01 00:00:00+0000,143.5,143.85,138.8,142.8,9425259.0
2026-05-04 00:00:00+0000,143.85,149.47,142.23,147.61,10103635.0
2026-05-05 00:00:00+0000,143.91,144.8,142.14,144.17,5257298.0
2026-05-06 00:00:00+0000,135.31,136.64,132.56,133.95,6480848.0
2026-05-07 00:00:00+0000,128.77,136.79,127.38,134.97,10196900.0
2026-05-08 00:00:00+0000,132.37,135.22,132.14,133.59,4840554.0
2026-05-11 00:00:00+0000,136.68,140.9,135.86,138.66,4003825.0
2026-05-12 00:00:00+0000,143.83,144.8,143.09,144.3,4101651.0
2026-05-13 00:00:00+0000,143.92,145.0,141.27,142.04,3273754.0
2026-05-14 00:00:00+0000,140.94,143.0,140.59,143.0,2982216.0
2026-05-15 00:00:00+0000,145.55,148.41,145.17,148.23,3943157.0
2026-05-18 00:00:00+0000,145.86,154.08,144.96,149.29,7256493.0
2026-05-19 00:00:00+0000,152.87,153.5,150.22,152.96,3652131.0
2026-05-20 00:00:00+0000,149.45,150.54,141.96,144.27,9053093.0
2026-05-21 00:00:00+0000,149.27,150.26,140.23,142.54,7597813.0
2026-05-22 00:00:00+0000,141.43,143.78,138.71,140.92,5067232.0
2026-05-26 00:00:00+0000,136.31,138.7,135.94,137.0,4394073.0
2026-05-27 00:00:00+0000,131.42,133.58,129.64,131.03,5320014.0
2026-05-28 00:00:00+0000,133.34,133.84,127.77,130.78,5632862.0
2026-05-29 00:00:00+0000,128.29,130.33,126.55,129.09,6240425.0
2026-06-01 00:00:00+0000,135.69,138.91,133.02,135.5,7970620.0
2026-06-02 00:00:00+0000,135.09,137.68,134.18,137.27,2369179.0
2026-06-03 00:00:00+0000,139.46,141.42,138.39,140.86,3226610.0
2026-06-04 00:00:00+0000,136.67,137.05,135.01,136.74,2432752.0
2026-06-05 00:00:00+0000,135.13,135.2,132.24,133.02,3153124.0
2026-06-08 00:00:00+0000,134.95,136.53,133.95,135.15,2142415.0
2026-06-09 00:00:00+0000,132.01,133.04,128.18,131.3,7000779.0
2026-06-10 00:00:00+0000,132.95,136.61,132.63,134.3,4261215.0
2026-06-11 00:00:00+0000,134.27,135.98,127.87,128.83,8807125.0
2026-06-12 00:00:00+0000,127.03,129.77,125.3,125.43,5469451.0
2026-06-15 00:00:00+0000,119.84,121.48,119.02,121.21,3749711.0
2026-06-16 00:00:00+0000,116.32,116.99,113.31,115.47,5347759.0
2026-06-17 00:00:00+0000,115.44,120.0,114.13,114.23,4011515.0
2026-06-18 00:00:00+0000,112.49,115.33,110.48,114.87,4072761.0
2026-06-22 00:00:00+0000,112.62,112.81,111.13,112.69,2600633.0
2026-06-23 00:00:00+0000,110.92,111.53,110.06,111.26,2111334.0
2026-06-24 00:00:00+0000,106.29,107.66,105.65,106.29,3700285.0
2026-06-25 00:00:00+0000,106.03,110.05,105.86,109.31,4129655.0
2026-06-26 00:00:00+0000,105.83,106.17,104.07,105.48,5623406.0
2026-06-29 00:00:00+0000,106.63,107.99,106.19,107.08,2254524.0
2026-06-30 00:00:00+0000,108.15,108.15,105.12,106.44,2839109.0
2026-07-01 00:00:00+0000,104.55,105.0,103.14,103.27,2134269.0
2026-07-02 00:00:00+0000,102.85,104.46,102.42,103.98,1541032.0
2026-07-06 00:00:00+0000,104.57,105.02,103.66,104.35,1033642.0
2026-07-07 00:00:00+0000,105.67,109.84,105.49,108.92,4910314.0
2026-07-08 00:00:00+0000,112.32,115.0,110.95,112.21,9126917.0
2026-07-09 00:00:00+0000,110.84,110.9,108.38,109.01,3602522.0
2026-07-10 00:00:00+0000,109.32,110.9,107.49,108.7,2891884.0
2026-07-13 00:00:00+0000,111.89,119.05,111.71,117.79,9282002.0
2026-07-14 00:00:00+0000,120.62,121.37,117.73,120.17,6420308.0
2026-07-15 00:00:00+0000,121.45,121.87,118.35,121.38,4562343.0
2026-07-16 00:00:00+0000,121.21,121.43,118.7,119.3,2566312.0
2026-07-17 00:00:00+0000,123.2,124.88,121.45,123.96,4378541.0
2026-07-20 00:00:00+0000,123.78,126.57,123.44,125.51,4316703.0
2026-07-21 00:00:00+0000,128.77,129.4,127.5,128.85,4272915.0
2026-07-22 00:00:00+0000,131.44,132.91,130.59,131.68,4291983.0
2026-07-23 00:00:00+0000,138.48,142.33,138.14,139.49,8962585.0
2026-07-24 00:00:00+0000,137.72,137.81,133.53,136.69,6476669.0
2026-07-27 00:00:00+0000,128.66,128.66,124.58,124.76,6515616.0
2026-07-28 00:00:00+0000,123.67,124.55,118.48,120.49,5886872.0
2026-07-29 00:00:00+0000,128.42,130.3,128.01,129.31,5480978.0
2026-07-30 00:00:00+0000,127.12,129.21,126.91,127.48,2553959.0
2026-07-31 00:00:00+0000,130.18,130.98,127.95,129.17,2745114.0
2026-08-03 00:00:00+0000,120.8,122.86,119.54,122.12,5011373.0
2026-08-04 00:00:00+0000,117.0,117.62,114.85,115.78,5167459.0
2026-08-05 00:00:00+0000,115.98,116.01,113.86,114.88,3713302.0
2026-08-06 00:00:00+0000,116.46,119.73,116.19,118.87,3772470.0
2026-08-07 00:00:00+0000,117.67,120.1,117.51,117.98,3192412.0
2026-08-10 00:00:00+0000,122.09,126.28,122.06,125.92,3772144.0
2026-08-11 00:00:00+0000,124.75,127.85,124.46,127.61,2955945.0
2026-08-12 00:00:00+0000,126.64,127.83,125.86,127.3,2350076.0
2026-08-13 00:00:00+0000,124.57,126.96,123.19,125.03,3528023.0
2026-08-14 00:00:00+0000,124.79,126.92,124.17,126.6,2394514.0
2026-08-17 00:00:00+0000,127.29,130.57,126.37,130.29,3529817.0
2026-08-18 00:00:00+0000,131.61,132.25,130.14,130.66,3139609.0
2026-08-19 00:00:00+0000,131.17,133.36,130.44,130.91,2989775.0
2026-08-20 00:00:00+0000,134.69,135.17,133.14,134.54,2921646.0
2026-08-21 00:00:00+0000,134.98,135.91,133.89,134.64,2169779.0
2026-08-24 00:00:00+0000,133.5,133.74,131.15,132.21,1860305.0
2026-08-25 00:00:00+0000,128.09,129.71,126.09,126.15,3853582.0
2026-08-26 00:00:00+0000,125.47,129.46,125.41,127.35,2392689.0
2026-08-27 00:00:00+0000,128.15,130.96,127.48,130.01,2323951.0
2026-08-28 00:00:00+0000,128.13,130.14,128.0,129.7,1511350.0
2026-08-31 00:00:00+0000,133.01,134.34,132.38,133.7,2744390.0
2026-09-01 00:00:00+0000,137.19,141.04,136.09,141.0,6183849.0
2026-09-02 00:00:00+0000,139.42,142.18,138.44,141.15,3290629.0
2026-09-03 00:00:00+0000,142.11,143.46,140.97,142.09,2828176.0
2026-09-04 00:00:00+0000,140.15,143.03,138.01,141.96,2841934.0
2026-09-08 00:00:00+0000,144.6,146.23,143.01,146.03,3780633.0
2026-09-09 00:00:00+0000,148.8,150.04,147.75,149.97,3587228.0
2026-09-10 00:00:00+0000,154.8,158.88,152.48,158.38,6944774.0
2026-09-11 00:00:00+0000,152.5,155.02,152.35,154.9,4372108.0
2026-09-14 00:00:00+0000,159.47,160.27,154.77,156.66,5483751.0
2026-09-15 00:00:00+0000,158.35,163.35,158.26,161.86,4988517.0
2026-09-16 00:00:00+0000,159.31,159.36,154.0,156.17,4168185.0
2026-09-17 00:00:00+0000,154.1,156.67,153.79,155.31,3183935.0
2026-09-18 00:00:00+0000,156.85,157.55,153.37,153.82,3052078.0
2026-09-21 00:00:00+0000,148.88,149.71,146.64,148.16,3452270.0
2026-09-22 00:00:00+0000,145.41,148.02,142.67,144.08,6048798.0
2026-09-23 00:00:00+0000,146.76,149.34,146.34,148.83,4507002.0
2026-09-24 00:00:00+0000,151.06,155.6,150.08,153.09,7652010.0
