date,side,entry_time,exit_time,entry,exit,pts,r_mult,pnl,reason
2016-09-28,1,2016-09-27,2016-09-28,126.63000000000001,126.24,-0.3900000000000148,-19.50000000000074,-41.00000000000148,long
2016-09-29,1,2016-09-28,2016-09-29,126.23,125.83,-0.4000000000000057,-20.000000000000284,-42.00000000000057,long
2016-09-30,1,2016-09-29,2016-09-30,126.08,126.50999999999999,0.4299999999999926,21.49999999999963,40.99999999999926,long
2016-10-03,1,2016-09-30,2016-10-03,125.65,125.30999999999999,-0.3400000000000176,-17.00000000000088,-36.00000000000176,long
2016-10-04,1,2016-10-03,2016-10-04,125.33,123.16,-2.1700000000000017,-108.50000000000009,-219.00000000000017,long
2016-10-05,1,2016-10-04,2016-10-05,120.98,121.32,0.3399999999999892,16.99999999999946,31.99999999999892,long
2016-10-06,1,2016-10-05,2016-10-06,120.79,119.67999999999999,-1.1100000000000136,-55.50000000000068,-113.00000000000136,long
2016-10-07,1,2016-10-06,2016-10-07,119.67,120.47999999999999,0.8099999999999881,40.4999999999994,78.9999999999988,long
2016-10-10,1,2016-10-07,2016-10-10,119.75,120.14999999999999,0.3999999999999915,19.999999999999574,37.99999999999915,long
2016-10-11,1,2016-10-10,2016-10-11,120.17,119.91,-0.2600000000000051,-13.000000000000256,-28.00000000000051,long
2016-10-12,1,2016-10-11,2016-10-12,119.56,119.71,0.14999999999999147,7.499999999999574,12.999999999999147,long
2016-10-13,1,2016-10-12,2016-10-13,119.75,119.99,0.23999999999999488,11.999999999999744,21.99999999999949,long
2016-10-14,1,2016-10-13,2016-10-14,120.04,119.36,-0.6800000000000068,-34.00000000000034,-70.00000000000068,long
2016-10-17,1,2016-10-14,2016-10-17,119.37,119.69,0.3199999999999932,15.999999999999659,29.999999999999318,long
2016-10-18,1,2016-10-17,2016-10-18,119.69000000000001,120.07,0.37999999999998124,18.999999999999062,35.999999999998124,long
2016-10-19,1,2016-10-18,2016-10-19,120.43,121.11999999999999,0.6899999999999835,34.499999999999176,66.99999999999835,long
2016-10-20,1,2016-10-19,2016-10-20,121.12,121.38,0.2599999999999909,12.999999999999545,23.99999999999909,long
2016-10-21,1,2016-10-20,2016-10-21,120.75,120.89,0.14000000000000057,7.000000000000028,12.000000000000057,long
2016-10-24,1,2016-10-21,2016-10-24,120.84,121.27,0.4299999999999926,21.49999999999963,40.99999999999926,long
2016-10-25,1,2016-10-24,2016-10-25,120.57000000000001,120.88,0.30999999999998806,15.499999999999403,28.999999999998806,long
2016-10-26,1,2016-10-25,2016-10-26,121.48,121.36,-0.12000000000000455,-6.000000000000227,-14.000000000000455,long
2016-10-27,1,2016-10-26,2016-10-27,120.80000000000001,121.1,0.29999999999998295,14.999999999999147,27.999999999998295,long
2016-10-28,1,2016-10-27,2016-10-28,121.02000000000001,121.19,0.1699999999999875,8.499999999999375,14.99999999999875,long
2016-10-31,1,2016-10-28,2016-10-31,121.59,121.5,-0.09000000000000341,-4.5000000000001705,-11.000000000000341,long
2016-11-01,1,2016-10-31,2016-11-01,121.95,122.78999999999999,0.8399999999999892,41.99999999999946,81.99999999999892,long
2016-11-02,1,2016-11-01,2016-11-02,122.74000000000001,123.75,1.009999999999991,50.499999999999545,98.99999999999909,long
2016-11-03,1,2016-11-02,2016-11-03,123.65,123.35,-0.30000000000001137,-15.000000000000568,-32.00000000000114,long
2016-11-04,1,2016-11-03,2016-11-04,124.31,124.39,0.0799999999999983,3.9999999999999147,5.9999999999998295,long
2016-11-07,1,2016-11-04,2016-11-07,124.4,122.64,-1.7600000000000051,-88.00000000000026,-178.0000000000005,long
2016-11-08,1,2016-11-07,2016-11-08,122.16000000000001,122.13,-0.030000000000015348,-1.5000000000007674,-5.000000000001535,long
2016-11-09,1,2016-11-08,2016-11-09,121.65,124.28999999999999,2.6399999999999864,131.99999999999932,261.99999999999864,long
2016-11-10,1,2016-11-09,2016-11-10,121.57000000000001,121.50999999999999,-0.060000000000016485,-3.0000000000008242,-8.000000000001648,long
2016-11-11,1,2016-11-10,2016-11-11,119.76,119.64,-0.12000000000000455,-6.000000000000227,-14.000000000000455,long
2016-11-14,1,2016-11-11,2016-11-14,117.11,116.11,-1.0,-50.0,-102.0,long
2016-11-15,1,2016-11-14,2016-11-15,116.12,116.44999999999999,0.3299999999999841,16.499999999999204,30.99999999999841,long
2016-11-16,1,2016-11-15,2016-11-16,117.13000000000001,117.25999999999999,0.12999999999998124,6.499999999999062,10.999999999998124,long
2016-11-17,1,2016-11-16,2016-11-17,116.78,116.89999999999999,0.11999999999999034,5.999999999999517,9.999999999999034,long
2016-11-18,1,2016-11-17,2016-11-18,116.18,115.50999999999999,-0.6700000000000159,-33.500000000000796,-69.00000000000159,long
2016-11-21,1,2016-11-18,2016-11-21,115.16000000000001,115.72999999999999,0.569999999999979,28.49999999999895,54.9999999999979,long
2016-11-22,1,2016-11-21,2016-11-22,115.59,115.71,0.11999999999999034,5.999999999999517,9.999999999999034,long
2016-11-23,1,2016-11-22,2016-11-23,115.55000000000001,113.86,-1.690000000000012,-84.5000000000006,-171.0000000000012,long
2016-11-25,1,2016-11-23,2016-11-25,113.26,113.41,0.14999999999999147,7.499999999999574,12.999999999999147,long
2016-11-28,1,2016-11-25,2016-11-28,112.62,113.22,0.5999999999999943,29.999999999999716,57.99999999999943,long
2016-11-29,1,2016-11-28,2016-11-29,113.81,112.75,-1.0600000000000023,-53.000000000000114,-108.00000000000023,long
2016-11-30,1,2016-11-29,2016-11-30,113.28,112.67999999999999,-0.6000000000000085,-30.000000000000426,-62.00000000000085,long
2016-12-01,1,2016-11-30,2016-12-01,111.76,111.1,-0.6600000000000108,-33.00000000000054,-68.00000000000108,long
2016-12-02,1,2016-12-01,2016-12-02,111.55000000000001,111.88,0.3299999999999841,16.499999999999204,30.99999999999841,long
2016-12-05,1,2016-12-02,2016-12-05,112.15,111.14999999999999,-1.0000000000000142,-50.00000000000071,-102.00000000000142,long
2016-12-06,1,2016-12-05,2016-12-06,111.55000000000001,111.67999999999999,0.12999999999998124,6.499999999999062,10.999999999998124,long
2016-12-07,1,2016-12-06,2016-12-07,111.44000000000001,112.11999999999999,0.6799999999999784,33.99999999999892,65.99999999999784,long
2016-12-08,1,2016-12-07,2016-12-08,111.84,111.71,-0.13000000000000966,-6.500000000000483,-15.000000000000966,long
2016-12-09,1,2016-12-08,2016-12-09,111.58,111.17,-0.4099999999999966,-20.49999999999983,-42.99999999999966,long
2016-12-12,1,2016-12-09,2016-12-12,110.41000000000001,110.58,0.1699999999999875,8.499999999999375,14.99999999999875,long
2016-12-13,1,2016-12-12,2016-12-13,110.83,110.55999999999999,-0.27000000000001023,-13.500000000000512,-29.000000000001023,long
2016-12-14,1,2016-12-13,2016-12-14,110.46000000000001,110.94,0.47999999999998977,23.99999999999949,45.99999999999898,long
2016-12-15,1,2016-12-14,2016-12-15,108.84,107.83999999999999,-1.0000000000000142,-50.00000000000071,-102.00000000000142,long
2016-12-16,1,2016-12-15,2016-12-16,107.35000000000001,107.94,0.5899999999999892,29.49999999999946,56.99999999999892,long
2016-12-19,1,2016-12-16,2016-12-19,108.06,108.58999999999999,0.5299999999999869,26.499999999999346,50.99999999999869,long
2016-12-20,1,2016-12-19,2016-12-20,108.60000000000001,107.46,-1.1400000000000148,-57.00000000000074,-116.00000000000148,long
2016-12-21,1,2016-12-20,2016-12-21,107.80000000000001,108.24,0.4399999999999835,21.999999999999176,41.99999999999835,long
2016-12-22,1,2016-12-21,2016-12-22,107.86,107.67,-0.18999999999999773,-9.499999999999886,-20.999999999999773,long
2016-12-23,1,2016-12-22,2016-12-23,107.60000000000001,107.83,0.22999999999998977,11.499999999999488,20.999999999998977,long
2016-12-27,1,2016-12-23,2016-12-27,107.94000000000001,108.6,0.6599999999999824,32.99999999999912,63.99999999999824,long
2016-12-28,1,2016-12-27,2016-12-28,108.57000000000001,108.39,-0.18000000000000682,-9.000000000000341,-20.000000000000682,long
2016-12-29,1,2016-12-28,2016-12-29,108.87,109.22,0.3499999999999943,17.499999999999716,32.99999999999943,long
2016-12-30,1,2016-12-29,2016-12-30,110.30000000000001,110.36999999999999,0.06999999999997897,3.4999999999989484,4.999999999997897,long
2017-01-03,1,2016-12-30,2017-01-03,109.62,109.61,-0.010000000000005116,-0.5000000000002558,-3.0000000000005116,long
2017-01-04,1,2017-01-03,2017-01-04,110.48,111.05,0.5699999999999932,28.49999999999966,54.99999999999932,long
2017-01-05,1,2017-01-04,2017-01-05,110.87,112.14999999999999,1.279999999999987,63.999999999999346,125.99999999999869,long
2017-01-06,1,2017-01-05,2017-01-06,112.59,111.8,-0.7900000000000063,-39.50000000000031,-81.00000000000063,long
2017-01-09,1,2017-01-06,2017-01-09,111.76,112.38,0.6199999999999903,30.999999999999517,59.999999999999034,long
2017-01-10,1,2017-01-09,2017-01-10,112.68,112.92999999999999,0.2499999999999858,12.49999999999929,22.99999999999858,long
2017-01-11,1,2017-01-10,2017-01-11,113.16000000000001,112.86999999999999,-0.29000000000002046,-14.500000000001023,-31.000000000002046,long
2017-01-12,1,2017-01-11,2017-01-12,113.51,114.50999999999999,0.9999999999999858,49.99999999999929,97.99999999999858,long
2017-01-13,1,2017-01-12,2017-01-13,113.92,113.64,-0.28000000000000114,-14.000000000000057,-30.000000000000114,long
2017-01-17,1,2017-01-13,2017-01-17,114.22,115.88,1.6599999999999966,82.99999999999983,163.99999999999966,long
2017-01-18,1,2017-01-17,2017-01-18,115.86,115.72999999999999,-0.13000000000000966,-6.500000000000483,-15.000000000000966,long
2017-01-19,1,2017-01-18,2017-01-19,114.88000000000001,114.30999999999999,-0.5700000000000216,-28.50000000000108,-59.00000000000216,long
2017-01-20,1,2017-01-19,2017-01-20,114.78,114.64,-0.14000000000000057,-7.000000000000028,-16.000000000000057,long
2017-01-23,1,2017-01-20,2017-01-23,115.06,115.5,0.4399999999999977,21.999999999999886,41.99999999999977,long
2017-01-24,1,2017-01-23,2017-01-24,115.80000000000001,115.67999999999999,-0.12000000000001876,-6.000000000000938,-14.000000000001876,long
2017-01-25,1,2017-01-24,2017-01-25,115.28,114.13,-1.1500000000000057,-57.500000000000284,-117.00000000000057,long
2017-01-26,1,2017-01-25,2017-01-26,114.33,113.22,-1.1099999999999994,-55.49999999999997,-112.99999999999994,long
2017-01-27,1,2017-01-26,2017-01-27,113.27000000000001,112.92,-0.3500000000000085,-17.500000000000426,-37.00000000000085,long
2017-01-30,1,2017-01-27,2017-01-30,113.5,113.6,0.09999999999999432,4.999999999999716,7.999999999999432,long
2017-01-31,1,2017-01-30,2017-01-31,113.98,115.27,1.289999999999992,64.4999999999996,126.9999999999992,long
2017-02-01,1,2017-01-31,2017-02-01,115.56,114.64999999999999,-0.9100000000000108,-45.50000000000054,-93.00000000000108,long
2017-02-02,1,2017-02-01,2017-02-02,115.21000000000001,116.25,1.039999999999992,51.9999999999996,101.9999999999992,long
2017-02-03,1,2017-02-02,2017-02-03,115.85000000000001,115.72,-0.13000000000000966,-6.500000000000483,-15.000000000000966,long
2017-02-06,1,2017-02-03,2017-02-06,116.14,117.05999999999999,0.9199999999999875,45.999999999999375,89.99999999999875,long
2017-02-07,1,2017-02-06,2017-02-07,117.71000000000001,117.3,-0.4100000000000108,-20.50000000000054,-43.00000000000108,long
2017-02-08,1,2017-02-07,2017-02-08,117.47,118.08,0.6099999999999994,30.49999999999997,58.99999999999994,long
2017-02-09,1,2017-02-08,2017-02-09,118.2,118.30999999999999,0.10999999999998522,5.499999999999261,8.999999999998522,long
2017-02-10,1,2017-02-09,2017-02-10,117.30000000000001,116.67,-0.6300000000000097,-31.500000000000483,-65.00000000000097,long
2017-02-13,1,2017-02-10,2017-02-13,117.61,116.72,-0.8900000000000006,-44.50000000000003,-91.00000000000006,long
2017-02-14,1,2017-02-13,2017-02-14,116.81,117.50999999999999,0.6999999999999886,34.99999999999943,67.99999999999886,long
2017-02-15,1,2017-02-14,2017-02-15,116.94000000000001,116.32,-0.6200000000000188,-31.000000000000938,-64.00000000000188,long
2017-02-16,1,2017-02-15,2017-02-16,117.46000000000001,117.92,0.45999999999999375,22.999999999999687,43.999999999999375,long
2017-02-17,1,2017-02-16,2017-02-17,118.09,118.17999999999999,0.0899999999999892,4.49999999999946,6.99999999999892,long
2017-02-21,1,2017-02-17,2017-02-21,117.69000000000001,117.03,-0.6600000000000108,-33.00000000000054,-68.00000000000108,long
2017-02-22,1,2017-02-21,2017-02-22,117.76,117.85,0.0899999999999892,4.49999999999946,6.99999999999892,long
2017-02-23,1,2017-02-22,2017-02-23,117.92,118.75,0.8299999999999983,41.499999999999915,80.99999999999983,long
2017-02-24,1,2017-02-23,2017-02-24,118.95,119.72999999999999,0.7799999999999869,38.999999999999346,75.99999999999869,long
2017-02-27,1,2017-02-24,2017-02-27,119.71000000000001,119.72,0.009999999999990905,0.49999999999954525,-1.0000000000009095,long
2017-02-28,1,2017-02-27,2017-02-28,119.13000000000001,119.69999999999999,0.569999999999979,28.49999999999895,54.9999999999979,long
2017-03-01,1,2017-02-28,2017-03-01,119.24000000000001,117.97,-1.2700000000000102,-63.50000000000051,-129.00000000000102,long
2017-03-02,1,2017-03-01,2017-03-02,119.07000000000001,117.75999999999999,-1.3100000000000165,-65.50000000000082,-133.00000000000165,long
2017-03-03,1,2017-03-02,2017-03-03,117.59,116.94,-0.6500000000000057,-32.500000000000284,-67.00000000000057,long
2017-03-06,1,2017-03-03,2017-03-06,117.52000000000001,117.33999999999999,-0.18000000000002103,-9.000000000001052,-20.000000000002103,long
2017-03-07,1,2017-03-06,2017-03-07,116.73,116.11999999999999,-0.6100000000000136,-30.500000000000682,-63.000000000001364,long
2017-03-08,1,2017-03-07,2017-03-08,115.79,114.97999999999999,-0.8100000000000165,-40.500000000000824,-83.00000000000165,long
2017-03-09,1,2017-03-08,2017-03-09,115.07000000000001,114.77,-0.30000000000001137,-15.000000000000568,-32.00000000000114,long
2017-03-10,1,2017-03-09,2017-03-10,114.48,114.44,-0.04000000000000625,-2.0000000000003126,-6.000000000000625,long
2017-03-13,1,2017-03-10,2017-03-13,114.73,114.61999999999999,-0.11000000000001364,-5.500000000000682,-13.000000000001364,long
2017-03-14,1,2017-03-13,2017-03-14,114.75,114.53,-0.21999999999999886,-10.999999999999943,-23.999999999999886,long
2017-03-15,1,2017-03-14,2017-03-15,114.13000000000001,114.28,0.14999999999999147,7.499999999999574,12.999999999999147,long
2017-03-16,1,2017-03-15,2017-03-16,116.26,117.25999999999999,0.9999999999999858,49.99999999999929,97.99999999999858,long
2017-03-17,1,2017-03-16,2017-03-17,116.74000000000001,117.03,0.28999999999999204,14.499999999999602,26.999999999999204,long
2017-03-20,1,2017-03-17,2017-03-20,117.0,117.3,0.29999999999999716,14.999999999999858,27.999999999999716,long
2017-03-21,1,2017-03-20,2017-03-21,117.52000000000001,117.75999999999999,0.23999999999998067,11.999999999999034,21.999999999998067,long
2017-03-22,1,2017-03-21,2017-03-22,118.55000000000001,118.86,0.30999999999998806,15.499999999999403,28.999999999998806,long
2017-03-23,1,2017-03-22,2017-03-23,118.84,119.14,0.29999999999999716,14.999999999999858,27.999999999999716,long
2017-03-24,1,2017-03-23,2017-03-24,118.68,118.49,-0.19000000000001194,-9.500000000000597,-21.000000000001194,long
2017-03-27,1,2017-03-24,2017-03-27,118.87,119.92,1.0499999999999972,52.49999999999986,102.99999999999972,long
2017-03-28,1,2017-03-27,2017-03-28,119.54,119.72999999999999,0.18999999999998352,9.499999999999176,16.99999999999835,long
2017-03-29,1,2017-03-28,2017-03-29,119.05000000000001,119.21,0.15999999999998238,7.999999999999119,13.999999999998238,long
2017-03-30,1,2017-03-29,2017-03-30,119.34,118.75999999999999,-0.5800000000000125,-29.000000000000625,-60.00000000000125,long
2017-03-31,1,2017-03-30,2017-03-31,118.48,118.6,0.11999999999999034,5.999999999999517,9.999999999999034,long
2017-04-03,1,2017-03-31,2017-04-03,118.73,118.67999999999999,-0.05000000000001137,-2.5000000000005684,-7.000000000001137,long
2017-04-04,1,2017-04-03,2017-04-04,119.36,119.58,0.21999999999999886,10.999999999999943,19.999999999999886,long
2017-04-05,1,2017-04-04,2017-04-05,119.63000000000001,118.61,-1.0200000000000102,-51.00000000000051,-104.00000000000102,long
2017-04-06,1,2017-04-05,2017-04-06,119.63000000000001,119.21,-0.4200000000000159,-21.000000000000796,-44.00000000000159,long
2017-04-07,1,2017-04-06,2017-04-07,119.19000000000001,120.28999999999999,1.09999999999998,54.999999999999005,107.99999999999801,long
2017-04-10,1,2017-04-07,2017-04-10,119.47,119.00999999999999,-0.46000000000000796,-23.000000000000398,-48.000000000000796,long
2017-04-11,1,2017-04-10,2017-04-11,119.47,120.32,0.8499999999999943,42.499999999999716,82.99999999999943,long
2017-04-12,1,2017-04-11,2017-04-12,121.2,121.36999999999999,0.1699999999999875,8.499999999999375,14.99999999999875,long
2017-04-13,1,2017-04-12,2017-04-13,122.03,122.53,0.5,25.0,48.0,long
2017-04-17,1,2017-04-13,2017-04-17,122.61,122.53999999999999,-0.07000000000000739,-3.5000000000003695,-9.000000000000739,long
2017-04-18,1,2017-04-17,2017-04-18,122.25,122.42,0.1700000000000017,8.500000000000085,15.00000000000017,long
2017-04-19,1,2017-04-18,2017-04-19,122.83,122.25999999999999,-0.5700000000000074,-28.50000000000037,-59.00000000000074,long
2017-04-20,1,2017-04-19,2017-04-20,121.74000000000001,121.80999999999999,0.06999999999997897,3.4999999999989484,4.999999999997897,long
2017-04-21,1,2017-04-20,2017-04-21,121.97,122.13,0.1599999999999966,7.9999999999998295,13.999999999999659,long
2017-04-24,1,2017-04-21,2017-04-24,122.32000000000001,120.75999999999999,-1.5600000000000165,-78.00000000000082,-158.00000000000165,long
2017-04-25,1,2017-04-24,2017-04-25,121.49000000000001,120.52,-0.9700000000000131,-48.500000000000654,-99.00000000000131,long
2017-04-26,1,2017-04-25,2017-04-26,120.26,120.22,-0.04000000000000625,-2.0000000000003126,-6.000000000000625,long
2017-04-27,1,2017-04-26,2017-04-27,120.85000000000001,120.41,-0.44000000000001194,-22.000000000000597,-46.000000000001194,long
2017-04-28,1,2017-04-27,2017-04-28,120.4,120.33,-0.07000000000000739,-3.5000000000003695,-9.000000000000739,long
2017-05-01,1,2017-04-28,2017-05-01,120.78,120.19999999999999,-0.5800000000000125,-29.000000000000625,-60.00000000000125,long
2017-05-02,1,2017-05-01,2017-05-02,119.68,119.28999999999999,-0.3900000000000148,-19.50000000000074,-41.00000000000148,long
2017-05-03,1,2017-05-02,2017-05-03,119.66000000000001,119.17,-0.4900000000000091,-24.500000000000455,-51.00000000000091,long
2017-05-04,1,2017-05-03,2017-05-04,117.99000000000001,116.8,-1.190000000000012,-59.5000000000006,-121.0000000000012,long
2017-05-05,1,2017-05-04,2017-05-05,116.80000000000001,116.85,0.04999999999998295,2.4999999999991473,2.9999999999982947,long
2017-05-08,1,2017-05-05,2017-05-08,117.02000000000001,117.02,-1.4210854715202004e-14,-7.105427357601002e-13,-2.000000000001421,long
2017-05-09,1,2017-05-08,2017-05-09,116.76,116.17,-0.5900000000000034,-29.50000000000017,-61.00000000000034,long
2017-05-10,1,2017-05-09,2017-05-10,116.06,116.41,0.3499999999999943,17.499999999999716,32.99999999999943,long
2017-05-11,1,2017-05-10,2017-05-11,116.05000000000001,116.19999999999999,0.14999999999997726,7.499999999998863,12.999999999997726,long
2017-05-12,1,2017-05-11,2017-05-12,116.51,117.05999999999999,0.549999999999983,27.499999999999147,52.999999999998295,long
2017-05-15,1,2017-05-12,2017-05-15,116.84,117.50999999999999,0.6699999999999875,33.499999999999375,64.99999999999875,long
2017-05-16,1,2017-05-15,2017-05-16,117.15,117.44,0.28999999999999204,14.499999999999602,26.999999999999204,long
2017-05-17,1,2017-05-16,2017-05-17,117.66000000000001,119.35,1.6899999999999835,84.49999999999918,166.99999999999835,long
2017-05-18,1,2017-05-17,2017-05-18,119.80000000000001,119.75999999999999,-0.040000000000020464,-2.000000000001023,-6.000000000002046,long
2017-05-19,1,2017-05-18,2017-05-19,118.82000000000001,119.38,0.5599999999999881,27.999999999999403,53.999999999998806,long
2017-05-22,1,2017-05-19,2017-05-22,119.41000000000001,119.61999999999999,0.20999999999997954,10.499999999998977,18.999999999997954,long
2017-05-23,1,2017-05-22,2017-05-23,119.91000000000001,120.11999999999999,0.20999999999997954,10.499999999998977,18.999999999997954,long
2017-05-24,1,2017-05-23,2017-05-24,119.15,119.05999999999999,-0.09000000000001762,-4.500000000000881,-11.000000000001762,long
2017-05-25,1,2017-05-24,2017-05-25,119.62,119.50999999999999,-0.11000000000001364,-5.500000000000682,-13.000000000001364,long
2017-05-26,1,2017-05-25,2017-05-26,119.49000000000001,120.47999999999999,0.9899999999999807,49.499999999999034,96.99999999999807,long
2017-05-30,1,2017-05-26,2017-05-30,120.55000000000001,120.22999999999999,-0.3200000000000216,-16.00000000000108,-34.00000000000216,long
2017-05-31,1,2017-05-30,2017-05-31,120.15,120.3,0.14999999999999147,7.499999999999574,12.999999999999147,long
2017-06-01,1,2017-05-31,2017-06-01,120.63000000000001,120.16,-0.4700000000000131,-23.500000000000654,-49.00000000000131,long
2017-06-02,1,2017-06-01,2017-06-02,120.73,121.3,0.5699999999999932,28.49999999999966,54.99999999999932,long
2017-06-05,1,2017-06-02,2017-06-05,121.62,121.89999999999999,0.2799999999999869,13.999999999999346,25.999999999998693,long
2017-06-06,1,2017-06-05,2017-06-06,121.74000000000001,123.08,1.3399999999999892,66.99999999999946,131.99999999999892,long
2017-06-07,1,2017-06-06,2017-06-07,123.11,122.78,-0.3299999999999983,-16.499999999999915,-34.99999999999983,long
2017-06-08,1,2017-06-07,2017-06-08,122.46000000000001,122.05999999999999,-0.4000000000000199,-20.000000000000995,-42.00000000000199,long
2017-06-09,1,2017-06-08,2017-06-09,121.66000000000001,120.44,-1.220000000000013,-61.000000000000654,-124.00000000000131,long
2017-06-12,1,2017-06-09,2017-06-12,120.55000000000001,120.32,-0.2300000000000182,-11.50000000000091,-25.00000000000182,long
2017-06-13,1,2017-06-12,2017-06-13,120.37,119.94,-0.4300000000000068,-21.50000000000034,-45.00000000000068,long
2017-06-14,1,2017-06-13,2017-06-14,120.49000000000001,121.50999999999999,1.0199999999999818,50.99999999999909,99.99999999999818,long
2017-06-15,1,2017-06-14,2017-06-15,119.83,119.21,-0.6200000000000045,-31.000000000000227,-64.00000000000045,long
2017-06-16,1,2017-06-15,2017-06-16,119.33,119.33999999999999,0.009999999999990905,0.49999999999954525,-1.0000000000009095,long
2017-06-19,1,2017-06-16,2017-06-19,119.35000000000001,118.72999999999999,-0.6200000000000188,-31.000000000000938,-64.00000000000188,long
2017-06-20,1,2017-06-19,2017-06-20,118.44000000000001,118.41,-0.030000000000015348,-1.5000000000007674,-5.000000000001535,long
2017-06-21,1,2017-06-20,2017-06-21,118.19000000000001,118.14,-0.05000000000001137,-2.5000000000005684,-7.000000000001137,long
2017-06-22,1,2017-06-21,2017-06-22,118.53,119.11999999999999,0.5899999999999892,29.49999999999946,56.99999999999892,long
2017-06-23,1,2017-06-22,2017-06-23,118.93,119.64,0.7099999999999937,35.49999999999969,68.99999999999937,long
2017-06-26,1,2017-06-23,2017-06-26,119.44000000000001,118.28,-1.1600000000000108,-58.00000000000054,-118.00000000000108,long
2017-06-27,1,2017-06-26,2017-06-27,118.37,118.86,0.4899999999999949,24.499999999999744,46.99999999999949,long
2017-06-28,1,2017-06-27,2017-06-28,118.82000000000001,119.05,0.22999999999998977,11.499999999999488,20.999999999998977,long
2017-06-29,1,2017-06-28,2017-06-29,118.91000000000001,117.96,-0.950000000000017,-47.50000000000085,-97.0000000000017,long
2017-06-30,1,2017-06-29,2017-06-30,118.33,118.07,-0.2600000000000051,-13.000000000000256,-28.00000000000051,long
2017-07-03,1,2017-06-30,2017-07-03,118.03,116.53,-1.5,-75.0,-152.0,long
2017-07-05,1,2017-07-03,2017-07-05,116.10000000000001,115.89999999999999,-0.20000000000001705,-10.000000000000853,-22.000000000001705,long
2017-07-06,1,2017-07-05,2017-07-06,116.53,116.57,0.03999999999999204,1.999999999999602,1.9999999999992042,long
2017-07-07,1,2017-07-06,2017-07-07,116.48,115.77,-0.710000000000008,-35.5000000000004,-73.0000000000008,long
2017-07-10,1,2017-07-07,2017-07-10,115.29,115.00999999999999,-0.28000000000001535,-14.000000000000767,-30.000000000001535,long
2017-07-11,1,2017-07-10,2017-07-11,115.48,115.25,-0.23000000000000398,-11.500000000000199,-25.000000000000398,long
2017-07-12,1,2017-07-11,2017-07-12,115.63000000000001,116.19999999999999,0.569999999999979,28.49999999999895,54.9999999999979,long
2017-07-13,1,2017-07-12,2017-07-13,116.04,116.03,-0.010000000000005116,-0.5000000000002558,-3.0000000000005116,long
2017-07-14,1,2017-07-13,2017-07-14,115.83,117.03,1.2000000000000028,60.00000000000014,118.00000000000028,long
2017-07-17,1,2017-07-14,2017-07-17,116.78,117.41,0.6299999999999955,31.499999999999773,60.999999999999545,long
2017-07-18,1,2017-07-17,2017-07-18,117.30000000000001,117.97999999999999,0.6799999999999784,33.99999999999892,65.99999999999784,long
2017-07-19,1,2017-07-18,2017-07-19,118.12,118.17,0.04999999999999716,2.499999999999858,2.999999999999716,long
2017-07-20,1,2017-07-19,2017-07-20,118.09,117.91,-0.18000000000000682,-9.000000000000341,-20.000000000000682,long
2017-07-21,1,2017-07-20,2017-07-21,118.25,118.99,0.7399999999999949,36.999999999999744,71.99999999999949,long
2017-07-24,1,2017-07-21,2017-07-24,119.27000000000001,119.50999999999999,0.23999999999998067,11.999999999999034,21.999999999998067,long
2017-07-25,1,2017-07-24,2017-07-25,119.32000000000001,118.97999999999999,-0.3400000000000176,-17.00000000000088,-36.00000000000176,long
2017-07-26,1,2017-07-25,2017-07-26,118.93,118.55999999999999,-0.37000000000001876,-18.500000000000938,-39.000000000001876,long
2017-07-27,1,2017-07-26,2017-07-27,119.89,120.08999999999999,0.19999999999998863,9.999999999999432,17.999999999998863,long
2017-07-28,1,2017-07-27,2017-07-28,119.80000000000001,120.14,0.3399999999999892,16.99999999999946,31.99999999999892,long
2017-07-31,1,2017-07-28,2017-07-31,120.7,120.49,-0.21000000000000796,-10.500000000000398,-23.000000000000796,long
2017-08-01,1,2017-07-31,2017-08-01,120.76,120.42999999999999,-0.3300000000000125,-16.500000000000625,-35.00000000000125,long
2017-08-02,1,2017-08-01,2017-08-02,120.66000000000001,120.5,-0.1600000000000108,-8.00000000000054,-18.00000000000108,long
2017-08-03,1,2017-08-02,2017-08-03,120.41000000000001,120.3,-0.11000000000001364,-5.500000000000682,-13.000000000001364,long
2017-08-04,1,2017-08-03,2017-08-04,120.60000000000001,119.96,-0.6400000000000148,-32.00000000000074,-66.00000000000148,long
2017-08-07,1,2017-08-04,2017-08-07,119.66000000000001,119.42999999999999,-0.2300000000000182,-11.50000000000091,-25.00000000000182,long
2017-08-08,1,2017-08-07,2017-08-08,119.52000000000001,120.00999999999999,0.4899999999999807,24.499999999999034,46.99999999999807,long
2017-08-09,1,2017-08-08,2017-08-09,119.87,121.00999999999999,1.1399999999999864,56.99999999999932,111.99999999999864,long
2017-08-10,1,2017-08-09,2017-08-10,121.32000000000001,122.07,0.7499999999999858,37.49999999999929,72.99999999999858,long
2017-08-11,1,2017-08-10,2017-08-11,122.22,122.22999999999999,0.009999999999990905,0.49999999999954525,-1.0000000000009095,long
2017-08-14,1,2017-08-11,2017-08-14,122.80000000000001,121.97,-0.8300000000000125,-41.500000000000625,-85.00000000000125,long
2017-08-15,1,2017-08-14,2017-08-15,121.93,120.58999999999999,-1.3400000000000176,-67.00000000000088,-136.00000000000176,long
2017-08-16,1,2017-08-15,2017-08-16,120.99000000000001,120.66,-0.3300000000000125,-16.500000000000625,-35.00000000000125,long
2017-08-17,1,2017-08-16,2017-08-17,121.88000000000001,122.28,0.3999999999999915,19.999999999999574,37.99999999999915,long
2017-08-18,1,2017-08-17,2017-08-18,122.5,123.35,0.8499999999999943,42.499999999999716,82.99999999999943,long
2017-08-21,1,2017-08-18,2017-08-21,122.31,122.53,0.21999999999999886,10.999999999999943,19.999999999999886,long
2017-08-22,1,2017-08-21,2017-08-22,122.77000000000001,122.55,-0.22000000000001307,-11.000000000000654,-24.000000000001307,long
2017-08-23,1,2017-08-22,2017-08-23,122.22,122.57,0.3499999999999943,17.499999999999716,32.99999999999943,long
2017-08-24,1,2017-08-23,2017-08-24,122.68,122.38,-0.30000000000001137,-15.000000000000568,-32.00000000000114,long
2017-08-25,1,2017-08-24,2017-08-25,122.30000000000001,122.75999999999999,0.45999999999997954,22.999999999998977,43.999999999997954,long
2017-08-28,1,2017-08-25,2017-08-28,122.75,123.32,0.5699999999999932,28.49999999999966,54.99999999999932,long
2017-08-29,1,2017-08-28,2017-08-29,124.7,125.8,1.0999999999999943,54.999999999999716,107.99999999999943,long
2017-08-30,1,2017-08-29,2017-08-30,124.43,124.32,-0.11000000000001364,-5.500000000000682,-13.000000000001364,long
2017-08-31,1,2017-08-30,2017-08-31,124.37,124.57,0.19999999999998863,9.999999999999432,17.999999999998863,long
2017-09-01,1,2017-08-31,2017-09-01,125.83,126.0,0.1700000000000017,8.500000000000085,15.00000000000017,long
2017-09-05,1,2017-09-01,2017-09-05,126.07000000000001,126.64,0.5699999999999932,28.49999999999966,54.99999999999932,long
2017-09-06,1,2017-09-05,2017-09-06,127.47,127.33,-0.14000000000000057,-7.000000000000028,-16.000000000000057,long
2017-09-07,1,2017-09-06,2017-09-07,126.82000000000001,127.55999999999999,0.7399999999999807,36.999999999999034,71.99999999999807,long
2017-09-08,1,2017-09-07,2017-09-08,128.14,128.19,0.05000000000001137,2.5000000000005684,3.000000000001137,long
2017-09-11,1,2017-09-08,2017-09-11,127.98,126.72999999999999,-1.2500000000000142,-62.50000000000071,-127.00000000000142,long
2017-09-12,1,2017-09-11,2017-09-12,126.2,126.02,-0.18000000000000682,-9.000000000000341,-20.000000000000682,long
2017-09-13,1,2017-09-12,2017-09-13,126.57000000000001,126.39,-0.18000000000000682,-9.000000000000341,-20.000000000000682,long
2017-09-14,1,2017-09-13,2017-09-14,125.62,125.64999999999999,0.029999999999986926,1.4999999999993463,0.9999999999986926,long
2017-09-15,1,2017-09-14,2017-09-15,126.17,125.97999999999999,-0.19000000000001194,-9.500000000000597,-21.000000000001194,long
2017-09-18,1,2017-09-15,2017-09-18,125.54,124.69999999999999,-0.8400000000000176,-42.00000000000088,-86.00000000000176,long
2017-09-19,1,2017-09-18,2017-09-19,124.37,124.47999999999999,0.10999999999998522,5.499999999999261,8.999999999998522,long
2017-09-20,1,2017-09-19,2017-09-20,124.63000000000001,124.67,0.03999999999999204,1.999999999999602,1.9999999999992042,long
2017-09-21,1,2017-09-20,2017-09-21,123.63000000000001,122.55999999999999,-1.0700000000000216,-53.50000000000108,-109.00000000000216,long
2017-09-22,1,2017-09-21,2017-09-22,122.69000000000001,123.02,0.3299999999999841,16.499999999999204,30.99999999999841,long
2017-09-25,1,2017-09-22,2017-09-25,123.25,122.77,-0.480000000000004,-24.0000000000002,-50.0000000000004,long
2017-09-26,1,2017-09-25,2017-09-26,124.54,123.55999999999999,-0.9800000000000182,-49.00000000000091,-100.00000000000182,long
2017-09-27,1,2017-09-26,2017-09-27,123.15,122.03,-1.1200000000000045,-56.00000000000023,-114.00000000000045,long
2017-09-28,1,2017-09-27,2017-09-28,121.99000000000001,122.03,0.03999999999999204,1.999999999999602,1.9999999999992042,long
2017-09-29,1,2017-09-28,2017-09-29,122.22,122.28,0.060000000000002274,3.0000000000001137,4.000000000000227,long
2017-10-02,1,2017-09-29,2017-10-02,121.59,121.16,-0.4300000000000068,-21.50000000000034,-45.00000000000068,long
2017-10-03,1,2017-10-02,2017-10-03,120.78,120.71,-0.07000000000000739,-3.5000000000003695,-9.000000000000739,long
2017-10-04,1,2017-10-03,2017-10-04,120.84,121.19999999999999,0.3599999999999852,17.99999999999926,33.99999999999852,long
2017-10-05,1,2017-10-04,2017-10-05,121.18,121.14,-0.04000000000000625,-2.0000000000003126,-6.000000000000625,long
2017-10-06,1,2017-10-05,2017-10-06,120.53,120.25,-0.28000000000000114,-14.000000000000057,-30.000000000000114,long
2017-10-09,1,2017-10-06,2017-10-09,121.10000000000001,121.63,0.5299999999999869,26.499999999999346,50.99999999999869,long
2017-10-10,1,2017-10-09,2017-10-10,122.09,122.6,0.5099999999999909,25.499999999999545,48.99999999999909,long
2017-10-11,1,2017-10-10,2017-10-11,122.41000000000001,122.55999999999999,0.14999999999997726,7.499999999998863,12.999999999997726,long
2017-10-12,1,2017-10-11,2017-10-12,122.80000000000001,122.83,0.029999999999986926,1.4999999999993463,0.9999999999986926,long
2017-10-13,1,2017-10-12,2017-10-13,122.9,123.64999999999999,0.7499999999999858,37.49999999999929,72.99999999999858,long
2017-10-16,1,2017-10-13,2017-10-16,123.83,123.80999999999999,-0.020000000000010232,-1.0000000000005116,-4.000000000001023,long
2017-10-17,1,2017-10-16,2017-10-17,122.98,122.00999999999999,-0.9700000000000131,-48.500000000000654,-99.00000000000131,long
2017-10-18,1,2017-10-17,2017-10-18,122.14,121.69999999999999,-0.44000000000001194,-22.000000000000597,-46.000000000001194,long
2017-10-19,1,2017-10-18,2017-10-19,121.68,122.19,0.5099999999999909,25.499999999999545,48.99999999999909,long
2017-10-20,1,2017-10-19,2017-10-20,122.4,121.67,-0.730000000000004,-36.5000000000002,-75.0000000000004,long
2017-10-23,1,2017-10-20,2017-10-23,121.62,120.97,-0.6500000000000057,-32.500000000000284,-67.00000000000057,long
2017-10-24,1,2017-10-23,2017-10-24,121.81,121.25,-0.5600000000000023,-28.000000000000114,-58.00000000000023,long
2017-10-25,1,2017-10-24,2017-10-25,121.34,121.3,-0.04000000000000625,-2.0000000000003126,-6.000000000000625,long
2017-10-26,1,2017-10-25,2017-10-26,121.36,121.14999999999999,-0.21000000000000796,-10.500000000000398,-23.000000000000796,long
2017-10-27,1,2017-10-26,2017-10-27,120.34,120.36999999999999,0.029999999999986926,1.4999999999993463,0.9999999999986926,long
2017-10-30,1,2017-10-27,2017-10-30,120.91000000000001,120.92,0.009999999999990905,0.49999999999954525,-1.0000000000009095,long
2017-10-31,1,2017-10-30,2017-10-31,121.14,120.80999999999999,-0.3300000000000125,-16.500000000000625,-35.00000000000125,long
2017-11-01,1,2017-10-31,2017-11-01,120.68,120.97,0.28999999999999204,14.499999999999602,26.999999999999204,long
2017-11-02,1,2017-11-01,2017-11-02,121.12,121.28,0.1599999999999966,7.9999999999998295,13.999999999999659,long
2017-11-03,1,2017-11-02,2017-11-03,121.2,121.35,0.14999999999999147,7.499999999999574,12.999999999999147,long
2017-11-06,1,2017-11-03,2017-11-06,120.63000000000001,120.71,0.07999999999998408,3.999999999999204,5.999999999998408,long
2017-11-07,1,2017-11-06,2017-11-07,121.66000000000001,121.5,-0.1600000000000108,-8.00000000000054,-18.00000000000108,long
2017-11-08,1,2017-11-07,2017-11-08,121.22,121.92999999999999,0.7099999999999937,35.49999999999969,68.99999999999937,long
2017-11-09,1,2017-11-08,2017-11-09,121.64,121.83999999999999,0.19999999999998863,9.999999999999432,17.999999999998863,long
2017-11-10,1,2017-11-09,2017-11-10,122.14,121.97999999999999,-0.1600000000000108,-8.00000000000054,-18.00000000000108,long
2017-11-13,1,2017-11-10,2017-11-13,121.14,121.42,0.28000000000000114,14.000000000000057,26.000000000000114,long
2017-11-14,1,2017-11-13,2017-11-14,121.32000000000001,120.89,-0.4300000000000068,-21.50000000000034,-45.00000000000068,long
2017-11-15,1,2017-11-14,2017-11-15,121.57000000000001,122.11999999999999,0.549999999999983,27.499999999999147,52.999999999998295,long
2017-11-16,1,2017-11-15,2017-11-16,121.42,121.44,0.01999999999999602,0.999999999999801,-3.979039320256561e-13,long
2017-11-17,1,2017-11-16,2017-11-17,121.41000000000001,122.16,0.7499999999999858,37.49999999999929,72.99999999999858,long
2017-11-20,1,2017-11-17,2017-11-20,122.87,122.28999999999999,-0.5800000000000125,-29.000000000000625,-60.00000000000125,long
2017-11-21,1,2017-11-20,2017-11-21,121.32000000000001,121.66,0.3399999999999892,16.99999999999946,31.99999999999892,long
2017-11-22,1,2017-11-21,2017-11-22,121.52000000000001,122.25,0.7299999999999898,36.49999999999949,70.99999999999898,long
2017-11-24,1,2017-11-22,2017-11-24,122.64,122.35,-0.29000000000000625,-14.500000000000313,-31.000000000000625,long
2017-11-27,1,2017-11-24,2017-11-27,122.33,123.25,0.9200000000000017,46.000000000000085,90.00000000000017,long
2017-11-28,1,2017-11-27,2017-11-28,122.84,123.03999999999999,0.19999999999998863,9.999999999999432,17.999999999998863,long
2017-11-29,1,2017-11-28,2017-11-29,122.82000000000001,122.22999999999999,-0.5900000000000176,-29.50000000000088,-61.00000000000176,long
2017-11-30,1,2017-11-29,2017-11-30,122.05000000000001,121.42999999999999,-0.6200000000000188,-31.000000000000938,-64.00000000000188,long
2017-12-01,1,2017-11-30,2017-12-01,121.11,120.92999999999999,-0.18000000000000682,-9.000000000000341,-20.000000000000682,long
2017-12-04,1,2017-12-01,2017-12-04,121.60000000000001,121.14,-0.46000000000000796,-23.000000000000398,-48.000000000000796,long
2017-12-05,1,2017-12-04,2017-12-05,121.19000000000001,120.42999999999999,-0.7600000000000193,-38.000000000000966,-78.00000000000193,long
2017-12-06,1,2017-12-05,2017-12-06,120.33,120.02,-0.3100000000000023,-15.500000000000114,-33.00000000000023,long
2017-12-07,1,2017-12-06,2017-12-07,120.08,119.0,-1.0799999999999983,-53.999999999999915,-109.99999999999983,long
2017-12-08,1,2017-12-07,2017-12-08,118.5,118.61999999999999,0.11999999999999034,5.999999999999517,9.999999999999034,long
2017-12-11,1,2017-12-08,2017-12-11,118.49000000000001,118.36,-0.13000000000000966,-6.500000000000483,-15.000000000000966,long
2017-12-12,1,2017-12-11,2017-12-12,118.02000000000001,117.72,-0.30000000000001137,-15.000000000000568,-32.00000000000114,long
2017-12-13,1,2017-12-12,2017-12-13,118.16000000000001,118.17999999999999,0.01999999999998181,0.9999999999990905,-1.8189894035458565e-12,long
2017-12-14,1,2017-12-13,2017-12-14,119.18,119.08999999999999,-0.09000000000001762,-4.500000000000881,-11.000000000001762,long
2017-12-15,1,2017-12-14,2017-12-15,118.94000000000001,119.39999999999999,0.45999999999997954,22.999999999998977,43.999999999997954,long
2017-12-18,1,2017-12-15,2017-12-18,119.19000000000001,119.61999999999999,0.4299999999999784,21.49999999999892,40.99999999999784,long
2017-12-19,1,2017-12-18,2017-12-19,119.74000000000001,119.66,-0.0800000000000125,-4.000000000000625,-10.00000000000125,long
2017-12-20,1,2017-12-19,2017-12-20,119.83,119.97,0.14000000000000057,7.000000000000028,12.000000000000057,long
2017-12-21,1,2017-12-20,2017-12-21,120.15,120.05999999999999,-0.09000000000001762,-4.500000000000881,-11.000000000001762,long
2017-12-22,1,2017-12-21,2017-12-22,120.32000000000001,120.66,0.3399999999999892,16.99999999999946,31.99999999999892,long
2017-12-26,1,2017-12-22,2017-12-26,120.95,121.53999999999999,0.5899999999999892,29.49999999999946,56.99999999999892,long
2017-12-27,1,2017-12-26,2017-12-27,121.78,121.99,0.20999999999999375,10.499999999999687,18.999999999999375,long
2017-12-28,1,2017-12-27,2017-12-28,122.24000000000001,122.80999999999999,0.569999999999979,28.49999999999895,54.9999999999979,long
2017-12-29,1,2017-12-28,2017-12-29,122.86,123.69,0.8299999999999983,41.499999999999915,80.99999999999983,long
2018-01-02,1,2017-12-29,2018-01-02,123.66000000000001,124.64999999999999,0.9899999999999807,49.499999999999034,96.99999999999807,long
2018-01-03,1,2018-01-02,2018-01-03,125.16000000000001,125.03999999999999,-0.12000000000001876,-6.000000000000938,-14.000000000001876,long
2018-01-04,1,2018-01-03,2018-01-04,124.83,124.88,0.04999999999999716,2.499999999999858,2.999999999999716,long
2018-01-05,1,2018-01-04,2018-01-05,125.47,124.92,-0.5499999999999972,-27.499999999999858,-56.999999999999716,long
2018-01-08,1,2018-01-05,2018-01-08,125.34,125.19,-0.15000000000000568,-7.500000000000284,-17.00000000000057,long
2018-01-09,1,2018-01-08,2018-01-09,125.32000000000001,124.47999999999999,-0.8400000000000176,-42.00000000000088,-86.00000000000176,long
2018-01-10,1,2018-01-09,2018-01-10,124.74000000000001,125.16,0.4199999999999875,20.999999999999375,39.99999999999875,long
2018-01-11,1,2018-01-10,2018-01-11,125.04,125.36,0.3199999999999932,15.999999999999659,29.999999999999318,long
2018-01-12,1,2018-01-11,2018-01-12,125.45,126.0,0.5499999999999972,27.499999999999858,52.999999999999716,long
2018-01-16,1,2018-01-12,2018-01-16,126.97,126.58999999999999,-0.38000000000000966,-19.000000000000483,-40.000000000000966,long
2018-01-17,1,2018-01-16,2018-01-17,127.18,126.75999999999999,-0.4200000000000159,-21.000000000000796,-44.00000000000159,long
2018-01-18,1,2018-01-17,2018-01-18,126.15,126.11999999999999,-0.030000000000015348,-1.5000000000007674,-5.000000000001535,long
2018-01-19,1,2018-01-18,2018-01-19,125.87,126.55999999999999,0.6899999999999835,34.499999999999176,66.99999999999835,long
2018-01-22,1,2018-01-19,2018-01-22,126.43,126.5,0.06999999999999318,3.499999999999659,4.999999999999318,long
2018-01-23,1,2018-01-22,2018-01-23,126.66000000000001,126.52,-0.14000000000001478,-7.000000000000739,-16.000000000001478,long
2018-01-24,1,2018-01-23,2018-01-24,127.29,128.38,1.0899999999999892,54.49999999999946,106.99999999999892,long
2018-01-25,1,2018-01-24,2018-01-25,128.84,128.68,-0.1599999999999966,-7.9999999999998295,-17.99999999999966,long
2018-01-26,1,2018-01-25,2018-01-26,127.98,128.23000000000002,0.2500000000000142,12.50000000000071,23.00000000000142,long
2018-01-29,1,2018-01-26,2018-01-29,128.07999999999998,127.57,-0.5099999999999909,-25.499999999999545,-52.99999999999909,long
2018-01-30,1,2018-01-29,2018-01-30,127.36,127.89999999999999,0.539999999999992,26.999999999999602,51.999999999999204,long
2018-01-31,1,2018-01-30,2018-01-31,126.81,127.44,0.6299999999999955,31.499999999999773,60.999999999999545,long
2018-02-01,1,2018-01-31,2018-02-01,127.66000000000001,127.17,-0.4900000000000091,-24.500000000000455,-51.00000000000091,long
2018-02-02,1,2018-02-01,2018-02-02,128.07999999999998,126.8,-1.279999999999987,-63.999999999999346,-129.9999999999987,long
2018-02-05,1,2018-02-02,2018-02-05,126.4,126.80999999999999,0.4099999999999824,20.49999999999912,38.99999999999824,long
2018-02-06,1,2018-02-05,2018-02-06,126.72,126.53,-0.18999999999999773,-9.499999999999886,-20.999999999999773,long
2018-02-07,1,2018-02-06,2018-02-07,125.39,125.47,0.0799999999999983,3.9999999999999147,5.9999999999998295,long
2018-02-08,1,2018-02-07,2018-02-08,124.80000000000001,124.91,0.10999999999998522,5.499999999999261,8.999999999998522,long
2018-02-09,1,2018-02-08,2018-02-09,124.99000000000001,124.64,-0.3500000000000085,-17.500000000000426,-37.00000000000085,long
2018-02-12,1,2018-02-09,2018-02-12,124.78,125.17999999999999,0.3999999999999915,19.999999999999574,37.99999999999915,long
2018-02-13,1,2018-02-12,2018-02-13,125.38000000000001,125.66,0.2799999999999869,13.999999999999346,25.999999999998693,long
2018-02-14,1,2018-02-13,2018-02-14,126.09,126.46,0.36999999999999034,18.499999999999517,34.999999999999034,long
2018-02-15,1,2018-02-14,2018-02-15,128.23999999999998,128.42000000000002,0.18000000000003524,9.000000000001762,16.000000000003524,long
2018-02-16,1,2018-02-15,2018-02-16,128.39,128.29000000000002,-0.0999999999999659,-4.999999999998295,-11.99999999999659,long
2018-02-20,1,2018-02-16,2018-02-20,127.97,127.28,-0.6899999999999977,-34.499999999999886,-70.99999999999977,long
2018-02-21,1,2018-02-20,2018-02-21,126.25,126.35,0.09999999999999432,4.999999999999716,7.999999999999432,long
2018-02-22,1,2018-02-21,2018-02-22,125.67,125.91,0.23999999999999488,11.999999999999744,21.99999999999949,long
2018-02-23,1,2018-02-22,2018-02-23,126.31,126.05,-0.2600000000000051,-13.000000000000256,-28.00000000000051,long
2018-02-26,1,2018-02-23,2018-02-26,126.15,126.44,0.28999999999999204,14.499999999999602,26.999999999999204,long
2018-02-27,1,2018-02-26,2018-02-27,126.46000000000001,126.05,-0.4100000000000108,-20.50000000000054,-43.00000000000108,long
2018-02-28,1,2018-02-27,2018-02-28,125.14,125.08,-0.060000000000002274,-3.0000000000001137,-8.000000000000227,long
2018-03-01,1,2018-02-28,2018-03-01,125.01,124.28,-0.730000000000004,-36.5000000000002,-75.0000000000004,long
2018-03-02,1,2018-03-01,2018-03-02,124.73,125.66,0.9299999999999926,46.49999999999963,90.99999999999926,long
2018-03-05,1,2018-03-02,2018-03-05,125.4,125.33999999999999,-0.060000000000016485,-3.0000000000008242,-8.000000000001648,long
2018-03-06,1,2018-03-05,2018-03-06,125.19000000000001,126.19,0.9999999999999858,49.99999999999929,97.99999999999858,long
2018-03-07,1,2018-03-06,2018-03-07,126.54,126.21,-0.3300000000000125,-16.500000000000625,-35.00000000000125,long
2018-03-08,1,2018-03-07,2018-03-08,125.73,125.67999999999999,-0.05000000000001137,-2.5000000000005684,-7.000000000001137,long
2018-03-09,1,2018-03-08,2018-03-09,125.43,124.92999999999999,-0.5000000000000142,-25.00000000000071,-52.00000000000142,long
2018-03-12,1,2018-03-09,2018-03-12,125.55000000000001,125.03,-0.5200000000000102,-26.00000000000051,-54.00000000000102,long
2018-03-13,1,2018-03-12,2018-03-13,125.55000000000001,125.66,0.10999999999998522,5.499999999999261,8.999999999998522,long
2018-03-14,1,2018-03-13,2018-03-14,125.79,125.47999999999999,-0.3100000000000165,-15.500000000000824,-33.00000000000165,long
2018-03-15,1,2018-03-14,2018-03-15,125.71000000000001,125.11,-0.6000000000000085,-30.000000000000426,-62.00000000000085,long
2018-03-16,1,2018-03-15,2018-03-16,124.91000000000001,124.83,-0.0800000000000125,-4.000000000000625,-10.00000000000125,long
2018-03-19,1,2018-03-16,2018-03-19,124.61,124.55999999999999,-0.05000000000001137,-2.5000000000005684,-7.000000000001137,long
2018-03-20,1,2018-03-19,2018-03-20,124.88000000000001,124.39999999999999,-0.4800000000000182,-24.00000000000091,-50.00000000000182,long
2018-03-21,1,2018-03-20,2018-03-21,124.32000000000001,125.39,1.0699999999999932,53.49999999999966,104.99999999999932,long
2018-03-22,1,2018-03-21,2018-03-22,126.49000000000001,126.08,-0.4100000000000108,-20.50000000000054,-43.00000000000108,long
2018-03-23,1,2018-03-22,2018-03-23,125.99000000000001,127.80999999999999,1.819999999999979,90.99999999999895,179.9999999999979,long
2018-03-26,1,2018-03-23,2018-03-26,127.62,128.04000000000002,0.4200000000000159,21.000000000000796,40.00000000000159,long
2018-03-27,1,2018-03-26,2018-03-27,128.29,127.22,-1.0699999999999932,-53.49999999999966,-108.99999999999932,long
2018-03-28,1,2018-03-27,2018-03-28,127.5,126.47,-1.0300000000000011,-51.50000000000006,-105.00000000000011,long
2018-03-29,1,2018-03-28,2018-03-29,125.74000000000001,125.41,-0.3300000000000125,-16.500000000000625,-35.00000000000125,long
2018-04-02,1,2018-03-29,2018-04-02,125.80000000000001,126.64,0.8399999999999892,41.99999999999946,81.99999999999892,long
2018-04-03,1,2018-04-02,2018-04-03,127.27000000000001,126.50999999999999,-0.7600000000000193,-38.000000000000966,-78.00000000000193,long
2018-04-04,1,2018-04-03,2018-04-04,126.31,127.49,1.1799999999999926,58.99999999999963,115.99999999999926,long
2018-04-05,1,2018-04-04,2018-04-05,126.46000000000001,125.44,-1.0200000000000102,-51.00000000000051,-104.00000000000102,long
2018-04-06,1,2018-04-05,2018-04-06,125.81,126.55999999999999,0.7499999999999858,37.49999999999929,72.99999999999858,long
2018-04-09,1,2018-04-06,2018-04-09,126.4,126.44,0.03999999999999204,1.999999999999602,1.9999999999992042,long
2018-04-10,1,2018-04-09,2018-04-10,126.83,127.00999999999999,0.1799999999999926,8.99999999999963,15.999999999999261,long
2018-04-11,1,2018-04-10,2018-04-11,127.13000000000001,128.08,0.9500000000000028,47.50000000000014,93.00000000000028,long
2018-04-12,1,2018-04-11,2018-04-12,128.12,127.24,-0.8800000000000097,-44.00000000000048,-90.00000000000097,long
2018-04-13,1,2018-04-12,2018-04-13,126.63000000000001,127.05999999999999,0.4299999999999784,21.49999999999892,40.99999999999784,long
2018-04-16,1,2018-04-13,2018-04-16,127.46000000000001,127.72999999999999,0.2699999999999818,13.49999999999909,24.99999999999818,long
2018-04-17,1,2018-04-16,2018-04-17,127.64,127.00999999999999,-0.6300000000000097,-31.500000000000483,-65.00000000000097,long
2018-04-18,1,2018-04-17,2018-04-18,127.76,128.31,0.5499999999999972,27.499999999999858,52.999999999999716,long
2018-04-19,1,2018-04-18,2018-04-19,127.86,127.8,-0.060000000000002274,-3.0000000000001137,-8.000000000000227,long
2018-04-20,1,2018-04-19,2018-04-20,127.61,126.67999999999999,-0.9300000000000068,-46.50000000000034,-95.00000000000068,long
2018-04-23,1,2018-04-20,2018-04-23,126.64,125.61,-1.0300000000000011,-51.50000000000006,-105.00000000000011,long
2018-04-24,1,2018-04-23,2018-04-24,125.63000000000001,125.77,0.13999999999998636,6.999999999999318,11.999999999998636,long
2018-04-25,1,2018-04-24,2018-04-25,126.24000000000001,125.22,-1.0200000000000102,-51.00000000000051,-104.00000000000102,long
2018-04-26,1,2018-04-25,2018-04-26,125.42,125.53,0.10999999999999943,5.499999999999972,8.999999999999943,long
2018-04-27,1,2018-04-26,2018-04-27,124.98,125.19,0.20999999999999375,10.499999999999687,18.999999999999375,long
2018-04-30,1,2018-04-27,2018-04-30,125.51,124.39999999999999,-1.1100000000000136,-55.50000000000068,-113.00000000000136,long
2018-05-01,1,2018-04-30,2018-05-01,124.60000000000001,123.89,-0.710000000000008,-35.5000000000004,-73.0000000000008,long
2018-05-02,1,2018-05-01,2018-05-02,123.72,123.89,0.1700000000000017,8.500000000000085,15.00000000000017,long
2018-05-03,1,2018-05-02,2018-05-03,123.66000000000001,124.64999999999999,0.9899999999999807,49.499999999999034,96.99999999999807,long
2018-05-04,1,2018-05-03,2018-05-04,124.29,124.08999999999999,-0.20000000000001705,-10.000000000000853,-22.000000000001705,long
2018-05-07,1,2018-05-04,2018-05-07,124.55000000000001,124.49,-0.060000000000016485,-3.0000000000008242,-8.000000000001648,long
2018-05-08,1,2018-05-07,2018-05-08,124.58,124.13,-0.45000000000000284,-22.500000000000142,-47.000000000000284,long
2018-05-09,1,2018-05-08,2018-05-09,124.60000000000001,124.44,-0.1600000000000108,-8.00000000000054,-18.00000000000108,long
2018-05-10,1,2018-05-09,2018-05-10,124.34,125.21,0.8699999999999903,43.49999999999952,84.99999999999903,long
2018-05-11,1,2018-05-10,2018-05-11,125.19000000000001,125.55999999999999,0.3699999999999761,18.499999999998806,34.99999999999761,long
2018-05-14,1,2018-05-11,2018-05-14,125.01,125.14999999999999,0.13999999999998636,6.999999999999318,11.999999999998636,long
2018-05-15,1,2018-05-14,2018-05-15,124.5,122.80999999999999,-1.690000000000012,-84.5000000000006,-171.0000000000012,long
2018-05-16,1,2018-05-15,2018-05-16,122.49000000000001,122.36999999999999,-0.12000000000001876,-6.000000000000938,-14.000000000001876,long
2018-05-17,1,2018-05-16,2018-05-17,122.30000000000001,122.22,-0.0800000000000125,-4.000000000000625,-10.00000000000125,long
2018-05-18,1,2018-05-17,2018-05-18,122.37,122.03999999999999,-0.3300000000000125,-16.500000000000625,-35.00000000000125,long
2018-05-21,1,2018-05-18,2018-05-21,122.42,122.14999999999999,-0.27000000000001023,-13.500000000000512,-29.000000000001023,long
2018-05-22,1,2018-05-21,2018-05-22,122.49000000000001,122.69,0.19999999999998863,9.999999999999432,17.999999999998863,long
2018-05-23,1,2018-05-22,2018-05-23,122.42,122.13,-0.29000000000000625,-14.500000000000313,-31.000000000000625,long
2018-05-24,1,2018-05-23,2018-05-24,122.55000000000001,123.08999999999999,0.5399999999999778,26.99999999999889,51.99999999999778,long
2018-05-25,1,2018-05-24,2018-05-25,123.60000000000001,123.64999999999999,0.04999999999998295,2.4999999999991473,2.9999999999982947,long
2018-05-29,1,2018-05-25,2018-05-29,123.22,122.83,-0.39000000000000057,-19.50000000000003,-41.00000000000006,long
2018-05-30,1,2018-05-29,2018-05-30,123.2,123.16,-0.04000000000000625,-2.0000000000003126,-6.000000000000625,long
2018-05-31,1,2018-05-30,2018-05-31,123.38000000000001,123.25,-0.13000000000000966,-6.500000000000483,-15.000000000000966,long
2018-06-01,1,2018-05-31,2018-06-01,123.11,122.58,-0.5300000000000011,-26.500000000000057,-55.000000000000114,long
2018-06-04,1,2018-06-01,2018-06-04,122.5,122.83999999999999,0.3399999999999892,16.99999999999946,31.99999999999892,long
2018-06-05,1,2018-06-04,2018-06-05,122.38000000000001,122.53999999999999,0.15999999999998238,7.999999999999119,13.999999999998238,long
2018-06-06,1,2018-06-05,2018-06-06,122.86,123.07,0.20999999999999375,10.499999999999687,18.999999999999375,long
2018-06-07,1,2018-06-06,2018-06-07,122.93,122.94999999999999,0.01999999999998181,0.9999999999990905,-1.8189894035458565e-12,long
2018-06-08,1,2018-06-07,2018-06-08,122.87,123.07,0.19999999999998863,9.999999999999432,17.999999999998863,long
2018-06-11,1,2018-06-08,2018-06-11,123.02000000000001,123.08999999999999,0.06999999999997897,3.4999999999989484,4.999999999997897,long
2018-06-12,1,2018-06-11,2018-06-12,123.24000000000001,122.94,-0.30000000000001137,-15.000000000000568,-32.00000000000114,long
2018-06-13,1,2018-06-12,2018-06-13,122.83,122.83,0.0,0.0,-2.0,long
2018-06-14,1,2018-06-13,2018-06-14,123.2,123.61999999999999,0.4199999999999875,20.999999999999375,39.99999999999875,long
2018-06-15,1,2018-06-14,2018-06-15,123.39,122.17,-1.2199999999999989,-60.99999999999994,-123.99999999999989,long
2018-06-18,1,2018-06-15,2018-06-18,121.35000000000001,121.33999999999999,-0.010000000000019327,-0.5000000000009663,-3.0000000000019327,long
2018-06-19,1,2018-06-18,2018-06-19,121.12,120.8,-0.3200000000000074,-16.00000000000037,-34.00000000000074,long
2018-06-20,1,2018-06-19,2018-06-20,120.81,120.78,-0.030000000000001137,-1.5000000000000568,-5.000000000000114,long
2018-06-21,1,2018-06-20,2018-06-21,120.27000000000001,119.91,-0.36000000000001364,-18.000000000000682,-38.000000000001364,long
2018-06-22,1,2018-06-21,2018-06-22,120.06,120.21,0.14999999999999147,7.499999999999574,12.999999999999147,long
2018-06-25,1,2018-06-22,2018-06-25,120.35000000000001,119.99,-0.36000000000001364,-18.000000000000682,-38.000000000001364,long
2018-06-26,1,2018-06-25,2018-06-26,119.9,119.27,-0.6300000000000097,-31.500000000000483,-65.00000000000097,long
2018-06-27,1,2018-06-26,2018-06-27,119.27000000000001,118.94999999999999,-0.3200000000000216,-16.00000000000108,-34.00000000000216,long
2018-06-28,1,2018-06-27,2018-06-28,118.59,118.58,-0.010000000000005116,-0.5000000000002558,-3.0000000000005116,long
2018-06-29,1,2018-06-28,2018-06-29,118.23,118.42,0.18999999999999773,9.499999999999886,16.999999999999773,long
2018-07-02,1,2018-06-29,2018-07-02,118.66000000000001,118.17,-0.4900000000000091,-24.500000000000455,-51.00000000000091,long
2018-07-03,1,2018-07-02,2018-07-03,117.47,118.39,0.9200000000000017,46.000000000000085,90.00000000000017,long
2018-07-05,1,2018-07-03,2018-07-05,118.66000000000001,118.91,0.2499999999999858,12.49999999999929,22.99999999999858,long
2018-07-06,1,2018-07-05,2018-07-06,119.06,118.96,-0.10000000000000853,-5.000000000000426,-12.000000000000853,long
2018-07-09,1,2018-07-06,2018-07-09,118.87,119.64,0.769999999999996,38.4999999999998,74.9999999999996,long
2018-07-10,1,2018-07-09,2018-07-10,119.16000000000001,118.86999999999999,-0.29000000000002046,-14.500000000001023,-31.000000000002046,long
2018-07-11,1,2018-07-10,2018-07-11,118.94000000000001,118.44,-0.5000000000000142,-25.00000000000071,-52.00000000000142,long
2018-07-12,1,2018-07-11,2018-07-12,117.65,117.99,0.3399999999999892,16.99999999999946,31.99999999999892,long
2018-07-13,1,2018-07-12,2018-07-13,118.14,117.61,-0.5300000000000011,-26.500000000000057,-55.000000000000114,long
2018-07-16,1,2018-07-13,2018-07-16,117.62,117.5,-0.12000000000000455,-6.000000000000227,-14.000000000000455,long
2018-07-17,1,2018-07-16,2018-07-17,117.56,116.71,-0.8500000000000085,-42.500000000000426,-87.00000000000085,long
2018-07-18,1,2018-07-17,2018-07-18,116.29,116.02,-0.27000000000001023,-13.500000000000512,-29.000000000001023,long
2018-07-19,1,2018-07-18,2018-07-19,116.32000000000001,115.11999999999999,-1.200000000000017,-60.00000000000085,-122.0000000000017,long
2018-07-20,1,2018-07-19,2018-07-20,115.82000000000001,116.39,0.5699999999999932,28.49999999999966,54.99999999999932,long
2018-07-23,1,2018-07-20,2018-07-23,116.57000000000001,116.24,-0.3300000000000125,-16.500000000000625,-35.00000000000125,long
2018-07-24,1,2018-07-23,2018-07-24,116.01,116.21,0.19999999999998863,9.999999999999432,17.999999999998863,long
2018-07-25,1,2018-07-24,2018-07-25,116.05000000000001,116.78,0.7299999999999898,36.49999999999949,70.99999999999898,long
2018-07-26,1,2018-07-25,2018-07-26,116.69000000000001,116.22999999999999,-0.46000000000002217,-23.00000000000111,-48.00000000000222,long
2018-07-27,1,2018-07-26,2018-07-27,115.78,115.91,0.12999999999999545,6.499999999999773,10.999999999999545,long
2018-07-30,1,2018-07-27,2018-07-30,115.84,115.78999999999999,-0.05000000000001137,-2.5000000000005684,-7.000000000001137,long
2018-07-31,1,2018-07-30,2018-07-31,115.66000000000001,115.46,-0.20000000000001705,-10.000000000000853,-22.000000000001705,long
2018-08-01,1,2018-07-31,2018-08-01,116.0,115.61999999999999,-0.38000000000000966,-19.000000000000483,-40.000000000000966,long
2018-08-02,1,2018-08-01,2018-08-02,115.15,115.16,0.009999999999990905,0.49999999999954525,-1.0000000000009095,long
2018-08-03,1,2018-08-02,2018-08-03,114.53,115.08,0.5499999999999972,27.499999999999858,52.999999999999716,long
2018-08-06,1,2018-08-03,2018-08-06,114.93,114.55,-0.38000000000000966,-19.000000000000483,-40.000000000000966,long
2018-08-07,1,2018-08-06,2018-08-07,114.34,114.83999999999999,0.4999999999999858,24.99999999999929,47.99999999999858,long
2018-08-08,1,2018-08-07,2018-08-08,114.60000000000001,114.74,0.13999999999998636,6.999999999999318,11.999999999998636,long
2018-08-09,1,2018-08-08,2018-08-09,114.92,115.00999999999999,0.0899999999999892,4.49999999999946,6.99999999999892,long
2018-08-10,1,2018-08-09,2018-08-10,114.75,114.8,0.04999999999999716,2.499999999999858,2.999999999999716,long
2018-08-13,1,2018-08-10,2018-08-13,114.7,113.8,-0.9000000000000057,-45.000000000000284,-92.00000000000057,long
2018-08-14,1,2018-08-13,2018-08-14,112.97,113.24,0.269999999999996,13.499999999999801,24.999999999999602,long
2018-08-15,1,2018-08-14,2018-08-15,113.08,112.16,-0.9200000000000017,-46.000000000000085,-94.00000000000017,long
2018-08-16,1,2018-08-15,2018-08-16,111.2,111.44999999999999,0.2499999999999858,12.49999999999929,22.99999999999858,long
2018-08-17,1,2018-08-16,2018-08-17,111.11,111.67999999999999,0.5699999999999932,28.49999999999966,54.99999999999932,long
2018-08-20,1,2018-08-17,2018-08-20,112.14,112.36999999999999,0.22999999999998977,11.499999999999488,20.999999999998977,long
2018-08-21,1,2018-08-20,2018-08-21,112.7,112.75999999999999,0.05999999999998806,2.999999999999403,3.9999999999988063,long
2018-08-22,1,2018-08-21,2018-08-22,113.03,113.38,0.3499999999999943,17.499999999999716,32.99999999999943,long
2018-08-23,1,2018-08-22,2018-08-23,113.28,112.67,-0.6099999999999994,-30.49999999999997,-62.99999999999994,long
2018-08-24,1,2018-08-23,2018-08-24,112.21000000000001,113.24,1.029999999999987,51.499999999999346,100.99999999999869,long
2018-08-27,1,2018-08-24,2018-08-27,114.17,114.11,-0.060000000000002274,-3.0000000000001137,-8.000000000000227,long
2018-08-28,1,2018-08-27,2018-08-28,114.60000000000001,114.75,0.14999999999999147,7.499999999999574,12.999999999999147,long
2018-08-29,1,2018-08-28,2018-08-29,113.69000000000001,114.14999999999999,0.45999999999997954,22.999999999998977,43.999999999997954,long
2018-08-30,1,2018-08-29,2018-08-30,114.21000000000001,113.91,-0.30000000000001137,-15.000000000000568,-32.00000000000114,long
2018-08-31,1,2018-08-30,2018-08-31,113.65,113.71,0.05999999999998806,2.999999999999403,3.9999999999988063,long
2018-09-04,1,2018-08-31,2018-09-04,113.52000000000001,112.74,-0.7800000000000153,-39.00000000000077,-80.00000000000153,long
2018-09-05,1,2018-09-04,2018-09-05,112.94000000000001,113.35,0.4099999999999824,20.49999999999912,38.99999999999824,long
2018-09-06,1,2018-09-05,2018-09-06,113.33,113.88,0.5499999999999972,27.499999999999858,52.999999999999716,long
2018-09-07,1,2018-09-06,2018-09-07,113.55000000000001,113.25,-0.30000000000001137,-15.000000000000568,-32.00000000000114,long
2018-09-10,1,2018-09-07,2018-09-10,113.24000000000001,113.25,0.009999999999990905,0.49999999999954525,-1.0000000000009095,long
2018-09-11,1,2018-09-10,2018-09-11,113.16000000000001,112.64,-0.5200000000000102,-26.00000000000051,-54.00000000000102,long
2018-09-12,1,2018-09-11,2018-09-12,113.23,113.11,-0.12000000000000455,-6.000000000000227,-14.000000000000455,long
2018-09-13,1,2018-09-12,2018-09-13,114.18,114.71,0.5299999999999869,26.499999999999346,50.99999999999869,long
2018-09-14,1,2018-09-13,2018-09-14,113.77000000000001,113.78,0.009999999999990905,0.49999999999954525,-1.0000000000009095,long
2018-09-17,1,2018-09-14,2018-09-17,113.03,113.58999999999999,0.5599999999999881,27.999999999999403,53.999999999998806,long
2018-09-18,1,2018-09-17,2018-09-18,113.62,113.78,0.1599999999999966,7.9999999999998295,13.999999999999659,long
2018-09-19,1,2018-09-18,2018-09-19,113.45,113.92999999999999,0.47999999999998977,23.99999999999949,45.99999999999898,long
2018-09-20,1,2018-09-19,2018-09-20,113.89,114.19999999999999,0.30999999999998806,15.499999999999403,28.999999999998806,long
2018-09-21,1,2018-09-20,2018-09-21,114.28,112.86,-1.4200000000000017,-71.00000000000009,-144.00000000000017,long
2018-09-24,1,2018-09-21,2018-09-24,113.5,113.67,0.1700000000000017,8.500000000000085,15.00000000000017,long
2018-09-25,1,2018-09-24,2018-09-25,113.48,113.74,0.2599999999999909,12.999999999999545,23.99999999999909,long
2018-09-26,1,2018-09-25,2018-09-26,113.66000000000001,113.1,-0.5600000000000165,-28.000000000000824,-58.00000000000165,long
2018-09-27,1,2018-09-26,2018-09-27,113.06,112.08999999999999,-0.9700000000000131,-48.500000000000654,-99.00000000000131,long
2018-09-28,1,2018-09-27,2018-09-28,112.06,112.14999999999999,0.0899999999999892,4.49999999999946,6.99999999999892,long
2018-10-01,1,2018-09-28,2018-10-01,112.77000000000001,112.39,-0.38000000000000966,-19.000000000000483,-40.000000000000966,long
2018-10-02,1,2018-10-01,2018-10-02,112.58,113.69,1.1099999999999994,55.49999999999997,108.99999999999994,long
2018-10-03,1,2018-10-02,2018-10-03,113.88000000000001,113.86,-0.020000000000010232,-1.0000000000005116,-4.000000000001023,long
2018-10-04,1,2018-10-03,2018-10-04,113.43,113.82,0.38999999999998636,19.499999999999318,36.999999999998636,long
2018-10-05,1,2018-10-04,2018-10-05,113.49000000000001,113.8,0.30999999999998806,15.499999999999403,28.999999999998806,long
2018-10-08,1,2018-10-05,2018-10-08,113.81,112.24,-1.5700000000000074,-78.50000000000037,-159.00000000000074,long
2018-10-09,1,2018-10-08,2018-10-09,112.55000000000001,112.36,-0.19000000000001194,-9.500000000000597,-21.000000000001194,long
2018-10-10,1,2018-10-09,2018-10-10,112.61,112.46,-0.15000000000000568,-7.500000000000284,-17.00000000000057,long
2018-10-11,1,2018-10-10,2018-10-11,112.89,114.19,1.2999999999999972,64.99999999999986,127.99999999999972,long
2018-10-12,1,2018-10-11,2018-10-12,115.79,115.57,-0.22000000000001307,-11.000000000000654,-24.000000000001307,long
2018-10-15,1,2018-10-12,2018-10-15,115.24000000000001,116.11,0.8699999999999903,43.49999999999952,84.99999999999903,long
2018-10-16,1,2018-10-15,2018-10-16,116.01,116.47999999999999,0.46999999999998465,23.499999999999233,44.999999999998465,long
2018-10-17,1,2018-10-16,2018-10-17,115.81,115.88,0.06999999999999318,3.499999999999659,4.999999999999318,long
2018-10-18,1,2018-10-17,2018-10-18,115.80000000000001,115.82,0.01999999999998181,0.9999999999990905,-1.8189894035458565e-12,long
2018-10-19,1,2018-10-18,2018-10-19,115.93,116.22,0.28999999999999204,14.499999999999602,26.999999999999204,long
2018-10-22,1,2018-10-19,2018-10-22,116.02000000000001,115.55999999999999,-0.46000000000002217,-23.00000000000111,-48.00000000000222,long
2018-10-23,1,2018-10-22,2018-10-23,115.72,117.14999999999999,1.4299999999999926,71.49999999999963,140.99999999999926,long
2018-10-24,1,2018-10-23,2018-10-24,116.4,116.36999999999999,-0.030000000000015348,-1.5000000000007674,-5.000000000001535,long
2018-10-25,1,2018-10-24,2018-10-25,116.67,116.57,-0.10000000000000853,-5.000000000000426,-12.000000000000853,long
2018-10-26,1,2018-10-25,2018-10-26,116.41000000000001,116.82,0.4099999999999824,20.49999999999912,38.99999999999824,long
2018-10-29,1,2018-10-26,2018-10-29,116.78,116.39999999999999,-0.38000000000000966,-19.000000000000483,-40.000000000000966,long
2018-10-30,1,2018-10-29,2018-10-30,116.32000000000001,115.83999999999999,-0.4800000000000182,-24.00000000000091,-50.00000000000182,long
2018-10-31,1,2018-10-30,2018-10-31,115.81,114.88,-0.9300000000000068,-46.50000000000034,-95.00000000000068,long
2018-11-01,1,2018-10-31,2018-11-01,115.16000000000001,116.32,1.1599999999999824,57.99999999999912,113.99999999999824,long
2018-11-02,1,2018-11-01,2018-11-02,116.64,116.6,-0.04000000000000625,-2.0000000000003126,-6.000000000000625,long
2018-11-05,1,2018-11-02,2018-11-05,116.66000000000001,116.27,-0.3900000000000148,-19.50000000000074,-41.00000000000148,long
2018-11-06,1,2018-11-05,2018-11-06,116.38000000000001,116.42999999999999,0.04999999999998295,2.4999999999991473,2.9999999999982947,long
2018-11-07,1,2018-11-06,2018-11-07,116.05000000000001,116.25,0.19999999999998863,9.999999999999432,17.999999999998863,long
2018-11-08,1,2018-11-07,2018-11-08,116.04,115.75999999999999,-0.28000000000001535,-14.000000000000767,-30.000000000001535,long
2018-11-09,1,2018-11-08,2018-11-09,115.79,114.58999999999999,-1.200000000000017,-60.00000000000085,-122.0000000000017,long
2018-11-12,1,2018-11-09,2018-11-12,114.49000000000001,114.0,-0.4900000000000091,-24.500000000000455,-51.00000000000091,long
2018-11-13,1,2018-11-12,2018-11-13,113.67,113.71,0.03999999999999204,1.999999999999602,1.9999999999992042,long
2018-11-14,1,2018-11-13,2018-11-14,113.71000000000001,113.52,-0.19000000000001194,-9.500000000000597,-21.000000000001194,long
2018-11-15,1,2018-11-14,2018-11-15,114.65,114.82,0.1699999999999875,8.499999999999375,14.99999999999875,long
2018-11-16,1,2018-11-15,2018-11-16,114.78,115.82,1.039999999999992,51.9999999999996,101.9999999999992,long
2018-11-19,1,2018-11-16,2018-11-19,115.63000000000001,115.44,-0.19000000000001194,-9.500000000000597,-21.000000000001194,long
2018-11-20,1,2018-11-19,2018-11-20,115.68,115.92999999999999,0.2499999999999858,12.49999999999929,22.99999999999858,long
2018-11-21,1,2018-11-20,2018-11-21,115.68,115.92999999999999,0.2499999999999858,12.49999999999929,22.99999999999858,long
2018-11-23,1,2018-11-21,2018-11-23,115.87,115.75,-0.12000000000000455,-6.000000000000227,-14.000000000000455,long
2018-11-26,1,2018-11-23,2018-11-26,115.78,115.83,0.04999999999999716,2.499999999999858,2.999999999999716,long
2018-11-27,1,2018-11-26,2018-11-27,115.65,115.53999999999999,-0.11000000000001364,-5.500000000000682,-13.000000000001364,long
2018-11-28,1,2018-11-27,2018-11-28,114.96000000000001,114.75,-0.21000000000000796,-10.500000000000398,-23.000000000000796,long
2018-11-29,1,2018-11-28,2018-11-29,115.39,115.96,0.5699999999999932,28.49999999999966,54.99999999999932,long
2018-11-30,1,2018-11-29,2018-11-30,115.75,115.41,-0.3400000000000034,-17.00000000000017,-36.00000000000034,long
2018-12-03,1,2018-11-30,2018-12-03,115.55000000000001,116.58999999999999,1.0399999999999778,51.99999999999889,101.99999999999778,long
2018-12-04,1,2018-12-03,2018-12-04,116.42,117.36,0.9399999999999977,46.999999999999886,91.99999999999977,long
2018-12-06,1,2018-12-04,2018-12-06,117.13000000000001,117.36999999999999,0.23999999999998067,11.999999999999034,21.999999999998067,long
2018-12-07,1,2018-12-06,2018-12-07,117.15,117.61,0.45999999999999375,22.999999999999687,43.999999999999375,long
2018-12-10,1,2018-12-07,2018-12-10,118.10000000000001,117.69,-0.4100000000000108,-20.50000000000054,-43.00000000000108,long
2018-12-11,1,2018-12-10,2018-12-11,117.69000000000001,117.66,-0.030000000000015348,-1.5000000000007674,-5.000000000001535,long
2018-12-12,1,2018-12-11,2018-12-12,117.55000000000001,117.69,0.13999999999998636,6.999999999999318,11.999999999998636,long
2018-12-13,1,2018-12-12,2018-12-13,117.80000000000001,117.53,-0.27000000000001023,-13.500000000000512,-29.000000000001023,long
2018-12-14,1,2018-12-13,2018-12-14,117.54,116.61999999999999,-0.9200000000000159,-46.000000000000796,-94.00000000000159,long
2018-12-17,1,2018-12-14,2018-12-17,117.07000000000001,117.36,0.28999999999999204,14.499999999999602,26.999999999999204,long
2018-12-18,1,2018-12-17,2018-12-18,117.88000000000001,117.83999999999999,-0.040000000000020464,-2.000000000001023,-6.000000000002046,long
2018-12-19,1,2018-12-18,2018-12-19,118.16000000000001,118.22999999999999,0.06999999999997897,3.4999999999989484,4.999999999997897,long
2018-12-20,1,2018-12-19,2018-12-20,117.44000000000001,119.1,1.6599999999999824,82.99999999999912,163.99999999999824,long
2018-12-21,1,2018-12-20,2018-12-21,119.25,119.17999999999999,-0.07000000000000739,-3.5000000000003695,-9.000000000000739,long
2018-12-24,1,2018-12-21,2018-12-24,118.73,119.55999999999999,0.8299999999999841,41.499999999999204,80.99999999999841,long
2018-12-26,1,2018-12-24,2018-12-26,120.03,120.61,0.5799999999999983,28.999999999999915,55.99999999999983,long
2018-12-27,1,2018-12-26,2018-12-27,119.67,120.55999999999999,0.8899999999999864,44.49999999999932,86.99999999999864,long
2018-12-28,1,2018-12-27,2018-12-28,120.58,120.78999999999999,0.20999999999999375,10.499999999999687,18.999999999999375,long
2018-12-31,1,2018-12-28,2018-12-31,121.07000000000001,120.97,-0.10000000000000853,-5.000000000000426,-12.000000000000853,long
2019-01-02,1,2018-12-31,2019-01-02,121.26,121.33999999999999,0.07999999999998408,3.999999999999204,5.999999999998408,long
2019-01-03,1,2019-01-02,2019-01-03,121.34,121.77,0.4299999999999926,21.49999999999963,40.99999999999926,long
2019-01-04,1,2019-01-03,2019-01-04,122.44000000000001,121.30999999999999,-1.1300000000000239,-56.500000000001194,-115.00000000000239,long
2019-01-07,1,2019-01-04,2019-01-07,121.45,122.14999999999999,0.6999999999999886,34.99999999999943,67.99999999999886,long
2019-01-08,1,2019-01-07,2019-01-08,121.87,121.14,-0.730000000000004,-36.5000000000002,-75.0000000000004,long
2019-01-09,1,2019-01-08,2019-01-09,121.54,121.44,-0.10000000000000853,-5.000000000000426,-12.000000000000853,long
2019-01-10,1,2019-01-09,2019-01-10,122.32000000000001,121.97,-0.3500000000000085,-17.500000000000426,-37.00000000000085,long
2019-01-11,1,2019-01-10,2019-01-11,121.60000000000001,121.72999999999999,0.12999999999998124,6.499999999999062,10.999999999998124,long
2019-01-14,1,2019-01-11,2019-01-14,121.81,122.14,0.3299999999999983,16.499999999999915,30.99999999999983,long
2019-01-15,1,2019-01-14,2019-01-15,122.10000000000001,122.27,0.1699999999999875,8.499999999999375,14.99999999999875,long
2019-01-16,1,2019-01-15,2019-01-16,121.89,122.03,0.14000000000000057,7.000000000000028,12.000000000000057,long
2019-01-17,1,2019-01-16,2019-01-17,122.28,122.02,-0.2600000000000051,-13.000000000000256,-28.00000000000051,long
2019-01-18,1,2019-01-17,2019-01-18,122.12,121.22,-0.9000000000000057,-45.000000000000284,-92.00000000000057,long
2019-01-22,1,2019-01-18,2019-01-22,121.03,121.17,0.14000000000000057,7.000000000000028,12.000000000000057,long
2019-01-23,1,2019-01-22,2019-01-23,121.46000000000001,120.94999999999999,-0.5100000000000193,-25.500000000000966,-53.00000000000193,long
2019-01-24,1,2019-01-23,2019-01-24,121.29,121.14999999999999,-0.14000000000001478,-7.000000000000739,-16.000000000001478,long
2019-01-25,1,2019-01-24,2019-01-25,121.10000000000001,122.00999999999999,0.9099999999999824,45.49999999999912,88.99999999999824,long
2019-01-28,1,2019-01-25,2019-01-28,122.87,122.74,-0.13000000000000966,-6.500000000000483,-15.000000000000966,long
2019-01-29,1,2019-01-28,2019-01-29,123.30000000000001,123.69999999999999,0.39999999999997726,19.999999999998863,37.999999999997726,long
2019-01-30,1,2019-01-29,2019-01-30,123.99000000000001,123.89999999999999,-0.09000000000001762,-4.500000000000881,-11.000000000001762,long
2019-01-31,1,2019-01-30,2019-01-31,124.7,125.17,0.46999999999999886,23.499999999999943,44.999999999999886,long
2019-02-01,1,2019-01-31,2019-02-01,124.76,124.88,0.11999999999999034,5.999999999999517,9.999999999999034,long
2019-02-04,1,2019-02-01,2019-02-04,124.51,123.97999999999999,-0.5300000000000153,-26.500000000000767,-55.000000000001535,long
2019-02-05,1,2019-02-04,2019-02-05,123.97,124.28,0.3100000000000023,15.500000000000114,29.000000000000227,long
2019-02-06,1,2019-02-05,2019-02-06,124.29,124.14999999999999,-0.14000000000001478,-7.000000000000739,-16.000000000001478,long
2019-02-07,1,2019-02-06,2019-02-07,123.45,123.78999999999999,0.3399999999999892,16.99999999999946,31.99999999999892,long
2019-02-08,1,2019-02-07,2019-02-08,123.75,124.03999999999999,0.28999999999999204,14.499999999999602,26.999999999999204,long
2019-02-11,1,2019-02-08,2019-02-11,124.22,123.17999999999999,-1.0400000000000063,-52.00000000000031,-106.00000000000063,long
2019-02-12,1,2019-02-11,2019-02-12,123.61,123.94999999999999,0.3399999999999892,16.99999999999946,31.99999999999892,long
2019-02-13,1,2019-02-12,2019-02-13,123.87,123.83,-0.04000000000000625,-2.0000000000003126,-6.000000000000625,long
2019-02-14,1,2019-02-13,2019-02-14,123.38000000000001,123.83,0.44999999999998863,22.49999999999943,42.99999999999886,long
2019-02-15,1,2019-02-14,2019-02-15,124.07000000000001,124.58,0.5099999999999909,25.499999999999545,48.99999999999909,long
2019-02-19,1,2019-02-15,2019-02-19,124.81,125.97,1.1599999999999966,57.99999999999983,113.99999999999966,long
2019-02-20,1,2019-02-19,2019-02-20,126.71000000000001,126.99,0.2799999999999869,13.999999999999346,25.999999999998693,long
2019-02-21,1,2019-02-20,2019-02-21,126.49000000000001,126.14,-0.3500000000000085,-17.500000000000426,-37.00000000000085,long
2019-02-22,1,2019-02-21,2019-02-22,125.06,125.52,0.45999999999999375,22.999999999999687,43.999999999999375,long
2019-02-25,1,2019-02-22,2019-02-25,125.51,125.77,0.2599999999999909,12.999999999999545,23.99999999999909,long
2019-02-26,1,2019-02-25,2019-02-26,125.38000000000001,125.32,-0.060000000000016485,-3.0000000000008242,-8.000000000001648,long
2019-02-27,1,2019-02-26,2019-02-27,125.59,125.16,-0.4300000000000068,-21.50000000000034,-45.00000000000068,long
2019-02-28,1,2019-02-27,2019-02-28,124.7,124.69999999999999,-1.4210854715202004e-14,-7.105427357601002e-13,-2.000000000001421,long
2019-03-01,1,2019-02-28,2019-03-01,124.0,123.47,-0.5300000000000011,-26.500000000000057,-55.000000000000114,long
2019-03-04,1,2019-03-01,2019-03-04,121.89,121.55,-0.3400000000000034,-17.00000000000017,-36.00000000000034,long
2019-03-05,1,2019-03-04,2019-03-05,121.57000000000001,121.36999999999999,-0.20000000000001705,-10.000000000000853,-22.000000000001705,long
2019-03-06,1,2019-03-05,2019-03-06,121.73,121.42,-0.3100000000000023,-15.500000000000114,-33.00000000000023,long
2019-03-07,1,2019-03-06,2019-03-07,121.62,121.25999999999999,-0.36000000000001364,-18.000000000000682,-38.000000000001364,long
2019-03-08,1,2019-03-07,2019-03-08,121.52000000000001,122.69,1.1699999999999875,58.499999999999375,114.99999999999875,long
2019-03-11,1,2019-03-08,2019-03-11,122.85000000000001,122.50999999999999,-0.3400000000000176,-17.00000000000088,-36.00000000000176,long
2019-03-12,1,2019-03-11,2019-03-12,122.25,122.53,0.28000000000000114,14.000000000000057,26.000000000000114,long
2019-03-13,1,2019-03-12,2019-03-13,122.99000000000001,123.55,0.5599999999999881,27.999999999999403,53.999999999998806,long
2019-03-14,1,2019-03-13,2019-03-14,123.85000000000001,122.32,-1.5300000000000153,-76.50000000000077,-155.00000000000153,long
2019-03-15,1,2019-03-14,2019-03-15,122.42,123.05,0.6299999999999955,31.499999999999773,60.999999999999545,long
2019-03-18,1,2019-03-15,2019-03-18,122.98,123.28999999999999,0.30999999999998806,15.499999999999403,28.999999999998806,long
2019-03-19,1,2019-03-18,2019-03-19,123.05000000000001,123.71,0.6599999999999824,32.99999999999912,63.99999999999824,long
2019-03-20,1,2019-03-19,2019-03-20,123.39,123.64999999999999,0.2599999999999909,12.999999999999545,23.99999999999909,long
2019-03-21,1,2019-03-20,2019-03-21,124.19000000000001,124.35,0.15999999999998238,7.999999999999119,13.999999999998238,long
2019-03-22,1,2019-03-21,2019-03-22,123.69000000000001,123.92,0.22999999999998977,11.499999999999488,20.999999999998977,long
2019-03-25,1,2019-03-22,2019-03-25,123.98,124.55,0.5699999999999932,28.49999999999966,54.99999999999932,long
2019-03-26,1,2019-03-25,2019-03-26,124.93,124.47,-0.46000000000000796,-23.000000000000398,-48.000000000000796,long
2019-03-27,1,2019-03-26,2019-03-27,124.31,124.33999999999999,0.029999999999986926,1.4999999999993463,0.9999999999986926,long
2019-03-28,1,2019-03-27,2019-03-28,123.66000000000001,122.27,-1.3900000000000148,-69.50000000000074,-141.00000000000148,long
2019-03-29,1,2019-03-28,2019-03-29,121.91000000000001,122.63,0.7199999999999847,35.99999999999923,69.99999999999847,long
2019-04-01,1,2019-03-29,2019-04-01,122.02000000000001,122.39,0.36999999999999034,18.499999999999517,34.999999999999034,long
2019-04-02,1,2019-04-01,2019-04-02,121.54,121.71,0.1699999999999875,8.499999999999375,14.99999999999875,long
2019-04-03,1,2019-04-02,2019-04-03,121.99000000000001,121.72,-0.27000000000001023,-13.500000000000512,-29.000000000001023,long
2019-04-04,1,2019-04-03,2019-04-04,121.81,121.08999999999999,-0.7200000000000131,-36.000000000000654,-74.00000000000131,long
2019-04-05,1,2019-04-04,2019-04-05,122.12,121.86999999999999,-0.2500000000000142,-12.50000000000071,-27.00000000000142,long
2019-04-08,1,2019-04-05,2019-04-08,121.99000000000001,122.96,0.9699999999999847,48.49999999999923,94.99999999999847,long
2019-04-09,1,2019-04-08,2019-04-09,122.52000000000001,123.25,0.7299999999999898,36.49999999999949,70.99999999999898,long
2019-04-10,1,2019-04-09,2019-04-10,123.16000000000001,123.21,0.04999999999998295,2.4999999999991473,2.9999999999982947,long
2019-04-11,1,2019-04-10,2019-04-11,123.54,122.53,-1.0100000000000051,-50.500000000000256,-103.00000000000051,long
2019-04-12,1,2019-04-11,2019-04-12,121.96000000000001,121.94999999999999,-0.010000000000019327,-0.5000000000009663,-3.0000000000019327,long
2019-04-15,1,2019-04-12,2019-04-15,121.84,121.19,-0.6500000000000057,-32.500000000000284,-67.00000000000057,long
2019-04-16,1,2019-04-15,2019-04-16,121.61,120.36999999999999,-1.240000000000009,-62.000000000000455,-126.00000000000091,long
2019-04-17,1,2019-04-16,2019-04-17,120.52000000000001,120.44999999999999,-0.0700000000000216,-3.50000000000108,-9.00000000000216,long
2019-04-18,1,2019-04-17,2019-04-18,120.29,120.22999999999999,-0.060000000000016485,-3.0000000000008242,-8.000000000001648,long
2019-04-22,1,2019-04-18,2019-04-22,120.38000000000001,120.44999999999999,0.06999999999997897,3.4999999999989484,4.999999999997897,long
2019-04-23,1,2019-04-22,2019-04-23,120.38000000000001,119.66,-0.7200000000000131,-36.000000000000654,-74.00000000000131,long
2019-04-24,1,2019-04-23,2019-04-24,120.13000000000001,120.05,-0.0800000000000125,-4.000000000000625,-10.00000000000125,long
2019-04-25,1,2019-04-24,2019-04-25,120.48,120.71,0.22999999999998977,11.499999999999488,20.999999999998977,long
2019-04-26,1,2019-04-25,2019-04-26,120.58,121.25,0.6700000000000017,33.500000000000085,65.00000000000017,long
2019-04-29,1,2019-04-26,2019-04-29,121.38000000000001,120.86999999999999,-0.5100000000000193,-25.500000000000966,-53.00000000000193,long
2019-04-30,1,2019-04-29,2019-04-30,120.84,120.88,0.03999999999999204,1.999999999999602,1.9999999999992042,long
2019-05-01,1,2019-04-30,2019-05-01,121.21000000000001,121.02,-0.19000000000001194,-9.500000000000597,-21.000000000001194,long
2019-05-02,1,2019-05-01,2019-05-02,120.41000000000001,119.67999999999999,-0.7300000000000182,-36.50000000000091,-75.00000000000182,long
2019-05-03,1,2019-05-02,2019-05-03,119.95,120.55,0.5999999999999943,29.999999999999716,57.99999999999943,long
2019-05-06,1,2019-05-03,2019-05-06,120.66000000000001,120.6,-0.060000000000016485,-3.0000000000008242,-8.000000000001648,long
2019-05-07,1,2019-05-06,2019-05-07,120.82000000000001,121.00999999999999,0.18999999999998352,9.499999999999176,16.99999999999835,long
2019-05-08,1,2019-05-07,2019-05-08,121.22,121.53,0.3100000000000023,15.500000000000114,29.000000000000227,long
2019-05-09,1,2019-05-08,2019-05-09,120.92,120.94999999999999,0.029999999999986926,1.4999999999993463,0.9999999999986926,long
2019-05-10,1,2019-05-09,2019-05-10,121.21000000000001,121.39999999999999,0.18999999999998352,9.499999999999176,16.99999999999835,long
2019-05-13,1,2019-05-10,2019-05-13,121.44000000000001,122.61999999999999,1.1799999999999784,58.99999999999892,115.99999999999784,long
2019-05-14,1,2019-05-13,2019-05-14,122.68,122.58999999999999,-0.09000000000001762,-4.500000000000881,-11.000000000001762,long
2019-05-15,1,2019-05-14,2019-05-15,122.47,122.69999999999999,0.22999999999998977,11.499999999999488,20.999999999998977,long
2019-05-16,1,2019-05-15,2019-05-16,122.4,122.02,-0.38000000000000966,-19.000000000000483,-40.000000000000966,long
2019-05-17,1,2019-05-16,2019-05-17,121.52000000000001,121.02,-0.5000000000000142,-25.00000000000071,-52.00000000000142,long
2019-05-20,1,2019-05-17,2019-05-20,120.66000000000001,120.5,-0.1600000000000108,-8.00000000000054,-18.00000000000108,long
2019-05-21,1,2019-05-20,2019-05-21,120.65,120.07,-0.5800000000000125,-29.000000000000625,-60.00000000000125,long
2019-05-22,1,2019-05-21,2019-05-22,120.37,120.33999999999999,-0.030000000000015348,-1.5000000000007674,-5.000000000001535,long
2019-05-23,1,2019-05-22,2019-05-23,120.25,120.80999999999999,0.5599999999999881,27.999999999999403,53.999999999998806,long
2019-05-24,1,2019-05-23,2019-05-24,121.18,121.11999999999999,-0.060000000000016485,-3.0000000000008242,-8.000000000001648,long
2019-05-28,1,2019-05-24,2019-05-28,121.31,120.78999999999999,-0.5200000000000102,-26.00000000000051,-54.00000000000102,long
2019-05-29,1,2019-05-28,2019-05-29,120.84,121.1,0.2599999999999909,12.999999999999545,23.99999999999909,long
2019-05-30,1,2019-05-29,2019-05-30,120.88000000000001,120.94999999999999,0.06999999999997897,3.4999999999989484,4.999999999997897,long
2019-05-31,1,2019-05-30,2019-05-31,121.7,122.53999999999999,0.8399999999999892,41.99999999999946,81.99999999999892,long
2019-06-03,1,2019-05-31,2019-06-03,123.34,124.08,0.7399999999999949,36.999999999999744,71.99999999999949,long
2019-06-04,1,2019-06-03,2019-06-04,125.12,124.86999999999999,-0.2500000000000142,-12.50000000000071,-27.00000000000142,long
2019-06-05,1,2019-06-04,2019-06-05,125.16000000000001,126.17,1.009999999999991,50.499999999999545,98.99999999999909,long
2019-06-06,1,2019-06-05,2019-06-06,125.48,125.92,0.4399999999999977,21.999999999999886,41.99999999999977,long
2019-06-07,1,2019-06-06,2019-06-07,125.89,126.78,0.8900000000000006,44.50000000000003,87.00000000000006,long
2019-06-10,1,2019-06-07,2019-06-10,126.60000000000001,125.44999999999999,-1.15000000000002,-57.500000000000995,-117.00000000000199,long
2019-06-11,1,2019-06-10,2019-06-11,125.34,124.92999999999999,-0.4100000000000108,-20.50000000000054,-43.00000000000108,long
2019-06-12,1,2019-06-11,2019-06-12,125.19000000000001,125.58999999999999,0.39999999999997726,19.999999999998863,37.999999999997726,long
2019-06-13,1,2019-06-12,2019-06-13,125.84,126.02,0.1799999999999926,8.99999999999963,15.999999999999261,long
2019-06-14,1,2019-06-13,2019-06-14,126.61,127.19999999999999,0.5899999999999892,29.49999999999946,56.99999999999892,long
2019-06-17,1,2019-06-14,2019-06-17,126.57000000000001,126.69,0.11999999999999034,5.999999999999517,9.999999999999034,long
2019-06-18,1,2019-06-17,2019-06-18,126.49000000000001,127.57,1.079999999999984,53.999999999999204,105.99999999999841,long
2019-06-19,1,2019-06-18,2019-06-19,127.13000000000001,126.75999999999999,-0.37000000000001876,-18.500000000000938,-39.000000000001876,long
2019-06-20,1,2019-06-19,2019-06-20,127.9,130.4,2.5,125.0,248.0,long
2019-06-21,1,2019-06-20,2019-06-21,131.12,131.76000000000002,0.6400000000000148,32.00000000000074,62.00000000000148,long
2019-06-24,1,2019-06-21,2019-06-24,131.98999999999998,132.76000000000002,0.7700000000000387,38.50000000000193,75.00000000000387,long
2019-06-25,1,2019-06-24,2019-06-25,133.95,134.89000000000001,0.9400000000000261,47.00000000000131,92.00000000000261,long
2019-06-26,1,2019-06-25,2019-06-26,134.20999999999998,132.98000000000002,-1.2299999999999613,-61.49999999999807,-124.99999999999613,long
2019-06-27,1,2019-06-26,2019-06-27,132.98,132.37,-0.6099999999999852,-30.49999999999926,-62.99999999999852,long
2019-06-28,1,2019-06-27,2019-06-28,132.85,133.04000000000002,0.19000000000002615,9.500000000001307,17.000000000002615,long
2019-07-01,1,2019-06-28,2019-07-01,133.20999999999998,131.55,-1.6599999999999682,-82.99999999999841,-167.99999999999682,long
2019-07-02,1,2019-07-01,2019-07-02,130.63,131.26000000000002,0.6300000000000239,31.500000000001194,61.00000000000239,long
2019-07-03,1,2019-07-02,2019-07-03,133.42,133.60000000000002,0.18000000000003524,9.000000000001762,16.000000000003524,long
2019-07-05,1,2019-07-03,2019-07-05,133.64,131.45000000000002,-2.1899999999999693,-109.49999999999847,-220.99999999999693,long
2019-07-08,1,2019-07-05,2019-07-08,132.14999999999998,132.17000000000002,0.020000000000038654,1.0000000000019327,3.865352482534945e-12,long
2019-07-09,1,2019-07-08,2019-07-09,131.29999999999998,131.42000000000002,0.12000000000003297,6.0000000000016485,10.000000000003297,long
2019-07-10,1,2019-07-09,2019-07-10,131.76,132.93,1.170000000000016,58.500000000000796,115.00000000000159,long
2019-07-11,1,2019-07-10,2019-07-11,133.84,133.57000000000002,-0.2699999999999818,-13.49999999999909,-28.99999999999818,long
2019-07-12,1,2019-07-11,2019-07-12,132.70999999999998,132.88,0.17000000000001592,8.500000000000796,15.000000000001592,long
2019-07-15,1,2019-07-12,2019-07-15,133.54,133.17000000000002,-0.3699999999999761,-18.499999999998806,-38.99999999999761,long
2019-07-16,1,2019-07-15,2019-07-16,133.54,133.17000000000002,-0.3699999999999761,-18.499999999998806,-38.99999999999761,long
2019-07-17,1,2019-07-16,2019-07-17,132.41,132.99,0.5800000000000125,29.000000000000625,56.00000000000125,long
2019-07-18,1,2019-07-17,2019-07-18,134.59,133.82000000000002,-0.7699999999999818,-38.49999999999909,-78.99999999999818,long
2019-07-19,1,2019-07-18,2019-07-19,136.48999999999998,135.44,-1.049999999999983,-52.49999999999915,-106.9999999999983,long
2019-07-22,1,2019-07-19,2019-07-22,134.48,134.55,0.0700000000000216,3.50000000000108,5.00000000000216,long
2019-07-23,1,2019-07-22,2019-07-23,134.45999999999998,134.42000000000002,-0.03999999999996362,-1.999999999998181,-5.999999999996362,long
2019-07-24,1,2019-07-23,2019-07-24,133.7,134.58,0.8800000000000239,44.000000000001194,86.00000000000239,long
2019-07-25,1,2019-07-24,2019-07-25,134.38,134.23000000000002,-0.14999999999997726,-7.499999999998863,-16.999999999997726,long
2019-07-26,1,2019-07-25,2019-07-26,133.42999999999998,134.23000000000002,0.8000000000000398,40.00000000000199,78.00000000000398,long
2019-07-29,1,2019-07-26,2019-07-29,133.64999999999998,134.05,0.4000000000000341,20.000000000001705,38.00000000000341,long
2019-07-30,1,2019-07-29,2019-07-30,134.54,134.75,0.21000000000000796,10.500000000000398,19.000000000000796,long
2019-07-31,1,2019-07-30,2019-07-31,134.98999999999998,135.02,0.03000000000002956,1.500000000001478,1.0000000000029559,long
2019-08-01,1,2019-07-31,2019-08-01,133.22,132.41,-0.8100000000000023,-40.500000000000114,-83.00000000000023,long
2019-08-02,1,2019-08-01,2019-08-02,136.42,135.38,-1.039999999999992,-51.9999999999996,-105.9999999999992,long
2019-08-05,1,2019-08-02,2019-08-05,135.89999999999998,137.92000000000002,2.0200000000000387,101.00000000000193,200.00000000000387,long
2019-08-06,1,2019-08-05,2019-08-06,137.79999999999998,138.32000000000002,0.5200000000000387,26.000000000001933,50.000000000003865,long
2019-08-07,1,2019-08-06,2019-08-07,138.92,141.27,2.3500000000000227,117.50000000000114,233.00000000000227,long
2019-08-08,1,2019-08-07,2019-08-08,141.03,140.88,-0.15000000000000568,-7.500000000000284,-17.00000000000057,long
2019-08-09,1,2019-08-08,2019-08-09,141.73999999999998,141.27,-0.46999999999997044,-23.499999999998522,-48.999999999997044,long
2019-08-12,1,2019-08-09,2019-08-12,141.26999999999998,141.66,0.3900000000000148,19.50000000000074,37.00000000000148,long
2019-08-13,1,2019-08-12,2019-08-13,142.64,143.16,0.5200000000000102,26.00000000000051,50.00000000000102,long
2019-08-14,1,2019-08-13,2019-08-14,141.79,142.89000000000001,1.1000000000000227,55.00000000000114,108.00000000000227,long
2019-08-15,1,2019-08-14,2019-08-15,142.76,142.95000000000002,0.19000000000002615,9.500000000001307,17.000000000002615,long
2019-08-16,1,2019-08-15,2019-08-16,143.70999999999998,142.74,-0.9699999999999704,-48.49999999999852,-98.99999999999704,long
2019-08-19,1,2019-08-16,2019-08-19,142.79,141.32000000000002,-1.4699999999999704,-73.49999999999852,-148.99999999999704,long
2019-08-20,1,2019-08-19,2019-08-20,141.12,141.76000000000002,0.6400000000000148,32.00000000000074,62.00000000000148,long
2019-08-21,1,2019-08-20,2019-08-21,142.22,141.61,-0.6099999999999852,-30.49999999999926,-62.99999999999852,long
2019-08-22,1,2019-08-21,2019-08-22,141.76999999999998,141.38,-0.38999999999998636,-19.499999999999318,-40.999999999998636,long
2019-08-23,1,2019-08-22,2019-08-23,141.41,141.83,0.4200000000000159,21.000000000000796,40.00000000000159,long
2019-08-26,1,2019-08-23,2019-08-26,144.17999999999998,144.34,0.160000000000025,8.00000000000125,14.000000000002501,long
2019-08-27,1,2019-08-26,2019-08-27,144.2,144.29000000000002,0.09000000000003183,4.500000000001592,7.000000000003183,long
2019-08-28,1,2019-08-27,2019-08-28,145.57999999999998,145.38,-0.19999999999998863,-9.999999999999432,-21.999999999998863,long
2019-08-29,1,2019-08-28,2019-08-29,145.17,145.39000000000001,0.22000000000002728,11.000000000001364,20.00000000000273,long
2019-08-30,1,2019-08-29,2019-08-30,144.13,143.83,-0.29999999999998295,-14.999999999999147,-31.999999999998295,long
2019-09-03,1,2019-08-30,2019-09-03,143.76,144.95000000000002,1.1900000000000261,59.50000000000131,117.00000000000261,long
2019-09-04,1,2019-09-03,2019-09-04,145.76,145.53,-0.22999999999998977,-11.499999999999488,-24.999999999998977,long
2019-09-05,1,2019-09-04,2019-09-05,146.67,144.97,-1.6999999999999886,-84.99999999999943,-171.99999999999886,long
2019-09-06,1,2019-09-05,2019-09-06,143.14999999999998,143.63,0.4800000000000182,24.00000000000091,46.00000000000182,long
2019-09-09,1,2019-09-06,2019-09-09,141.92999999999998,142.36,0.43000000000003524,21.500000000001762,41.000000000003524,long
2019-09-10,1,2019-09-09,2019-09-10,141.39999999999998,141.22,-0.1799999999999784,-8.99999999999892,-19.99999999999784,long
2019-09-11,1,2019-09-10,2019-09-11,140.19,140.35000000000002,0.160000000000025,8.00000000000125,14.000000000002501,long
2019-09-12,1,2019-09-11,2019-09-12,141.04,142.67000000000002,1.6300000000000239,81.5000000000012,161.0000000000024,long
2019-09-13,1,2019-09-12,2019-09-13,141.32999999999998,141.72,0.3900000000000148,19.50000000000074,37.00000000000148,long
2019-09-16,1,2019-09-13,2019-09-16,140.16,141.59,1.4300000000000068,71.50000000000034,141.00000000000068,long
2019-09-17,1,2019-09-16,2019-09-17,141.32999999999998,141.81,0.4800000000000182,24.00000000000091,46.00000000000182,long
2019-09-18,1,2019-09-17,2019-09-18,141.60999999999999,141.92000000000002,0.3100000000000307,15.500000000001535,29.00000000000307,long
2019-09-19,1,2019-09-18,2019-09-19,140.72,141.56,0.8400000000000034,42.00000000000017,82.00000000000034,long
2019-09-20,1,2019-09-19,2019-09-20,141.29,141.60000000000002,0.3100000000000307,15.500000000001535,29.00000000000307,long
2019-09-23,1,2019-09-20,2019-09-23,142.95999999999998,143.21,0.2500000000000284,12.500000000001421,23.000000000002842,long
2019-09-24,1,2019-09-23,2019-09-24,143.76,143.20000000000002,-0.5599999999999739,-27.999999999998693,-57.999999999997385,long
2019-09-25,1,2019-09-24,2019-09-25,144.51999999999998,144.07000000000002,-0.4499999999999602,-22.49999999999801,-46.99999999999602,long
2019-09-26,1,2019-09-25,2019-09-26,141.84,142.18,0.3400000000000034,17.00000000000017,32.00000000000034,long
2019-09-27,1,2019-09-26,2019-09-27,141.79999999999998,140.34,-1.4599999999999795,-72.99999999999898,-147.99999999999795,long
2019-09-30,1,2019-09-27,2019-09-30,141.07,139.76000000000002,-1.3099999999999739,-65.49999999999869,-132.99999999999739,long
2019-10-01,1,2019-09-30,2019-10-01,138.88,138.06,-0.8199999999999932,-40.99999999999966,-83.99999999999932,long
2019-10-02,1,2019-10-01,2019-10-02,139.64,140.78,1.1400000000000148,57.00000000000074,112.00000000000148,long
2019-10-03,1,2019-10-02,2019-10-03,141.26999999999998,141.35000000000002,0.08000000000004093,4.000000000002046,6.000000000004093,long
2019-10-04,1,2019-10-03,2019-10-04,141.91,141.47,-0.4399999999999977,-21.999999999999886,-45.99999999999977,long
2019-10-07,1,2019-10-04,2019-10-07,141.91,141.15,-0.7599999999999909,-37.999999999999545,-77.99999999999909,long
2019-10-08,1,2019-10-07,2019-10-08,140.7,142.02,1.3200000000000216,66.00000000000108,130.00000000000216,long
2019-10-09,1,2019-10-08,2019-10-09,141.92999999999998,142.15,0.22000000000002728,11.000000000001364,20.00000000000273,long
2019-10-10,1,2019-10-09,2019-10-10,142.06,141.58,-0.47999999999998977,-23.99999999999949,-49.99999999999898,long
2019-10-11,1,2019-10-10,2019-10-11,140.82,139.96,-0.8599999999999852,-42.99999999999926,-87.99999999999852,long
2019-10-14,1,2019-10-11,2019-10-14,140.04,140.44,0.4000000000000057,20.000000000000284,38.00000000000057,long
2019-10-15,1,2019-10-14,2019-10-15,140.6,140.26000000000002,-0.339999999999975,-16.99999999999875,-35.9999999999975,long
2019-10-16,1,2019-10-15,2019-10-16,139.62,140.13,0.5099999999999909,25.499999999999545,48.99999999999909,long
2019-10-17,1,2019-10-16,2019-10-17,140.42,140.49,0.0700000000000216,3.50000000000108,5.00000000000216,long
2019-10-18,1,2019-10-17,2019-10-18,140.62,140.49,-0.12999999999999545,-6.499999999999773,-14.999999999999545,long
2019-10-21,1,2019-10-18,2019-10-21,140.47,140.71,0.2400000000000091,12.000000000000455,22.00000000000091,long
2019-10-22,1,2019-10-21,2019-10-22,139.79999999999998,140.12,0.3200000000000216,16.00000000000108,30.00000000000216,long
2019-10-23,1,2019-10-22,2019-10-23,140.20999999999998,140.58,0.37000000000003297,18.50000000000165,35.0000000000033,long
2019-10-24,1,2019-10-23,2019-10-24,140.54,141.01000000000002,0.4700000000000273,23.500000000001364,45.00000000000273,long
2019-10-25,1,2019-10-24,2019-10-25,141.54,142.78,1.240000000000009,62.000000000000455,122.00000000000091,long
2019-10-28,1,2019-10-25,2019-10-28,141.87,141.24,-0.6299999999999955,-31.499999999999773,-64.99999999999955,long
2019-10-29,1,2019-10-28,2019-10-29,140.64999999999998,139.99,-0.6599999999999682,-32.99999999999841,-67.99999999999682,long
2019-10-30,1,2019-10-29,2019-10-30,140.26,140.51000000000002,0.2500000000000284,12.500000000001421,23.000000000002842,long
2019-10-31,1,2019-10-30,2019-10-31,141.03,141.97,0.9399999999999977,46.999999999999886,91.99999999999977,long
2019-11-01,1,2019-10-31,2019-11-01,142.44,142.20000000000002,-0.23999999999998067,-11.999999999999034,-25.999999999998067,long
2019-11-04,1,2019-11-01,2019-11-04,142.57,142.25,-0.3199999999999932,-15.999999999999659,-33.99999999999932,long
2019-11-05,1,2019-11-04,2019-11-05,142.16,140.64000000000001,-1.5199999999999818,-75.99999999999909,-153.99999999999818,long
2019-11-06,1,2019-11-05,2019-11-06,139.85999999999999,140.11,0.2500000000000284,12.500000000001421,23.000000000002842,long
2019-11-07,1,2019-11-06,2019-11-07,140.45999999999998,140.10000000000002,-0.3599999999999568,-17.99999999999784,-37.99999999999568,long
2019-11-08,1,2019-11-07,2019-11-08,138.28,137.72,-0.5600000000000023,-28.000000000000114,-58.00000000000023,long
2019-11-11,1,2019-11-08,2019-11-11,137.39999999999998,137.60000000000002,0.20000000000004547,10.000000000002274,18.000000000004547,long
2019-11-12,1,2019-11-11,2019-11-12,137.07,137.02,-0.04999999999998295,-2.4999999999991473,-6.999999999998295,long
2019-11-13,1,2019-11-12,2019-11-13,137.44,137.79000000000002,0.35000000000002274,17.500000000001137,33.000000000002274,long
2019-11-14,1,2019-11-13,2019-11-14,137.98999999999998,138.38,0.3900000000000148,19.50000000000074,37.00000000000148,long
2019-11-15,1,2019-11-14,2019-11-15,138.57,138.02,-0.549999999999983,-27.499999999999147,-56.999999999998295,long
2019-11-18,1,2019-11-15,2019-11-18,138.22,138.43,0.21000000000000796,10.500000000000398,19.000000000000796,long
2019-11-19,1,2019-11-18,2019-11-19,138.63,138.12,-0.5099999999999909,-25.499999999999545,-52.99999999999909,long
2019-11-20,1,2019-11-19,2019-11-20,138.7,138.51000000000002,-0.1899999999999693,-9.499999999998465,-20.99999999999693,long
2019-11-21,1,2019-11-20,2019-11-21,138.76999999999998,138.38,-0.38999999999998636,-19.499999999999318,-40.999999999998636,long
2019-11-22,1,2019-11-21,2019-11-22,138.01,138.36,0.35000000000002274,17.500000000001137,33.000000000002274,long
2019-11-25,1,2019-11-22,2019-11-25,137.75,137.31,-0.4399999999999977,-21.999999999999886,-45.99999999999977,long
2019-11-26,1,2019-11-25,2019-11-26,137.09,136.97,-0.12000000000000455,-6.000000000000227,-14.000000000000455,long
2019-11-27,1,2019-11-26,2019-11-27,137.75,137.02,-0.7299999999999898,-36.49999999999949,-74.99999999999898,long
2019-11-29,1,2019-11-27,2019-11-29,137.01999999999998,137.09,0.0700000000000216,3.50000000000108,5.00000000000216,long
2019-12-02,1,2019-11-29,2019-12-02,137.87,137.31,-0.5600000000000023,-28.000000000000114,-58.00000000000023,long
2019-12-03,1,2019-12-02,2019-12-03,137.79999999999998,139.03,1.2300000000000182,61.50000000000091,121.00000000000182,long
2019-12-04,1,2019-12-03,2019-12-04,139.12,139.15,0.030000000000001137,1.5000000000000568,1.0000000000001137,long
2019-12-05,1,2019-12-04,2019-12-05,138.92999999999998,138.79000000000002,-0.13999999999995794,-6.999999999997897,-15.999999999995794,long
2019-12-06,1,2019-12-05,2019-12-06,139.01,137.75,-1.259999999999991,-62.999999999999545,-127.99999999999909,long
2019-12-09,1,2019-12-06,2019-12-09,137.63,137.79000000000002,0.160000000000025,8.00000000000125,14.000000000002501,long
2019-12-10,1,2019-12-09,2019-12-10,137.59,138.24,0.6500000000000057,32.500000000000284,63.00000000000057,long
2019-12-11,1,2019-12-10,2019-12-11,137.98,138.19,0.21000000000000796,10.500000000000398,19.000000000000796,long
2019-12-12,1,2019-12-11,2019-12-12,138.92999999999998,139.77,0.8400000000000318,42.00000000000159,82.00000000000318,long
2019-12-13,1,2019-12-12,2019-12-13,138.44,138.51000000000002,0.0700000000000216,3.50000000000108,5.00000000000216,long
2019-12-16,1,2019-12-13,2019-12-16,139.06,139.19,0.12999999999999545,6.499999999999773,10.999999999999545,long
2019-12-17,1,2019-12-16,2019-12-17,139.04999999999998,139.01000000000002,-0.03999999999996362,-1.999999999998181,-5.999999999996362,long
2019-12-18,1,2019-12-17,2019-12-18,139.01999999999998,138.85000000000002,-0.16999999999995907,-8.499999999997954,-18.999999999995907,long
2019-12-19,1,2019-12-18,2019-12-19,139.03,139.03,0.0,0.0,-2.0,long
2019-12-20,1,2019-12-19,2019-12-20,139.39,139.36,-0.029999999999972715,-1.4999999999986358,-4.9999999999972715,long
2019-12-23,1,2019-12-20,2019-12-23,139.53,139.52,-0.009999999999990905,-0.49999999999954525,-2.9999999999990905,long
2019-12-24,1,2019-12-23,2019-12-24,139.95999999999998,140.43,0.4700000000000273,23.500000000001364,45.00000000000273,long
2019-12-26,1,2019-12-24,2019-12-26,141.28,142.05,0.7700000000000102,38.50000000000051,75.00000000000102,long
2019-12-27,1,2019-12-26,2019-12-27,142.39,142.25,-0.13999999999998636,-6.999999999999318,-15.999999999998636,long
2019-12-30,1,2019-12-27,2019-12-30,142.34,142.55,0.21000000000000796,10.500000000000398,19.000000000000796,long
2019-12-31,1,2019-12-30,2019-12-31,142.64,143.3,0.660000000000025,33.00000000000125,64.0000000000025,long
2020-01-02,1,2019-12-31,2020-01-02,142.91,143.85000000000002,0.9400000000000261,47.00000000000131,92.00000000000261,long
2020-01-03,1,2020-01-02,2020-01-03,143.95999999999998,145.74,1.7800000000000296,89.00000000000148,176.00000000000296,long
2020-01-06,1,2020-01-03,2020-01-06,145.87,148.43,2.5600000000000023,128.0000000000001,254.00000000000023,long
2020-01-07,1,2020-01-06,2020-01-07,147.39999999999998,147.56,0.160000000000025,8.00000000000125,14.000000000002501,long
2020-01-08,1,2020-01-07,2020-01-08,147.98,148.48000000000002,0.5000000000000284,25.00000000000142,48.00000000000284,long
2020-01-09,1,2020-01-08,2020-01-09,146.87,146.06,-0.8100000000000023,-40.500000000000114,-83.00000000000023,long
2020-01-10,1,2020-01-09,2020-01-10,146.04,146.21,0.17000000000001592,8.500000000000796,15.000000000001592,long
2020-01-13,1,2020-01-10,2020-01-13,146.92,146.34,-0.5799999999999841,-28.999999999999204,-59.99999999999841,long
2020-01-14,1,2020-01-13,2020-01-14,145.82999999999998,145.41,-0.4199999999999875,-20.999999999999375,-43.99999999999875,long
2020-01-15,1,2020-01-14,2020-01-15,145.7,146.20000000000002,0.5000000000000284,25.00000000000142,48.00000000000284,long
2020-01-16,1,2020-01-15,2020-01-16,146.54999999999998,146.26000000000002,-0.2899999999999636,-14.499999999998181,-30.999999999996362,long
2020-01-17,1,2020-01-16,2020-01-17,146.32,146.5,0.18000000000000682,9.000000000000341,16.000000000000682,long
2020-01-21,1,2020-01-17,2020-01-21,146.59,145.76000000000002,-0.8299999999999841,-41.499999999999204,-84.99999999999841,long
2020-01-22,1,2020-01-21,2020-01-22,146.75,146.67000000000002,-0.07999999999998408,-3.999999999999204,-9.999999999998408,long
2020-01-23,1,2020-01-22,2020-01-23,146.79999999999998,146.99,0.19000000000002615,9.500000000001307,17.000000000002615,long
2020-01-24,1,2020-01-23,2020-01-24,147.13,146.89000000000001,-0.23999999999998067,-11.999999999999034,-25.999999999998067,long
2020-01-27,1,2020-01-24,2020-01-27,147.98999999999998,149.23000000000002,1.2400000000000375,62.000000000001876,122.00000000000375,long
2020-01-28,1,2020-01-27,2020-01-28,149.0,148.35000000000002,-0.6499999999999773,-32.49999999999886,-66.99999999999773,long
2020-01-29,1,2020-01-28,2020-01-29,147.67,147.69,0.020000000000010232,1.0000000000005116,1.0231815394945443e-12,long
2020-01-30,1,2020-01-29,2020-01-30,148.47,148.68,0.21000000000000796,10.500000000000398,19.000000000000796,long
2020-01-31,1,2020-01-30,2020-01-31,148.48,148.87,0.3900000000000148,19.50000000000074,37.00000000000148,long
2020-02-03,1,2020-01-31,2020-02-03,149.34,148.65,-0.6899999999999977,-34.499999999999886,-70.99999999999977,long
2020-02-04,1,2020-02-03,2020-02-04,148.37,146.96,-1.4099999999999966,-70.49999999999983,-142.99999999999966,long
2020-02-05,1,2020-02-04,2020-02-05,146.44,146.37,-0.06999999999999318,-3.499999999999659,-8.999999999999318,long
2020-02-06,1,2020-02-05,2020-02-06,146.62,147.27,0.6500000000000057,32.500000000000284,63.00000000000057,long
2020-02-07,1,2020-02-06,2020-02-07,147.41,147.82000000000002,0.410000000000025,20.50000000000125,39.0000000000025,long
2020-02-10,1,2020-02-07,2020-02-10,147.79999999999998,148.20000000000002,0.4000000000000341,20.000000000001705,38.00000000000341,long
2020-02-11,1,2020-02-10,2020-02-11,148.17999999999998,148.02,-0.15999999999996817,-7.999999999998408,-17.999999999996817,long
2020-02-12,1,2020-02-11,2020-02-12,147.67,147.41,-0.2599999999999909,-12.999999999999545,-27.99999999999909,long
2020-02-13,1,2020-02-12,2020-02-13,147.54999999999998,148.23000000000002,0.6800000000000352,34.00000000000176,66.00000000000352,long
2020-02-14,1,2020-02-13,2020-02-14,148.39,148.73000000000002,0.34000000000003183,17.00000000000159,32.00000000000318,long
2020-02-18,1,2020-02-14,2020-02-18,149.01,149.87,0.8600000000000136,43.00000000000068,84.00000000000136,long
2020-02-19,1,2020-02-18,2020-02-19,150.92,150.99,0.0700000000000216,3.50000000000108,5.00000000000216,long
2020-02-20,1,2020-02-19,2020-02-20,151.79999999999998,151.99,0.19000000000002615,9.500000000001307,17.000000000002615,long
2020-02-21,1,2020-02-20,2020-02-21,152.42,154.4,1.9800000000000182,99.00000000000091,196.00000000000182,long
2020-02-24,1,2020-02-21,2020-02-24,154.70999999999998,158.49,3.7800000000000296,189.00000000000148,376.00000000000296,long
2020-02-25,1,2020-02-24,2020-02-25,156.1,155.11,-0.9899999999999807,-49.499999999999034,-100.99999999999807,long
2020-02-26,1,2020-02-25,2020-02-26,153.31,153.81,0.5,25.0,48.0,long
2020-02-27,1,2020-02-26,2020-02-27,153.98,155.57000000000002,1.5900000000000318,79.50000000000159,157.00000000000318,long
2020-02-28,1,2020-02-27,2020-02-28,154.01,152.70000000000002,-1.3099999999999739,-65.49999999999869,-132.99999999999739,long
2020-03-02,1,2020-02-28,2020-03-02,148.39,149.99,1.6000000000000227,80.00000000000114,158.00000000000227,long
2020-03-03,1,2020-03-02,2020-03-03,149.20999999999998,150.82000000000002,1.610000000000042,80.5000000000021,159.0000000000042,long
2020-03-04,1,2020-03-03,2020-03-04,153.89999999999998,154.39000000000001,0.4900000000000375,24.500000000001876,47.00000000000375,long
2020-03-05,1,2020-03-04,2020-03-05,154.17,156.0,1.8300000000000125,91.50000000000063,181.00000000000125,long
2020-03-06,1,2020-03-05,2020-03-06,157.5,158.32000000000002,0.8200000000000216,41.00000000000108,80.00000000000216,long
2020-03-09,1,2020-03-06,2020-03-09,157.56,158.59,1.0300000000000011,51.50000000000006,101.00000000000011,long
2020-03-10,1,2020-03-09,2020-03-10,157.82,156.17000000000002,-1.6499999999999773,-82.49999999999886,-166.99999999999773,long
2020-03-11,1,2020-03-10,2020-03-11,154.48999999999998,156.24,1.7500000000000284,87.50000000000142,173.00000000000284,long
2020-03-12,1,2020-03-11,2020-03-12,153.94,151.52,-2.4199999999999875,-120.99999999999937,-243.99999999999875,long
2020-03-13,1,2020-03-12,2020-03-13,147.79999999999998,149.41,1.6100000000000136,80.50000000000068,159.00000000000136,long
2020-03-16,1,2020-03-13,2020-03-16,143.29,137.55,-5.739999999999981,-286.99999999999903,-575.9999999999981,long
2020-03-17,1,2020-03-16,2020-03-17,141.64999999999998,140.17000000000002,-1.4799999999999613,-73.99999999999807,-149.99999999999613,long
2020-03-18,1,2020-03-17,2020-03-18,143.57,141.74,-1.829999999999984,-91.4999999999992,-184.9999999999984,long
2020-03-19,1,2020-03-18,2020-03-19,140.70999999999998,139.07000000000002,-1.639999999999958,-81.9999999999979,-165.9999999999958,long
2020-03-20,1,2020-03-19,2020-03-20,138.04999999999998,140.70000000000002,2.650000000000034,132.5000000000017,263.0000000000034,long
2020-03-23,1,2020-03-20,2020-03-23,140.12,142.67000000000002,2.5500000000000114,127.50000000000057,253.00000000000114,long
2020-03-24,1,2020-03-23,2020-03-24,146.31,153.49,7.180000000000007,359.00000000000034,716.0000000000007,long
2020-03-25,1,2020-03-24,2020-03-25,153.41,152.56,-0.8499999999999943,-42.499999999999716,-86.99999999999943,long
2020-03-26,1,2020-03-25,2020-03-26,151.31,153.3,1.990000000000009,99.50000000000045,197.0000000000009,long
2020-03-27,1,2020-03-26,2020-03-27,153.25,152.99,-0.2599999999999909,-12.999999999999545,-27.99999999999909,long
2020-03-30,1,2020-03-27,2020-03-30,152.26,152.4,0.14000000000001478,7.000000000000739,12.000000000001478,long
2020-03-31,1,2020-03-30,2020-03-31,152.92999999999998,151.35000000000002,-1.5799999999999557,-78.99999999999778,-159.99999999999557,long
2020-04-01,1,2020-03-31,2020-04-01,148.06,148.19,0.12999999999999545,6.499999999999773,10.999999999999545,long
2020-04-02,1,2020-04-01,2020-04-02,149.45999999999998,151.09,1.6300000000000239,81.5000000000012,161.0000000000024,long
2020-04-03,1,2020-04-02,2020-04-03,151.91,152.22,0.3100000000000023,15.500000000000114,29.000000000000227,long
2020-04-06,1,2020-04-03,2020-04-06,152.66,154.15,1.490000000000009,74.50000000000045,147.0000000000009,long
2020-04-07,1,2020-04-06,2020-04-07,156.89,155.32000000000002,-1.5699999999999648,-78.49999999999824,-158.99999999999648,long
2020-04-08,1,2020-04-07,2020-04-08,156.04999999999998,155.9,-0.14999999999997726,-7.499999999998863,-16.999999999997726,long
2020-04-09,1,2020-04-08,2020-04-09,154.66,158.07000000000002,3.410000000000025,170.50000000000125,339.0000000000025,long
2020-04-13,1,2020-04-09,2020-04-13,158.7,159.23000000000002,0.5300000000000296,26.500000000001478,51.000000000002956,long
2020-04-14,1,2020-04-13,2020-04-14,161.42,162.72,1.3000000000000114,65.00000000000057,128.00000000000114,long
2020-04-15,1,2020-04-14,2020-04-15,162.69,161.79000000000002,-0.8999999999999773,-44.99999999999886,-91.99999999999773,long
2020-04-16,1,2020-04-15,2020-04-16,161.85999999999999,161.87,0.010000000000019327,0.5000000000009663,-0.9999999999980673,long
2020-04-17,1,2020-04-16,2020-04-17,161.72,159.71,-2.009999999999991,-100.49999999999955,-202.9999999999991,long
2020-04-20,1,2020-04-17,2020-04-20,158.57999999999998,158.61,0.03000000000002956,1.500000000001478,1.0000000000029559,long
2020-04-21,1,2020-04-20,2020-04-21,159.70999999999998,157.59,-2.119999999999976,-105.9999999999988,-213.9999999999976,long
2020-04-22,1,2020-04-21,2020-04-22,158.62,160.57000000000002,1.950000000000017,97.50000000000085,193.0000000000017,long
2020-04-23,1,2020-04-22,2020-04-23,161.73999999999998,162.38,0.6400000000000148,32.00000000000074,62.00000000000148,long
2020-04-24,1,2020-04-23,2020-04-24,163.35,163.12,-0.22999999999998977,-11.499999999999488,-24.999999999998977,long
2020-04-27,1,2020-04-24,2020-04-27,162.64999999999998,161.91,-0.7399999999999807,-36.999999999999034,-75.99999999999807,long
2020-04-28,1,2020-04-27,2020-04-28,161.57,160.88,-0.6899999999999977,-34.499999999999886,-70.99999999999977,long
2020-04-29,1,2020-04-28,2020-04-29,160.85,160.09,-0.7599999999999909,-37.999999999999545,-77.99999999999909,long
2020-04-30,1,2020-04-29,2020-04-30,161.73999999999998,160.21,-1.5299999999999727,-76.49999999999864,-154.99999999999727,long
2020-05-01,1,2020-04-30,2020-05-01,158.81,157.99,-0.8199999999999932,-40.99999999999966,-83.99999999999932,long
2020-05-04,1,2020-05-01,2020-05-04,159.79,160.32000000000002,0.5300000000000296,26.500000000001478,51.000000000002956,long
2020-05-05,1,2020-05-04,2020-05-05,160.35,160.15,-0.19999999999998863,-9.999999999999432,-21.999999999998863,long
2020-05-06,1,2020-05-05,2020-05-06,161.03,158.98000000000002,-2.049999999999983,-102.49999999999915,-206.9999999999983,long
2020-05-07,1,2020-05-06,2020-05-07,158.95999999999998,159.49,0.5300000000000296,26.500000000001478,51.000000000002956,long
2020-05-08,1,2020-05-07,2020-05-08,161.39999999999998,161.07000000000002,-0.32999999999995566,-16.499999999997783,-34.999999999995566,long
2020-05-11,1,2020-05-08,2020-05-11,160.42999999999998,160.33,-0.0999999999999659,-4.999999999998295,-11.99999999999659,long
2020-05-12,1,2020-05-11,2020-05-12,159.42999999999998,160.29000000000002,0.8600000000000421,43.0000000000021,84.0000000000042,long
2020-05-13,1,2020-05-12,2020-05-13,160.04999999999998,160.93,0.8800000000000239,44.000000000001194,86.00000000000239,long
2020-05-14,1,2020-05-13,2020-05-14,161.59,161.52,-0.06999999999999318,-3.499999999999659,-8.999999999999318,long
2020-05-15,1,2020-05-14,2020-05-15,163.01999999999998,164.01000000000002,0.9900000000000375,49.500000000001876,97.00000000000375,long
2020-05-18,1,2020-05-15,2020-05-18,163.94,164.32000000000002,0.3800000000000239,19.000000000001194,36.00000000000239,long
2020-05-19,1,2020-05-18,2020-05-19,162.7,163.59,0.8900000000000148,44.50000000000074,87.00000000000148,long
2020-05-20,1,2020-05-19,2020-05-20,164.26999999999998,164.53,0.2600000000000193,13.000000000000966,24.000000000001933,long
2020-05-21,1,2020-05-20,2020-05-21,164.66,163.45000000000002,-1.2099999999999795,-60.49999999999898,-122.99999999999795,long
2020-05-22,1,2020-05-21,2020-05-22,162.26,162.87,0.6100000000000136,30.500000000000682,59.000000000001364,long
2020-05-26,1,2020-05-22,2020-05-26,163.22,162.57000000000002,-0.6499999999999773,-32.49999999999886,-66.99999999999773,long
2020-05-27,1,2020-05-26,2020-05-27,160.89999999999998,159.41,-1.4899999999999807,-74.49999999999903,-150.99999999999807,long
2020-05-28,1,2020-05-27,2020-05-28,161.19,162.11,0.9200000000000159,46.000000000000796,90.00000000000159,long
2020-05-29,1,2020-05-28,2020-05-29,161.73,162.57000000000002,0.8400000000000318,42.00000000000159,82.00000000000318,long
2020-06-01,1,2020-05-29,2020-06-01,162.92,162.91,-0.009999999999990905,-0.49999999999954525,-2.9999999999990905,long
2020-06-02,1,2020-06-01,2020-06-02,163.67,163.88,0.21000000000000796,10.500000000000398,19.000000000000796,long
2020-06-03,1,2020-06-02,2020-06-03,162.60999999999999,160.33,-2.2799999999999727,-113.99999999999864,-229.99999999999727,long
2020-06-04,1,2020-06-03,2020-06-04,159.60999999999999,161.14000000000001,1.5300000000000296,76.50000000000148,151.00000000000296,long
2020-06-05,1,2020-06-04,2020-06-05,161.29,158.64000000000001,-2.6499999999999773,-132.49999999999886,-266.9999999999977,long
2020-06-08,1,2020-06-05,2020-06-08,158.01999999999998,158.89000000000001,0.870000000000033,43.50000000000165,85.0000000000033,long
2020-06-09,1,2020-06-08,2020-06-09,159.73,161.07000000000002,1.3400000000000318,67.00000000000159,132.00000000000318,long
2020-06-10,1,2020-06-09,2020-06-10,161.26999999999998,162.04000000000002,0.7700000000000387,38.50000000000193,75.00000000000387,long
2020-06-11,1,2020-06-10,2020-06-11,163.57999999999998,163.34,-0.23999999999998067,-11.999999999999034,-25.999999999998067,long
2020-06-12,1,2020-06-11,2020-06-12,162.39999999999998,163.4,1.0000000000000284,50.00000000000142,98.00000000000284,long
2020-06-15,1,2020-06-12,2020-06-15,162.63,160.51000000000002,-2.119999999999976,-105.9999999999988,-213.9999999999976,long
2020-06-16,1,2020-06-15,2020-06-16,162.34,161.84,-0.5,-25.0,-52.0,long
2020-06-17,1,2020-06-16,2020-06-17,162.26,161.99,-0.2699999999999818,-13.49999999999909,-28.99999999999818,long
2020-06-18,1,2020-06-17,2020-06-18,162.57,162.19,-0.37999999999999545,-18.999999999999773,-39.999999999999545,long
2020-06-19,1,2020-06-18,2020-06-19,162.25,162.86,0.6100000000000136,30.500000000000682,59.000000000001364,long
2020-06-22,1,2020-06-19,2020-06-22,164.04,165.05,1.0100000000000193,50.500000000000966,99.00000000000193,long
2020-06-23,1,2020-06-22,2020-06-23,165.1,165.62,0.5200000000000102,26.00000000000051,50.00000000000102,long
2020-06-24,1,2020-06-23,2020-06-24,166.48999999999998,166.0,-0.4899999999999807,-24.499999999999034,-50.99999999999807,long
2020-06-25,1,2020-06-24,2020-06-25,165.91,165.88,-0.030000000000001137,-1.5000000000000568,-5.000000000000114,long
2020-06-26,1,2020-06-25,2020-06-26,165.81,164.86,-0.9499999999999886,-47.49999999999943,-96.99999999999886,long
2020-06-29,1,2020-06-26,2020-06-29,166.54999999999998,166.55,2.842170943040401e-14,1.4210854715202004e-12,-1.9999999999971578,long
2020-06-30,1,2020-06-29,2020-06-30,166.64,166.3,-0.339999999999975,-16.99999999999875,-35.9999999999975,long
2020-07-01,1,2020-06-30,2020-07-01,167.38,167.04000000000002,-0.339999999999975,-16.99999999999875,-35.9999999999975,long
2020-07-02,1,2020-07-01,2020-07-02,166.63,166.19,-0.4399999999999977,-21.999999999999886,-45.99999999999977,long
2020-07-06,1,2020-07-02,2020-07-06,166.98999999999998,167.74,0.7500000000000284,37.50000000000142,73.00000000000284,long
2020-07-07,1,2020-07-06,2020-07-07,167.98999999999998,167.34,-0.6499999999999773,-32.49999999999886,-66.99999999999773,long
2020-07-08,1,2020-07-07,2020-07-08,169.04999999999998,170.31,1.2600000000000193,63.000000000000966,124.00000000000193,long
2020-07-09,1,2020-07-08,2020-07-09,170.1,170.47,0.37000000000000455,18.500000000000227,35.000000000000455,long
2020-07-10,1,2020-07-09,2020-07-10,169.64,169.94,0.30000000000001137,15.000000000000568,28.000000000001137,long
2020-07-13,1,2020-07-10,2020-07-13,169.2,170.28,1.0800000000000125,54.000000000000625,106.00000000000125,long
2020-07-14,1,2020-07-13,2020-07-14,169.41,168.96,-0.44999999999998863,-22.49999999999943,-46.99999999999886,long
2020-07-15,1,2020-07-14,2020-07-15,170.2,169.61,-0.589999999999975,-29.49999999999875,-60.9999999999975,long
2020-07-16,1,2020-07-15,2020-07-16,170.35,169.79000000000002,-0.5599999999999739,-27.999999999998693,-57.999999999997385,long
2020-07-17,1,2020-07-16,2020-07-17,168.73999999999998,169.93,1.1900000000000261,59.50000000000131,117.00000000000261,long
2020-07-20,1,2020-07-17,2020-07-20,170.13,170.75,0.6200000000000045,31.000000000000227,60.000000000000455,long
2020-07-21,1,2020-07-20,2020-07-21,170.95,172.52,1.5700000000000216,78.50000000000108,155.00000000000216,long
2020-07-22,1,2020-07-21,2020-07-22,173.01,174.04000000000002,1.0300000000000296,51.50000000000148,101.00000000000296,long
2020-07-23,1,2020-07-22,2020-07-23,175.64,176.16,0.5200000000000102,26.00000000000051,50.00000000000102,long
2020-07-24,1,2020-07-23,2020-07-24,177.19,179.13,1.9399999999999977,96.99999999999989,191.99999999999977,long
2020-07-27,1,2020-07-24,2020-07-27,178.70999999999998,181.84,3.130000000000024,156.5000000000012,311.0000000000024,long
2020-07-28,1,2020-07-27,2020-07-28,182.23999999999998,182.01000000000002,-0.22999999999996135,-11.499999999998067,-24.999999999996135,long
2020-07-29,1,2020-07-28,2020-07-29,183.76,184.0,0.2400000000000091,12.000000000000455,22.00000000000091,long
2020-07-30,1,2020-07-29,2020-07-30,185.14,183.43,-1.7099999999999795,-85.49999999999898,-172.99999999999795,long
2020-07-31,1,2020-07-30,2020-07-31,183.76999999999998,184.5,0.7300000000000182,36.50000000000091,71.00000000000182,long
2020-08-03,1,2020-07-31,2020-08-03,185.44,185.04000000000002,-0.39999999999997726,-19.999999999998863,-41.999999999997726,long
2020-08-04,1,2020-08-03,2020-08-04,185.64999999999998,185.60000000000002,-0.049999999999954525,-2.4999999999977263,-6.9999999999954525,long
2020-08-05,1,2020-08-04,2020-08-05,189.6,191.64000000000001,2.0400000000000205,102.00000000000102,202.00000000000205,long
2020-08-06,1,2020-08-05,2020-08-06,191.35999999999999,193.73000000000002,2.370000000000033,118.50000000000165,235.0000000000033,long
2020-08-07,1,2020-08-06,2020-08-07,193.89999999999998,192.70000000000002,-1.1999999999999602,-59.99999999999801,-121.99999999999602,long
2020-08-10,1,2020-08-07,2020-08-10,190.82,191.19,0.37000000000000455,18.500000000000227,35.000000000000455,long
2020-08-11,1,2020-08-10,2020-08-11,190.16,183.56,-6.599999999999994,-329.9999999999997,-661.9999999999994,long
2020-08-12,1,2020-08-11,2020-08-12,179.95,182.60000000000002,2.650000000000034,132.5000000000017,263.0000000000034,long
2020-08-13,1,2020-08-12,2020-08-13,179.10999999999999,181.55,2.440000000000026,122.00000000000131,242.00000000000261,long
2020-08-14,1,2020-08-13,2020-08-14,183.34,183.43,0.09000000000000341,4.5000000000001705,7.000000000000341,long
2020-08-17,1,2020-08-14,2020-08-17,182.54999999999998,184.68,2.130000000000024,106.5000000000012,211.0000000000024,long
2020-08-18,1,2020-08-17,2020-08-18,186.51,189.17000000000002,2.660000000000025,133.00000000000125,264.0000000000025,long
2020-08-19,1,2020-08-18,2020-08-19,188.19,187.20000000000002,-0.9899999999999807,-49.499999999999034,-100.99999999999807,long
2020-08-20,1,2020-08-19,2020-08-20,182.25,181.18,-1.0699999999999932,-53.49999999999966,-108.99999999999932,long
2020-08-21,1,2020-08-20,2020-08-21,183.51,182.13,-1.3799999999999955,-68.99999999999977,-139.99999999999955,long
2020-08-24,1,2020-08-21,2020-08-24,182.04,182.9,0.8600000000000136,43.00000000000068,84.00000000000136,long
2020-08-25,1,2020-08-24,2020-08-25,181.01,181.05,0.040000000000020464,2.000000000001023,2.0000000000020464,long
2020-08-26,1,2020-08-25,2020-08-26,181.23,180.25,-0.9799999999999898,-48.99999999999949,-99.99999999999898,long
2020-08-27,1,2020-08-26,2020-08-27,183.37,184.99,1.6200000000000045,81.00000000000023,160.00000000000045,long
2020-08-28,1,2020-08-27,2020-08-28,181.25,183.97,2.719999999999999,135.99999999999994,269.9999999999999,long
2020-08-31,1,2020-08-28,2020-08-31,184.39999999999998,184.78,0.3800000000000239,19.000000000001194,36.00000000000239,long
2020-09-01,1,2020-08-31,2020-09-01,184.84,186.98000000000002,2.140000000000015,107.00000000000074,212.00000000000148,long
2020-09-02,1,2020-09-01,2020-09-02,185.06,183.74,-1.3199999999999932,-65.99999999999966,-133.99999999999932,long
2020-09-03,1,2020-09-02,2020-09-03,182.63,182.29000000000002,-0.339999999999975,-16.99999999999875,-35.9999999999975,long
2020-09-04,1,2020-09-03,2020-09-04,181.14999999999998,180.94,-0.20999999999997954,-10.499999999998977,-22.999999999997954,long
2020-09-08,1,2020-09-04,2020-09-08,181.64999999999998,179.49,-2.159999999999968,-107.99999999999841,-217.99999999999682,long
2020-09-09,1,2020-09-08,2020-09-09,181.29999999999998,182.49,1.1900000000000261,59.50000000000131,117.00000000000261,long
2020-09-10,1,2020-09-09,2020-09-10,183.06,184.22,1.1599999999999966,57.99999999999983,113.99999999999966,long
2020-09-11,1,2020-09-10,2020-09-11,182.47,183.13,0.6599999999999966,32.99999999999983,63.99999999999966,long
2020-09-14,1,2020-09-11,2020-09-14,182.45999999999998,183.56,1.1000000000000227,55.00000000000114,108.00000000000227,long
2020-09-15,1,2020-09-14,2020-09-15,183.89999999999998,184.45000000000002,0.5500000000000398,27.50000000000199,53.00000000000398,long
2020-09-16,1,2020-09-15,2020-09-16,183.45999999999998,184.97,1.5100000000000193,75.50000000000097,149.00000000000193,long
2020-09-17,1,2020-09-16,2020-09-17,183.98,181.91,-2.069999999999993,-103.49999999999966,-208.99999999999932,long
2020-09-18,1,2020-09-17,2020-09-18,182.97,183.06,0.09000000000000341,4.5000000000001705,7.000000000000341,long
2020-09-21,1,2020-09-18,2020-09-21,183.20999999999998,179.83,-3.379999999999967,-168.99999999999835,-339.9999999999967,long
2020-09-22,1,2020-09-21,2020-09-22,179.53,179.62,0.09000000000000341,4.5000000000001705,7.000000000000341,long
2020-09-23,1,2020-09-22,2020-09-23,178.66,176.97,-1.6899999999999977,-84.49999999999989,-170.99999999999977,long
2020-09-24,1,2020-09-23,2020-09-24,174.79999999999998,174.35000000000002,-0.4499999999999602,-22.49999999999801,-46.99999999999602,long
2020-09-25,1,2020-09-24,2020-09-25,175.45,174.4,-1.049999999999983,-52.49999999999915,-106.9999999999983,long
2020-09-28,1,2020-09-25,2020-09-28,174.95,175.82000000000002,0.870000000000033,43.50000000000165,85.0000000000033,long
2020-09-29,1,2020-09-28,2020-09-29,176.70999999999998,177.18,0.4700000000000273,23.500000000001364,45.00000000000273,long
2020-09-30,1,2020-09-29,2020-09-30,178.2,177.70000000000002,-0.4999999999999716,-24.99999999999858,-51.99999999999716,long
2020-10-01,1,2020-09-30,2020-10-01,177.13,178.70000000000002,1.5700000000000216,78.50000000000108,155.00000000000216,long
2020-10-02,1,2020-10-01,2020-10-02,178.70999999999998,178.68,-0.029999999999972715,-1.4999999999986358,-4.9999999999972715,long
2020-10-05,1,2020-10-02,2020-10-05,178.54999999999998,179.01000000000002,0.4600000000000364,23.00000000000182,44.00000000000364,long
2020-10-06,1,2020-10-05,2020-10-06,179.42,180.15,0.7300000000000182,36.50000000000091,71.00000000000182,long
2020-10-07,1,2020-10-06,2020-10-07,177.31,177.03,-0.28000000000000114,-14.000000000000057,-30.000000000000114,long
2020-10-08,1,2020-10-07,2020-10-08,177.23,178.17000000000002,0.9400000000000261,47.00000000000131,92.00000000000261,long
2020-10-09,1,2020-10-08,2020-10-09,177.85999999999999,180.12,2.2600000000000193,113.00000000000097,224.00000000000193,long
2020-10-12,1,2020-10-09,2020-10-12,181.09,180.56,-0.5300000000000011,-26.500000000000057,-55.000000000000114,long
2020-10-13,1,2020-10-12,2020-10-13,180.57,178.55,-2.019999999999982,-100.99999999999909,-203.99999999999818,long
2020-10-14,1,2020-10-13,2020-10-14,177.73,179.08,1.3500000000000227,67.50000000000114,133.00000000000227,long
2020-10-15,1,2020-10-14,2020-10-15,178.28,177.70000000000002,-0.5799999999999841,-28.999999999999204,-59.99999999999841,long
2020-10-16,1,2020-10-15,2020-10-16,178.92999999999998,179.21,0.28000000000002956,14.000000000001478,26.000000000002956,long
2020-10-19,1,2020-10-16,2020-10-19,178.31,179.4,1.0900000000000034,54.50000000000017,107.00000000000034,long
2020-10-20,1,2020-10-19,2020-10-20,178.39999999999998,178.53,0.13000000000002387,6.500000000001194,11.000000000002387,long
2020-10-21,1,2020-10-20,2020-10-21,179.26,180.46,1.200000000000017,60.00000000000085,118.0000000000017,long
2020-10-22,1,2020-10-21,2020-10-22,180.60999999999999,178.87,-1.7399999999999807,-86.99999999999903,-175.99999999999807,long
2020-10-23,1,2020-10-22,2020-10-23,178.84,179.08,0.2400000000000091,12.000000000000455,22.00000000000091,long
2020-10-26,1,2020-10-23,2020-10-26,178.64999999999998,178.74,0.09000000000003183,4.500000000001592,7.000000000003183,long
2020-10-27,1,2020-10-26,2020-10-27,178.56,178.70000000000002,0.14000000000001478,7.000000000000739,12.000000000001478,long
2020-10-28,1,2020-10-27,2020-10-28,179.03,176.44,-2.5900000000000034,-129.50000000000017,-261.00000000000034,long
2020-10-29,1,2020-10-28,2020-10-29,176.14,175.01000000000002,-1.129999999999967,-56.49999999999835,-114.9999999999967,long
2020-10-30,1,2020-10-29,2020-10-30,175.41,177.17000000000002,1.7600000000000193,88.00000000000097,174.00000000000193,long
2020-11-02,1,2020-10-30,2020-11-02,176.20999999999998,177.44,1.2300000000000182,61.50000000000091,121.00000000000182,long
2020-11-03,1,2020-11-02,2020-11-03,177.92,178.94,1.0200000000000102,51.00000000000051,100.00000000000102,long
2020-11-04,1,2020-11-03,2020-11-04,178.92999999999998,178.92000000000002,-0.009999999999962483,-0.49999999999812417,-2.9999999999962483,long
2020-11-05,1,2020-11-04,2020-11-05,178.82999999999998,180.99,2.160000000000025,108.00000000000125,214.0000000000025,long
2020-11-06,1,2020-11-05,2020-11-06,182.94,183.39000000000001,0.45000000000001705,22.500000000000853,43.000000000001705,long
2020-11-09,1,2020-11-06,2020-11-09,183.2,176.41,-6.789999999999992,-339.4999999999996,-680.9999999999992,long
2020-11-10,1,2020-11-09,2020-11-10,175.09,176.74,1.6500000000000057,82.50000000000028,163.00000000000057,long
2020-11-11,1,2020-11-10,2020-11-11,175.67,174.69,-0.9799999999999898,-48.99999999999949,-99.99999999999898,long
2020-11-12,1,2020-11-11,2020-11-12,174.91,176.03,1.1200000000000045,56.00000000000023,110.00000000000045,long
2020-11-13,1,2020-11-12,2020-11-13,175.97,177.64000000000001,1.670000000000016,83.5000000000008,165.0000000000016,long
2020-11-16,1,2020-11-13,2020-11-16,177.17,177.22,0.05000000000001137,2.5000000000005684,3.000000000001137,long
2020-11-17,1,2020-11-16,2020-11-17,177.16,177.24,0.0800000000000125,4.000000000000625,6.0000000000012506,long
2020-11-18,1,2020-11-17,2020-11-18,176.51,176.25,-0.2599999999999909,-12.999999999999545,-27.99999999999909,long
2020-11-19,1,2020-11-18,2020-11-19,175.5,174.29000000000002,-1.2099999999999795,-60.49999999999898,-122.99999999999795,long
2020-11-20,1,2020-11-19,2020-11-20,175.17,176.11,0.9400000000000261,47.00000000000131,92.00000000000261,long
2020-11-23,1,2020-11-20,2020-11-23,175.7,175.08,-0.6199999999999761,-30.999999999998806,-63.99999999999761,long
2020-11-24,1,2020-11-23,2020-11-24,172.23999999999998,169.29000000000002,-2.94999999999996,-147.499999999998,-296.999999999996,long
2020-11-25,1,2020-11-24,2020-11-25,169.6,169.96,0.36000000000001364,18.000000000000682,34.000000000001364,long
2020-11-27,1,2020-11-25,2020-11-27,169.51999999999998,166.89000000000001,-2.629999999999967,-131.49999999999835,-264.9999999999967,long
2020-11-30,1,2020-11-27,2020-11-30,167.79999999999998,166.67000000000002,-1.129999999999967,-56.49999999999835,-114.9999999999967,long
2020-12-01,1,2020-11-30,2020-12-01,166.67999999999998,169.71,3.0300000000000296,151.50000000000148,301.00000000000296,long
2020-12-02,1,2020-12-01,2020-12-02,170.19,170.56,0.37000000000000455,18.500000000000227,35.000000000000455,long
2020-12-03,1,2020-12-02,2020-12-03,171.47,172.64000000000001,1.170000000000016,58.500000000000796,115.00000000000159,long
2020-12-04,1,2020-12-03,2020-12-04,172.82,172.77,-0.04999999999998295,-2.4999999999991473,-6.999999999998295,long
2020-12-07,1,2020-12-04,2020-12-07,172.32999999999998,172.56,0.2300000000000182,11.50000000000091,21.00000000000182,long
2020-12-08,1,2020-12-07,2020-12-08,174.89999999999998,175.5,0.6000000000000227,30.000000000001137,58.000000000002274,long
2020-12-09,1,2020-12-08,2020-12-09,175.51,173.91,-1.5999999999999943,-79.99999999999972,-161.99999999999943,long
2020-12-10,1,2020-12-09,2020-12-10,172.51,172.89000000000001,0.3800000000000239,19.000000000001194,36.00000000000239,long
2020-12-11,1,2020-12-10,2020-12-11,172.17999999999998,172.24,0.060000000000030695,3.0000000000015348,4.0000000000030695,long
2020-12-14,1,2020-12-11,2020-12-14,172.5,171.9,-0.5999999999999943,-29.999999999999716,-61.99999999999943,long
2020-12-15,1,2020-12-14,2020-12-15,171.54999999999998,173.42000000000002,1.870000000000033,93.50000000000165,185.0000000000033,long
2020-12-16,1,2020-12-15,2020-12-16,173.95,174.12,0.17000000000001592,8.500000000000796,15.000000000001592,long
2020-12-17,1,2020-12-16,2020-12-17,174.91,177.14000000000001,2.230000000000018,111.50000000000091,221.00000000000182,long
2020-12-18,1,2020-12-17,2020-12-18,176.75,176.64000000000001,-0.10999999999998522,-5.499999999999261,-12.999999999998522,long
2020-12-21,1,2020-12-18,2020-12-21,176.45,176.28,-0.1699999999999875,-8.499999999999375,-18.99999999999875,long
2020-12-22,1,2020-12-21,2020-12-22,175.89,176.19,0.30000000000001137,15.000000000000568,28.000000000001137,long
2020-12-23,1,2020-12-22,2020-12-23,174.5,175.10000000000002,0.6000000000000227,30.000000000001137,58.000000000002274,long
2020-12-24,1,2020-12-23,2020-12-24,175.66,175.54000000000002,-0.11999999999997613,-5.999999999998806,-13.999999999997613,long
2020-12-28,1,2020-12-24,2020-12-28,176.35999999999999,177.25,0.8900000000000148,44.50000000000074,87.00000000000148,long
2020-12-29,1,2020-12-28,2020-12-29,175.72,176.24,0.5200000000000102,26.00000000000051,50.00000000000102,long
2020-12-30,1,2020-12-29,2020-12-30,176.35999999999999,176.46,0.10000000000002274,5.000000000001137,8.000000000002274,long
2020-12-31,1,2020-12-30,2020-12-31,177.70999999999998,178.06,0.35000000000002274,17.500000000001137,33.000000000002274,long
2021-01-04,1,2020-12-31,2021-01-04,178.37,181.96,3.5900000000000034,179.50000000000017,357.00000000000034,long
2021-01-05,1,2021-01-04,2021-01-05,182.34,182.86,0.5200000000000102,26.00000000000051,50.00000000000102,long
2021-01-06,1,2021-01-05,2021-01-06,182.88,181.48000000000002,-1.3999999999999773,-69.99999999999886,-141.99999999999773,long
2021-01-07,1,2021-01-06,2021-01-07,179.91,179.68,-0.22999999999998977,-11.499999999999488,-24.999999999998977,long
2021-01-08,1,2021-01-07,2021-01-08,179.48999999999998,176.82000000000002,-2.669999999999959,-133.49999999999795,-268.9999999999959,long
2021-01-11,1,2021-01-08,2021-01-11,173.35,172.13,-1.2199999999999989,-60.99999999999994,-123.99999999999989,long
2021-01-12,1,2021-01-11,2021-01-12,173.01,173.12,0.11000000000001364,5.500000000000682,9.000000000001364,long
2021-01-13,1,2021-01-12,2021-01-13,174.13,173.67000000000002,-0.45999999999997954,-22.999999999998977,-47.999999999997954,long
2021-01-14,1,2021-01-13,2021-01-14,173.38,173.43,0.05000000000001137,2.5000000000005684,3.000000000001137,long
2021-01-15,1,2021-01-14,2021-01-15,173.29,172.83,-0.45999999999997954,-22.999999999998977,-47.999999999997954,long
2021-01-19,1,2021-01-15,2021-01-19,171.14,172.70000000000002,1.5600000000000307,78.00000000000153,154.00000000000307,long
2021-01-20,1,2021-01-19,2021-01-20,172.59,174.36,1.7700000000000102,88.50000000000051,175.00000000000102,long
2021-01-21,1,2021-01-20,2021-01-21,175.39999999999998,175.10000000000002,-0.2999999999999545,-14.999999999997726,-31.999999999995453,long
2021-01-22,1,2021-01-21,2021-01-22,175.29,172.88,-2.4099999999999966,-120.49999999999983,-242.99999999999966,long
2021-01-25,1,2021-01-22,2021-01-25,173.91,174.81,0.9000000000000057,45.000000000000284,88.00000000000057,long
2021-01-26,1,2021-01-25,2021-01-26,174.06,173.97,-0.09000000000000341,-4.5000000000001705,-11.000000000000341,long
2021-01-27,1,2021-01-26,2021-01-27,173.63,172.92000000000002,-0.7099999999999795,-35.49999999999898,-72.99999999999795,long
2021-01-28,1,2021-01-27,2021-01-28,172.53,174.27,1.740000000000009,87.00000000000045,172.0000000000009,long
2021-01-29,1,2021-01-28,2021-01-29,172.69,174.86,2.170000000000016,108.5000000000008,215.0000000000016,long
2021-02-01,1,2021-01-29,2021-02-01,172.62,175.01000000000002,2.390000000000015,119.50000000000074,237.00000000000148,long
2021-02-02,1,2021-02-01,2021-02-02,174.23999999999998,172.48000000000002,-1.7599999999999625,-87.99999999999812,-177.99999999999625,long
2021-02-03,1,2021-02-02,2021-02-03,172.12,172.35000000000002,0.2300000000000182,11.50000000000091,21.00000000000182,long
2021-02-04,1,2021-02-03,2021-02-04,171.85999999999999,168.28,-3.579999999999984,-178.9999999999992,-359.9999999999984,long
2021-02-05,1,2021-02-04,2021-02-05,168.16,168.98000000000002,0.8200000000000216,41.00000000000108,80.00000000000216,long
2021-02-08,1,2021-02-05,2021-02-08,169.82,171.97,2.1500000000000057,107.50000000000028,213.00000000000057,long
2021-02-09,1,2021-02-08,2021-02-09,171.53,172.56,1.0300000000000011,51.50000000000006,101.00000000000011,long
2021-02-10,1,2021-02-09,2021-02-10,172.09,173.14000000000001,1.0500000000000114,52.50000000000057,103.00000000000114,long
2021-02-11,1,2021-02-10,2021-02-11,172.72,172.69,-0.030000000000001137,-1.5000000000000568,-5.000000000000114,long
2021-02-12,1,2021-02-11,2021-02-12,171.22,170.28,-0.9399999999999977,-46.999999999999886,-95.99999999999977,long
2021-02-16,1,2021-02-12,2021-02-16,170.7,168.13,-2.569999999999993,-128.49999999999966,-258.9999999999993,long
2021-02-17,1,2021-02-16,2021-02-17,168.25,166.91,-1.3400000000000034,-67.00000000000017,-136.00000000000034,long
2021-02-18,1,2021-02-17,2021-02-18,166.34,166.97,0.6299999999999955,31.499999999999773,60.999999999999545,long
2021-02-19,1,2021-02-18,2021-02-19,166.32999999999998,166.75,0.4200000000000159,21.000000000000796,40.00000000000159,long
2021-02-22,1,2021-02-19,2021-02-22,167.01999999999998,168.53,1.5100000000000193,75.50000000000097,149.00000000000193,long
2021-02-23,1,2021-02-22,2021-02-23,169.51999999999998,169.47,-0.04999999999998295,-2.4999999999991473,-6.999999999998295,long
2021-02-24,1,2021-02-23,2021-02-24,169.13,167.64000000000001,-1.4899999999999807,-74.49999999999903,-150.99999999999807,long
2021-02-25,1,2021-02-24,2021-02-25,169.01,166.91,-2.0999999999999943,-104.99999999999972,-211.99999999999943,long
2021-02-26,1,2021-02-25,2021-02-26,165.82999999999998,164.99,-0.839999999999975,-41.99999999999875,-85.9999999999975,long
2021-03-01,1,2021-02-26,2021-03-01,161.82,163.02,1.200000000000017,60.00000000000085,118.0000000000017,long
2021-03-02,1,2021-03-01,2021-03-02,161.54,161.92000000000002,0.3800000000000239,19.000000000001194,36.00000000000239,long
2021-03-03,1,2021-03-02,2021-03-03,162.42,160.60000000000002,-1.8199999999999648,-90.99999999999824,-183.99999999999648,long
2021-03-04,1,2021-03-03,2021-03-04,160.63,160.59,-0.03999999999999204,-1.999999999999602,-5.999999999999204,long
2021-03-05,1,2021-03-04,2021-03-05,159.04999999999998,159.62,0.5700000000000216,28.50000000000108,55.00000000000216,long
2021-03-08,1,2021-03-05,2021-03-08,159.14999999999998,158.57000000000002,-0.5799999999999557,-28.999999999997783,-59.999999999995566,long
2021-03-09,1,2021-03-08,2021-03-09,157.5,160.74,3.240000000000009,162.00000000000045,322.0000000000009,long
2021-03-10,1,2021-03-09,2021-03-10,160.85,161.05,0.20000000000001705,10.000000000000853,18.000000000001705,long
2021-03-11,1,2021-03-10,2021-03-11,161.67,161.46,-0.20999999999997954,-10.499999999998977,-22.999999999997954,long
2021-03-12,1,2021-03-11,2021-03-12,161.53,159.53,-2.0,-100.0,-202.0,long
2021-03-15,1,2021-03-12,2021-03-15,161.5,162.3,0.8000000000000114,40.00000000000057,78.00000000000114,long
2021-03-16,1,2021-03-15,2021-03-16,162.20999999999998,162.35000000000002,0.1400000000000432,7.00000000000216,12.00000000000432,long
2021-03-17,1,2021-03-16,2021-03-17,162.35999999999999,162.26000000000002,-0.0999999999999659,-4.999999999998295,-11.99999999999659,long
2021-03-18,1,2021-03-17,2021-03-18,163.51999999999998,161.14000000000001,-2.379999999999967,-118.99999999999835,-239.9999999999967,long
2021-03-19,1,2021-03-18,2021-03-19,162.57,162.55,-0.01999999999998181,-0.9999999999990905,-3.999999999998181,long
2021-03-22,1,2021-03-19,2021-03-22,163.25,162.26000000000002,-0.9899999999999807,-49.499999999999034,-100.99999999999807,long
2021-03-23,1,2021-03-22,2021-03-23,163.01,162.44,-0.5699999999999932,-28.49999999999966,-58.99999999999932,long
2021-03-24,1,2021-03-23,2021-03-24,161.82,162.20000000000002,0.3800000000000239,19.000000000001194,36.00000000000239,long
2021-03-25,1,2021-03-24,2021-03-25,162.38,163.05,0.6700000000000159,33.500000000000796,65.00000000000159,long
2021-03-26,1,2021-03-25,2021-03-26,161.79,161.70000000000002,-0.08999999999997499,-4.4999999999987494,-10.999999999997499,long
2021-03-29,1,2021-03-26,2021-03-29,162.25,161.45000000000002,-0.799999999999983,-39.99999999999915,-81.9999999999983,long
2021-03-30,1,2021-03-29,2021-03-30,160.32,157.93,-2.3899999999999864,-119.49999999999932,-240.99999999999864,long
2021-03-31,1,2021-03-30,2021-03-31,157.57999999999998,158.05,0.4700000000000273,23.500000000001364,45.00000000000273,long
2021-04-01,1,2021-03-31,2021-04-01,159.97,161.55,1.5800000000000125,79.00000000000063,156.00000000000125,long
2021-04-05,1,2021-04-01,2021-04-05,161.98999999999998,161.51000000000002,-0.47999999999996135,-23.999999999998067,-49.999999999996135,long
2021-04-06,1,2021-04-05,2021-04-06,161.92999999999998,162.78,0.8500000000000227,42.50000000000114,83.00000000000227,long
2021-04-07,1,2021-04-06,2021-04-07,163.23,162.81,-0.4199999999999875,-20.999999999999375,-43.99999999999875,long
2021-04-08,1,2021-04-07,2021-04-08,162.76999999999998,164.16,1.3900000000000148,69.50000000000074,137.00000000000148,long
2021-04-09,1,2021-04-08,2021-04-09,164.51999999999998,162.74,-1.7799999999999727,-88.99999999999864,-179.99999999999727,long
2021-04-12,1,2021-04-09,2021-04-12,163.28,162.72,-0.5600000000000023,-28.000000000000114,-58.00000000000023,long
2021-04-13,1,2021-04-12,2021-04-13,162.29,163.20000000000002,0.910000000000025,45.50000000000125,89.0000000000025,long
2021-04-14,1,2021-04-13,2021-04-14,163.44,162.76000000000002,-0.6799999999999784,-33.99999999999892,-69.99999999999784,long
2021-04-15,1,2021-04-14,2021-04-15,162.73,164.06,1.3300000000000125,66.50000000000063,131.00000000000125,long
2021-04-16,1,2021-04-15,2021-04-16,165.35999999999999,166.23000000000002,0.870000000000033,43.50000000000165,85.0000000000033,long
2021-04-19,1,2021-04-16,2021-04-19,166.35999999999999,165.9,-0.45999999999997954,-22.999999999998977,-47.999999999997954,long
2021-04-20,1,2021-04-19,2021-04-20,165.89999999999998,165.64000000000001,-0.2599999999999625,-12.999999999998124,-27.99999999999625,long
2021-04-21,1,2021-04-20,2021-04-21,166.48999999999998,167.17000000000002,0.6800000000000352,34.00000000000176,66.00000000000352,long
2021-04-22,1,2021-04-21,2021-04-22,168.14,167.10000000000002,-1.0399999999999636,-51.99999999999818,-105.99999999999636,long
2021-04-23,1,2021-04-22,2021-04-23,167.04999999999998,167.36,0.3100000000000307,15.500000000001535,29.00000000000307,long
2021-04-26,1,2021-04-23,2021-04-26,166.41,166.62,0.21000000000000796,10.500000000000398,19.000000000000796,long
2021-04-27,1,2021-04-26,2021-04-27,166.85,166.91,0.060000000000002274,3.0000000000001137,4.000000000000227,long
2021-04-28,1,2021-04-27,2021-04-28,166.42999999999998,165.74,-0.6899999999999693,-34.499999999998465,-70.99999999999693,long
2021-04-29,1,2021-04-28,2021-04-29,166.92,165.57000000000002,-1.349999999999966,-67.4999999999983,-136.9999999999966,long
2021-04-30,1,2021-04-29,2021-04-30,166.23,165.85000000000002,-0.37999999999996703,-18.99999999999835,-39.9999999999967,long
2021-05-03,1,2021-04-30,2021-05-03,165.67,167.60000000000002,1.9300000000000352,96.50000000000176,191.00000000000352,long
2021-05-04,1,2021-05-03,2021-05-04,167.82,167.68,-0.13999999999998636,-6.999999999999318,-15.999999999998636,long
2021-05-05,1,2021-05-04,2021-05-05,166.59,166.62,0.030000000000001137,1.5000000000000568,1.0000000000001137,long
2021-05-06,1,2021-05-05,2021-05-06,167.28,167.94,0.6599999999999966,32.99999999999983,63.99999999999966,long
2021-05-07,1,2021-05-06,2021-05-07,170.07,171.52,1.450000000000017,72.50000000000085,143.0000000000017,long
2021-05-10,1,2021-05-07,2021-05-10,171.6,172.73000000000002,1.1300000000000239,56.500000000001194,111.00000000000239,long
2021-05-11,1,2021-05-10,2021-05-11,172.12,170.55,-1.5699999999999932,-78.49999999999966,-158.99999999999932,long
2021-05-12,1,2021-05-11,2021-05-12,172.14999999999998,171.42000000000002,-0.7299999999999613,-36.49999999999807,-74.99999999999613,long
2021-05-13,1,2021-05-12,2021-05-13,170.44,170.34,-0.09999999999999432,-4.999999999999716,-11.999999999999432,long
2021-05-14,1,2021-05-13,2021-05-14,171.14,172.04000000000002,0.9000000000000341,45.000000000001705,88.00000000000341,long
2021-05-17,1,2021-05-14,2021-05-17,172.7,173.29000000000002,0.5900000000000318,29.50000000000159,57.00000000000318,long
2021-05-18,1,2021-05-17,2021-05-18,174.70999999999998,175.17000000000002,0.4600000000000364,23.00000000000182,44.00000000000364,long
2021-05-19,1,2021-05-18,2021-05-19,175.04999999999998,175.13,0.0800000000000125,4.000000000000625,6.0000000000012506,long
2021-05-20,1,2021-05-19,2021-05-20,175.17,175.31,0.14000000000001478,7.000000000000739,12.000000000001478,long
2021-05-21,1,2021-05-20,2021-05-21,175.97,176.57000000000002,0.6000000000000227,30.000000000001137,58.000000000002274,long
2021-05-24,1,2021-05-21,2021-05-24,176.04999999999998,176.14000000000001,0.09000000000003183,4.500000000001592,7.000000000003183,long
2021-05-25,1,2021-05-24,2021-05-25,176.35999999999999,176.14000000000001,-0.21999999999997044,-10.999999999998522,-23.999999999997044,long
2021-05-26,1,2021-05-25,2021-05-26,177.95999999999998,178.36,0.4000000000000341,20.000000000001705,38.00000000000341,long
2021-05-27,1,2021-05-26,2021-05-27,177.64999999999998,177.39000000000001,-0.2599999999999625,-12.999999999998124,-27.99999999999625,long
2021-05-28,1,2021-05-27,2021-05-28,177.72,177.45000000000002,-0.2699999999999818,-13.49999999999909,-28.99999999999818,long
2021-06-01,1,2021-05-28,2021-06-01,178.39,178.75,0.36000000000001364,18.000000000000682,34.000000000001364,long
2021-06-02,1,2021-06-01,2021-06-02,177.91,178.33,0.4200000000000159,21.000000000000796,40.00000000000159,long
2021-06-03,1,2021-06-02,2021-06-03,178.78,175.82000000000002,-2.9599999999999795,-147.99999999999898,-297.99999999999795,long
2021-06-04,1,2021-06-03,2021-06-04,175.28,176.64000000000001,1.3600000000000136,68.00000000000068,134.00000000000136,long
2021-06-07,1,2021-06-04,2021-06-07,177.17,176.95000000000002,-0.21999999999997044,-10.999999999998522,-23.999999999997044,long
2021-06-08,1,2021-06-07,2021-06-08,177.88,177.22,-0.6599999999999966,-32.99999999999983,-67.99999999999966,long
2021-06-09,1,2021-06-08,2021-06-09,177.32999999999998,177.37,0.040000000000020464,2.000000000001023,2.0000000000020464,long
2021-06-10,1,2021-06-09,2021-06-10,176.98999999999998,176.69,-0.29999999999998295,-14.999999999999147,-31.999999999998295,long
2021-06-11,1,2021-06-10,2021-06-11,177.75,176.32000000000002,-1.4299999999999784,-71.49999999999892,-144.99999999999784,long
2021-06-14,1,2021-06-11,2021-06-14,175.75,173.15,-2.5999999999999943,-129.99999999999972,-261.99999999999943,long
2021-06-15,1,2021-06-14,2021-06-15,174.72,174.77,0.05000000000001137,2.5000000000005684,3.000000000001137,long
2021-06-16,1,2021-06-15,2021-06-16,174.06,173.9,-0.1599999999999966,-7.9999999999998295,-17.99999999999966,long
2021-06-17,1,2021-06-16,2021-06-17,171.12,167.01000000000002,-4.109999999999985,-205.49999999999926,-412.9999999999985,long
2021-06-18,1,2021-06-17,2021-06-18,165.85999999999999,166.13,0.27000000000001023,13.500000000000512,25.000000000001023,long
2021-06-21,1,2021-06-18,2021-06-21,164.94,166.51000000000002,1.5700000000000216,78.50000000000108,155.00000000000216,long
2021-06-22,1,2021-06-21,2021-06-22,166.95999999999998,166.34,-0.6199999999999761,-30.999999999998806,-63.99999999999761,long
2021-06-23,1,2021-06-22,2021-06-23,166.26,166.96,0.700000000000017,35.00000000000085,68.0000000000017,long
2021-06-24,1,2021-06-23,2021-06-24,166.14999999999998,166.99,0.8400000000000318,42.00000000000159,82.00000000000318,long
2021-06-25,1,2021-06-24,2021-06-25,166.04999999999998,167.44,1.3900000000000148,69.50000000000074,137.00000000000148,long
2021-06-28,1,2021-06-25,2021-06-28,166.6,166.67000000000002,0.0700000000000216,3.50000000000108,5.00000000000216,long
2021-06-29,1,2021-06-28,2021-06-29,166.59,164.33,-2.259999999999991,-112.99999999999955,-227.9999999999991,long
2021-06-30,1,2021-06-29,2021-06-30,164.84,164.56,-0.28000000000000114,-14.000000000000057,-30.000000000000114,long
2021-07-01,1,2021-06-30,2021-07-01,165.64,166.64000000000001,1.0000000000000284,50.00000000000142,98.00000000000284,long
2021-07-02,1,2021-07-01,2021-07-02,166.20999999999998,167.34,1.1300000000000239,56.500000000001194,111.00000000000239,long
2021-07-06,1,2021-07-02,2021-07-06,167.29999999999998,169.26000000000002,1.9600000000000364,98.00000000000182,194.00000000000364,long
2021-07-07,1,2021-07-06,2021-07-07,168.13,168.71,0.5800000000000125,29.000000000000625,56.00000000000125,long
2021-07-08,1,2021-07-07,2021-07-08,168.76999999999998,169.81,1.0400000000000205,52.00000000000102,102.00000000000205,long
2021-07-09,1,2021-07-08,2021-07-09,168.66,168.83,0.17000000000001592,8.500000000000796,15.000000000001592,long
2021-07-12,1,2021-07-09,2021-07-12,169.22,168.69,-0.5300000000000011,-26.500000000000057,-55.000000000000114,long
2021-07-13,1,2021-07-12,2021-07-13,169.01,169.48000000000002,0.4700000000000273,23.500000000001364,45.00000000000273,long
2021-07-14,1,2021-07-13,2021-07-14,169.23,170.87,1.6400000000000148,82.00000000000074,162.00000000000148,long
2021-07-15,1,2021-07-14,2021-07-15,171.04999999999998,170.88,-0.1699999999999875,-8.499999999999375,-18.99999999999875,long
2021-07-16,1,2021-07-15,2021-07-16,171.07999999999998,170.64000000000001,-0.4399999999999693,-21.999999999998465,-45.99999999999693,long
2021-07-19,1,2021-07-16,2021-07-19,169.42,169.5,0.0800000000000125,4.000000000000625,6.0000000000012506,long
2021-07-20,1,2021-07-19,2021-07-20,169.62,170.5,0.8799999999999955,43.99999999999977,85.99999999999955,long
2021-07-21,1,2021-07-20,2021-07-21,169.39999999999998,168.32000000000002,-1.0799999999999557,-53.99999999999778,-109.99999999999557,long
2021-07-22,1,2021-07-21,2021-07-22,168.76999999999998,168.48000000000002,-0.2899999999999636,-14.499999999998181,-30.999999999996362,long
2021-07-23,1,2021-07-22,2021-07-23,169.1,168.49,-0.6099999999999852,-30.49999999999926,-62.99999999999852,long
2021-07-26,1,2021-07-23,2021-07-26,168.57,168.57000000000002,2.842170943040401e-14,1.4210854715202004e-12,-1.9999999999971578,long
2021-07-27,1,2021-07-26,2021-07-27,168.17,168.72,0.5500000000000114,27.50000000000057,53.00000000000114,long
2021-07-28,1,2021-07-27,2021-07-28,168.45,168.25,-0.19999999999998863,-9.999999999999432,-21.999999999998863,long
2021-07-29,1,2021-07-28,2021-07-29,169.29999999999998,170.69,1.3900000000000148,69.50000000000074,137.00000000000148,long
2021-07-30,1,2021-07-29,2021-07-30,171.17999999999998,170.71,-0.46999999999997044,-23.499999999998522,-48.999999999997044,long
2021-08-02,1,2021-07-30,2021-08-02,169.82999999999998,169.29000000000002,-0.5399999999999636,-26.99999999999818,-55.99999999999636,long
2021-08-03,1,2021-08-02,2021-08-03,169.62,169.41,-0.21000000000000796,-10.500000000000398,-23.000000000000796,long
2021-08-04,1,2021-08-03,2021-08-04,169.5,171.27,1.7700000000000102,88.50000000000051,175.00000000000102,long
2021-08-05,1,2021-08-04,2021-08-05,169.54,169.36,-0.1799999999999784,-8.99999999999892,-19.99999999999784,long
2021-08-06,1,2021-08-05,2021-08-06,168.87,165.83,-3.039999999999992,-151.9999999999996,-305.9999999999992,long
2021-08-09,1,2021-08-06,2021-08-09,164.64999999999998,163.0,-1.6499999999999773,-82.49999999999886,-166.99999999999773,long
2021-08-10,1,2021-08-09,2021-08-10,161.73,161.38,-0.3499999999999943,-17.499999999999716,-36.99999999999943,long
2021-08-11,1,2021-08-10,2021-08-11,161.78,163.14000000000001,1.3600000000000136,68.00000000000068,134.00000000000136,long
2021-08-12,1,2021-08-11,2021-08-12,164.01,163.64000000000001,-0.3699999999999761,-18.499999999998806,-38.99999999999761,long
2021-08-13,1,2021-08-12,2021-08-13,164.04999999999998,165.01000000000002,0.9600000000000364,48.00000000000182,94.00000000000364,long
2021-08-16,1,2021-08-13,2021-08-16,166.39999999999998,166.72,0.3200000000000216,16.00000000000108,30.00000000000216,long
2021-08-17,1,2021-08-16,2021-08-17,167.23,167.28,0.05000000000001137,2.5000000000005684,3.000000000001137,long
2021-08-18,1,2021-08-17,2021-08-18,166.98,167.21,0.2300000000000182,11.50000000000091,21.00000000000182,long
2021-08-19,1,2021-08-18,2021-08-19,167.10999999999999,167.23000000000002,0.12000000000003297,6.0000000000016485,10.000000000003297,long
2021-08-20,1,2021-08-19,2021-08-20,166.62,166.79000000000002,0.17000000000001592,8.500000000000796,15.000000000001592,long
2021-08-23,1,2021-08-20,2021-08-23,166.70999999999998,168.81,2.1000000000000227,105.00000000000114,208.00000000000227,long
2021-08-24,1,2021-08-23,2021-08-24,168.73999999999998,169.03,0.29000000000002046,14.500000000001023,27.000000000002046,long
2021-08-25,1,2021-08-24,2021-08-25,168.66,167.87,-0.789999999999992,-39.4999999999996,-80.9999999999992,long
2021-08-26,1,2021-08-25,2021-08-26,167.48999999999998,167.20000000000002,-0.2899999999999636,-14.499999999998181,-30.999999999996362,long
2021-08-27,1,2021-08-26,2021-08-27,167.67999999999998,167.57000000000002,-0.1099999999999568,-5.49999999999784,-12.99999999999568,long
2021-08-30,1,2021-08-27,2021-08-30,170.2,169.65,-0.549999999999983,-27.499999999999147,-56.999999999998295,long
2021-08-31,1,2021-08-30,2021-08-31,169.35999999999999,169.22,-0.13999999999998636,-6.999999999999318,-15.999999999998636,long
2021-09-01,1,2021-08-31,2021-09-01,169.7,169.93,0.2300000000000182,11.50000000000091,21.00000000000182,long
2021-09-02,1,2021-09-01,2021-09-02,169.70999999999998,169.49,-0.21999999999997044,-10.999999999998522,-23.999999999997044,long
2021-09-03,1,2021-09-02,2021-09-03,169.26,170.58,1.3200000000000216,66.00000000000108,130.00000000000216,long
2021-09-07,1,2021-09-03,2021-09-07,171.07,169.55,-1.5199999999999818,-75.99999999999909,-153.99999999999818,long
2021-09-08,1,2021-09-07,2021-09-08,167.72,167.99,0.27000000000001023,13.500000000000512,25.000000000001023,long
2021-09-09,1,2021-09-08,2021-09-09,167.29999999999998,168.16,0.8600000000000136,43.00000000000068,84.00000000000136,long
2021-09-10,1,2021-09-09,2021-09-10,168.04,167.8,-0.23999999999998067,-11.999999999999034,-25.999999999998067,long
2021-09-13,1,2021-09-10,2021-09-13,167.19,167.46,0.27000000000001023,13.500000000000512,25.000000000001023,long
2021-09-14,1,2021-09-13,2021-09-14,167.75,168.21,0.46000000000000796,23.000000000000398,44.000000000000796,long
2021-09-15,1,2021-09-14,2021-09-15,168.82999999999998,168.12,-0.7099999999999795,-35.49999999999898,-72.99999999999795,long
2021-09-16,1,2021-09-15,2021-09-16,167.84,164.38,-3.460000000000008,-173.0000000000004,-348.0000000000008,long
2021-09-17,1,2021-09-16,2021-09-17,164.04,163.85000000000002,-0.1899999999999693,-9.499999999998465,-20.99999999999693,long
2021-09-20,1,2021-09-17,2021-09-20,163.78,164.28,0.5,25.0,48.0,long
2021-09-21,1,2021-09-20,2021-09-21,164.95,165.8,0.8500000000000227,42.50000000000114,83.00000000000227,long
2021-09-22,1,2021-09-21,2021-09-22,166.04999999999998,165.88,-0.1699999999999875,-8.499999999999375,-18.99999999999875,long
2021-09-23,1,2021-09-22,2021-09-23,165.42999999999998,164.09,-1.339999999999975,-66.99999999999875,-135.9999999999975,long
2021-09-24,1,2021-09-23,2021-09-24,163.51999999999998,162.99,-0.5299999999999727,-26.499999999998636,-54.99999999999727,long
2021-09-27,1,2021-09-24,2021-09-27,163.31,163.87,0.5600000000000023,28.000000000000114,54.00000000000023,long
2021-09-28,1,2021-09-27,2021-09-28,163.64999999999998,162.72,-0.9299999999999784,-46.49999999999892,-94.99999999999784,long
2021-09-29,1,2021-09-28,2021-09-29,162.06,162.34,0.28000000000000114,14.000000000000057,26.000000000000114,long
2021-09-30,1,2021-09-29,2021-09-30,161.32999999999998,162.65,1.3200000000000216,66.00000000000108,130.00000000000216,long
2021-10-01,1,2021-09-30,2021-10-01,164.23,164.26000000000002,0.03000000000002956,1.500000000001478,1.0000000000029559,long
2021-10-04,1,2021-10-01,2021-10-04,164.6,163.68,-0.9199999999999875,-45.999999999999375,-93.99999999999875,long
2021-10-05,1,2021-10-04,2021-10-05,165.37,163.93,-1.4399999999999977,-71.99999999999989,-145.99999999999977,long
2021-10-06,1,2021-10-05,2021-10-06,164.6,164.22,-0.37999999999999545,-18.999999999999773,-39.999999999999545,long
2021-10-07,1,2021-10-06,2021-10-07,165.04,164.01000000000002,-1.0299999999999727,-51.499999999998636,-104.99999999999727,long
2021-10-08,1,2021-10-07,2021-10-08,164.17,166.31,2.140000000000015,107.00000000000074,212.00000000000148,long
2021-10-11,1,2021-10-08,2021-10-11,164.23999999999998,164.03,-0.20999999999997954,-10.499999999998977,-22.999999999997954,long
2021-10-12,1,2021-10-11,2021-10-12,163.92999999999998,164.56,0.6300000000000239,31.500000000001194,61.00000000000239,long
2021-10-13,1,2021-10-12,2021-10-13,164.67,165.27,0.6000000000000227,30.000000000001137,58.000000000002274,long
2021-10-14,1,2021-10-13,2021-10-14,167.6,168.18,0.5800000000000125,29.000000000000625,56.00000000000125,long
2021-10-15,1,2021-10-14,2021-10-15,168.01,165.38,-2.6299999999999955,-131.49999999999977,-264.99999999999955,long
2021-10-18,1,2021-10-15,2021-10-18,165.34,165.41,0.06999999999999318,3.499999999999659,4.999999999999318,long
2021-10-19,1,2021-10-18,2021-10-19,164.92999999999998,166.49,1.5600000000000307,78.00000000000153,154.00000000000307,long
2021-10-20,1,2021-10-19,2021-10-20,165.45999999999998,166.20000000000002,0.7400000000000375,37.000000000001876,72.00000000000375,long
2021-10-21,1,2021-10-20,2021-10-21,166.91,166.69,-0.21999999999999886,-10.999999999999943,-23.999999999999886,long
2021-10-22,1,2021-10-21,2021-10-22,166.76,168.66,1.9000000000000057,95.00000000000028,188.00000000000057,long
2021-10-25,1,2021-10-22,2021-10-25,167.78,168.65,0.8700000000000045,43.50000000000023,85.00000000000045,long
2021-10-26,1,2021-10-25,2021-10-26,168.94,167.87,-1.0699999999999932,-53.49999999999966,-108.99999999999932,long
2021-10-27,1,2021-10-26,2021-10-27,167.69,167.72,0.030000000000001137,1.5000000000000568,1.0000000000001137,long
2021-10-28,1,2021-10-27,2021-10-28,168.13,168.97,0.8400000000000034,42.00000000000017,82.00000000000034,long
2021-10-29,1,2021-10-28,2021-10-29,168.09,166.28,-1.8100000000000023,-90.50000000000011,-183.00000000000023,long
2021-11-01,1,2021-10-29,2021-11-01,166.66,167.37,0.710000000000008,35.5000000000004,69.0000000000008,long
2021-11-02,1,2021-11-01,2021-11-02,167.53,167.45000000000002,-0.07999999999998408,-3.999999999999204,-9.999999999998408,long
2021-11-03,1,2021-11-02,2021-11-03,167.17,165.31,-1.8599999999999852,-92.99999999999926,-187.99999999999852,long
2021-11-04,1,2021-11-03,2021-11-04,165.78,167.5,1.7199999999999989,85.99999999999994,169.9999999999999,long
2021-11-05,1,2021-11-04,2021-11-05,167.66,168.41,0.75,37.5,73.0,long
2021-11-08,1,2021-11-05,2021-11-08,169.85,170.42000000000002,0.5700000000000216,28.50000000000108,55.00000000000216,long
2021-11-09,1,2021-11-08,2021-11-09,170.45999999999998,170.72,0.2600000000000193,13.000000000000966,24.000000000001933,long
2021-11-10,1,2021-11-09,2021-11-10,171.29999999999998,173.67000000000002,2.370000000000033,118.50000000000165,235.0000000000033,long
2021-11-11,1,2021-11-10,2021-11-11,173.16,173.96,0.8000000000000114,40.00000000000057,78.00000000000114,long
2021-11-12,1,2021-11-11,2021-11-12,174.13,173.5,-0.6299999999999955,-31.499999999999773,-64.99999999999955,long
2021-11-15,1,2021-11-12,2021-11-15,174.45999999999998,174.09,-0.3699999999999761,-18.499999999998806,-38.99999999999761,long
2021-11-16,1,2021-11-15,2021-11-16,174.19,173.96,-0.22999999999998977,-11.499999999999488,-24.999999999998977,long
2021-11-17,1,2021-11-16,2021-11-17,172.92999999999998,174.23000000000002,1.3000000000000398,65.00000000000199,128.00000000000398,long
2021-11-18,1,2021-11-17,2021-11-18,174.51,173.95000000000002,-0.5599999999999739,-27.999999999998693,-57.999999999997385,long
2021-11-19,1,2021-11-18,2021-11-19,173.95,173.68,-0.2699999999999818,-13.49999999999909,-28.99999999999818,long
2021-11-22,1,2021-11-19,2021-11-22,172.62,169.89000000000001,-2.7299999999999898,-136.4999999999995,-274.999999999999,long
2021-11-23,1,2021-11-22,2021-11-23,168.75,167.27,-1.4799999999999898,-73.99999999999949,-149.99999999999898,long
2021-11-24,1,2021-11-23,2021-11-24,167.29,166.57000000000002,-0.7199999999999704,-35.99999999999852,-73.99999999999704,long
2021-11-26,1,2021-11-24,2021-11-26,167.13,168.63,1.5,75.0,148.0,long
2021-11-29,1,2021-11-26,2021-11-29,166.85999999999999,166.83,-0.029999999999972715,-1.4999999999986358,-4.9999999999972715,long
2021-11-30,1,2021-11-29,2021-11-30,166.63,167.76000000000002,1.1300000000000239,56.500000000001194,111.00000000000239,long
2021-12-01,1,2021-11-30,2021-12-01,165.51,166.83,1.3200000000000216,66.00000000000108,130.00000000000216,long
2021-12-02,1,2021-12-01,2021-12-02,166.17,165.88,-0.28999999999999204,-14.499999999999602,-30.999999999999204,long
2021-12-03,1,2021-12-02,2021-12-03,165.25,165.48000000000002,0.2300000000000182,11.50000000000091,21.00000000000182,long
2021-12-06,1,2021-12-03,2021-12-06,166.64,166.13,-0.5099999999999909,-25.499999999999545,-52.99999999999909,long
2021-12-07,1,2021-12-06,2021-12-07,166.23,166.19,-0.03999999999999204,-1.999999999999602,-5.999999999999204,long
2021-12-08,1,2021-12-07,2021-12-08,166.82,166.5,-0.3199999999999932,-15.999999999999659,-33.99999999999932,long
2021-12-09,1,2021-12-08,2021-12-09,166.91,166.53,-0.37999999999999545,-18.999999999999773,-39.999999999999545,long
2021-12-10,1,2021-12-09,2021-12-10,165.89,166.71,0.8200000000000216,41.00000000000108,80.00000000000216,long
2021-12-13,1,2021-12-10,2021-12-13,166.59,166.89000000000001,0.30000000000001137,15.000000000000568,28.000000000001137,long
2021-12-14,1,2021-12-13,2021-12-14,167.01,165.33,-1.6799999999999784,-83.99999999999892,-169.99999999999784,long
2021-12-15,1,2021-12-14,2021-12-15,165.45,165.28,-0.1699999999999875,-8.499999999999375,-18.99999999999875,long
2021-12-16,1,2021-12-15,2021-12-16,166.16,167.0,0.8400000000000034,42.00000000000017,82.00000000000034,long
2021-12-17,1,2021-12-16,2021-12-17,168.17,168.72,0.5500000000000114,27.50000000000057,53.00000000000114,long
2021-12-20,1,2021-12-17,2021-12-20,167.81,167.87,0.060000000000002274,3.0000000000001137,4.000000000000227,long
2021-12-21,1,2021-12-20,2021-12-21,167.1,167.68,0.5800000000000125,29.000000000000625,56.00000000000125,long
2021-12-22,1,2021-12-21,2021-12-22,167.03,167.57000000000002,0.5400000000000205,27.000000000001023,52.000000000002046,long
2021-12-23,1,2021-12-22,2021-12-23,168.6,168.68,0.0800000000000125,4.000000000000625,6.0000000000012506,long
2021-12-27,1,2021-12-23,2021-12-27,168.98,168.95000000000002,-0.029999999999972715,-1.4999999999986358,-4.9999999999972715,long
2021-12-28,1,2021-12-27,2021-12-28,169.38,169.32000000000002,-0.05999999999997385,-2.9999999999986926,-7.999999999997385,long
2021-12-29,1,2021-12-28,2021-12-29,168.64999999999998,167.35000000000002,-1.2999999999999545,-64.99999999999773,-131.99999999999545,long
2021-12-30,1,2021-12-29,2021-12-30,168.6,168.42000000000002,-0.1799999999999784,-8.99999999999892,-19.99999999999784,long
2021-12-31,1,2021-12-30,2021-12-31,169.81,170.52,0.710000000000008,35.5000000000004,69.0000000000008,long
2022-01-03,1,2021-12-31,2022-01-03,170.97,168.85000000000002,-2.119999999999976,-105.9999999999988,-213.9999999999976,long
2022-01-04,1,2022-01-03,2022-01-04,168.34,168.89000000000001,0.5500000000000114,27.50000000000057,53.00000000000114,long
2022-01-05,1,2022-01-04,2022-01-05,169.57999999999998,170.61,1.0300000000000296,51.50000000000148,101.00000000000296,long
2022-01-06,1,2022-01-05,2022-01-06,169.07,167.15,-1.9199999999999875,-95.99999999999937,-193.99999999999875,long
2022-01-07,1,2022-01-06,2022-01-07,167.0,167.36,0.36000000000001364,18.000000000000682,34.000000000001364,long
2022-01-10,1,2022-01-07,2022-01-10,167.76,167.35000000000002,-0.40999999999996817,-20.49999999999841,-42.99999999999682,long
2022-01-11,1,2022-01-10,2022-01-11,168.26999999999998,168.43,0.160000000000025,8.00000000000125,14.000000000002501,long
2022-01-12,1,2022-01-11,2022-01-12,170.29999999999998,170.18,-0.11999999999997613,-5.999999999998806,-13.999999999997613,long
2022-01-13,1,2022-01-12,2022-01-13,170.75,170.08,-0.6699999999999875,-33.499999999999375,-68.99999999999875,long
2022-01-14,1,2022-01-13,2022-01-14,170.17,170.21,0.040000000000020464,2.000000000001023,2.0000000000020464,long
2022-01-18,1,2022-01-14,2022-01-18,169.67999999999998,169.63,-0.04999999999998295,-2.4999999999991473,-6.999999999998295,long
2022-01-19,1,2022-01-18,2022-01-19,169.39999999999998,170.38,0.9800000000000182,49.00000000000091,96.00000000000182,long
2022-01-20,1,2022-01-19,2022-01-20,172.09,172.3,0.21000000000000796,10.500000000000398,19.000000000000796,long
2022-01-21,1,2022-01-20,2022-01-21,171.66,172.03,0.37000000000000455,18.500000000000227,35.000000000000455,long
2022-01-24,1,2022-01-21,2022-01-24,171.1,171.77,0.6700000000000159,33.500000000000796,65.00000000000159,long
2022-01-25,1,2022-01-24,2022-01-25,172.04,171.94,-0.09999999999999432,-4.999999999999716,-11.999999999999432,long
2022-01-26,1,2022-01-25,2022-01-26,172.59,171.38,-1.210000000000008,-60.5000000000004,-123.0000000000008,long
2022-01-27,1,2022-01-26,2022-01-27,169.79999999999998,168.01000000000002,-1.7899999999999636,-89.49999999999818,-180.99999999999636,long
2022-01-28,1,2022-01-27,2022-01-28,167.60999999999999,166.55,-1.0599999999999739,-52.99999999999869,-107.99999999999739,long
2022-01-31,1,2022-01-28,2022-01-31,167.10999999999999,167.78,0.6700000000000159,33.500000000000796,65.00000000000159,long
2022-02-01,1,2022-01-31,2022-02-01,168.1,168.56,0.46000000000000796,23.000000000000398,44.000000000000796,long
2022-02-02,1,2022-02-01,2022-02-02,168.23999999999998,168.33,0.09000000000003183,4.500000000001592,7.000000000003183,long
2022-02-03,1,2022-02-02,2022-02-03,168.85,168.3,-0.549999999999983,-27.499999999999147,-56.999999999998295,long
2022-02-04,1,2022-02-03,2022-02-04,168.60999999999999,168.03,-0.5799999999999841,-28.999999999999204,-59.99999999999841,long
2022-02-07,1,2022-02-04,2022-02-07,168.87,169.44,0.5699999999999932,28.49999999999966,54.99999999999932,long
2022-02-08,1,2022-02-07,2022-02-08,170.12,170.09,-0.030000000000001137,-1.5000000000000568,-5.000000000000114,long
2022-02-09,1,2022-02-08,2022-02-09,170.64,170.67000000000002,0.03000000000002956,1.500000000001478,1.0000000000029559,long
2022-02-10,1,2022-02-09,2022-02-10,171.22,170.51000000000002,-0.7099999999999795,-35.49999999999898,-72.99999999999795,long
2022-02-11,1,2022-02-10,2022-02-11,170.57,170.74,0.17000000000001592,8.500000000000796,15.000000000001592,long
2022-02-14,1,2022-02-11,2022-02-14,173.82,173.77,-0.04999999999998295,-2.4999999999991473,-6.999999999998295,long
2022-02-15,1,2022-02-14,2022-02-15,174.75,173.06,-1.6899999999999977,-84.49999999999989,-170.99999999999977,long
2022-02-16,1,2022-02-15,2022-02-16,173.09,173.48000000000002,0.3900000000000148,19.50000000000074,37.00000000000148,long
2022-02-17,1,2022-02-16,2022-02-17,174.87,176.69,1.8199999999999932,90.99999999999966,179.99999999999932,long
2022-02-18,1,2022-02-17,2022-02-18,177.26,177.06,-0.19999999999998863,-9.999999999999432,-21.999999999998863,long
2022-02-22,1,2022-02-18,2022-02-22,177.13,177.66,0.5300000000000011,26.500000000000057,51.000000000000114,long
2022-02-23,1,2022-02-22,2022-02-23,177.5,177.38,-0.12000000000000455,-6.000000000000227,-14.000000000000455,long
2022-02-24,1,2022-02-23,2022-02-24,178.29999999999998,182.58,4.28000000000003,214.00000000000148,426.00000000000296,long
2022-02-25,1,2022-02-24,2022-02-25,177.14999999999998,176.41,-0.7399999999999807,-36.999999999999034,-75.99999999999807,long
2022-02-28,1,2022-02-25,2022-02-28,176.56,178.85000000000002,2.2900000000000205,114.50000000000102,227.00000000000205,long
2022-03-01,1,2022-02-28,2022-03-01,178.39,179.04000000000002,0.6500000000000341,32.500000000001705,63.00000000000341,long
2022-03-02,1,2022-03-01,2022-03-02,181.63,180.12,-1.509999999999991,-75.49999999999955,-152.9999999999991,long
2022-03-03,1,2022-03-02,2022-03-03,179.73999999999998,179.95000000000002,0.21000000000003638,10.500000000001819,19.000000000003638,long
2022-03-04,1,2022-03-03,2022-03-04,180.81,182.10000000000002,1.2900000000000205,64.50000000000102,127.00000000000205,long
2022-03-07,1,2022-03-04,2022-03-07,183.69,184.39000000000001,0.700000000000017,35.00000000000085,68.0000000000017,long
2022-03-08,1,2022-03-07,2022-03-08,186.42,188.37,1.950000000000017,97.50000000000085,193.0000000000017,long
2022-03-09,1,2022-03-08,2022-03-09,191.51999999999998,186.03,-5.489999999999981,-274.49999999999903,-550.9999999999981,long
2022-03-10,1,2022-03-09,2022-03-10,185.82999999999998,186.87,1.0400000000000205,52.00000000000102,102.00000000000205,long
2022-03-11,1,2022-03-10,2022-03-11,186.41,183.73000000000002,-2.6799999999999784,-133.99999999999892,-269.99999999999784,long
2022-03-14,1,2022-03-11,2022-03-14,185.1,183.02,-2.079999999999984,-103.9999999999992,-209.9999999999984,long
2022-03-15,1,2022-03-14,2022-03-15,182.31,179.09,-3.219999999999999,-160.99999999999994,-323.9999999999999,long
2022-03-16,1,2022-03-15,2022-03-16,178.89999999999998,179.12,0.22000000000002728,11.000000000001364,20.00000000000273,long
2022-03-17,1,2022-03-16,2022-03-17,180.01999999999998,181.15,1.1300000000000239,56.500000000001194,111.00000000000239,long
2022-03-18,1,2022-03-17,2022-03-18,180.89999999999998,179.92000000000002,-0.9799999999999613,-48.99999999999807,-99.99999999999613,long
2022-03-21,1,2022-03-18,2022-03-21,179.31,179.32000000000002,0.010000000000019327,0.5000000000009663,-0.9999999999980673,long
2022-03-22,1,2022-03-21,2022-03-22,180.67999999999998,179.59,-1.089999999999975,-54.49999999999875,-110.9999999999975,long
2022-03-23,1,2022-03-22,2022-03-23,179.37,180.28,0.9099999999999966,45.49999999999983,88.99999999999966,long
2022-03-24,1,2022-03-23,2022-03-24,181.82,182.34,0.5200000000000102,26.00000000000051,50.00000000000102,long
2022-03-25,1,2022-03-24,2022-03-25,183.14,181.8,-1.339999999999975,-66.99999999999875,-135.9999999999975,long
2022-03-28,1,2022-03-25,2022-03-28,182.39,180.37,-2.019999999999982,-100.99999999999909,-203.99999999999818,long
2022-03-29,1,2022-03-28,2022-03-29,179.07,177.01000000000002,-2.059999999999974,-102.99999999999869,-207.99999999999739,long
2022-03-30,1,2022-03-29,2022-03-30,179.14999999999998,179.75,0.6000000000000227,30.000000000001137,58.000000000002274,long
2022-03-31,1,2022-03-30,2022-03-31,180.59,180.9,0.3100000000000023,15.500000000000114,29.000000000000227,long
2022-04-01,1,2022-03-31,2022-04-01,180.66,179.54000000000002,-1.1199999999999761,-55.999999999998806,-113.99999999999761,long
2022-04-04,1,2022-04-01,2022-04-04,179.51,180.23000000000002,0.7200000000000273,36.000000000001364,70.00000000000273,long
2022-04-05,1,2022-04-04,2022-04-05,180.38,180.9,0.5200000000000102,26.00000000000051,50.00000000000102,long
2022-04-06,1,2022-04-05,2022-04-06,179.25,179.77,0.5200000000000102,26.00000000000051,50.00000000000102,long
2022-04-07,1,2022-04-06,2022-04-07,179.67,179.86,0.19000000000002615,9.500000000001307,17.000000000002615,long
2022-04-08,1,2022-04-07,2022-04-08,180.35,180.51000000000002,0.160000000000025,8.00000000000125,14.000000000002501,long
2022-04-11,1,2022-04-08,2022-04-11,181.48,183.16,1.6800000000000068,84.00000000000034,166.00000000000068,long
2022-04-12,1,2022-04-11,2022-04-12,182.38,184.03,1.6500000000000057,82.50000000000028,163.00000000000057,long
2022-04-13,1,2022-04-12,2022-04-13,183.78,184.51000000000002,0.7300000000000182,36.50000000000091,71.00000000000182,long
2022-04-14,1,2022-04-13,2022-04-14,184.66,184.27,-0.38999999999998636,-19.499999999999318,-40.999999999998636,long
2022-04-18,1,2022-04-14,2022-04-18,184.04999999999998,185.94,1.8900000000000148,94.50000000000074,187.00000000000148,long
2022-04-19,1,2022-04-18,2022-04-19,184.62,183.18,-1.4399999999999977,-71.99999999999989,-145.99999999999977,long
2022-04-20,1,2022-04-19,2022-04-20,181.82999999999998,181.58,-0.24999999999997158,-12.499999999998579,-26.999999999997158,long
2022-04-21,1,2022-04-20,2022-04-21,182.72,181.76000000000002,-0.9599999999999795,-47.99999999999898,-97.99999999999795,long
2022-04-22,1,2022-04-21,2022-04-22,182.07,180.71,-1.3599999999999852,-67.99999999999926,-137.99999999999852,long
2022-04-25,1,2022-04-22,2022-04-25,180.29999999999998,177.16,-3.1399999999999864,-156.99999999999932,-315.99999999999864,long
2022-04-26,1,2022-04-25,2022-04-26,177.06,177.94,0.8799999999999955,43.99999999999977,85.99999999999955,long
2022-04-27,1,2022-04-26,2022-04-27,177.32999999999998,176.45000000000002,-0.879999999999967,-43.99999999999835,-89.9999999999967,long
2022-04-28,1,2022-04-27,2022-04-28,175.98999999999998,175.91,-0.07999999999998408,-3.999999999999204,-9.999999999998408,long
2022-04-29,1,2022-04-28,2022-04-29,176.94,178.06,1.1200000000000045,56.00000000000023,110.00000000000045,long
2022-05-02,1,2022-04-29,2022-05-02,176.92,173.60000000000002,-3.3199999999999648,-165.99999999999824,-333.9999999999965,long
2022-05-03,1,2022-05-02,2022-05-03,173.64,173.88,0.2400000000000091,12.000000000000455,22.00000000000091,long
2022-05-04,1,2022-05-03,2022-05-04,174.1,174.31,0.21000000000000796,10.500000000000398,19.000000000000796,long
2022-05-05,1,2022-05-04,2022-05-05,175.81,177.55,1.740000000000009,87.00000000000045,172.0000000000009,long
2022-05-06,1,2022-05-05,2022-05-06,175.14,175.38,0.2400000000000091,12.000000000000455,22.00000000000091,long
2022-05-09,1,2022-05-06,2022-05-09,175.42999999999998,174.26000000000002,-1.169999999999959,-58.499999999997954,-118.99999999999591,long
2022-05-10,1,2022-05-09,2022-05-10,172.89,173.79000000000002,0.9000000000000341,45.000000000001705,88.00000000000341,long
2022-05-11,1,2022-05-10,2022-05-11,171.42999999999998,172.52,1.0900000000000318,54.50000000000159,107.00000000000318,long
2022-05-12,1,2022-05-11,2022-05-12,172.82999999999998,172.06,-0.7699999999999818,-38.49999999999909,-78.99999999999818,long
2022-05-13,1,2022-05-12,2022-05-13,170.17999999999998,168.3,-1.879999999999967,-93.99999999999835,-189.9999999999967,long
2022-05-16,1,2022-05-13,2022-05-16,168.79999999999998,168.42000000000002,-0.37999999999996703,-18.99999999999835,-39.9999999999967,long
2022-05-17,1,2022-05-16,2022-05-17,170.41,170.43,0.020000000000010232,1.0000000000005116,1.0231815394945443e-12,long
2022-05-18,1,2022-05-17,2022-05-18,169.34,169.0,-0.3400000000000034,-17.00000000000017,-36.00000000000034,long
2022-05-19,1,2022-05-18,2022-05-19,169.42999999999998,171.54000000000002,2.110000000000042,105.5000000000021,209.0000000000042,long
2022-05-20,1,2022-05-19,2022-05-20,171.92,171.70000000000002,-0.21999999999997044,-10.999999999998522,-23.999999999997044,long
2022-05-23,1,2022-05-20,2022-05-23,172.04,173.12,1.0800000000000125,54.000000000000625,106.00000000000125,long
2022-05-24,1,2022-05-23,2022-05-24,172.84,173.46,0.6200000000000045,31.000000000000227,60.000000000000455,long
2022-05-25,1,2022-05-24,2022-05-25,174.14,172.78,-1.3599999999999852,-67.99999999999926,-137.99999999999852,long
2022-05-26,1,2022-05-25,2022-05-26,173.09,172.12,-0.9699999999999989,-48.49999999999994,-98.99999999999989,long
2022-05-27,1,2022-05-26,2022-05-27,172.76999999999998,173.48000000000002,0.7100000000000364,35.50000000000182,69.00000000000364,long
2022-05-31,1,2022-05-27,2022-05-31,172.85999999999999,172.70000000000002,-0.15999999999996817,-7.999999999998408,-17.999999999996817,long
2022-06-01,1,2022-05-31,2022-06-01,171.14999999999998,172.20000000000002,1.0500000000000398,52.50000000000199,103.00000000000398,long
2022-06-02,1,2022-06-01,2022-06-02,172.23999999999998,173.73000000000002,1.4900000000000375,74.50000000000188,147.00000000000375,long
2022-06-03,1,2022-06-02,2022-06-03,174.35999999999999,173.52,-0.839999999999975,-41.99999999999875,-85.9999999999975,long
2022-06-06,1,2022-06-03,2022-06-06,172.59,172.8,0.21000000000000796,10.500000000000398,19.000000000000796,long
2022-06-07,1,2022-06-06,2022-06-07,171.82999999999998,172.10000000000002,0.27000000000003865,13.500000000001933,25.000000000003865,long
2022-06-08,1,2022-06-07,2022-06-08,172.95,172.88,-0.06999999999999318,-3.499999999999659,-8.999999999999318,long
2022-06-09,1,2022-06-08,2022-06-09,172.78,172.44,-0.3400000000000034,-17.00000000000017,-36.00000000000034,long
2022-06-10,1,2022-06-09,2022-06-10,172.23999999999998,170.88,-1.3599999999999852,-67.99999999999926,-137.99999999999852,long
2022-06-13,1,2022-06-10,2022-06-13,174.54999999999998,171.17000000000002,-3.379999999999967,-168.99999999999835,-339.9999999999967,long
2022-06-14,1,2022-06-13,2022-06-14,169.94,169.60000000000002,-0.339999999999975,-16.99999999999875,-35.9999999999975,long
2022-06-15,1,2022-06-14,2022-06-15,168.57999999999998,170.44,1.8600000000000136,93.00000000000068,184.00000000000136,long
2022-06-16,1,2022-06-15,2022-06-16,170.78,170.55,-0.22999999999998977,-11.499999999999488,-24.999999999998977,long
2022-06-17,1,2022-06-16,2022-06-17,172.7,172.14000000000001,-0.5599999999999739,-27.999999999998693,-57.999999999997385,long
2022-06-21,1,2022-06-17,2022-06-21,171.28,171.05,-0.22999999999998977,-11.499999999999488,-24.999999999998977,long
2022-06-22,1,2022-06-21,2022-06-22,170.64,171.60000000000002,0.9600000000000364,48.00000000000182,94.00000000000364,long
2022-06-23,1,2022-06-22,2022-06-23,171.32,171.38,0.060000000000002274,3.0000000000001137,4.000000000000227,long
2022-06-24,1,2022-06-23,2022-06-24,170.26999999999998,170.23000000000002,-0.03999999999996362,-1.999999999998181,-5.999999999996362,long
2022-06-27,1,2022-06-24,2022-06-27,170.1,170.58,0.4800000000000182,24.00000000000091,46.00000000000182,long
2022-06-28,1,2022-06-27,2022-06-28,169.91,170.06,0.15000000000000568,7.500000000000284,13.000000000000568,long
2022-06-29,1,2022-06-28,2022-06-29,169.63,170.57000000000002,0.9400000000000261,47.00000000000131,92.00000000000261,long
2022-06-30,1,2022-06-29,2022-06-30,169.5,169.5,0.0,0.0,-2.0,long
2022-07-01,1,2022-06-30,2022-07-01,168.47,167.13,-1.3400000000000034,-67.00000000000017,-136.00000000000034,long
2022-07-05,1,2022-07-01,2022-07-05,168.32999999999998,167.17000000000002,-1.1599999999999682,-57.99999999999841,-117.99999999999682,long
2022-07-06,1,2022-07-05,2022-07-06,164.76,164.31,-0.44999999999998863,-22.49999999999943,-46.99999999999886,long
2022-07-07,1,2022-07-06,2022-07-07,162.14999999999998,162.42000000000002,0.27000000000003865,13.500000000001933,25.000000000003865,long
2022-07-08,1,2022-07-07,2022-07-08,162.23999999999998,162.34,0.10000000000002274,5.000000000001137,8.000000000002274,long
2022-07-11,1,2022-07-08,2022-07-11,162.31,161.92000000000002,-0.38999999999998636,-19.499999999999318,-40.999999999998636,long
2022-07-12,1,2022-07-11,2022-07-12,161.44,161.21,-0.22999999999998977,-11.499999999999488,-24.999999999998977,long
2022-07-13,1,2022-07-12,2022-07-13,160.84,160.09,-0.75,-37.5,-77.0,long
2022-07-14,1,2022-07-13,2022-07-14,161.60999999999999,159.01000000000002,-2.599999999999966,-129.9999999999983,-261.9999999999966,long
2022-07-15,1,2022-07-14,2022-07-15,159.34,159.0,-0.3400000000000034,-17.00000000000017,-36.00000000000034,long
2022-07-18,1,2022-07-15,2022-07-18,159.01999999999998,160.07000000000002,1.0500000000000398,52.50000000000199,103.00000000000398,long
2022-07-19,1,2022-07-18,2022-07-19,159.17,159.46,0.29000000000002046,14.500000000001023,27.000000000002046,long
2022-07-20,1,2022-07-19,2022-07-20,159.54999999999998,159.70000000000002,0.1500000000000341,7.500000000001705,13.00000000000341,long
2022-07-21,1,2022-07-20,2022-07-21,158.04999999999998,158.3,0.2500000000000284,12.500000000001421,23.000000000002842,long
2022-07-22,1,2022-07-21,2022-07-22,160.28,160.54000000000002,0.2600000000000193,13.000000000000966,24.000000000001933,long
2022-07-25,1,2022-07-22,2022-07-25,160.67999999999998,160.63,-0.04999999999998295,-2.4999999999991473,-6.999999999998295,long
2022-07-26,1,2022-07-25,2022-07-26,160.23999999999998,160.22,-0.01999999999998181,-0.9999999999990905,-3.999999999998181,long
2022-07-27,1,2022-07-26,2022-07-27,160.04999999999998,160.01000000000002,-0.03999999999996362,-1.999999999998181,-5.999999999996362,long
2022-07-28,1,2022-07-27,2022-07-28,161.67999999999998,163.3,1.620000000000033,81.00000000000165,160.0000000000033,long
2022-07-29,1,2022-07-28,2022-07-29,163.64999999999998,163.88,0.2300000000000182,11.50000000000091,21.00000000000182,long
2022-08-01,1,2022-07-29,2022-08-01,164.10999999999999,164.97,0.8600000000000136,43.00000000000068,84.00000000000136,long
2022-08-02,1,2022-08-01,2022-08-02,165.04,165.65,0.6100000000000136,30.500000000000682,59.000000000001364,long
2022-08-03,1,2022-08-02,2022-08-03,164.06,164.76000000000002,0.700000000000017,35.00000000000085,68.0000000000017,long
2022-08-04,1,2022-08-03,2022-08-04,164.45999999999998,165.52,1.0600000000000307,53.000000000001535,104.00000000000307,long
2022-08-05,1,2022-08-04,2022-08-05,167.17999999999998,164.98000000000002,-2.19999999999996,-109.99999999999801,-221.99999999999602,long
2022-08-08,1,2022-08-05,2022-08-08,165.29999999999998,166.02,0.7200000000000273,36.000000000001364,70.00000000000273,long
2022-08-09,1,2022-08-08,2022-08-09,166.7,167.47,0.7700000000000102,38.50000000000051,75.00000000000102,long
2022-08-10,1,2022-08-09,2022-08-10,167.20999999999998,167.38,0.17000000000001592,8.500000000000796,15.000000000001592,long
2022-08-11,1,2022-08-10,2022-08-11,166.79,167.15,0.36000000000001364,18.000000000000682,34.000000000001364,long
2022-08-12,1,2022-08-11,2022-08-12,166.35,167.16,0.8100000000000023,40.500000000000114,79.00000000000023,long
2022-08-15,1,2022-08-12,2022-08-15,167.88,166.0,-1.8799999999999955,-93.99999999999977,-189.99999999999955,long
2022-08-16,1,2022-08-15,2022-08-16,165.72,165.3,-0.4199999999999875,-20.999999999999375,-43.99999999999875,long
2022-08-17,1,2022-08-16,2022-08-17,165.42999999999998,165.20000000000002,-0.22999999999996135,-11.499999999998067,-24.999999999996135,long
2022-08-18,1,2022-08-17,2022-08-18,164.35999999999999,164.59,0.2300000000000182,11.50000000000091,21.00000000000182,long
2022-08-19,1,2022-08-18,2022-08-19,163.92999999999998,163.64000000000001,-0.2899999999999636,-14.499999999998181,-30.999999999996362,long
2022-08-22,1,2022-08-19,2022-08-22,162.73,161.65,-1.079999999999984,-53.999999999999204,-109.99999999999841,long
2022-08-23,1,2022-08-22,2022-08-23,161.64999999999998,161.95000000000002,0.3000000000000398,15.00000000000199,28.00000000000398,long
2022-08-24,1,2022-08-23,2022-08-24,162.78,162.43,-0.3499999999999943,-17.499999999999716,-36.99999999999943,long
2022-08-25,1,2022-08-24,2022-08-25,163.26,163.96,0.700000000000017,35.00000000000085,68.0000000000017,long
2022-08-26,1,2022-08-25,2022-08-26,163.76,163.11,-0.6499999999999773,-32.49999999999886,-66.99999999999773,long
2022-08-29,1,2022-08-26,2022-08-29,161.76999999999998,161.87,0.10000000000002274,5.000000000001137,8.000000000002274,long
2022-08-30,1,2022-08-29,2022-08-30,161.87,161.26000000000002,-0.6099999999999852,-30.49999999999926,-62.99999999999852,long
2022-08-31,1,2022-08-30,2022-08-31,160.51999999999998,159.49,-1.0299999999999727,-51.499999999998636,-104.99999999999727,long
2022-09-01,1,2022-08-31,2022-09-01,159.28,158.16,-1.1200000000000045,-56.00000000000023,-114.00000000000045,long
2022-09-02,1,2022-09-01,2022-09-02,157.88,159.33,1.450000000000017,72.50000000000085,143.0000000000017,long
2022-09-06,1,2022-09-02,2022-09-06,159.26999999999998,159.16,-0.10999999999998522,-5.499999999999261,-12.999999999998522,long
2022-09-07,1,2022-09-06,2022-09-07,158.34,158.14000000000001,-0.19999999999998863,-9.999999999999432,-21.999999999998863,long
2022-09-08,1,2022-09-07,2022-09-08,159.95,159.53,-0.4199999999999875,-20.999999999999375,-43.99999999999875,long
2022-09-09,1,2022-09-08,2022-09-09,158.98999999999998,159.71,0.7200000000000273,36.000000000001364,70.00000000000273,long
2022-09-12,1,2022-09-09,2022-09-12,159.82999999999998,161.03,1.200000000000017,60.00000000000085,118.0000000000017,long
2022-09-13,1,2022-09-12,2022-09-13,160.64,158.46,-2.1799999999999784,-108.99999999999892,-219.99999999999784,long
2022-09-14,1,2022-09-13,2022-09-14,158.54999999999998,158.67000000000002,0.12000000000003297,6.0000000000016485,10.000000000003297,long
2022-09-15,1,2022-09-14,2022-09-15,157.94,156.75,-1.1899999999999977,-59.499999999999886,-120.99999999999977,long
2022-09-16,1,2022-09-15,2022-09-16,154.98999999999998,154.65,-0.339999999999975,-16.99999999999875,-35.9999999999975,long
2022-09-19,1,2022-09-16,2022-09-19,155.85,154.86,-0.9899999999999807,-49.499999999999034,-100.99999999999807,long
2022-09-20,1,2022-09-19,2022-09-20,155.97,155.04000000000002,-0.9299999999999784,-46.49999999999892,-94.99999999999784,long
2022-09-21,1,2022-09-20,2022-09-21,155.07999999999998,155.96,0.8800000000000239,44.000000000001194,86.00000000000239,long
2022-09-22,1,2022-09-21,2022-09-22,155.79999999999998,156.25,0.45000000000001705,22.500000000000853,43.000000000001705,long
2022-09-23,1,2022-09-22,2022-09-23,155.70999999999998,153.92000000000002,-1.7899999999999636,-89.49999999999818,-180.99999999999636,long
2022-09-26,1,2022-09-23,2022-09-26,153.01999999999998,153.21,0.19000000000002615,9.500000000001307,17.000000000002615,long
2022-09-27,1,2022-09-26,2022-09-27,151.23999999999998,152.24,1.0000000000000284,50.00000000000142,98.00000000000284,long
2022-09-28,1,2022-09-27,2022-09-28,151.54999999999998,153.19,1.6400000000000148,82.00000000000074,162.00000000000148,long
2022-09-29,1,2022-09-28,2022-09-29,154.7,154.13,-0.5699999999999932,-28.49999999999966,-58.99999999999932,long
2022-09-30,1,2022-09-29,2022-09-30,154.67,154.93,0.2600000000000193,13.000000000000966,24.000000000001933,long
2022-10-03,1,2022-09-30,2022-10-03,154.67999999999998,155.43,0.7500000000000284,37.50000000000142,73.00000000000284,long
2022-10-04,1,2022-10-03,2022-10-04,158.44,159.17000000000002,0.7300000000000182,36.50000000000091,71.00000000000182,long
2022-10-05,1,2022-10-04,2022-10-05,160.70999999999998,159.31,-1.3999999999999773,-69.99999999999886,-141.99999999999773,long
2022-10-06,1,2022-10-05,2022-10-06,159.82,159.4,-0.4199999999999875,-20.999999999999375,-43.99999999999875,long
2022-10-07,1,2022-10-06,2022-10-07,159.64,158.45000000000002,-1.1899999999999693,-59.499999999998465,-120.99999999999693,long
2022-10-10,1,2022-10-07,2022-10-10,157.89,155.93,-1.9599999999999795,-97.99999999999898,-197.99999999999795,long
2022-10-11,1,2022-10-10,2022-10-11,155.48999999999998,155.45000000000002,-0.03999999999996362,-1.999999999998181,-5.999999999996362,long
2022-10-12,1,2022-10-11,2022-10-12,155.17,155.5,0.3300000000000125,16.500000000000625,31.00000000000125,long
2022-10-13,1,2022-10-12,2022-10-13,156.0,153.47,-2.530000000000001,-126.50000000000006,-255.0000000000001,long
2022-10-14,1,2022-10-13,2022-10-14,154.92,154.01000000000002,-0.9099999999999682,-45.49999999999841,-92.99999999999682,long
2022-10-17,1,2022-10-14,2022-10-17,152.98999999999998,154.91,1.920000000000016,96.0000000000008,190.0000000000016,long
2022-10-18,1,2022-10-17,2022-10-18,153.42999999999998,154.07000000000002,0.6400000000000432,32.00000000000216,62.00000000000432,long
2022-10-19,1,2022-10-18,2022-10-19,153.76,152.08,-1.6799999999999784,-83.99999999999892,-169.99999999999784,long
2022-10-20,1,2022-10-19,2022-10-20,151.7,151.91,0.21000000000000796,10.500000000000398,19.000000000000796,long
2022-10-21,1,2022-10-20,2022-10-21,151.45999999999998,151.97,0.5100000000000193,25.500000000000966,49.00000000000193,long
2022-10-24,1,2022-10-21,2022-10-24,154.16,153.44,-0.7199999999999989,-35.99999999999994,-73.99999999999989,long
2022-10-25,1,2022-10-24,2022-10-25,153.66,153.95000000000002,0.29000000000002046,14.500000000001023,27.000000000002046,long
2022-10-26,1,2022-10-25,2022-10-26,154.01,154.77,0.7600000000000193,38.000000000000966,74.00000000000193,long
2022-10-27,1,2022-10-26,2022-10-27,154.98999999999998,154.70000000000002,-0.2899999999999636,-14.499999999998181,-30.999999999996362,long
2022-10-28,1,2022-10-27,2022-10-28,154.75,152.95000000000002,-1.799999999999983,-89.99999999999915,-181.9999999999983,long
2022-10-31,1,2022-10-28,2022-10-31,153.17,152.15,-1.0199999999999818,-50.99999999999909,-103.99999999999818,long
2022-11-01,1,2022-10-31,2022-11-01,151.92,153.81,1.8900000000000148,94.50000000000074,187.00000000000148,long
2022-11-02,1,2022-11-01,2022-11-02,153.47,154.15,0.6800000000000068,34.00000000000034,66.00000000000068,long
2022-11-03,1,2022-11-02,2022-11-03,152.39999999999998,150.69,-1.7099999999999795,-85.49999999999898,-172.99999999999795,long
2022-11-04,1,2022-11-03,2022-11-04,151.82,154.94,3.1200000000000045,156.00000000000023,310.00000000000045,long
2022-11-07,1,2022-11-04,2022-11-07,156.48,156.21,-0.2699999999999818,-13.49999999999909,-28.99999999999818,long
2022-11-08,1,2022-11-07,2022-11-08,155.85999999999999,155.98000000000002,0.12000000000003297,6.0000000000016485,10.000000000003297,long
2022-11-09,1,2022-11-08,2022-11-09,159.45999999999998,159.35000000000002,-0.1099999999999568,-5.49999999999784,-12.99999999999568,long
2022-11-10,1,2022-11-09,2022-11-10,158.66,162.0,3.3400000000000034,167.00000000000017,332.00000000000034,long
2022-11-11,1,2022-11-10,2022-11-11,163.48999999999998,163.9,0.410000000000025,20.50000000000125,39.0000000000025,long
2022-11-14,1,2022-11-11,2022-11-14,164.57,164.19,-0.37999999999999545,-18.999999999999773,-39.999999999999545,long
2022-11-15,1,2022-11-14,2022-11-15,164.92999999999998,165.26000000000002,0.3300000000000409,16.500000000002046,31.000000000004093,long
2022-11-16,1,2022-11-15,2022-11-16,165.51,165.43,-0.07999999999998408,-3.999999999999204,-9.999999999998408,long
2022-11-17,1,2022-11-16,2022-11-17,165.13,163.77,-1.3599999999999852,-67.99999999999926,-137.99999999999852,long
2022-11-18,1,2022-11-17,2022-11-18,163.92999999999998,163.4,-0.5299999999999727,-26.499999999998636,-54.99999999999727,long
2022-11-21,1,2022-11-18,2022-11-21,162.79999999999998,162.43,-0.3699999999999761,-18.499999999998806,-38.99999999999761,long
2022-11-22,1,2022-11-21,2022-11-22,161.89,162.29000000000002,0.4000000000000341,20.000000000001705,38.00000000000341,long
2022-11-23,1,2022-11-22,2022-11-23,162.07999999999998,161.68,-0.39999999999997726,-19.999999999998863,-41.999999999997726,long
2022-11-25,1,2022-11-23,2022-11-25,163.09,162.84,-0.25,-12.5,-27.0,long
2022-11-28,1,2022-11-25,2022-11-28,163.23,162.92000000000002,-0.30999999999997385,-15.499999999998693,-32.999999999997385,long
2022-11-29,1,2022-11-28,2022-11-29,161.94,162.69,0.75,37.5,73.0,long
2022-11-30,1,2022-11-29,2022-11-30,162.73999999999998,163.68,0.9400000000000261,47.00000000000131,92.00000000000261,long
2022-12-01,1,2022-11-30,2022-12-01,164.82,167.47,2.6500000000000057,132.50000000000028,263.00000000000057,long
2022-12-02,1,2022-12-01,2022-12-02,167.85,166.17000000000002,-1.6799999999999784,-83.99999999999892,-169.99999999999784,long
2022-12-05,1,2022-12-02,2022-12-05,167.26999999999998,166.54000000000002,-0.7299999999999613,-36.49999999999807,-74.99999999999613,long
2022-12-06,1,2022-12-05,2022-12-06,164.39999999999998,165.23000000000002,0.8300000000000409,41.500000000002046,81.00000000000409,long
2022-12-07,1,2022-12-06,2022-12-07,164.85,165.46,0.6100000000000136,30.500000000000682,59.000000000001364,long
2022-12-08,1,2022-12-07,2022-12-08,166.34,166.57000000000002,0.2300000000000182,11.50000000000091,21.00000000000182,long
2022-12-09,1,2022-12-08,2022-12-09,166.48,167.25,0.7700000000000102,38.50000000000051,75.00000000000102,long
2022-12-12,1,2022-12-09,2022-12-12,167.07,166.43,-0.6399999999999864,-31.999999999999318,-65.99999999999864,long
2022-12-13,1,2022-12-12,2022-12-13,165.69,169.20000000000002,3.5100000000000193,175.50000000000097,349.00000000000193,long
2022-12-14,1,2022-12-13,2022-12-14,168.51999999999998,168.42000000000002,-0.0999999999999659,-4.999999999998295,-11.99999999999659,long
2022-12-15,1,2022-12-14,2022-12-15,168.10999999999999,165.72,-2.3899999999999864,-119.49999999999932,-240.99999999999864,long
2022-12-16,1,2022-12-15,2022-12-16,165.35999999999999,166.01000000000002,0.6500000000000341,32.500000000001705,63.00000000000341,long
2022-12-19,1,2022-12-16,2022-12-19,166.79999999999998,166.70000000000002,-0.0999999999999659,-4.999999999998295,-11.99999999999659,long
2022-12-20,1,2022-12-19,2022-12-20,166.32999999999998,168.09,1.7600000000000193,88.00000000000097,174.00000000000193,long
2022-12-21,1,2022-12-20,2022-12-21,169.09,169.03,-0.060000000000002274,-3.0000000000001137,-8.000000000000227,long
2022-12-22,1,2022-12-21,2022-12-22,168.81,167.75,-1.0600000000000023,-53.000000000000114,-108.00000000000023,long
2022-12-23,1,2022-12-22,2022-12-23,166.76999999999998,166.87,0.10000000000002274,5.000000000001137,8.000000000002274,long
2022-12-27,1,2022-12-23,2022-12-27,167.26999999999998,167.88,0.6100000000000136,30.500000000000682,59.000000000001364,long
2022-12-28,1,2022-12-27,2022-12-28,168.67999999999998,167.99,-0.6899999999999693,-34.499999999998465,-70.99999999999693,long
2022-12-29,1,2022-12-28,2022-12-29,167.92,168.53,0.6100000000000136,30.500000000000682,59.000000000001364,long
2022-12-30,1,2022-12-29,2022-12-30,168.85999999999999,169.25,0.3900000000000148,19.50000000000074,37.00000000000148,long
2023-01-03,1,2022-12-30,2023-01-03,169.64999999999998,171.31,1.660000000000025,83.00000000000125,164.0000000000025,long
2023-01-04,1,2023-01-03,2023-01-04,171.07,172.85000000000002,1.7800000000000296,89.00000000000148,176.00000000000296,long
2023-01-05,1,2023-01-04,2023-01-05,172.67999999999998,170.81,-1.8699999999999761,-93.4999999999988,-188.9999999999976,long
2023-01-06,1,2023-01-05,2023-01-06,170.53,171.75,1.2199999999999989,60.99999999999994,119.99999999999989,long
2023-01-09,1,2023-01-06,2023-01-09,173.72,174.52,0.8000000000000114,40.00000000000057,78.00000000000114,long
2023-01-10,1,2023-01-09,2023-01-10,174.10999999999999,174.60000000000002,0.4900000000000375,24.500000000001876,47.00000000000375,long
2023-01-11,1,2023-01-10,2023-01-11,174.75,174.75,0.0,0.0,-2.0,long
2023-01-12,1,2023-01-11,2023-01-12,174.63,176.0,1.3700000000000045,68.50000000000023,135.00000000000045,long
2023-01-13,1,2023-01-12,2023-01-13,176.64999999999998,176.95000000000002,0.3000000000000398,15.00000000000199,28.00000000000398,long
2023-01-17,1,2023-01-13,2023-01-17,178.76999999999998,178.20000000000002,-0.5699999999999648,-28.499999999998238,-58.999999999996476,long
2023-01-18,1,2023-01-17,2023-01-18,177.6,178.91,1.3100000000000023,65.50000000000011,129.00000000000023,long
2023-01-19,1,2023-01-18,2023-01-19,177.09,178.36,1.2700000000000102,63.50000000000051,125.00000000000102,long
2023-01-20,1,2023-01-19,2023-01-20,179.89999999999998,179.05,-0.8499999999999659,-42.499999999998295,-86.99999999999659,long
2023-01-23,1,2023-01-20,2023-01-23,179.29999999999998,178.34,-0.9599999999999795,-47.99999999999898,-97.99999999999795,long
2023-01-24,1,2023-01-23,2023-01-24,179.64,179.55,-0.08999999999997499,-4.4999999999987494,-10.999999999997499,long
2023-01-25,1,2023-01-24,2023-01-25,180.29,179.34,-0.9499999999999886,-47.49999999999943,-96.99999999999886,long
2023-01-26,1,2023-01-25,2023-01-26,181.12,180.14000000000001,-0.9799999999999898,-48.99999999999949,-99.99999999999898,long
2023-01-27,1,2023-01-26,2023-01-27,179.48,179.26000000000002,-0.21999999999997044,-10.999999999998522,-23.999999999997044,long
2023-01-30,1,2023-01-27,2023-01-30,179.23,179.28,0.05000000000001137,2.5000000000005684,3.000000000001137,long
2023-01-31,1,2023-01-30,2023-01-31,178.76999999999998,178.81,0.040000000000020464,2.000000000001023,2.0000000000020464,long
2023-02-01,1,2023-01-31,2023-02-01,179.42,179.74,0.3200000000000216,16.00000000000108,30.00000000000216,long
2023-02-02,1,2023-02-01,2023-02-02,181.67999999999998,181.07000000000002,-0.6099999999999568,-30.49999999999784,-62.99999999999568,long
2023-02-03,1,2023-02-02,2023-02-03,177.91,174.91,-3.0,-150.0,-302.0,long
2023-02-06,1,2023-02-03,2023-02-06,173.47,174.10000000000002,0.6300000000000239,31.500000000001194,61.00000000000239,long
2023-02-07,1,2023-02-06,2023-02-07,173.82999999999998,173.71,-0.11999999999997613,-5.999999999998806,-13.999999999997613,long
2023-02-08,1,2023-02-07,2023-02-08,173.98999999999998,174.93,0.9400000000000261,47.00000000000131,92.00000000000261,long
2023-02-09,1,2023-02-08,2023-02-09,174.42,175.48000000000002,1.0600000000000307,53.000000000001535,104.00000000000307,long
2023-02-10,1,2023-02-09,2023-02-10,173.04,173.62,0.5800000000000125,29.000000000000625,56.00000000000125,long
2023-02-13,1,2023-02-10,2023-02-13,173.37,172.69,-0.6800000000000068,-34.00000000000034,-70.00000000000068,long
2023-02-14,1,2023-02-13,2023-02-14,172.48999999999998,171.98000000000002,-0.5099999999999625,-25.499999999998124,-52.99999999999625,long
2023-02-15,1,2023-02-14,2023-02-15,172.62,170.59,-2.030000000000001,-101.50000000000006,-205.0000000000001,long
2023-02-16,1,2023-02-15,2023-02-16,170.89999999999998,170.33,-0.5699999999999648,-28.499999999998238,-58.999999999996476,long
2023-02-17,1,2023-02-16,2023-02-17,170.76,169.86,-0.8999999999999773,-44.99999999999886,-91.99999999999773,long
2023-02-21,1,2023-02-17,2023-02-21,171.26999999999998,171.19,-0.07999999999998408,-3.999999999999204,-9.999999999998408,long
2023-02-22,1,2023-02-21,2023-02-22,170.63,170.8,0.17000000000001592,8.500000000000796,15.000000000001592,long
2023-02-23,1,2023-02-22,2023-02-23,169.67,169.83,0.160000000000025,8.00000000000125,14.000000000002501,long
2023-02-24,1,2023-02-23,2023-02-24,169.57999999999998,168.41,-1.1699999999999875,-58.499999999999375,-118.99999999999875,long
2023-02-27,1,2023-02-24,2023-02-27,168.35999999999999,168.87,0.5100000000000193,25.500000000000966,49.00000000000193,long
2023-02-28,1,2023-02-27,2023-02-28,169.01999999999998,168.77,-0.24999999999997158,-12.499999999998579,-26.999999999997158,long
2023-03-01,1,2023-02-28,2023-03-01,169.79,170.94,1.1500000000000057,57.500000000000284,113.00000000000057,long
2023-03-02,1,2023-03-01,2023-03-02,170.76999999999998,170.51000000000002,-0.2599999999999625,-12.999999999998124,-27.99999999999625,long
2023-03-03,1,2023-03-02,2023-03-03,170.67,171.44,0.7700000000000102,38.50000000000051,75.00000000000102,long
2023-03-06,1,2023-03-03,2023-03-06,172.5,172.31,-0.18999999999999773,-9.499999999999886,-20.999999999999773,long
2023-03-07,1,2023-03-06,2023-03-07,171.63,170.41,-1.2199999999999989,-60.99999999999994,-123.99999999999989,long
2023-03-08,1,2023-03-07,2023-03-08,168.63,168.60000000000002,-0.029999999999972715,-1.4999999999986358,-4.9999999999972715,long
2023-03-09,1,2023-03-08,2023-03-09,168.54999999999998,169.74,1.1900000000000261,59.50000000000131,117.00000000000261,long
2023-03-10,1,2023-03-09,2023-03-10,170.20999999999998,171.92000000000002,1.7100000000000364,85.50000000000182,169.00000000000364,long
2023-03-13,1,2023-03-10,2023-03-13,173.88,176.65,2.7700000000000102,138.5000000000005,275.000000000001,long
2023-03-14,1,2023-03-13,2023-03-14,177.87,177.34,-0.5300000000000011,-26.500000000000057,-55.000000000000114,long
2023-03-15,1,2023-03-14,2023-03-15,176.84,178.82000000000002,1.9800000000000182,99.00000000000091,196.00000000000182,long
2023-03-16,1,2023-03-15,2023-03-16,178.22,179.5,1.2800000000000011,64.00000000000006,126.00000000000011,long
2023-03-17,1,2023-03-16,2023-03-17,178.57999999999998,181.01000000000002,2.4300000000000352,121.50000000000176,241.00000000000352,long
2023-03-20,1,2023-03-17,2023-03-20,183.78,184.18,0.4000000000000057,20.000000000000284,38.00000000000057,long
2023-03-21,1,2023-03-20,2023-03-21,183.85,182.64000000000001,-1.2099999999999795,-60.49999999999898,-122.99999999999795,long
2023-03-22,1,2023-03-21,2023-03-22,180.38,180.39000000000001,0.010000000000019327,0.5000000000009663,-0.9999999999980673,long
2023-03-23,1,2023-03-22,2023-03-23,183.45,183.9,0.45000000000001705,22.500000000000853,43.000000000001705,long
2023-03-24,1,2023-03-23,2023-03-24,185.75,185.60000000000002,-0.14999999999997726,-7.499999999998863,-16.999999999997726,long
2023-03-27,1,2023-03-24,2023-03-27,183.66,181.14000000000001,-2.519999999999982,-125.99999999999909,-253.99999999999818,long
2023-03-28,1,2023-03-27,2023-03-28,181.95999999999998,182.3,0.34000000000003183,17.00000000000159,32.00000000000318,long
2023-03-29,1,2023-03-28,2023-03-29,183.45,182.48000000000002,-0.9699999999999704,-48.49999999999852,-98.99999999999704,long
2023-03-30,1,2023-03-29,2023-03-30,182.54,182.74,0.20000000000001705,10.000000000000853,18.000000000001705,long
2023-03-31,1,2023-03-30,2023-03-31,184.19,184.10000000000002,-0.08999999999997499,-4.4999999999987494,-10.999999999997499,long
2023-04-03,1,2023-03-31,2023-04-03,183.23,183.84,0.6100000000000136,30.500000000000682,59.000000000001364,long
2023-04-04,1,2023-04-03,2023-04-04,184.54999999999998,184.71,0.160000000000025,8.00000000000125,14.000000000002501,long
2023-04-05,1,2023-04-04,2023-04-05,187.98999999999998,188.33,0.34000000000003183,17.00000000000159,32.00000000000318,long
2023-04-06,1,2023-04-05,2023-04-06,187.84,186.88,-0.960000000000008,-48.0000000000004,-98.0000000000008,long
2023-04-10,1,2023-04-06,2023-04-10,186.5,185.17000000000002,-1.329999999999984,-66.4999999999992,-134.9999999999984,long
2023-04-11,1,2023-04-10,2023-04-11,185.12,185.9,0.7800000000000011,39.00000000000006,76.00000000000011,long
2023-04-12,1,2023-04-11,2023-04-12,186.29,187.53,1.240000000000009,62.000000000000455,122.00000000000091,long
2023-04-13,1,2023-04-12,2023-04-13,187.2,189.75,2.5500000000000114,127.50000000000057,253.00000000000114,long
2023-04-14,1,2023-04-13,2023-04-14,189.73,188.07000000000002,-1.6599999999999682,-82.99999999999841,-167.99999999999682,long
2023-04-17,1,2023-04-14,2023-04-17,186.37,185.88,-0.4900000000000091,-24.500000000000455,-51.00000000000091,long
2023-04-18,1,2023-04-17,2023-04-18,185.54,185.23000000000002,-0.30999999999997385,-15.499999999998693,-32.999999999997385,long
2023-04-19,1,2023-04-18,2023-04-19,186.26,184.34,-1.9199999999999875,-95.99999999999937,-193.99999999999875,long
2023-04-20,1,2023-04-19,2023-04-20,185.37,186.13,0.7599999999999909,37.999999999999545,73.99999999999909,long
2023-04-21,1,2023-04-20,2023-04-21,186.1,184.97,-1.1299999999999955,-56.49999999999977,-114.99999999999955,long
2023-04-24,1,2023-04-21,2023-04-24,184.26,184.10000000000002,-0.15999999999996817,-7.999999999998408,-17.999999999996817,long
2023-04-25,1,2023-04-24,2023-04-25,184.82,184.86,0.040000000000020464,2.000000000001023,2.0000000000020464,long
2023-04-26,1,2023-04-25,2023-04-26,185.76,186.62,0.8600000000000136,43.00000000000068,84.00000000000136,long
2023-04-27,1,2023-04-26,2023-04-27,184.75,183.89000000000001,-0.8599999999999852,-42.99999999999926,-87.99999999999852,long
2023-04-28,1,2023-04-27,2023-04-28,184.76,184.78,0.020000000000010232,1.0000000000005116,1.0231815394945443e-12,long
2023-05-01,1,2023-04-28,2023-05-01,184.81,186.07000000000002,1.2600000000000193,63.000000000000966,124.00000000000193,long
2023-05-02,1,2023-05-01,2023-05-02,183.98,184.64000000000001,0.660000000000025,33.00000000000125,64.0000000000025,long
2023-05-03,1,2023-05-02,2023-05-03,187.53,187.60000000000002,0.0700000000000216,3.50000000000108,5.00000000000216,long
2023-05-04,1,2023-05-03,2023-05-04,189.12,188.85000000000002,-0.2699999999999818,-13.49999999999909,-28.99999999999818,long
2023-05-05,1,2023-05-04,2023-05-05,190.45,186.55,-3.8999999999999773,-194.99999999999886,-391.9999999999977,long
2023-05-08,1,2023-05-05,2023-05-08,187.47,187.81,0.3400000000000034,17.00000000000017,32.00000000000034,long
2023-05-09,1,2023-05-08,2023-05-09,187.7,188.11,0.410000000000025,20.50000000000125,39.0000000000025,long
2023-05-10,1,2023-05-09,2023-05-10,189.03,188.97,-0.060000000000002274,-3.0000000000001137,-8.000000000000227,long
2023-05-11,1,2023-05-10,2023-05-11,188.76,188.43,-0.3299999999999841,-16.499999999999204,-34.99999999999841,long
2023-05-12,1,2023-05-11,2023-05-12,187.14,187.42000000000002,0.28000000000002956,14.000000000001478,26.000000000002956,long
2023-05-15,1,2023-05-12,2023-05-15,186.82,187.29000000000002,0.4700000000000273,23.500000000001364,45.00000000000273,long
2023-05-16,1,2023-05-15,2023-05-16,187.22,186.57000000000002,-0.6499999999999773,-32.49999999999886,-66.99999999999773,long
2023-05-17,1,2023-05-16,2023-05-17,184.88,184.3,-0.5799999999999841,-28.999999999999204,-59.99999999999841,long
2023-05-18,1,2023-05-17,2023-05-18,184.23999999999998,182.09,-2.1499999999999773,-107.49999999999886,-216.99999999999773,long
2023-05-19,1,2023-05-18,2023-05-19,181.85,182.24,0.3900000000000148,19.50000000000074,37.00000000000148,long
2023-05-22,1,2023-05-19,2023-05-22,183.64999999999998,183.21,-0.4399999999999693,-21.999999999998465,-45.99999999999693,long
2023-05-23,1,2023-05-22,2023-05-23,183.22,182.77,-0.44999999999998863,-22.49999999999943,-46.99999999999886,long
2023-05-24,1,2023-05-23,2023-05-24,183.44,183.53,0.09000000000000341,4.5000000000001705,7.000000000000341,long
2023-05-25,1,2023-05-24,2023-05-25,181.95999999999998,181.17000000000002,-0.7899999999999636,-39.49999999999818,-80.99999999999636,long
2023-05-26,1,2023-05-25,2023-05-26,180.20999999999998,181.0,0.7900000000000205,39.50000000000102,77.00000000000205,long
2023-05-30,1,2023-05-26,2023-05-30,180.92999999999998,181.71,0.7800000000000296,39.00000000000148,76.00000000000296,long
2023-05-31,1,2023-05-30,2023-05-31,182.04999999999998,182.38,0.3300000000000125,16.500000000000625,31.00000000000125,long
2023-06-01,1,2023-05-31,2023-06-01,182.32999999999998,182.8,0.4700000000000273,23.500000000001364,45.00000000000273,long
2023-06-02,1,2023-06-01,2023-06-02,183.76999999999998,183.52,-0.24999999999997158,-12.499999999998579,-26.999999999997158,long
2023-06-05,1,2023-06-02,2023-06-05,181.06,180.78,-0.28000000000000114,-14.000000000000057,-30.000000000000114,long
2023-06-06,1,2023-06-05,2023-06-06,182.14999999999998,182.35000000000002,0.20000000000004547,10.000000000002274,18.000000000004547,long
2023-06-07,1,2023-06-06,2023-06-07,182.35,181.93,-0.4199999999999875,-20.999999999999375,-43.99999999999875,long
2023-06-08,1,2023-06-07,2023-06-08,180.16,181.99,1.8300000000000125,91.50000000000063,181.00000000000125,long
2023-06-09,1,2023-06-08,2023-06-09,182.54,182.35000000000002,-0.1899999999999693,-9.499999999998465,-20.99999999999693,long
2023-06-12,1,2023-06-09,2023-06-12,182.04999999999998,181.79000000000002,-0.2599999999999625,-12.999999999998124,-27.99999999999625,long
2023-06-13,1,2023-06-12,2023-06-13,181.89,182.09,0.20000000000001705,10.000000000000853,18.000000000001705,long
2023-06-14,1,2023-06-13,2023-06-14,180.54999999999998,181.68,1.1300000000000239,56.500000000001194,111.00000000000239,long
2023-06-15,1,2023-06-14,2023-06-15,180.64999999999998,180.27,-0.37999999999996703,-18.99999999999835,-39.9999999999967,long
2023-06-16,1,2023-06-15,2023-06-16,181.92,181.92000000000002,2.842170943040401e-14,1.4210854715202004e-12,-1.9999999999971578,long
2023-06-20,1,2023-06-16,2023-06-20,181.64,180.05,-1.589999999999975,-79.49999999999875,-160.9999999999975,long
2023-06-21,1,2023-06-20,2023-06-21,179.76,179.14000000000001,-0.6199999999999761,-30.999999999998806,-63.99999999999761,long
2023-06-22,1,2023-06-21,2023-06-22,179.5,178.35000000000002,-1.1499999999999773,-57.49999999999886,-116.99999999999773,long
2023-06-23,1,2023-06-22,2023-06-23,177.72,179.59,1.8700000000000045,93.50000000000023,185.00000000000045,long
2023-06-26,1,2023-06-23,2023-06-26,178.20999999999998,179.04000000000002,0.8300000000000409,41.500000000002046,81.00000000000409,long
2023-06-27,1,2023-06-26,2023-06-27,178.51999999999998,179.06,0.5400000000000205,27.000000000001023,52.000000000002046,long
2023-06-28,1,2023-06-27,2023-06-28,177.7,177.22,-0.47999999999998977,-23.99999999999949,-49.99999999999898,long
2023-06-29,1,2023-06-28,2023-06-29,177.29,175.82000000000002,-1.4699999999999704,-73.49999999999852,-148.99999999999704,long
2023-06-30,1,2023-06-29,2023-06-30,177.1,177.68,0.5800000000000125,29.000000000000625,56.00000000000125,long
2023-07-03,1,2023-06-30,2023-07-03,178.28,178.60000000000002,0.3200000000000216,16.00000000000108,30.00000000000216,long
2023-07-05,1,2023-07-03,2023-07-05,178.48,179.39000000000001,0.910000000000025,45.50000000000125,89.0000000000025,long
2023-07-06,1,2023-07-05,2023-07-06,177.85,177.5,-0.3499999999999943,-17.499999999999716,-36.99999999999943,long
2023-07-07,1,2023-07-06,2023-07-07,177.32,178.35000000000002,1.0300000000000296,51.50000000000148,101.00000000000296,long
2023-07-10,1,2023-07-07,2023-07-10,178.64999999999998,178.36,-0.2899999999999636,-14.499999999998181,-30.999999999996362,long
2023-07-11,1,2023-07-10,2023-07-11,178.79,179.42000000000002,0.6300000000000239,31.500000000001194,61.00000000000239,long
2023-07-12,1,2023-07-11,2023-07-12,179.45999999999998,181.17000000000002,1.7100000000000364,85.50000000000182,169.00000000000364,long
2023-07-13,1,2023-07-12,2023-07-13,181.89,181.95000000000002,0.060000000000030695,3.0000000000015348,4.0000000000030695,long
2023-07-14,1,2023-07-13,2023-07-14,182.01999999999998,181.60000000000002,-0.4199999999999591,-20.999999999997954,-43.99999999999591,long
2023-07-17,1,2023-07-14,2023-07-17,181.44,180.98000000000002,-0.45999999999997954,-22.999999999998977,-47.999999999997954,long
2023-07-18,1,2023-07-17,2023-07-18,181.57,182.78,1.210000000000008,60.5000000000004,119.0000000000008,long
2023-07-19,1,2023-07-18,2023-07-19,183.64999999999998,183.44,-0.20999999999997954,-10.499999999998977,-22.999999999997954,long
2023-07-20,1,2023-07-19,2023-07-20,183.67999999999998,183.72,0.040000000000020464,2.000000000001023,2.0000000000020464,long
2023-07-21,1,2023-07-20,2023-07-21,182.75,182.05,-0.6999999999999886,-34.99999999999943,-71.99999999999886,long
2023-07-24,1,2023-07-21,2023-07-24,182.19,182.21,0.020000000000010232,1.0000000000005116,1.0231815394945443e-12,long
2023-07-25,1,2023-07-24,2023-07-25,181.41,181.71,0.30000000000001137,15.000000000000568,28.000000000001137,long
2023-07-26,1,2023-07-25,2023-07-26,182.42,182.65,0.2300000000000182,11.50000000000091,21.00000000000182,long
2023-07-27,1,2023-07-26,2023-07-27,183.31,181.63,-1.6800000000000068,-84.00000000000034,-170.00000000000068,long
2023-07-28,1,2023-07-27,2023-07-28,180.42999999999998,181.47,1.0400000000000205,52.00000000000102,102.00000000000205,long
2023-07-31,1,2023-07-28,2023-07-31,181.87,182.42000000000002,0.5500000000000114,27.50000000000057,53.00000000000114,long
2023-08-01,1,2023-07-31,2023-08-01,182.35999999999999,180.84,-1.5199999999999818,-75.99999999999909,-153.99999999999818,long
2023-08-02,1,2023-08-01,2023-08-02,180.47,180.56,0.09000000000000341,4.5000000000001705,7.000000000000341,long
2023-08-03,1,2023-08-02,2023-08-03,179.60999999999999,179.43,-0.1799999999999784,-8.99999999999892,-19.99999999999784,long
2023-08-04,1,2023-08-03,2023-08-04,179.54999999999998,180.24,0.6900000000000261,34.50000000000131,67.00000000000261,long
2023-08-07,1,2023-08-04,2023-08-07,180.2,180.14000000000001,-0.05999999999997385,-2.9999999999986926,-7.999999999997385,long
2023-08-08,1,2023-08-07,2023-08-08,179.79,178.63,-1.1599999999999966,-57.99999999999983,-117.99999999999966,long
2023-08-09,1,2023-08-08,2023-08-09,178.64999999999998,178.67000000000002,0.020000000000038654,1.0000000000019327,3.865352482534945e-12,long
2023-08-10,1,2023-08-09,2023-08-10,177.79999999999998,178.21,0.410000000000025,20.50000000000125,39.0000000000025,long
2023-08-11,1,2023-08-10,2023-08-11,177.60999999999999,177.69,0.0800000000000125,4.000000000000625,6.0000000000012506,long
2023-08-14,1,2023-08-11,2023-08-14,177.60999999999999,176.85000000000002,-0.7599999999999625,-37.999999999998124,-77.99999999999625,long
2023-08-15,1,2023-08-14,2023-08-15,177.07,176.74,-0.3299999999999841,-16.499999999999204,-34.99999999999841,long
2023-08-16,1,2023-08-15,2023-08-16,176.6,176.63,0.030000000000001137,1.5000000000000568,1.0000000000001137,long
2023-08-17,1,2023-08-16,2023-08-17,175.57999999999998,176.52,0.9400000000000261,47.00000000000131,92.00000000000261,long
2023-08-18,1,2023-08-17,2023-08-18,175.31,175.82000000000002,0.5100000000000193,25.500000000000966,49.00000000000193,long
2023-08-21,1,2023-08-18,2023-08-21,175.34,175.89000000000001,0.5500000000000114,27.50000000000057,53.00000000000114,long
2023-08-22,1,2023-08-21,2023-08-22,175.82,175.82000000000002,2.842170943040401e-14,1.4210854715202004e-12,-1.9999999999971578,long
2023-08-23,1,2023-08-22,2023-08-23,176.10999999999999,177.31,1.200000000000017,60.00000000000085,118.0000000000017,long
2023-08-24,1,2023-08-23,2023-08-24,177.89999999999998,177.65,-0.24999999999997158,-12.499999999998579,-26.999999999997158,long
2023-08-25,1,2023-08-24,2023-08-25,177.85999999999999,177.57000000000002,-0.2899999999999636,-14.499999999998181,-30.999999999996362,long
2023-08-28,1,2023-08-25,2023-08-28,177.63,177.64000000000001,0.010000000000019327,0.5000000000009663,-0.9999999999980673,long
2023-08-29,1,2023-08-28,2023-08-29,178.14,178.02,-0.11999999999997613,-5.999999999998806,-13.999999999997613,long
2023-08-30,1,2023-08-29,2023-08-30,179.88,180.57000000000002,0.6900000000000261,34.50000000000131,67.00000000000261,long
2023-08-31,1,2023-08-30,2023-08-31,180.32999999999998,180.36,0.03000000000002956,1.500000000001478,1.0000000000029559,long
2023-09-01,1,2023-08-31,2023-09-01,180.03,180.79000000000002,0.7600000000000193,38.000000000000966,74.00000000000193,long
2023-09-05,1,2023-09-01,2023-09-05,180.12,179.32000000000002,-0.799999999999983,-39.99999999999915,-81.9999999999983,long
2023-09-06,1,2023-09-05,2023-09-06,178.64999999999998,178.32000000000002,-0.32999999999995566,-16.499999999997783,-34.999999999995566,long
2023-09-07,1,2023-09-06,2023-09-07,177.84,178.3,0.46000000000000796,23.000000000000398,44.000000000000796,long
2023-09-08,1,2023-09-07,2023-09-08,178.03,178.35000000000002,0.3200000000000216,16.00000000000108,30.00000000000216,long
2023-09-11,1,2023-09-08,2023-09-11,178.09,178.96,0.8700000000000045,43.50000000000023,85.00000000000045,long
2023-09-12,1,2023-09-11,2023-09-12,178.42,177.10000000000002,-1.3199999999999648,-65.99999999999824,-133.99999999999648,long
2023-09-13,1,2023-09-12,2023-09-13,177.5,177.52,0.020000000000010232,1.0000000000005116,1.0231815394945443e-12,long
2023-09-14,1,2023-09-13,2023-09-14,177.09,176.49,-0.5999999999999943,-29.999999999999716,-61.99999999999943,long
2023-09-15,1,2023-09-14,2023-09-15,177.17999999999998,178.54000000000002,1.360000000000042,68.0000000000021,134.0000000000042,long
2023-09-18,1,2023-09-15,2023-09-18,178.35,178.81,0.46000000000000796,23.000000000000398,44.000000000000796,long
2023-09-19,1,2023-09-18,2023-09-19,179.39999999999998,179.53,0.13000000000002387,6.500000000001194,11.000000000002387,long
2023-09-20,1,2023-09-19,2023-09-20,179.23,179.33,0.10000000000002274,5.000000000001137,8.000000000002274,long
2023-09-21,1,2023-09-20,2023-09-21,179.35999999999999,177.85000000000002,-1.5099999999999625,-75.49999999999812,-152.99999999999625,long
2023-09-22,1,2023-09-21,2023-09-22,178.06,178.64000000000001,0.5800000000000125,29.000000000000625,56.00000000000125,long
2023-09-25,1,2023-09-22,2023-09-25,178.63,178.4,-0.22999999999998977,-11.499999999999488,-24.999999999998977,long
2023-09-26,1,2023-09-25,2023-09-26,177.70999999999998,176.82000000000002,-0.8899999999999579,-44.4999999999979,-90.9999999999958,long
2023-09-27,1,2023-09-26,2023-09-27,176.29,175.26000000000002,-1.0299999999999727,-51.499999999998636,-104.99999999999727,long
2023-09-28,1,2023-09-27,2023-09-28,174.10999999999999,173.9,-0.20999999999997954,-10.499999999998977,-22.999999999997954,long
2023-09-29,1,2023-09-28,2023-09-29,173.23999999999998,173.91,0.6700000000000159,33.500000000000796,65.00000000000159,long
2023-10-02,1,2023-09-29,2023-10-02,171.45999999999998,170.22,-1.2399999999999807,-61.999999999999034,-125.99999999999807,long
2023-10-03,1,2023-10-02,2023-10-03,169.66,169.13,-0.5300000000000011,-26.500000000000057,-55.000000000000114,long
2023-10-04,1,2023-10-03,2023-10-04,169.17,169.20000000000002,0.03000000000002956,1.500000000001478,1.0000000000029559,long
2023-10-05,1,2023-10-04,2023-10-05,169.14999999999998,168.73000000000002,-0.4199999999999591,-20.999999999997954,-43.99999999999591,long
2023-10-06,1,2023-10-05,2023-10-06,168.84,169.17000000000002,0.3300000000000125,16.500000000000625,31.00000000000125,long
2023-10-09,1,2023-10-06,2023-10-09,169.70999999999998,171.17000000000002,1.4600000000000364,73.00000000000182,144.00000000000364,long
2023-10-10,1,2023-10-09,2023-10-10,172.82999999999998,172.07000000000002,-0.7599999999999625,-37.999999999998124,-77.99999999999625,long
2023-10-11,1,2023-10-10,2023-10-11,172.54,173.59,1.0500000000000114,52.50000000000057,103.00000000000114,long
2023-10-12,1,2023-10-11,2023-10-12,173.79999999999998,174.05,0.2500000000000284,12.500000000001421,23.000000000002842,long
2023-10-13,1,2023-10-12,2023-10-13,173.26999999999998,176.88,3.6100000000000136,180.50000000000068,359.00000000000136,long
2023-10-16,1,2023-10-13,2023-10-16,178.84,177.83,-1.009999999999991,-50.499999999999545,-102.99999999999909,long
2023-10-17,1,2023-10-16,2023-10-17,177.97,178.36,0.3900000000000148,19.50000000000074,37.00000000000148,long
2023-10-18,1,2023-10-17,2023-10-18,178.29999999999998,180.89000000000001,2.590000000000032,129.5000000000016,257.0000000000032,long
2023-10-19,1,2023-10-18,2023-10-19,180.88,181.03,0.15000000000000568,7.500000000000284,13.000000000000568,long
2023-10-20,1,2023-10-19,2023-10-20,183.1,183.44,0.3400000000000034,17.00000000000017,32.00000000000034,long
2023-10-23,1,2023-10-20,2023-10-23,183.6,183.49,-0.10999999999998522,-5.499999999999261,-12.999999999998522,long
2023-10-24,1,2023-10-23,2023-10-24,182.98,182.06,-0.9199999999999875,-45.999999999999375,-93.99999999999875,long
2023-10-25,1,2023-10-24,2023-10-25,182.95999999999998,183.41,0.45000000000001705,22.500000000000853,43.000000000001705,long
2023-10-26,1,2023-10-25,2023-10-26,183.73,183.39000000000001,-0.339999999999975,-16.99999999999875,-35.9999999999975,long
2023-10-27,1,2023-10-26,2023-10-27,184.01999999999998,183.75,-0.2699999999999818,-13.49999999999909,-28.99999999999818,long
2023-10-30,1,2023-10-27,2023-10-30,186.16,185.53,-0.6299999999999955,-31.499999999999773,-64.99999999999955,long
2023-10-31,1,2023-10-30,2023-10-31,185.10999999999999,185.07000000000002,-0.03999999999996362,-1.999999999998181,-5.999999999996362,long
2023-11-01,1,2023-10-31,2023-11-01,184.1,183.9,-0.19999999999998863,-9.999999999999432,-21.999999999998863,long
2023-11-02,1,2023-11-01,2023-11-02,183.51999999999998,184.12,0.6000000000000227,30.000000000001137,58.000000000002274,long
2023-11-03,1,2023-11-02,2023-11-03,184.13,184.47,0.3400000000000034,17.00000000000017,32.00000000000034,long
2023-11-06,1,2023-11-03,2023-11-06,184.79999999999998,184.13,-0.6699999999999875,-33.499999999999375,-68.99999999999875,long
2023-11-07,1,2023-11-06,2023-11-07,183.35999999999999,182.24,-1.1199999999999761,-55.999999999998806,-113.99999999999761,long
2023-11-08,1,2023-11-07,2023-11-08,182.6,182.0,-0.5999999999999943,-29.999999999999716,-61.99999999999943,long
2023-11-09,1,2023-11-08,2023-11-09,180.78,180.97,0.18999999999999773,9.499999999999886,16.999999999999773,long
2023-11-10,1,2023-11-09,2023-11-10,181.5,180.5,-1.0,-50.0,-102.0,long
2023-11-13,1,2023-11-10,2023-11-13,179.51999999999998,179.39000000000001,-0.12999999999996703,-6.4999999999983515,-14.999999999996703,long
2023-11-14,1,2023-11-13,2023-11-14,180.51999999999998,181.69,1.170000000000016,58.500000000000796,115.00000000000159,long
2023-11-15,1,2023-11-14,2023-11-15,182.13,182.02,-0.10999999999998522,-5.499999999999261,-12.999999999998522,long
2023-11-16,1,2023-11-15,2023-11-16,181.64999999999998,182.84,1.1900000000000261,59.50000000000131,117.00000000000261,long
2023-11-17,1,2023-11-16,2023-11-17,183.7,183.98000000000002,0.28000000000002956,14.000000000001478,26.000000000002956,long
2023-11-20,1,2023-11-17,2023-11-20,183.67999999999998,182.31,-1.3699999999999761,-68.4999999999988,-138.9999999999976,long
2023-11-21,1,2023-11-20,2023-11-21,183.38,185.56,2.180000000000007,109.00000000000034,216.00000000000068,long
2023-11-22,1,2023-11-21,2023-11-22,185.35999999999999,185.46,0.10000000000002274,5.000000000001137,8.000000000002274,long
2023-11-24,1,2023-11-22,2023-11-24,184.57,185.49,0.9200000000000159,46.000000000000796,90.00000000000159,long
2023-11-27,1,2023-11-24,2023-11-27,185.53,186.55,1.0200000000000102,51.00000000000051,100.00000000000102,long
2023-11-28,1,2023-11-27,2023-11-28,186.78,187.91,1.1299999999999955,56.49999999999977,110.99999999999955,long
2023-11-29,1,2023-11-28,2023-11-29,189.26999999999998,189.15,-0.11999999999997613,-5.999999999998806,-13.999999999997613,long
2023-11-30,1,2023-11-29,2023-11-30,189.54999999999998,188.88,-0.6699999999999875,-33.499999999999375,-68.99999999999875,long
2023-12-01,1,2023-11-30,2023-12-01,188.76,188.8,0.040000000000020464,2.000000000001023,2.0000000000020464,long
2023-12-04,1,2023-12-01,2023-12-04,192.01999999999998,189.59,-2.4299999999999784,-121.49999999999892,-244.99999999999784,long
2023-12-05,1,2023-12-04,2023-12-05,187.87,187.54000000000002,-0.3299999999999841,-16.499999999999204,-34.99999999999841,long
2023-12-06,1,2023-12-05,2023-12-06,187.16,188.31,1.1500000000000057,57.500000000000284,113.00000000000057,long
2023-12-07,1,2023-12-06,2023-12-07,187.85,188.44,0.5900000000000034,29.50000000000017,57.00000000000034,long
2023-12-08,1,2023-12-07,2023-12-08,188.16,185.92000000000002,-2.2399999999999807,-111.99999999999903,-225.99999999999807,long
2023-12-11,1,2023-12-08,2023-12-11,185.64999999999998,184.49,-1.1599999999999682,-57.99999999999841,-117.99999999999682,long
2023-12-12,1,2023-12-11,2023-12-12,183.6,183.83,0.2300000000000182,11.50000000000091,21.00000000000182,long
2023-12-13,1,2023-12-12,2023-12-13,183.5,183.81,0.3100000000000023,15.500000000000114,29.000000000000227,long
2023-12-14,1,2023-12-13,2023-12-14,187.64,188.85000000000002,1.2100000000000364,60.50000000000182,119.00000000000364,long
2023-12-15,1,2023-12-14,2023-12-15,188.73999999999998,188.51000000000002,-0.22999999999996135,-11.499999999998067,-24.999999999996135,long
2023-12-18,1,2023-12-15,2023-12-18,187.01,187.49,0.4800000000000182,24.00000000000091,46.00000000000182,long
2023-12-19,1,2023-12-18,2023-12-19,187.85999999999999,188.22,0.36000000000001364,18.000000000000682,34.000000000001364,long
2023-12-20,1,2023-12-19,2023-12-20,189.14,188.68,-0.45999999999997954,-22.999999999998977,-47.999999999997954,long
2023-12-21,1,2023-12-20,2023-12-21,188.10999999999999,189.21,1.1000000000000227,55.00000000000114,108.00000000000227,long
2023-12-22,1,2023-12-21,2023-12-22,189.44,191.57000000000002,2.130000000000024,106.5000000000012,211.0000000000024,long
2023-12-26,1,2023-12-22,2023-12-26,190.28,190.96,0.6800000000000068,34.00000000000034,66.00000000000068,long
2023-12-27,1,2023-12-26,2023-12-27,191.73,191.76000000000002,0.03000000000002956,1.500000000001478,1.0000000000029559,long
2023-12-28,1,2023-12-27,2023-12-28,192.6,192.33,-0.2699999999999818,-13.49999999999909,-28.99999999999818,long
2023-12-29,1,2023-12-28,2023-12-29,191.48,190.98000000000002,-0.4999999999999716,-24.99999999999858,-51.99999999999716,long
2024-01-02,1,2023-12-29,2024-01-02,191.17999999999998,191.43,0.2500000000000284,12.500000000001421,23.000000000002842,long
2024-01-03,1,2024-01-02,2024-01-03,190.73,188.76000000000002,-1.9699999999999704,-98.49999999999852,-198.99999999999704,long
2024-01-04,1,2024-01-03,2024-01-04,189.14,189.07000000000002,-0.06999999999996476,-3.499999999998238,-8.999999999996476,long
2024-01-05,1,2024-01-04,2024-01-05,189.32999999999998,189.67000000000002,0.34000000000003183,17.00000000000159,32.00000000000318,long
2024-01-08,1,2024-01-05,2024-01-08,189.35999999999999,187.19,-2.1699999999999875,-108.49999999999937,-218.99999999999875,long
2024-01-09,1,2024-01-08,2024-01-09,187.88,188.67000000000002,0.7900000000000205,39.50000000000102,77.00000000000205,long
2024-01-10,1,2024-01-09,2024-01-10,187.94,188.13,0.18999999999999773,9.499999999999886,16.999999999999773,long
2024-01-11,1,2024-01-10,2024-01-11,187.51,188.01000000000002,0.5000000000000284,25.00000000000142,48.00000000000284,long
2024-01-12,1,2024-01-11,2024-01-12,187.88,190.66,2.780000000000001,139.00000000000006,276.0000000000001,long
2024-01-16,1,2024-01-12,2024-01-16,189.72,189.14000000000001,-0.5799999999999841,-28.999999999999204,-59.99999999999841,long
2024-01-17,1,2024-01-16,2024-01-17,187.92,187.29000000000002,-0.629999999999967,-31.49999999999835,-64.9999999999967,long
2024-01-18,1,2024-01-17,2024-01-18,185.85,186.35000000000002,0.5000000000000284,25.00000000000142,48.00000000000284,long
2024-01-19,1,2024-01-18,2024-01-19,187.38,188.25,0.8700000000000045,43.50000000000023,85.00000000000045,long
2024-01-22,1,2024-01-19,2024-01-22,187.94,187.22,-0.7199999999999989,-35.99999999999994,-73.99999999999989,long
2024-01-23,1,2024-01-22,2024-01-23,187.23,187.44,0.21000000000000796,10.500000000000398,19.000000000000796,long
2024-01-24,1,2024-01-23,2024-01-24,187.95999999999998,188.32000000000002,0.36000000000004206,18.000000000002103,34.000000000004206,long
2024-01-25,1,2024-01-24,2024-01-25,186.41,187.33,0.9200000000000159,46.000000000000796,90.00000000000159,long
2024-01-26,1,2024-01-25,2024-01-26,187.14999999999998,187.26000000000002,0.11000000000004206,5.500000000002103,9.000000000004206,long
2024-01-29,1,2024-01-26,2024-01-29,187.01999999999998,188.3,1.2800000000000296,64.00000000000148,126.00000000000296,long
2024-01-30,1,2024-01-29,2024-01-30,188.34,189.67000000000002,1.3300000000000125,66.50000000000063,131.00000000000125,long
2024-01-31,1,2024-01-30,2024-01-31,188.6,189.36,0.7600000000000193,38.000000000000966,74.00000000000193,long
2024-02-01,1,2024-01-31,2024-02-01,188.45999999999998,189.70000000000002,1.2400000000000375,62.000000000001876,122.00000000000375,long
2024-02-02,1,2024-02-01,2024-02-02,190.42,188.06,-2.359999999999985,-117.99999999999926,-237.99999999999852,long
2024-02-05,1,2024-02-02,2024-02-05,188.62,186.87,-1.75,-87.5,-177.0,long
2024-02-06,1,2024-02-05,2024-02-06,187.57999999999998,187.93,0.35000000000002274,17.500000000001137,33.000000000002274,long
2024-02-07,1,2024-02-06,2024-02-07,188.56,188.44,-0.12000000000000455,-6.000000000000227,-14.000000000000455,long
2024-02-08,1,2024-02-07,2024-02-08,188.51,187.9,-0.6099999999999852,-30.49999999999926,-62.99999999999852,long
2024-02-09,1,2024-02-08,2024-02-09,188.34,187.55,-0.789999999999992,-39.4999999999996,-80.9999999999992,long
2024-02-12,1,2024-02-09,2024-02-12,187.60999999999999,186.59,-1.0199999999999818,-50.99999999999909,-103.99999999999818,long
2024-02-13,1,2024-02-12,2024-02-13,187.12,185.34,-1.7800000000000011,-89.00000000000006,-180.0000000000001,long
2024-02-14,1,2024-02-13,2024-02-14,184.54,184.26000000000002,-0.2799999999999727,-13.999999999998636,-29.99999999999727,long
2024-02-15,1,2024-02-14,2024-02-15,184.42999999999998,185.59,1.160000000000025,58.00000000000125,114.0000000000025,long
2024-02-16,1,2024-02-15,2024-02-16,185.67,185.07000000000002,-0.5999999999999659,-29.999999999998295,-61.99999999999659,long
2024-02-20,1,2024-02-16,2024-02-20,186.35,187.95000000000002,1.6000000000000227,80.00000000000114,158.00000000000227,long
2024-02-21,1,2024-02-20,2024-02-21,187.48,187.87,0.3900000000000148,19.50000000000074,37.00000000000148,long
2024-02-22,1,2024-02-21,2024-02-22,187.48999999999998,187.55,0.060000000000030695,3.0000000000015348,4.0000000000030695,long
2024-02-23,1,2024-02-22,2024-02-23,187.57,187.55,-0.01999999999998181,-0.9999999999990905,-3.999999999998181,long
2024-02-26,1,2024-02-23,2024-02-26,188.63,187.78,-0.8499999999999943,-42.499999999999716,-86.99999999999943,long
2024-02-27,1,2024-02-26,2024-02-27,188.20999999999998,188.57000000000002,0.36000000000004206,18.000000000002103,34.000000000004206,long
2024-02-28,1,2024-02-27,2024-02-28,188.01,188.33,0.3200000000000216,16.00000000000108,30.00000000000216,long
2024-02-29,1,2024-02-28,2024-02-29,188.35,189.63,1.2800000000000011,64.00000000000006,126.00000000000011,long
2024-03-01,1,2024-02-29,2024-03-01,189.32,190.26000000000002,0.9400000000000261,47.00000000000131,92.00000000000261,long
2024-03-04,1,2024-03-01,2024-03-04,192.89999999999998,194.14000000000001,1.2400000000000375,62.000000000001876,122.00000000000375,long
2024-03-05,1,2024-03-04,2024-03-05,196.01999999999998,197.43,1.410000000000025,70.50000000000125,139.0000000000025,long
2024-03-06,1,2024-03-05,2024-03-06,197.2,198.07000000000002,0.870000000000033,43.50000000000165,85.0000000000033,long
2024-03-07,1,2024-03-06,2024-03-07,198.82,199.53,0.710000000000008,35.5000000000004,69.0000000000008,long
2024-03-08,1,2024-03-07,2024-03-08,199.95,200.88,0.9300000000000068,46.50000000000034,91.00000000000068,long
2024-03-11,1,2024-03-08,2024-03-11,201.64,201.70000000000002,0.060000000000030695,3.0000000000015348,4.0000000000030695,long
2024-03-12,1,2024-03-11,2024-03-12,202.01,200.41,-1.5999999999999943,-79.99999999999972,-161.99999999999943,long
2024-03-13,1,2024-03-12,2024-03-13,199.79999999999998,200.43,0.6300000000000239,31.500000000001194,61.00000000000239,long
2024-03-14,1,2024-03-13,2024-03-14,201.2,200.36,-0.839999999999975,-41.99999999999875,-85.9999999999975,long
2024-03-15,1,2024-03-14,2024-03-15,200.35999999999999,199.93,-0.4299999999999784,-21.49999999999892,-44.99999999999784,long
2024-03-18,1,2024-03-15,2024-03-18,199.72,199.65,-0.06999999999999318,-3.499999999999659,-8.999999999999318,long
2024-03-19,1,2024-03-18,2024-03-19,200.04,199.61,-0.4299999999999784,-21.49999999999892,-44.99999999999784,long
2024-03-20,1,2024-03-19,2024-03-20,199.81,199.15,-0.6599999999999966,-32.99999999999983,-67.99999999999966,long
2024-03-21,1,2024-03-20,2024-03-21,202.19,203.9,1.710000000000008,85.5000000000004,169.0000000000008,long
2024-03-22,1,2024-03-21,2024-03-22,201.98,201.31,-0.6699999999999875,-33.499999999999375,-68.99999999999875,long
2024-03-25,1,2024-03-22,2024-03-25,200.35999999999999,201.18,0.8200000000000216,41.00000000000108,80.00000000000216,long
2024-03-26,1,2024-03-25,2024-03-26,201.0,202.64000000000001,1.6400000000000148,82.00000000000074,162.00000000000148,long
2024-03-27,1,2024-03-26,2024-03-27,201.64999999999998,202.31,0.660000000000025,33.00000000000125,64.0000000000025,long
2024-03-28,1,2024-03-27,2024-03-28,203.10999999999999,204.53,1.420000000000016,71.0000000000008,140.0000000000016,long
2024-04-01,1,2024-03-28,2024-04-01,205.73,208.67000000000002,2.940000000000026,147.0000000000013,292.0000000000026,long
2024-04-02,1,2024-04-01,2024-04-02,207.82999999999998,209.06,1.2300000000000182,61.50000000000091,121.00000000000182,long
2024-04-03,1,2024-04-02,2024-04-03,210.89999999999998,210.56,-0.339999999999975,-16.99999999999875,-35.9999999999975,long
2024-04-04,1,2024-04-03,2024-04-04,212.75,211.99,-0.7599999999999909,-37.999999999999545,-77.99999999999909,long
2024-04-05,1,2024-04-04,2024-04-05,211.53,212.48000000000002,0.950000000000017,47.50000000000085,93.0000000000017,long
2024-04-08,1,2024-04-05,2024-04-08,215.14999999999998,215.97,0.8200000000000216,41.00000000000108,80.00000000000216,long
2024-04-09,1,2024-04-08,2024-04-09,216.48999999999998,217.8,1.3100000000000307,65.50000000000153,129.00000000000307,long
2024-04-10,1,2024-04-09,2024-04-10,217.67999999999998,215.36,-2.3199999999999648,-115.99999999999824,-233.99999999999648,long
2024-04-11,1,2024-04-10,2024-04-11,215.62,216.84,1.2199999999999989,60.99999999999994,119.99999999999989,long
2024-04-12,1,2024-04-11,2024-04-12,219.81,221.86,2.0500000000000114,102.50000000000057,203.00000000000114,long
2024-04-15,1,2024-04-12,2024-04-15,216.89999999999998,217.93,1.0300000000000296,51.50000000000148,101.00000000000296,long
2024-04-16,1,2024-04-15,2024-04-16,220.95999999999998,220.17000000000002,-0.7899999999999636,-39.49999999999818,-80.99999999999636,long
2024-04-17,1,2024-04-16,2024-04-17,221.23,221.04000000000002,-0.1899999999999693,-9.499999999998465,-20.99999999999693,long
2024-04-18,1,2024-04-17,2024-04-18,219.6,221.28,1.6800000000000068,84.00000000000034,166.00000000000068,long
2024-04-19,1,2024-04-18,2024-04-19,220.35,220.48000000000002,0.13000000000002387,6.500000000001194,11.000000000002387,long
2024-04-22,1,2024-04-19,2024-04-22,221.04,216.34,-4.699999999999989,-234.99999999999943,-471.99999999999886,long
2024-04-23,1,2024-04-22,2024-04-23,215.57999999999998,213.97,-1.6099999999999852,-80.49999999999926,-162.99999999999852,long
2024-04-24,1,2024-04-23,2024-04-24,215.04999999999998,214.75,-0.29999999999998295,-14.999999999999147,-31.999999999998295,long
2024-04-25,1,2024-04-24,2024-04-25,214.64999999999998,214.46,-0.1899999999999693,-9.499999999998465,-20.99999999999693,long
2024-04-26,1,2024-04-25,2024-04-26,215.92999999999998,216.76000000000002,0.8300000000000409,41.500000000002046,81.00000000000409,long
2024-04-29,1,2024-04-26,2024-04-29,216.63,216.01000000000002,-0.6199999999999761,-30.999999999998806,-63.99999999999761,long
2024-04-30,1,2024-04-29,2024-04-30,216.19,213.37,-2.819999999999993,-140.99999999999966,-283.9999999999993,long
2024-05-01,1,2024-04-30,2024-05-01,211.88,212.95000000000002,1.0700000000000216,53.50000000000108,105.00000000000216,long
2024-05-02,1,2024-05-01,2024-05-02,213.79999999999998,211.93,-1.8699999999999761,-93.4999999999988,-188.9999999999976,long
2024-05-03,1,2024-05-02,2024-05-03,213.14,212.88,-0.2599999999999909,-12.999999999999545,-27.99999999999909,long
2024-05-06,1,2024-05-03,2024-05-06,212.97,215.13,2.1599999999999966,107.99999999999983,213.99999999999966,long
2024-05-07,1,2024-05-06,2024-05-07,215.20999999999998,214.51000000000002,-0.6999999999999602,-34.99999999999801,-71.99999999999602,long
2024-05-08,1,2024-05-07,2024-05-08,214.22,213.61,-0.6099999999999852,-30.49999999999926,-62.99999999999852,long
2024-05-09,1,2024-05-08,2024-05-09,213.59,214.47,0.8799999999999955,43.99999999999977,85.99999999999955,long
2024-05-10,1,2024-05-09,2024-05-10,216.95999999999998,219.21,2.2500000000000284,112.50000000000142,223.00000000000284,long
2024-05-13,1,2024-05-10,2024-05-13,218.72,217.05,-1.6699999999999875,-83.49999999999937,-168.99999999999875,long
2024-05-14,1,2024-05-13,2024-05-14,216.26999999999998,217.3,1.0300000000000296,51.50000000000148,101.00000000000296,long
2024-05-15,1,2024-05-14,2024-05-15,218.1,219.05,0.950000000000017,47.50000000000085,93.0000000000017,long
2024-05-16,1,2024-05-15,2024-05-16,220.89999999999998,220.13,-0.7699999999999818,-38.49999999999909,-78.99999999999818,long
2024-05-17,1,2024-05-16,2024-05-17,220.04,222.17000000000002,2.130000000000024,106.5000000000012,211.0000000000024,long
2024-05-20,1,2024-05-17,2024-05-20,223.67,223.78,0.11000000000001364,5.500000000000682,9.000000000001364,long
2024-05-21,1,2024-05-20,2024-05-21,224.57,224.76000000000002,0.19000000000002615,9.500000000001307,17.000000000002615,long
2024-05-22,1,2024-05-21,2024-05-22,224.23999999999998,223.08,-1.1599999999999682,-57.99999999999841,-117.99999999999682,long
2024-05-23,1,2024-05-22,2024-05-23,220.12,218.77,-1.3499999999999943,-67.49999999999972,-136.99999999999943,long
2024-05-24,1,2024-05-23,2024-05-24,215.73,216.95000000000002,1.2200000000000273,61.000000000001364,120.00000000000273,long
2024-05-28,1,2024-05-24,2024-05-28,215.92999999999998,218.42000000000002,2.4900000000000375,124.50000000000188,247.00000000000375,long
2024-05-29,1,2024-05-28,2024-05-29,218.2,216.89000000000001,-1.3099999999999739,-65.49999999999869,-132.99999999999739,long
2024-05-30,1,2024-05-29,2024-05-30,216.17,216.68,0.5100000000000193,25.500000000000966,49.00000000000193,long
2024-05-31,1,2024-05-30,2024-05-31,216.57999999999998,217.76000000000002,1.1800000000000352,59.00000000000176,116.00000000000352,long
2024-06-03,1,2024-05-31,2024-06-03,215.31,215.91,0.5999999999999943,29.999999999999716,57.99999999999943,long
2024-06-04,1,2024-06-03,2024-06-04,217.23,216.23000000000002,-0.9999999999999716,-49.99999999999858,-101.99999999999716,long
2024-06-05,1,2024-06-04,2024-06-05,215.28,216.68,1.4000000000000057,70.00000000000028,138.00000000000057,long
2024-06-06,1,2024-06-05,2024-06-06,217.82999999999998,218.35000000000002,0.5200000000000387,26.000000000001933,50.000000000003865,long
2024-06-07,1,2024-06-06,2024-06-07,219.44,215.06,-4.3799999999999955,-218.99999999999977,-439.99999999999955,long
2024-06-10,1,2024-06-07,2024-06-10,211.60999999999999,213.12,1.5100000000000193,75.50000000000097,149.00000000000193,long
2024-06-11,1,2024-06-10,2024-06-11,213.54999999999998,213.94,0.3900000000000148,19.50000000000074,37.00000000000148,long
2024-06-12,1,2024-06-11,2024-06-12,214.16,216.46,2.3000000000000114,115.00000000000057,228.00000000000114,long
2024-06-13,1,2024-06-12,2024-06-13,214.73,214.43,-0.29999999999998295,-14.999999999999147,-31.999999999998295,long
2024-06-14,1,2024-06-13,2024-06-14,212.98,215.33,2.3500000000000227,117.50000000000114,233.00000000000227,long
2024-06-17,1,2024-06-14,2024-06-17,215.73999999999998,214.9,-0.839999999999975,-41.99999999999875,-85.9999999999975,long
2024-06-18,1,2024-06-17,2024-06-18,214.62,214.37,-0.25,-12.5,-27.0,long
2024-06-20,1,2024-06-18,2024-06-20,215.48,216.34,0.8600000000000136,43.00000000000068,84.00000000000136,long
2024-06-21,1,2024-06-20,2024-06-21,218.17,217.81,-0.3599999999999852,-17.99999999999926,-37.99999999999852,long
2024-06-24,1,2024-06-21,2024-06-24,214.79,215.54000000000002,0.7500000000000284,37.50000000000142,73.00000000000284,long
2024-06-25,1,2024-06-24,2024-06-25,215.64,214.95000000000002,-0.6899999999999693,-34.499999999998465,-70.99999999999693,long
2024-06-26,1,2024-06-25,2024-06-26,214.57,212.4,-2.1699999999999875,-108.49999999999937,-218.99999999999875,long
2024-06-27,1,2024-06-26,2024-06-27,212.59,214.70000000000002,2.1100000000000136,105.50000000000068,209.00000000000136,long
2024-06-28,1,2024-06-27,2024-06-28,215.0,215.63,0.6299999999999955,31.499999999999773,60.999999999999545,long
2024-07-01,1,2024-06-28,2024-07-01,215.01999999999998,215.24,0.22000000000002728,11.000000000001364,20.00000000000273,long
2024-07-02,1,2024-07-01,2024-07-02,215.57999999999998,215.32000000000002,-0.2599999999999625,-12.999999999998124,-27.99999999999625,long
2024-07-03,1,2024-07-02,2024-07-03,215.57,217.33,1.7600000000000193,88.00000000000097,174.00000000000193,long
2024-07-05,1,2024-07-03,2024-07-05,218.0,219.57000000000002,1.5700000000000216,78.50000000000108,155.00000000000216,long
2024-07-08,1,2024-07-05,2024-07-08,220.94,219.63,-1.3100000000000023,-65.50000000000011,-133.00000000000023,long
2024-07-09,1,2024-07-08,2024-07-09,218.2,218.56,0.36000000000001364,18.000000000000682,34.000000000001364,long
2024-07-10,1,2024-07-09,2024-07-10,218.57,220.13,1.5600000000000023,78.00000000000011,154.00000000000023,long
2024-07-11,1,2024-07-10,2024-07-11,219.37,222.66,3.289999999999992,164.4999999999996,326.9999999999992,long
2024-07-12,1,2024-07-11,2024-07-12,223.26,222.02,-1.2399999999999807,-61.999999999999034,-125.99999999999807,long
2024-07-15,1,2024-07-12,2024-07-15,223.12,223.38,0.2599999999999909,12.999999999999545,23.99999999999909,long
2024-07-16,1,2024-07-15,2024-07-16,223.84,225.41,1.5699999999999932,78.49999999999966,154.99999999999932,long
2024-07-17,1,2024-07-16,2024-07-17,228.29999999999998,228.75,0.45000000000001705,22.500000000000853,43.000000000001705,long
2024-07-18,1,2024-07-17,2024-07-18,227.23999999999998,227.67000000000002,0.43000000000003524,21.500000000001762,41.000000000003524,long
2024-07-19,1,2024-07-18,2024-07-19,225.79,221.51000000000002,-4.279999999999973,-213.99999999999864,-429.99999999999727,long
2024-07-22,1,2024-07-19,2024-07-22,221.73999999999998,221.56,-0.1799999999999784,-8.99999999999892,-19.99999999999784,long
2024-07-23,1,2024-07-22,2024-07-23,221.81,222.33,0.5200000000000102,26.00000000000051,50.00000000000102,long
2024-07-24,1,2024-07-23,2024-07-24,222.59,223.46,0.8700000000000045,43.50000000000023,85.00000000000045,long
2024-07-25,1,2024-07-24,2024-07-25,221.81,219.04000000000002,-2.769999999999982,-138.4999999999991,-278.9999999999982,long
2024-07-26,1,2024-07-25,2024-07-26,218.34,219.95000000000002,1.6100000000000136,80.50000000000068,159.00000000000136,long
2024-07-29,1,2024-07-26,2024-07-29,220.64,221.25,0.6100000000000136,30.500000000000682,59.000000000001364,long
2024-07-30,1,2024-07-29,2024-07-30,220.32999999999998,221.4,1.0700000000000216,53.50000000000108,105.00000000000216,long
2024-07-31,1,2024-07-30,2024-07-31,222.53,223.72,1.1899999999999977,59.499999999999886,116.99999999999977,long
2024-08-01,1,2024-07-31,2024-08-01,226.56,226.76000000000002,0.20000000000001705,10.000000000000853,18.000000000001705,long
2024-08-02,1,2024-08-01,2024-08-02,225.78,227.98000000000002,2.200000000000017,110.00000000000085,218.0000000000017,long
2024-08-05,1,2024-08-02,2024-08-05,225.35,220.55,-4.799999999999983,-239.99999999999915,-481.9999999999983,long
2024-08-06,1,2024-08-05,2024-08-06,222.48999999999998,221.49,-0.9999999999999716,-49.99999999999858,-101.99999999999716,long
2024-08-07,1,2024-08-06,2024-08-07,220.70999999999998,221.9,1.1900000000000261,59.50000000000131,117.00000000000261,long
2024-08-08,1,2024-08-07,2024-08-08,220.56,222.72,2.1599999999999966,107.99999999999983,213.99999999999966,long
2024-08-09,1,2024-08-08,2024-08-09,224.01999999999998,224.81,0.7900000000000205,39.50000000000102,77.00000000000205,long
2024-08-12,1,2024-08-09,2024-08-12,224.57,226.12,1.5500000000000114,77.50000000000057,153.00000000000114,long
2024-08-13,1,2024-08-12,2024-08-13,228.42,228.06,-0.3599999999999852,-17.99999999999926,-37.99999999999852,long
2024-08-14,1,2024-08-13,2024-08-14,228.07,226.54000000000002,-1.5299999999999727,-76.49999999999864,-154.99999999999727,long
2024-08-15,1,2024-08-14,2024-08-15,226.20999999999998,226.5,0.29000000000002046,14.500000000001023,27.000000000002046,long
2024-08-16,1,2024-08-15,2024-08-16,226.92,229.98000000000002,3.0600000000000307,153.00000000000153,304.00000000000307,long
2024-08-19,1,2024-08-16,2024-08-19,232.0,230.14000000000001,-1.8599999999999852,-92.99999999999926,-187.99999999999852,long
2024-08-20,1,2024-08-19,2024-08-20,231.62,233.71,2.0900000000000034,104.50000000000017,207.00000000000034,long
2024-08-21,1,2024-08-20,2024-08-21,232.47,231.68,-0.789999999999992,-39.4999999999996,-80.9999999999992,long
2024-08-22,1,2024-08-21,2024-08-22,232.16,230.34,-1.8199999999999932,-90.99999999999966,-183.99999999999932,long
2024-08-23,1,2024-08-22,2024-08-23,229.38,231.03,1.6500000000000057,82.50000000000028,163.00000000000057,long
2024-08-26,1,2024-08-23,2024-08-26,232.03,233.43,1.4000000000000057,70.00000000000028,138.00000000000057,long
2024-08-27,1,2024-08-26,2024-08-27,232.76999999999998,231.65,-1.1199999999999761,-55.999999999998806,-113.99999999999761,long
2024-08-28,1,2024-08-27,2024-08-28,233.39999999999998,231.99,-1.4099999999999682,-70.49999999999841,-142.99999999999682,long
2024-08-29,1,2024-08-28,2024-08-29,231.76,231.94,0.18000000000000682,9.000000000000341,16.000000000000682,long
2024-08-30,1,2024-08-29,2024-08-30,232.95999999999998,232.47,-0.4899999999999807,-24.499999999999034,-50.99999999999807,long
2024-09-03,1,2024-08-30,2024-09-03,231.29999999999998,230.37,-0.9299999999999784,-46.49999999999892,-94.99999999999784,long
2024-09-04,1,2024-09-03,2024-09-04,230.29999999999998,229.78,-0.5199999999999818,-25.99999999999909,-53.99999999999818,long
2024-09-05,1,2024-09-04,2024-09-05,230.44,232.71,2.2700000000000102,113.50000000000051,225.00000000000102,long
2024-09-06,1,2024-09-05,2024-09-06,232.35999999999999,231.82000000000002,-0.5399999999999636,-26.99999999999818,-55.99999999999636,long
2024-09-09,1,2024-09-06,2024-09-09,230.64,231.25,0.6100000000000136,30.500000000000682,59.000000000001364,long
2024-09-10,1,2024-09-09,2024-09-10,231.60999999999999,232.38,0.7700000000000102,38.50000000000051,75.00000000000102,long
2024-09-11,1,2024-09-10,2024-09-11,232.63,231.69,-0.9399999999999977,-46.999999999999886,-95.99999999999977,long
2024-09-12,1,2024-09-11,2024-09-12,232.26,234.62,2.3600000000000136,118.00000000000068,234.00000000000136,long
2024-09-13,1,2024-09-12,2024-09-13,236.34,238.12,1.7800000000000011,89.00000000000006,176.0000000000001,long
2024-09-16,1,2024-09-13,2024-09-16,238.69,238.70000000000002,0.010000000000019327,0.5000000000009663,-0.9999999999980673,long
2024-09-17,1,2024-09-16,2024-09-17,238.67,238.08,-0.589999999999975,-29.49999999999875,-60.9999999999975,long
2024-09-18,1,2024-09-17,2024-09-18,237.35,238.18,0.8300000000000125,41.500000000000625,81.00000000000125,long
2024-09-19,1,2024-09-18,2024-09-19,235.51999999999998,238.23000000000002,2.7100000000000364,135.50000000000182,269.00000000000364,long
2024-09-20,1,2024-09-19,2024-09-20,239.17999999999998,241.10000000000002,1.9200000000000443,96.00000000000222,190.00000000000443,long
2024-09-23,1,2024-09-20,2024-09-23,242.22,242.96,0.7400000000000091,37.000000000000455,72.00000000000091,long
2024-09-24,1,2024-09-23,2024-09-24,242.69,243.38,0.6899999999999977,34.499999999999886,66.99999999999977,long
2024-09-25,1,2024-09-24,2024-09-25,246.07999999999998,246.18,0.10000000000002274,5.000000000001137,8.000000000002274,long
2024-09-26,1,2024-09-25,2024-09-26,245.73999999999998,246.41,0.6700000000000159,33.500000000000796,65.00000000000159,long
2024-09-27,1,2024-09-26,2024-09-27,246.98999999999998,246.3,-0.6899999999999693,-34.499999999998465,-70.99999999999693,long
2024-09-30,1,2024-09-27,2024-09-30,245.03,243.96,-1.0699999999999932,-53.49999999999966,-108.99999999999932,long
2024-10-01,1,2024-09-30,2024-10-01,243.07,245.19,2.1200000000000045,106.00000000000023,210.00000000000045,long
2024-10-02,1,2024-10-01,2024-10-02,245.62,245.60000000000002,-0.01999999999998181,-0.9999999999990905,-3.999999999998181,long
2024-10-03,1,2024-10-02,2024-10-03,245.67,244.71,-0.9599999999999795,-47.99999999999898,-97.99999999999795,long
2024-10-04,1,2024-10-03,2024-10-04,245.5,244.95000000000002,-0.549999999999983,-27.499999999999147,-56.999999999998295,long
2024-10-07,1,2024-10-04,2024-10-07,245.01,244.57000000000002,-0.4399999999999693,-21.999999999998465,-45.99999999999693,long
2024-10-08,1,2024-10-07,2024-10-08,244.17999999999998,243.78,-0.39999999999997726,-19.999999999998863,-41.999999999997726,long
2024-10-09,1,2024-10-08,2024-10-09,242.38,241.15,-1.2299999999999898,-61.49999999999949,-124.99999999999898,long
2024-10-10,1,2024-10-09,2024-10-10,241.06,241.76000000000002,0.700000000000017,35.00000000000085,68.0000000000017,long
2024-10-11,1,2024-10-10,2024-10-11,242.82999999999998,244.49,1.660000000000025,83.00000000000125,164.0000000000025,long
2024-10-14,1,2024-10-11,2024-10-14,245.48,245.15,-0.3299999999999841,-16.499999999999204,-34.99999999999841,long
2024-10-15,1,2024-10-14,2024-10-15,245.07999999999998,244.98000000000002,-0.0999999999999659,-4.999999999998295,-11.99999999999659,long
2024-10-16,1,2024-10-15,2024-10-16,245.92999999999998,247.61,1.6800000000000352,84.00000000000176,166.00000000000352,long
2024-10-17,1,2024-10-16,2024-10-17,247.16,247.74,0.5800000000000125,29.000000000000625,56.00000000000125,long
2024-10-18,1,2024-10-17,2024-10-18,248.64,250.0,1.3600000000000136,68.00000000000068,134.00000000000136,long
2024-10-21,1,2024-10-18,2024-10-21,251.28,252.74,1.460000000000008,73.0000000000004,144.0000000000008,long
2024-10-22,1,2024-10-21,2024-10-22,251.23,253.05,1.8200000000000216,91.00000000000108,180.00000000000216,long
2024-10-23,1,2024-10-22,2024-10-23,253.94,253.03,-0.9099999999999966,-45.49999999999983,-92.99999999999966,long
2024-10-24,1,2024-10-23,2024-10-24,250.88,253.27,2.390000000000015,119.50000000000074,237.00000000000148,long
2024-10-25,1,2024-10-24,2024-10-25,252.81,251.99,-0.8199999999999932,-40.99999999999966,-83.99999999999932,long
2024-10-28,1,2024-10-25,2024-10-28,253.32999999999998,253.0,-0.3299999999999841,-16.499999999999204,-34.99999999999841,long
2024-10-29,1,2024-10-28,2024-10-29,253.34,254.48000000000002,1.1400000000000148,57.00000000000074,112.00000000000148,long
2024-10-30,1,2024-10-29,2024-10-30,256.09999999999997,256.71000000000004,0.6100000000000705,30.500000000003524,59.00000000000705,long
2024-10-31,1,2024-10-30,2024-10-31,257.51,255.51000000000002,-1.9999999999999716,-99.99999999999858,-201.99999999999716,long
2024-11-01,1,2024-10-31,2024-11-01,253.51999999999998,254.31,0.7900000000000205,39.50000000000102,77.00000000000205,long
2024-11-04,1,2024-11-01,2024-11-04,252.48,253.31,0.8300000000000125,41.500000000000625,81.00000000000125,long
2024-11-05,1,2024-11-04,2024-11-05,252.84,253.77,0.9300000000000068,46.50000000000034,91.00000000000068,long
2024-11-06,1,2024-11-05,2024-11-06,253.41,245.63,-7.780000000000001,-389.00000000000006,-780.0000000000001,long
2024-11-07,1,2024-11-06,2024-11-07,245.70999999999998,248.31,2.6000000000000227,130.00000000000114,258.0000000000023,long
2024-11-08,1,2024-11-07,2024-11-08,249.66,249.06,-0.5999999999999943,-29.999999999999716,-61.99999999999943,long
2024-11-11,1,2024-11-08,2024-11-11,247.97,242.73000000000002,-5.239999999999981,-261.99999999999903,-525.9999999999981,long
2024-11-12,1,2024-11-11,2024-11-12,242.14999999999998,241.28,-0.8699999999999761,-43.499999999998806,-88.99999999999761,long
2024-11-13,1,2024-11-12,2024-11-13,240.06,241.32000000000002,1.2600000000000193,63.000000000000966,124.00000000000193,long
2024-11-14,1,2024-11-13,2024-11-14,237.64,236.62,-1.0199999999999818,-50.99999999999909,-103.99999999999818,long
2024-11-15,1,2024-11-14,2024-11-15,237.01999999999998,237.60000000000002,0.5800000000000409,29.000000000002046,56.00000000000409,long
2024-11-18,1,2024-11-15,2024-11-18,236.6,240.45000000000002,3.8500000000000227,192.50000000000114,383.0000000000023,long
2024-11-19,1,2024-11-18,2024-11-19,241.1,242.69,1.5900000000000034,79.50000000000017,157.00000000000034,long
2024-11-20,1,2024-11-19,2024-11-20,243.26,243.70000000000002,0.44000000000002615,22.000000000001307,42.000000000002615,long
2024-11-21,1,2024-11-20,2024-11-21,244.63,246.22,1.5900000000000034,79.50000000000017,157.00000000000034,long
2024-11-22,1,2024-11-21,2024-11-22,246.67,248.19,1.5200000000000102,76.00000000000051,150.00000000000102,long
2024-11-25,1,2024-11-22,2024-11-25,249.85,244.26000000000002,-5.589999999999975,-279.49999999999875,-560.9999999999975,long
2024-11-26,1,2024-11-25,2024-11-26,242.48999999999998,242.74,0.2500000000000284,12.500000000001421,23.000000000002842,long
2024-11-27,1,2024-11-26,2024-11-27,242.95999999999998,244.84,1.8800000000000239,94.0000000000012,186.0000000000024,long
2024-11-29,1,2024-11-27,2024-11-29,243.5,245.24,1.740000000000009,87.00000000000045,172.0000000000009,long
2024-12-02,1,2024-11-29,2024-12-02,245.6,244.45000000000002,-1.1499999999999773,-57.49999999999886,-116.99999999999773,long
2024-12-03,1,2024-12-02,2024-12-03,243.45,244.95000000000002,1.5000000000000284,75.00000000000142,148.00000000000284,long
2024-12-04,1,2024-12-03,2024-12-04,243.94,244.92000000000002,0.9800000000000182,49.00000000000091,96.00000000000182,long
2024-12-05,1,2024-12-04,2024-12-05,244.67999999999998,244.18,-0.4999999999999716,-24.99999999999858,-51.99999999999716,long
2024-12-06,1,2024-12-05,2024-12-06,242.87,242.78,-0.09000000000000341,-4.5000000000001705,-11.000000000000341,long
2024-12-09,1,2024-12-06,2024-12-09,242.95999999999998,246.33,3.370000000000033,168.50000000000165,335.0000000000033,long
2024-12-10,1,2024-12-09,2024-12-10,245.37,247.85000000000002,2.480000000000018,124.00000000000091,246.00000000000182,long
2024-12-11,1,2024-12-10,2024-12-11,248.6,249.34,0.7400000000000091,37.000000000000455,72.00000000000091,long
2024-12-12,1,2024-12-11,2024-12-12,250.97,247.8,-3.1699999999999875,-158.49999999999937,-318.99999999999875,long
2024-12-13,1,2024-12-12,2024-12-13,247.29,245.66,-1.6299999999999955,-81.49999999999977,-164.99999999999955,long
2024-12-16,1,2024-12-13,2024-12-16,244.29999999999998,245.4,1.1000000000000227,55.00000000000114,108.00000000000227,long
2024-12-17,1,2024-12-16,2024-12-17,244.89,243.79000000000002,-1.099999999999966,-54.999999999998295,-111.99999999999659,long
2024-12-18,1,2024-12-17,2024-12-18,243.95,243.56,-0.38999999999998636,-19.499999999999318,-40.999999999998636,long
2024-12-19,1,2024-12-18,2024-12-19,239.26999999999998,239.66,0.3900000000000148,19.50000000000074,37.00000000000148,long
2024-12-20,1,2024-12-19,2024-12-20,239.60999999999999,241.42000000000002,1.8100000000000307,90.50000000000153,179.00000000000307,long
2024-12-23,1,2024-12-20,2024-12-23,242.10999999999999,241.59,-0.5199999999999818,-25.99999999999909,-53.99999999999818,long
2024-12-24,1,2024-12-23,2024-12-24,240.97,241.48000000000002,0.5100000000000193,25.500000000000966,49.00000000000193,long
2024-12-26,1,2024-12-24,2024-12-26,241.45,242.38,0.9300000000000068,46.50000000000034,91.00000000000068,long
2024-12-27,1,2024-12-26,2024-12-27,243.07999999999998,241.34,-1.7399999999999807,-86.99999999999903,-175.99999999999807,long
2024-12-30,1,2024-12-27,2024-12-30,241.41,241.07000000000002,-0.339999999999975,-16.99999999999875,-35.9999999999975,long
2024-12-31,1,2024-12-30,2024-12-31,240.64,241.04000000000002,0.4000000000000341,20.000000000001705,38.00000000000341,long
2025-01-02,1,2024-12-31,2025-01-02,242.14,244.21,2.0700000000000216,103.50000000000108,205.00000000000216,long
2025-01-03,1,2025-01-02,2025-01-03,245.42999999999998,244.55,-0.879999999999967,-43.99999999999835,-89.9999999999967,long
2025-01-06,1,2025-01-03,2025-01-06,243.5,242.32000000000002,-1.1799999999999784,-58.99999999999892,-119.99999999999784,long
2025-01-07,1,2025-01-06,2025-01-07,243.2,245.51000000000002,2.3100000000000307,115.50000000000153,229.00000000000307,long
2025-01-08,1,2025-01-07,2025-01-08,244.57,245.71,1.1400000000000148,57.00000000000074,112.00000000000148,long
2025-01-10,1,2025-01-08,2025-01-10,245.87,248.0,2.1299999999999955,106.49999999999977,210.99999999999955,long
2025-01-13,1,2025-01-10,2025-01-13,248.22,246.33,-1.8899999999999864,-94.49999999999932,-190.99999999999864,long
2025-01-14,1,2025-01-13,2025-01-14,245.75,245.61,-0.13999999999998636,-6.999999999999318,-15.999999999998636,long
2025-01-15,1,2025-01-14,2025-01-15,247.04,248.20000000000002,1.160000000000025,58.00000000000125,114.0000000000025,long
2025-01-16,1,2025-01-15,2025-01-16,248.89,250.59,1.700000000000017,85.00000000000085,168.0000000000017,long
2025-01-17,1,2025-01-16,2025-01-17,250.60999999999999,249.69,-0.9199999999999875,-45.999999999999375,-93.99999999999875,long
2025-01-21,1,2025-01-17,2025-01-21,249.28,251.94,2.6599999999999966,132.99999999999983,263.99999999999966,long
2025-01-22,1,2025-01-21,2025-01-22,253.14,254.28,1.1400000000000148,57.00000000000074,112.00000000000148,long
2025-01-23,1,2025-01-22,2025-01-23,254.44,253.18,-1.259999999999991,-62.999999999999545,-127.99999999999909,long
2025-01-24,1,2025-01-23,2025-01-24,254.07999999999998,255.95000000000002,1.870000000000033,93.50000000000165,185.0000000000033,long
2025-01-27,1,2025-01-24,2025-01-27,255.66,253.83,-1.829999999999984,-91.4999999999992,-184.9999999999984,long
2025-01-28,1,2025-01-27,2025-01-28,253.0,254.26000000000002,1.2600000000000193,63.000000000000966,124.00000000000193,long
2025-01-29,1,2025-01-28,2025-01-29,255.19,254.52,-0.6699999999999875,-33.499999999999375,-68.99999999999875,long
2025-01-30,1,2025-01-29,2025-01-30,254.20999999999998,257.19,2.980000000000018,149.0000000000009,296.0000000000018,long
2025-01-31,1,2025-01-30,2025-01-31,258.06,259.07,1.009999999999991,50.499999999999545,98.99999999999909,long
2025-02-03,1,2025-01-31,2025-02-03,258.57,259.81,1.240000000000009,62.000000000000455,122.00000000000091,long
2025-02-04,1,2025-02-03,2025-02-04,259.95,261.82,1.8700000000000045,93.50000000000023,185.00000000000045,long
2025-02-05,1,2025-02-04,2025-02-05,262.51,264.38,1.8700000000000045,93.50000000000023,185.00000000000045,long
2025-02-06,1,2025-02-05,2025-02-06,264.14,263.69,-0.44999999999998863,-22.49999999999943,-46.99999999999886,long
2025-02-07,1,2025-02-06,2025-02-07,263.44,265.21000000000004,1.7700000000000387,88.50000000000193,175.00000000000387,long
2025-02-10,1,2025-02-07,2025-02-10,263.90999999999997,267.99,4.080000000000041,204.00000000000205,406.0000000000041,long
2025-02-11,1,2025-02-10,2025-02-11,268.38,267.69,-0.6899999999999977,-34.499999999999886,-70.99999999999977,long
2025-02-12,1,2025-02-11,2025-02-12,267.4,267.14,-0.2599999999999909,-12.999999999999545,-27.99999999999909,long
2025-02-13,1,2025-02-12,2025-02-13,267.68,268.39,0.7099999999999795,35.49999999999898,68.99999999999795,long
2025-02-14,1,2025-02-13,2025-02-14,270.32,270.06,-0.2599999999999909,-12.999999999999545,-27.99999999999909,long
2025-02-18,1,2025-02-14,2025-02-18,266.3,269.71000000000004,3.410000000000025,170.50000000000125,339.0000000000025,long
2025-02-19,1,2025-02-18,2025-02-19,270.71,270.72,0.010000000000047748,0.5000000000023874,-0.9999999999952252,long
2025-02-20,1,2025-02-19,2025-02-20,270.86,270.22,-0.6399999999999864,-31.999999999999318,-65.99999999999864,long
2025-02-21,1,2025-02-20,2025-02-21,271.0,270.79,-0.20999999999997954,-10.499999999998977,-22.999999999997954,long
2025-02-24,1,2025-02-21,2025-02-24,270.75,271.44,0.6899999999999977,34.499999999999886,66.99999999999977,long
2025-02-25,1,2025-02-24,2025-02-25,272.21999999999997,271.45,-0.7699999999999818,-38.49999999999909,-78.99999999999818,long
2025-02-26,1,2025-02-25,2025-02-26,268.63,267.07,-1.5600000000000023,-78.00000000000011,-158.00000000000023,long
2025-02-27,1,2025-02-26,2025-02-27,269.03999999999996,266.48,-2.5599999999999454,-127.99999999999727,-257.99999999999454,long
2025-02-28,1,2025-02-27,2025-02-28,264.94,262.55,-2.3899999999999864,-119.49999999999932,-240.99999999999864,long
2025-03-03,1,2025-02-28,2025-03-03,263.28,265.06,1.7800000000000296,89.00000000000148,176.00000000000296,long
2025-03-04,1,2025-03-03,2025-03-04,266.75,269.06,2.3100000000000023,115.50000000000011,229.00000000000023,long
2025-03-05,1,2025-03-04,2025-03-05,269.07,267.96000000000004,-1.1099999999999568,-55.49999999999784,-112.99999999999568,long
2025-03-06,1,2025-03-05,2025-03-06,269.63,268.24,-1.3899999999999864,-69.49999999999932,-140.99999999999864,long
2025-03-07,1,2025-03-06,2025-03-07,268.26,269.08,0.8199999999999932,40.99999999999966,79.99999999999932,long
2025-03-10,1,2025-03-07,2025-03-10,268.4,267.64,-0.7599999999999909,-37.999999999999545,-77.99999999999909,long
2025-03-11,1,2025-03-10,2025-03-11,266.05,268.46000000000004,2.410000000000025,120.50000000000125,239.0000000000025,long
2025-03-12,1,2025-03-11,2025-03-12,269.17,268.46000000000004,-0.7099999999999795,-35.49999999999898,-72.99999999999795,long
2025-03-13,1,2025-03-12,2025-03-13,270.34,271.56,1.2200000000000273,61.000000000001364,120.00000000000273,long
2025-03-14,1,2025-03-13,2025-03-14,275.14,276.26,1.1200000000000045,56.00000000000023,110.00000000000045,long
2025-03-17,1,2025-03-14,2025-03-17,275.25,275.53000000000003,0.28000000000002956,14.000000000001478,26.000000000002956,long
2025-03-18,1,2025-03-17,2025-03-18,276.74,279.89,3.1499999999999773,157.49999999999886,312.9999999999977,long
2025-03-19,1,2025-03-18,2025-03-19,279.96999999999997,279.8,-0.16999999999995907,-8.499999999997954,-18.999999999995907,long
2025-03-20,1,2025-03-19,2025-03-20,281.12,279.48,-1.6399999999999864,-81.99999999999932,-165.99999999999864,long
2025-03-21,1,2025-03-20,2025-03-21,280.76,279.40000000000003,-1.3599999999999568,-67.99999999999784,-137.99999999999568,long
2025-03-24,1,2025-03-21,2025-03-24,278.5,278.90000000000003,0.4000000000000341,20.000000000001705,38.00000000000341,long
2025-03-25,1,2025-03-24,2025-03-25,277.26,278.77,1.509999999999991,75.49999999999955,148.9999999999991,long
2025-03-26,1,2025-03-25,2025-03-26,278.48,278.92,0.4399999999999977,21.999999999999886,41.99999999999977,long
2025-03-27,1,2025-03-26,2025-03-27,278.25,280.54,2.2900000000000205,114.50000000000102,227.00000000000205,long
2025-03-28,1,2025-03-27,2025-03-28,281.98,283.76,1.7799999999999727,88.99999999999864,175.99999999999727,long
2025-03-31,1,2025-03-28,2025-03-31,284.07,287.52,3.4499999999999886,172.49999999999943,342.99999999999886,long
2025-04-01,1,2025-03-31,2025-04-01,288.15,288.53000000000003,0.3800000000000523,19.000000000002615,36.00000000000523,long
2025-04-02,1,2025-04-01,2025-04-02,287.58,288.27,0.6899999999999977,34.499999999999886,66.99999999999977,long
2025-04-03,1,2025-04-02,2025-04-03,288.17,282.63,-5.5400000000000205,-277.000000000001,-556.000000000002,long
2025-04-04,1,2025-04-03,2025-04-04,286.43,283.63,-2.8000000000000114,-140.00000000000057,-282.00000000000114,long
2025-04-07,1,2025-04-04,2025-04-07,279.73,278.81,-0.9200000000000159,-46.000000000000796,-94.00000000000159,long
2025-04-08,1,2025-04-07,2025-04-08,273.71999999999997,277.86,4.140000000000043,207.00000000000216,412.0000000000043,long
2025-04-09,1,2025-04-08,2025-04-09,275.21,282.21000000000004,7.000000000000057,350.00000000000284,698.0000000000057,long
2025-04-10,1,2025-04-09,2025-04-10,285.39,288.8,3.410000000000025,170.50000000000125,339.0000000000025,long
2025-04-11,1,2025-04-10,2025-04-11,292.36,297.86,5.5,275.0,548.0,long
2025-04-14,1,2025-04-11,2025-04-14,297.94,295.43,-2.509999999999991,-125.49999999999955,-252.9999999999991,long
2025-04-15,1,2025-04-14,2025-04-15,296.24,296.92,0.6800000000000068,34.00000000000034,66.00000000000068,long
2025-04-16,1,2025-04-15,2025-04-16,297.78999999999996,304.6,6.810000000000059,340.50000000000296,679.0000000000059,long
2025-04-17,1,2025-04-16,2025-04-17,307.48,306.3,-1.1800000000000068,-59.00000000000034,-120.00000000000068,long
2025-04-21,1,2025-04-17,2025-04-21,306.13,314.99,8.860000000000014,443.0000000000007,884.0000000000014,long
2025-04-22,1,2025-04-21,2025-04-22,315.59999999999997,317.46000000000004,1.8600000000000705,93.00000000000352,184.00000000000705,long
2025-04-23,1,2025-04-22,2025-04-23,311.12,304.17,-6.949999999999989,-347.49999999999943,-696.9999999999989,long
2025-04-24,1,2025-04-23,2025-04-24,303.65999999999997,306.97,3.310000000000059,165.50000000000296,329.0000000000059,long
2025-04-25,1,2025-04-24,2025-04-25,308.08,301.77,-6.310000000000002,-315.5000000000001,-633.0000000000002,long
2025-04-28,1,2025-04-25,2025-04-28,304.74,304.14,-0.6000000000000227,-30.000000000001137,-62.000000000002274,long
2025-04-29,1,2025-04-28,2025-04-29,309.08,305.8,-3.2799999999999727,-163.99999999999864,-329.99999999999727,long
2025-04-30,1,2025-04-29,2025-04-30,306.07,304.6,-1.4699999999999704,-73.49999999999852,-148.99999999999704,long
2025-05-01,1,2025-04-30,2025-05-01,303.78,297.40000000000003,-6.379999999999939,-318.99999999999693,-639.9999999999939,long
2025-05-02,1,2025-05-01,2025-05-02,297.46999999999997,300.16,2.6900000000000546,134.50000000000273,267.00000000000546,long
2025-05-05,1,2025-05-02,2025-05-05,297.99,305.91,7.920000000000016,396.0000000000008,790.0000000000016,long
2025-05-06,1,2025-05-05,2025-05-06,306.89,313.11,6.220000000000027,311.00000000000136,620.0000000000027,long
2025-05-07,1,2025-05-06,2025-05-07,315.49,312.09000000000003,-3.3999999999999773,-169.99999999999886,-341.9999999999977,long
2025-05-08,1,2025-05-07,2025-05-08,310.76,309.75,-1.009999999999991,-50.499999999999545,-102.99999999999909,long
2025-05-09,1,2025-05-08,2025-05-09,304.64,307.78000000000003,3.140000000000043,157.00000000000216,312.0000000000043,long
2025-05-12,1,2025-05-09,2025-05-12,306.84999999999997,298.40000000000003,-8.449999999999932,-422.4999999999966,-846.9999999999932,long
2025-05-13,1,2025-05-12,2025-05-13,298.2,299.01,0.8100000000000023,40.500000000000114,79.00000000000023,long
2025-05-14,1,2025-05-13,2025-05-14,299.46999999999997,293.7,-5.769999999999982,-288.4999999999991,-578.9999999999982,long
2025-05-15,1,2025-05-14,2025-05-15,293.17,294.09000000000003,0.9200000000000159,46.000000000000796,90.00000000000159,long
2025-05-16,1,2025-05-15,2025-05-16,297.84999999999997,292.6,-5.249999999999943,-262.49999999999716,-526.9999999999943,long
2025-05-19,1,2025-05-16,2025-05-19,294.25,297.84000000000003,3.590000000000032,179.5000000000016,357.0000000000032,long
2025-05-20,1,2025-05-19,2025-05-20,298.03999999999996,298.34000000000003,0.3000000000000682,15.00000000000341,28.00000000000682,long
2025-05-21,1,2025-05-20,2025-05-21,303.59,304.55,0.9600000000000364,48.00000000000182,94.00000000000364,long
2025-05-22,1,2025-05-21,2025-05-22,305.83,305.08,-0.75,-37.5,-77.0,long
2025-05-23,1,2025-05-22,2025-05-23,303.12,308.85,5.730000000000018,286.5000000000009,571.0000000000018,long
2025-05-27,1,2025-05-23,2025-05-27,309.76,303.79,-5.96999999999997,-298.4999999999985,-598.999999999997,long
2025-05-28,1,2025-05-27,2025-05-28,304.51,304.61,0.10000000000002274,5.000000000001137,8.000000000002274,long
2025-05-29,1,2025-05-28,2025-05-29,303.82,305.74,1.920000000000016,96.0000000000008,190.0000000000016,long
2025-05-30,1,2025-05-29,2025-05-30,305.62,303.63,-1.990000000000009,-99.50000000000045,-201.0000000000009,long
2025-06-02,1,2025-05-30,2025-06-02,303.61,309.25,5.639999999999986,281.9999999999993,561.9999999999986,long
2025-06-03,1,2025-06-02,2025-06-03,311.68,309.55,-2.1299999999999955,-106.49999999999977,-214.99999999999955,long
2025-06-04,1,2025-06-03,2025-06-04,308.92,309.45,0.5299999999999727,26.499999999998636,50.99999999999727,long
2025-06-05,1,2025-06-04,2025-06-05,310.90999999999997,311.23,0.32000000000005,16.0000000000025,30.000000000005002,long
2025-06-06,1,2025-06-05,2025-06-06,309.34,309.08,-0.2599999999999909,-12.999999999999545,-27.99999999999909,long
2025-06-09,1,2025-06-06,2025-06-09,305.19,305.37,0.18000000000000682,9.000000000000341,16.000000000000682,long
2025-06-10,1,2025-06-09,2025-06-10,306.63,308.29,1.660000000000025,83.00000000000125,164.0000000000025,long
2025-06-11,1,2025-06-10,2025-06-11,306.71999999999997,307.53000000000003,0.8100000000000591,40.500000000002956,79.00000000000591,long
2025-06-12,1,2025-06-11,2025-06-12,308.38,311.63,3.25,162.5,323.0,long
2025-06-13,1,2025-06-12,2025-06-13,312.21,317.25,5.0400000000000205,252.00000000000102,502.00000000000205,long
2025-06-16,1,2025-06-13,2025-06-16,316.3,314.79,-1.509999999999991,-75.49999999999955,-152.9999999999991,long
2025-06-17,1,2025-06-16,2025-06-17,311.78999999999996,312.65000000000003,0.8600000000000705,43.000000000003524,84.00000000000705,long
2025-06-18,1,2025-06-17,2025-06-18,311.95,312.88,0.9300000000000068,46.50000000000034,91.00000000000068,long
2025-06-20,1,2025-06-18,2025-06-20,310.27,309.32,-0.9499999999999886,-47.49999999999943,-96.99999999999886,long
2025-06-23,1,2025-06-20,2025-06-23,310.14,310.33,0.18999999999999773,9.499999999999886,16.999999999999773,long
2025-06-24,1,2025-06-23,2025-06-24,311.09,304.97,-6.119999999999948,-305.9999999999974,-613.9999999999948,long
2025-06-25,1,2025-06-24,2025-06-25,306.2,305.3,-0.8999999999999773,-44.99999999999886,-91.99999999999773,long
2025-06-26,1,2025-06-25,2025-06-26,307.13,305.73,-1.3999999999999773,-69.99999999999886,-141.99999999999773,long
2025-06-27,1,2025-06-26,2025-06-27,306.78999999999996,300.02,-6.769999999999982,-338.4999999999991,-678.9999999999982,long
2025-06-30,1,2025-06-27,2025-06-30,301.23,302.36,1.1299999999999955,56.49999999999977,110.99999999999955,long
2025-07-01,1,2025-06-30,2025-07-01,304.84,308.53000000000003,3.6900000000000546,184.50000000000273,367.00000000000546,long
2025-07-02,1,2025-07-01,2025-07-02,307.56,307.98,0.4200000000000159,21.000000000000796,40.00000000000159,long
2025-07-03,1,2025-07-02,2025-07-03,309.26,307.01,-2.25,-112.5,-227.0,long
2025-07-07,1,2025-07-03,2025-07-07,307.15,305.05,-2.099999999999966,-104.9999999999983,-211.9999999999966,long
2025-07-08,1,2025-07-07,2025-07-08,307.38,306.29,-1.089999999999975,-54.49999999999875,-110.9999999999975,long
2025-07-09,1,2025-07-08,2025-07-09,304.17,303.57,-0.6000000000000227,-30.000000000001137,-62.000000000002274,long
2025-07-10,1,2025-07-09,2025-07-10,305.53,306.1,0.57000000000005,28.5000000000025,55.000000000005,long
2025-07-11,1,2025-07-10,2025-07-11,306.21,308.85,2.640000000000043,132.00000000000216,262.0000000000043,long
2025-07-14,1,2025-07-11,2025-07-14,309.15,309.06,-0.08999999999997499,-4.4999999999987494,-10.999999999997499,long
2025-07-15,1,2025-07-14,2025-07-15,308.02,307.72,-0.2999999999999545,-14.999999999997726,-31.999999999995453,long
2025-07-16,1,2025-07-15,2025-07-16,306.74,307.11,0.37000000000000455,18.500000000000227,35.000000000000455,long
2025-07-17,1,2025-07-16,2025-07-17,308.27,305.49,-2.7799999999999727,-138.99999999999864,-279.99999999999727,long
2025-07-18,1,2025-07-17,2025-07-18,307.59999999999997,309.26,1.660000000000025,83.00000000000125,164.0000000000025,long
2025-07-21,1,2025-07-18,2025-07-21,308.4,311.87,3.4700000000000273,173.50000000000136,345.00000000000273,long
2025-07-22,1,2025-07-21,2025-07-22,313.14,314.54,1.400000000000034,70.0000000000017,138.0000000000034,long
2025-07-23,1,2025-07-22,2025-07-23,316.11,313.99,-2.1200000000000045,-106.00000000000023,-214.00000000000045,long
2025-07-24,1,2025-07-23,2025-07-24,312.19,309.28000000000003,-2.909999999999968,-145.4999999999984,-292.9999999999968,long
2025-07-25,1,2025-07-24,2025-07-25,310.28,307.81,-2.4699999999999704,-123.49999999999852,-248.99999999999704,long
2025-07-28,1,2025-07-25,2025-07-28,307.40999999999997,306.48,-0.92999999999995,-46.4999999999975,-94.999999999995,long
2025-07-29,1,2025-07-28,2025-07-29,305.42,305.81,0.38999999999998636,19.499999999999318,36.999999999998636,long
2025-07-30,1,2025-07-29,2025-07-30,306.26,304.41,-1.849999999999966,-92.4999999999983,-186.9999999999966,long
2025-07-31,1,2025-07-30,2025-07-31,300.96999999999997,304.58,3.6100000000000136,180.50000000000068,359.00000000000136,long
2025-08-01,1,2025-07-31,2025-08-01,302.96999999999997,308.62,5.650000000000034,282.5000000000017,563.0000000000034,long
2025-08-04,1,2025-08-01,2025-08-04,309.12,310.79,1.670000000000016,83.5000000000008,165.0000000000016,long
2025-08-05,1,2025-08-04,2025-08-05,310.92,310.36,-0.5600000000000023,-28.000000000000114,-58.00000000000023,long
2025-08-06,1,2025-08-05,2025-08-06,311.17,310.26,-0.910000000000025,-45.50000000000125,-93.0000000000025,long
2025-08-07,1,2025-08-06,2025-08-07,310.51,311.75,1.240000000000009,62.000000000000455,122.00000000000091,long
2025-08-08,1,2025-08-07,2025-08-08,313.13,312.34000000000003,-0.7899999999999636,-39.49999999999818,-80.99999999999636,long
2025-08-11,1,2025-08-08,2025-08-11,313.06,308.61,-4.449999999999989,-222.49999999999943,-446.99999999999886,long
2025-08-12,1,2025-08-11,2025-08-12,308.56,308.21000000000004,-0.3499999999999659,-17.499999999998295,-36.99999999999659,long
2025-08-13,1,2025-08-12,2025-08-13,308.28,309.08,0.8000000000000114,40.00000000000057,78.00000000000114,long
2025-08-14,1,2025-08-13,2025-08-14,309.21999999999997,307.92,-1.2999999999999545,-64.99999999999773,-131.99999999999545,long
2025-08-15,1,2025-08-14,2025-08-15,307.26,307.33,0.06999999999999318,3.499999999999659,4.999999999999318,long
2025-08-18,1,2025-08-15,2025-08-18,307.44,307.78000000000003,0.34000000000003183,17.00000000000159,32.00000000000318,long
2025-08-19,1,2025-08-18,2025-08-19,306.96,306.75,-0.20999999999997954,-10.499999999998977,-22.999999999997954,long
2025-08-20,1,2025-08-19,2025-08-20,305.28,307.53000000000003,2.250000000000057,112.50000000000284,223.00000000000568,long
2025-08-21,1,2025-08-20,2025-08-21,308.37,307.85,-0.5199999999999818,-25.99999999999909,-53.99999999999818,long
2025-08-22,1,2025-08-21,2025-08-22,307.3,306.45,-0.8500000000000227,-42.50000000000114,-87.00000000000227,long
2025-08-25,1,2025-08-22,2025-08-25,310.59,309.66,-0.92999999999995,-46.4999999999975,-94.999999999995,long
2025-08-26,1,2025-08-25,2025-08-26,309.84,310.61,0.7700000000000387,38.50000000000193,75.00000000000387,long
2025-08-27,1,2025-08-26,2025-08-27,312.09,311.38,-0.7099999999999795,-35.49999999999898,-72.99999999999795,long
2025-08-28,1,2025-08-27,2025-08-28,312.71999999999997,313.31,0.5900000000000318,29.50000000000159,57.00000000000318,long
2025-08-29,1,2025-08-28,2025-08-29,315.03999999999996,314.71000000000004,-0.32999999999992724,-16.499999999996362,-34.999999999992724,long
2025-09-02,1,2025-08-29,2025-09-02,318.08,320.93,2.8500000000000227,142.50000000000114,283.0000000000023,long
2025-09-03,1,2025-09-02,2025-09-03,325.59999999999997,327.75,2.150000000000034,107.5000000000017,213.0000000000034,long
2025-09-04,1,2025-09-03,2025-09-04,328.15,327.02,-1.1299999999999955,-56.49999999999977,-114.99999999999955,long
2025-09-05,1,2025-09-04,2025-09-05,326.7,329.51,2.8100000000000023,140.5000000000001,279.0000000000002,long
2025-09-08,1,2025-09-05,2025-09-08,331.06,333.66,2.6000000000000227,130.00000000000114,258.0000000000023,long
2025-09-09,1,2025-09-08,2025-09-09,334.83,337.0,2.170000000000016,108.5000000000008,215.0000000000016,long
2025-09-10,1,2025-09-09,2025-09-10,334.07,335.72,1.650000000000034,82.5000000000017,163.0000000000034,long
2025-09-11,1,2025-09-10,2025-09-11,335.27,333.34000000000003,-1.92999999999995,-96.4999999999975,-194.999999999995,long
2025-09-12,1,2025-09-11,2025-09-12,334.77,335.82,1.0500000000000114,52.50000000000057,103.00000000000114,long
2025-09-15,1,2025-09-12,2025-09-15,335.43,336.3,0.8700000000000045,43.50000000000023,85.00000000000045,long
2025-09-16,1,2025-09-15,2025-09-16,338.92,340.08,1.1599999999999682,57.99999999999841,113.99999999999682,long
2025-09-17,1,2025-09-16,2025-09-17,339.59999999999997,338.52,-1.079999999999984,-53.999999999999204,-109.99999999999841,long
2025-09-18,1,2025-09-17,2025-09-18,336.98,336.21000000000004,-0.7699999999999818,-38.49999999999909,-78.99999999999818,long
2025-09-19,1,2025-09-18,2025-09-19,335.63,336.5,0.8700000000000045,43.50000000000023,85.00000000000045,long
2025-09-22,1,2025-09-19,2025-09-22,339.19,342.74,3.5500000000000114,177.50000000000057,353.00000000000114,long
2025-09-23,1,2025-09-22,2025-09-23,345.06,348.22,3.160000000000025,158.00000000000125,314.0000000000025,long
2025-09-24,1,2025-09-23,2025-09-24,346.46999999999997,346.69,0.22000000000002728,11.000000000001364,20.00000000000273,long
2025-09-25,1,2025-09-24,2025-09-25,343.33,344.31,0.9800000000000182,49.00000000000091,96.00000000000182,long
2025-09-26,1,2025-09-25,2025-09-26,344.76,345.81,1.0500000000000114,52.50000000000057,103.00000000000114,long
2025-09-29,1,2025-09-26,2025-09-29,346.75,351.78000000000003,5.03000000000003,251.50000000000148,501.00000000000296,long
2025-09-30,1,2025-09-29,2025-09-30,352.46999999999997,351.12,-1.349999999999966,-67.4999999999983,-136.9999999999966,long
2025-10-01,1,2025-09-30,2025-10-01,355.48,356.19,0.7099999999999795,35.49999999999898,68.99999999999795,long
2025-10-02,1,2025-10-01,2025-10-02,356.03999999999996,358.25,2.2100000000000364,110.50000000000182,219.00000000000364,long
2025-10-03,1,2025-10-02,2025-10-03,354.8,357.11,2.3100000000000023,115.50000000000011,229.00000000000023,long
2025-10-06,1,2025-10-03,2025-10-06,357.65,362.15000000000003,4.500000000000057,225.00000000000284,448.0000000000057,long
2025-10-07,1,2025-10-06,2025-10-07,364.39,366.5,2.1100000000000136,105.50000000000068,209.00000000000136,long
2025-10-08,1,2025-10-07,2025-10-08,366.27,371.69,5.420000000000016,271.0000000000008,540.0000000000016,long
2025-10-09,1,2025-10-08,2025-10-09,372.31,373.12,0.8100000000000023,40.500000000000114,79.00000000000023,long
2025-10-10,1,2025-10-09,2025-10-10,365.44,367.52,2.079999999999984,103.9999999999992,205.9999999999984,long
2025-10-13,1,2025-10-10,2025-10-13,369.13,376.49,7.360000000000014,368.0000000000007,734.0000000000014,long
2025-10-14,1,2025-10-13,2025-10-14,378.09999999999997,378.2,0.10000000000002274,5.000000000001137,8.000000000002274,long
2025-10-15,1,2025-10-14,2025-10-15,380.8,385.92,5.1200000000000045,256.0000000000002,510.00000000000045,long
2025-10-16,1,2025-10-15,2025-10-16,387.4,391.14,3.740000000000009,187.00000000000045,372.0000000000009,long
2025-10-17,1,2025-10-16,2025-10-17,396.46,397.13,0.6700000000000159,33.500000000000796,65.00000000000159,long
2025-10-20,1,2025-10-17,2025-10-20,389.0,397.42,8.420000000000016,421.0000000000008,840.0000000000016,long
2025-10-21,1,2025-10-20,2025-10-21,403.15999999999997,386.57,-16.589999999999975,-829.4999999999987,-1660.9999999999975,long
2025-10-22,1,2025-10-21,2025-10-22,377.25,372.74,-4.509999999999991,-225.49999999999955,-452.9999999999991,long
2025-10-23,1,2025-10-22,2025-10-23,377.28999999999996,381.45,4.160000000000025,208.00000000000125,414.0000000000025,long
2025-10-24,1,2025-10-23,2025-10-24,378.8,378.49,-0.3100000000000023,-15.500000000000114,-33.00000000000023,long
2025-10-27,1,2025-10-24,2025-10-27,377.53,371.06,-6.46999999999997,-323.4999999999985,-648.999999999997,long
2025-10-28,1,2025-10-27,2025-10-28,367.02,361.8,-5.21999999999997,-260.9999999999985,-523.999999999997,long
2025-10-29,1,2025-10-28,2025-10-29,364.39,369.64,5.25,262.5,523.0,long
2025-10-30,1,2025-10-29,2025-10-30,363.01,365.08,2.069999999999993,103.49999999999966,204.99999999999932,long
2025-10-31,1,2025-10-30,2025-10-31,370.14,370.46000000000004,0.32000000000005,16.0000000000025,30.000000000005002,long
2025-11-03,1,2025-10-31,2025-11-03,368.13,368.90000000000003,0.7700000000000387,38.50000000000193,75.00000000000387,long
2025-11-04,1,2025-11-03,2025-11-04,368.78999999999996,363.51,-5.279999999999973,-263.99999999999864,-529.9999999999973,long
2025-11-05,1,2025-11-04,2025-11-05,362.33,366.38,4.050000000000011,202.50000000000057,403.00000000000114,long
2025-11-06,1,2025-11-05,2025-11-06,366.52,367.15000000000003,0.6300000000000523,31.500000000002615,61.00000000000523,long
2025-11-07,1,2025-11-06,2025-11-07,366.08,367.93,1.8500000000000227,92.50000000000114,183.00000000000227,long
2025-11-10,1,2025-11-07,2025-11-10,368.32,375.92,7.600000000000023,380.00000000000114,758.0000000000023,long
2025-11-11,1,2025-11-10,2025-11-11,378.39,379.97,1.580000000000041,79.00000000000205,156.0000000000041,long
2025-11-12,1,2025-11-11,2025-11-12,379.88,380.13,0.25,12.5,23.0,long
2025-11-13,1,2025-11-12,2025-11-13,386.0,387.28000000000003,1.2800000000000296,64.00000000000148,126.00000000000296,long
2025-11-14,1,2025-11-13,2025-11-14,382.88,372.92,-9.95999999999998,-497.999999999999,-997.999999999998,long
2025-11-17,1,2025-11-14,2025-11-17,375.96999999999997,374.03000000000003,-1.9399999999999409,-96.99999999999704,-195.9999999999941,long
2025-11-18,1,2025-11-17,2025-11-18,371.65999999999997,374.78000000000003,3.1200000000000614,156.00000000000307,310.00000000000614,long
2025-11-19,1,2025-11-18,2025-11-19,374.36,377.77,3.409999999999968,170.4999999999984,338.9999999999968,long
2025-11-20,1,2025-11-19,2025-11-20,374.96999999999997,375.28000000000003,0.3100000000000591,15.500000000002956,29.00000000000591,long
2025-11-21,1,2025-11-20,2025-11-21,374.86,374.02,-0.8400000000000318,-42.00000000000159,-86.00000000000318,long
2025-11-24,1,2025-11-21,2025-11-24,374.28,374.90000000000003,0.6200000000000614,31.00000000000307,60.00000000000614,long
2025-11-25,1,2025-11-24,2025-11-25,380.21,380.3,0.09000000000003183,4.500000000001592,7.000000000003183,long
2025-11-26,1,2025-11-25,2025-11-26,380.09,381.05,0.9600000000000364,48.00000000000182,94.00000000000364,long
2025-11-28,1,2025-11-26,2025-11-28,383.13,385.97,2.840000000000032,142.0000000000016,282.0000000000032,long
2025-12-01,1,2025-11-28,2025-12-01,387.89,390.58,2.6899999999999977,134.4999999999999,266.9999999999998,long
2025-12-02,1,2025-12-01,2025-12-02,389.76,388.86,-0.8999999999999773,-44.99999999999886,-91.99999999999773,long
2025-12-03,1,2025-12-02,2025-12-03,387.25,388.45,1.1999999999999886,59.99999999999943,117.99999999999886,long
2025-12-04,1,2025-12-03,2025-12-04,386.89,386.91,0.020000000000038654,1.0000000000019327,3.865352482534945e-12,long
2025-12-05,1,2025-12-04,2025-12-05,387.14,389.16,2.0200000000000387,101.00000000000193,200.00000000000387,long
2025-12-08,1,2025-12-05,2025-12-08,386.45,387.01,0.5600000000000023,28.000000000000114,54.00000000000023,long
2025-12-09,1,2025-12-08,2025-12-09,385.43,385.61,0.18000000000000682,9.000000000000341,16.000000000000682,long
2025-12-10,1,2025-12-09,2025-12-10,387.40999999999997,385.96000000000004,-1.4499999999999318,-72.49999999999659,-146.99999999999318,long
2025-12-11,1,2025-12-10,2025-12-11,389.06,388.98,-0.07999999999998408,-3.999999999999204,-9.999999999998408,long
2025-12-12,1,2025-12-11,2025-12-12,393.25,399.15000000000003,5.900000000000034,295.0000000000017,588.0000000000034,long
2025-12-15,1,2025-12-12,2025-12-15,395.45,397.79,2.340000000000032,117.00000000000159,232.00000000000318,long
2025-12-16,1,2025-12-15,2025-12-16,395.81,397.77,1.9599999999999795,97.99999999999898,193.99999999999795,long
2025-12-17,1,2025-12-16,2025-12-17,395.9,398.07,2.170000000000016,108.5000000000008,215.0000000000016,long
2025-12-18,1,2025-12-17,2025-12-18,399.3,398.32,-0.9800000000000182,-49.00000000000091,-100.00000000000182,long
2025-12-19,1,2025-12-18,2025-12-19,398.58,397.91,-0.6699999999999591,-33.499999999997954,-68.99999999999591,long
2025-12-22,1,2025-12-19,2025-12-22,399.03,406.97,7.940000000000055,397.00000000000273,792.0000000000055,long
2025-12-23,1,2025-12-22,2025-12-23,408.24,410.29,2.0500000000000114,102.50000000000057,203.00000000000114,long
2025-12-24,1,2025-12-23,2025-12-24,413.65,412.24,-1.4099999999999682,-70.49999999999841,-142.99999999999682,long
2025-12-26,1,2025-12-24,2025-12-26,411.94,416.47,4.53000000000003,226.50000000000148,451.00000000000296,long
2025-12-29,1,2025-12-26,2025-12-29,416.75,403.67,-13.079999999999984,-653.9999999999992,-1309.9999999999984,long
2025-12-30,1,2025-12-29,2025-12-30,398.61,403.59000000000003,4.980000000000018,249.0000000000009,496.0000000000018,long
2025-12-31,1,2025-12-30,2025-12-31,398.9,398.59000000000003,-0.30999999999994543,-15.499999999997272,-32.99999999999454,long
2026-01-02,1,2025-12-31,2026-01-02,396.32,401.61,5.2900000000000205,264.500000000001,527.000000000002,long
2026-01-05,1,2026-01-02,2026-01-05,398.28999999999996,406.38,8.090000000000032,404.5000000000016,807.0000000000032,long
2026-01-06,1,2026-01-05,2026-01-06,408.77,410.66,1.8900000000000432,94.50000000000216,187.00000000000432,long
2026-01-07,1,2026-01-06,2026-01-07,413.19,408.62,-4.569999999999993,-228.49999999999966,-458.9999999999993,long
2026-01-08,1,2026-01-07,2026-01-08,409.24,406.96000000000004,-2.2799999999999727,-113.99999999999864,-229.99999999999727,long
2026-01-09,1,2026-01-08,2026-01-09,411.5,413.19,1.6899999999999977,84.49999999999989,166.99999999999977,long
2026-01-12,1,2026-01-09,2026-01-12,414.48,421.69,7.2099999999999795,360.499999999999,718.999999999998,long
2026-01-13,1,2026-01-12,2026-01-13,422.24,424.59000000000003,2.3500000000000227,117.50000000000114,233.00000000000227,long
2026-01-14,1,2026-01-13,2026-01-14,421.64,426.02,4.3799999999999955,218.99999999999977,435.99999999999955,long
2026-01-15,1,2026-01-14,2026-01-15,425.95,423.01,-2.9399999999999977,-146.9999999999999,-295.9999999999998,long
2026-01-16,1,2026-01-15,2026-01-16,423.34,422.79,-0.5499999999999545,-27.499999999997726,-56.99999999999545,long
2026-01-20,1,2026-01-16,2026-01-20,421.3,436.71000000000004,15.410000000000025,770.5000000000013,1539.0000000000025,long
2026-01-21,1,2026-01-20,2026-01-21,437.24,446.86,9.620000000000005,481.0000000000002,960.0000000000005,long
2026-01-22,1,2026-01-21,2026-01-22,443.61,443.83,0.21999999999997044,10.999999999998522,19.999999999997044,long
2026-01-23,1,2026-01-22,2026-01-23,451.8,454.1,2.3000000000000114,115.00000000000057,228.00000000000114,long
2026-01-26,1,2026-01-23,2026-01-26,458.01,466.84000000000003,8.830000000000041,441.50000000000205,881.0000000000041,long
2026-01-27,1,2026-01-26,2026-01-27,464.71,465.06,0.35000000000002274,17.500000000001137,33.000000000002274,long
2026-01-28,1,2026-01-27,2026-01-28,476.11,483.39,7.279999999999973,363.99999999999864,725.9999999999973,long
2026-01-29,1,2026-01-28,2026-01-29,494.57,509.5,14.930000000000007,746.5000000000003,1491.0000000000007,long
2026-01-30,1,2026-01-29,2026-01-30,495.90999999999997,466.24,-29.66999999999996,-1483.499999999998,-2968.999999999996,long
2026-02-02,1,2026-01-30,2026-02-02,444.96,434.01,-10.949999999999989,-547.4999999999994,-1096.9999999999989,long
2026-02-03,1,2026-02-02,2026-02-03,427.14,452.62,25.480000000000018,1274.000000000001,2546.000000000002,long
2026-02-04,1,2026-02-03,2026-02-04,454.3,462.52,8.21999999999997,410.9999999999985,819.999999999997,long
2026-02-05,1,2026-02-04,2026-02-05,453.98,444.28000000000003,-9.699999999999989,-484.99999999999943,-971.9999999999989,long
2026-02-06,1,2026-02-05,2026-02-06,441.89,450.72,8.830000000000041,441.50000000000205,881.0000000000041,long
2026-02-09,1,2026-02-06,2026-02-09,455.46999999999997,461.38,5.910000000000025,295.50000000000125,589.0000000000025,long
2026-02-10,1,2026-02-09,2026-02-10,467.03999999999996,465.95,-1.089999999999975,-54.49999999999875,-110.9999999999975,long
2026-02-11,1,2026-02-10,2026-02-11,462.40999999999997,465.99,3.580000000000041,179.00000000000205,356.0000000000041,long
2026-02-12,1,2026-02-11,2026-02-12,467.64,464.89,-2.75,-137.5,-277.0,long
2026-02-13,1,2026-02-12,2026-02-13,451.4,459.72,8.32000000000005,416.0000000000025,830.000000000005,long
2026-02-17,1,2026-02-13,2026-02-17,462.63,450.25,-12.379999999999995,-618.9999999999998,-1239.9999999999995,long
2026-02-18,1,2026-02-17,2026-02-18,448.21,455.8,7.590000000000032,379.5000000000016,757.0000000000032,long
2026-02-19,1,2026-02-18,2026-02-19,458.28999999999996,457.31,-0.9799999999999613,-48.99999999999807,-99.99999999999613,long
2026-02-20,1,2026-02-19,2026-02-20,459.57,463.33,3.759999999999991,187.99999999999955,373.9999999999991,long
2026-02-23,1,2026-02-20,2026-02-23,468.63,474.64,6.009999999999991,300.49999999999955,598.9999999999991,long
2026-02-24,1,2026-02-23,2026-02-24,481.28999999999996,470.08,-11.20999999999998,-560.499999999999,-1122.999999999998,long
2026-02-25,1,2026-02-24,2026-02-25,474.62,475.73,1.1100000000000136,55.50000000000068,109.00000000000136,long
2026-02-26,1,2026-02-25,2026-02-26,473.43,474.94,1.509999999999991,75.49999999999955,148.9999999999991,long
2026-02-27,1,2026-02-26,2026-02-27,477.49,480.77,3.2799999999999727,163.99999999999864,325.99999999999727,long
2026-03-02,1,2026-02-27,2026-03-02,483.76,490.09000000000003,6.330000000000041,316.50000000000205,631.0000000000041,long
2026-03-03,1,2026-03-02,2026-03-03,490.01,472.78000000000003,-17.22999999999996,-861.4999999999981,-1724.9999999999961,long
2026-03-04,1,2026-03-03,2026-03-04,468.15,474.78000000000003,6.630000000000052,331.5000000000026,661.0000000000052,long
2026-03-05,1,2026-03-04,2026-03-05,471.81,470.41,-1.3999999999999773,-69.99999999999886,-141.99999999999773,long
2026-03-06,1,2026-03-05,2026-03-06,466.14,469.02,2.8799999999999955,143.99999999999977,285.99999999999955,long
2026-03-09,1,2026-03-06,2026-03-09,473.52,468.07,-5.449999999999989,-272.49999999999943,-546.9999999999989,long
2026-03-10,1,2026-03-09,2026-03-10,472.53999999999996,479.73,7.190000000000055,359.50000000000273,717.0000000000055,long
2026-03-11,1,2026-03-10,2026-03-11,477.87,476.12,-1.75,-87.5,-177.0,long
2026-03-12,1,2026-03-11,2026-03-12,476.25,475.01,-1.240000000000009,-62.000000000000455,-126.00000000000091,long
2026-03-13,1,2026-03-12,2026-03-13,466.89,469.3,2.410000000000025,120.50000000000125,239.0000000000025,long
2026-03-16,1,2026-03-13,2026-03-16,460.84999999999997,461.2,0.35000000000002274,17.500000000001137,33.000000000002274,long
2026-03-17,1,2026-03-16,2026-03-17,460.44,460.42,-0.01999999999998181,-0.9999999999990905,-3.999999999998181,long
2026-03-18,1,2026-03-17,2026-03-18,459.28,446.65000000000003,-12.629999999999939,-631.4999999999969,-1264.9999999999939,long
2026-03-19,1,2026-03-18,2026-03-19,444.75,420.40000000000003,-24.349999999999966,-1217.4999999999982,-2436.9999999999964,long
2026-03-20,1,2026-03-19,2026-03-20,426.42,428.12,1.6999999999999886,84.99999999999943,167.99999999999886,long
2026-03-23,1,2026-03-20,2026-03-23,413.39,404.97,-8.419999999999959,-420.99999999999795,-843.9999999999959,long
2026-03-24,1,2026-03-23,2026-03-24,404.05,400.24,-3.8100000000000023,-190.5000000000001,-383.0000000000002,long
2026-03-25,1,2026-03-24,2026-03-25,404.14,419.75,15.610000000000014,780.5000000000007,1559.0000000000014,long
2026-03-26,1,2026-03-25,2026-03-26,416.3,408.49,-7.810000000000002,-390.5000000000001,-783.0000000000002,long
2026-03-27,1,2026-03-26,2026-03-27,400.65,406.24,5.590000000000032,279.5000000000016,557.0000000000032,long
2026-03-30,1,2026-03-27,2026-03-30,414.71,419.53000000000003,4.82000000000005,241.0000000000025,480.000000000005,long
2026-03-31,1,2026-03-30,2026-03-31,414.59,420.07,5.480000000000018,274.0000000000009,546.0000000000018,long
2026-04-01,1,2026-03-31,2026-04-01,430.3,434.99,4.689999999999998,234.4999999999999,466.9999999999998,long
2026-04-02,1,2026-04-01,2026-04-02,437.83,422.28000000000003,-15.549999999999955,-777.4999999999977,-1556.9999999999955,long
2026-04-06,1,2026-04-02,2026-04-06,429.42,428.90000000000003,-0.5199999999999818,-25.99999999999909,-53.99999999999818,long
2026-04-07,1,2026-04-06,2026-04-07,427.65999999999997,427.89,0.2300000000000182,11.50000000000091,21.00000000000182,long
2026-04-08,1,2026-04-07,2026-04-08,431.82,440.07,8.25,412.5,823.0,long
2026-04-09,1,2026-04-08,2026-04-09,434.53999999999996,436.38,1.8400000000000318,92.00000000000159,182.00000000000318,long
2026-04-10,1,2026-04-09,2026-04-10,437.92,438.58,0.6599999999999682,32.99999999999841,63.99999999999682,long
2026-04-13,1,2026-04-10,2026-04-13,437.14,434.77,-2.3700000000000045,-118.50000000000023,-239.00000000000045,long
2026-04-14,1,2026-04-13,2026-04-14,435.37,439.31,3.9399999999999977,196.9999999999999,391.9999999999998,long
2026-04-15,1,2026-04-14,2026-04-15,445.09999999999997,442.82,-2.2799999999999727,-113.99999999999864,-229.99999999999727,long
2026-04-16,1,2026-04-15,2026-04-16,440.46999999999997,442.14,1.670000000000016,83.5000000000008,165.0000000000016,long
2026-04-17,1,2026-04-16,2026-04-17,440.09,445.64,5.550000000000011,277.50000000000057,553.0000000000011,long
2026-04-20,1,2026-04-17,2026-04-20,445.94,443.12,-2.819999999999993,-140.99999999999966,-283.9999999999993,long
2026-04-21,1,2026-04-20,2026-04-21,442.09999999999997,438.54,-3.5599999999999454,-177.99999999999727,-357.99999999999454,long
2026-04-22,1,2026-04-21,2026-04-22,429.58,436.3,6.720000000000027,336.00000000000136,670.0000000000027,long
2026-04-23,1,2026-04-22,2026-04-23,435.27,433.95,-1.3199999999999932,-65.99999999999966,-133.99999999999932,long
2026-04-24,1,2026-04-23,2026-04-24,431.05,431.33,0.2799999999999727,13.999999999998636,25.99999999999727,long
2026-04-27,1,2026-04-24,2026-04-27,433.26,431.65000000000003,-1.6099999999999568,-80.49999999999784,-162.99999999999568,long
2026-04-28,1,2026-04-27,2026-04-28,429.9,420.71000000000004,-9.18999999999994,-459.49999999999704,-920.9999999999941,long
2026-04-29,1,2026-04-28,2026-04-29,421.92,416.73,-5.189999999999998,-259.4999999999999,-520.9999999999998,long
2026-04-30,1,2026-04-29,2026-04-30,417.42,425.40000000000003,7.980000000000018,399.0000000000009,796.0000000000018,long
2026-05-01,1,2026-04-30,2026-05-01,423.67,421.29,-2.3799999999999955,-118.99999999999977,-239.99999999999955,long
2026-05-04,1,2026-05-01,2026-05-04,423.19,418.83,-4.360000000000014,-218.00000000000068,-438.00000000000136,long
2026-05-05,1,2026-05-04,2026-05-05,414.71999999999997,420.14,5.420000000000016,271.0000000000008,540.0000000000016,long
2026-05-06,1,2026-05-05,2026-05-06,418.28,430.14,11.860000000000014,593.0000000000007,1184.0000000000014,long
2026-05-07,1,2026-05-06,2026-05-07,430.96999999999997,435.59000000000003,4.620000000000061,231.00000000000307,460.00000000000614,long
2026-05-08,1,2026-05-07,2026-05-08,431.69,434.04,2.3500000000000227,117.50000000000114,233.00000000000227,long
2026-05-11,1,2026-05-08,2026-05-11,433.78,434.17,0.3900000000000432,19.50000000000216,37.00000000000432,long
2026-05-12,1,2026-05-11,2026-05-12,434.65999999999997,430.72,-3.939999999999941,-196.99999999999704,-395.9999999999941,long
2026-05-13,1,2026-05-12,2026-05-13,432.94,430.57,-2.3700000000000045,-118.50000000000023,-239.00000000000045,long
2026-05-14,1,2026-05-13,2026-05-14,430.51,430.35,-0.15999999999996817,-7.999999999998408,-17.999999999996817,long
2026-05-15,1,2026-05-14,2026-05-15,427.21999999999997,417.64,-9.579999999999984,-478.9999999999992,-959.9999999999984,long
2026-05-18,1,2026-05-15,2026-05-18,417.3,419.77,2.4699999999999704,123.49999999999852,244.99999999999704,long
2026-05-19,1,2026-05-18,2026-05-19,418.44,412.44,-6.0,-300.0,-602.0,long
2026-05-20,1,2026-05-19,2026-05-20,411.51,412.13,0.6200000000000045,31.000000000000227,60.000000000000455,long
2026-05-21,1,2026-05-20,2026-05-21,417.40999999999997,413.13,-4.279999999999973,-213.99999999999864,-429.99999999999727,long
2026-05-22,1,2026-05-21,2026-05-22,417.0,415.16,-1.839999999999975,-91.99999999999875,-185.9999999999975,long
2026-05-26,1,2026-05-22,2026-05-26,413.83,415.17,1.3400000000000318,67.00000000000159,132.00000000000318,long
2026-05-27,1,2026-05-26,2026-05-27,414.01,404.33,-9.680000000000007,-484.00000000000034,-970.0000000000007,long
2026-05-28,1,2026-05-27,2026-05-28,408.5,406.47,-2.0299999999999727,-101.49999999999864,-204.99999999999727,long
2026-05-29,1,2026-05-28,2026-05-29,412.78,415.64,2.8600000000000136,143.00000000000068,284.00000000000136,long
2026-06-01,1,2026-05-29,2026-06-01,417.13,409.85,-7.279999999999973,-363.99999999999864,-729.9999999999973,long
2026-06-02,1,2026-06-01,2026-06-02,411.27,414.07,2.8000000000000114,140.00000000000057,278.00000000000114,long
2026-06-03,1,2026-06-02,2026-06-03,411.96,408.37,-3.589999999999975,-179.49999999999875,-360.9999999999975,long
2026-06-04,1,2026-06-03,2026-06-04,407.88,413.34000000000003,5.460000000000036,273.0000000000018,544.0000000000036,long
2026-06-05,1,2026-06-04,2026-06-05,411.28,404.28000000000003,-6.999999999999943,-349.99999999999716,-701.9999999999943,long
2026-06-08,1,2026-06-05,2026-06-08,396.25,397.51,1.259999999999991,62.999999999999545,123.99999999999909,long
2026-06-09,1,2026-06-08,2026-06-09,397.28,397.52,0.2400000000000091,12.000000000000455,22.00000000000091,long
2026-06-10,1,2026-06-09,2026-06-10,390.78999999999996,380.83,-9.95999999999998,-497.999999999999,-997.999999999998,long
2026-06-11,1,2026-06-10,2026-06-11,374.59,373.95,-0.6399999999999864,-31.999999999999318,-65.99999999999864,long
2026-06-12,1,2026-06-11,2026-06-12,386.33,385.71000000000004,-0.6199999999999477,-30.999999999997385,-63.99999999999477,long
2026-06-15,1,2026-06-12,2026-06-15,386.55,399.51,12.95999999999998,647.999999999999,1293.999999999998,long
2026-06-16,1,2026-06-15,2026-06-16,396.56,397.82,1.259999999999991,62.999999999999545,123.99999999999909,long
2026-06-17,1,2026-06-16,2026-06-17,397.64,397.81,0.17000000000001592,8.500000000000796,15.000000000001592,long
2026-06-18,1,2026-06-17,2026-06-18,388.61,391.22,2.6100000000000136,130.50000000000068,259.00000000000136,long
2026-06-22,1,2026-06-18,2026-06-22,387.13,384.21000000000004,-2.919999999999959,-145.99999999999795,-293.9999999999959,long
2026-06-23,1,2026-06-22,2026-06-23,384.59999999999997,377.67,-6.92999999999995,-346.4999999999975,-694.999999999995,long
2026-06-24,1,2026-06-23,2026-06-24,377.33,364.8,-12.529999999999973,-626.4999999999986,-1254.9999999999973,long
2026-06-25,1,2026-06-24,2026-06-25,365.93,368.94,3.009999999999991,150.49999999999955,298.9999999999991,long
2026-06-26,1,2026-06-25,2026-06-26,369.46999999999997,372.26,2.7900000000000205,139.50000000000102,277.00000000000205,long
2026-06-29,1,2026-06-26,2026-06-29,373.64,370.57,-3.069999999999993,-153.49999999999966,-308.9999999999993,long
2026-06-30,1,2026-06-29,2026-06-30,368.59,369.21000000000004,0.6200000000000614,31.00000000000307,60.00000000000614,long
2026-07-01,1,2026-06-30,2026-07-01,368.39,371.14,2.75,137.5,273.0,long
2026-07-02,1,2026-07-01,2026-07-02,370.61,377.43,6.819999999999993,340.99999999999966,679.9999999999993,long
2026-07-06,1,2026-07-02,2026-07-06,378.14,380.03000000000003,1.8900000000000432,94.50000000000216,187.00000000000432,long
2026-07-07,1,2026-07-06,2026-07-07,382.14,382.38,0.2400000000000091,12.000000000000455,22.00000000000091,long
2026-07-08,1,2026-07-07,2026-07-08,377.5,373.16,-4.339999999999975,-216.99999999999875,-435.9999999999975,long
2026-07-09,1,2026-07-08,2026-07-09,374.46,378.5,4.0400000000000205,202.00000000000102,402.00000000000205,long
2026-07-10,1,2026-07-09,2026-07-10,378.19,374.99,-3.1999999999999886,-159.99999999999943,-321.99999999999886,long
2026-07-13,1,2026-07-10,2026-07-13,377.02,372.76,-4.259999999999991,-212.99999999999955,-427.9999999999991,long
2026-07-14,1,2026-07-13,2026-07-14,367.14,374.5,7.360000000000014,368.0000000000007,734.0000000000014,long
2026-07-15,1,2026-07-14,2026-07-15,372.15999999999997,372.1,-0.05999999999994543,-2.9999999999972715,-7.999999999994543,long
2026-07-16,1,2026-07-15,2026-07-16,372.36,367.44,-4.920000000000016,-246.0000000000008,-494.0000000000016,long
2026-07-17,1,2026-07-16,2026-07-17,364.96999999999997,364.1,-0.8699999999999477,-43.499999999997385,-88.99999999999477,long
2026-07-20,1,2026-07-17,2026-07-20,368.42,367.78000000000003,-0.6399999999999864,-31.999999999999318,-65.99999999999864,long
2026-07-21,1,2026-07-20,2026-07-21,367.61,371.69,4.079999999999984,203.9999999999992,405.9999999999984,long
2026-07-22,1,2026-07-21,2026-07-22,374.82,379.06,4.240000000000009,212.00000000000045,422.0000000000009,long
2026-07-23,1,2026-07-22,2026-07-23,379.13,372.26,-6.8700000000000045,-343.5000000000002,-689.0000000000005,long
2026-07-24,1,2026-07-23,2026-07-24,371.53,371.25,-0.2799999999999727,-13.999999999998636,-29.99999999999727,long
2026-07-27,1,2026-07-24,2026-07-27,371.90999999999997,373.88,1.9700000000000273,98.50000000000136,195.00000000000273,long
2026-07-28,1,2026-07-27,2026-07-28,374.64,369.56,-5.079999999999984,-253.9999999999992,-509.9999999999984,long
2026-07-29,1,2026-07-28,2026-07-29,369.38,368.28000000000003,-1.099999999999966,-54.999999999998295,-111.99999999999659,long
2026-07-30,1,2026-07-29,2026-07-30,371.09,374.15000000000003,3.060000000000059,153.00000000000296,304.0000000000059,long
2026-07-31,1,2026-07-30,2026-07-31,377.17,370.83,-6.340000000000032,-317.0000000000016,-636.0000000000032,long
2026-08-03,1,2026-07-31,2026-08-03,371.55,370.03000000000003,-1.5199999999999818,-75.99999999999909,-153.99999999999818,long
2026-08-04,1,2026-08-03,2026-08-04,371.71999999999997,374.13,2.410000000000025,120.50000000000125,239.0000000000025,long
2026-08-05,1,2026-08-04,2026-08-05,374.17,384.95,10.779999999999973,538.9999999999986,1075.9999999999973,long
2026-08-06,1,2026-08-05,2026-08-06,389.65,389.49,-0.15999999999996817,-7.999999999998408,-17.999999999996817,long
2026-08-07,1,2026-08-06,2026-08-07,389.68,399.59000000000003,9.910000000000025,495.50000000000125,989.0000000000025,long
2026-08-10,1,2026-08-07,2026-08-10,398.48,397.7,-0.7800000000000296,-39.00000000000148,-80.00000000000296,long
2026-08-11,1,2026-08-10,2026-08-11,402.55,403.47,0.9200000000000159,46.000000000000796,90.00000000000159,long
2026-08-12,1,2026-08-11,2026-08-12,400.96999999999997,405.3,4.330000000000041,216.50000000000205,431.0000000000041,long
2026-08-13,1,2026-08-12,2026-08-13,404.93,402.13,-2.8000000000000114,-140.00000000000057,-282.00000000000114,long
2026-08-14,1,2026-08-13,2026-08-14,398.96999999999997,402.17,3.2000000000000455,160.00000000000227,318.00000000000455,long
2026-08-17,1,2026-08-14,2026-08-17,401.49,402.33,0.839999999999975,41.99999999999875,81.9999999999975,long
2026-08-18,1,2026-08-17,2026-08-18,405.5,402.48,-3.019999999999982,-150.9999999999991,-303.9999999999982,long
2026-08-19,1,2026-08-18,2026-08-19,398.56,408.87,10.310000000000002,515.5000000000001,1029.0000000000002,long
2026-08-20,1,2026-08-19,2026-08-20,413.84999999999997,410.03000000000003,-3.8199999999999363,-190.99999999999682,-383.99999999999363,long
2026-08-21,1,2026-08-20,2026-08-21,415.27,420.40000000000003,5.130000000000052,256.5000000000026,511.00000000000523,long
2026-08-24,1,2026-08-21,2026-08-24,423.37,428.61,5.240000000000009,262.00000000000045,522.0000000000009,long
2026-08-25,1,2026-08-24,2026-08-25,426.7,422.76,-3.9399999999999977,-196.9999999999999,-395.9999999999998,long
2026-08-26,1,2026-08-25,2026-08-26,428.08,422.87,-5.2099999999999795,-260.499999999999,-522.999999999998,long
2026-08-27,1,2026-08-26,2026-08-27,421.33,420.8,-0.5299999999999727,-26.499999999998636,-54.99999999999727,long
2026-08-28,1,2026-08-27,2026-08-28,422.61,422.17,-0.4399999999999977,-21.999999999999886,-45.99999999999977,long
2026-08-31,1,2026-08-28,2026-08-31,408.9,407.79,-1.1099999999999568,-55.49999999999784,-112.99999999999568,long
2026-09-01,1,2026-08-31,2026-09-01,408.43,398.28000000000003,-10.149999999999977,-507.49999999999886,-1016.9999999999977,long
2026-09-02,1,2026-09-01,2026-09-02,396.76,399.67,2.910000000000025,145.50000000000125,289.0000000000025,long
2026-09-03,1,2026-09-02,2026-09-03,402.78999999999996,410.7,7.910000000000025,395.50000000000125,789.0000000000025,long
2026-09-04,1,2026-09-03,2026-09-04,410.23,404.7,-5.53000000000003,-276.5000000000015,-555.000000000003,long
2026-09-08,1,2026-09-04,2026-09-08,406.78,403.46000000000004,-3.3199999999999363,-165.99999999999682,-333.99999999999363,long
2026-09-09,1,2026-09-08,2026-09-09,399.73,406.1,6.3700000000000045,318.5000000000002,635.0000000000005,long
2026-09-10,1,2026-09-09,2026-09-10,403.36,399.49,-3.8700000000000045,-193.50000000000023,-389.00000000000045,long
2026-09-11,1,2026-09-10,2026-09-11,396.37,402.52,6.149999999999977,307.49999999999886,612.9999999999977,long
2026-09-14,1,2026-09-11,2026-09-14,398.78,391.86,-6.919999999999959,-345.99999999999795,-693.9999999999959,long
2026-09-15,1,2026-09-14,2026-09-15,392.84999999999997,393.1,0.25000000000005684,12.500000000002842,23.000000000005684,long
2026-09-16,1,2026-09-15,2026-09-16,394.15999999999997,398.95,4.7900000000000205,239.50000000000102,477.00000000000205,long
2026-09-17,1,2026-09-16,2026-09-17,391.75,400.26,8.509999999999991,425.49999999999955,848.9999999999991,long
2026-09-18,1,2026-09-17,2026-09-18,398.37,400.47,2.1000000000000227,105.00000000000114,208.00000000000227,long
2026-09-21,1,2026-09-18,2026-09-21,401.18,400.12,-1.0600000000000023,-53.000000000000114,-108.00000000000023,long
2026-09-22,1,2026-09-21,2026-09-22,398.39,397.06,-1.329999999999984,-66.4999999999992,-134.9999999999984,long
2026-09-23,1,2026-09-22,2026-09-23,400.08,395.33,-4.75,-237.5,-477.0,long
2026-09-24,1,2026-09-23,2026-09-24,392.89,391.93,-0.9599999999999795,-47.99999999999898,-97.99999999999795,long
