date,side,entry_time,exit_time,entry,exit,pts,r_mult,pnl,reason
2016-09-28,1,2016-09-27,2016-09-28,33.455,33.63,0.17500000000000426,8.750000000000213,15.500000000000426,long
2016-09-29,1,2016-09-28,2016-09-29,34.9,34.855000000000004,-0.0449999999999946,-2.24999999999973,-6.49999999999946,long
2016-09-30,1,2016-09-29,2016-09-30,34.839999999999996,35.065000000000005,0.22500000000000853,11.250000000000426,20.500000000000853,long
2016-10-03,1,2016-09-30,2016-10-03,35.315,35.355000000000004,0.04000000000000625,2.0000000000003126,2.0000000000006253,long
2016-10-04,1,2016-10-03,2016-10-04,35.29,35.300000000000004,0.010000000000005116,0.5000000000002558,-0.9999999999994884,long
2016-10-05,1,2016-10-04,2016-10-05,34.93,35.265,0.33500000000000085,16.750000000000043,31.500000000000085,long
2016-10-06,1,2016-10-05,2016-10-06,35.464999999999996,35.550000000000004,0.08500000000000796,4.250000000000398,6.500000000000796,long
2016-10-07,1,2016-10-06,2016-10-07,35.519999999999996,35.505,-0.014999999999993463,-0.7499999999996732,-3.4999999999993463,long
2016-10-10,1,2016-10-07,2016-10-10,35.315,35.645,0.3300000000000054,16.50000000000027,31.00000000000054,long
2016-10-11,1,2016-10-10,2016-10-11,35.87,35.715,-0.15499999999999403,-7.749999999999702,-17.499999999999403,long
2016-10-12,1,2016-10-11,2016-10-12,35.46,35.29,-0.1700000000000017,-8.500000000000085,-19.00000000000017,long
2016-10-13,1,2016-10-12,2016-10-13,35.309999999999995,35.07,-0.23999999999999488,-11.999999999999744,-25.99999999999949,long
2016-10-14,1,2016-10-13,2016-10-14,35.114999999999995,35.275,0.1600000000000037,8.000000000000185,14.00000000000037,long
2016-10-17,1,2016-10-14,2016-10-17,34.91,34.885000000000005,-0.024999999999991473,-1.2499999999995737,-4.499999999999147,long
2016-10-18,1,2016-10-17,2016-10-18,34.739999999999995,35.065000000000005,0.32500000000000995,16.250000000000497,30.500000000000995,long
2016-10-19,1,2016-10-18,2016-10-19,34.879999999999995,35.13,0.2500000000000071,12.500000000000355,23.00000000000071,long
2016-10-20,1,2016-10-19,2016-10-20,35.375,35.145,-0.22999999999999687,-11.499999999999844,-24.999999999999687,long
2016-10-21,1,2016-10-20,2016-10-21,35.335,35.085,-0.25,-12.5,-27.0,long
2016-10-24,1,2016-10-21,2016-10-24,35.105,35.085,-0.01999999999999602,-0.999999999999801,-3.999999999999602,long
2016-10-25,1,2016-10-24,2016-10-25,35.0,34.97,-0.030000000000001137,-1.5000000000000568,-5.000000000000114,long
2016-10-26,1,2016-10-25,2016-10-26,34.839999999999996,34.52,-0.3199999999999932,-15.999999999999659,-33.99999999999932,long
2016-10-27,1,2016-10-26,2016-10-27,34.919999999999995,35.045,0.1250000000000071,6.250000000000355,10.50000000000071,long
2016-10-28,1,2016-10-27,2016-10-28,34.79,34.71,-0.0799999999999983,-3.9999999999999147,-9.99999999999983,long
2016-10-31,1,2016-10-28,2016-10-31,34.695,34.550000000000004,-0.14499999999999602,-7.249999999999801,-16.499999999999602,long
2016-11-01,1,2016-10-31,2016-11-01,34.32,34.555,0.23499999999999943,11.749999999999972,21.499999999999943,long
2016-11-02,1,2016-11-01,2016-11-02,34.324999999999996,33.99,-0.33499999999999375,-16.749999999999687,-35.499999999999375,long
2016-11-03,1,2016-11-02,2016-11-03,33.945,33.925000000000004,-0.01999999999999602,-0.999999999999801,-3.999999999999602,long
2016-11-04,1,2016-11-03,2016-11-04,34.08,33.89,-0.18999999999999773,-9.499999999999886,-20.999999999999773,long
2016-11-07,1,2016-11-04,2016-11-07,33.894999999999996,34.28,0.3850000000000051,19.250000000000256,36.50000000000051,long
2016-11-08,1,2016-11-07,2016-11-08,34.625,34.435,-0.18999999999999773,-9.499999999999886,-20.999999999999773,long
2016-11-09,1,2016-11-08,2016-11-09,34.669999999999995,34.77,0.10000000000000853,5.000000000000426,8.000000000000853,long
2016-11-10,1,2016-11-09,2016-11-10,35.235,35.17,-0.06499999999999773,-3.2499999999998863,-8.499999999999773,long
2016-11-11,1,2016-11-10,2016-11-11,35.385,35.155,-0.22999999999999687,-11.499999999999844,-24.999999999999687,long
2016-11-14,1,2016-11-11,2016-11-14,34.739999999999995,34.595,-0.14499999999999602,-7.249999999999801,-16.499999999999602,long
2016-11-15,1,2016-11-14,2016-11-15,34.934999999999995,35.195,0.2600000000000051,13.000000000000256,24.00000000000051,long
2016-11-16,1,2016-11-15,2016-11-16,35.919999999999995,35.82,-0.09999999999999432,-4.999999999999716,-11.999999999999432,long
2016-11-17,1,2016-11-16,2016-11-17,35.669999999999995,35.95,0.28000000000000824,14.000000000000412,26.000000000000824,long
2016-11-18,1,2016-11-17,2016-11-18,35.43,35.535000000000004,0.10500000000000398,5.250000000000199,8.500000000000398,long
2016-11-21,1,2016-11-18,2016-11-21,35.574999999999996,36.055,0.480000000000004,24.0000000000002,46.0000000000004,long
2016-11-22,1,2016-11-21,2016-11-22,36.419999999999995,36.410000000000004,-0.009999999999990905,-0.49999999999954525,-2.9999999999990905,long
2016-11-23,1,2016-11-22,2016-11-23,36.4,36.205000000000005,-0.19499999999999318,-9.749999999999659,-21.499999999999318,long
2016-11-25,1,2016-11-23,2016-11-25,36.55,36.375,-0.17499999999999716,-8.749999999999858,-19.499999999999716,long
2016-11-28,1,2016-11-25,2016-11-28,36.37,36.525,0.15500000000000114,7.750000000000057,13.500000000000114,long
2016-11-29,1,2016-11-28,2016-11-29,35.864999999999995,35.29,-0.5749999999999957,-28.749999999999787,-59.499999999999574,long
2016-11-30,1,2016-11-29,2016-11-30,35.425,36.685,1.2600000000000051,63.000000000000256,124.00000000000051,long
2016-12-01,1,2016-11-30,2016-12-01,37.225,37.895,0.6700000000000017,33.500000000000085,65.00000000000017,long
2016-12-02,1,2016-12-01,2016-12-02,37.315,37.330000000000005,0.015000000000007674,0.7500000000003837,-0.4999999999992326,long
2016-12-05,1,2016-12-02,2016-12-05,37.425,37.745000000000005,0.3200000000000074,16.00000000000037,30.00000000000074,long
2016-12-06,1,2016-12-05,2016-12-06,37.754999999999995,37.510000000000005,-0.24499999999999034,-12.249999999999517,-26.499999999999034,long
2016-12-07,1,2016-12-06,2016-12-07,37.684999999999995,37.580000000000005,-0.10499999999998977,-5.249999999999488,-12.499999999998977,long
2016-12-08,1,2016-12-07,2016-12-08,37.985,38.065000000000005,0.0800000000000054,4.00000000000027,6.00000000000054,long
2016-12-09,1,2016-12-08,2016-12-09,38.19,38.370000000000005,0.18000000000000682,9.000000000000341,16.000000000000682,long
2016-12-12,1,2016-12-09,2016-12-12,38.309999999999995,39.13,0.8200000000000074,41.00000000000037,80.00000000000074,long
2016-12-13,1,2016-12-12,2016-12-13,38.489999999999995,38.760000000000005,0.27000000000001023,13.500000000000512,25.000000000001023,long
2016-12-14,1,2016-12-13,2016-12-14,38.925,38.72,-0.2049999999999983,-10.249999999999915,-22.49999999999983,long
2016-12-15,1,2016-12-14,2016-12-15,38.144999999999996,37.965,-0.1799999999999926,-8.99999999999963,-19.99999999999926,long
2016-12-16,1,2016-12-15,2016-12-16,38.23,38.24,0.010000000000005116,0.5000000000002558,-0.9999999999994884,long
2016-12-19,1,2016-12-16,2016-12-19,38.265,38.245000000000005,-0.01999999999999602,-0.999999999999801,-3.999999999999602,long
2016-12-20,1,2016-12-19,2016-12-20,38.089999999999996,38.265,0.17500000000000426,8.750000000000213,15.500000000000426,long
2016-12-21,1,2016-12-20,2016-12-21,38.004999999999995,38.09,0.08500000000000796,4.250000000000398,6.500000000000796,long
2016-12-22,1,2016-12-21,2016-12-22,38.065,38.065000000000005,7.105427357601002e-15,3.552713678800501e-13,-1.9999999999992895,long
2016-12-23,1,2016-12-22,2016-12-23,38.22,38.14,-0.0799999999999983,-3.9999999999999147,-9.99999999999983,long
2016-12-27,1,2016-12-23,2016-12-27,38.184999999999995,38.225,0.04000000000000625,2.0000000000003126,2.0000000000006253,long
2016-12-28,1,2016-12-27,2016-12-28,38.269999999999996,38.335,0.06500000000000483,3.2500000000002416,4.500000000000483,long
2016-12-29,1,2016-12-28,2016-12-29,37.855,37.78,-0.07499999999999574,-3.749999999999787,-9.499999999999574,long
2016-12-30,1,2016-12-29,2016-12-30,37.78,37.725,-0.054999999999999716,-2.749999999999986,-7.499999999999972,long
2017-01-03,1,2016-12-30,2017-01-03,37.669999999999995,38.045,0.3750000000000071,18.750000000000355,35.50000000000071,long
2017-01-04,1,2017-01-03,2017-01-04,38.095,38.09,-0.0049999999999954525,-0.24999999999977263,-2.4999999999995453,long
2017-01-05,1,2017-01-04,2017-01-05,38.015,38.02,0.005000000000002558,0.2500000000001279,-1.4999999999997442,long
2017-01-06,1,2017-01-05,2017-01-06,37.919999999999995,38.02,0.10000000000000853,5.000000000000426,8.000000000000853,long
2017-01-09,1,2017-01-06,2017-01-09,37.955,37.685,-0.269999999999996,-13.499999999999801,-28.999999999999602,long
2017-01-10,1,2017-01-09,2017-01-10,37.405,37.355000000000004,-0.04999999999999716,-2.499999999999858,-6.999999999999716,long
2017-01-11,1,2017-01-10,2017-01-11,37.065,37.175000000000004,0.11000000000000654,5.500000000000327,9.000000000000654,long
2017-01-12,1,2017-01-11,2017-01-12,37.464999999999996,37.655,0.19000000000000483,9.500000000000242,17.000000000000483,long
2017-01-13,1,2017-01-12,2017-01-13,37.309999999999995,37.24,-0.06999999999999318,-3.499999999999659,-8.999999999999318,long
2017-01-17,1,2017-01-13,2017-01-17,37.199999999999996,37.230000000000004,0.030000000000008242,1.5000000000004121,1.0000000000008242,long
2017-01-18,1,2017-01-17,2017-01-18,37.43,37.205000000000005,-0.22499999999999432,-11.249999999999716,-24.49999999999943,long
2017-01-19,1,2017-01-18,2017-01-19,37.345,37.325,-0.01999999999999602,-0.999999999999801,-3.999999999999602,long
2017-01-20,1,2017-01-19,2017-01-20,37.14,37.370000000000005,0.23000000000000398,11.500000000000199,21.000000000000398,long
2017-01-23,1,2017-01-20,2017-01-23,37.28,37.09,-0.18999999999999773,-9.499999999999886,-20.999999999999773,long
2017-01-24,1,2017-01-23,2017-01-24,36.885,37.010000000000005,0.1250000000000071,6.250000000000355,10.50000000000071,long
2017-01-25,1,2017-01-24,2017-01-25,37.29,37.28,-0.00999999999999801,-0.4999999999999005,-2.999999999999801,long
2017-01-26,1,2017-01-25,2017-01-26,37.485,37.585,0.10000000000000142,5.000000000000071,8.000000000000142,long
2017-01-27,1,2017-01-26,2017-01-27,37.515,37.265,-0.25,-12.5,-27.0,long
2017-01-30,1,2017-01-27,2017-01-30,37.125,36.935,-0.18999999999999773,-9.499999999999886,-20.999999999999773,long
2017-01-31,1,2017-01-30,2017-01-31,36.445,36.445,0.0,0.0,-2.0,long
2017-02-01,1,2017-01-31,2017-02-01,36.46,36.635000000000005,0.17500000000000426,8.750000000000213,15.500000000000426,long
2017-02-02,1,2017-02-01,2017-02-02,36.19,36.230000000000004,0.04000000000000625,2.0000000000003126,2.0000000000006253,long
2017-02-03,1,2017-02-02,2017-02-03,36.394999999999996,36.52,0.1250000000000071,6.250000000000355,10.50000000000071,long
2017-02-06,1,2017-02-03,2017-02-06,36.71,36.745000000000005,0.035000000000003695,1.7500000000001847,1.5000000000003695,long
2017-02-07,1,2017-02-06,2017-02-07,36.4,36.22,-0.17999999999999972,-8.999999999999986,-19.99999999999997,long
2017-02-08,1,2017-02-07,2017-02-08,35.885,35.7,-0.18499999999999517,-9.249999999999758,-20.499999999999517,long
2017-02-09,1,2017-02-08,2017-02-09,35.97,36.165,0.19500000000000028,9.750000000000014,17.50000000000003,long
2017-02-10,1,2017-02-09,2017-02-10,36.375,36.645,0.2700000000000031,13.500000000000156,25.000000000000313,long
2017-02-13,1,2017-02-10,2017-02-13,36.65,36.555,-0.09499999999999886,-4.749999999999943,-11.499999999999886,long
2017-02-14,1,2017-02-13,2017-02-14,36.72,36.805,0.08500000000000085,4.250000000000043,6.500000000000085,long
2017-02-15,1,2017-02-14,2017-02-15,36.839999999999996,36.71,-0.12999999999999545,-6.499999999999773,-14.999999999999545,long
2017-02-16,1,2017-02-15,2017-02-16,36.695,36.71,0.015000000000000568,0.7500000000000284,-0.49999999999994316,long
2017-02-17,1,2017-02-16,2017-02-17,36.195,35.99,-0.2049999999999983,-10.249999999999915,-22.49999999999983,long
2017-02-21,1,2017-02-17,2017-02-21,35.995,36.315000000000005,0.3200000000000074,16.00000000000037,30.00000000000074,long
2017-02-22,1,2017-02-21,2017-02-22,36.239999999999995,36.050000000000004,-0.18999999999999062,-9.499999999999531,-20.999999999999062,long
2017-02-23,1,2017-02-22,2017-02-23,35.69,36.07,0.38000000000000256,19.000000000000128,36.000000000000256,long
2017-02-24,1,2017-02-23,2017-02-24,35.839999999999996,35.56,-0.27999999999999403,-13.999999999999702,-29.999999999999403,long
2017-02-27,1,2017-02-24,2017-02-27,35.504999999999995,35.510000000000005,0.005000000000009663,0.25000000000048317,-1.4999999999990337,long
2017-02-28,1,2017-02-27,2017-02-28,35.809999999999995,35.685,-0.1249999999999929,-6.249999999999645,-14.49999999999929,long
2017-03-01,1,2017-02-28,2017-03-01,35.699999999999996,36.010000000000005,0.3100000000000094,15.500000000000469,29.000000000000938,long
2017-03-02,1,2017-03-01,2017-03-02,36.415,36.215,-0.19999999999999574,-9.999999999999787,-21.999999999999574,long
2017-03-03,1,2017-03-02,2017-03-03,36.07,36.11,0.03999999999999915,1.9999999999999574,1.9999999999999147,long
2017-03-06,1,2017-03-03,2017-03-06,36.004999999999995,35.925000000000004,-0.07999999999999119,-3.9999999999995595,-9.999999999999119,long
2017-03-07,1,2017-03-06,2017-03-07,36.085,36.195,0.10999999999999943,5.499999999999972,8.999999999999943,long
2017-03-08,1,2017-03-07,2017-03-08,35.765,35.6,-0.16499999999999915,-8.249999999999957,-18.499999999999915,long
2017-03-09,1,2017-03-08,2017-03-09,34.835,34.64,-0.19500000000000028,-9.750000000000014,-21.50000000000003,long
2017-03-10,1,2017-03-09,2017-03-10,35.065,35.27,0.2050000000000054,10.25000000000027,18.50000000000054,long
2017-03-13,1,2017-03-10,2017-03-13,35.015,34.96,-0.054999999999999716,-2.749999999999986,-7.499999999999972,long
2017-03-14,1,2017-03-13,2017-03-14,35.019999999999996,34.730000000000004,-0.28999999999999204,-14.499999999999602,-30.999999999999204,long
2017-03-15,1,2017-03-14,2017-03-15,34.625,34.9,0.2749999999999986,13.749999999999929,25.499999999999858,long
2017-03-16,1,2017-03-15,2017-03-16,35.394999999999996,35.45,0.05500000000000682,2.750000000000341,3.500000000000682,long
2017-03-17,1,2017-03-16,2017-03-17,35.144999999999996,35.06,-0.08499999999999375,-4.249999999999687,-10.499999999999375,long
2017-03-20,1,2017-03-17,2017-03-20,34.91,34.775,-0.134999999999998,-6.7499999999999005,-15.499999999999801,long
2017-03-21,1,2017-03-20,2017-03-21,34.86,35.005,0.14500000000000313,7.250000000000156,12.500000000000313,long
2017-03-22,1,2017-03-21,2017-03-22,34.614999999999995,34.49,-0.1249999999999929,-6.249999999999645,-14.49999999999929,long
2017-03-23,1,2017-03-22,2017-03-23,34.565,34.445,-0.11999999999999744,-5.999999999999872,-13.999999999999744,long
2017-03-24,1,2017-03-23,2017-03-24,34.425,34.455000000000005,0.030000000000008242,1.5000000000004121,1.0000000000008242,long
2017-03-27,1,2017-03-24,2017-03-27,34.29,33.945,-0.34499999999999886,-17.249999999999943,-36.499999999999886,long
2017-03-28,1,2017-03-27,2017-03-28,34.129999999999995,34.160000000000004,0.030000000000008242,1.5000000000004121,1.0000000000008242,long
2017-03-29,1,2017-03-28,2017-03-29,34.614999999999995,34.59,-0.024999999999991473,-1.2499999999995737,-4.499999999999147,long
2017-03-30,1,2017-03-29,2017-03-30,35.089999999999996,35.29,0.20000000000000284,10.000000000000142,18.000000000000284,long
2017-03-31,1,2017-03-30,2017-03-31,35.08,34.945,-0.134999999999998,-6.7499999999999005,-15.499999999999801,long
2017-04-03,1,2017-03-31,2017-04-03,34.96,34.995000000000005,0.035000000000003695,1.7500000000001847,1.5000000000003695,long
2017-04-04,1,2017-04-03,2017-04-04,34.9,34.955000000000005,0.05500000000000682,2.750000000000341,3.500000000000682,long
2017-04-05,1,2017-04-04,2017-04-05,35.155,35.43,0.2749999999999986,13.749999999999929,25.499999999999858,long
2017-04-06,1,2017-04-05,2017-04-06,35.044999999999995,35.165,0.12000000000000455,6.000000000000227,10.000000000000455,long
2017-04-07,1,2017-04-06,2017-04-07,35.324999999999996,35.325,7.105427357601002e-15,3.552713678800501e-13,-1.9999999999992895,long
2017-04-10,1,2017-04-07,2017-04-10,35.19,35.365,0.17500000000000426,8.750000000000213,15.500000000000426,long
2017-04-11,1,2017-04-10,2017-04-11,35.455,35.49,0.035000000000003695,1.7500000000001847,1.5000000000003695,long
2017-04-12,1,2017-04-11,2017-04-12,35.46,35.475,0.015000000000000568,0.7500000000000284,-0.49999999999994316,long
2017-04-13,1,2017-04-12,2017-04-13,35.309999999999995,35.260000000000005,-0.04999999999999005,-2.4999999999995026,-6.999999999999005,long
2017-04-17,1,2017-04-13,2017-04-17,34.665,34.635000000000005,-0.02999999999999403,-1.4999999999997016,-4.999999999999403,long
2017-04-18,1,2017-04-17,2017-04-18,34.739999999999995,34.565000000000005,-0.17499999999999005,-8.749999999999503,-19.499999999999005,long
2017-04-19,1,2017-04-18,2017-04-19,34.415,34.480000000000004,0.06500000000000483,3.2500000000002416,4.500000000000483,long
2017-04-20,1,2017-04-19,2017-04-20,33.91,33.99,0.0800000000000054,4.00000000000027,6.00000000000054,long
2017-04-21,1,2017-04-20,2017-04-21,34.074999999999996,33.910000000000004,-0.16499999999999204,-8.249999999999602,-18.499999999999204,long
2017-04-24,1,2017-04-21,2017-04-24,33.905,34.135000000000005,0.23000000000000398,11.500000000000199,21.000000000000398,long
2017-04-25,1,2017-04-24,2017-04-25,34.105,34.17,0.06500000000000483,3.2500000000002416,4.500000000000483,long
2017-04-26,1,2017-04-25,2017-04-26,34.394999999999996,34.215,-0.1799999999999926,-8.99999999999963,-19.99999999999926,long
2017-04-27,1,2017-04-26,2017-04-27,34.28,33.995000000000005,-0.2849999999999966,-14.24999999999983,-30.49999999999966,long
2017-04-28,1,2017-04-27,2017-04-28,33.905,34.175000000000004,0.2700000000000031,13.500000000000156,25.000000000000313,long
2017-05-01,1,2017-04-28,2017-05-01,33.93,33.9,-0.030000000000001137,-1.5000000000000568,-5.000000000000114,long
2017-05-02,1,2017-05-01,2017-05-02,33.835,33.885000000000005,0.05000000000000426,2.500000000000213,3.0000000000004263,long
2017-05-03,1,2017-05-02,2017-05-03,33.665,33.57,-0.09499999999999886,-4.749999999999943,-11.499999999999886,long
2017-05-04,1,2017-05-03,2017-05-04,33.76,33.505,-0.25499999999999545,-12.749999999999773,-27.499999999999545,long
2017-05-05,1,2017-05-04,2017-05-05,33.14,33.14,0.0,0.0,-2.0,long
2017-05-08,1,2017-05-05,2017-05-08,33.665,33.64,-0.02499999999999858,-1.249999999999929,-4.499999999999858,long
2017-05-09,1,2017-05-08,2017-05-09,33.905,33.955000000000005,0.05000000000000426,2.500000000000213,3.0000000000004263,long
2017-05-10,1,2017-05-09,2017-05-10,33.625,33.800000000000004,0.17500000000000426,8.750000000000213,15.500000000000426,long
2017-05-11,1,2017-05-10,2017-05-11,34.07,34.17,0.10000000000000142,5.000000000000071,8.000000000000142,long
2017-05-12,1,2017-05-11,2017-05-12,34.0,33.955000000000005,-0.0449999999999946,-2.24999999999973,-6.49999999999946,long
2017-05-15,1,2017-05-12,2017-05-15,33.885,34.370000000000005,0.48500000000000654,24.250000000000327,46.500000000000654,long
2017-05-16,1,2017-05-15,2017-05-16,34.15,34.29,0.14000000000000057,7.000000000000028,12.000000000000057,long
2017-05-17,1,2017-05-16,2017-05-17,33.98,33.760000000000005,-0.21999999999999176,-10.999999999999588,-23.999999999999176,long
2017-05-18,1,2017-05-17,2017-05-18,33.644999999999996,33.475,-0.1699999999999946,-8.49999999999973,-18.99999999999946,long
2017-05-19,1,2017-05-18,2017-05-19,33.635,33.78,0.14500000000000313,7.250000000000156,12.500000000000313,long
2017-05-22,1,2017-05-19,2017-05-22,34.05,34.21,0.1600000000000037,8.000000000000185,14.00000000000037,long
2017-05-23,1,2017-05-22,2017-05-23,33.975,34.045,0.07000000000000028,3.500000000000014,5.000000000000028,long
2017-05-24,1,2017-05-23,2017-05-24,34.055,33.995000000000005,-0.05999999999999517,-2.9999999999997584,-7.999999999999517,long
2017-05-25,1,2017-05-24,2017-05-25,33.875,33.77,-0.10499999999999687,-5.249999999999844,-12.499999999999687,long
2017-05-26,1,2017-05-25,2017-05-26,33.26,33.24,-0.01999999999999602,-0.999999999999801,-3.999999999999602,long
2017-05-30,1,2017-05-26,2017-05-30,33.315,33.120000000000005,-0.19499999999999318,-9.749999999999659,-21.499999999999318,long
2017-05-31,1,2017-05-30,2017-05-31,32.87,32.59,-0.27999999999999403,-13.999999999999702,-29.999999999999403,long
2017-06-01,1,2017-05-31,2017-06-01,32.73,32.725,-0.0049999999999954525,-0.24999999999977263,-2.4999999999995453,long
2017-06-02,1,2017-06-01,2017-06-02,32.934999999999995,32.765,-0.1699999999999946,-8.49999999999973,-18.99999999999946,long
2017-06-05,1,2017-06-02,2017-06-05,32.555,32.435,-0.11999999999999744,-5.999999999999872,-13.999999999999744,long
2017-06-06,1,2017-06-05,2017-06-06,32.614999999999995,32.575,-0.03999999999999204,-1.999999999999602,-5.999999999999204,long
2017-06-07,1,2017-06-06,2017-06-07,33.0,32.845,-0.15500000000000114,-7.750000000000057,-17.500000000000114,long
2017-06-08,1,2017-06-07,2017-06-08,32.535,32.36,-0.17499999999999716,-8.749999999999858,-19.499999999999716,long
2017-06-09,1,2017-06-08,2017-06-09,32.44,32.495000000000005,0.05500000000000682,2.750000000000341,3.500000000000682,long
2017-06-12,1,2017-06-09,2017-06-12,33.22,33.495000000000005,0.2750000000000057,13.750000000000284,25.50000000000057,long
2017-06-13,1,2017-06-12,2017-06-13,33.455,33.535000000000004,0.0800000000000054,4.00000000000027,6.00000000000054,long
2017-06-14,1,2017-06-13,2017-06-14,33.705,33.595,-0.10999999999999943,-5.499999999999972,-12.999999999999943,long
2017-06-15,1,2017-06-14,2017-06-15,33.095,32.925000000000004,-0.1699999999999946,-8.49999999999973,-18.99999999999946,long
2017-06-16,1,2017-06-15,2017-06-16,32.845,32.795,-0.04999999999999716,-2.499999999999858,-6.999999999999716,long
2017-06-19,1,2017-06-16,2017-06-19,33.16,33.065000000000005,-0.09499999999999176,-4.749999999999588,-11.499999999999176,long
2017-06-20,1,2017-06-19,2017-06-20,32.949999999999996,32.550000000000004,-0.3999999999999915,-19.999999999999574,-41.99999999999915,long
2017-06-21,1,2017-06-20,2017-06-21,32.53,32.410000000000004,-0.11999999999999744,-5.999999999999872,-13.999999999999744,long
2017-06-22,1,2017-06-21,2017-06-22,32.005,31.999999999999996,-0.005000000000006111,-0.25000000000030553,-2.500000000000611,long
2017-06-23,1,2017-06-22,2017-06-23,31.985000000000003,31.97,-0.015000000000004121,-0.7500000000002061,-3.500000000000412,long
2017-06-26,1,2017-06-23,2017-06-26,32.199999999999996,32.28,0.0800000000000054,4.00000000000027,6.00000000000054,long
2017-06-27,1,2017-06-26,2017-06-27,32.129999999999995,32.225,0.09500000000000597,4.750000000000298,7.500000000000597,long
2017-06-28,1,2017-06-27,2017-06-28,32.08,32.1,0.020000000000003126,1.0000000000001563,3.126388037344441e-13,long
2017-06-29,1,2017-06-28,2017-06-29,32.254999999999995,32.330000000000005,0.07500000000000995,3.7500000000004974,5.500000000000995,long
2017-06-30,1,2017-06-29,2017-06-30,32.324999999999996,32.54,0.2150000000000034,10.75000000000017,19.50000000000034,long
2017-07-03,1,2017-06-30,2017-07-03,32.47,32.565000000000005,0.09500000000000597,4.750000000000298,7.500000000000597,long
2017-07-05,1,2017-07-03,2017-07-05,33.095,32.910000000000004,-0.18499999999999517,-9.249999999999758,-20.499999999999517,long
2017-07-06,1,2017-07-05,2017-07-06,32.425,32.46,0.035000000000003695,1.7500000000001847,1.5000000000003695,long
2017-07-07,1,2017-07-06,2017-07-07,32.065,31.939999999999998,-0.125,-6.25,-14.5,long
2017-07-10,1,2017-07-07,2017-07-10,32.015,31.95,-0.06500000000000128,-3.250000000000064,-8.500000000000128,long
2017-07-11,1,2017-07-10,2017-07-11,32.12,32.155,0.035000000000003695,1.7500000000001847,1.5000000000003695,long
2017-07-12,1,2017-07-11,2017-07-12,32.294999999999995,32.595,0.30000000000000426,15.000000000000213,28.000000000000426,long
2017-07-13,1,2017-07-12,2017-07-13,32.385,32.39,0.005000000000002558,0.2500000000001279,-1.4999999999997442,long
2017-07-14,1,2017-07-13,2017-07-14,32.515,32.515,0.0,0.0,-2.0,long
2017-07-17,1,2017-07-14,2017-07-17,32.71,32.63,-0.0799999999999983,-3.9999999999999147,-9.99999999999983,long
2017-07-18,1,2017-07-17,2017-07-18,32.669999999999995,32.815000000000005,0.14500000000001023,7.250000000000512,12.500000000001023,long
2017-07-19,1,2017-07-18,2017-07-19,32.515,32.46,-0.054999999999999716,-2.749999999999986,-7.499999999999972,long
2017-07-20,1,2017-07-19,2017-07-20,32.989999999999995,33.155,0.16500000000000625,8.250000000000313,14.500000000000625,long
2017-07-21,1,2017-07-20,2017-07-21,32.89,32.760000000000005,-0.12999999999999545,-6.499999999999773,-14.999999999999545,long
2017-07-24,1,2017-07-21,2017-07-24,32.565,32.615,0.05000000000000426,2.500000000000213,3.0000000000004263,long
2017-07-25,1,2017-07-24,2017-07-25,32.504999999999995,32.875,0.37000000000000455,18.500000000000227,35.000000000000455,long
2017-07-26,1,2017-07-25,2017-07-26,32.915,33.080000000000005,0.16500000000000625,8.250000000000313,14.500000000000625,long
2017-07-27,1,2017-07-26,2017-07-27,32.949999999999996,32.940000000000005,-0.009999999999990905,-0.49999999999954525,-2.9999999999990905,long
2017-07-28,1,2017-07-27,2017-07-28,33.285,33.155,-0.12999999999999545,-6.499999999999773,-14.999999999999545,long
2017-07-31,1,2017-07-28,2017-07-31,33.245,33.235,-0.00999999999999801,-0.4999999999999005,-2.999999999999801,long
2017-08-01,1,2017-07-31,2017-08-01,33.32,33.32,0.0,0.0,-2.0,long
2017-08-02,1,2017-08-01,2017-08-02,33.315,33.125,-0.18999999999999773,-9.499999999999886,-20.999999999999773,long
2017-08-03,1,2017-08-02,2017-08-03,33.19,33.115,-0.07499999999999574,-3.749999999999787,-9.499999999999574,long
2017-08-04,1,2017-08-03,2017-08-04,32.725,32.72,-0.005000000000002558,-0.2500000000001279,-2.500000000000256,long
2017-08-07,1,2017-08-04,2017-08-07,32.83,32.67,-0.1599999999999966,-7.9999999999998295,-17.99999999999966,long
2017-08-08,1,2017-08-07,2017-08-08,32.58,32.465,-0.11499999999999488,-5.749999999999744,-13.499999999999488,long
2017-08-09,1,2017-08-08,2017-08-09,32.504999999999995,32.535000000000004,0.030000000000008242,1.5000000000004121,1.0000000000008242,long
2017-08-10,1,2017-08-09,2017-08-10,32.535,32.57,0.035000000000003695,1.7500000000001847,1.5000000000003695,long
2017-08-11,1,2017-08-10,2017-08-11,32.19,32.07,-0.11999999999999744,-5.999999999999872,-13.999999999999744,long
2017-08-14,1,2017-08-11,2017-08-14,31.98,32.02,0.0400000000000027,2.000000000000135,2.00000000000027,long
2017-08-15,1,2017-08-14,2017-08-15,31.885,31.915,0.029999999999997584,1.4999999999998792,0.9999999999997584,long
2017-08-16,1,2017-08-15,2017-08-16,31.765,31.755,-0.010000000000001563,-0.5000000000000782,-3.0000000000001563,long
2017-08-17,1,2017-08-16,2017-08-17,31.46,31.314999999999998,-0.14500000000000313,-7.250000000000156,-16.500000000000313,long
2017-08-18,1,2017-08-17,2017-08-18,31.015,30.915,-0.10000000000000142,-5.000000000000071,-12.000000000000142,long
2017-08-21,1,2017-08-18,2017-08-21,31.17,31.104999999999997,-0.06500000000000483,-3.2500000000002416,-8.500000000000483,long
2017-08-22,1,2017-08-21,2017-08-22,31.01,31.06,0.04999999999999716,2.499999999999858,2.999999999999716,long
2017-08-23,1,2017-08-22,2017-08-23,31.215,31.13,-0.08500000000000085,-4.250000000000043,-10.500000000000085,long
2017-08-24,1,2017-08-23,2017-08-24,31.35,31.22,-0.13000000000000256,-6.500000000000128,-15.000000000000256,long
2017-08-25,1,2017-08-24,2017-08-25,31.37,31.41,0.03999999999999915,1.9999999999999574,1.9999999999999147,long
2017-08-28,1,2017-08-25,2017-08-28,31.51,31.505,-0.005000000000002558,-0.2500000000001279,-2.500000000000256,long
2017-08-29,1,2017-08-28,2017-08-29,31.37,31.2,-0.1700000000000017,-8.500000000000085,-19.00000000000017,long
2017-08-30,1,2017-08-29,2017-08-30,31.330000000000002,31.189999999999998,-0.14000000000000412,-7.000000000000206,-16.000000000000412,long
2017-08-31,1,2017-08-30,2017-08-31,31.345000000000002,31.459999999999997,0.11499999999999488,5.749999999999744,9.499999999999488,long
2017-09-01,1,2017-08-31,2017-09-01,31.495,31.525,0.029999999999997584,1.4999999999998792,0.9999999999997584,long
2017-09-05,1,2017-09-01,2017-09-05,31.8,31.91,0.10999999999999943,5.499999999999972,8.999999999999943,long
2017-09-06,1,2017-09-05,2017-09-06,31.975,32.115,0.14000000000000057,7.000000000000028,12.000000000000057,long
2017-09-07,1,2017-09-06,2017-09-07,32.495,32.49,-0.0049999999999954525,-0.24999999999977263,-2.4999999999995453,long
2017-09-08,1,2017-09-07,2017-09-08,32.555,32.465,-0.0899999999999963,-4.499999999999815,-10.99999999999963,long
2017-09-11,1,2017-09-08,2017-09-11,32.21,32.315000000000005,0.10500000000000398,5.250000000000199,8.500000000000398,long
2017-09-12,1,2017-09-11,2017-09-12,32.515,32.59,0.07500000000000284,3.750000000000142,5.500000000000284,long
2017-09-13,1,2017-09-12,2017-09-13,32.714999999999996,32.765,0.05000000000000426,2.500000000000213,3.0000000000004263,long
2017-09-14,1,2017-09-13,2017-09-14,33.125,33.17,0.045000000000001705,2.2500000000000853,2.5000000000001705,long
2017-09-15,1,2017-09-14,2017-09-15,33.285,32.9,-0.384999999999998,-19.2499999999999,-40.4999999999998,long
2017-09-18,1,2017-09-15,2017-09-18,32.93,32.835,-0.09499999999999886,-4.749999999999943,-11.499999999999886,long
2017-09-19,1,2017-09-18,2017-09-19,33.07,33.120000000000005,0.05000000000000426,2.500000000000213,3.0000000000004263,long
2017-09-20,1,2017-09-19,2017-09-20,33.205,33.28,0.07500000000000284,3.750000000000142,5.500000000000284,long
2017-09-21,1,2017-09-20,2017-09-21,33.43,33.365,-0.06499999999999773,-3.2499999999998863,-8.499999999999773,long
2017-09-22,1,2017-09-21,2017-09-22,33.44,33.39,-0.04999999999999716,-2.499999999999858,-6.999999999999716,long
2017-09-25,1,2017-09-22,2017-09-25,33.61,33.745000000000005,0.13500000000000512,6.750000000000256,11.500000000000512,long
2017-09-26,1,2017-09-25,2017-09-26,34.095,33.99,-0.10499999999999687,-5.249999999999844,-12.499999999999687,long
2017-09-27,1,2017-09-26,2017-09-27,34.08,34.09,0.010000000000005116,0.5000000000002558,-0.9999999999994884,long
2017-09-28,1,2017-09-27,2017-09-28,34.225,34.28,0.054999999999999716,2.749999999999986,3.4999999999999716,long
2017-09-29,1,2017-09-28,2017-09-29,34.254999999999995,34.115,-0.13999999999999346,-6.999999999999673,-15.999999999999346,long
2017-10-02,1,2017-09-29,2017-10-02,34.25,33.865,-0.384999999999998,-19.2499999999999,-40.4999999999998,long
2017-10-03,1,2017-10-02,2017-10-03,34.239999999999995,34.175000000000004,-0.06499999999999062,-3.249999999999531,-8.499999999999062,long
2017-10-04,1,2017-10-03,2017-10-04,34.205,34.185,-0.01999999999999602,-0.999999999999801,-3.999999999999602,long
2017-10-05,1,2017-10-04,2017-10-05,34.18,34.185,0.005000000000002558,0.2500000000001279,-1.4999999999997442,long
2017-10-06,1,2017-10-05,2017-10-06,34.335,33.99,-0.34499999999999886,-17.249999999999943,-36.499999999999886,long
2017-10-09,1,2017-10-06,2017-10-09,34.044999999999995,34.065000000000005,0.020000000000010232,1.0000000000005116,1.0231815394945443e-12,long
2017-10-10,1,2017-10-09,2017-10-10,34.114999999999995,34.335,0.22000000000000597,11.000000000000298,20.000000000000597,long
2017-10-11,1,2017-10-10,2017-10-11,34.144999999999996,34.085,-0.05999999999999517,-2.9999999999997584,-7.999999999999517,long
2017-10-12,1,2017-10-11,2017-10-12,34.225,33.945,-0.28000000000000114,-14.000000000000057,-30.000000000000114,long
2017-10-13,1,2017-10-12,2017-10-13,34.1,34.28,0.17999999999999972,8.999999999999986,15.999999999999972,long
2017-10-16,1,2017-10-13,2017-10-16,34.08,34.165,0.08500000000000085,4.250000000000043,6.500000000000085,long
2017-10-17,1,2017-10-16,2017-10-17,34.155,34.125,-0.030000000000001137,-1.5000000000000568,-5.000000000000114,long
2017-10-18,1,2017-10-17,2017-10-18,34.175,34.13,-0.0449999999999946,-2.24999999999973,-6.49999999999946,long
2017-10-19,1,2017-10-18,2017-10-19,33.934999999999995,33.68,-0.25499999999999545,-12.749999999999773,-27.499999999999545,long
2017-10-20,1,2017-10-19,2017-10-20,33.83,33.885000000000005,0.05500000000000682,2.750000000000341,3.500000000000682,long
2017-10-23,1,2017-10-20,2017-10-23,33.894999999999996,33.9,0.005000000000002558,0.2500000000001279,-1.4999999999997442,long
2017-10-24,1,2017-10-23,2017-10-24,33.72,33.82,0.10000000000000142,5.000000000000071,8.000000000000142,long
2017-10-25,1,2017-10-24,2017-10-25,33.785,33.705000000000005,-0.07999999999999119,-3.9999999999995595,-9.999999999999119,long
2017-10-26,1,2017-10-25,2017-10-26,33.55,33.54,-0.00999999999999801,-0.4999999999999005,-2.999999999999801,long
2017-10-27,1,2017-10-26,2017-10-27,33.62,33.425000000000004,-0.19499999999999318,-9.749999999999659,-21.499999999999318,long
2017-10-30,1,2017-10-27,2017-10-30,33.68,33.71,0.030000000000001137,1.5000000000000568,1.0000000000001137,long
2017-10-31,1,2017-10-30,2017-10-31,33.855,33.85,-0.0049999999999954525,-0.24999999999977263,-2.4999999999995453,long
2017-11-01,1,2017-10-31,2017-11-01,33.964999999999996,34.15,0.18500000000000227,9.250000000000114,16.500000000000227,long
2017-11-02,1,2017-11-01,2017-11-02,34.35,34.330000000000005,-0.01999999999999602,-0.999999999999801,-3.999999999999602,long
2017-11-03,1,2017-11-02,2017-11-03,34.25,34.215,-0.03499999999999659,-1.7499999999998295,-5.499999999999659,long
2017-11-06,1,2017-11-03,2017-11-06,34.35,34.485,0.134999999999998,6.7499999999999005,11.499999999999801,long
2017-11-07,1,2017-11-06,2017-11-07,35.135,35.18,0.045000000000001705,2.2500000000000853,2.5000000000001705,long
2017-11-08,1,2017-11-07,2017-11-08,35.089999999999996,34.985,-0.10499999999999687,-5.249999999999844,-12.499999999999687,long
2017-11-09,1,2017-11-08,2017-11-09,34.919999999999995,34.765,-0.15499999999999403,-7.749999999999702,-17.499999999999403,long
2017-11-10,1,2017-11-09,2017-11-10,35.025,34.945,-0.0799999999999983,-3.9999999999999147,-9.99999999999983,long
2017-11-13,1,2017-11-10,2017-11-13,34.839999999999996,34.725,-0.11499999999999488,-5.749999999999744,-13.499999999999488,long
2017-11-14,1,2017-11-13,2017-11-14,34.64,34.49,-0.14999999999999858,-7.499999999999929,-16.999999999999858,long
2017-11-15,1,2017-11-14,2017-11-15,34.08,33.755,-0.32499999999999574,-16.249999999999787,-34.499999999999574,long
2017-11-16,1,2017-11-15,2017-11-16,33.695,33.57,-0.125,-6.25,-14.5,long
2017-11-17,1,2017-11-16,2017-11-17,33.559999999999995,33.605000000000004,0.04500000000000881,2.2500000000004405,2.500000000000881,long
2017-11-20,1,2017-11-17,2017-11-20,33.725,33.665,-0.060000000000002274,-3.0000000000001137,-8.000000000000227,long
2017-11-21,1,2017-11-20,2017-11-21,33.644999999999996,33.755,0.11000000000000654,5.500000000000327,9.000000000000654,long
2017-11-22,1,2017-11-21,2017-11-22,33.72,33.915,0.19500000000000028,9.750000000000014,17.50000000000003,long
2017-11-24,1,2017-11-22,2017-11-24,33.855,33.97,0.11500000000000199,5.7500000000000995,9.500000000000199,long
2017-11-27,1,2017-11-24,2017-11-27,33.949999999999996,33.785000000000004,-0.16499999999999204,-8.249999999999602,-18.499999999999204,long
2017-11-28,1,2017-11-27,2017-11-28,33.605,33.620000000000005,0.015000000000007674,0.7500000000003837,-0.4999999999992326,long
2017-11-29,1,2017-11-28,2017-11-29,33.864999999999995,33.830000000000005,-0.034999999999989484,-1.7499999999994742,-5.499999999998948,long
2017-11-30,1,2017-11-29,2017-11-30,34.05,34.11,0.060000000000002274,3.0000000000001137,4.000000000000227,long
2017-12-01,1,2017-11-30,2017-12-01,34.559999999999995,34.785000000000004,0.22500000000000853,11.250000000000426,20.500000000000853,long
2017-12-04,1,2017-12-01,2017-12-04,34.85,34.865,0.015000000000000568,0.7500000000000284,-0.49999999999994316,long
2017-12-05,1,2017-12-04,2017-12-05,34.835,34.815000000000005,-0.01999999999999602,-0.999999999999801,-3.999999999999602,long
2017-12-06,1,2017-12-05,2017-12-06,34.684999999999995,34.565000000000005,-0.11999999999999034,-5.999999999999517,-13.999999999999034,long
2017-12-07,1,2017-12-06,2017-12-07,34.235,34.18,-0.054999999999999716,-2.749999999999986,-7.499999999999972,long
2017-12-08,1,2017-12-07,2017-12-08,34.335,34.49,0.15500000000000114,7.750000000000057,13.500000000000114,long
2017-12-11,1,2017-12-08,2017-12-11,34.65,34.695,0.045000000000001705,2.2500000000000853,2.5000000000001705,long
2017-12-12,1,2017-12-11,2017-12-12,34.9,35.015,0.11500000000000199,5.7500000000000995,9.500000000000199,long
2017-12-13,1,2017-12-12,2017-12-13,34.805,34.825,0.020000000000003126,1.0000000000001563,3.126388037344441e-13,long
2017-12-14,1,2017-12-13,2017-12-14,34.754999999999995,34.605000000000004,-0.14999999999999147,-7.499999999999574,-16.999999999999147,long
2017-12-15,1,2017-12-14,2017-12-15,34.629999999999995,34.625,-0.0049999999999954525,-0.24999999999977263,-2.4999999999995453,long
2017-12-18,1,2017-12-15,2017-12-18,34.37,34.435,0.06500000000000483,3.2500000000002416,4.500000000000483,long
2017-12-19,1,2017-12-18,2017-12-19,34.635,34.775,0.14000000000000057,7.000000000000028,12.000000000000057,long
2017-12-20,1,2017-12-19,2017-12-20,34.684999999999995,34.78,0.09500000000000597,4.750000000000298,7.500000000000597,long
2017-12-21,1,2017-12-20,2017-12-21,35.175,35.17,-0.0049999999999954525,-0.24999999999977263,-2.4999999999995453,long
2017-12-22,1,2017-12-21,2017-12-22,35.919999999999995,35.95,0.030000000000008242,1.5000000000004121,1.0000000000008242,long
2017-12-26,1,2017-12-22,2017-12-26,35.995,36.105000000000004,0.11000000000000654,5.500000000000327,9.000000000000654,long
2017-12-27,1,2017-12-26,2017-12-27,36.309999999999995,36.295,-0.014999999999993463,-0.7499999999996732,-3.4999999999993463,long
2017-12-28,1,2017-12-27,2017-12-28,36.19,36.165,-0.02499999999999858,-1.249999999999929,-4.499999999999858,long
2017-12-29,1,2017-12-28,2017-12-29,36.245,36.32,0.07500000000000284,3.750000000000142,5.500000000000284,long
2018-01-02,1,2017-12-29,2018-01-02,36.14,36.300000000000004,0.1600000000000037,8.000000000000185,14.00000000000037,long
2018-01-03,1,2018-01-02,2018-01-03,36.735,36.79,0.054999999999999716,2.749999999999986,3.4999999999999716,long
2018-01-04,1,2018-01-03,2018-01-04,37.285,37.24,-0.0449999999999946,-2.24999999999973,-6.49999999999946,long
2018-01-05,1,2018-01-04,2018-01-05,37.51,37.440000000000005,-0.06999999999999318,-3.499999999999659,-8.999999999999318,long
2018-01-08,1,2018-01-05,2018-01-08,37.495,37.46,-0.03499999999999659,-1.7499999999998295,-5.499999999999659,long
2018-01-09,1,2018-01-08,2018-01-09,37.72,37.775,0.054999999999999716,2.749999999999986,3.4999999999999716,long
2018-01-10,1,2018-01-09,2018-01-10,37.625,37.715,0.09000000000000341,4.5000000000001705,7.000000000000341,long
2018-01-11,1,2018-01-10,2018-01-11,37.58,37.690000000000005,0.11000000000000654,5.500000000000327,9.000000000000654,long
2018-01-12,1,2018-01-11,2018-01-12,38.35,38.34,-0.00999999999999801,-0.4999999999999005,-2.999999999999801,long
2018-01-16,1,2018-01-12,2018-01-16,38.72,38.81,0.09000000000000341,4.5000000000001705,7.000000000000341,long
2018-01-17,1,2018-01-16,2018-01-17,38.23,38.32,0.09000000000000341,4.5000000000001705,7.000000000000341,long
2018-01-18,1,2018-01-17,2018-01-18,38.565,38.4,-0.16499999999999915,-8.249999999999957,-18.499999999999915,long
2018-01-19,1,2018-01-18,2018-01-19,38.25,38.145,-0.10499999999999687,-5.249999999999844,-12.499999999999687,long
2018-01-22,1,2018-01-19,2018-01-22,38.199999999999996,38.230000000000004,0.030000000000008242,1.5000000000004121,1.0000000000008242,long
2018-01-23,1,2018-01-22,2018-01-23,39.025,39.080000000000005,0.05500000000000682,2.750000000000341,3.500000000000682,long
2018-01-24,1,2018-01-23,2018-01-24,38.964999999999996,38.99,0.025000000000005684,1.2500000000002842,0.5000000000005684,long
2018-01-25,1,2018-01-24,2018-01-25,38.86,39.035000000000004,0.17500000000000426,8.750000000000213,15.500000000000426,long
2018-01-26,1,2018-01-25,2018-01-26,38.555,38.620000000000005,0.06500000000000483,3.2500000000002416,4.500000000000483,long
2018-01-29,1,2018-01-26,2018-01-29,38.765,38.59,-0.17499999999999716,-8.749999999999858,-19.499999999999716,long
2018-01-30,1,2018-01-29,2018-01-30,38.18,37.84,-0.3399999999999963,-16.999999999999815,-35.99999999999963,long
2018-01-31,1,2018-01-30,2018-01-31,37.41,37.49,0.0800000000000054,4.00000000000027,6.00000000000054,long
2018-02-01,1,2018-01-31,2018-02-01,37.434999999999995,37.465,0.030000000000008242,1.5000000000004121,1.0000000000008242,long
2018-02-02,1,2018-02-01,2018-02-02,37.82,37.105000000000004,-0.7149999999999963,-35.749999999999815,-73.49999999999963,long
2018-02-05,1,2018-02-02,2018-02-05,36.239999999999995,35.735,-0.5049999999999955,-25.249999999999773,-52.499999999999545,long
2018-02-06,1,2018-02-05,2018-02-06,34.72,34.105000000000004,-0.6149999999999949,-30.749999999999744,-63.49999999999949,long
2018-02-07,1,2018-02-06,2018-02-07,34.995,35.085,0.09000000000000341,4.5000000000001705,7.000000000000341,long
2018-02-08,1,2018-02-07,2018-02-08,34.41,34.425000000000004,0.015000000000007674,0.7500000000003837,-0.4999999999992326,long
2018-02-09,1,2018-02-08,2018-02-09,33.37,33.745000000000005,0.3750000000000071,18.750000000000355,35.50000000000071,long
2018-02-12,1,2018-02-09,2018-02-12,33.345,33.755,0.4100000000000037,20.500000000000185,39.00000000000037,long
2018-02-13,1,2018-02-12,2018-02-13,33.89,33.695,-0.19500000000000028,-9.750000000000014,-21.50000000000003,long
2018-02-14,1,2018-02-13,2018-02-14,33.75,33.4,-0.3500000000000014,-17.50000000000007,-37.00000000000014,long
2018-02-15,1,2018-02-14,2018-02-15,34.239999999999995,34.29,0.05000000000000426,2.500000000000213,3.0000000000004263,long
2018-02-16,1,2018-02-15,2018-02-16,34.155,33.99,-0.16499999999999915,-8.249999999999957,-18.499999999999915,long
2018-02-20,1,2018-02-16,2018-02-20,34.07,34.120000000000005,0.05000000000000426,2.500000000000213,3.0000000000004263,long
2018-02-21,1,2018-02-20,2018-02-21,33.885,33.765,-0.11999999999999744,-5.999999999999872,-13.999999999999744,long
2018-02-22,1,2018-02-21,2018-02-22,33.315,33.565000000000005,0.2500000000000071,12.500000000000355,23.00000000000071,long
2018-02-23,1,2018-02-22,2018-02-23,33.68,33.825,0.14500000000000313,7.250000000000156,12.500000000000313,long
2018-02-26,1,2018-02-23,2018-02-26,34.41,34.565000000000005,0.15500000000000824,7.750000000000412,13.500000000000824,long
2018-02-27,1,2018-02-26,2018-02-27,34.614999999999995,34.665,0.05000000000000426,2.500000000000213,3.0000000000004263,long
2018-02-28,1,2018-02-27,2018-02-28,34.165,34.325,0.1600000000000037,8.000000000000185,14.00000000000037,long
2018-03-01,1,2018-02-28,2018-03-01,33.379999999999995,33.275,-0.10499999999999687,-5.249999999999844,-12.499999999999687,long
2018-03-02,1,2018-03-01,2018-03-02,33.33,33.080000000000005,-0.2499999999999929,-12.499999999999645,-26.99999999999929,long
2018-03-05,1,2018-03-02,2018-03-05,33.485,33.31,-0.17499999999999716,-8.749999999999858,-19.499999999999716,long
2018-03-06,1,2018-03-05,2018-03-06,33.839999999999996,34.03,0.19000000000000483,9.500000000000242,17.000000000000483,long
2018-03-07,1,2018-03-06,2018-03-07,33.86,33.475,-0.384999999999998,-19.2499999999999,-40.4999999999998,long
2018-03-08,1,2018-03-07,2018-03-08,33.605,33.660000000000004,0.05500000000000682,2.750000000000341,3.500000000000682,long
2018-03-09,1,2018-03-08,2018-03-09,33.595,33.835,0.240000000000002,12.0000000000001,22.0000000000002,long
2018-03-12,1,2018-03-09,2018-03-12,34.235,34.235,0.0,0.0,-2.0,long
2018-03-13,1,2018-03-12,2018-03-13,34.225,34.31,0.08500000000000085,4.250000000000043,6.500000000000085,long
2018-03-14,1,2018-03-13,2018-03-14,33.98,34.09,0.11000000000000654,5.500000000000327,9.000000000000654,long
2018-03-15,1,2018-03-14,2018-03-15,33.78,33.885000000000005,0.10500000000000398,5.250000000000199,8.500000000000398,long
2018-03-16,1,2018-03-15,2018-03-16,33.605,33.365,-0.23999999999999488,-11.999999999999744,-25.99999999999949,long
2018-03-19,1,2018-03-16,2018-03-19,33.665,33.54,-0.125,-6.25,-14.5,long
2018-03-20,1,2018-03-19,2018-03-20,33.144999999999996,33.305,0.1600000000000037,8.000000000000185,14.00000000000037,long
2018-03-21,1,2018-03-20,2018-03-21,33.425,33.605000000000004,0.18000000000000682,9.000000000000341,16.000000000000682,long
2018-03-22,1,2018-03-21,2018-03-22,34.3,33.9,-0.3999999999999986,-19.99999999999993,-41.99999999999986,long
2018-03-23,1,2018-03-22,2018-03-23,33.6,33.75,0.14999999999999858,7.499999999999929,12.999999999999858,long
2018-03-26,1,2018-03-23,2018-03-26,33.394999999999996,33.760000000000005,0.3650000000000091,18.250000000000455,34.50000000000091,long
2018-03-27,1,2018-03-26,2018-03-27,33.995,34.120000000000005,0.1250000000000071,6.250000000000355,10.50000000000071,long
2018-03-28,1,2018-03-27,2018-03-28,33.675,33.675000000000004,7.105427357601002e-15,3.552713678800501e-13,-1.9999999999992895,long
2018-03-29,1,2018-03-28,2018-03-29,33.019999999999996,33.18,0.1600000000000037,8.000000000000185,14.00000000000037,long
2018-04-02,1,2018-03-29,2018-04-02,33.714999999999996,33.565000000000005,-0.14999999999999147,-7.499999999999574,-16.999999999999147,long
2018-04-03,1,2018-04-02,2018-04-03,33.04,33.145,0.10500000000000398,5.250000000000199,8.500000000000398,long
2018-04-04,1,2018-04-03,2018-04-04,33.745,33.21,-0.5349999999999966,-26.74999999999983,-55.49999999999966,long
2018-04-05,1,2018-04-04,2018-04-05,33.699999999999996,33.765,0.06500000000000483,3.2500000000002416,4.500000000000483,long
2018-04-06,1,2018-04-05,2018-04-06,34.305,34.07,-0.23499999999999943,-11.749999999999972,-25.499999999999943,long
2018-04-09,1,2018-04-06,2018-04-09,33.684999999999995,33.825,0.14000000000000767,7.000000000000384,12.000000000000767,long
2018-04-10,1,2018-04-09,2018-04-10,33.845,34.36,0.5150000000000006,25.75000000000003,49.50000000000006,long
2018-04-11,1,2018-04-10,2018-04-11,34.964999999999996,34.89,-0.07499999999999574,-3.749999999999787,-9.499999999999574,long
2018-04-12,1,2018-04-11,2018-04-12,35.33,35.43,0.10000000000000142,5.000000000000071,8.000000000000142,long
2018-04-13,1,2018-04-12,2018-04-13,35.324999999999996,35.495000000000005,0.1700000000000088,8.50000000000044,15.000000000000881,long
2018-04-16,1,2018-04-13,2018-04-16,35.714999999999996,35.775,0.060000000000002274,3.0000000000001137,4.000000000000227,long
2018-04-17,1,2018-04-16,2018-04-17,36.08,36.155,0.07500000000000284,3.750000000000142,5.500000000000284,long
2018-04-18,1,2018-04-17,2018-04-18,36.22,36.535000000000004,0.31500000000000483,15.750000000000242,29.500000000000483,long
2018-04-19,1,2018-04-18,2018-04-19,36.79,36.800000000000004,0.010000000000005116,0.5000000000002558,-0.9999999999994884,long
2018-04-20,1,2018-04-19,2018-04-20,36.835,36.74,-0.09499999999999886,-4.749999999999943,-11.499999999999886,long
2018-04-23,1,2018-04-20,2018-04-23,36.66,36.525,-0.134999999999998,-6.7499999999999005,-15.499999999999801,long
2018-04-24,1,2018-04-23,2018-04-24,36.885,36.965,0.0800000000000054,4.00000000000027,6.00000000000054,long
2018-04-25,1,2018-04-24,2018-04-25,36.489999999999995,36.355000000000004,-0.1349999999999909,-6.749999999999545,-15.49999999999909,long
2018-04-26,1,2018-04-25,2018-04-26,36.78,36.895,0.11500000000000199,5.7500000000000995,9.500000000000199,long
2018-04-27,1,2018-04-26,2018-04-27,37.315,36.915,-0.3999999999999986,-19.99999999999993,-41.99999999999986,long
2018-04-30,1,2018-04-27,2018-04-30,36.919999999999995,36.84,-0.07999999999999119,-3.9999999999995595,-9.999999999999119,long
2018-05-01,1,2018-04-30,2018-05-01,36.915,36.71,-0.2049999999999983,-10.249999999999915,-22.49999999999983,long
2018-05-02,1,2018-05-01,2018-05-02,36.69,36.56,-0.12999999999999545,-6.499999999999773,-14.999999999999545,long
2018-05-03,1,2018-05-02,2018-05-03,36.839999999999996,36.65,-0.18999999999999773,-9.499999999999886,-20.999999999999773,long
2018-05-04,1,2018-05-03,2018-05-04,36.754999999999995,36.635000000000005,-0.11999999999999034,-5.999999999999517,-13.999999999999034,long
2018-05-07,1,2018-05-04,2018-05-07,36.934999999999995,37.205000000000005,0.27000000000001023,13.500000000000512,25.000000000001023,long
2018-05-08,1,2018-05-07,2018-05-08,36.985,36.97,-0.015000000000000568,-0.7500000000000284,-3.500000000000057,long
2018-05-09,1,2018-05-08,2018-05-09,37.275,37.695,0.4200000000000017,21.000000000000085,40.00000000000017,long
2018-05-10,1,2018-05-09,2018-05-10,38.035,38.145,0.11000000000000654,5.500000000000327,9.000000000000654,long
2018-05-11,1,2018-05-10,2018-05-11,38.32,38.385000000000005,0.06500000000000483,3.2500000000002416,4.500000000000483,long
2018-05-14,1,2018-05-11,2018-05-14,38.375,38.475,0.10000000000000142,5.000000000000071,8.000000000000142,long
2018-05-15,1,2018-05-14,2018-05-15,38.64,38.565000000000005,-0.07499999999999574,-3.749999999999787,-9.499999999999574,long
2018-05-16,1,2018-05-15,2018-05-16,38.65,38.575,-0.07499999999999574,-3.749999999999787,-9.499999999999574,long
2018-05-17,1,2018-05-16,2018-05-17,38.785,38.89,0.10500000000000398,5.250000000000199,8.500000000000398,long
2018-05-18,1,2018-05-17,2018-05-18,39.37,39.28,-0.0899999999999963,-4.499999999999815,-10.99999999999963,long
2018-05-21,1,2018-05-18,2018-05-21,39.065,39.265,0.20000000000000284,10.000000000000142,18.000000000000284,long
2018-05-22,1,2018-05-21,2018-05-22,39.464999999999996,39.440000000000005,-0.024999999999991473,-1.2499999999995737,-4.499999999999147,long
2018-05-23,1,2018-05-22,2018-05-23,38.94,38.695,-0.24499999999999744,-12.249999999999872,-26.499999999999744,long
2018-05-24,1,2018-05-23,2018-05-24,38.934999999999995,38.465,-0.46999999999999176,-23.499999999999588,-48.999999999999176,long
2018-05-25,1,2018-05-24,2018-05-25,38.294999999999995,37.6,-0.6949999999999932,-34.74999999999966,-71.49999999999932,long
2018-05-29,1,2018-05-25,2018-05-29,37.3,36.99,-0.30999999999999517,-15.499999999999758,-32.99999999999952,long
2018-05-30,1,2018-05-29,2018-05-30,37.184999999999995,37.480000000000004,0.2950000000000088,14.75000000000044,27.50000000000088,long
2018-05-31,1,2018-05-30,2018-05-31,38.309999999999995,38.010000000000005,-0.29999999999999005,-14.999999999999503,-31.999999999999005,long
2018-06-01,1,2018-05-31,2018-06-01,38.019999999999996,38.13,0.11000000000000654,5.500000000000327,9.000000000000654,long
2018-06-04,1,2018-06-01,2018-06-04,38.199999999999996,38.31,0.11000000000000654,5.500000000000327,9.000000000000654,long
2018-06-05,1,2018-06-04,2018-06-05,37.87,37.665,-0.2049999999999983,-10.249999999999915,-22.49999999999983,long
2018-06-06,1,2018-06-05,2018-06-06,37.78,37.9,0.11999999999999744,5.999999999999872,9.999999999999744,long
2018-06-07,1,2018-06-06,2018-06-07,37.96,38.14,0.17999999999999972,8.999999999999986,15.999999999999972,long
2018-06-08,1,2018-06-07,2018-06-08,38.535,38.56,0.025000000000005684,1.2500000000002842,0.5000000000005684,long
2018-06-11,1,2018-06-08,2018-06-11,38.46,38.43,-0.030000000000001137,-1.5000000000000568,-5.000000000000114,long
2018-06-12,1,2018-06-11,2018-06-12,38.66,38.64,-0.01999999999999602,-0.999999999999801,-3.999999999999602,long
2018-06-13,1,2018-06-12,2018-06-13,38.364999999999995,38.225,-0.13999999999999346,-6.999999999999673,-15.999999999999346,long
2018-06-14,1,2018-06-13,2018-06-14,38.22,38.31,0.09000000000000341,4.5000000000001705,7.000000000000341,long
2018-06-15,1,2018-06-14,2018-06-15,38.165,37.67,-0.49499999999999744,-24.749999999999872,-51.499999999999744,long
2018-06-18,1,2018-06-15,2018-06-18,37.095,36.980000000000004,-0.11499999999999488,-5.749999999999744,-13.499999999999488,long
2018-06-19,1,2018-06-18,2018-06-19,37.464999999999996,36.995000000000005,-0.46999999999999176,-23.499999999999588,-48.999999999999176,long
2018-06-20,1,2018-06-19,2018-06-20,37.379999999999995,37.585,0.2050000000000054,10.25000000000027,18.50000000000054,long
2018-06-21,1,2018-06-20,2018-06-21,37.544999999999995,37.260000000000005,-0.2849999999999895,-14.249999999999474,-30.49999999999895,long
2018-06-22,1,2018-06-21,2018-06-22,36.85,37.74,0.8900000000000006,44.50000000000003,87.00000000000006,long
2018-06-25,1,2018-06-22,2018-06-25,37.585,37.455000000000005,-0.12999999999999545,-6.499999999999773,-14.999999999999545,long
2018-06-26,1,2018-06-25,2018-06-26,36.83,36.905,0.07500000000000284,3.750000000000142,5.500000000000284,long
2018-06-27,1,2018-06-26,2018-06-27,37.294999999999995,37.585,0.29000000000000625,14.500000000000313,27.000000000000625,long
2018-06-28,1,2018-06-27,2018-06-28,37.794999999999995,37.830000000000005,0.0350000000000108,1.75000000000054,1.50000000000108,long
2018-06-29,1,2018-06-28,2018-06-29,37.745,37.830000000000005,0.08500000000000796,4.250000000000398,6.500000000000796,long
2018-07-02,1,2018-06-29,2018-07-02,37.98,37.695,-0.2849999999999966,-14.24999999999983,-30.49999999999966,long
2018-07-03,1,2018-07-02,2018-07-03,37.419999999999995,37.79,0.37000000000000455,18.500000000000227,35.000000000000455,long
2018-07-05,1,2018-07-03,2018-07-05,37.655,37.865,0.21000000000000085,10.500000000000043,19.000000000000085,long
2018-07-06,1,2018-07-05,2018-07-06,37.614999999999995,37.480000000000004,-0.1349999999999909,-6.749999999999545,-15.49999999999909,long
2018-07-09,1,2018-07-06,2018-07-09,37.845,38.055,0.21000000000000085,10.500000000000043,19.000000000000085,long
2018-07-10,1,2018-07-09,2018-07-10,38.41,38.625,0.2150000000000034,10.75000000000017,19.50000000000034,long
2018-07-11,1,2018-07-10,2018-07-11,38.695,38.315000000000005,-0.37999999999999545,-18.999999999999773,-39.999999999999545,long
2018-07-12,1,2018-07-11,2018-07-12,37.875,37.955000000000005,0.0800000000000054,4.00000000000027,6.00000000000054,long
2018-07-13,1,2018-07-12,2018-07-13,37.94,37.955000000000005,0.015000000000007674,0.7500000000003837,-0.4999999999992326,long
2018-07-16,1,2018-07-13,2018-07-16,38.14,37.745000000000005,-0.394999999999996,-19.7499999999998,-41.4999999999996,long
2018-07-17,1,2018-07-16,2018-07-17,37.699999999999996,37.555,-0.14499999999999602,-7.249999999999801,-16.499999999999602,long
2018-07-18,1,2018-07-17,2018-07-18,37.55,37.35,-0.19999999999999574,-9.999999999999787,-21.999999999999574,long
2018-07-19,1,2018-07-18,2018-07-19,37.574999999999996,37.455000000000005,-0.11999999999999034,-5.999999999999517,-13.999999999999034,long
2018-07-20,1,2018-07-19,2018-07-20,37.585,37.565000000000005,-0.01999999999999602,-0.999999999999801,-3.999999999999602,long
2018-07-23,1,2018-07-20,2018-07-23,37.455,37.54,0.08500000000000085,4.250000000000043,6.500000000000085,long
2018-07-24,1,2018-07-23,2018-07-24,37.29,37.435,0.14500000000000313,7.250000000000156,12.500000000000313,long
2018-07-25,1,2018-07-24,2018-07-25,37.76,37.800000000000004,0.04000000000000625,2.0000000000003126,2.0000000000006253,long
2018-07-26,1,2018-07-25,2018-07-26,38.074999999999996,38.135000000000005,0.06000000000000938,3.000000000000469,4.000000000000938,long
2018-07-27,1,2018-07-26,2018-07-27,38.489999999999995,38.04,-0.44999999999999574,-22.499999999999787,-46.999999999999574,long
2018-07-30,1,2018-07-27,2018-07-30,38.324999999999996,38.61,0.2850000000000037,14.250000000000185,26.50000000000037,long
2018-07-31,1,2018-07-30,2018-07-31,38.64,38.690000000000005,0.05000000000000426,2.500000000000213,3.0000000000004263,long
2018-08-01,1,2018-07-31,2018-08-01,38.57,38.215,-0.3549999999999969,-17.749999999999844,-37.49999999999969,long
2018-08-02,1,2018-08-01,2018-08-02,38.035,37.735,-0.29999999999999716,-14.999999999999858,-31.999999999999716,long
2018-08-03,1,2018-08-02,2018-08-03,37.824999999999996,37.735,-0.0899999999999963,-4.499999999999815,-10.99999999999963,long
2018-08-06,1,2018-08-03,2018-08-06,37.629999999999995,37.745000000000005,0.1150000000000091,5.750000000000455,9.50000000000091,long
2018-08-07,1,2018-08-06,2018-08-07,37.769999999999996,38.135000000000005,0.3650000000000091,18.250000000000455,34.50000000000091,long
2018-08-08,1,2018-08-07,2018-08-08,38.05,37.765,-0.2849999999999966,-14.24999999999983,-30.49999999999966,long
2018-08-09,1,2018-08-08,2018-08-09,37.775,37.785000000000004,0.010000000000005116,0.5000000000002558,-0.9999999999994884,long
2018-08-10,1,2018-08-09,2018-08-10,37.425,37.32,-0.10499999999999687,-5.249999999999844,-12.499999999999687,long
2018-08-13,1,2018-08-10,2018-08-13,37.655,37.565000000000005,-0.0899999999999963,-4.499999999999815,-10.99999999999963,long
2018-08-14,1,2018-08-13,2018-08-14,37.175,37.440000000000005,0.2650000000000077,13.250000000000384,24.500000000000767,long
2018-08-15,1,2018-08-14,2018-08-15,37.265,36.89,-0.375,-18.75,-39.5,long
2018-08-16,1,2018-08-15,2018-08-16,35.964999999999996,36.120000000000005,0.15500000000000824,7.750000000000412,13.500000000000824,long
2018-08-17,1,2018-08-16,2018-08-17,36.225,36.300000000000004,0.07500000000000284,3.750000000000142,5.500000000000284,long
2018-08-20,1,2018-08-17,2018-08-20,36.315,36.305,-0.00999999999999801,-0.4999999999999005,-2.999999999999801,long
2018-08-21,1,2018-08-20,2018-08-21,36.559999999999995,36.845,0.2850000000000037,14.250000000000185,26.50000000000037,long
2018-08-22,1,2018-08-21,2018-08-22,36.745,36.955000000000005,0.21000000000000796,10.500000000000398,19.000000000000796,long
2018-08-23,1,2018-08-22,2018-08-23,37.184999999999995,36.99,-0.19499999999999318,-9.749999999999659,-21.499999999999318,long
2018-08-24,1,2018-08-23,2018-08-24,37.01,37.22,0.21000000000000085,10.500000000000043,19.000000000000085,long
2018-08-27,1,2018-08-24,2018-08-27,37.28,37.385000000000005,0.10500000000000398,5.250000000000199,8.500000000000398,long
2018-08-28,1,2018-08-27,2018-08-28,37.555,37.605000000000004,0.05000000000000426,2.500000000000213,3.0000000000004263,long
2018-08-29,1,2018-08-28,2018-08-29,37.394999999999996,37.495000000000005,0.10000000000000853,5.000000000000426,8.000000000000853,long
2018-08-30,1,2018-08-29,2018-08-30,37.625,37.59,-0.03499999999999659,-1.7499999999998295,-5.499999999999659,long
2018-08-31,1,2018-08-30,2018-08-31,37.519999999999996,37.385000000000005,-0.1349999999999909,-6.749999999999545,-15.49999999999909,long
2018-09-04,1,2018-08-31,2018-09-04,37.23,37.38,0.15000000000000568,7.500000000000284,13.000000000000568,long
2018-09-05,1,2018-09-04,2018-09-05,37.15,36.96,-0.18999999999999773,-9.499999999999886,-20.999999999999773,long
2018-09-06,1,2018-09-05,2018-09-06,37.1,36.940000000000005,-0.1599999999999966,-7.9999999999998295,-17.99999999999966,long
2018-09-07,1,2018-09-06,2018-09-07,36.415,36.260000000000005,-0.15499999999999403,-7.749999999999702,-17.499999999999403,long
2018-09-10,1,2018-09-07,2018-09-10,36.41,36.575,0.16500000000000625,8.250000000000313,14.500000000000625,long
2018-09-11,1,2018-09-10,2018-09-11,36.394999999999996,36.34,-0.05499999999999261,-2.7499999999996305,-7.499999999999261,long
2018-09-12,1,2018-09-11,2018-09-12,36.739999999999995,37.02,0.28000000000000824,14.000000000000412,26.000000000000824,long
2018-09-13,1,2018-09-12,2018-09-13,36.93,36.85,-0.0799999999999983,-3.9999999999999147,-9.99999999999983,long
2018-09-14,1,2018-09-13,2018-09-14,36.945,36.93,-0.015000000000000568,-0.7500000000000284,-3.500000000000057,long
2018-09-17,1,2018-09-14,2018-09-17,37.14,37.215,0.07500000000000284,3.750000000000142,5.500000000000284,long
2018-09-18,1,2018-09-17,2018-09-18,37.199999999999996,37.445,0.24500000000000455,12.250000000000227,22.500000000000455,long
2018-09-19,1,2018-09-18,2018-09-19,37.445,37.435,-0.00999999999999801,-0.4999999999999005,-2.999999999999801,long
2018-09-20,1,2018-09-19,2018-09-20,37.559999999999995,37.7,0.14000000000000767,7.000000000000384,12.000000000000767,long
2018-09-21,1,2018-09-20,2018-09-21,37.57,37.495000000000005,-0.07499999999999574,-3.749999999999787,-9.499999999999574,long
2018-09-24,1,2018-09-21,2018-09-24,37.559999999999995,37.870000000000005,0.3100000000000094,15.500000000000469,29.000000000000938,long
2018-09-25,1,2018-09-24,2018-09-25,38.11,38.330000000000005,0.22000000000000597,11.000000000000298,20.000000000000597,long
2018-09-26,1,2018-09-25,2018-09-26,38.355,38.1,-0.25499999999999545,-12.749999999999773,-27.499999999999545,long
2018-09-27,1,2018-09-26,2018-09-27,37.985,38.115,0.13000000000000256,6.500000000000128,11.000000000000256,long
2018-09-28,1,2018-09-27,2018-09-28,37.985,37.785000000000004,-0.19999999999999574,-9.999999999999787,-21.999999999999574,long
2018-10-01,1,2018-09-28,2018-10-01,37.879999999999995,38.0,0.12000000000000455,6.000000000000227,10.000000000000455,long
2018-10-02,1,2018-10-01,2018-10-02,38.405,38.480000000000004,0.07500000000000284,3.750000000000142,5.500000000000284,long
2018-10-03,1,2018-10-02,2018-10-03,38.445,38.59,0.14500000000000313,7.250000000000156,12.500000000000313,long
2018-10-04,1,2018-10-03,2018-10-04,38.754999999999995,38.61,-0.14499999999999602,-7.249999999999801,-16.499999999999602,long
2018-10-05,1,2018-10-04,2018-10-05,38.595,38.535000000000004,-0.05999999999999517,-2.9999999999997584,-7.999999999999517,long
2018-10-08,1,2018-10-05,2018-10-08,38.589999999999996,38.285000000000004,-0.3049999999999926,-15.24999999999963,-32.49999999999926,long
2018-10-09,1,2018-10-08,2018-10-09,38.559999999999995,38.675000000000004,0.1150000000000091,5.750000000000455,9.50000000000091,long
2018-10-10,1,2018-10-09,2018-10-10,38.905,38.95,0.045000000000001705,2.2500000000000853,2.5000000000001705,long
2018-10-11,1,2018-10-10,2018-10-11,37.684999999999995,37.300000000000004,-0.3849999999999909,-19.249999999999545,-40.49999999999909,long
2018-10-12,1,2018-10-11,2018-10-12,36.41,36.795,0.3850000000000051,19.250000000000256,36.50000000000051,long
2018-10-15,1,2018-10-12,2018-10-15,36.51,36.485,-0.02499999999999858,-1.249999999999929,-4.499999999999858,long
2018-10-16,1,2018-10-15,2018-10-16,36.205,36.285000000000004,0.0800000000000054,4.00000000000027,6.00000000000054,long
2018-10-17,1,2018-10-16,2018-10-17,36.504999999999995,36.415,-0.0899999999999963,-4.499999999999815,-10.99999999999963,long
2018-10-18,1,2018-10-17,2018-10-18,36.275,35.92,-0.3549999999999969,-17.749999999999844,-37.49999999999969,long
2018-10-19,1,2018-10-18,2018-10-19,36.095,35.895,-0.19999999999999574,-9.999999999999787,-21.999999999999574,long
2018-10-22,1,2018-10-19,2018-10-22,35.775,35.730000000000004,-0.0449999999999946,-2.24999999999973,-6.49999999999946,long
2018-10-23,1,2018-10-22,2018-10-23,35.379999999999995,34.84,-0.539999999999992,-26.999999999999602,-55.999999999999204,long
2018-10-24,1,2018-10-23,2018-10-24,34.455,34.6,0.14500000000000313,7.250000000000156,12.500000000000313,long
2018-10-25,1,2018-10-24,2018-10-25,33.095,33.480000000000004,0.3850000000000051,19.250000000000256,36.50000000000051,long
2018-10-26,1,2018-10-25,2018-10-26,33.5,33.205000000000005,-0.2949999999999946,-14.74999999999973,-31.49999999999946,long
2018-10-29,1,2018-10-26,2018-10-29,33.25,33.475,0.22500000000000142,11.250000000000071,20.500000000000142,long
2018-10-30,1,2018-10-29,2018-10-30,32.629999999999995,32.59,-0.03999999999999204,-1.999999999999602,-5.999999999999204,long
2018-10-31,1,2018-10-30,2018-10-31,33.385,33.690000000000005,0.3050000000000068,15.250000000000341,28.500000000000682,long
2018-11-01,1,2018-10-31,2018-11-01,33.589999999999996,33.64,0.05000000000000426,2.500000000000213,3.0000000000004263,long
2018-11-02,1,2018-11-01,2018-11-02,33.875,34.230000000000004,0.355000000000004,17.7500000000002,33.5000000000004,long
2018-11-05,1,2018-11-02,2018-11-05,33.79,34.18,0.39000000000000057,19.50000000000003,37.00000000000006,long
2018-11-06,1,2018-11-05,2018-11-06,34.355,34.395,0.04000000000000625,2.0000000000003126,2.0000000000006253,long
2018-11-07,1,2018-11-06,2018-11-07,34.515,34.940000000000005,0.42500000000000426,21.250000000000213,40.500000000000426,long
2018-11-08,1,2018-11-07,2018-11-08,35.08,34.9,-0.17999999999999972,-8.999999999999986,-19.99999999999997,long
2018-11-09,1,2018-11-08,2018-11-09,34.32,33.845,-0.4750000000000014,-23.75000000000007,-49.50000000000014,long
2018-11-12,1,2018-11-09,2018-11-12,34.26,34.475,0.2150000000000034,10.75000000000017,19.50000000000034,long
2018-11-13,1,2018-11-12,2018-11-13,33.55,33.435,-0.11499999999999488,-5.749999999999744,-13.499999999999488,long
2018-11-14,1,2018-11-13,2018-11-14,32.78,33.27,0.490000000000002,24.5000000000001,47.0000000000002,long
2018-11-15,1,2018-11-14,2018-11-15,32.725,32.495000000000005,-0.22999999999999687,-11.499999999999844,-24.999999999999687,long
2018-11-16,1,2018-11-15,2018-11-16,33.205,33.39,0.18500000000000227,9.250000000000114,16.500000000000227,long
2018-11-19,1,2018-11-16,2018-11-19,33.6,33.375,-0.22500000000000142,-11.250000000000071,-24.500000000000142,long
2018-11-20,1,2018-11-19,2018-11-20,33.589999999999996,33.13,-0.45999999999999375,-22.999999999999687,-47.999999999999375,long
2018-11-21,1,2018-11-20,2018-11-21,32.489999999999995,32.725,0.23500000000000654,11.750000000000327,21.500000000000654,long
2018-11-23,1,2018-11-21,2018-11-23,33.0,32.160000000000004,-0.8399999999999963,-41.999999999999815,-85.99999999999963,long
2018-11-26,1,2018-11-23,2018-11-26,31.965,32.185,0.22000000000000242,11.00000000000012,20.00000000000024,long
2018-11-27,1,2018-11-26,2018-11-27,32.445,32.260000000000005,-0.18499999999999517,-9.249999999999758,-20.499999999999517,long
2018-11-28,1,2018-11-27,2018-11-28,32.355,32.305,-0.04999999999999716,-2.499999999999858,-6.999999999999716,long
2018-11-29,1,2018-11-28,2018-11-29,32.91,32.915,0.005000000000002558,0.2500000000001279,-1.4999999999997442,long
2018-11-30,1,2018-11-29,2018-11-30,33.125,32.815000000000005,-0.30999999999999517,-15.499999999999758,-32.99999999999952,long
2018-12-03,1,2018-11-30,2018-12-03,33.065,33.800000000000004,0.7350000000000065,36.75000000000033,71.50000000000065,long
2018-12-04,1,2018-12-03,2018-12-04,33.8,33.795,-0.0049999999999954525,-0.24999999999977263,-2.4999999999995453,long
2018-12-06,1,2018-12-04,2018-12-06,32.83,32.09,-0.7399999999999949,-36.999999999999744,-75.99999999999949,long
2018-12-07,1,2018-12-06,2018-12-07,32.225,32.82,0.5949999999999989,29.749999999999943,57.499999999999886,long
2018-12-10,1,2018-12-07,2018-12-10,32.044999999999995,31.799999999999997,-0.24499999999999744,-12.249999999999872,-26.499999999999744,long
2018-12-11,1,2018-12-10,2018-12-11,31.545,32.010000000000005,0.4650000000000034,23.25000000000017,44.50000000000034,long
2018-12-12,1,2018-12-11,2018-12-12,31.555000000000003,32.050000000000004,0.495000000000001,24.75000000000005,47.5000000000001,long
2018-12-13,1,2018-12-12,2018-12-13,31.680000000000003,31.584999999999997,-0.09500000000000597,-4.750000000000298,-11.500000000000597,long
2018-12-14,1,2018-12-13,2018-12-14,31.78,31.564999999999998,-0.2150000000000034,-10.75000000000017,-23.50000000000034,long
2018-12-17,1,2018-12-14,2018-12-17,31.055000000000003,30.955,-0.10000000000000497,-5.000000000000249,-12.000000000000497,long
2018-12-18,1,2018-12-17,2018-12-18,30.490000000000002,30.43,-0.060000000000002274,-3.0000000000001137,-8.000000000000227,long
2018-12-19,1,2018-12-18,2018-12-19,29.770000000000003,29.904999999999998,0.13499999999999446,6.749999999999723,11.499999999999446,long
2018-12-20,1,2018-12-19,2018-12-20,29.42,29.04,-0.38000000000000256,-19.000000000000128,-40.000000000000256,long
2018-12-21,1,2018-12-20,2018-12-21,28.605,28.325,-0.28000000000000114,-14.000000000000057,-30.000000000000114,long
2018-12-24,1,2018-12-21,2018-12-24,28.065,27.715,-0.3500000000000014,-17.50000000000007,-37.00000000000014,long
2018-12-26,1,2018-12-24,2018-12-26,26.930000000000003,27.169999999999998,0.23999999999999488,11.999999999999744,21.99999999999949,long
2018-12-27,1,2018-12-26,2018-12-27,28.605,28.009999999999998,-0.5950000000000024,-29.75000000000012,-61.50000000000024,long
2018-12-28,1,2018-12-27,2018-12-28,28.755000000000003,28.865,0.10999999999999588,5.499999999999794,8.999999999999588,long
2018-12-31,1,2018-12-28,2018-12-31,28.535,28.77,0.23499999999999943,11.749999999999972,21.499999999999943,long
2019-01-02,1,2018-12-31,2019-01-02,28.685000000000002,28.209999999999997,-0.475000000000005,-23.75000000000025,-49.5000000000005,long
2019-01-03,1,2019-01-02,2019-01-03,29.25,29.334999999999997,0.0849999999999973,4.249999999999865,6.49999999999973,long
2019-01-04,1,2019-01-03,2019-01-04,28.96,29.43,0.46999999999999886,23.499999999999943,44.999999999999886,long
2019-01-07,1,2019-01-04,2019-01-07,29.945,30.15,0.2049999999999983,10.249999999999915,18.49999999999983,long
2019-01-08,1,2019-01-07,2019-01-08,30.39,30.794999999999998,0.4049999999999976,20.24999999999988,38.49999999999976,long
2019-01-09,1,2019-01-08,2019-01-09,30.625,31.014999999999997,0.389999999999997,19.49999999999985,36.9999999999997,long
2019-01-10,1,2019-01-09,2019-01-10,31.110000000000003,30.854999999999997,-0.2550000000000061,-12.750000000000306,-27.50000000000061,long
2019-01-11,1,2019-01-10,2019-01-11,31.200000000000003,31.014999999999997,-0.18500000000000583,-9.250000000000291,-20.500000000000583,long
2019-01-14,1,2019-01-11,2019-01-14,31.015,30.7,-0.3150000000000013,-15.750000000000064,-33.50000000000013,long
2019-01-15,1,2019-01-14,2019-01-15,30.94,31.09,0.14999999999999858,7.499999999999929,12.999999999999858,long
2019-01-16,1,2019-01-15,2019-01-16,31.05,30.994999999999997,-0.05500000000000327,-2.7500000000001634,-7.500000000000327,long
2019-01-17,1,2019-01-16,2019-01-17,31.01,30.755,-0.25500000000000256,-12.750000000000128,-27.500000000000256,long
2019-01-18,1,2019-01-17,2019-01-18,31.295,31.639999999999997,0.3449999999999953,17.249999999999766,32.49999999999953,long
2019-01-22,1,2019-01-18,2019-01-22,31.930000000000003,31.56,-0.37000000000000455,-18.500000000000227,-39.000000000000455,long
2019-01-23,1,2019-01-22,2019-01-23,31.235000000000003,31.325,0.0899999999999963,4.499999999999815,6.9999999999996305,long
2019-01-24,1,2019-01-23,2019-01-24,30.915000000000003,30.83,-0.0850000000000044,-4.25000000000022,-10.50000000000044,long
2019-01-25,1,2019-01-24,2019-01-25,31.080000000000002,31.325,0.24499999999999744,12.249999999999872,22.499999999999744,long
2019-01-28,1,2019-01-25,2019-01-28,31.475,31.04,-0.4350000000000023,-21.750000000000114,-45.50000000000023,long
2019-01-29,1,2019-01-28,2019-01-29,31.16,31.319999999999997,0.1599999999999966,7.9999999999998295,13.999999999999659,long
2019-01-30,1,2019-01-29,2019-01-30,31.255000000000003,31.43,0.17499999999999716,8.749999999999858,15.499999999999716,long
2019-01-31,1,2019-01-30,2019-01-31,31.695,31.724999999999998,0.029999999999997584,1.4999999999998792,0.9999999999997584,long
2019-02-01,1,2019-01-31,2019-02-01,31.900000000000002,32.205000000000005,0.30500000000000327,15.250000000000163,28.500000000000327,long
2019-02-04,1,2019-02-01,2019-02-04,32.455,32.215,-0.23999999999999488,-11.999999999999744,-25.99999999999949,long
2019-02-05,1,2019-02-04,2019-02-05,32.53,32.485,-0.045000000000001705,-2.2500000000000853,-6.5000000000001705,long
2019-02-06,1,2019-02-05,2019-02-06,32.58,32.405,-0.17499999999999716,-8.749999999999858,-19.499999999999716,long
2019-02-07,1,2019-02-06,2019-02-07,32.339999999999996,32.120000000000005,-0.21999999999999176,-10.999999999999588,-23.999999999999176,long
2019-02-08,1,2019-02-07,2019-02-08,31.625,31.52,-0.10500000000000043,-5.250000000000021,-12.500000000000043,long
2019-02-11,1,2019-02-08,2019-02-11,31.48,31.31,-0.1700000000000017,-8.500000000000085,-19.00000000000017,long
2019-02-12,1,2019-02-11,2019-02-12,31.630000000000003,32.035000000000004,0.40500000000000114,20.250000000000057,38.500000000000114,long
2019-02-13,1,2019-02-12,2019-02-13,32.03,32.135000000000005,0.10500000000000398,5.250000000000199,8.500000000000398,long
2019-02-14,1,2019-02-13,2019-02-14,32.43,32.295,-0.134999999999998,-6.7499999999999005,-15.499999999999801,long
2019-02-15,1,2019-02-14,2019-02-15,32.544999999999995,32.865,0.3200000000000074,16.00000000000037,30.00000000000074,long
2019-02-19,1,2019-02-15,2019-02-19,33.07,32.885000000000005,-0.18499999999999517,-9.249999999999758,-20.499999999999517,long
2019-02-20,1,2019-02-19,2019-02-20,33.169999999999995,33.085,-0.08499999999999375,-4.249999999999687,-10.499999999999375,long
2019-02-21,1,2019-02-20,2019-02-21,33.309999999999995,33.185,-0.1249999999999929,-6.249999999999645,-14.49999999999929,long
2019-02-22,1,2019-02-21,2019-02-22,32.794999999999995,33.02,0.22500000000000853,11.250000000000426,20.500000000000853,long
2019-02-25,1,2019-02-22,2019-02-25,32.89,32.760000000000005,-0.12999999999999545,-6.499999999999773,-14.999999999999545,long
2019-02-26,1,2019-02-25,2019-02-26,32.945,32.895,-0.04999999999999716,-2.499999999999858,-6.999999999999716,long
2019-02-27,1,2019-02-26,2019-02-27,32.839999999999996,32.975,0.13500000000000512,6.750000000000256,11.500000000000512,long
2019-02-28,1,2019-02-27,2019-02-28,32.964999999999996,32.95,-0.014999999999993463,-0.7499999999996732,-3.4999999999993463,long
2019-03-01,1,2019-02-28,2019-03-01,32.635,32.79,0.15500000000000114,7.750000000000057,13.500000000000114,long
2019-03-04,1,2019-03-01,2019-03-04,33.235,33.36,0.125,6.25,10.5,long
2019-03-05,1,2019-03-04,2019-03-05,33.294999999999995,33.325,0.030000000000008242,1.5000000000004121,1.0000000000008242,long
2019-03-06,1,2019-03-05,2019-03-06,33.184999999999995,32.895,-0.28999999999999204,-14.499999999999602,-30.999999999999204,long
2019-03-07,1,2019-03-06,2019-03-07,32.765,32.765,0.0,0.0,-2.0,long
2019-03-08,1,2019-03-07,2019-03-08,32.57,32.02,-0.5499999999999972,-27.499999999999858,-56.999999999999716,long
2019-03-11,1,2019-03-08,2019-03-11,31.96,32.175000000000004,0.2150000000000034,10.75000000000017,19.50000000000034,long
2019-03-12,1,2019-03-11,2019-03-12,32.46,32.495000000000005,0.035000000000003695,1.7500000000001847,1.5000000000003695,long
2019-03-13,1,2019-03-12,2019-03-13,32.669999999999995,32.855000000000004,0.18500000000000938,9.250000000000469,16.500000000000938,long
2019-03-14,1,2019-03-13,2019-03-14,33.0,33.010000000000005,0.010000000000005116,0.5000000000002558,-0.9999999999994884,long
2019-03-15,1,2019-03-14,2019-03-15,33.035,32.730000000000004,-0.3049999999999926,-15.24999999999963,-32.49999999999926,long
2019-03-18,1,2019-03-15,2019-03-18,32.765,32.77,0.005000000000002558,0.2500000000001279,-1.4999999999997442,long
2019-03-19,1,2019-03-18,2019-03-19,33.22,33.365,0.14500000000000313,7.250000000000156,12.500000000000313,long
2019-03-20,1,2019-03-19,2019-03-20,33.129999999999995,33.07,-0.05999999999999517,-2.9999999999997584,-7.999999999999517,long
2019-03-21,1,2019-03-20,2019-03-21,33.419999999999995,33.300000000000004,-0.11999999999999034,-5.999999999999517,-13.999999999999034,long
2019-03-22,1,2019-03-21,2019-03-22,33.655,33.330000000000005,-0.32499999999999574,-16.249999999999787,-34.499999999999574,long
2019-03-25,1,2019-03-22,2019-03-25,32.745,32.585,-0.1599999999999966,-7.9999999999998295,-17.99999999999966,long
2019-03-26,1,2019-03-25,2019-03-26,32.76,33.115,0.355000000000004,17.7500000000002,33.5000000000004,long
2019-03-27,1,2019-03-26,2019-03-27,33.23,33.225,-0.0049999999999954525,-0.24999999999977263,-2.4999999999995453,long
2019-03-28,1,2019-03-27,2019-03-28,32.995,32.835,-0.1599999999999966,-7.9999999999998295,-17.99999999999966,long
2019-03-29,1,2019-03-28,2019-03-29,33.12,33.42,0.30000000000000426,15.000000000000213,28.000000000000426,long
2019-04-01,1,2019-03-29,2019-04-01,33.07,33.265,0.19500000000000028,9.750000000000014,17.50000000000003,long
2019-04-02,1,2019-04-01,2019-04-02,33.504999999999995,33.56,0.05500000000000682,2.750000000000341,3.500000000000682,long
2019-04-03,1,2019-04-02,2019-04-03,33.275,33.35,0.07500000000000284,3.750000000000142,5.500000000000284,long
2019-04-04,1,2019-04-03,2019-04-04,32.955,32.955000000000005,7.105427357601002e-15,3.552713678800501e-13,-1.9999999999992895,long
2019-04-05,1,2019-04-04,2019-04-05,33.23,33.300000000000004,0.07000000000000739,3.5000000000003695,5.000000000000739,long
2019-04-08,1,2019-04-05,2019-04-08,33.815,33.845,0.030000000000001137,1.5000000000000568,1.0000000000001137,long
2019-04-09,1,2019-04-08,2019-04-09,33.964999999999996,33.82,-0.14499999999999602,-7.249999999999801,-16.499999999999602,long
2019-04-10,1,2019-04-09,2019-04-10,33.55,33.605000000000004,0.05500000000000682,2.750000000000341,3.500000000000682,long
2019-04-11,1,2019-04-10,2019-04-11,33.675,33.620000000000005,-0.05499999999999261,-2.7499999999996305,-7.499999999999261,long
2019-04-12,1,2019-04-11,2019-04-12,33.699999999999996,34.160000000000004,0.46000000000000796,23.000000000000398,44.000000000000796,long
2019-04-15,1,2019-04-12,2019-04-15,33.79,33.730000000000004,-0.05999999999999517,-2.9999999999997584,-7.999999999999517,long
2019-04-16,1,2019-04-15,2019-04-16,33.589999999999996,33.690000000000005,0.10000000000000853,5.000000000000426,8.000000000000853,long
2019-04-17,1,2019-04-16,2019-04-17,33.809999999999995,33.995000000000005,0.18500000000000938,9.250000000000469,16.500000000000938,long
2019-04-18,1,2019-04-17,2019-04-18,33.765,33.825,0.060000000000002274,3.0000000000001137,4.000000000000227,long
2019-04-22,1,2019-04-18,2019-04-22,33.605,33.9,0.2950000000000017,14.750000000000085,27.50000000000017,long
2019-04-23,1,2019-04-22,2019-04-23,34.315,34.32,0.005000000000002558,0.2500000000001279,-1.4999999999997442,long
2019-04-24,1,2019-04-23,2019-04-24,34.26,34.275,0.015000000000000568,0.7500000000000284,-0.49999999999994316,long
2019-04-25,1,2019-04-24,2019-04-25,33.66,33.635000000000005,-0.024999999999991473,-1.2499999999995737,-4.499999999999147,long
2019-04-26,1,2019-04-25,2019-04-26,33.555,33.29,-0.26500000000000057,-13.250000000000028,-28.500000000000057,long
2019-04-29,1,2019-04-26,2019-04-29,33.12,33.11,-0.00999999999999801,-0.4999999999999005,-2.999999999999801,long
2019-04-30,1,2019-04-29,2019-04-30,33.089999999999996,33.39,0.30000000000000426,15.000000000000213,28.000000000000426,long
2019-05-01,1,2019-04-30,2019-05-01,33.065,33.055,-0.00999999999999801,-0.4999999999999005,-2.999999999999801,long
2019-05-02,1,2019-05-01,2019-05-02,32.405,32.2,-0.2049999999999983,-10.249999999999915,-22.49999999999983,long
2019-05-03,1,2019-05-02,2019-05-03,31.84,32.115,0.27500000000000213,13.750000000000107,25.500000000000213,long
2019-05-06,1,2019-05-03,2019-05-06,32.135,31.865,-0.2699999999999996,-13.499999999999979,-28.999999999999957,long
2019-05-07,1,2019-05-06,2019-05-07,32.165,31.764999999999997,-0.40000000000000213,-20.000000000000107,-42.00000000000021,long
2019-05-08,1,2019-05-07,2019-05-08,31.885,31.845,-0.0400000000000027,-2.000000000000135,-6.00000000000027,long
2019-05-09,1,2019-05-08,2019-05-09,31.885,31.685,-0.20000000000000284,-10.000000000000142,-22.000000000000284,long
2019-05-10,1,2019-05-09,2019-05-10,31.885,31.83,-0.05500000000000327,-2.7500000000001634,-7.500000000000327,long
2019-05-13,1,2019-05-10,2019-05-13,32.035,31.744999999999997,-0.28999999999999915,-14.499999999999957,-30.999999999999915,long
2019-05-14,1,2019-05-13,2019-05-14,31.485000000000003,31.634999999999998,0.14999999999999503,7.499999999999751,12.999999999999503,long
2019-05-15,1,2019-05-14,2019-05-15,31.87,31.669999999999998,-0.20000000000000284,-10.000000000000142,-22.000000000000284,long
2019-05-16,1,2019-05-15,2019-05-16,32.035,32.095,0.060000000000002274,3.0000000000001137,4.000000000000227,long
2019-05-17,1,2019-05-16,2019-05-17,32.21,31.974999999999998,-0.23500000000000298,-11.75000000000015,-25.5000000000003,long
2019-05-20,1,2019-05-17,2019-05-20,31.885,31.869999999999997,-0.015000000000004121,-0.7500000000002061,-3.500000000000412,long
2019-05-21,1,2019-05-20,2019-05-21,31.900000000000002,32.015,0.11499999999999844,5.749999999999922,9.499999999999844,long
2019-05-22,1,2019-05-21,2019-05-22,32.269999999999996,32.055,-0.2149999999999963,-10.749999999999815,-23.49999999999963,long
2019-05-23,1,2019-05-22,2019-05-23,31.770000000000003,31.2,-0.5700000000000038,-28.500000000000192,-59.000000000000384,long
2019-05-24,1,2019-05-23,2019-05-24,30.705000000000002,30.93,0.22499999999999787,11.249999999999893,20.499999999999787,long
2019-05-28,1,2019-05-24,2019-05-28,30.82,30.819999999999997,-3.552713678800501e-15,-1.7763568394002505e-13,-2.0000000000003553,long
2019-05-29,1,2019-05-28,2019-05-29,30.5,30.06,-0.4400000000000013,-22.000000000000064,-46.00000000000013,long
2019-05-30,1,2019-05-29,2019-05-30,30.305000000000003,30.235,-0.07000000000000384,-3.500000000000192,-9.000000000000384,long
2019-05-31,1,2019-05-30,2019-05-31,29.92,29.505,-0.4150000000000027,-20.750000000000135,-43.50000000000027,long
2019-06-03,1,2019-05-31,2019-06-03,29.395000000000003,29.59,0.19499999999999673,9.749999999999837,17.499999999999673,long
2019-06-04,1,2019-06-03,2019-06-04,29.770000000000003,30.02,0.24999999999999645,12.499999999999822,22.999999999999645,long
2019-06-05,1,2019-06-04,2019-06-05,30.285,30.29,0.004999999999999005,0.24999999999995026,-1.5000000000000995,long
2019-06-06,1,2019-06-05,2019-06-06,29.950000000000003,29.99,0.039999999999995595,1.9999999999997797,1.9999999999995595,long
2019-06-07,1,2019-06-06,2019-06-07,30.505000000000003,30.58,0.07499999999999574,3.749999999999787,5.499999999999574,long
2019-06-10,1,2019-06-07,2019-06-10,30.645000000000003,30.685,0.039999999999995595,1.9999999999997797,1.9999999999995595,long
2019-06-11,1,2019-06-10,2019-06-11,30.735000000000003,30.955,0.2199999999999953,10.999999999999766,19.99999999999953,long
2019-06-12,1,2019-06-11,2019-06-12,30.795,30.575,-0.22000000000000242,-11.00000000000012,-24.00000000000024,long
2019-06-13,1,2019-06-12,2019-06-13,30.360000000000003,30.724999999999998,0.3649999999999949,18.249999999999744,34.49999999999949,long
2019-06-14,1,2019-06-13,2019-06-14,30.715,30.764999999999997,0.04999999999999716,2.499999999999858,2.999999999999716,long
2019-06-17,1,2019-06-14,2019-06-17,30.515,30.43,-0.08500000000000085,-4.250000000000043,-10.500000000000085,long
2019-06-18,1,2019-06-17,2019-06-18,30.770000000000003,30.935,0.1649999999999956,8.24999999999978,14.49999999999956,long
2019-06-19,1,2019-06-18,2019-06-19,31.195,31.13,-0.06500000000000128,-3.250000000000064,-8.500000000000128,long
2019-06-20,1,2019-06-19,2019-06-20,31.16,31.63,0.46999999999999886,23.499999999999943,44.999999999999886,long
2019-06-21,1,2019-06-20,2019-06-21,31.85,31.59,-0.26000000000000156,-13.000000000000078,-28.000000000000156,long
2019-06-24,1,2019-06-21,2019-06-24,31.790000000000003,31.759999999999998,-0.03000000000000469,-1.5000000000002345,-5.000000000000469,long
2019-06-25,1,2019-06-24,2019-06-25,31.505000000000003,31.465,-0.0400000000000027,-2.000000000000135,-6.00000000000027,long
2019-06-26,1,2019-06-25,2019-06-26,31.255000000000003,31.59,0.3349999999999973,16.749999999999865,31.49999999999973,long
2019-06-27,1,2019-06-26,2019-06-27,31.735000000000003,31.75,0.014999999999997016,0.7499999999998508,-0.5000000000002984,long
2019-06-28,1,2019-06-27,2019-06-28,31.5,31.56,0.05999999999999872,2.999999999999936,3.999999999999872,long
2019-07-01,1,2019-06-28,2019-07-01,31.865000000000002,32.24,0.375,18.75,35.5,long
2019-07-02,1,2019-07-01,2019-07-02,31.895000000000003,31.814999999999998,-0.0800000000000054,-4.00000000000027,-10.00000000000054,long
2019-07-03,1,2019-07-02,2019-07-03,31.385,31.444999999999997,0.05999999999999517,2.9999999999997584,3.999999999999517,long
2019-07-05,1,2019-07-03,2019-07-05,31.51,31.349999999999998,-0.1600000000000037,-8.000000000000185,-18.00000000000037,long
2019-07-08,1,2019-07-05,2019-07-08,31.555000000000003,31.444999999999997,-0.11000000000000654,-5.500000000000327,-13.000000000000654,long
2019-07-09,1,2019-07-08,2019-07-09,31.6,31.529999999999998,-0.07000000000000384,-3.500000000000192,-9.000000000000384,long
2019-07-10,1,2019-07-09,2019-07-10,31.625,31.805,0.17999999999999972,8.999999999999986,15.999999999999972,long
2019-07-11,1,2019-07-10,2019-07-11,32.03,32.105000000000004,0.07500000000000284,3.750000000000142,5.500000000000284,long
2019-07-12,1,2019-07-11,2019-07-12,32.095,32.095,0.0,0.0,-2.0,long
2019-07-15,1,2019-07-12,2019-07-15,32.23,32.300000000000004,0.07000000000000739,3.5000000000003695,5.000000000000739,long
2019-07-16,1,2019-07-15,2019-07-16,31.94,31.854999999999997,-0.0850000000000044,-4.25000000000022,-10.50000000000044,long
2019-07-17,1,2019-07-16,2019-07-17,31.6,31.555,-0.045000000000001705,-2.2500000000000853,-6.5000000000001705,long
2019-07-18,1,2019-07-17,2019-07-18,31.240000000000002,31.069999999999997,-0.17000000000000526,-8.500000000000263,-19.000000000000526,long
2019-07-19,1,2019-07-18,2019-07-19,31.245,31.255,0.00999999999999801,0.4999999999999005,-1.000000000000199,long
2019-07-22,1,2019-07-19,2019-07-22,31.39,31.49,0.09999999999999787,4.999999999999893,7.999999999999787,long
2019-07-23,1,2019-07-22,2019-07-23,31.535,31.514999999999997,-0.020000000000003126,-1.0000000000001563,-4.000000000000313,long
2019-07-24,1,2019-07-23,2019-07-24,31.62,31.56,-0.060000000000002274,-3.0000000000001137,-8.000000000000227,long
2019-07-25,1,2019-07-24,2019-07-25,31.755000000000003,31.854999999999997,0.09999999999999432,4.999999999999716,7.999999999999432,long
2019-07-26,1,2019-07-25,2019-07-26,31.395000000000003,31.375,-0.020000000000003126,-1.0000000000001563,-4.000000000000313,long
2019-07-29,1,2019-07-26,2019-07-29,31.235000000000003,31.189999999999998,-0.04500000000000526,-2.250000000000263,-6.500000000000526,long
2019-07-30,1,2019-07-29,2019-07-30,31.110000000000003,30.965,-0.14500000000000313,-7.250000000000156,-16.500000000000313,long
2019-07-31,1,2019-07-30,2019-07-31,31.46,31.439999999999998,-0.020000000000003126,-1.0000000000001563,-4.000000000000313,long
2019-08-01,1,2019-07-31,2019-08-01,31.360000000000003,30.994999999999997,-0.36500000000000554,-18.250000000000277,-38.500000000000554,long
2019-08-02,1,2019-08-01,2019-08-02,30.650000000000002,30.764999999999997,0.11499999999999488,5.749999999999744,9.499999999999488,long
2019-08-05,1,2019-08-02,2019-08-05,30.21,29.63,-0.5800000000000018,-29.000000000000092,-60.000000000000185,long
2019-08-06,1,2019-08-05,2019-08-06,29.310000000000002,29.369999999999997,0.05999999999999517,2.9999999999997584,3.999999999999517,long
2019-08-07,1,2019-08-06,2019-08-07,29.275000000000002,28.72,-0.5550000000000033,-27.750000000000163,-57.50000000000033,long
2019-08-08,1,2019-08-07,2019-08-08,29.055000000000003,29.235,0.17999999999999616,8.999999999999808,15.999999999999616,long
2019-08-09,1,2019-08-08,2019-08-09,29.89,29.959999999999997,0.06999999999999673,3.4999999999998366,4.999999999999673,long
2019-08-12,1,2019-08-09,2019-08-12,29.560000000000002,29.47,-0.09000000000000341,-4.5000000000001705,-11.000000000000341,long
2019-08-13,1,2019-08-12,2019-08-13,29.21,29.06,-0.15000000000000213,-7.500000000000107,-17.000000000000213,long
2019-08-14,1,2019-08-13,2019-08-14,29.48,28.83,-0.6500000000000021,-32.50000000000011,-67.00000000000021,long
2019-08-15,1,2019-08-14,2019-08-15,28.325000000000003,28.154999999999998,-0.17000000000000526,-8.500000000000263,-19.000000000000526,long
2019-08-16,1,2019-08-15,2019-08-16,28.150000000000002,28.279999999999998,0.12999999999999545,6.499999999999773,10.999999999999545,long
2019-08-19,1,2019-08-16,2019-08-19,28.520000000000003,28.9,0.37999999999999545,18.999999999999773,35.999999999999545,long
2019-08-20,1,2019-08-19,2019-08-20,29.150000000000002,29.009999999999998,-0.14000000000000412,-7.000000000000206,-16.000000000000412,long
2019-08-21,1,2019-08-20,2019-08-21,28.905,29.194999999999997,0.2899999999999956,14.49999999999978,26.99999999999956,long
2019-08-22,1,2019-08-21,2019-08-22,29.09,29.185,0.09499999999999886,4.749999999999943,7.499999999999886,long
2019-08-23,1,2019-08-22,2019-08-23,28.96,28.599999999999998,-0.360000000000003,-18.00000000000015,-38.0000000000003,long
2019-08-26,1,2019-08-23,2019-08-26,27.990000000000002,28.215,0.22499999999999787,11.249999999999893,20.499999999999787,long
2019-08-27,1,2019-08-26,2019-08-27,28.110000000000003,28.264999999999997,0.15499999999999403,7.749999999999702,13.499999999999403,long
2019-08-28,1,2019-08-27,2019-08-28,27.935000000000002,28.06,0.12499999999999645,6.249999999999822,10.499999999999645,long
2019-08-29,1,2019-08-28,2019-08-29,28.335,28.535,0.1999999999999993,9.999999999999964,17.99999999999993,long
2019-08-30,1,2019-08-29,2019-08-30,28.75,28.84,0.08999999999999986,4.499999999999993,6.999999999999986,long
2019-09-03,1,2019-08-30,2019-09-03,28.75,28.264999999999997,-0.485000000000003,-24.25000000000015,-50.5000000000003,long
2019-09-04,1,2019-09-03,2019-09-04,28.610000000000003,28.994999999999997,0.38499999999999446,19.249999999999723,36.499999999999446,long
2019-09-05,1,2019-09-04,2019-09-05,29.01,29.25,0.23999999999999844,11.999999999999922,21.999999999999844,long
2019-09-06,1,2019-09-05,2019-09-06,29.37,29.29,-0.08000000000000185,-4.000000000000092,-10.000000000000185,long
2019-09-09,1,2019-09-06,2019-09-09,29.525000000000002,29.744999999999997,0.2199999999999953,10.999999999999766,19.99999999999953,long
2019-09-10,1,2019-09-09,2019-09-10,30.115000000000002,30.279999999999998,0.1649999999999956,8.24999999999978,14.49999999999956,long
2019-09-11,1,2019-09-10,2019-09-11,30.470000000000002,30.619999999999997,0.14999999999999503,7.499999999999751,12.999999999999503,long
2019-09-12,1,2019-09-11,2019-09-12,30.5,30.095,-0.40500000000000114,-20.250000000000057,-42.500000000000114,long
2019-09-13,1,2019-09-12,2019-09-13,30.310000000000002,30.505,0.19499999999999673,9.749999999999837,17.499999999999673,long
2019-09-16,1,2019-09-13,2019-09-16,30.55,31.81,1.259999999999998,62.9999999999999,123.9999999999998,long
2019-09-17,1,2019-09-16,2019-09-17,31.575000000000003,31.575,-3.552713678800501e-15,-1.7763568394002505e-13,-2.0000000000003553,long
2019-09-18,1,2019-09-17,2019-09-18,31.135,30.889999999999997,-0.24500000000000455,-12.250000000000227,-26.500000000000455,long
2019-09-19,1,2019-09-18,2019-09-19,30.985000000000003,31.15,0.1649999999999956,8.24999999999978,14.49999999999956,long
2019-09-20,1,2019-09-19,2019-09-20,30.905,30.65,-0.25500000000000256,-12.750000000000128,-27.500000000000256,long
2019-09-23,1,2019-09-20,2019-09-23,30.650000000000002,30.424999999999997,-0.22500000000000497,-11.250000000000249,-24.500000000000497,long
2019-09-24,1,2019-09-23,2019-09-24,30.66,30.535,-0.125,-6.25,-14.5,long
2019-09-25,1,2019-09-24,2019-09-25,30.175,29.979999999999997,-0.19500000000000384,-9.750000000000192,-21.500000000000384,long
2019-09-26,1,2019-09-25,2019-09-26,30.225,30.08,-0.14500000000000313,-7.250000000000156,-16.500000000000313,long
2019-09-27,1,2019-09-26,2019-09-27,29.830000000000002,29.634999999999998,-0.19500000000000384,-9.750000000000192,-21.500000000000384,long
2019-09-30,1,2019-09-27,2019-09-30,29.825000000000003,29.665,-0.1600000000000037,-8.000000000000185,-18.00000000000037,long
2019-10-01,1,2019-09-30,2019-10-01,29.610000000000003,29.705,0.09499999999999531,4.7499999999997655,7.499999999999531,long
2019-10-02,1,2019-10-01,2019-10-02,28.925,28.735,-0.19000000000000128,-9.500000000000064,-21.000000000000128,long
2019-10-03,1,2019-10-02,2019-10-03,28.215,28.02,-0.19500000000000028,-9.750000000000014,-21.50000000000003,long
2019-10-04,1,2019-10-03,2019-10-04,28.520000000000003,28.619999999999997,0.09999999999999432,4.999999999999716,7.999999999999432,long
2019-10-07,1,2019-10-04,2019-10-07,28.700000000000003,28.724999999999998,0.024999999999995026,1.2499999999997513,0.4999999999995026,long
2019-10-08,1,2019-10-07,2019-10-08,28.445,28.134999999999998,-0.3100000000000023,-15.500000000000114,-33.00000000000023,long
2019-10-09,1,2019-10-08,2019-10-09,27.96,28.189999999999998,0.22999999999999687,11.499999999999844,20.999999999999687,long
2019-10-10,1,2019-10-09,2019-10-10,28.215,28.29,0.07499999999999929,3.7499999999999645,5.499999999999929,long
2019-10-11,1,2019-10-10,2019-10-11,28.57,28.845,0.2749999999999986,13.749999999999929,25.499999999999858,long
2019-10-14,1,2019-10-11,2019-10-14,28.955000000000002,28.724999999999998,-0.23000000000000398,-11.500000000000199,-25.000000000000398,long
2019-10-15,1,2019-10-14,2019-10-15,28.94,28.91,-0.030000000000001137,-1.5000000000000568,-5.000000000000114,long
2019-10-16,1,2019-10-15,2019-10-16,29.060000000000002,28.939999999999998,-0.12000000000000455,-6.000000000000227,-14.000000000000455,long
2019-10-17,1,2019-10-16,2019-10-17,28.655,28.755,0.09999999999999787,4.999999999999893,7.999999999999787,long
2019-10-18,1,2019-10-17,2019-10-18,28.675,28.58,-0.09500000000000242,-4.750000000000121,-11.500000000000242,long
2019-10-21,1,2019-10-18,2019-10-21,28.525000000000002,28.584999999999997,0.05999999999999517,2.9999999999997584,3.999999999999517,long
2019-10-22,1,2019-10-21,2019-10-22,29.035,29.104999999999997,0.06999999999999673,3.4999999999998366,4.999999999999673,long
2019-10-23,1,2019-10-22,2019-10-23,29.41,29.34,-0.07000000000000028,-3.500000000000014,-9.000000000000028,long
2019-10-24,1,2019-10-23,2019-10-24,29.655,29.805,0.14999999999999858,7.499999999999929,12.999999999999858,long
2019-10-25,1,2019-10-24,2019-10-25,29.53,29.52,-0.010000000000001563,-0.5000000000000782,-3.0000000000001563,long
2019-10-28,1,2019-10-25,2019-10-28,29.770000000000003,29.849999999999998,0.07999999999999474,3.999999999999737,5.999999999999474,long
2019-10-29,1,2019-10-28,2019-10-29,29.6,29.47,-0.13000000000000256,-6.500000000000128,-15.000000000000256,long
2019-10-30,1,2019-10-29,2019-10-30,29.720000000000002,29.77,0.04999999999999716,2.499999999999858,2.999999999999716,long
2019-10-31,1,2019-10-30,2019-10-31,29.115000000000002,28.97,-0.14500000000000313,-7.250000000000156,-16.500000000000313,long
2019-11-01,1,2019-10-31,2019-11-01,28.990000000000002,29.134999999999998,0.14499999999999602,7.249999999999801,12.499999999999602,long
2019-11-04,1,2019-11-01,2019-11-04,29.650000000000002,29.97,0.31999999999999673,15.999999999999837,29.999999999999673,long
2019-11-05,1,2019-11-04,2019-11-05,30.615000000000002,30.68,0.06499999999999773,3.2499999999998863,4.499999999999773,long
2019-11-06,1,2019-11-05,2019-11-06,30.655,30.59,-0.06500000000000128,-3.250000000000064,-8.500000000000128,long
2019-11-07,1,2019-11-06,2019-11-07,30.03,30.314999999999998,0.2849999999999966,14.24999999999983,26.49999999999966,long
2019-11-08,1,2019-11-07,2019-11-08,30.48,30.29,-0.19000000000000128,-9.500000000000064,-21.000000000000128,long
2019-11-11,1,2019-11-08,2019-11-11,30.355,30.049999999999997,-0.30500000000000327,-15.250000000000163,-32.50000000000033,long
2019-11-12,1,2019-11-11,2019-11-12,30.185000000000002,30.255,0.06999999999999673,3.4999999999998366,4.999999999999673,long
2019-11-13,1,2019-11-12,2019-11-13,30.03,29.88,-0.15000000000000213,-7.500000000000107,-17.000000000000213,long
2019-11-14,1,2019-11-13,2019-11-14,29.900000000000002,29.869999999999997,-0.03000000000000469,-1.5000000000002345,-5.000000000000469,long
2019-11-15,1,2019-11-14,2019-11-15,29.82,29.924999999999997,0.10499999999999687,5.249999999999844,8.499999999999687,long
2019-11-18,1,2019-11-15,2019-11-18,30.05,29.84,-0.21000000000000085,-10.500000000000043,-23.000000000000085,long
2019-11-19,1,2019-11-18,2019-11-19,29.685000000000002,29.595,-0.09000000000000341,-4.5000000000001705,-11.000000000000341,long
2019-11-20,1,2019-11-19,2019-11-20,29.245,29.215,-0.030000000000001137,-1.5000000000000568,-5.000000000000114,long
2019-11-21,1,2019-11-20,2019-11-21,29.540000000000003,29.619999999999997,0.07999999999999474,3.999999999999737,5.999999999999474,long
2019-11-22,1,2019-11-21,2019-11-22,30.025000000000002,30.035,0.00999999999999801,0.4999999999999005,-1.000000000000199,long
2019-11-25,1,2019-11-22,2019-11-25,29.925,29.9,-0.02500000000000213,-1.2500000000001066,-4.500000000000213,long
2019-11-26,1,2019-11-25,2019-11-26,29.955000000000002,29.974999999999998,0.01999999999999602,0.999999999999801,-3.979039320256561e-13,long
2019-11-27,1,2019-11-26,2019-11-27,29.680000000000003,29.694999999999997,0.014999999999993463,0.7499999999996732,-0.5000000000006537,long
2019-11-29,1,2019-11-27,2019-11-29,29.755000000000003,29.49,-0.2650000000000041,-13.250000000000206,-28.500000000000412,long
2019-12-02,1,2019-11-29,2019-12-02,29.455000000000002,29.535,0.0799999999999983,3.9999999999999147,5.9999999999998295,long
2019-12-03,1,2019-12-02,2019-12-03,29.455000000000002,29.174999999999997,-0.2800000000000047,-14.000000000000234,-30.00000000000047,long
2019-12-04,1,2019-12-03,2019-12-04,29.015,29.25,0.23499999999999943,11.749999999999972,21.499999999999943,long
2019-12-05,1,2019-12-04,2019-12-05,29.450000000000003,29.555,0.10499999999999687,5.249999999999844,8.499999999999687,long
2019-12-06,1,2019-12-05,2019-12-06,29.310000000000002,29.415,0.10499999999999687,5.249999999999844,8.499999999999687,long
2019-12-09,1,2019-12-06,2019-12-09,29.87,29.625,-0.245000000000001,-12.25000000000005,-26.5000000000001,long
2019-12-10,1,2019-12-09,2019-12-10,29.835,29.91,0.07499999999999929,3.7499999999999645,5.499999999999929,long
2019-12-11,1,2019-12-10,2019-12-11,29.895000000000003,29.83,-0.06500000000000483,-3.2500000000002416,-8.500000000000483,long
2019-12-12,1,2019-12-11,2019-12-12,29.845000000000002,29.869999999999997,0.024999999999995026,1.2499999999997513,0.4999999999995026,long
2019-12-13,1,2019-12-12,2019-12-13,30.395000000000003,30.479999999999997,0.08499999999999375,4.249999999999687,6.499999999999375,long
2019-12-16,1,2019-12-13,2019-12-16,30.165000000000003,30.36,0.19499999999999673,9.749999999999837,17.499999999999673,long
2019-12-17,1,2019-12-16,2019-12-17,30.57,30.68,0.10999999999999943,5.499999999999972,8.999999999999943,long
2019-12-18,1,2019-12-17,2019-12-18,30.59,30.535,-0.054999999999999716,-2.749999999999986,-7.499999999999972,long
2019-12-19,1,2019-12-18,2019-12-19,30.705000000000002,30.689999999999998,-0.015000000000004121,-0.7500000000002061,-3.500000000000412,long
2019-12-20,1,2019-12-19,2019-12-20,30.695,30.47,-0.22500000000000142,-11.250000000000071,-24.500000000000142,long
2019-12-23,1,2019-12-20,2019-12-23,30.69,30.634999999999998,-0.05500000000000327,-2.7500000000001634,-7.500000000000327,long
2019-12-24,1,2019-12-23,2019-12-24,31.005000000000003,31.055,0.04999999999999716,2.499999999999858,2.999999999999716,long
2019-12-26,1,2019-12-24,2019-12-26,30.990000000000002,31.104999999999997,0.11499999999999488,5.749999999999744,9.499999999999488,long
2019-12-27,1,2019-12-26,2019-12-27,30.98,31.075,0.09499999999999886,4.749999999999943,7.499999999999886,long
2019-12-30,1,2019-12-27,2019-12-30,30.85,30.049999999999997,-0.8000000000000043,-40.00000000000021,-82.00000000000043,long
2019-12-31,1,2019-12-30,2019-12-31,29.860000000000003,29.689999999999998,-0.17000000000000526,-8.500000000000263,-19.000000000000526,long
2020-01-02,1,2019-12-31,2020-01-02,30.03,30.205,0.17499999999999716,8.749999999999858,15.499999999999716,long
2020-01-03,1,2020-01-02,2020-01-03,30.3,30.555,0.254999999999999,12.74999999999995,23.4999999999999,long
2020-01-06,1,2020-01-03,2020-01-06,30.21,30.285,0.07499999999999929,3.7499999999999645,5.499999999999929,long
2020-01-07,1,2020-01-06,2020-01-07,30.445,30.34,-0.10500000000000043,-5.250000000000021,-12.500000000000043,long
2020-01-08,1,2020-01-07,2020-01-08,30.365000000000002,30.314999999999998,-0.05000000000000426,-2.500000000000213,-7.000000000000426,long
2020-01-09,1,2020-01-08,2020-01-09,29.865000000000002,29.814999999999998,-0.05000000000000426,-2.500000000000213,-7.000000000000426,long
2020-01-10,1,2020-01-09,2020-01-10,30.085,30.049999999999997,-0.035000000000003695,-1.7500000000001847,-5.5000000000003695,long
2020-01-13,1,2020-01-10,2020-01-13,29.915000000000003,29.849999999999998,-0.06500000000000483,-3.2500000000002416,-8.500000000000483,long
2020-01-14,1,2020-01-13,2020-01-14,29.925,29.84,-0.08500000000000085,-4.250000000000043,-10.500000000000085,long
2020-01-15,1,2020-01-14,2020-01-15,29.930000000000003,29.779999999999998,-0.15000000000000568,-7.500000000000284,-17.00000000000057,long
2020-01-16,1,2020-01-15,2020-01-16,29.71,29.88,0.16999999999999815,8.499999999999908,14.999999999999815,long
2020-01-17,1,2020-01-16,2020-01-17,29.76,29.814999999999998,0.05499999999999616,2.749999999999808,3.4999999999996163,long
2020-01-21,1,2020-01-17,2020-01-21,29.57,29.384999999999998,-0.18500000000000227,-9.250000000000114,-20.500000000000227,long
2020-01-22,1,2020-01-21,2020-01-22,29.040000000000003,28.965,-0.07500000000000284,-3.750000000000142,-9.500000000000284,long
2020-01-23,1,2020-01-22,2020-01-23,28.76,28.439999999999998,-0.32000000000000384,-16.000000000000192,-34.000000000000384,long
2020-01-24,1,2020-01-23,2020-01-24,28.650000000000002,28.5,-0.15000000000000213,-7.500000000000107,-17.000000000000213,long
2020-01-27,1,2020-01-24,2020-01-27,28.32,27.729999999999997,-0.5900000000000034,-29.50000000000017,-61.00000000000034,long
2020-01-28,1,2020-01-27,2020-01-28,27.535,27.694999999999997,0.1599999999999966,7.9999999999998295,13.999999999999659,long
2020-01-29,1,2020-01-28,2020-01-29,27.66,27.794999999999998,0.134999999999998,6.7499999999999005,11.499999999999801,long
2020-01-30,1,2020-01-29,2020-01-30,27.37,27.064999999999998,-0.30500000000000327,-15.250000000000163,-32.50000000000033,long
2020-01-31,1,2020-01-30,2020-01-31,27.59,27.11,-0.4800000000000004,-24.00000000000002,-50.00000000000004,long
2020-02-03,1,2020-01-31,2020-02-03,26.73,26.674999999999997,-0.05500000000000327,-2.7500000000001634,-7.500000000000327,long
2020-02-04,1,2020-02-03,2020-02-04,26.380000000000003,26.74,0.3599999999999959,17.999999999999794,33.99999999999959,long
2020-02-05,1,2020-02-04,2020-02-05,26.475,26.895,0.41999999999999815,20.999999999999908,39.999999999999815,long
2020-02-06,1,2020-02-05,2020-02-06,27.470000000000002,27.58,0.10999999999999588,5.499999999999794,8.999999999999588,long
2020-02-07,1,2020-02-06,2020-02-07,27.19,26.965,-0.22500000000000142,-11.250000000000071,-24.500000000000142,long
2020-02-10,1,2020-02-07,2020-02-10,27.0,26.884999999999998,-0.11500000000000199,-5.7500000000000995,-13.500000000000199,long
2020-02-11,1,2020-02-10,2020-02-11,26.865000000000002,27.209999999999997,0.3449999999999953,17.249999999999766,32.49999999999953,long
2020-02-12,1,2020-02-11,2020-02-12,27.165000000000003,27.549999999999997,0.38499999999999446,19.249999999999723,36.499999999999446,long
2020-02-13,1,2020-02-12,2020-02-13,27.53,27.435,-0.09500000000000242,-4.750000000000121,-11.500000000000242,long
2020-02-14,1,2020-02-13,2020-02-14,27.445,27.52,0.07499999999999929,3.7499999999999645,5.499999999999929,long
2020-02-18,1,2020-02-14,2020-02-18,27.3,27.035,-0.26500000000000057,-13.250000000000028,-28.500000000000057,long
2020-02-19,1,2020-02-18,2020-02-19,27.075000000000003,27.255,0.17999999999999616,8.999999999999808,15.999999999999616,long
2020-02-20,1,2020-02-19,2020-02-20,27.435000000000002,27.5,0.06499999999999773,3.2499999999998863,4.499999999999773,long
2020-02-21,1,2020-02-20,2020-02-21,27.405,27.125,-0.28000000000000114,-14.000000000000057,-30.000000000000114,long
2020-02-24,1,2020-02-21,2020-02-24,27.080000000000002,26.04,-1.0400000000000027,-52.000000000000135,-106.00000000000027,long
2020-02-25,1,2020-02-24,2020-02-25,25.830000000000002,25.86,0.029999999999997584,1.4999999999998792,0.9999999999997584,long
2020-02-26,1,2020-02-25,2020-02-26,24.69,24.759999999999998,0.06999999999999673,3.4999999999998366,4.999999999999673,long
2020-02-27,1,2020-02-26,2020-02-27,23.945,23.29,-0.6550000000000011,-32.75000000000006,-67.50000000000011,long
2020-02-28,1,2020-02-27,2020-02-28,22.665000000000003,21.93,-0.735000000000003,-36.75000000000015,-75.5000000000003,long
2020-03-02,1,2020-02-28,2020-03-02,22.645000000000003,23.13,0.4849999999999959,24.249999999999794,46.49999999999959,long
2020-03-03,1,2020-03-02,2020-03-03,23.560000000000002,23.674999999999997,0.11499999999999488,5.749999999999744,9.499999999999488,long
2020-03-04,1,2020-03-03,2020-03-04,22.84,23.319999999999997,0.4799999999999969,23.999999999999844,45.99999999999969,long
2020-03-05,1,2020-03-04,2020-03-05,23.380000000000003,22.68,-0.7000000000000028,-35.00000000000014,-72.00000000000028,long
2020-03-06,1,2020-03-05,2020-03-06,22.525000000000002,21.74,-0.7850000000000037,-39.250000000000185,-80.50000000000037,long
2020-03-09,1,2020-03-06,2020-03-09,21.26,17.525,-3.735000000000003,-186.75000000000014,-375.5000000000003,long
2020-03-10,1,2020-03-09,2020-03-10,16.98,18.375,1.3949999999999996,69.74999999999997,137.49999999999994,long
2020-03-11,1,2020-03-10,2020-03-11,17.785,17.215,-0.5700000000000003,-28.500000000000014,-59.00000000000003,long
2020-03-12,1,2020-03-11,2020-03-12,16.845000000000002,15.585,-1.2600000000000016,-63.00000000000008,-128.00000000000017,long
2020-03-13,1,2020-03-12,2020-03-13,14.745,15.97,1.2250000000000014,61.25000000000007,120.50000000000014,long
2020-03-16,1,2020-03-13,2020-03-16,16.105,13.965,-2.1400000000000006,-107.00000000000003,-216.00000000000006,long
2020-03-17,1,2020-03-16,2020-03-17,13.915,14.03,0.11500000000000021,5.750000000000011,9.500000000000021,long
2020-03-18,1,2020-03-17,2020-03-18,14.01,13.01,-1.0,-50.0,-102.0,long
2020-03-19,1,2020-03-18,2020-03-19,12.0,12.155,0.15499999999999936,7.749999999999968,13.499999999999936,long
2020-03-20,1,2020-03-19,2020-03-20,12.815,13.120000000000001,0.3050000000000015,15.250000000000075,28.50000000000015,long
2020-03-23,1,2020-03-20,2020-03-23,12.94,12.555,-0.3849999999999998,-19.24999999999999,-40.49999999999998,long
2020-03-24,1,2020-03-23,2020-03-24,11.795,12.67,0.875,43.75,85.5,long
2020-03-25,1,2020-03-24,2020-03-25,13.685,13.97,0.28500000000000014,14.250000000000007,26.500000000000014,long
2020-03-26,1,2020-03-25,2020-03-26,14.33,14.495000000000001,0.16500000000000092,8.250000000000046,14.500000000000092,long
2020-03-27,1,2020-03-26,2020-03-27,15.205,14.55,-0.6549999999999994,-32.749999999999964,-67.49999999999994,long
2020-03-30,1,2020-03-27,2020-03-30,14.174999999999999,13.965,-0.20999999999999908,-10.499999999999954,-22.999999999999908,long
2020-03-31,1,2020-03-30,2020-03-31,14.32,14.755,0.4350000000000005,21.750000000000025,41.50000000000005,long
2020-04-01,1,2020-03-31,2020-04-01,14.54,14.05,-0.48999999999999844,-24.499999999999922,-50.999999999999844,long
2020-04-02,1,2020-04-01,2020-04-02,13.82,14.495000000000001,0.6750000000000007,33.750000000000036,65.50000000000007,long
2020-04-03,1,2020-04-02,2020-04-03,15.084999999999999,15.540000000000001,0.45500000000000185,22.750000000000092,43.500000000000185,long
2020-04-06,1,2020-04-03,2020-04-06,14.924999999999999,15.24,0.3150000000000013,15.750000000000064,29.500000000000128,long
2020-04-07,1,2020-04-06,2020-04-07,15.715,16.47,0.754999999999999,37.74999999999995,73.4999999999999,long
2020-04-08,1,2020-04-07,2020-04-08,16.05,16.369999999999997,0.31999999999999673,15.999999999999837,29.999999999999673,long
2020-04-09,1,2020-04-08,2020-04-09,17.12,17.755,0.634999999999998,31.7499999999999,61.4999999999998,long
2020-04-13,1,2020-04-09,2020-04-13,16.965,17.555,0.5899999999999999,29.499999999999993,56.999999999999986,long
2020-04-14,1,2020-04-13,2020-04-14,16.91,16.974999999999998,0.06499999999999773,3.2499999999998863,4.499999999999773,long
2020-04-15,1,2020-04-14,2020-04-15,16.830000000000002,16.139999999999997,-0.6900000000000048,-34.50000000000024,-71.00000000000048,long
2020-04-16,1,2020-04-15,2020-04-16,16.040000000000003,15.98,-0.060000000000002274,-3.0000000000001137,-8.000000000000227,long
2020-04-17,1,2020-04-16,2020-04-17,15.355,15.645,0.28999999999999915,14.499999999999957,26.999999999999915,long
2020-04-20,1,2020-04-17,2020-04-20,16.985000000000003,15.965,-1.0200000000000031,-51.000000000000156,-104.00000000000031,long
2020-04-21,1,2020-04-20,2020-04-21,16.455000000000002,15.96,-0.495000000000001,-24.75000000000005,-51.5000000000001,long
2020-04-22,1,2020-04-21,2020-04-22,16.165000000000003,16.904999999999998,0.7399999999999949,36.999999999999744,71.99999999999949,long
2020-04-23,1,2020-04-22,2020-04-23,16.740000000000002,17.229999999999997,0.4899999999999949,24.499999999999744,46.99999999999949,long
2020-04-24,1,2020-04-23,2020-04-24,17.28,17.584999999999997,0.30499999999999616,15.249999999999808,28.499999999999616,long
2020-04-27,1,2020-04-24,2020-04-27,17.32,17.165,-0.15500000000000114,-7.750000000000057,-17.500000000000114,long
2020-04-28,1,2020-04-27,2020-04-28,17.695,17.939999999999998,0.24499999999999744,12.249999999999872,22.499999999999744,long
2020-04-29,1,2020-04-28,2020-04-29,18.1,18.685,0.5849999999999973,29.249999999999865,56.49999999999973,long
2020-04-30,1,2020-04-29,2020-04-30,19.44,19.535,0.09499999999999886,4.749999999999943,7.499999999999886,long
2020-05-01,1,2020-04-30,2020-05-01,19.01,18.599999999999998,-0.4100000000000037,-20.500000000000185,-43.00000000000037,long
2020-05-04,1,2020-05-01,2020-05-04,17.935000000000002,17.584999999999997,-0.350000000000005,-17.50000000000025,-37.0000000000005,long
2020-05-05,1,2020-05-04,2020-05-05,18.555000000000003,19.294999999999998,0.7399999999999949,36.999999999999744,71.99999999999949,long
2020-05-06,1,2020-05-05,2020-05-06,18.57,18.645,0.07499999999999929,3.7499999999999645,5.499999999999929,long
2020-05-07,1,2020-05-06,2020-05-07,18.085,18.575,0.48999999999999844,24.499999999999922,46.999999999999844,long
2020-05-08,1,2020-05-07,2020-05-08,18.555000000000003,18.97,0.4149999999999956,20.74999999999978,39.49999999999956,long
2020-05-11,1,2020-05-08,2020-05-11,19.400000000000002,19.25,-0.15000000000000213,-7.500000000000107,-17.000000000000213,long
2020-05-12,1,2020-05-11,2020-05-12,19.060000000000002,19.229999999999997,0.1699999999999946,8.49999999999973,14.99999999999946,long
2020-05-13,1,2020-05-12,2020-05-13,18.725,18.58,-0.14500000000000313,-7.250000000000156,-16.500000000000313,long
2020-05-14,1,2020-05-13,2020-05-14,17.875,17.544999999999998,-0.33000000000000185,-16.500000000000092,-35.000000000000185,long
2020-05-15,1,2020-05-14,2020-05-15,18.075000000000003,18.06,-0.015000000000004121,-0.7500000000002061,-3.500000000000412,long
2020-05-18,1,2020-05-15,2020-05-18,18.005000000000003,19.02,1.014999999999997,50.74999999999985,99.4999999999997,long
2020-05-19,1,2020-05-18,2020-05-19,19.475,19.479999999999997,0.0049999999999954525,0.24999999999977263,-1.5000000000004547,long
2020-05-20,1,2020-05-19,2020-05-20,18.930000000000003,19.299999999999997,0.3699999999999939,18.499999999999694,34.99999999999939,long
2020-05-21,1,2020-05-20,2020-05-21,19.685000000000002,19.729999999999997,0.0449999999999946,2.24999999999973,2.49999999999946,long
2020-05-22,1,2020-05-21,2020-05-22,19.37,19.189999999999998,-0.18000000000000327,-9.000000000000163,-20.000000000000327,long
2020-05-26,1,2020-05-22,2020-05-26,19.25,19.845,0.5949999999999989,29.749999999999943,57.499999999999886,long
2020-05-27,1,2020-05-26,2020-05-27,19.785,20.064999999999998,0.2799999999999976,13.99999999999988,25.99999999999976,long
2020-05-28,1,2020-05-27,2020-05-28,20.040000000000003,20.069999999999997,0.02999999999999403,1.4999999999997016,0.9999999999994031,long
2020-05-29,1,2020-05-28,2020-05-29,19.48,19.294999999999998,-0.18500000000000227,-9.250000000000114,-20.500000000000227,long
2020-06-01,1,2020-05-29,2020-06-01,19.39,19.34,-0.05000000000000071,-2.5000000000000355,-7.000000000000071,long
2020-06-02,1,2020-06-01,2020-06-02,19.73,19.944999999999997,0.2149999999999963,10.749999999999815,19.49999999999963,long
2020-06-03,1,2020-06-02,2020-06-03,20.28,20.599999999999998,0.31999999999999673,15.999999999999837,29.999999999999673,long
2020-06-04,1,2020-06-03,2020-06-04,20.875,20.764999999999997,-0.11000000000000298,-5.500000000000149,-13.000000000000298,long
2020-06-05,1,2020-06-04,2020-06-05,20.880000000000003,21.904999999999998,1.024999999999995,51.24999999999975,100.4999999999995,long
2020-06-08,1,2020-06-05,2020-06-08,22.430000000000003,23.224999999999998,0.7949999999999946,39.74999999999973,77.49999999999946,long
2020-06-09,1,2020-06-08,2020-06-09,23.44,22.669999999999998,-0.7700000000000031,-38.500000000000156,-79.00000000000031,long
2020-06-10,1,2020-06-09,2020-06-10,22.560000000000002,22.325,-0.23500000000000298,-11.75000000000015,-25.5000000000003,long
2020-06-11,1,2020-06-10,2020-06-11,21.450000000000003,19.935,-1.5150000000000041,-75.7500000000002,-153.5000000000004,long
2020-06-12,1,2020-06-11,2020-06-12,19.430000000000003,20.264999999999997,0.8349999999999937,41.74999999999969,81.49999999999937,long
2020-06-15,1,2020-06-12,2020-06-15,19.92,19.049999999999997,-0.8700000000000045,-43.50000000000023,-89.00000000000045,long
2020-06-16,1,2020-06-15,2020-06-16,19.98,20.91,0.9299999999999997,46.499999999999986,90.99999999999997,long
2020-06-17,1,2020-06-16,2020-06-17,20.555000000000003,20.455,-0.10000000000000497,-5.000000000000249,-12.000000000000497,long
2020-06-18,1,2020-06-17,2020-06-18,19.855,19.634999999999998,-0.22000000000000242,-11.00000000000012,-24.00000000000024,long
2020-06-19,1,2020-06-18,2020-06-19,20.1,20.72,0.6199999999999974,30.999999999999872,59.999999999999744,long
2020-06-22,1,2020-06-19,2020-06-22,19.795,19.43,-0.365000000000002,-18.2500000000001,-38.5000000000002,long
2020-06-23,1,2020-06-22,2020-06-23,19.635,19.91,0.2749999999999986,13.749999999999929,25.499999999999858,long
2020-06-24,1,2020-06-23,2020-06-24,19.655,19.354999999999997,-0.30000000000000426,-15.000000000000213,-32.000000000000426,long
2020-06-25,1,2020-06-24,2020-06-25,18.565,18.369999999999997,-0.19500000000000384,-9.750000000000192,-21.500000000000384,long
2020-06-26,1,2020-06-25,2020-06-26,18.92,18.764999999999997,-0.1550000000000047,-7.7500000000002345,-17.50000000000047,long
2020-06-29,1,2020-06-26,2020-06-29,18.265,18.29,0.02499999999999858,1.249999999999929,0.4999999999998579,long
2020-06-30,1,2020-06-29,2020-06-30,18.51,18.34,-0.1700000000000017,-8.500000000000085,-19.00000000000017,long
2020-07-01,1,2020-06-30,2020-07-01,18.935000000000002,18.99,0.05499999999999616,2.749999999999808,3.4999999999996163,long
2020-07-02,1,2020-07-01,2020-07-02,18.475,18.834999999999997,0.3599999999999959,17.999999999999794,33.99999999999959,long
2020-07-06,1,2020-07-02,2020-07-06,18.680000000000003,18.99,0.30999999999999517,15.499999999999758,28.999999999999517,long
2020-07-07,1,2020-07-06,2020-07-07,18.735000000000003,18.479999999999997,-0.2550000000000061,-12.750000000000306,-27.50000000000061,long
2020-07-08,1,2020-07-07,2020-07-08,18.14,18.154999999999998,0.014999999999997016,0.7499999999998508,-0.5000000000002984,long
2020-07-09,1,2020-07-08,2020-07-09,18.125,18.014999999999997,-0.11000000000000298,-5.500000000000149,-13.000000000000298,long
2020-07-10,1,2020-07-09,2020-07-10,17.23,17.11,-0.120000000000001,-6.00000000000005,-14.0000000000001,long
2020-07-13,1,2020-07-10,2020-07-13,17.78,17.924999999999997,0.14499999999999602,7.249999999999801,12.499999999999602,long
2020-07-14,1,2020-07-13,2020-07-14,17.685000000000002,17.555,-0.13000000000000256,-6.500000000000128,-15.000000000000256,long
2020-07-15,1,2020-07-14,2020-07-15,18.305000000000003,18.75,0.44499999999999673,22.249999999999837,42.49999999999967,long
2020-07-16,1,2020-07-15,2020-07-16,18.700000000000003,18.555,-0.14500000000000313,-7.250000000000156,-16.500000000000313,long
2020-07-17,1,2020-07-16,2020-07-17,18.615000000000002,18.654999999999998,0.039999999999995595,1.9999999999997797,1.9999999999995595,long
2020-07-20,1,2020-07-17,2020-07-20,18.355,18.27,-0.08500000000000085,-4.250000000000043,-10.500000000000085,long
2020-07-21,1,2020-07-20,2020-07-21,18.05,18.34,0.28999999999999915,14.499999999999957,26.999999999999915,long
2020-07-22,1,2020-07-21,2020-07-22,19.14,18.915,-0.22500000000000142,-11.250000000000071,-24.500000000000142,long
2020-07-23,1,2020-07-22,2020-07-23,18.905,18.819999999999997,-0.0850000000000044,-4.25000000000022,-10.50000000000044,long
2020-07-24,1,2020-07-23,2020-07-24,18.87,18.849999999999998,-0.020000000000003126,-1.0000000000001563,-4.000000000000313,long
2020-07-27,1,2020-07-24,2020-07-27,18.765,18.72,-0.045000000000001705,-2.2500000000000853,-6.5000000000001705,long
2020-07-28,1,2020-07-27,2020-07-28,18.785,18.654999999999998,-0.13000000000000256,-6.500000000000128,-15.000000000000256,long
2020-07-29,1,2020-07-28,2020-07-29,18.465,18.494999999999997,0.029999999999997584,1.4999999999998792,0.9999999999997584,long
2020-07-30,1,2020-07-29,2020-07-30,18.85,18.439999999999998,-0.4100000000000037,-20.500000000000185,-43.00000000000037,long
2020-07-31,1,2020-07-30,2020-07-31,18.110000000000003,17.845,-0.2650000000000041,-13.250000000000206,-28.500000000000412,long
2020-08-03,1,2020-07-31,2020-08-03,18.025000000000002,18.0,-0.02500000000000213,-1.2500000000001066,-4.500000000000213,long
2020-08-04,1,2020-08-03,2020-08-04,18.09,18.009999999999998,-0.08000000000000185,-4.000000000000092,-10.000000000000185,long
2020-08-05,1,2020-08-04,2020-08-05,18.53,18.875,0.34499999999999886,17.249999999999943,32.499999999999886,long
2020-08-06,1,2020-08-05,2020-08-06,18.725,18.634999999999998,-0.09000000000000341,-4.5000000000001705,-11.000000000000341,long
2020-08-07,1,2020-08-06,2020-08-07,18.575000000000003,18.389999999999997,-0.18500000000000583,-9.250000000000291,-20.500000000000583,long
2020-08-10,1,2020-08-07,2020-08-10,18.6,18.709999999999997,0.10999999999999588,5.499999999999794,8.999999999999588,long
2020-08-11,1,2020-08-10,2020-08-11,19.175,19.529999999999998,0.3549999999999969,17.749999999999844,33.49999999999969,long
2020-08-12,1,2020-08-11,2020-08-12,19.110000000000003,19.38,0.269999999999996,13.499999999999801,24.999999999999602,long
2020-08-13,1,2020-08-12,2020-08-13,19.3,19.13,-0.1700000000000017,-8.500000000000085,-19.00000000000017,long
2020-08-14,1,2020-08-13,2020-08-14,18.925,18.755,-0.1700000000000017,-8.500000000000085,-19.00000000000017,long
2020-08-17,1,2020-08-14,2020-08-17,19.105,19.09,-0.015000000000000568,-0.7500000000000284,-3.500000000000057,long
2020-08-18,1,2020-08-17,2020-08-18,18.995,18.904999999999998,-0.09000000000000341,-4.5000000000001705,-11.000000000000341,long
2020-08-19,1,2020-08-18,2020-08-19,18.755000000000003,18.724999999999998,-0.03000000000000469,-1.5000000000002345,-5.000000000000469,long
2020-08-20,1,2020-08-19,2020-08-20,18.540000000000003,18.244999999999997,-0.29500000000000526,-14.750000000000263,-31.500000000000526,long
2020-08-21,1,2020-08-20,2020-08-21,18.14,18.049999999999997,-0.09000000000000341,-4.5000000000001705,-11.000000000000341,long
2020-08-24,1,2020-08-21,2020-08-24,18.025000000000002,18.125,0.09999999999999787,4.999999999999893,7.999999999999787,long
2020-08-25,1,2020-08-24,2020-08-25,18.520000000000003,18.599999999999998,0.07999999999999474,3.999999999999737,5.999999999999474,long
2020-08-26,1,2020-08-25,2020-08-26,18.26,18.215,-0.045000000000001705,-2.2500000000000853,-6.5000000000001705,long
2020-08-27,1,2020-08-26,2020-08-27,17.875,17.86,-0.015000000000000568,-0.7500000000000284,-3.500000000000057,long
2020-08-28,1,2020-08-27,2020-08-28,17.91,17.959999999999997,0.04999999999999716,2.499999999999858,2.999999999999716,long
2020-08-31,1,2020-08-28,2020-08-31,18.23,18.235,0.004999999999999005,0.24999999999995026,-1.5000000000000995,long
2020-09-01,1,2020-08-31,2020-09-01,17.835,17.72,-0.11500000000000199,-5.7500000000000995,-13.500000000000199,long
2020-09-02,1,2020-09-01,2020-09-02,17.715,17.689999999999998,-0.02500000000000213,-1.2500000000001066,-4.500000000000213,long
2020-09-03,1,2020-09-02,2020-09-03,17.630000000000003,17.575,-0.05500000000000327,-2.7500000000001634,-7.500000000000327,long
2020-09-04,1,2020-09-03,2020-09-04,17.5,17.66,0.16000000000000014,8.000000000000007,14.000000000000014,long
2020-09-08,1,2020-09-04,2020-09-08,17.445,17.095,-0.3500000000000014,-17.50000000000007,-37.00000000000014,long
2020-09-09,1,2020-09-08,2020-09-09,16.810000000000002,16.979999999999997,0.1699999999999946,8.49999999999973,14.99999999999946,long
2020-09-10,1,2020-09-09,2020-09-10,16.925,16.955,0.029999999999997584,1.4999999999998792,0.9999999999997584,long
2020-09-11,1,2020-09-10,2020-09-11,16.305000000000003,16.31,0.0049999999999954525,0.24999999999977263,-1.5000000000004547,long
2020-09-14,1,2020-09-11,2020-09-14,16.32,16.319999999999997,-3.552713678800501e-15,-1.7763568394002505e-13,-2.0000000000003553,long
2020-09-15,1,2020-09-14,2020-09-15,16.445,16.535,0.08999999999999986,4.499999999999993,6.999999999999986,long
2020-09-16,1,2020-09-15,2020-09-16,16.325000000000003,16.45,0.12499999999999645,6.249999999999822,10.499999999999645,long
2020-09-17,1,2020-09-16,2020-09-17,16.98,16.689999999999998,-0.2900000000000027,-14.500000000000135,-31.00000000000027,long
2020-09-18,1,2020-09-17,2020-09-18,17.005000000000003,16.95,-0.05500000000000327,-2.7500000000001634,-7.500000000000327,long
2020-09-21,1,2020-09-18,2020-09-21,16.815,16.125,-0.6900000000000013,-34.500000000000064,-71.00000000000013,long
2020-09-22,1,2020-09-21,2020-09-22,15.995,15.985,-0.009999999999999787,-0.49999999999998934,-2.9999999999999787,long
2020-09-23,1,2020-09-22,2020-09-23,15.83,15.88,0.05000000000000071,2.5000000000000355,3.000000000000071,long
2020-09-24,1,2020-09-23,2020-09-24,15.115,15.045,-0.07000000000000028,-3.500000000000014,-9.000000000000028,long
2020-09-25,1,2020-09-24,2020-09-25,15.11,14.935,-0.17499999999999893,-8.749999999999947,-19.499999999999893,long
2020-09-28,1,2020-09-25,2020-09-28,15.1,15.35,0.25,12.5,23.0,long
2020-09-29,1,2020-09-28,2020-09-29,15.455,15.39,-0.0649999999999995,-3.249999999999975,-8.49999999999995,long
2020-09-30,1,2020-09-29,2020-09-30,15.03,15.1,0.07000000000000028,3.500000000000014,5.000000000000028,long
2020-10-01,1,2020-09-30,2020-10-01,14.985,14.805,-0.17999999999999972,-8.999999999999986,-19.99999999999997,long
2020-10-02,1,2020-10-01,2020-10-02,14.525,14.11,-0.4150000000000009,-20.750000000000046,-43.50000000000009,long
2020-10-05,1,2020-10-02,2020-10-05,14.665,14.775,0.11000000000000121,5.50000000000006,9.00000000000012,long
2020-10-06,1,2020-10-05,2020-10-06,15.105,15.305,0.1999999999999993,9.999999999999964,17.99999999999993,long
2020-10-07,1,2020-10-06,2020-10-07,14.879999999999999,14.965,0.08500000000000085,4.250000000000043,6.500000000000085,long
2020-10-08,1,2020-10-07,2020-10-08,15.09,15.195,0.10500000000000043,5.250000000000021,8.500000000000043,long
2020-10-09,1,2020-10-08,2020-10-09,15.655,15.775,0.120000000000001,6.00000000000005,10.0000000000001,long
2020-10-12,1,2020-10-09,2020-10-12,15.405,15.335,-0.06999999999999851,-3.4999999999999254,-8.99999999999985,long
2020-10-13,1,2020-10-12,2020-10-13,15.445,15.425,-0.019999999999999574,-0.9999999999999787,-3.9999999999999574,long
2020-10-14,1,2020-10-13,2020-10-14,15.205,15.21,0.005000000000000782,0.2500000000000391,-1.4999999999999218,long
2020-10-15,1,2020-10-14,2020-10-15,15.27,14.995000000000001,-0.2749999999999986,-13.749999999999929,-29.499999999999858,long
2020-10-16,1,2020-10-15,2020-10-16,15.455,15.405,-0.05000000000000071,-2.5000000000000355,-7.000000000000071,long
2020-10-19,1,2020-10-16,2020-10-19,15.105,15.14,0.03500000000000014,1.750000000000007,1.5000000000000142,long
2020-10-20,1,2020-10-19,2020-10-20,14.785,14.85,0.0649999999999995,3.249999999999975,4.49999999999995,long
2020-10-21,1,2020-10-20,2020-10-21,14.959999999999999,14.855,-0.10499999999999865,-5.2499999999999325,-12.499999999999865,long
2020-10-22,1,2020-10-21,2020-10-22,14.674999999999999,14.68,0.005000000000000782,0.2500000000000391,-1.4999999999999218,long
2020-10-23,1,2020-10-22,2020-10-23,15.28,15.335,0.05500000000000149,2.7500000000000746,3.500000000000149,long
2020-10-26,1,2020-10-23,2020-10-26,15.205,14.935,-0.2699999999999996,-13.499999999999979,-28.999999999999957,long
2020-10-27,1,2020-10-26,2020-10-27,14.66,14.625,-0.03500000000000014,-1.750000000000007,-5.500000000000014,long
2020-10-28,1,2020-10-27,2020-10-28,14.47,14.095,-0.375,-18.75,-39.5,long
2020-10-29,1,2020-10-28,2020-10-29,13.865,13.67,-0.19500000000000028,-9.750000000000014,-21.50000000000003,long
2020-10-30,1,2020-10-29,2020-10-30,14.29,14.17,-0.11999999999999922,-5.999999999999961,-13.999999999999922,long
2020-11-02,1,2020-10-30,2020-11-02,14.37,14.53,0.16000000000000014,8.000000000000007,14.000000000000014,long
2020-11-03,1,2020-11-02,2020-11-03,14.86,15.09,0.23000000000000043,11.500000000000021,21.000000000000043,long
2020-11-04,1,2020-11-03,2020-11-04,14.775,14.775,0.0,0.0,-2.0,long
2020-11-05,1,2020-11-04,2020-11-05,14.795,14.81,0.015000000000000568,0.7500000000000284,-0.49999999999994316,long
2020-11-06,1,2020-11-05,2020-11-06,14.795,14.775,-0.019999999999999574,-0.9999999999999787,-3.9999999999999574,long
2020-11-09,1,2020-11-06,2020-11-09,14.475,16.189999999999998,1.714999999999998,85.7499999999999,169.4999999999998,long
2020-11-10,1,2020-11-09,2020-11-10,16.540000000000003,16.83,0.2899999999999956,14.49999999999978,26.99999999999956,long
2020-11-11,1,2020-11-10,2020-11-11,17.075000000000003,17.25,0.17499999999999716,8.749999999999858,15.499999999999716,long
2020-11-12,1,2020-11-11,2020-11-12,16.900000000000002,16.58,-0.32000000000000384,-16.000000000000192,-34.000000000000384,long
2020-11-13,1,2020-11-12,2020-11-13,16.355,16.459999999999997,0.10499999999999687,5.249999999999844,8.499999999999687,long
2020-11-16,1,2020-11-13,2020-11-16,16.950000000000003,17.639999999999997,0.6899999999999942,34.49999999999971,66.99999999999942,long
2020-11-17,1,2020-11-16,2020-11-17,18.065,17.81,-0.25500000000000256,-12.750000000000128,-27.500000000000256,long
2020-11-18,1,2020-11-17,2020-11-18,18.25,18.384999999999998,0.134999999999998,6.7499999999999005,11.499999999999801,long
2020-11-19,1,2020-11-18,2020-11-19,17.720000000000002,17.575,-0.14500000000000313,-7.250000000000156,-16.500000000000313,long
2020-11-20,1,2020-11-19,2020-11-20,18.01,17.944999999999997,-0.06500000000000483,-3.2500000000002416,-8.500000000000483,long
2020-11-23,1,2020-11-20,2020-11-23,17.915000000000003,18.174999999999997,0.25999999999999446,12.999999999999723,23.999999999999446,long
2020-11-24,1,2020-11-23,2020-11-24,19.180000000000003,19.805,0.6249999999999964,31.249999999999822,60.499999999999645,long
2020-11-25,1,2020-11-24,2020-11-25,20.165000000000003,19.99,-0.17500000000000426,-8.750000000000213,-19.500000000000426,long
2020-11-27,1,2020-11-25,2020-11-27,19.695,19.575,-0.120000000000001,-6.00000000000005,-14.0000000000001,long
2020-11-30,1,2020-11-27,2020-11-30,19.465,19.244999999999997,-0.22000000000000242,-11.00000000000012,-24.00000000000024,long
2020-12-01,1,2020-11-30,2020-12-01,18.39,18.86,0.46999999999999886,23.499999999999943,44.999999999999886,long
2020-12-02,1,2020-12-01,2020-12-02,18.475,18.395,-0.08000000000000185,-4.000000000000092,-10.000000000000185,long
2020-12-03,1,2020-12-02,2020-12-03,19.075000000000003,19.139999999999997,0.06499999999999417,3.2499999999997087,4.499999999999417,long
2020-12-04,1,2020-12-03,2020-12-04,19.275000000000002,19.615,0.3399999999999963,16.999999999999815,31.99999999999963,long
2020-12-07,1,2020-12-04,2020-12-07,20.325000000000003,20.064999999999998,-0.2600000000000051,-13.000000000000256,-28.00000000000051,long
2020-12-08,1,2020-12-07,2020-12-08,19.85,19.584999999999997,-0.2650000000000041,-13.250000000000206,-28.500000000000412,long
2020-12-09,1,2020-12-08,2020-12-09,20.145000000000003,20.334999999999997,0.18999999999999417,9.499999999999709,16.999999999999417,long
2020-12-10,1,2020-12-09,2020-12-10,20.19,20.209999999999997,0.01999999999999602,0.999999999999801,-3.979039320256561e-13,long
2020-12-11,1,2020-12-10,2020-12-11,20.810000000000002,20.66,-0.15000000000000213,-7.500000000000107,-17.000000000000213,long
2020-12-14,1,2020-12-11,2020-12-14,20.57,20.869999999999997,0.29999999999999716,14.999999999999858,27.999999999999716,long
2020-12-15,1,2020-12-14,2020-12-15,19.85,19.974999999999998,0.12499999999999645,6.249999999999822,10.499999999999645,long
2020-12-16,1,2020-12-15,2020-12-16,20.240000000000002,20.279999999999998,0.039999999999995595,1.9999999999997797,1.9999999999995595,long
2020-12-17,1,2020-12-16,2020-12-17,20.14,20.299999999999997,0.1599999999999966,7.9999999999998295,13.999999999999659,long
2020-12-18,1,2020-12-17,2020-12-18,20.045,19.985,-0.060000000000002274,-3.0000000000001137,-8.000000000000227,long
2020-12-21,1,2020-12-18,2020-12-21,19.71,18.715,-0.995000000000001,-49.75000000000005,-101.5000000000001,long
2020-12-22,1,2020-12-21,2020-12-22,19.075000000000003,18.994999999999997,-0.0800000000000054,-4.00000000000027,-10.00000000000054,long
2020-12-23,1,2020-12-22,2020-12-23,18.755000000000003,18.904999999999998,0.14999999999999503,7.499999999999751,12.999999999999503,long
2020-12-24,1,2020-12-23,2020-12-24,19.17,19.215,0.04499999999999815,2.2499999999999076,2.4999999999998153,long
2020-12-28,1,2020-12-24,2020-12-28,19.07,19.13,0.05999999999999872,2.999999999999936,3.999999999999872,long
2020-12-29,1,2020-12-28,2020-12-29,18.950000000000003,19.049999999999997,0.09999999999999432,4.999999999999716,7.999999999999432,long
2020-12-30,1,2020-12-29,2020-12-30,18.825000000000003,18.84,0.014999999999997016,0.7499999999998508,-0.5000000000002984,long
2020-12-31,1,2020-12-30,2020-12-31,19.12,19.02,-0.10000000000000142,-5.000000000000071,-12.000000000000142,long
2021-01-04,1,2020-12-31,2021-01-04,18.96,19.16,0.1999999999999993,9.999999999999964,17.99999999999993,long
2021-01-05,1,2021-01-04,2021-01-05,18.990000000000002,19.169999999999998,0.17999999999999616,8.999999999999808,15.999999999999616,long
2021-01-06,1,2021-01-05,2021-01-06,19.84,20.209999999999997,0.36999999999999744,18.499999999999872,34.999999999999744,long
2021-01-07,1,2021-01-06,2021-01-07,20.445,20.61,0.16499999999999915,8.249999999999957,14.499999999999915,long
2021-01-08,1,2021-01-07,2021-01-08,20.745,20.99,0.24499999999999744,12.249999999999872,22.499999999999744,long
2021-01-11,1,2021-01-08,2021-01-11,20.720000000000002,20.275,-0.44500000000000384,-22.250000000000192,-46.500000000000384,long
2021-01-12,1,2021-01-11,2021-01-12,21.045,21.29,0.24499999999999744,12.249999999999872,22.499999999999744,long
2021-01-13,1,2021-01-12,2021-01-13,21.78,21.84,0.05999999999999872,2.999999999999936,3.999999999999872,long
2021-01-14,1,2021-01-13,2021-01-14,21.610000000000003,21.724999999999998,0.11499999999999488,5.749999999999744,9.499999999999488,long
2021-01-15,1,2021-01-14,2021-01-15,22.25,21.819999999999997,-0.43000000000000327,-21.500000000000163,-45.00000000000033,long
2021-01-19,1,2021-01-15,2021-01-19,21.385,21.625,0.23999999999999844,11.999999999999922,21.999999999999844,long
2021-01-20,1,2021-01-19,2021-01-20,21.815,21.974999999999998,0.1599999999999966,7.9999999999998295,13.999999999999659,long
2021-01-21,1,2021-01-20,2021-01-21,21.895000000000003,21.755,-0.14000000000000412,-7.000000000000206,-16.000000000000412,long
2021-01-22,1,2021-01-21,2021-01-22,21.155,20.669999999999998,-0.485000000000003,-24.25000000000015,-50.5000000000003,long
2021-01-25,1,2021-01-22,2021-01-25,21.045,20.794999999999998,-0.25000000000000355,-12.500000000000178,-27.000000000000355,long
2021-01-26,1,2021-01-25,2021-01-26,20.830000000000002,20.99,0.1599999999999966,7.9999999999998295,13.999999999999659,long
2021-01-27,1,2021-01-26,2021-01-27,20.385,20.029999999999998,-0.355000000000004,-17.7500000000002,-37.5000000000004,long
2021-01-28,1,2021-01-27,2021-01-28,20.110000000000003,20.255,0.14499999999999602,7.249999999999801,12.499999999999602,long
2021-01-29,1,2021-01-28,2021-01-29,20.345000000000002,20.049999999999997,-0.29500000000000526,-14.750000000000263,-31.500000000000526,long
2021-02-01,1,2021-01-29,2021-02-01,19.67,19.889999999999997,0.2199999999999953,10.999999999999766,19.99999999999953,long
2021-02-02,1,2021-02-01,2021-02-02,19.810000000000002,20.264999999999997,0.45499999999999474,22.749999999999737,43.499999999999474,long
2021-02-03,1,2021-02-02,2021-02-03,20.025000000000002,20.115,0.0899999999999963,4.499999999999815,6.9999999999996305,long
2021-02-04,1,2021-02-03,2021-02-04,20.880000000000003,21.014999999999997,0.13499999999999446,6.749999999999723,11.499999999999446,long
2021-02-05,1,2021-02-04,2021-02-05,21.110000000000003,21.424999999999997,0.3149999999999942,15.749999999999709,29.499999999999417,long
2021-02-08,1,2021-02-05,2021-02-08,21.290000000000003,21.58,0.2899999999999956,14.49999999999978,26.99999999999956,long
2021-02-09,1,2021-02-08,2021-02-09,22.180000000000003,21.985,-0.19500000000000384,-9.750000000000192,-21.500000000000384,long
2021-02-10,1,2021-02-09,2021-02-10,21.945,22.0,0.054999999999999716,2.749999999999986,3.4999999999999716,long
2021-02-11,1,2021-02-10,2021-02-11,22.365000000000002,22.27,-0.09500000000000242,-4.750000000000121,-11.500000000000242,long
2021-02-12,1,2021-02-11,2021-02-12,22.020000000000003,21.84,-0.18000000000000327,-9.000000000000163,-20.000000000000327,long
2021-02-16,1,2021-02-12,2021-02-16,22.345000000000002,22.834999999999997,0.4899999999999949,24.499999999999744,46.99999999999949,long
2021-02-17,1,2021-02-16,2021-02-17,22.905,23.115,0.2099999999999973,10.499999999999865,18.99999999999973,long
2021-02-18,1,2021-02-17,2021-02-18,23.245,23.125,-0.120000000000001,-6.00000000000005,-14.0000000000001,long
2021-02-19,1,2021-02-18,2021-02-19,22.720000000000002,22.724999999999998,0.0049999999999954525,0.24999999999977263,-1.5000000000004547,long
2021-02-22,1,2021-02-19,2021-02-22,23.1,23.224999999999998,0.12499999999999645,6.249999999999822,10.499999999999645,long
2021-02-23,1,2021-02-22,2021-02-23,23.900000000000002,24.165,0.264999999999997,13.24999999999985,24.4999999999997,long
2021-02-24,1,2021-02-23,2021-02-24,24.295,24.435,0.13999999999999702,6.999999999999851,11.999999999999702,long
2021-02-25,1,2021-02-24,2021-02-25,25.155,25.395,0.23999999999999844,11.999999999999922,21.999999999999844,long
2021-02-26,1,2021-02-25,2021-02-26,24.67,24.325,-0.3450000000000024,-17.25000000000012,-36.50000000000024,long
2021-03-01,1,2021-02-26,2021-03-01,24.085,24.7,0.6149999999999984,30.749999999999922,59.499999999999844,long
2021-03-02,1,2021-03-01,2021-03-02,24.71,24.779999999999998,0.06999999999999673,3.4999999999998366,4.999999999999673,long
2021-03-03,1,2021-03-02,2021-03-03,24.575000000000003,24.729999999999997,0.15499999999999403,7.749999999999702,13.499999999999403,long
2021-03-04,1,2021-03-03,2021-03-04,24.935000000000002,25.169999999999998,0.23499999999999588,11.749999999999794,21.499999999999588,long
2021-03-05,1,2021-03-04,2021-03-05,25.53,26.235,0.7049999999999983,35.249999999999915,68.49999999999983,long
2021-03-08,1,2021-03-05,2021-03-08,26.485000000000003,26.724999999999998,0.23999999999999488,11.999999999999744,21.99999999999949,long
2021-03-09,1,2021-03-08,2021-03-09,26.535,26.395,-0.14000000000000057,-7.000000000000028,-16.000000000000057,long
2021-03-10,1,2021-03-09,2021-03-10,26.07,26.075,0.004999999999999005,0.24999999999995026,-1.5000000000000995,long
2021-03-11,1,2021-03-10,2021-03-11,26.73,26.77,0.03999999999999915,1.9999999999999574,1.9999999999999147,long
2021-03-12,1,2021-03-11,2021-03-12,26.740000000000002,26.77,0.029999999999997584,1.4999999999998792,0.9999999999997584,long
2021-03-15,1,2021-03-12,2021-03-15,26.795,26.7,-0.09500000000000242,-4.750000000000121,-11.500000000000242,long
2021-03-16,1,2021-03-15,2021-03-16,26.490000000000002,26.02,-0.4700000000000024,-23.50000000000012,-49.00000000000024,long
2021-03-17,1,2021-03-16,2021-03-17,25.735000000000003,25.634999999999998,-0.10000000000000497,-5.000000000000249,-12.000000000000497,long
2021-03-18,1,2021-03-17,2021-03-18,25.935000000000002,25.689999999999998,-0.24500000000000455,-12.250000000000227,-26.500000000000455,long
2021-03-19,1,2021-03-18,2021-03-19,24.770000000000003,24.74,-0.03000000000000469,-1.5000000000002345,-5.000000000000469,long
2021-03-22,1,2021-03-19,2021-03-22,24.775000000000002,24.444999999999997,-0.3300000000000054,-16.50000000000027,-35.00000000000054,long
2021-03-23,1,2021-03-22,2021-03-23,24.28,23.744999999999997,-0.5350000000000037,-26.750000000000185,-55.50000000000037,long
2021-03-24,1,2021-03-23,2021-03-24,23.925,24.29,0.36499999999999844,18.249999999999922,34.499999999999844,long
2021-03-25,1,2021-03-24,2021-03-25,24.525000000000002,24.095,-0.43000000000000327,-21.500000000000163,-45.00000000000033,long
2021-03-26,1,2021-03-25,2021-03-26,24.615000000000002,25.04,0.42499999999999716,21.249999999999858,40.499999999999716,long
2021-03-29,1,2021-03-26,2021-03-29,25.225,24.974999999999998,-0.25000000000000355,-12.500000000000178,-27.000000000000355,long
2021-03-30,1,2021-03-29,2021-03-30,24.925,24.65,-0.27500000000000213,-13.750000000000107,-29.500000000000213,long
2021-03-31,1,2021-03-30,2021-03-31,24.71,24.68,-0.030000000000001137,-1.5000000000000568,-5.000000000000114,long
2021-04-01,1,2021-03-31,2021-04-01,24.540000000000003,24.63,0.0899999999999963,4.499999999999815,6.9999999999996305,long
2021-04-05,1,2021-04-01,2021-04-05,25.165000000000003,25.095,-0.07000000000000384,-3.500000000000192,-9.000000000000384,long
2021-04-06,1,2021-04-05,2021-04-06,24.565,24.665,0.09999999999999787,4.999999999999893,7.999999999999787,long
2021-04-07,1,2021-04-06,2021-04-07,24.5,24.49,-0.010000000000001563,-0.5000000000000782,-3.0000000000001563,long
2021-04-08,1,2021-04-07,2021-04-08,24.585,24.395,-0.19000000000000128,-9.500000000000064,-21.000000000000128,long
2021-04-09,1,2021-04-08,2021-04-09,24.265,24.235,-0.030000000000001137,-1.5000000000000568,-5.000000000000114,long
2021-04-12,1,2021-04-09,2021-04-12,24.105,24.29,0.18499999999999872,9.249999999999936,16.499999999999872,long
2021-04-13,1,2021-04-12,2021-04-13,23.915000000000003,23.854999999999997,-0.060000000000005826,-3.0000000000002913,-8.000000000000583,long
2021-04-14,1,2021-04-13,2021-04-14,23.94,24.13,0.18999999999999773,9.499999999999886,16.999999999999773,long
2021-04-15,1,2021-04-14,2021-04-15,24.605,24.625,0.019999999999999574,0.9999999999999787,-4.263256414560601e-14,long
2021-04-16,1,2021-04-15,2021-04-16,24.405,24.564999999999998,0.1599999999999966,7.9999999999998295,13.999999999999659,long
2021-04-19,1,2021-04-16,2021-04-19,24.21,24.24,0.029999999999997584,1.4999999999998792,0.9999999999997584,long
2021-04-20,1,2021-04-19,2021-04-20,24.185000000000002,24.064999999999998,-0.12000000000000455,-6.000000000000227,-14.000000000000455,long
2021-04-21,1,2021-04-20,2021-04-21,23.545,23.224999999999998,-0.32000000000000384,-16.000000000000192,-34.000000000000384,long
2021-04-22,1,2021-04-21,2021-04-22,23.845000000000002,23.939999999999998,0.09499999999999531,4.7499999999997655,7.499999999999531,long
2021-04-23,1,2021-04-22,2021-04-23,23.565,23.564999999999998,-3.552713678800501e-15,-1.7763568394002505e-13,-2.0000000000003553,long
2021-04-26,1,2021-04-23,2021-04-26,23.78,23.669999999999998,-0.11000000000000298,-5.500000000000149,-13.000000000000298,long
2021-04-27,1,2021-04-26,2021-04-27,23.94,24.009999999999998,0.06999999999999673,3.4999999999998366,4.999999999999673,long
2021-04-28,1,2021-04-27,2021-04-28,24.23,24.389999999999997,0.1599999999999966,7.9999999999998295,13.999999999999659,long
2021-04-29,1,2021-04-28,2021-04-29,25.065,25.404999999999998,0.3399999999999963,16.999999999999815,31.99999999999963,long
2021-04-30,1,2021-04-29,2021-04-30,25.345000000000002,24.93,-0.4150000000000027,-20.750000000000135,-43.50000000000027,long
2021-05-03,1,2021-04-30,2021-05-03,24.705000000000002,24.97,0.264999999999997,13.24999999999985,24.4999999999997,long
2021-05-04,1,2021-05-03,2021-05-04,25.385,25.415,0.029999999999997584,1.4999999999998792,0.9999999999997584,long
2021-05-05,1,2021-05-04,2021-05-05,25.400000000000002,25.694999999999997,0.2949999999999946,14.74999999999973,27.49999999999946,long
2021-05-06,1,2021-05-05,2021-05-06,26.220000000000002,26.194999999999997,-0.025000000000005684,-1.2500000000002842,-4.500000000000568,long
2021-05-07,1,2021-05-06,2021-05-07,26.355,26.095,-0.26000000000000156,-13.000000000000078,-28.000000000000156,long
2021-05-10,1,2021-05-07,2021-05-10,26.825000000000003,27.134999999999998,0.30999999999999517,15.499999999999758,28.999999999999517,long
2021-05-11,1,2021-05-10,2021-05-11,26.835,26.25,-0.5850000000000009,-29.250000000000043,-60.500000000000085,long
2021-05-12,1,2021-05-11,2021-05-12,26.145000000000003,26.264999999999997,0.11999999999999389,5.9999999999996945,9.999999999999389,long
2021-05-13,1,2021-05-12,2021-05-13,26.270000000000003,25.915,-0.355000000000004,-17.7500000000002,-37.5000000000004,long
2021-05-14,1,2021-05-13,2021-05-14,25.950000000000003,26.22,0.269999999999996,13.499999999999801,24.999999999999602,long
2021-05-17,1,2021-05-14,2021-05-17,26.755000000000003,26.639999999999997,-0.11500000000000554,-5.750000000000277,-13.500000000000554,long
2021-05-18,1,2021-05-17,2021-05-18,27.375,27.31,-0.06500000000000128,-3.250000000000064,-8.500000000000128,long
2021-05-19,1,2021-05-18,2021-05-19,26.740000000000002,26.069999999999997,-0.6700000000000053,-33.50000000000026,-69.00000000000053,long
2021-05-20,1,2021-05-19,2021-05-20,26.075000000000003,26.044999999999998,-0.03000000000000469,-1.5000000000002345,-5.000000000000469,long
2021-05-21,1,2021-05-20,2021-05-21,26.035,26.31,0.2749999999999986,13.749999999999929,25.499999999999858,long
2021-05-24,1,2021-05-21,2021-05-24,26.09,26.25,0.16000000000000014,8.000000000000007,14.000000000000014,long
2021-05-25,1,2021-05-24,2021-05-25,26.35,26.259999999999998,-0.09000000000000341,-4.5000000000001705,-11.000000000000341,long
2021-05-26,1,2021-05-25,2021-05-26,25.815,25.814999999999998,-3.552713678800501e-15,-1.7763568394002505e-13,-2.0000000000003553,long
2021-05-27,1,2021-05-26,2021-05-27,26.045,26.13,0.0849999999999973,4.249999999999865,6.49999999999973,long
2021-05-28,1,2021-05-27,2021-05-28,26.065,26.2,0.134999999999998,6.7499999999999005,11.499999999999801,long
2021-06-01,1,2021-05-28,2021-06-01,26.115000000000002,26.61,0.49499999999999744,24.749999999999872,47.499999999999744,long
2021-06-02,1,2021-06-01,2021-06-02,27.12,27.285,0.16499999999999915,8.249999999999957,14.499999999999915,long
2021-06-03,1,2021-06-02,2021-06-03,27.625,27.49,-0.13500000000000156,-6.750000000000078,-15.500000000000156,long
2021-06-04,1,2021-06-03,2021-06-04,27.700000000000003,27.875,0.17499999999999716,8.749999999999858,15.499999999999716,long
2021-06-07,1,2021-06-04,2021-06-07,27.885,27.86,-0.02500000000000213,-1.2500000000001066,-4.500000000000213,long
2021-06-08,1,2021-06-07,2021-06-08,27.765,27.63,-0.13500000000000156,-6.750000000000078,-15.500000000000156,long
2021-06-09,1,2021-06-08,2021-06-09,28.005000000000003,28.06,0.05499999999999616,2.749999999999808,3.4999999999996163,long
2021-06-10,1,2021-06-09,2021-06-10,27.830000000000002,28.185,0.3549999999999969,17.749999999999844,33.49999999999969,long
2021-06-11,1,2021-06-10,2021-06-11,27.795,27.875,0.0799999999999983,3.9999999999999147,5.9999999999998295,long
2021-06-14,1,2021-06-11,2021-06-14,27.700000000000003,27.779999999999998,0.07999999999999474,3.999999999999737,5.999999999999474,long
2021-06-15,1,2021-06-14,2021-06-15,27.580000000000002,27.735,0.15499999999999758,7.749999999999879,13.499999999999758,long
2021-06-16,1,2021-06-15,2021-06-16,28.105,28.035,-0.07000000000000028,-3.500000000000014,-9.000000000000028,long
2021-06-17,1,2021-06-16,2021-06-17,27.955000000000002,27.865,-0.09000000000000341,-4.5000000000001705,-11.000000000000341,long
2021-06-18,1,2021-06-17,2021-06-18,27.005000000000003,26.419999999999998,-0.5850000000000044,-29.25000000000022,-60.50000000000044,long
2021-06-21,1,2021-06-18,2021-06-21,26.205000000000002,26.169999999999998,-0.035000000000003695,-1.7500000000001847,-5.5000000000003695,long
2021-06-22,1,2021-06-21,2021-06-22,27.045,26.959999999999997,-0.0850000000000044,-4.25000000000022,-10.50000000000044,long
2021-06-23,1,2021-06-22,2021-06-23,27.225,27.455,0.22999999999999687,11.499999999999844,20.999999999999687,long
2021-06-24,1,2021-06-23,2021-06-24,27.3,27.404999999999998,0.10499999999999687,5.249999999999844,8.499999999999687,long
2021-06-25,1,2021-06-24,2021-06-25,27.535,27.59,0.054999999999999716,2.749999999999986,3.4999999999999716,long
2021-06-28,1,2021-06-25,2021-06-28,27.680000000000003,27.54,-0.14000000000000412,-7.000000000000206,-16.000000000000412,long
2021-06-29,1,2021-06-28,2021-06-29,26.745,26.889999999999997,0.14499999999999602,7.249999999999801,12.499999999999602,long
2021-06-30,1,2021-06-29,2021-06-30,26.615000000000002,26.689999999999998,0.07499999999999574,3.749999999999787,5.499999999999574,long
2021-07-01,1,2021-06-30,2021-07-01,26.945,27.56,0.6149999999999984,30.749999999999922,59.499999999999844,long
2021-07-02,1,2021-07-01,2021-07-02,27.415000000000003,27.29,-0.12500000000000355,-6.250000000000178,-14.500000000000355,long
2021-07-06,1,2021-07-02,2021-07-06,27.355,27.244999999999997,-0.11000000000000298,-5.500000000000149,-13.000000000000298,long
2021-07-07,1,2021-07-06,2021-07-07,26.465,26.404999999999998,-0.060000000000002274,-3.0000000000001137,-8.000000000000227,long
2021-07-08,1,2021-07-07,2021-07-08,26.035,25.54,-0.495000000000001,-24.75000000000005,-51.5000000000001,long
2021-07-09,1,2021-07-08,2021-07-09,25.885,26.194999999999997,0.30999999999999517,15.499999999999758,28.999999999999517,long
2021-07-12,1,2021-07-09,2021-07-12,26.435000000000002,26.13,-0.30500000000000327,-15.250000000000163,-32.50000000000033,long
2021-07-13,1,2021-07-12,2021-07-13,26.395000000000003,26.27,-0.12500000000000355,-6.250000000000178,-14.500000000000355,long
2021-07-14,1,2021-07-13,2021-07-14,26.195,26.255,0.05999999999999872,2.999999999999936,3.999999999999872,long
2021-07-15,1,2021-07-14,2021-07-15,25.415000000000003,25.119999999999997,-0.29500000000000526,-14.750000000000263,-31.500000000000526,long
2021-07-16,1,2021-07-15,2021-07-16,25.060000000000002,25.235,0.17499999999999716,8.749999999999858,15.499999999999716,long
2021-07-19,1,2021-07-16,2021-07-19,24.35,23.5,-0.8500000000000014,-42.50000000000007,-87.00000000000014,long
2021-07-20,1,2021-07-19,2021-07-20,23.490000000000002,23.479999999999997,-0.010000000000005116,-0.5000000000002558,-3.0000000000005116,long
2021-07-21,1,2021-07-20,2021-07-21,23.805000000000003,24.255,0.44999999999999574,22.499999999999787,42.999999999999574,long
2021-07-22,1,2021-07-21,2021-07-22,24.635,24.595,-0.0400000000000027,-2.000000000000135,-6.00000000000027,long
2021-07-23,1,2021-07-22,2021-07-23,24.360000000000003,24.43,0.06999999999999673,3.4999999999998366,4.999999999999673,long
2021-07-26,1,2021-07-23,2021-07-26,24.270000000000003,24.325,0.05499999999999616,2.749999999999808,3.4999999999996163,long
2021-07-27,1,2021-07-26,2021-07-27,24.87,24.654999999999998,-0.2150000000000034,-10.75000000000017,-23.50000000000034,long
2021-07-28,1,2021-07-27,2021-07-28,24.64,24.694999999999997,0.05499999999999616,2.749999999999808,3.4999999999996163,long
2021-07-29,1,2021-07-28,2021-07-29,24.865000000000002,25.169999999999998,0.30499999999999616,15.249999999999808,28.499999999999616,long
2021-07-30,1,2021-07-29,2021-07-30,25.105,25.035,-0.07000000000000028,-3.500000000000014,-9.000000000000028,long
2021-08-02,1,2021-07-30,2021-08-02,24.705000000000002,24.7,-0.005000000000002558,-0.2500000000001279,-2.500000000000256,long
2021-08-03,1,2021-08-02,2021-08-03,24.520000000000003,24.419999999999998,-0.10000000000000497,-5.000000000000249,-12.000000000000497,long
2021-08-04,1,2021-08-03,2021-08-04,24.94,24.49,-0.45000000000000284,-22.500000000000142,-47.000000000000284,long
2021-08-05,1,2021-08-04,2021-08-05,24.265,24.404999999999998,0.13999999999999702,6.999999999999851,11.999999999999702,long
2021-08-06,1,2021-08-05,2021-08-06,24.540000000000003,24.729999999999997,0.18999999999999417,9.499999999999709,16.999999999999417,long
2021-08-09,1,2021-08-06,2021-08-09,24.765,24.384999999999998,-0.38000000000000256,-19.000000000000128,-40.000000000000256,long
2021-08-10,1,2021-08-09,2021-08-10,24.415000000000003,24.514999999999997,0.09999999999999432,4.999999999999716,7.999999999999432,long
2021-08-11,1,2021-08-10,2021-08-11,24.845000000000002,24.759999999999998,-0.0850000000000044,-4.25000000000022,-10.50000000000044,long
2021-08-12,1,2021-08-11,2021-08-12,25.040000000000003,25.0,-0.0400000000000027,-2.000000000000135,-6.00000000000027,long
2021-08-13,1,2021-08-12,2021-08-13,25.015,25.009999999999998,-0.005000000000002558,-0.2500000000001279,-2.500000000000256,long
2021-08-16,1,2021-08-13,2021-08-16,24.720000000000002,24.365,-0.355000000000004,-17.7500000000002,-37.5000000000004,long
2021-08-17,1,2021-08-16,2021-08-17,24.265,24.04,-0.22500000000000142,-11.250000000000071,-24.500000000000142,long
2021-08-18,1,2021-08-17,2021-08-18,24.015,23.99,-0.02500000000000213,-1.2500000000001066,-4.500000000000213,long
2021-08-19,1,2021-08-18,2021-08-19,23.515,23.09,-0.4250000000000007,-21.250000000000036,-44.50000000000007,long
2021-08-20,1,2021-08-19,2021-08-20,22.905,22.674999999999997,-0.23000000000000398,-11.500000000000199,-25.000000000000398,long
2021-08-23,1,2021-08-20,2021-08-23,22.955000000000002,23.494999999999997,0.5399999999999956,26.99999999999978,51.99999999999956,long
2021-08-24,1,2021-08-23,2021-08-24,23.815,23.994999999999997,0.17999999999999616,8.999999999999808,15.999999999999616,long
2021-08-25,1,2021-08-24,2021-08-25,24.21,24.16,-0.05000000000000071,-2.5000000000000355,-7.000000000000071,long
2021-08-26,1,2021-08-25,2021-08-26,24.395000000000003,24.235,-0.1600000000000037,-8.000000000000185,-18.00000000000037,long
2021-08-27,1,2021-08-26,2021-08-27,24.025000000000002,24.279999999999998,0.25499999999999545,12.749999999999773,23.499999999999545,long
2021-08-30,1,2021-08-27,2021-08-30,24.665000000000003,24.74,0.07499999999999574,3.749999999999787,5.499999999999574,long
2021-08-31,1,2021-08-30,2021-08-31,24.375,24.22,-0.15500000000000114,-7.750000000000057,-17.500000000000114,long
2021-09-01,1,2021-08-31,2021-09-01,24.21,24.16,-0.05000000000000071,-2.5000000000000355,-7.000000000000071,long
2021-09-02,1,2021-09-01,2021-09-02,23.855,24.064999999999998,0.2099999999999973,10.499999999999865,18.99999999999973,long
2021-09-03,1,2021-09-02,2021-09-03,24.46,24.384999999999998,-0.07500000000000284,-3.750000000000142,-9.500000000000284,long
2021-09-07,1,2021-09-03,2021-09-07,24.32,24.185,-0.13500000000000156,-6.750000000000078,-15.500000000000156,long
2021-09-08,1,2021-09-07,2021-09-08,24.175,24.294999999999998,0.11999999999999744,5.999999999999872,9.999999999999744,long
2021-09-09,1,2021-09-08,2021-09-09,23.865000000000002,23.715,-0.15000000000000213,-7.500000000000107,-17.000000000000213,long
2021-09-10,1,2021-09-09,2021-09-10,23.915000000000003,24.264999999999997,0.3499999999999943,17.499999999999716,32.99999999999943,long
2021-09-13,1,2021-09-10,2021-09-13,23.905,24.215,0.3099999999999987,15.499999999999936,28.999999999999872,long
2021-09-14,1,2021-09-13,2021-09-14,24.59,24.79,0.1999999999999993,9.999999999999964,17.99999999999993,long
2021-09-15,1,2021-09-14,2021-09-15,24.235000000000003,24.555,0.31999999999999673,15.999999999999837,29.999999999999673,long
2021-09-16,1,2021-09-15,2021-09-16,25.14,25.095,-0.045000000000001705,-2.2500000000000853,-6.5000000000001705,long
2021-09-17,1,2021-09-16,2021-09-17,24.855,24.724999999999998,-0.13000000000000256,-6.500000000000128,-15.000000000000256,long
2021-09-20,1,2021-09-17,2021-09-20,24.67,23.77,-0.9000000000000021,-45.00000000000011,-92.00000000000021,long
2021-09-21,1,2021-09-20,2021-09-21,23.630000000000003,23.915,0.2849999999999966,14.24999999999983,26.49999999999966,long
2021-09-22,1,2021-09-21,2021-09-22,23.685000000000002,24.069999999999997,0.38499999999999446,19.249999999999723,36.499999999999446,long
2021-09-23,1,2021-09-22,2021-09-23,24.415000000000003,24.529999999999998,0.11499999999999488,5.749999999999744,9.499999999999488,long
2021-09-24,1,2021-09-23,2021-09-24,25.270000000000003,25.115,-0.1550000000000047,-7.7500000000002345,-17.50000000000047,long
2021-09-27,1,2021-09-24,2021-09-27,25.46,25.985,0.5249999999999986,26.24999999999993,50.49999999999986,long
2021-09-28,1,2021-09-27,2021-09-28,26.365000000000002,26.595,0.22999999999999687,11.499999999999844,20.999999999999687,long
2021-09-29,1,2021-09-28,2021-09-29,26.455000000000002,26.41,-0.045000000000001705,-2.2500000000000853,-6.5000000000001705,long
2021-09-30,1,2021-09-29,2021-09-30,26.455000000000002,26.444999999999997,-0.010000000000005116,-0.5000000000002558,-3.0000000000005116,long
2021-10-01,1,2021-09-30,2021-10-01,26.055000000000003,26.24,0.18499999999999517,9.249999999999758,16.499999999999517,long
2021-10-04,1,2021-10-01,2021-10-04,26.930000000000003,27.205,0.274999999999995,13.749999999999751,25.499999999999503,long
2021-10-05,1,2021-10-04,2021-10-05,27.37,27.74,0.36999999999999744,18.499999999999872,34.999999999999744,long
2021-10-06,1,2021-10-05,2021-10-06,27.53,27.055,-0.4750000000000014,-23.75000000000007,-49.50000000000014,long
2021-10-07,1,2021-10-06,2021-10-07,27.240000000000002,27.29,0.04999999999999716,2.499999999999858,2.999999999999716,long
2021-10-08,1,2021-10-07,2021-10-08,27.450000000000003,27.729999999999997,0.27999999999999403,13.999999999999702,25.999999999999403,long
2021-10-11,1,2021-10-08,2021-10-11,28.295,28.709999999999997,0.4149999999999956,20.74999999999978,39.49999999999956,long
2021-10-12,1,2021-10-11,2021-10-12,28.19,28.13,-0.060000000000002274,-3.0000000000001137,-8.000000000000227,long
2021-10-13,1,2021-10-12,2021-10-13,28.215,28.0,-0.21499999999999986,-10.749999999999993,-23.499999999999986,long
2021-10-14,1,2021-10-13,2021-10-14,28.19,28.49,0.29999999999999716,14.999999999999858,27.999999999999716,long
2021-10-15,1,2021-10-14,2021-10-15,28.535,28.834999999999997,0.29999999999999716,14.999999999999858,27.999999999999716,long
2021-10-18,1,2021-10-15,2021-10-18,28.675,28.904999999999998,0.22999999999999687,11.499999999999844,20.999999999999687,long
2021-10-19,1,2021-10-18,2021-10-19,28.695,28.794999999999998,0.09999999999999787,4.999999999999893,7.999999999999787,long
2021-10-20,1,2021-10-19,2021-10-20,29.020000000000003,28.755,-0.2650000000000041,-13.250000000000206,-28.500000000000412,long
2021-10-21,1,2021-10-20,2021-10-21,29.255000000000003,29.02,-0.23500000000000298,-11.75000000000015,-25.5000000000003,long
2021-10-22,1,2021-10-21,2021-10-22,28.715,28.794999999999998,0.0799999999999983,3.9999999999999147,5.9999999999998295,long
2021-10-25,1,2021-10-22,2021-10-25,28.985000000000003,29.305,0.31999999999999673,15.999999999999837,29.999999999999673,long
2021-10-26,1,2021-10-25,2021-10-26,29.41,29.47,0.05999999999999872,2.999999999999936,3.999999999999872,long
2021-10-27,1,2021-10-26,2021-10-27,29.580000000000002,29.22,-0.360000000000003,-18.00000000000015,-38.0000000000003,long
2021-10-28,1,2021-10-27,2021-10-28,28.73,28.555,-0.1750000000000007,-8.750000000000036,-19.50000000000007,long
2021-10-29,1,2021-10-28,2021-10-29,28.935000000000002,29.06,0.12499999999999645,6.249999999999822,10.499999999999645,long
2021-11-01,1,2021-10-29,2021-11-01,28.745,29.009999999999998,0.264999999999997,13.24999999999985,24.4999999999997,long
2021-11-02,1,2021-11-01,2021-11-02,29.240000000000002,29.049999999999997,-0.19000000000000483,-9.500000000000242,-21.000000000000483,long
2021-11-03,1,2021-11-02,2021-11-03,28.965,28.595,-0.370000000000001,-18.50000000000005,-39.0000000000001,long
2021-11-04,1,2021-11-03,2021-11-04,28.725,29.11,0.384999999999998,19.2499999999999,36.4999999999998,long
2021-11-05,1,2021-11-04,2021-11-05,28.765,29.139999999999997,0.37499999999999645,18.749999999999822,35.499999999999645,long
2021-11-08,1,2021-11-05,2021-11-08,29.14,29.345,0.2049999999999983,10.249999999999915,18.49999999999983,long
2021-11-09,1,2021-11-08,2021-11-09,29.405,29.419999999999998,0.014999999999997016,0.7499999999998508,-0.5000000000002984,long
2021-11-10,1,2021-11-09,2021-11-10,29.525000000000002,29.384999999999998,-0.14000000000000412,-7.000000000000206,-16.000000000000412,long
2021-11-11,1,2021-11-10,2021-11-11,28.745,28.744999999999997,-3.552713678800501e-15,-1.7763568394002505e-13,-2.0000000000003553,long
2021-11-12,1,2021-11-11,2021-11-12,28.855,28.68,-0.1750000000000007,-8.750000000000036,-19.50000000000007,long
2021-11-15,1,2021-11-12,2021-11-15,28.785,28.785,0.0,0.0,-2.0,long
2021-11-16,1,2021-11-15,2021-11-16,29.025000000000002,29.09,0.06499999999999773,3.2499999999998863,4.499999999999773,long
2021-11-17,1,2021-11-16,2021-11-17,29.07,28.775,-0.2950000000000017,-14.750000000000085,-31.50000000000017,long
2021-11-18,1,2021-11-17,2021-11-18,28.625,28.535,-0.08999999999999986,-4.499999999999993,-10.999999999999986,long
2021-11-19,1,2021-11-18,2021-11-19,28.455000000000002,27.819999999999997,-0.6350000000000051,-31.750000000000256,-65.50000000000051,long
2021-11-22,1,2021-11-19,2021-11-22,27.345000000000002,27.285,-0.060000000000002274,-3.0000000000001137,-8.000000000000227,long
2021-11-23,1,2021-11-22,2021-11-23,27.830000000000002,28.194999999999997,0.3649999999999949,18.249999999999744,34.49999999999949,long
2021-11-24,1,2021-11-23,2021-11-24,28.685000000000002,28.479999999999997,-0.2050000000000054,-10.25000000000027,-22.50000000000054,long
2021-11-26,1,2021-11-24,2021-11-26,28.965,27.509999999999998,-1.4550000000000018,-72.75000000000009,-147.50000000000017,long
2021-11-29,1,2021-11-26,2021-11-29,27.8,28.4,0.5999999999999979,29.999999999999893,57.99999999999979,long
2021-11-30,1,2021-11-29,2021-11-30,27.96,27.395,-0.5650000000000013,-28.250000000000064,-58.50000000000013,long
2021-12-01,1,2021-11-30,2021-12-01,27.305000000000003,27.924999999999997,0.6199999999999939,30.999999999999694,59.99999999999939,long
2021-12-02,1,2021-12-01,2021-12-02,27.015,27.009999999999998,-0.005000000000002558,-0.2500000000001279,-2.500000000000256,long
2021-12-03,1,2021-12-02,2021-12-03,27.8,28.154999999999998,0.3549999999999969,17.749999999999844,33.49999999999969,long
2021-12-06,1,2021-12-03,2021-12-06,27.580000000000002,27.985,0.4049999999999976,20.24999999999988,38.49999999999976,long
2021-12-07,1,2021-12-06,2021-12-07,27.990000000000002,28.389999999999997,0.399999999999995,19.99999999999975,37.9999999999995,long
2021-12-08,1,2021-12-07,2021-12-08,28.645000000000003,28.755,0.10999999999999588,5.499999999999794,8.999999999999588,long
2021-12-09,1,2021-12-08,2021-12-09,28.64,28.41,-0.23000000000000043,-11.500000000000021,-25.000000000000043,long
2021-12-10,1,2021-12-09,2021-12-10,28.42,28.705,0.2849999999999966,14.24999999999983,26.49999999999966,long
2021-12-13,1,2021-12-10,2021-12-13,28.630000000000003,28.354999999999997,-0.2750000000000057,-13.750000000000284,-29.50000000000057,long
2021-12-14,1,2021-12-13,2021-12-14,27.835,27.645,-0.19000000000000128,-9.500000000000064,-21.000000000000128,long
2021-12-15,1,2021-12-14,2021-12-15,27.720000000000002,27.619999999999997,-0.10000000000000497,-5.000000000000249,-12.000000000000497,long
2021-12-16,1,2021-12-15,2021-12-16,27.585,27.805,0.21999999999999886,10.999999999999943,19.999999999999886,long
2021-12-17,1,2021-12-16,2021-12-17,27.76,27.54,-0.22000000000000242,-11.00000000000012,-24.00000000000024,long
2021-12-20,1,2021-12-17,2021-12-20,27.195,26.104999999999997,-1.0900000000000034,-54.50000000000017,-111.00000000000034,long
2021-12-21,1,2021-12-20,2021-12-21,26.515,26.77,0.254999999999999,12.74999999999995,23.4999999999999,long
2021-12-22,1,2021-12-21,2021-12-22,27.270000000000003,27.279999999999998,0.009999999999994458,0.4999999999997229,-1.0000000000005542,long
2021-12-23,1,2021-12-22,2021-12-23,27.445,27.544999999999998,0.09999999999999787,4.999999999999893,7.999999999999787,long
2021-12-27,1,2021-12-23,2021-12-27,27.46,27.354999999999997,-0.10500000000000398,-5.250000000000199,-12.500000000000398,long
2021-12-28,1,2021-12-27,2021-12-28,28.060000000000002,28.104999999999997,0.0449999999999946,2.24999999999973,2.49999999999946,long
2021-12-29,1,2021-12-28,2021-12-29,28.040000000000003,27.93,-0.11000000000000298,-5.500000000000149,-13.000000000000298,long
2021-12-30,1,2021-12-29,2021-12-30,27.860000000000003,27.849999999999998,-0.010000000000005116,-0.5000000000002558,-3.0000000000005116,long
2021-12-31,1,2021-12-30,2021-12-31,27.69,27.599999999999998,-0.09000000000000341,-4.5000000000001705,-11.000000000000341,long
2022-01-03,1,2021-12-31,2022-01-03,27.76,27.779999999999998,0.01999999999999602,0.999999999999801,-3.979039320256561e-13,long
2022-01-04,1,2022-01-03,2022-01-04,28.62,28.99,0.36999999999999744,18.499999999999872,34.999999999999744,long
2022-01-05,1,2022-01-04,2022-01-05,29.610000000000003,29.88,0.269999999999996,13.499999999999801,24.999999999999602,long
2022-01-06,1,2022-01-05,2022-01-06,29.605,30.279999999999998,0.6749999999999972,33.74999999999986,65.49999999999972,long
2022-01-07,1,2022-01-06,2022-01-07,30.265,30.36,0.09499999999999886,4.749999999999943,7.499999999999886,long
2022-01-10,1,2022-01-07,2022-01-10,30.680000000000003,30.729999999999997,0.049999999999993605,2.4999999999996803,2.9999999999993605,long
2022-01-11,1,2022-01-10,2022-01-11,30.585,30.83,0.24499999999999744,12.249999999999872,22.499999999999744,long
2022-01-12,1,2022-01-11,2022-01-12,31.625,31.775,0.14999999999999858,7.499999999999929,12.999999999999858,long
2022-01-13,1,2022-01-12,2022-01-13,31.685000000000002,31.634999999999998,-0.05000000000000426,-2.500000000000213,-7.000000000000426,long
2022-01-14,1,2022-01-13,2022-01-14,31.525000000000002,31.535,0.00999999999999801,0.4999999999999005,-1.000000000000199,long
2022-01-18,1,2022-01-14,2022-01-18,32.265,32.59,0.32500000000000284,16.250000000000142,30.500000000000284,long
2022-01-19,1,2022-01-18,2022-01-19,32.394999999999996,32.64,0.24500000000000455,12.250000000000227,22.500000000000455,long
2022-01-20,1,2022-01-19,2022-01-20,32.16,31.93,-0.22999999999999687,-11.499999999999844,-24.999999999999687,long
2022-01-21,1,2022-01-20,2022-01-21,31.865000000000002,31.569999999999997,-0.29500000000000526,-14.750000000000263,-31.500000000000526,long
2022-01-24,1,2022-01-21,2022-01-24,31.235000000000003,30.474999999999998,-0.7600000000000051,-38.000000000000256,-78.00000000000051,long
2022-01-25,1,2022-01-24,2022-01-25,31.445,31.299999999999997,-0.14500000000000313,-7.250000000000156,-16.500000000000313,long
2022-01-26,1,2022-01-25,2022-01-26,32.665,32.965,0.30000000000000426,15.000000000000213,28.000000000000426,long
2022-01-27,1,2022-01-26,2022-01-27,32.61,33.14,0.5300000000000011,26.500000000000057,51.000000000000114,long
2022-01-28,1,2022-01-27,2022-01-28,32.964999999999996,32.725,-0.23999999999999488,-11.999999999999744,-25.99999999999949,long
2022-01-31,1,2022-01-28,2022-01-31,32.824999999999996,32.730000000000004,-0.09499999999999176,-4.749999999999588,-11.499999999999176,long
2022-02-01,1,2022-01-31,2022-02-01,32.97,32.800000000000004,-0.1699999999999946,-8.49999999999973,-18.99999999999946,long
2022-02-02,1,2022-02-01,2022-02-02,34.144999999999996,33.99,-0.15499999999999403,-7.749999999999702,-17.499999999999403,long
2022-02-03,1,2022-02-02,2022-02-03,34.254999999999995,34.095,-0.1599999999999966,-7.9999999999998295,-17.99999999999966,long
2022-02-04,1,2022-02-03,2022-02-04,33.93,34.34,0.4100000000000037,20.500000000000185,39.00000000000037,long
2022-02-07,1,2022-02-04,2022-02-07,34.46,34.275,-0.18500000000000227,-9.250000000000114,-20.500000000000227,long
2022-02-08,1,2022-02-07,2022-02-08,34.9,34.775,-0.125,-6.25,-14.5,long
2022-02-09,1,2022-02-08,2022-02-09,34.15,34.21,0.060000000000002274,3.0000000000001137,4.000000000000227,long
2022-02-10,1,2022-02-09,2022-02-10,34.434999999999995,34.245000000000005,-0.18999999999999062,-9.499999999999531,-20.999999999999062,long
2022-02-11,1,2022-02-10,2022-02-11,34.22,34.43,0.21000000000000085,10.500000000000043,19.000000000000085,long
2022-02-14,1,2022-02-11,2022-02-14,35.214999999999996,34.980000000000004,-0.23499999999999233,-11.749999999999616,-25.499999999999233,long
2022-02-15,1,2022-02-14,2022-02-15,34.385,33.580000000000005,-0.8049999999999926,-40.24999999999963,-82.49999999999926,long
2022-02-16,1,2022-02-15,2022-02-16,34.025,34.275,0.25,12.5,23.0,long
2022-02-17,1,2022-02-16,2022-02-17,34.3,34.265,-0.03499999999999659,-1.7499999999998295,-5.499999999999659,long
2022-02-18,1,2022-02-17,2022-02-18,34.245,33.74,-0.5049999999999955,-25.249999999999773,-52.499999999999545,long
2022-02-22,1,2022-02-18,2022-02-22,34.035,35.045,1.0100000000000051,50.500000000000256,99.00000000000051,long
2022-02-23,1,2022-02-22,2022-02-23,33.485,33.660000000000004,0.17500000000000426,8.750000000000213,15.500000000000426,long
2022-02-24,1,2022-02-23,2022-02-24,33.83,34.53,0.7000000000000028,35.00000000000014,68.00000000000028,long
2022-02-25,1,2022-02-24,2022-02-25,33.565,33.635000000000005,0.07000000000000739,3.5000000000003695,5.000000000000739,long
2022-02-28,1,2022-02-25,2022-02-28,34.449999999999996,34.235,-0.2149999999999963,-10.749999999999815,-23.49999999999963,long
2022-03-01,1,2022-02-28,2022-03-01,35.3,35.595,0.2950000000000017,14.750000000000085,27.50000000000017,long
2022-03-02,1,2022-03-01,2022-03-02,35.655,36.18,0.5249999999999986,26.24999999999993,50.49999999999986,long
2022-03-03,1,2022-03-02,2022-03-03,36.47,36.095,-0.375,-18.75,-39.5,long
2022-03-04,1,2022-03-03,2022-03-04,36.57,36.545,-0.02499999999999858,-1.249999999999929,-4.499999999999858,long
2022-03-07,1,2022-03-04,2022-03-07,37.625,37.995000000000005,0.37000000000000455,18.500000000000227,35.000000000000455,long
2022-03-08,1,2022-03-07,2022-03-08,38.18,39.03,0.8500000000000014,42.50000000000007,83.00000000000014,long
2022-03-09,1,2022-03-08,2022-03-09,38.78,37.345,-1.4350000000000023,-71.75000000000011,-145.50000000000023,long
2022-03-10,1,2022-03-09,2022-03-10,37.595,38.02,0.42500000000000426,21.250000000000213,40.500000000000426,long
2022-03-11,1,2022-03-10,2022-03-11,38.745,38.105000000000004,-0.6399999999999935,-31.999999999999673,-65.99999999999935,long
2022-03-14,1,2022-03-11,2022-03-14,38.434999999999995,37.595,-0.8399999999999963,-41.999999999999815,-85.99999999999963,long
2022-03-15,1,2022-03-14,2022-03-15,37.285,35.82,-1.4649999999999963,-73.24999999999982,-148.49999999999963,long
2022-03-16,1,2022-03-15,2022-03-16,35.919999999999995,36.035000000000004,0.1150000000000091,5.750000000000455,9.50000000000091,long
2022-03-17,1,2022-03-16,2022-03-17,35.754999999999995,36.370000000000005,0.6150000000000091,30.750000000000455,59.50000000000091,long
2022-03-18,1,2022-03-17,2022-03-18,36.985,36.9,-0.08500000000000085,-4.250000000000043,-10.500000000000085,long
2022-03-21,1,2022-03-18,2022-03-21,36.949999999999996,37.32,0.37000000000000455,18.500000000000227,35.000000000000455,long
2022-03-22,1,2022-03-21,2022-03-22,38.074999999999996,37.9,-0.17499999999999716,-8.749999999999858,-19.499999999999716,long
2022-03-23,1,2022-03-22,2022-03-23,37.794999999999995,38.475,0.6800000000000068,34.00000000000034,66.00000000000068,long
2022-03-24,1,2022-03-23,2022-03-24,38.445,38.57,0.125,6.25,10.5,long
2022-03-25,1,2022-03-24,2022-03-25,38.54,38.265,-0.2749999999999986,-13.749999999999929,-29.499999999999858,long
2022-03-28,1,2022-03-25,2022-03-28,39.385,38.555,-0.8299999999999983,-41.499999999999915,-84.99999999999983,long
2022-03-29,1,2022-03-28,2022-03-29,38.41,37.53,-0.8799999999999955,-43.99999999999977,-89.99999999999955,long
2022-03-30,1,2022-03-29,2022-03-30,38.309999999999995,38.660000000000004,0.3500000000000085,17.500000000000426,33.00000000000085,long
2022-03-31,1,2022-03-30,2022-03-31,38.754999999999995,38.365,-0.38999999999999346,-19.499999999999673,-40.999999999999346,long
2022-04-01,1,2022-03-31,2022-04-01,38.23,38.160000000000004,-0.06999999999999318,-3.499999999999659,-8.999999999999318,long
2022-04-04,1,2022-04-01,2022-04-04,38.54,38.825,0.2850000000000037,14.250000000000185,26.50000000000037,long
2022-04-05,1,2022-04-04,2022-04-05,38.589999999999996,38.64,0.05000000000000426,2.500000000000213,3.0000000000004263,long
2022-04-06,1,2022-04-05,2022-04-06,37.985,38.335,0.3500000000000014,17.50000000000007,33.00000000000014,long
2022-04-07,1,2022-04-06,2022-04-07,38.21,38.370000000000005,0.1600000000000037,8.000000000000185,14.00000000000037,long
2022-04-08,1,2022-04-07,2022-04-08,38.71,38.795,0.08500000000000085,4.250000000000043,6.500000000000085,long
2022-04-11,1,2022-04-08,2022-04-11,39.775,39.330000000000005,-0.4449999999999932,-22.24999999999966,-46.49999999999932,long
2022-04-12,1,2022-04-11,2022-04-12,38.58,39.34,0.7600000000000051,38.000000000000256,74.00000000000051,long
2022-04-13,1,2022-04-12,2022-04-13,39.22,39.68,0.46000000000000085,23.000000000000043,44.000000000000085,long
2022-04-14,1,2022-04-13,2022-04-14,39.805,39.595,-0.21000000000000085,-10.500000000000043,-23.000000000000085,long
2022-04-18,1,2022-04-14,2022-04-18,39.934999999999995,40.245000000000005,0.3100000000000094,15.500000000000469,29.000000000000938,long
2022-04-19,1,2022-04-18,2022-04-19,40.519999999999996,40.29,-0.22999999999999687,-11.499999999999844,-24.999999999999687,long
2022-04-20,1,2022-04-19,2022-04-20,40.19,40.27,0.0800000000000054,4.00000000000027,6.00000000000054,long
2022-04-21,1,2022-04-20,2022-04-21,40.345,40.54,0.19500000000000028,9.750000000000014,17.50000000000003,long
2022-04-22,1,2022-04-21,2022-04-22,39.065,38.89,-0.17499999999999716,-8.749999999999858,-19.499999999999716,long
2022-04-25,1,2022-04-22,2022-04-25,38.11,36.89,-1.2199999999999989,-60.99999999999994,-123.99999999999989,long
2022-04-26,1,2022-04-25,2022-04-26,36.85,37.115,0.26500000000000057,13.250000000000028,24.500000000000057,long
2022-04-27,1,2022-04-26,2022-04-27,36.9,37.115,0.2150000000000034,10.75000000000017,19.50000000000034,long
2022-04-28,1,2022-04-27,2022-04-28,37.44,37.67,0.23000000000000398,11.500000000000199,21.000000000000398,long
2022-04-29,1,2022-04-28,2022-04-29,38.574999999999996,38.64,0.06500000000000483,3.2500000000002416,4.500000000000483,long
2022-05-02,1,2022-04-29,2022-05-02,37.585,37.34,-0.24499999999999744,-12.249999999999872,-26.499999999999744,long
2022-05-03,1,2022-05-02,2022-05-03,38.184999999999995,38.235,0.05000000000000426,2.500000000000213,3.0000000000004263,long
2022-05-04,1,2022-05-03,2022-05-04,39.254999999999995,39.99,0.7350000000000065,36.75000000000033,71.50000000000065,long
2022-05-05,1,2022-05-04,2022-05-05,40.885,41.155,0.2700000000000031,13.500000000000156,25.000000000000313,long
2022-05-06,1,2022-05-05,2022-05-06,40.269999999999996,40.77,0.5000000000000071,25.000000000000355,48.00000000000071,long
2022-05-09,1,2022-05-06,2022-05-09,41.47,40.56,-0.9099999999999966,-45.49999999999983,-92.99999999999966,long
2022-05-10,1,2022-05-09,2022-05-10,38.04,38.64,0.6000000000000014,30.00000000000007,58.00000000000014,long
2022-05-11,1,2022-05-10,2022-05-11,38.385,39.02,0.6350000000000051,31.750000000000256,61.50000000000051,long
2022-05-12,1,2022-05-11,2022-05-12,38.9,38.865,-0.03499999999999659,-1.7499999999998295,-5.499999999999659,long
2022-05-13,1,2022-05-12,2022-05-13,39.065,39.625,0.5600000000000023,28.000000000000114,54.00000000000023,long
2022-05-16,1,2022-05-13,2022-05-16,40.4,40.525,0.125,6.25,10.5,long
2022-05-17,1,2022-05-16,2022-05-17,41.464999999999996,41.96,0.49500000000000455,24.750000000000227,47.500000000000455,long
2022-05-18,1,2022-05-17,2022-05-18,41.945,42.225,0.28000000000000114,14.000000000000057,26.000000000000114,long
2022-05-19,1,2022-05-18,2022-05-19,40.87,39.92,-0.9499999999999957,-47.49999999999979,-96.99999999999957,long
2022-05-20,1,2022-05-19,2022-05-20,40.72,41.2,0.480000000000004,24.0000000000002,46.0000000000004,long
2022-05-23,1,2022-05-20,2022-05-23,40.894999999999996,41.36,0.4650000000000034,23.25000000000017,44.50000000000034,long
2022-05-24,1,2022-05-23,2022-05-24,41.975,41.47,-0.5050000000000026,-25.250000000000128,-52.500000000000256,long
2022-05-25,1,2022-05-24,2022-05-25,42.135,42.260000000000005,0.1250000000000071,6.250000000000355,10.50000000000071,long
2022-05-26,1,2022-05-25,2022-05-26,43.004999999999995,43.28,0.2750000000000057,13.750000000000284,25.50000000000057,long
2022-05-27,1,2022-05-26,2022-05-27,43.48,43.265,-0.2149999999999963,-10.749999999999815,-23.49999999999963,long
2022-05-31,1,2022-05-27,2022-05-31,44.275,44.985,0.7100000000000009,35.50000000000004,69.00000000000009,long
2022-06-01,1,2022-05-31,2022-06-01,43.61,44.145,0.5350000000000037,26.750000000000185,51.50000000000037,long
2022-06-02,1,2022-06-01,2022-06-02,44.32,44.005,-0.3149999999999977,-15.749999999999886,-33.49999999999977,long
2022-06-03,1,2022-06-02,2022-06-03,44.18,44.215,0.035000000000003695,1.7500000000001847,1.5000000000003695,long
2022-06-06,1,2022-06-03,2022-06-06,44.765,44.96,0.19500000000000028,9.750000000000014,17.50000000000003,long
2022-06-07,1,2022-06-06,2022-06-07,44.714999999999996,44.665,-0.04999999999999716,-2.499999999999858,-6.999999999999716,long
2022-06-08,1,2022-06-07,2022-06-08,46.05,46.255,0.2050000000000054,10.25000000000027,18.50000000000054,long
2022-06-09,1,2022-06-08,2022-06-09,46.15,45.735,-0.41499999999999915,-20.749999999999957,-43.499999999999915,long
2022-06-10,1,2022-06-09,2022-06-10,45.129999999999995,44.59,-0.539999999999992,-26.999999999999602,-55.999999999999204,long
2022-06-13,1,2022-06-10,2022-06-13,44.364999999999995,43.0,-1.3649999999999949,-68.24999999999974,-138.4999999999995,long
2022-06-14,1,2022-06-13,2022-06-14,42.05,42.875,0.8250000000000028,41.25000000000014,80.50000000000028,long
2022-06-15,1,2022-06-14,2022-06-15,42.129999999999995,42.025,-0.10499999999999687,-5.249999999999844,-12.499999999999687,long
2022-06-16,1,2022-06-15,2022-06-16,41.199999999999996,40.115,-1.0849999999999937,-54.24999999999969,-110.49999999999937,long
2022-06-17,1,2022-06-16,2022-06-17,38.879999999999995,38.59,-0.28999999999999204,-14.499999999999602,-30.999999999999204,long
2022-06-21,1,2022-06-17,2022-06-21,36.754999999999995,37.295,0.5400000000000063,27.000000000000313,52.000000000000625,long
2022-06-22,1,2022-06-21,2022-06-22,38.23,36.370000000000005,-1.8599999999999923,-92.99999999999962,-187.99999999999923,long
2022-06-23,1,2022-06-22,2022-06-23,36.699999999999996,36.855000000000004,0.15500000000000824,7.750000000000412,13.500000000000824,long
2022-06-24,1,2022-06-23,2022-06-24,35.339999999999996,35.925000000000004,0.585000000000008,29.250000000000398,56.500000000000796,long
2022-06-27,1,2022-06-24,2022-06-27,35.805,36.2,0.3950000000000031,19.750000000000156,37.50000000000031,long
2022-06-28,1,2022-06-27,2022-06-28,36.855,37.71,0.855000000000004,42.7500000000002,83.5000000000004,long
2022-06-29,1,2022-06-28,2022-06-29,37.85,38.355000000000004,0.5050000000000026,25.250000000000128,48.500000000000256,long
2022-06-30,1,2022-06-29,2022-06-30,36.535,35.660000000000004,-0.8749999999999929,-43.749999999999645,-89.49999999999929,long
2022-07-01,1,2022-06-30,2022-07-01,35.765,36.18,0.41499999999999915,20.749999999999957,39.499999999999915,long
2022-07-05,1,2022-07-01,2022-07-05,36.3,35.53,-0.769999999999996,-38.4999999999998,-78.9999999999996,long
2022-07-06,1,2022-07-05,2022-07-06,34.86,34.465,-0.394999999999996,-19.7499999999998,-41.4999999999996,long
2022-07-07,1,2022-07-06,2022-07-07,34.265,35.175000000000004,0.9100000000000037,45.500000000000185,89.00000000000037,long
2022-07-08,1,2022-07-07,2022-07-08,35.5,35.910000000000004,0.4100000000000037,20.500000000000185,39.00000000000037,long
2022-07-11,1,2022-07-08,2022-07-11,35.485,35.02,-0.4649999999999963,-23.249999999999815,-48.49999999999963,long
2022-07-12,1,2022-07-11,2022-07-12,35.144999999999996,34.205000000000005,-0.9399999999999906,-46.99999999999953,-95.99999999999906,long
2022-07-13,1,2022-07-12,2022-07-13,34.46,33.940000000000005,-0.519999999999996,-25.9999999999998,-53.9999999999996,long
2022-07-14,1,2022-07-13,2022-07-14,34.405,33.18,-1.2250000000000014,-61.25000000000007,-124.50000000000014,long
2022-07-15,1,2022-07-14,2022-07-15,33.754999999999995,34.47,0.7150000000000034,35.75000000000017,69.50000000000034,long
2022-07-18,1,2022-07-15,2022-07-18,34.305,35.2,0.8950000000000031,44.750000000000156,87.50000000000031,long
2022-07-19,1,2022-07-18,2022-07-19,35.089999999999996,35.02,-0.06999999999999318,-3.499999999999659,-8.999999999999318,long
2022-07-20,1,2022-07-19,2022-07-20,36.169999999999995,35.78,-0.38999999999999346,-19.499999999999673,-40.999999999999346,long
2022-07-21,1,2022-07-20,2022-07-21,36.519999999999996,35.5,-1.019999999999996,-50.9999999999998,-103.9999999999996,long
2022-07-22,1,2022-07-21,2022-07-22,35.879999999999995,36.0,0.12000000000000455,6.000000000000227,10.000000000000455,long
2022-07-25,1,2022-07-22,2022-07-25,35.585,36.055,0.46999999999999886,23.499999999999943,44.999999999999886,long
2022-07-26,1,2022-07-25,2022-07-26,36.89,37.32,0.4299999999999997,21.499999999999986,40.99999999999997,long
2022-07-27,1,2022-07-26,2022-07-27,36.555,36.825,0.2700000000000031,13.500000000000156,25.000000000000313,long
2022-07-28,1,2022-07-27,2022-07-28,37.379999999999995,37.690000000000005,0.3100000000000094,15.500000000000469,29.000000000000938,long
2022-07-29,1,2022-07-28,2022-07-29,37.589999999999996,38.255,0.6650000000000063,33.25000000000031,64.50000000000063,long
2022-08-01,1,2022-07-29,2022-08-01,39.22,38.53,-0.6899999999999977,-34.499999999999886,-70.99999999999977,long
2022-08-02,1,2022-08-01,2022-08-02,38.41,38.395,-0.014999999999993463,-0.7499999999996732,-3.4999999999993463,long
2022-08-03,1,2022-08-02,2022-08-03,38.32,38.465,0.14500000000000313,7.250000000000156,12.500000000000313,long
2022-08-04,1,2022-08-03,2022-08-04,37.22,36.945,-0.2749999999999986,-13.749999999999929,-29.499999999999858,long
2022-08-05,1,2022-08-04,2022-08-05,35.839999999999996,35.28,-0.5599999999999952,-27.99999999999976,-57.99999999999952,long
2022-08-08,1,2022-08-05,2022-08-08,36.55,36.49,-0.05999999999999517,-2.9999999999997584,-7.999999999999517,long
2022-08-09,1,2022-08-08,2022-08-09,36.739999999999995,37.24,0.5000000000000071,25.000000000000355,48.00000000000071,long
2022-08-10,1,2022-08-09,2022-08-10,37.385,37.46,0.07500000000000284,3.750000000000142,5.500000000000284,long
2022-08-11,1,2022-08-10,2022-08-11,37.655,38.34,0.6850000000000023,34.250000000000114,66.50000000000023,long
2022-08-12,1,2022-08-11,2022-08-12,38.949999999999996,38.675000000000004,-0.2749999999999915,-13.749999999999574,-29.499999999999147,long
2022-08-15,1,2022-08-12,2022-08-15,39.245,37.805,-1.4399999999999977,-71.99999999999989,-145.99999999999977,long
2022-08-16,1,2022-08-15,2022-08-16,38.48,38.515,0.035000000000003695,1.7500000000001847,1.5000000000003695,long
2022-08-17,1,2022-08-16,2022-08-17,38.39,38.195,-0.19500000000000028,-9.750000000000014,-21.50000000000003,long
2022-08-18,1,2022-08-17,2022-08-18,38.71,39.120000000000005,0.4100000000000037,20.500000000000185,39.00000000000037,long
2022-08-19,1,2022-08-18,2022-08-19,39.75,39.63,-0.11999999999999744,-5.999999999999872,-13.999999999999744,long
2022-08-22,1,2022-08-19,2022-08-22,39.739999999999995,39.38,-0.3599999999999923,-17.999999999999616,-37.99999999999923,long
2022-08-23,1,2022-08-22,2022-08-23,39.665,40.295,0.6300000000000026,31.500000000000128,61.000000000000256,long
2022-08-24,1,2022-08-23,2022-08-24,41.095,41.080000000000005,-0.014999999999993463,-0.7499999999996732,-3.4999999999993463,long
2022-08-25,1,2022-08-24,2022-08-25,41.6,41.78,0.17999999999999972,8.999999999999986,15.999999999999972,long
2022-08-26,1,2022-08-25,2022-08-26,41.919999999999995,41.805,-0.11499999999999488,-5.749999999999744,-13.499999999999488,long
2022-08-29,1,2022-08-26,2022-08-29,41.43,41.39,-0.03999999999999915,-1.9999999999999574,-5.999999999999915,long
2022-08-30,1,2022-08-29,2022-08-30,42.055,41.315000000000005,-0.7399999999999949,-36.999999999999744,-75.99999999999949,long
2022-08-31,1,2022-08-30,2022-08-31,40.629999999999995,39.65,-0.9799999999999969,-48.999999999999844,-99.99999999999969,long
2022-09-01,1,2022-08-31,2022-09-01,40.26,39.645,-0.6149999999999949,-30.749999999999744,-63.49999999999949,long
2022-09-02,1,2022-09-01,2022-09-02,39.269999999999996,40.22,0.9500000000000028,47.50000000000014,93.00000000000028,long
2022-09-06,1,2022-09-02,2022-09-06,39.989999999999995,40.345,0.355000000000004,17.7500000000002,33.5000000000004,long
2022-09-07,1,2022-09-06,2022-09-07,39.62,38.74,-0.8799999999999955,-43.99999999999977,-89.99999999999955,long
2022-09-08,1,2022-09-07,2022-09-08,39.16,39.315000000000005,0.15500000000000824,7.750000000000412,13.500000000000824,long
2022-09-09,1,2022-09-08,2022-09-09,39.33,40.065000000000005,0.7350000000000065,36.75000000000033,71.50000000000065,long
2022-09-12,1,2022-09-09,2022-09-12,40.309999999999995,40.88,0.5700000000000074,28.50000000000037,55.00000000000074,long
2022-09-13,1,2022-09-12,2022-09-13,41.05,40.39,-0.6599999999999966,-32.99999999999983,-67.99999999999966,long
2022-09-14,1,2022-09-13,2022-09-14,40.015,40.370000000000005,0.355000000000004,17.7500000000002,33.5000000000004,long
2022-09-15,1,2022-09-14,2022-09-15,41.144999999999996,40.415,-0.7299999999999969,-36.499999999999844,-74.99999999999969,long
2022-09-16,1,2022-09-15,2022-09-16,40.085,39.940000000000005,-0.14499999999999602,-7.249999999999801,-16.499999999999602,long
2022-09-19,1,2022-09-16,2022-09-19,39.23,37.72,-1.509999999999998,-75.4999999999999,-152.9999999999998,long
2022-09-20,1,2022-09-19,2022-09-20,38.83,38.54,-0.28999999999999915,-14.499999999999957,-30.999999999999915,long
2022-09-21,1,2022-09-20,2022-09-21,38.559999999999995,39.255,0.6950000000000074,34.75000000000037,67.50000000000074,long
2022-09-22,1,2022-09-21,2022-09-22,37.995,38.615,0.6200000000000045,31.000000000000227,60.000000000000455,long
2022-09-23,1,2022-09-22,2022-09-23,37.86,36.370000000000005,-1.4899999999999949,-74.49999999999974,-150.9999999999995,long
2022-09-26,1,2022-09-23,2022-09-26,35.25,35.005,-0.24499999999999744,-12.249999999999872,-26.499999999999744,long
2022-09-27,1,2022-09-26,2022-09-27,34.385,34.96,0.5750000000000028,28.750000000000142,55.500000000000284,long
2022-09-28,1,2022-09-27,2022-09-28,34.769999999999996,35.095,0.32500000000000284,16.250000000000142,30.500000000000284,long
2022-09-29,1,2022-09-28,2022-09-29,36.309999999999995,36.02,-0.28999999999999204,-14.499999999999602,-30.999999999999204,long
2022-09-30,1,2022-09-29,2022-09-30,36.309999999999995,36.0,-0.30999999999999517,-15.499999999999758,-32.99999999999952,long
2022-10-03,1,2022-09-30,2022-10-03,36.019999999999996,37.295,1.2750000000000057,63.750000000000284,125.50000000000057,long
2022-10-04,1,2022-10-03,2022-10-04,38.055,38.84,0.7850000000000037,39.250000000000185,76.50000000000037,long
2022-10-05,1,2022-10-04,2022-10-05,39.69,39.655,-0.03499999999999659,-1.7499999999998295,-5.499999999999659,long
2022-10-06,1,2022-10-05,2022-10-06,40.51,40.24,-0.269999999999996,-13.499999999999801,-28.999999999999602,long
2022-10-07,1,2022-10-06,2022-10-07,41.23,41.295,0.06500000000000483,3.2500000000002416,4.500000000000483,long
2022-10-10,1,2022-10-07,2022-10-10,40.91,41.050000000000004,0.14000000000000767,7.000000000000384,12.000000000000767,long
2022-10-11,1,2022-10-10,2022-10-11,40.07,39.300000000000004,-0.769999999999996,-38.4999999999998,-78.9999999999996,long
2022-10-12,1,2022-10-11,2022-10-12,39.75,39.480000000000004,-0.269999999999996,-13.499999999999801,-28.999999999999602,long
2022-10-13,1,2022-10-12,2022-10-13,40.07,39.525,-0.5450000000000017,-27.250000000000085,-56.50000000000017,long
2022-10-14,1,2022-10-13,2022-10-14,41.705,41.245000000000005,-0.45999999999999375,-22.999999999999687,-47.999999999999375,long
2022-10-17,1,2022-10-14,2022-10-17,40.15,40.795,0.6450000000000031,32.250000000000156,62.50000000000031,long
2022-10-18,1,2022-10-17,2022-10-18,40.65,40.965,0.31500000000000483,15.750000000000242,29.500000000000483,long
2022-10-19,1,2022-10-18,2022-10-19,41.004999999999995,41.06,0.05500000000000682,2.750000000000341,3.500000000000682,long
2022-10-20,1,2022-10-19,2022-10-20,42.214999999999996,42.605000000000004,0.3900000000000077,19.500000000000384,37.00000000000077,long
2022-10-21,1,2022-10-20,2022-10-21,42.254999999999995,42.46,0.2050000000000054,10.25000000000027,18.50000000000054,long
2022-10-24,1,2022-10-21,2022-10-24,43.475,43.43,-0.045000000000001705,-2.2500000000000853,-6.5000000000001705,long
2022-10-25,1,2022-10-24,2022-10-25,43.68,43.49,-0.18999999999999773,-9.499999999999886,-20.999999999999773,long
2022-10-26,1,2022-10-25,2022-10-26,43.725,43.865,0.14000000000000057,7.000000000000028,12.000000000000057,long
2022-10-27,1,2022-10-26,2022-10-27,44.32,44.910000000000004,0.5900000000000034,29.50000000000017,57.00000000000034,long
2022-10-28,1,2022-10-27,2022-10-28,44.48,45.075,0.595000000000006,29.7500000000003,57.5000000000006,long
2022-10-31,1,2022-10-28,2022-10-31,44.635,44.125,-0.509999999999998,-25.4999999999999,-52.9999999999998,long
2022-11-01,1,2022-10-31,2022-11-01,45.01,45.745000000000005,0.7350000000000065,36.75000000000033,71.50000000000065,long
2022-11-02,1,2022-11-01,2022-11-02,45.445,45.29,-0.15500000000000114,-7.750000000000057,-17.500000000000114,long
2022-11-03,1,2022-11-02,2022-11-03,44.35,43.940000000000005,-0.4099999999999966,-20.49999999999983,-42.99999999999966,long
2022-11-04,1,2022-11-03,2022-11-04,45.169999999999995,46.13,0.960000000000008,48.0000000000004,94.0000000000008,long
2022-11-07,1,2022-11-04,2022-11-07,45.72,45.795,0.07500000000000284,3.750000000000142,5.500000000000284,long
2022-11-08,1,2022-11-07,2022-11-08,46.504999999999995,46.47,-0.03499999999999659,-1.7499999999998295,-5.499999999999659,long
2022-11-09,1,2022-11-08,2022-11-09,46.55,45.92,-0.6299999999999955,-31.499999999999773,-64.99999999999955,long
2022-11-10,1,2022-11-09,2022-11-10,44.275,45.190000000000005,0.9150000000000063,45.75000000000031,89.50000000000063,long
2022-11-11,1,2022-11-10,2022-11-11,45.26,46.105000000000004,0.845000000000006,42.2500000000003,82.5000000000006,long
2022-11-14,1,2022-11-11,2022-11-14,46.574999999999996,46.42,-0.15499999999999403,-7.749999999999702,-17.499999999999403,long
2022-11-15,1,2022-11-14,2022-11-15,46.559999999999995,46.775,0.2150000000000034,10.75000000000017,19.50000000000034,long
2022-11-16,1,2022-11-15,2022-11-16,47.05,46.615,-0.43499999999999517,-21.74999999999976,-45.49999999999952,long
2022-11-17,1,2022-11-16,2022-11-17,46.089999999999996,45.365,-0.7249999999999943,-36.249999999999716,-74.49999999999943,long
2022-11-18,1,2022-11-17,2022-11-18,46.19,45.31,-0.8799999999999955,-43.99999999999977,-89.99999999999955,long
2022-11-21,1,2022-11-18,2022-11-21,45.824999999999996,44.815000000000005,-1.009999999999991,-50.499999999999545,-102.99999999999909,long
2022-11-22,1,2022-11-21,2022-11-22,45.205,45.75,0.5450000000000017,27.250000000000085,52.50000000000017,long
2022-11-23,1,2022-11-22,2022-11-23,46.62,45.77,-0.8499999999999943,-42.499999999999716,-86.99999999999943,long
2022-11-25,1,2022-11-23,2022-11-25,46.114999999999995,46.165,0.05000000000000426,2.500000000000213,3.0000000000004263,long
2022-11-28,1,2022-11-25,2022-11-28,45.945,44.800000000000004,-1.144999999999996,-57.2499999999998,-116.4999999999996,long
2022-11-29,1,2022-11-28,2022-11-29,44.684999999999995,45.125,0.44000000000000483,22.00000000000024,42.00000000000048,long
2022-11-30,1,2022-11-29,2022-11-30,45.36,45.845,0.48499999999999943,24.24999999999997,46.49999999999994,long
2022-12-01,1,2022-11-30,2022-12-01,45.585,45.925000000000004,0.3400000000000034,17.00000000000017,32.00000000000034,long
2022-12-02,1,2022-12-01,2022-12-02,45.434999999999995,45.1,-0.33499999999999375,-16.749999999999687,-35.499999999999375,long
2022-12-05,1,2022-12-02,2022-12-05,45.165,45.59,0.42500000000000426,21.250000000000213,40.500000000000426,long
2022-12-06,1,2022-12-05,2022-12-06,43.824999999999996,43.53,-0.2949999999999946,-14.74999999999973,-31.49999999999946,long
2022-12-07,1,2022-12-06,2022-12-07,42.669999999999995,42.620000000000005,-0.04999999999999005,-2.4999999999995026,-6.999999999999005,long
2022-12-08,1,2022-12-07,2022-12-08,42.57,43.505,0.9350000000000023,46.750000000000114,91.50000000000023,long
2022-12-09,1,2022-12-08,2022-12-09,42.379999999999995,42.225,-0.15499999999999403,-7.749999999999702,-17.499999999999403,long
2022-12-12,1,2022-12-09,2022-12-12,41.35,41.56,0.21000000000000085,10.500000000000043,19.000000000000085,long
2022-12-13,1,2022-12-12,2022-12-13,42.434999999999995,43.375,0.9400000000000048,47.00000000000024,92.00000000000048,long
2022-12-14,1,2022-12-13,2022-12-14,43.239999999999995,43.515,0.2750000000000057,13.750000000000284,25.50000000000057,long
2022-12-15,1,2022-12-14,2022-12-15,42.975,42.510000000000005,-0.4649999999999963,-23.249999999999815,-48.49999999999963,long
2022-12-16,1,2022-12-15,2022-12-16,42.714999999999996,41.84,-0.8749999999999929,-43.749999999999645,-89.49999999999929,long
2022-12-19,1,2022-12-16,2022-12-19,42.19,42.18,-0.00999999999999801,-0.4999999999999005,-2.999999999999801,long
2022-12-20,1,2022-12-19,2022-12-20,41.754999999999995,41.865,0.11000000000000654,5.500000000000327,9.000000000000654,long
2022-12-21,1,2022-12-20,2022-12-21,42.385,43.190000000000005,0.8050000000000068,40.25000000000034,78.50000000000068,long
2022-12-22,1,2022-12-21,2022-12-22,43.19,43.155,-0.03499999999999659,-1.7499999999998295,-5.499999999999659,long
2022-12-23,1,2022-12-22,2022-12-23,42.195,42.67,0.4750000000000014,23.75000000000007,45.50000000000014,long
2022-12-27,1,2022-12-23,2022-12-27,43.54,43.71,0.1700000000000017,8.500000000000085,15.00000000000017,long
2022-12-28,1,2022-12-27,2022-12-28,44.004999999999995,43.925000000000004,-0.07999999999999119,-3.9999999999995595,-9.999999999999119,long
2022-12-29,1,2022-12-28,2022-12-29,43.019999999999996,42.82,-0.19999999999999574,-9.999999999999787,-21.999999999999574,long
2022-12-30,1,2022-12-29,2022-12-30,43.47,43.22,-0.25,-12.5,-27.0,long
2023-01-03,1,2022-12-30,2023-01-03,43.745,43.45,-0.2949999999999946,-14.74999999999973,-31.49999999999946,long
2023-01-04,1,2023-01-03,2023-01-04,42.21,41.565000000000005,-0.644999999999996,-32.2499999999998,-66.4999999999996,long
2023-01-05,1,2023-01-04,2023-01-05,42.205,42.105000000000004,-0.09999999999999432,-4.999999999999716,-11.999999999999432,long
2023-01-06,1,2023-01-05,2023-01-06,42.975,43.510000000000005,0.5350000000000037,26.750000000000185,51.50000000000037,long
2023-01-09,1,2023-01-06,2023-01-09,43.79,44.43,0.6400000000000006,32.00000000000003,62.00000000000006,long
2023-01-10,1,2023-01-09,2023-01-10,43.635,43.88,0.24500000000000455,12.250000000000227,22.500000000000455,long
2023-01-11,1,2023-01-10,2023-01-11,43.945,44.315000000000005,0.37000000000000455,18.500000000000227,35.000000000000455,long
2023-01-12,1,2023-01-11,2023-01-12,44.08,44.325,0.24500000000000455,12.250000000000227,22.500000000000455,long
2023-01-13,1,2023-01-12,2023-01-13,44.919999999999995,44.865,-0.05499999999999261,-2.7499999999996305,-7.499999999999261,long
2023-01-17,1,2023-01-13,2023-01-17,44.985,45.080000000000005,0.09500000000000597,4.750000000000298,7.500000000000597,long
2023-01-18,1,2023-01-17,2023-01-18,45.08,45.27,0.19000000000000483,9.500000000000242,17.000000000000483,long
2023-01-19,1,2023-01-18,2023-01-19,44.254999999999995,43.980000000000004,-0.2749999999999915,-13.749999999999574,-29.499999999999147,long
2023-01-20,1,2023-01-19,2023-01-20,44.805,44.88,0.07500000000000284,3.750000000000142,5.500000000000284,long
2023-01-23,1,2023-01-20,2023-01-23,45.25,45.510000000000005,0.2600000000000051,13.000000000000256,24.00000000000051,long
2023-01-24,1,2023-01-23,2023-01-24,45.309999999999995,45.175000000000004,-0.1349999999999909,-6.749999999999545,-15.49999999999909,long
2023-01-25,1,2023-01-24,2023-01-25,45.135,44.895,-0.23999999999999488,-11.999999999999744,-25.99999999999949,long
2023-01-26,1,2023-01-25,2023-01-26,45.14,45.85,0.7100000000000009,35.50000000000004,69.00000000000009,long
2023-01-27,1,2023-01-26,2023-01-27,46.565,46.295,-0.269999999999996,-13.499999999999801,-28.999999999999602,long
2023-01-30,1,2023-01-27,2023-01-30,45.625,45.265,-0.35999999999999943,-17.99999999999997,-37.99999999999994,long
2023-01-31,1,2023-01-30,2023-01-31,44.58,44.410000000000004,-0.1699999999999946,-8.49999999999973,-18.99999999999946,long
2023-02-01,1,2023-01-31,2023-02-01,44.975,44.745000000000005,-0.22999999999999687,-11.499999999999844,-24.999999999999687,long
2023-02-02,1,2023-02-01,2023-02-02,44.089999999999996,43.92,-0.1699999999999946,-8.49999999999973,-18.99999999999946,long
2023-02-03,1,2023-02-02,2023-02-03,43.085,43.235,0.14999999999999858,7.499999999999929,12.999999999999858,long
2023-02-06,1,2023-02-03,2023-02-06,42.989999999999995,43.010000000000005,0.020000000000010232,1.0000000000005116,1.0231815394945443e-12,long
2023-02-07,1,2023-02-06,2023-02-07,42.794999999999995,43.050000000000004,0.25500000000000966,12.750000000000483,23.500000000000966,long
2023-02-08,1,2023-02-07,2023-02-08,44.184999999999995,44.14,-0.0449999999999946,-2.24999999999973,-6.49999999999946,long
2023-02-09,1,2023-02-08,2023-02-09,43.79,43.775,-0.015000000000000568,-0.7500000000000284,-3.500000000000057,long
2023-02-10,1,2023-02-09,2023-02-10,43.415,44.085,0.6700000000000017,33.500000000000085,65.00000000000017,long
2023-02-13,1,2023-02-10,2023-02-13,45.114999999999995,44.865,-0.2499999999999929,-12.499999999999645,-26.99999999999929,long
2023-02-14,1,2023-02-13,2023-02-14,45.0,44.625,-0.375,-18.75,-39.5,long
2023-02-15,1,2023-02-14,2023-02-15,45.015,44.515,-0.5,-25.0,-52.0,long
2023-02-16,1,2023-02-15,2023-02-16,44.25,43.995000000000005,-0.25499999999999545,-12.749999999999773,-27.499999999999545,long
2023-02-17,1,2023-02-16,2023-02-17,43.815,43.115,-0.6999999999999957,-34.99999999999979,-71.99999999999957,long
2023-02-21,1,2023-02-17,2023-02-21,42.254999999999995,42.050000000000004,-0.2049999999999912,-10.24999999999956,-22.49999999999912,long
2023-02-22,1,2023-02-21,2023-02-22,42.044999999999995,41.910000000000004,-0.1349999999999909,-6.749999999999545,-15.49999999999909,long
2023-02-23,1,2023-02-22,2023-02-23,41.765,42.375,0.6099999999999994,30.49999999999997,58.99999999999994,long
2023-02-24,1,2023-02-23,2023-02-24,42.394999999999996,41.75,-0.644999999999996,-32.2499999999998,-66.4999999999996,long
2023-02-27,1,2023-02-24,2023-02-27,42.339999999999996,42.385000000000005,0.04500000000000881,2.2500000000004405,2.500000000000881,long
2023-02-28,1,2023-02-27,2023-02-28,42.464999999999996,42.875,0.4100000000000037,20.500000000000185,39.00000000000037,long
2023-03-01,1,2023-02-28,2023-03-01,41.855,41.870000000000005,0.015000000000007674,0.7500000000003837,-0.4999999999992326,long
2023-03-02,1,2023-03-01,2023-03-02,42.68,42.585,-0.09499999999999886,-4.749999999999943,-11.499999999999886,long
2023-03-03,1,2023-03-02,2023-03-03,43.055,42.52,-0.5349999999999966,-26.74999999999983,-55.49999999999966,long
2023-03-06,1,2023-03-03,2023-03-06,43.64,43.395,-0.24499999999999744,-12.249999999999872,-26.499999999999744,long
2023-03-07,1,2023-03-06,2023-03-07,43.66,43.39,-0.269999999999996,-13.499999999999801,-28.999999999999602,long
2023-03-08,1,2023-03-07,2023-03-08,42.9,42.690000000000005,-0.20999999999999375,-10.499999999999687,-22.999999999999375,long
2023-03-09,1,2023-03-08,2023-03-09,42.46,42.685,0.22500000000000142,11.250000000000071,20.500000000000142,long
2023-03-10,1,2023-03-09,2023-03-10,41.86,41.835,-0.02499999999999858,-1.249999999999929,-4.499999999999858,long
2023-03-13,1,2023-03-10,2023-03-13,41.324999999999996,40.25,-1.0749999999999957,-53.74999999999979,-109.49999999999957,long
2023-03-14,1,2023-03-13,2023-03-14,40.485,40.46,-0.02499999999999858,-1.249999999999929,-4.499999999999858,long
2023-03-15,1,2023-03-14,2023-03-15,40.885,39.365,-1.519999999999996,-75.9999999999998,-153.9999999999996,long
2023-03-16,1,2023-03-15,2023-03-16,38.69,37.855000000000004,-0.8349999999999937,-41.74999999999969,-85.49999999999937,long
2023-03-17,1,2023-03-16,2023-03-17,39.11,38.865,-0.24499999999999744,-12.249999999999872,-26.499999999999744,long
2023-03-20,1,2023-03-17,2023-03-20,38.495,38.04,-0.4549999999999983,-22.749999999999915,-47.49999999999983,long
2023-03-21,1,2023-03-20,2023-03-21,38.86,39.64,0.7800000000000011,39.00000000000006,76.00000000000011,long
2023-03-22,1,2023-03-21,2023-03-22,40.205,40.21,0.005000000000002558,0.2500000000001279,-1.4999999999997442,long
2023-03-23,1,2023-03-22,2023-03-23,39.35,39.565000000000005,0.2150000000000034,10.75000000000017,19.50000000000034,long
2023-03-24,1,2023-03-23,2023-03-24,38.805,38.015,-0.7899999999999991,-39.49999999999996,-80.99999999999991,long
2023-03-27,1,2023-03-24,2023-03-27,38.955,39.365,0.4100000000000037,20.500000000000185,39.00000000000037,long
2023-03-28,1,2023-03-27,2023-03-28,39.785,39.54,-0.24499999999999744,-12.249999999999872,-26.499999999999744,long
2023-03-29,1,2023-03-28,2023-03-29,40.4,40.755,0.355000000000004,17.7500000000002,33.5000000000004,long
2023-03-30,1,2023-03-29,2023-03-30,40.96,41.28,0.3200000000000003,16.000000000000014,30.00000000000003,long
2023-03-31,1,2023-03-30,2023-03-31,41.14,41.255,0.11500000000000199,5.7500000000000995,9.500000000000199,long
2023-04-03,1,2023-03-31,2023-04-03,41.425,43.14,1.7150000000000034,85.75000000000017,169.50000000000034,long
2023-04-04,1,2023-04-03,2023-04-04,43.3,43.410000000000004,0.11000000000000654,5.500000000000327,9.000000000000654,long
2023-04-05,1,2023-04-04,2023-04-05,42.515,42.6,0.08500000000000085,4.250000000000043,6.500000000000085,long
2023-04-06,1,2023-04-05,2023-04-06,43.155,43.07,-0.08500000000000085,-4.250000000000043,-10.500000000000085,long
2023-04-10,1,2023-04-06,2023-04-10,42.5,42.61,0.10999999999999943,5.499999999999972,8.999999999999943,long
2023-04-11,1,2023-04-10,2023-04-11,42.839999999999996,43.06,0.22000000000000597,11.000000000000298,20.000000000000597,long
2023-04-12,1,2023-04-11,2023-04-12,43.245,43.545,0.30000000000000426,15.000000000000213,28.000000000000426,long
2023-04-13,1,2023-04-12,2023-04-13,43.275,43.185,-0.0899999999999963,-4.499999999999815,-10.99999999999963,long
2023-04-14,1,2023-04-13,2023-04-14,43.544999999999995,43.550000000000004,0.005000000000009663,0.25000000000048317,-1.4999999999990337,long
2023-04-17,1,2023-04-14,2023-04-17,43.625,43.505,-0.11999999999999744,-5.999999999999872,-13.999999999999744,long
2023-04-18,1,2023-04-17,2023-04-18,43.11,42.99,-0.11999999999999744,-5.999999999999872,-13.999999999999744,long
2023-04-19,1,2023-04-18,2023-04-19,43.28,42.870000000000005,-0.4099999999999966,-20.49999999999983,-42.99999999999966,long
2023-04-20,1,2023-04-19,2023-04-20,43.129999999999995,42.510000000000005,-0.6199999999999903,-30.999999999999517,-63.999999999999034,long
2023-04-21,1,2023-04-20,2023-04-21,42.75,42.885000000000005,0.13500000000000512,6.750000000000256,11.500000000000512,long
2023-04-24,1,2023-04-21,2023-04-24,42.5,42.345,-0.15500000000000114,-7.750000000000057,-17.500000000000114,long
2023-04-25,1,2023-04-24,2023-04-25,43.15,42.74,-0.4099999999999966,-20.49999999999983,-42.99999999999966,long
2023-04-26,1,2023-04-25,2023-04-26,42.339999999999996,42.02,-0.3199999999999932,-15.999999999999659,-33.99999999999932,long
2023-04-27,1,2023-04-26,2023-04-27,41.775,41.730000000000004,-0.0449999999999946,-2.24999999999973,-6.49999999999946,long
2023-04-28,1,2023-04-27,2023-04-28,41.925,41.775,-0.14999999999999858,-7.499999999999929,-16.999999999999858,long
2023-05-01,1,2023-04-28,2023-05-01,42.574999999999996,42.035000000000004,-0.539999999999992,-26.999999999999602,-55.999999999999204,long
2023-05-02,1,2023-05-01,2023-05-02,42.095,41.57,-0.5249999999999986,-26.24999999999993,-54.49999999999986,long
2023-05-03,1,2023-05-02,2023-05-03,40.265,39.730000000000004,-0.5349999999999966,-26.74999999999983,-55.49999999999966,long
2023-05-04,1,2023-05-03,2023-05-04,39.504999999999995,39.5,-0.0049999999999954525,-0.24999999999977263,-2.4999999999995453,long
2023-05-05,1,2023-05-04,2023-05-05,39.065,40.125,1.0600000000000023,53.000000000000114,104.00000000000023,long
2023-05-08,1,2023-05-05,2023-05-08,40.125,40.690000000000005,0.5650000000000048,28.25000000000024,54.50000000000048,long
2023-05-09,1,2023-05-08,2023-05-09,40.125,39.79,-0.33500000000000085,-16.750000000000043,-35.500000000000085,long
2023-05-10,1,2023-05-09,2023-05-10,40.14,40.32,0.17999999999999972,8.999999999999986,15.999999999999972,long
2023-05-11,1,2023-05-10,2023-05-11,39.684999999999995,39.105000000000004,-0.5799999999999912,-28.99999999999956,-59.99999999999912,long
2023-05-12,1,2023-05-11,2023-05-12,39.21,39.42,0.21000000000000085,10.500000000000043,19.000000000000085,long
2023-05-15,1,2023-05-12,2023-05-15,39.269999999999996,39.39,0.12000000000000455,6.000000000000227,10.000000000000455,long
2023-05-16,1,2023-05-15,2023-05-16,39.47,39.300000000000004,-0.1699999999999946,-8.49999999999973,-18.99999999999946,long
2023-05-17,1,2023-05-16,2023-05-17,38.5,38.875,0.375,18.75,35.5,long
2023-05-18,1,2023-05-17,2023-05-18,39.239999999999995,38.985,-0.25499999999999545,-12.749999999999773,-27.499999999999545,long
2023-05-19,1,2023-05-18,2023-05-19,39.525,39.875,0.3500000000000014,17.50000000000007,33.00000000000014,long
2023-05-22,1,2023-05-19,2023-05-22,39.83,39.660000000000004,-0.1699999999999946,-8.49999999999973,-18.99999999999946,long
2023-05-23,1,2023-05-22,2023-05-23,39.665,40.025,0.35999999999999943,17.99999999999997,33.99999999999994,long
2023-05-24,1,2023-05-23,2023-05-24,40.089999999999996,40.385000000000005,0.2950000000000088,14.75000000000044,27.50000000000088,long
2023-05-25,1,2023-05-24,2023-05-25,40.265,39.665,-0.6000000000000014,-30.00000000000007,-62.00000000000014,long
2023-05-26,1,2023-05-25,2023-05-26,39.55,39.77,0.22000000000000597,11.000000000000298,20.000000000000597,long
2023-05-30,1,2023-05-26,2023-05-30,39.394999999999996,38.690000000000005,-0.7049999999999912,-35.24999999999956,-72.49999999999912,long
2023-05-31,1,2023-05-30,2023-05-31,38.989999999999995,38.365,-0.6249999999999929,-31.249999999999645,-64.49999999999929,long
2023-06-01,1,2023-05-31,2023-06-01,38.305,38.375,0.07000000000000028,3.500000000000014,5.000000000000028,long
2023-06-02,1,2023-06-01,2023-06-02,38.78,39.485,0.7049999999999983,35.249999999999915,68.49999999999983,long
2023-06-05,1,2023-06-02,2023-06-05,39.96,40.52,0.5600000000000023,28.000000000000114,54.00000000000023,long
2023-06-06,1,2023-06-05,2023-06-06,39.695,39.2,-0.49499999999999744,-24.749999999999872,-51.499999999999744,long
2023-06-07,1,2023-06-06,2023-06-07,40.015,40.190000000000005,0.17500000000000426,8.750000000000213,15.500000000000426,long
2023-06-08,1,2023-06-07,2023-06-08,41.074999999999996,41.11,0.035000000000003695,1.7500000000001847,1.5000000000003695,long
2023-06-09,1,2023-06-08,2023-06-09,40.9,40.86,-0.03999999999999915,-1.9999999999999574,-5.999999999999915,long
2023-06-12,1,2023-06-09,2023-06-12,40.675,40.045,-0.6299999999999955,-31.499999999999773,-64.99999999999955,long
2023-06-13,1,2023-06-12,2023-06-13,40.285,40.675000000000004,0.3900000000000077,19.500000000000384,37.00000000000077,long
2023-06-14,1,2023-06-13,2023-06-14,40.475,40.855000000000004,0.38000000000000256,19.000000000000128,36.000000000000256,long
2023-06-15,1,2023-06-14,2023-06-15,40.059999999999995,40.11,0.05000000000000426,2.500000000000213,3.0000000000004263,long
2023-06-16,1,2023-06-15,2023-06-16,40.5,40.63,0.13000000000000256,6.500000000000128,11.000000000000256,long
2023-06-20,1,2023-06-16,2023-06-20,40.44,39.800000000000004,-0.6399999999999935,-31.999999999999673,-65.99999999999935,long
2023-06-21,1,2023-06-20,2023-06-21,39.19,39.010000000000005,-0.1799999999999926,-8.99999999999963,-19.99999999999926,long
2023-06-22,1,2023-06-21,2023-06-22,39.5,39.120000000000005,-0.37999999999999545,-18.999999999999773,-39.999999999999545,long
2023-06-23,1,2023-06-22,2023-06-23,38.97,38.53,-0.4399999999999977,-21.999999999999886,-45.99999999999977,long
2023-06-26,1,2023-06-23,2023-06-26,38.69,38.675000000000004,-0.014999999999993463,-0.7499999999996732,-3.4999999999993463,long
2023-06-27,1,2023-06-26,2023-06-27,39.385,39.325,-0.05999999999999517,-2.9999999999997584,-7.999999999999517,long
2023-06-28,1,2023-06-27,2023-06-28,39.475,39.415,-0.060000000000002274,-3.0000000000001137,-8.000000000000227,long
2023-06-29,1,2023-06-28,2023-06-29,39.875,40.005,0.13000000000000256,6.500000000000128,11.000000000000256,long
2023-06-30,1,2023-06-29,2023-06-30,40.335,40.59,0.25500000000000256,12.750000000000128,23.500000000000256,long
2023-07-03,1,2023-06-30,2023-07-03,40.595,40.65,0.054999999999999716,2.749999999999986,3.4999999999999716,long
2023-07-05,1,2023-07-03,2023-07-05,40.69,40.84,0.15000000000000568,7.500000000000284,13.000000000000568,long
2023-07-06,1,2023-07-05,2023-07-06,40.464999999999996,40.005,-0.45999999999999375,-22.999999999999687,-47.999999999999375,long
2023-07-07,1,2023-07-06,2023-07-07,39.555,39.34,-0.2149999999999963,-10.749999999999815,-23.49999999999963,long
2023-07-10,1,2023-07-07,2023-07-10,40.405,40.275,-0.13000000000000256,-6.500000000000128,-15.000000000000256,long
2023-07-11,1,2023-07-10,2023-07-11,40.72,40.875,0.15500000000000114,7.750000000000057,13.500000000000114,long
2023-07-12,1,2023-07-11,2023-07-12,41.614999999999995,41.910000000000004,0.2950000000000088,14.75000000000044,27.50000000000088,long
2023-07-13,1,2023-07-12,2023-07-13,42.0,41.985,-0.015000000000000568,-0.7500000000000284,-3.500000000000057,long
2023-07-14,1,2023-07-13,2023-07-14,41.839999999999996,41.550000000000004,-0.28999999999999204,-14.499999999999602,-30.999999999999204,long
2023-07-17,1,2023-07-14,2023-07-17,40.735,40.57,-0.16499999999999915,-8.249999999999957,-18.499999999999915,long
2023-07-18,1,2023-07-17,2023-07-18,40.655,40.54,-0.11500000000000199,-5.7500000000000995,-13.500000000000199,long
2023-07-19,1,2023-07-18,2023-07-19,41.065,41.065000000000005,7.105427357601002e-15,3.552713678800501e-13,-1.9999999999992895,long
2023-07-20,1,2023-07-19,2023-07-20,41.305,41.625,0.3200000000000003,16.000000000000014,30.00000000000003,long
2023-07-21,1,2023-07-20,2023-07-21,41.79,41.895,0.10500000000000398,5.250000000000199,8.500000000000398,long
2023-07-24,1,2023-07-21,2023-07-24,42.16,42.355000000000004,0.1950000000000074,9.75000000000037,17.50000000000074,long
2023-07-25,1,2023-07-24,2023-07-25,42.839999999999996,42.800000000000004,-0.03999999999999204,-1.999999999999602,-5.999999999999204,long
2023-07-26,1,2023-07-25,2023-07-26,43.065,42.690000000000005,-0.3749999999999929,-18.749999999999645,-39.49999999999929,long
2023-07-27,1,2023-07-26,2023-07-27,43.08,43.255,0.17500000000000426,8.750000000000213,15.500000000000426,long
2023-07-28,1,2023-07-27,2023-07-28,42.805,42.755,-0.04999999999999716,-2.499999999999858,-6.999999999999716,long
2023-07-31,1,2023-07-28,2023-07-31,42.934999999999995,43.29,0.355000000000004,17.7500000000002,33.5000000000004,long
2023-08-01,1,2023-07-31,2023-08-01,43.75,43.555,-0.19500000000000028,-9.750000000000014,-21.50000000000003,long
2023-08-02,1,2023-08-01,2023-08-02,43.544999999999995,43.235,-0.30999999999999517,-15.499999999999758,-32.99999999999952,long
2023-08-03,1,2023-08-02,2023-08-03,42.975,43.080000000000005,0.10500000000000398,5.250000000000199,8.500000000000398,long
2023-08-04,1,2023-08-03,2023-08-04,43.41,43.68,0.2700000000000031,13.500000000000156,25.000000000000313,long
2023-08-07,1,2023-08-04,2023-08-07,43.47,43.695,0.22500000000000142,11.250000000000071,20.500000000000142,long
2023-08-08,1,2023-08-07,2023-08-08,43.519999999999996,42.795,-0.7249999999999943,-36.249999999999716,-74.49999999999943,long
2023-08-09,1,2023-08-08,2023-08-09,43.735,44.0,0.26500000000000057,13.250000000000028,24.500000000000057,long
2023-08-10,1,2023-08-09,2023-08-10,44.285,44.330000000000005,0.04500000000000881,2.2500000000004405,2.500000000000881,long
2023-08-11,1,2023-08-10,2023-08-11,44.28,44.225,-0.054999999999999716,-2.749999999999986,-7.499999999999972,long
2023-08-14,1,2023-08-11,2023-08-14,44.96,44.815000000000005,-0.14499999999999602,-7.249999999999801,-16.499999999999602,long
2023-08-15,1,2023-08-14,2023-08-15,44.769999999999996,44.440000000000005,-0.3299999999999912,-16.49999999999956,-34.99999999999912,long
2023-08-16,1,2023-08-15,2023-08-16,43.839999999999996,43.865,0.025000000000005684,1.2500000000002842,0.5000000000005684,long
2023-08-17,1,2023-08-16,2023-08-17,43.46,44.03,0.5700000000000003,28.500000000000014,55.00000000000003,long
2023-08-18,1,2023-08-17,2023-08-18,43.98,43.705000000000005,-0.2749999999999915,-13.749999999999574,-29.499999999999147,long
2023-08-21,1,2023-08-18,2023-08-21,44.415,44.575,0.1600000000000037,8.000000000000185,14.00000000000037,long
2023-08-22,1,2023-08-21,2023-08-22,44.135,44.17,0.035000000000003695,1.7500000000001847,1.5000000000003695,long
2023-08-23,1,2023-08-22,2023-08-23,43.794999999999995,43.300000000000004,-0.49499999999999034,-24.749999999999517,-51.499999999999034,long
2023-08-24,1,2023-08-23,2023-08-24,43.684999999999995,43.190000000000005,-0.49499999999999034,-24.749999999999517,-51.499999999999034,long
2023-08-25,1,2023-08-24,2023-08-25,43.385,43.625,0.240000000000002,12.0000000000001,22.0000000000002,long
2023-08-28,1,2023-08-25,2023-08-28,43.805,43.89,0.08500000000000085,4.250000000000043,6.500000000000085,long
2023-08-29,1,2023-08-28,2023-08-29,44.1,44.24,0.14000000000000057,7.000000000000028,12.000000000000057,long
2023-08-30,1,2023-08-29,2023-08-30,44.22,44.4,0.17999999999999972,8.999999999999986,15.999999999999972,long
2023-08-31,1,2023-08-30,2023-08-31,44.44,44.585,0.14500000000000313,7.250000000000156,12.500000000000313,long
2023-09-01,1,2023-08-31,2023-09-01,44.47,44.935,0.4650000000000034,23.25000000000017,44.50000000000034,long
2023-09-05,1,2023-09-01,2023-09-05,45.379999999999995,45.615,0.23500000000000654,11.750000000000327,21.500000000000654,long
2023-09-06,1,2023-09-05,2023-09-06,45.62,45.510000000000005,-0.10999999999999233,-5.499999999999616,-12.999999999999233,long
2023-09-07,1,2023-09-06,2023-09-07,45.64,45.71,0.07000000000000028,3.500000000000014,5.000000000000028,long
2023-09-08,1,2023-09-07,2023-09-08,45.595,45.805,0.21000000000000085,10.500000000000043,19.000000000000085,long
2023-09-11,1,2023-09-08,2023-09-11,46.035,46.35,0.31500000000000483,15.750000000000242,29.500000000000483,long
2023-09-12,1,2023-09-11,2023-09-12,45.43,45.9,0.46999999999999886,23.499999999999943,44.999999999999886,long
2023-09-13,1,2023-09-12,2023-09-13,46.5,46.525,0.02499999999999858,1.249999999999929,0.4999999999998579,long
2023-09-14,1,2023-09-13,2023-09-14,46.15,46.61,0.46000000000000085,23.000000000000043,44.000000000000085,long
2023-09-15,1,2023-09-14,2023-09-15,46.69,46.25,-0.4399999999999977,-21.999999999999886,-45.99999999999977,long
2023-09-18,1,2023-09-15,2023-09-18,46.015,46.13,0.11500000000000199,5.7500000000000995,9.500000000000199,long
2023-09-19,1,2023-09-18,2023-09-19,46.065,46.39,0.32500000000000284,16.250000000000142,30.500000000000284,long
2023-09-20,1,2023-09-19,2023-09-20,45.635,45.395,-0.23999999999999488,-11.999999999999744,-25.99999999999949,long
2023-09-21,1,2023-09-20,2023-09-21,45.21,45.435,0.22500000000000142,11.250000000000071,20.500000000000142,long
2023-09-22,1,2023-09-21,2023-09-22,44.589999999999996,44.905,0.31500000000000483,15.750000000000242,29.500000000000483,long
2023-09-25,1,2023-09-22,2023-09-25,44.665,44.525,-0.14000000000000057,-7.000000000000028,-16.000000000000057,long
2023-09-26,1,2023-09-25,2023-09-26,45.225,44.815000000000005,-0.4099999999999966,-20.49999999999983,-42.99999999999966,long
2023-09-27,1,2023-09-26,2023-09-27,44.964999999999996,45.505,0.5400000000000063,27.000000000000313,52.000000000000625,long
2023-09-28,1,2023-09-27,2023-09-28,46.085,45.88,-0.2049999999999983,-10.249999999999915,-22.49999999999983,long
2023-09-29,1,2023-09-28,2023-09-29,46.135,46.06,-0.07499999999999574,-3.749999999999787,-9.499999999999574,long
2023-10-02,1,2023-09-29,2023-10-02,45.205,45.125,-0.0799999999999983,-3.9999999999999147,-9.99999999999983,long
2023-10-03,1,2023-10-02,2023-10-03,44.305,44.18,-0.125,-6.25,-14.5,long
2023-10-04,1,2023-10-03,2023-10-04,44.275,43.605000000000004,-0.6699999999999946,-33.49999999999973,-68.99999999999946,long
2023-10-05,1,2023-10-04,2023-10-05,42.885,42.25,-0.634999999999998,-31.7499999999999,-65.4999999999998,long
2023-10-06,1,2023-10-05,2023-10-06,42.62,42.6,-0.01999999999999602,-0.999999999999801,-3.999999999999602,long
2023-10-09,1,2023-10-06,2023-10-09,42.875,44.005,1.1300000000000026,56.50000000000013,111.00000000000026,long
2023-10-10,1,2023-10-09,2023-10-10,44.305,44.275,-0.030000000000001137,-1.5000000000000568,-5.000000000000114,long
2023-10-11,1,2023-10-10,2023-10-11,44.36,43.885000000000005,-0.4749999999999943,-23.749999999999716,-49.49999999999943,long
2023-10-12,1,2023-10-11,2023-10-12,43.79,44.260000000000005,0.47000000000000597,23.5000000000003,45.0000000000006,long
2023-10-13,1,2023-10-12,2023-10-13,43.839999999999996,44.535000000000004,0.6950000000000074,34.75000000000037,67.50000000000074,long
2023-10-16,1,2023-10-13,2023-10-16,44.805,45.04,0.23499999999999943,11.749999999999972,21.499999999999943,long
2023-10-17,1,2023-10-16,2023-10-17,45.105,44.97,-0.134999999999998,-6.7499999999999005,-15.499999999999801,long
2023-10-18,1,2023-10-17,2023-10-18,45.574999999999996,45.74,0.16500000000000625,8.250000000000313,14.500000000000625,long
2023-10-19,1,2023-10-18,2023-10-19,45.989999999999995,45.81,-0.1799999999999926,-8.99999999999963,-19.99999999999926,long
2023-10-20,1,2023-10-19,2023-10-20,45.91,45.81,-0.09999999999999432,-4.999999999999716,-11.999999999999432,long
2023-10-23,1,2023-10-20,2023-10-23,45.14,44.86,-0.28000000000000114,-14.000000000000057,-30.000000000000114,long
2023-10-24,1,2023-10-23,2023-10-24,44.41,44.5,0.09000000000000341,4.5000000000001705,7.000000000000341,long
2023-10-25,1,2023-10-24,2023-10-25,43.785,43.805,0.020000000000003126,1.0000000000001563,3.126388037344441e-13,long
2023-10-26,1,2023-10-25,2023-10-26,43.705,43.285000000000004,-0.4199999999999946,-20.99999999999973,-43.99999999999946,long
2023-10-27,1,2023-10-26,2023-10-27,43.364999999999995,43.300000000000004,-0.06499999999999062,-3.249999999999531,-8.499999999999062,long
2023-10-30,1,2023-10-27,2023-10-30,42.324999999999996,42.425000000000004,0.10000000000000853,5.000000000000426,8.000000000000853,long
2023-10-31,1,2023-10-30,2023-10-31,42.464999999999996,42.495000000000005,0.030000000000008242,1.5000000000004121,1.0000000000008242,long
2023-11-01,1,2023-10-31,2023-11-01,42.605,42.855000000000004,0.2500000000000071,12.500000000000355,23.00000000000071,long
2023-11-02,1,2023-11-01,2023-11-02,42.504999999999995,42.63,0.1250000000000071,6.250000000000355,10.50000000000071,long
2023-11-03,1,2023-11-02,2023-11-03,43.79,43.690000000000005,-0.09999999999999432,-4.999999999999716,-11.999999999999432,long
2023-11-06,1,2023-11-03,2023-11-06,43.35,43.675000000000004,0.32500000000000284,16.250000000000142,30.500000000000284,long
2023-11-07,1,2023-11-06,2023-11-07,42.86,42.28,-0.5799999999999983,-28.999999999999915,-59.99999999999983,long
2023-11-08,1,2023-11-07,2023-11-08,41.91,41.730000000000004,-0.1799999999999926,-8.99999999999963,-19.99999999999926,long
2023-11-09,1,2023-11-08,2023-11-09,41.385,41.615,0.23000000000000398,11.500000000000199,21.000000000000398,long
2023-11-10,1,2023-11-09,2023-11-10,41.26,41.7,0.44000000000000483,22.00000000000024,42.00000000000048,long
2023-11-13,1,2023-11-10,2023-11-13,41.714999999999996,41.760000000000005,0.04500000000000881,2.2500000000004405,2.500000000000881,long
2023-11-14,1,2023-11-13,2023-11-14,42.015,42.175000000000004,0.1600000000000037,8.000000000000185,14.00000000000037,long
2023-11-15,1,2023-11-14,2023-11-15,42.39,42.305,-0.08500000000000085,-4.250000000000043,-10.500000000000085,long
2023-11-16,1,2023-11-15,2023-11-16,42.309999999999995,41.89,-0.4199999999999946,-20.99999999999973,-43.99999999999946,long
2023-11-17,1,2023-11-16,2023-11-17,41.485,41.82,0.33500000000000085,16.750000000000043,31.500000000000085,long
2023-11-20,1,2023-11-17,2023-11-20,42.355,42.510000000000005,0.15500000000000824,7.750000000000412,13.500000000000824,long
2023-11-21,1,2023-11-20,2023-11-21,42.415,42.195,-0.21999999999999886,-10.999999999999943,-23.999999999999886,long
2023-11-22,1,2023-11-21,2023-11-22,42.32,41.455000000000005,-0.8649999999999949,-43.249999999999744,-88.49999999999949,long
2023-11-24,1,2023-11-22,2023-11-24,42.3,42.265,-0.03499999999999659,-1.7499999999998295,-5.499999999999659,long
2023-11-27,1,2023-11-24,2023-11-27,42.475,42.235,-0.240000000000002,-12.0000000000001,-26.0000000000002,long
2023-11-28,1,2023-11-27,2023-11-28,42.324999999999996,42.39,0.06500000000000483,3.2500000000002416,4.500000000000483,long
2023-11-29,1,2023-11-28,2023-11-29,42.335,42.53,0.19500000000000028,9.750000000000014,17.50000000000003,long
2023-11-30,1,2023-11-29,2023-11-30,42.019999999999996,42.36,0.3400000000000034,17.00000000000017,32.00000000000034,long
2023-12-01,1,2023-11-30,2023-12-01,42.3,42.230000000000004,-0.06999999999999318,-3.499999999999659,-8.999999999999318,long
2023-12-04,1,2023-12-01,2023-12-04,42.519999999999996,42.190000000000005,-0.3299999999999912,-16.49999999999956,-34.99999999999912,long
2023-12-05,1,2023-12-04,2023-12-05,42.324999999999996,42.315000000000005,-0.009999999999990905,-0.49999999999954525,-2.9999999999990905,long
2023-12-06,1,2023-12-05,2023-12-06,41.585,41.295,-0.28999999999999915,-14.499999999999957,-30.999999999999915,long
2023-12-07,1,2023-12-06,2023-12-07,40.964999999999996,41.135000000000005,0.1700000000000088,8.50000000000044,15.000000000000881,long
2023-12-08,1,2023-12-07,2023-12-08,40.684999999999995,40.935,0.2500000000000071,12.500000000000355,23.00000000000071,long
2023-12-11,1,2023-12-08,2023-12-11,41.125,41.080000000000005,-0.0449999999999946,-2.24999999999973,-6.49999999999946,long
2023-12-12,1,2023-12-11,2023-12-12,41.175,40.775,-0.3999999999999986,-19.99999999999993,-41.99999999999986,long
2023-12-13,1,2023-12-12,2023-12-13,40.61,40.615,0.005000000000002558,0.2500000000001279,-1.4999999999997442,long
2023-12-14,1,2023-12-13,2023-12-14,41.175,41.57,0.3950000000000031,19.750000000000156,37.50000000000031,long
2023-12-15,1,2023-12-14,2023-12-15,42.385,41.955000000000005,-0.4299999999999926,-21.49999999999963,-44.99999999999926,long
2023-12-18,1,2023-12-15,2023-12-18,42.16,42.480000000000004,0.3200000000000074,16.00000000000037,30.00000000000074,long
2023-12-19,1,2023-12-18,2023-12-19,42.1,42.160000000000004,0.060000000000002274,3.0000000000001137,4.000000000000227,long
2023-12-20,1,2023-12-19,2023-12-20,42.605,42.735,0.13000000000000256,6.500000000000128,11.000000000000256,long
2023-12-21,1,2023-12-20,2023-12-21,42.21,42.265,0.054999999999999716,2.749999999999986,3.4999999999999716,long
2023-12-22,1,2023-12-21,2023-12-22,42.375,42.68,0.3049999999999997,15.249999999999986,28.49999999999997,long
2023-12-26,1,2023-12-22,2023-12-26,42.5,42.84,0.3400000000000034,17.00000000000017,32.00000000000034,long
2023-12-27,1,2023-12-26,2023-12-27,42.864999999999995,42.845,-0.01999999999999602,-0.999999999999801,-3.999999999999602,long
2023-12-28,1,2023-12-27,2023-12-28,42.675,42.435,-0.23999999999999488,-11.999999999999744,-25.99999999999949,long
2023-12-29,1,2023-12-28,2023-12-29,42.025,42.15,0.125,6.25,10.5,long
2024-01-02,1,2023-12-29,2024-01-02,41.93,42.205000000000005,0.2750000000000057,13.750000000000284,25.50000000000057,long
2024-01-03,1,2024-01-02,2024-01-03,42.379999999999995,42.425000000000004,0.04500000000000881,2.2500000000004405,2.500000000000881,long
2024-01-04,1,2024-01-03,2024-01-04,43.07,43.36,0.28999999999999915,14.499999999999957,26.999999999999915,long
2024-01-05,1,2024-01-04,2024-01-05,42.315,42.7,0.3850000000000051,19.250000000000256,36.50000000000051,long
2024-01-08,1,2024-01-05,2024-01-08,42.35,41.61,-0.740000000000002,-37.0000000000001,-76.0000000000002,long
2024-01-09,1,2024-01-08,2024-01-09,41.86,41.895,0.035000000000003695,1.7500000000001847,1.5000000000003695,long
2024-01-10,1,2024-01-09,2024-01-10,41.19,41.25,0.060000000000002274,3.0000000000001137,4.000000000000227,long
2024-01-11,1,2024-01-10,2024-01-11,40.785,41.035000000000004,0.2500000000000071,12.500000000000355,23.00000000000071,long
2024-01-12,1,2024-01-11,2024-01-12,40.89,41.49,0.6000000000000014,30.00000000000007,58.00000000000014,long
2024-01-16,1,2024-01-12,2024-01-16,41.35,41.24,-0.10999999999999943,-5.499999999999972,-12.999999999999943,long
2024-01-17,1,2024-01-16,2024-01-17,40.364999999999995,39.93,-0.43499999999999517,-21.74999999999976,-45.49999999999952,long
2024-01-18,1,2024-01-17,2024-01-18,40.03,39.99,-0.03999999999999915,-1.9999999999999574,-5.999999999999915,long
2024-01-19,1,2024-01-18,2024-01-19,39.964999999999996,39.965,7.105427357601002e-15,3.552713678800501e-13,-1.9999999999992895,long
2024-01-22,1,2024-01-19,2024-01-22,40.095,39.99,-0.10499999999999687,-5.249999999999844,-12.499999999999687,long
2024-01-23,1,2024-01-22,2024-01-23,40.245,40.145,-0.09999999999999432,-4.999999999999716,-11.999999999999432,long
2024-01-24,1,2024-01-23,2024-01-24,40.33,40.54,0.21000000000000085,10.500000000000043,19.000000000000085,long
2024-01-25,1,2024-01-24,2024-01-25,40.905,41.175000000000004,0.2700000000000031,13.500000000000156,25.000000000000313,long
2024-01-26,1,2024-01-25,2024-01-26,41.824999999999996,41.760000000000005,-0.06499999999999062,-3.249999999999531,-8.499999999999062,long
2024-01-29,1,2024-01-26,2024-01-29,42.135,42.050000000000004,-0.08499999999999375,-4.249999999999687,-10.499999999999375,long
2024-01-30,1,2024-01-29,2024-01-30,42.074999999999996,41.660000000000004,-0.41499999999999204,-20.749999999999602,-43.499999999999204,long
2024-01-31,1,2024-01-30,2024-01-31,42.51,42.49,-0.01999999999999602,-0.999999999999801,-3.999999999999602,long
2024-02-01,1,2024-01-31,2024-02-01,41.714999999999996,41.945,0.23000000000000398,11.500000000000199,21.000000000000398,long
2024-02-02,1,2024-02-01,2024-02-02,41.71,41.99,0.28000000000000114,14.000000000000057,26.000000000000114,long
2024-02-05,1,2024-02-02,2024-02-05,41.769999999999996,41.515,-0.25499999999999545,-12.749999999999773,-27.499999999999545,long
2024-02-06,1,2024-02-05,2024-02-06,41.665,41.845,0.17999999999999972,8.999999999999986,15.999999999999972,long
2024-02-07,1,2024-02-06,2024-02-07,41.8,41.9,0.10000000000000142,5.000000000000071,8.000000000000142,long
2024-02-08,1,2024-02-07,2024-02-08,41.885,41.84,-0.0449999999999946,-2.24999999999973,-6.49999999999946,long
2024-02-09,1,2024-02-08,2024-02-09,42.315,42.375,0.060000000000002274,3.0000000000001137,4.000000000000227,long
2024-02-12,1,2024-02-09,2024-02-12,41.665,41.79,0.125,6.25,10.5,long
2024-02-13,1,2024-02-12,2024-02-13,42.125,42.145,0.020000000000003126,1.0000000000001563,3.126388037344441e-13,long
2024-02-14,1,2024-02-13,2024-02-14,41.699999999999996,41.985,0.2850000000000037,14.250000000000185,26.50000000000037,long
2024-02-15,1,2024-02-14,2024-02-15,41.66,41.65,-0.00999999999999801,-0.4999999999999005,-2.999999999999801,long
2024-02-16,1,2024-02-15,2024-02-16,42.82,42.935,0.11500000000000199,5.7500000000000995,9.500000000000199,long
2024-02-20,1,2024-02-16,2024-02-20,42.794999999999995,42.82,0.025000000000005684,1.2500000000002842,0.5000000000005684,long
2024-02-21,1,2024-02-20,2024-02-21,42.405,42.565000000000005,0.1600000000000037,8.000000000000185,14.00000000000037,long
2024-02-22,1,2024-02-21,2024-02-22,43.199999999999996,42.905,-0.2949999999999946,-14.74999999999973,-31.49999999999946,long
2024-02-23,1,2024-02-22,2024-02-23,43.275,42.835,-0.4399999999999977,-21.999999999999886,-45.99999999999977,long
2024-02-26,1,2024-02-23,2024-02-26,42.989999999999995,42.92,-0.06999999999999318,-3.499999999999659,-8.999999999999318,long
2024-02-27,1,2024-02-26,2024-02-27,43.14,43.160000000000004,0.020000000000003126,1.0000000000001563,3.126388037344441e-13,long
2024-02-28,1,2024-02-27,2024-02-28,42.955,42.99,0.035000000000003695,1.7500000000001847,1.5000000000003695,long
2024-02-29,1,2024-02-28,2024-02-29,42.87,42.965,0.09500000000000597,4.750000000000298,7.500000000000597,long
2024-03-01,1,2024-02-29,2024-03-01,43.08,43.35,0.2700000000000031,13.500000000000156,25.000000000000313,long
2024-03-04,1,2024-03-01,2024-03-04,43.58,43.535000000000004,-0.0449999999999946,-2.24999999999973,-6.49999999999946,long
2024-03-05,1,2024-03-04,2024-03-05,43.114999999999995,43.07,-0.0449999999999946,-2.24999999999973,-6.49999999999946,long
2024-03-06,1,2024-03-05,2024-03-06,43.434999999999995,43.78,0.34500000000000597,17.2500000000003,32.5000000000006,long
2024-03-07,1,2024-03-06,2024-03-07,43.57,43.61,0.03999999999999915,1.9999999999999574,1.9999999999999147,long
2024-03-08,1,2024-03-07,2024-03-08,43.94,43.875,-0.06499999999999773,-3.2499999999998863,-8.499999999999773,long
2024-03-11,1,2024-03-08,2024-03-11,44.095,44.085,-0.00999999999999801,-0.4999999999999005,-2.999999999999801,long
2024-03-12,1,2024-03-11,2024-03-12,44.55,44.525,-0.02499999999999858,-1.249999999999929,-4.499999999999858,long
2024-03-13,1,2024-03-12,2024-03-13,44.48,44.915,0.4350000000000023,21.750000000000114,41.50000000000023,long
2024-03-14,1,2024-03-13,2024-03-14,45.19,45.35,0.1600000000000037,8.000000000000185,14.00000000000037,long
2024-03-15,1,2024-03-14,2024-03-15,45.655,45.6,-0.054999999999999716,-2.749999999999986,-7.499999999999972,long
2024-03-18,1,2024-03-15,2024-03-18,45.79,45.585,-0.2049999999999983,-10.249999999999915,-22.49999999999983,long
2024-03-19,1,2024-03-18,2024-03-19,45.58,45.555,-0.02499999999999858,-1.249999999999929,-4.499999999999858,long
2024-03-20,1,2024-03-19,2024-03-20,46.1,45.815000000000005,-0.2849999999999966,-14.24999999999983,-30.49999999999966,long
2024-03-21,1,2024-03-20,2024-03-21,46.035,46.095,0.060000000000002274,3.0000000000001137,4.000000000000227,long
2024-03-22,1,2024-03-21,2024-03-22,46.309999999999995,46.31,7.105427357601002e-15,3.552713678800501e-13,-1.9999999999992895,long
2024-03-25,1,2024-03-22,2024-03-25,46.21,46.365,0.15500000000000114,7.750000000000057,13.500000000000114,long
2024-03-26,1,2024-03-25,2024-03-26,46.64,46.64,0.0,0.0,-2.0,long
2024-03-27,1,2024-03-26,2024-03-27,46.28,46.155,-0.125,-6.25,-14.5,long
2024-03-28,1,2024-03-27,2024-03-28,46.71,46.965,0.25500000000000256,12.750000000000128,23.500000000000256,long
2024-04-01,1,2024-03-28,2024-04-01,47.214999999999996,47.335,0.12000000000000455,6.000000000000227,10.000000000000455,long
2024-04-02,1,2024-04-01,2024-04-02,47.565,47.75,0.18500000000000227,9.250000000000114,16.500000000000227,long
2024-04-03,1,2024-04-02,2024-04-03,48.23,48.39,0.1600000000000037,8.000000000000185,14.00000000000037,long
2024-04-04,1,2024-04-03,2024-04-04,48.559999999999995,48.550000000000004,-0.009999999999990905,-0.49999999999954525,-2.9999999999990905,long
2024-04-05,1,2024-04-04,2024-04-05,48.53,48.71,0.17999999999999972,8.999999999999986,15.999999999999972,long
2024-04-08,1,2024-04-05,2024-04-08,49.05,49.06,0.010000000000005116,0.5000000000002558,-0.9999999999994884,long
2024-04-09,1,2024-04-08,2024-04-09,48.739999999999995,48.93,0.19000000000000483,9.500000000000242,17.000000000000483,long
2024-04-10,1,2024-04-09,2024-04-10,48.754999999999995,48.585,-0.1699999999999946,-8.49999999999973,-18.99999999999946,long
2024-04-11,1,2024-04-10,2024-04-11,48.905,49.04,0.134999999999998,6.7499999999999005,11.499999999999801,long
2024-04-12,1,2024-04-11,2024-04-12,48.87,49.230000000000004,0.36000000000000654,18.000000000000327,34.000000000000654,long
2024-04-15,1,2024-04-12,2024-04-15,48.074999999999996,48.285000000000004,0.21000000000000796,10.500000000000398,19.000000000000796,long
2024-04-16,1,2024-04-15,2024-04-16,47.625,47.515,-0.10999999999999943,-5.499999999999972,-12.999999999999943,long
2024-04-17,1,2024-04-16,2024-04-17,47.21,47.09,-0.11999999999999744,-5.999999999999872,-13.999999999999744,long
2024-04-18,1,2024-04-17,2024-04-18,47.074999999999996,47.175000000000004,0.10000000000000853,5.000000000000426,8.000000000000853,long
2024-04-19,1,2024-04-18,2024-04-19,46.93,46.945,0.015000000000000568,0.7500000000000284,-0.49999999999994316,long
2024-04-22,1,2024-04-19,2024-04-22,47.495,47.225,-0.269999999999996,-13.499999999999801,-28.999999999999602,long
2024-04-23,1,2024-04-22,2024-04-23,47.805,47.510000000000005,-0.2949999999999946,-14.74999999999973,-31.49999999999946,long
2024-04-24,1,2024-04-23,2024-04-24,48.07,47.75,-0.3200000000000003,-16.000000000000014,-34.00000000000003,long
2024-04-25,1,2024-04-24,2024-04-25,48.105,48.065000000000005,-0.03999999999999204,-1.999999999999602,-5.999999999999204,long
2024-04-26,1,2024-04-25,2024-04-26,48.324999999999996,47.910000000000004,-0.41499999999999204,-20.749999999999602,-43.499999999999204,long
2024-04-29,1,2024-04-26,2024-04-29,47.879999999999995,47.72,-0.1599999999999966,-7.9999999999998295,-17.99999999999966,long
2024-04-30,1,2024-04-29,2024-04-30,48.205,47.99,-0.2149999999999963,-10.749999999999815,-23.49999999999963,long
2024-05-01,1,2024-04-30,2024-05-01,46.769999999999996,46.68,-0.0899999999999963,-4.499999999999815,-10.99999999999963,long
2024-05-02,1,2024-05-01,2024-05-02,46.025,46.32,0.2950000000000017,14.750000000000085,27.50000000000017,long
2024-05-03,1,2024-05-02,2024-05-03,46.29,46.325,0.035000000000003695,1.7500000000001847,1.5000000000003695,long
2024-05-06,1,2024-05-03,2024-05-06,46.294999999999995,46.42,0.1250000000000071,6.250000000000355,10.50000000000071,long
2024-05-07,1,2024-05-06,2024-05-07,46.66,46.665,0.005000000000002558,0.2500000000001279,-1.4999999999997442,long
2024-05-08,1,2024-05-07,2024-05-08,46.614999999999995,46.34,-0.2749999999999915,-13.749999999999574,-29.499999999999147,long
2024-05-09,1,2024-05-08,2024-05-09,46.559999999999995,46.59,0.030000000000008242,1.5000000000004121,1.0000000000008242,long
2024-05-10,1,2024-05-09,2024-05-10,47.184999999999995,47.265,0.0800000000000054,4.00000000000027,6.00000000000054,long
2024-05-13,1,2024-05-10,2024-05-13,46.925,47.050000000000004,0.1250000000000071,6.250000000000355,10.50000000000071,long
2024-05-14,1,2024-05-13,2024-05-14,46.8,46.690000000000005,-0.10999999999999233,-5.499999999999616,-12.999999999999233,long
2024-05-15,1,2024-05-14,2024-05-15,46.86,46.7,-0.1599999999999966,-7.9999999999998295,-17.99999999999966,long
2024-05-16,1,2024-05-15,2024-05-16,46.964999999999996,46.84,-0.1249999999999929,-6.249999999999645,-14.49999999999929,long
2024-05-17,1,2024-05-16,2024-05-17,46.835,46.92,0.08500000000000085,4.250000000000043,6.500000000000085,long
2024-05-20,1,2024-05-17,2024-05-20,47.489999999999995,47.485,-0.0049999999999954525,-0.24999999999977263,-2.4999999999995453,long
2024-05-21,1,2024-05-20,2024-05-21,47.18,47.04,-0.14000000000000057,-7.000000000000028,-16.000000000000057,long
2024-05-22,1,2024-05-21,2024-05-22,46.949999999999996,46.74,-0.20999999999999375,-10.499999999999687,-22.999999999999375,long
2024-05-23,1,2024-05-22,2024-05-23,46.05,46.260000000000005,0.21000000000000796,10.500000000000398,19.000000000000796,long
2024-05-24,1,2024-05-23,2024-05-24,45.629999999999995,45.92,0.29000000000000625,14.500000000000313,27.000000000000625,long
2024-05-28,1,2024-05-24,2024-05-28,45.695,45.835,0.14000000000000057,7.000000000000028,12.000000000000057,long
2024-05-29,1,2024-05-28,2024-05-29,46.165,46.015,-0.14999999999999858,-7.499999999999929,-16.999999999999858,long
2024-05-30,1,2024-05-29,2024-05-30,45.35,45.225,-0.125,-6.25,-14.5,long
2024-05-31,1,2024-05-30,2024-05-31,45.48,45.54,0.060000000000002274,3.0000000000001137,4.000000000000227,long
2024-06-03,1,2024-05-31,2024-06-03,46.61,46.435,-0.17499999999999716,-8.749999999999858,-19.499999999999716,long
2024-06-04,1,2024-06-03,2024-06-04,45.39,44.9,-0.490000000000002,-24.5000000000001,-51.0000000000002,long
2024-06-05,1,2024-06-04,2024-06-05,44.955,44.99,0.035000000000003695,1.7500000000001847,1.5000000000003695,long
2024-06-06,1,2024-06-05,2024-06-06,44.949999999999996,44.775,-0.17499999999999716,-8.749999999999858,-19.499999999999716,long
2024-06-07,1,2024-06-06,2024-06-07,45.184999999999995,45.080000000000005,-0.10499999999998977,-5.249999999999488,-12.499999999998977,long
2024-06-10,1,2024-06-07,2024-06-10,45.004999999999995,45.155,0.15000000000000568,7.500000000000284,13.000000000000568,long
2024-06-11,1,2024-06-10,2024-06-11,45.345,45.125,-0.21999999999999886,-10.999999999999943,-23.999999999999886,long
2024-06-12,1,2024-06-11,2024-06-12,45.254999999999995,45.61,0.355000000000004,17.7500000000002,33.5000000000004,long
2024-06-13,1,2024-06-12,2024-06-13,44.769999999999996,44.64,-0.12999999999999545,-6.499999999999773,-14.999999999999545,long
2024-06-14,1,2024-06-13,2024-06-14,44.36,44.29,-0.07000000000000028,-3.500000000000014,-9.000000000000028,long
2024-06-17,1,2024-06-14,2024-06-17,44.03,43.95,-0.0799999999999983,-3.9999999999999147,-9.99999999999983,long
2024-06-18,1,2024-06-17,2024-06-18,44.144999999999996,44.39,0.24500000000000455,12.250000000000227,22.500000000000455,long
2024-06-20,1,2024-06-18,2024-06-20,44.33,44.440000000000005,0.11000000000000654,5.500000000000327,9.000000000000654,long
2024-06-21,1,2024-06-20,2024-06-21,45.144999999999996,45.245000000000005,0.10000000000000853,5.000000000000426,8.000000000000853,long
2024-06-24,1,2024-06-21,2024-06-24,44.885,44.755,-0.12999999999999545,-6.499999999999773,-14.999999999999545,long
2024-06-25,1,2024-06-24,2024-06-25,45.65,45.59,-0.05999999999999517,-2.9999999999997584,-7.999999999999517,long
2024-06-26,1,2024-06-25,2024-06-26,45.754999999999995,45.785000000000004,0.030000000000008242,1.5000000000004121,1.0000000000008242,long
2024-06-27,1,2024-06-26,2024-06-27,45.305,45.525,0.21999999999999886,10.999999999999943,19.999999999999886,long
2024-06-28,1,2024-06-27,2024-06-28,45.41,45.74,0.3300000000000054,16.50000000000027,31.00000000000054,long
2024-07-01,1,2024-06-28,2024-07-01,45.585,45.93,0.34499999999999886,17.249999999999943,32.499999999999886,long
2024-07-02,1,2024-07-01,2024-07-02,45.61,46.03,0.4200000000000017,21.000000000000085,40.00000000000017,long
2024-07-03,1,2024-07-02,2024-07-03,45.574999999999996,45.550000000000004,-0.024999999999991473,-1.2499999999995737,-4.499999999999147,long
2024-07-05,1,2024-07-03,2024-07-05,45.775,45.665,-0.10999999999999943,-5.499999999999972,-12.999999999999943,long
2024-07-08,1,2024-07-05,2024-07-08,45.059999999999995,44.715,-0.34499999999999176,-17.249999999999588,-36.499999999999176,long
2024-07-09,1,2024-07-08,2024-07-09,44.785,44.345,-0.4399999999999977,-21.999999999999886,-45.99999999999977,long
2024-07-10,1,2024-07-09,2024-07-10,44.39,44.32,-0.07000000000000028,-3.500000000000014,-9.000000000000028,long
2024-07-11,1,2024-07-10,2024-07-11,44.69,44.555,-0.134999999999998,-6.7499999999999005,-15.499999999999801,long
2024-07-12,1,2024-07-11,2024-07-12,45.155,45.4,0.24499999999999744,12.249999999999872,22.499999999999744,long
2024-07-15,1,2024-07-12,2024-07-15,45.269999999999996,45.57,0.30000000000000426,15.000000000000213,28.000000000000426,long
2024-07-16,1,2024-07-15,2024-07-16,45.955,45.74,-0.2149999999999963,-10.749999999999815,-23.49999999999963,long
2024-07-17,1,2024-07-16,2024-07-17,46.16,46.215,0.05500000000000682,2.750000000000341,3.500000000000682,long
2024-07-18,1,2024-07-17,2024-07-18,46.62,46.550000000000004,-0.06999999999999318,-3.499999999999659,-8.999999999999318,long
2024-07-19,1,2024-07-18,2024-07-19,46.705,46.61,-0.09499999999999886,-4.749999999999943,-11.499999999999886,long
2024-07-22,1,2024-07-19,2024-07-22,46.195,45.93,-0.26500000000000057,-13.250000000000028,-28.500000000000057,long
2024-07-23,1,2024-07-22,2024-07-23,45.905,45.715,-0.18999999999999773,-9.499999999999886,-20.999999999999773,long
2024-07-24,1,2024-07-23,2024-07-24,45.175,45.275,0.10000000000000142,5.000000000000071,8.000000000000142,long
2024-07-25,1,2024-07-24,2024-07-25,45.18,45.190000000000005,0.010000000000005116,0.5000000000002558,-0.9999999999994884,long
2024-07-26,1,2024-07-25,2024-07-26,45.96,45.82,-0.14000000000000057,-7.000000000000028,-16.000000000000057,long
2024-07-29,1,2024-07-26,2024-07-29,46.105,46.09,-0.014999999999993463,-0.7499999999996732,-3.4999999999993463,long
2024-07-30,1,2024-07-29,2024-07-30,45.71,45.665,-0.045000000000001705,-2.2500000000000853,-6.5000000000001705,long
2024-07-31,1,2024-07-30,2024-07-31,46.419999999999995,47.03,0.6100000000000065,30.500000000000327,59.000000000000654,long
2024-08-01,1,2024-07-31,2024-08-01,46.614999999999995,46.49,-0.1249999999999929,-6.249999999999645,-14.49999999999929,long
2024-08-02,1,2024-08-01,2024-08-02,45.379999999999995,44.855000000000004,-0.5249999999999915,-26.249999999999574,-54.49999999999915,long
2024-08-05,1,2024-08-02,2024-08-05,44.21,43.24,-0.9699999999999989,-48.49999999999994,-98.99999999999989,long
2024-08-06,1,2024-08-05,2024-08-06,43.235,43.375,0.14000000000000057,7.000000000000028,12.000000000000057,long
2024-08-07,1,2024-08-06,2024-08-07,43.5,44.010000000000005,0.5100000000000051,25.500000000000256,49.00000000000051,long
2024-08-08,1,2024-08-07,2024-08-08,43.675,43.78,0.10500000000000398,5.250000000000199,8.500000000000398,long
2024-08-09,1,2024-08-08,2024-08-09,44.614999999999995,44.535000000000004,-0.07999999999999119,-3.9999999999995595,-9.999999999999119,long
2024-08-12,1,2024-08-09,2024-08-12,44.714999999999996,44.955000000000005,0.2400000000000091,12.000000000000455,22.00000000000091,long
2024-08-13,1,2024-08-12,2024-08-13,44.934999999999995,44.575,-0.3599999999999923,-17.999999999999616,-37.99999999999923,long
2024-08-14,1,2024-08-13,2024-08-14,44.5,44.565000000000005,0.06500000000000483,3.2500000000002416,4.500000000000483,long
2024-08-15,1,2024-08-14,2024-08-15,44.76,44.995000000000005,0.23500000000000654,11.750000000000327,21.500000000000654,long
2024-08-16,1,2024-08-15,2024-08-16,45.294999999999995,44.995000000000005,-0.29999999999999005,-14.999999999999503,-31.999999999999005,long
2024-08-19,1,2024-08-16,2024-08-19,45.245,45.29,0.045000000000001705,2.2500000000000853,2.5000000000001705,long
2024-08-20,1,2024-08-19,2024-08-20,45.55,45.43,-0.11999999999999744,-5.999999999999872,-13.999999999999744,long
2024-08-21,1,2024-08-20,2024-08-21,44.35,44.61,0.259999999999998,12.9999999999999,23.9999999999998,long
2024-08-22,1,2024-08-21,2024-08-22,44.425,44.435,0.010000000000005116,0.5000000000002558,-0.9999999999994884,long
2024-08-23,1,2024-08-22,2024-08-23,44.54,44.730000000000004,0.19000000000000483,9.500000000000242,17.000000000000483,long
2024-08-26,1,2024-08-23,2024-08-26,45.205,45.7,0.49500000000000455,24.750000000000227,47.500000000000455,long
2024-08-27,1,2024-08-26,2024-08-27,45.61,45.59,-0.01999999999999602,-0.999999999999801,-3.999999999999602,long
2024-08-28,1,2024-08-27,2024-08-28,45.184999999999995,44.89,-0.2949999999999946,-14.74999999999973,-31.49999999999946,long
2024-08-29,1,2024-08-28,2024-08-29,44.894999999999996,45.14,0.24500000000000455,12.250000000000227,22.500000000000455,long
2024-08-30,1,2024-08-29,2024-08-30,45.48,45.010000000000005,-0.46999999999999176,-23.499999999999588,-48.999999999999176,long
2024-09-03,1,2024-08-30,2024-09-03,45.65,44.885000000000005,-0.7649999999999935,-38.24999999999967,-78.49999999999935,long
2024-09-04,1,2024-09-03,2024-09-04,44.515,44.550000000000004,0.035000000000003695,1.7500000000001847,1.5000000000003695,long
2024-09-05,1,2024-09-04,2024-09-05,43.9,44.205000000000005,0.3050000000000068,15.250000000000341,28.500000000000682,long
2024-09-06,1,2024-09-05,2024-09-06,43.559999999999995,43.635000000000005,0.07500000000000995,3.7500000000004974,5.500000000000995,long
2024-09-09,1,2024-09-06,2024-09-09,43.015,43.125,0.10999999999999943,5.499999999999972,8.999999999999943,long
2024-09-10,1,2024-09-09,2024-09-10,43.324999999999996,43.35,0.025000000000005684,1.2500000000002842,0.5000000000005684,long
2024-09-11,1,2024-09-10,2024-09-11,42.58,42.49,-0.0899999999999963,-4.499999999999815,-10.99999999999963,long
2024-09-12,1,2024-09-11,2024-09-12,42.184999999999995,42.330000000000005,0.14500000000001023,7.250000000000512,12.500000000001023,long
2024-09-13,1,2024-09-12,2024-09-13,42.565,42.760000000000005,0.1950000000000074,9.75000000000037,17.50000000000074,long
2024-09-16,1,2024-09-13,2024-09-16,42.805,43.190000000000005,0.3850000000000051,19.250000000000256,36.50000000000051,long
2024-09-17,1,2024-09-16,2024-09-17,43.294999999999995,43.29,-0.0049999999999954525,-0.24999999999977263,-2.4999999999995453,long
2024-09-18,1,2024-09-17,2024-09-18,43.879999999999995,43.835,-0.0449999999999946,-2.24999999999973,-6.49999999999946,long
2024-09-19,1,2024-09-18,2024-09-19,43.964999999999996,44.690000000000005,0.7250000000000085,36.250000000000426,70.50000000000085,long
2024-09-20,1,2024-09-19,2024-09-20,44.489999999999995,44.285000000000004,-0.2049999999999912,-10.24999999999956,-22.49999999999912,long
2024-09-23,1,2024-09-20,2024-09-23,44.39,44.09,-0.29999999999999716,-14.999999999999858,-31.999999999999716,long
2024-09-24,1,2024-09-23,2024-09-24,44.57,45.06,0.490000000000002,24.5000000000001,47.0000000000002,long
2024-09-25,1,2024-09-24,2024-09-25,44.46,44.325,-0.134999999999998,-6.7499999999999005,-15.499999999999801,long
2024-09-26,1,2024-09-25,2024-09-26,43.589999999999996,42.6,-0.9899999999999949,-49.499999999999744,-100.99999999999949,long
2024-09-27,1,2024-09-26,2024-09-27,42.735,42.865,0.13000000000000256,6.500000000000128,11.000000000000256,long
2024-09-30,1,2024-09-27,2024-09-30,43.605,43.505,-0.09999999999999432,-4.999999999999716,-11.999999999999432,long
2024-10-01,1,2024-09-30,2024-10-01,43.91,43.510000000000005,-0.3999999999999915,-19.999999999999574,-41.99999999999915,long
2024-10-02,1,2024-10-01,2024-10-02,44.91,45.52,0.6100000000000065,30.500000000000327,59.000000000000654,long
2024-10-03,1,2024-10-02,2024-10-03,45.37,45.510000000000005,0.14000000000000767,7.000000000000384,12.000000000000767,long
2024-10-04,1,2024-10-03,2024-10-04,46.169999999999995,46.54,0.37000000000000455,18.500000000000227,35.000000000000455,long
2024-10-07,1,2024-10-04,2024-10-07,46.6,46.745000000000005,0.14500000000000313,7.250000000000156,12.500000000000313,long
2024-10-08,1,2024-10-07,2024-10-08,46.765,46.275,-0.490000000000002,-24.5000000000001,-51.0000000000002,long
2024-10-09,1,2024-10-08,2024-10-09,45.544999999999995,45.185,-0.3599999999999923,-17.999999999999616,-37.99999999999923,long
2024-10-10,1,2024-10-09,2024-10-10,45.82,46.050000000000004,0.23000000000000398,11.500000000000199,21.000000000000398,long
2024-10-11,1,2024-10-10,2024-10-11,46.129999999999995,46.105000000000004,-0.024999999999991473,-1.2499999999995737,-4.499999999999147,long
2024-10-14,1,2024-10-11,2024-10-14,46.415,46.07,-0.34499999999999886,-17.249999999999943,-36.499999999999886,long
2024-10-15,1,2024-10-14,2024-10-15,46.394999999999996,45.14,-1.2549999999999955,-62.74999999999977,-127.49999999999955,long
2024-10-16,1,2024-10-15,2024-10-16,44.9,45.135000000000005,0.23500000000000654,11.750000000000327,21.500000000000654,long
2024-10-17,1,2024-10-16,2024-10-17,45.114999999999995,45.09,-0.024999999999991473,-1.2499999999995737,-4.499999999999147,long
2024-10-18,1,2024-10-17,2024-10-18,45.33,45.27,-0.05999999999999517,-2.9999999999997584,-7.999999999999517,long
2024-10-21,1,2024-10-18,2024-10-21,45.18,45.49,0.3100000000000023,15.500000000000114,29.000000000000227,long
2024-10-22,1,2024-10-21,2024-10-22,45.044999999999995,45.190000000000005,0.14500000000001023,7.250000000000512,12.500000000001023,long
2024-10-23,1,2024-10-22,2024-10-23,45.15,45.005,-0.14499999999999602,-7.249999999999801,-16.499999999999602,long
2024-10-24,1,2024-10-23,2024-10-24,44.915,44.99,0.07500000000000284,3.750000000000142,5.500000000000284,long
2024-10-25,1,2024-10-24,2024-10-25,44.91,45.145,0.23500000000000654,11.750000000000327,21.500000000000654,long
2024-10-28,1,2024-10-25,2024-10-28,44.894999999999996,43.92,-0.9749999999999943,-48.749999999999716,-99.49999999999943,long
2024-10-29,1,2024-10-28,2024-10-29,44.61,44.49,-0.11999999999999744,-5.999999999999872,-13.999999999999744,long
2024-10-30,1,2024-10-29,2024-10-30,43.93,44.065000000000005,0.13500000000000512,6.750000000000256,11.500000000000512,long
2024-10-31,1,2024-10-30,2024-10-31,44.03,44.29,0.259999999999998,12.9999999999999,23.9999999999998,long
2024-11-01,1,2024-10-31,2024-11-01,44.305,44.885000000000005,0.5800000000000054,29.00000000000027,56.00000000000054,long
2024-11-04,1,2024-11-01,2024-11-04,44.025,44.305,0.28000000000000114,14.000000000000057,26.000000000000114,long
2024-11-05,1,2024-11-04,2024-11-05,44.794999999999995,44.995000000000005,0.20000000000000995,10.000000000000497,18.000000000000995,long
2024-11-06,1,2024-11-05,2024-11-06,45.095,46.305,1.2100000000000009,60.50000000000004,119.00000000000009,long
2024-11-07,1,2024-11-06,2024-11-07,46.79,46.74,-0.04999999999999716,-2.499999999999858,-6.999999999999716,long
2024-11-08,1,2024-11-07,2024-11-08,46.574999999999996,46.56,-0.014999999999993463,-0.7499999999996732,-3.4999999999993463,long
2024-11-11,1,2024-11-08,2024-11-11,46.885,46.875,-0.00999999999999801,-0.4999999999999005,-2.999999999999801,long
2024-11-12,1,2024-11-11,2024-11-12,47.15,47.265,0.11500000000000199,5.7500000000000995,9.500000000000199,long
2024-11-13,1,2024-11-12,2024-11-13,46.9,46.945,0.045000000000001705,2.2500000000000853,2.5000000000001705,long
2024-11-14,1,2024-11-13,2024-11-14,47.265,47.56,0.2950000000000017,14.750000000000085,27.50000000000017,long
2024-11-15,1,2024-11-14,2024-11-15,47.445,47.38,-0.06499999999999773,-3.2499999999998863,-8.499999999999773,long
2024-11-18,1,2024-11-15,2024-11-18,47.375,47.705000000000005,0.3300000000000054,16.50000000000027,31.00000000000054,long
2024-11-19,1,2024-11-18,2024-11-19,48.004999999999995,47.6,-0.40499999999999403,-20.2499999999997,-42.4999999999994,long
2024-11-20,1,2024-11-19,2024-11-20,47.699999999999996,47.855000000000004,0.15500000000000824,7.750000000000412,13.500000000000824,long
2024-11-21,1,2024-11-20,2024-11-21,48.18,48.38,0.20000000000000284,10.000000000000142,18.000000000000284,long
2024-11-22,1,2024-11-21,2024-11-22,48.57,48.485,-0.08500000000000085,-4.250000000000043,-10.500000000000085,long
2024-11-25,1,2024-11-22,2024-11-25,48.644999999999996,48.615,-0.02999999999999403,-1.4999999999997016,-4.999999999999403,long
2024-11-26,1,2024-11-25,2024-11-26,47.684999999999995,47.730000000000004,0.04500000000000881,2.2500000000004405,2.500000000000881,long
2024-11-27,1,2024-11-26,2024-11-27,47.62,47.59,-0.02999999999999403,-1.4999999999997016,-4.999999999999403,long
2024-11-29,1,2024-11-27,2024-11-29,47.57,47.655,0.08500000000000085,4.250000000000043,6.500000000000085,long
2024-12-02,1,2024-11-29,2024-12-02,47.775,47.74,-0.03499999999999659,-1.7499999999998295,-5.499999999999659,long
2024-12-03,1,2024-12-02,2024-12-03,47.269999999999996,47.54,0.2700000000000031,13.500000000000156,25.000000000000313,long
2024-12-04,1,2024-12-03,2024-12-04,47.265,47.165,-0.10000000000000142,-5.000000000000071,-12.000000000000142,long
2024-12-05,1,2024-12-04,2024-12-05,46.125,46.275,0.14999999999999858,7.499999999999929,12.999999999999858,long
2024-12-06,1,2024-12-05,2024-12-06,46.305,46.175000000000004,-0.12999999999999545,-6.499999999999773,-14.999999999999545,long
2024-12-09,1,2024-12-06,2024-12-09,45.519999999999996,45.865,0.34500000000000597,17.2500000000003,32.5000000000006,long
2024-12-10,1,2024-12-09,2024-12-10,45.445,45.685,0.240000000000002,12.0000000000001,22.0000000000002,long
2024-12-11,1,2024-12-10,2024-12-11,45.135,45.190000000000005,0.05500000000000682,2.750000000000341,3.500000000000682,long
2024-12-12,1,2024-12-11,2024-12-12,45.21,45.09,-0.11999999999999744,-5.999999999999872,-13.999999999999744,long
2024-12-13,1,2024-12-12,2024-12-13,44.845,44.935,0.09000000000000341,4.5000000000001705,7.000000000000341,long
2024-12-16,1,2024-12-13,2024-12-16,44.62,44.445,-0.17499999999999716,-8.749999999999858,-19.499999999999716,long
2024-12-17,1,2024-12-16,2024-12-17,43.64,43.29,-0.3500000000000014,-17.50000000000007,-37.00000000000014,long
2024-12-18,1,2024-12-17,2024-12-18,43.315,43.175000000000004,-0.13999999999999346,-6.999999999999673,-15.999999999999346,long
2024-12-19,1,2024-12-18,2024-12-19,42.035,42.46,0.42500000000000426,21.250000000000213,40.500000000000426,long
2024-12-20,1,2024-12-19,2024-12-20,41.669999999999995,41.645,-0.024999999999991473,-1.2499999999995737,-4.499999999999147,long
2024-12-23,1,2024-12-20,2024-12-23,42.08,41.645,-0.43499999999999517,-21.74999999999976,-45.49999999999952,long
2024-12-24,1,2024-12-23,2024-12-24,41.975,42.075,0.10000000000000142,5.000000000000071,8.000000000000142,long
2024-12-26,1,2024-12-24,2024-12-26,42.33,42.295,-0.03499999999999659,-1.7499999999998295,-5.499999999999659,long
2024-12-27,1,2024-12-26,2024-12-27,42.294999999999995,42.24,-0.05499999999999261,-2.7499999999996305,-7.499999999999261,long
2024-12-30,1,2024-12-27,2024-12-30,42.29,42.29,0.0,0.0,-2.0,long
2024-12-31,1,2024-12-30,2024-12-31,42.285,42.365,0.0800000000000054,4.00000000000027,6.00000000000054,long
2025-01-02,1,2024-12-31,2025-01-02,42.839999999999996,43.17,0.3300000000000054,16.50000000000027,31.00000000000054,long
2025-01-03,1,2025-01-02,2025-01-03,43.339999999999996,43.6,0.2600000000000051,13.000000000000256,24.00000000000051,long
2025-01-06,1,2025-01-03,2025-01-06,43.745,43.910000000000004,0.16500000000000625,8.250000000000313,14.500000000000625,long
2025-01-07,1,2025-01-06,2025-01-07,43.544999999999995,43.845,0.30000000000000426,15.000000000000213,28.000000000000426,long
2025-01-08,1,2025-01-07,2025-01-08,43.98,43.690000000000005,-0.28999999999999204,-14.499999999999602,-30.999999999999204,long
2025-01-10,1,2025-01-08,2025-01-10,44.025,44.575,0.5500000000000043,27.500000000000213,53.000000000000426,long
2025-01-13,1,2025-01-10,2025-01-13,44.205,44.385000000000005,0.18000000000000682,9.000000000000341,16.000000000000682,long
2025-01-14,1,2025-01-13,2025-01-14,45.135,45.035000000000004,-0.09999999999999432,-4.999999999999716,-11.999999999999432,long
2025-01-15,1,2025-01-14,2025-01-15,45.62,45.845,0.22500000000000142,11.250000000000071,20.500000000000142,long
2025-01-16,1,2025-01-15,2025-01-16,46.294999999999995,46.120000000000005,-0.17499999999999005,-8.749999999999503,-19.499999999999005,long
2025-01-17,1,2025-01-16,2025-01-17,46.629999999999995,46.53,-0.09999999999999432,-4.999999999999716,-11.999999999999432,long
2025-01-21,1,2025-01-17,2025-01-21,46.989999999999995,46.88,-0.10999999999999233,-5.499999999999616,-12.999999999999233,long
2025-01-22,1,2025-01-21,2025-01-22,46.75,46.585,-0.16499999999999915,-8.249999999999957,-18.499999999999915,long
2025-01-23,1,2025-01-22,2025-01-23,45.9,46.255,0.355000000000004,17.7500000000002,33.5000000000004,long
2025-01-24,1,2025-01-23,2025-01-24,46.11,46.15,0.03999999999999915,1.9999999999999574,1.9999999999999147,long
2025-01-27,1,2025-01-24,2025-01-27,45.665,45.49,-0.17499999999999716,-8.749999999999858,-19.499999999999716,long
2025-01-28,1,2025-01-27,2025-01-28,45.19,45.305,0.11500000000000199,5.7500000000000995,9.500000000000199,long
2025-01-29,1,2025-01-28,2025-01-29,44.76,44.63,-0.12999999999999545,-6.499999999999773,-14.999999999999545,long
2025-01-30,1,2025-01-29,2025-01-30,44.86,45.115,0.25500000000000256,12.750000000000128,23.500000000000256,long
2025-01-31,1,2025-01-30,2025-01-31,45.089999999999996,44.945,-0.14499999999999602,-7.249999999999801,-16.499999999999602,long
2025-02-03,1,2025-01-31,2025-02-03,43.83,43.805,-0.02499999999999858,-1.249999999999929,-4.499999999999858,long
2025-02-04,1,2025-02-03,2025-02-04,44.105,43.88,-0.22499999999999432,-11.249999999999716,-24.49999999999943,long
2025-02-05,1,2025-02-04,2025-02-05,45.03,44.995000000000005,-0.03499999999999659,-1.7499999999998295,-5.499999999999659,long
2025-02-06,1,2025-02-05,2025-02-06,45.125,45.330000000000005,0.2050000000000054,10.25000000000027,18.50000000000054,long
2025-02-07,1,2025-02-06,2025-02-07,44.294999999999995,44.440000000000005,0.14500000000001023,7.250000000000512,12.500000000001023,long
2025-02-10,1,2025-02-07,2025-02-10,44.29,44.665,0.375,18.75,35.5,long
2025-02-11,1,2025-02-10,2025-02-11,45.265,45.46,0.19500000000000028,9.750000000000014,17.50000000000003,long
2025-02-12,1,2025-02-11,2025-02-12,45.629999999999995,45.235,-0.394999999999996,-19.7499999999998,-41.4999999999996,long
2025-02-13,1,2025-02-12,2025-02-13,44.53,44.440000000000005,-0.0899999999999963,-4.499999999999815,-10.99999999999963,long
2025-02-14,1,2025-02-13,2025-02-14,44.864999999999995,45.080000000000005,0.21500000000001052,10.750000000000526,19.50000000000105,long
2025-02-18,1,2025-02-14,2025-02-18,45.044999999999995,45.24,0.1950000000000074,9.75000000000037,17.50000000000074,long
2025-02-19,1,2025-02-18,2025-02-19,45.66,45.84,0.18000000000000682,9.000000000000341,16.000000000000682,long
2025-02-20,1,2025-02-19,2025-02-20,46.019999999999996,45.905,-0.11499999999999488,-5.749999999999744,-13.499999999999488,long
2025-02-21,1,2025-02-20,2025-02-21,46.44,46.14,-0.29999999999999716,-14.999999999999858,-31.999999999999716,long
2025-02-24,1,2025-02-21,2025-02-24,45.475,45.535000000000004,0.060000000000002274,3.0000000000001137,4.000000000000227,long
2025-02-25,1,2025-02-24,2025-02-25,45.485,45.455000000000005,-0.02999999999999403,-1.4999999999997016,-4.999999999999403,long
2025-02-26,1,2025-02-25,2025-02-26,44.83,44.865,0.035000000000003695,1.7500000000001847,1.5000000000003695,long
2025-02-27,1,2025-02-26,2025-02-27,44.574999999999996,44.865,0.29000000000000625,14.500000000000313,27.000000000000625,long
2025-02-28,1,2025-02-27,2025-02-28,44.815,44.655,-0.1599999999999966,-7.9999999999998295,-17.99999999999966,long
2025-03-03,1,2025-02-28,2025-03-03,45.51,45.665,0.15500000000000114,7.750000000000057,13.500000000000114,long
2025-03-04,1,2025-03-03,2025-03-04,43.919999999999995,43.245000000000005,-0.67499999999999,-33.7499999999995,-69.499999999999,long
2025-03-05,1,2025-03-04,2025-03-05,43.495,42.925000000000004,-0.5699999999999932,-28.49999999999966,-58.99999999999932,long
2025-03-06,1,2025-03-05,2025-03-06,42.86,42.635000000000005,-0.22499999999999432,-11.249999999999716,-24.49999999999943,long
2025-03-07,1,2025-03-06,2025-03-07,42.989999999999995,43.165,0.17500000000000426,8.750000000000213,15.500000000000426,long
2025-03-10,1,2025-03-07,2025-03-10,43.725,43.905,0.17999999999999972,8.999999999999986,15.999999999999972,long
2025-03-11,1,2025-03-10,2025-03-11,44.05,44.21,0.1600000000000037,8.000000000000185,14.00000000000037,long
2025-03-12,1,2025-03-11,2025-03-12,43.699999999999996,43.865,0.16500000000000625,8.250000000000313,14.500000000000625,long
2025-03-13,1,2025-03-12,2025-03-13,43.9,43.725,-0.17499999999999716,-8.749999999999858,-19.499999999999716,long
2025-03-14,1,2025-03-13,2025-03-14,43.6,43.82,0.21999999999999886,10.999999999999943,19.999999999999886,long
2025-03-17,1,2025-03-14,2025-03-17,44.89,44.88,-0.00999999999999801,-0.4999999999999005,-2.999999999999801,long
2025-03-18,1,2025-03-17,2025-03-18,45.605,45.885000000000005,0.28000000000000824,14.000000000000412,26.000000000000824,long
2025-03-19,1,2025-03-18,2025-03-19,45.68,45.72,0.03999999999999915,1.9999999999999574,1.9999999999999147,long
2025-03-20,1,2025-03-19,2025-03-20,46.425,46.15,-0.2749999999999986,-13.749999999999929,-29.499999999999858,long
2025-03-21,1,2025-03-20,2025-03-21,46.595,46.445,-0.14999999999999858,-7.499999999999929,-16.999999999999858,long
2025-03-24,1,2025-03-21,2025-03-24,46.269999999999996,46.1,-0.1699999999999946,-8.49999999999973,-18.99999999999946,long
2025-03-25,1,2025-03-24,2025-03-25,46.434999999999995,46.635000000000005,0.20000000000000995,10.000000000000497,18.000000000000995,long
2025-03-26,1,2025-03-25,2025-03-26,46.625,47.035000000000004,0.4100000000000037,20.500000000000185,39.00000000000037,long
2025-03-27,1,2025-03-26,2025-03-27,46.9,46.74,-0.1599999999999966,-7.9999999999998295,-17.99999999999966,long
2025-03-28,1,2025-03-27,2025-03-28,46.445,46.4,-0.045000000000001705,-2.2500000000000853,-6.5000000000001705,long
2025-03-31,1,2025-03-28,2025-03-31,46.225,46.105000000000004,-0.11999999999999744,-5.999999999999872,-13.999999999999744,long
2025-04-01,1,2025-03-31,2025-04-01,46.735,46.67,-0.06499999999999773,-3.2499999999998863,-8.499999999999773,long
2025-04-02,1,2025-04-01,2025-04-02,47.01,46.59,-0.4199999999999946,-20.99999999999973,-43.99999999999946,long
2025-04-03,1,2025-04-02,2025-04-03,47.074999999999996,44.940000000000005,-2.134999999999991,-106.74999999999955,-215.4999999999991,long
2025-04-04,1,2025-04-03,2025-04-04,43.379999999999995,41.815000000000005,-1.5649999999999906,-78.24999999999953,-158.49999999999906,long
2025-04-07,1,2025-04-04,2025-04-07,39.39,38.095,-1.2950000000000017,-64.75000000000009,-131.50000000000017,long
2025-04-08,1,2025-04-07,2025-04-08,39.135,40.365,1.230000000000004,61.5000000000002,121.0000000000004,long
2025-04-09,1,2025-04-08,2025-04-09,38.23,37.465,-0.7649999999999935,-38.24999999999967,-78.49999999999935,long
2025-04-10,1,2025-04-09,2025-04-10,41.19,40.095,-1.0949999999999989,-54.74999999999994,-111.49999999999989,long
2025-04-11,1,2025-04-10,2025-04-11,38.5,38.660000000000004,0.1600000000000037,8.000000000000185,14.00000000000037,long
2025-04-14,1,2025-04-11,2025-04-14,39.455,40.370000000000005,0.9150000000000063,45.75000000000031,89.50000000000063,long
2025-04-15,1,2025-04-14,2025-04-15,39.595,39.54,-0.054999999999999716,-2.749999999999986,-7.499999999999972,long
2025-04-16,1,2025-04-15,2025-04-16,39.535,39.805,0.2700000000000031,13.500000000000156,25.000000000000313,long
2025-04-17,1,2025-04-16,2025-04-17,39.86,40.165,0.3049999999999997,15.249999999999986,28.49999999999997,long
2025-04-21,1,2025-04-17,2025-04-21,40.76,40.155,-0.6049999999999969,-30.249999999999844,-62.49999999999969,long
2025-04-22,1,2025-04-21,2025-04-22,39.695,40.195,0.5,25.0,48.0,long
2025-04-23,1,2025-04-22,2025-04-23,40.705,41.04,0.33500000000000085,16.750000000000043,31.500000000000085,long
2025-04-24,1,2025-04-23,2025-04-24,40.629999999999995,40.99,0.36000000000000654,18.000000000000327,34.000000000000654,long
2025-04-25,1,2025-04-24,2025-04-25,41.28,40.89,-0.39000000000000057,-19.50000000000003,-41.00000000000006,long
2025-04-28,1,2025-04-25,2025-04-28,41.205,41.14,-0.06499999999999773,-3.2499999999998863,-8.499999999999773,long
2025-04-29,1,2025-04-28,2025-04-29,41.495,41.010000000000005,-0.4849999999999923,-24.249999999999616,-50.49999999999923,long
2025-04-30,1,2025-04-29,2025-04-30,41.375,40.690000000000005,-0.6849999999999952,-34.24999999999976,-70.49999999999952,long
2025-05-01,1,2025-04-30,2025-05-01,40.26,39.910000000000004,-0.3499999999999943,-17.499999999999716,-36.99999999999943,long
2025-05-02,1,2025-05-01,2025-05-02,40.41,40.88,0.47000000000000597,23.5000000000003,45.0000000000006,long
2025-05-05,1,2025-05-02,2025-05-05,41.0,40.485,-0.5150000000000006,-25.75000000000003,-53.50000000000006,long
2025-05-06,1,2025-05-05,2025-05-06,40.26,40.42,0.1600000000000037,8.000000000000185,14.00000000000037,long
2025-05-07,1,2025-05-06,2025-05-07,40.269999999999996,40.39,0.12000000000000455,6.000000000000227,10.000000000000455,long
2025-05-08,1,2025-05-07,2025-05-08,40.285,40.635000000000005,0.3500000000000085,17.500000000000426,33.00000000000085,long
2025-05-09,1,2025-05-08,2025-05-09,40.815,41.35,0.5350000000000037,26.750000000000185,51.50000000000037,long
2025-05-12,1,2025-05-09,2025-05-12,41.225,42.78,1.5549999999999997,77.74999999999999,153.49999999999997,long
2025-05-13,1,2025-05-12,2025-05-13,42.3,42.49,0.19000000000000483,9.500000000000242,17.000000000000483,long
2025-05-14,1,2025-05-13,2025-05-14,42.894999999999996,42.59,-0.3049999999999926,-15.24999999999963,-32.49999999999926,long
2025-05-15,1,2025-05-14,2025-05-15,42.635,42.075,-0.5599999999999952,-27.99999999999976,-57.99999999999952,long
2025-05-16,1,2025-05-15,2025-05-16,42.815,42.835,0.020000000000003126,1.0000000000001563,3.126388037344441e-13,long
2025-05-19,1,2025-05-16,2025-05-19,42.75,42.375,-0.375,-18.75,-39.5,long
2025-05-20,1,2025-05-19,2025-05-20,42.195,42.145,-0.04999999999999716,-2.499999999999858,-6.999999999999716,long
2025-05-21,1,2025-05-20,2025-05-21,41.805,41.525,-0.28000000000000114,-14.000000000000057,-30.000000000000114,long
2025-05-22,1,2025-05-21,2025-05-22,41.035,40.800000000000004,-0.23499999999999233,-11.749999999999616,-25.499999999999233,long
2025-05-23,1,2025-05-22,2025-05-23,40.875,40.495000000000005,-0.37999999999999545,-18.999999999999773,-39.999999999999545,long
2025-05-27,1,2025-05-23,2025-05-27,41.004999999999995,41.27,0.2650000000000077,13.250000000000384,24.500000000000767,long
2025-05-28,1,2025-05-27,2025-05-28,41.36,41.54,0.17999999999999972,8.999999999999986,15.999999999999972,long
2025-05-29,1,2025-05-28,2025-05-29,40.835,40.86,0.02499999999999858,1.249999999999929,0.4999999999998579,long
2025-05-30,1,2025-05-29,2025-05-30,41.14,40.85,-0.28999999999999915,-14.499999999999957,-30.999999999999915,long
2025-06-02,1,2025-05-30,2025-06-02,40.775,41.5,0.7250000000000014,36.25000000000007,70.50000000000014,long
2025-06-03,1,2025-06-02,2025-06-03,41.309999999999995,41.31,7.105427357601002e-15,3.552713678800501e-13,-1.9999999999992895,long
2025-06-04,1,2025-06-03,2025-06-04,41.8,41.760000000000005,-0.03999999999999204,-1.999999999999602,-5.999999999999204,long
2025-06-05,1,2025-06-04,2025-06-05,40.985,41.275,0.28999999999999915,14.499999999999957,26.999999999999915,long
2025-06-06,1,2025-06-05,2025-06-06,40.945,41.370000000000005,0.42500000000000426,21.250000000000213,40.500000000000426,long
2025-06-09,1,2025-06-06,2025-06-09,41.714999999999996,41.86,0.14500000000000313,7.250000000000156,12.500000000000313,long
2025-06-10,1,2025-06-09,2025-06-10,41.794999999999995,42.22,0.42500000000000426,21.250000000000213,40.500000000000426,long
2025-06-11,1,2025-06-10,2025-06-11,42.54,42.81,0.2700000000000031,13.500000000000156,25.000000000000313,long
2025-06-12,1,2025-06-11,2025-06-12,43.155,42.935,-0.21999999999999886,-10.999999999999943,-23.999999999999886,long
2025-06-13,1,2025-06-12,2025-06-13,43.305,44.07,0.7650000000000006,38.25000000000003,74.50000000000006,long
2025-06-16,1,2025-06-13,2025-06-16,44.059999999999995,43.955000000000005,-0.10499999999998977,-5.249999999999488,-12.499999999998977,long
2025-06-17,1,2025-06-16,2025-06-17,43.93,44.355000000000004,0.42500000000000426,21.250000000000213,40.500000000000426,long
2025-06-18,1,2025-06-17,2025-06-18,44.339999999999996,44.480000000000004,0.14000000000000767,7.000000000000384,12.000000000000767,long
2025-06-20,1,2025-06-18,2025-06-20,44.05,44.205000000000005,0.15500000000000824,7.750000000000412,13.500000000000824,long
2025-06-23,1,2025-06-20,2025-06-23,44.5,44.71,0.21000000000000085,10.500000000000043,19.000000000000085,long
2025-06-24,1,2025-06-23,2025-06-24,43.025,42.27,-0.7549999999999955,-37.74999999999977,-77.49999999999955,long
2025-06-25,1,2025-06-24,2025-06-25,42.464999999999996,42.39,-0.07499999999999574,-3.749999999999787,-9.499999999999574,long
2025-06-26,1,2025-06-25,2025-06-26,42.28,42.355000000000004,0.07500000000000284,3.750000000000142,5.500000000000284,long
2025-06-27,1,2025-06-26,2025-06-27,42.885,42.84,-0.0449999999999946,-2.24999999999973,-6.49999999999946,long
2025-06-30,1,2025-06-27,2025-06-30,42.66,42.475,-0.18499999999999517,-9.249999999999758,-20.499999999999517,long
2025-07-01,1,2025-06-30,2025-07-01,42.415,42.455000000000005,0.04000000000000625,2.0000000000003126,2.0000000000006253,long
2025-07-02,1,2025-07-01,2025-07-02,42.739999999999995,43.09,0.3500000000000085,17.500000000000426,33.00000000000085,long
2025-07-03,1,2025-07-02,2025-07-03,43.475,43.395,-0.0799999999999983,-3.9999999999999147,-9.99999999999983,long
2025-07-07,1,2025-07-03,2025-07-07,43.525,43.255,-0.269999999999996,-13.499999999999801,-28.999999999999602,long
2025-07-08,1,2025-07-07,2025-07-08,43.105,43.03,-0.07499999999999574,-3.749999999999787,-9.499999999999574,long
2025-07-09,1,2025-07-08,2025-07-09,44.265,44.135000000000005,-0.12999999999999545,-6.499999999999773,-14.999999999999545,long
2025-07-10,1,2025-07-09,2025-07-10,44.04,43.92,-0.11999999999999744,-5.999999999999872,-13.999999999999744,long
2025-07-11,1,2025-07-10,2025-07-11,44.375,44.28,-0.09499999999999886,-4.749999999999943,-11.499999999999886,long
2025-07-14,1,2025-07-11,2025-07-14,44.574999999999996,44.47,-0.10499999999999687,-5.249999999999844,-12.499999999999687,long
2025-07-15,1,2025-07-14,2025-07-15,44.085,43.980000000000004,-0.10499999999999687,-5.249999999999844,-12.499999999999687,long
2025-07-16,1,2025-07-15,2025-07-16,43.449999999999996,43.445,-0.0049999999999954525,-0.24999999999977263,-2.4999999999995453,long
2025-07-17,1,2025-07-16,2025-07-17,43.074999999999996,42.835,-0.23999999999999488,-11.999999999999744,-25.99999999999949,long
2025-07-18,1,2025-07-17,2025-07-18,43.339999999999996,43.665,0.32500000000000284,16.250000000000142,30.500000000000284,long
2025-07-21,1,2025-07-18,2025-07-21,42.989999999999995,43.0,0.010000000000005116,0.5000000000002558,-0.9999999999994884,long
2025-07-22,1,2025-07-21,2025-07-22,42.544999999999995,42.475,-0.06999999999999318,-3.499999999999659,-8.999999999999318,long
2025-07-23,1,2025-07-22,2025-07-23,42.745,42.9,0.15500000000000114,7.750000000000057,13.500000000000114,long
2025-07-24,1,2025-07-23,2025-07-24,43.415,43.295,-0.11999999999999744,-5.999999999999872,-13.999999999999744,long
2025-07-25,1,2025-07-24,2025-07-25,43.725,43.755,0.030000000000001137,1.5000000000000568,1.0000000000001137,long
2025-07-28,1,2025-07-25,2025-07-28,43.559999999999995,43.865,0.3050000000000068,15.250000000000341,28.500000000000682,long
2025-07-29,1,2025-07-28,2025-07-29,44.055,44.11,0.054999999999999716,2.749999999999986,3.4999999999999716,long
2025-07-30,1,2025-07-29,2025-07-30,44.485,44.2,-0.2849999999999966,-14.24999999999983,-30.49999999999966,long
2025-07-31,1,2025-07-30,2025-07-31,43.85,43.370000000000005,-0.4799999999999969,-23.999999999999844,-49.99999999999969,long
2025-08-01,1,2025-07-31,2025-08-01,43.614999999999995,43.43,-0.18499999999999517,-9.249999999999758,-20.499999999999517,long
2025-08-04,1,2025-08-01,2025-08-04,42.805,42.71,-0.09499999999999886,-4.749999999999943,-11.499999999999886,long
2025-08-05,1,2025-08-04,2025-08-05,42.71,42.74,0.030000000000001137,1.5000000000000568,1.0000000000001137,long
2025-08-06,1,2025-08-05,2025-08-06,42.765,43.015,0.25,12.5,23.0,long
2025-08-07,1,2025-08-06,2025-08-07,42.37,42.6,0.23000000000000398,11.500000000000199,21.000000000000398,long
2025-08-08,1,2025-08-07,2025-08-08,42.205,42.405,0.20000000000000284,10.000000000000142,18.000000000000284,long
2025-08-11,1,2025-08-08,2025-08-11,42.475,42.57,0.09499999999999886,4.749999999999943,7.499999999999886,long
2025-08-12,1,2025-08-11,2025-08-12,42.135,42.24,0.10500000000000398,5.250000000000199,8.500000000000398,long
2025-08-13,1,2025-08-12,2025-08-13,42.339999999999996,42.38,0.04000000000000625,2.0000000000003126,2.0000000000006253,long
2025-08-14,1,2025-08-13,2025-08-14,42.83,42.78,-0.04999999999999716,-2.499999999999858,-6.999999999999716,long
2025-08-15,1,2025-08-14,2025-08-15,42.79,42.79,0.0,0.0,-2.0,long
2025-08-18,1,2025-08-15,2025-08-18,42.79,42.565000000000005,-0.22499999999999432,-11.249999999999716,-24.49999999999943,long
2025-08-19,1,2025-08-18,2025-08-19,42.535,42.385000000000005,-0.14999999999999147,-7.499999999999574,-16.999999999999147,long
2025-08-20,1,2025-08-19,2025-08-20,42.55,42.675000000000004,0.1250000000000071,6.250000000000355,10.50000000000071,long
2025-08-21,1,2025-08-20,2025-08-21,42.905,42.815000000000005,-0.0899999999999963,-4.499999999999815,-10.99999999999963,long
2025-08-22,1,2025-08-21,2025-08-22,43.199999999999996,43.325,0.1250000000000071,6.250000000000355,10.50000000000071,long
2025-08-25,1,2025-08-22,2025-08-25,44.08,43.965,-0.11499999999999488,-5.749999999999744,-13.499999999999488,long
2025-08-26,1,2025-08-25,2025-08-26,44.195,43.980000000000004,-0.2149999999999963,-10.749999999999815,-23.49999999999963,long
2025-08-27,1,2025-08-26,2025-08-27,44.125,44.035000000000004,-0.0899999999999963,-4.499999999999815,-10.99999999999963,long
2025-08-28,1,2025-08-27,2025-08-28,44.62,44.615,-0.0049999999999954525,-0.24999999999977263,-2.4999999999995453,long
2025-08-29,1,2025-08-28,2025-08-29,44.96,44.980000000000004,0.020000000000003126,1.0000000000001563,3.126388037344441e-13,long
2025-09-02,1,2025-08-29,2025-09-02,45.205,45.065000000000005,-0.13999999999999346,-6.999999999999673,-15.999999999999346,long
2025-09-03,1,2025-09-02,2025-09-03,45.269999999999996,44.89,-0.37999999999999545,-18.999999999999773,-39.999999999999545,long
2025-09-04,1,2025-09-03,2025-09-04,44.254999999999995,44.235,-0.01999999999999602,-0.999999999999801,-3.999999999999602,long
2025-09-05,1,2025-09-04,2025-09-05,44.55,44.125,-0.42499999999999716,-21.249999999999858,-44.499999999999716,long
2025-09-08,1,2025-09-05,2025-09-08,43.69,43.82,0.13000000000000256,6.500000000000128,11.000000000000256,long
2025-09-09,1,2025-09-08,2025-09-09,43.589999999999996,43.79,0.20000000000000284,10.000000000000142,18.000000000000284,long
2025-09-10,1,2025-09-09,2025-09-10,43.8,43.835,0.035000000000003695,1.7500000000001847,1.5000000000003695,long
2025-09-11,1,2025-09-10,2025-09-11,44.565,44.190000000000005,-0.3749999999999929,-18.749999999999645,-39.49999999999929,long
2025-09-12,1,2025-09-11,2025-09-12,44.574999999999996,44.725,0.15000000000000568,7.500000000000284,13.000000000000568,long
2025-09-15,1,2025-09-12,2025-09-15,44.309999999999995,44.32,0.010000000000005116,0.5000000000002558,-0.9999999999994884,long
2025-09-16,1,2025-09-15,2025-09-16,44.16,44.370000000000005,0.21000000000000796,10.500000000000398,19.000000000000796,long
2025-09-17,1,2025-09-16,2025-09-17,44.9,44.78,-0.11999999999999744,-5.999999999999872,-13.999999999999744,long
2025-09-18,1,2025-09-17,2025-09-18,45.004999999999995,45.055,0.05000000000000426,2.500000000000213,3.0000000000004263,long
2025-09-19,1,2025-09-18,2025-09-19,44.864999999999995,44.805,-0.05999999999999517,-2.9999999999997584,-7.999999999999517,long
2025-09-22,1,2025-09-19,2025-09-22,44.269999999999996,43.72,-0.5499999999999972,-27.499999999999858,-56.999999999999716,long
2025-09-23,1,2025-09-22,2025-09-23,43.845,44.0,0.15500000000000114,7.750000000000057,13.500000000000114,long
2025-09-24,1,2025-09-23,2025-09-24,44.6,44.895,0.2950000000000017,14.750000000000085,27.50000000000017,long
2025-09-25,1,2025-09-24,2025-09-25,45.18,45.195,0.015000000000000568,0.7500000000000284,-0.49999999999994316,long
2025-09-26,1,2025-09-25,2025-09-26,45.585,45.64,0.054999999999999716,2.749999999999986,3.4999999999999716,long
2025-09-29,1,2025-09-26,2025-09-29,46.004999999999995,45.71,-0.2949999999999946,-14.74999999999973,-31.49999999999946,long
2025-09-30,1,2025-09-29,2025-09-30,45.16,44.7,-0.45999999999999375,-22.999999999999687,-47.999999999999375,long
2025-10-01,1,2025-09-30,2025-10-01,44.68,44.440000000000005,-0.23999999999999488,-11.999999999999744,-25.99999999999949,long
2025-10-02,1,2025-10-01,2025-10-02,44.68,44.56,-0.11999999999999744,-5.999999999999872,-13.999999999999744,long
2025-10-03,1,2025-10-02,2025-10-03,44.23,44.46,0.23000000000000398,11.500000000000199,21.000000000000398,long
2025-10-06,1,2025-10-03,2025-10-06,44.464999999999996,44.725,0.2600000000000051,13.000000000000256,24.00000000000051,long
2025-10-07,1,2025-10-06,2025-10-07,44.684999999999995,44.625,-0.05999999999999517,-2.9999999999997584,-7.999999999999517,long
2025-10-08,1,2025-10-07,2025-10-08,44.754999999999995,44.75,-0.0049999999999954525,-0.24999999999977263,-2.4999999999995453,long
2025-10-09,1,2025-10-08,2025-10-09,44.495,44.595,0.10000000000000142,5.000000000000071,8.000000000000142,long
2025-10-10,1,2025-10-09,2025-10-10,43.89,43.545,-0.34499999999999886,-17.249999999999943,-36.499999999999886,long
2025-10-13,1,2025-10-10,2025-10-13,42.62,42.940000000000005,0.3200000000000074,16.00000000000037,30.00000000000074,long
2025-10-14,1,2025-10-13,2025-10-14,43.199999999999996,42.605000000000004,-0.5949999999999918,-29.749999999999588,-61.499999999999176,long
2025-10-15,1,2025-10-14,2025-10-15,43.195,43.49,0.2950000000000017,14.750000000000085,27.50000000000017,long
2025-10-16,1,2025-10-15,2025-10-16,43.169999999999995,43.225,0.05500000000000682,2.750000000000341,3.500000000000682,long
2025-10-17,1,2025-10-16,2025-10-17,42.65,42.81,0.1600000000000037,8.000000000000185,14.00000000000037,long
2025-10-20,1,2025-10-17,2025-10-20,43.0,43.055,0.054999999999999716,2.749999999999986,3.4999999999999716,long
2025-10-21,1,2025-10-20,2025-10-21,43.455,43.555,0.10000000000000142,5.000000000000071,8.000000000000142,long
2025-10-22,1,2025-10-21,2025-10-22,43.355,43.625,0.2700000000000031,13.500000000000156,25.000000000000313,long
2025-10-23,1,2025-10-22,2025-10-23,43.91,44.675000000000004,0.7650000000000077,38.250000000000384,74.50000000000077,long
2025-10-24,1,2025-10-23,2025-10-24,44.495,44.645,0.15000000000000568,7.500000000000284,13.000000000000568,long
2025-10-27,1,2025-10-24,2025-10-27,44.044999999999995,44.165,0.12000000000000455,6.000000000000227,10.000000000000455,long
2025-10-28,1,2025-10-27,2025-10-28,44.15,43.965,-0.18499999999999517,-9.249999999999758,-20.499999999999517,long
2025-10-29,1,2025-10-28,2025-10-29,43.69,43.715,0.025000000000005684,1.2500000000002842,0.5000000000005684,long
2025-10-30,1,2025-10-29,2025-10-30,44.015,43.965,-0.04999999999999716,-2.499999999999858,-6.999999999999716,long
2025-10-31,1,2025-10-30,2025-10-31,43.754999999999995,43.84,0.08500000000000796,4.250000000000398,6.500000000000796,long
2025-11-03,1,2025-10-31,2025-11-03,44.074999999999996,44.050000000000004,-0.024999999999991473,-1.2499999999995737,-4.499999999999147,long
2025-11-04,1,2025-11-03,2025-11-04,44.08,43.52,-0.5599999999999952,-27.99999999999976,-57.99999999999952,long
2025-11-05,1,2025-11-04,2025-11-05,43.605,43.59,-0.014999999999993463,-0.7499999999996732,-3.4999999999993463,long
2025-11-06,1,2025-11-05,2025-11-06,43.72,43.830000000000005,0.11000000000000654,5.500000000000327,9.000000000000654,long
2025-11-07,1,2025-11-06,2025-11-07,44.144999999999996,44.34,0.1950000000000074,9.75000000000037,17.50000000000074,long
2025-11-10,1,2025-11-07,2025-11-10,44.78,44.79,0.00999999999999801,0.4999999999999005,-1.000000000000199,long
2025-11-11,1,2025-11-10,2025-11-11,45.184999999999995,45.46,0.2750000000000057,13.750000000000284,25.50000000000057,long
2025-11-12,1,2025-11-11,2025-11-12,45.775,45.495000000000005,-0.27999999999999403,-13.999999999999702,-29.999999999999403,long
2025-11-13,1,2025-11-12,2025-11-13,45.135,45.260000000000005,0.1250000000000071,6.250000000000355,10.50000000000071,long
2025-11-14,1,2025-11-13,2025-11-14,45.25,45.52,0.2700000000000031,13.500000000000156,25.000000000000313,long
2025-11-17,1,2025-11-14,2025-11-17,46.019999999999996,45.965,-0.05499999999999261,-2.7499999999996305,-7.499999999999261,long
2025-11-18,1,2025-11-17,2025-11-18,45.18,44.965,-0.2149999999999963,-10.749999999999815,-23.49999999999963,long
2025-11-19,1,2025-11-18,2025-11-19,45.54,44.775,-0.7650000000000006,-38.25000000000003,-78.50000000000006,long
2025-11-20,1,2025-11-19,2025-11-20,44.949999999999996,45.160000000000004,0.21000000000000796,10.500000000000398,19.000000000000796,long
2025-11-21,1,2025-11-20,2025-11-21,44.44,44.45,0.010000000000005116,0.5000000000002558,-0.9999999999994884,long
2025-11-24,1,2025-11-21,2025-11-24,44.72,44.625,-0.09499999999999886,-4.749999999999943,-11.499999999999886,long
2025-11-25,1,2025-11-24,2025-11-25,44.595,44.285000000000004,-0.30999999999999517,-15.499999999999758,-32.99999999999952,long
2025-11-26,1,2025-11-25,2025-11-26,44.315,44.285000000000004,-0.02999999999999403,-1.4999999999997016,-4.999999999999403,long
2025-11-28,1,2025-11-26,2025-11-28,44.65,44.68,0.030000000000001137,1.5000000000000568,1.0000000000001137,long
2025-12-01,1,2025-11-28,2025-12-01,45.235,45.28,0.045000000000001705,2.2500000000000853,2.5000000000001705,long
2025-12-02,1,2025-12-01,2025-12-02,45.669999999999995,45.575,-0.09499999999999176,-4.749999999999588,-11.499999999999176,long
2025-12-03,1,2025-12-02,2025-12-03,45.08,45.355000000000004,0.2750000000000057,13.750000000000284,25.50000000000057,long
2025-12-04,1,2025-12-03,2025-12-04,45.925,45.870000000000005,-0.05499999999999261,-2.7499999999996305,-7.499999999999261,long
2025-12-05,1,2025-12-04,2025-12-05,46.12,46.02,-0.09999999999999432,-4.999999999999716,-11.999999999999432,long
2025-12-08,1,2025-12-05,2025-12-08,45.93,45.65,-0.28000000000000114,-14.000000000000057,-30.000000000000114,long
2025-12-09,1,2025-12-08,2025-12-09,45.43,45.49,0.060000000000002274,3.0000000000001137,4.000000000000227,long
2025-12-10,1,2025-12-09,2025-12-10,45.71,45.79,0.0799999999999983,3.9999999999999147,5.9999999999998295,long
2025-12-11,1,2025-12-10,2025-12-11,46.19,45.86,-0.3299999999999983,-16.499999999999915,-34.99999999999983,long
2025-12-12,1,2025-12-11,2025-12-12,45.97,46.04,0.07000000000000028,3.500000000000014,5.000000000000028,long
2025-12-15,1,2025-12-12,2025-12-15,45.519999999999996,45.54,0.020000000000003126,1.0000000000001563,3.126388037344441e-13,long
2025-12-16,1,2025-12-15,2025-12-16,45.199999999999996,44.800000000000004,-0.3999999999999915,-19.999999999999574,-41.99999999999915,long
2025-12-17,1,2025-12-16,2025-12-17,43.82,44.160000000000004,0.3400000000000034,17.00000000000017,32.00000000000034,long
2025-12-18,1,2025-12-17,2025-12-18,44.79,44.64,-0.14999999999999858,-7.499999999999929,-16.999999999999858,long
2025-12-19,1,2025-12-18,2025-12-19,44.14,44.24,0.10000000000000142,5.000000000000071,8.000000000000142,long
2025-12-22,1,2025-12-19,2025-12-22,44.14,44.18,0.03999999999999915,1.9999999999999574,1.9999999999999147,long
2025-12-23,1,2025-12-22,2025-12-23,44.22,44.31,0.09000000000000341,4.5000000000001705,7.000000000000341,long
2025-12-24,1,2025-12-23,2025-12-24,44.51,44.410000000000004,-0.09999999999999432,-4.999999999999716,-11.999999999999432,long
2025-12-26,1,2025-12-24,2025-12-26,44.379999999999995,44.31,-0.06999999999999318,-3.499999999999659,-8.999999999999318,long
2025-12-29,1,2025-12-26,2025-12-29,44.21,44.5,0.28999999999999915,14.499999999999957,26.999999999999915,long
2025-12-30,1,2025-12-29,2025-12-30,44.629999999999995,44.79,0.1600000000000037,8.000000000000185,14.00000000000037,long
2025-12-31,1,2025-12-30,2025-12-31,44.97,44.92,-0.04999999999999716,-2.499999999999858,-6.999999999999716,long
2026-01-02,1,2025-12-31,2026-01-02,44.72,44.7,-0.01999999999999602,-0.999999999999801,-3.999999999999602,long
2026-01-05,1,2026-01-02,2026-01-05,45.66,47.29,1.6300000000000026,81.50000000000013,161.00000000000026,long
2026-01-06,1,2026-01-05,2026-01-06,46.9,46.99,0.09000000000000341,4.5000000000001705,7.000000000000341,long
2026-01-07,1,2026-01-06,2026-01-07,45.65,45.830000000000005,0.18000000000000682,9.000000000000341,16.000000000000682,long
2026-01-08,1,2026-01-07,2026-01-08,45.14,45.31,0.1700000000000017,8.500000000000085,15.00000000000017,long
2026-01-09,1,2026-01-08,2026-01-09,46.559999999999995,46.74,0.18000000000000682,9.000000000000341,16.000000000000682,long
2026-01-12,1,2026-01-09,2026-01-12,46.68,46.74,0.060000000000002274,3.0000000000001137,4.000000000000227,long
2026-01-13,1,2026-01-12,2026-01-13,46.35,46.72,0.36999999999999744,18.499999999999872,34.999999999999744,long
2026-01-14,1,2026-01-13,2026-01-14,47.01,47.24,0.23000000000000398,11.500000000000199,21.000000000000398,long
2026-01-15,1,2026-01-14,2026-01-15,48.07,47.59,-0.4799999999999969,-23.999999999999844,-49.99999999999969,long
2026-01-16,1,2026-01-15,2026-01-16,47.62,47.580000000000005,-0.03999999999999204,-1.999999999999602,-5.999999999999204,long
2026-01-20,1,2026-01-16,2026-01-20,47.699999999999996,48.080000000000005,0.38000000000000966,19.000000000000483,36.000000000000966,long
2026-01-21,1,2026-01-20,2026-01-21,47.61,48.330000000000005,0.720000000000006,36.0000000000003,70.0000000000006,long
2026-01-22,1,2026-01-21,2026-01-22,48.76,48.56,-0.19999999999999574,-9.999999999999787,-21.999999999999574,long
2026-01-23,1,2026-01-22,2026-01-23,48.919999999999995,49.510000000000005,0.5900000000000105,29.500000000000526,57.00000000000105,long
2026-01-26,1,2026-01-23,2026-01-26,49.199999999999996,49.82,0.6200000000000045,31.000000000000227,60.000000000000455,long
2026-01-27,1,2026-01-26,2026-01-27,49.23,49.38,0.15000000000000568,7.500000000000284,13.000000000000568,long
2026-01-28,1,2026-01-27,2026-01-28,49.68,49.95,0.2700000000000031,13.500000000000156,25.000000000000313,long
2026-01-29,1,2026-01-28,2026-01-29,50.059999999999995,51.14,1.0800000000000054,54.00000000000027,106.00000000000054,long
2026-01-30,1,2026-01-29,2026-01-30,50.519999999999996,50.370000000000005,-0.14999999999999147,-7.499999999999574,-16.999999999999147,long
2026-02-02,1,2026-01-30,2026-02-02,51.059999999999995,50.09,-0.9699999999999918,-48.49999999999959,-98.99999999999918,long
2026-02-03,1,2026-02-02,2026-02-03,50.059999999999995,50.230000000000004,0.1700000000000088,8.50000000000044,15.000000000000881,long
2026-02-04,1,2026-02-03,2026-02-04,51.68,51.81,0.13000000000000256,6.500000000000128,11.000000000000256,long
2026-02-05,1,2026-02-04,2026-02-05,52.839999999999996,52.25,-0.5899999999999963,-29.499999999999815,-60.99999999999963,long
2026-02-06,1,2026-02-05,2026-02-06,52.22,52.410000000000004,0.19000000000000483,9.500000000000242,17.000000000000483,long
2026-02-09,1,2026-02-06,2026-02-09,53.26,53.2,-0.05999999999999517,-2.9999999999997584,-7.999999999999517,long
2026-02-10,1,2026-02-09,2026-02-10,53.65,53.79,0.14000000000000057,7.000000000000028,12.000000000000057,long
2026-02-11,1,2026-02-10,2026-02-11,53.589999999999996,54.27,0.6800000000000068,34.00000000000034,66.00000000000068,long
2026-02-12,1,2026-02-11,2026-02-12,54.989999999999995,54.84,-0.14999999999999147,-7.499999999999574,-16.999999999999147,long
2026-02-13,1,2026-02-12,2026-02-13,53.989999999999995,53.93,-0.05999999999999517,-2.9999999999997584,-7.999999999999517,long
2026-02-17,1,2026-02-13,2026-02-17,54.36,54.550000000000004,0.19000000000000483,9.500000000000242,17.000000000000483,long
2026-02-18,1,2026-02-17,2026-02-18,53.76,54.49,0.730000000000004,36.5000000000002,71.0000000000004,long
2026-02-19,1,2026-02-18,2026-02-19,54.79,55.440000000000005,0.6500000000000057,32.500000000000284,63.00000000000057,long
2026-02-20,1,2026-02-19,2026-02-20,55.19,54.99,-0.19999999999999574,-9.999999999999787,-21.999999999999574,long
2026-02-23,1,2026-02-20,2026-02-23,54.89,55.050000000000004,0.1600000000000037,8.000000000000185,14.00000000000037,long
2026-02-24,1,2026-02-23,2026-02-24,55.16,55.14,-0.01999999999999602,-0.999999999999801,-3.999999999999602,long
2026-02-25,1,2026-02-24,2026-02-25,55.11,55.29,0.17999999999999972,8.999999999999986,15.999999999999972,long
2026-02-26,1,2026-02-25,2026-02-26,54.879999999999995,54.39,-0.4899999999999949,-24.499999999999744,-50.99999999999949,long
2026-02-27,1,2026-02-26,2026-02-27,55.059999999999995,55.65,0.5900000000000034,29.50000000000017,57.00000000000034,long
2026-03-02,1,2026-02-27,2026-03-02,55.93,57.760000000000005,1.8300000000000054,91.50000000000027,181.00000000000054,long
2026-03-03,1,2026-03-02,2026-03-03,57.05,57.480000000000004,0.4300000000000068,21.50000000000034,41.00000000000068,long
2026-03-04,1,2026-03-03,2026-03-04,56.53,56.050000000000004,-0.4799999999999969,-23.999999999999844,-49.99999999999969,long
2026-03-05,1,2026-03-04,2026-03-05,56.199999999999996,56.46,0.2600000000000051,13.000000000000256,24.00000000000051,long
2026-03-06,1,2026-03-05,2026-03-06,56.489999999999995,57.14,0.6500000000000057,32.500000000000284,63.00000000000057,long
2026-03-09,1,2026-03-06,2026-03-09,56.58,56.99,0.4100000000000037,20.500000000000185,39.00000000000037,long
2026-03-10,1,2026-03-09,2026-03-10,56.33,56.04,-0.28999999999999915,-14.499999999999957,-30.999999999999915,long
2026-03-11,1,2026-03-10,2026-03-11,55.61,55.61,0.0,0.0,-2.0,long
2026-03-12,1,2026-03-11,2026-03-12,56.989999999999995,57.120000000000005,0.13000000000000966,6.500000000000483,11.000000000000966,long
2026-03-13,1,2026-03-12,2026-03-13,57.519999999999996,57.49,-0.02999999999999403,-1.4999999999997016,-4.999999999999403,long
2026-03-16,1,2026-03-13,2026-03-16,57.71,57.78,0.07000000000000028,3.500000000000014,5.000000000000028,long
2026-03-17,1,2026-03-16,2026-03-17,57.91,58.22,0.3100000000000023,15.500000000000114,29.000000000000227,long
2026-03-18,1,2026-03-17,2026-03-18,58.519999999999996,58.71,0.19000000000000483,9.500000000000242,17.000000000000483,long
2026-03-19,1,2026-03-18,2026-03-19,58.44,58.86,0.4200000000000017,21.000000000000085,40.00000000000017,long
2026-03-20,1,2026-03-19,2026-03-20,59.37,59.61,0.240000000000002,12.0000000000001,22.0000000000002,long
2026-03-23,1,2026-03-20,2026-03-23,59.32,57.95,-1.3699999999999974,-68.49999999999987,-138.99999999999974,long
2026-03-24,1,2026-03-23,2026-03-24,59.64,59.79,0.14999999999999858,7.499999999999929,12.999999999999858,long
2026-03-25,1,2026-03-24,2026-03-25,60.85,60.260000000000005,-0.5899999999999963,-29.499999999999815,-60.99999999999963,long
2026-03-26,1,2026-03-25,2026-03-26,60.58,60.660000000000004,0.0800000000000054,4.00000000000027,6.00000000000054,long
2026-03-27,1,2026-03-26,2026-03-27,61.53,61.52,-0.00999999999999801,-0.4999999999999005,-2.999999999999801,long
2026-03-30,1,2026-03-27,2026-03-30,62.57,63.13,0.5600000000000023,28.000000000000114,54.00000000000023,long
2026-03-31,1,2026-03-30,2026-03-31,61.97,62.03,0.060000000000002274,3.0000000000001137,4.000000000000227,long
2026-04-01,1,2026-03-31,2026-04-01,61.269999999999996,59.74,-1.529999999999994,-76.4999999999997,-154.9999999999994,long
2026-04-02,1,2026-04-01,2026-04-02,58.98,60.440000000000005,1.460000000000008,73.0000000000004,144.0000000000008,long
2026-04-06,1,2026-04-02,2026-04-06,59.26,59.1,-0.1599999999999966,-7.9999999999998295,-17.99999999999966,long
2026-04-07,1,2026-04-06,2026-04-07,59.69,59.86,0.1700000000000017,8.500000000000085,15.00000000000017,long
2026-04-08,1,2026-04-07,2026-04-08,60.169999999999995,56.67,-3.499999999999993,-174.99999999999963,-351.9999999999993,long
2026-04-09,1,2026-04-08,2026-04-09,58.059999999999995,58.21,0.15000000000000568,7.500000000000284,13.000000000000568,long
2026-04-10,1,2026-04-09,2026-04-10,57.339999999999996,57.1,-0.23999999999999488,-11.999999999999744,-25.99999999999949,long
2026-04-13,1,2026-04-10,2026-04-13,56.949999999999996,57.54,0.5900000000000034,29.50000000000017,57.00000000000034,long
2026-04-14,1,2026-04-13,2026-04-14,57.12,56.480000000000004,-0.6399999999999935,-31.999999999999673,-65.99999999999935,long
2026-04-15,1,2026-04-14,2026-04-15,55.96,55.63,-0.3299999999999983,-16.499999999999915,-34.99999999999983,long
2026-04-16,1,2026-04-15,2026-04-16,55.769999999999996,55.830000000000005,0.06000000000000938,3.000000000000469,4.000000000000938,long
2026-04-17,1,2026-04-16,2026-04-17,56.589999999999996,54.4,-2.1899999999999977,-109.49999999999989,-220.99999999999977,long
2026-04-20,1,2026-04-17,2026-04-20,55.03,55.22,0.18999999999999773,9.499999999999886,16.999999999999773,long
2026-04-21,1,2026-04-20,2026-04-21,55.08,55.31,0.23000000000000398,11.500000000000199,21.000000000000398,long
2026-04-22,1,2026-04-21,2026-04-22,55.879999999999995,56.35,0.47000000000000597,23.5000000000003,45.0000000000006,long
2026-04-23,1,2026-04-22,2026-04-23,56.55,56.84,0.29000000000000625,14.500000000000313,27.000000000000625,long
2026-04-24,1,2026-04-23,2026-04-24,56.989999999999995,56.72,-0.269999999999996,-13.499999999999801,-28.999999999999602,long
2026-04-27,1,2026-04-24,2026-04-27,56.879999999999995,57.1,0.22000000000000597,11.000000000000298,20.000000000000597,long
2026-04-28,1,2026-04-27,2026-04-28,56.78,57.63,0.8500000000000014,42.50000000000007,83.00000000000014,long
2026-04-29,1,2026-04-28,2026-04-29,57.72,58.330000000000005,0.6100000000000065,30.500000000000327,59.000000000000654,long
2026-04-30,1,2026-04-29,2026-04-30,59.04,58.25,-0.7899999999999991,-39.49999999999996,-80.99999999999991,long
2026-05-01,1,2026-04-30,2026-05-01,59.66,59.11,-0.5499999999999972,-27.499999999999858,-56.999999999999716,long
2026-05-04,1,2026-05-01,2026-05-04,58.86,58.760000000000005,-0.09999999999999432,-4.999999999999716,-11.999999999999432,long
2026-05-05,1,2026-05-04,2026-05-05,59.4,59.22,-0.17999999999999972,-8.999999999999986,-19.99999999999997,long
2026-05-06,1,2026-05-05,2026-05-06,59.46,57.330000000000005,-2.1299999999999955,-106.49999999999977,-214.99999999999955,long
2026-05-07,1,2026-05-06,2026-05-07,57.01,55.9,-1.1099999999999994,-55.49999999999997,-112.99999999999994,long
2026-05-08,1,2026-05-07,2026-05-08,55.96,55.82,-0.14000000000000057,-7.000000000000028,-16.000000000000057,long
2026-05-11,1,2026-05-08,2026-05-11,55.71,56.25,0.5399999999999991,26.999999999999957,51.999999999999915,long
2026-05-12,1,2026-05-11,2026-05-12,57.18,57.730000000000004,0.5500000000000043,27.500000000000213,53.000000000000426,long
2026-05-13,1,2026-05-12,2026-05-13,57.58,57.46,-0.11999999999999744,-5.999999999999872,-13.999999999999744,long
2026-05-14,1,2026-05-13,2026-05-14,57.64,57.64,0.0,0.0,-2.0,long
2026-05-15,1,2026-05-14,2026-05-15,58.08,58.660000000000004,0.5800000000000054,29.00000000000027,56.00000000000054,long
2026-05-18,1,2026-05-15,2026-05-18,59.449999999999996,59.13,-0.3199999999999932,-15.999999999999659,-33.99999999999932,long
2026-05-19,1,2026-05-18,2026-05-19,60.589999999999996,60.800000000000004,0.21000000000000796,10.500000000000398,19.000000000000796,long
2026-05-20,1,2026-05-19,2026-05-20,61.3,60.86,-0.4399999999999977,-21.999999999999886,-45.99999999999977,long
2026-05-21,1,2026-05-20,2026-05-21,59.809999999999995,60.39,0.5800000000000054,29.00000000000027,56.00000000000054,long
2026-05-22,1,2026-05-21,2026-05-22,59.14,58.99,-0.14999999999999858,-7.499999999999929,-16.999999999999858,long
2026-05-26,1,2026-05-22,2026-05-26,59.5,58.88,-0.6199999999999974,-30.999999999999872,-63.999999999999744,long
2026-05-27,1,2026-05-26,2026-05-27,57.86,57.0,-0.8599999999999994,-42.99999999999997,-87.99999999999994,long
2026-05-28,1,2026-05-27,2026-05-28,57.0,57.550000000000004,0.5500000000000043,27.500000000000213,53.000000000000426,long
2026-05-29,1,2026-05-28,2026-05-29,56.96,56.67,-0.28999999999999915,-14.499999999999957,-30.999999999999915,long
2026-06-01,1,2026-05-29,2026-06-01,56.3,57.010000000000005,0.710000000000008,35.5000000000004,69.0000000000008,long
2026-06-02,1,2026-06-01,2026-06-02,57.309999999999995,57.080000000000005,-0.22999999999998977,-11.499999999999488,-24.999999999998977,long
2026-06-03,1,2026-06-02,2026-06-03,57.97,58.24,0.2700000000000031,13.500000000000156,25.000000000000313,long
2026-06-04,1,2026-06-03,2026-06-04,58.72,58.49,-0.22999999999999687,-11.499999999999844,-24.999999999999687,long
2026-06-05,1,2026-06-04,2026-06-05,58.76,58.67,-0.0899999999999963,-4.499999999999815,-10.99999999999963,long
2026-06-08,1,2026-06-05,2026-06-08,57.68,58.07,0.39000000000000057,19.50000000000003,37.00000000000006,long
2026-06-09,1,2026-06-08,2026-06-09,58.339999999999996,58.080000000000005,-0.2599999999999909,-12.999999999999545,-27.99999999999909,long
2026-06-10,1,2026-06-09,2026-06-10,57.4,57.93,0.5300000000000011,26.500000000000057,51.000000000000114,long
2026-06-11,1,2026-06-10,2026-06-11,58.26,58.77,0.5100000000000051,25.500000000000256,49.00000000000051,long
2026-06-12,1,2026-06-11,2026-06-12,57.129999999999995,56.78,-0.3499999999999943,-17.499999999999716,-36.99999999999943,long
2026-06-15,1,2026-06-12,2026-06-15,57.559999999999995,55.190000000000005,-2.3699999999999903,-118.49999999999952,-238.99999999999903,long
2026-06-16,1,2026-06-15,2026-06-16,55.559999999999995,55.03,-0.529999999999994,-26.4999999999997,-54.9999999999994,long
2026-06-17,1,2026-06-16,2026-06-17,55.37,55.17,-0.19999999999999574,-9.999999999999787,-21.999999999999574,long
2026-06-18,1,2026-06-17,2026-06-18,54.68,54.15,-0.5300000000000011,-26.500000000000057,-55.000000000000114,long
2026-06-22,1,2026-06-18,2026-06-22,53.78,53.56,-0.21999999999999886,-10.999999999999943,-23.999999999999886,long
2026-06-23,1,2026-06-22,2026-06-23,54.07,54.120000000000005,0.05000000000000426,2.500000000000213,3.0000000000004263,long
2026-06-24,1,2026-06-23,2026-06-24,54.47,53.510000000000005,-0.9599999999999937,-47.99999999999969,-97.99999999999937,long
2026-06-25,1,2026-06-24,2026-06-25,53.58,53.24,-0.3399999999999963,-16.999999999999815,-35.99999999999963,long
2026-06-26,1,2026-06-25,2026-06-26,54.1,53.92,-0.17999999999999972,-8.999999999999986,-19.99999999999997,long
2026-06-29,1,2026-06-26,2026-06-29,53.85,53.97,0.11999999999999744,5.999999999999872,9.999999999999744,long
2026-06-30,1,2026-06-29,2026-06-30,53.589999999999996,53.59,7.105427357601002e-15,3.552713678800501e-13,-1.9999999999992895,long
2026-07-01,1,2026-06-30,2026-07-01,53.12,53.03,-0.0899999999999963,-4.499999999999815,-10.99999999999963,long
2026-07-02,1,2026-07-01,2026-07-02,52.82,53.230000000000004,0.4100000000000037,20.500000000000185,39.00000000000037,long
2026-07-06,1,2026-07-02,2026-07-06,53.23,53.050000000000004,-0.1799999999999926,-8.99999999999963,-19.99999999999926,long
2026-07-07,1,2026-07-06,2026-07-07,53.14,53.620000000000005,0.480000000000004,24.0000000000002,46.0000000000004,long
2026-07-08,1,2026-07-07,2026-07-08,54.65,55.56,0.9100000000000037,45.500000000000185,89.00000000000037,long
2026-07-09,1,2026-07-08,2026-07-09,55.61,55.27,-0.3399999999999963,-16.999999999999815,-35.99999999999963,long
2026-07-10,1,2026-07-09,2026-07-10,54.83,55.11,0.28000000000000114,14.000000000000057,26.000000000000114,long
2026-07-13,1,2026-07-10,2026-07-13,55.089999999999996,55.85,0.7600000000000051,38.000000000000256,74.00000000000051,long
2026-07-14,1,2026-07-13,2026-07-14,56.75,57.0,0.25,12.5,23.0,long
2026-07-15,1,2026-07-14,2026-07-15,56.96,56.93,-0.030000000000001137,-1.5000000000000568,-5.000000000000114,long
2026-07-16,1,2026-07-15,2026-07-16,56.51,56.65,0.14000000000000057,7.000000000000028,12.000000000000057,long
2026-07-17,1,2026-07-16,2026-07-17,57.03,57.870000000000005,0.8400000000000034,42.00000000000017,82.00000000000034,long
2026-07-20,1,2026-07-17,2026-07-20,57.69,57.54,-0.14999999999999858,-7.499999999999929,-16.999999999999858,long
2026-07-21,1,2026-07-20,2026-07-21,57.949999999999996,58.15,0.20000000000000284,10.000000000000142,18.000000000000284,long
2026-07-22,1,2026-07-21,2026-07-22,58.51,59.2,0.6900000000000048,34.50000000000024,67.00000000000048,long
2026-07-23,1,2026-07-22,2026-07-23,59.21,60.15,0.9399999999999977,46.999999999999886,91.99999999999977,long
2026-07-24,1,2026-07-23,2026-07-24,59.39,59.39,0.0,0.0,-2.0,long
2026-07-27,1,2026-07-24,2026-07-27,59.629999999999995,58.32,-1.3099999999999952,-65.49999999999976,-132.99999999999952,long
2026-07-28,1,2026-07-27,2026-07-28,58.37,58.49,0.12000000000000455,6.000000000000227,10.000000000000455,long
2026-07-29,1,2026-07-28,2026-07-29,57.58,59.07,1.490000000000002,74.5000000000001,147.0000000000002,long
2026-07-30,1,2026-07-29,2026-07-30,58.66,58.06,-0.5999999999999943,-29.999999999999716,-61.99999999999943,long
2026-07-31,1,2026-07-30,2026-07-31,58.97,58.99,0.020000000000003126,1.0000000000001563,3.126388037344441e-13,long
2026-08-03,1,2026-07-31,2026-08-03,59.559999999999995,58.690000000000005,-0.8699999999999903,-43.49999999999952,-88.99999999999903,long
2026-08-04,1,2026-08-03,2026-08-04,58.8,57.7,-1.0999999999999943,-54.999999999999716,-111.99999999999943,long
2026-08-05,1,2026-08-04,2026-08-05,58.53,58.760000000000005,0.23000000000000398,11.500000000000199,21.000000000000398,long
2026-08-06,1,2026-08-05,2026-08-06,57.32,58.38,1.0600000000000023,53.000000000000114,104.00000000000023,long
2026-08-07,1,2026-08-06,2026-08-07,58.169999999999995,57.510000000000005,-0.6599999999999895,-32.999999999999474,-67.99999999999895,long
2026-08-10,1,2026-08-07,2026-08-10,57.51,58.18,0.6700000000000017,33.500000000000085,65.00000000000017,long
2026-08-11,1,2026-08-10,2026-08-11,60.19,59.980000000000004,-0.20999999999999375,-10.499999999999687,-22.999999999999375,long
2026-08-12,1,2026-08-11,2026-08-12,60.94,60.46,-0.4799999999999969,-23.999999999999844,-49.99999999999969,long
2026-08-13,1,2026-08-12,2026-08-13,61.04,60.510000000000005,-0.529999999999994,-26.4999999999997,-54.9999999999994,long
2026-08-14,1,2026-08-13,2026-08-14,61.07,61.36,0.28999999999999915,14.499999999999957,26.999999999999915,long
2026-08-17,1,2026-08-14,2026-08-17,61.919999999999995,62.190000000000005,0.27000000000001023,13.500000000000512,25.000000000001023,long
2026-08-18,1,2026-08-17,2026-08-18,62.589999999999996,63.43,0.8400000000000034,42.00000000000017,82.00000000000034,long
2026-08-19,1,2026-08-18,2026-08-19,63.69,63.84,0.15000000000000568,7.500000000000284,13.000000000000568,long
2026-08-20,1,2026-08-19,2026-08-20,63.589999999999996,64.22,0.6300000000000026,31.500000000000128,61.000000000000256,long
2026-08-21,1,2026-08-20,2026-08-21,63.76,63.89,0.13000000000000256,6.500000000000128,11.000000000000256,long
2026-08-24,1,2026-08-21,2026-08-24,63.65,63.230000000000004,-0.4199999999999946,-20.99999999999973,-43.99999999999946,long
2026-08-25,1,2026-08-24,2026-08-25,63.12,62.190000000000005,-0.9299999999999926,-46.49999999999963,-94.99999999999926,long
2026-08-26,1,2026-08-25,2026-08-26,62.07,61.440000000000005,-0.6299999999999955,-31.499999999999773,-64.99999999999955,long
2026-08-27,1,2026-08-26,2026-08-27,62.44,62.22,-0.21999999999999886,-10.999999999999943,-23.999999999999886,long
2026-08-28,1,2026-08-27,2026-08-28,62.3,62.42,0.12000000000000455,6.000000000000227,10.000000000000455,long
2026-08-31,1,2026-08-28,2026-08-31,62.69,63.79,1.1000000000000014,55.00000000000007,108.00000000000014,long
2026-09-01,1,2026-08-31,2026-09-01,63.97,64.86,0.8900000000000006,44.50000000000003,87.00000000000006,long
2026-09-02,1,2026-09-01,2026-09-02,64.78,64.30999999999999,-0.4700000000000131,-23.500000000000654,-49.00000000000131,long
2026-09-03,1,2026-09-02,2026-09-03,65.11,65.08999999999999,-0.020000000000010232,-1.0000000000005116,-4.000000000001023,long
2026-09-04,1,2026-09-03,2026-09-04,64.63000000000001,64.05,-0.5800000000000125,-29.000000000000625,-60.00000000000125,long
2026-09-08,1,2026-09-04,2026-09-08,64.07000000000001,64.75,0.6799999999999926,33.99999999999963,65.99999999999926,long
2026-09-09,1,2026-09-08,2026-09-09,64.78,65.53999999999999,0.7599999999999909,37.999999999999545,73.99999999999909,long
2026-09-10,1,2026-09-09,2026-09-10,65.32000000000001,66.11999999999999,0.799999999999983,39.99999999999915,77.9999999999983,long
2026-09-11,1,2026-09-10,2026-09-11,64.94000000000001,64.89,-0.05000000000001137,-2.5000000000005684,-7.000000000001137,long
2026-09-14,1,2026-09-11,2026-09-14,65.15,66.0,0.8499999999999943,42.499999999999716,82.99999999999943,long
2026-09-15,1,2026-09-14,2026-09-15,64.54,64.86999999999999,0.3299999999999841,16.499999999999204,30.99999999999841,long
2026-09-16,1,2026-09-15,2026-09-16,65.94000000000001,65.21,-0.7300000000000182,-36.50000000000091,-75.00000000000182,long
2026-09-17,1,2026-09-16,2026-09-17,64.04,63.49,-0.5500000000000043,-27.500000000000213,-57.000000000000426,long
2026-09-18,1,2026-09-17,2026-09-18,64.49000000000001,64.22999999999999,-0.2600000000000193,-13.000000000000966,-28.000000000001933,long
2026-09-21,1,2026-09-18,2026-09-21,64.32000000000001,63.160000000000004,-1.1600000000000037,-58.000000000000185,-118.00000000000037,long
2026-09-22,1,2026-09-21,2026-09-22,62.47,61.620000000000005,-0.8499999999999943,-42.499999999999716,-86.99999999999943,long
2026-09-23,1,2026-09-22,2026-09-23,61.79,62.160000000000004,0.37000000000000455,18.500000000000227,35.000000000000455,long
2026-09-24,1,2026-09-23,2026-09-24,62.379999999999995,63.06,0.6800000000000068,34.00000000000034,66.00000000000068,long
