date,side,entry_time,exit_time,entry,exit,pts,r_mult,pnl,reason
2016-09-28,1,2016-09-27,2016-09-28,23.875,23.875,0.0,0.0,-2.0,long
2016-09-29,1,2016-09-28,2016-09-29,23.92,23.869999999999997,-0.05000000000000426,-2.500000000000213,-7.000000000000426,long
2016-09-30,1,2016-09-29,2016-09-30,23.775000000000002,23.81,0.03499999999999659,1.7499999999998295,1.499999999999659,long
2016-10-03,1,2016-09-30,2016-10-03,23.900000000000002,23.814999999999998,-0.0850000000000044,-4.25000000000022,-10.50000000000044,long
2016-10-04,1,2016-10-03,2016-10-04,23.830000000000002,23.86,0.029999999999997584,1.4999999999998792,0.9999999999997584,long
2016-10-05,1,2016-10-04,2016-10-05,23.745,23.79,0.04499999999999815,2.2499999999999076,2.4999999999998153,long
2016-10-06,1,2016-10-05,2016-10-06,23.830000000000002,23.83,-3.552713678800501e-15,-1.7763568394002505e-13,-2.0000000000003553,long
2016-10-07,1,2016-10-06,2016-10-07,23.885,23.884999999999998,-3.552713678800501e-15,-1.7763568394002505e-13,-2.0000000000003553,long
2016-10-10,1,2016-10-07,2016-10-10,23.82,23.924999999999997,0.10499999999999687,5.249999999999844,8.499999999999687,long
2016-10-11,1,2016-10-10,2016-10-11,23.985000000000003,23.965,-0.020000000000003126,-1.0000000000001563,-4.000000000000313,long
2016-10-12,1,2016-10-11,2016-10-12,23.715,23.715,0.0,0.0,-2.0,long
2016-10-13,1,2016-10-12,2016-10-13,23.755000000000003,23.58,-0.17500000000000426,-8.750000000000213,-19.500000000000426,long
2016-10-14,1,2016-10-13,2016-10-14,23.605,23.68,0.07499999999999929,3.7499999999999645,5.499999999999929,long
2016-10-17,1,2016-10-14,2016-10-17,23.695,23.674999999999997,-0.020000000000003126,-1.0000000000001563,-4.000000000000313,long
2016-10-18,1,2016-10-17,2016-10-18,23.645000000000003,23.799999999999997,0.15499999999999403,7.749999999999702,13.499999999999403,long
2016-10-19,1,2016-10-18,2016-10-19,23.775000000000002,23.74,-0.035000000000003695,-1.7500000000001847,-5.5000000000003695,long
2016-10-20,1,2016-10-19,2016-10-20,23.82,23.74,-0.08000000000000185,-4.000000000000092,-10.000000000000185,long
2016-10-21,1,2016-10-20,2016-10-21,23.71,23.724999999999998,0.014999999999997016,0.7499999999998508,-0.5000000000002984,long
2016-10-24,1,2016-10-21,2016-10-24,23.775000000000002,23.88,0.10499999999999687,5.249999999999844,8.499999999999687,long
2016-10-25,1,2016-10-24,2016-10-25,24.005000000000003,24.02,0.014999999999997016,0.7499999999998508,-0.5000000000002984,long
2016-10-26,1,2016-10-25,2016-10-26,23.92,23.7,-0.22000000000000242,-11.00000000000012,-24.00000000000024,long
2016-10-27,1,2016-10-26,2016-10-27,23.785,23.869999999999997,0.0849999999999973,4.249999999999865,6.49999999999973,long
2016-10-28,1,2016-10-27,2016-10-28,23.755000000000003,23.799999999999997,0.0449999999999946,2.24999999999973,2.49999999999946,long
2016-10-31,1,2016-10-28,2016-10-31,23.73,23.77,0.03999999999999915,1.9999999999999574,1.9999999999999147,long
2016-11-01,1,2016-10-31,2016-11-01,23.720000000000002,23.75,0.029999999999997584,1.4999999999998792,0.9999999999997584,long
2016-11-02,1,2016-11-01,2016-11-02,23.515,23.494999999999997,-0.020000000000003126,-1.0000000000001563,-4.000000000000313,long
2016-11-03,1,2016-11-02,2016-11-03,23.365000000000002,23.279999999999998,-0.0850000000000044,-4.25000000000022,-10.50000000000044,long
2016-11-04,1,2016-11-03,2016-11-04,23.14,23.099999999999998,-0.0400000000000027,-2.000000000000135,-6.00000000000027,long
2016-11-07,1,2016-11-04,2016-11-07,23.1,23.419999999999998,0.31999999999999673,15.999999999999837,29.999999999999673,long
2016-11-08,1,2016-11-07,2016-11-08,23.6,23.535,-0.06500000000000128,-3.250000000000064,-8.500000000000128,long
2016-11-09,1,2016-11-08,2016-11-09,23.715,23.334999999999997,-0.38000000000000256,-19.000000000000128,-40.000000000000256,long
2016-11-10,1,2016-11-09,2016-11-10,23.685000000000002,23.79,0.10499999999999687,5.249999999999844,8.499999999999687,long
2016-11-11,1,2016-11-10,2016-11-11,23.305000000000003,23.154999999999998,-0.15000000000000568,-7.500000000000284,-17.00000000000057,long
2016-11-14,1,2016-11-11,2016-11-14,23.375,23.369999999999997,-0.005000000000002558,-0.2500000000001279,-2.500000000000256,long
2016-11-15,1,2016-11-14,2016-11-15,23.020000000000003,23.154999999999998,0.13499999999999446,6.749999999999723,11.499999999999446,long
2016-11-16,1,2016-11-15,2016-11-16,23.345000000000002,23.27,-0.07500000000000284,-3.750000000000142,-9.500000000000284,long
2016-11-17,1,2016-11-16,2016-11-17,23.560000000000002,23.569999999999997,0.009999999999994458,0.4999999999997229,-1.0000000000005542,long
2016-11-18,1,2016-11-17,2016-11-18,23.71,23.744999999999997,0.03499999999999659,1.7499999999998295,1.499999999999659,long
2016-11-21,1,2016-11-18,2016-11-21,23.69,23.755,0.06499999999999773,3.2499999999998863,4.499999999999773,long
2016-11-22,1,2016-11-21,2016-11-22,23.930000000000003,23.99,0.05999999999999517,2.9999999999997584,3.999999999999517,long
2016-11-23,1,2016-11-22,2016-11-23,24.005000000000003,23.9,-0.10500000000000398,-5.250000000000199,-12.500000000000398,long
2016-11-25,1,2016-11-23,2016-11-25,23.91,23.904999999999998,-0.005000000000002558,-0.2500000000001279,-2.500000000000256,long
2016-11-28,1,2016-11-25,2016-11-28,24.01,23.97,-0.0400000000000027,-2.000000000000135,-6.00000000000027,long
2016-11-29,1,2016-11-28,2016-11-29,24.03,23.994999999999997,-0.035000000000003695,-1.7500000000001847,-5.5000000000003695,long
2016-11-30,1,2016-11-29,2016-11-30,24.045,24.04,-0.005000000000002558,-0.2500000000001279,-2.500000000000256,long
2016-12-01,1,2016-11-30,2016-12-01,23.76,23.709999999999997,-0.05000000000000426,-2.500000000000213,-7.000000000000426,long
2016-12-02,1,2016-12-01,2016-12-02,23.270000000000003,23.229999999999997,-0.04000000000000625,-2.0000000000003126,-6.000000000000625,long
2016-12-05,1,2016-12-02,2016-12-05,23.355,23.465,0.10999999999999943,5.499999999999972,8.999999999999943,long
2016-12-06,1,2016-12-05,2016-12-06,23.580000000000002,23.615,0.03499999999999659,1.7499999999998295,1.499999999999659,long
2016-12-07,1,2016-12-06,2016-12-07,23.650000000000002,23.615,-0.035000000000003695,-1.7500000000001847,-5.5000000000003695,long
2016-12-08,1,2016-12-07,2016-12-08,24.1,24.09,-0.010000000000001563,-0.5000000000000782,-3.0000000000001563,long
2016-12-09,1,2016-12-08,2016-12-09,24.16,24.229999999999997,0.06999999999999673,3.4999999999998366,4.999999999999673,long
2016-12-12,1,2016-12-09,2016-12-12,24.335,24.24,-0.09500000000000242,-4.750000000000121,-11.500000000000242,long
2016-12-13,1,2016-12-12,2016-12-13,24.26,24.345,0.0849999999999973,4.249999999999865,6.49999999999973,long
2016-12-14,1,2016-12-13,2016-12-14,24.565,24.56,-0.005000000000002558,-0.2500000000001279,-2.500000000000256,long
2016-12-15,1,2016-12-14,2016-12-15,24.48,24.49,0.00999999999999801,0.4999999999999005,-1.000000000000199,long
2016-12-16,1,2016-12-15,2016-12-16,24.59,24.529999999999998,-0.060000000000002274,-3.0000000000001137,-8.000000000000227,long
2016-12-19,1,2016-12-16,2016-12-19,24.305000000000003,24.305,-3.552713678800501e-15,-1.7763568394002505e-13,-2.0000000000003553,long
2016-12-20,1,2016-12-19,2016-12-20,24.48,24.54,0.05999999999999872,2.999999999999936,3.999999999999872,long
2016-12-21,1,2016-12-20,2016-12-21,24.57,24.54,-0.030000000000001137,-1.5000000000000568,-5.000000000000114,long
2016-12-22,1,2016-12-21,2016-12-22,24.520000000000003,24.5,-0.020000000000003126,-1.0000000000001563,-4.000000000000313,long
2016-12-23,1,2016-12-22,2016-12-23,24.470000000000002,24.424999999999997,-0.04500000000000526,-2.250000000000263,-6.500000000000526,long
2016-12-27,1,2016-12-23,2016-12-27,24.495,24.5,0.004999999999999005,0.24999999999995026,-1.5000000000000995,long
2016-12-28,1,2016-12-27,2016-12-28,24.595000000000002,24.604999999999997,0.009999999999994458,0.4999999999997229,-1.0000000000005542,long
2016-12-29,1,2016-12-28,2016-12-29,24.375,24.354999999999997,-0.020000000000003126,-1.0000000000001563,-4.000000000000313,long
2016-12-30,1,2016-12-29,2016-12-30,24.380000000000003,24.415,0.03499999999999659,1.7499999999998295,1.499999999999659,long
2017-01-03,1,2016-12-30,2017-01-03,24.19,24.325,0.134999999999998,6.7499999999999005,11.499999999999801,long
2017-01-04,1,2017-01-03,2017-01-04,24.405,24.404999999999998,-3.552713678800501e-15,-1.7763568394002505e-13,-2.0000000000003553,long
2017-01-05,1,2017-01-04,2017-01-05,24.490000000000002,24.444999999999997,-0.04500000000000526,-2.250000000000263,-6.500000000000526,long
2017-01-06,1,2017-01-05,2017-01-06,24.53,24.509999999999998,-0.020000000000003126,-1.0000000000001563,-4.000000000000313,long
2017-01-09,1,2017-01-06,2017-01-09,24.71,24.705,-0.005000000000002558,-0.2500000000001279,-2.500000000000256,long
2017-01-10,1,2017-01-09,2017-01-10,24.705000000000002,24.689999999999998,-0.015000000000004121,-0.7500000000002061,-3.500000000000412,long
2017-01-11,1,2017-01-10,2017-01-11,24.71,24.645,-0.06500000000000128,-3.250000000000064,-8.500000000000128,long
2017-01-12,1,2017-01-11,2017-01-12,24.825000000000003,24.709999999999997,-0.11500000000000554,-5.750000000000277,-13.500000000000554,long
2017-01-13,1,2017-01-12,2017-01-13,24.765,24.744999999999997,-0.020000000000003126,-1.0000000000001563,-4.000000000000313,long
2017-01-17,1,2017-01-13,2017-01-17,24.84,24.759999999999998,-0.08000000000000185,-4.000000000000092,-10.000000000000185,long
2017-01-18,1,2017-01-17,2017-01-18,24.745,24.794999999999998,0.04999999999999716,2.499999999999858,2.999999999999716,long
2017-01-19,1,2017-01-18,2017-01-19,24.810000000000002,24.79,-0.020000000000003126,-1.0000000000001563,-4.000000000000313,long
2017-01-20,1,2017-01-19,2017-01-20,24.775000000000002,24.865,0.0899999999999963,4.499999999999815,6.9999999999996305,long
2017-01-23,1,2017-01-20,2017-01-23,24.91,24.865,-0.045000000000001705,-2.2500000000000853,-6.5000000000001705,long
2017-01-24,1,2017-01-23,2017-01-24,24.955000000000002,24.915,-0.0400000000000027,-2.000000000000135,-6.00000000000027,long
2017-01-25,1,2017-01-24,2017-01-25,25.110000000000003,25.224999999999998,0.11499999999999488,5.749999999999744,9.499999999999488,long
2017-01-26,1,2017-01-25,2017-01-26,25.35,25.325,-0.02500000000000213,-1.2500000000001066,-4.500000000000213,long
2017-01-27,1,2017-01-26,2017-01-27,25.28,25.349999999999998,0.06999999999999673,3.4999999999998366,4.999999999999673,long
2017-01-30,1,2017-01-27,2017-01-30,25.380000000000003,25.275,-0.10500000000000398,-5.250000000000199,-12.500000000000398,long
2017-01-31,1,2017-01-30,2017-01-31,25.175,25.075,-0.10000000000000142,-5.000000000000071,-12.000000000000142,long
2017-02-01,1,2017-01-31,2017-02-01,25.05,25.264999999999997,0.2149999999999963,10.749999999999815,19.49999999999963,long
2017-02-02,1,2017-02-01,2017-02-02,25.240000000000002,25.145,-0.09500000000000242,-4.750000000000121,-11.500000000000242,long
2017-02-03,1,2017-02-02,2017-02-03,25.19,25.264999999999997,0.07499999999999574,3.749999999999787,5.499999999999574,long
2017-02-06,1,2017-02-03,2017-02-06,25.355,25.299999999999997,-0.05500000000000327,-2.7500000000001634,-7.500000000000327,long
2017-02-07,1,2017-02-06,2017-02-07,25.37,25.4,0.029999999999997584,1.4999999999998792,0.9999999999997584,long
2017-02-08,1,2017-02-07,2017-02-08,25.470000000000002,25.435,-0.035000000000003695,-1.7500000000001847,-5.5000000000003695,long
2017-02-09,1,2017-02-08,2017-02-09,25.515,25.509999999999998,-0.005000000000002558,-0.2500000000001279,-2.500000000000256,long
2017-02-10,1,2017-02-09,2017-02-10,25.595000000000002,25.634999999999998,0.039999999999995595,1.9999999999997797,1.9999999999995595,long
2017-02-13,1,2017-02-10,2017-02-13,25.67,25.694999999999997,0.024999999999995026,1.2499999999997513,0.4999999999995026,long
2017-02-14,1,2017-02-13,2017-02-14,25.785,25.735,-0.05000000000000071,-2.5000000000000355,-7.000000000000071,long
2017-02-15,1,2017-02-14,2017-02-15,25.87,25.83,-0.0400000000000027,-2.000000000000135,-6.00000000000027,long
2017-02-16,1,2017-02-15,2017-02-16,25.955000000000002,25.97,0.014999999999997016,0.7499999999998508,-0.5000000000002984,long
2017-02-17,1,2017-02-16,2017-02-17,26.015,25.965,-0.05000000000000071,-2.5000000000000355,-7.000000000000071,long
2017-02-21,1,2017-02-17,2017-02-21,26.105,26.139999999999997,0.03499999999999659,1.7499999999998295,1.499999999999659,long
2017-02-22,1,2017-02-21,2017-02-22,26.240000000000002,26.194999999999997,-0.04500000000000526,-2.250000000000263,-6.500000000000526,long
2017-02-23,1,2017-02-22,2017-02-23,26.270000000000003,26.27,-3.552713678800501e-15,-1.7763568394002505e-13,-2.0000000000003553,long
2017-02-24,1,2017-02-23,2017-02-24,26.265,26.09,-0.1750000000000007,-8.750000000000036,-19.50000000000007,long
2017-02-27,1,2017-02-24,2017-02-27,26.325000000000003,26.294999999999998,-0.03000000000000469,-1.5000000000002345,-5.000000000000469,long
2017-02-28,1,2017-02-27,2017-02-28,26.310000000000002,26.244999999999997,-0.06500000000000483,-3.2500000000002416,-8.500000000000483,long
2017-03-01,1,2017-02-28,2017-03-01,26.185000000000002,26.325,0.13999999999999702,6.999999999999851,11.999999999999702,long
2017-03-02,1,2017-03-01,2017-03-02,26.555000000000003,26.509999999999998,-0.04500000000000526,-2.250000000000263,-6.500000000000526,long
2017-03-03,1,2017-03-02,2017-03-03,26.380000000000003,26.34,-0.0400000000000027,-2.000000000000135,-6.00000000000027,long
2017-03-06,1,2017-03-03,2017-03-06,26.44,26.31,-0.13000000000000256,-6.500000000000128,-15.000000000000256,long
2017-03-07,1,2017-03-06,2017-03-07,26.400000000000002,26.36,-0.0400000000000027,-2.000000000000135,-6.00000000000027,long
2017-03-08,1,2017-03-07,2017-03-08,26.400000000000002,26.41,0.00999999999999801,0.4999999999999005,-1.000000000000199,long
2017-03-09,1,2017-03-08,2017-03-09,26.430000000000003,26.415,-0.015000000000004121,-0.7500000000002061,-3.500000000000412,long
2017-03-10,1,2017-03-09,2017-03-10,26.425,26.52,0.09499999999999886,4.749999999999943,7.499999999999886,long
2017-03-13,1,2017-03-10,2017-03-13,26.565,26.544999999999998,-0.020000000000003126,-1.0000000000001563,-4.000000000000313,long
2017-03-14,1,2017-03-13,2017-03-14,26.59,26.549999999999997,-0.0400000000000027,-2.000000000000135,-6.00000000000027,long
2017-03-15,1,2017-03-14,2017-03-15,26.53,26.549999999999997,0.01999999999999602,0.999999999999801,-3.979039320256561e-13,long
2017-03-16,1,2017-03-15,2017-03-16,26.71,26.79,0.0799999999999983,3.9999999999999147,5.9999999999998295,long
2017-03-17,1,2017-03-16,2017-03-17,26.725,26.705,-0.020000000000003126,-1.0000000000001563,-4.000000000000313,long
2017-03-20,1,2017-03-17,2017-03-20,26.680000000000003,26.665,-0.015000000000004121,-0.7500000000002061,-3.500000000000412,long
2017-03-21,1,2017-03-20,2017-03-21,26.705000000000002,26.755,0.04999999999999716,2.499999999999858,2.999999999999716,long
2017-03-22,1,2017-03-21,2017-03-22,26.315,26.299999999999997,-0.015000000000004121,-0.7500000000002061,-3.500000000000412,long
2017-03-23,1,2017-03-22,2017-03-23,26.48,26.4,-0.08000000000000185,-4.000000000000092,-10.000000000000185,long
2017-03-24,1,2017-03-23,2017-03-24,26.41,26.479999999999997,0.06999999999999673,3.4999999999998366,4.999999999999673,long
2017-03-27,1,2017-03-24,2017-03-27,26.430000000000003,26.189999999999998,-0.24000000000000554,-12.000000000000277,-26.000000000000554,long
2017-03-28,1,2017-03-27,2017-03-28,26.430000000000003,26.384999999999998,-0.04500000000000526,-2.250000000000263,-6.500000000000526,long
2017-03-29,1,2017-03-28,2017-03-29,26.62,26.59,-0.030000000000001137,-1.5000000000000568,-5.000000000000114,long
2017-03-30,1,2017-03-29,2017-03-30,26.665000000000003,26.625,-0.0400000000000027,-2.000000000000135,-6.00000000000027,long
2017-03-31,1,2017-03-30,2017-03-31,26.715,26.669999999999998,-0.045000000000001705,-2.2500000000000853,-6.5000000000001705,long
2017-04-03,1,2017-03-31,2017-04-03,26.665000000000003,26.669999999999998,0.0049999999999954525,0.24999999999977263,-1.5000000000004547,long
2017-04-04,1,2017-04-03,2017-04-04,26.64,26.509999999999998,-0.13000000000000256,-6.500000000000128,-15.000000000000256,long
2017-04-05,1,2017-04-04,2017-04-05,26.66,26.665,0.004999999999999005,0.24999999999995026,-1.5000000000000995,long
2017-04-06,1,2017-04-05,2017-04-06,26.55,26.56,0.00999999999999801,0.4999999999999005,-1.000000000000199,long
2017-04-07,1,2017-04-06,2017-04-07,26.555000000000003,26.494999999999997,-0.060000000000005826,-3.0000000000002913,-8.000000000000583,long
2017-04-10,1,2017-04-07,2017-04-10,26.540000000000003,26.535,-0.005000000000002558,-0.2500000000001279,-2.500000000000256,long
2017-04-11,1,2017-04-10,2017-04-11,26.490000000000002,26.424999999999997,-0.06500000000000483,-3.2500000000002416,-8.500000000000483,long
2017-04-12,1,2017-04-11,2017-04-12,26.39,26.345,-0.045000000000001705,-2.2500000000000853,-6.5000000000001705,long
2017-04-13,1,2017-04-12,2017-04-13,26.3,26.25,-0.05000000000000071,-2.5000000000000355,-7.000000000000071,long
2017-04-17,1,2017-04-13,2017-04-17,26.195,26.255,0.05999999999999872,2.999999999999936,3.999999999999872,long
2017-04-18,1,2017-04-17,2017-04-18,26.435000000000002,26.345,-0.09000000000000341,-4.5000000000001705,-11.000000000000341,long
2017-04-19,1,2017-04-18,2017-04-19,26.430000000000003,26.45,0.01999999999999602,0.999999999999801,-3.979039320256561e-13,long
2017-04-20,1,2017-04-19,2017-04-20,26.41,26.459999999999997,0.04999999999999716,2.499999999999858,2.999999999999716,long
2017-04-21,1,2017-04-20,2017-04-21,26.650000000000002,26.639999999999997,-0.010000000000005116,-0.5000000000002558,-3.0000000000005116,long
2017-04-24,1,2017-04-21,2017-04-24,26.595000000000002,26.865,0.269999999999996,13.499999999999801,24.999999999999602,long
2017-04-25,1,2017-04-24,2017-04-25,26.91,27.0,0.08999999999999986,4.499999999999993,6.999999999999986,long
2017-04-26,1,2017-04-25,2017-04-26,27.05,27.049999999999997,-3.552713678800501e-15,-1.7763568394002505e-13,-2.0000000000003553,long
2017-04-27,1,2017-04-26,2017-04-27,27.020000000000003,27.069999999999997,0.049999999999993605,2.4999999999996803,2.9999999999993605,long
2017-04-28,1,2017-04-27,2017-04-28,27.130000000000003,27.194999999999997,0.06499999999999417,3.2499999999997087,4.499999999999417,long
2017-05-01,1,2017-04-28,2017-05-01,27.200000000000003,27.279999999999998,0.07999999999999474,3.999999999999737,5.999999999999474,long
2017-05-02,1,2017-05-01,2017-05-02,27.405,27.439999999999998,0.03499999999999659,1.7499999999998295,1.499999999999659,long
2017-05-03,1,2017-05-02,2017-05-03,27.465,27.354999999999997,-0.11000000000000298,-5.500000000000149,-13.000000000000298,long
2017-05-04,1,2017-05-03,2017-05-04,27.415000000000003,27.404999999999998,-0.010000000000005116,-0.5000000000002558,-3.0000000000005116,long
2017-05-05,1,2017-05-04,2017-05-05,27.395000000000003,27.419999999999998,0.024999999999995026,1.2499999999997513,0.4999999999995026,long
2017-05-08,1,2017-05-05,2017-05-08,27.495,27.494999999999997,-3.552713678800501e-15,-1.7763568394002505e-13,-2.0000000000003553,long
2017-05-09,1,2017-05-08,2017-05-09,27.615000000000002,27.625,0.00999999999999801,0.4999999999999005,-1.000000000000199,long
2017-05-10,1,2017-05-09,2017-05-10,27.650000000000002,27.66,0.00999999999999801,0.4999999999999005,-1.000000000000199,long
2017-05-11,1,2017-05-10,2017-05-11,27.755000000000003,27.65,-0.10500000000000398,-5.250000000000199,-12.500000000000398,long
2017-05-12,1,2017-05-11,2017-05-12,27.720000000000002,27.724999999999998,0.0049999999999954525,0.24999999999977263,-1.5000000000004547,long
2017-05-15,1,2017-05-12,2017-05-15,27.790000000000003,27.805,0.014999999999997016,0.7499999999998508,-0.5000000000002984,long
2017-05-16,1,2017-05-15,2017-05-16,27.945,27.99,0.04499999999999815,2.2499999999999076,2.4999999999998153,long
2017-05-17,1,2017-05-16,2017-05-17,28.075000000000003,27.794999999999998,-0.2800000000000047,-14.000000000000234,-30.00000000000047,long
2017-05-18,1,2017-05-17,2017-05-18,27.310000000000002,27.22,-0.09000000000000341,-4.5000000000001705,-11.000000000000341,long
2017-05-19,1,2017-05-18,2017-05-19,27.470000000000002,27.599999999999998,0.12999999999999545,6.499999999999773,10.999999999999545,long
2017-05-22,1,2017-05-19,2017-05-22,27.630000000000003,27.674999999999997,0.0449999999999946,2.24999999999973,2.49999999999946,long
2017-05-23,1,2017-05-22,2017-05-23,27.85,27.944999999999997,0.09499999999999531,4.7499999999997655,7.499999999999531,long
2017-05-24,1,2017-05-23,2017-05-24,27.900000000000002,27.974999999999998,0.07499999999999574,3.749999999999787,5.499999999999574,long
2017-05-25,1,2017-05-24,2017-05-25,28.015,28.084999999999997,0.06999999999999673,3.4999999999998366,4.999999999999673,long
2017-05-26,1,2017-05-25,2017-05-26,28.215,28.169999999999998,-0.045000000000001705,-2.2500000000000853,-6.5000000000001705,long
2017-05-30,1,2017-05-26,2017-05-30,28.200000000000003,28.189999999999998,-0.010000000000005116,-0.5000000000002558,-3.0000000000005116,long
2017-05-31,1,2017-05-30,2017-05-31,28.32,28.404999999999998,0.0849999999999973,4.249999999999865,6.49999999999973,long
2017-06-01,1,2017-05-31,2017-06-01,28.275000000000002,28.314999999999998,0.039999999999995595,1.9999999999997797,1.9999999999995595,long
2017-06-02,1,2017-06-01,2017-06-02,28.345000000000002,28.43,0.0849999999999973,4.249999999999865,6.49999999999973,long
2017-06-05,1,2017-06-02,2017-06-05,28.605,28.584999999999997,-0.020000000000003126,-1.0000000000001563,-4.000000000000313,long
2017-06-06,1,2017-06-05,2017-06-06,28.630000000000003,28.575,-0.05500000000000327,-2.7500000000001634,-7.500000000000327,long
2017-06-07,1,2017-06-06,2017-06-07,28.575000000000003,28.619999999999997,0.0449999999999946,2.24999999999973,2.49999999999946,long
2017-06-08,1,2017-06-07,2017-06-08,28.665000000000003,28.694999999999997,0.02999999999999403,1.4999999999997016,0.9999999999994031,long
2017-06-09,1,2017-06-08,2017-06-09,28.73,28.75,0.019999999999999574,0.9999999999999787,-4.263256414560601e-14,long
2017-06-12,1,2017-06-09,2017-06-12,28.020000000000003,27.709999999999997,-0.3100000000000058,-15.500000000000291,-33.00000000000058,long
2017-06-13,1,2017-06-12,2017-06-13,27.855,27.97,0.11499999999999844,5.749999999999922,9.499999999999844,long
2017-06-14,1,2017-06-13,2017-06-14,28.055000000000003,28.145,0.0899999999999963,4.499999999999815,6.9999999999996305,long
2017-06-15,1,2017-06-14,2017-06-15,27.92,27.584999999999997,-0.3350000000000044,-16.75000000000022,-35.50000000000044,long
2017-06-16,1,2017-06-15,2017-06-16,27.795,27.665,-0.13000000000000256,-6.500000000000128,-15.000000000000256,long
2017-06-19,1,2017-06-16,2017-06-19,27.635,27.825,0.18999999999999773,9.499999999999886,16.999999999999773,long
2017-06-20,1,2017-06-19,2017-06-20,28.045,28.014999999999997,-0.03000000000000469,-1.5000000000002345,-5.000000000000469,long
2017-06-21,1,2017-06-20,2017-06-21,27.82,27.895,0.07499999999999929,3.7499999999999645,5.499999999999929,long
2017-06-22,1,2017-06-21,2017-06-22,27.975,28.04,0.06499999999999773,3.2499999999998863,4.499999999999773,long
2017-06-23,1,2017-06-22,2017-06-23,27.985000000000003,27.939999999999998,-0.04500000000000526,-2.250000000000263,-6.500000000000526,long
2017-06-26,1,2017-06-23,2017-06-26,28.16,28.29,0.129999999999999,6.49999999999995,10.9999999999999,long
2017-06-27,1,2017-06-26,2017-06-27,28.01,27.84,-0.1700000000000017,-8.500000000000085,-19.00000000000017,long
2017-06-28,1,2017-06-27,2017-06-28,27.55,27.634999999999998,0.0849999999999973,4.249999999999865,6.49999999999973,long
2017-06-29,1,2017-06-28,2017-06-29,27.895000000000003,27.744999999999997,-0.15000000000000568,-7.500000000000284,-17.00000000000057,long
2017-06-30,1,2017-06-29,2017-06-30,27.395000000000003,27.49,0.09499999999999531,4.7499999999997655,7.499999999999531,long
2017-07-03,1,2017-06-30,2017-07-03,27.37,27.465,0.09499999999999886,4.749999999999943,7.499999999999886,long
2017-07-05,1,2017-07-03,2017-07-05,27.180000000000003,27.259999999999998,0.07999999999999474,3.999999999999737,5.999999999999474,long
2017-07-06,1,2017-07-05,2017-07-06,27.450000000000003,27.189999999999998,-0.2600000000000051,-13.000000000000256,-28.00000000000051,long
2017-07-07,1,2017-07-06,2017-07-07,27.200000000000003,27.279999999999998,0.07999999999999474,3.999999999999737,5.999999999999474,long
2017-07-10,1,2017-07-07,2017-07-10,27.515,27.5,-0.015000000000000568,-0.7500000000000284,-3.500000000000057,long
2017-07-11,1,2017-07-10,2017-07-11,27.715,27.665,-0.05000000000000071,-2.5000000000000355,-7.000000000000071,long
2017-07-12,1,2017-07-11,2017-07-12,27.775000000000002,27.944999999999997,0.1699999999999946,8.49999999999973,14.99999999999946,long
2017-07-13,1,2017-07-12,2017-07-13,28.135,28.154999999999998,0.01999999999999602,0.999999999999801,-3.979039320256561e-13,long
2017-07-14,1,2017-07-13,2017-07-14,28.19,28.29,0.09999999999999787,4.999999999999893,7.999999999999787,long
2017-07-17,1,2017-07-14,2017-07-17,28.44,28.444999999999997,0.0049999999999954525,0.24999999999977263,-1.5000000000004547,long
2017-07-18,1,2017-07-17,2017-07-18,28.445,28.369999999999997,-0.07500000000000284,-3.750000000000142,-9.500000000000284,long
2017-07-19,1,2017-07-18,2017-07-19,28.575000000000003,28.599999999999998,0.024999999999995026,1.2499999999997513,0.4999999999995026,long
2017-07-20,1,2017-07-19,2017-07-20,28.720000000000002,28.779999999999998,0.05999999999999517,2.9999999999997584,3.999999999999517,long
2017-07-21,1,2017-07-20,2017-07-21,28.78,28.634999999999998,-0.14500000000000313,-7.250000000000156,-16.500000000000313,long
2017-07-24,1,2017-07-21,2017-07-24,28.745,28.709999999999997,-0.035000000000003695,-1.7500000000001847,-5.5000000000003695,long
2017-07-25,1,2017-07-24,2017-07-25,28.815,28.705,-0.11000000000000298,-5.500000000000149,-13.000000000000298,long
2017-07-26,1,2017-07-25,2017-07-26,28.76,28.895,0.134999999999998,6.7499999999999005,11.499999999999801,long
2017-07-27,1,2017-07-26,2017-07-27,28.87,29.055,0.18499999999999872,9.249999999999936,16.499999999999872,long
2017-07-28,1,2017-07-27,2017-07-28,28.76,28.595,-0.1650000000000027,-8.250000000000135,-18.50000000000027,long
2017-07-31,1,2017-07-28,2017-07-31,28.73,28.755,0.02499999999999858,1.249999999999929,0.4999999999998579,long
2017-08-01,1,2017-07-31,2017-08-01,28.59,28.715,0.125,6.25,10.5,long
2017-08-02,1,2017-08-01,2017-08-02,28.735000000000003,29.009999999999998,0.274999999999995,13.749999999999751,25.499999999999503,long
2017-08-03,1,2017-08-02,2017-08-03,28.815,28.834999999999997,0.01999999999999602,0.999999999999801,-3.979039320256561e-13,long
2017-08-04,1,2017-08-03,2017-08-04,28.75,28.79,0.03999999999999915,1.9999999999999574,1.9999999999999147,long
2017-08-07,1,2017-08-04,2017-08-07,28.815,28.834999999999997,0.01999999999999602,0.999999999999801,-3.979039320256561e-13,long
2017-08-08,1,2017-08-07,2017-08-08,28.990000000000002,28.93,-0.060000000000002274,-3.0000000000001137,-8.000000000000227,long
2017-08-09,1,2017-08-08,2017-08-09,28.950000000000003,28.744999999999997,-0.2050000000000054,-10.25000000000027,-22.50000000000054,long
2017-08-10,1,2017-08-09,2017-08-10,28.935000000000002,28.759999999999998,-0.17500000000000426,-8.750000000000213,-19.500000000000426,long
2017-08-11,1,2017-08-10,2017-08-11,28.365000000000002,28.389999999999997,0.024999999999995026,1.2499999999997513,0.4999999999995026,long
2017-08-14,1,2017-08-11,2017-08-14,28.560000000000002,28.799999999999997,0.23999999999999488,11.999999999999744,21.99999999999949,long
2017-08-15,1,2017-08-14,2017-08-15,29.015,29.055,0.03999999999999915,1.9999999999999574,1.9999999999999147,long
2017-08-16,1,2017-08-15,2017-08-16,29.060000000000002,29.084999999999997,0.024999999999995026,1.2499999999997513,0.4999999999995026,long
2017-08-17,1,2017-08-16,2017-08-17,29.145000000000003,29.014999999999997,-0.1300000000000061,-6.5000000000003055,-15.000000000000611,long
2017-08-18,1,2017-08-17,2017-08-18,28.575000000000003,28.555,-0.020000000000003126,-1.0000000000001563,-4.000000000000313,long
2017-08-21,1,2017-08-18,2017-08-21,28.545,28.544999999999998,-3.552713678800501e-15,-1.7763568394002505e-13,-2.0000000000003553,long
2017-08-22,1,2017-08-21,2017-08-22,28.535,28.665,0.129999999999999,6.49999999999995,10.9999999999999,long
2017-08-23,1,2017-08-22,2017-08-23,28.96,28.779999999999998,-0.18000000000000327,-9.000000000000163,-20.000000000000327,long
2017-08-24,1,2017-08-23,2017-08-24,28.89,28.939999999999998,0.04999999999999716,2.499999999999858,2.999999999999716,long
2017-08-25,1,2017-08-24,2017-08-25,28.865000000000002,28.939999999999998,0.07499999999999574,3.749999999999787,5.499999999999574,long
2017-08-28,1,2017-08-25,2017-08-28,28.860000000000003,28.91,0.04999999999999716,2.499999999999858,2.999999999999716,long
2017-08-29,1,2017-08-28,2017-08-29,28.915000000000003,28.63,-0.2850000000000037,-14.250000000000185,-30.50000000000037,long
2017-08-30,1,2017-08-29,2017-08-30,29.040000000000003,29.049999999999997,0.009999999999994458,0.4999999999997229,-1.0000000000005542,long
2017-08-31,1,2017-08-30,2017-08-31,29.25,29.299999999999997,0.04999999999999716,2.499999999999858,2.999999999999716,long
2017-09-01,1,2017-08-31,2017-09-01,29.425,29.479999999999997,0.05499999999999616,2.749999999999808,3.4999999999996163,long
2017-09-05,1,2017-09-01,2017-09-05,29.400000000000002,29.294999999999998,-0.10500000000000398,-5.250000000000199,-12.500000000000398,long
2017-09-06,1,2017-09-05,2017-09-06,29.14,29.209999999999997,0.06999999999999673,3.4999999999998366,4.999999999999673,long
2017-09-07,1,2017-09-06,2017-09-07,29.165000000000003,29.24,0.07499999999999574,3.749999999999787,5.499999999999574,long
2017-09-08,1,2017-09-07,2017-09-08,29.265,29.2,-0.06500000000000128,-3.250000000000064,-8.500000000000128,long
2017-09-11,1,2017-09-08,2017-09-11,29.025000000000002,29.235,0.2099999999999973,10.499999999999865,18.99999999999973,long
2017-09-12,1,2017-09-11,2017-09-12,29.435000000000002,29.5,0.06499999999999773,3.2499999999998863,4.499999999999773,long
2017-09-13,1,2017-09-12,2017-09-13,29.505000000000003,29.41,-0.09500000000000242,-4.750000000000121,-11.500000000000242,long
2017-09-14,1,2017-09-13,2017-09-14,29.465,29.334999999999997,-0.13000000000000256,-6.500000000000128,-15.000000000000256,long
2017-09-15,1,2017-09-14,2017-09-15,29.365000000000002,29.215,-0.15000000000000213,-7.500000000000107,-17.000000000000213,long
2017-09-18,1,2017-09-15,2017-09-18,29.380000000000003,29.404999999999998,0.024999999999995026,1.2499999999997513,0.4999999999995026,long
2017-09-19,1,2017-09-18,2017-09-19,29.405,29.43,0.02499999999999858,1.249999999999929,0.4999999999998579,long
2017-09-20,1,2017-09-19,2017-09-20,29.535,29.509999999999998,-0.02500000000000213,-1.2500000000001066,-4.500000000000213,long
2017-09-21,1,2017-09-20,2017-09-21,29.415000000000003,29.384999999999998,-0.03000000000000469,-1.5000000000002345,-5.000000000000469,long
2017-09-22,1,2017-09-21,2017-09-22,29.255000000000003,29.139999999999997,-0.11500000000000554,-5.750000000000277,-13.500000000000554,long
2017-09-25,1,2017-09-22,2017-09-25,29.270000000000003,29.154999999999998,-0.11500000000000554,-5.750000000000277,-13.500000000000554,long
2017-09-26,1,2017-09-25,2017-09-26,28.925,29.06,0.134999999999998,6.7499999999999005,11.499999999999801,long
2017-09-27,1,2017-09-26,2017-09-27,29.03,29.139999999999997,0.10999999999999588,5.499999999999794,8.999999999999588,long
2017-09-28,1,2017-09-27,2017-09-28,29.325000000000003,29.229999999999997,-0.09500000000000597,-4.750000000000298,-11.500000000000597,long
2017-09-29,1,2017-09-28,2017-09-29,29.360000000000003,29.389999999999997,0.02999999999999403,1.4999999999997016,0.9999999999994031,long
2017-10-02,1,2017-09-29,2017-10-02,29.560000000000002,29.615,0.05499999999999616,2.749999999999808,3.4999999999996163,long
2017-10-03,1,2017-10-02,2017-10-03,29.605,29.61,0.004999999999999005,0.24999999999995026,-1.5000000000000995,long
2017-10-04,1,2017-10-03,2017-10-04,29.675,29.604999999999997,-0.07000000000000384,-3.500000000000192,-9.000000000000384,long
2017-10-05,1,2017-10-04,2017-10-05,29.655,29.724999999999998,0.06999999999999673,3.4999999999998366,4.999999999999673,long
2017-10-06,1,2017-10-05,2017-10-06,29.94,29.819999999999997,-0.12000000000000455,-6.000000000000227,-14.000000000000455,long
2017-10-09,1,2017-10-06,2017-10-09,29.985000000000003,30.009999999999998,0.024999999999995026,1.2499999999997513,0.4999999999995026,long
2017-10-10,1,2017-10-09,2017-10-10,30.060000000000002,30.134999999999998,0.07499999999999574,3.749999999999787,5.499999999999574,long
2017-10-11,1,2017-10-10,2017-10-11,30.09,30.029999999999998,-0.060000000000002274,-3.0000000000001137,-8.000000000000227,long
2017-10-12,1,2017-10-11,2017-10-12,30.19,30.099999999999998,-0.09000000000000341,-4.5000000000001705,-11.000000000000341,long
2017-10-13,1,2017-10-12,2017-10-13,30.115000000000002,30.205,0.0899999999999963,4.499999999999815,6.9999999999996305,long
2017-10-16,1,2017-10-13,2017-10-16,30.26,30.314999999999998,0.05499999999999616,2.749999999999808,3.4999999999996163,long
2017-10-17,1,2017-10-16,2017-10-17,30.37,30.34,-0.030000000000001137,-1.5000000000000568,-5.000000000000114,long
2017-10-18,1,2017-10-17,2017-10-18,30.37,30.439999999999998,0.06999999999999673,3.4999999999998366,4.999999999999673,long
2017-10-19,1,2017-10-18,2017-10-19,30.445,30.294999999999998,-0.15000000000000213,-7.500000000000107,-17.000000000000213,long
2017-10-20,1,2017-10-19,2017-10-20,30.355,30.52,0.16499999999999915,8.249999999999957,14.499999999999915,long
2017-10-23,1,2017-10-20,2017-10-23,30.560000000000002,30.59,0.029999999999997584,1.4999999999998792,0.9999999999997584,long
2017-10-24,1,2017-10-23,2017-10-24,30.415000000000003,30.455,0.039999999999995595,1.9999999999997797,1.9999999999995595,long
2017-10-25,1,2017-10-24,2017-10-25,30.5,30.41,-0.08999999999999986,-4.499999999999993,-10.999999999999986,long
2017-10-26,1,2017-10-25,2017-10-26,30.335,30.49,0.15499999999999758,7.749999999999879,13.499999999999758,long
2017-10-27,1,2017-10-26,2017-10-27,30.46,30.93,0.46999999999999886,23.499999999999943,44.999999999999886,long
2017-10-30,1,2017-10-27,2017-10-30,31.28,31.27,-0.010000000000001563,-0.5000000000000782,-3.0000000000001563,long
2017-10-31,1,2017-10-30,2017-10-31,31.35,31.45,0.09999999999999787,4.999999999999893,7.999999999999787,long
2017-11-01,1,2017-10-31,2017-11-01,31.485000000000003,31.615,0.12999999999999545,6.499999999999773,10.999999999999545,long
2017-11-02,1,2017-11-01,2017-11-02,31.490000000000002,31.47,-0.020000000000003126,-1.0000000000001563,-4.000000000000313,long
2017-11-03,1,2017-11-02,2017-11-03,31.505000000000003,31.65,0.14499999999999602,7.249999999999801,12.499999999999602,long
2017-11-06,1,2017-11-03,2017-11-06,31.755000000000003,31.715,-0.0400000000000027,-2.000000000000135,-6.00000000000027,long
2017-11-07,1,2017-11-06,2017-11-07,31.825000000000003,31.84,0.014999999999997016,0.7499999999998508,-0.5000000000002984,long
2017-11-08,1,2017-11-07,2017-11-08,31.84,31.819999999999997,-0.020000000000003126,-1.0000000000001563,-4.000000000000313,long
2017-11-09,1,2017-11-08,2017-11-09,32.015,31.75,-0.26500000000000057,-13.250000000000028,-28.500000000000057,long
2017-11-10,1,2017-11-09,2017-11-10,31.76,31.7,-0.060000000000002274,-3.0000000000001137,-8.000000000000227,long
2017-11-13,1,2017-11-10,2017-11-13,31.76,31.619999999999997,-0.14000000000000412,-7.000000000000206,-16.000000000000412,long
2017-11-14,1,2017-11-13,2017-11-14,31.75,31.634999999999998,-0.11500000000000199,-5.7500000000000995,-13.500000000000199,long
2017-11-15,1,2017-11-14,2017-11-15,31.685000000000002,31.509999999999998,-0.17500000000000426,-8.750000000000213,-19.500000000000426,long
2017-11-16,1,2017-11-15,2017-11-16,31.450000000000003,31.66,0.2099999999999973,10.499999999999865,18.99999999999973,long
2017-11-17,1,2017-11-16,2017-11-17,31.89,31.825,-0.06500000000000128,-3.250000000000064,-8.500000000000128,long
2017-11-20,1,2017-11-17,2017-11-20,31.685000000000002,31.74,0.05499999999999616,2.749999999999808,3.4999999999996163,long
2017-11-21,1,2017-11-20,2017-11-21,31.805000000000003,31.91,0.10499999999999687,5.249999999999844,8.499999999999687,long
2017-11-22,1,2017-11-21,2017-11-22,32.14,32.120000000000005,-0.01999999999999602,-0.999999999999801,-3.999999999999602,long
2017-11-24,1,2017-11-22,2017-11-24,32.08,32.11,0.030000000000001137,1.5000000000000568,1.0000000000001137,long
2017-11-27,1,2017-11-24,2017-11-27,32.26,32.185,-0.07499999999999574,-3.749999999999787,-9.499999999999574,long
2017-11-28,1,2017-11-27,2017-11-28,32.26,32.29,0.030000000000001137,1.5000000000000568,1.0000000000001137,long
2017-11-29,1,2017-11-28,2017-11-29,32.364999999999995,32.29,-0.07499999999999574,-3.749999999999787,-9.499999999999574,long
2017-11-30,1,2017-11-29,2017-11-30,31.650000000000002,31.77,0.11999999999999744,5.999999999999872,9.999999999999744,long
2017-12-01,1,2017-11-30,2017-12-01,31.930000000000003,31.715,-0.2150000000000034,-10.75000000000017,-23.50000000000034,long
2017-12-04,1,2017-12-01,2017-12-04,31.765,31.944999999999997,0.17999999999999616,8.999999999999808,15.999999999999616,long
2017-12-05,1,2017-12-04,2017-12-05,31.255000000000003,31.18,-0.07500000000000284,-3.750000000000142,-9.500000000000284,long
2017-12-06,1,2017-12-05,2017-12-06,31.265,31.119999999999997,-0.14500000000000313,-7.250000000000156,-16.500000000000313,long
2017-12-07,1,2017-12-06,2017-12-07,31.465,31.479999999999997,0.014999999999997016,0.7499999999998508,-0.5000000000002984,long
2017-12-08,1,2017-12-07,2017-12-08,31.66,31.849999999999998,0.18999999999999773,9.499999999999886,16.999999999999773,long
2017-12-11,1,2017-12-08,2017-12-11,31.810000000000002,31.775,-0.035000000000003695,-1.7500000000001847,-5.5000000000003695,long
2017-12-12,1,2017-12-11,2017-12-12,32.085,32.045,-0.03999999999999915,-1.9999999999999574,-5.999999999999915,long
2017-12-13,1,2017-12-12,2017-12-13,32.074999999999996,32.165,0.09000000000000341,4.5000000000001705,7.000000000000341,long
2017-12-14,1,2017-12-13,2017-12-14,32.085,32.105000000000004,0.020000000000003126,1.0000000000001563,3.126388037344441e-13,long
2017-12-15,1,2017-12-14,2017-12-15,32.044999999999995,32.005,-0.03999999999999204,-1.999999999999602,-5.999999999999204,long
2017-12-18,1,2017-12-15,2017-12-18,32.29,32.5,0.21000000000000085,10.500000000000043,19.000000000000085,long
2017-12-19,1,2017-12-18,2017-12-19,32.574999999999996,32.49,-0.08499999999999375,-4.249999999999687,-10.499999999999375,long
2017-12-20,1,2017-12-19,2017-12-20,32.375,32.495000000000005,0.12000000000000455,6.000000000000227,10.000000000000455,long
2017-12-21,1,2017-12-20,2017-12-21,32.364999999999995,32.4,0.035000000000003695,1.7500000000001847,1.5000000000003695,long
2017-12-22,1,2017-12-21,2017-12-22,32.3,32.225,-0.07499999999999574,-3.749999999999787,-9.499999999999574,long
2017-12-26,1,2017-12-22,2017-12-26,32.28,32.06,-0.21999999999999886,-10.999999999999943,-23.999999999999886,long
2017-12-27,1,2017-12-26,2017-12-27,32.065,32.050000000000004,-0.014999999999993463,-0.7499999999996732,-3.4999999999993463,long
2017-12-28,1,2017-12-27,2017-12-28,32.1,32.185,0.08500000000000085,4.250000000000043,6.500000000000085,long
2017-12-29,1,2017-12-28,2017-12-29,32.155,32.155,0.0,0.0,-2.0,long
2018-01-02,1,2017-12-29,2018-01-02,31.985000000000003,32.095,0.10999999999999588,5.499999999999794,8.999999999999588,long
2018-01-03,1,2018-01-02,2018-01-03,32.379999999999995,32.42,0.04000000000000625,2.0000000000003126,2.0000000000006253,long
2018-01-04,1,2018-01-03,2018-01-04,32.65,32.760000000000005,0.11000000000000654,5.500000000000327,9.000000000000654,long
2018-01-05,1,2018-01-04,2018-01-05,32.815,32.965,0.15000000000000568,7.500000000000284,13.000000000000568,long
2018-01-08,1,2018-01-05,2018-01-08,33.16,33.125,-0.03499999999999659,-1.7499999999998295,-5.499999999999659,long
2018-01-09,1,2018-01-08,2018-01-09,33.285,33.330000000000005,0.04500000000000881,2.2500000000004405,2.500000000000881,long
2018-01-10,1,2018-01-09,2018-01-10,33.199999999999996,33.0,-0.19999999999999574,-9.999999999999787,-21.999999999999574,long
2018-01-11,1,2018-01-10,2018-01-11,33.085,33.14,0.054999999999999716,2.749999999999986,3.4999999999999716,long
2018-01-12,1,2018-01-11,2018-01-12,33.22,33.160000000000004,-0.05999999999999517,-2.9999999999997584,-7.999999999999517,long
2018-01-16,1,2018-01-12,2018-01-16,33.415,33.6,0.18500000000000227,9.250000000000114,16.500000000000227,long
2018-01-17,1,2018-01-16,2018-01-17,33.285,33.455000000000005,0.1700000000000088,8.50000000000044,15.000000000000881,long
2018-01-18,1,2018-01-17,2018-01-18,33.785,33.765,-0.01999999999999602,-0.999999999999801,-3.999999999999602,long
2018-01-19,1,2018-01-18,2018-01-19,33.845,33.89,0.045000000000001705,2.2500000000000853,2.5000000000001705,long
2018-01-22,1,2018-01-19,2018-01-22,33.91,33.865,-0.0449999999999946,-2.24999999999973,-6.49999999999946,long
2018-01-23,1,2018-01-22,2018-01-23,34.239999999999995,34.330000000000005,0.09000000000001052,4.500000000000526,7.000000000001052,long
2018-01-24,1,2018-01-23,2018-01-24,34.39,34.46,0.07000000000000028,3.500000000000014,5.000000000000028,long
2018-01-25,1,2018-01-24,2018-01-25,34.125,34.32,0.19500000000000028,9.750000000000014,17.50000000000003,long
2018-01-26,1,2018-01-25,2018-01-26,34.065,34.28,0.2150000000000034,10.75000000000017,19.50000000000034,long
2018-01-29,1,2018-01-26,2018-01-29,34.605,34.485,-0.11999999999999744,-5.999999999999872,-13.999999999999744,long
2018-01-30,1,2018-01-29,2018-01-30,34.29,33.99,-0.29999999999999716,-14.999999999999858,-31.999999999999716,long
2018-01-31,1,2018-01-30,2018-01-31,33.98,34.160000000000004,0.18000000000000682,9.000000000000341,16.000000000000682,long
2018-02-01,1,2018-01-31,2018-02-01,34.235,34.14,-0.09499999999999886,-4.749999999999943,-11.499999999999886,long
2018-02-02,1,2018-02-01,2018-02-02,34.265,33.86,-0.40500000000000114,-20.250000000000057,-42.500000000000114,long
2018-02-05,1,2018-02-02,2018-02-05,33.25,32.89,-0.35999999999999943,-17.99999999999997,-37.99999999999994,long
2018-02-06,1,2018-02-05,2018-02-06,31.860000000000003,31.41,-0.45000000000000284,-22.500000000000142,-47.000000000000284,long
2018-02-07,1,2018-02-06,2018-02-07,32.775,32.675000000000004,-0.09999999999999432,-4.999999999999716,-11.999999999999432,long
2018-02-08,1,2018-02-07,2018-02-08,32.355,32.425000000000004,0.07000000000000739,3.5000000000003695,5.000000000000739,long
2018-02-09,1,2018-02-08,2018-02-09,31.015,31.494999999999997,0.4799999999999969,23.999999999999844,45.99999999999969,long
2018-02-12,1,2018-02-09,2018-02-12,31.775000000000002,32.095,0.31999999999999673,15.999999999999837,29.999999999999673,long
2018-02-13,1,2018-02-12,2018-02-13,32.345,32.13,-0.2149999999999963,-10.749999999999815,-23.49999999999963,long
2018-02-14,1,2018-02-13,2018-02-14,32.425,32.225,-0.19999999999999574,-9.999999999999787,-21.999999999999574,long
2018-02-15,1,2018-02-14,2018-02-15,33.019999999999996,33.300000000000004,0.28000000000000824,14.000000000000412,26.000000000000824,long
2018-02-16,1,2018-02-15,2018-02-16,33.65,33.53,-0.11999999999999744,-5.999999999999872,-13.999999999999744,long
2018-02-20,1,2018-02-16,2018-02-20,33.6,33.410000000000004,-0.18999999999999773,-9.499999999999886,-20.999999999999773,long
2018-02-21,1,2018-02-20,2018-02-21,33.629999999999995,33.74,0.11000000000000654,5.500000000000327,9.000000000000654,long
2018-02-22,1,2018-02-21,2018-02-22,33.415,33.510000000000005,0.09500000000000597,4.750000000000298,7.500000000000597,long
2018-02-23,1,2018-02-22,2018-02-23,33.455,33.71,0.25500000000000256,12.750000000000128,23.500000000000256,long
2018-02-26,1,2018-02-23,2018-02-26,34.155,34.28,0.125,6.25,10.5,long
2018-02-27,1,2018-02-26,2018-02-27,34.69,34.685,-0.0049999999999954525,-0.24999999999977263,-2.4999999999995453,long
2018-02-28,1,2018-02-27,2018-02-28,34.339999999999996,34.515,0.17500000000000426,8.750000000000213,15.500000000000426,long
2018-03-01,1,2018-02-28,2018-03-01,34.095,34.005,-0.0899999999999963,-4.499999999999815,-10.99999999999963,long
2018-03-02,1,2018-03-01,2018-03-02,33.53,33.13,-0.3999999999999986,-19.99999999999993,-41.99999999999986,long
2018-03-05,1,2018-03-02,2018-03-05,33.85,33.65,-0.20000000000000284,-10.000000000000142,-22.000000000000284,long
2018-03-06,1,2018-03-05,2018-03-06,34.195,34.370000000000005,0.17500000000000426,8.750000000000213,15.500000000000426,long
2018-03-07,1,2018-03-06,2018-03-07,34.269999999999996,33.995000000000005,-0.2749999999999915,-13.749999999999574,-29.499999999999147,long
2018-03-08,1,2018-03-07,2018-03-08,34.46,34.545,0.08500000000000085,4.250000000000043,6.500000000000085,long
2018-03-09,1,2018-03-08,2018-03-09,34.61,34.835,0.22500000000000142,11.250000000000071,20.500000000000142,long
2018-03-12,1,2018-03-09,2018-03-12,35.265,35.35,0.08500000000000085,4.250000000000043,6.500000000000085,long
2018-03-13,1,2018-03-12,2018-03-13,35.375,35.535000000000004,0.1600000000000037,8.000000000000185,14.00000000000037,long
2018-03-14,1,2018-03-13,2018-03-14,34.97,35.125,0.15500000000000114,7.750000000000057,13.500000000000114,long
2018-03-15,1,2018-03-14,2018-03-15,34.94,34.93,-0.00999999999999801,-0.4999999999999005,-2.999999999999801,long
2018-03-16,1,2018-03-15,2018-03-16,34.96,34.89,-0.07000000000000028,-3.500000000000014,-9.000000000000028,long
2018-03-19,1,2018-03-16,2018-03-19,34.815,34.47,-0.34499999999999886,-17.249999999999943,-36.499999999999886,long
2018-03-20,1,2018-03-19,2018-03-20,34.125,34.02,-0.10499999999999687,-5.249999999999844,-12.499999999999687,long
2018-03-21,1,2018-03-20,2018-03-21,34.11,34.015,-0.09499999999999886,-4.749999999999943,-11.499999999999886,long
2018-03-22,1,2018-03-21,2018-03-22,33.905,33.475,-0.4299999999999997,-21.499999999999986,-44.99999999999997,long
2018-03-23,1,2018-03-22,2018-03-23,33.03,32.99,-0.03999999999999915,-1.9999999999999574,-5.999999999999915,long
2018-03-26,1,2018-03-23,2018-03-26,32.15,32.785000000000004,0.6350000000000051,31.750000000000256,61.50000000000051,long
2018-03-27,1,2018-03-26,2018-03-27,33.37,33.555,0.18500000000000227,9.250000000000114,16.500000000000227,long
2018-03-28,1,2018-03-27,2018-03-28,32.3,32.205000000000005,-0.09499999999999176,-4.749999999999588,-11.499999999999176,long
2018-03-29,1,2018-03-28,2018-03-29,32.085,32.295,0.21000000000000085,10.500000000000043,19.000000000000085,long
2018-04-02,1,2018-03-29,2018-04-02,32.72,32.57,-0.14999999999999858,-7.499999999999929,-16.999999999999858,long
2018-04-03,1,2018-04-02,2018-04-03,31.94,32.160000000000004,0.22000000000000242,11.00000000000012,20.00000000000024,long
2018-04-04,1,2018-04-03,2018-04-04,32.254999999999995,31.645,-0.6099999999999959,-30.499999999999794,-62.99999999999959,long
2018-04-05,1,2018-04-04,2018-04-05,32.705,32.985,0.28000000000000114,14.000000000000057,26.000000000000114,long
2018-04-06,1,2018-04-05,2018-04-06,32.839999999999996,32.480000000000004,-0.3599999999999923,-17.999999999999616,-37.99999999999923,long
2018-04-09,1,2018-04-06,2018-04-09,32.035,32.25,0.2150000000000034,10.75000000000017,19.50000000000034,long
2018-04-10,1,2018-04-09,2018-04-10,32.285,32.775,0.490000000000002,24.5000000000001,47.0000000000002,long
2018-04-11,1,2018-04-10,2018-04-11,33.08,32.855000000000004,-0.22499999999999432,-11.249999999999716,-24.49999999999943,long
2018-04-12,1,2018-04-11,2018-04-12,32.885,33.07,0.18500000000000227,9.250000000000114,16.500000000000227,long
2018-04-13,1,2018-04-12,2018-04-13,33.28,33.49,0.21000000000000085,10.500000000000043,19.000000000000085,long
2018-04-16,1,2018-04-13,2018-04-16,33.169999999999995,33.38,0.21000000000000796,10.500000000000398,19.000000000000796,long
2018-04-17,1,2018-04-16,2018-04-17,33.425,33.7,0.2750000000000057,13.750000000000284,25.50000000000057,long
2018-04-18,1,2018-04-17,2018-04-18,34.044999999999995,33.99,-0.05499999999999261,-2.7499999999996305,-7.499999999999261,long
2018-04-19,1,2018-04-18,2018-04-19,33.955,33.72,-0.23499999999999943,-11.749999999999972,-25.499999999999943,long
2018-04-20,1,2018-04-19,2018-04-20,33.58,33.46,-0.11999999999999744,-5.999999999999872,-13.999999999999744,long
2018-04-23,1,2018-04-20,2018-04-23,33.114999999999995,33.22,0.10500000000000398,5.250000000000199,8.500000000000398,long
2018-04-24,1,2018-04-23,2018-04-24,32.995,33.165,0.1700000000000017,8.500000000000085,15.00000000000017,long
2018-04-25,1,2018-04-24,2018-04-25,32.419999999999995,32.45,0.030000000000008242,1.5000000000004121,1.0000000000008242,long
2018-04-26,1,2018-04-25,2018-04-26,32.425,32.81,0.3850000000000051,19.250000000000256,36.50000000000051,long
2018-04-27,1,2018-04-26,2018-04-27,33.015,33.325,0.3100000000000023,15.500000000000114,29.000000000000227,long
2018-04-30,1,2018-04-27,2018-04-30,32.955,33.02,0.06500000000000483,3.2500000000002416,4.500000000000483,long
2018-05-01,1,2018-04-30,2018-05-01,32.739999999999995,32.675000000000004,-0.06499999999999062,-3.249999999999531,-8.499999999999062,long
2018-05-02,1,2018-05-01,2018-05-02,33.15,33.34,0.19000000000000483,9.500000000000242,17.000000000000483,long
2018-05-03,1,2018-05-02,2018-05-03,33.114999999999995,32.945,-0.1699999999999946,-8.49999999999973,-18.99999999999946,long
2018-05-04,1,2018-05-03,2018-05-04,33.19,33.045,-0.14499999999999602,-7.249999999999801,-16.499999999999602,long
2018-05-07,1,2018-05-04,2018-05-07,33.82,33.96,0.14000000000000057,7.000000000000028,12.000000000000057,long
2018-05-08,1,2018-05-07,2018-05-08,34.055,33.980000000000004,-0.07499999999999574,-3.749999999999787,-9.499999999999574,long
2018-05-09,1,2018-05-08,2018-05-09,34.129999999999995,34.195,0.06500000000000483,3.2500000000002416,4.500000000000483,long
2018-05-10,1,2018-05-09,2018-05-10,34.55,34.690000000000005,0.14000000000000767,7.000000000000384,12.000000000000767,long
2018-05-11,1,2018-05-10,2018-05-11,35.0,34.945,-0.054999999999999716,-2.749999999999986,-7.499999999999972,long
2018-05-14,1,2018-05-11,2018-05-14,34.949999999999996,35.045,0.09500000000000597,4.750000000000298,7.500000000000597,long
2018-05-15,1,2018-05-14,2018-05-15,34.945,34.68,-0.26500000000000057,-13.250000000000028,-28.500000000000057,long
2018-05-16,1,2018-05-15,2018-05-16,34.614999999999995,34.65,0.035000000000003695,1.7500000000001847,1.5000000000003695,long
2018-05-17,1,2018-05-16,2018-05-17,34.769999999999996,34.625,-0.14499999999999602,-7.249999999999801,-16.499999999999602,long
2018-05-18,1,2018-05-17,2018-05-18,34.589999999999996,34.455000000000005,-0.1349999999999909,-6.749999999999545,-15.49999999999909,long
2018-05-21,1,2018-05-18,2018-05-21,34.445,34.74,0.2950000000000017,14.750000000000085,27.50000000000017,long
2018-05-22,1,2018-05-21,2018-05-22,34.745,34.895,0.15000000000000568,7.500000000000284,13.000000000000568,long
2018-05-23,1,2018-05-22,2018-05-23,34.695,34.39,-0.3049999999999997,-15.249999999999986,-32.49999999999997,long
2018-05-24,1,2018-05-23,2018-05-24,34.949999999999996,34.92,-0.02999999999999403,-1.4999999999997016,-4.999999999999403,long
2018-05-25,1,2018-05-24,2018-05-25,34.91,34.915,0.005000000000002558,0.2500000000001279,-1.4999999999997442,long
2018-05-29,1,2018-05-25,2018-05-29,34.885,34.690000000000005,-0.19499999999999318,-9.749999999999659,-21.499999999999318,long
2018-05-30,1,2018-05-29,2018-05-30,34.695,34.85,0.15500000000000114,7.750000000000057,13.500000000000114,long
2018-05-31,1,2018-05-30,2018-05-31,34.949999999999996,34.93,-0.01999999999999602,-0.999999999999801,-3.999999999999602,long
2018-06-01,1,2018-05-31,2018-06-01,34.96,35.175000000000004,0.2150000000000034,10.75000000000017,19.50000000000034,long
2018-06-04,1,2018-06-01,2018-06-04,35.555,35.625,0.07000000000000028,3.500000000000014,5.000000000000028,long
2018-06-05,1,2018-06-04,2018-06-05,35.839999999999996,35.910000000000004,0.07000000000000739,3.5000000000003695,5.000000000000739,long
2018-06-06,1,2018-06-05,2018-06-06,35.964999999999996,36.005,0.04000000000000625,2.0000000000003126,2.0000000000006253,long
2018-06-07,1,2018-06-06,2018-06-07,36.199999999999996,36.160000000000004,-0.03999999999999204,-1.999999999999602,-5.999999999999204,long
2018-06-08,1,2018-06-07,2018-06-08,35.91,35.620000000000005,-0.28999999999999204,-14.499999999999602,-30.999999999999204,long
2018-06-11,1,2018-06-08,2018-06-11,35.85,35.85,0.0,0.0,-2.0,long
2018-06-12,1,2018-06-11,2018-06-12,35.89,35.935,0.045000000000001705,2.2500000000000853,2.5000000000001705,long
2018-06-13,1,2018-06-12,2018-06-13,36.065,36.045,-0.01999999999999602,-0.999999999999801,-3.999999999999602,long
2018-06-14,1,2018-06-13,2018-06-14,35.879999999999995,36.0,0.12000000000000455,6.000000000000227,10.000000000000455,long
2018-06-15,1,2018-06-14,2018-06-15,36.135,35.86,-0.2749999999999986,-13.749999999999929,-29.499999999999858,long
2018-06-18,1,2018-06-15,2018-06-18,35.87,35.6,-0.269999999999996,-13.499999999999801,-28.999999999999602,long
2018-06-19,1,2018-06-18,2018-06-19,35.91,35.45,-0.45999999999999375,-22.999999999999687,-47.999999999999375,long
2018-06-20,1,2018-06-19,2018-06-20,35.725,35.79,0.06499999999999773,3.2499999999998863,4.499999999999773,long
2018-06-21,1,2018-06-20,2018-06-21,35.8,35.92,0.12000000000000455,6.000000000000227,10.000000000000455,long
2018-06-22,1,2018-06-21,2018-06-22,35.525,35.595,0.07000000000000028,3.500000000000014,5.000000000000028,long
2018-06-25,1,2018-06-22,2018-06-25,35.41,35.105000000000004,-0.3049999999999926,-15.24999999999963,-32.49999999999926,long
2018-06-26,1,2018-06-25,2018-06-26,34.675,34.765,0.09000000000000341,4.5000000000001705,7.000000000000341,long
2018-06-27,1,2018-06-26,2018-06-27,34.815,34.905,0.09000000000000341,4.5000000000001705,7.000000000000341,long
2018-06-28,1,2018-06-27,2018-06-28,34.339999999999996,34.275,-0.06499999999999773,-3.2499999999998863,-8.499999999999773,long
2018-06-29,1,2018-06-28,2018-06-29,34.76,34.875,0.11500000000000199,5.7500000000000995,9.500000000000199,long
2018-07-02,1,2018-06-29,2018-07-02,34.745,34.425000000000004,-0.3199999999999932,-15.999999999999659,-33.99999999999932,long
2018-07-03,1,2018-07-02,2018-07-03,35.055,35.14,0.08500000000000085,4.250000000000043,6.500000000000085,long
2018-07-05,1,2018-07-03,2018-07-05,34.64,34.835,0.19500000000000028,9.750000000000014,17.50000000000003,long
2018-07-06,1,2018-07-05,2018-07-06,35.129999999999995,35.13,7.105427357601002e-15,3.552713678800501e-13,-1.9999999999992895,long
2018-07-09,1,2018-07-06,2018-07-09,35.54,35.71,0.1700000000000017,8.500000000000085,15.00000000000017,long
2018-07-10,1,2018-07-09,2018-07-10,35.809999999999995,35.795,-0.014999999999993463,-0.7499999999996732,-3.4999999999993463,long
2018-07-11,1,2018-07-10,2018-07-11,35.894999999999996,35.620000000000005,-0.2749999999999915,-13.749999999999574,-29.499999999999147,long
2018-07-12,1,2018-07-11,2018-07-12,35.754999999999995,35.89,0.13500000000000512,6.750000000000256,11.500000000000512,long
2018-07-13,1,2018-07-12,2018-07-13,36.32,36.305,-0.015000000000000568,-0.7500000000000284,-3.500000000000057,long
2018-07-16,1,2018-07-13,2018-07-16,36.28,36.27,-0.00999999999999801,-0.4999999999999005,-2.999999999999801,long
2018-07-17,1,2018-07-16,2018-07-17,36.195,35.915,-0.28000000000000114,-14.000000000000057,-30.000000000000114,long
2018-07-18,1,2018-07-17,2018-07-18,36.464999999999996,36.435,-0.02999999999999403,-1.4999999999997016,-4.999999999999403,long
2018-07-19,1,2018-07-18,2018-07-19,36.405,36.295,-0.10999999999999943,-5.499999999999972,-12.999999999999943,long
2018-07-20,1,2018-07-19,2018-07-20,36.275,36.395,0.12000000000000455,6.000000000000227,10.000000000000455,long
2018-07-23,1,2018-07-20,2018-07-23,36.285,36.190000000000005,-0.09499999999999176,-4.749999999999588,-11.499999999999176,long
2018-07-24,1,2018-07-23,2018-07-24,36.47,36.815000000000005,0.34500000000000597,17.2500000000003,32.5000000000006,long
2018-07-25,1,2018-07-24,2018-07-25,36.669999999999995,36.660000000000004,-0.009999999999990905,-0.49999999999954525,-2.9999999999990905,long
2018-07-26,1,2018-07-25,2018-07-26,37.129999999999995,36.475,-0.654999999999994,-32.7499999999997,-67.4999999999994,long
2018-07-27,1,2018-07-26,2018-07-27,36.559999999999995,36.585,0.025000000000005684,1.2500000000002842,0.5000000000005684,long
2018-07-30,1,2018-07-27,2018-07-30,35.934999999999995,35.895,-0.03999999999999204,-1.999999999999602,-5.999999999999204,long
2018-07-31,1,2018-07-30,2018-07-31,35.375,35.465,0.09000000000000341,4.5000000000001705,7.000000000000341,long
2018-08-01,1,2018-07-31,2018-08-01,35.47,35.705000000000005,0.23500000000000654,11.750000000000327,21.500000000000654,long
2018-08-02,1,2018-08-01,2018-08-02,35.79,35.440000000000005,-0.3499999999999943,-17.499999999999716,-36.99999999999943,long
2018-08-03,1,2018-08-02,2018-08-03,36.239999999999995,36.230000000000004,-0.009999999999990905,-0.49999999999954525,-2.9999999999990905,long
2018-08-06,1,2018-08-03,2018-08-06,36.37,36.335,-0.03499999999999659,-1.7499999999998295,-5.499999999999659,long
2018-08-07,1,2018-08-06,2018-08-07,36.565,36.675000000000004,0.11000000000000654,5.500000000000327,9.000000000000654,long
2018-08-08,1,2018-08-07,2018-08-08,36.705,36.665,-0.03999999999999915,-1.9999999999999574,-5.999999999999915,long
2018-08-09,1,2018-08-08,2018-08-09,36.805,36.82,0.015000000000000568,0.7500000000000284,-0.49999999999994316,long
2018-08-10,1,2018-08-09,2018-08-10,36.82,36.525,-0.2950000000000017,-14.750000000000085,-31.50000000000017,long
2018-08-13,1,2018-08-10,2018-08-13,36.525,36.56,0.035000000000003695,1.7500000000001847,1.5000000000003695,long
2018-08-14,1,2018-08-13,2018-08-14,36.475,36.580000000000005,0.10500000000000398,5.250000000000199,8.500000000000398,long
2018-08-15,1,2018-08-14,2018-08-15,36.699999999999996,36.45,-0.2499999999999929,-12.499999999999645,-26.99999999999929,long
2018-08-16,1,2018-08-15,2018-08-16,36.37,36.63,0.2600000000000051,13.000000000000256,24.00000000000051,long
2018-08-17,1,2018-08-16,2018-08-17,36.53,36.4,-0.13000000000000256,-6.500000000000128,-15.000000000000256,long
2018-08-20,1,2018-08-17,2018-08-20,36.585,36.6,0.015000000000000568,0.7500000000000284,-0.49999999999994316,long
2018-08-21,1,2018-08-20,2018-08-21,36.53,36.61,0.0799999999999983,3.9999999999999147,5.9999999999998295,long
2018-08-22,1,2018-08-21,2018-08-22,36.589999999999996,36.46,-0.12999999999999545,-6.499999999999773,-14.999999999999545,long
2018-08-23,1,2018-08-22,2018-08-23,36.699999999999996,36.615,-0.08499999999999375,-4.249999999999687,-10.499999999999375,long
2018-08-24,1,2018-08-23,2018-08-24,36.78,36.86,0.0799999999999983,3.9999999999999147,5.9999999999998295,long
2018-08-27,1,2018-08-24,2018-08-27,37.15,37.330000000000005,0.18000000000000682,9.000000000000341,16.000000000000682,long
2018-08-28,1,2018-08-27,2018-08-28,37.489999999999995,37.545,0.05500000000000682,2.750000000000341,3.500000000000682,long
2018-08-29,1,2018-08-28,2018-08-29,37.555,37.580000000000005,0.025000000000005684,1.2500000000002842,0.5000000000005684,long
2018-08-30,1,2018-08-29,2018-08-30,37.894999999999996,37.77,-0.1249999999999929,-6.249999999999645,-14.49999999999929,long
2018-08-31,1,2018-08-30,2018-08-31,37.78,37.725,-0.054999999999999716,-2.749999999999986,-7.499999999999972,long
2018-09-04,1,2018-08-31,2018-09-04,37.809999999999995,37.615,-0.19499999999999318,-9.749999999999659,-21.499999999999318,long
2018-09-05,1,2018-09-04,2018-09-05,37.665,37.595,-0.07000000000000028,-3.500000000000014,-9.000000000000028,long
2018-09-06,1,2018-09-05,2018-09-06,37.195,37.120000000000005,-0.07499999999999574,-3.749999999999787,-9.499999999999574,long
2018-09-07,1,2018-09-06,2018-09-07,36.925,36.665,-0.259999999999998,-12.9999999999999,-27.9999999999998,long
2018-09-10,1,2018-09-07,2018-09-10,36.8,36.915,0.11500000000000199,5.7500000000000995,9.500000000000199,long
2018-09-11,1,2018-09-10,2018-09-11,36.915,36.79,-0.125,-6.25,-14.5,long
2018-09-12,1,2018-09-11,2018-09-12,37.23,37.13,-0.09999999999999432,-4.999999999999716,-11.999999999999432,long
2018-09-13,1,2018-09-12,2018-09-13,37.074999999999996,37.285000000000004,0.21000000000000796,10.500000000000398,19.000000000000796,long
2018-09-14,1,2018-09-13,2018-09-14,37.51,37.525,0.015000000000000568,0.7500000000000284,-0.49999999999994316,long
2018-09-17,1,2018-09-14,2018-09-17,37.48,37.405,-0.07499999999999574,-3.749999999999787,-9.499999999999574,long
2018-09-18,1,2018-09-17,2018-09-18,37.01,36.945,-0.06499999999999773,-3.2499999999998863,-8.499999999999773,long
2018-09-19,1,2018-09-18,2018-09-19,37.245,37.22,-0.02499999999999858,-1.249999999999929,-4.499999999999858,long
2018-09-20,1,2018-09-19,2018-09-20,37.15,37.35,0.20000000000000284,10.000000000000142,18.000000000000284,long
2018-09-21,1,2018-09-20,2018-09-21,37.589999999999996,37.585,-0.0049999999999954525,-0.24999999999977263,-2.4999999999995453,long
2018-09-24,1,2018-09-21,2018-09-24,37.315,37.115,-0.19999999999999574,-9.999999999999787,-21.999999999999574,long
2018-09-25,1,2018-09-24,2018-09-25,37.5,37.435,-0.06499999999999773,-3.2499999999998863,-8.499999999999773,long
2018-09-26,1,2018-09-25,2018-09-26,37.455,37.475,0.020000000000003126,1.0000000000001563,3.126388037344441e-13,long
2018-09-27,1,2018-09-26,2018-09-27,37.315,37.43,0.11500000000000199,5.7500000000000995,9.500000000000199,long
2018-09-28,1,2018-09-27,2018-09-28,37.535,37.410000000000004,-0.1249999999999929,-6.249999999999645,-14.49999999999929,long
2018-10-01,1,2018-09-28,2018-10-01,37.675,37.895,0.22000000000000597,11.000000000000298,20.000000000000597,long
2018-10-02,1,2018-10-01,2018-10-02,37.855,37.79,-0.06499999999999773,-3.2499999999998863,-8.499999999999773,long
2018-10-03,1,2018-10-02,2018-10-03,37.86,37.97,0.10999999999999943,5.499999999999972,8.999999999999943,long
2018-10-04,1,2018-10-03,2018-10-04,37.975,37.77,-0.2049999999999983,-10.249999999999915,-22.49999999999983,long
2018-10-05,1,2018-10-04,2018-10-05,37.29,37.255,-0.03499999999999659,-1.7499999999998295,-5.499999999999659,long
2018-10-08,1,2018-10-05,2018-10-08,36.82,36.665,-0.15500000000000114,-7.750000000000057,-17.500000000000114,long
2018-10-09,1,2018-10-08,2018-10-09,36.405,36.370000000000005,-0.03499999999999659,-1.7499999999998295,-5.499999999999659,long
2018-10-10,1,2018-10-09,2018-10-10,36.535,36.295,-0.23999999999999488,-11.999999999999744,-25.99999999999949,long
2018-10-11,1,2018-10-10,2018-10-11,34.765,34.645,-0.11999999999999744,-5.999999999999872,-13.999999999999744,long
2018-10-12,1,2018-10-11,2018-10-12,34.324999999999996,35.275,0.9500000000000028,47.50000000000014,93.00000000000028,long
2018-10-15,1,2018-10-12,2018-10-15,35.425,35.275,-0.14999999999999858,-7.499999999999929,-16.999999999999858,long
2018-10-16,1,2018-10-15,2018-10-16,34.845,35.265,0.4200000000000017,21.000000000000085,40.00000000000017,long
2018-10-17,1,2018-10-16,2018-10-17,35.894999999999996,35.92,0.025000000000005684,1.2500000000002842,0.5000000000005684,long
2018-10-18,1,2018-10-17,2018-10-18,35.73,35.550000000000004,-0.1799999999999926,-8.99999999999963,-19.99999999999926,long
2018-10-19,1,2018-10-18,2018-10-19,35.03,35.215,0.18500000000000227,9.250000000000114,16.500000000000227,long
2018-10-22,1,2018-10-19,2018-10-22,35.015,35.160000000000004,0.14500000000000313,7.250000000000156,12.500000000000313,long
2018-10-23,1,2018-10-22,2018-10-23,35.305,34.550000000000004,-0.7549999999999955,-37.74999999999977,-77.49999999999955,long
2018-10-24,1,2018-10-23,2018-10-24,35.169999999999995,35.06,-0.10999999999999233,-5.499999999999616,-12.999999999999233,long
2018-10-25,1,2018-10-24,2018-10-25,33.595,34.055,0.46000000000000085,23.000000000000043,44.000000000000085,long
2018-10-26,1,2018-10-25,2018-10-26,34.75,33.855000000000004,-0.894999999999996,-44.7499999999998,-91.4999999999996,long
2018-10-29,1,2018-10-26,2018-10-29,34.055,34.505,0.45000000000000284,22.500000000000142,43.000000000000284,long
2018-10-30,1,2018-10-29,2018-10-30,33.48,33.43,-0.04999999999999716,-2.499999999999858,-6.999999999999716,long
2018-10-31,1,2018-10-30,2018-10-31,33.855,34.34,0.48500000000000654,24.250000000000327,46.500000000000654,long
2018-11-01,1,2018-10-31,2018-11-01,34.66,34.690000000000005,0.030000000000008242,1.5000000000004121,1.0000000000008242,long
2018-11-02,1,2018-11-01,2018-11-02,35.065,34.81,-0.25499999999999545,-12.749999999999773,-27.499999999999545,long
2018-11-05,1,2018-11-02,2018-11-05,34.379999999999995,34.34,-0.03999999999999204,-1.999999999999602,-5.999999999999204,long
2018-11-06,1,2018-11-05,2018-11-06,34.345,34.295,-0.04999999999999716,-2.499999999999858,-6.999999999999716,long
2018-11-07,1,2018-11-06,2018-11-07,34.559999999999995,34.940000000000005,0.38000000000000966,19.000000000000483,36.000000000000966,long
2018-11-08,1,2018-11-07,2018-11-08,35.574999999999996,35.42,-0.15499999999999403,-7.749999999999702,-17.499999999999403,long
2018-11-09,1,2018-11-08,2018-11-09,35.544999999999995,35.22,-0.32499999999999574,-16.249999999999787,-34.499999999999574,long
2018-11-12,1,2018-11-09,2018-11-12,34.93,34.59,-0.3399999999999963,-16.999999999999815,-35.99999999999963,long
2018-11-13,1,2018-11-12,2018-11-13,33.699999999999996,33.760000000000005,0.06000000000000938,3.000000000000469,4.000000000000938,long
2018-11-14,1,2018-11-13,2018-11-14,33.739999999999995,34.095,0.355000000000004,17.7500000000002,33.5000000000004,long
2018-11-15,1,2018-11-14,2018-11-15,33.335,33.370000000000005,0.035000000000003695,1.7500000000001847,1.5000000000003695,long
2018-11-16,1,2018-11-15,2018-11-16,34.169999999999995,33.75,-0.4199999999999946,-20.99999999999973,-43.99999999999946,long
2018-11-19,1,2018-11-16,2018-11-19,34.114999999999995,33.935,-0.1799999999999926,-8.99999999999963,-19.99999999999926,long
2018-11-20,1,2018-11-19,2018-11-20,32.815,31.884999999999998,-0.9299999999999997,-46.499999999999986,-94.99999999999997,long
2018-11-21,1,2018-11-20,2018-11-21,32.11,32.525,0.41499999999999915,20.749999999999957,39.499999999999915,long
2018-11-23,1,2018-11-21,2018-11-23,32.345,31.979999999999997,-0.365000000000002,-18.2500000000001,-38.5000000000002,long
2018-11-26,1,2018-11-23,2018-11-26,32.05,32.45,0.4000000000000057,20.000000000000284,38.00000000000057,long
2018-11-27,1,2018-11-26,2018-11-27,32.775,32.53,-0.24499999999999744,-12.249999999999872,-26.499999999999744,long
2018-11-28,1,2018-11-27,2018-11-28,32.839999999999996,33.115,0.2750000000000057,13.750000000000284,25.50000000000057,long
2018-11-29,1,2018-11-28,2018-11-29,33.989999999999995,33.865,-0.1249999999999929,-6.249999999999645,-14.49999999999929,long
2018-11-30,1,2018-11-29,2018-11-30,33.66,33.660000000000004,7.105427357601002e-15,3.552713678800501e-13,-1.9999999999992895,long
2018-12-03,1,2018-11-30,2018-12-03,33.98,34.81,0.8300000000000054,41.50000000000027,81.00000000000054,long
2018-12-04,1,2018-12-03,2018-12-04,34.73,34.465,-0.26499999999999346,-13.249999999999673,-28.499999999999346,long
2018-12-06,1,2018-12-04,2018-12-06,33.415,32.61,-0.8049999999999997,-40.249999999999986,-82.49999999999997,long
2018-12-07,1,2018-12-06,2018-12-07,33.489999999999995,33.31,-0.1799999999999926,-8.99999999999963,-19.99999999999926,long
2018-12-10,1,2018-12-07,2018-12-10,32.309999999999995,32.11,-0.19999999999999574,-9.999999999999787,-21.999999999999574,long
2018-12-11,1,2018-12-10,2018-12-11,32.754999999999995,33.245000000000005,0.4900000000000091,24.500000000000455,47.00000000000091,long
2018-12-12,1,2018-12-11,2018-12-12,32.794999999999995,33.305,0.5100000000000051,25.500000000000256,49.00000000000051,long
2018-12-13,1,2018-12-12,2018-12-13,33.05,33.190000000000005,0.14000000000000767,7.000000000000384,12.000000000000767,long
2018-12-14,1,2018-12-13,2018-12-14,33.105,32.690000000000005,-0.41499999999999204,-20.749999999999602,-43.499999999999204,long
2018-12-17,1,2018-12-14,2018-12-17,32.294999999999995,32.155,-0.13999999999999346,-6.999999999999673,-15.999999999999346,long
2018-12-18,1,2018-12-17,2018-12-18,31.610000000000003,31.834999999999997,0.22499999999999432,11.249999999999716,20.49999999999943,long
2018-12-19,1,2018-12-18,2018-12-19,31.860000000000003,31.794999999999998,-0.06500000000000483,-3.2500000000002416,-8.500000000000483,long
2018-12-20,1,2018-12-19,2018-12-20,31.23,31.075,-0.15500000000000114,-7.750000000000057,-17.500000000000114,long
2018-12-21,1,2018-12-20,2018-12-21,30.67,30.525,-0.14500000000000313,-7.250000000000156,-16.500000000000313,long
2018-12-24,1,2018-12-21,2018-12-24,29.610000000000003,29.299999999999997,-0.3100000000000058,-15.500000000000291,-33.00000000000058,long
2018-12-26,1,2018-12-24,2018-12-26,28.82,28.994999999999997,0.17499999999999716,8.749999999999858,15.499999999999716,long
2018-12-27,1,2018-12-26,2018-12-27,30.560000000000002,30.115,-0.44500000000000384,-22.250000000000192,-46.500000000000384,long
2018-12-28,1,2018-12-27,2018-12-28,30.78,30.985,0.2049999999999983,10.249999999999915,18.49999999999983,long
2018-12-31,1,2018-12-28,2018-12-31,30.71,30.935,0.22499999999999787,11.249999999999893,20.499999999999787,long
2019-01-02,1,2018-12-31,2019-01-02,31.0,30.345,-0.6550000000000011,-32.75000000000006,-67.50000000000011,long
2019-01-03,1,2019-01-02,2019-01-03,31.020000000000003,30.209999999999997,-0.8100000000000058,-40.50000000000029,-83.00000000000058,long
2019-01-04,1,2019-01-03,2019-01-04,29.455000000000002,29.974999999999998,0.519999999999996,25.9999999999998,49.9999999999996,long
2019-01-07,1,2019-01-04,2019-01-07,30.76,30.74,-0.020000000000003126,-1.0000000000001563,-4.000000000000313,long
2019-01-08,1,2019-01-07,2019-01-08,31.035,31.314999999999998,0.2799999999999976,13.99999999999988,25.99999999999976,long
2019-01-09,1,2019-01-08,2019-01-09,31.295,31.41,0.11499999999999844,5.749999999999922,9.499999999999844,long
2019-01-10,1,2019-01-09,2019-01-10,31.700000000000003,31.43,-0.2700000000000031,-13.500000000000156,-29.000000000000313,long
2019-01-11,1,2019-01-10,2019-01-11,31.84,31.634999999999998,-0.20500000000000185,-10.250000000000092,-22.500000000000185,long
2019-01-14,1,2019-01-11,2019-01-14,31.78,31.479999999999997,-0.30000000000000426,-15.000000000000213,-32.000000000000426,long
2019-01-15,1,2019-01-14,2019-01-15,31.485000000000003,31.564999999999998,0.07999999999999474,3.999999999999737,5.999999999999474,long
2019-01-16,1,2019-01-15,2019-01-16,31.96,31.974999999999998,0.014999999999997016,0.7499999999998508,-0.5000000000002984,long
2019-01-17,1,2019-01-16,2019-01-17,31.990000000000002,31.854999999999997,-0.13500000000000512,-6.750000000000256,-15.500000000000512,long
2019-01-18,1,2019-01-17,2019-01-18,32.195,32.495000000000005,0.30000000000000426,15.000000000000213,28.000000000000426,long
2019-01-22,1,2019-01-18,2019-01-22,32.684999999999995,32.4,-0.2849999999999966,-14.24999999999983,-30.49999999999966,long
2019-01-23,1,2019-01-22,2019-01-23,32.135,32.25,0.11500000000000199,5.7500000000000995,9.500000000000199,long
2019-01-24,1,2019-01-23,2019-01-24,32.245,32.34,0.09500000000000597,4.750000000000298,7.500000000000597,long
2019-01-25,1,2019-01-24,2019-01-25,32.515,32.74,0.22500000000000142,11.250000000000071,20.500000000000142,long
2019-01-28,1,2019-01-25,2019-01-28,32.975,32.465,-0.509999999999998,-25.4999999999999,-52.9999999999998,long
2019-01-29,1,2019-01-28,2019-01-29,32.535,32.580000000000005,0.04500000000000881,2.2500000000004405,2.500000000000881,long
2019-01-30,1,2019-01-29,2019-01-30,32.184999999999995,32.7,0.5150000000000077,25.750000000000384,49.50000000000077,long
2019-01-31,1,2019-01-30,2019-01-31,33.184999999999995,32.995000000000005,-0.18999999999999062,-9.499999999999531,-20.999999999999062,long
2019-02-01,1,2019-01-31,2019-02-01,33.15,33.145,-0.0049999999999954525,-0.24999999999977263,-2.4999999999995453,long
2019-02-04,1,2019-02-01,2019-02-04,33.345,33.370000000000005,0.025000000000005684,1.2500000000002842,0.5000000000005684,long
2019-02-05,1,2019-02-04,2019-02-05,33.879999999999995,33.975,0.09500000000000597,4.750000000000298,7.500000000000597,long
2019-02-06,1,2019-02-05,2019-02-06,34.165,34.185,0.020000000000003126,1.0000000000001563,3.126388037344441e-13,long
2019-02-07,1,2019-02-06,2019-02-07,34.28,33.95,-0.3299999999999983,-16.499999999999915,-34.99999999999983,long
2019-02-08,1,2019-02-07,2019-02-08,33.809999999999995,33.515,-0.2949999999999946,-14.74999999999973,-31.49999999999946,long
2019-02-11,1,2019-02-08,2019-02-11,34.004999999999995,34.09,0.08500000000000796,4.250000000000398,6.500000000000796,long
2019-02-12,1,2019-02-11,2019-02-12,33.989999999999995,34.205000000000005,0.21500000000001052,10.750000000000526,19.50000000000105,long
2019-02-13,1,2019-02-12,2019-02-13,34.44,34.59,0.15000000000000568,7.500000000000284,13.000000000000568,long
2019-02-14,1,2019-02-13,2019-02-14,34.485,34.36,-0.125,-6.25,-14.5,long
2019-02-15,1,2019-02-14,2019-02-15,34.544999999999995,34.785000000000004,0.2400000000000091,12.000000000000455,22.00000000000091,long
2019-02-19,1,2019-02-15,2019-02-19,34.82,34.660000000000004,-0.1599999999999966,-7.9999999999998295,-17.99999999999966,long
2019-02-20,1,2019-02-19,2019-02-20,34.83,34.84,0.010000000000005116,0.5000000000002558,-0.9999999999994884,long
2019-02-21,1,2019-02-20,2019-02-21,34.87,34.800000000000004,-0.06999999999999318,-3.499999999999659,-8.999999999999318,long
2019-02-22,1,2019-02-21,2019-02-22,34.885,35.015,0.13000000000000256,6.500000000000128,11.000000000000256,long
2019-02-25,1,2019-02-22,2019-02-25,35.33,35.575,0.24500000000000455,12.250000000000227,22.500000000000455,long
2019-02-26,1,2019-02-25,2019-02-26,35.5,35.335,-0.16499999999999915,-8.249999999999957,-18.499999999999915,long
2019-02-27,1,2019-02-26,2019-02-27,35.574999999999996,35.42,-0.15499999999999403,-7.749999999999702,-17.499999999999403,long
2019-02-28,1,2019-02-27,2019-02-28,35.54,35.39,-0.14999999999999858,-7.499999999999929,-16.999999999999858,long
2019-03-01,1,2019-02-28,2019-03-01,35.44,35.7,0.2600000000000051,13.000000000000256,24.00000000000051,long
2019-03-04,1,2019-03-01,2019-03-04,35.68,35.81,0.13000000000000256,6.500000000000128,11.000000000000256,long
2019-03-05,1,2019-03-04,2019-03-05,35.544999999999995,35.505,-0.03999999999999204,-1.999999999999602,-5.999999999999204,long
2019-03-06,1,2019-03-05,2019-03-06,35.44,35.415,-0.02499999999999858,-1.249999999999929,-4.499999999999858,long
2019-03-07,1,2019-03-06,2019-03-07,35.254999999999995,35.135000000000005,-0.11999999999999034,-5.999999999999517,-13.999999999999034,long
2019-03-08,1,2019-03-07,2019-03-08,34.919999999999995,34.480000000000004,-0.4399999999999906,-21.99999999999953,-45.99999999999906,long
2019-03-11,1,2019-03-08,2019-03-11,34.915,35.045,0.13000000000000256,6.500000000000128,11.000000000000256,long
2019-03-12,1,2019-03-11,2019-03-12,35.665,35.745000000000005,0.0800000000000054,4.00000000000027,6.00000000000054,long
2019-03-13,1,2019-03-12,2019-03-13,35.875,36.02,0.14500000000000313,7.250000000000156,12.500000000000313,long
2019-03-14,1,2019-03-13,2019-03-14,36.11,36.14,0.030000000000001137,1.5000000000000568,1.0000000000001137,long
2019-03-15,1,2019-03-14,2019-03-15,36.184999999999995,36.17,-0.014999999999993463,-0.7499999999996732,-3.4999999999993463,long
2019-03-18,1,2019-03-15,2019-03-18,36.504999999999995,36.515,0.010000000000005116,0.5000000000002558,-0.9999999999994884,long
2019-03-19,1,2019-03-18,2019-03-19,36.66,36.79,0.13000000000000256,6.500000000000128,11.000000000000256,long
2019-03-20,1,2019-03-19,2019-03-20,36.735,36.675000000000004,-0.05999999999999517,-2.9999999999997584,-7.999999999999517,long
2019-03-21,1,2019-03-20,2019-03-21,36.635,36.615,-0.01999999999999602,-0.999999999999801,-3.999999999999602,long
2019-03-22,1,2019-03-21,2019-03-22,37.555,37.345,-0.21000000000000085,-10.500000000000043,-23.000000000000085,long
2019-03-25,1,2019-03-22,2019-03-25,36.669999999999995,36.550000000000004,-0.11999999999999034,-5.999999999999517,-13.999999999999034,long
2019-03-26,1,2019-03-25,2019-03-26,36.51,36.81,0.30000000000000426,15.000000000000213,28.000000000000426,long
2019-03-27,1,2019-03-26,2019-03-27,36.71,36.745000000000005,0.035000000000003695,1.7500000000001847,1.5000000000003695,long
2019-03-28,1,2019-03-27,2019-03-28,36.5,36.59,0.09000000000000341,4.5000000000001705,7.000000000000341,long
2019-03-29,1,2019-03-28,2019-03-29,36.65,36.93,0.28000000000000114,14.000000000000057,26.000000000000114,long
2019-04-01,1,2019-03-29,2019-04-01,37.01,37.35,0.3400000000000034,17.00000000000017,32.00000000000034,long
2019-04-02,1,2019-04-01,2019-04-02,37.515,37.510000000000005,-0.0049999999999954525,-0.24999999999977263,-2.4999999999995453,long
2019-04-03,1,2019-04-02,2019-04-03,37.644999999999996,37.870000000000005,0.22500000000000853,11.250000000000426,20.500000000000853,long
2019-04-04,1,2019-04-03,2019-04-04,37.949999999999996,37.910000000000004,-0.03999999999999204,-1.999999999999602,-5.999999999999204,long
2019-04-05,1,2019-04-04,2019-04-05,37.79,37.895,0.10500000000000398,5.250000000000199,8.500000000000398,long
2019-04-08,1,2019-04-05,2019-04-08,37.97,37.86,-0.10999999999999943,-5.499999999999972,-12.999999999999943,long
2019-04-09,1,2019-04-08,2019-04-09,38.114999999999995,37.93,-0.18499999999999517,-9.249999999999758,-20.499999999999517,long
2019-04-10,1,2019-04-09,2019-04-10,37.934999999999995,37.95,0.015000000000007674,0.7500000000003837,-0.4999999999992326,long
2019-04-11,1,2019-04-10,2019-04-11,38.199999999999996,38.260000000000005,0.06000000000000938,3.000000000000469,4.000000000000938,long
2019-04-12,1,2019-04-11,2019-04-12,38.15,38.345,0.19500000000000028,9.750000000000014,17.50000000000003,long
2019-04-15,1,2019-04-12,2019-04-15,38.415,38.395,-0.01999999999999602,-0.999999999999801,-3.999999999999602,long
2019-04-16,1,2019-04-15,2019-04-16,38.4,38.5,0.10000000000000142,5.000000000000071,8.000000000000142,long
2019-04-17,1,2019-04-16,2019-04-17,38.595,38.82,0.22500000000000142,11.250000000000071,20.500000000000142,long
2019-04-18,1,2019-04-17,2019-04-18,38.809999999999995,38.875,0.06500000000000483,3.2500000000002416,4.500000000000483,long
2019-04-22,1,2019-04-18,2019-04-22,38.919999999999995,38.72,-0.19999999999999574,-9.999999999999787,-21.999999999999574,long
2019-04-23,1,2019-04-22,2019-04-23,39.01,39.050000000000004,0.04000000000000625,2.0000000000003126,2.0000000000006253,long
2019-04-24,1,2019-04-23,2019-04-24,39.434999999999995,39.445,0.010000000000005116,0.5000000000002558,-0.9999999999994884,long
2019-04-25,1,2019-04-24,2019-04-25,39.449999999999996,39.660000000000004,0.21000000000000796,10.500000000000398,19.000000000000796,long
2019-04-26,1,2019-04-25,2019-04-26,39.44,39.21,-0.22999999999999687,-11.499999999999844,-24.999999999999687,long
2019-04-29,1,2019-04-26,2019-04-29,39.29,39.275,-0.015000000000000568,-0.7500000000000284,-3.500000000000057,long
2019-04-30,1,2019-04-29,2019-04-30,39.3,39.260000000000005,-0.03999999999999204,-1.999999999999602,-5.999999999999204,long
2019-05-01,1,2019-04-30,2019-05-01,39.364999999999995,39.71,0.34500000000000597,17.2500000000003,32.5000000000006,long
2019-05-02,1,2019-05-01,2019-05-02,39.265,39.245000000000005,-0.01999999999999602,-0.999999999999801,-3.999999999999602,long
2019-05-03,1,2019-05-02,2019-05-03,39.059999999999995,39.18,0.12000000000000455,6.000000000000227,10.000000000000455,long
2019-05-06,1,2019-05-03,2019-05-06,39.43,38.465,-0.9649999999999963,-48.249999999999815,-98.49999999999963,long
2019-05-07,1,2019-05-06,2019-05-07,39.125,38.665,-0.46000000000000085,-23.000000000000043,-48.000000000000085,long
2019-05-08,1,2019-05-07,2019-05-08,38.285,38.14,-0.14499999999999602,-7.249999999999801,-16.499999999999602,long
2019-05-09,1,2019-05-08,2019-05-09,38.239999999999995,37.745000000000005,-0.49499999999999034,-24.749999999999517,-51.499999999999034,long
2019-05-10,1,2019-05-09,2019-05-10,37.98,37.75,-0.22999999999999687,-11.499999999999844,-24.999999999999687,long
2019-05-13,1,2019-05-10,2019-05-13,38.1,37.005,-1.0949999999999989,-54.74999999999994,-111.49999999999989,long
2019-05-14,1,2019-05-13,2019-05-14,36.665,36.830000000000005,0.16500000000000625,8.250000000000313,14.500000000000625,long
2019-05-15,1,2019-05-14,2019-05-15,37.254999999999995,36.975,-0.27999999999999403,-13.999999999999702,-29.999999999999403,long
2019-05-16,1,2019-05-15,2019-05-16,37.66,37.675000000000004,0.015000000000007674,0.7500000000003837,-0.4999999999992326,long
2019-05-17,1,2019-05-16,2019-05-17,38.004999999999995,37.6,-0.40499999999999403,-20.2499999999997,-42.4999999999994,long
2019-05-20,1,2019-05-17,2019-05-20,37.699999999999996,37.045,-0.654999999999994,-32.7499999999997,-67.4999999999994,long
2019-05-21,1,2019-05-20,2019-05-21,37.044999999999995,37.445,0.4000000000000057,20.000000000000284,38.00000000000057,long
2019-05-22,1,2019-05-21,2019-05-22,37.5,37.24,-0.259999999999998,-12.9999999999999,-27.9999999999998,long
2019-05-23,1,2019-05-22,2019-05-23,37.305,36.77,-0.5349999999999966,-26.74999999999983,-55.49999999999966,long
2019-05-24,1,2019-05-23,2019-05-24,36.65,36.855000000000004,0.2050000000000054,10.25000000000027,18.50000000000054,long
2019-05-28,1,2019-05-24,2019-05-28,36.66,36.755,0.09500000000000597,4.750000000000298,7.500000000000597,long
2019-05-29,1,2019-05-28,2019-05-29,36.555,36.265,-0.28999999999999915,-14.499999999999957,-30.999999999999915,long
2019-05-30,1,2019-05-29,2019-05-30,36.339999999999996,36.405,0.06500000000000483,3.2500000000002416,4.500000000000483,long
2019-05-31,1,2019-05-30,2019-05-31,36.565,36.105000000000004,-0.45999999999999375,-22.999999999999687,-47.999999999999375,long
2019-06-03,1,2019-05-31,2019-06-03,35.955,36.02,0.06500000000000483,3.2500000000002416,4.500000000000483,long
2019-06-04,1,2019-06-03,2019-06-04,35.324999999999996,35.755,0.4300000000000068,21.50000000000034,41.00000000000068,long
2019-06-05,1,2019-06-04,2019-06-05,36.504999999999995,36.975,0.47000000000000597,23.5000000000003,45.0000000000006,long
2019-06-06,1,2019-06-05,2019-06-06,36.98,37.06,0.0800000000000054,4.00000000000027,6.00000000000054,long
2019-06-07,1,2019-06-06,2019-06-07,37.41,37.585,0.17500000000000426,8.750000000000213,15.500000000000426,long
2019-06-10,1,2019-06-07,2019-06-10,38.105,38.355000000000004,0.2500000000000071,12.500000000000355,23.00000000000071,long
2019-06-11,1,2019-06-10,2019-06-11,38.495,38.870000000000005,0.3750000000000071,18.750000000000355,35.50000000000071,long
2019-06-12,1,2019-06-11,2019-06-12,38.495,38.305,-0.18999999999999773,-9.499999999999886,-20.999999999999773,long
2019-06-13,1,2019-06-12,2019-06-13,38.28,38.395,0.11500000000000199,5.7500000000000995,9.500000000000199,long
2019-06-14,1,2019-06-13,2019-06-14,38.394999999999996,38.06,-0.33499999999999375,-16.749999999999687,-35.499999999999375,long
2019-06-17,1,2019-06-14,2019-06-17,38.059999999999995,38.065000000000005,0.005000000000009663,0.25000000000048317,-1.4999999999990337,long
2019-06-18,1,2019-06-17,2019-06-18,38.089999999999996,38.46,0.37000000000000455,18.500000000000227,35.000000000000455,long
2019-06-19,1,2019-06-18,2019-06-19,38.78,38.86,0.0799999999999983,3.9999999999999147,5.9999999999998295,long
2019-06-20,1,2019-06-19,2019-06-20,38.919999999999995,39.47,0.5500000000000043,27.500000000000213,53.000000000000426,long
2019-06-21,1,2019-06-20,2019-06-21,39.489999999999995,39.185,-0.3049999999999926,-15.24999999999963,-32.49999999999926,long
2019-06-24,1,2019-06-21,2019-06-24,39.165,39.225,0.060000000000002274,3.0000000000001137,4.000000000000227,long
2019-06-25,1,2019-06-24,2019-06-25,39.239999999999995,39.2,-0.03999999999999204,-1.999999999999602,-5.999999999999204,long
2019-06-26,1,2019-06-25,2019-06-26,38.519999999999996,38.865,0.34500000000000597,17.2500000000003,32.5000000000006,long
2019-06-27,1,2019-06-26,2019-06-27,38.934999999999995,39.045,0.11000000000000654,5.500000000000327,9.000000000000654,long
2019-06-28,1,2019-06-27,2019-06-28,39.035,39.135000000000005,0.10000000000000853,5.000000000000426,8.000000000000853,long
2019-07-01,1,2019-06-28,2019-07-01,39.03,39.92,0.8900000000000006,44.50000000000003,87.00000000000006,long
2019-07-02,1,2019-07-01,2019-07-02,39.65,39.61,-0.03999999999999915,-1.9999999999999574,-5.999999999999915,long
2019-07-03,1,2019-07-02,2019-07-03,39.754999999999995,39.855000000000004,0.10000000000000853,5.000000000000426,8.000000000000853,long
2019-07-05,1,2019-07-03,2019-07-05,40.059999999999995,39.72,-0.3399999999999963,-16.999999999999815,-35.99999999999963,long
2019-07-08,1,2019-07-05,2019-07-08,39.985,39.655,-0.3299999999999983,-16.499999999999915,-34.99999999999983,long
2019-07-09,1,2019-07-08,2019-07-09,39.68,39.455000000000005,-0.22499999999999432,-11.249999999999716,-24.49999999999943,long
2019-07-10,1,2019-07-09,2019-07-10,39.82,40.02,0.20000000000000284,10.000000000000142,18.000000000000284,long
2019-07-11,1,2019-07-10,2019-07-11,40.135,40.22,0.08500000000000085,4.250000000000043,6.500000000000085,long
2019-07-12,1,2019-07-11,2019-07-12,40.285,40.39,0.10500000000000398,5.250000000000199,8.500000000000398,long
2019-07-15,1,2019-07-12,2019-07-15,40.58,40.67,0.09000000000000341,4.5000000000001705,7.000000000000341,long
2019-07-16,1,2019-07-15,2019-07-16,40.714999999999996,40.645,-0.06999999999999318,-3.499999999999659,-8.999999999999318,long
2019-07-17,1,2019-07-16,2019-07-17,40.335,40.410000000000004,0.07500000000000284,3.750000000000142,5.500000000000284,long
2019-07-18,1,2019-07-17,2019-07-18,40.23,40.13,-0.09999999999999432,-4.999999999999716,-11.999999999999432,long
2019-07-19,1,2019-07-18,2019-07-19,40.53,40.88,0.3500000000000014,17.50000000000007,33.00000000000014,long
2019-07-22,1,2019-07-19,2019-07-22,40.355,40.485,0.13000000000000256,6.500000000000128,11.000000000000256,long
2019-07-23,1,2019-07-22,2019-07-23,40.82,41.045,0.22500000000000142,11.250000000000071,20.500000000000142,long
2019-07-24,1,2019-07-23,2019-07-24,41.044999999999995,40.985,-0.05999999999999517,-2.9999999999997584,-7.999999999999517,long
2019-07-25,1,2019-07-24,2019-07-25,41.385,41.275,-0.10999999999999943,-5.499999999999972,-12.999999999999943,long
2019-07-26,1,2019-07-25,2019-07-26,41.214999999999996,41.18,-0.03499999999999659,-1.7499999999998295,-5.499999999999659,long
2019-07-29,1,2019-07-26,2019-07-29,41.305,41.305,0.0,0.0,-2.0,long
2019-07-30,1,2019-07-29,2019-07-30,41.28,40.985,-0.2950000000000017,-14.750000000000085,-31.50000000000017,long
2019-07-31,1,2019-07-30,2019-07-31,41.015,41.22,0.2049999999999983,10.249999999999915,18.49999999999983,long
2019-08-01,1,2019-07-31,2019-08-01,40.394999999999996,40.465,0.07000000000000739,3.5000000000003695,5.000000000000739,long
2019-08-02,1,2019-08-01,2019-08-02,40.19,39.845,-0.34499999999999886,-17.249999999999943,-36.499999999999886,long
2019-08-05,1,2019-08-02,2019-08-05,39.535,38.49,-1.0449999999999946,-52.24999999999973,-106.49999999999946,long
2019-08-06,1,2019-08-05,2019-08-06,37.885,38.375,0.490000000000002,24.5000000000001,47.0000000000002,long
2019-08-07,1,2019-08-06,2019-08-07,38.515,38.1,-0.41499999999999915,-20.749999999999957,-43.499999999999915,long
2019-08-08,1,2019-08-07,2019-08-08,38.754999999999995,39.025,0.2700000000000031,13.500000000000156,25.000000000000313,long
2019-08-09,1,2019-08-08,2019-08-09,39.705,39.45,-0.25499999999999545,-12.749999999999773,-27.499999999999545,long
2019-08-12,1,2019-08-09,2019-08-12,39.254999999999995,38.965,-0.28999999999999204,-14.499999999999602,-30.999999999999204,long
2019-08-13,1,2019-08-12,2019-08-13,38.735,38.685,-0.04999999999999716,-2.499999999999858,-6.999999999999716,long
2019-08-14,1,2019-08-13,2019-08-14,39.71,38.955000000000005,-0.7549999999999955,-37.74999999999977,-77.49999999999955,long
2019-08-15,1,2019-08-14,2019-08-15,38.489999999999995,38.505,0.015000000000007674,0.7500000000003837,-0.4999999999992326,long
2019-08-16,1,2019-08-15,2019-08-16,38.419999999999995,38.795,0.3750000000000071,18.750000000000355,35.50000000000071,long
2019-08-19,1,2019-08-16,2019-08-19,39.15,39.72,0.5700000000000003,28.500000000000014,55.00000000000003,long
2019-08-20,1,2019-08-19,2019-08-20,39.745,39.675000000000004,-0.06999999999999318,-3.499999999999659,-8.999999999999318,long
2019-08-21,1,2019-08-20,2019-08-21,39.544999999999995,39.92,0.3750000000000071,18.750000000000355,35.50000000000071,long
2019-08-22,1,2019-08-21,2019-08-22,40.01,40.1,0.09000000000000341,4.5000000000001705,7.000000000000341,long
2019-08-23,1,2019-08-22,2019-08-23,39.915,39.675000000000004,-0.23999999999999488,-11.999999999999744,-25.99999999999949,long
2019-08-26,1,2019-08-23,2019-08-26,38.595,39.050000000000004,0.4550000000000054,22.75000000000027,43.50000000000054,long
2019-08-27,1,2019-08-26,2019-08-27,39.129999999999995,39.35,0.22000000000000597,11.000000000000298,20.000000000000597,long
2019-08-28,1,2019-08-27,2019-08-28,39.07,38.865,-0.2049999999999983,-10.249999999999915,-22.49999999999983,long
2019-08-29,1,2019-08-28,2019-08-29,39.105,39.605000000000004,0.5000000000000071,25.000000000000355,48.00000000000071,long
2019-08-30,1,2019-08-29,2019-08-30,39.785,40.025,0.240000000000002,12.0000000000001,22.0000000000002,long
2019-09-03,1,2019-08-30,2019-09-03,39.775,39.445,-0.3299999999999983,-16.499999999999915,-34.99999999999983,long
2019-09-04,1,2019-09-03,2019-09-04,39.29,39.695,0.40500000000000114,20.250000000000057,38.500000000000114,long
2019-09-05,1,2019-09-04,2019-09-05,39.96,40.485,0.5249999999999986,26.24999999999993,50.49999999999986,long
2019-09-06,1,2019-09-05,2019-09-06,40.794999999999995,40.85,0.05500000000000682,2.750000000000341,3.500000000000682,long
2019-09-09,1,2019-09-06,2019-09-09,40.76,40.925000000000004,0.16500000000000625,8.250000000000313,14.500000000000625,long
2019-09-10,1,2019-09-09,2019-09-10,40.455,40.235,-0.21999999999999886,-10.999999999999943,-23.999999999999886,long
2019-09-11,1,2019-09-10,2019-09-11,40.25,40.355000000000004,0.10500000000000398,5.250000000000199,8.500000000000398,long
2019-09-12,1,2019-09-11,2019-09-12,40.669999999999995,40.9,0.23000000000000398,11.500000000000199,21.000000000000398,long
2019-09-13,1,2019-09-12,2019-09-13,40.89,40.785000000000004,-0.10499999999999687,-5.249999999999844,-12.499999999999687,long
2019-09-16,1,2019-09-13,2019-09-16,40.589999999999996,40.255,-0.33499999999999375,-16.749999999999687,-35.499999999999375,long
2019-09-17,1,2019-09-16,2019-09-17,40.489999999999995,40.5,0.010000000000005116,0.5000000000002558,-0.9999999999994884,long
2019-09-18,1,2019-09-17,2019-09-18,40.655,40.57,-0.08500000000000085,-4.250000000000043,-10.500000000000085,long
2019-09-19,1,2019-09-18,2019-09-19,40.65,40.755,0.10500000000000398,5.250000000000199,8.500000000000398,long
2019-09-20,1,2019-09-19,2019-09-20,40.739999999999995,40.725,-0.014999999999993463,-0.7499999999996732,-3.4999999999993463,long
2019-09-23,1,2019-09-20,2019-09-23,40.14,40.125,-0.015000000000000568,-0.7500000000000284,-3.500000000000057,long
2019-09-24,1,2019-09-23,2019-09-24,40.265,40.52,0.25500000000000256,12.750000000000128,23.500000000000256,long
2019-09-25,1,2019-09-24,2019-09-25,39.875,39.800000000000004,-0.07499999999999574,-3.749999999999787,-9.499999999999574,long
2019-09-26,1,2019-09-25,2019-09-26,40.35,40.315000000000005,-0.03499999999999659,-1.7499999999998295,-5.499999999999659,long
2019-09-27,1,2019-09-26,2019-09-27,40.394999999999996,40.435,0.04000000000000625,2.0000000000003126,2.0000000000006253,long
2019-09-30,1,2019-09-27,2019-09-30,39.855,39.99,0.13500000000000512,6.750000000000256,11.500000000000512,long
2019-10-01,1,2019-09-30,2019-10-01,40.275,40.435,0.1600000000000037,8.000000000000185,14.00000000000037,long
2019-10-02,1,2019-10-01,2019-10-02,39.9,39.615,-0.2849999999999966,-14.24999999999983,-30.49999999999966,long
2019-10-03,1,2019-10-02,2019-10-03,39.15,39.115,-0.03499999999999659,-1.7499999999998295,-5.499999999999659,long
2019-10-04,1,2019-10-03,2019-10-04,39.629999999999995,39.89,0.2600000000000051,13.000000000000256,24.00000000000051,long
2019-10-07,1,2019-10-04,2019-10-07,40.285,40.13,-0.15499999999999403,-7.749999999999702,-17.499999999999403,long
2019-10-08,1,2019-10-07,2019-10-08,40.114999999999995,39.835,-0.27999999999999403,-13.999999999999702,-29.999999999999403,long
2019-10-09,1,2019-10-08,2019-10-09,39.379999999999995,39.77,0.3900000000000077,19.500000000000384,37.00000000000077,long
2019-10-10,1,2019-10-09,2019-10-10,39.964999999999996,39.905,-0.05999999999999517,-2.9999999999997584,-7.999999999999517,long
2019-10-11,1,2019-10-10,2019-10-11,40.239999999999995,40.715,0.4750000000000085,23.750000000000426,45.50000000000085,long
2019-10-14,1,2019-10-11,2019-10-14,40.794999999999995,40.74,-0.05499999999999261,-2.7499999999996305,-7.499999999999261,long
2019-10-15,1,2019-10-14,2019-10-15,40.769999999999996,40.915,0.14500000000000313,7.250000000000156,12.500000000000313,long
2019-10-16,1,2019-10-15,2019-10-16,41.22,40.93,-0.28999999999999915,-14.499999999999957,-30.999999999999915,long
2019-10-17,1,2019-10-16,2019-10-17,40.934999999999995,41.055,0.12000000000000455,6.000000000000227,10.000000000000455,long
2019-10-18,1,2019-10-17,2019-10-18,40.855,40.775,-0.0799999999999983,-3.9999999999999147,-9.99999999999983,long
2019-10-21,1,2019-10-18,2019-10-21,40.464999999999996,40.690000000000005,0.22500000000000853,11.250000000000426,20.500000000000853,long
2019-10-22,1,2019-10-21,2019-10-22,40.9,40.955000000000005,0.05500000000000682,2.750000000000341,3.500000000000682,long
2019-10-23,1,2019-10-22,2019-10-23,40.35,40.205000000000005,-0.14499999999999602,-7.249999999999801,-16.499999999999602,long
2019-10-24,1,2019-10-23,2019-10-24,40.385,40.795,0.4100000000000037,20.500000000000185,39.00000000000037,long
2019-10-25,1,2019-10-24,2019-10-25,40.975,40.935,-0.03999999999999915,-1.9999999999999574,-5.999999999999915,long
2019-10-28,1,2019-10-25,2019-10-28,41.47,41.830000000000005,0.36000000000000654,18.000000000000327,34.000000000000654,long
2019-10-29,1,2019-10-28,2019-10-29,41.995,41.96,-0.03499999999999659,-1.7499999999998295,-5.499999999999659,long
2019-10-30,1,2019-10-29,2019-10-30,41.614999999999995,41.72,0.10500000000000398,5.250000000000199,8.500000000000398,long
2019-10-31,1,2019-10-30,2019-10-31,41.87,41.935,0.06500000000000483,3.2500000000002416,4.500000000000483,long
2019-11-01,1,2019-10-31,2019-11-01,41.845,41.955000000000005,0.11000000000000654,5.500000000000327,9.000000000000654,long
2019-11-04,1,2019-11-01,2019-11-04,42.345,42.65,0.3049999999999997,15.249999999999986,28.49999999999997,long
2019-11-05,1,2019-11-04,2019-11-05,42.565,42.645,0.0800000000000054,4.00000000000027,6.00000000000054,long
2019-11-06,1,2019-11-05,2019-11-06,42.515,42.49,-0.02499999999999858,-1.249999999999929,-4.499999999999858,long
2019-11-07,1,2019-11-06,2019-11-07,42.495,42.760000000000005,0.2650000000000077,13.250000000000384,24.500000000000767,long
2019-11-08,1,2019-11-07,2019-11-08,42.83,42.690000000000005,-0.13999999999999346,-6.999999999999673,-15.999999999999346,long
2019-11-11,1,2019-11-08,2019-11-11,43.07,42.805,-0.26500000000000057,-13.250000000000028,-28.500000000000057,long
2019-11-12,1,2019-11-11,2019-11-12,43.089999999999996,43.13,0.04000000000000625,2.0000000000003126,2.0000000000006253,long
2019-11-13,1,2019-11-12,2019-11-13,43.235,43.045,-0.18999999999999773,-9.499999999999886,-20.999999999999773,long
2019-11-14,1,2019-11-13,2019-11-14,43.33,43.14,-0.18999999999999773,-9.499999999999886,-20.999999999999773,long
2019-11-15,1,2019-11-14,2019-11-15,43.28,43.565000000000005,0.2850000000000037,14.250000000000185,26.50000000000037,long
2019-11-18,1,2019-11-15,2019-11-18,43.629999999999995,43.595,-0.03499999999999659,-1.7499999999998295,-5.499999999999659,long
2019-11-19,1,2019-11-18,2019-11-19,43.76,43.915,0.15500000000000114,7.750000000000057,13.500000000000114,long
2019-11-20,1,2019-11-19,2019-11-20,43.845,43.75,-0.09499999999999886,-4.749999999999943,-11.499999999999886,long
2019-11-21,1,2019-11-20,2019-11-21,43.58,43.475,-0.10499999999999687,-5.249999999999844,-12.499999999999687,long
2019-11-22,1,2019-11-21,2019-11-22,43.36,43.465,0.10500000000000398,5.250000000000199,8.500000000000398,long
2019-11-25,1,2019-11-22,2019-11-25,43.305,43.480000000000004,0.17500000000000426,8.750000000000213,15.500000000000426,long
2019-11-26,1,2019-11-25,2019-11-26,43.934999999999995,43.935,7.105427357601002e-15,3.552713678800501e-13,-1.9999999999992895,long
2019-11-27,1,2019-11-26,2019-11-27,43.975,44.09,0.11500000000000199,5.7500000000000995,9.500000000000199,long
2019-11-29,1,2019-11-27,2019-11-29,44.22,44.085,-0.134999999999998,-6.7499999999999005,-15.499999999999801,long
2019-12-02,1,2019-11-29,2019-12-02,44.089999999999996,44.095,0.005000000000002558,0.2500000000001279,-1.4999999999997442,long
2019-12-03,1,2019-12-02,2019-12-03,43.46,42.755,-0.7049999999999983,-35.249999999999915,-72.49999999999983,long
2019-12-04,1,2019-12-03,2019-12-04,43.074999999999996,43.335,0.2600000000000051,13.000000000000256,24.00000000000051,long
2019-12-05,1,2019-12-04,2019-12-05,43.25,43.385000000000005,0.13500000000000512,6.750000000000256,11.500000000000512,long
2019-12-06,1,2019-12-05,2019-12-06,43.41,43.71,0.30000000000000426,15.000000000000213,28.000000000000426,long
2019-12-09,1,2019-12-06,2019-12-09,43.89,43.795,-0.09499999999999886,-4.749999999999943,-11.499999999999886,long
2019-12-10,1,2019-12-09,2019-12-10,43.66,43.71,0.05000000000000426,2.500000000000213,3.0000000000004263,long
2019-12-11,1,2019-12-10,2019-12-11,43.695,43.79,0.09499999999999886,4.749999999999943,7.499999999999886,long
2019-12-12,1,2019-12-11,2019-12-12,43.989999999999995,43.845,-0.14499999999999602,-7.249999999999801,-16.499999999999602,long
2019-12-13,1,2019-12-12,2019-12-13,44.46,44.4,-0.060000000000002274,-3.0000000000001137,-8.000000000000227,long
2019-12-16,1,2019-12-13,2019-12-16,44.754999999999995,45.075,0.3200000000000074,16.00000000000037,30.00000000000074,long
2019-12-17,1,2019-12-16,2019-12-17,45.155,45.215,0.060000000000002274,3.0000000000001137,4.000000000000227,long
2019-12-18,1,2019-12-17,2019-12-18,45.05,45.055,0.005000000000002558,0.2500000000001279,-1.4999999999997442,long
2019-12-19,1,2019-12-18,2019-12-19,45.044999999999995,45.055,0.010000000000005116,0.5000000000002558,-0.9999999999994884,long
2019-12-20,1,2019-12-19,2019-12-20,45.37,45.49,0.12000000000000455,6.000000000000227,10.000000000000455,long
2019-12-23,1,2019-12-20,2019-12-23,45.485,45.580000000000005,0.09500000000000597,4.750000000000298,7.500000000000597,long
2019-12-24,1,2019-12-23,2019-12-24,45.614999999999995,45.675000000000004,0.06000000000000938,3.000000000000469,4.000000000000938,long
2019-12-26,1,2019-12-24,2019-12-26,45.629999999999995,45.685,0.05500000000000682,2.750000000000341,3.500000000000682,long
2019-12-27,1,2019-12-26,2019-12-27,45.97,46.13,0.1600000000000037,8.000000000000185,14.00000000000037,long
2019-12-30,1,2019-12-27,2019-12-30,45.964999999999996,45.935,-0.02999999999999403,-1.4999999999997016,-4.999999999999403,long
2019-12-31,1,2019-12-30,2019-12-31,45.699999999999996,45.525,-0.17499999999999716,-8.749999999999858,-19.499999999999716,long
2020-01-02,1,2019-12-31,2020-01-02,45.845,46.24,0.3950000000000031,19.750000000000156,37.50000000000031,long
2020-01-03,1,2020-01-02,2020-01-03,46.705,46.005,-0.6999999999999957,-34.99999999999979,-71.99999999999957,long
2020-01-06,1,2020-01-03,2020-01-06,46.18,45.695,-0.48499999999999943,-24.24999999999997,-50.49999999999994,long
2020-01-07,1,2020-01-06,2020-01-07,46.29,46.355000000000004,0.06500000000000483,3.2500000000002416,4.500000000000483,long
2020-01-08,1,2020-01-07,2020-01-08,46.269999999999996,46.300000000000004,0.030000000000008242,1.5000000000004121,1.0000000000008242,long
2020-01-09,1,2020-01-08,2020-01-09,46.765,47.175000000000004,0.4100000000000037,20.500000000000185,39.00000000000037,long
2020-01-10,1,2020-01-09,2020-01-10,47.294999999999995,47.45,0.15500000000000824,7.750000000000412,13.500000000000824,long
2020-01-13,1,2020-01-10,2020-01-13,47.184999999999995,47.38,0.1950000000000074,9.75000000000037,17.50000000000074,long
2020-01-14,1,2020-01-13,2020-01-14,47.775,47.815000000000005,0.04000000000000625,2.0000000000003126,2.0000000000006253,long
2020-01-15,1,2020-01-14,2020-01-15,47.55,47.57,0.020000000000003126,1.0000000000001563,3.126388037344441e-13,long
2020-01-16,1,2020-01-15,2020-01-16,47.605,47.89,0.2850000000000037,14.250000000000185,26.50000000000037,long
2020-01-17,1,2020-01-16,2020-01-17,48.245,48.435,0.19000000000000483,9.500000000000242,17.000000000000483,long
2020-01-21,1,2020-01-17,2020-01-21,48.57,48.4,-0.1700000000000017,-8.500000000000085,-19.00000000000017,long
2020-01-22,1,2020-01-21,2020-01-22,48.55,48.84,0.29000000000000625,14.500000000000313,27.000000000000625,long
2020-01-23,1,2020-01-22,2020-01-23,48.725,48.78,0.054999999999999716,2.749999999999986,3.4999999999999716,long
2020-01-24,1,2020-01-23,2020-01-24,48.955,49.300000000000004,0.34500000000000597,17.2500000000003,32.5000000000006,long
2020-01-27,1,2020-01-24,2020-01-27,48.725,47.550000000000004,-1.1749999999999972,-58.74999999999986,-119.49999999999972,long
2020-01-28,1,2020-01-27,2020-01-28,47.565,47.96,0.3950000000000031,19.750000000000156,37.50000000000031,long
2020-01-29,1,2020-01-28,2020-01-29,48.475,48.86,0.384999999999998,19.2499999999999,36.4999999999998,long
2020-01-30,1,2020-01-29,2020-01-30,48.6,48.56,-0.03999999999999915,-1.9999999999999574,-5.999999999999915,long
2020-01-31,1,2020-01-30,2020-01-31,49.019999999999996,48.695,-0.32499999999999574,-16.249999999999787,-34.499999999999574,long
2020-02-03,1,2020-01-31,2020-02-03,47.675,47.71,0.035000000000003695,1.7500000000001847,1.5000000000003695,long
2020-02-04,1,2020-02-03,2020-02-04,48.305,49.125,0.8200000000000003,41.000000000000014,80.00000000000003,long
2020-02-05,1,2020-02-04,2020-02-05,49.57,50.365,0.7950000000000017,39.750000000000085,77.50000000000017,long
2020-02-06,1,2020-02-05,2020-02-06,49.86,50.04,0.17999999999999972,8.999999999999986,15.999999999999972,long
2020-02-07,1,2020-02-06,2020-02-07,50.315,50.06,-0.25499999999999545,-12.749999999999773,-27.499999999999545,long
2020-02-10,1,2020-02-07,2020-02-10,49.855,49.545,-0.30999999999999517,-15.499999999999758,-32.99999999999952,long
2020-02-11,1,2020-02-10,2020-02-11,50.53,50.9,0.36999999999999744,18.499999999999872,34.999999999999744,long
2020-02-12,1,2020-02-11,2020-02-12,50.36,50.685,0.32500000000000284,16.250000000000142,30.500000000000284,long
2020-02-13,1,2020-02-12,2020-02-13,50.905,50.46,-0.4450000000000003,-22.250000000000014,-46.50000000000003,long
2020-02-14,1,2020-02-13,2020-02-14,50.769999999999996,50.85,0.0800000000000054,4.00000000000027,6.00000000000054,long
2020-02-18,1,2020-02-14,2020-02-18,50.989999999999995,50.56,-0.4299999999999926,-21.49999999999963,-44.99999999999926,long
2020-02-19,1,2020-02-18,2020-02-19,50.8,51.13,0.3300000000000054,16.50000000000027,31.00000000000054,long
2020-02-20,1,2020-02-19,2020-02-20,51.405,51.275,-0.13000000000000256,-6.500000000000128,-15.000000000000256,long
2020-02-21,1,2020-02-20,2020-02-21,50.87,50.59,-0.27999999999999403,-13.999999999999702,-29.999999999999403,long
2020-02-24,1,2020-02-21,2020-02-24,49.73,47.330000000000005,-2.3999999999999915,-119.99999999999957,-241.99999999999915,long
2020-02-25,1,2020-02-24,2020-02-25,47.675,48.085,0.4100000000000037,20.500000000000185,39.00000000000037,long
2020-02-26,1,2020-02-25,2020-02-26,46.15,46.305,0.15500000000000114,7.750000000000057,13.500000000000114,long
2020-02-27,1,2020-02-26,2020-02-27,46.36,44.82,-1.5399999999999991,-76.99999999999996,-155.99999999999991,long
2020-02-28,1,2020-02-27,2020-02-28,43.86,42.13,-1.7299999999999969,-86.49999999999984,-174.9999999999997,long
2020-03-02,1,2020-02-28,2020-03-02,44.195,44.965,0.7700000000000031,38.500000000000156,75.00000000000031,long
2020-03-03,1,2020-03-02,2020-03-03,46.75,46.985,0.23499999999999943,11.749999999999972,21.499999999999943,long
2020-03-04,1,2020-03-03,2020-03-04,44.975,45.925000000000004,0.9500000000000028,47.50000000000014,93.00000000000028,long
2020-03-05,1,2020-03-04,2020-03-05,46.905,45.635000000000005,-1.269999999999996,-63.4999999999998,-128.9999999999996,long
2020-03-06,1,2020-03-05,2020-03-06,45.425,44.02,-1.404999999999994,-70.2499999999997,-142.4999999999994,long
2020-03-09,1,2020-03-06,2020-03-09,44.464999999999996,40.78,-3.684999999999995,-184.24999999999974,-370.49999999999955,long
2020-03-10,1,2020-03-09,2020-03-10,41.089999999999996,42.830000000000005,1.740000000000009,87.00000000000045,172.0000000000009,long
2020-03-11,1,2020-03-10,2020-03-11,43.83,42.635000000000005,-1.1949999999999932,-59.74999999999966,-121.49999999999932,long
2020-03-12,1,2020-03-11,2020-03-12,41.76,38.715,-3.0449999999999946,-152.24999999999972,-306.49999999999943,long
2020-03-13,1,2020-03-12,2020-03-13,37.684999999999995,40.035000000000004,2.3500000000000085,117.50000000000043,233.00000000000085,long
2020-03-16,1,2020-03-13,2020-03-16,42.105,35.85,-6.2549999999999955,-312.7499999999998,-627.4999999999995,long
2020-03-17,1,2020-03-16,2020-03-17,36.29,37.225,0.9350000000000023,46.750000000000114,91.50000000000023,long
2020-03-18,1,2020-03-17,2020-03-18,38.76,36.165,-2.594999999999999,-129.74999999999994,-261.4999999999999,long
2020-03-19,1,2020-03-18,2020-03-19,37.3,36.935,-0.3649999999999949,-18.249999999999744,-38.49999999999949,long
2020-03-20,1,2020-03-19,2020-03-20,37.434999999999995,38.120000000000005,0.6850000000000094,34.25000000000047,66.50000000000094,long
2020-03-23,1,2020-03-20,2020-03-23,35.72,35.335,-0.384999999999998,-19.2499999999999,-40.4999999999998,long
2020-03-24,1,2020-03-23,2020-03-24,35.21,37.32,2.1099999999999994,105.49999999999997,208.99999999999994,long
2020-03-25,1,2020-03-24,2020-03-25,38.815,39.09,0.2750000000000057,13.750000000000284,25.50000000000057,long
2020-03-26,1,2020-03-25,2020-03-26,38.765,39.235,0.46999999999999886,23.499999999999943,44.999999999999886,long
2020-03-27,1,2020-03-26,2020-03-27,41.165,39.870000000000005,-1.2949999999999946,-64.74999999999973,-131.49999999999946,long
2020-03-30,1,2020-03-27,2020-03-30,39.305,39.760000000000005,0.4550000000000054,22.75000000000027,43.50000000000054,long
2020-03-31,1,2020-03-30,2020-03-31,40.96,40.845,-0.11500000000000199,-5.7500000000000995,-13.500000000000199,long
2020-04-01,1,2020-03-31,2020-04-01,40.195,38.77,-1.4249999999999972,-71.24999999999986,-144.49999999999972,long
2020-04-02,1,2020-04-01,2020-04-02,38.28,38.125,-0.15500000000000114,-7.750000000000057,-17.500000000000114,long
2020-04-03,1,2020-04-02,2020-04-03,39.175,38.975,-0.19999999999999574,-9.999999999999787,-21.999999999999574,long
2020-04-06,1,2020-04-03,2020-04-06,38.57,40.245000000000005,1.6750000000000043,83.75000000000021,165.50000000000043,long
2020-04-07,1,2020-04-06,2020-04-07,41.86,43.2,1.3400000000000034,67.00000000000017,132.00000000000034,long
2020-04-08,1,2020-04-07,2020-04-08,41.485,42.010000000000005,0.5250000000000057,26.250000000000284,50.50000000000057,long
2020-04-09,1,2020-04-08,2020-04-09,42.6,43.065000000000005,0.4650000000000034,23.25000000000017,44.50000000000034,long
2020-04-13,1,2020-04-09,2020-04-13,42.61,42.38,-0.22999999999999687,-11.499999999999844,-24.999999999999687,long
2020-04-14,1,2020-04-13,2020-04-14,42.705,43.635000000000005,0.9300000000000068,46.50000000000034,91.00000000000068,long
2020-04-15,1,2020-04-14,2020-04-15,44.495,43.59,-0.904999999999994,-45.2499999999997,-92.4999999999994,long
2020-04-16,1,2020-04-15,2020-04-16,43.525,43.995000000000005,0.47000000000000597,23.5000000000003,45.0000000000006,long
2020-04-17,1,2020-04-16,2020-04-17,44.055,44.815000000000005,0.7600000000000051,38.000000000000256,74.00000000000051,long
2020-04-20,1,2020-04-17,2020-04-20,44.64,44.015,-0.625,-31.25,-64.5,long
2020-04-21,1,2020-04-20,2020-04-21,43.925,43.295,-0.6299999999999955,-31.499999999999773,-64.99999999999955,long
2020-04-22,1,2020-04-21,2020-04-22,42.085,43.085,1.0,50.0,98.0,long
2020-04-23,1,2020-04-22,2020-04-23,43.705,43.785000000000004,0.0800000000000054,4.00000000000027,6.00000000000054,long
2020-04-24,1,2020-04-23,2020-04-24,43.405,43.565000000000005,0.1600000000000037,8.000000000000185,14.00000000000037,long
2020-04-27,1,2020-04-24,2020-04-27,44.324999999999996,44.605000000000004,0.28000000000000824,14.000000000000412,26.000000000000824,long
2020-04-28,1,2020-04-27,2020-04-28,44.705,45.24,0.5350000000000037,26.750000000000185,51.50000000000037,long
2020-04-29,1,2020-04-28,2020-04-29,44.11,45.03,0.9200000000000017,46.000000000000085,90.00000000000017,long
2020-04-30,1,2020-04-29,2020-04-30,45.919999999999995,45.995000000000005,0.07500000000000995,3.7500000000004974,5.500000000000995,long
2020-05-01,1,2020-04-30,2020-05-01,45.714999999999996,44.675000000000004,-1.039999999999992,-51.9999999999996,-105.9999999999992,long
2020-05-04,1,2020-05-01,2020-05-04,44.46,44.235,-0.22500000000000142,-11.250000000000071,-24.500000000000142,long
2020-05-05,1,2020-05-04,2020-05-05,45.05,45.54,0.490000000000002,24.5000000000001,47.0000000000002,long
2020-05-06,1,2020-05-05,2020-05-06,45.669999999999995,46.085,0.41500000000000625,20.750000000000313,39.500000000000625,long
2020-05-07,1,2020-05-06,2020-05-07,46.025,46.63,0.605000000000004,30.2500000000002,58.5000000000004,long
2020-05-08,1,2020-05-07,2020-05-08,46.714999999999996,47.135000000000005,0.4200000000000088,21.00000000000044,40.00000000000088,long
2020-05-11,1,2020-05-08,2020-05-11,47.4,47.055,-0.34499999999999886,-17.249999999999943,-36.499999999999886,long
2020-05-12,1,2020-05-11,2020-05-12,47.714999999999996,47.89,0.17500000000000426,8.750000000000213,15.500000000000426,long
2020-05-13,1,2020-05-12,2020-05-13,46.73,46.735,0.005000000000002558,0.2500000000001279,-1.4999999999997442,long
2020-05-14,1,2020-05-13,2020-05-14,45.925,45.59,-0.33499999999999375,-16.749999999999687,-35.499999999999375,long
2020-05-15,1,2020-05-14,2020-05-15,46.51,45.755,-0.7549999999999955,-37.74999999999977,-77.49999999999955,long
2020-05-18,1,2020-05-15,2020-05-18,46.745,47.645,0.9000000000000057,45.000000000000284,88.00000000000057,long
2020-05-19,1,2020-05-18,2020-05-19,47.89,47.89,0.0,0.0,-2.0,long
2020-05-20,1,2020-05-19,2020-05-20,47.714999999999996,48.355000000000004,0.6400000000000077,32.000000000000384,62.00000000000077,long
2020-05-21,1,2020-05-20,2020-05-21,48.76,48.690000000000005,-0.06999999999999318,-3.499999999999659,-8.999999999999318,long
2020-05-22,1,2020-05-21,2020-05-22,48.08,47.99,-0.0899999999999963,-4.499999999999815,-10.99999999999963,long
2020-05-26,1,2020-05-22,2020-05-26,48.254999999999995,49.2,0.9450000000000074,47.25000000000037,92.50000000000074,long
2020-05-27,1,2020-05-26,2020-05-27,48.205,48.175000000000004,-0.02999999999999403,-1.4999999999997016,-4.999999999999403,long
2020-05-28,1,2020-05-27,2020-05-28,48.48,48.34,-0.13999999999999346,-6.999999999999673,-15.999999999999346,long
2020-05-29,1,2020-05-28,2020-05-29,48.385,48.525,0.14000000000000057,7.000000000000028,12.000000000000057,long
2020-06-01,1,2020-05-29,2020-06-01,48.995,48.745000000000005,-0.2499999999999929,-12.499999999999645,-26.99999999999929,long
2020-06-02,1,2020-06-01,2020-06-02,48.98,49.080000000000005,0.10000000000000853,5.000000000000426,8.000000000000853,long
2020-06-03,1,2020-06-02,2020-06-03,49.44,49.620000000000005,0.18000000000000682,9.000000000000341,16.000000000000682,long
2020-06-04,1,2020-06-03,2020-06-04,49.824999999999996,49.605000000000004,-0.21999999999999176,-10.999999999999588,-23.999999999999176,long
2020-06-05,1,2020-06-04,2020-06-05,49.415,49.745000000000005,0.3300000000000054,16.50000000000027,31.00000000000054,long
2020-06-08,1,2020-06-05,2020-06-08,50.714999999999996,50.6,-0.11499999999999488,-5.749999999999744,-13.499999999999488,long
2020-06-09,1,2020-06-08,2020-06-09,50.97,50.695,-0.2749999999999986,-13.749999999999929,-29.499999999999858,long
2020-06-10,1,2020-06-09,2020-06-10,51.21,51.56,0.3500000000000014,17.50000000000007,33.00000000000014,long
2020-06-11,1,2020-06-10,2020-06-11,52.065,51.145,-0.9199999999999946,-45.99999999999973,-93.99999999999946,long
2020-06-12,1,2020-06-11,2020-06-12,49.08,50.370000000000005,1.2900000000000063,64.50000000000031,127.00000000000063,long
2020-06-15,1,2020-06-12,2020-06-15,49.714999999999996,48.795,-0.9199999999999946,-45.99999999999973,-93.99999999999946,long
2020-06-16,1,2020-06-15,2020-06-16,50.195,51.375,1.1799999999999997,58.999999999999986,115.99999999999997,long
2020-06-17,1,2020-06-16,2020-06-17,51.265,51.535000000000004,0.2700000000000031,13.500000000000156,25.000000000000313,long
2020-06-18,1,2020-06-17,2020-06-18,51.254999999999995,51.14,-0.11499999999999488,-5.749999999999744,-13.499999999999488,long
2020-06-19,1,2020-06-18,2020-06-19,51.485,52.085,0.6000000000000014,30.00000000000007,58.00000000000014,long
2020-06-22,1,2020-06-19,2020-06-22,51.129999999999995,51.03,-0.09999999999999432,-4.999999999999716,-11.999999999999432,long
2020-06-23,1,2020-06-22,2020-06-23,51.949999999999996,52.395,0.4450000000000074,22.25000000000037,42.50000000000074,long
2020-06-24,1,2020-06-23,2020-06-24,52.324999999999996,52.085,-0.23999999999999488,-11.999999999999744,-25.99999999999949,long
2020-06-25,1,2020-06-24,2020-06-25,51.144999999999996,51.21,0.06500000000000483,3.2500000000002416,4.500000000000483,long
2020-06-26,1,2020-06-25,2020-06-26,51.8,51.68,-0.11999999999999744,-5.999999999999872,-13.999999999999744,long
2020-06-29,1,2020-06-26,2020-06-29,50.78,50.760000000000005,-0.01999999999999602,-0.999999999999801,-3.999999999999602,long
2020-06-30,1,2020-06-29,2020-06-30,51.335,51.31,-0.02499999999999858,-1.249999999999929,-4.499999999999858,long
2020-07-01,1,2020-06-30,2020-07-01,52.254999999999995,52.24,-0.014999999999993463,-0.7499999999996732,-3.4999999999993463,long
2020-07-02,1,2020-07-01,2020-07-02,52.339999999999996,52.81,0.47000000000000597,23.5000000000003,45.0000000000006,long
2020-07-06,1,2020-07-02,2020-07-06,52.644999999999996,53.305,0.6600000000000037,33.000000000000185,64.00000000000037,long
2020-07-07,1,2020-07-06,2020-07-07,53.565,53.515,-0.04999999999999716,-2.499999999999858,-6.999999999999716,long
2020-07-08,1,2020-07-07,2020-07-08,53.004999999999995,53.405,0.4000000000000057,20.000000000000284,38.00000000000057,long
2020-07-09,1,2020-07-08,2020-07-09,53.87,54.29,0.4200000000000017,21.000000000000085,40.00000000000017,long
2020-07-10,1,2020-07-09,2020-07-10,54.065,53.89,-0.17499999999999716,-8.749999999999858,-19.499999999999716,long
2020-07-13,1,2020-07-10,2020-07-13,54.05,54.49,0.44000000000000483,22.00000000000024,42.00000000000048,long
2020-07-14,1,2020-07-13,2020-07-14,52.93,52.57,-0.35999999999999943,-17.99999999999997,-37.99999999999994,long
2020-07-15,1,2020-07-14,2020-07-15,53.54,54.010000000000005,0.47000000000000597,23.5000000000003,45.0000000000006,long
2020-07-16,1,2020-07-15,2020-07-16,53.83,53.235,-0.5949999999999989,-29.749999999999943,-61.499999999999886,long
2020-07-17,1,2020-07-16,2020-07-17,53.165,53.46,0.2950000000000017,14.750000000000085,27.50000000000017,long
2020-07-20,1,2020-07-17,2020-07-20,53.425,53.535000000000004,0.11000000000000654,5.500000000000327,9.000000000000654,long
2020-07-21,1,2020-07-20,2020-07-21,54.79,55.160000000000004,0.37000000000000455,18.500000000000227,35.000000000000455,long
2020-07-22,1,2020-07-21,2020-07-22,54.239999999999995,54.255,0.015000000000007674,0.7500000000003837,-0.4999999999992326,long
2020-07-23,1,2020-07-22,2020-07-23,54.675,54.355000000000004,-0.3199999999999932,-15.999999999999659,-33.99999999999932,long
2020-07-24,1,2020-07-23,2020-07-24,53.254999999999995,52.345,-0.9099999999999966,-45.49999999999983,-92.99999999999966,long
2020-07-27,1,2020-07-24,2020-07-27,52.61,52.910000000000004,0.30000000000000426,15.000000000000213,28.000000000000426,long
2020-07-28,1,2020-07-27,2020-07-28,53.44,53.255,-0.18499999999999517,-9.249999999999758,-20.499999999999517,long
2020-07-29,1,2020-07-28,2020-07-29,52.815,52.995000000000005,0.18000000000000682,9.000000000000341,16.000000000000682,long
2020-07-30,1,2020-07-29,2020-07-30,53.58,53.09,-0.4899999999999949,-24.499999999999744,-50.99999999999949,long
2020-07-31,1,2020-07-30,2020-07-31,53.879999999999995,54.7,0.8200000000000074,41.00000000000037,80.00000000000074,long
2020-08-03,1,2020-07-31,2020-08-03,55.225,56.035000000000004,0.8100000000000023,40.500000000000114,79.00000000000023,long
2020-08-04,1,2020-08-03,2020-08-04,56.585,56.4,-0.18500000000000227,-9.250000000000114,-20.500000000000227,long
2020-08-05,1,2020-08-04,2020-08-05,56.73,56.865,0.13500000000000512,6.750000000000256,11.500000000000512,long
2020-08-06,1,2020-08-05,2020-08-06,56.94,56.875,-0.06499999999999773,-3.2499999999998863,-8.499999999999773,long
2020-08-07,1,2020-08-06,2020-08-07,57.739999999999995,57.47,-0.269999999999996,-13.499999999999801,-28.999999999999602,long
2020-08-10,1,2020-08-07,2020-08-10,56.879999999999995,56.97,0.09000000000000341,4.5000000000001705,7.000000000000341,long
2020-08-11,1,2020-08-10,2020-08-11,56.72,56.515,-0.2049999999999983,-10.249999999999915,-22.49999999999983,long
2020-08-12,1,2020-08-11,2020-08-12,55.699999999999996,56.11,0.4100000000000037,20.500000000000185,39.00000000000037,long
2020-08-13,1,2020-08-12,2020-08-13,56.964999999999996,57.005,0.04000000000000625,2.0000000000003126,2.0000000000006253,long
2020-08-14,1,2020-08-13,2020-08-14,56.989999999999995,56.995000000000005,0.005000000000009663,0.25000000000048317,-1.4999999999990337,long
2020-08-17,1,2020-08-14,2020-08-17,56.949999999999996,57.275,0.32500000000000284,16.250000000000142,30.500000000000284,long
2020-08-18,1,2020-08-17,2020-08-18,57.33,57.42,0.09000000000000341,4.5000000000001705,7.000000000000341,long
2020-08-19,1,2020-08-18,2020-08-19,57.544999999999995,57.67,0.1250000000000071,6.250000000000355,10.50000000000071,long
2020-08-20,1,2020-08-19,2020-08-20,57.475,57.24,-0.23499999999999943,-11.749999999999972,-25.499999999999943,long
2020-08-21,1,2020-08-20,2020-08-21,58.239999999999995,58.295,0.05500000000000682,2.750000000000341,3.500000000000682,long
2020-08-24,1,2020-08-21,2020-08-24,58.98,59.81,0.8300000000000054,41.50000000000027,81.00000000000054,long
2020-08-25,1,2020-08-24,2020-08-25,59.489999999999995,59.335,-0.15499999999999403,-7.749999999999702,-17.499999999999403,long
2020-08-26,1,2020-08-25,2020-08-26,59.79,60.410000000000004,0.6200000000000045,31.000000000000227,60.000000000000455,long
2020-08-27,1,2020-08-26,2020-08-27,61.004999999999995,61.24,0.23500000000000654,11.750000000000327,21.500000000000654,long
2020-08-28,1,2020-08-27,2020-08-28,61.055,61.275,0.21999999999999886,10.999999999999943,19.999999999999886,long
2020-08-31,1,2020-08-28,2020-08-31,61.589999999999996,61.815000000000005,0.22500000000000853,11.250000000000426,20.500000000000853,long
2020-09-01,1,2020-08-31,2020-09-01,61.785,62.32,0.5350000000000037,26.750000000000185,51.50000000000037,long
2020-09-02,1,2020-09-01,2020-09-02,62.964999999999996,63.85,0.8850000000000051,44.250000000000256,86.50000000000051,long
2020-09-03,1,2020-09-02,2020-09-03,63.525,62.49,-1.0349999999999966,-51.74999999999983,-105.49999999999966,long
2020-09-04,1,2020-09-03,2020-09-04,59.905,59.56,-0.34499999999999886,-17.249999999999943,-36.499999999999886,long
2020-09-08,1,2020-09-04,2020-09-08,59.07,56.865,-2.2049999999999983,-110.24999999999991,-222.49999999999983,long
2020-09-09,1,2020-09-08,2020-09-09,56.4,57.765,1.365000000000002,68.2500000000001,134.5000000000002,long
2020-09-10,1,2020-09-09,2020-09-10,58.239999999999995,59.02,0.7800000000000082,39.00000000000041,76.00000000000082,long
2020-09-11,1,2020-09-10,2020-09-11,56.925,57.440000000000005,0.5150000000000077,25.750000000000384,49.50000000000077,long
2020-09-14,1,2020-09-11,2020-09-14,56.489999999999995,57.410000000000004,0.9200000000000088,46.00000000000044,90.00000000000088,long
2020-09-15,1,2020-09-14,2020-09-15,57.675,58.54,0.865000000000002,43.2500000000001,84.5000000000002,long
2020-09-16,1,2020-09-15,2020-09-16,58.245,58.49,0.24500000000000455,12.250000000000227,22.500000000000455,long
2020-09-17,1,2020-09-16,2020-09-17,57.345,56.04,-1.3049999999999997,-65.24999999999999,-132.49999999999997,long
2020-09-18,1,2020-09-17,2020-09-18,56.87,56.945,0.07500000000000284,3.750000000000142,5.500000000000284,long
2020-09-21,1,2020-09-18,2020-09-21,55.89,54.665,-1.2250000000000014,-61.25000000000007,-124.50000000000014,long
2020-09-22,1,2020-09-21,2020-09-22,56.23,56.85,0.6200000000000045,31.000000000000227,60.000000000000455,long
2020-09-23,1,2020-09-22,2020-09-23,57.12,57.11,-0.00999999999999801,-0.4999999999999005,-2.999999999999801,long
2020-09-24,1,2020-09-23,2020-09-24,55.339999999999996,54.805,-0.5349999999999966,-26.74999999999983,-55.49999999999966,long
2020-09-25,1,2020-09-24,2020-09-25,55.65,55.660000000000004,0.010000000000005116,0.5000000000002558,-0.9999999999994884,long
2020-09-28,1,2020-09-25,2020-09-28,56.98,57.875,0.8950000000000031,44.750000000000156,87.50000000000031,long
2020-09-29,1,2020-09-28,2020-09-29,58.07,57.975,-0.09499999999999886,-4.749999999999943,-11.499999999999886,long
2020-09-30,1,2020-09-29,2020-09-30,57.875,57.795,-0.0799999999999983,-3.9999999999999147,-9.99999999999983,long
2020-10-01,1,2020-09-30,2020-10-01,58.36,59.105000000000004,0.7450000000000045,37.25000000000023,72.50000000000045,long
2020-10-02,1,2020-10-01,2020-10-02,58.975,57.580000000000005,-1.394999999999996,-69.7499999999998,-141.4999999999996,long
2020-10-05,1,2020-10-02,2020-10-05,57.48,57.88,0.4000000000000057,20.000000000000284,38.00000000000057,long
2020-10-06,1,2020-10-05,2020-10-06,58.739999999999995,58.580000000000005,-0.15999999999998948,-7.999999999999474,-17.99999999999895,long
2020-10-07,1,2020-10-06,2020-10-07,57.83,58.415,0.5850000000000009,29.250000000000043,56.500000000000085,long
2020-10-08,1,2020-10-07,2020-10-08,58.89,59.395,0.5050000000000026,25.250000000000128,48.500000000000256,long
2020-10-09,1,2020-10-08,2020-10-09,59.195,59.45,0.25500000000000256,12.750000000000128,23.500000000000256,long
2020-10-12,1,2020-10-09,2020-10-12,60.1,60.96,0.8599999999999994,42.99999999999997,83.99999999999994,long
2020-10-13,1,2020-10-12,2020-10-13,61.739999999999995,61.915,0.17500000000000426,8.750000000000213,15.500000000000426,long
2020-10-14,1,2020-10-13,2020-10-14,61.345,61.475,0.13000000000000256,6.500000000000128,11.000000000000256,long
2020-10-15,1,2020-10-14,2020-10-15,61.019999999999996,60.005,-1.0149999999999935,-50.74999999999967,-103.49999999999935,long
2020-10-16,1,2020-10-15,2020-10-16,60.745,61.07,0.32500000000000284,16.250000000000142,30.500000000000284,long
2020-10-19,1,2020-10-16,2020-10-19,60.57,60.845,0.2749999999999986,13.749999999999929,25.499999999999858,long
2020-10-20,1,2020-10-19,2020-10-20,59.46,59.645,0.18500000000000227,9.250000000000114,16.500000000000227,long
2020-10-21,1,2020-10-20,2020-10-21,59.665,59.505,-0.1599999999999966,-7.9999999999998295,-17.99999999999966,long
2020-10-22,1,2020-10-21,2020-10-22,59.574999999999996,59.585,0.010000000000005116,0.5000000000002558,-0.9999999999994884,long
2020-10-23,1,2020-10-22,2020-10-23,59.294999999999995,59.36,0.06500000000000483,3.2500000000002416,4.500000000000483,long
2020-10-26,1,2020-10-23,2020-10-26,59.23,58.56,-0.6699999999999946,-33.49999999999973,-68.99999999999946,long
2020-10-27,1,2020-10-26,2020-10-27,57.945,58.245000000000005,0.30000000000000426,15.000000000000213,28.000000000000426,long
2020-10-28,1,2020-10-27,2020-10-28,58.235,57.105000000000004,-1.1299999999999955,-56.49999999999977,-114.99999999999955,long
2020-10-29,1,2020-10-28,2020-10-29,55.765,55.97,0.2049999999999983,10.249999999999915,18.49999999999983,long
2020-10-30,1,2020-10-29,2020-10-30,56.695,55.88,-0.8149999999999977,-40.749999999999886,-83.49999999999977,long
2020-11-02,1,2020-10-30,2020-11-02,55.44,55.845,0.40500000000000114,20.250000000000057,38.500000000000114,long
2020-11-03,1,2020-11-02,2020-11-03,55.58,56.0,0.4200000000000017,21.000000000000085,40.00000000000017,long
2020-11-04,1,2020-11-03,2020-11-04,56.559999999999995,58.190000000000005,1.6300000000000097,81.50000000000048,161.00000000000097,long
2020-11-05,1,2020-11-04,2020-11-05,58.76,60.235,1.4750000000000014,73.75000000000007,145.50000000000014,long
2020-11-06,1,2020-11-05,2020-11-06,60.585,60.405,-0.17999999999999972,-8.999999999999986,-19.99999999999997,long
2020-11-09,1,2020-11-06,2020-11-09,60.8,62.120000000000005,1.3200000000000074,66.00000000000037,130.00000000000074,long
2020-11-10,1,2020-11-09,2020-11-10,60.36,59.815000000000005,-0.5449999999999946,-27.24999999999973,-56.49999999999946,long
2020-11-11,1,2020-11-10,2020-11-11,59.235,59.830000000000005,0.595000000000006,29.7500000000003,57.5000000000006,long
2020-11-12,1,2020-11-11,2020-11-12,60.64,60.6,-0.03999999999999915,-1.9999999999999574,-5.999999999999915,long
2020-11-13,1,2020-11-12,2020-11-13,60.1,60.535000000000004,0.4350000000000023,21.750000000000114,41.50000000000023,long
2020-11-16,1,2020-11-13,2020-11-16,60.61,60.59,-0.01999999999999602,-0.999999999999801,-3.999999999999602,long
2020-11-17,1,2020-11-16,2020-11-17,61.195,60.855000000000004,-0.3399999999999963,-16.999999999999815,-35.99999999999963,long
2020-11-18,1,2020-11-17,2020-11-18,60.855,60.725,-0.12999999999999545,-6.499999999999773,-14.999999999999545,long
2020-11-19,1,2020-11-18,2020-11-19,60.205,60.07,-0.134999999999998,-6.7499999999999005,-15.499999999999801,long
2020-11-20,1,2020-11-19,2020-11-20,60.69,60.72,0.030000000000001137,1.5000000000000568,1.0000000000001137,long
2020-11-23,1,2020-11-20,2020-11-23,60.065,60.225,0.1600000000000037,8.000000000000185,14.00000000000037,long
2020-11-24,1,2020-11-23,2020-11-24,60.05,60.25,0.20000000000000284,10.000000000000142,18.000000000000284,long
2020-11-25,1,2020-11-24,2020-11-25,60.885,61.075,0.19000000000000483,9.500000000000242,17.000000000000483,long
2020-11-27,1,2020-11-25,2020-11-27,61.015,61.32,0.3049999999999997,15.249999999999986,28.49999999999997,long
2020-11-30,1,2020-11-27,2020-11-30,61.339999999999996,61.245000000000005,-0.09499999999999176,-4.749999999999588,-11.499999999999176,long
2020-12-01,1,2020-11-30,2020-12-01,61.75,62.245000000000005,0.49500000000000455,24.750000000000227,47.500000000000455,long
2020-12-02,1,2020-12-01,2020-12-02,62.54,62.190000000000005,-0.3499999999999943,-17.499999999999716,-36.99999999999943,long
2020-12-03,1,2020-12-02,2020-12-03,62.445,62.510000000000005,0.06500000000000483,3.2500000000002416,4.500000000000483,long
2020-12-04,1,2020-12-03,2020-12-04,62.405,62.49,0.08500000000000085,4.250000000000043,6.500000000000085,long
2020-12-07,1,2020-12-04,2020-12-07,63.03,63.010000000000005,-0.01999999999999602,-0.999999999999801,-3.999999999999602,long
2020-12-08,1,2020-12-07,2020-12-08,63.21,63.13,-0.0799999999999983,-3.9999999999999147,-9.99999999999983,long
2020-12-09,1,2020-12-08,2020-12-09,63.415,63.355000000000004,-0.05999999999999517,-2.9999999999997584,-7.999999999999517,long
2020-12-10,1,2020-12-09,2020-12-10,62.199999999999996,61.800000000000004,-0.3999999999999915,-19.999999999999574,-41.99999999999915,long
2020-12-11,1,2020-12-10,2020-12-11,62.29,61.905,-0.384999999999998,-19.2499999999999,-40.4999999999998,long
2020-12-14,1,2020-12-11,2020-12-14,62.16,62.31,0.15000000000000568,7.500000000000284,13.000000000000568,long
2020-12-15,1,2020-12-14,2020-12-15,62.385,63.045,0.6600000000000037,33.000000000000185,64.00000000000037,long
2020-12-16,1,2020-12-15,2020-12-16,63.425,63.475,0.05000000000000426,2.500000000000213,3.0000000000004263,long
2020-12-17,1,2020-12-16,2020-12-17,63.855,64.3,0.4450000000000003,22.250000000000014,42.50000000000003,long
2020-12-18,1,2020-12-17,2020-12-18,64.36,64.42,0.060000000000002274,3.0000000000001137,4.000000000000227,long
2020-12-21,1,2020-12-18,2020-12-21,64.135,63.17,-0.9650000000000034,-48.25000000000017,-98.50000000000034,long
2020-12-22,1,2020-12-21,2020-12-22,64.05000000000001,64.38499999999999,0.33499999999997954,16.749999999998977,31.499999999997954,long
2020-12-23,1,2020-12-22,2020-12-23,64.605,64.66499999999999,0.05999999999998806,2.999999999999403,3.9999999999988063,long
2020-12-24,1,2020-12-23,2020-12-24,64.11500000000001,64.205,0.0899999999999892,4.49999999999946,6.99999999999892,long
2020-12-28,1,2020-12-24,2020-12-28,64.54,65.16,0.6199999999999903,30.999999999999517,59.999999999999034,long
2020-12-29,1,2020-12-28,2020-12-29,65.27000000000001,65.61999999999999,0.3499999999999801,17.499999999999005,32.99999999999801,long
2020-12-30,1,2020-12-29,2020-12-30,64.96000000000001,65.19,0.22999999999998977,11.499999999999488,20.999999999998977,long
2020-12-31,1,2020-12-30,2020-12-31,64.92500000000001,64.94,0.014999999999986358,0.7499999999993179,-0.5000000000013642,long
2021-01-04,1,2020-12-31,2021-01-04,65.02000000000001,65.33999999999999,0.31999999999997897,15.999999999998948,29.999999999997897,long
2021-01-05,1,2021-01-04,2021-01-05,63.96,63.78,-0.17999999999999972,-8.999999999999986,-19.99999999999997,long
2021-01-06,1,2021-01-05,2021-01-06,64.375,63.43,-0.9450000000000003,-47.250000000000014,-96.50000000000003,long
2021-01-07,1,2021-01-06,2021-01-07,63.265,63.85,0.5850000000000009,29.250000000000043,56.500000000000085,long
2021-01-08,1,2021-01-07,2021-01-08,64.97,65.27,0.29999999999999716,14.999999999999858,27.999999999999716,long
2021-01-11,1,2021-01-08,2021-01-11,65.39,64.735,-0.6550000000000011,-32.75000000000006,-67.50000000000011,long
2021-01-12,1,2021-01-11,2021-01-12,64.85000000000001,64.78,-0.07000000000000739,-3.5000000000003695,-9.000000000000739,long
2021-01-13,1,2021-01-12,2021-01-13,64.54,64.6,0.05999999999998806,2.999999999999403,3.9999999999988063,long
2021-01-14,1,2021-01-13,2021-01-14,64.95,65.11,0.1599999999999966,7.9999999999998295,13.999999999999659,long
2021-01-15,1,2021-01-14,2021-01-15,64.38000000000001,64.25999999999999,-0.12000000000001876,-6.000000000000938,-14.000000000001876,long
2021-01-19,1,2021-01-15,2021-01-19,63.72,64.16,0.4399999999999977,21.999999999999886,41.99999999999977,long
2021-01-20,1,2021-01-19,2021-01-20,64.55000000000001,65.03999999999999,0.4899999999999807,24.499999999999034,46.99999999999807,long
2021-01-21,1,2021-01-20,2021-01-21,65.83,66.16499999999999,0.33499999999999375,16.749999999999687,31.499999999999375,long
2021-01-22,1,2021-01-21,2021-01-22,66.68,66.38,-0.30000000000001137,-15.000000000000568,-32.00000000000114,long
2021-01-25,1,2021-01-22,2021-01-25,66.42500000000001,67.155,0.7299999999999898,36.49999999999949,70.99999999999898,long
2021-01-26,1,2021-01-25,2021-01-26,66.98,67.195,0.2149999999999892,10.74999999999946,19.49999999999892,long
2021-01-27,1,2021-01-26,2021-01-27,67.025,66.68499999999999,-0.3400000000000176,-17.00000000000088,-36.00000000000176,long
2021-01-28,1,2021-01-27,2021-01-28,65.76,66.07499999999999,0.3149999999999835,15.749999999999176,29.49999999999835,long
2021-01-29,1,2021-01-28,2021-01-29,66.03,65.67999999999999,-0.3500000000000085,-17.500000000000426,-37.00000000000085,long
2021-02-01,1,2021-01-29,2021-02-01,64.47500000000001,65.22,0.7449999999999903,37.24999999999952,72.49999999999903,long
2021-02-02,1,2021-02-01,2021-02-02,66.09,66.71,0.6199999999999903,30.999999999999517,59.999999999999034,long
2021-02-03,1,2021-02-02,2021-02-03,66.985,67.095,0.10999999999999943,5.499999999999972,8.999999999999943,long
2021-02-04,1,2021-02-03,2021-02-04,66.75500000000001,67.08999999999999,0.33499999999997954,16.749999999998977,31.499999999997954,long
2021-02-05,1,2021-02-04,2021-02-05,67.82000000000001,67.99,0.1699999999999875,8.499999999999375,14.99999999999875,long
2021-02-08,1,2021-02-05,2021-02-08,67.67,67.925,0.25499999999999545,12.749999999999773,23.499999999999545,long
2021-02-09,1,2021-02-08,2021-02-09,68.38000000000001,68.17999999999999,-0.20000000000001705,-10.000000000000853,-22.000000000001705,long
2021-02-10,1,2021-02-09,2021-02-10,68.30000000000001,68.57,0.2699999999999818,13.49999999999909,24.99999999999818,long
2021-02-11,1,2021-02-10,2021-02-11,68.2,68.58999999999999,0.38999999999998636,19.499999999999318,36.999999999998636,long
2021-02-12,1,2021-02-11,2021-02-12,68.95,68.75,-0.20000000000000284,-10.000000000000142,-22.000000000000284,long
2021-02-16,1,2021-02-12,2021-02-16,69.305,69.55999999999999,0.25499999999998124,12.749999999999062,23.499999999998124,long
2021-02-17,1,2021-02-16,2021-02-17,69.08,68.42,-0.6599999999999966,-32.99999999999983,-67.99999999999966,long
2021-02-18,1,2021-02-17,2021-02-18,68.47,67.755,-0.7150000000000034,-35.75000000000017,-73.50000000000034,long
2021-02-19,1,2021-02-18,2021-02-19,68.135,68.46499999999999,0.3299999999999841,16.499999999999204,30.99999999999841,long
2021-02-22,1,2021-02-19,2021-02-22,68.03500000000001,67.17,-0.8650000000000091,-43.250000000000455,-88.50000000000091,long
2021-02-23,1,2021-02-22,2021-02-23,66.53500000000001,65.41,-1.1250000000000142,-56.25000000000071,-114.50000000000142,long
2021-02-24,1,2021-02-23,2021-02-24,66.35000000000001,65.85499999999999,-0.49500000000001876,-24.750000000000938,-51.500000000001876,long
2021-02-25,1,2021-02-24,2021-02-25,67.36500000000001,66.72,-0.6450000000000102,-32.25000000000051,-66.50000000000102,long
2021-02-26,1,2021-02-25,2021-02-26,65.01,65.595,0.5849999999999937,29.249999999999687,56.499999999999375,long
2021-03-01,1,2021-02-26,2021-03-01,65.355,66.43499999999999,1.079999999999984,53.999999999999204,105.99999999999841,long
2021-03-02,1,2021-03-01,2021-03-02,67.46000000000001,67.52499999999999,0.06499999999998352,3.2499999999991758,4.4999999999983515,long
2021-03-03,1,2021-03-02,2021-03-03,66.39,66.05,-0.3400000000000034,-17.00000000000017,-36.00000000000034,long
2021-03-04,1,2021-03-03,2021-03-04,64.72,64.49,-0.23000000000000398,-11.500000000000199,-25.000000000000398,long
2021-03-05,1,2021-03-04,2021-03-05,63.29,64.05999999999999,0.7699999999999889,38.499999999999446,74.99999999999889,long
2021-03-08,1,2021-03-05,2021-03-08,64.485,64.405,-0.0799999999999983,-3.9999999999999147,-9.99999999999983,long
2021-03-09,1,2021-03-08,2021-03-09,62.925,64.39999999999999,1.4749999999999943,73.74999999999972,145.49999999999943,long
2021-03-10,1,2021-03-09,2021-03-10,65.06500000000001,65.64999999999999,0.5849999999999795,29.249999999998977,56.499999999997954,long
2021-03-11,1,2021-03-10,2021-03-11,64.805,65.75999999999999,0.9549999999999841,47.749999999999204,93.49999999999841,long
2021-03-12,1,2021-03-11,2021-03-12,66.19000000000001,65.36,-0.8300000000000125,-41.500000000000625,-85.00000000000125,long
2021-03-15,1,2021-03-12,2021-03-15,65.715,65.75999999999999,0.044999999999987494,2.2499999999993747,2.4999999999987494,long
2021-03-16,1,2021-03-15,2021-03-16,66.415,66.925,0.5099999999999909,25.499999999999545,48.99999999999909,long
2021-03-17,1,2021-03-16,2021-03-17,66.915,66.35499999999999,-0.5600000000000165,-28.000000000000824,-58.00000000000165,long
2021-03-18,1,2021-03-17,2021-03-18,66.86,65.925,-0.9350000000000023,-46.750000000000114,-95.50000000000023,long
2021-03-19,1,2021-03-18,2021-03-19,65.00500000000001,65.015,0.009999999999990905,0.49999999999954525,-1.0000000000009095,long
2021-03-22,1,2021-03-19,2021-03-22,64.81,65.0,0.18999999999999773,9.499999999999886,16.999999999999773,long
2021-03-23,1,2021-03-22,2021-03-23,65.94500000000001,66.10499999999999,0.15999999999998238,7.999999999999119,13.999999999998238,long
2021-03-24,1,2021-03-23,2021-03-24,65.53500000000001,65.91,0.3749999999999858,18.74999999999929,35.49999999999858,long
2021-03-25,1,2021-03-24,2021-03-25,64.74000000000001,64.365,-0.3750000000000142,-18.75000000000071,-39.50000000000142,long
2021-03-26,1,2021-03-25,2021-03-26,64.7,64.61999999999999,-0.0800000000000125,-4.000000000000625,-10.00000000000125,long
2021-03-29,1,2021-03-26,2021-03-29,66.345,66.125,-0.21999999999999886,-10.999999999999943,-23.999999999999886,long
2021-03-30,1,2021-03-29,2021-03-30,66.0,65.53999999999999,-0.46000000000000796,-23.000000000000398,-48.000000000000796,long
2021-03-31,1,2021-03-30,2021-03-31,65.375,65.83999999999999,0.4649999999999892,23.24999999999946,44.49999999999892,long
2021-04-01,1,2021-03-31,2021-04-01,66.415,67.145,0.7299999999999898,36.49999999999949,70.99999999999898,long
2021-04-05,1,2021-04-01,2021-04-05,67.75,68.125,0.375,18.75,35.5,long
2021-04-06,1,2021-04-05,2021-04-06,69.15,68.905,-0.24500000000000455,-12.250000000000227,-26.500000000000455,long
2021-04-07,1,2021-04-06,2021-04-07,68.855,68.78,-0.07500000000000284,-3.750000000000142,-9.500000000000284,long
2021-04-08,1,2021-04-07,2021-04-08,69.22,69.85499999999999,0.6349999999999909,31.749999999999545,61.49999999999909,long
2021-04-09,1,2021-04-08,2021-04-09,70.22,69.945,-0.2750000000000057,-13.750000000000284,-29.50000000000057,long
2021-04-12,1,2021-04-09,2021-04-12,70.89500000000001,70.58999999999999,-0.30500000000002103,-15.250000000001052,-32.5000000000021,long
2021-04-13,1,2021-04-12,2021-04-13,70.555,70.80499999999999,0.2499999999999858,12.49999999999929,22.99999999999858,long
2021-04-14,1,2021-04-13,2021-04-14,71.22,71.19,-0.030000000000001137,-1.5000000000000568,-5.000000000000114,long
2021-04-15,1,2021-04-14,2021-04-15,70.465,71.16,0.6949999999999932,34.74999999999966,67.49999999999932,long
2021-04-16,1,2021-04-15,2021-04-16,71.67500000000001,71.69999999999999,0.024999999999977263,1.2499999999988631,0.49999999999772626,long
2021-04-19,1,2021-04-16,2021-04-19,71.66000000000001,71.32,-0.3400000000000176,-17.00000000000088,-36.00000000000176,long
2021-04-20,1,2021-04-19,2021-04-20,71.06500000000001,70.895,-0.17000000000001592,-8.500000000000796,-19.00000000000159,long
2021-04-21,1,2021-04-20,2021-04-21,70.435,70.28999999999999,-0.14500000000001023,-7.250000000000512,-16.500000000001023,long
2021-04-22,1,2021-04-21,2021-04-22,71.14500000000001,71.0,-0.14500000000001023,-7.250000000000512,-16.500000000001023,long
2021-04-23,1,2021-04-22,2021-04-23,70.31,70.42,0.10999999999999943,5.499999999999972,8.999999999999943,long
2021-04-26,1,2021-04-23,2021-04-26,71.36,71.33999999999999,-0.020000000000010232,-1.0000000000005116,-4.000000000001023,long
2021-04-27,1,2021-04-26,2021-04-27,71.72500000000001,71.82,0.09499999999998465,4.749999999999233,7.499999999998465,long
2021-04-28,1,2021-04-27,2021-04-28,71.55000000000001,71.115,-0.4350000000000165,-21.750000000000824,-45.50000000000165,long
2021-04-29,1,2021-04-28,2021-04-29,70.885,71.445,0.5599999999999881,27.999999999999403,53.999999999998806,long
2021-04-30,1,2021-04-29,2021-04-30,70.825,70.08999999999999,-0.7350000000000136,-36.75000000000068,-75.50000000000136,long
2021-05-03,1,2021-04-30,2021-05-03,69.86,70.21499999999999,0.35499999999998977,17.74999999999949,33.49999999999898,long
2021-05-04,1,2021-05-03,2021-05-04,69.665,69.14,-0.5250000000000057,-26.250000000000284,-54.50000000000057,long
2021-05-05,1,2021-05-04,2021-05-05,68.415,68.955,0.539999999999992,26.999999999999602,51.999999999999204,long
2021-05-06,1,2021-05-05,2021-05-06,68.25,68.19999999999999,-0.05000000000001137,-2.5000000000005684,-7.000000000001137,long
2021-05-07,1,2021-05-06,2021-05-07,68.935,69.57,0.6349999999999909,31.749999999999545,61.49999999999909,long
2021-05-10,1,2021-05-07,2021-05-10,69.525,69.16499999999999,-0.36000000000001364,-18.000000000000682,-38.000000000001364,long
2021-05-11,1,2021-05-10,2021-05-11,67.77000000000001,66.455,-1.315000000000012,-65.7500000000006,-133.5000000000012,long
2021-05-12,1,2021-05-11,2021-05-12,67.56500000000001,66.52499999999999,-1.0400000000000205,-52.00000000000102,-106.00000000000205,long
2021-05-13,1,2021-05-12,2021-05-13,65.665,66.39,0.7249999999999943,36.249999999999716,70.49999999999943,long
2021-05-14,1,2021-05-13,2021-05-14,66.53500000000001,67.25999999999999,0.7249999999999801,36.249999999999005,70.49999999999801,long
2021-05-17,1,2021-05-14,2021-05-17,68.0,67.58,-0.4200000000000017,-21.000000000000085,-44.00000000000017,long
2021-05-18,1,2021-05-17,2021-05-18,67.5,67.675,0.17499999999999716,8.749999999999858,15.499999999999716,long
2021-05-19,1,2021-05-18,2021-05-19,66.96000000000001,65.86999999999999,-1.0900000000000176,-54.50000000000088,-111.00000000000176,long
2021-05-20,1,2021-05-19,2021-05-20,67.19500000000001,67.46499999999999,0.2699999999999818,13.49999999999909,24.99999999999818,long
2021-05-21,1,2021-05-20,2021-05-21,68.48,68.78,0.29999999999999716,14.999999999999858,27.999999999999716,long
2021-05-24,1,2021-05-21,2021-05-24,68.105,68.675,0.5699999999999932,28.49999999999966,54.99999999999932,long
2021-05-25,1,2021-05-24,2021-05-25,69.31500000000001,69.58999999999999,0.27499999999997726,13.749999999998863,25.499999999997726,long
2021-05-26,1,2021-05-25,2021-05-26,69.33500000000001,69.35499999999999,0.01999999999998181,0.9999999999990905,-1.8189894035458565e-12,long
2021-05-27,1,2021-05-26,2021-05-27,69.33,69.225,-0.10500000000000398,-5.250000000000199,-12.500000000000398,long
2021-05-28,1,2021-05-27,2021-05-28,68.965,69.36,0.394999999999996,19.7499999999998,37.4999999999996,long
2021-06-01,1,2021-05-28,2021-06-01,69.21000000000001,69.5,0.28999999999999204,14.499999999999602,26.999999999999204,long
2021-06-02,1,2021-06-01,2021-06-02,68.87,68.96499999999999,0.09499999999998465,4.749999999999233,7.499999999998465,long
2021-06-03,1,2021-06-02,2021-06-03,69.345,68.765,-0.5799999999999983,-28.999999999999915,-59.99999999999983,long
2021-06-04,1,2021-06-03,2021-06-04,68.7,69.115,0.41499999999999204,20.749999999999602,39.499999999999204,long
2021-06-07,1,2021-06-04,2021-06-07,70.02000000000001,69.945,-0.07500000000001705,-3.7500000000008527,-9.500000000001705,long
2021-06-08,1,2021-06-07,2021-06-08,70.00500000000001,70.30999999999999,0.3049999999999784,15.24999999999892,28.49999999999784,long
2021-06-09,1,2021-06-08,2021-06-09,70.01,70.32,0.30999999999998806,15.499999999999403,28.999999999998806,long
2021-06-10,1,2021-06-09,2021-06-10,70.06,70.16,0.09999999999999432,4.999999999999716,7.999999999999432,long
2021-06-11,1,2021-06-10,2021-06-11,70.575,70.645,0.06999999999999318,3.499999999999659,4.999999999999318,long
2021-06-14,1,2021-06-11,2021-06-14,70.995,71.045,0.04999999999999716,2.499999999999858,2.999999999999716,long
2021-06-15,1,2021-06-14,2021-06-15,71.715,71.61,-0.10500000000000398,-5.250000000000199,-12.500000000000398,long
2021-06-16,1,2021-06-15,2021-06-16,71.275,71.39,0.11499999999999488,5.749999999999744,9.499999999999488,long
2021-06-17,1,2021-06-16,2021-06-17,70.89,70.66499999999999,-0.22500000000000853,-11.250000000000426,-24.500000000000853,long
2021-06-18,1,2021-06-17,2021-06-18,71.71000000000001,71.345,-0.3650000000000091,-18.250000000000455,-38.50000000000091,long
2021-06-21,1,2021-06-18,2021-06-21,71.055,70.93499999999999,-0.12000000000001876,-6.000000000000938,-14.000000000001876,long
2021-06-22,1,2021-06-21,2021-06-22,71.685,71.61999999999999,-0.06500000000001194,-3.250000000000597,-8.500000000001194,long
2021-06-23,1,2021-06-22,2021-06-23,72.33500000000001,72.32499999999999,-0.010000000000019327,-0.5000000000009663,-3.0000000000019327,long
2021-06-24,1,2021-06-23,2021-06-24,72.25500000000001,72.69999999999999,0.44499999999997897,22.24999999999895,42.4999999999979,long
2021-06-25,1,2021-06-24,2021-06-25,72.71000000000001,72.735,0.024999999999991473,1.2499999999995737,0.49999999999914735,long
2021-06-28,1,2021-06-25,2021-06-28,72.625,72.905,0.28000000000000114,14.000000000000057,26.000000000000114,long
2021-06-29,1,2021-06-28,2021-06-29,73.385,73.38,-0.005000000000009663,-0.25000000000048317,-2.5000000000009663,long
2021-06-30,1,2021-06-29,2021-06-30,73.92,73.785,-0.13500000000000512,-6.750000000000256,-15.500000000000512,long
2021-07-01,1,2021-06-30,2021-07-01,73.84,73.69,-0.15000000000000568,-7.500000000000284,-17.00000000000057,long
2021-07-02,1,2021-07-01,2021-07-02,73.965,74.32499999999999,0.3599999999999852,17.99999999999926,33.99999999999852,long
2021-07-06,1,2021-07-02,2021-07-06,74.94000000000001,75.095,0.15499999999998693,7.749999999999346,13.499999999998693,long
2021-07-07,1,2021-07-06,2021-07-07,75.22500000000001,75.71499999999999,0.4899999999999807,24.499999999999034,46.99999999999807,long
2021-07-08,1,2021-07-07,2021-07-08,75.635,74.445,-1.190000000000012,-59.5000000000006,-121.0000000000012,long
2021-07-09,1,2021-07-08,2021-07-09,74.92,74.80999999999999,-0.11000000000001364,-5.500000000000682,-13.000000000001364,long
2021-07-12,1,2021-07-09,2021-07-12,75.61,75.89999999999999,0.28999999999999204,14.499999999999602,26.999999999999204,long
2021-07-13,1,2021-07-12,2021-07-13,75.67,75.515,-0.15500000000000114,-7.750000000000057,-17.500000000000114,long
2021-07-14,1,2021-07-13,2021-07-14,75.98,76.57499999999999,0.5949999999999847,29.749999999999233,57.499999999998465,long
2021-07-15,1,2021-07-14,2021-07-15,76.54,76.425,-0.1150000000000091,-5.750000000000455,-13.50000000000091,long
2021-07-16,1,2021-07-15,2021-07-16,75.91000000000001,76.085,0.17499999999998295,8.749999999999147,15.499999999998295,long
2021-07-19,1,2021-07-16,2021-07-19,75.16000000000001,74.24499999999999,-0.9150000000000205,-45.75000000000102,-93.50000000000205,long
2021-07-20,1,2021-07-19,2021-07-20,74.125,74.475,0.3499999999999943,17.499999999999716,32.99999999999943,long
2021-07-21,1,2021-07-20,2021-07-21,75.22500000000001,75.155,-0.07000000000000739,-3.5000000000003695,-9.000000000000739,long
2021-07-22,1,2021-07-21,2021-07-22,75.95,76.08999999999999,0.13999999999998636,6.999999999999318,11.999999999998636,long
2021-07-23,1,2021-07-22,2021-07-23,76.51,76.83,0.3199999999999932,15.999999999999659,29.999999999999318,long
2021-07-26,1,2021-07-23,2021-07-26,77.27000000000001,77.045,-0.22500000000000853,-11.250000000000426,-24.500000000000853,long
2021-07-27,1,2021-07-26,2021-07-27,77.23,77.13,-0.10000000000000853,-5.000000000000426,-12.000000000000853,long
2021-07-28,1,2021-07-27,2021-07-28,76.5,76.47999999999999,-0.020000000000010232,-1.0000000000005116,-4.000000000001023,long
2021-07-29,1,2021-07-28,2021-07-29,76.405,76.30499999999999,-0.10000000000000853,-5.000000000000426,-12.000000000000853,long
2021-07-30,1,2021-07-29,2021-07-30,76.76,76.3,-0.46000000000000796,-23.000000000000398,-48.000000000000796,long
2021-08-02,1,2021-07-30,2021-08-02,76.71000000000001,77.015,0.3049999999999926,15.24999999999963,28.49999999999926,long
2021-08-03,1,2021-08-02,2021-08-03,76.435,76.545,0.10999999999999943,5.499999999999972,8.999999999999943,long
2021-08-04,1,2021-08-03,2021-08-04,76.92500000000001,76.905,-0.020000000000010232,-1.0000000000005116,-4.000000000001023,long
2021-08-05,1,2021-08-04,2021-08-05,77.08,77.19999999999999,0.11999999999999034,5.999999999999517,9.999999999999034,long
2021-08-06,1,2021-08-05,2021-08-06,77.50500000000001,77.195,-0.3100000000000165,-15.500000000000824,-33.00000000000165,long
2021-08-09,1,2021-08-06,2021-08-09,77.44000000000001,77.535,0.09499999999998465,4.749999999999233,7.499999999998465,long
2021-08-10,1,2021-08-09,2021-08-10,77.19000000000001,77.30999999999999,0.11999999999997613,5.999999999998806,9.999999999997613,long
2021-08-11,1,2021-08-10,2021-08-11,76.635,76.89,0.25499999999999545,12.749999999999773,23.499999999999545,long
2021-08-12,1,2021-08-11,2021-08-12,76.64500000000001,76.545,-0.10000000000000853,-5.000000000000426,-12.000000000000853,long
2021-08-13,1,2021-08-12,2021-08-13,77.08500000000001,77.08999999999999,0.004999999999981242,0.24999999999906208,-1.5000000000018758,long
2021-08-16,1,2021-08-13,2021-08-16,77.50500000000001,77.3,-0.2050000000000125,-10.250000000000625,-22.50000000000125,long
2021-08-17,1,2021-08-16,2021-08-17,77.855,77.36,-0.49500000000000455,-24.750000000000227,-51.500000000000455,long
2021-08-18,1,2021-08-17,2021-08-18,77.21000000000001,77.005,-0.2050000000000125,-10.250000000000625,-22.50000000000125,long
2021-08-19,1,2021-08-18,2021-08-19,76.14500000000001,75.675,-0.4700000000000131,-23.500000000000654,-49.00000000000131,long
2021-08-20,1,2021-08-19,2021-08-20,76.89,77.16499999999999,0.2749999999999915,13.749999999999574,25.499999999999147,long
2021-08-23,1,2021-08-20,2021-08-23,77.88000000000001,78.065,0.18499999999998806,9.249999999999403,16.499999999998806,long
2021-08-24,1,2021-08-23,2021-08-24,78.885,78.94,0.05499999999999261,2.7499999999996305,3.499999999999261,long
2021-08-25,1,2021-08-24,2021-08-25,78.795,78.92,0.125,6.25,10.5,long
2021-08-26,1,2021-08-25,2021-08-26,78.75,78.64,-0.10999999999999943,-5.499999999999972,-12.999999999999943,long
2021-08-27,1,2021-08-26,2021-08-27,78.25500000000001,78.28999999999999,0.03499999999998238,1.749999999999119,1.4999999999982379,long
2021-08-30,1,2021-08-27,2021-08-30,79.01,79.225,0.2149999999999892,10.74999999999946,19.49999999999892,long
2021-08-31,1,2021-08-30,2021-08-31,79.86,79.89,0.030000000000001137,1.5000000000000568,1.0000000000001137,long
2021-09-01,1,2021-08-31,2021-09-01,79.44000000000001,79.695,0.25499999999998124,12.749999999999062,23.499999999998124,long
2021-09-02,1,2021-09-01,2021-09-02,79.46000000000001,79.735,0.2749999999999915,13.749999999999574,25.499999999999147,long
2021-09-03,1,2021-09-02,2021-09-03,79.375,79.25999999999999,-0.1150000000000091,-5.750000000000455,-13.50000000000091,long
2021-09-07,1,2021-09-03,2021-09-07,79.69000000000001,79.765,0.07499999999998863,3.7499999999994316,5.499999999998863,long
2021-09-08,1,2021-09-07,2021-09-08,79.71000000000001,79.675,-0.0350000000000108,-1.75000000000054,-5.50000000000108,long
2021-09-09,1,2021-09-08,2021-09-09,79.405,79.485,0.0799999999999983,3.9999999999999147,5.9999999999998295,long
2021-09-10,1,2021-09-09,2021-09-10,79.105,79.50999999999999,0.4049999999999869,20.249999999999346,38.49999999999869,long
2021-09-13,1,2021-09-10,2021-09-13,78.325,78.89999999999999,0.5749999999999886,28.74999999999943,55.49999999999886,long
2021-09-14,1,2021-09-13,2021-09-14,78.35000000000001,78.675,0.32499999999998863,16.24999999999943,30.499999999998863,long
2021-09-15,1,2021-09-14,2021-09-15,78.25,78.505,0.25499999999999545,12.749999999999773,23.499999999999545,long
2021-09-16,1,2021-09-15,2021-09-16,78.935,78.63499999999999,-0.30000000000001137,-15.000000000000568,-32.00000000000114,long
2021-09-17,1,2021-09-16,2021-09-17,78.98,78.83,-0.15000000000000568,-7.500000000000284,-17.00000000000057,long
2021-09-20,1,2021-09-17,2021-09-20,77.75,76.42999999999999,-1.3200000000000074,-66.00000000000037,-134.00000000000074,long
2021-09-21,1,2021-09-20,2021-09-21,76.2,76.645,0.4449999999999932,22.24999999999966,42.49999999999932,long
2021-09-22,1,2021-09-21,2021-09-22,76.23,76.625,0.394999999999996,19.7499999999998,37.4999999999996,long
2021-09-23,1,2021-09-22,2021-09-23,77.275,77.63499999999999,0.3599999999999852,17.99999999999926,33.99999999999852,long
2021-09-24,1,2021-09-23,2021-09-24,78.31,77.815,-0.49500000000000455,-24.750000000000227,-51.500000000000455,long
2021-09-27,1,2021-09-24,2021-09-27,78.36500000000001,77.66499999999999,-0.700000000000017,-35.00000000000085,-72.0000000000017,long
2021-09-28,1,2021-09-27,2021-09-28,77.605,76.57,-1.0350000000000108,-51.75000000000054,-105.50000000000108,long
2021-09-29,1,2021-09-28,2021-09-29,75.305,75.57499999999999,0.2699999999999818,13.49999999999909,24.99999999999818,long
2021-09-30,1,2021-09-29,2021-09-30,75.21000000000001,75.63,0.4199999999999875,20.999999999999375,39.99999999999875,long
2021-10-01,1,2021-09-30,2021-10-01,74.67,74.92999999999999,0.2599999999999909,12.999999999999545,23.99999999999909,long
2021-10-04,1,2021-10-01,2021-10-04,75.795,75.33999999999999,-0.4550000000000125,-22.750000000000625,-47.50000000000125,long
2021-10-05,1,2021-10-04,2021-10-05,74.04,74.155,0.11499999999999488,5.749999999999744,9.499999999999488,long
2021-10-06,1,2021-10-05,2021-10-06,75.095,74.19999999999999,-0.8950000000000102,-44.75000000000051,-91.50000000000102,long
2021-10-07,1,2021-10-06,2021-10-07,75.58500000000001,76.19,0.6049999999999898,30.24999999999949,58.49999999999898,long
2021-10-08,1,2021-10-07,2021-10-08,76.275,76.55,0.2749999999999915,13.749999999999574,25.499999999999147,long
2021-10-11,1,2021-10-08,2021-10-11,75.99000000000001,75.63,-0.36000000000001364,-18.000000000000682,-38.000000000001364,long
2021-10-12,1,2021-10-11,2021-10-12,75.57000000000001,75.835,0.26499999999998636,13.249999999999318,24.499999999998636,long
2021-10-13,1,2021-10-12,2021-10-13,75.18,75.47999999999999,0.29999999999998295,14.999999999999147,27.999999999998295,long
2021-10-14,1,2021-10-13,2021-10-14,75.64,76.39,0.75,37.5,73.0,long
2021-10-15,1,2021-10-14,2021-10-15,77.345,77.595,0.25,12.5,23.0,long
2021-10-18,1,2021-10-15,2021-10-18,77.965,77.50999999999999,-0.4550000000000125,-22.750000000000625,-47.50000000000125,long
2021-10-19,1,2021-10-18,2021-10-19,78.625,78.82,0.19499999999999318,9.749999999999659,17.499999999999318,long
2021-10-20,1,2021-10-19,2021-10-20,79.405,79.46,0.05499999999999261,2.7499999999996305,3.499999999999261,long
2021-10-21,1,2021-10-20,2021-10-21,79.185,78.925,-0.2600000000000051,-13.000000000000256,-28.00000000000051,long
2021-10-22,1,2021-10-21,2021-10-22,79.49000000000001,79.44,-0.05000000000001137,-2.5000000000005684,-7.000000000001137,long
2021-10-25,1,2021-10-22,2021-10-25,79.215,79.49499999999999,0.2799999999999869,13.999999999999346,25.999999999998693,long
2021-10-26,1,2021-10-25,2021-10-26,79.47500000000001,79.99,0.5149999999999864,25.749999999999318,49.499999999998636,long
2021-10-27,1,2021-10-26,2021-10-27,79.7,79.795,0.09499999999999886,4.749999999999943,7.499999999999886,long
2021-10-28,1,2021-10-27,2021-10-28,79.63000000000001,80.1,0.46999999999998465,23.499999999999233,44.999999999998465,long
2021-10-29,1,2021-10-28,2021-10-29,80.43,79.6,-0.8300000000000125,-41.500000000000625,-85.00000000000125,long
2021-11-01,1,2021-10-29,2021-11-01,80.775,80.67,-0.10500000000000398,-5.250000000000199,-12.500000000000398,long
2021-11-02,1,2021-11-01,2021-11-02,80.655,80.74499999999999,0.0899999999999892,4.49999999999946,6.99999999999892,long
2021-11-03,1,2021-11-02,2021-11-03,81.36500000000001,81.50999999999999,0.1449999999999818,7.2499999999990905,12.499999999998181,long
2021-11-04,1,2021-11-03,2021-11-04,81.84,82.13,0.28999999999999204,14.499999999999602,26.999999999999204,long
2021-11-05,1,2021-11-04,2021-11-05,83.12,83.71,0.5899999999999892,29.49999999999946,56.99999999999892,long
2021-11-08,1,2021-11-05,2021-11-08,83.55000000000001,83.82,0.2699999999999818,13.49999999999909,24.99999999999818,long
2021-11-09,1,2021-11-08,2021-11-09,84.0,84.13,0.12999999999999545,6.499999999999773,10.999999999999545,long
2021-11-10,1,2021-11-09,2021-11-10,83.655,82.99,-0.6650000000000063,-33.25000000000031,-68.50000000000063,long
2021-11-11,1,2021-11-10,2021-11-11,82.275,82.815,0.539999999999992,26.999999999999602,51.999999999999204,long
2021-11-12,1,2021-11-11,2021-11-12,82.66000000000001,82.91499999999999,0.25499999999998124,12.749999999999062,23.499999999998124,long
2021-11-15,1,2021-11-12,2021-11-15,83.665,83.955,0.28999999999999204,14.499999999999602,26.999999999999204,long
2021-11-16,1,2021-11-15,2021-11-16,83.58,83.44999999999999,-0.13000000000000966,-6.500000000000483,-15.000000000000966,long
2021-11-17,1,2021-11-16,2021-11-17,84.46000000000001,84.27499999999999,-0.18500000000001648,-9.250000000000824,-20.50000000000165,long
2021-11-18,1,2021-11-17,2021-11-18,84.205,84.67,0.4650000000000034,23.25000000000017,44.50000000000034,long
2021-11-19,1,2021-11-18,2021-11-19,85.045,85.33,0.2849999999999966,14.24999999999983,26.49999999999966,long
2021-11-22,1,2021-11-19,2021-11-22,85.665,85.97999999999999,0.3149999999999835,15.749999999999176,29.49999999999835,long
2021-11-23,1,2021-11-22,2021-11-23,84.71000000000001,84.365,-0.3450000000000131,-17.250000000000654,-36.50000000000131,long
2021-11-24,1,2021-11-23,2021-11-24,84.515,83.985,-0.5300000000000011,-26.500000000000057,-55.000000000000114,long
2021-11-26,1,2021-11-24,2021-11-26,85.13000000000001,83.895,-1.2350000000000136,-61.75000000000068,-125.50000000000136,long
2021-11-29,1,2021-11-26,2021-11-29,83.00500000000001,84.225,1.2199999999999847,60.99999999999923,119.99999999999847,long
2021-11-30,1,2021-11-29,2021-11-30,85.08,84.755,-0.32500000000000284,-16.250000000000142,-34.500000000000284,long
2021-12-01,1,2021-11-30,2021-12-01,84.37,85.24,0.8699999999999903,43.49999999999952,84.99999999999903,long
2021-12-02,1,2021-12-01,2021-12-02,83.215,82.445,-0.7700000000000102,-38.50000000000051,-79.00000000000102,long
2021-12-03,1,2021-12-02,2021-12-03,83.98,84.18499999999999,0.20499999999998408,10.249999999999204,18.49999999999841,long
2021-12-06,1,2021-12-03,2021-12-06,82.575,82.77,0.19499999999999318,9.749999999999659,17.499999999999318,long
2021-12-07,1,2021-12-06,2021-12-07,83.36,85.00999999999999,1.6499999999999915,82.49999999999957,162.99999999999915,long
2021-12-08,1,2021-12-07,2021-12-08,86.27000000000001,86.28,0.009999999999990905,0.49999999999954525,-1.0000000000009095,long
2021-12-09,1,2021-12-08,2021-12-09,86.665,86.44,-0.22500000000000853,-11.250000000000426,-24.500000000000853,long
2021-12-10,1,2021-12-09,2021-12-10,85.73,86.625,0.894999999999996,44.7499999999998,87.4999999999996,long
2021-12-13,1,2021-12-10,2021-12-13,87.45,87.615,0.16499999999999204,8.249999999999602,14.499999999999204,long
2021-12-14,1,2021-12-13,2021-12-14,86.15,85.115,-1.0350000000000108,-51.75000000000054,-105.50000000000108,long
2021-12-15,1,2021-12-14,2021-12-15,84.735,84.785,0.04999999999999716,2.499999999999858,2.999999999999716,long
2021-12-16,1,2021-12-15,2021-12-16,86.98,87.295,0.3149999999999977,15.749999999999886,29.499999999999773,long
2021-12-17,1,2021-12-16,2021-12-17,84.515,83.505,-1.0100000000000051,-50.500000000000256,-103.00000000000051,long
2021-12-20,1,2021-12-17,2021-12-20,83.95,82.49,-1.460000000000008,-73.0000000000004,-148.0000000000008,long
2021-12-21,1,2021-12-20,2021-12-21,82.795,83.67999999999999,0.8849999999999909,44.249999999999545,86.49999999999909,long
2021-12-22,1,2021-12-21,2021-12-22,84.89,84.785,-0.10500000000000398,-5.250000000000199,-12.500000000000398,long
2021-12-23,1,2021-12-22,2021-12-23,86.0,86.11999999999999,0.11999999999999034,5.999999999999517,9.999999999999034,long
2021-12-27,1,2021-12-23,2021-12-27,86.48,86.78999999999999,0.30999999999998806,15.499999999999403,28.999999999998806,long
2021-12-28,1,2021-12-27,2021-12-28,88.33500000000001,88.47999999999999,0.1449999999999818,7.2499999999990905,12.499999999998181,long
2021-12-29,1,2021-12-28,2021-12-29,87.875,87.88499999999999,0.009999999999990905,0.49999999999954525,-1.0000000000009095,long
2021-12-30,1,2021-12-29,2021-12-30,87.95,87.96499999999999,0.014999999999986358,0.7499999999993179,-0.5000000000013642,long
2021-12-31,1,2021-12-30,2021-12-31,87.37,87.24499999999999,-0.1250000000000142,-6.2500000000007105,-14.500000000001421,long
2022-01-03,1,2021-12-31,2022-01-03,86.94500000000001,87.03999999999999,0.09499999999998465,4.749999999999233,7.499999999998465,long
2022-01-04,1,2022-01-03,2022-01-04,87.77000000000001,87.925,0.15499999999998693,7.749999999999346,13.499999999998693,long
2022-01-05,1,2022-01-04,2022-01-05,86.84,86.315,-0.5250000000000057,-26.250000000000284,-54.50000000000057,long
2022-01-06,1,2022-01-05,2022-01-06,84.17,83.52,-0.6500000000000057,-32.500000000000284,-67.00000000000057,long
2022-01-07,1,2022-01-06,2022-01-07,83.745,83.645,-0.10000000000000853,-5.000000000000426,-12.000000000000853,long
2022-01-10,1,2022-01-07,2022-01-10,82.97500000000001,81.695,-1.2800000000000153,-64.00000000000077,-130.00000000000153,long
2022-01-11,1,2022-01-10,2022-01-11,82.99000000000001,82.74499999999999,-0.24500000000001876,-12.250000000000938,-26.500000000001876,long
2022-01-12,1,2022-01-11,2022-01-12,83.985,84.63,0.644999999999996,32.2499999999998,62.4999999999996,long
2022-01-13,1,2022-01-12,2022-01-13,84.38000000000001,84.785,0.4049999999999869,20.249999999999346,38.49999999999869,long
2022-01-14,1,2022-01-13,2022-01-14,82.19500000000001,81.69,-0.5050000000000097,-25.250000000000483,-52.500000000000966,long
2022-01-18,1,2022-01-14,2022-01-18,82.89,81.74,-1.1500000000000057,-57.500000000000284,-117.00000000000057,long
2022-01-19,1,2022-01-18,2022-01-19,80.9,81.16,0.2599999999999909,12.999999999999545,23.99999999999909,long
2022-01-20,1,2022-01-19,2022-01-20,79.77000000000001,80.425,0.6549999999999869,32.749999999999346,63.49999999999869,long
2022-01-21,1,2022-01-20,2022-01-21,78.74000000000001,78.55,-0.19000000000001194,-9.500000000000597,-21.000000000001194,long
2022-01-24,1,2022-01-21,2022-01-24,77.17500000000001,75.96,-1.2150000000000176,-60.75000000000088,-123.50000000000176,long
2022-01-25,1,2022-01-24,2022-01-25,77.575,76.015,-1.5600000000000023,-78.00000000000011,-158.00000000000023,long
2022-01-26,1,2022-01-25,2022-01-26,75.78,77.82,2.039999999999992,101.9999999999996,201.9999999999992,long
2022-01-27,1,2022-01-26,2022-01-27,76.22500000000001,77.44,1.2149999999999892,60.74999999999946,119.49999999999892,long
2022-01-28,1,2022-01-27,2022-01-28,75.7,76.735,1.0349999999999966,51.74999999999983,101.49999999999966,long
2022-01-31,1,2022-01-28,2022-01-31,79.01,79.00999999999999,-1.4210854715202004e-14,-7.105427357601002e-13,-2.000000000001421,long
2022-02-01,1,2022-01-31,2022-02-01,80.995,81.00999999999999,0.014999999999986358,0.7499999999993179,-0.5000000000013642,long
2022-02-02,1,2022-02-01,2022-02-02,81.205,81.35,0.14499999999999602,7.249999999999801,12.499999999999602,long
2022-02-03,1,2022-02-02,2022-02-03,81.86500000000001,80.655,-1.210000000000008,-60.5000000000004,-123.0000000000008,long
2022-02-04,1,2022-02-03,2022-02-04,79.49000000000001,79.045,-0.4450000000000074,-22.25000000000037,-46.50000000000074,long
2022-02-07,1,2022-02-04,2022-02-07,79.81,79.875,0.06499999999999773,3.2499999999998863,4.499999999999773,long
2022-02-08,1,2022-02-07,2022-02-08,79.28,79.02499999999999,-0.25500000000000966,-12.750000000000483,-27.500000000000966,long
2022-02-09,1,2022-02-08,2022-02-09,80.26,81.28,1.019999999999996,50.9999999999998,99.9999999999996,long
2022-02-10,1,2022-02-09,2022-02-10,82.04,80.39,-1.6500000000000057,-82.50000000000028,-167.00000000000057,long
2022-02-11,1,2022-02-10,2022-02-11,79.89500000000001,79.96499999999999,0.06999999999997897,3.4999999999989484,4.999999999997897,long
2022-02-14,1,2022-02-11,2022-02-14,77.455,77.22999999999999,-0.22500000000000853,-11.250000000000426,-24.500000000000853,long
2022-02-15,1,2022-02-14,2022-02-15,77.43,78.5,1.0699999999999932,53.49999999999966,104.99999999999932,long
2022-02-16,1,2022-02-15,2022-02-16,79.465,78.92,-0.5450000000000017,-27.250000000000085,-56.50000000000017,long
2022-02-17,1,2022-02-16,2022-02-17,79.385,78.58,-0.8050000000000068,-40.25000000000034,-82.50000000000068,long
2022-02-18,1,2022-02-17,2022-02-18,77.01,77.255,0.24499999999999034,12.249999999999517,22.499999999999034,long
2022-02-22,1,2022-02-18,2022-02-22,76.23,75.42,-0.8100000000000023,-40.500000000000114,-83.00000000000023,long
2022-02-23,1,2022-02-22,2022-02-23,75.525,76.155,0.6299999999999955,31.499999999999773,60.999999999999545,long
2022-02-24,1,2022-02-23,2022-02-24,73.635,71.005,-2.6300000000000097,-131.50000000000048,-265.00000000000097,long
2022-02-25,1,2022-02-24,2022-02-25,76.15,76.225,0.07499999999998863,3.7499999999994316,5.499999999998863,long
2022-02-28,1,2022-02-25,2022-02-28,77.185,76.345,-0.8400000000000034,-42.00000000000017,-86.00000000000034,long
2022-03-01,1,2022-02-28,2022-03-01,77.045,76.735,-0.3100000000000023,-15.500000000000114,-33.00000000000023,long
2022-03-02,1,2022-03-01,2022-03-02,75.50500000000001,75.97,0.4649999999999892,23.24999999999946,44.49999999999892,long
2022-03-03,1,2022-03-02,2022-03-03,77.14,77.77,0.6299999999999955,31.499999999999773,60.999999999999545,long
2022-03-04,1,2022-03-03,2022-03-04,76.22,75.61999999999999,-0.6000000000000085,-30.000000000000426,-62.00000000000085,long
2022-03-07,1,2022-03-04,2022-03-07,74.885,74.865,-0.020000000000010232,-1.0000000000005116,-4.000000000001023,long
2022-03-08,1,2022-03-07,2022-03-08,72.14500000000001,71.92999999999999,-0.21500000000001762,-10.750000000000881,-23.500000000001762,long
2022-03-09,1,2022-03-08,2022-03-09,71.795,73.72999999999999,1.934999999999988,96.7499999999994,191.4999999999988,long
2022-03-10,1,2022-03-09,2022-03-10,74.635,73.27,-1.365000000000009,-68.25000000000045,-138.5000000000009,long
2022-03-11,1,2022-03-10,2022-03-11,73.33,73.96,0.6299999999999955,31.499999999999773,60.999999999999545,long
2022-03-14,1,2022-03-11,2022-03-14,72.04,71.645,-0.39500000000001023,-19.75000000000051,-41.50000000000102,long
2022-03-15,1,2022-03-14,2022-03-15,70.705,71.3,0.5949999999999989,29.749999999999943,57.499999999999886,long
2022-03-16,1,2022-03-15,2022-03-16,73.08,73.96,0.8799999999999955,43.99999999999977,85.99999999999955,long
2022-03-17,1,2022-03-16,2022-03-17,75.455,75.03,-0.42499999999999716,-21.249999999999858,-44.499999999999716,long
2022-03-18,1,2022-03-17,2022-03-18,75.99000000000001,75.69999999999999,-0.29000000000002046,-14.500000000001023,-31.000000000002046,long
2022-03-21,1,2022-03-18,2022-03-21,77.545,77.0,-0.5450000000000017,-27.250000000000085,-56.50000000000017,long
2022-03-22,1,2022-03-21,2022-03-22,77.25500000000001,77.285,0.029999999999986926,1.4999999999993463,0.9999999999986926,long
2022-03-23,1,2022-03-22,2022-03-23,78.36500000000001,77.55,-0.8150000000000119,-40.7500000000006,-83.5000000000012,long
2022-03-24,1,2022-03-23,2022-03-24,77.16000000000001,77.57,0.4099999999999824,20.49999999999912,38.99999999999824,long
2022-03-25,1,2022-03-24,2022-03-25,79.165,79.27,0.10499999999998977,5.249999999999488,8.499999999998977,long
2022-03-28,1,2022-03-25,2022-03-28,79.12,78.735,-0.3850000000000051,-19.250000000000256,-40.50000000000051,long
2022-03-29,1,2022-03-28,2022-03-29,80.06,80.975,0.914999999999992,45.7499999999996,89.4999999999992,long
2022-03-30,1,2022-03-29,2022-03-30,81.76,81.32,-0.44000000000001194,-22.000000000000597,-46.000000000001194,long
2022-03-31,1,2022-03-30,2022-03-31,80.67,80.64,-0.030000000000001137,-1.5000000000000568,-5.000000000000114,long
2022-04-01,1,2022-03-31,2022-04-01,79.47500000000001,79.535,0.05999999999998806,2.999999999999403,3.9999999999988063,long
2022-04-04,1,2022-04-01,2022-04-04,79.24000000000001,79.425,0.18499999999998806,9.249999999999403,16.499999999998806,long
2022-04-05,1,2022-04-04,2022-04-05,80.745,80.375,-0.37000000000000455,-18.500000000000227,-39.000000000000455,long
2022-04-06,1,2022-04-05,2022-04-06,79.045,77.655,-1.3900000000000006,-69.50000000000003,-141.00000000000006,long
2022-04-07,1,2022-04-06,2022-04-07,77.17500000000001,76.71,-0.4650000000000176,-23.25000000000088,-48.50000000000176,long
2022-04-08,1,2022-04-07,2022-04-08,77.295,76.905,-0.39000000000000057,-19.50000000000003,-41.00000000000006,long
2022-04-11,1,2022-04-08,2022-04-11,76.215,75.24,-0.9750000000000085,-48.750000000000426,-99.50000000000085,long
2022-04-12,1,2022-04-11,2022-04-12,74.295,75.22999999999999,0.9349999999999881,46.7499999999994,91.4999999999988,long
2022-04-13,1,2022-04-12,2022-04-13,73.965,73.985,0.01999999999999602,0.999999999999801,-3.979039320256561e-13,long
2022-04-14,1,2022-04-13,2022-04-14,75.155,75.21499999999999,0.05999999999998806,2.999999999999403,3.9999999999988063,long
2022-04-18,1,2022-04-14,2022-04-18,73.33,72.94999999999999,-0.38000000000000966,-19.000000000000483,-40.000000000000966,long
2022-04-19,1,2022-04-18,2022-04-19,73.57000000000001,73.365,-0.2050000000000125,-10.250000000000625,-22.50000000000125,long
2022-04-20,1,2022-04-19,2022-04-20,74.95,75.735,0.7849999999999966,39.24999999999983,76.49999999999966,long
2022-04-21,1,2022-04-20,2022-04-21,74.88000000000001,75.585,0.7049999999999841,35.249999999999204,68.49999999999841,long
2022-04-22,1,2022-04-21,2022-04-22,73.61,73.58999999999999,-0.020000000000010232,-1.0000000000005116,-4.000000000001023,long
2022-04-25,1,2022-04-22,2022-04-25,71.55000000000001,71.225,-0.32500000000001705,-16.250000000000853,-34.500000000001705,long
2022-04-26,1,2022-04-25,2022-04-26,72.625,71.945,-0.6800000000000068,-34.00000000000034,-70.00000000000068,long
2022-04-27,1,2022-04-26,2022-04-27,69.92,70.655,0.7349999999999994,36.74999999999997,71.49999999999994,long
2022-04-28,1,2022-04-27,2022-04-28,70.955,72.05,1.0949999999999989,54.74999999999994,107.49999999999989,long
2022-04-29,1,2022-04-28,2022-04-29,73.795,72.97,-0.8250000000000028,-41.25000000000014,-84.50000000000028,long
2022-05-02,1,2022-04-29,2022-05-02,70.72,70.61999999999999,-0.10000000000000853,-5.000000000000426,-12.000000000000853,long
2022-05-03,1,2022-05-02,2022-05-03,71.795,71.765,-0.030000000000001137,-1.5000000000000568,-5.000000000000114,long
2022-05-04,1,2022-05-03,2022-05-04,71.92,72.17999999999999,0.2599999999999909,12.999999999999545,23.99999999999909,long
2022-05-05,1,2022-05-04,2022-05-05,74.44500000000001,73.33,-1.115000000000009,-55.750000000000455,-113.50000000000091,long
2022-05-06,1,2022-05-05,2022-05-06,70.86500000000001,70.22999999999999,-0.6350000000000193,-31.750000000000966,-65.50000000000193,long
2022-05-09,1,2022-05-06,2022-05-09,70.295,69.035,-1.2600000000000051,-63.000000000000256,-128.0000000000005,long
2022-05-10,1,2022-05-09,2022-05-10,67.575,69.10499999999999,1.529999999999987,76.49999999999935,150.9999999999987,long
2022-05-11,1,2022-05-10,2022-05-11,68.605,67.96499999999999,-0.6400000000000148,-32.00000000000074,-66.00000000000148,long
2022-05-12,1,2022-05-11,2022-05-12,66.44000000000001,65.43499999999999,-1.0050000000000239,-50.250000000001194,-102.50000000000239,long
2022-05-13,1,2022-05-12,2022-05-13,65.75500000000001,66.63,0.8749999999999858,43.74999999999929,85.49999999999858,long
2022-05-16,1,2022-05-13,2022-05-16,67.94000000000001,67.35499999999999,-0.5850000000000222,-29.25000000000111,-60.50000000000222,long
2022-05-17,1,2022-05-16,2022-05-17,67.34,68.77,1.4299999999999926,71.49999999999963,140.99999999999926,long
2022-05-18,1,2022-05-17,2022-05-18,69.29,68.3,-0.9900000000000091,-49.500000000000455,-101.00000000000091,long
2022-05-19,1,2022-05-18,2022-05-19,66.12,65.61999999999999,-0.5000000000000142,-25.00000000000071,-52.00000000000142,long
2022-05-20,1,2022-05-19,2022-05-20,65.39500000000001,66.285,0.8899999999999864,44.49999999999932,86.99999999999864,long
2022-05-23,1,2022-05-20,2022-05-23,65.54,65.725,0.18499999999998806,9.249999999999403,16.499999999998806,long
2022-05-24,1,2022-05-23,2022-05-24,67.045,66.16499999999999,-0.8800000000000097,-44.00000000000048,-90.00000000000097,long
2022-05-25,1,2022-05-24,2022-05-25,66.05000000000001,65.595,-0.4550000000000125,-22.750000000000625,-47.50000000000125,long
2022-05-26,1,2022-05-25,2022-05-26,66.82000000000001,66.42,-0.4000000000000057,-20.000000000000284,-42.00000000000057,long
2022-05-27,1,2022-05-26,2022-05-27,68.42500000000001,69.145,0.7199999999999847,35.99999999999923,69.99999999999847,long
2022-05-31,1,2022-05-27,2022-05-31,70.74000000000001,70.445,-0.2950000000000159,-14.750000000000796,-31.50000000000159,long
2022-06-01,1,2022-05-31,2022-06-01,70.235,70.94999999999999,0.7149999999999892,35.74999999999946,69.49999999999892,long
2022-06-02,1,2022-06-01,2022-06-02,70.025,69.50999999999999,-0.5150000000000148,-25.75000000000074,-53.50000000000148,long
2022-06-03,1,2022-06-02,2022-06-03,71.72,70.33999999999999,-1.3800000000000097,-69.00000000000048,-140.00000000000097,long
2022-06-06,1,2022-06-03,2022-06-06,70.00500000000001,70.845,0.8399999999999892,41.99999999999946,81.99999999999892,long
2022-06-07,1,2022-06-06,2022-06-07,70.01,69.24499999999999,-0.7650000000000148,-38.25000000000074,-78.50000000000148,long
2022-06-08,1,2022-06-07,2022-06-08,70.845,70.61,-0.23499999999999943,-11.749999999999972,-25.499999999999943,long
2022-06-09,1,2022-06-08,2022-06-09,70.045,69.53,-0.5150000000000006,-25.75000000000003,-53.50000000000006,long
2022-06-10,1,2022-06-09,2022-06-10,68.17500000000001,66.945,-1.2300000000000182,-61.50000000000091,-125.00000000000182,long
2022-06-13,1,2022-06-10,2022-06-13,65.555,63.47,-2.085000000000008,-104.2500000000004,-210.5000000000008,long
2022-06-14,1,2022-06-13,2022-06-14,62.65,63.1,0.45000000000000284,22.500000000000142,43.000000000000284,long
2022-06-15,1,2022-06-14,2022-06-15,63.044999999999995,63.81,0.7650000000000077,38.250000000000384,74.50000000000077,long
2022-06-16,1,2022-06-15,2022-06-16,64.375,62.675000000000004,-1.6999999999999957,-84.99999999999979,-171.99999999999957,long
2022-06-17,1,2022-06-16,2022-06-17,61.754999999999995,61.725,-0.02999999999999403,-1.4999999999997016,-4.999999999999403,long
2022-06-21,1,2022-06-17,2022-06-21,62.32,63.045,0.7250000000000014,36.25000000000007,70.50000000000014,long
2022-06-22,1,2022-06-21,2022-06-22,63.739999999999995,63.025,-0.7149999999999963,-35.749999999999815,-73.49999999999963,long
2022-06-23,1,2022-06-22,2022-06-23,63.47,64.005,0.5349999999999966,26.74999999999983,51.49999999999966,long
2022-06-24,1,2022-06-23,2022-06-24,64.42,65.13499999999999,0.7149999999999892,35.74999999999946,69.49999999999892,long
2022-06-27,1,2022-06-24,2022-06-27,66.735,66.92999999999999,0.19499999999999318,9.749999999999659,17.499999999999318,long
2022-06-28,1,2022-06-27,2022-06-28,66.28500000000001,66.32499999999999,0.03999999999997783,1.9999999999988916,1.999999999997783,long
2022-06-29,1,2022-06-28,2022-06-29,64.30000000000001,64.19,-0.11000000000001364,-5.500000000000682,-13.000000000001364,long
2022-06-30,1,2022-06-29,2022-06-30,64.43,63.6,-0.8300000000000054,-41.50000000000027,-85.00000000000054,long
2022-07-01,1,2022-06-30,2022-07-01,63.57,63.15,-0.4200000000000017,-21.000000000000085,-44.00000000000017,long
2022-07-05,1,2022-07-01,2022-07-05,63.714999999999996,62.815000000000005,-0.8999999999999915,-44.999999999999574,-91.99999999999915,long
2022-07-06,1,2022-07-05,2022-07-06,64.515,64.655,0.14000000000000057,7.000000000000028,12.000000000000057,long
2022-07-07,1,2022-07-06,2022-07-07,65.07000000000001,65.35499999999999,0.2849999999999824,14.249999999999119,26.499999999998238,long
2022-07-08,1,2022-07-07,2022-07-08,66.415,65.68499999999999,-0.7300000000000182,-36.50000000000091,-75.00000000000182,long
2022-07-11,1,2022-07-08,2022-07-11,66.44500000000001,65.845,-0.6000000000000085,-30.000000000000426,-62.00000000000085,long
2022-07-12,1,2022-07-11,2022-07-12,65.53,65.755,0.22499999999999432,11.249999999999716,20.49999999999943,long
2022-07-13,1,2022-07-12,2022-07-13,64.635,63.4,-1.2350000000000065,-61.75000000000033,-125.50000000000065,long
2022-07-14,1,2022-07-13,2022-07-14,64.465,63.93,-0.5350000000000037,-26.750000000000185,-55.50000000000037,long
2022-07-15,1,2022-07-14,2022-07-15,65.055,65.66,0.6049999999999898,30.24999999999949,58.49999999999898,long
2022-07-18,1,2022-07-15,2022-07-18,66.2,66.83,0.6299999999999955,31.499999999999773,60.999999999999545,long
2022-07-19,1,2022-07-18,2022-07-19,65.56,66.28,0.7199999999999989,35.99999999999994,69.99999999999989,long
2022-07-20,1,2022-07-19,2022-07-20,67.56,67.55,-0.010000000000005116,-0.5000000000002558,-3.0000000000005116,long
2022-07-21,1,2022-07-20,2022-07-21,68.61500000000001,68.67999999999999,0.06499999999998352,3.2499999999991758,4.4999999999983515,long
2022-07-22,1,2022-07-21,2022-07-22,69.58,69.535,-0.045000000000001705,-2.2500000000000853,-6.5000000000001705,long
2022-07-25,1,2022-07-22,2022-07-25,68.62,68.57,-0.05000000000001137,-2.5000000000005684,-7.000000000001137,long
2022-07-26,1,2022-07-25,2022-07-26,68.185,68.11,-0.07500000000000284,-3.750000000000142,-9.500000000000284,long
2022-07-27,1,2022-07-26,2022-07-27,67.08,68.17,1.0900000000000034,54.50000000000017,107.00000000000034,long
2022-07-28,1,2022-07-27,2022-07-28,69.965,70.02499999999999,0.05999999999998806,2.999999999999403,3.9999999999988063,long
2022-07-29,1,2022-07-28,2022-07-29,71.03,71.22999999999999,0.19999999999998863,9.999999999999432,17.999999999998863,long
2022-08-01,1,2022-07-29,2022-08-01,72.12,71.44999999999999,-0.6700000000000159,-33.500000000000796,-69.00000000000159,long
2022-08-02,1,2022-08-01,2022-08-02,71.965,71.32499999999999,-0.6400000000000148,-32.00000000000074,-66.00000000000148,long
2022-08-03,1,2022-08-02,2022-08-03,71.455,71.785,0.3299999999999983,16.499999999999915,30.99999999999983,long
2022-08-04,1,2022-08-03,2022-08-04,73.355,73.30999999999999,-0.045000000000015916,-2.250000000000796,-6.500000000001592,long
2022-08-05,1,2022-08-04,2022-08-05,73.69000000000001,72.49,-1.200000000000017,-60.00000000000085,-122.0000000000017,long
2022-08-08,1,2022-08-05,2022-08-08,73.52000000000001,73.44,-0.0800000000000125,-4.000000000000625,-10.00000000000125,long
2022-08-09,1,2022-08-08,2022-08-09,72.89500000000001,72.285,-0.6100000000000136,-30.500000000000682,-63.000000000001364,long
2022-08-10,1,2022-08-09,2022-08-10,72.165,73.86,1.6949999999999932,84.74999999999966,167.49999999999932,long
2022-08-11,1,2022-08-10,2022-08-11,74.135,74.58,0.4449999999999932,22.24999999999966,42.49999999999932,long
2022-08-12,1,2022-08-11,2022-08-12,73.845,74.30999999999999,0.4649999999999892,23.24999999999946,44.49999999999892,long
2022-08-15,1,2022-08-12,2022-08-15,75.31500000000001,74.99,-0.32500000000001705,-16.250000000000853,-34.500000000001705,long
2022-08-16,1,2022-08-15,2022-08-16,75.79,75.43499999999999,-0.3550000000000182,-17.75000000000091,-37.50000000000182,long
2022-08-17,1,2022-08-16,2022-08-17,75.58500000000001,74.875,-0.710000000000008,-35.5000000000004,-73.0000000000008,long
2022-08-18,1,2022-08-17,2022-08-18,75.045,75.1,0.05499999999999261,2.7499999999996305,3.499999999999261,long
2022-08-19,1,2022-08-18,2022-08-19,75.435,74.795,-0.6400000000000006,-32.00000000000003,-66.00000000000006,long
2022-08-22,1,2022-08-19,2022-08-22,74.06500000000001,73.035,-1.0300000000000153,-51.50000000000077,-105.00000000000153,long
2022-08-23,1,2022-08-22,2022-08-23,72.0,71.83999999999999,-0.1600000000000108,-8.00000000000054,-18.00000000000108,long
2022-08-24,1,2022-08-23,2022-08-24,71.81,71.74,-0.07000000000000739,-3.5000000000003695,-9.000000000000739,long
2022-08-25,1,2022-08-24,2022-08-25,71.855,72.02,0.16499999999999204,8.249999999999602,14.499999999999204,long
2022-08-26,1,2022-08-25,2022-08-26,73.07000000000001,73.02,-0.05000000000001137,-2.5000000000005684,-7.000000000001137,long
2022-08-29,1,2022-08-26,2022-08-29,69.95,69.21499999999999,-0.7350000000000136,-36.75000000000068,-75.50000000000136,long
2022-08-30,1,2022-08-29,2022-08-30,69.025,69.395,0.36999999999999034,18.499999999999517,34.999999999999034,long
2022-08-31,1,2022-08-30,2022-08-31,68.305,68.695,0.38999999999998636,19.499999999999318,36.999999999998636,long
2022-09-01,1,2022-08-31,2022-09-01,67.64,66.94999999999999,-0.6900000000000119,-34.5000000000006,-71.0000000000012,long
2022-09-02,1,2022-09-01,2022-09-02,67.31,67.985,0.6749999999999972,33.74999999999986,65.49999999999972,long
2022-09-06,1,2022-09-02,2022-09-06,66.435,66.50999999999999,0.07499999999998863,3.7499999999994316,5.499999999998863,long
2022-09-07,1,2022-09-06,2022-09-07,65.995,66.18499999999999,0.18999999999998352,9.499999999999176,16.99999999999835,long
2022-09-08,1,2022-09-07,2022-09-08,67.05000000000001,66.535,-0.5150000000000148,-25.75000000000074,-53.50000000000148,long
2022-09-09,1,2022-09-08,2022-09-09,67.28,67.82,0.539999999999992,26.999999999999602,51.999999999999204,long
2022-09-12,1,2022-09-09,2022-09-12,68.61,69.015,0.40500000000000114,20.250000000000057,38.500000000000114,long
2022-09-13,1,2022-09-12,2022-09-13,69.71000000000001,67.735,-1.9750000000000085,-98.75000000000043,-199.50000000000085,long
2022-09-14,1,2022-09-13,2022-09-14,66.01,66.3,0.28999999999999204,14.499999999999602,26.999999999999204,long
2022-09-15,1,2022-09-14,2022-09-15,66.25,65.69999999999999,-0.5500000000000114,-27.50000000000057,-57.00000000000114,long
2022-09-16,1,2022-09-15,2022-09-16,64.72500000000001,64.14,-0.585000000000008,-29.250000000000398,-60.500000000000796,long
2022-09-19,1,2022-09-16,2022-09-19,64.36500000000001,63.545,-0.8200000000000074,-41.00000000000037,-84.00000000000074,long
2022-09-20,1,2022-09-19,2022-09-20,64.73,64.10499999999999,-0.6250000000000142,-31.25000000000071,-64.50000000000142,long
2022-09-21,1,2022-09-20,2022-09-21,64.35000000000001,64.66499999999999,0.3149999999999835,15.749999999999176,29.49999999999835,long
2022-09-22,1,2022-09-21,2022-09-22,63.345,62.97,-0.375,-18.75,-39.5,long
2022-09-23,1,2022-09-22,2022-09-23,62.699999999999996,62.085,-0.6149999999999949,-30.749999999999744,-63.49999999999949,long
2022-09-26,1,2022-09-23,2022-09-26,61.879999999999995,61.67,-0.20999999999999375,-10.499999999999687,-22.999999999999375,long
2022-09-27,1,2022-09-26,2022-09-27,61.449999999999996,62.245000000000005,0.7950000000000088,39.75000000000044,77.50000000000088,long
2022-09-28,1,2022-09-27,2022-09-28,61.53,61.105000000000004,-0.42499999999999716,-21.249999999999858,-44.499999999999716,long
2022-09-29,1,2022-09-28,2022-09-29,62.18,61.27,-0.9099999999999966,-45.49999999999983,-92.99999999999966,long
2022-09-30,1,2022-09-29,2022-09-30,60.559999999999995,60.295,-0.26499999999999346,-13.249999999999673,-28.499999999999346,long
2022-10-03,1,2022-09-30,2022-10-03,59.4,59.875,0.4750000000000014,23.75000000000007,45.50000000000014,long
2022-10-04,1,2022-10-03,2022-10-04,61.239999999999995,62.46,1.220000000000006,61.0000000000003,120.0000000000006,long
2022-10-05,1,2022-10-04,2022-10-05,63.294999999999995,62.42,-0.8749999999999929,-43.749999999999645,-89.49999999999929,long
2022-10-06,1,2022-10-05,2022-10-06,63.504999999999995,63.325,-0.1799999999999926,-8.99999999999963,-19.99999999999926,long
2022-10-07,1,2022-10-06,2022-10-07,62.985,61.68,-1.3049999999999997,-65.24999999999999,-132.49999999999997,long
2022-10-10,1,2022-10-07,2022-10-10,60.394999999999996,60.375,-0.01999999999999602,-0.999999999999801,-3.999999999999602,long
2022-10-11,1,2022-10-10,2022-10-11,59.379999999999995,59.010000000000005,-0.36999999999999034,-18.499999999999517,-38.999999999999034,long
2022-10-12,1,2022-10-11,2022-10-12,58.47,58.455000000000005,-0.014999999999993463,-0.7499999999996732,-3.4999999999993463,long
2022-10-13,1,2022-10-12,2022-10-13,58.29,56.695,-1.5949999999999989,-79.74999999999994,-161.4999999999999,long
2022-10-14,1,2022-10-13,2022-10-14,60.1,60.61,0.509999999999998,25.4999999999999,48.9999999999998,long
2022-10-17,1,2022-10-14,2022-10-17,58.41,59.82,1.4100000000000037,70.50000000000018,139.00000000000037,long
2022-10-18,1,2022-10-17,2022-10-18,60.19,61.730000000000004,1.5400000000000063,77.00000000000031,152.00000000000063,long
2022-10-19,1,2022-10-18,2022-10-19,60.699999999999996,60.15,-0.5499999999999972,-27.499999999999858,-56.999999999999716,long
2022-10-20,1,2022-10-19,2022-10-20,60.525,60.525,0.0,0.0,-2.0,long
2022-10-21,1,2022-10-20,2022-10-21,60.559999999999995,60.405,-0.15499999999999403,-7.749999999999702,-17.499999999999403,long
2022-10-24,1,2022-10-21,2022-10-24,62.18,62.455000000000005,0.2750000000000057,13.750000000000284,25.50000000000057,long
2022-10-25,1,2022-10-24,2022-10-25,63.04,63.175000000000004,0.13500000000000512,6.750000000000256,11.500000000000512,long
2022-10-26,1,2022-10-25,2022-10-26,64.245,62.68,-1.5650000000000048,-78.25000000000024,-158.50000000000048,long
2022-10-27,1,2022-10-26,2022-10-27,62.815,63.03,0.2150000000000034,10.75000000000017,19.50000000000034,long
2022-10-28,1,2022-10-27,2022-10-28,62.1,62.435,0.33500000000000085,16.750000000000043,31.500000000000085,long
2022-10-31,1,2022-10-28,2022-10-31,64.80000000000001,64.13499999999999,-0.6650000000000205,-33.25000000000102,-68.50000000000205,long
2022-11-01,1,2022-10-31,2022-11-01,63.945,64.72,0.7749999999999986,38.74999999999993,75.49999999999986,long
2022-11-02,1,2022-11-01,2022-11-02,63.41,63.345,-0.06499999999999773,-3.2499999999998863,-8.499999999999773,long
2022-11-03,1,2022-11-02,2022-11-03,61.22,60.345,-0.875,-43.75,-89.5,long
2022-11-04,1,2022-11-03,2022-11-04,59.419999999999995,60.635000000000005,1.2150000000000105,60.750000000000526,119.50000000000105,long
2022-11-07,1,2022-11-04,2022-11-07,60.504999999999995,60.63,0.1250000000000071,6.250000000000355,10.50000000000071,long
2022-11-08,1,2022-11-07,2022-11-08,61.515,62.005,0.490000000000002,24.5000000000001,47.0000000000002,long
2022-11-09,1,2022-11-08,2022-11-09,62.105,61.510000000000005,-0.5949999999999918,-29.749999999999588,-61.499999999999176,long
2022-11-10,1,2022-11-09,2022-11-10,60.489999999999995,63.355000000000004,2.865000000000009,143.25000000000045,284.5000000000009,long
2022-11-11,1,2022-11-10,2022-11-11,65.46000000000001,65.32499999999999,-0.13500000000001933,-6.750000000000966,-15.500000000001933,long
2022-11-14,1,2022-11-11,2022-11-14,66.58,66.03999999999999,-0.5400000000000063,-27.000000000000313,-56.000000000000625,long
2022-11-15,1,2022-11-14,2022-11-15,66.01,67.49,1.4799999999999898,73.99999999999949,145.99999999999898,long
2022-11-16,1,2022-11-15,2022-11-16,66.81,66.27499999999999,-0.5350000000000108,-26.75000000000054,-55.50000000000108,long
2022-11-17,1,2022-11-16,2022-11-17,65.89500000000001,64.83999999999999,-1.055000000000021,-52.75000000000105,-107.5000000000021,long
2022-11-18,1,2022-11-17,2022-11-18,65.98,66.71,0.7299999999999898,36.49999999999949,70.99999999999898,long
2022-11-21,1,2022-11-18,2022-11-21,66.055,65.66,-0.39500000000001023,-19.75000000000051,-41.50000000000102,long
2022-11-22,1,2022-11-21,2022-11-22,65.345,65.645,0.29999999999999716,14.999999999999858,27.999999999999716,long
2022-11-23,1,2022-11-22,2022-11-23,66.61,66.515,-0.09499999999999886,-4.749999999999943,-11.499999999999886,long
2022-11-25,1,2022-11-23,2022-11-25,67.2,66.78,-0.4200000000000017,-21.000000000000085,-44.00000000000017,long
2022-11-28,1,2022-11-25,2022-11-28,66.81,66.035,-0.7750000000000057,-38.750000000000284,-79.50000000000057,long
2022-11-29,1,2022-11-28,2022-11-29,65.38000000000001,65.27499999999999,-0.10500000000001819,-5.2500000000009095,-12.500000000001819,long
2022-11-30,1,2022-11-29,2022-11-30,64.74000000000001,64.74,-1.4210854715202004e-14,-7.105427357601002e-13,-2.000000000001421,long
2022-12-01,1,2022-11-30,2022-12-01,67.99000000000001,68.035,0.044999999999987494,2.2499999999993747,2.4999999999987494,long
2022-12-02,1,2022-12-01,2022-12-02,68.08500000000001,66.925,-1.1600000000000108,-58.00000000000054,-118.00000000000108,long
2022-12-05,1,2022-12-02,2022-12-05,67.69000000000001,67.14999999999999,-0.5400000000000205,-27.000000000001023,-56.000000000002046,long
2022-12-06,1,2022-12-05,2022-12-06,66.56500000000001,66.475,-0.09000000000001762,-4.500000000000881,-11.000000000001762,long
2022-12-07,1,2022-12-06,2022-12-07,65.14,64.815,-0.32500000000000284,-16.250000000000142,-34.500000000000284,long
2022-12-08,1,2022-12-07,2022-12-08,64.81,65.14999999999999,0.3399999999999892,16.99999999999946,31.99999999999892,long
2022-12-09,1,2022-12-08,2022-12-09,65.87,65.55499999999999,-0.31500000000001194,-15.750000000000597,-33.500000000001194,long
2022-12-12,1,2022-12-09,2022-12-12,65.465,65.655,0.18999999999999773,9.499999999999886,16.999999999999773,long
2022-12-13,1,2022-12-12,2022-12-13,66.89500000000001,69.30999999999999,2.414999999999978,120.74999999999889,239.49999999999778,long
2022-12-14,1,2022-12-13,2022-12-14,67.685,67.55499999999999,-0.13000000000000966,-6.500000000000483,-15.000000000000966,long
2022-12-15,1,2022-12-14,2022-12-15,67.11500000000001,65.99499999999999,-1.1200000000000188,-56.00000000000094,-114.00000000000188,long
2022-12-16,1,2022-12-15,2022-12-16,64.605,64.365,-0.2400000000000091,-12.000000000000455,-26.00000000000091,long
2022-12-19,1,2022-12-16,2022-12-19,63.75,63.555,-0.19500000000000028,-9.750000000000014,-21.50000000000003,long
2022-12-20,1,2022-12-19,2022-12-20,62.72,62.35,-0.36999999999999744,-18.499999999999872,-38.999999999999744,long
2022-12-21,1,2022-12-20,2022-12-21,62.815,63.085,0.2700000000000031,13.500000000000156,25.000000000000313,long
2022-12-22,1,2022-12-21,2022-12-22,63.855,63.03,-0.8249999999999957,-41.24999999999979,-84.49999999999957,long
2022-12-23,1,2022-12-22,2022-12-23,62.245,61.78,-0.4649999999999963,-23.249999999999815,-48.49999999999963,long
2022-12-27,1,2022-12-23,2022-12-27,62.309999999999995,62.075,-0.23499999999999233,-11.749999999999616,-25.499999999999233,long
2022-12-28,1,2022-12-27,2022-12-28,61.72,61.550000000000004,-0.1699999999999946,-8.49999999999973,-18.99999999999946,long
2022-12-29,1,2022-12-28,2022-12-29,60.725,61.300000000000004,0.5750000000000028,28.750000000000142,55.500000000000284,long
2022-12-30,1,2022-12-29,2022-12-30,62.315,61.65,-0.6649999999999991,-33.24999999999996,-68.49999999999991,long
2023-01-03,1,2022-12-30,2023-01-03,62.23,62.875,0.6450000000000031,32.250000000000156,62.50000000000031,long
2023-01-04,1,2023-01-03,2023-01-04,61.64,61.995000000000005,0.355000000000004,17.7500000000002,33.5000000000004,long
2023-01-05,1,2023-01-04,2023-01-05,61.8,61.485,-0.3149999999999977,-15.749999999999886,-33.49999999999977,long
2023-01-06,1,2023-01-05,2023-01-06,60.6,61.115,0.5150000000000006,25.75000000000003,49.50000000000006,long
2023-01-09,1,2023-01-06,2023-01-09,62.375,62.915,0.5399999999999991,26.999999999999957,51.999999999999915,long
2023-01-10,1,2023-01-09,2023-01-10,63.1,62.925000000000004,-0.17499999999999716,-8.749999999999858,-19.499999999999716,long
2023-01-11,1,2023-01-10,2023-01-11,63.489999999999995,63.67,0.18000000000000682,9.000000000000341,16.000000000000682,long
2023-01-12,1,2023-01-11,2023-01-12,64.59,64.67,0.0799999999999983,3.9999999999999147,5.9999999999998295,long
2023-01-13,1,2023-01-12,2023-01-13,65.07000000000001,64.43499999999999,-0.6350000000000193,-31.750000000000966,-65.50000000000193,long
2023-01-17,1,2023-01-13,2023-01-17,65.25500000000001,65.145,-0.11000000000001364,-5.500000000000682,-13.000000000001364,long
2023-01-18,1,2023-01-17,2023-01-18,65.55000000000001,65.89999999999999,0.3499999999999801,17.499999999999005,32.99999999999801,long
2023-01-19,1,2023-01-18,2023-01-19,64.705,64.17999999999999,-0.5250000000000057,-26.250000000000284,-54.50000000000057,long
2023-01-20,1,2023-01-19,2023-01-20,63.949999999999996,64.25,0.30000000000000426,15.000000000000213,28.000000000000426,long
2023-01-23,1,2023-01-20,2023-01-23,65.68,65.925,0.24499999999999034,12.249999999999517,22.499999999999034,long
2023-01-24,1,2023-01-23,2023-01-24,67.17500000000001,66.78,-0.39500000000001023,-19.75000000000051,-41.50000000000102,long
2023-01-25,1,2023-01-24,2023-01-25,67.14500000000001,65.97,-1.1750000000000114,-58.75000000000057,-119.50000000000114,long
2023-01-26,1,2023-01-25,2023-01-26,67.00500000000001,67.64,0.6349999999999909,31.749999999999545,61.49999999999909,long
2023-01-27,1,2023-01-26,2023-01-27,68.075,67.61999999999999,-0.4550000000000125,-22.750000000000625,-47.50000000000125,long
2023-01-30,1,2023-01-27,2023-01-30,68.36,67.5,-0.8599999999999994,-42.99999999999997,-87.99999999999994,long
2023-01-31,1,2023-01-30,2023-01-31,67.055,67.035,-0.020000000000010232,-1.0000000000005116,-4.000000000001023,long
2023-02-01,1,2023-01-31,2023-02-01,67.99000000000001,67.92,-0.07000000000000739,-3.5000000000003695,-9.000000000000739,long
2023-02-02,1,2023-02-01,2023-02-02,69.59,70.75999999999999,1.1699999999999875,58.499999999999375,114.99999999999875,long
2023-02-03,1,2023-02-02,2023-02-03,71.49000000000001,70.24,-1.2500000000000142,-62.50000000000071,-127.00000000000142,long
2023-02-06,1,2023-02-03,2023-02-06,70.89500000000001,70.08999999999999,-0.805000000000021,-40.25000000000105,-82.5000000000021,long
2023-02-07,1,2023-02-06,2023-02-07,70.03,70.08999999999999,0.05999999999998806,2.999999999999403,3.9999999999988063,long
2023-02-08,1,2023-02-07,2023-02-08,71.78,71.83,0.04999999999999716,2.499999999999858,2.999999999999716,long
2023-02-09,1,2023-02-08,2023-02-09,70.915,71.97999999999999,1.0649999999999835,53.249999999999176,104.49999999999835,long
2023-02-10,1,2023-02-09,2023-02-10,70.525,69.97999999999999,-0.5450000000000159,-27.250000000000796,-56.50000000000159,long
2023-02-13,1,2023-02-10,2023-02-13,70.2,70.515,0.3149999999999977,15.749999999999886,29.499999999999773,long
2023-02-14,1,2023-02-13,2023-02-14,71.415,71.05999999999999,-0.3550000000000182,-17.75000000000091,-37.50000000000182,long
2023-02-15,1,2023-02-14,2023-02-15,71.72,71.265,-0.4549999999999983,-22.749999999999915,-47.49999999999983,long
2023-02-16,1,2023-02-15,2023-02-16,72.055,70.99,-1.065000000000012,-53.2500000000006,-108.5000000000012,long
2023-02-17,1,2023-02-16,2023-02-17,70.805,70.27499999999999,-0.5300000000000153,-26.500000000000767,-55.000000000001535,long
2023-02-21,1,2023-02-17,2023-02-21,69.92,68.96499999999999,-0.9550000000000125,-47.750000000000625,-97.50000000000125,long
2023-02-22,1,2023-02-21,2023-02-22,68.26,68.405,0.14499999999999602,7.249999999999801,12.499999999999602,long
2023-02-23,1,2023-02-22,2023-02-23,68.16000000000001,69.375,1.2149999999999892,60.74999999999946,119.49999999999892,long
2023-02-24,1,2023-02-23,2023-02-24,69.29,68.03999999999999,-1.2500000000000142,-62.50000000000071,-127.00000000000142,long
2023-02-27,1,2023-02-24,2023-02-27,68.055,68.72,0.664999999999992,33.2499999999996,64.4999999999992,long
2023-02-28,1,2023-02-27,2023-02-28,68.42,68.17999999999999,-0.2400000000000091,-12.000000000000455,-26.00000000000091,long
2023-03-01,1,2023-02-28,2023-03-01,68.27000000000001,68.28,0.009999999999990905,0.49999999999954525,-1.0000000000009095,long
2023-03-02,1,2023-03-01,2023-03-02,67.77000000000001,67.565,-0.2050000000000125,-10.250000000000625,-22.50000000000125,long
2023-03-03,1,2023-03-02,2023-03-03,68.605,69.10499999999999,0.4999999999999858,24.99999999999929,47.99999999999858,long
2023-03-06,1,2023-03-03,2023-03-06,70.08,70.475,0.394999999999996,19.7499999999998,37.4999999999996,long
2023-03-07,1,2023-03-06,2023-03-07,70.415,70.33999999999999,-0.07500000000001705,-3.7500000000008527,-9.500000000001705,long
2023-03-08,1,2023-03-07,2023-03-08,69.54,69.72,0.1799999999999926,8.99999999999963,15.999999999999261,long
2023-03-09,1,2023-03-08,2023-03-09,70.11500000000001,70.255,0.13999999999998636,6.999999999999318,11.999999999998636,long
2023-03-10,1,2023-03-09,2023-03-10,69.11,69.015,-0.09499999999999886,-4.749999999999943,-11.499999999999886,long
2023-03-13,1,2023-03-10,2023-03-13,67.89500000000001,67.44999999999999,-0.4450000000000216,-22.25000000000108,-46.50000000000216,long
2023-03-14,1,2023-03-13,2023-03-14,68.265,69.125,0.8599999999999994,42.99999999999997,83.99999999999994,long
2023-03-15,1,2023-03-14,2023-03-15,69.84,69.115,-0.7250000000000085,-36.250000000000426,-74.50000000000085,long
2023-03-16,1,2023-03-15,2023-03-16,69.88000000000001,69.615,-0.2650000000000148,-13.250000000000739,-28.500000000001478,long
2023-03-17,1,2023-03-16,2023-03-17,71.84,71.96,0.11999999999999034,5.999999999999517,9.999999999999034,long
2023-03-20,1,2023-03-17,2023-03-20,71.74000000000001,71.42999999999999,-0.3100000000000165,-15.500000000000824,-33.00000000000165,long
2023-03-21,1,2023-03-20,2023-03-21,71.775,72.145,0.36999999999999034,18.499999999999517,34.999999999999034,long
2023-03-22,1,2023-03-21,2023-03-22,72.355,72.35499999999999,-1.4210854715202004e-14,-7.105427357601002e-13,-2.000000000001421,long
2023-03-23,1,2023-03-22,2023-03-23,71.635,72.535,0.8999999999999915,44.999999999999574,87.99999999999915,long
2023-03-24,1,2023-03-23,2023-03-24,72.80000000000001,72.55,-0.2500000000000142,-12.50000000000071,-27.00000000000142,long
2023-03-27,1,2023-03-24,2023-03-27,72.99000000000001,73.085,0.09499999999998465,4.749999999999233,7.499999999998465,long
2023-03-28,1,2023-03-27,2023-03-28,72.42500000000001,72.28,-0.14500000000001023,-7.250000000000512,-16.500000000001023,long
2023-03-29,1,2023-03-28,2023-03-29,72.08500000000001,72.99,0.9049999999999869,45.249999999999346,88.49999999999869,long
2023-03-30,1,2023-03-29,2023-03-30,73.595,74.25,0.6550000000000011,32.75000000000006,63.500000000000114,long
2023-03-31,1,2023-03-30,2023-03-31,74.45,74.335,-0.1150000000000091,-5.750000000000455,-13.50000000000091,long
2023-04-03,1,2023-03-31,2023-04-03,75.515,75.035,-0.480000000000004,-24.0000000000002,-50.0000000000004,long
2023-04-04,1,2023-04-03,2023-04-04,75.39500000000001,75.535,0.13999999999998636,6.999999999999318,11.999999999998636,long
2023-04-05,1,2023-04-04,2023-04-05,74.98,74.60499999999999,-0.3750000000000142,-18.75000000000071,-39.50000000000142,long
2023-04-06,1,2023-04-05,2023-04-06,74.125,73.57499999999999,-0.5500000000000114,-27.50000000000057,-57.00000000000114,long
2023-04-10,1,2023-04-06,2023-04-10,74.545,73.765,-0.7800000000000011,-39.00000000000006,-80.00000000000011,long
2023-04-11,1,2023-04-10,2023-04-11,74.50500000000001,74.35499999999999,-0.1500000000000199,-7.500000000000995,-17.00000000000199,long
2023-04-12,1,2023-04-11,2023-04-12,73.805,74.285,0.47999999999998977,23.99999999999949,45.99999999999898,long
2023-04-13,1,2023-04-12,2023-04-13,73.385,73.64999999999999,0.26499999999998636,13.249999999999318,24.499999999998636,long
2023-04-14,1,2023-04-13,2023-04-14,74.75,74.30999999999999,-0.44000000000001194,-22.000000000000597,-46.000000000001194,long
2023-04-17,1,2023-04-14,2023-04-17,74.33500000000001,74.41,0.07499999999998863,3.7499999999994316,5.499999999998863,long
2023-04-18,1,2023-04-17,2023-04-18,74.605,75.18499999999999,0.5799999999999841,28.999999999999204,55.99999999999841,long
2023-04-19,1,2023-04-18,2023-04-19,74.83500000000001,74.175,-0.6600000000000108,-33.00000000000054,-68.00000000000108,long
2023-04-20,1,2023-04-19,2023-04-20,74.62,73.93499999999999,-0.6850000000000165,-34.250000000000824,-70.50000000000165,long
2023-04-21,1,2023-04-20,2023-04-21,74.13000000000001,73.80999999999999,-0.3200000000000216,-16.00000000000108,-34.00000000000216,long
2023-04-24,1,2023-04-21,2023-04-24,73.89,73.615,-0.2750000000000057,-13.750000000000284,-29.50000000000057,long
2023-04-25,1,2023-04-24,2023-04-25,73.56500000000001,73.18499999999999,-0.3800000000000239,-19.000000000001194,-40.00000000000239,long
2023-04-26,1,2023-04-25,2023-04-26,71.995,73.24,1.2449999999999903,62.24999999999952,122.49999999999903,long
2023-04-27,1,2023-04-26,2023-04-27,73.06500000000001,73.39,0.32499999999998863,16.24999999999943,30.499999999998863,long
2023-04-28,1,2023-04-27,2023-04-28,74.61500000000001,74.595,-0.020000000000010232,-1.0000000000005116,-4.000000000001023,long
2023-05-01,1,2023-04-28,2023-05-01,75.42500000000001,75.345,-0.0800000000000125,-4.000000000000625,-10.00000000000125,long
2023-05-02,1,2023-05-01,2023-05-02,75.47,75.53,0.060000000000002274,3.0000000000001137,4.000000000000227,long
2023-05-03,1,2023-05-02,2023-05-03,74.765,74.835,0.06999999999999318,3.499999999999659,4.999999999999318,long
2023-05-04,1,2023-05-03,2023-05-04,74.135,73.82,-0.31500000000001194,-15.750000000000597,-33.500000000001194,long
2023-05-05,1,2023-05-04,2023-05-05,73.78,74.475,0.6949999999999932,34.74999999999966,67.49999999999932,long
2023-05-08,1,2023-05-05,2023-05-08,75.63000000000001,75.46499999999999,-0.16500000000002046,-8.250000000001023,-18.500000000002046,long
2023-05-09,1,2023-05-08,2023-05-09,75.59,75.21,-0.38000000000000966,-19.000000000000483,-40.000000000000966,long
2023-05-10,1,2023-05-09,2023-05-10,75.01,75.64999999999999,0.6399999999999864,31.999999999999318,61.999999999998636,long
2023-05-11,1,2023-05-10,2023-05-11,75.92500000000001,75.78,-0.14500000000001023,-7.250000000000512,-16.500000000001023,long
2023-05-12,1,2023-05-11,2023-05-12,75.58500000000001,75.695,0.10999999999998522,5.499999999999261,8.999999999998522,long
2023-05-15,1,2023-05-12,2023-05-15,75.485,75.53999999999999,0.05499999999999261,2.7499999999996305,3.499999999999261,long
2023-05-16,1,2023-05-15,2023-05-16,76.11,76.035,-0.07500000000000284,-3.750000000000142,-9.500000000000284,long
2023-05-17,1,2023-05-16,2023-05-17,76.19000000000001,76.49499999999999,0.3049999999999784,15.24999999999892,28.49999999999784,long
2023-05-18,1,2023-05-17,2023-05-18,77.205,77.345,0.14000000000000057,7.000000000000028,12.000000000000057,long
2023-05-19,1,2023-05-18,2023-05-19,78.78500000000001,78.785,-1.4210854715202004e-14,-7.105427357601002e-13,-2.000000000001421,long
2023-05-22,1,2023-05-19,2023-05-22,78.75,78.49,-0.2600000000000051,-13.000000000000256,-28.00000000000051,long
2023-05-23,1,2023-05-22,2023-05-23,78.9,78.49,-0.4100000000000108,-20.50000000000054,-43.00000000000108,long
2023-05-24,1,2023-05-23,2023-05-24,77.735,77.1,-0.6350000000000051,-31.750000000000256,-65.50000000000051,long
2023-05-25,1,2023-05-24,2023-05-25,77.165,79.21499999999999,2.049999999999983,102.49999999999915,202.9999999999983,long
2023-05-26,1,2023-05-25,2023-05-26,80.125,80.36999999999999,0.24499999999999034,12.249999999999517,22.499999999999034,long
2023-05-30,1,2023-05-26,2023-05-30,82.4,83.58999999999999,1.1899999999999835,59.499999999999176,116.99999999999835,long
2023-05-31,1,2023-05-30,2023-05-31,82.84,82.345,-0.49500000000000455,-24.750000000000227,-51.500000000000455,long
2023-06-01,1,2023-05-31,2023-06-01,82.15,81.8,-0.3500000000000085,-17.500000000000426,-37.00000000000085,long
2023-06-02,1,2023-06-01,2023-06-02,82.985,83.36,0.375,18.75,35.5,long
2023-06-05,1,2023-06-02,2023-06-05,83.46000000000001,83.39,-0.07000000000000739,-3.5000000000003695,-9.000000000000739,long
2023-06-06,1,2023-06-05,2023-06-06,82.98,82.75999999999999,-0.22000000000001307,-11.000000000000654,-24.000000000001307,long
2023-06-07,1,2023-06-06,2023-06-07,82.96000000000001,82.78,-0.18000000000000682,-9.000000000000341,-20.000000000000682,long
2023-06-08,1,2023-06-07,2023-06-08,81.72,81.88499999999999,0.16499999999999204,8.249999999999602,14.499999999999204,long
2023-06-09,1,2023-06-08,2023-06-09,82.605,82.985,0.37999999999999545,18.999999999999773,35.999999999999545,long
2023-06-12,1,2023-06-09,2023-06-12,83.015,83.565,0.5499999999999972,27.499999999999858,52.999999999999716,long
2023-06-13,1,2023-06-12,2023-06-13,84.82000000000001,85.55499999999999,0.7349999999999852,36.74999999999926,71.49999999999852,long
2023-06-14,1,2023-06-13,2023-06-14,85.33500000000001,85.21,-0.1250000000000142,-6.2500000000007105,-14.500000000001421,long
2023-06-15,1,2023-06-14,2023-06-15,86.215,85.845,-0.37000000000000455,-18.500000000000227,-39.000000000000455,long
2023-06-16,1,2023-06-15,2023-06-16,87.325,88.13499999999999,0.8099999999999881,40.4999999999994,78.9999999999988,long
2023-06-20,1,2023-06-16,2023-06-20,86.605,85.91,-0.6950000000000074,-34.75000000000037,-71.50000000000074,long
2023-06-21,1,2023-06-20,2023-06-21,85.84,85.505,-0.33500000000000796,-16.750000000000398,-35.500000000000796,long
2023-06-22,1,2023-06-21,2023-06-22,84.57000000000001,84.17,-0.4000000000000057,-20.000000000000284,-42.00000000000057,long
2023-06-23,1,2023-06-22,2023-06-23,85.26,84.19,-1.0700000000000074,-53.50000000000037,-109.00000000000074,long
2023-06-26,1,2023-06-23,2023-06-26,84.33500000000001,84.39,0.05499999999999261,2.7499999999996305,3.499999999999261,long
2023-06-27,1,2023-06-26,2023-06-27,83.73,84.045,0.3149999999999977,15.749999999999886,29.499999999999773,long
2023-06-28,1,2023-06-27,2023-06-28,85.38000000000001,84.88499999999999,-0.49500000000001876,-24.750000000000938,-51.500000000001876,long
2023-06-29,1,2023-06-28,2023-06-29,85.43,85.5,0.06999999999999318,3.499999999999659,4.999999999999318,long
2023-06-30,1,2023-06-29,2023-06-30,85.58,86.35,0.769999999999996,38.4999999999998,74.9999999999996,long
2023-07-03,1,2023-06-30,2023-07-03,86.94000000000001,86.96,0.01999999999998181,0.9999999999990905,-1.8189894035458565e-12,long
2023-07-05,1,2023-07-03,2023-07-05,86.75500000000001,86.13,-0.6250000000000142,-31.25000000000071,-64.50000000000142,long
2023-07-06,1,2023-07-05,2023-07-06,86.22,85.35,-0.8700000000000045,-43.50000000000023,-89.00000000000045,long
2023-07-07,1,2023-07-06,2023-07-07,85.99000000000001,85.83,-0.1600000000000108,-8.00000000000054,-18.00000000000108,long
2023-07-10,1,2023-07-07,2023-07-10,85.61500000000001,85.285,-0.3300000000000125,-16.500000000000625,-35.00000000000125,long
2023-07-11,1,2023-07-10,2023-07-11,85.84,86.0,0.1599999999999966,7.9999999999998295,13.999999999999659,long
2023-07-12,1,2023-07-11,2023-07-12,86.025,86.865,0.8399999999999892,41.99999999999946,81.99999999999892,long
2023-07-13,1,2023-07-12,2023-07-13,87.0,87.57499999999999,0.5749999999999886,28.74999999999943,55.49999999999886,long
2023-07-14,1,2023-07-13,2023-07-14,88.135,88.335,0.19999999999998863,9.999999999999432,17.999999999998863,long
2023-07-17,1,2023-07-14,2023-07-17,88.00500000000001,88.05999999999999,0.0549999999999784,2.74999999999892,3.49999999999784,long
2023-07-18,1,2023-07-17,2023-07-18,89.13000000000001,88.905,-0.22500000000000853,-11.250000000000426,-24.500000000000853,long
2023-07-19,1,2023-07-18,2023-07-19,90.14,90.36999999999999,0.22999999999998977,11.499999999999488,20.999999999998977,long
2023-07-20,1,2023-07-19,2023-07-20,89.915,89.32,-0.5950000000000131,-29.750000000000654,-61.50000000000131,long
2023-07-21,1,2023-07-20,2023-07-21,88.12,88.74499999999999,0.6249999999999858,31.24999999999929,60.49999999999858,long
2023-07-24,1,2023-07-21,2023-07-24,88.075,88.445,0.36999999999999034,18.499999999999517,34.999999999999034,long
2023-07-25,1,2023-07-24,2023-07-25,88.23,88.49499999999999,0.26499999999998636,13.249999999999318,24.499999999998636,long
2023-07-26,1,2023-07-25,2023-07-26,89.24000000000001,88.285,-0.9550000000000125,-47.750000000000625,-97.50000000000125,long
2023-07-27,1,2023-07-26,2023-07-27,88.04,89.155,1.1149999999999949,55.749999999999744,109.49999999999949,long
2023-07-28,1,2023-07-27,2023-07-28,87.78500000000001,88.55,0.7649999999999864,38.24999999999932,74.49999999999864,long
2023-07-31,1,2023-07-28,2023-07-31,88.98,89.03999999999999,0.05999999999998806,2.999999999999403,3.9999999999988063,long
2023-08-01,1,2023-07-31,2023-08-01,89.185,88.89,-0.2950000000000017,-14.750000000000085,-31.50000000000017,long
2023-08-02,1,2023-08-01,2023-08-02,89.33500000000001,88.585,-0.7500000000000142,-37.50000000000071,-77.00000000000142,long
2023-08-03,1,2023-08-02,2023-08-03,87.125,86.395,-0.730000000000004,-36.5000000000002,-75.0000000000004,long
2023-08-04,1,2023-08-03,2023-08-04,86.77000000000001,86.455,-0.31500000000001194,-15.750000000000597,-33.500000000001194,long
2023-08-07,1,2023-08-04,2023-08-07,85.59,85.92999999999999,0.3399999999999892,16.99999999999946,31.99999999999892,long
2023-08-08,1,2023-08-07,2023-08-08,85.83,85.21,-0.6200000000000045,-31.000000000000227,-64.00000000000045,long
2023-08-09,1,2023-08-08,2023-08-09,85.17,85.265,0.09499999999999886,4.749999999999943,7.499999999999886,long
2023-08-10,1,2023-08-09,2023-08-10,84.07000000000001,84.69,0.6199999999999903,30.999999999999517,59.999999999999034,long
2023-08-11,1,2023-08-10,2023-08-11,84.08,83.47,-0.6099999999999994,-30.49999999999997,-62.99999999999994,long
2023-08-14,1,2023-08-11,2023-08-14,83.46000000000001,83.35499999999999,-0.10500000000001819,-5.2500000000009095,-12.500000000001819,long
2023-08-15,1,2023-08-14,2023-08-15,84.79,84.52,-0.27000000000001023,-13.500000000000512,-29.000000000001023,long
2023-08-16,1,2023-08-15,2023-08-16,83.955,83.85499999999999,-0.10000000000000853,-5.000000000000426,-12.000000000000853,long
2023-08-17,1,2023-08-16,2023-08-17,83.155,83.505,0.3499999999999943,17.499999999999716,32.99999999999943,long
2023-08-18,1,2023-08-17,2023-08-18,82.36500000000001,81.50999999999999,-0.8550000000000182,-42.75000000000091,-87.50000000000182,long
2023-08-21,1,2023-08-18,2023-08-21,82.49000000000001,82.895,0.4049999999999869,20.249999999999346,38.49999999999869,long
2023-08-22,1,2023-08-21,2023-08-22,84.06500000000001,84.8,0.7349999999999852,36.74999999999926,71.49999999999852,long
2023-08-23,1,2023-08-22,2023-08-23,83.97,84.155,0.18500000000000227,9.250000000000114,16.500000000000227,long
2023-08-24,1,2023-08-23,2023-08-24,85.485,86.455,0.9699999999999989,48.49999999999994,94.99999999999989,long
2023-08-25,1,2023-08-24,2023-08-25,83.515,83.83,0.3149999999999977,15.749999999999886,29.499999999999773,long
2023-08-28,1,2023-08-25,2023-08-28,84.36500000000001,84.985,0.6199999999999903,30.999999999999517,59.999999999999034,long
2023-08-29,1,2023-08-28,2023-08-29,85.055,84.69,-0.3650000000000091,-18.250000000000455,-38.50000000000091,long
2023-08-30,1,2023-08-29,2023-08-30,86.76,86.67,-0.09000000000000341,-4.5000000000001705,-11.000000000000341,long
2023-08-31,1,2023-08-30,2023-08-31,87.415,87.57499999999999,0.15999999999998238,7.999999999999119,13.999999999998238,long
2023-09-01,1,2023-08-31,2023-09-01,87.84,88.36999999999999,0.5299999999999869,26.499999999999346,50.99999999999869,long
2023-09-05,1,2023-09-01,2023-09-05,88.11,87.82499999999999,-0.2850000000000108,-14.25000000000054,-30.50000000000108,long
2023-09-06,1,2023-09-05,2023-09-06,88.42500000000001,88.05999999999999,-0.3650000000000233,-18.250000000001165,-38.50000000000233,long
2023-09-07,1,2023-09-06,2023-09-07,87.49000000000001,85.865,-1.6250000000000142,-81.25000000000071,-164.50000000000142,long
2023-09-08,1,2023-09-07,2023-09-08,86.22500000000001,86.19999999999999,-0.025000000000019895,-1.2500000000009948,-4.5000000000019895,long
2023-09-11,1,2023-09-08,2023-09-11,86.405,87.145,0.7399999999999949,36.999999999999744,71.99999999999949,long
2023-09-12,1,2023-09-11,2023-09-12,86.855,86.11,-0.7450000000000045,-37.25000000000023,-76.50000000000045,long
2023-09-13,1,2023-09-12,2023-09-13,85.28,85.225,-0.05500000000000682,-2.750000000000341,-7.500000000000682,long
2023-09-14,1,2023-09-13,2023-09-14,85.495,85.91,0.41499999999999204,20.749999999999602,39.499999999999204,long
2023-09-15,1,2023-09-14,2023-09-15,86.11500000000001,85.785,-0.3300000000000125,-16.500000000000625,-35.00000000000125,long
2023-09-18,1,2023-09-15,2023-09-18,84.46000000000001,84.015,-0.4450000000000074,-22.25000000000037,-46.50000000000074,long
2023-09-19,1,2023-09-18,2023-09-19,84.685,84.30499999999999,-0.38000000000000966,-19.000000000000483,-40.000000000000966,long
2023-09-20,1,2023-09-19,2023-09-20,84.64,84.85,0.20999999999999375,10.499999999999687,18.999999999999375,long
2023-09-21,1,2023-09-20,2023-09-21,83.31,82.445,-0.8650000000000091,-43.250000000000455,-88.50000000000091,long
2023-09-22,1,2023-09-21,2023-09-22,82.04,82.475,0.43499999999998806,21.749999999999403,41.499999999998806,long
2023-09-25,1,2023-09-22,2023-09-25,82.215,81.985,-0.23000000000000398,-11.500000000000199,-25.000000000000398,long
2023-09-26,1,2023-09-25,2023-09-26,82.48,81.92,-0.5600000000000023,-28.000000000000114,-58.00000000000023,long
2023-09-27,1,2023-09-26,2023-09-27,80.995,81.365,0.36999999999999034,18.499999999999517,34.999999999999034,long
2023-09-28,1,2023-09-27,2023-09-28,81.12,80.75999999999999,-0.36000000000001364,-18.000000000000682,-38.000000000001364,long
2023-09-29,1,2023-09-28,2023-09-29,81.69500000000001,82.55499999999999,0.8599999999999852,42.99999999999926,83.99999999999852,long
2023-10-02,1,2023-09-29,2023-10-02,81.97500000000001,81.99499999999999,0.01999999999998181,0.9999999999990905,-1.8189894035458565e-12,long
2023-10-03,1,2023-10-02,2023-10-03,82.855,82.315,-0.5400000000000063,-27.000000000000313,-56.000000000000625,long
2023-10-04,1,2023-10-03,2023-10-04,81.45,81.49499999999999,0.044999999999987494,2.2499999999993747,2.4999999999987494,long
2023-10-05,1,2023-10-04,2023-10-05,82.465,82.44,-0.025000000000005684,-1.2500000000002842,-4.500000000000568,long
2023-10-06,1,2023-10-05,2023-10-06,82.575,81.99,-0.585000000000008,-29.250000000000398,-60.500000000000796,long
2023-10-09,1,2023-10-06,2023-10-09,84.12,83.585,-0.5350000000000108,-26.75000000000054,-55.50000000000108,long
2023-10-10,1,2023-10-09,2023-10-10,84.555,84.52,-0.0350000000000108,-1.75000000000054,-5.50000000000108,long
2023-10-11,1,2023-10-10,2023-10-11,84.685,84.925,0.23999999999999488,11.999999999999744,21.99999999999949,long
2023-10-12,1,2023-10-11,2023-10-12,85.47,85.52499999999999,0.05499999999999261,2.7499999999996305,3.499999999999261,long
2023-10-13,1,2023-10-12,2023-10-13,85.55000000000001,85.69999999999999,0.14999999999997726,7.499999999998863,12.999999999997726,long
2023-10-16,1,2023-10-13,2023-10-16,84.325,84.445,0.11999999999999034,5.999999999999517,9.999999999999034,long
2023-10-17,1,2023-10-16,2023-10-17,85.135,84.045,-1.0900000000000034,-54.50000000000017,-111.00000000000034,long
2023-10-18,1,2023-10-17,2023-10-18,84.74000000000001,84.125,-0.6150000000000091,-30.750000000000455,-63.50000000000091,long
2023-10-19,1,2023-10-18,2023-10-19,83.87,84.255,0.3849999999999909,19.249999999999545,36.49999999999909,long
2023-10-20,1,2023-10-19,2023-10-20,83.39,83.33,-0.060000000000002274,-3.0000000000001137,-8.000000000000227,long
2023-10-23,1,2023-10-20,2023-10-23,81.98,81.44999999999999,-0.5300000000000153,-26.500000000000767,-55.000000000001535,long
2023-10-24,1,2023-10-23,2023-10-24,82.075,82.38,0.3049999999999926,15.24999999999963,28.49999999999926,long
2023-10-25,1,2023-10-24,2023-10-25,82.64,82.985,0.34499999999999886,17.249999999999943,32.499999999999886,long
2023-10-26,1,2023-10-25,2023-10-26,81.665,81.755,0.0899999999999892,4.49999999999946,6.99999999999892,long
2023-10-27,1,2023-10-26,2023-10-27,80.105,80.50999999999999,0.4049999999999869,20.249999999999346,38.49999999999869,long
2023-10-30,1,2023-10-27,2023-10-30,80.57000000000001,80.96,0.38999999999998636,19.499999999999318,36.999999999998636,long
2023-10-31,1,2023-10-30,2023-10-31,81.435,81.455,0.01999999999999602,0.999999999999801,-3.979039320256561e-13,long
2023-11-01,1,2023-10-31,2023-11-01,82.015,82.14,0.125,6.25,10.5,long
2023-11-02,1,2023-11-01,2023-11-02,83.60000000000001,84.32499999999999,0.7249999999999801,36.249999999999005,70.49999999999801,long
2023-11-03,1,2023-11-02,2023-11-03,85.015,84.91,-0.10500000000000398,-5.250000000000199,-12.500000000000398,long
2023-11-06,1,2023-11-03,2023-11-06,85.89,86.0,0.10999999999999943,5.499999999999972,8.999999999999943,long
2023-11-07,1,2023-11-06,2023-11-07,86.455,86.725,0.269999999999996,13.499999999999801,24.999999999999602,long
2023-11-08,1,2023-11-07,2023-11-08,87.4,87.61999999999999,0.21999999999998465,10.999999999999233,19.999999999998465,long
2023-11-09,1,2023-11-08,2023-11-09,87.89500000000001,87.975,0.07999999999998408,3.999999999999204,5.999999999998408,long
2023-11-10,1,2023-11-09,2023-11-10,87.485,87.99499999999999,0.5099999999999909,25.499999999999545,48.99999999999909,long
2023-11-13,1,2023-11-10,2023-11-13,89.77000000000001,89.28999999999999,-0.4800000000000182,-24.00000000000091,-50.00000000000182,long
2023-11-14,1,2023-11-13,2023-11-14,89.245,90.58999999999999,1.3449999999999847,67.24999999999923,132.49999999999847,long
2023-11-15,1,2023-11-14,2023-11-15,91.03,91.41499999999999,0.3849999999999909,19.249999999999545,36.49999999999909,long
2023-11-16,1,2023-11-15,2023-11-16,91.14500000000001,90.945,-0.20000000000001705,-10.000000000000853,-22.000000000001705,long
2023-11-17,1,2023-11-16,2023-11-17,91.60000000000001,91.30999999999999,-0.29000000000002046,-14.500000000001023,-31.000000000002046,long
2023-11-20,1,2023-11-17,2023-11-20,91.41000000000001,91.50999999999999,0.0999999999999801,4.999999999999005,7.9999999999980105,long
2023-11-21,1,2023-11-20,2023-11-21,92.735,92.295,-0.4399999999999977,-21.999999999999886,-45.99999999999977,long
2023-11-22,1,2023-11-21,2023-11-22,91.985,92.61,0.625,31.25,60.5,long
2023-11-24,1,2023-11-22,2023-11-24,92.39500000000001,92.22,-0.17500000000001137,-8.750000000000568,-19.500000000001137,long
2023-11-27,1,2023-11-24,2023-11-27,92.215,92.11,-0.10500000000000398,-5.250000000000199,-12.500000000000398,long
2023-11-28,1,2023-11-27,2023-11-28,92.21000000000001,91.88,-0.3300000000000125,-16.500000000000625,-35.00000000000125,long
2023-11-29,1,2023-11-28,2023-11-29,92.385,93.02499999999999,0.6399999999999864,31.999999999999318,61.999999999998636,long
2023-11-30,1,2023-11-29,2023-11-30,92.455,92.82,0.3649999999999949,18.249999999999744,34.49999999999949,long
2023-12-01,1,2023-11-30,2023-12-01,92.59,92.38,-0.21000000000000796,-10.500000000000398,-23.000000000000796,long
2023-12-04,1,2023-12-01,2023-12-04,92.80000000000001,91.85499999999999,-0.9450000000000216,-47.25000000000108,-96.50000000000216,long
2023-12-05,1,2023-12-04,2023-12-05,91.67,91.16,-0.5100000000000051,-25.500000000000256,-53.00000000000051,long
2023-12-06,1,2023-12-05,2023-12-06,92.22,92.77499999999999,0.5549999999999926,27.74999999999963,53.49999999999926,long
2023-12-07,1,2023-12-06,2023-12-07,91.44000000000001,91.85499999999999,0.41499999999997783,20.74999999999889,39.49999999999778,long
2023-12-08,1,2023-12-07,2023-12-08,92.55000000000001,92.33,-0.22000000000001307,-11.000000000000654,-24.000000000001307,long
2023-12-11,1,2023-12-08,2023-12-11,93.34,93.085,-0.25500000000000966,-12.750000000000483,-27.500000000000966,long
2023-12-12,1,2023-12-11,2023-12-12,94.155,93.78999999999999,-0.3650000000000091,-18.250000000000455,-38.50000000000091,long
2023-12-13,1,2023-12-12,2023-12-13,94.78,94.985,0.2049999999999983,10.249999999999915,18.49999999999983,long
2023-12-14,1,2023-12-13,2023-12-14,95.61500000000001,95.64,0.024999999999991473,1.2499999999995737,0.49999999999914735,long
2023-12-15,1,2023-12-14,2023-12-15,95.38000000000001,95.25999999999999,-0.12000000000001876,-6.000000000000938,-14.000000000001876,long
2023-12-18,1,2023-12-15,2023-12-18,95.86,95.63499999999999,-0.22500000000000853,-11.250000000000426,-24.500000000000853,long
2023-12-19,1,2023-12-18,2023-12-19,95.935,95.895,-0.04000000000000625,-2.0000000000003126,-6.000000000000625,long
2023-12-20,1,2023-12-19,2023-12-20,96.30000000000001,96.17,-0.13000000000000966,-6.500000000000483,-15.000000000000966,long
2023-12-21,1,2023-12-20,2023-12-21,94.845,95.78999999999999,0.9449999999999932,47.24999999999966,92.49999999999932,long
2023-12-22,1,2023-12-21,2023-12-22,95.91000000000001,96.16499999999999,0.25499999999998124,12.749999999999062,23.499999999998124,long
2023-12-26,1,2023-12-22,2023-12-26,96.03500000000001,96.19,0.15499999999998693,7.749999999999346,13.499999999998693,long
2023-12-27,1,2023-12-26,2023-12-27,96.435,96.46499999999999,0.029999999999986926,1.4999999999993463,0.9999999999986926,long
2023-12-28,1,2023-12-27,2023-12-28,96.43,96.75,0.3199999999999932,15.999999999999659,29.999999999999318,long
2023-12-29,1,2023-12-28,2023-12-29,96.545,96.57499999999999,0.029999999999986926,1.4999999999993463,0.9999999999986926,long
2024-01-02,1,2023-12-29,2024-01-02,96.25,94.92,-1.3299999999999983,-66.49999999999991,-134.99999999999983,long
2024-01-03,1,2024-01-02,2024-01-03,93.73,92.85499999999999,-0.8750000000000142,-43.75000000000071,-89.50000000000142,long
2024-01-04,1,2024-01-03,2024-01-04,92.775,92.17,-0.605000000000004,-30.2500000000002,-62.5000000000004,long
2024-01-05,1,2024-01-04,2024-01-05,92.095,92.17999999999999,0.08499999999999375,4.249999999999687,6.499999999999375,long
2024-01-08,1,2024-01-05,2024-01-08,92.07000000000001,92.515,0.4449999999999932,22.24999999999966,42.49999999999932,long
2024-01-09,1,2024-01-08,2024-01-09,94.38000000000001,93.63499999999999,-0.7450000000000188,-37.25000000000094,-76.50000000000188,long
2024-01-10,1,2024-01-09,2024-01-10,94.53,94.55499999999999,0.024999999999991473,1.2499999999995737,0.49999999999914735,long
2024-01-11,1,2024-01-10,2024-01-11,95.33500000000001,95.785,0.44999999999998863,22.49999999999943,42.99999999999886,long
2024-01-12,1,2024-01-11,2024-01-12,95.82000000000001,95.955,0.1349999999999909,6.749999999999545,11.49999999999909,long
2024-01-16,1,2024-01-12,2024-01-16,96.13000000000001,95.99,-0.14000000000001478,-7.000000000000739,-16.000000000001478,long
2024-01-17,1,2024-01-16,2024-01-17,96.37,95.67999999999999,-0.6900000000000119,-34.5000000000006,-71.0000000000012,long
2024-01-18,1,2024-01-17,2024-01-18,95.89500000000001,97.155,1.259999999999991,62.999999999999545,123.99999999999909,long
2024-01-19,1,2024-01-18,2024-01-19,97.84,98.46,0.6199999999999903,30.999999999999517,59.999999999999034,long
2024-01-22,1,2024-01-19,2024-01-22,100.095,100.565,0.46999999999999886,23.499999999999943,44.999999999999886,long
2024-01-23,1,2024-01-22,2024-01-23,100.53500000000001,100.49499999999999,-0.040000000000020464,-2.000000000001023,-6.000000000002046,long
2024-01-24,1,2024-01-23,2024-01-24,100.94000000000001,101.58999999999999,0.6499999999999773,32.49999999999886,62.999999999997726,long
2024-01-25,1,2024-01-24,2024-01-25,101.635,102.55,0.914999999999992,45.7499999999996,89.4999999999992,long
2024-01-26,1,2024-01-25,2024-01-26,102.06,101.32499999999999,-0.7350000000000136,-36.75000000000068,-75.50000000000136,long
2024-01-29,1,2024-01-26,2024-01-29,100.885,100.99,0.10499999999998977,5.249999999999488,8.499999999998977,long
2024-01-30,1,2024-01-29,2024-01-30,101.81,101.755,-0.05500000000000682,-2.750000000000341,-7.500000000000682,long
2024-01-31,1,2024-01-30,2024-01-31,100.97,99.99,-0.980000000000004,-49.0000000000002,-100.0000000000004,long
2024-02-01,1,2024-01-31,2024-02-01,98.85000000000001,99.225,0.3749999999999858,18.74999999999929,35.49999999999858,long
2024-02-02,1,2024-02-01,2024-02-02,100.095,99.32499999999999,-0.7700000000000102,-38.50000000000051,-79.00000000000102,long
2024-02-05,1,2024-02-02,2024-02-05,101.13000000000001,101.52,0.38999999999998636,19.499999999999318,36.999999999998636,long
2024-02-06,1,2024-02-05,2024-02-06,101.36,101.44999999999999,0.0899999999999892,4.49999999999946,6.99999999999892,long
2024-02-07,1,2024-02-06,2024-02-07,100.89500000000001,101.585,0.6899999999999835,34.499999999999176,66.99999999999835,long
2024-02-08,1,2024-02-07,2024-02-08,102.23,102.38499999999999,0.15499999999998693,7.749999999999346,13.499999999998693,long
2024-02-09,1,2024-02-08,2024-02-09,102.55000000000001,102.96,0.4099999999999824,20.49999999999912,38.99999999999824,long
2024-02-12,1,2024-02-09,2024-02-12,103.93,103.8,-0.13000000000000966,-6.500000000000483,-15.000000000000966,long
2024-02-13,1,2024-02-12,2024-02-13,103.14,100.88499999999999,-2.2550000000000097,-112.75000000000048,-227.50000000000097,long
2024-02-14,1,2024-02-13,2024-02-14,101.39,102.125,0.7349999999999994,36.74999999999997,71.49999999999994,long
2024-02-15,1,2024-02-14,2024-02-15,102.45,102.50999999999999,0.05999999999998806,2.999999999999403,3.9999999999988063,long
2024-02-16,1,2024-02-15,2024-02-16,102.235,102.49,0.25499999999999545,12.749999999999773,23.499999999999545,long
2024-02-20,1,2024-02-16,2024-02-20,101.295,100.67999999999999,-0.6150000000000091,-30.750000000000455,-63.50000000000091,long
2024-02-21,1,2024-02-20,2024-02-21,100.265,99.24499999999999,-1.0200000000000102,-51.00000000000051,-104.00000000000102,long
2024-02-22,1,2024-02-21,2024-02-22,99.635,102.24,2.6049999999999898,130.2499999999995,258.499999999999,long
2024-02-23,1,2024-02-22,2024-02-23,102.89500000000001,103.66499999999999,0.7699999999999818,38.49999999999909,74.99999999999818,long
2024-02-26,1,2024-02-23,2024-02-26,102.655,103.085,0.4299999999999926,21.49999999999963,40.99999999999926,long
2024-02-27,1,2024-02-26,2024-02-27,102.75500000000001,102.905,0.14999999999999147,7.499999999999574,12.999999999999147,long
2024-02-28,1,2024-02-27,2024-02-28,102.845,102.485,-0.35999999999999943,-17.99999999999997,-37.99999999999994,long
2024-02-29,1,2024-02-28,2024-02-29,102.36,102.88499999999999,0.5249999999999915,26.249999999999574,50.49999999999915,long
2024-03-01,1,2024-02-29,2024-03-01,103.5,103.66,0.1599999999999966,7.9999999999998295,13.999999999999659,long
2024-03-04,1,2024-03-01,2024-03-04,105.39,105.22,-0.1700000000000017,-8.500000000000085,-19.00000000000017,long
2024-03-05,1,2024-03-04,2024-03-05,105.39,104.33,-1.0600000000000023,-53.000000000000114,-108.00000000000023,long
2024-03-06,1,2024-03-05,2024-03-06,102.80000000000001,103.86,1.059999999999988,52.9999999999994,103.9999999999988,long
2024-03-07,1,2024-03-06,2024-03-07,103.61500000000001,104.47999999999999,0.8649999999999807,43.249999999999034,84.49999999999807,long
2024-03-08,1,2024-03-07,2024-03-08,105.25,105.35,0.09999999999999432,4.999999999999716,7.999999999999432,long
2024-03-11,1,2024-03-08,2024-03-11,103.685,103.08999999999999,-0.5950000000000131,-29.750000000000654,-61.50000000000131,long
2024-03-12,1,2024-03-11,2024-03-12,103.4,104.375,0.9749999999999943,48.749999999999716,95.49999999999943,long
2024-03-13,1,2024-03-12,2024-03-13,105.52000000000001,105.17999999999999,-0.3400000000000176,-17.00000000000088,-36.00000000000176,long
2024-03-14,1,2024-03-13,2024-03-14,104.38000000000001,104.8,0.4199999999999875,20.999999999999375,39.99999999999875,long
2024-03-15,1,2024-03-14,2024-03-15,104.4,102.88,-1.5200000000000102,-76.00000000000051,-154.00000000000102,long
2024-03-18,1,2024-03-15,2024-03-18,102.825,103.535,0.7099999999999937,35.49999999999969,68.99999999999937,long
2024-03-19,1,2024-03-18,2024-03-19,103.16000000000001,102.63499999999999,-0.5250000000000199,-26.250000000000995,-54.50000000000199,long
2024-03-20,1,2024-03-19,2024-03-20,103.69500000000001,103.755,0.05999999999998806,2.999999999999403,3.9999999999988063,long
2024-03-21,1,2024-03-20,2024-03-21,104.855,105.955,1.0999999999999943,54.999999999999716,107.99999999999943,long
2024-03-22,1,2024-03-21,2024-03-22,104.93,104.91499999999999,-0.01500000000001478,-0.750000000000739,-3.500000000001478,long
2024-03-25,1,2024-03-22,2024-03-25,104.965,103.94999999999999,-1.0150000000000148,-50.75000000000074,-103.50000000000148,long
2024-03-26,1,2024-03-25,2024-03-26,104.27000000000001,104.64,0.36999999999999034,18.499999999999517,34.999999999999034,long
2024-03-27,1,2024-03-26,2024-03-27,103.84,104.475,0.6349999999999909,31.749999999999545,61.49999999999909,long
2024-03-28,1,2024-03-27,2024-03-28,104.37,104.10499999999999,-0.2650000000000148,-13.250000000000739,-28.500000000001478,long
2024-04-01,1,2024-03-28,2024-04-01,104.14500000000001,104.345,0.19999999999998863,9.999999999999432,17.999999999998863,long
2024-04-02,1,2024-04-01,2024-04-02,104.435,103.255,-1.1800000000000068,-59.00000000000034,-120.00000000000068,long
2024-04-03,1,2024-04-02,2024-04-03,103.43,102.89,-0.5400000000000063,-27.000000000000313,-56.000000000000625,long
2024-04-04,1,2024-04-03,2024-04-04,103.705,104.64999999999999,0.9449999999999932,47.24999999999966,92.49999999999932,long
2024-04-05,1,2024-04-04,2024-04-05,102.06500000000001,102.49,0.42499999999998295,21.249999999999147,40.499999999998295,long
2024-04-08,1,2024-04-05,2024-04-08,103.235,103.28,0.045000000000001705,2.2500000000000853,2.5000000000001705,long
2024-04-09,1,2024-04-08,2024-04-09,103.11500000000001,103.625,0.5099999999999909,25.499999999999545,48.99999999999909,long
2024-04-10,1,2024-04-09,2024-04-10,103.635,102.43499999999999,-1.200000000000017,-60.00000000000085,-122.0000000000017,long
2024-04-11,1,2024-04-10,2024-04-11,102.36500000000001,102.8,0.43499999999998806,21.749999999999403,41.499999999998806,long
2024-04-12,1,2024-04-11,2024-04-12,104.41000000000001,103.17,-1.240000000000009,-62.000000000000455,-126.00000000000091,long
2024-04-15,1,2024-04-12,2024-04-15,102.72,103.38499999999999,0.664999999999992,33.2499999999996,64.4999999999992,long
2024-04-16,1,2024-04-15,2024-04-16,100.77000000000001,100.97,0.19999999999998863,9.999999999999432,17.999999999998863,long
2024-04-17,1,2024-04-16,2024-04-17,100.89,101.125,0.23499999999999943,11.749999999999972,21.499999999999943,long
2024-04-18,1,2024-04-17,2024-04-18,99.435,99.36,-0.07500000000000284,-3.750000000000142,-9.500000000000284,long
2024-04-19,1,2024-04-18,2024-04-19,98.30000000000001,97.97999999999999,-0.3200000000000216,-16.00000000000108,-34.00000000000216,long
2024-04-22,1,2024-04-19,2024-04-22,96.275,97.015,0.7399999999999949,36.999999999999744,71.99999999999949,long
2024-04-23,1,2024-04-22,2024-04-23,97.135,97.52,0.3849999999999909,19.249999999999545,36.49999999999909,long
2024-04-24,1,2024-04-23,2024-04-24,98.575,99.315,0.7399999999999949,36.999999999999744,71.99999999999949,long
2024-04-25,1,2024-04-24,2024-04-25,99.025,97.77,-1.2550000000000097,-62.75000000000048,-127.50000000000097,long
2024-04-26,1,2024-04-25,2024-04-26,98.81,99.57,0.7599999999999909,37.999999999999545,73.99999999999909,long
2024-04-29,1,2024-04-26,2024-04-29,99.92500000000001,100.42,0.49499999999999034,24.749999999999517,47.499999999999034,long
2024-04-30,1,2024-04-29,2024-04-30,100.355,100.03,-0.32500000000000284,-16.250000000000142,-34.500000000000284,long
2024-05-01,1,2024-04-30,2024-05-01,98.14500000000001,97.64999999999999,-0.49500000000001876,-24.750000000000938,-51.500000000001876,long
2024-05-02,1,2024-05-01,2024-05-02,97.14,98.36,1.2199999999999989,60.99999999999994,119.99999999999989,long
2024-05-03,1,2024-05-02,2024-05-03,98.54,101.18499999999999,2.644999999999982,132.2499999999991,262.4999999999982,long
2024-05-06,1,2024-05-03,2024-05-06,101.28500000000001,101.64999999999999,0.3649999999999807,18.249999999999034,34.49999999999807,long
2024-05-07,1,2024-05-06,2024-05-07,102.47500000000001,102.755,0.2799999999999869,13.999999999999346,25.999999999998693,long
2024-05-08,1,2024-05-07,2024-05-08,102.14,101.755,-0.3850000000000051,-19.250000000000256,-40.50000000000051,long
2024-05-09,1,2024-05-08,2024-05-09,102.43,102.24499999999999,-0.18500000000001648,-9.250000000000824,-20.50000000000165,long
2024-05-10,1,2024-05-09,2024-05-10,102.4,102.91499999999999,0.5149999999999864,25.749999999999318,49.499999999998636,long
2024-05-13,1,2024-05-10,2024-05-13,102.78,103.515,0.7349999999999994,36.74999999999997,71.49999999999994,long
2024-05-14,1,2024-05-13,2024-05-14,103.265,103.21,-0.05500000000000682,-2.750000000000341,-7.500000000000682,long
2024-05-15,1,2024-05-14,2024-05-15,104.18,104.795,0.6149999999999949,30.749999999999744,59.49999999999949,long
2024-05-16,1,2024-05-15,2024-05-16,106.525,106.63499999999999,0.10999999999998522,5.499999999999261,8.999999999998522,long
2024-05-17,1,2024-05-16,2024-05-17,106.155,106.38,0.22499999999999432,11.249999999999716,20.49999999999943,long
2024-05-20,1,2024-05-17,2024-05-20,105.92,106.005,0.08499999999999375,4.249999999999687,6.499999999999375,long
2024-05-21,1,2024-05-20,2024-05-21,107.165,106.735,-0.4300000000000068,-21.50000000000034,-45.00000000000068,long
2024-05-22,1,2024-05-21,2024-05-22,107.34,107.75,0.4099999999999966,20.49999999999983,38.99999999999966,long
2024-05-23,1,2024-05-22,2024-05-23,107.58,108.78,1.2000000000000028,60.00000000000014,118.00000000000028,long
2024-05-24,1,2024-05-23,2024-05-24,106.705,106.92999999999999,0.22499999999999432,11.249999999999716,20.49999999999943,long
2024-05-28,1,2024-05-24,2024-05-28,107.605,108.21,0.6049999999999898,30.24999999999949,58.49999999999898,long
2024-05-29,1,2024-05-28,2024-05-29,108.06,106.93499999999999,-1.1250000000000142,-56.25000000000071,-114.50000000000142,long
2024-05-30,1,2024-05-29,2024-05-30,107.375,106.16,-1.2150000000000034,-60.75000000000017,-123.50000000000034,long
2024-05-31,1,2024-05-30,2024-05-31,104.92500000000001,105.21499999999999,0.28999999999997783,14.499999999998892,26.999999999997783,long
2024-06-03,1,2024-05-31,2024-06-03,105.09,105.875,0.7849999999999966,39.24999999999983,76.49999999999966,long
2024-06-04,1,2024-06-03,2024-06-04,105.355,105.28,-0.07500000000000284,-3.750000000000142,-9.500000000000284,long
2024-06-05,1,2024-06-04,2024-06-05,105.575,106.46499999999999,0.8899999999999864,44.49999999999932,86.99999999999864,long
2024-06-06,1,2024-06-05,2024-06-06,107.92,107.99499999999999,0.07499999999998863,3.7499999999994316,5.499999999998863,long
2024-06-07,1,2024-06-06,2024-06-07,107.56,107.725,0.16499999999999204,8.249999999999602,14.499999999999204,long
2024-06-10,1,2024-06-07,2024-06-10,107.81,107.425,-0.3850000000000051,-19.250000000000256,-40.50000000000051,long
2024-06-11,1,2024-06-10,2024-06-11,108.08500000000001,107.865,-0.22000000000001307,-11.000000000000654,-24.000000000001307,long
2024-06-12,1,2024-06-11,2024-06-12,110.095,111.16499999999999,1.0699999999999932,53.49999999999966,104.99999999999932,long
2024-06-13,1,2024-06-12,2024-06-13,112.53,113.55499999999999,1.0249999999999915,51.249999999999574,100.49999999999915,long
2024-06-14,1,2024-06-13,2024-06-14,113.42,113.24,-0.18000000000000682,-9.000000000000341,-20.000000000000682,long
2024-06-17,1,2024-06-14,2024-06-17,113.845,114.10499999999999,0.2599999999999909,12.999999999999545,23.99999999999909,long
2024-06-18,1,2024-06-17,2024-06-18,115.57000000000001,115.66499999999999,0.09499999999998465,4.749999999999233,7.499999999998465,long
2024-06-20,1,2024-06-18,2024-06-20,115.715,116.21499999999999,0.4999999999999858,24.99999999999929,47.99999999999858,long
2024-06-21,1,2024-06-20,2024-06-21,114.415,114.42,0.0049999999999954525,0.24999999999977263,-1.5000000000004547,long
2024-06-24,1,2024-06-21,2024-06-24,114.215,112.80999999999999,-1.4050000000000153,-70.25000000000077,-142.50000000000153,long
2024-06-25,1,2024-06-24,2024-06-25,111.22,112.10499999999999,0.8849999999999909,44.249999999999545,86.49999999999909,long
2024-06-26,1,2024-06-25,2024-06-26,113.26,113.07,-0.19000000000001194,-9.500000000000597,-21.000000000001194,long
2024-06-27,1,2024-06-26,2024-06-27,113.13000000000001,112.89,-0.2400000000000091,-12.000000000000455,-26.00000000000091,long
2024-06-28,1,2024-06-27,2024-06-28,113.185,113.55999999999999,0.3749999999999858,18.74999999999929,35.49999999999858,long
2024-07-01,1,2024-06-28,2024-07-01,113.125,113.175,0.04999999999999716,2.499999999999858,2.999999999999716,long
2024-07-02,1,2024-07-01,2024-07-02,113.98,112.97,-1.0100000000000051,-50.500000000000256,-103.00000000000051,long
2024-07-03,1,2024-07-02,2024-07-03,114.55000000000001,114.365,-0.18500000000001648,-9.250000000000824,-20.50000000000165,long
2024-07-05,1,2024-07-03,2024-07-05,116.095,116.205,0.10999999999999943,5.499999999999972,8.999999999999943,long
2024-07-08,1,2024-07-05,2024-07-08,116.45,116.80499999999999,0.35499999999998977,17.74999999999949,33.49999999999898,long
2024-07-09,1,2024-07-08,2024-07-09,117.245,117.82,0.5749999999999886,28.74999999999943,55.49999999999886,long
2024-07-10,1,2024-07-09,2024-07-10,117.15,117.78,0.6299999999999955,31.499999999999773,60.999999999999545,long
2024-07-11,1,2024-07-10,2024-07-11,118.85000000000001,119.00999999999999,0.15999999999998238,7.999999999999119,13.999999999998238,long
2024-07-12,1,2024-07-11,2024-07-12,115.875,116.175,0.29999999999999716,14.999999999999858,27.999999999999716,long
2024-07-15,1,2024-07-12,2024-07-15,116.91000000000001,117.46,0.549999999999983,27.499999999999147,52.999999999998295,long
2024-07-16,1,2024-07-15,2024-07-16,117.12,117.375,0.25499999999999545,12.749999999999773,23.499999999999545,long
2024-07-17,1,2024-07-16,2024-07-17,116.73,113.99,-2.740000000000009,-137.00000000000045,-276.0000000000009,long
2024-07-18,1,2024-07-17,2024-07-18,112.19000000000001,113.39999999999999,1.2099999999999795,60.49999999999898,118.99999999999795,long
2024-07-19,1,2024-07-18,2024-07-19,112.2,111.585,-0.6150000000000091,-30.750000000000455,-63.50000000000091,long
2024-07-22,1,2024-07-19,2024-07-22,110.44500000000001,111.99,1.5449999999999875,77.24999999999937,152.49999999999875,long
2024-07-23,1,2024-07-22,2024-07-23,113.06,112.675,-0.3850000000000051,-19.250000000000256,-40.50000000000051,long
2024-07-24,1,2024-07-23,2024-07-24,112.61,111.17999999999999,-1.4300000000000068,-71.50000000000034,-145.00000000000068,long
2024-07-25,1,2024-07-24,2024-07-25,107.95,107.815,-0.13500000000000512,-6.750000000000256,-15.500000000000512,long
2024-07-26,1,2024-07-25,2024-07-26,106.795,108.21499999999999,1.4199999999999875,70.99999999999937,139.99999999999875,long
2024-07-29,1,2024-07-26,2024-07-29,108.15,108.91,0.7599999999999909,37.999999999999545,73.99999999999909,long
2024-07-30,1,2024-07-29,2024-07-30,107.67,108.17999999999999,0.5099999999999909,25.499999999999545,48.99999999999909,long
2024-07-31,1,2024-07-30,2024-07-31,104.965,108.21,3.2449999999999903,162.24999999999952,322.49999999999903,long
2024-08-01,1,2024-07-31,2024-08-01,109.41000000000001,108.99499999999999,-0.41500000000002046,-20.750000000001023,-43.500000000002046,long
2024-08-02,1,2024-08-01,2024-08-02,105.33,102.58,-2.75,-137.5,-277.0,long
2024-08-05,1,2024-08-02,2024-08-05,102.37,95.945,-6.425000000000011,-321.25000000000057,-644.5000000000011,long
2024-08-06,1,2024-08-05,2024-08-06,98.96000000000001,100.205,1.2449999999999903,62.24999999999952,122.49999999999903,long
2024-08-07,1,2024-08-06,2024-08-07,100.305,102.69999999999999,2.394999999999982,119.74999999999909,237.49999999999818,long
2024-08-08,1,2024-08-07,2024-08-08,98.68,100.50999999999999,1.829999999999984,91.4999999999992,180.9999999999984,long
2024-08-09,1,2024-08-08,2024-08-09,102.36500000000001,102.095,-0.27000000000001023,-13.500000000000512,-29.000000000001023,long
2024-08-12,1,2024-08-09,2024-08-12,102.825,103.125,0.29999999999999716,14.999999999999858,27.999999999999716,long
2024-08-13,1,2024-08-12,2024-08-13,103.665,104.82,1.154999999999987,57.749999999999346,113.49999999999869,long
2024-08-14,1,2024-08-13,2024-08-14,106.85000000000001,107.49,0.6399999999999864,31.999999999999318,61.999999999998636,long
2024-08-15,1,2024-08-14,2024-08-15,107.435,108.80499999999999,1.3699999999999903,68.49999999999952,134.99999999999903,long
2024-08-16,1,2024-08-15,2024-08-16,110.525,109.92,-0.605000000000004,-30.2500000000002,-62.5000000000004,long
2024-08-19,1,2024-08-16,2024-08-19,110.71000000000001,110.42999999999999,-0.28000000000001535,-14.000000000000767,-30.000000000001535,long
2024-08-20,1,2024-08-19,2024-08-20,112.53500000000001,112.22,-0.31500000000001194,-15.750000000000597,-33.500000000001194,long
2024-08-21,1,2024-08-20,2024-08-21,112.14,112.19,0.04999999999999716,2.499999999999858,2.999999999999716,long
2024-08-22,1,2024-08-21,2024-08-22,112.80000000000001,113.41,0.6099999999999852,30.49999999999926,58.99999999999852,long
2024-08-23,1,2024-08-22,2024-08-23,110.205,111.24499999999999,1.039999999999992,51.9999999999996,101.9999999999992,long
2024-08-26,1,2024-08-23,2024-08-26,111.99000000000001,111.86999999999999,-0.12000000000001876,-6.000000000000938,-14.000000000001876,long
2024-08-27,1,2024-08-26,2024-08-27,110.58500000000001,109.88,-0.7050000000000125,-35.250000000000625,-72.50000000000125,long
2024-08-28,1,2024-08-27,2024-08-28,111.25500000000001,111.18499999999999,-0.0700000000000216,-3.50000000000108,-9.00000000000216,long
2024-08-29,1,2024-08-28,2024-08-29,109.72,109.785,0.06499999999999773,3.2499999999998863,4.499999999999773,long
2024-08-30,1,2024-08-29,2024-08-30,108.73,109.89,1.1599999999999966,57.99999999999983,113.99999999999966,long
2024-09-03,1,2024-08-30,2024-09-03,110.17500000000001,108.99,-1.1850000000000165,-59.250000000000824,-120.50000000000165,long
2024-09-04,1,2024-09-03,2024-09-04,105.11500000000001,103.99499999999999,-1.1200000000000188,-56.00000000000094,-114.00000000000188,long
2024-09-05,1,2024-09-04,2024-09-05,104.845,104.08,-0.7650000000000006,-38.25000000000003,-78.50000000000006,long
2024-09-06,1,2024-09-05,2024-09-06,104.685,104.58,-0.10500000000000398,-5.250000000000199,-12.500000000000398,long
2024-09-09,1,2024-09-06,2024-09-09,101.97,103.22999999999999,1.259999999999991,62.999999999999545,123.99999999999909,long
2024-09-10,1,2024-09-09,2024-09-10,103.64,104.335,0.6949999999999932,34.74999999999966,67.49999999999932,long
2024-09-11,1,2024-09-10,2024-09-11,105.19000000000001,105.53,0.3399999999999892,16.99999999999946,31.99999999999892,long
2024-09-12,1,2024-09-11,2024-09-12,108.78,108.67999999999999,-0.10000000000000853,-5.000000000000426,-12.000000000000853,long
2024-09-13,1,2024-09-12,2024-09-13,109.68,109.68499999999999,0.004999999999981242,0.24999999999906208,-1.5000000000018758,long
2024-09-16,1,2024-09-13,2024-09-16,110.23,109.39999999999999,-0.8300000000000125,-41.500000000000625,-85.00000000000125,long
2024-09-17,1,2024-09-16,2024-09-17,109.81,110.89,1.0799999999999983,53.999999999999915,105.99999999999983,long
2024-09-18,1,2024-09-17,2024-09-18,109.595,109.925,0.3299999999999983,16.499999999999915,30.99999999999983,long
2024-09-19,1,2024-09-18,2024-09-19,108.595,111.655,3.0600000000000023,153.0000000000001,304.0000000000002,long
2024-09-20,1,2024-09-19,2024-09-20,111.82000000000001,111.36,-0.46000000000000796,-23.000000000000398,-48.000000000000796,long
2024-09-23,1,2024-09-20,2024-09-23,111.275,111.155,-0.12000000000000455,-6.000000000000227,-14.000000000000455,long
2024-09-24,1,2024-09-23,2024-09-24,111.055,111.5,0.4449999999999932,22.24999999999966,42.49999999999932,long
2024-09-25,1,2024-09-24,2024-09-25,111.81500000000001,111.57499999999999,-0.2400000000000233,-12.000000000001165,-26.00000000000233,long
2024-09-26,1,2024-09-25,2024-09-26,112.135,114.315,2.1799999999999926,108.99999999999963,215.99999999999926,long
2024-09-27,1,2024-09-26,2024-09-27,113.62,113.75999999999999,0.13999999999998636,6.999999999999318,11.999999999998636,long
2024-09-30,1,2024-09-27,2024-09-30,112.56,112.05,-0.5100000000000051,-25.500000000000256,-53.00000000000051,long
2024-10-01,1,2024-09-30,2024-10-01,112.89,112.535,-0.355000000000004,-17.7500000000002,-37.5000000000004,long
2024-10-02,1,2024-10-01,2024-10-02,110.14,110.25,0.10999999999999943,5.499999999999972,8.999999999999943,long
2024-10-03,1,2024-10-02,2024-10-03,110.955,110.61,-0.34499999999999886,-17.249999999999943,-36.499999999999886,long
2024-10-04,1,2024-10-03,2024-10-04,111.415,112.975,1.559999999999988,77.9999999999994,153.9999999999988,long
2024-10-07,1,2024-10-04,2024-10-07,112.655,112.13,-0.5250000000000057,-26.250000000000284,-54.50000000000057,long
2024-10-08,1,2024-10-07,2024-10-08,111.88000000000001,112.625,0.7449999999999903,37.24999999999952,72.49999999999903,long
2024-10-09,1,2024-10-08,2024-10-09,113.97,114.03999999999999,0.06999999999999318,3.499999999999659,4.999999999999318,long
2024-10-10,1,2024-10-09,2024-10-10,115.245,114.455,-0.7900000000000063,-39.50000000000031,-81.00000000000063,long
2024-10-11,1,2024-10-10,2024-10-11,115.215,114.92,-0.2950000000000017,-14.750000000000085,-31.50000000000017,long
2024-10-14,1,2024-10-11,2024-10-14,115.415,116.17,0.7549999999999955,37.74999999999977,73.49999999999955,long
2024-10-15,1,2024-10-14,2024-10-15,116.92,116.99,0.06999999999999318,3.499999999999659,4.999999999999318,long
2024-10-16,1,2024-10-15,2024-10-16,114.35000000000001,114.69,0.3399999999999892,16.99999999999946,31.99999999999892,long
2024-10-17,1,2024-10-16,2024-10-17,114.705,116.3,1.5949999999999989,79.74999999999994,157.4999999999999,long
2024-10-18,1,2024-10-17,2024-10-18,115.055,115.63499999999999,0.5799999999999841,28.999999999999204,55.99999999999841,long
2024-10-21,1,2024-10-18,2024-10-21,115.465,115.085,-0.38000000000000966,-19.000000000000483,-40.000000000000966,long
2024-10-22,1,2024-10-21,2024-10-22,116.00500000000001,115.36999999999999,-0.6350000000000193,-31.750000000000966,-65.50000000000193,long
2024-10-23,1,2024-10-22,2024-10-23,115.885,115.44,-0.4450000000000074,-22.25000000000037,-46.50000000000074,long
2024-10-24,1,2024-10-23,2024-10-24,114.22500000000001,114.74499999999999,0.5199999999999818,25.99999999999909,49.99999999999818,long
2024-10-25,1,2024-10-24,2024-10-25,114.56,115.19,0.6299999999999955,31.499999999999773,60.999999999999545,long
2024-10-28,1,2024-10-25,2024-10-28,115.155,115.815,0.6599999999999966,32.99999999999983,63.99999999999966,long
2024-10-29,1,2024-10-28,2024-10-29,115.12,115.32,0.19999999999998863,9.999999999999432,17.999999999998863,long
2024-10-30,1,2024-10-29,2024-10-30,116.67,115.585,-1.085000000000008,-54.2500000000004,-110.5000000000008,long
2024-10-31,1,2024-10-30,2024-10-31,114.81500000000001,113.535,-1.2800000000000153,-64.00000000000077,-130.00000000000153,long
2024-11-01,1,2024-10-31,2024-11-01,111.13000000000001,111.22,0.0899999999999892,4.49999999999946,6.99999999999892,long
2024-11-04,1,2024-11-01,2024-11-04,111.965,112.05,0.08499999999999375,4.249999999999687,6.499999999999375,long
2024-11-05,1,2024-11-04,2024-11-05,111.88000000000001,112.205,0.32499999999998863,16.24999999999943,30.499999999998863,long
2024-11-06,1,2024-11-05,2024-11-06,113.455,115.6,2.144999999999996,107.2499999999998,212.4999999999996,long
2024-11-07,1,2024-11-06,2024-11-07,116.685,117.475,0.789999999999992,39.4999999999996,76.9999999999992,long
2024-11-08,1,2024-11-07,2024-11-08,118.72,118.55,-0.1700000000000017,-8.500000000000085,-19.00000000000017,long
2024-11-11,1,2024-11-08,2024-11-11,118.59,118.55499999999999,-0.0350000000000108,-1.75000000000054,-5.50000000000108,long
2024-11-12,1,2024-11-11,2024-11-12,117.935,117.91499999999999,-0.020000000000010232,-1.0000000000005116,-4.000000000001023,long
2024-11-13,1,2024-11-12,2024-11-13,118.08500000000001,117.77499999999999,-0.3100000000000165,-15.500000000000824,-33.00000000000165,long
2024-11-14,1,2024-11-13,2024-11-14,117.67500000000001,117.845,0.1699999999999875,8.499999999999375,14.99999999999875,long
2024-11-15,1,2024-11-14,2024-11-15,117.275,115.8,-1.4750000000000085,-73.75000000000043,-149.50000000000085,long
2024-11-18,1,2024-11-15,2024-11-18,114.36500000000001,114.345,-0.020000000000010232,-1.0000000000005116,-4.000000000001023,long
2024-11-19,1,2024-11-18,2024-11-19,114.735,114.13,-0.605000000000004,-30.2500000000002,-62.5000000000004,long
2024-11-20,1,2024-11-19,2024-11-20,115.67500000000001,115.755,0.07999999999998408,3.999999999999204,5.999999999998408,long
2024-11-21,1,2024-11-20,2024-11-21,115.575,116.78,1.2049999999999983,60.249999999999915,118.49999999999983,long
2024-11-22,1,2024-11-21,2024-11-22,116.75,116.52,-0.23000000000000398,-11.500000000000199,-25.000000000000398,long
2024-11-25,1,2024-11-22,2024-11-25,116.81,117.67,0.8599999999999994,42.99999999999997,83.99999999999994,long
2024-11-26,1,2024-11-25,2024-11-26,116.805,117.42999999999999,0.6249999999999858,31.24999999999929,60.49999999999858,long
2024-11-27,1,2024-11-26,2024-11-27,117.39,116.58999999999999,-0.8000000000000114,-40.00000000000057,-82.00000000000114,long
2024-11-29,1,2024-11-27,2024-11-29,115.80000000000001,116.05,0.2499999999999858,12.49999999999929,22.99999999999858,long
2024-12-02,1,2024-11-29,2024-12-02,116.875,116.94,0.06499999999999773,3.2499999999998863,4.499999999999773,long
2024-12-03,1,2024-12-02,2024-12-03,117.985,117.46499999999999,-0.5200000000000102,-26.00000000000051,-54.00000000000102,long
2024-12-04,1,2024-12-03,2024-12-04,118.41000000000001,119.86999999999999,1.4599999999999795,72.99999999999898,143.99999999999795,long
2024-12-05,1,2024-12-04,2024-12-05,120.575,120.365,-0.21000000000000796,-10.500000000000398,-23.000000000000796,long
2024-12-06,1,2024-12-05,2024-12-06,119.965,120.155,0.18999999999999773,9.499999999999886,16.999999999999773,long
2024-12-09,1,2024-12-06,2024-12-09,120.43,119.96,-0.4700000000000131,-23.500000000000654,-49.00000000000131,long
2024-12-10,1,2024-12-09,2024-12-10,119.64500000000001,119.22,-0.42500000000001137,-21.25000000000057,-44.50000000000114,long
2024-12-11,1,2024-12-10,2024-12-11,117.985,118.89999999999999,0.914999999999992,45.7499999999996,89.4999999999992,long
2024-12-12,1,2024-12-11,2024-12-12,119.69500000000001,118.91,-0.7850000000000108,-39.25000000000054,-80.50000000000108,long
2024-12-13,1,2024-12-12,2024-12-13,119.025,120.08,1.0549999999999926,52.74999999999963,103.49999999999926,long
2024-12-16,1,2024-12-13,2024-12-16,119.53500000000001,119.67,0.1349999999999909,6.749999999999545,11.49999999999909,long
2024-12-17,1,2024-12-16,2024-12-17,120.73,119.85499999999999,-0.8750000000000142,-43.75000000000071,-89.50000000000142,long
2024-12-18,1,2024-12-17,2024-12-18,120.0,120.38499999999999,0.3849999999999909,19.249999999999545,36.49999999999909,long
2024-12-19,1,2024-12-18,2024-12-19,116.13000000000001,117.28999999999999,1.1599999999999824,57.99999999999912,113.99999999999824,long
2024-12-20,1,2024-12-19,2024-12-20,116.25500000000001,115.35,-0.9050000000000153,-45.25000000000077,-92.50000000000153,long
2024-12-23,1,2024-12-20,2024-12-23,117.99000000000001,118.115,0.12499999999998579,6.2499999999992895,10.499999999998579,long
2024-12-24,1,2024-12-23,2024-12-24,119.045,119.44999999999999,0.4049999999999869,20.249999999999346,38.49999999999869,long
2024-12-26,1,2024-12-24,2024-12-26,120.275,119.86999999999999,-0.40500000000001535,-20.250000000000767,-42.500000000001535,long
2024-12-27,1,2024-12-26,2024-12-27,120.355,119.52499999999999,-0.8300000000000125,-41.500000000000625,-85.00000000000125,long
2024-12-30,1,2024-12-27,2024-12-30,118.75500000000001,116.92,-1.835000000000008,-91.7500000000004,-185.5000000000008,long
2024-12-31,1,2024-12-30,2024-12-31,117.245,117.545,0.29999999999999716,14.999999999999858,27.999999999999716,long
2025-01-02,1,2024-12-31,2025-01-02,116.27000000000001,117.17,0.8999999999999915,44.999999999999574,87.99999999999915,long
2025-01-03,1,2025-01-02,2025-01-03,115.995,116.535,0.539999999999992,26.999999999999602,51.999999999999204,long
2025-01-06,1,2025-01-03,2025-01-06,117.885,119.21,1.3249999999999886,66.24999999999943,130.49999999999886,long
2025-01-07,1,2025-01-06,2025-01-07,119.385,119.99,0.6049999999999898,30.24999999999949,58.49999999999898,long
2025-01-08,1,2025-01-07,2025-01-08,116.99000000000001,117.16,0.1699999999999875,8.499999999999375,14.99999999999875,long
2025-01-10,1,2025-01-08,2025-01-10,116.95,115.69999999999999,-1.2500000000000142,-62.50000000000071,-127.00000000000142,long
2025-01-13,1,2025-01-10,2025-01-13,114.4,112.49,-1.9100000000000108,-95.50000000000054,-193.00000000000108,long
2025-01-14,1,2025-01-13,2025-01-14,113.59,114.455,0.8649999999999949,43.249999999999744,84.49999999999949,long
2025-01-15,1,2025-01-14,2025-01-15,113.89,115.41499999999999,1.5249999999999915,76.24999999999957,150.49999999999915,long
2025-01-16,1,2025-01-15,2025-01-16,116.155,117.08,0.9249999999999972,46.24999999999986,90.49999999999972,long
2025-01-17,1,2025-01-16,2025-01-17,115.26,117.445,2.184999999999988,109.2499999999994,216.4999999999988,long
2025-01-21,1,2025-01-17,2025-01-21,117.06500000000001,117.43499999999999,0.3699999999999761,18.499999999998806,34.99999999999761,long
2025-01-22,1,2025-01-21,2025-01-22,118.04,119.625,1.5849999999999937,79.24999999999969,156.49999999999937,long
2025-01-23,1,2025-01-22,2025-01-23,120.705,119.755,-0.9500000000000028,-47.50000000000014,-97.00000000000028,long
2025-01-24,1,2025-01-23,2025-01-24,120.92,121.28,0.35999999999999943,17.99999999999997,33.99999999999994,long
2025-01-27,1,2025-01-24,2025-01-27,119.66000000000001,114.28,-5.38000000000001,-269.00000000000045,-540.0000000000009,long
2025-01-28,1,2025-01-27,2025-01-28,113.795,114.53,0.7349999999999994,36.74999999999997,71.49999999999994,long
2025-01-29,1,2025-01-28,2025-01-29,116.83,116.58,-0.25,-12.5,-27.0,long
2025-01-30,1,2025-01-29,2025-01-30,115.88000000000001,115.655,-0.22500000000000853,-11.250000000000426,-24.500000000000853,long
2025-01-31,1,2025-01-30,2025-01-31,116.095,117.155,1.0600000000000023,53.000000000000114,104.00000000000023,long
2025-02-03,1,2025-01-31,2025-02-03,115.415,112.83999999999999,-2.575000000000017,-128.75000000000085,-259.5000000000017,long
2025-02-04,1,2025-02-03,2025-02-04,113.86,114.27499999999999,0.41499999999999204,20.749999999999602,39.499999999999204,long
2025-02-05,1,2025-02-04,2025-02-05,115.5,115.585,0.08499999999999375,4.249999999999687,6.499999999999375,long
2025-02-06,1,2025-02-05,2025-02-06,117.105,116.99,-0.1150000000000091,-5.750000000000455,-13.50000000000091,long
2025-02-07,1,2025-02-06,2025-02-07,117.42500000000001,117.88,0.4549999999999841,22.749999999999204,43.49999999999841,long
2025-02-10,1,2025-02-07,2025-02-10,116.42,117.32,0.8999999999999915,44.999999999999574,87.99999999999915,long
2025-02-11,1,2025-02-10,2025-02-11,118.12,117.445,-0.6750000000000114,-33.75000000000057,-69.50000000000114,long
2025-02-12,1,2025-02-11,2025-02-12,118.17500000000001,116.445,-1.7300000000000182,-86.50000000000091,-175.00000000000182,long
2025-02-13,1,2025-02-12,2025-02-13,117.92,118.11,0.18999999999999773,9.499999999999886,16.999999999999773,long
2025-02-14,1,2025-02-13,2025-02-14,119.59,119.47,-0.12000000000000455,-6.000000000000227,-14.000000000000455,long
2025-02-18,1,2025-02-14,2025-02-18,119.995,120.595,0.5999999999999943,29.999999999999716,57.99999999999943,long
2025-02-19,1,2025-02-18,2025-02-19,121.09,120.93499999999999,-0.15500000000001535,-7.750000000000767,-17.500000000001535,long
2025-02-20,1,2025-02-19,2025-02-20,121.10000000000001,120.96499999999999,-0.13500000000001933,-6.750000000000966,-15.500000000001933,long
2025-02-21,1,2025-02-20,2025-02-21,120.715,120.72999999999999,0.014999999999986358,0.7499999999993179,-0.5000000000013642,long
2025-02-24,1,2025-02-21,2025-02-24,117.44500000000001,117.88,0.43499999999998806,21.749999999999403,41.499999999998806,long
2025-02-25,1,2025-02-24,2025-02-25,115.765,115.5,-0.26500000000000057,-13.250000000000028,-28.500000000000057,long
2025-02-26,1,2025-02-25,2025-02-26,114.265,115.365,1.0999999999999943,54.999999999999716,107.99999999999943,long
2025-02-27,1,2025-02-26,2025-02-27,115.51,116.11999999999999,0.6099999999999852,30.49999999999926,58.99999999999852,long
2025-02-28,1,2025-02-27,2025-02-28,111.305,110.785,-0.5200000000000102,-26.00000000000051,-54.00000000000102,long
2025-03-03,1,2025-02-28,2025-03-03,112.775,113.53,0.7549999999999955,37.74999999999977,73.49999999999955,long
2025-03-04,1,2025-03-03,2025-03-04,109.345,108.6,-0.7450000000000045,-37.25000000000023,-76.50000000000045,long
2025-03-05,1,2025-03-04,2025-03-05,109.26,109.55999999999999,0.29999999999998295,14.999999999999147,27.999999999998295,long
2025-03-06,1,2025-03-05,2025-03-06,110.795,108.44999999999999,-2.345000000000013,-117.25000000000065,-236.5000000000013,long
2025-03-07,1,2025-03-06,2025-03-07,107.72,107.57499999999999,-0.14500000000001023,-7.250000000000512,-16.500000000001023,long
2025-03-10,1,2025-03-07,2025-03-10,109.28,107.1,-2.180000000000007,-109.00000000000034,-220.00000000000068,long
2025-03-11,1,2025-03-10,2025-03-11,104.635,104.335,-0.30000000000001137,-15.000000000000568,-32.00000000000114,long
2025-03-12,1,2025-03-11,2025-03-12,104.21000000000001,106.11,1.8999999999999915,94.99999999999957,187.99999999999915,long
2025-03-13,1,2025-03-12,2025-03-13,105.85000000000001,105.52499999999999,-0.32500000000001705,-16.250000000000853,-34.500000000001705,long
2025-03-14,1,2025-03-13,2025-03-14,103.84,105.17999999999999,1.3399999999999892,66.99999999999946,131.99999999999892,long
2025-03-17,1,2025-03-14,2025-03-17,106.98,106.785,-0.1950000000000074,-9.75000000000037,-21.50000000000074,long
2025-03-18,1,2025-03-17,2025-03-18,107.72500000000001,106.94,-0.7850000000000108,-39.25000000000054,-80.50000000000108,long
2025-03-19,1,2025-03-18,2025-03-19,106.08500000000001,106.61,0.5249999999999915,26.249999999999574,50.49999999999915,long
2025-03-20,1,2025-03-19,2025-03-20,107.465,106.225,-1.240000000000009,-62.000000000000455,-126.00000000000091,long
2025-03-21,1,2025-03-20,2025-03-21,106.7,105.46499999999999,-1.2350000000000136,-61.75000000000068,-125.50000000000136,long
2025-03-24,1,2025-03-21,2025-03-24,106.99000000000001,108.61,1.6199999999999903,80.99999999999952,159.99999999999903,long
2025-03-25,1,2025-03-24,2025-03-25,108.825,108.735,-0.09000000000000341,-4.5000000000001705,-11.000000000000341,long
2025-03-26,1,2025-03-25,2025-03-26,109.185,108.78,-0.40500000000000114,-20.250000000000057,-42.500000000000114,long
2025-03-27,1,2025-03-26,2025-03-27,106.75,105.94999999999999,-0.8000000000000114,-40.00000000000057,-82.00000000000114,long
2025-03-28,1,2025-03-27,2025-03-28,105.765,105.195,-0.5700000000000074,-28.50000000000037,-59.00000000000074,long
2025-03-31,1,2025-03-28,2025-03-31,103.2,101.38,-1.8200000000000074,-91.00000000000037,-184.00000000000074,long
2025-04-01,1,2025-03-31,2025-04-01,103.25,102.82,-0.4300000000000068,-21.50000000000034,-45.00000000000068,long
2025-04-02,1,2025-04-01,2025-04-02,104.00500000000001,102.5,-1.5050000000000097,-75.25000000000048,-152.50000000000097,long
2025-04-03,1,2025-04-02,2025-04-03,104.775,99.64,-5.135000000000005,-256.7500000000002,-515.5000000000005,long
2025-04-04,1,2025-04-03,2025-04-04,97.625,94.72,-2.905000000000001,-145.25000000000006,-292.5000000000001,long
2025-04-07,1,2025-04-04,2025-04-07,91.19500000000001,87.455,-3.740000000000009,-187.00000000000045,-376.0000000000009,long
2025-04-08,1,2025-04-07,2025-04-08,91.74000000000001,95.14999999999999,3.4099999999999824,170.49999999999912,338.99999999999824,long
2025-04-09,1,2025-04-08,2025-04-09,89.875,90.085,0.20999999999999375,10.499999999999687,18.999999999999375,long
2025-04-10,1,2025-04-09,2025-04-10,101.94000000000001,98.41499999999999,-3.52500000000002,-176.250000000001,-354.500000000002,long
2025-04-11,1,2025-04-10,2025-04-11,97.19500000000001,96.55999999999999,-0.6350000000000193,-31.750000000000966,-65.50000000000193,long
2025-04-14,1,2025-04-11,2025-04-14,99.185,102.32,3.134999999999991,156.74999999999955,311.4999999999991,long
2025-04-15,1,2025-04-14,2025-04-15,100.09,100.225,0.1349999999999909,6.749999999999545,11.49999999999909,long
2025-04-16,1,2025-04-15,2025-04-16,100.455,97.755,-2.700000000000003,-135.00000000000014,-272.0000000000003,long
2025-04-17,1,2025-04-16,2025-04-17,96.965,97.64,0.6749999999999972,33.74999999999986,65.49999999999972,long
2025-04-21,1,2025-04-17,2025-04-21,96.44000000000001,94.895,-1.545000000000016,-77.2500000000008,-156.5000000000016,long
2025-04-22,1,2025-04-21,2025-04-22,93.95,95.17999999999999,1.2299999999999898,61.49999999999949,120.99999999999898,long
2025-04-23,1,2025-04-22,2025-04-23,96.24000000000001,99.94,3.6999999999999886,184.99999999999943,367.99999999999886,long
2025-04-24,1,2025-04-23,2025-04-24,99.03,99.99,0.9599999999999937,47.99999999999969,93.99999999999937,long
2025-04-25,1,2025-04-24,2025-04-25,102.72500000000001,102.395,-0.3300000000000125,-16.500000000000625,-35.00000000000125,long
2025-04-28,1,2025-04-25,2025-04-28,104.245,104.1,-0.14500000000001023,-7.250000000000512,-16.500000000001023,long
2025-04-29,1,2025-04-28,2025-04-29,104.075,103.55499999999999,-0.5200000000000102,-26.00000000000051,-54.00000000000102,long
2025-04-30,1,2025-04-29,2025-04-30,104.56,102.585,-1.9750000000000085,-98.75000000000043,-199.50000000000085,long
2025-05-01,1,2025-04-30,2025-05-01,104.995,107.27,2.2749999999999915,113.74999999999957,225.49999999999915,long
2025-05-02,1,2025-05-01,2025-05-02,106.53500000000001,107.80499999999999,1.2699999999999818,63.49999999999909,124.99999999999818,long
2025-05-05,1,2025-05-02,2025-05-05,108.31500000000001,107.365,-0.950000000000017,-47.50000000000085,-97.0000000000017,long
2025-05-06,1,2025-05-05,2025-05-06,107.74000000000001,106.005,-1.7350000000000136,-86.75000000000068,-175.50000000000136,long
2025-05-07,1,2025-05-06,2025-05-07,106.845,106.82499999999999,-0.020000000000010232,-1.0000000000005116,-4.000000000001023,long
2025-05-08,1,2025-05-07,2025-05-08,107.915,108.96499999999999,1.049999999999983,52.49999999999915,102.9999999999983,long
2025-05-09,1,2025-05-08,2025-05-09,108.94500000000001,109.395,0.44999999999998863,22.49999999999943,42.99999999999886,long
2025-05-12,1,2025-05-09,2025-05-12,108.81,113.405,4.594999999999999,229.74999999999994,457.4999999999999,long
2025-05-13,1,2025-05-12,2025-05-13,113.86,114.25,0.39000000000000057,19.50000000000003,37.00000000000006,long
2025-05-14,1,2025-05-13,2025-05-14,116.32000000000001,116.845,0.5249999999999915,26.249999999999574,50.49999999999915,long
2025-05-15,1,2025-05-14,2025-05-15,117.075,116.42,-0.6550000000000011,-32.75000000000006,-67.50000000000011,long
2025-05-16,1,2025-05-15,2025-05-16,117.235,117.44,0.2049999999999983,10.249999999999915,18.49999999999983,long
2025-05-19,1,2025-05-16,2025-05-19,117.455,115.69999999999999,-1.7550000000000097,-87.75000000000048,-177.50000000000097,long
2025-05-20,1,2025-05-19,2025-05-20,117.28500000000001,116.535,-0.7500000000000142,-37.50000000000071,-77.00000000000142,long
2025-05-21,1,2025-05-20,2025-05-21,116.845,115.8,-1.0450000000000017,-52.250000000000085,-106.50000000000017,long
2025-05-22,1,2025-05-21,2025-05-22,114.65,114.675,0.024999999999991473,1.2499999999995737,0.49999999999914735,long
2025-05-23,1,2025-05-22,2025-05-23,114.68,112.63,-2.0500000000000114,-102.50000000000057,-207.00000000000114,long
2025-05-27,1,2025-05-23,2025-05-27,113.415,115.16,1.7449999999999903,87.24999999999952,172.49999999999903,long
2025-05-28,1,2025-05-27,2025-05-28,116.11,116.265,0.15500000000000114,7.750000000000057,13.500000000000114,long
2025-05-29,1,2025-05-28,2025-05-29,115.63000000000001,117.365,1.7349999999999852,86.74999999999926,171.49999999999852,long
2025-05-30,1,2025-05-29,2025-05-30,115.825,115.75,-0.07500000000000284,-3.750000000000142,-9.500000000000284,long
2025-06-02,1,2025-05-30,2025-06-02,115.465,115.14,-0.32500000000000284,-16.250000000000142,-34.500000000000284,long
2025-06-03,1,2025-06-02,2025-06-03,116.485,116.61999999999999,0.1349999999999909,6.749999999999545,11.49999999999909,long
2025-06-04,1,2025-06-03,2025-06-04,118.235,118.365,0.12999999999999545,6.499999999999773,10.999999999999545,long
2025-06-05,1,2025-06-04,2025-06-05,118.41000000000001,118.74,0.3299999999999841,16.499999999999204,30.99999999999841,long
2025-06-06,1,2025-06-05,2025-06-06,118.075,119.095,1.019999999999996,50.9999999999998,99.9999999999996,long
2025-06-09,1,2025-06-06,2025-06-09,119.19000000000001,119.63499999999999,0.44499999999997897,22.24999999999895,42.4999999999979,long
2025-06-10,1,2025-06-09,2025-06-10,119.775,119.735,-0.04000000000000625,-2.0000000000003126,-6.000000000000625,long
2025-06-11,1,2025-06-10,2025-06-11,120.44500000000001,120.71499999999999,0.2699999999999818,13.49999999999909,24.99999999999818,long
2025-06-12,1,2025-06-11,2025-06-12,120.18,120.16499999999999,-0.01500000000001478,-0.750000000000739,-3.500000000001478,long
2025-06-13,1,2025-06-12,2025-06-13,121.295,119.99,-1.3050000000000068,-65.25000000000034,-132.50000000000068,long
2025-06-16,1,2025-06-13,2025-06-16,119.595,120.33,0.7349999999999994,36.74999999999997,71.49999999999994,long
2025-06-17,1,2025-06-16,2025-06-17,121.53,121.0,-0.5300000000000011,-26.500000000000057,-55.000000000000114,long
2025-06-18,1,2025-06-17,2025-06-18,120.67,120.945,0.2749999999999915,13.749999999999574,25.499999999999147,long
2025-06-20,1,2025-06-18,2025-06-20,120.81500000000001,121.225,0.4099999999999824,20.49999999999912,38.99999999999824,long
2025-06-23,1,2025-06-20,2025-06-23,120.28,120.17999999999999,-0.10000000000000853,-5.000000000000426,-12.000000000000853,long
2025-06-24,1,2025-06-23,2025-06-24,121.45,122.565,1.1149999999999949,55.749999999999744,109.49999999999949,long
2025-06-25,1,2025-06-24,2025-06-25,123.63000000000001,124.17,0.539999999999992,26.999999999999602,51.999999999999204,long
2025-06-26,1,2025-06-25,2025-06-26,124.685,125.225,0.539999999999992,26.999999999999602,51.999999999999204,long
2025-06-27,1,2025-06-26,2025-06-27,125.545,125.755,0.20999999999999375,10.499999999999687,18.999999999999375,long
2025-06-30,1,2025-06-27,2025-06-30,125.39500000000001,126.475,1.079999999999984,53.999999999999204,105.99999999999841,long
2025-07-01,1,2025-06-30,2025-07-01,126.625,126.13,-0.49500000000000455,-24.750000000000227,-51.500000000000455,long
2025-07-02,1,2025-07-01,2025-07-02,125.495,125.13499999999999,-0.36000000000001364,-18.000000000000682,-38.000000000001364,long
2025-07-03,1,2025-07-02,2025-07-03,126.82000000000001,127.55999999999999,0.7399999999999807,36.999999999999034,71.99999999999807,long
2025-07-07,1,2025-07-03,2025-07-07,128.48999999999998,127.975,-0.5149999999999864,-25.749999999999318,-53.499999999998636,long
2025-07-08,1,2025-07-07,2025-07-08,127.47,128.06,0.5900000000000034,29.50000000000017,57.00000000000034,long
2025-07-09,1,2025-07-08,2025-07-09,128.155,128.59,0.4350000000000023,21.750000000000114,41.50000000000023,long
2025-07-10,1,2025-07-09,2025-07-10,128.92499999999998,129.305,0.3800000000000239,19.000000000001194,36.00000000000239,long
2025-07-11,1,2025-07-10,2025-07-11,128.5,127.86999999999999,-0.6300000000000097,-31.500000000000483,-65.00000000000097,long
2025-07-14,1,2025-07-11,2025-07-14,127.935,127.66,-0.2750000000000057,-13.750000000000284,-29.50000000000057,long
2025-07-15,1,2025-07-14,2025-07-15,127.83,129.3,1.470000000000013,73.50000000000065,145.0000000000013,long
2025-07-16,1,2025-07-15,2025-07-16,128.965,129.085,0.12000000000000455,6.000000000000227,10.000000000000455,long
2025-07-17,1,2025-07-16,2025-07-17,129.36499999999998,129.5,0.13500000000001933,6.750000000000966,11.500000000001933,long
2025-07-18,1,2025-07-17,2025-07-18,130.54,131.05,0.5100000000000193,25.500000000000966,49.00000000000193,long
2025-07-21,1,2025-07-18,2025-07-21,130.45499999999998,130.58,0.12500000000002842,6.250000000001421,10.500000000002842,long
2025-07-22,1,2025-07-21,2025-07-22,130.625,130.505,-0.12000000000000455,-6.000000000000227,-14.000000000000455,long
2025-07-23,1,2025-07-22,2025-07-23,129.415,129.8,0.3850000000000193,19.250000000000966,36.50000000000193,long
2025-07-24,1,2025-07-23,2025-07-24,130.155,130.485,0.3300000000000125,16.500000000000625,31.00000000000125,long
2025-07-25,1,2025-07-24,2025-07-25,130.70499999999998,130.645,-0.05999999999997385,-2.9999999999986926,-7.999999999997385,long
2025-07-28,1,2025-07-25,2025-07-28,131.005,131.54000000000002,0.535000000000025,26.75000000000125,51.5000000000025,long
2025-07-29,1,2025-07-28,2025-07-29,132.04999999999998,132.89000000000001,0.8400000000000318,42.00000000000159,82.00000000000318,long
2025-07-30,1,2025-07-29,2025-07-30,132.05499999999998,132.175,0.12000000000003297,6.0000000000016485,10.000000000003297,long
2025-07-31,1,2025-07-30,2025-07-31,132.35,133.995,1.6450000000000102,82.25000000000051,162.50000000000102,long
2025-08-01,1,2025-07-31,2025-08-01,131.38,129.93,-1.4499999999999886,-72.49999999999943,-146.99999999999886,long
2025-08-04,1,2025-08-01,2025-08-04,128.545,129.735,1.1900000000000261,59.50000000000131,117.00000000000261,long
2025-08-05,1,2025-08-04,2025-08-05,131.155,131.62,0.4650000000000034,23.25000000000017,44.50000000000034,long
2025-08-06,1,2025-08-05,2025-08-06,130.07,130.175,0.10500000000001819,5.2500000000009095,8.500000000001819,long
2025-08-07,1,2025-08-06,2025-08-07,131.535,132.98000000000002,1.4450000000000216,72.25000000000108,142.50000000000216,long
2025-08-08,1,2025-08-07,2025-08-08,131.655,132.09,0.4350000000000023,21.750000000000114,41.50000000000023,long
2025-08-11,1,2025-08-08,2025-08-11,132.97,132.865,-0.10499999999998977,-5.249999999999488,-12.499999999998977,long
2025-08-12,1,2025-08-11,2025-08-12,132.07,132.745,0.6750000000000114,33.75000000000057,65.50000000000114,long
2025-08-13,1,2025-08-12,2025-08-13,134.11499999999998,134.87,0.7550000000000239,37.750000000001194,73.50000000000239,long
2025-08-14,1,2025-08-13,2025-08-14,134.165,133.465,-0.6999999999999886,-34.99999999999943,-71.99999999999886,long
2025-08-15,1,2025-08-14,2025-08-15,133.875,133.675,-0.19999999999998863,-9.999999999999432,-21.999999999998863,long
2025-08-18,1,2025-08-15,2025-08-18,132.85999999999999,132.67000000000002,-0.1899999999999693,-9.499999999998465,-20.99999999999693,long
2025-08-19,1,2025-08-18,2025-08-19,133.14499999999998,133.07500000000002,-0.06999999999996476,-3.499999999998238,-8.999999999996476,long
2025-08-20,1,2025-08-19,2025-08-20,130.82,130.47,-0.3499999999999943,-17.499999999999716,-36.99999999999943,long
2025-08-21,1,2025-08-20,2025-08-21,129.935,129.585,-0.3499999999999943,-17.499999999999716,-36.99999999999943,long
2025-08-22,1,2025-08-21,2025-08-22,129.465,129.305,-0.1599999999999966,-7.9999999999998295,-17.99999999999966,long
2025-08-25,1,2025-08-22,2025-08-25,131.22,131.19500000000002,-0.024999999999977263,-1.2499999999988631,-4.499999999997726,long
2025-08-26,1,2025-08-25,2025-08-26,130.92499999999998,131.01500000000001,0.09000000000003183,4.500000000001592,7.000000000003183,long
2025-08-27,1,2025-08-26,2025-08-27,131.52499999999998,131.63500000000002,0.11000000000004206,5.500000000002103,9.000000000004206,long
2025-08-28,1,2025-08-27,2025-08-28,132.23499999999999,132.3,0.06500000000002615,3.2500000000013074,4.500000000002615,long
2025-08-29,1,2025-08-28,2025-08-29,133.28,132.675,-0.6049999999999898,-30.24999999999949,-62.49999999999898,long
2025-09-02,1,2025-08-29,2025-09-02,131.23499999999999,128.895,-2.339999999999975,-116.99999999999875,-235.9999999999975,long
2025-09-03,1,2025-09-02,2025-09-03,129.91,130.57000000000002,0.660000000000025,33.00000000000125,64.0000000000025,long
2025-09-04,1,2025-09-03,2025-09-04,130.685,130.16500000000002,-0.5199999999999818,-25.99999999999909,-53.99999999999818,long
2025-09-05,1,2025-09-04,2025-09-05,131.32999999999998,132.55,1.2200000000000273,61.000000000001364,120.00000000000273,long
2025-09-08,1,2025-09-05,2025-09-08,131.44,132.24,0.8000000000000114,40.00000000000057,78.00000000000114,long
2025-09-09,1,2025-09-08,2025-09-09,132.42499999999998,132.705,0.28000000000002956,14.000000000001478,26.000000000002956,long
2025-09-10,1,2025-09-09,2025-09-10,132.67999999999998,135.29000000000002,2.610000000000042,130.5000000000021,259.0000000000042,long
2025-09-11,1,2025-09-10,2025-09-11,135.08499999999998,135.91500000000002,0.8300000000000409,41.500000000002046,81.00000000000409,long
2025-09-12,1,2025-09-11,2025-09-12,135.54,135.79000000000002,0.2500000000000284,12.500000000001421,23.000000000002842,long
2025-09-15,1,2025-09-12,2025-09-15,135.45,135.66,0.21000000000000796,10.500000000000398,19.000000000000796,long
2025-09-16,1,2025-09-15,2025-09-16,136.67,137.005,0.33500000000000796,16.750000000000398,31.500000000000796,long
2025-09-17,1,2025-09-16,2025-09-17,136.195,136.085,-0.10999999999998522,-5.499999999999261,-12.999999999998522,long
2025-09-18,1,2025-09-17,2025-09-18,135.725,137.51000000000002,1.785000000000025,89.25000000000125,176.5000000000025,long
2025-09-19,1,2025-09-18,2025-09-19,138.07,138.60500000000002,0.535000000000025,26.75000000000125,51.5000000000025,long
2025-09-22,1,2025-09-19,2025-09-22,139.47,139.065,-0.40500000000000114,-20.250000000000057,-42.500000000000114,long
2025-09-23,1,2025-09-22,2025-09-23,141.34,141.13,-0.21000000000000796,-10.500000000000398,-23.000000000000796,long
2025-09-24,1,2025-09-23,2025-09-24,140.12,140.47500000000002,0.3550000000000182,17.75000000000091,33.50000000000182,long
2025-09-25,1,2025-09-24,2025-09-25,139.255,137.97,-1.2849999999999966,-64.24999999999983,-130.49999999999966,long
2025-09-26,1,2025-09-25,2025-09-26,139.01,139.14000000000001,0.13000000000002387,6.500000000001194,11.000000000002387,long
2025-09-29,1,2025-09-26,2025-09-29,139.42999999999998,140.21,0.7800000000000296,39.00000000000148,76.00000000000296,long
2025-09-30,1,2025-09-29,2025-09-30,140.17499999999998,140.155,-0.01999999999998181,-0.9999999999990905,-3.999999999998181,long
2025-10-01,1,2025-09-30,2025-10-01,140.94,140.20000000000002,-0.7399999999999807,-36.999999999999034,-75.99999999999807,long
2025-10-02,1,2025-10-01,2025-10-02,142.32,143.61,1.2900000000000205,64.50000000000102,127.00000000000205,long
2025-10-03,1,2025-10-02,2025-10-03,143.09,143.20000000000002,0.11000000000001364,5.500000000000682,9.000000000001364,long
2025-10-06,1,2025-10-03,2025-10-06,142.37,144.3,1.9300000000000068,96.50000000000034,191.00000000000068,long
2025-10-07,1,2025-10-06,2025-10-07,143.81,144.53,0.7199999999999989,35.99999999999994,69.99999999999989,long
2025-10-08,1,2025-10-07,2025-10-08,142.85,143.16,0.3100000000000023,15.500000000000114,29.000000000000227,long
2025-10-09,1,2025-10-08,2025-10-09,145.355,145.27,-0.08499999999997954,-4.249999999998977,-10.499999999997954,long
2025-10-10,1,2025-10-09,2025-10-10,145.10999999999999,145.395,0.285000000000025,14.25000000000125,26.5000000000025,long
2025-10-13,1,2025-10-10,2025-10-13,139.20499999999998,142.41,3.2050000000000125,160.25000000000063,318.50000000000125,long
2025-10-14,1,2025-10-13,2025-10-14,142.595,140.705,-1.8899999999999864,-94.49999999999932,-190.99999999999864,long
2025-10-15,1,2025-10-14,2025-10-15,140.765,142.72,1.9550000000000125,97.75000000000063,193.50000000000125,long
2025-10-16,1,2025-10-15,2025-10-16,142.16,143.22500000000002,1.0650000000000261,53.25000000000131,104.50000000000261,long
2025-10-17,1,2025-10-16,2025-10-17,142.265,141.4,-0.8649999999999807,-43.249999999999034,-88.49999999999807,long
2025-10-20,1,2025-10-17,2025-10-20,142.515,143.31,0.7950000000000159,39.750000000000796,77.50000000000159,long
2025-10-21,1,2025-10-20,2025-10-21,144.105,143.995,-0.10999999999998522,-5.499999999999261,-12.999999999998522,long
2025-10-22,1,2025-10-21,2025-10-22,144.17999999999998,144.095,-0.08499999999997954,-4.249999999998977,-10.499999999997954,long
2025-10-23,1,2025-10-22,2025-10-23,142.755,142.26500000000001,-0.4899999999999807,-24.499999999999034,-50.99999999999807,long
2025-10-24,1,2025-10-23,2025-10-24,144.55499999999998,146.26000000000002,1.705000000000041,85.25000000000205,168.5000000000041,long
2025-10-27,1,2025-10-24,2025-10-27,146.79999999999998,148.84,2.0400000000000205,102.00000000000102,202.00000000000205,long
2025-10-28,1,2025-10-27,2025-10-28,149.51,150.19500000000002,0.6850000000000307,34.250000000001535,66.50000000000307,long
2025-10-29,1,2025-10-28,2025-10-29,150.98999999999998,152.335,1.3450000000000273,67.25000000000136,132.50000000000273,long
2025-10-30,1,2025-10-29,2025-10-30,152.075,151.19,-0.8849999999999909,-44.249999999999545,-90.49999999999909,long
2025-10-31,1,2025-10-30,2025-10-31,150.20499999999998,151.70000000000002,1.495000000000033,74.75000000000165,147.5000000000033,long
2025-11-03,1,2025-10-31,2025-11-03,150.35,151.77,1.420000000000016,71.0000000000008,140.0000000000016,long
2025-11-04,1,2025-11-03,2025-11-04,150.965,148.21,-2.7549999999999955,-137.74999999999977,-277.49999999999955,long
2025-11-05,1,2025-11-04,2025-11-05,146.98,146.70000000000002,-0.2799999999999727,-13.999999999998636,-29.99999999999727,long
2025-11-06,1,2025-11-05,2025-11-06,147.55499999999998,147.3,-0.25499999999996703,-12.749999999998352,-27.499999999996703,long
2025-11-07,1,2025-11-06,2025-11-07,144.59,143.335,-1.2549999999999955,-62.74999999999977,-127.49999999999955,long
2025-11-10,1,2025-11-07,2025-11-10,144.09,146.645,2.555000000000007,127.75000000000034,253.50000000000068,long
2025-11-11,1,2025-11-10,2025-11-11,147.77499999999998,146.78,-0.9949999999999761,-49.749999999998806,-101.49999999999761,long
2025-11-12,1,2025-11-11,2025-11-12,146.515,147.72,1.2050000000000125,60.250000000000625,118.50000000000125,long
2025-11-13,1,2025-11-12,2025-11-13,146.97,146.13,-0.8400000000000034,-42.00000000000017,-86.00000000000034,long
2025-11-14,1,2025-11-13,2025-11-14,143.30499999999998,140.64000000000001,-2.6649999999999636,-133.24999999999818,-268.49999999999636,long
2025-11-17,1,2025-11-14,2025-11-17,144.08499999999998,142.57500000000002,-1.5099999999999625,-75.49999999999812,-152.99999999999625,long
2025-11-18,1,2025-11-17,2025-11-18,141.82999999999998,140.54000000000002,-1.2899999999999636,-64.49999999999818,-130.99999999999636,long
2025-11-19,1,2025-11-18,2025-11-19,139.52499999999998,139.51500000000001,-0.009999999999962483,-0.49999999999812417,-2.9999999999962483,long
2025-11-20,1,2025-11-19,2025-11-20,140.495,143.71,3.2150000000000034,160.75000000000017,319.50000000000034,long
2025-11-21,1,2025-11-20,2025-11-21,136.08499999999998,136.29000000000002,0.20500000000004093,10.250000000002046,18.500000000004093,long
2025-11-24,1,2025-11-21,2025-11-24,136.60999999999999,137.51000000000002,0.9000000000000341,45.000000000001705,88.00000000000341,long
2025-11-25,1,2025-11-24,2025-11-25,139.86499999999998,138.53,-1.3349999999999795,-66.74999999999898,-135.49999999999795,long
2025-11-26,1,2025-11-25,2025-11-26,140.23999999999998,141.875,1.6350000000000193,81.75000000000097,161.50000000000193,long
2025-11-28,1,2025-11-26,2025-11-28,141.89999999999998,142.18,0.28000000000002956,14.000000000001478,26.000000000002956,long
2025-12-01,1,2025-11-28,2025-12-01,143.12,141.71,-1.4099999999999966,-70.49999999999983,-142.99999999999966,long
2025-12-02,1,2025-12-01,2025-12-02,143.185,144.055,0.8700000000000045,43.50000000000023,85.00000000000045,long
2025-12-03,1,2025-12-02,2025-12-03,144.66,143.94,-0.7199999999999989,-35.99999999999994,-73.99999999999989,long
2025-12-04,1,2025-12-03,2025-12-04,145.005,145.18,0.17500000000001137,8.750000000000568,15.500000000001137,long
2025-12-05,1,2025-12-04,2025-12-05,145.545,146.17000000000002,0.6250000000000284,31.25000000000142,60.50000000000284,long
2025-12-08,1,2025-12-05,2025-12-08,146.60999999999999,147.42000000000002,0.8100000000000307,40.500000000001535,79.00000000000307,long
2025-12-09,1,2025-12-08,2025-12-09,147.64,147.33,-0.30999999999997385,-15.499999999998693,-32.999999999997385,long
2025-12-10,1,2025-12-09,2025-12-10,148.03,147.67000000000002,-0.3599999999999852,-17.99999999999926,-37.99999999999852,long
2025-12-11,1,2025-12-10,2025-12-11,148.73999999999998,146.99,-1.7499999999999716,-87.49999999999858,-176.99999999999716,long
2025-12-12,1,2025-12-11,2025-12-12,147.98,146.87,-1.1099999999999852,-55.49999999999926,-112.99999999999852,long
2025-12-15,1,2025-12-12,2025-12-15,143.7,144.41,0.710000000000008,35.5000000000004,69.0000000000008,long
2025-12-16,1,2025-12-15,2025-12-16,142.31,141.9,-0.4099999999999966,-20.49999999999983,-42.99999999999966,long
2025-12-17,1,2025-12-16,2025-12-17,142.57,142.67000000000002,0.10000000000002274,5.000000000001137,8.000000000002274,long
2025-12-18,1,2025-12-17,2025-12-18,139.39999999999998,141.95000000000002,2.55000000000004,127.50000000000199,253.00000000000398,long
2025-12-19,1,2025-12-18,2025-12-19,141.54999999999998,142.59,1.0400000000000205,52.00000000000102,102.00000000000205,long
2025-12-22,1,2025-12-19,2025-12-22,144.60999999999999,145.83,1.2200000000000273,61.000000000001364,120.00000000000273,long
2025-12-23,1,2025-12-22,2025-12-23,145.17,144.73000000000002,-0.4399999999999693,-21.999999999998465,-45.99999999999693,long
2025-12-24,1,2025-12-23,2025-12-24,145.95999999999998,145.79000000000002,-0.16999999999995907,-8.499999999997954,-18.999999999995907,long
2025-12-26,1,2025-12-24,2025-12-26,146.31,146.60000000000002,0.29000000000002046,14.500000000001023,27.000000000002046,long
2025-12-29,1,2025-12-26,2025-12-29,146.54,145.34,-1.1999999999999886,-59.99999999999943,-121.99999999999886,long
2025-12-30,1,2025-12-29,2025-12-30,145.88,145.84,-0.03999999999999204,-1.999999999999602,-5.999999999999204,long
2025-12-31,1,2025-12-30,2025-12-31,145.42,145.70000000000002,0.28000000000002956,14.000000000001478,26.000000000002956,long
2026-01-02,1,2025-12-31,2026-01-02,143.98,145.62,1.6400000000000148,82.00000000000074,162.00000000000148,long
2026-01-05,1,2026-01-02,2026-01-05,144.31,146.0,1.6899999999999977,84.49999999999989,166.99999999999977,long
2026-01-06,1,2026-01-05,2026-01-06,144.63,145.20000000000002,0.5700000000000216,28.50000000000108,55.00000000000216,long
2026-01-07,1,2026-01-06,2026-01-07,146.66,146.39000000000001,-0.2699999999999818,-13.49999999999909,-28.99999999999818,long
2026-01-08,1,2026-01-07,2026-01-08,146.54,145.79000000000002,-0.7499999999999716,-37.49999999999858,-76.99999999999716,long
2026-01-09,1,2026-01-08,2026-01-09,144.25,144.64000000000001,0.3900000000000148,19.50000000000074,37.00000000000148,long
2026-01-12,1,2026-01-09,2026-01-12,146.16,145.16,-1.0,-50.0,-102.0,long
2026-01-13,1,2026-01-12,2026-01-13,146.79999999999998,146.84,0.040000000000020464,2.000000000001023,2.0000000000020464,long
2026-01-14,1,2026-01-13,2026-01-14,146.48999999999998,145.49,-0.9999999999999716,-49.99999999999858,-101.99999999999716,long
2026-01-15,1,2026-01-14,2026-01-15,144.70999999999998,146.92000000000002,2.2100000000000364,110.50000000000182,219.00000000000364,long
2026-01-16,1,2026-01-15,2026-01-16,145.47,146.71,1.240000000000009,62.000000000000455,122.00000000000091,long
2026-01-20,1,2026-01-16,2026-01-20,145.63,143.05,-2.579999999999984,-128.9999999999992,-259.9999999999984,long
2026-01-21,1,2026-01-20,2026-01-21,141.85,142.62,0.7700000000000102,38.50000000000051,75.00000000000102,long
2026-01-22,1,2026-01-21,2026-01-22,143.82,145.60000000000002,1.7800000000000296,89.00000000000148,176.00000000000296,long
2026-01-23,1,2026-01-22,2026-01-23,144.89,144.52,-0.3699999999999761,-18.499999999998806,-38.99999999999761,long
2026-01-26,1,2026-01-23,2026-01-26,145.1,145.26000000000002,0.160000000000025,8.00000000000125,14.000000000002501,long
2026-01-27,1,2026-01-26,2026-01-27,146.09,147.38,1.289999999999992,64.4999999999996,126.9999999999992,long
2026-01-28,1,2026-01-27,2026-01-28,148.06,149.10000000000002,1.0400000000000205,52.00000000000102,102.00000000000205,long
2026-01-29,1,2026-01-28,2026-01-29,149.23999999999998,147.83,-1.4099999999999682,-70.49999999999841,-142.99999999999682,long
2026-01-30,1,2026-01-29,2026-01-30,146.88,146.03,-0.8499999999999943,-42.499999999999716,-86.99999999999943,long
2026-02-02,1,2026-01-30,2026-02-02,143.89,143.54000000000002,-0.3499999999999659,-17.499999999998295,-36.99999999999659,long
2026-02-03,1,2026-02-02,2026-02-03,145.26999999999998,145.86,0.5900000000000318,29.50000000000159,57.00000000000318,long
2026-02-04,1,2026-02-03,2026-02-04,142.09,140.82000000000002,-1.2699999999999818,-63.49999999999909,-128.99999999999818,long
2026-02-05,1,2026-02-04,2026-02-05,138.13,137.21,-0.9199999999999875,-45.999999999999375,-93.99999999999875,long
2026-02-06,1,2026-02-05,2026-02-06,135.64,138.15,2.5100000000000193,125.50000000000097,249.00000000000193,long
2026-02-09,1,2026-02-06,2026-02-09,141.14,140.58,-0.5599999999999739,-27.999999999998693,-57.999999999997385,long
2026-02-10,1,2026-02-09,2026-02-10,143.35999999999999,143.96,0.6000000000000227,30.000000000001137,58.000000000002274,long
2026-02-11,1,2026-02-10,2026-02-11,142.56,144.5,1.9399999999999977,96.99999999999989,191.99999999999977,long
2026-02-12,1,2026-02-11,2026-02-12,142.98,143.29000000000002,0.3100000000000307,15.500000000001535,29.00000000000307,long
2026-02-13,1,2026-02-12,2026-02-13,139.22,139.75,0.5300000000000011,26.500000000000057,51.000000000000114,long
2026-02-17,1,2026-02-13,2026-02-17,139.57,138.52,-1.049999999999983,-52.49999999999915,-106.9999999999983,long
2026-02-18,1,2026-02-17,2026-02-18,139.48999999999998,140.04000000000002,0.5500000000000398,27.50000000000199,53.00000000000398,long
2026-02-19,1,2026-02-18,2026-02-19,140.92,140.08,-0.839999999999975,-41.99999999999875,-85.9999999999975,long
2026-02-20,1,2026-02-19,2026-02-20,140.22,139.19,-1.0300000000000011,-51.50000000000006,-105.00000000000011,long
2026-02-23,1,2026-02-20,2026-02-23,140.89,140.17000000000002,-0.7199999999999704,-35.99999999999852,-73.99999999999704,long
2026-02-24,1,2026-02-23,2026-02-24,138.53,139.23000000000002,0.700000000000017,35.00000000000085,68.0000000000017,long
2026-02-25,1,2026-02-24,2026-02-25,140.32999999999998,141.25,0.9200000000000159,46.000000000000796,90.00000000000159,long
2026-02-26,1,2026-02-25,2026-02-26,143.01999999999998,142.93,-0.08999999999997499,-4.4999999999987494,-10.999999999997499,long
2026-02-27,1,2026-02-26,2026-02-27,141.01999999999998,138.3,-2.7199999999999704,-135.99999999999852,-273.99999999999704,long
2026-03-02,1,2026-02-27,2026-03-02,138.76999999999998,136.94,-1.829999999999984,-91.4999999999992,-184.9999999999984,long
2026-03-03,1,2026-03-02,2026-03-03,139.54999999999998,136.35000000000002,-3.19999999999996,-159.999999999998,-321.999999999996,long
2026-03-04,1,2026-03-03,2026-03-04,137.51,138.54000000000002,1.0300000000000296,51.50000000000148,101.00000000000296,long
2026-03-05,1,2026-03-04,2026-03-05,139.85,139.15,-0.6999999999999886,-34.99999999999943,-71.99999999999886,long
2026-03-06,1,2026-03-05,2026-03-06,140.19,137.83,-2.359999999999985,-117.99999999999926,-237.99999999999852,long
2026-03-09,1,2026-03-06,2026-03-09,137.29999999999998,135.78,-1.5199999999999818,-75.99999999999909,-153.99999999999818,long
2026-03-10,1,2026-03-09,2026-03-10,139.76999999999998,139.83,0.060000000000030695,3.0000000000015348,4.0000000000030695,long
2026-03-11,1,2026-03-10,2026-03-11,139.76999999999998,140.57000000000002,0.8000000000000398,40.00000000000199,78.00000000000398,long
2026-03-12,1,2026-03-11,2026-03-12,140.44,139.26000000000002,-1.1799999999999784,-58.99999999999892,-119.99999999999784,long
2026-03-13,1,2026-03-12,2026-03-13,137.85,138.44,0.5900000000000034,29.50000000000017,57.00000000000034,long
2026-03-16,1,2026-03-13,2026-03-16,136.81,138.71,1.9000000000000057,95.00000000000028,188.00000000000057,long
2026-03-17,1,2026-03-16,2026-03-17,138.79,139.38,0.5900000000000034,29.50000000000017,57.00000000000034,long
2026-03-18,1,2026-03-17,2026-03-18,139.54999999999998,139.3,-0.24999999999997158,-12.499999999998579,-26.999999999997158,long
2026-03-19,1,2026-03-18,2026-03-19,137.97,135.99,-1.9799999999999898,-98.99999999999949,-199.99999999999898,long
2026-03-20,1,2026-03-19,2026-03-20,138.44,137.97,-0.46999999999999886,-23.499999999999943,-48.999999999999886,long
2026-03-23,1,2026-03-20,2026-03-23,135.29999999999998,137.61,2.3100000000000307,115.50000000000153,229.00000000000307,long
2026-03-24,1,2026-03-23,2026-03-24,136.95999999999998,136.04000000000002,-0.9199999999999591,-45.999999999997954,-93.99999999999591,long
2026-03-25,1,2026-03-24,2026-03-25,136.16,137.39000000000001,1.2300000000000182,61.50000000000091,121.00000000000182,long
2026-03-26,1,2026-03-25,2026-03-26,136.76999999999998,134.98000000000002,-1.7899999999999636,-89.49999999999818,-180.99999999999636,long
2026-03-27,1,2026-03-26,2026-03-27,132.51,131.52,-0.9899999999999807,-49.499999999999034,-100.99999999999807,long
2026-03-30,1,2026-03-27,2026-03-30,129.92999999999998,131.3,1.370000000000033,68.50000000000165,135.0000000000033,long
2026-03-31,1,2026-03-30,2026-03-31,127.51,129.14000000000001,1.6300000000000097,81.50000000000048,161.00000000000097,long
2026-04-01,1,2026-03-31,2026-04-01,132.91,134.11,1.200000000000017,60.00000000000085,118.0000000000017,long
2026-04-02,1,2026-04-01,2026-04-02,134.92,131.9,-3.019999999999982,-150.9999999999991,-303.9999999999982,long
2026-04-06,1,2026-04-02,2026-04-06,136.0,136.53,0.5300000000000011,26.500000000000057,51.000000000000114,long
2026-04-07,1,2026-04-06,2026-04-07,136.79,136.11,-0.6799999999999784,-33.99999999999892,-69.99999999999784,long
2026-04-08,1,2026-04-07,2026-04-08,137.44,143.12,5.680000000000007,284.00000000000034,566.0000000000007,long
2026-04-09,1,2026-04-08,2026-04-09,141.7,141.75,0.05000000000001137,2.5000000000005684,3.000000000001137,long
2026-04-10,1,2026-04-09,2026-04-10,142.07999999999998,142.69,0.6100000000000136,30.500000000000682,59.000000000001364,long
2026-04-13,1,2026-04-10,2026-04-13,142.63,142.32000000000002,-0.30999999999997385,-15.499999999998693,-32.999999999997385,long
2026-04-14,1,2026-04-13,2026-04-14,145.62,146.85000000000002,1.2300000000000182,61.50000000000091,121.00000000000182,long
2026-04-15,1,2026-04-14,2026-04-15,147.95,148.26000000000002,0.3100000000000307,15.500000000001535,29.00000000000307,long
2026-04-16,1,2026-04-15,2026-04-16,150.31,150.98000000000002,0.6700000000000159,33.500000000000796,65.00000000000159,long
2026-04-17,1,2026-04-16,2026-04-17,152.03,154.05,2.0200000000000102,101.00000000000051,200.00000000000102,long
2026-04-20,1,2026-04-17,2026-04-20,154.35999999999999,154.24,-0.11999999999997613,-5.999999999998806,-13.999999999997613,long
2026-04-21,1,2026-04-20,2026-04-21,154.57,154.95000000000002,0.3800000000000239,19.000000000001194,36.00000000000239,long
2026-04-22,1,2026-04-21,2026-04-22,154.7,156.17000000000002,1.4700000000000273,73.50000000000136,145.00000000000273,long
2026-04-23,1,2026-04-22,2026-04-23,158.1,156.81,-1.289999999999992,-64.4999999999996,-130.9999999999992,long
2026-04-24,1,2026-04-23,2026-04-24,155.85,158.55,2.700000000000017,135.00000000000085,268.0000000000017,long
2026-04-27,1,2026-04-24,2026-04-27,160.23,160.0,-0.22999999999998977,-11.499999999999488,-24.999999999998977,long
2026-04-28,1,2026-04-27,2026-04-28,160.57999999999998,157.15,-3.4299999999999784,-171.49999999999892,-344.99999999999784,long
2026-04-29,1,2026-04-28,2026-04-29,157.85999999999999,158.82000000000002,0.9600000000000364,48.00000000000182,94.00000000000364,long
2026-04-30,1,2026-04-29,2026-04-30,159.12,159.56,0.4399999999999977,21.999999999999886,41.99999999999977,long
2026-05-01,1,2026-04-30,2026-05-01,159.51,160.34,0.8300000000000125,41.500000000000625,81.00000000000125,long
2026-05-04,1,2026-05-01,2026-05-04,161.88,162.61,0.7300000000000182,36.50000000000091,71.00000000000182,long
2026-05-05,1,2026-05-04,2026-05-05,162.06,163.86,1.8000000000000114,90.00000000000057,178.00000000000114,long
2026-05-06,1,2026-05-05,2026-05-06,165.64,167.76000000000002,2.120000000000033,106.00000000000165,210.0000000000033,long
2026-05-07,1,2026-05-06,2026-05-07,170.04,170.29000000000002,0.2500000000000284,12.500000000001421,23.000000000002842,long
2026-05-08,1,2026-05-07,2026-05-08,169.7,171.58,1.8800000000000239,94.0000000000012,186.0000000000024,long
2026-05-11,1,2026-05-08,2026-05-11,175.53,176.12,0.5900000000000034,29.50000000000017,57.00000000000034,long
2026-05-12,1,2026-05-11,2026-05-12,177.89,176.17000000000002,-1.7199999999999704,-85.99999999999852,-173.99999999999704,long
2026-05-13,1,2026-05-12,2026-05-13,175.20999999999998,177.19,1.9800000000000182,99.00000000000091,196.00000000000182,long
2026-05-14,1,2026-05-13,2026-05-14,176.85999999999999,177.35000000000002,0.4900000000000375,24.500000000001876,47.00000000000375,long
2026-05-15,1,2026-05-14,2026-05-15,179.51,176.20000000000002,-3.309999999999974,-165.4999999999987,-332.9999999999974,long
2026-05-18,1,2026-05-15,2026-05-18,176.26999999999998,177.61,1.3400000000000318,67.00000000000159,132.00000000000318,long
2026-05-19,1,2026-05-18,2026-05-19,174.37,172.65,-1.7199999999999989,-85.99999999999994,-173.9999999999999,long
2026-05-20,1,2026-05-19,2026-05-20,173.25,174.65,1.4000000000000057,70.00000000000028,138.00000000000057,long
2026-05-21,1,2026-05-20,2026-05-21,177.14999999999998,176.19,-0.9599999999999795,-47.99999999999898,-97.99999999999795,long
2026-05-22,1,2026-05-21,2026-05-22,178.60999999999999,180.04000000000002,1.4300000000000352,71.50000000000176,141.00000000000352,long
2026-05-26,1,2026-05-22,2026-05-26,180.39999999999998,183.25,2.8500000000000227,142.50000000000114,283.0000000000023,long
2026-05-27,1,2026-05-26,2026-05-27,185.14999999999998,186.20000000000002,1.0500000000000398,52.50000000000199,103.00000000000398,long
2026-05-28,1,2026-05-27,2026-05-28,184.44,184.70000000000002,0.2600000000000193,13.000000000000966,24.000000000001933,long
2026-05-29,1,2026-05-28,2026-05-29,186.85999999999999,189.37,2.5100000000000193,125.50000000000097,249.00000000000193,long
2026-06-01,1,2026-05-29,2026-06-01,191.03,192.31,1.2800000000000011,64.00000000000006,126.00000000000011,long
2026-06-02,1,2026-06-01,2026-06-02,195.76999999999998,196.41,0.6400000000000148,32.00000000000074,62.00000000000148,long
2026-06-03,1,2026-06-02,2026-06-03,198.22,198.18,-0.03999999999999204,-1.999999999999602,-5.999999999999204,long
2026-06-04,1,2026-06-03,2026-06-04,196.23999999999998,191.51000000000002,-4.729999999999961,-236.49999999999807,-474.99999999999613,long
2026-06-05,1,2026-06-04,2026-06-05,193.17999999999998,188.9,-4.279999999999973,-213.99999999999864,-429.99999999999727,long
2026-06-08,1,2026-06-05,2026-06-08,180.31,185.08,4.77000000000001,238.5000000000005,475.000000000001,long
2026-06-09,1,2026-06-08,2026-06-09,184.19,185.9,1.710000000000008,85.5000000000004,169.0000000000008,long
2026-06-10,1,2026-06-09,2026-06-10,180.78,178.15,-2.6299999999999955,-131.49999999999977,-264.99999999999955,long
2026-06-11,1,2026-06-10,2026-06-11,176.64,177.78,1.1400000000000148,57.00000000000074,112.00000000000148,long
2026-06-12,1,2026-06-11,2026-06-12,183.22,183.23000000000002,0.010000000000019327,0.5000000000009663,-0.9999999999980673,long
2026-06-15,1,2026-06-12,2026-06-15,184.81,190.36,5.550000000000011,277.50000000000057,553.0000000000011,long
2026-06-16,1,2026-06-15,2026-06-16,191.79999999999998,191.22,-0.5799999999999841,-28.999999999999204,-59.99999999999841,long
2026-06-17,1,2026-06-16,2026-06-17,186.45,189.0,2.5500000000000114,127.50000000000057,253.00000000000114,long
2026-06-18,1,2026-06-17,2026-06-18,185.81,190.41,4.599999999999994,229.99999999999972,457.99999999999943,long
2026-06-22,1,2026-06-18,2026-06-22,191.45,192.94,1.490000000000009,74.50000000000045,147.0000000000009,long
2026-06-23,1,2026-06-22,2026-06-23,192.16,184.54000000000002,-7.619999999999976,-380.9999999999988,-763.9999999999976,long
2026-06-24,1,2026-06-23,2026-06-24,184.2,184.15,-0.04999999999998295,-2.4999999999991473,-6.999999999998295,long
2026-06-25,1,2026-06-24,2026-06-25,183.06,188.25,5.189999999999998,259.4999999999999,516.9999999999998,long
2026-06-26,1,2026-06-25,2026-06-26,184.57999999999998,180.99,-3.589999999999975,-179.49999999999875,-360.9999999999975,long
2026-06-29,1,2026-06-26,2026-06-29,181.12,183.11,1.990000000000009,99.50000000000045,197.0000000000009,long
2026-06-30,1,2026-06-29,2026-06-30,185.42,185.75,0.3300000000000125,16.500000000000625,31.00000000000125,long
2026-07-01,1,2026-06-30,2026-07-01,190.53,186.82000000000002,-3.7099999999999795,-185.49999999999898,-372.99999999999795,long
2026-07-02,1,2026-07-01,2026-07-02,185.63,185.48000000000002,-0.14999999999997726,-7.499999999998863,-16.999999999997726,long
2026-07-06,1,2026-07-02,2026-07-06,180.6,182.65,2.0500000000000114,102.50000000000057,203.00000000000114,long
2026-07-07,1,2026-07-06,2026-07-07,183.57999999999998,179.83,-3.7499999999999716,-187.49999999999858,-376.99999999999716,long
2026-07-08,1,2026-07-07,2026-07-08,179.19,177.47,-1.7199999999999989,-85.99999999999994,-173.9999999999999,long
2026-07-09,1,2026-07-08,2026-07-09,181.41,184.76000000000002,3.3500000000000227,167.50000000000114,333.0000000000023,long
2026-07-10,1,2026-07-09,2026-07-10,185.35999999999999,184.0,-1.3599999999999852,-67.99999999999926,-137.99999999999852,long
2026-07-13,1,2026-07-10,2026-07-13,185.79,183.09,-2.6999999999999886,-134.99999999999943,-271.99999999999886,long
2026-07-14,1,2026-07-13,2026-07-14,181.29,183.70000000000002,2.410000000000025,120.50000000000125,239.0000000000025,long
2026-07-15,1,2026-07-14,2026-07-15,183.63,185.10000000000002,1.4700000000000273,73.50000000000136,145.00000000000273,long
2026-07-16,1,2026-07-15,2026-07-16,181.59,178.89000000000001,-2.6999999999999886,-134.99999999999943,-271.99999999999886,long
2026-07-17,1,2026-07-16,2026-07-17,177.53,172.84,-4.689999999999998,-234.4999999999999,-470.9999999999998,long
2026-07-20,1,2026-07-17,2026-07-20,175.6,177.24,1.6400000000000148,82.00000000000074,162.00000000000148,long
2026-07-21,1,2026-07-20,2026-07-21,175.72,179.55,3.8300000000000125,191.50000000000063,381.00000000000125,long
2026-07-22,1,2026-07-21,2026-07-22,180.79,178.26000000000002,-2.5299999999999727,-126.49999999999864,-254.99999999999727,long
2026-07-23,1,2026-07-22,2026-07-23,180.28,178.79000000000002,-1.4899999999999807,-74.49999999999903,-150.99999999999807,long
2026-07-24,1,2026-07-23,2026-07-24,178.45999999999998,177.81,-0.6499999999999773,-32.49999999999886,-66.99999999999773,long
2026-07-27,1,2026-07-24,2026-07-27,175.89,177.82000000000002,1.9300000000000352,96.50000000000176,191.00000000000352,long
2026-07-28,1,2026-07-27,2026-07-28,174.31,171.20000000000002,-3.109999999999985,-155.49999999999926,-312.9999999999985,long
2026-07-29,1,2026-07-28,2026-07-29,171.1,171.11,0.010000000000019327,0.5000000000009663,-0.9999999999980673,long
2026-07-30,1,2026-07-29,2026-07-30,166.57999999999998,172.8,6.220000000000027,311.00000000000136,620.0000000000027,long
2026-07-31,1,2026-07-30,2026-07-31,175.73999999999998,177.45000000000002,1.7100000000000364,85.50000000000182,169.00000000000364,long
2026-08-03,1,2026-07-31,2026-08-03,175.35999999999999,173.92000000000002,-1.4399999999999693,-71.99999999999847,-145.99999999999693,long
2026-08-04,1,2026-08-03,2026-08-04,178.04999999999998,182.41,4.360000000000014,218.00000000000068,434.00000000000136,long
2026-08-05,1,2026-08-04,2026-08-05,186.91,187.33,0.4200000000000159,21.000000000000796,40.00000000000159,long
2026-08-06,1,2026-08-05,2026-08-06,185.92,183.10000000000002,-2.8199999999999648,-140.99999999999824,-283.9999999999965,long
2026-08-07,1,2026-08-06,2026-08-07,185.34,188.02,2.680000000000007,134.00000000000034,266.0000000000007,long
2026-08-10,1,2026-08-07,2026-08-10,187.98,188.01000000000002,0.03000000000002956,1.500000000001478,1.0000000000029559,long
2026-08-11,1,2026-08-10,2026-08-11,186.32999999999998,187.68,1.3500000000000227,67.50000000000114,133.00000000000227,long
2026-08-12,1,2026-08-11,2026-08-12,186.1,189.43,3.3300000000000125,166.50000000000063,331.00000000000125,long
2026-08-13,1,2026-08-12,2026-08-13,188.87,188.98000000000002,0.11000000000001364,5.500000000000682,9.000000000001364,long
2026-08-14,1,2026-08-13,2026-08-14,190.78,191.29000000000002,0.5100000000000193,25.500000000000966,49.00000000000193,long
2026-08-17,1,2026-08-14,2026-08-17,190.01999999999998,190.78,0.7600000000000193,38.000000000000966,74.00000000000193,long
2026-08-18,1,2026-08-17,2026-08-18,190.32999999999998,186.28,-4.049999999999983,-202.49999999999915,-406.9999999999983,long
2026-08-19,1,2026-08-18,2026-08-19,185.63,186.52,0.8900000000000148,44.50000000000074,87.00000000000148,long
2026-08-20,1,2026-08-19,2026-08-20,183.64999999999998,183.46,-0.1899999999999693,-9.499999999998465,-20.99999999999693,long
2026-08-21,1,2026-08-20,2026-08-21,183.10999999999999,184.43,1.3200000000000216,66.00000000000108,130.00000000000216,long
2026-08-24,1,2026-08-21,2026-08-24,183.32,181.87,-1.4499999999999886,-72.49999999999943,-146.99999999999886,long
2026-08-25,1,2026-08-24,2026-08-25,180.06,182.02,1.960000000000008,98.0000000000004,194.0000000000008,long
2026-08-26,1,2026-08-25,2026-08-26,181.75,180.70000000000002,-1.049999999999983,-52.49999999999915,-106.9999999999983,long
2026-08-27,1,2026-08-26,2026-08-27,182.85,186.42000000000002,3.5700000000000216,178.50000000000108,355.00000000000216,long
2026-08-28,1,2026-08-27,2026-08-28,188.62,188.06,-0.5600000000000023,-28.000000000000114,-58.00000000000023,long
2026-08-31,1,2026-08-28,2026-08-31,185.7,185.76000000000002,0.060000000000030695,3.0000000000015348,4.0000000000030695,long
2026-09-01,1,2026-08-31,2026-09-01,186.51,183.69,-2.819999999999993,-140.99999999999966,-283.9999999999993,long
2026-09-02,1,2026-09-01,2026-09-02,183.64999999999998,183.45000000000002,-0.1999999999999602,-9.99999999999801,-21.99999999999602,long
2026-09-03,1,2026-09-02,2026-09-03,183.60999999999999,183.37,-0.23999999999998067,-11.999999999999034,-25.999999999998067,long
2026-09-04,1,2026-09-03,2026-09-04,185.98,187.29000000000002,1.3100000000000307,65.50000000000153,129.00000000000307,long
2026-09-08,1,2026-09-04,2026-09-08,187.29,188.63,1.3400000000000034,67.00000000000017,132.00000000000034,long
2026-09-09,1,2026-09-08,2026-09-09,187.88,187.52,-0.3599999999999852,-17.99999999999926,-37.99999999999852,long
2026-09-10,1,2026-09-09,2026-09-10,187.88,185.23000000000002,-2.6499999999999773,-132.49999999999886,-266.9999999999977,long
2026-09-11,1,2026-09-10,2026-09-11,185.23,187.54000000000002,2.3100000000000307,115.50000000000153,229.00000000000307,long
2026-09-14,1,2026-09-11,2026-09-14,187.67999999999998,183.05,-4.629999999999967,-231.49999999999835,-464.9999999999967,long
2026-09-15,1,2026-09-14,2026-09-15,184.29,184.57000000000002,0.28000000000002956,14.000000000001478,26.000000000002956,long
2026-09-16,1,2026-09-15,2026-09-16,183.75,184.99,1.240000000000009,62.000000000000455,122.00000000000091,long
2026-09-17,1,2026-09-16,2026-09-17,183.94,187.44,3.5,175.0,348.0,long
2026-09-18,1,2026-09-17,2026-09-18,188.07,189.04000000000002,0.9700000000000273,48.500000000001364,95.00000000000273,long
2026-09-21,1,2026-09-18,2026-09-21,189.60999999999999,191.71,2.1000000000000227,105.00000000000114,208.00000000000227,long
2026-09-22,1,2026-09-21,2026-09-22,194.85999999999999,194.58,-0.2799999999999727,-13.999999999998636,-29.99999999999727,long
2026-09-23,1,2026-09-22,2026-09-23,196.28,196.60000000000002,0.3200000000000216,16.00000000000108,30.00000000000216,long
2026-09-24,1,2026-09-23,2026-09-24,195.35,193.09,-2.259999999999991,-112.99999999999955,-227.9999999999991,long
