datetime,open,high,low,close,volume
2016-09-27 00:00:00+0000,82.59,83.34,82.29,83.24,7314054.0
2016-09-28 00:00:00+0000,83.46,87.23,83.34,86.9,24046738.0
2016-09-29 00:00:00+0000,86.92,87.2,85.67,86.46,16356490.0
2016-09-30 00:00:00+0000,86.85,87.81,86.65,87.28,10509466.0
2016-10-03 00:00:00+0000,86.94,87.2,86.54,87.05,5510855.0
2016-10-04 00:00:00+0000,87.38,87.5,86.07,86.25,6283997.0
2016-10-05 00:00:00+0000,86.83,87.17,86.7,87.0,6628760.0
2016-10-06 00:00:00+0000,87.25,87.47,86.44,87.04,6262150.0
2016-10-07 00:00:00+0000,86.95,87.4,86.42,86.74,4999886.0
2016-10-10 00:00:00+0000,87.54,88.67,87.51,88.44,8146240.0
2016-10-11 00:00:00+0000,88.08,88.19,87.3,87.74,7311450.0
2016-10-12 00:00:00+0000,87.22,87.72,86.67,87.13,5705940.0
2016-10-13 00:00:00+0000,86.35,86.87,85.43,86.56,7997904.0
2016-10-14 00:00:00+0000,87.19,87.54,86.48,86.54,5483894.0
2016-10-17 00:00:00+0000,86.48,86.79,86.07,86.54,5344142.0
2016-10-18 00:00:00+0000,87.17,87.33,86.38,86.77,4041505.0
2016-10-19 00:00:00+0000,87.2,87.85,86.88,87.17,6663494.0
2016-10-20 00:00:00+0000,86.79,87.5,86.6,87.21,5393573.0
2016-10-21 00:00:00+0000,86.42,86.82,85.69,86.62,8618670.0
2016-10-24 00:00:00+0000,86.74,87.32,86.07,86.91,6436032.0
2016-10-25 00:00:00+0000,86.67,87.65,86.6,86.72,5383772.0
2016-10-26 00:00:00+0000,86.25,87.45,85.95,87.09,6465421.0
2016-10-27 00:00:00+0000,87.28,87.66,86.8,86.92,7224409.0
2016-10-28 00:00:00+0000,85.28,86.36,84.14,84.78,15442910.0
2016-10-31 00:00:00+0000,83.9,84.4,82.99,83.32,11797588.0
2016-11-01 00:00:00+0000,83.5,83.92,83.27,83.65,9898354.0
2016-11-02 00:00:00+0000,83.3,83.88,82.94,83.45,8749165.0
2016-11-03 00:00:00+0000,83.68,83.88,83.05,83.66,6944696.0
2016-11-04 00:00:00+0000,83.46,84.33,82.76,83.57,10820505.0
2016-11-07 00:00:00+0000,84.49,85.47,84.4,85.45,10176218.0
2016-11-08 00:00:00+0000,84.73,85.83,84.49,85.31,8070841.0
2016-11-09 00:00:00+0000,84.05,86.71,83.66,86.25,12816630.0
2016-11-10 00:00:00+0000,85.91,87.99,85.66,87.05,11894958.0
2016-11-11 00:00:00+0000,86.53,86.73,84.89,85.67,10572261.0
2016-11-14 00:00:00+0000,85.3,85.65,84.32,85.28,10158418.0
2016-11-15 00:00:00+0000,85.77,87.06,85.77,86.82,10084014.0
2016-11-16 00:00:00+0000,86.74,86.78,85.58,85.75,6428417.0
2016-11-17 00:00:00+0000,86.44,86.88,85.02,85.23,6293226.0
2016-11-18 00:00:00+0000,85.21,85.65,84.83,85.28,6713729.0
2016-11-21 00:00:00+0000,86.44,86.69,86.13,86.49,5894369.0
2016-11-22 00:00:00+0000,86.69,87.24,85.97,86.68,7109597.0
2016-11-23 00:00:00+0000,86.54,87.08,86.31,86.92,4433494.0
2016-11-25 00:00:00+0000,86.71,87.14,86.54,87.12,3488706.0
2016-11-28 00:00:00+0000,86.95,87.14,86.37,86.47,5205929.0
2016-11-29 00:00:00+0000,85.42,86.08,85.08,85.9,7032865.0
2016-11-30 00:00:00+0000,87.6,88.19,87.2,87.3,15088027.0
2016-12-01 00:00:00+0000,87.98,88.5,87.24,87.24,10302465.0
2016-12-02 00:00:00+0000,87.15,87.99,86.6,87.04,7103333.0
2016-12-05 00:00:00+0000,87.39,87.82,86.92,87.48,7803719.0
2016-12-06 00:00:00+0000,87.27,87.87,86.69,87.56,8865436.0
2016-12-07 00:00:00+0000,87.63,88.15,87.2,88.07,7575846.0
2016-12-08 00:00:00+0000,88.05,88.85,87.65,88.32,7186311.0
2016-12-09 00:00:00+0000,88.64,89.0,88.18,89.0,6036351.0
2016-12-12 00:00:00+0000,90.14,91.5,90.14,90.98,12135518.0
2016-12-13 00:00:00+0000,91.89,93.22,91.17,92.58,15158566.0
2016-12-14 00:00:00+0000,92.22,92.27,90.17,90.58,11936374.0
2016-12-15 00:00:00+0000,90.1,90.98,89.76,90.89,7730440.0
2016-12-16 00:00:00+0000,91.52,91.67,90.64,91.18,11816980.0
2016-12-19 00:00:00+0000,91.38,91.54,90.2,90.42,7589489.0
2016-12-20 00:00:00+0000,90.51,90.85,90.29,90.43,4578663.0
2016-12-21 00:00:00+0000,90.68,90.9,90.18,90.28,4968383.0
2016-12-22 00:00:00+0000,90.02,90.9,90.02,90.87,5527557.0
2016-12-23 00:00:00+0000,90.89,90.96,90.52,90.71,3009422.0
2016-12-27 00:00:00+0000,90.83,91.11,90.58,90.75,2920991.0
2016-12-28 00:00:00+0000,90.68,91.11,90.26,90.3,4008209.0
2016-12-29 00:00:00+0000,90.1,90.6,90.03,90.35,4043405.0
2016-12-30 00:00:00+0000,90.03,90.7,90.01,90.26,5444351.0
2017-01-03 00:00:00+0000,90.94,91.34,90.15,90.89,7650093.0
2017-01-04 00:00:00+0000,91.17,91.17,89.75,89.89,6870079.0
2017-01-05 00:00:00+0000,90.19,90.3,88.44,88.55,10896267.0
2017-01-06 00:00:00+0000,88.79,88.98,87.82,88.5,14642554.0
2017-01-09 00:00:00+0000,88.22,88.22,86.55,87.04,10200956.0
2017-01-10 00:00:00+0000,87.17,87.31,85.91,85.93,9683755.0
2017-01-11 00:00:00+0000,85.9,86.95,85.86,86.81,8794125.0
2017-01-12 00:00:00+0000,87.27,87.38,86.07,86.34,8412108.0
2017-01-13 00:00:00+0000,86.27,86.68,86.17,86.35,6361989.0
2017-01-17 00:00:00+0000,86.56,87.39,86.25,87.36,10053302.0
2017-01-18 00:00:00+0000,87.06,87.41,86.05,86.28,8453321.0
2017-01-19 00:00:00+0000,85.97,86.1,84.59,84.73,12845125.0
2017-01-20 00:00:00+0000,85.44,85.96,85.05,85.89,14185150.0
2017-01-23 00:00:00+0000,85.65,85.88,84.75,84.97,8318808.0
2017-01-24 00:00:00+0000,84.98,85.47,84.82,85.09,9390398.0
2017-01-25 00:00:00+0000,85.34,85.88,85.25,85.34,7079738.0
2017-01-26 00:00:00+0000,85.69,85.83,85.12,85.6,6994876.0
2017-01-27 00:00:00+0000,85.3,85.75,85.04,85.51,7969421.0
2017-01-30 00:00:00+0000,85.42,85.45,84.17,84.86,9487875.0
2017-01-31 00:00:00+0000,85.07,85.07,83.13,83.89,14137702.0
2017-02-01 00:00:00+0000,84.0,84.16,82.54,82.94,12399529.0
2017-02-02 00:00:00+0000,83.21,83.53,82.55,83.45,9475113.0
2017-02-03 00:00:00+0000,83.55,83.72,82.9,83.54,10469690.0
2017-02-06 00:00:00+0000,83.55,83.65,82.93,83.31,7541383.0
2017-02-07 00:00:00+0000,83.23,83.62,82.45,82.77,9595482.0
2017-02-08 00:00:00+0000,81.99,82.12,81.17,81.48,11725396.0
2017-02-09 00:00:00+0000,81.83,82.05,81.66,81.84,7709847.0
2017-02-10 00:00:00+0000,82.26,82.77,82.13,82.52,7025816.0
2017-02-13 00:00:00+0000,82.75,83.19,82.35,83.0,7325572.0
2017-02-14 00:00:00+0000,82.87,83.1,82.06,82.82,8733071.0
2017-02-15 00:00:00+0000,82.64,83.18,82.46,83.16,7770156.0
2017-02-16 00:00:00+0000,83.12,83.42,82.17,82.3,8671822.0
2017-02-17 00:00:00+0000,82.09,82.19,81.44,81.76,10876909.0
2017-02-21 00:00:00+0000,82.15,82.15,81.3,81.89,12899267.0
2017-02-22 00:00:00+0000,81.65,81.7,80.87,80.93,9973049.0
2017-02-23 00:00:00+0000,81.4,82.22,81.03,81.78,11608093.0
2017-02-24 00:00:00+0000,81.57,81.8,80.76,81.08,8883284.0
2017-02-27 00:00:00+0000,81.13,81.71,80.81,81.54,9881562.0
2017-02-28 00:00:00+0000,81.53,81.99,81.05,81.32,10306907.0
2017-03-01 00:00:00+0000,81.7,83.33,81.69,83.02,13699774.0
2017-03-02 00:00:00+0000,82.8,84.25,82.79,83.3,11770254.0
2017-03-03 00:00:00+0000,83.53,83.6,82.26,82.46,10283414.0
2017-03-06 00:00:00+0000,82.44,82.9,82.33,82.83,6937445.0
2017-03-07 00:00:00+0000,83.11,83.29,82.14,82.52,8942912.0
2017-03-08 00:00:00+0000,82.35,82.38,81.01,81.03,13056985.0
2017-03-09 00:00:00+0000,80.64,81.72,80.31,81.67,11594761.0
2017-03-10 00:00:00+0000,82.43,82.47,81.15,81.61,8755309.0
2017-03-13 00:00:00+0000,81.5,81.94,81.05,81.42,7468556.0
2017-03-14 00:00:00+0000,81.0,81.23,80.44,80.99,8552017.0
2017-03-15 00:00:00+0000,81.35,82.06,81.04,82.0,8997450.0
2017-03-16 00:00:00+0000,82.03,82.2,81.67,82.07,7463118.0
2017-03-17 00:00:00+0000,82.03,82.26,81.82,82.0,11520984.0
2017-03-20 00:00:00+0000,81.72,82.04,81.44,82.0,5869261.0
2017-03-21 00:00:00+0000,82.16,82.35,81.6,81.83,10498845.0
2017-03-22 00:00:00+0000,81.96,82.09,81.43,81.76,9332411.0
2017-03-23 00:00:00+0000,81.63,82.22,81.46,81.86,6735323.0
2017-03-24 00:00:00+0000,82.03,82.03,81.14,81.23,6656142.0
2017-03-27 00:00:00+0000,80.82,81.43,80.79,81.25,5822227.0
2017-03-28 00:00:00+0000,81.25,82.02,80.96,81.84,7914294.0
2017-03-29 00:00:00+0000,81.7,82.29,81.54,82.02,6549813.0
2017-03-30 00:00:00+0000,82.03,83.87,81.93,83.7,20680894.0
2017-03-31 00:00:00+0000,83.26,83.31,81.86,82.01,17689007.0
2017-04-03 00:00:00+0000,81.95,82.31,81.35,82.07,9171413.0
2017-04-04 00:00:00+0000,82.1,82.42,81.33,82.37,7617302.0
2017-04-05 00:00:00+0000,82.85,83.55,82.47,82.53,11204721.0
2017-04-06 00:00:00+0000,82.75,83.21,82.46,83.01,7450633.0
2017-04-07 00:00:00+0000,83.24,83.36,82.68,82.76,6324372.0
2017-04-10 00:00:00+0000,83.12,83.47,82.92,83.13,6636927.0
2017-04-11 00:00:00+0000,83.08,83.17,82.42,82.84,6606451.0
2017-04-12 00:00:00+0000,82.86,83.35,82.7,82.97,6308400.0
2017-04-13 00:00:00+0000,82.72,82.73,81.57,81.69,7030830.0
2017-04-17 00:00:00+0000,81.81,81.97,81.43,81.58,7027990.0
2017-04-18 00:00:00+0000,81.32,81.82,81.03,81.05,7492235.0
2017-04-19 00:00:00+0000,81.17,81.51,80.3,80.49,8401323.0
2017-04-20 00:00:00+0000,80.95,81.74,80.7,81.01,8389813.0
2017-04-21 00:00:00+0000,80.93,81.0,80.47,80.69,7709014.0
2017-04-24 00:00:00+0000,81.28,81.4,80.81,81.11,6795849.0
2017-04-25 00:00:00+0000,81.43,81.94,81.28,81.73,7565749.0
2017-04-26 00:00:00+0000,81.52,82.33,81.39,81.4,7029713.0
2017-04-27 00:00:00+0000,81.08,81.3,80.94,81.26,9904020.0
2017-04-28 00:00:00+0000,82.46,82.49,81.56,81.65,8442314.0
2017-05-01 00:00:00+0000,81.51,82.21,81.48,82.06,7006622.0
2017-05-02 00:00:00+0000,82.2,82.59,81.9,82.05,7278683.0
2017-05-03 00:00:00+0000,81.97,83.07,81.91,82.7,8183246.0
2017-05-04 00:00:00+0000,82.29,82.36,81.4,81.64,13395397.0
2017-05-05 00:00:00+0000,81.63,82.24,81.61,82.02,8061408.0
2017-05-08 00:00:00+0000,82.0,82.94,82.0,82.89,6006121.0
2017-05-09 00:00:00+0000,82.96,83.0,82.16,82.31,6415477.0
2017-05-10 00:00:00+0000,82.12,82.37,81.65,81.91,7829288.0
2017-05-11 00:00:00+0000,82.59,82.71,82.1,82.61,8068468.0
2017-05-12 00:00:00+0000,82.39,82.71,82.25,82.55,5480113.0
2017-05-15 00:00:00+0000,83.0,83.19,82.65,82.8,7740156.0
2017-05-16 00:00:00+0000,82.9,83.23,82.45,82.55,7864830.0
2017-05-17 00:00:00+0000,82.27,83.04,81.96,81.99,7944180.0
2017-05-18 00:00:00+0000,81.77,82.15,81.42,81.75,7914013.0
2017-05-19 00:00:00+0000,82.0,82.09,81.69,81.93,9713983.0
2017-05-22 00:00:00+0000,82.11,82.33,81.93,82.29,5775728.0
2017-05-23 00:00:00+0000,82.32,82.89,82.24,82.58,5171161.0
2017-05-24 00:00:00+0000,82.42,82.54,82.01,82.29,6029464.0
2017-05-25 00:00:00+0000,82.33,82.71,81.52,81.75,7689441.0
2017-05-26 00:00:00+0000,81.61,81.8,80.83,81.55,6961575.0
2017-05-30 00:00:00+0000,81.28,81.34,81.04,81.1,7081092.0
2017-05-31 00:00:00+0000,80.94,80.95,80.47,80.5,8416343.0
2017-06-01 00:00:00+0000,80.37,80.9,80.19,80.7,8084151.0
2017-06-02 00:00:00+0000,80.51,80.68,79.26,79.5,18197540.0
2017-06-05 00:00:00+0000,79.44,80.39,79.4,80.12,8919402.0
2017-06-06 00:00:00+0000,80.3,81.32,80.22,81.21,9533028.0
2017-06-07 00:00:00+0000,81.04,81.4,80.34,80.91,10197508.0
2017-06-08 00:00:00+0000,80.51,81.08,80.49,80.62,9147767.0
2017-06-09 00:00:00+0000,81.15,82.14,80.69,82.13,10749692.0
2017-06-12 00:00:00+0000,82.67,83.69,82.64,82.93,15097462.0
2017-06-13 00:00:00+0000,82.85,83.27,82.57,82.96,9491101.0
2017-06-14 00:00:00+0000,82.81,82.82,81.56,82.07,10733819.0
2017-06-15 00:00:00+0000,81.79,82.4,81.58,82.26,9902865.0
2017-06-16 00:00:00+0000,82.61,83.54,82.2,83.49,15980279.0
2017-06-19 00:00:00+0000,83.22,83.45,82.55,82.76,7729224.0
2017-06-20 00:00:00+0000,82.07,82.47,81.41,82.31,10897205.0
2017-06-21 00:00:00+0000,82.04,82.63,81.14,81.44,8899390.0
2017-06-22 00:00:00+0000,81.45,81.58,80.9,81.08,5967172.0
2017-06-23 00:00:00+0000,80.85,81.69,80.76,81.61,5949615.0
2017-06-26 00:00:00+0000,81.57,81.75,80.9,81.24,5712574.0
2017-06-27 00:00:00+0000,81.42,81.73,81.11,81.11,6778105.0
2017-06-28 00:00:00+0000,81.41,81.76,81.18,81.53,7321972.0
2017-06-29 00:00:00+0000,81.37,81.84,80.41,80.7,13715899.0
2017-06-30 00:00:00+0000,81.08,81.25,80.7,80.73,9726202.0
2017-07-03 00:00:00+0000,80.79,82.49,80.72,82.1,6357029.0
2017-07-05 00:00:00+0000,81.61,81.68,80.51,80.85,7436399.0
2017-07-06 00:00:00+0000,80.86,81.08,80.09,80.12,7880335.0
2017-07-07 00:00:00+0000,80.25,80.6,79.81,80.22,7893647.0
2017-07-10 00:00:00+0000,80.0,80.41,79.96,80.16,4894663.0
2017-07-11 00:00:00+0000,80.33,80.76,80.03,80.6,7396183.0
2017-07-12 00:00:00+0000,81.19,81.52,80.75,80.96,6352815.0
2017-07-13 00:00:00+0000,80.97,81.09,80.73,80.97,4090655.0
2017-07-14 00:00:00+0000,81.0,81.41,80.77,81.28,5754692.0
2017-07-17 00:00:00+0000,81.0,81.43,80.83,80.86,6008421.0
2017-07-18 00:00:00+0000,81.02,81.08,80.41,80.6,6348740.0
2017-07-19 00:00:00+0000,80.44,80.87,80.27,80.85,7395559.0
2017-07-20 00:00:00+0000,80.97,81.49,80.75,80.86,7751765.0
2017-07-21 00:00:00+0000,80.65,80.84,80.0,80.12,8719115.0
2017-07-24 00:00:00+0000,80.06,80.22,79.76,79.87,7127455.0
2017-07-25 00:00:00+0000,80.81,81.05,80.27,80.27,8756534.0
2017-07-26 00:00:00+0000,80.58,80.9,80.2,80.37,7387035.0
2017-07-27 00:00:00+0000,80.24,80.88,79.89,80.83,9252745.0
2017-07-28 00:00:00+0000,79.65,79.92,78.27,79.6,19473365.0
2017-07-31 00:00:00+0000,79.83,80.39,79.6,80.04,9233828.0
2017-08-01 00:00:00+0000,80.16,80.54,79.97,80.17,8605906.0
2017-08-02 00:00:00+0000,79.9,80.64,79.8,80.6,7386471.0
2017-08-03 00:00:00+0000,80.34,80.82,80.29,80.49,7331178.0
2017-08-04 00:00:00+0000,80.44,80.56,80.05,80.21,6321611.0
2017-08-07 00:00:00+0000,80.17,80.17,79.86,80.16,6043271.0
2017-08-08 00:00:00+0000,80.03,80.22,79.83,79.96,7127102.0
2017-08-09 00:00:00+0000,80.25,80.35,79.78,80.21,6819420.0
2017-08-10 00:00:00+0000,79.76,79.78,78.91,78.97,10077260.0
2017-08-11 00:00:00+0000,79.21,79.25,78.2,78.21,8297841.0
2017-08-14 00:00:00+0000,78.62,78.79,78.12,78.23,6766927.0
2017-08-15 00:00:00+0000,78.12,78.25,77.68,78.04,7477488.0
2017-08-16 00:00:00+0000,78.04,78.17,77.31,77.47,7077339.0
2017-08-17 00:00:00+0000,77.26,77.28,76.21,76.26,9879908.0
2017-08-18 00:00:00+0000,76.18,77.11,76.05,76.64,9012045.0
2017-08-21 00:00:00+0000,76.47,76.62,76.08,76.38,6064977.0
2017-08-22 00:00:00+0000,76.55,77.34,76.53,76.74,6529553.0
2017-08-23 00:00:00+0000,76.7,77.01,76.47,76.61,5495582.0
2017-08-24 00:00:00+0000,76.5,76.65,76.2,76.33,6121269.0
2017-08-25 00:00:00+0000,76.56,77.13,76.43,76.72,5573537.0
2017-08-28 00:00:00+0000,76.9,76.94,76.26,76.47,5230114.0
2017-08-29 00:00:00+0000,76.21,76.49,76.08,76.45,5682593.0
2017-08-30 00:00:00+0000,76.24,76.45,76.06,76.1,5936061.0
2017-08-31 00:00:00+0000,76.27,76.49,76.05,76.33,9518287.0
2017-09-01 00:00:00+0000,76.37,76.85,76.32,76.57,5787753.0
2017-09-05 00:00:00+0000,76.64,77.36,76.61,77.18,8833637.0
2017-09-06 00:00:00+0000,77.91,79.23,77.58,78.78,12406343.0
2017-09-07 00:00:00+0000,79.02,79.33,78.61,79.03,7486780.0
2017-09-08 00:00:00+0000,79.01,79.04,78.63,78.82,5736040.0
2017-09-11 00:00:00+0000,79.41,79.42,78.9,79.25,7832827.0
2017-09-12 00:00:00+0000,79.4,79.69,79.24,79.5,5615169.0
2017-09-13 00:00:00+0000,79.5,79.77,79.38,79.77,6146162.0
2017-09-14 00:00:00+0000,79.85,80.23,79.77,80.09,6941491.0
2017-09-15 00:00:00+0000,80.12,80.21,79.55,80.07,9962243.0
2017-09-18 00:00:00+0000,79.79,80.14,79.7,80.09,6168511.0
2017-09-19 00:00:00+0000,80.06,80.39,79.98,80.22,6830695.0
2017-09-20 00:00:00+0000,80.28,80.66,80.26,80.55,8167648.0
2017-09-21 00:00:00+0000,80.49,80.53,79.76,79.89,7884318.0
2017-09-22 00:00:00+0000,79.72,80.3,79.67,79.92,7635779.0
2017-09-25 00:00:00+0000,80.03,81.0,79.98,80.98,7880934.0
2017-09-26 00:00:00+0000,80.71,81.0,80.56,80.89,5296508.0
2017-09-27 00:00:00+0000,80.89,81.45,80.79,81.43,7123165.0
2017-09-28 00:00:00+0000,81.63,82.45,81.56,82.19,10820910.0
2017-09-29 00:00:00+0000,81.94,82.06,81.57,81.98,6394482.0
2017-10-02 00:00:00+0000,81.3,81.82,81.24,81.63,5045748.0
2017-10-03 00:00:00+0000,81.41,81.97,81.3,81.76,4824646.0
2017-10-04 00:00:00+0000,81.8,81.87,81.45,81.79,5067978.0
2017-10-05 00:00:00+0000,81.72,82.24,81.59,82.02,4874062.0
2017-10-06 00:00:00+0000,81.77,81.89,81.35,81.71,4174348.0
2017-10-09 00:00:00+0000,81.84,82.18,81.76,82.03,3924924.0
2017-10-10 00:00:00+0000,82.34,82.74,82.09,82.26,5757481.0
2017-10-11 00:00:00+0000,82.16,82.74,82.14,82.6,4508203.0
2017-10-12 00:00:00+0000,82.31,82.5,82.17,82.43,5244675.0
2017-10-13 00:00:00+0000,82.73,83.08,82.36,82.41,5209143.0
2017-10-16 00:00:00+0000,82.7,82.95,82.54,82.81,4319338.0
2017-10-17 00:00:00+0000,82.63,82.97,82.54,82.96,4446459.0
2017-10-18 00:00:00+0000,82.96,83.4,82.54,82.76,4824804.0
2017-10-19 00:00:00+0000,82.35,83.05,82.33,82.74,5054520.0
2017-10-20 00:00:00+0000,82.85,83.13,82.62,83.11,6147777.0
2017-10-23 00:00:00+0000,83.15,83.76,83.04,83.24,6755311.0
2017-10-24 00:00:00+0000,83.55,83.81,83.31,83.47,5654793.0
2017-10-25 00:00:00+0000,83.45,83.73,82.94,83.17,7085052.0
2017-10-26 00:00:00+0000,83.37,83.65,83.11,83.47,6518154.0
2017-10-27 00:00:00+0000,83.0,84.24,82.01,83.71,11136156.0
2017-10-30 00:00:00+0000,83.71,83.95,83.41,83.54,5401003.0
2017-10-31 00:00:00+0000,83.65,83.68,83.17,83.35,5942124.0
2017-11-01 00:00:00+0000,83.39,83.94,83.26,83.87,6128876.0
2017-11-02 00:00:00+0000,83.6,83.71,82.91,83.53,6259755.0
2017-11-03 00:00:00+0000,83.42,83.64,83.16,83.18,5248683.0
2017-11-06 00:00:00+0000,83.3,83.87,83.06,83.75,6920163.0
2017-11-07 00:00:00+0000,83.74,83.82,83.03,83.58,6972223.0
2017-11-08 00:00:00+0000,83.36,83.5,82.86,83.47,5949065.0
2017-11-09 00:00:00+0000,83.3,84.14,83.08,83.97,7720767.0
2017-11-10 00:00:00+0000,83.01,83.08,82.42,82.94,6456195.0
2017-11-13 00:00:00+0000,82.65,83.09,82.6,82.89,4731685.0
2017-11-14 00:00:00+0000,82.42,82.75,82.09,82.24,7226758.0
2017-11-15 00:00:00+0000,81.75,82.09,81.15,81.21,7011514.0
2017-11-16 00:00:00+0000,80.44,80.85,80.14,80.56,8302572.0
2017-11-17 00:00:00+0000,80.32,80.66,80.16,80.24,7011729.0
2017-11-20 00:00:00+0000,80.23,80.64,80.01,80.55,6531800.0
2017-11-21 00:00:00+0000,80.69,81.25,80.64,80.87,5845418.0
2017-11-22 00:00:00+0000,81.16,81.41,81.05,81.1,5209443.0
2017-11-24 00:00:00+0000,81.44,81.7,81.22,81.42,2788317.0
2017-11-27 00:00:00+0000,81.32,81.4,81.02,81.11,5363074.0
2017-11-28 00:00:00+0000,81.41,82.0,81.31,81.67,7351687.0
2017-11-29 00:00:00+0000,81.65,82.31,81.48,82.27,7750295.0
2017-11-30 00:00:00+0000,82.45,83.4,82.41,83.29,11941977.0
2017-12-01 00:00:00+0000,83.44,84.13,82.41,83.46,11233094.0
2017-12-04 00:00:00+0000,83.21,84.18,83.0,83.57,9339156.0
2017-12-05 00:00:00+0000,83.5,83.77,82.71,82.89,7152230.0
2017-12-06 00:00:00+0000,83.08,83.2,82.21,82.28,6826555.0
2017-12-07 00:00:00+0000,82.4,82.62,82.17,82.55,7188225.0
2017-12-08 00:00:00+0000,82.75,82.9,82.26,82.66,8275391.0
2017-12-11 00:00:00+0000,82.95,83.25,82.74,83.03,6762135.0
2017-12-12 00:00:00+0000,83.09,83.38,82.7,82.76,8174041.0
2017-12-13 00:00:00+0000,82.61,83.3,82.48,83.12,7259042.0
2017-12-14 00:00:00+0000,83.03,83.33,82.89,82.9,6119900.0
2017-12-15 00:00:00+0000,83.16,83.28,82.87,83.03,12828675.0
2017-12-18 00:00:00+0000,83.18,83.68,82.91,82.94,6953364.0
2017-12-19 00:00:00+0000,83.03,83.17,82.33,82.44,7300778.0
2017-12-20 00:00:00+0000,82.6,83.14,82.52,82.87,7164444.0
2017-12-21 00:00:00+0000,83.35,84.27,82.96,83.85,10857791.0
2017-12-22 00:00:00+0000,83.88,84.02,83.6,83.97,7184721.0
2017-12-26 00:00:00+0000,83.96,84.36,83.9,83.98,3694434.0
2017-12-27 00:00:00+0000,83.99,84.1,83.74,83.9,4502330.0
2017-12-28 00:00:00+0000,83.98,84.05,83.8,84.02,4797276.0
2017-12-29 00:00:00+0000,84.0,84.2,83.64,83.64,4777216.0
2018-01-02 00:00:00+0000,83.82,85.2,83.66,85.03,8930420.0
2018-01-03 00:00:00+0000,85.16,86.97,84.82,86.7,11154284.0
2018-01-04 00:00:00+0000,86.78,87.22,86.43,86.82,8194419.0
2018-01-05 00:00:00+0000,86.75,86.88,85.7,86.75,8325089.0
2018-01-08 00:00:00+0000,86.7,87.15,86.6,87.14,5990357.0
2018-01-09 00:00:00+0000,86.94,87.15,86.65,86.77,5862196.0
2018-01-10 00:00:00+0000,87.0,87.19,85.98,86.08,8000218.0
2018-01-11 00:00:00+0000,86.36,87.37,85.93,86.93,10929549.0
2018-01-12 00:00:00+0000,87.2,87.99,87.18,87.52,7391951.0
2018-01-16 00:00:00+0000,87.74,87.76,86.6,86.97,7227021.0
2018-01-17 00:00:00+0000,87.2,88.21,86.93,88.0,8071045.0
2018-01-18 00:00:00+0000,87.77,88.19,87.34,87.43,5979733.0
2018-01-19 00:00:00+0000,87.57,87.76,86.61,87.15,8344476.0
2018-01-22 00:00:00+0000,87.17,88.29,87.05,88.25,6319550.0
2018-01-23 00:00:00+0000,88.25,88.46,87.74,88.3,6368390.0
2018-01-24 00:00:00+0000,88.49,88.92,88.01,88.53,6696114.0
2018-01-25 00:00:00+0000,88.55,88.87,88.2,88.37,8264972.0
2018-01-26 00:00:00+0000,88.64,89.0,88.47,89.0,5358342.0
2018-01-29 00:00:00+0000,88.59,89.3,87.95,88.01,6186732.0
2018-01-30 00:00:00+0000,87.54,88.38,86.78,86.78,9310756.0
2018-01-31 00:00:00+0000,86.7,87.47,86.33,87.3,8774548.0
2018-02-01 00:00:00+0000,87.5,89.25,87.35,89.07,14802177.0
2018-02-02 00:00:00+0000,85.13,86.01,82.99,84.53,23892281.0
2018-02-05 00:00:00+0000,83.28,83.99,78.13,79.72,24137489.0
2018-02-06 00:00:00+0000,78.51,80.35,76.9,78.35,30774686.0
2018-02-07 00:00:00+0000,78.44,79.41,76.92,76.94,17306722.0
2018-02-08 00:00:00+0000,77.44,77.58,76.03,76.07,21025653.0
2018-02-09 00:00:00+0000,76.25,76.48,73.9,75.78,23060987.0
2018-02-12 00:00:00+0000,77.05,77.63,75.84,76.42,14137143.0
2018-02-13 00:00:00+0000,76.1,76.75,75.73,76.3,9514489.0
2018-02-14 00:00:00+0000,75.79,76.66,75.16,76.46,12975965.0
2018-02-15 00:00:00+0000,76.68,76.7,75.45,76.21,11164024.0
2018-02-16 00:00:00+0000,76.15,77.12,75.85,76.54,10759756.0
2018-02-20 00:00:00+0000,76.47,77.47,75.46,75.75,9435877.0
2018-02-21 00:00:00+0000,75.82,76.44,74.87,74.89,8543987.0
2018-02-22 00:00:00+0000,75.3,76.84,75.18,75.86,10182313.0
2018-02-23 00:00:00+0000,76.05,77.62,75.95,77.53,9801824.0
2018-02-26 00:00:00+0000,77.74,78.93,77.56,78.84,11794410.0
2018-02-27 00:00:00+0000,79.0,79.87,77.5,77.5,10484982.0
2018-02-28 00:00:00+0000,78.16,78.25,75.7,75.74,9871254.0
2018-03-01 00:00:00+0000,75.79,76.69,74.85,75.2,13393810.0
2018-03-02 00:00:00+0000,74.89,75.87,74.48,75.55,10511162.0
2018-03-05 00:00:00+0000,75.23,76.56,75.18,76.27,9736064.0
2018-03-06 00:00:00+0000,76.67,76.98,75.86,76.18,8342293.0
2018-03-07 00:00:00+0000,75.0,75.24,73.56,74.26,22378630.0
2018-03-08 00:00:00+0000,74.5,74.77,73.69,74.12,14724669.0
2018-03-09 00:00:00+0000,74.82,75.06,74.21,74.56,15550578.0
2018-03-12 00:00:00+0000,74.87,75.58,74.69,75.24,11041911.0
2018-03-13 00:00:00+0000,75.33,75.82,74.25,74.53,10784906.0
2018-03-14 00:00:00+0000,74.64,74.79,73.53,73.6,11698970.0
2018-03-15 00:00:00+0000,74.33,75.0,74.1,74.42,11451309.0
2018-03-16 00:00:00+0000,74.36,75.12,74.36,75.12,12767030.0
2018-03-19 00:00:00+0000,75.0,75.01,73.86,74.15,9404314.0
2018-03-20 00:00:00+0000,74.22,74.7,73.95,73.99,9642326.0
2018-03-21 00:00:00+0000,74.23,75.64,73.98,75.04,11356181.0
2018-03-22 00:00:00+0000,74.42,74.7,73.39,73.5,13272101.0
2018-03-23 00:00:00+0000,73.81,74.21,72.67,72.89,15155476.0
2018-03-26 00:00:00+0000,73.65,74.15,72.75,74.0,10287179.0
2018-03-27 00:00:00+0000,74.0,74.9,73.27,73.7,11272904.0
2018-03-28 00:00:00+0000,73.74,74.01,72.78,72.81,14188446.0
2018-03-29 00:00:00+0000,73.33,74.89,73.26,74.61,10507360.0
2018-04-02 00:00:00+0000,74.27,74.4,72.15,73.22,13801217.0
2018-04-03 00:00:00+0000,73.45,75.14,73.1,75.02,11714848.0
2018-04-04 00:00:00+0000,74.05,75.06,73.44,74.87,9743150.0
2018-04-05 00:00:00+0000,75.06,76.32,75.02,76.02,10104504.0
2018-04-06 00:00:00+0000,75.64,76.12,74.21,74.87,11153270.0
2018-04-09 00:00:00+0000,75.22,75.79,74.8,74.87,7612262.0
2018-04-10 00:00:00+0000,76.08,77.77,76.06,77.07,15210324.0
2018-04-11 00:00:00+0000,77.11,78.04,76.75,77.43,11479214.0
2018-04-12 00:00:00+0000,77.86,78.14,77.0,77.22,8448058.0
2018-04-13 00:00:00+0000,77.8,78.19,77.6,77.84,8272297.0
2018-04-16 00:00:00+0000,78.12,79.09,77.71,78.54,8564552.0
2018-04-17 00:00:00+0000,78.54,78.76,78.04,78.33,7169360.0
2018-04-18 00:00:00+0000,79.04,79.76,78.94,79.22,9157959.0
2018-04-19 00:00:00+0000,79.32,79.82,78.81,79.42,8696334.0
2018-04-20 00:00:00+0000,79.32,79.4,78.33,79.0,9038916.0
2018-04-23 00:00:00+0000,78.92,79.6,78.75,79.57,8060891.0
2018-04-24 00:00:00+0000,79.8,79.93,77.97,78.35,11213759.0
2018-04-25 00:00:00+0000,78.2,79.62,77.48,79.5,10653210.0
2018-04-26 00:00:00+0000,79.6,80.9,79.53,80.86,10095011.0
2018-04-27 00:00:00+0000,76.95,78.65,76.48,77.79,13016908.0
2018-04-30 00:00:00+0000,77.94,78.56,77.74,77.75,9184747.0
2018-05-01 00:00:00+0000,77.26,77.26,75.98,76.95,10746155.0
2018-05-02 00:00:00+0000,76.45,77.23,76.3,76.8,10360358.0
2018-05-03 00:00:00+0000,76.39,76.61,75.4,76.54,9358225.0
2018-05-04 00:00:00+0000,76.13,77.22,75.94,76.9,7368274.0
2018-05-07 00:00:00+0000,77.74,79.08,77.4,77.74,12491670.0
2018-05-08 00:00:00+0000,77.9,78.16,76.37,78.09,13503696.0
2018-05-09 00:00:00+0000,78.98,80.24,78.95,79.93,13926643.0
2018-05-10 00:00:00+0000,80.64,81.79,80.5,81.72,14961605.0
2018-05-11 00:00:00+0000,81.18,81.97,80.91,81.28,11630567.0
2018-05-14 00:00:00+0000,81.7,82.33,81.61,81.83,9490910.0
2018-05-15 00:00:00+0000,81.85,82.03,81.4,81.79,9789696.0
2018-05-16 00:00:00+0000,81.76,82.05,81.17,82.02,7326154.0
2018-05-17 00:00:00+0000,82.2,82.28,81.44,81.88,8993367.0
2018-05-18 00:00:00+0000,81.53,81.8,81.26,81.3,6303799.0
2018-05-21 00:00:00+0000,81.73,82.35,81.52,82.28,6605413.0
2018-05-22 00:00:00+0000,82.44,82.65,81.35,81.64,8651573.0
2018-05-23 00:00:00+0000,80.95,82.23,80.57,82.15,11039254.0
2018-05-24 00:00:00+0000,81.35,81.36,79.95,80.27,9959944.0
2018-05-25 00:00:00+0000,79.28,79.33,78.09,78.71,10986689.0
2018-05-29 00:00:00+0000,78.15,78.73,77.53,78.42,10335332.0
2018-05-30 00:00:00+0000,79.25,81.66,79.22,81.5,12711337.0
2018-05-31 00:00:00+0000,80.81,81.55,80.69,81.24,9401271.0
2018-06-01 00:00:00+0000,81.87,82.35,81.55,81.83,7566413.0
2018-06-04 00:00:00+0000,82.05,82.53,80.8,80.97,8893949.0
2018-06-05 00:00:00+0000,80.59,81.65,80.41,80.68,8489243.0
2018-06-06 00:00:00+0000,81.48,82.09,80.87,82.06,8466397.0
2018-06-07 00:00:00+0000,82.73,83.29,82.56,82.88,9257341.0
2018-06-08 00:00:00+0000,83.11,83.66,82.5,83.6,10159704.0
2018-06-11 00:00:00+0000,83.73,83.79,82.93,83.1,8109910.0
2018-06-12 00:00:00+0000,83.11,83.75,82.32,82.42,8534384.0
2018-06-13 00:00:00+0000,82.31,82.6,81.47,81.51,8216267.0
2018-06-14 00:00:00+0000,81.94,82.3,81.5,81.89,7142441.0
2018-06-15 00:00:00+0000,81.72,81.82,80.51,80.66,14266825.0
2018-06-18 00:00:00+0000,80.4,81.38,80.3,80.82,6276336.0
2018-06-19 00:00:00+0000,79.89,80.97,79.71,80.7,5678816.0
2018-06-20 00:00:00+0000,80.85,81.13,80.27,80.45,6586557.0
2018-06-21 00:00:00+0000,80.02,80.38,79.32,79.69,7514540.0
2018-06-22 00:00:00+0000,81.16,81.95,80.92,81.38,9571252.0
2018-06-25 00:00:00+0000,80.78,81.24,79.3,79.74,7630994.0
2018-06-26 00:00:00+0000,80.15,81.02,79.97,80.64,7381321.0
2018-06-27 00:00:00+0000,81.06,82.48,81.06,81.71,8814099.0
2018-06-28 00:00:00+0000,81.73,82.07,81.03,81.97,7493946.0
2018-06-29 00:00:00+0000,82.45,83.54,82.29,82.73,11854303.0
2018-07-02 00:00:00+0000,81.89,82.13,81.32,81.76,7517848.0
2018-07-03 00:00:00+0000,82.58,83.45,82.08,82.24,5665154.0
2018-07-05 00:00:00+0000,82.59,82.77,82.05,82.31,6774764.0
2018-07-06 00:00:00+0000,81.96,82.7,81.66,82.33,5170271.0
2018-07-09 00:00:00+0000,82.81,83.13,82.55,82.9,5262364.0
2018-07-10 00:00:00+0000,83.7,84.12,83.51,83.66,6751346.0
2018-07-11 00:00:00+0000,83.03,83.53,82.02,82.59,7986771.0
2018-07-12 00:00:00+0000,83.01,83.24,82.31,82.69,6836247.0
2018-07-13 00:00:00+0000,82.68,83.75,82.56,83.31,6635993.0
2018-07-16 00:00:00+0000,82.52,82.79,82.0,82.49,6355281.0
2018-07-17 00:00:00+0000,82.26,82.75,82.04,82.31,4905575.0
2018-07-18 00:00:00+0000,81.8,82.32,81.49,82.22,6564325.0
2018-07-19 00:00:00+0000,82.2,82.62,81.72,82.01,5814918.0
2018-07-20 00:00:00+0000,81.72,81.94,81.25,81.4,7006421.0
2018-07-23 00:00:00+0000,81.95,82.0,81.18,81.4,6546620.0
2018-07-24 00:00:00+0000,81.52,83.02,81.48,83.01,9009790.0
2018-07-25 00:00:00+0000,83.01,83.74,82.51,83.59,7303509.0
2018-07-26 00:00:00+0000,83.83,84.4,83.37,84.24,9613497.0
2018-07-27 00:00:00+0000,80.96,82.38,80.8,81.92,14512350.0
2018-07-30 00:00:00+0000,82.13,82.13,80.71,81.74,8682225.0
2018-07-31 00:00:00+0000,81.64,82.15,81.44,81.51,7045524.0
2018-08-01 00:00:00+0000,80.89,80.93,80.22,80.39,6945888.0
2018-08-02 00:00:00+0000,79.89,80.26,79.45,79.91,6775749.0
2018-08-03 00:00:00+0000,79.97,80.3,79.63,80.2,6295873.0
2018-08-06 00:00:00+0000,80.25,80.43,79.74,80.18,6643366.0
2018-08-07 00:00:00+0000,80.91,81.59,80.31,81.27,8167218.0
2018-08-08 00:00:00+0000,81.02,81.23,80.35,80.73,5037224.0
2018-08-09 00:00:00+0000,80.73,80.91,80.11,80.32,8141916.0
2018-08-10 00:00:00+0000,79.51,79.53,78.85,79.42,8352818.0
2018-08-13 00:00:00+0000,79.45,79.75,78.43,78.56,7177368.0
2018-08-14 00:00:00+0000,78.99,79.07,78.08,78.31,5699577.0
2018-08-15 00:00:00+0000,77.78,77.9,76.51,76.94,13330584.0
2018-08-16 00:00:00+0000,77.28,78.1,77.2,78.0,8089091.0
2018-08-17 00:00:00+0000,78.35,78.49,77.8,78.26,7339958.0
2018-08-20 00:00:00+0000,78.26,79.0,78.17,78.81,5707311.0
2018-08-21 00:00:00+0000,79.05,79.58,78.67,78.83,6779903.0
2018-08-22 00:00:00+0000,79.11,80.05,79.02,79.96,7181008.0
2018-08-23 00:00:00+0000,79.56,79.63,78.89,79.08,5164447.0
2018-08-24 00:00:00+0000,79.52,80.05,79.42,79.62,4515917.0
2018-08-27 00:00:00+0000,79.91,80.47,79.85,80.4,4983742.0
2018-08-28 00:00:00+0000,80.58,80.82,80.2,80.28,6515605.0
2018-08-29 00:00:00+0000,80.44,81.04,80.09,80.86,5789545.0
2018-08-30 00:00:00+0000,80.45,80.78,80.12,80.51,5880414.0
2018-08-31 00:00:00+0000,80.24,80.46,79.77,80.17,7013702.0
2018-09-04 00:00:00+0000,80.37,80.69,79.81,80.29,7000961.0
2018-09-05 00:00:00+0000,79.9,81.43,79.6,81.36,9337241.0
2018-09-06 00:00:00+0000,81.11,81.64,80.34,80.46,9996998.0
2018-09-07 00:00:00+0000,80.15,81.93,79.82,81.83,12314230.0
2018-09-10 00:00:00+0000,82.24,82.74,81.65,81.71,7569741.0
2018-09-11 00:00:00+0000,81.96,83.19,81.63,82.86,9153559.0
2018-09-12 00:00:00+0000,83.25,83.78,82.87,83.13,8369802.0
2018-09-13 00:00:00+0000,83.15,83.25,82.01,82.32,6915325.0
2018-09-14 00:00:00+0000,82.42,83.15,82.27,82.92,6560027.0
2018-09-17 00:00:00+0000,83.0,83.61,82.99,83.41,5333782.0
2018-09-18 00:00:00+0000,83.9,84.13,83.45,83.63,6040200.0
2018-09-19 00:00:00+0000,83.64,84.77,83.64,84.63,7690138.0
2018-09-20 00:00:00+0000,84.85,85.34,84.54,84.82,8147792.0
2018-09-21 00:00:00+0000,85.01,85.43,84.52,85.17,15364608.0
2018-09-24 00:00:00+0000,85.79,87.09,85.72,86.6,10198523.0
2018-09-25 00:00:00+0000,87.03,87.36,86.37,86.5,7853540.0
2018-09-26 00:00:00+0000,86.02,86.5,85.69,85.78,6907054.0
2018-09-27 00:00:00+0000,86.09,86.38,85.59,85.77,5708528.0
2018-09-28 00:00:00+0000,85.25,85.93,84.99,85.02,6033392.0
2018-10-01 00:00:00+0000,85.35,86.03,85.25,85.81,5928786.0
2018-10-02 00:00:00+0000,85.8,86.67,85.62,86.46,5563356.0
2018-10-03 00:00:00+0000,86.53,86.89,85.97,86.15,7321855.0
2018-10-04 00:00:00+0000,85.5,86.08,85.25,85.58,7282608.0
2018-10-05 00:00:00+0000,85.31,85.7,84.93,85.34,6592541.0
2018-10-08 00:00:00+0000,84.79,86.31,84.65,86.13,7909695.0
2018-10-09 00:00:00+0000,86.38,86.88,85.74,86.51,7167697.0
2018-10-10 00:00:00+0000,86.73,86.82,84.5,84.52,12449725.0
2018-10-11 00:00:00+0000,83.94,84.17,81.17,81.6,15808325.0
2018-10-12 00:00:00+0000,82.13,82.24,80.27,81.38,10587969.0
2018-10-15 00:00:00+0000,81.38,81.74,80.82,80.82,6292012.0
2018-10-16 00:00:00+0000,80.51,81.27,80.01,81.2,6756003.0
2018-10-17 00:00:00+0000,80.94,81.52,80.34,81.5,7876194.0
2018-10-18 00:00:00+0000,81.2,82.47,81.2,81.85,12865935.0
2018-10-19 00:00:00+0000,81.66,82.47,81.51,81.97,7686658.0
2018-10-22 00:00:00+0000,82.0,82.18,80.64,81.15,6777088.0
2018-10-23 00:00:00+0000,80.06,80.46,78.71,79.84,12339558.0
2018-10-24 00:00:00+0000,80.13,80.26,77.55,77.62,11675939.0
2018-10-25 00:00:00+0000,78.49,79.05,77.74,78.31,9267896.0
2018-10-26 00:00:00+0000,77.87,78.41,76.96,77.53,13769500.0
2018-10-29 00:00:00+0000,78.07,78.43,76.22,77.05,12029953.0
2018-10-30 00:00:00+0000,77.62,79.03,77.42,78.78,13308281.0
2018-10-31 00:00:00+0000,79.34,80.36,78.9,79.68,10659689.0
2018-11-01 00:00:00+0000,79.83,80.75,79.3,80.67,10761684.0
2018-11-02 00:00:00+0000,81.76,82.45,80.23,81.95,13422138.0
2018-11-05 00:00:00+0000,82.5,82.87,81.44,81.64,10091006.0
2018-11-06 00:00:00+0000,81.74,82.1,81.35,81.99,7044136.0
2018-11-07 00:00:00+0000,82.21,83.14,81.65,83.03,10081918.0
2018-11-08 00:00:00+0000,83.13,83.75,81.53,81.71,12740371.0
2018-11-09 00:00:00+0000,80.26,81.4,79.69,80.87,10898474.0
2018-11-12 00:00:00+0000,81.66,81.73,79.73,79.83,8630794.0
2018-11-13 00:00:00+0000,79.8,79.85,77.64,78.0,11615367.0
2018-11-14 00:00:00+0000,78.86,79.09,76.75,77.39,14225395.0
2018-11-15 00:00:00+0000,76.67,78.19,75.91,78.19,14051849.0
2018-11-16 00:00:00+0000,78.37,79.19,78.1,78.96,9461307.0
2018-11-19 00:00:00+0000,78.46,79.36,78.43,79.22,7517780.0
2018-11-20 00:00:00+0000,78.42,78.9,76.37,76.97,12763254.0
2018-11-21 00:00:00+0000,77.43,78.38,77.26,77.56,7202970.0
2018-11-23 00:00:00+0000,76.05,76.2,74.7,75.49,8997021.0
2018-11-26 00:00:00+0000,76.24,77.32,76.12,76.98,9725024.0
2018-11-27 00:00:00+0000,76.57,77.45,76.4,77.05,8153257.0
2018-11-28 00:00:00+0000,77.04,78.45,76.84,78.45,7944421.0
2018-11-29 00:00:00+0000,78.25,79.53,78.19,79.06,7629160.0
2018-11-30 00:00:00+0000,78.45,79.57,78.32,79.5,8678099.0
2018-12-03 00:00:00+0000,80.24,81.46,80.14,81.22,11395863.0
2018-12-04 00:00:00+0000,81.38,81.95,79.35,79.43,11848300.0
2018-12-06 00:00:00+0000,78.0,78.44,76.92,78.39,16334599.0
2018-12-07 00:00:00+0000,79.28,80.36,77.33,77.64,11978262.0
2018-12-10 00:00:00+0000,77.86,77.86,74.79,76.54,13687117.0
2018-12-11 00:00:00+0000,77.7,77.8,75.68,76.68,9836919.0
2018-12-12 00:00:00+0000,78.04,78.2,76.01,76.02,10266248.0
2018-12-13 00:00:00+0000,76.03,77.22,75.95,76.98,8487626.0
2018-12-14 00:00:00+0000,76.72,76.87,75.09,75.58,9330521.0
2018-12-17 00:00:00+0000,75.26,75.6,73.48,74.04,10326971.0
2018-12-18 00:00:00+0000,73.63,73.86,71.62,72.0,14254219.0
2018-12-19 00:00:00+0000,72.45,73.27,70.29,70.78,16018178.0
2018-12-20 00:00:00+0000,70.09,70.66,68.05,68.63,22153957.0
2018-12-21 00:00:00+0000,68.14,70.37,67.67,68.12,25915465.0
2018-12-24 00:00:00+0000,66.87,67.53,65.44,65.51,11411813.0
2018-12-26 00:00:00+0000,66.18,68.66,64.65,68.64,19754529.0
2018-12-27 00:00:00+0000,67.76,68.94,66.08,68.94,16374307.0
2018-12-28 00:00:00+0000,69.18,69.58,67.82,68.17,15480624.0
2018-12-31 00:00:00+0000,68.32,69.15,67.66,68.19,11929786.0
2019-01-02 00:00:00+0000,67.35,69.87,67.25,69.69,12534020.0
2019-01-03 00:00:00+0000,70.0,70.25,68.35,68.62,10065609.0
2019-01-04 00:00:00+0000,69.64,71.27,69.36,71.15,11506412.0
2019-01-07 00:00:00+0000,71.25,72.1,70.74,71.52,7963758.0
2019-01-08 00:00:00+0000,72.54,72.59,71.94,72.04,8229562.0
2019-01-09 00:00:00+0000,72.6,72.6,71.64,72.42,10226047.0
2019-01-10 00:00:00+0000,72.07,72.08,71.12,72.05,8300271.0
2019-01-11 00:00:00+0000,71.85,71.89,71.07,71.72,7359019.0
2019-01-14 00:00:00+0000,71.21,71.78,71.12,71.63,6989764.0
2019-01-15 00:00:00+0000,71.95,72.36,71.32,71.67,6928140.0
2019-01-16 00:00:00+0000,71.42,72.38,71.31,71.64,7797906.0
2019-01-17 00:00:00+0000,71.19,72.34,70.89,72.13,7637525.0
2019-01-18 00:00:00+0000,73.27,73.29,72.12,72.99,11901454.0
2019-01-22 00:00:00+0000,72.39,72.71,71.68,71.89,9503630.0
2019-01-23 00:00:00+0000,72.01,72.3,70.93,71.3,9146744.0
2019-01-24 00:00:00+0000,71.1,71.97,70.63,71.4,8165035.0
2019-01-25 00:00:00+0000,72.09,72.27,71.53,71.72,6545265.0
2019-01-28 00:00:00+0000,71.02,71.28,70.37,71.24,8583210.0
2019-01-29 00:00:00+0000,71.7,72.19,71.48,71.51,7113210.0
2019-01-30 00:00:00+0000,71.77,72.57,71.5,72.29,8215233.0
2019-01-31 00:00:00+0000,72.29,73.49,72.02,73.28,12076508.0
2019-02-01 00:00:00+0000,74.92,76.49,74.32,75.92,18071267.0
2019-02-04 00:00:00+0000,75.76,75.76,74.4,74.82,11508248.0
2019-02-05 00:00:00+0000,75.18,75.64,75.01,75.59,9490906.0
2019-02-06 00:00:00+0000,75.58,75.77,75.13,75.26,8122112.0
2019-02-07 00:00:00+0000,74.95,75.19,73.9,74.68,10988619.0
2019-02-08 00:00:00+0000,73.76,74.07,72.73,73.98,9148079.0
2019-02-11 00:00:00+0000,73.88,74.22,73.4,74.1,6688093.0
2019-02-12 00:00:00+0000,75.08,75.45,74.82,75.4,9155964.0
2019-02-13 00:00:00+0000,75.58,76.54,75.51,76.25,9861551.0
2019-02-14 00:00:00+0000,76.26,76.65,75.71,76.27,9469078.0
2019-02-15 00:00:00+0000,76.94,77.76,76.75,77.71,10077160.0
2019-02-19 00:00:00+0000,77.56,78.48,77.45,78.23,10491568.0
2019-02-20 00:00:00+0000,78.3,78.81,78.0,78.53,7908911.0
2019-02-21 00:00:00+0000,78.21,78.66,77.61,77.82,7743656.0
2019-02-22 00:00:00+0000,78.71,78.95,77.62,78.42,6807657.0
2019-02-25 00:00:00+0000,78.3,78.85,78.2,78.5,6594293.0
2019-02-26 00:00:00+0000,78.66,79.13,78.39,78.66,7470078.0
2019-02-27 00:00:00+0000,78.88,79.76,78.66,79.47,9624589.0
2019-02-28 00:00:00+0000,79.45,79.75,78.71,79.03,8839375.0
2019-03-01 00:00:00+0000,79.38,80.0,79.03,80.0,9818473.0
2019-03-04 00:00:00+0000,80.24,80.55,79.01,80.31,12912429.0
2019-03-05 00:00:00+0000,80.11,80.4,79.75,80.19,9009479.0
2019-03-06 00:00:00+0000,78.85,79.38,77.86,79.28,13011525.0
2019-03-07 00:00:00+0000,79.55,80.26,79.32,80.16,12094633.0
2019-03-08 00:00:00+0000,78.89,79.32,78.25,79.01,12222519.0
2019-03-11 00:00:00+0000,79.98,80.29,79.65,79.78,7475920.0
2019-03-12 00:00:00+0000,80.15,80.58,79.89,80.0,7465512.0
2019-03-13 00:00:00+0000,80.59,80.76,80.2,80.71,7613411.0
2019-03-14 00:00:00+0000,80.8,80.91,80.35,80.44,6677861.0
2019-03-15 00:00:00+0000,80.18,80.56,80.1,80.15,12492011.0
2019-03-18 00:00:00+0000,80.44,81.25,80.44,81.08,6700572.0
2019-03-19 00:00:00+0000,81.58,82.0,80.64,80.87,9116951.0
2019-03-20 00:00:00+0000,80.75,81.92,80.56,81.32,8457222.0
2019-03-21 00:00:00+0000,80.81,81.89,80.8,81.79,6677815.0
2019-03-22 00:00:00+0000,81.23,81.44,80.3,80.48,9613267.0
2019-03-25 00:00:00+0000,80.0,80.44,79.59,79.92,8906234.0
2019-03-26 00:00:00+0000,80.33,81.27,80.18,80.96,7094406.0
2019-03-27 00:00:00+0000,80.97,81.31,79.82,80.34,5194523.0
2019-03-28 00:00:00+0000,79.99,80.79,79.99,80.74,5484020.0
2019-03-29 00:00:00+0000,81.33,81.48,80.48,80.8,6369569.0
2019-04-01 00:00:00+0000,81.23,81.78,81.08,81.73,7416753.0
2019-04-02 00:00:00+0000,81.75,81.95,81.11,81.38,5712879.0
2019-04-03 00:00:00+0000,81.77,81.77,80.6,80.9,6391151.0
2019-04-04 00:00:00+0000,81.12,82.08,80.77,82.05,7777752.0
2019-04-05 00:00:00+0000,82.15,82.53,81.95,82.49,8073005.0
2019-04-08 00:00:00+0000,82.67,83.2,82.59,83.0,6780996.0
2019-04-09 00:00:00+0000,82.52,82.58,81.74,81.93,6459165.0
2019-04-10 00:00:00+0000,81.93,82.08,81.41,81.56,7532208.0
2019-04-11 00:00:00+0000,81.54,82.07,81.02,81.95,7241933.0
2019-04-12 00:00:00+0000,82.81,82.81,80.57,80.92,13590949.0
2019-04-15 00:00:00+0000,80.89,81.06,80.52,80.65,5654174.0
2019-04-16 00:00:00+0000,80.81,81.35,80.69,81.2,5244645.0
2019-04-17 00:00:00+0000,81.55,81.7,81.08,81.43,5955200.0
2019-04-18 00:00:00+0000,81.56,81.83,81.07,81.13,7351903.0
2019-04-22 00:00:00+0000,81.87,83.22,81.64,82.9,8100554.0
2019-04-23 00:00:00+0000,83.19,83.49,82.68,83.38,8034047.0
2019-04-24 00:00:00+0000,83.01,83.08,81.73,81.76,8577231.0
2019-04-25 00:00:00+0000,81.65,82.84,81.4,82.22,8897970.0
2019-04-26 00:00:00+0000,80.15,80.63,79.56,80.49,13739731.0
2019-04-29 00:00:00+0000,80.12,80.38,79.66,79.97,7012630.0
2019-04-30 00:00:00+0000,80.43,80.53,79.93,80.28,8163063.0
2019-05-01 00:00:00+0000,79.94,80.26,78.62,78.67,8710290.0
2019-05-02 00:00:00+0000,78.28,78.5,77.24,77.29,10740871.0
2019-05-03 00:00:00+0000,77.79,78.21,77.44,77.47,7848825.0
2019-05-06 00:00:00+0000,76.92,77.66,76.71,77.13,9575251.0
2019-05-07 00:00:00+0000,76.5,76.79,75.76,76.72,9797309.0
2019-05-08 00:00:00+0000,76.54,77.29,76.42,76.84,7770995.0
2019-05-09 00:00:00+0000,76.35,76.88,75.96,76.77,9946897.0
2019-05-10 00:00:00+0000,76.18,76.79,75.17,76.56,8551853.0
2019-05-13 00:00:00+0000,75.65,76.23,75.36,75.71,8304737.0
2019-05-14 00:00:00+0000,76.13,76.8,75.76,75.81,7622427.0
2019-05-15 00:00:00+0000,75.57,76.55,75.21,76.37,6428472.0
2019-05-16 00:00:00+0000,76.4,76.95,76.22,76.36,5660314.0
2019-05-17 00:00:00+0000,75.65,76.3,75.59,75.91,6771833.0
2019-05-20 00:00:00+0000,76.05,76.36,75.67,75.9,5315827.0
2019-05-21 00:00:00+0000,76.27,76.46,75.93,76.25,5749955.0
2019-05-22 00:00:00+0000,76.02,76.21,75.38,75.56,5953190.0
2019-05-23 00:00:00+0000,74.77,74.8,73.04,73.79,11301473.0
2019-05-24 00:00:00+0000,74.14,74.25,73.44,74.1,4631670.0
2019-05-28 00:00:00+0000,74.24,74.25,72.48,72.61,9486371.0
2019-05-29 00:00:00+0000,71.89,72.43,71.62,72.16,10515193.0
2019-05-30 00:00:00+0000,72.02,72.13,71.53,71.97,6867389.0
2019-05-31 00:00:00+0000,71.19,71.55,70.63,70.77,8921595.0
2019-06-03 00:00:00+0000,71.09,72.01,70.96,71.88,7924906.0
2019-06-04 00:00:00+0000,72.45,73.66,72.17,73.59,7599216.0
2019-06-05 00:00:00+0000,73.64,73.64,72.58,72.98,7812911.0
2019-06-06 00:00:00+0000,73.71,74.62,73.59,74.31,8375056.0
2019-06-07 00:00:00+0000,74.51,74.97,74.43,74.58,6317976.0
2019-06-10 00:00:00+0000,75.19,75.33,74.45,74.91,6047660.0
2019-06-11 00:00:00+0000,75.51,75.81,74.82,74.84,7338980.0
2019-06-12 00:00:00+0000,74.48,74.61,73.81,74.03,5925519.0
2019-06-13 00:00:00+0000,74.7,75.17,74.38,74.68,6461268.0
2019-06-14 00:00:00+0000,74.68,74.81,74.23,74.35,5711740.0
2019-06-17 00:00:00+0000,74.15,75.19,74.04,75.09,6942383.0
2019-06-18 00:00:00+0000,75.42,76.22,75.35,75.74,7725354.0
2019-06-19 00:00:00+0000,75.4,75.86,75.17,75.32,6735642.0
2019-06-20 00:00:00+0000,76.24,76.98,76.08,76.61,12447061.0
2019-06-21 00:00:00+0000,77.14,77.76,76.87,77.69,13220182.0
2019-06-24 00:00:00+0000,77.53,77.76,76.81,76.95,6256875.0
2019-06-25 00:00:00+0000,77.08,77.22,76.19,76.27,7007654.0
2019-06-26 00:00:00+0000,76.69,77.13,76.47,76.6,6228209.0
2019-06-27 00:00:00+0000,76.59,76.75,75.76,75.82,5958646.0
2019-06-28 00:00:00+0000,76.19,76.73,75.94,76.63,7220751.0
2019-07-01 00:00:00+0000,77.07,77.93,76.29,76.56,8439670.0
2019-07-02 00:00:00+0000,76.14,76.27,75.41,75.72,7970480.0
2019-07-03 00:00:00+0000,75.82,76.5,75.62,76.44,3541980.0
2019-07-05 00:00:00+0000,76.19,76.35,75.59,76.13,4388078.0
2019-07-08 00:00:00+0000,76.14,76.7,75.91,76.48,4898183.0
2019-07-09 00:00:00+0000,76.45,76.77,75.73,76.43,5037593.0
2019-07-10 00:00:00+0000,76.8,77.63,76.74,77.51,5657668.0
2019-07-11 00:00:00+0000,77.41,77.61,77.05,77.57,4418433.0
2019-07-12 00:00:00+0000,77.75,77.88,77.5,77.63,4187246.0
2019-07-15 00:00:00+0000,77.63,77.74,76.89,77.08,4744642.0
2019-07-16 00:00:00+0000,76.92,77.07,75.79,75.93,6898108.0
2019-07-17 00:00:00+0000,75.74,75.96,75.35,75.48,5304256.0
2019-07-18 00:00:00+0000,75.03,75.27,74.18,74.84,7685740.0
2019-07-19 00:00:00+0000,74.9,75.25,74.53,74.99,6582637.0
2019-07-22 00:00:00+0000,75.24,75.3,74.5,75.07,5024096.0
2019-07-23 00:00:00+0000,75.15,75.77,74.75,75.37,6220261.0
2019-07-24 00:00:00+0000,75.29,76.05,74.85,75.36,5545561.0
2019-07-25 00:00:00+0000,75.78,75.78,74.8,74.93,6015146.0
2019-07-26 00:00:00+0000,74.87,75.08,74.6,74.81,4702717.0
2019-07-29 00:00:00+0000,74.88,75.38,74.7,75.34,4952947.0
2019-07-30 00:00:00+0000,75.06,75.56,74.89,75.35,5399019.0
2019-07-31 00:00:00+0000,75.04,75.66,74.26,74.36,8343034.0
2019-08-01 00:00:00+0000,73.7,74.27,72.26,72.46,13491773.0
2019-08-02 00:00:00+0000,72.61,73.26,71.18,71.75,13780456.0
2019-08-05 00:00:00+0000,70.78,70.92,69.61,70.28,13676261.0
2019-08-06 00:00:00+0000,70.29,71.01,70.28,70.96,9146607.0
2019-08-07 00:00:00+0000,69.86,70.88,69.4,70.5,11276862.0
2019-08-08 00:00:00+0000,70.85,72.41,70.62,72.38,8347880.0
2019-08-09 00:00:00+0000,72.13,72.25,70.47,70.84,10431185.0
2019-08-12 00:00:00+0000,70.06,70.16,69.33,69.61,7320668.0
2019-08-13 00:00:00+0000,69.27,70.62,68.92,70.49,9153078.0
2019-08-14 00:00:00+0000,69.07,69.09,67.65,67.65,13748620.0
2019-08-15 00:00:00+0000,67.46,67.56,66.52,67.25,9984999.0
2019-08-16 00:00:00+0000,67.78,68.46,67.26,68.3,9044978.0
2019-08-19 00:00:00+0000,68.97,69.65,68.86,69.45,7169341.0
2019-08-20 00:00:00+0000,69.3,69.3,68.71,69.03,6720493.0
2019-08-21 00:00:00+0000,69.96,69.98,69.37,69.72,8114887.0
2019-08-22 00:00:00+0000,69.91,69.96,69.25,69.57,5136061.0
2019-08-23 00:00:00+0000,68.75,69.53,67.03,67.49,10501235.0
2019-08-26 00:00:00+0000,68.12,68.26,67.53,67.85,5343874.0
2019-08-27 00:00:00+0000,68.13,68.44,66.97,67.19,6232041.0
2019-08-28 00:00:00+0000,67.53,67.98,67.16,67.68,6990181.0
2019-08-29 00:00:00+0000,68.3,68.67,68.09,68.43,6339030.0
2019-08-30 00:00:00+0000,68.61,69.08,68.06,68.48,5350502.0
2019-09-03 00:00:00+0000,67.89,68.68,67.63,68.56,7150617.0
2019-09-04 00:00:00+0000,69.5,69.61,69.09,69.29,5199804.0
2019-09-05 00:00:00+0000,69.84,70.55,69.7,70.27,6850095.0
2019-09-06 00:00:00+0000,70.35,70.95,70.12,70.93,6802803.0
2019-09-09 00:00:00+0000,71.16,72.07,70.98,71.49,7925635.0
2019-09-10 00:00:00+0000,72.14,72.85,71.62,72.07,9922885.0
2019-09-11 00:00:00+0000,72.78,72.84,71.55,71.93,7472812.0
2019-09-12 00:00:00+0000,70.98,72.16,70.7,71.98,5860251.0
2019-09-13 00:00:00+0000,72.31,72.72,72.06,72.64,5103176.0
2019-09-16 00:00:00+0000,75.07,75.18,73.6,73.73,14999313.0
2019-09-17 00:00:00+0000,73.86,74.08,72.63,73.17,8910596.0
2019-09-18 00:00:00+0000,72.65,72.97,72.33,72.82,4867995.0
2019-09-19 00:00:00+0000,72.97,73.19,72.19,72.33,5283001.0
2019-09-20 00:00:00+0000,72.49,72.5,71.85,72.08,11319733.0
2019-09-23 00:00:00+0000,71.52,72.36,71.46,72.13,4891606.0
2019-09-24 00:00:00+0000,71.81,71.87,70.81,71.14,7684426.0
2019-09-25 00:00:00+0000,70.98,71.47,70.82,71.35,5770018.0
2019-09-26 00:00:00+0000,71.22,71.35,70.68,70.97,5995777.0
2019-09-27 00:00:00+0000,70.7,71.67,70.63,71.48,5054727.0
2019-09-30 00:00:00+0000,71.24,71.45,70.58,70.61,6300008.0
2019-10-01 00:00:00+0000,70.83,70.91,68.91,68.95,7797235.0
2019-10-02 00:00:00+0000,68.27,68.59,67.0,67.15,10663933.0
2019-10-03 00:00:00+0000,67.0,68.0,66.3,67.98,8160290.0
2019-10-04 00:00:00+0000,68.1,69.07,67.82,68.97,7506746.0
2019-10-07 00:00:00+0000,68.7,69.03,68.02,68.02,6423424.0
2019-10-08 00:00:00+0000,67.54,67.92,66.64,66.7,7041921.0
2019-10-09 00:00:00+0000,67.3,67.7,67.2,67.44,6194392.0
2019-10-10 00:00:00+0000,67.43,68.36,67.38,68.25,5067922.0
2019-10-11 00:00:00+0000,68.98,69.49,68.88,68.98,7160331.0
2019-10-14 00:00:00+0000,68.6,69.37,68.59,69.18,3741160.0
2019-10-15 00:00:00+0000,69.06,70.0,69.01,69.42,4728050.0
2019-10-16 00:00:00+0000,69.21,69.53,68.21,68.23,7105840.0
2019-10-17 00:00:00+0000,68.48,68.89,68.08,68.14,6697346.0
2019-10-18 00:00:00+0000,67.87,68.15,67.61,67.61,9598540.0
2019-10-21 00:00:00+0000,67.82,68.77,67.82,68.74,7052818.0
2019-10-22 00:00:00+0000,68.78,69.76,68.65,69.09,7032504.0
2019-10-23 00:00:00+0000,68.96,69.76,68.78,69.75,4954719.0
2019-10-24 00:00:00+0000,69.96,70.05,69.02,69.09,5156513.0
2019-10-25 00:00:00+0000,68.9,69.48,68.9,69.25,5597162.0
2019-10-28 00:00:00+0000,69.46,69.67,68.58,68.64,7554878.0
2019-10-29 00:00:00+0000,68.48,69.03,68.24,68.44,10050985.0
2019-10-30 00:00:00+0000,68.37,68.37,67.27,67.72,9628177.0
2019-10-31 00:00:00+0000,67.51,67.68,67.14,67.57,9726575.0
2019-11-01 00:00:00+0000,68.4,69.61,68.31,69.6,10553915.0
2019-11-04 00:00:00+0000,70.07,71.87,69.94,71.67,11598328.0
2019-11-05 00:00:00+0000,72.04,73.12,71.85,73.09,11275165.0
2019-11-06 00:00:00+0000,72.73,72.87,71.2,71.49,9245626.0
2019-11-07 00:00:00+0000,72.03,73.03,72.0,73.01,9211248.0
2019-11-08 00:00:00+0000,71.61,71.8,70.66,70.77,8858225.0
2019-11-11 00:00:00+0000,70.21,70.61,69.97,70.34,6591447.0
2019-11-12 00:00:00+0000,70.27,70.41,68.98,69.37,10357666.0
2019-11-13 00:00:00+0000,69.02,69.15,68.6,68.8,7935102.0
2019-11-14 00:00:00+0000,68.86,68.97,68.18,68.5,7652657.0
2019-11-15 00:00:00+0000,68.71,69.3,68.67,69.19,8002920.0
2019-11-18 00:00:00+0000,68.7,68.82,68.3,68.52,7263995.0
2019-11-19 00:00:00+0000,68.4,68.56,67.78,67.82,7108468.0
2019-11-20 00:00:00+0000,67.67,68.54,67.32,68.03,9829456.0
2019-11-21 00:00:00+0000,68.02,69.75,67.92,69.67,10027853.0
2019-11-22 00:00:00+0000,69.71,70.18,69.33,69.37,8135154.0
2019-11-25 00:00:00+0000,69.37,69.44,68.7,68.91,6953108.0
2019-11-26 00:00:00+0000,68.92,69.04,68.43,68.74,7019677.0
2019-11-27 00:00:00+0000,68.76,69.09,68.41,68.7,5298313.0
2019-11-29 00:00:00+0000,68.33,68.53,68.0,68.13,5205667.0
2019-12-02 00:00:00+0000,68.34,68.88,68.33,68.42,7636101.0
2019-12-03 00:00:00+0000,68.0,68.25,67.52,67.88,9550611.0
2019-12-04 00:00:00+0000,68.22,68.76,68.14,68.65,8380098.0
2019-12-05 00:00:00+0000,68.89,68.97,68.2,68.41,7090764.0
2019-12-06 00:00:00+0000,68.76,69.87,68.76,69.51,10122683.0
2019-12-09 00:00:00+0000,69.08,69.97,69.02,69.66,8629978.0
2019-12-10 00:00:00+0000,69.66,70.15,68.7,69.06,11190521.0
2019-12-11 00:00:00+0000,68.74,69.76,68.67,68.96,9447924.0
2019-12-12 00:00:00+0000,68.96,70.38,68.9,70.34,12822444.0
2019-12-13 00:00:00+0000,70.48,70.54,69.12,69.23,9522152.0
2019-12-16 00:00:00+0000,69.7,70.25,69.7,70.0,8771659.0
2019-12-17 00:00:00+0000,69.98,70.38,69.31,69.68,10115856.0
2019-12-18 00:00:00+0000,69.63,70.29,69.28,69.87,8028488.0
2019-12-19 00:00:00+0000,69.99,70.05,69.24,69.39,7656932.0
2019-12-20 00:00:00+0000,69.86,70.23,69.39,69.94,16018344.0
2019-12-23 00:00:00+0000,69.86,70.3,69.53,70.29,8723741.0
2019-12-24 00:00:00+0000,70.35,70.5,69.91,70.02,3188733.0
2019-12-26 00:00:00+0000,70.19,70.5,70.01,70.13,6281044.0
2019-12-27 00:00:00+0000,70.2,70.32,69.88,69.89,6851756.0
2019-12-30 00:00:00+0000,70.09,70.44,69.4,69.48,9720500.0
2019-12-31 00:00:00+0000,69.02,69.8,69.01,69.78,8755868.0
2020-01-02 00:00:00+0000,70.24,71.02,70.23,70.9,9610057.0
2020-01-03 00:00:00+0000,71.34,71.37,70.16,70.33,12937942.0
2020-01-06 00:00:00+0000,70.32,71.36,70.23,70.87,16261254.0
2020-01-07 00:00:00+0000,70.5,70.52,69.51,70.29,10463591.0
2020-01-08 00:00:00+0000,70.11,70.29,69.17,69.23,11441945.0
2020-01-09 00:00:00+0000,69.14,69.9,68.62,69.76,9987503.0
2020-01-10 00:00:00+0000,69.93,69.96,69.12,69.14,9372243.0
2020-01-13 00:00:00+0000,69.2,69.87,69.11,69.8,7418117.0
2020-01-14 00:00:00+0000,69.38,69.58,68.89,69.2,11694679.0
2020-01-15 00:00:00+0000,69.2,69.59,68.89,69.09,7787712.0
2020-01-16 00:00:00+0000,69.26,69.59,68.8,68.82,9127055.0
2020-01-17 00:00:00+0000,68.75,69.08,68.29,68.56,13185582.0
2020-01-21 00:00:00+0000,68.38,68.42,67.51,67.58,12519193.0
2020-01-22 00:00:00+0000,67.56,67.7,67.0,67.19,11714849.0
2020-01-23 00:00:00+0000,66.71,66.93,66.05,66.77,14550960.0
2020-01-24 00:00:00+0000,66.54,66.68,66.04,66.32,13019313.0
2020-01-27 00:00:00+0000,65.42,65.73,64.7,64.74,15482377.0
2020-01-28 00:00:00+0000,65.11,65.2,64.63,64.65,14049477.0
2020-01-29 00:00:00+0000,65.03,65.13,63.9,64.11,10567374.0
2020-01-30 00:00:00+0000,63.78,64.88,63.43,64.79,14671434.0
2020-01-31 00:00:00+0000,63.2,63.2,61.86,62.12,25202421.0
2020-02-03 00:00:00+0000,61.36,61.42,60.37,60.73,21750573.0
2020-02-04 00:00:00+0000,61.45,61.91,59.89,59.97,25122454.0
2020-02-05 00:00:00+0000,60.75,62.93,60.6,62.73,23118092.0
2020-02-06 00:00:00+0000,62.93,63.01,61.78,61.88,12298726.0
2020-02-07 00:00:00+0000,61.41,61.66,61.06,61.47,11229143.0
2020-02-10 00:00:00+0000,60.47,60.52,59.62,59.96,16981504.0
2020-02-11 00:00:00+0000,60.58,60.89,60.17,60.53,12160048.0
2020-02-12 00:00:00+0000,61.33,61.53,60.56,61.27,12464185.0
2020-02-13 00:00:00+0000,61.06,61.42,60.56,60.93,10055706.0
2020-02-14 00:00:00+0000,61.15,61.16,60.28,60.65,8085433.0
2020-02-18 00:00:00+0000,60.15,60.39,59.45,59.88,14354771.0
2020-02-19 00:00:00+0000,60.11,60.63,59.83,60.34,8772363.0
2020-02-20 00:00:00+0000,60.23,60.54,59.72,59.86,11490136.0
2020-02-21 00:00:00+0000,59.51,59.51,58.79,59.13,13715398.0
2020-02-24 00:00:00+0000,57.62,57.8,56.36,56.36,24272475.0
2020-02-25 00:00:00+0000,56.75,56.75,53.97,54.2,29598600.0
2020-02-26 00:00:00+0000,54.55,54.82,52.93,53.01,24208663.0
2020-02-27 00:00:00+0000,51.71,52.44,49.8,49.82,39611882.0
2020-02-28 00:00:00+0000,48.77,51.44,48.01,51.44,50220351.0
2020-03-02 00:00:00+0000,52.59,53.89,51.12,53.88,29703019.0
2020-03-03 00:00:00+0000,53.95,54.15,50.98,51.3,39269909.0
2020-03-04 00:00:00+0000,52.23,52.48,51.12,52.42,18100457.0
2020-03-05 00:00:00+0000,50.42,50.7,49.04,50.11,31739832.0
2020-03-06 00:00:00+0000,48.84,49.01,47.2,47.69,46608927.0
2020-03-09 00:00:00+0000,41.71,44.57,40.8,41.86,60186757.0
2020-03-10 00:00:00+0000,46.11,46.26,41.45,43.41,49408502.0
2020-03-11 00:00:00+0000,42.44,43.48,41.75,41.98,42251711.0
2020-03-12 00:00:00+0000,39.94,40.65,37.0,37.18,53960459.0
2020-03-13 00:00:00+0000,40.01,40.14,35.0,38.12,66434205.0
2020-03-16 00:00:00+0000,34.4,37.88,33.25,34.49,39566526.0
2020-03-17 00:00:00+0000,35.21,37.38,34.2,36.81,33630490.0
2020-03-18 00:00:00+0000,34.55,36.71,31.23,33.12,45502704.0
2020-03-19 00:00:00+0000,33.73,34.9,32.35,34.43,38094343.0
2020-03-20 00:00:00+0000,34.84,35.18,31.56,32.74,57635552.0
2020-03-23 00:00:00+0000,32.53,32.7,30.11,31.45,47020126.0
2020-03-24 00:00:00+0000,34.42,36.17,33.33,35.44,49556914.0
2020-03-25 00:00:00+0000,36.51,38.59,35.18,37.29,44949163.0
2020-03-26 00:00:00+0000,37.5,39.56,36.72,38.82,38309274.0
2020-03-27 00:00:00+0000,37.13,37.68,36.2,36.95,36603833.0
2020-03-30 00:00:00+0000,36.23,38.15,35.86,37.5,33741483.0
2020-03-31 00:00:00+0000,38.34,39.45,37.37,37.97,30034345.0
2020-04-01 00:00:00+0000,36.86,38.7,36.34,37.53,28928940.0
2020-04-02 00:00:00+0000,38.74,41.96,37.9,40.4,53837002.0
2020-04-03 00:00:00+0000,41.45,42.18,38.52,39.21,42069610.0
2020-04-06 00:00:00+0000,39.88,40.83,39.23,40.47,31676369.0
2020-04-07 00:00:00+0000,42.9,43.32,41.16,41.24,40212322.0
2020-04-08 00:00:00+0000,41.95,44.04,41.47,43.85,27245962.0
2020-04-09 00:00:00+0000,45.46,46.71,41.74,43.13,51050957.0
2020-04-13 00:00:00+0000,44.45,44.69,41.97,42.76,24205031.0
2020-04-14 00:00:00+0000,43.0,43.75,41.91,42.43,25706266.0
2020-04-15 00:00:00+0000,41.0,41.06,39.38,40.48,26641591.0
2020-04-16 00:00:00+0000,40.48,40.48,38.93,39.15,24310751.0
2020-04-17 00:00:00+0000,39.88,43.32,39.87,43.22,33590641.0
2020-04-20 00:00:00+0000,40.75,42.74,40.54,41.18,33259342.0
2020-04-21 00:00:00+0000,40.4,42.13,39.63,40.96,37292170.0
2020-04-22 00:00:00+0000,42.6,42.93,41.86,42.13,22592955.0
2020-04-23 00:00:00+0000,43.13,44.66,42.81,43.45,30734258.0
2020-04-24 00:00:00+0000,44.4,44.89,43.13,43.73,23416369.0
2020-04-27 00:00:00+0000,43.59,44.32,42.23,43.94,24431615.0
2020-04-28 00:00:00+0000,44.37,45.39,44.11,44.97,22040855.0
2020-04-29 00:00:00+0000,46.26,47.6,46.16,47.46,23670811.0
2020-04-30 00:00:00+0000,47.68,47.69,45.77,46.47,25513486.0
2020-05-01 00:00:00+0000,45.63,46.39,43.0,43.14,29456191.0
2020-05-04 00:00:00+0000,42.52,44.94,42.22,44.88,21962767.0
2020-05-05 00:00:00+0000,46.26,47.15,44.66,44.83,24806556.0
2020-05-06 00:00:00+0000,44.93,45.27,43.9,43.99,17456140.0
2020-05-07 00:00:00+0000,44.96,45.27,43.97,44.24,16972798.0
2020-05-08 00:00:00+0000,45.31,46.22,44.97,46.18,15913528.0
2020-05-11 00:00:00+0000,46.17,46.2,45.51,45.74,17537653.0
2020-05-12 00:00:00+0000,45.42,45.67,44.12,44.12,19450840.0
2020-05-13 00:00:00+0000,43.74,43.87,41.6,41.93,24863672.0
2020-05-14 00:00:00+0000,41.07,42.55,40.2,42.3,19556708.0
2020-05-15 00:00:00+0000,42.38,43.01,41.85,42.0,16927110.0
2020-05-18 00:00:00+0000,44.4,45.58,44.06,45.34,23952041.0
2020-05-19 00:00:00+0000,45.55,46.63,43.93,43.94,17874411.0
2020-05-20 00:00:00+0000,44.62,45.58,44.57,45.37,15652542.0
2020-05-21 00:00:00+0000,45.44,45.79,44.39,44.56,13876310.0
2020-05-22 00:00:00+0000,44.05,44.67,43.45,44.6,12933853.0
2020-05-26 00:00:00+0000,45.74,46.3,45.47,45.91,16416505.0
2020-05-27 00:00:00+0000,46.66,47.14,45.4,46.24,16825394.0
2020-05-28 00:00:00+0000,46.43,46.46,44.93,45.04,14562120.0
2020-05-29 00:00:00+0000,44.82,45.69,44.37,45.47,16465022.0
2020-06-01 00:00:00+0000,45.32,46.45,44.8,46.28,15394325.0
2020-06-02 00:00:00+0000,46.86,47.45,46.74,47.31,15932550.0
2020-06-03 00:00:00+0000,48.03,49.4,47.95,49.24,19755740.0
2020-06-04 00:00:00+0000,48.88,49.15,48.16,49.1,15281922.0
2020-06-05 00:00:00+0000,51.65,53.45,51.6,53.08,34271951.0
2020-06-08 00:00:00+0000,54.72,55.36,53.46,54.74,26158493.0
2020-06-09 00:00:00+0000,53.08,53.97,52.45,53.52,19787797.0
2020-06-10 00:00:00+0000,53.5,53.5,50.6,50.65,26428300.0
2020-06-11 00:00:00+0000,47.53,48.84,46.1,46.18,30852589.0
2020-06-12 00:00:00+0000,48.04,48.63,45.9,47.17,25756509.0
2020-06-15 00:00:00+0000,45.35,47.76,44.75,47.14,21170614.0
2020-06-16 00:00:00+0000,49.57,49.75,47.24,48.2,18997249.0
2020-06-17 00:00:00+0000,48.0,48.13,46.6,46.63,14802603.0
2020-06-18 00:00:00+0000,46.11,47.33,45.77,46.92,16725801.0
2020-06-19 00:00:00+0000,48.22,48.26,45.98,45.98,23413019.0
2020-06-22 00:00:00+0000,45.69,46.44,45.4,46.42,13133291.0
2020-06-23 00:00:00+0000,46.9,47.22,46.5,46.7,12966176.0
2020-06-24 00:00:00+0000,45.91,45.96,44.25,44.5,20658874.0
2020-06-25 00:00:00+0000,44.05,45.24,43.69,45.17,15735425.0
2020-06-26 00:00:00+0000,44.88,44.94,43.5,43.62,17828045.0
2020-06-29 00:00:00+0000,43.76,44.58,43.54,44.32,13260005.0
2020-06-30 00:00:00+0000,43.43,44.97,43.16,44.72,16215313.0
2020-07-01 00:00:00+0000,44.49,45.38,43.67,43.71,13949523.0
2020-07-02 00:00:00+0000,44.62,45.19,43.93,44.08,13507290.0
2020-07-06 00:00:00+0000,44.67,45.08,43.84,44.39,18091926.0
2020-07-07 00:00:00+0000,43.9,44.0,43.11,43.24,13754220.0
2020-07-08 00:00:00+0000,43.15,43.93,42.84,43.14,14073124.0
2020-07-09 00:00:00+0000,42.9,43.1,41.29,41.36,20389838.0
2020-07-10 00:00:00+0000,41.12,42.71,41.1,42.65,15820412.0
2020-07-13 00:00:00+0000,43.02,43.29,42.22,42.66,17282481.0
2020-07-14 00:00:00+0000,42.53,44.19,42.26,44.07,16663070.0
2020-07-15 00:00:00+0000,45.03,45.09,44.21,44.63,13487490.0
2020-07-16 00:00:00+0000,44.31,44.81,43.79,44.28,11818693.0
2020-07-17 00:00:00+0000,44.33,44.69,43.39,43.52,13647624.0
2020-07-20 00:00:00+0000,43.15,43.51,42.47,42.5,15873677.0
2020-07-21 00:00:00+0000,43.15,45.19,43.11,44.65,24070578.0
2020-07-22 00:00:00+0000,44.15,44.15,43.37,43.61,16547156.0
2020-07-23 00:00:00+0000,43.4,43.82,43.02,43.7,14862774.0
2020-07-24 00:00:00+0000,43.88,44.42,43.19,43.43,12451114.0
2020-07-27 00:00:00+0000,43.2,44.09,42.97,44.07,13010597.0
2020-07-28 00:00:00+0000,43.91,44.25,43.46,43.55,13998039.0
2020-07-29 00:00:00+0000,43.71,44.09,43.34,44.03,10760612.0
2020-07-30 00:00:00+0000,43.13,43.18,41.82,41.87,24666610.0
2020-07-31 00:00:00+0000,41.16,42.17,40.91,42.08,23542936.0
2020-08-03 00:00:00+0000,42.05,42.5,41.47,42.25,17895818.0
2020-08-04 00:00:00+0000,42.34,43.6,42.24,43.47,14065768.0
2020-08-05 00:00:00+0000,44.15,44.31,43.53,43.85,13983298.0
2020-08-06 00:00:00+0000,43.4,43.9,43.25,43.64,11399301.0
2020-08-07 00:00:00+0000,43.23,43.52,42.81,43.44,14187966.0
2020-08-10 00:00:00+0000,43.99,44.6,43.59,44.51,20240407.0
2020-08-11 00:00:00+0000,45.5,46.42,44.73,44.97,21696617.0
2020-08-12 00:00:00+0000,44.46,44.94,43.63,44.09,18342127.0
2020-08-13 00:00:00+0000,43.5,43.87,42.92,43.01,13633057.0
2020-08-14 00:00:00+0000,42.61,43.28,42.41,43.2,10843807.0
2020-08-17 00:00:00+0000,43.17,43.17,42.47,42.64,11857705.0
2020-08-18 00:00:00+0000,42.59,43.19,42.29,42.43,10363116.0
2020-08-19 00:00:00+0000,42.35,42.66,41.86,41.96,11646259.0
2020-08-20 00:00:00+0000,41.69,41.89,41.3,41.32,11821642.0
2020-08-21 00:00:00+0000,41.28,41.34,40.71,41.01,17638813.0
2020-08-24 00:00:00+0000,41.29,42.51,41.09,42.22,13286527.0
2020-08-25 00:00:00+0000,41.57,42.07,40.7,40.88,23514901.0
2020-08-26 00:00:00+0000,40.64,40.84,40.0,40.01,22392547.0
2020-08-27 00:00:00+0000,40.01,40.3,39.3,39.74,24473206.0
2020-08-28 00:00:00+0000,39.84,40.92,39.76,40.69,21916649.0
2020-08-31 00:00:00+0000,40.64,40.72,39.89,39.94,19298322.0
2020-09-01 00:00:00+0000,39.75,39.75,39.04,39.43,18582329.0
2020-09-02 00:00:00+0000,39.23,39.72,38.95,39.19,20839864.0
2020-09-03 00:00:00+0000,39.2,40.03,38.88,39.11,22323530.0
2020-09-04 00:00:00+0000,39.46,39.79,38.65,39.08,20676420.0
2020-09-08 00:00:00+0000,38.25,38.68,37.35,38.18,31062794.0
2020-09-09 00:00:00+0000,38.35,38.84,37.92,37.95,20045895.0
2020-09-10 00:00:00+0000,38.3,38.37,36.9,37.0,27394698.0
2020-09-11 00:00:00+0000,37.13,37.31,36.49,36.9,22882823.0
2020-09-14 00:00:00+0000,36.91,37.01,36.49,36.66,19336086.0
2020-09-15 00:00:00+0000,36.8,37.38,36.21,36.27,18346775.0
2020-09-16 00:00:00+0000,36.46,38.15,36.27,37.81,23024399.0
2020-09-17 00:00:00+0000,37.37,37.98,36.97,37.8,17500132.0
2020-09-18 00:00:00+0000,37.53,37.83,36.7,37.19,24943948.0
2020-09-21 00:00:00+0000,36.43,36.71,35.68,36.43,28502196.0
2020-09-22 00:00:00+0000,36.43,36.84,35.47,35.53,22625627.0
2020-09-23 00:00:00+0000,35.65,35.79,34.35,34.39,25851850.0
2020-09-24 00:00:00+0000,34.4,34.82,33.76,34.32,22619346.0
2020-09-25 00:00:00+0000,34.0,34.94,33.88,34.64,20210503.0
2020-09-28 00:00:00+0000,35.14,35.9,35.09,35.31,19017618.0
2020-09-29 00:00:00+0000,35.0,35.11,33.99,34.28,16953504.0
2020-09-30 00:00:00+0000,34.64,34.92,34.13,34.33,16552031.0
2020-10-01 00:00:00+0000,33.8,34.1,32.94,33.13,30699960.0
2020-10-02 00:00:00+0000,32.25,33.35,32.21,32.98,26959678.0
2020-10-05 00:00:00+0000,33.32,33.75,33.17,33.74,18855573.0
2020-10-06 00:00:00+0000,34.12,34.42,33.31,33.39,22304390.0
2020-10-07 00:00:00+0000,33.64,33.74,33.21,33.5,19788673.0
2020-10-08 00:00:00+0000,33.88,35.34,33.76,35.26,29525126.0
2020-10-09 00:00:00+0000,35.68,35.95,34.65,34.74,25385716.0
2020-10-12 00:00:00+0000,34.56,34.73,34.23,34.63,15062367.0
2020-10-13 00:00:00+0000,34.73,34.87,34.1,34.22,16739820.0
2020-10-14 00:00:00+0000,34.07,34.83,34.03,34.15,13877644.0
2020-10-15 00:00:00+0000,33.7,34.46,33.26,34.45,18733220.0
2020-10-16 00:00:00+0000,34.37,34.64,33.87,34.1,19264904.0
2020-10-19 00:00:00+0000,34.1,34.37,33.39,33.42,19625223.0
2020-10-20 00:00:00+0000,33.66,33.93,33.33,33.7,20320333.0
2020-10-21 00:00:00+0000,33.51,33.62,33.14,33.16,21212547.0
2020-10-22 00:00:00+0000,33.18,34.96,33.02,34.86,27013177.0
2020-10-23 00:00:00+0000,34.97,35.08,33.86,34.16,23664532.0
2020-10-26 00:00:00+0000,33.61,33.77,32.95,33.35,25905301.0
2020-10-27 00:00:00+0000,33.15,33.2,32.7,32.82,22760030.0
2020-10-28 00:00:00+0000,32.1,32.38,31.52,31.57,33913290.0
2020-10-29 00:00:00+0000,31.41,33.13,31.11,32.97,32976732.0
2020-10-30 00:00:00+0000,32.41,33.14,32.01,32.62,31659641.0
2020-11-02 00:00:00+0000,33.14,34.46,32.57,33.99,32665212.0
2020-11-03 00:00:00+0000,34.49,34.49,33.13,33.41,31979082.0
2020-11-04 00:00:00+0000,33.27,34.14,32.53,33.23,30833506.0
2020-11-05 00:00:00+0000,33.37,33.92,33.14,33.17,26455241.0
2020-11-06 00:00:00+0000,33.1,33.66,32.62,32.78,27451240.0
2020-11-09 00:00:00+0000,36.59,38.01,36.06,36.93,62624333.0
2020-11-10 00:00:00+0000,37.05,37.05,35.98,36.86,41571499.0
2020-11-11 00:00:00+0000,37.09,37.12,36.19,36.48,24572698.0
2020-11-12 00:00:00+0000,35.86,36.29,34.87,35.23,24932026.0
2020-11-13 00:00:00+0000,35.4,36.25,35.38,36.08,21371998.0
2020-11-16 00:00:00+0000,37.59,38.17,37.1,38.16,31694657.0
2020-11-17 00:00:00+0000,37.81,38.71,37.38,38.67,21435940.0
2020-11-18 00:00:00+0000,39.02,39.13,37.2,37.21,25810305.0
2020-11-19 00:00:00+0000,36.86,37.5,36.56,37.4,20202249.0
2020-11-20 00:00:00+0000,37.35,37.41,36.78,36.94,14252844.0
2020-11-23 00:00:00+0000,37.5,39.43,37.28,39.36,23645584.0
2020-11-24 00:00:00+0000,40.51,42.08,40.22,41.98,39372932.0
2020-11-25 00:00:00+0000,41.67,41.71,40.65,40.81,22387574.0
2020-11-27 00:00:00+0000,40.7,40.94,39.86,40.19,12204918.0
2020-11-30 00:00:00+0000,39.8,39.88,37.97,38.13,29330753.0
2020-12-01 00:00:00+0000,38.96,39.65,38.47,38.5,24425513.0
2020-12-02 00:00:00+0000,38.39,40.42,38.34,39.94,22853474.0
2020-12-03 00:00:00+0000,40.07,40.64,39.73,40.21,20138216.0
2020-12-04 00:00:00+0000,40.77,41.76,40.65,41.68,23369394.0
2020-12-07 00:00:00+0000,41.42,41.54,40.67,40.9,17910504.0
2020-12-08 00:00:00+0000,40.53,42.59,40.44,42.24,24074950.0
2020-12-09 00:00:00+0000,42.71,43.73,42.38,42.8,30639888.0
2020-12-10 00:00:00+0000,43.2,44.47,42.76,44.01,28771452.0
2020-12-11 00:00:00+0000,43.7,43.93,43.21,43.8,18434935.0
2020-12-14 00:00:00+0000,44.34,44.46,42.18,42.22,21969347.0
2020-12-15 00:00:00+0000,42.35,43.22,42.06,43.04,19925482.0
2020-12-16 00:00:00+0000,43.75,44.11,42.96,43.7,24432255.0
2020-12-17 00:00:00+0000,44.0,44.04,43.4,43.48,15922989.0
2020-12-18 00:00:00+0000,43.27,43.79,42.42,42.73,22850004.0
2020-12-21 00:00:00+0000,41.11,42.08,40.53,41.95,21619432.0
2020-12-22 00:00:00+0000,41.58,41.9,41.23,41.24,17015523.0
2020-12-23 00:00:00+0000,41.4,42.39,41.4,41.77,15400965.0
2020-12-24 00:00:00+0000,41.65,41.85,41.38,41.6,6698607.0
2020-12-28 00:00:00+0000,41.72,42.55,41.52,41.74,20916519.0
2020-12-29 00:00:00+0000,42.04,42.12,41.2,41.27,17026282.0
2020-12-30 00:00:00+0000,41.33,42.42,41.27,41.6,19682891.0
2020-12-31 00:00:00+0000,41.47,41.68,40.97,41.22,17847952.0
2021-01-04 00:00:00+0000,41.5,42.25,41.0,41.5,20011896.0
2021-01-05 00:00:00+0000,41.84,44.8,41.83,43.5,36796515.0
2021-01-06 00:00:00+0000,44.41,45.1,43.7,44.61,30248926.0
2021-01-07 00:00:00+0000,45.0,45.57,44.53,44.96,21970039.0
2021-01-08 00:00:00+0000,45.2,45.82,44.95,45.46,21606488.0
2021-01-11 00:00:00+0000,45.04,47.14,44.75,46.84,29961814.0
2021-01-12 00:00:00+0000,47.48,48.17,46.91,47.88,28205386.0
2021-01-13 00:00:00+0000,48.53,48.71,47.69,48.42,23613331.0
2021-01-14 00:00:00+0000,48.5,51.08,48.5,50.31,29647388.0
2021-01-15 00:00:00+0000,48.91,49.08,47.29,47.89,33017163.0
2021-01-19 00:00:00+0000,48.45,49.44,48.35,48.84,18286082.0
2021-01-20 00:00:00+0000,49.11,49.74,48.99,49.53,15410287.0
2021-01-21 00:00:00+0000,49.33,49.39,47.68,48.11,21164542.0
2021-01-22 00:00:00+0000,47.01,47.64,46.64,47.43,17085519.0
2021-01-25 00:00:00+0000,46.94,47.05,46.16,46.9,20777354.0
2021-01-26 00:00:00+0000,47.26,47.86,45.85,45.87,19635426.0
2021-01-27 00:00:00+0000,45.0,46.66,44.53,45.35,25407110.0
2021-01-28 00:00:00+0000,45.99,46.59,45.69,46.06,16803733.0
2021-01-29 00:00:00+0000,45.55,46.04,44.51,44.84,22534466.0
2021-02-01 00:00:00+0000,45.58,45.58,44.29,44.92,18564139.0
2021-02-02 00:00:00+0000,45.81,46.99,45.28,45.63,24847070.0
2021-02-03 00:00:00+0000,45.63,47.67,45.42,47.42,22054133.0
2021-02-04 00:00:00+0000,47.88,48.38,47.25,48.33,20226168.0
2021-02-05 00:00:00+0000,49.18,50.12,49.04,49.95,27658530.0
2021-02-08 00:00:00+0000,50.94,52.36,50.71,52.1,29569751.0
2021-02-09 00:00:00+0000,50.67,50.96,49.77,50.63,20338190.0
2021-02-10 00:00:00+0000,50.63,51.42,50.39,51.12,18851779.0
2021-02-11 00:00:00+0000,50.89,50.93,48.78,49.84,22219081.0
2021-02-12 00:00:00+0000,49.43,50.72,49.41,50.52,15527213.0
2021-02-16 00:00:00+0000,51.96,52.53,51.62,52.04,21350917.0
2021-02-17 00:00:00+0000,52.33,53.27,51.8,52.85,19400553.0
2021-02-18 00:00:00+0000,52.81,52.94,51.86,52.02,16204240.0
2021-02-19 00:00:00+0000,52.11,52.56,51.91,52.37,16491454.0
2021-02-22 00:00:00+0000,52.59,54.81,52.59,54.3,22572334.0
2021-02-23 00:00:00+0000,54.98,55.26,53.74,55.05,26917048.0
2021-02-24 00:00:00+0000,55.19,57.0,54.87,56.7,22607409.0
2021-02-25 00:00:00+0000,56.98,57.25,55.35,55.76,23391358.0
2021-02-26 00:00:00+0000,54.41,55.06,53.12,54.37,24717285.0
2021-03-01 00:00:00+0000,56.47,57.61,56.13,56.4,28999153.0
2021-03-02 00:00:00+0000,56.65,56.96,56.02,56.07,21232670.0
2021-03-03 00:00:00+0000,56.42,57.96,55.88,56.52,26133103.0
2021-03-04 00:00:00+0000,57.12,59.47,57.1,58.71,41591763.0
2021-03-05 00:00:00+0000,59.83,61.05,59.54,60.93,23270547.0
2021-03-08 00:00:00+0000,61.63,61.63,59.82,60.87,29934782.0
2021-03-09 00:00:00+0000,60.61,61.39,59.47,59.93,27159532.0
2021-03-10 00:00:00+0000,60.52,61.92,60.03,61.77,23331205.0
2021-03-11 00:00:00+0000,61.78,62.55,61.26,61.31,20421048.0
2021-03-12 00:00:00+0000,61.55,62.37,61.5,61.97,15818901.0
2021-03-15 00:00:00+0000,61.45,61.86,59.87,60.39,24574695.0
2021-03-16 00:00:00+0000,59.54,59.66,58.44,59.11,23772366.0
2021-03-17 00:00:00+0000,58.69,59.73,58.62,59.37,19638105.0
2021-03-18 00:00:00+0000,58.81,58.97,56.52,56.81,31368080.0
2021-03-19 00:00:00+0000,56.71,57.47,55.81,56.49,34139868.0
2021-03-22 00:00:00+0000,56.5,56.86,55.9,55.91,17665342.0
2021-03-23 00:00:00+0000,54.94,56.29,54.45,55.22,25743299.0
2021-03-24 00:00:00+0000,56.08,57.28,56.08,56.34,21475201.0
2021-03-25 00:00:00+0000,55.21,56.5,54.5,56.18,21848826.0
2021-03-26 00:00:00+0000,57.3,57.78,56.52,57.71,20915590.0
2021-03-29 00:00:00+0000,57.34,57.82,56.74,57.4,14764164.0
2021-03-30 00:00:00+0000,56.86,57.36,56.49,56.69,15019034.0
2021-03-31 00:00:00+0000,56.35,56.63,55.8,55.83,16963427.0
2021-04-01 00:00:00+0000,56.32,57.45,56.14,57.39,19001228.0
2021-04-05 00:00:00+0000,57.33,57.33,56.14,56.5,17985001.0
2021-04-06 00:00:00+0000,56.82,57.54,56.26,56.34,14567198.0
2021-04-07 00:00:00+0000,56.39,56.77,56.24,56.59,15026868.0
2021-04-08 00:00:00+0000,55.92,56.08,55.32,56.0,14634991.0
2021-04-09 00:00:00+0000,56.0,56.44,55.53,55.87,12276903.0
2021-04-12 00:00:00+0000,56.76,56.79,55.31,55.5,14182041.0
2021-04-13 00:00:00+0000,55.3,55.98,55.09,55.71,11573069.0
2021-04-14 00:00:00+0000,56.4,58.01,56.25,57.32,23008009.0
2021-04-15 00:00:00+0000,57.42,57.43,56.78,56.98,18934286.0
2021-04-16 00:00:00+0000,57.36,57.68,56.44,56.66,17635690.0
2021-04-19 00:00:00+0000,56.75,57.14,55.96,56.48,17088630.0
2021-04-20 00:00:00+0000,56.47,56.47,54.78,55.29,16731802.0
2021-04-21 00:00:00+0000,54.5,56.13,54.3,56.0,13101814.0
2021-04-22 00:00:00+0000,55.99,55.99,55.02,55.27,17463456.0
2021-04-23 00:00:00+0000,55.27,55.95,55.18,55.57,11740364.0
2021-04-26 00:00:00+0000,55.47,56.29,55.44,55.68,12221312.0
2021-04-27 00:00:00+0000,56.05,56.63,55.81,56.41,15193572.0
2021-04-28 00:00:00+0000,56.91,58.46,56.79,58.11,20125566.0
2021-04-29 00:00:00+0000,58.92,59.48,58.15,58.94,20917375.0
2021-04-30 00:00:00+0000,58.33,58.89,57.16,57.24,18674938.0
2021-05-03 00:00:00+0000,57.98,58.99,57.74,58.82,16394440.0
2021-05-04 00:00:00+0000,59.0,59.5,58.51,59.19,18623428.0
2021-05-05 00:00:00+0000,59.76,61.05,59.4,60.97,24233897.0
2021-05-06 00:00:00+0000,60.86,61.64,60.03,61.55,20611994.0
2021-05-07 00:00:00+0000,61.07,62.47,60.84,62.43,24284003.0
2021-05-10 00:00:00+0000,63.24,64.02,62.53,62.58,24857432.0
2021-05-11 00:00:00+0000,61.63,62.39,60.38,60.59,28170847.0
2021-05-12 00:00:00+0000,60.01,61.68,59.75,60.04,23908569.0
2021-05-13 00:00:00+0000,59.0,60.45,58.75,59.3,20320056.0
2021-05-14 00:00:00+0000,59.93,60.88,59.93,60.77,16388257.0
2021-05-17 00:00:00+0000,60.54,62.25,60.43,62.19,19161415.0
2021-05-18 00:00:00+0000,62.0,62.3,60.4,60.43,19357644.0
2021-05-19 00:00:00+0000,59.1,59.86,58.41,58.98,21169358.0
2021-05-20 00:00:00+0000,58.95,59.15,58.24,58.84,15540386.0
2021-05-21 00:00:00+0000,59.42,59.84,58.85,58.92,15502452.0
2021-05-24 00:00:00+0000,59.08,59.8,58.69,59.61,13065392.0
2021-05-25 00:00:00+0000,59.5,59.54,58.12,58.26,19944478.0
2021-05-26 00:00:00+0000,58.25,59.12,57.9,58.94,16843445.0
2021-05-27 00:00:00+0000,59.23,59.7,58.02,58.56,17646412.0
2021-05-28 00:00:00+0000,58.73,58.8,58.11,58.37,14230307.0
2021-06-01 00:00:00+0000,59.45,60.7,59.45,60.46,22912302.0
2021-06-02 00:00:00+0000,60.73,61.31,60.17,60.94,18167570.0
2021-06-03 00:00:00+0000,60.55,61.41,60.35,61.18,15122671.0
2021-06-04 00:00:00+0000,61.44,61.7,60.77,61.45,16103291.0
2021-06-07 00:00:00+0000,61.33,61.73,61.02,61.05,13035917.0
2021-06-08 00:00:00+0000,61.19,62.48,60.67,62.13,23391545.0
2021-06-09 00:00:00+0000,62.67,63.42,62.19,62.65,23900242.0
2021-06-10 00:00:00+0000,63.61,63.98,62.25,62.75,20438120.0
2021-06-11 00:00:00+0000,63.01,63.2,62.14,62.17,13939748.0
2021-06-14 00:00:00+0000,62.3,62.78,61.57,62.07,12930881.0
2021-06-15 00:00:00+0000,62.48,64.4,62.35,64.33,25884968.0
2021-06-16 00:00:00+0000,64.32,64.8,63.56,64.1,20422770.0
2021-06-17 00:00:00+0000,63.86,64.46,61.27,61.99,23727957.0
2021-06-18 00:00:00+0000,60.99,61.55,60.24,60.4,26863445.0
2021-06-21 00:00:00+0000,60.93,62.7,60.9,62.59,18518737.0
2021-06-22 00:00:00+0000,62.85,64.01,62.23,63.79,18980635.0
2021-06-23 00:00:00+0000,64.05,64.7,63.58,64.26,16199726.0
2021-06-24 00:00:00+0000,64.15,64.56,63.8,64.52,15342188.0
2021-06-25 00:00:00+0000,64.61,64.93,64.35,64.66,13302349.0
2021-06-28 00:00:00+0000,64.56,64.56,62.75,63.01,14314691.0
2021-06-29 00:00:00+0000,63.21,63.77,62.58,62.62,13610533.0
2021-06-30 00:00:00+0000,62.7,63.23,62.45,63.08,12982923.0
2021-07-01 00:00:00+0000,64.26,64.42,62.77,63.26,17955650.0
2021-07-02 00:00:00+0000,63.01,63.32,62.42,63.17,10848117.0
2021-07-06 00:00:00+0000,62.76,62.76,60.9,61.37,17022904.0
2021-07-07 00:00:00+0000,61.18,61.81,59.62,60.41,17193816.0
2021-07-08 00:00:00+0000,59.45,60.71,59.31,60.14,15481676.0
2021-07-09 00:00:00+0000,60.65,61.45,60.23,61.23,14058976.0
2021-07-12 00:00:00+0000,60.42,61.5,60.16,61.17,12316596.0
2021-07-13 00:00:00+0000,61.0,61.51,60.5,60.88,11882850.0
2021-07-14 00:00:00+0000,61.17,61.73,59.35,59.53,17544380.0
2021-07-15 00:00:00+0000,59.17,59.7,58.76,58.95,12585468.0
2021-07-16 00:00:00+0000,59.15,59.26,57.15,57.32,21403359.0
2021-07-19 00:00:00+0000,55.64,56.2,54.59,55.35,29215974.0
2021-07-20 00:00:00+0000,55.5,56.6,55.03,55.96,22308688.0
2021-07-21 00:00:00+0000,56.86,58.3,56.83,57.76,15806616.0
2021-07-22 00:00:00+0000,57.73,57.74,56.66,57.11,10628326.0
2021-07-23 00:00:00+0000,57.29,57.29,56.47,57.04,11043748.0
2021-07-26 00:00:00+0000,57.16,58.65,57.0,58.48,13044515.0
2021-07-27 00:00:00+0000,58.01,58.01,57.2,57.83,13401128.0
2021-07-28 00:00:00+0000,58.0,58.63,57.62,58.22,13566808.0
2021-07-29 00:00:00+0000,59.0,59.33,58.56,58.93,14644492.0
2021-07-30 00:00:00+0000,58.88,58.88,57.32,57.57,20223995.0
2021-08-02 00:00:00+0000,57.55,59.06,57.4,57.58,17481771.0
2021-08-03 00:00:00+0000,57.57,58.41,56.92,58.2,13963391.0
2021-08-04 00:00:00+0000,57.19,57.88,56.81,56.84,16561928.0
2021-08-05 00:00:00+0000,57.13,57.7,56.83,57.2,11956004.0
2021-08-06 00:00:00+0000,57.66,58.07,57.53,57.86,11499957.0
2021-08-09 00:00:00+0000,57.13,57.52,56.83,57.2,12551296.0
2021-08-10 00:00:00+0000,57.42,58.36,57.3,58.18,13478469.0
2021-08-11 00:00:00+0000,58.19,58.5,57.72,58.35,13733681.0
2021-08-12 00:00:00+0000,57.4,57.79,56.87,57.35,10316648.0
2021-08-13 00:00:00+0000,57.03,57.07,56.3,56.77,16499636.0
2021-08-16 00:00:00+0000,56.02,56.09,55.27,55.94,12420012.0
2021-08-17 00:00:00+0000,55.5,56.3,54.99,55.56,12868760.0
2021-08-18 00:00:00+0000,55.42,55.81,54.31,54.39,16045435.0
2021-08-19 00:00:00+0000,53.47,53.71,52.1,52.73,25599896.0
2021-08-20 00:00:00+0000,52.27,53.14,52.11,52.74,13681904.0
2021-08-23 00:00:00+0000,53.95,55.06,53.95,54.91,17395001.0
2021-08-24 00:00:00+0000,55.29,55.85,55.01,55.36,12052500.0
2021-08-25 00:00:00+0000,55.24,55.77,54.87,55.46,9186689.0
2021-08-26 00:00:00+0000,55.2,55.54,54.62,54.71,9168395.0
2021-08-27 00:00:00+0000,55.4,56.22,55.4,55.77,12230490.0
2021-08-30 00:00:00+0000,56.24,56.34,55.12,55.16,11500093.0
2021-08-31 00:00:00+0000,54.93,55.31,54.46,54.52,18906229.0
2021-09-01 00:00:00+0000,54.49,54.76,53.6,53.77,17349978.0
2021-09-02 00:00:00+0000,54.29,55.64,54.27,55.08,19440256.0
2021-09-03 00:00:00+0000,55.12,55.32,54.59,54.87,10787536.0
2021-09-07 00:00:00+0000,54.67,55.27,54.47,54.55,10289713.0
2021-09-08 00:00:00+0000,54.8,55.18,54.01,54.05,14476978.0
2021-09-09 00:00:00+0000,53.62,55.0,53.3,54.09,14459346.0
2021-09-10 00:00:00+0000,55.24,55.24,53.95,53.98,12181864.0
2021-09-13 00:00:00+0000,54.69,55.93,54.62,55.37,16682590.0
2021-09-14 00:00:00+0000,55.69,55.77,54.41,54.58,14077933.0
2021-09-15 00:00:00+0000,55.37,56.54,55.31,56.42,18669838.0
2021-09-16 00:00:00+0000,56.46,56.46,55.5,55.82,13057375.0
2021-09-17 00:00:00+0000,55.34,56.75,55.1,55.16,18217916.0
2021-09-20 00:00:00+0000,53.78,54.17,52.96,53.69,21690622.0
2021-09-21 00:00:00+0000,54.37,54.51,53.25,53.64,15280831.0
2021-09-22 00:00:00+0000,54.43,55.91,54.37,55.21,19847829.0
2021-09-23 00:00:00+0000,55.42,57.24,55.28,57.08,17989134.0
2021-09-24 00:00:00+0000,56.7,57.82,56.68,57.59,16904603.0
2021-09-27 00:00:00+0000,58.85,59.8,58.82,59.3,25963818.0
2021-09-28 00:00:00+0000,59.97,60.48,59.51,59.92,31208765.0
2021-09-29 00:00:00+0000,59.84,60.19,59.05,59.88,18458969.0
2021-09-30 00:00:00+0000,60.12,60.17,58.81,58.82,24108203.0
2021-10-01 00:00:00+0000,59.41,60.99,59.41,60.93,19168794.0
2021-10-04 00:00:00+0000,61.35,62.07,60.94,61.72,26284696.0
2021-10-05 00:00:00+0000,62.51,62.7,61.02,61.62,24090311.0
2021-10-06 00:00:00+0000,60.47,61.12,59.75,60.49,19989024.0
2021-10-07 00:00:00+0000,60.61,61.08,60.14,60.66,14835682.0
2021-10-08 00:00:00+0000,61.25,62.42,61.25,62.18,17609816.0
2021-10-11 00:00:00+0000,63.03,63.06,61.54,61.56,18516859.0
2021-10-12 00:00:00+0000,61.57,61.98,60.85,61.24,15476212.0
2021-10-13 00:00:00+0000,60.78,61.39,60.21,61.07,11380410.0
2021-10-14 00:00:00+0000,61.71,62.22,61.17,62.0,13324432.0
2021-10-15 00:00:00+0000,62.73,63.07,62.44,62.59,12345506.0
2021-10-18 00:00:00+0000,63.09,63.14,62.27,62.56,13416402.0
2021-10-19 00:00:00+0000,62.87,63.61,62.67,63.5,13095964.0
2021-10-20 00:00:00+0000,62.89,63.88,62.72,63.85,10755250.0
2021-10-21 00:00:00+0000,63.47,63.64,62.34,62.69,12128970.0
2021-10-22 00:00:00+0000,62.77,63.22,62.34,63.12,11072572.0
2021-10-25 00:00:00+0000,63.72,64.42,63.58,64.35,14622166.0
2021-10-26 00:00:00+0000,64.49,65.94,64.36,65.84,21348412.0
2021-10-27 00:00:00+0000,65.16,65.25,63.97,64.13,16959014.0
2021-10-28 00:00:00+0000,63.82,64.47,63.63,64.31,12993058.0
2021-10-29 00:00:00+0000,65.05,65.36,64.33,64.47,16823184.0
2021-11-01 00:00:00+0000,65.06,66.08,65.02,65.63,14484803.0
2021-11-02 00:00:00+0000,65.03,65.45,64.66,64.82,11350129.0
2021-11-03 00:00:00+0000,64.04,64.45,63.66,63.93,11924873.0
2021-11-04 00:00:00+0000,64.67,64.89,63.83,64.41,12949682.0
2021-11-05 00:00:00+0000,65.05,65.33,64.56,65.02,12402410.0
2021-11-08 00:00:00+0000,65.55,66.38,65.38,65.72,10631605.0
2021-11-09 00:00:00+0000,65.77,66.37,65.31,66.36,13826205.0
2021-11-10 00:00:00+0000,65.31,65.68,63.77,64.19,14075787.0
2021-11-11 00:00:00+0000,64.2,64.83,64.02,64.31,8606357.0
2021-11-12 00:00:00+0000,63.96,64.37,63.58,63.82,10223331.0
2021-11-15 00:00:00+0000,63.76,64.77,63.22,64.37,13871648.0
2021-11-16 00:00:00+0000,64.34,65.37,64.34,65.02,12833806.0
2021-11-17 00:00:00+0000,64.38,65.24,64.18,64.31,11839622.0
2021-11-18 00:00:00+0000,64.15,64.53,63.11,63.61,12224004.0
2021-11-19 00:00:00+0000,61.89,62.03,60.41,60.67,25724750.0
2021-11-22 00:00:00+0000,60.32,62.54,60.32,61.51,16308012.0
2021-11-23 00:00:00+0000,62.19,63.38,61.92,63.13,14001239.0
2021-11-24 00:00:00+0000,62.58,63.85,62.57,63.48,10513924.0
2021-11-26 00:00:00+0000,60.52,61.42,59.54,61.25,19618225.0
2021-11-29 00:00:00+0000,62.57,63.14,61.29,61.59,13763087.0
2021-11-30 00:00:00+0000,60.46,61.19,59.66,59.84,22935075.0
2021-12-01 00:00:00+0000,60.9,62.03,59.75,59.79,24735863.0
2021-12-02 00:00:00+0000,59.74,61.58,59.14,61.28,22092279.0
2021-12-03 00:00:00+0000,61.92,62.23,60.34,60.89,17350041.0
2021-12-06 00:00:00+0000,61.65,62.16,61.41,61.58,15108710.0
2021-12-07 00:00:00+0000,62.33,63.03,62.1,62.27,14473842.0
2021-12-08 00:00:00+0000,62.56,63.19,62.34,62.45,12576018.0
2021-12-09 00:00:00+0000,62.05,62.77,61.81,62.61,11909820.0
2021-12-10 00:00:00+0000,63.27,63.35,62.22,63.01,12874619.0
2021-12-13 00:00:00+0000,62.41,62.72,61.35,61.63,12794123.0
2021-12-14 00:00:00+0000,61.26,62.47,61.22,61.54,13406124.0
2021-12-15 00:00:00+0000,61.19,61.5,60.01,61.27,14274457.0
2021-12-16 00:00:00+0000,61.45,62.45,61.3,61.37,15154385.0
2021-12-17 00:00:00+0000,60.95,61.28,59.69,60.03,27020603.0
2021-12-20 00:00:00+0000,58.89,59.25,57.96,59.16,14816223.0
2021-12-21 00:00:00+0000,59.66,60.69,59.66,60.5,14873805.0
2021-12-22 00:00:00+0000,60.34,61.37,59.97,60.99,10678282.0
2021-12-23 00:00:00+0000,61.17,61.84,61.0,61.02,9374911.0
2021-12-27 00:00:00+0000,60.93,61.95,60.42,61.89,9255211.0
2021-12-28 00:00:00+0000,61.91,62.31,61.4,61.69,9288393.0
2021-12-29 00:00:00+0000,61.48,61.6,60.91,61.15,9772092.0
2021-12-30 00:00:00+0000,61.22,61.6,60.76,60.79,9190817.0
2021-12-31 00:00:00+0000,60.74,61.47,60.7,61.19,10070322.0
2022-01-03 00:00:00+0000,61.24,63.6,61.21,63.54,18219576.0
2022-01-04 00:00:00+0000,64.13,66.19,64.1,65.93,30237420.0
2022-01-05 00:00:00+0000,66.5,67.61,66.48,66.75,26222321.0
2022-01-06 00:00:00+0000,68.0,68.48,67.07,68.32,23234882.0
2022-01-07 00:00:00+0000,68.52,69.18,67.98,68.88,18030600.0
2022-01-10 00:00:00+0000,68.97,69.17,67.95,68.47,15607365.0
2022-01-11 00:00:00+0000,68.89,71.4,68.58,71.35,25319950.0
2022-01-12 00:00:00+0000,71.14,71.81,70.64,71.14,16650642.0
2022-01-13 00:00:00+0000,71.12,71.58,70.31,70.63,15361559.0
2022-01-14 00:00:00+0000,70.65,72.15,70.6,71.87,16595427.0
2022-01-18 00:00:00+0000,72.82,73.88,72.01,73.08,25242495.0
2022-01-19 00:00:00+0000,73.75,73.86,72.55,73.11,20958411.0
2022-01-20 00:00:00+0000,72.5,74.37,72.26,73.27,21299529.0
2022-01-21 00:00:00+0000,73.18,73.18,71.04,72.17,26450302.0
2022-01-24 00:00:00+0000,70.98,73.08,69.8,72.79,32404533.0
2022-01-25 00:00:00+0000,72.59,75.24,71.39,74.93,30751396.0
2022-01-26 00:00:00+0000,75.43,76.0,73.49,74.17,27879524.0
2022-01-27 00:00:00+0000,75.47,76.01,73.98,75.12,22548597.0
2022-01-28 00:00:00+0000,74.97,75.62,73.95,75.28,22281163.0
2022-01-31 00:00:00+0000,74.97,76.42,74.26,75.96,24536425.0
2022-02-01 00:00:00+0000,76.45,81.51,76.27,80.83,50048365.0
2022-02-02 00:00:00+0000,80.06,80.81,79.15,80.62,23247185.0
2022-02-03 00:00:00+0000,80.09,80.31,79.02,79.68,21660061.0
2022-02-04 00:00:00+0000,80.87,82.53,80.87,81.41,23711932.0
2022-02-07 00:00:00+0000,81.14,83.08,80.64,82.39,23818494.0
2022-02-08 00:00:00+0000,82.27,82.5,79.92,80.26,24518721.0
2022-02-09 00:00:00+0000,79.58,80.03,78.7,79.0,27587745.0
2022-02-10 00:00:00+0000,78.72,79.68,77.79,78.24,22964087.0
2022-02-11 00:00:00+0000,78.62,80.32,78.23,80.21,29197716.0
2022-02-14 00:00:00+0000,79.58,79.84,77.05,78.98,27056984.0
2022-02-15 00:00:00+0000,76.9,78.19,76.42,77.99,18126187.0
2022-02-16 00:00:00+0000,78.79,79.73,78.04,78.35,16463801.0
2022-02-17 00:00:00+0000,78.48,79.12,77.95,78.23,15147180.0
2022-02-18 00:00:00+0000,77.16,78.17,76.89,77.36,16486465.0
2022-02-22 00:00:00+0000,79.67,79.79,75.31,76.46,25716269.0
2022-02-23 00:00:00+0000,76.46,77.47,76.13,76.77,16434937.0
2022-02-24 00:00:00+0000,79.0,79.12,74.03,75.8,32832164.0
2022-02-25 00:00:00+0000,76.69,77.99,76.26,77.84,22317670.0
2022-02-28 00:00:00+0000,76.51,78.93,76.2,78.42,22204221.0
2022-03-01 00:00:00+0000,78.77,80.65,78.33,79.17,32075051.0
2022-03-02 00:00:00+0000,80.6,82.15,79.82,80.53,35453239.0
2022-03-03 00:00:00+0000,79.86,81.77,79.63,81.04,23450816.0
2022-03-04 00:00:00+0000,81.05,84.28,80.66,84.09,35197543.0
2022-03-07 00:00:00+0000,84.92,87.23,83.9,87.12,45188390.0
2022-03-08 00:00:00+0000,89.05,91.51,85.43,87.78,58853943.0
2022-03-09 00:00:00+0000,84.03,86.57,81.6,82.79,52955404.0
2022-03-10 00:00:00+0000,84.01,85.68,82.9,85.36,32930444.0
2022-03-11 00:00:00+0000,84.07,86.23,83.97,84.92,25948801.0
2022-03-14 00:00:00+0000,83.06,83.45,80.5,81.88,28880331.0
2022-03-15 00:00:00+0000,78.87,79.17,76.37,77.22,36613003.0
2022-03-16 00:00:00+0000,77.81,78.62,76.25,76.93,29092808.0
2022-03-17 00:00:00+0000,78.18,79.15,77.07,78.98,26335079.0
2022-03-18 00:00:00+0000,79.06,79.39,78.1,78.67,21641362.0
2022-03-21 00:00:00+0000,80.12,82.52,79.74,82.2,23664316.0
2022-03-22 00:00:00+0000,81.63,82.2,80.79,81.84,17211546.0
2022-03-23 00:00:00+0000,83.34,84.27,83.05,83.13,16570551.0
2022-03-24 00:00:00+0000,83.46,84.65,82.75,83.38,13929547.0
2022-03-25 00:00:00+0000,82.92,85.49,82.79,85.2,16323004.0
2022-03-28 00:00:00+0000,83.17,83.31,82.02,82.81,15307382.0
2022-03-29 00:00:00+0000,80.81,82.49,79.76,82.37,19696024.0
2022-03-30 00:00:00+0000,83.06,84.01,82.71,83.78,16271813.0
2022-03-31 00:00:00+0000,82.87,84.4,82.55,82.59,18436294.0
2022-04-01 00:00:00+0000,81.99,84.14,81.99,83.12,13664394.0
2022-04-04 00:00:00+0000,83.56,83.66,82.05,83.16,15657056.0
2022-04-05 00:00:00+0000,83.49,85.07,82.55,82.73,16596091.0
2022-04-06 00:00:00+0000,83.42,84.7,82.94,83.65,18892759.0
2022-04-07 00:00:00+0000,83.83,85.44,82.71,85.05,20441518.0
2022-04-08 00:00:00+0000,85.38,87.21,85.17,86.84,16933719.0
2022-04-11 00:00:00+0000,85.73,85.93,83.5,83.85,15991845.0
2022-04-12 00:00:00+0000,85.71,86.82,85.37,85.6,16370293.0
2022-04-13 00:00:00+0000,86.61,87.11,85.19,86.81,14920799.0
2022-04-14 00:00:00+0000,86.67,88.46,86.23,87.83,17523368.0
2022-04-18 00:00:00+0000,88.23,88.89,87.75,88.55,15054040.0
2022-04-19 00:00:00+0000,88.01,88.66,87.27,87.76,15467617.0
2022-04-20 00:00:00+0000,87.97,88.5,87.3,87.96,15514168.0
2022-04-21 00:00:00+0000,88.95,89.8,86.79,87.03,21526871.0
2022-04-22 00:00:00+0000,86.66,88.12,85.0,85.13,17536340.0
2022-04-25 00:00:00+0000,82.37,82.66,79.29,82.26,29155161.0
2022-04-26 00:00:00+0000,82.73,84.72,82.18,82.29,21976315.0
2022-04-27 00:00:00+0000,83.39,85.48,82.28,84.64,25112383.0
2022-04-28 00:00:00+0000,84.88,88.14,84.07,87.2,23749511.0
2022-04-29 00:00:00+0000,88.14,88.14,84.7,85.25,21146596.0
2022-05-02 00:00:00+0000,85.01,87.04,84.63,86.41,26285542.0
2022-05-03 00:00:00+0000,86.26,88.78,86.12,88.19,26918701.0
2022-05-04 00:00:00+0000,89.5,91.88,88.91,91.7,36729531.0
2022-05-05 00:00:00+0000,92.04,92.05,88.39,90.31,32544188.0
2022-05-06 00:00:00+0000,90.98,91.82,89.35,91.69,23648571.0
2022-05-09 00:00:00+0000,89.44,89.56,84.02,84.46,32606331.0
2022-05-10 00:00:00+0000,85.64,86.89,83.51,85.02,26724238.0
2022-05-11 00:00:00+0000,86.43,88.94,86.28,86.79,25258332.0
2022-05-12 00:00:00+0000,85.95,86.38,83.4,86.3,20266390.0
2022-05-13 00:00:00+0000,87.36,88.95,86.34,88.86,18403138.0
2022-05-16 00:00:00+0000,88.98,91.98,88.97,90.95,21071943.0
2022-05-17 00:00:00+0000,91.73,92.45,91.12,92.11,17662739.0
2022-05-18 00:00:00+0000,92.51,92.92,89.83,90.65,19626053.0
2022-05-19 00:00:00+0000,89.0,92.3,89.0,91.14,19749979.0
2022-05-20 00:00:00+0000,91.93,93.59,90.4,91.86,22032321.0
2022-05-23 00:00:00+0000,92.66,94.77,92.55,93.89,21467296.0
2022-05-24 00:00:00+0000,92.82,94.79,92.32,94.4,19381965.0
2022-05-25 00:00:00+0000,94.58,96.53,94.47,96.3,21807859.0
2022-05-26 00:00:00+0000,96.6,97.43,96.2,96.64,16039093.0
2022-05-27 00:00:00+0000,95.95,97.93,95.3,97.59,17978036.0
2022-05-31 00:00:00+0000,98.62,99.78,95.7,96.0,26696179.0
2022-06-01 00:00:00+0000,97.02,98.72,96.62,97.84,19938404.0
2022-06-02 00:00:00+0000,97.29,98.1,96.79,97.67,14830993.0
2022-06-03 00:00:00+0000,97.9,99.66,97.9,99.09,17141648.0
2022-06-06 00:00:00+0000,99.18,99.78,98.67,98.84,12962358.0
2022-06-07 00:00:00+0000,99.67,103.43,99.49,103.37,30163769.0
2022-06-08 00:00:00+0000,103.49,105.57,102.98,104.59,25735431.0
2022-06-09 00:00:00+0000,103.42,104.57,102.16,102.33,20461710.0
2022-06-10 00:00:00+0000,101.94,103.35,99.79,100.46,23062098.0
2022-06-13 00:00:00+0000,97.52,97.77,93.92,95.85,25740673.0
2022-06-14 00:00:00+0000,97.41,98.67,95.27,96.1,23255002.0
2022-06-15 00:00:00+0000,95.99,96.57,93.27,94.89,22877984.0
2022-06-16 00:00:00+0000,92.41,93.13,90.28,91.39,26952663.0
2022-06-17 00:00:00+0000,90.96,91.35,85.65,86.12,40084711.0
2022-06-21 00:00:00+0000,88.58,92.53,88.52,91.48,26818065.0
2022-06-22 00:00:00+0000,87.54,89.76,87.53,87.86,20841245.0
2022-06-23 00:00:00+0000,88.66,89.05,83.52,85.21,28264240.0
2022-06-24 00:00:00+0000,86.95,88.4,85.81,86.9,17796159.0
2022-06-27 00:00:00+0000,87.8,90.04,87.67,89.03,18007201.0
2022-06-28 00:00:00+0000,91.12,93.24,90.35,91.5,21700134.0
2022-06-29 00:00:00+0000,92.98,93.2,87.75,88.12,18085409.0
2022-06-30 00:00:00+0000,86.14,87.6,84.67,85.64,25718036.0
2022-07-01 00:00:00+0000,86.74,87.88,84.71,87.55,19936942.0
2022-07-05 00:00:00+0000,86.34,86.7,83.01,84.81,24581404.0
2022-07-06 00:00:00+0000,83.76,85.23,81.01,83.28,24568184.0
2022-07-07 00:00:00+0000,85.38,86.76,85.3,85.94,16958170.0
2022-07-08 00:00:00+0000,86.95,87.3,84.93,86.08,12152837.0
2022-07-11 00:00:00+0000,85.17,86.12,84.36,85.64,10859878.0
2022-07-12 00:00:00+0000,83.78,85.05,82.86,84.5,14972981.0
2022-07-13 00:00:00+0000,83.38,86.32,83.3,84.84,14256910.0
2022-07-14 00:00:00+0000,81.85,83.31,80.69,83.14,19293973.0
2022-07-15 00:00:00+0000,84.8,84.88,82.9,84.54,12050900.0
2022-07-18 00:00:00+0000,86.58,87.94,85.75,86.1,13378949.0
2022-07-19 00:00:00+0000,86.42,88.52,86.25,88.27,12778293.0
2022-07-20 00:00:00+0000,87.58,89.65,87.25,89.24,11378980.0
2022-07-21 00:00:00+0000,86.93,87.8,85.21,87.75,15460159.0
2022-07-22 00:00:00+0000,87.55,88.47,86.63,87.08,10390494.0
2022-07-25 00:00:00+0000,88.16,90.13,87.42,89.98,12134543.0
2022-07-26 00:00:00+0000,91.13,91.28,89.0,89.63,10797201.0
2022-07-27 00:00:00+0000,90.28,92.0,89.4,91.57,12615170.0
2022-07-28 00:00:00+0000,92.18,93.25,91.01,92.64,14532825.0
2022-07-29 00:00:00+0000,94.45,97.52,94.1,96.93,20065317.0
2022-08-01 00:00:00+0000,94.79,95.35,93.23,94.48,15188746.0
2022-08-02 00:00:00+0000,94.69,95.2,93.82,94.07,11897734.0
2022-08-03 00:00:00+0000,94.42,94.42,90.79,91.02,17371875.0
2022-08-04 00:00:00+0000,90.31,90.34,86.43,87.19,22094124.0
2022-08-05 00:00:00+0000,86.36,89.69,86.28,88.45,12240538.0
2022-08-08 00:00:00+0000,88.61,89.6,88.22,88.95,9069026.0
2022-08-09 00:00:00+0000,90.05,91.61,89.95,90.59,10831209.0
2022-08-10 00:00:00+0000,90.68,91.8,89.18,91.45,11758614.0
2022-08-11 00:00:00+0000,91.84,94.3,91.43,93.19,13365621.0
2022-08-12 00:00:00+0000,92.48,94.02,92.11,94.0,9194234.0
2022-08-15 00:00:00+0000,90.53,92.73,89.66,92.32,12061860.0
2022-08-16 00:00:00+0000,92.03,92.89,91.29,91.46,9973993.0
2022-08-17 00:00:00+0000,91.27,93.21,90.92,92.2,9398558.0
2022-08-18 00:00:00+0000,93.15,95.31,93.09,94.38,12358386.0
2022-08-19 00:00:00+0000,94.16,95.2,93.8,94.08,11529939.0
2022-08-22 00:00:00+0000,93.42,94.49,91.86,94.01,10479236.0
2022-08-23 00:00:00+0000,95.55,98.41,95.45,98.0,18105248.0
2022-08-24 00:00:00+0000,98.01,98.97,97.36,98.58,12747759.0
2022-08-25 00:00:00+0000,98.92,99.86,98.1,99.09,11166195.0
2022-08-26 00:00:00+0000,98.77,99.91,97.42,97.87,10450498.0
2022-08-29 00:00:00+0000,98.18,101.56,98.14,100.12,17208541.0
2022-08-30 00:00:00+0000,98.36,98.62,95.82,96.31,12091547.0
2022-08-31 00:00:00+0000,94.03,96.84,93.59,95.59,10611347.0
2022-09-01 00:00:00+0000,94.53,95.07,92.3,93.87,10994949.0
2022-09-02 00:00:00+0000,96.35,96.79,95.11,95.59,12987679.0
2022-09-06 00:00:00+0000,96.16,96.59,94.51,94.95,11037265.0
2022-09-07 00:00:00+0000,93.17,94.6,92.3,94.14,10935586.0
2022-09-08 00:00:00+0000,94.66,95.42,93.72,94.91,12397081.0
2022-09-09 00:00:00+0000,96.58,97.0,95.32,96.5,11405280.0
2022-09-12 00:00:00+0000,97.43,99.19,96.87,97.61,10610735.0
2022-09-13 00:00:00+0000,96.61,97.78,94.91,95.33,12892942.0
2022-09-14 00:00:00+0000,96.19,98.56,96.15,97.67,16401116.0
2022-09-15 00:00:00+0000,96.22,96.54,94.05,94.83,14513669.0
2022-09-16 00:00:00+0000,95.07,95.34,92.0,93.21,19175229.0
2022-09-19 00:00:00+0000,91.01,93.49,91.0,93.2,10734762.0
2022-09-20 00:00:00+0000,92.73,92.93,91.64,92.44,10230821.0
2022-09-21 00:00:00+0000,93.57,93.88,90.87,90.95,11953115.0
2022-09-22 00:00:00+0000,92.04,92.66,90.52,90.57,10688566.0
2022-09-23 00:00:00+0000,87.5,87.5,84.85,85.75,19412963.0
2022-09-26 00:00:00+0000,85.01,86.22,83.89,83.98,15365910.0
2022-09-27 00:00:00+0000,85.61,86.96,84.81,85.74,11559564.0
2022-09-28 00:00:00+0000,86.12,89.3,85.92,88.86,12847368.0
2022-09-29 00:00:00+0000,88.18,89.36,87.13,88.68,12657579.0
2022-09-30 00:00:00+0000,88.17,89.04,87.31,87.31,12011234.0
2022-10-03 00:00:00+0000,90.04,92.36,89.72,91.92,14838653.0
2022-10-04 00:00:00+0000,93.24,95.36,92.71,95.27,15258544.0
2022-10-05 00:00:00+0000,95.75,99.99,95.66,99.12,26003548.0
2022-10-06 00:00:00+0000,98.42,102.18,98.33,102.06,22741603.0
2022-10-07 00:00:00+0000,102.19,103.32,100.18,101.03,18733393.0
2022-10-10 00:00:00+0000,101.49,102.03,98.72,98.84,12508311.0
2022-10-11 00:00:00+0000,97.22,99.76,96.75,98.0,12571668.0
2022-10-12 00:00:00+0000,97.5,98.91,97.23,98.43,8477929.0
2022-10-13 00:00:00+0000,97.55,102.45,97.4,101.87,16363587.0
2022-10-14 00:00:00+0000,101.12,102.24,99.04,99.19,10370221.0
2022-10-17 00:00:00+0000,101.07,101.97,100.5,100.62,9115878.0
2022-10-18 00:00:00+0000,101.54,102.35,99.23,100.8,10219047.0
2022-10-19 00:00:00+0000,101.2,103.99,101.19,103.79,15817841.0
2022-10-20 00:00:00+0000,104.32,105.0,103.41,103.93,12507599.0
2022-10-21 00:00:00+0000,104.45,106.2,103.9,105.86,16899085.0
2022-10-24 00:00:00+0000,105.66,107.68,105.12,106.6,12476345.0
2022-10-25 00:00:00+0000,106.41,107.33,105.07,105.88,10784254.0
2022-10-26 00:00:00+0000,106.26,107.83,106.0,107.14,11638449.0
2022-10-27 00:00:00+0000,108.41,109.58,107.42,107.55,12612300.0
2022-10-28 00:00:00+0000,109.46,111.21,108.12,110.7,20873637.0
2022-10-31 00:00:00+0000,109.5,112.91,109.44,110.81,16696045.0
2022-11-01 00:00:00+0000,112.37,112.57,110.65,111.91,14875826.0
2022-11-02 00:00:00+0000,111.59,112.1,109.31,109.61,14793272.0
2022-11-03 00:00:00+0000,108.58,111.82,108.31,111.1,12745839.0
2022-11-04 00:00:00+0000,113.0,113.5,110.8,112.31,12749446.0
2022-11-07 00:00:00+0000,112.41,113.99,112.13,113.64,10570253.0
2022-11-08 00:00:00+0000,113.48,114.67,112.59,114.0,9054687.0
2022-11-09 00:00:00+0000,113.1,113.28,108.57,108.9,13137978.0
2022-11-10 00:00:00+0000,110.19,110.7,107.57,110.5,11653838.0
2022-11-11 00:00:00+0000,112.58,114.5,112.49,113.95,12605292.0
2022-11-14 00:00:00+0000,112.63,114.64,112.49,113.37,11643451.0
2022-11-15 00:00:00+0000,113.8,114.53,112.87,114.13,12438426.0
2022-11-16 00:00:00+0000,113.44,114.26,111.86,112.91,8668174.0
2022-11-17 00:00:00+0000,111.29,113.2,110.75,113.06,7432282.0
2022-11-18 00:00:00+0000,110.9,112.48,109.61,112.08,9941131.0
2022-11-21 00:00:00+0000,109.99,111.21,107.48,110.97,13529039.0
2022-11-22 00:00:00+0000,112.21,114.47,111.43,114.18,11868007.0
2022-11-23 00:00:00+0000,112.32,113.95,112.1,113.61,7398594.0
2022-11-25 00:00:00+0000,113.88,114.61,113.06,113.21,4968188.0
2022-11-28 00:00:00+0000,110.66,111.46,109.62,109.81,13552556.0
2022-11-29 00:00:00+0000,110.61,111.8,109.79,110.54,9279321.0
2022-11-30 00:00:00+0000,111.54,111.9,109.78,111.34,10608488.0
2022-12-01 00:00:00+0000,111.64,112.07,110.18,110.8,8316555.0
2022-12-02 00:00:00+0000,109.51,111.71,109.2,109.86,10541373.0
2022-12-05 00:00:00+0000,110.7,111.36,105.94,106.85,13838731.0
2022-12-06 00:00:00+0000,105.9,107.04,103.14,103.88,14381722.0
2022-12-07 00:00:00+0000,103.78,104.86,102.37,103.65,13807268.0
2022-12-08 00:00:00+0000,106.28,106.8,103.71,104.42,14755066.0
2022-12-09 00:00:00+0000,104.59,105.95,103.3,103.54,13536795.0
2022-12-12 00:00:00+0000,103.83,106.24,103.58,106.09,13130319.0
2022-12-13 00:00:00+0000,107.8,108.54,107.02,107.25,14252489.0
2022-12-14 00:00:00+0000,107.99,108.3,105.75,106.46,10340283.0
2022-12-15 00:00:00+0000,105.32,106.17,103.7,105.44,8808960.0
2022-12-16 00:00:00+0000,103.69,105.58,103.13,104.7,18154926.0
2022-12-19 00:00:00+0000,105.26,106.2,104.38,105.17,8141764.0
2022-12-20 00:00:00+0000,105.17,107.51,105.07,106.69,9407138.0
2022-12-21 00:00:00+0000,108.29,108.59,107.16,108.06,8228399.0
2022-12-22 00:00:00+0000,107.89,108.19,104.1,105.88,7798816.0
2022-12-23 00:00:00+0000,106.95,108.74,106.9,108.68,7961720.0
2022-12-27 00:00:00+0000,109.27,110.47,108.83,110.19,8287518.0
2022-12-28 00:00:00+0000,109.91,110.0,107.9,108.38,7093786.0
2022-12-29 00:00:00+0000,107.99,109.72,107.99,109.2,7551439.0
2022-12-30 00:00:00+0000,108.61,110.5,108.61,110.3,7436835.0
2023-01-03 00:00:00+0000,109.78,110.02,105.49,106.51,9965584.0
2023-01-04 00:00:00+0000,104.8,107.16,104.76,106.82,12074307.0
2023-01-05 00:00:00+0000,106.34,109.95,106.31,109.21,11363831.0
2023-01-06 00:00:00+0000,110.08,111.99,109.67,110.53,11831331.0
2023-01-09 00:00:00+0000,111.64,111.64,107.81,108.47,12003683.0
2023-01-10 00:00:00+0000,109.79,110.33,108.0,110.09,10125038.0
2023-01-11 00:00:00+0000,110.99,111.45,109.08,111.37,11416117.0
2023-01-12 00:00:00+0000,111.82,113.74,111.74,113.22,11300926.0
2023-01-13 00:00:00+0000,113.11,113.49,112.16,113.15,7311282.0
2023-01-17 00:00:00+0000,113.41,114.08,112.67,112.93,10296365.0
2023-01-18 00:00:00+0000,113.26,114.12,110.39,110.61,11192936.0
2023-01-19 00:00:00+0000,110.07,112.13,109.58,111.32,8724514.0
2023-01-20 00:00:00+0000,111.36,113.44,110.61,113.35,11056657.0
2023-01-23 00:00:00+0000,113.64,114.59,112.64,112.76,11367776.0
2023-01-24 00:00:00+0000,99.23,114.02,99.23,113.81,9589103.0
2023-01-25 00:00:00+0000,113.23,113.65,111.39,113.21,7779439.0
2023-01-26 00:00:00+0000,114.72,117.78,114.33,117.76,15283439.0
2023-01-27 00:00:00+0000,116.95,117.67,115.39,115.61,10495535.0
2023-01-30 00:00:00+0000,115.09,115.49,113.15,113.56,11080152.0
2023-01-31 00:00:00+0000,112.1,116.4,110.43,116.01,17401316.0
2023-02-01 00:00:00+0000,115.83,117.38,113.34,114.74,14114561.0
2023-02-02 00:00:00+0000,114.85,115.07,109.83,111.15,16651155.0
2023-02-03 00:00:00+0000,111.9,114.11,111.56,111.92,14739755.0
2023-02-06 00:00:00+0000,112.36,113.09,110.32,111.73,9588387.0
2023-02-07 00:00:00+0000,112.39,115.31,112.02,114.92,11313256.0
2023-02-08 00:00:00+0000,115.05,115.83,113.85,113.92,9744897.0
2023-02-09 00:00:00+0000,114.62,116.24,114.18,114.35,11955352.0
2023-02-10 00:00:00+0000,116.51,119.63,116.16,119.17,18124605.0
2023-02-13 00:00:00+0000,117.72,118.18,115.9,117.8,9541355.0
2023-02-14 00:00:00+0000,117.01,117.81,116.01,116.42,8148824.0
2023-02-15 00:00:00+0000,115.72,116.09,114.14,116.07,7769960.0
2023-02-16 00:00:00+0000,115.31,116.78,114.8,115.73,7716705.0
2023-02-17 00:00:00+0000,114.19,114.19,110.97,111.28,13627064.0
2023-02-21 00:00:00+0000,110.81,112.38,110.81,111.17,9276979.0
2023-02-22 00:00:00+0000,110.48,110.97,108.64,109.73,10023740.0
2023-02-23 00:00:00+0000,110.73,111.83,109.9,110.74,7370679.0
2023-02-24 00:00:00+0000,109.33,110.96,109.02,110.75,9233366.0
2023-02-27 00:00:00+0000,110.8,111.26,109.96,110.55,7790983.0
2023-02-28 00:00:00+0000,111.24,111.36,109.22,109.91,10224972.0
2023-03-01 00:00:00+0000,109.35,111.86,109.24,110.89,7798250.0
2023-03-02 00:00:00+0000,110.62,111.7,110.17,111.4,6268187.0
2023-03-03 00:00:00+0000,110.05,113.37,109.95,112.81,8194368.0
2023-03-06 00:00:00+0000,111.99,113.84,111.87,113.81,8370015.0
2023-03-07 00:00:00+0000,112.81,113.17,111.17,111.61,7677731.0
2023-03-08 00:00:00+0000,111.23,112.42,109.06,109.98,9128797.0
2023-03-09 00:00:00+0000,110.87,112.23,109.03,109.13,8475662.0
2023-03-10 00:00:00+0000,109.56,111.04,107.15,107.78,10258701.0
2023-03-13 00:00:00+0000,105.3,107.86,103.72,106.54,14256948.0
2023-03-14 00:00:00+0000,106.35,109.01,104.96,106.94,11416844.0
2023-03-15 00:00:00+0000,102.82,104.2,100.22,101.62,16520406.0
2023-03-16 00:00:00+0000,99.11,101.68,98.02,101.03,18330163.0
2023-03-17 00:00:00+0000,100.6,101.62,99.14,99.84,16003168.0
2023-03-20 00:00:00+0000,99.63,102.48,99.5,102.45,16368844.0
2023-03-21 00:00:00+0000,104.17,107.28,104.13,107.04,16006595.0
2023-03-22 00:00:00+0000,106.8,107.18,104.56,104.59,8976358.0
2023-03-23 00:00:00+0000,105.36,106.34,102.44,103.41,8276858.0
2023-03-24 00:00:00+0000,101.47,103.85,100.91,103.53,8173799.0
2023-03-27 00:00:00+0000,104.74,106.48,103.91,105.8,8655620.0
2023-03-28 00:00:00+0000,105.44,107.65,105.19,107.12,7311918.0
2023-03-29 00:00:00+0000,107.99,109.16,107.49,108.96,8027051.0
2023-03-30 00:00:00+0000,109.55,109.57,108.52,109.49,7942640.0
2023-03-31 00:00:00+0000,109.68,110.17,109.04,109.66,8215128.0
2023-04-03 00:00:00+0000,113.39,116.85,113.12,116.13,19262976.0
2023-04-04 00:00:00+0000,116.3,116.7,114.17,115.02,10551632.0
2023-04-05 00:00:00+0000,115.35,117.0,114.31,116.99,11182635.0
2023-04-06 00:00:00+0000,116.86,117.18,114.77,115.05,10505442.0
2023-04-10 00:00:00+0000,114.78,116.18,114.17,114.54,8956669.0
2023-04-11 00:00:00+0000,114.96,116.2,114.38,115.35,7995354.0
2023-04-12 00:00:00+0000,116.16,116.59,114.93,115.23,7317557.0
2023-04-13 00:00:00+0000,114.6,115.89,114.13,115.77,7716185.0
2023-04-14 00:00:00+0000,115.9,116.66,115.12,116.05,5926083.0
2023-04-17 00:00:00+0000,115.49,116.51,114.42,114.7,8049110.0
2023-04-18 00:00:00+0000,114.39,117.21,114.3,116.94,12557179.0
2023-04-19 00:00:00+0000,116.08,116.9,115.77,116.57,6572838.0
2023-04-20 00:00:00+0000,115.0,115.68,113.22,115.64,10710923.0
2023-04-21 00:00:00+0000,116.49,116.88,115.26,116.01,9490720.0
2023-04-24 00:00:00+0000,115.92,118.89,115.88,118.2,10658341.0
2023-04-25 00:00:00+0000,117.55,117.74,115.63,116.52,8272262.0
2023-04-26 00:00:00+0000,116.03,117.09,114.68,115.45,8808572.0
2023-04-27 00:00:00+0000,115.62,117.01,114.88,116.83,10873887.0
2023-04-28 00:00:00+0000,117.25,119.92,116.83,118.34,14604456.0
2023-05-01 00:00:00+0000,115.99,117.3,114.45,114.67,11062477.0
2023-05-02 00:00:00+0000,113.94,113.94,109.29,110.1,16161507.0
2023-05-03 00:00:00+0000,109.08,109.81,107.75,107.93,10930506.0
2023-05-04 00:00:00+0000,107.9,108.75,105.91,106.04,11702950.0
2023-05-05 00:00:00+0000,108.55,109.43,107.53,108.68,9691933.0
2023-05-08 00:00:00+0000,110.5,110.97,109.04,109.11,7013113.0
2023-05-09 00:00:00+0000,108.34,110.23,108.21,109.14,7369504.0
2023-05-10 00:00:00+0000,109.74,110.01,106.71,107.74,8417689.0
2023-05-11 00:00:00+0000,106.49,106.82,104.93,105.79,11303937.0
2023-05-12 00:00:00+0000,106.31,107.01,104.77,105.78,8342927.0
2023-05-15 00:00:00+0000,105.51,105.93,104.58,105.07,8669166.0
2023-05-16 00:00:00+0000,104.63,104.81,102.02,102.52,10061958.0
2023-05-17 00:00:00+0000,103.39,105.23,102.85,104.82,8786362.0
2023-05-18 00:00:00+0000,104.55,105.91,104.13,105.77,7009933.0
2023-05-19 00:00:00+0000,106.57,107.05,105.82,106.26,7308374.0
2023-05-22 00:00:00+0000,105.84,107.04,104.88,104.97,7922087.0
2023-05-23 00:00:00+0000,105.99,108.22,105.75,106.4,9718469.0
2023-05-24 00:00:00+0000,107.38,108.51,106.73,107.59,8890748.0
2023-05-25 00:00:00+0000,105.94,106.43,104.71,105.66,7021886.0
2023-05-26 00:00:00+0000,106.47,106.95,104.83,104.97,6656081.0
2023-05-30 00:00:00+0000,103.29,104.12,102.61,104.04,7350271.0
2023-05-31 00:00:00+0000,102.29,103.04,101.74,102.18,8068202.0
2023-06-01 00:00:00+0000,101.75,105.58,101.26,103.36,8368090.0
2023-06-02 00:00:00+0000,105.16,106.13,104.53,105.76,8478097.0
2023-06-05 00:00:00+0000,107.19,107.29,105.09,105.29,7800804.0
2023-06-06 00:00:00+0000,104.15,106.27,103.98,106.15,7095844.0
2023-06-07 00:00:00+0000,106.79,108.89,106.73,108.53,9688859.0
2023-06-08 00:00:00+0000,108.77,109.14,105.9,108.19,8383277.0
2023-06-09 00:00:00+0000,108.45,108.61,107.16,107.39,7347590.0
2023-06-12 00:00:00+0000,105.81,107.06,105.55,106.42,8462913.0
2023-06-13 00:00:00+0000,107.38,108.34,106.27,106.44,7689296.0
2023-06-14 00:00:00+0000,107.45,108.11,104.39,105.16,9574952.0
2023-06-15 00:00:00+0000,105.5,107.03,105.44,105.89,9934537.0
2023-06-16 00:00:00+0000,106.36,106.77,104.95,105.13,14715195.0
2023-06-20 00:00:00+0000,104.68,104.77,102.12,102.72,10355539.0
2023-06-21 00:00:00+0000,102.5,104.63,102.33,103.87,7343902.0
2023-06-22 00:00:00+0000,102.84,103.89,102.65,103.3,7327373.0
2023-06-23 00:00:00+0000,102.59,102.82,101.62,102.4,8291669.0
2023-06-26 00:00:00+0000,102.19,104.91,102.19,104.29,7722088.0
2023-06-27 00:00:00+0000,104.05,104.61,103.27,104.55,7364750.0
2023-06-28 00:00:00+0000,104.31,105.82,103.2,105.4,8191265.0
2023-06-29 00:00:00+0000,105.66,106.73,105.13,106.7,6978371.0
2023-06-30 00:00:00+0000,107.32,107.88,106.81,107.25,7397143.0
2023-07-03 00:00:00+0000,107.49,108.46,107.07,107.46,4512636.0
2023-07-05 00:00:00+0000,107.63,107.92,106.1,106.91,7611511.0
2023-07-06 00:00:00+0000,105.09,105.72,102.43,102.92,11915060.0
2023-07-07 00:00:00+0000,101.92,104.0,101.56,103.16,14303035.0
2023-07-10 00:00:00+0000,102.97,104.75,102.75,104.69,9567362.0
2023-07-11 00:00:00+0000,105.26,106.16,104.81,105.97,8185938.0
2023-07-12 00:00:00+0000,107.0,107.65,106.13,106.49,7866558.0
2023-07-13 00:00:00+0000,105.97,106.23,103.32,104.54,19015344.0
2023-07-14 00:00:00+0000,104.05,104.05,100.53,100.94,20003849.0
2023-07-17 00:00:00+0000,100.72,101.67,100.22,101.38,10791106.0
2023-07-18 00:00:00+0000,100.92,102.2,100.34,100.92,16302060.0
2023-07-19 00:00:00+0000,101.05,102.4,100.8,101.62,10326561.0
2023-07-20 00:00:00+0000,102.54,103.66,102.36,103.41,9120394.0
2023-07-21 00:00:00+0000,104.16,104.38,103.26,103.89,9880637.0
2023-07-24 00:00:00+0000,104.36,106.16,103.96,105.52,10141732.0
2023-07-25 00:00:00+0000,105.06,106.1,104.54,105.68,7533073.0
2023-07-26 00:00:00+0000,105.11,105.72,104.63,105.09,8290263.0
2023-07-27 00:00:00+0000,106.0,106.99,104.74,105.42,11275082.0
2023-07-28 00:00:00+0000,105.11,105.16,102.32,104.16,11533085.0
2023-07-31 00:00:00+0000,105.19,107.86,105.19,107.24,14873324.0
2023-08-01 00:00:00+0000,106.95,107.32,105.53,106.62,7534047.0
2023-08-02 00:00:00+0000,106.26,106.38,104.57,105.29,7933271.0
2023-08-03 00:00:00+0000,105.89,107.88,105.3,107.12,9985294.0
2023-08-04 00:00:00+0000,107.96,109.24,107.33,107.42,9750738.0
2023-08-07 00:00:00+0000,107.9,108.42,106.5,107.2,7877593.0
2023-08-08 00:00:00+0000,106.04,107.75,104.83,107.73,8019235.0
2023-08-09 00:00:00+0000,108.71,110.42,108.31,109.56,13173284.0
2023-08-10 00:00:00+0000,110.19,111.63,109.44,110.12,10552220.0
2023-08-11 00:00:00+0000,110.37,112.07,110.05,111.83,9515408.0
2023-08-14 00:00:00+0000,111.68,111.98,110.78,111.92,8590433.0
2023-08-15 00:00:00+0000,110.75,110.86,107.96,108.16,9530871.0
2023-08-16 00:00:00+0000,108.28,109.33,106.27,106.34,8814510.0
2023-08-17 00:00:00+0000,107.42,110.15,107.42,108.4,11590898.0
2023-08-18 00:00:00+0000,107.64,110.2,107.62,110.04,10490835.0
2023-08-21 00:00:00+0000,110.36,110.98,108.14,108.71,6812500.0
2023-08-22 00:00:00+0000,109.17,109.72,107.95,108.1,6638060.0
2023-08-23 00:00:00+0000,107.04,107.3,105.72,107.15,7113950.0
2023-08-24 00:00:00+0000,106.42,107.77,106.07,106.35,6634118.0
2023-08-25 00:00:00+0000,107.43,108.93,106.62,108.25,8742151.0
2023-08-28 00:00:00+0000,108.45,110.04,108.44,109.16,6303000.0
2023-08-29 00:00:00+0000,109.66,110.02,108.42,109.81,5954049.0
2023-08-30 00:00:00+0000,110.44,111.14,109.98,110.88,7119181.0
2023-08-31 00:00:00+0000,111.12,111.42,110.61,111.19,7128594.0
2023-09-01 00:00:00+0000,112.2,113.82,112.2,113.52,9709723.0
2023-09-05 00:00:00+0000,114.1,115.83,113.5,113.53,11992298.0
2023-09-06 00:00:00+0000,113.48,114.59,113.23,114.51,8208915.0
2023-09-07 00:00:00+0000,114.65,115.85,113.7,113.95,8368071.0
2023-09-08 00:00:00+0000,114.53,116.05,114.32,115.61,8987556.0
2023-09-11 00:00:00+0000,116.18,116.68,113.56,114.16,8790304.0
2023-09-12 00:00:00+0000,115.34,117.67,115.27,117.49,12754069.0
2023-09-13 00:00:00+0000,117.41,117.96,115.9,116.44,8118083.0
2023-09-14 00:00:00+0000,117.55,118.66,117.33,118.52,9115901.0
2023-09-15 00:00:00+0000,117.9,118.51,116.5,116.7,12662624.0
2023-09-18 00:00:00+0000,117.53,118.24,116.7,117.64,8438031.0
2023-09-19 00:00:00+0000,118.62,118.84,116.61,117.33,7841151.0
2023-09-20 00:00:00+0000,116.54,118.02,116.32,116.4,7209990.0
2023-09-21 00:00:00+0000,116.98,117.37,114.6,114.76,9471416.0
2023-09-22 00:00:00+0000,115.71,116.68,114.8,114.94,8609284.0
2023-09-25 00:00:00+0000,115.09,116.65,114.83,116.23,7168973.0
2023-09-26 00:00:00+0000,115.5,116.73,115.37,116.41,7503278.0
2023-09-27 00:00:00+0000,117.89,120.43,117.4,120.2,16215154.0
2023-09-28 00:00:00+0000,119.98,120.7,118.19,119.47,10461050.0
2023-09-29 00:00:00+0000,119.1,119.18,116.73,117.58,11282259.0
2023-10-02 00:00:00+0000,117.53,117.79,114.55,115.63,9246059.0
2023-10-03 00:00:00+0000,115.44,116.44,115.03,115.83,9087181.0
2023-10-04 00:00:00+0000,114.05,114.09,110.5,111.5,13798820.0
2023-10-05 00:00:00+0000,109.8,110.9,108.7,108.99,13956077.0
2023-10-06 00:00:00+0000,105.73,108.27,105.11,107.17,18340646.0
2023-10-09 00:00:00+0000,110.44,112.07,109.52,110.92,15964790.0
2023-10-10 00:00:00+0000,111.02,111.45,110.12,110.45,9542340.0
2023-10-11 00:00:00+0000,106.96,107.17,104.83,106.49,40900843.0
2023-10-12 00:00:00+0000,107.59,107.84,106.09,106.47,21166715.0
2023-10-13 00:00:00+0000,108.03,110.2,107.84,109.87,20268042.0
2023-10-16 00:00:00+0000,110.59,110.68,109.13,109.95,12562153.0
2023-10-17 00:00:00+0000,109.73,111.8,109.68,111.39,14363399.0
2023-10-18 00:00:00+0000,111.82,113.39,111.7,112.95,16766517.0
2023-10-19 00:00:00+0000,112.72,113.97,111.32,113.02,13677055.0
2023-10-20 00:00:00+0000,112.92,113.32,110.79,111.08,15048398.0
2023-10-23 00:00:00+0000,110.63,110.96,108.67,109.45,12537257.0
2023-10-24 00:00:00+0000,109.7,109.82,108.12,108.39,11466031.0
2023-10-25 00:00:00+0000,108.52,109.5,108.13,108.59,12250801.0
2023-10-26 00:00:00+0000,107.45,108.34,106.49,107.6,12029625.0
2023-10-27 00:00:00+0000,108.89,109.86,104.96,105.55,15629306.0
2023-10-30 00:00:00+0000,105.74,106.42,105.21,105.88,13298644.0
2023-10-31 00:00:00+0000,105.58,106.16,104.54,105.85,11839675.0
2023-11-01 00:00:00+0000,106.53,107.17,105.46,105.64,17632487.0
2023-11-02 00:00:00+0000,105.88,109.19,105.5,109.11,15496106.0
2023-11-03 00:00:00+0000,108.66,108.78,106.54,107.78,14995724.0
2023-11-06 00:00:00+0000,108.17,108.27,105.77,105.87,12004368.0
2023-11-07 00:00:00+0000,104.47,104.86,103.29,104.21,14031210.0
2023-11-08 00:00:00+0000,103.73,104.9,102.89,102.93,12026256.0
2023-11-09 00:00:00+0000,103.67,103.97,102.85,102.96,11667884.0
2023-11-10 00:00:00+0000,103.93,104.41,102.9,103.75,11678314.0
2023-11-13 00:00:00+0000,104.05,105.14,103.8,104.84,9511464.0
2023-11-14 00:00:00+0000,104.3,104.82,103.87,104.29,12086807.0
2023-11-15 00:00:00+0000,103.96,105.15,103.5,103.66,13068238.0
2023-11-16 00:00:00+0000,102.9,103.27,101.15,102.46,15503441.0
2023-11-17 00:00:00+0000,103.06,105.43,102.75,104.96,15161399.0
2023-11-20 00:00:00+0000,105.38,105.88,104.43,104.5,11335201.0
2023-11-21 00:00:00+0000,104.21,104.7,103.21,104.46,10416381.0
2023-11-22 00:00:00+0000,102.58,104.12,101.94,104.01,11873283.0
2023-11-24 00:00:00+0000,104.02,105.47,103.91,104.57,5968885.0
2023-11-27 00:00:00+0000,104.1,104.4,103.18,103.96,10825835.0
2023-11-28 00:00:00+0000,104.24,104.91,103.88,103.9,12979934.0
2023-11-29 00:00:00+0000,104.29,104.58,101.64,102.34,19192197.0
2023-11-30 00:00:00+0000,103.11,104.48,101.81,102.74,16028996.0
2023-12-01 00:00:00+0000,102.5,104.22,102.22,102.99,12431204.0
2023-12-04 00:00:00+0000,102.13,103.36,101.59,102.43,14086421.0
2023-12-05 00:00:00+0000,102.5,102.5,100.29,100.44,15912656.0
2023-12-06 00:00:00+0000,100.0,100.72,98.34,99.11,23163280.0
2023-12-07 00:00:00+0000,99.86,100.84,98.09,98.42,21395129.0
2023-12-08 00:00:00+0000,99.02,99.79,98.75,99.55,14011759.0
2023-12-11 00:00:00+0000,99.8,99.86,98.58,99.62,15804368.0
2023-12-12 00:00:00+0000,98.68,98.68,97.48,98.05,16850347.0
2023-12-13 00:00:00+0000,98.04,99.03,97.65,98.92,13530661.0
2023-12-14 00:00:00+0000,99.85,102.14,99.72,101.58,18491416.0
2023-12-15 00:00:00+0000,100.59,101.0,100.31,100.9,20159638.0
2023-12-18 00:00:00+0000,102.13,103.11,101.52,101.65,14855875.0
2023-12-19 00:00:00+0000,102.0,103.19,101.79,102.99,12214094.0
2023-12-20 00:00:00+0000,103.5,103.94,101.12,101.27,13662477.0
2023-12-21 00:00:00+0000,101.47,102.01,100.8,101.73,12878250.0
2023-12-22 00:00:00+0000,102.31,102.94,101.82,101.91,8762328.0
2023-12-26 00:00:00+0000,102.74,103.03,102.11,102.14,10438766.0
2023-12-27 00:00:00+0000,102.04,102.55,101.33,101.66,9483167.0
2023-12-28 00:00:00+0000,101.39,101.61,100.13,100.19,11496936.0
2023-12-29 00:00:00+0000,100.37,100.59,99.62,99.98,11790421.0
2024-01-02 00:00:00+0000,100.89,103.1,100.85,102.36,16665289.0
2024-01-03 00:00:00+0000,102.27,103.62,101.66,103.22,15456174.0
2024-01-04 00:00:00+0000,104.08,104.57,102.05,102.32,12841299.0
2024-01-05 00:00:00+0000,103.17,103.4,102.12,102.63,10969504.0
2024-01-08 00:00:00+0000,100.73,101.04,98.9,100.92,16967097.0
2024-01-09 00:00:00+0000,101.29,101.29,99.19,99.67,12767835.0
2024-01-10 00:00:00+0000,99.8,99.8,98.16,98.69,12482106.0
2024-01-11 00:00:00+0000,99.04,99.5,98.56,98.67,10959569.0
2024-01-12 00:00:00+0000,100.14,100.65,99.17,99.95,11275702.0
2024-01-16 00:00:00+0000,99.82,100.01,97.53,97.69,12965164.0
2024-01-17 00:00:00+0000,96.6,97.96,96.58,96.98,12758010.0
2024-01-18 00:00:00+0000,97.0,97.09,95.82,96.8,14026055.0
2024-01-19 00:00:00+0000,96.72,97.02,96.41,96.95,12532196.0
2024-01-22 00:00:00+0000,96.71,97.1,95.77,96.82,12713613.0
2024-01-23 00:00:00+0000,96.81,98.5,96.73,97.91,11572055.0
2024-01-24 00:00:00+0000,98.32,99.65,97.74,99.6,12379781.0
2024-01-25 00:00:00+0000,100.31,102.18,99.61,102.13,16298700.0
2024-01-26 00:00:00+0000,101.97,103.08,101.19,103.0,14524934.0
2024-01-29 00:00:00+0000,102.98,103.2,101.86,103.13,11451779.0
2024-01-30 00:00:00+0000,102.41,104.88,102.1,104.85,14390955.0
2024-01-31 00:00:00+0000,104.74,104.88,102.77,102.81,12896676.0
2024-02-01 00:00:00+0000,103.57,104.01,101.62,102.39,13413232.0
2024-02-02 00:00:00+0000,103.75,104.0,101.61,101.97,15168420.0
2024-02-05 00:00:00+0000,101.45,102.38,100.5,101.55,11482577.0
2024-02-06 00:00:00+0000,102.07,103.04,101.57,102.25,9943102.0
2024-02-07 00:00:00+0000,102.25,102.73,101.18,102.22,9453737.0
2024-02-08 00:00:00+0000,102.34,104.42,102.11,103.97,13784836.0
2024-02-09 00:00:00+0000,104.1,104.84,101.7,101.77,13188623.0
2024-02-12 00:00:00+0000,102.16,103.4,102.0,103.17,11483891.0
2024-02-13 00:00:00+0000,102.76,103.09,100.6,101.34,12809578.0
2024-02-14 00:00:00+0000,101.87,102.62,100.42,100.84,11799045.0
2024-02-15 00:00:00+0000,100.6,103.94,100.6,103.73,15493272.0
2024-02-16 00:00:00+0000,104.01,104.63,103.52,103.73,13952841.0
2024-02-20 00:00:00+0000,103.84,104.12,102.64,102.75,12092493.0
2024-02-21 00:00:00+0000,103.02,104.98,102.99,104.85,14715831.0
2024-02-22 00:00:00+0000,104.16,105.41,103.45,104.76,13942287.0
2024-02-23 00:00:00+0000,103.88,104.09,102.88,103.84,10377765.0
2024-02-26 00:00:00+0000,103.72,104.94,103.05,104.25,8832515.0
2024-02-27 00:00:00+0000,104.68,105.15,103.85,104.03,11499214.0
2024-02-28 00:00:00+0000,104.47,105.43,104.0,104.32,9451414.0
2024-02-29 00:00:00+0000,104.68,105.07,104.21,104.52,9318615.0
2024-03-01 00:00:00+0000,105.72,106.39,105.37,105.84,13038809.0
2024-03-04 00:00:00+0000,105.66,105.85,104.03,104.36,12461449.0
2024-03-05 00:00:00+0000,104.53,106.27,104.32,105.64,13442462.0
2024-03-06 00:00:00+0000,106.62,107.57,106.15,106.77,13973498.0
2024-03-07 00:00:00+0000,106.6,107.98,106.6,107.37,10349643.0
2024-03-08 00:00:00+0000,107.23,108.4,106.77,108.38,10253683.0
2024-03-11 00:00:00+0000,108.25,109.12,107.34,109.02,11980579.0
2024-03-12 00:00:00+0000,109.06,109.28,108.02,108.32,9891951.0
2024-03-13 00:00:00+0000,109.13,110.35,109.11,109.53,11287798.0
2024-03-14 00:00:00+0000,109.83,111.55,109.69,111.47,12599513.0
2024-03-15 00:00:00+0000,110.85,112.3,110.85,111.27,16511243.0
2024-03-18 00:00:00+0000,111.79,112.86,111.1,112.3,9516206.0
2024-03-19 00:00:00+0000,112.22,113.49,112.06,113.09,8774541.0
2024-03-20 00:00:00+0000,112.72,113.4,112.13,112.99,9920488.0
2024-03-21 00:00:00+0000,112.92,113.91,112.57,113.49,7326221.0
2024-03-22 00:00:00+0000,113.48,113.69,112.82,113.49,7973634.0
2024-03-25 00:00:00+0000,113.83,115.78,113.83,114.65,8791345.0
2024-03-26 00:00:00+0000,114.66,114.98,113.41,113.79,7742054.0
2024-03-27 00:00:00+0000,113.48,115.06,113.41,114.97,7579144.0
2024-03-28 00:00:00+0000,115.53,116.45,115.06,116.24,10216930.0
2024-04-01 00:00:00+0000,116.41,117.24,115.38,116.99,9023944.0
2024-04-02 00:00:00+0000,117.92,119.6,117.33,119.28,12796766.0
2024-04-03 00:00:00+0000,119.48,119.75,118.73,119.3,9788507.0
2024-04-04 00:00:00+0000,119.05,119.88,118.64,119.72,12250185.0
2024-04-05 00:00:00+0000,119.98,122.15,119.64,121.37,15149880.0
2024-04-08 00:00:00+0000,121.08,121.74,120.2,120.55,11648440.0
2024-04-09 00:00:00+0000,120.99,121.65,120.34,121.18,9625282.0
2024-04-10 00:00:00+0000,121.22,122.47,120.73,122.2,11490569.0
2024-04-11 00:00:00+0000,122.69,122.69,120.34,121.79,11344109.0
2024-04-12 00:00:00+0000,122.95,123.75,119.67,120.37,14615025.0
2024-04-15 00:00:00+0000,121.09,121.69,119.45,119.68,10092332.0
2024-04-16 00:00:00+0000,119.56,120.22,117.92,118.69,11973544.0
2024-04-17 00:00:00+0000,118.55,119.35,117.12,118.63,10028776.0
2024-04-18 00:00:00+0000,119.0,119.72,117.97,118.52,8886428.0
2024-04-19 00:00:00+0000,119.16,120.93,118.95,119.88,13003524.0
2024-04-22 00:00:00+0000,119.26,121.57,118.43,120.56,10267996.0
2024-04-23 00:00:00+0000,120.0,121.06,119.45,121.03,8715611.0
2024-04-24 00:00:00+0000,120.3,121.26,119.39,121.05,7330378.0
2024-04-25 00:00:00+0000,121.03,121.76,119.4,121.33,10843159.0
2024-04-26 00:00:00+0000,119.0,119.1,116.22,117.96,17972452.0
2024-04-29 00:00:00+0000,117.76,120.05,117.76,119.64,11628251.0
2024-04-30 00:00:00+0000,119.11,120.2,117.98,118.27,11516009.0
2024-05-01 00:00:00+0000,118.28,118.47,115.66,116.03,18768372.0
2024-05-02 00:00:00+0000,116.26,117.26,115.9,116.24,16831821.0
2024-05-03 00:00:00+0000,116.0,116.07,114.13,116.0,13761931.0
2024-05-06 00:00:00+0000,116.67,118.34,116.4,116.75,15311344.0
2024-05-07 00:00:00+0000,117.28,117.58,115.93,116.17,13942278.0
2024-05-08 00:00:00+0000,115.71,116.96,115.41,116.15,10219284.0
2024-05-09 00:00:00+0000,116.2,118.53,116.19,118.44,11823089.0
2024-05-10 00:00:00+0000,118.54,118.66,117.58,117.96,8314835.0
2024-05-13 00:00:00+0000,118.42,119.04,117.12,117.91,9735753.0
2024-05-14 00:00:00+0000,116.79,117.74,116.48,117.67,7931524.0
2024-05-15 00:00:00+0000,117.61,118.84,116.08,118.58,11904785.0
2024-05-16 00:00:00+0000,118.54,119.3,117.54,117.87,8270809.0
2024-05-17 00:00:00+0000,118.3,119.83,117.96,119.64,7718245.0
2024-05-20 00:00:00+0000,119.73,119.89,118.55,118.67,5930252.0
2024-05-21 00:00:00+0000,118.4,119.45,117.78,117.85,6846321.0
2024-05-22 00:00:00+0000,117.46,117.46,114.96,115.48,9427909.0
2024-05-23 00:00:00+0000,115.6,117.51,113.36,113.51,8818134.0
2024-05-24 00:00:00+0000,114.84,115.08,113.03,113.42,7063565.0
2024-05-28 00:00:00+0000,113.52,115.11,113.07,114.86,8783855.0
2024-05-29 00:00:00+0000,114.53,114.55,112.81,113.63,7994063.0
2024-05-30 00:00:00+0000,113.27,114.13,112.95,113.99,8502673.0
2024-05-31 00:00:00+0000,114.12,117.49,113.99,117.26,13984944.0
2024-06-03 00:00:00+0000,116.3,116.36,113.76,114.45,10717798.0
2024-06-04 00:00:00+0000,113.0,113.09,110.92,112.67,12396544.0
2024-06-05 00:00:00+0000,112.89,113.19,111.48,113.12,8698384.0
2024-06-06 00:00:00+0000,112.75,114.04,112.11,113.97,8036083.0
2024-06-07 00:00:00+0000,113.79,114.9,112.67,112.75,7738755.0
2024-06-10 00:00:00+0000,113.06,114.22,112.7,113.08,8349580.0
2024-06-11 00:00:00+0000,112.49,112.68,111.31,112.17,6555433.0
2024-06-12 00:00:00+0000,113.3,113.3,110.54,110.93,8572122.0
2024-06-13 00:00:00+0000,110.84,110.86,109.72,110.04,6778021.0
2024-06-14 00:00:00+0000,110.02,110.21,108.59,109.11,7713482.0
2024-06-17 00:00:00+0000,109.17,109.46,108.18,108.36,12535516.0
2024-06-18 00:00:00+0000,109.03,110.72,108.8,109.38,10744680.0
2024-06-20 00:00:00+0000,109.91,112.62,109.59,111.74,10650362.0
2024-06-21 00:00:00+0000,111.9,112.7,110.76,110.76,12681698.0
2024-06-24 00:00:00+0000,111.64,114.53,111.64,114.05,8066487.0
2024-06-25 00:00:00+0000,114.11,114.55,113.45,114.37,7088185.0
2024-06-26 00:00:00+0000,114.39,114.82,113.14,114.41,8187055.0
2024-06-27 00:00:00+0000,114.99,114.99,114.11,114.9,7938373.0
2024-06-28 00:00:00+0000,115.86,116.54,114.67,115.12,9473793.0
2024-07-01 00:00:00+0000,115.7,116.74,114.53,114.96,7572640.0
2024-07-02 00:00:00+0000,115.9,115.94,113.49,114.18,7854335.0
2024-07-03 00:00:00+0000,114.27,115.66,114.27,114.76,4609692.0
2024-07-05 00:00:00+0000,114.61,114.63,112.68,113.37,6931005.0
2024-07-08 00:00:00+0000,112.39,113.55,111.42,112.18,8095998.0
2024-07-09 00:00:00+0000,111.11,112.54,110.62,110.94,7308300.0
2024-07-10 00:00:00+0000,110.92,111.96,110.42,111.92,5657990.0
2024-07-11 00:00:00+0000,111.43,113.32,110.93,113.25,7511700.0
2024-07-12 00:00:00+0000,113.99,114.15,112.63,113.27,6009029.0
2024-07-15 00:00:00+0000,114.27,116.16,113.57,115.21,8351115.0
2024-07-16 00:00:00+0000,114.35,116.35,113.71,116.04,7756621.0
2024-07-17 00:00:00+0000,116.74,118.18,116.55,117.64,8570815.0
2024-07-18 00:00:00+0000,117.95,119.92,117.43,118.8,8239251.0
2024-07-19 00:00:00+0000,118.59,118.88,115.87,116.07,9261518.0
2024-07-22 00:00:00+0000,115.18,115.94,114.58,115.27,5875871.0
2024-07-23 00:00:00+0000,114.81,115.17,113.17,113.41,5787484.0
2024-07-24 00:00:00+0000,113.77,115.2,113.06,115.01,8143625.0
2024-07-25 00:00:00+0000,115.17,118.03,114.56,117.43,9147541.0
2024-07-26 00:00:00+0000,116.77,118.03,116.47,117.33,5959163.0
2024-07-29 00:00:00+0000,117.32,117.39,115.38,116.1,5298212.0
2024-07-30 00:00:00+0000,116.36,118.6,116.23,118.17,7209814.0
2024-07-31 00:00:00+0000,119.64,119.76,118.56,118.59,7839858.0
2024-08-01 00:00:00+0000,118.35,119.49,116.36,116.95,8804070.0
2024-08-02 00:00:00+0000,115.97,118.87,115.42,116.88,13399797.0
2024-08-05 00:00:00+0000,115.54,116.03,113.25,114.77,10847321.0
2024-08-06 00:00:00+0000,114.45,115.63,113.63,114.16,7802549.0
2024-08-07 00:00:00+0000,115.45,117.12,115.26,115.68,8096144.0
2024-08-08 00:00:00+0000,116.08,118.11,115.73,117.89,6820045.0
2024-08-09 00:00:00+0000,117.89,119.31,117.36,118.85,6675753.0
2024-08-12 00:00:00+0000,119.55,120.17,118.02,119.0,8450298.0
2024-08-13 00:00:00+0000,118.28,118.51,117.5,117.86,6655352.0
2024-08-14 00:00:00+0000,118.1,119.9,117.63,118.95,6722031.0
2024-08-15 00:00:00+0000,118.25,119.63,118.12,118.73,5584448.0
2024-08-16 00:00:00+0000,117.99,118.48,117.66,118.17,5203453.0
2024-08-19 00:00:00+0000,118.4,120.5,118.17,118.53,7756239.0
2024-08-20 00:00:00+0000,118.65,118.65,114.51,114.58,9415746.0
2024-08-21 00:00:00+0000,115.01,115.57,113.76,113.85,6282843.0
2024-08-22 00:00:00+0000,113.78,115.01,113.63,114.73,4857390.0
2024-08-23 00:00:00+0000,115.03,116.72,115.02,116.32,5155796.0
2024-08-26 00:00:00+0000,117.76,118.94,116.92,118.81,7799694.0
2024-08-27 00:00:00+0000,118.96,119.41,117.4,117.68,4962373.0
2024-08-28 00:00:00+0000,117.0,117.58,116.26,116.52,5196239.0
2024-08-29 00:00:00+0000,117.2,118.79,116.35,118.13,6127257.0
2024-08-30 00:00:00+0000,116.79,118.02,116.29,117.94,5841086.0
2024-09-03 00:00:00+0000,115.84,116.09,114.04,115.47,7824501.0
2024-09-04 00:00:00+0000,115.29,116.15,113.97,114.06,7133240.0
2024-09-05 00:00:00+0000,115.07,115.28,113.07,113.17,6948602.0
2024-09-06 00:00:00+0000,113.59,114.18,111.73,112.64,7211671.0
2024-09-09 00:00:00+0000,112.87,116.15,112.66,115.01,13655028.0
2024-09-10 00:00:00+0000,115.1,115.4,110.17,110.82,13369037.0
2024-09-11 00:00:00+0000,110.78,110.95,107.77,109.72,12097026.0
2024-09-12 00:00:00+0000,109.9,111.33,109.76,111.23,6713734.0
2024-09-13 00:00:00+0000,111.47,112.47,110.93,111.15,5539689.0
2024-09-16 00:00:00+0000,112.05,113.09,111.69,112.71,6103676.0
2024-09-17 00:00:00+0000,112.32,114.37,112.12,114.18,5808968.0
2024-09-18 00:00:00+0000,114.11,115.63,113.81,114.58,6622808.0
2024-09-19 00:00:00+0000,116.16,117.58,115.19,116.0,6564060.0
2024-09-20 00:00:00+0000,115.46,115.51,114.25,115.27,9390320.0
2024-09-23 00:00:00+0000,115.33,117.8,115.12,117.36,7883854.0
2024-09-24 00:00:00+0000,117.84,118.16,116.83,117.05,5018273.0
2024-09-25 00:00:00+0000,116.48,117.05,114.04,114.77,7353343.0
2024-09-26 00:00:00+0000,111.14,113.48,111.14,112.8,10243350.0
2024-09-27 00:00:00+0000,113.76,116.09,113.25,115.82,8412504.0
2024-09-30 00:00:00+0000,115.46,117.39,114.96,117.22,6403799.0
2024-10-01 00:00:00+0000,116.04,120.6,115.93,119.93,13701373.0
2024-10-02 00:00:00+0000,121.93,122.82,120.2,121.52,10230635.0
2024-10-03 00:00:00+0000,121.9,123.17,120.92,122.58,9427339.0
2024-10-04 00:00:00+0000,123.2,125.19,122.43,124.83,11997245.0
2024-10-07 00:00:00+0000,125.25,126.34,124.86,125.37,8439242.0
2024-10-08 00:00:00+0000,123.88,124.02,121.26,122.04,7959618.0
2024-10-09 00:00:00+0000,120.9,122.58,120.8,122.09,5494850.0
2024-10-10 00:00:00+0000,123.16,123.71,122.29,123.14,5335383.0
2024-10-11 00:00:00+0000,123.1,124.04,122.94,123.61,4339517.0
2024-10-14 00:00:00+0000,123.24,124.26,122.61,124.08,4817515.0
2024-10-15 00:00:00+0000,120.65,121.95,119.78,120.35,8662554.0
2024-10-16 00:00:00+0000,120.89,121.44,120.6,120.66,4654770.0
2024-10-17 00:00:00+0000,120.76,121.58,119.71,120.35,6037875.0
2024-10-18 00:00:00+0000,120.44,120.64,119.15,120.01,5980821.0
2024-10-21 00:00:00+0000,120.98,121.48,119.72,120.08,4641554.0
2024-10-22 00:00:00+0000,120.26,121.19,119.94,120.7,4205404.0
2024-10-23 00:00:00+0000,119.97,120.75,119.4,120.27,4191834.0
2024-10-24 00:00:00+0000,120.0,120.44,119.12,119.59,5018876.0
2024-10-25 00:00:00+0000,120.2,120.43,119.31,119.49,5526269.0
2024-10-28 00:00:00+0000,116.79,119.01,116.77,118.9,6711906.0
2024-10-29 00:00:00+0000,118.58,119.18,117.07,117.28,6528017.0
2024-10-30 00:00:00+0000,117.66,118.27,116.48,116.69,6280382.0
2024-10-31 00:00:00+0000,117.15,118.67,116.68,116.78,11735999.0
2024-11-01 00:00:00+0000,119.65,119.95,114.84,114.95,12194074.0
2024-11-04 00:00:00+0000,116.07,118.7,115.93,118.61,8506167.0
2024-11-05 00:00:00+0000,119.08,119.21,118.01,118.96,5880951.0
2024-11-06 00:00:00+0000,121.15,121.91,119.3,121.0,10896676.0
2024-11-07 00:00:00+0000,121.3,121.5,119.61,121.15,6474036.0
2024-11-08 00:00:00+0000,120.98,121.42,119.66,121.11,6257293.0
2024-11-11 00:00:00+0000,121.0,121.62,120.07,120.47,6120048.0
2024-11-12 00:00:00+0000,121.13,121.31,119.83,120.35,5976081.0
2024-11-13 00:00:00+0000,120.57,122.05,118.8,121.47,7250301.0
2024-11-14 00:00:00+0000,121.66,121.88,120.33,120.56,6809841.0
2024-11-15 00:00:00+0000,120.4,121.24,119.13,119.31,8311168.0
2024-11-18 00:00:00+0000,119.79,120.62,119.27,120.31,5696614.0
2024-11-19 00:00:00+0000,119.75,119.75,118.2,118.63,5598155.0
2024-11-20 00:00:00+0000,119.17,120.47,118.64,120.32,5316924.0
2024-11-21 00:00:00+0000,121.08,122.56,120.27,121.93,8917825.0
2024-11-22 00:00:00+0000,121.82,123.21,121.64,121.79,6623625.0
2024-11-25 00:00:00+0000,121.43,121.88,119.61,119.97,7311488.0
2024-11-26 00:00:00+0000,119.53,119.68,117.84,117.97,8731257.0
2024-11-27 00:00:00+0000,118.09,118.73,117.43,117.66,5913500.0
2024-11-29 00:00:00+0000,117.44,118.5,116.95,117.96,4063962.0
2024-12-02 00:00:00+0000,118.05,118.2,116.82,117.85,6199107.0
2024-12-03 00:00:00+0000,118.72,118.72,117.25,117.67,5441751.0
2024-12-04 00:00:00+0000,117.5,117.55,113.86,114.28,10815143.0
2024-12-05 00:00:00+0000,114.71,115.62,114.06,114.78,7980166.0
2024-12-06 00:00:00+0000,114.54,114.77,113.5,113.57,8350539.0
2024-12-09 00:00:00+0000,114.64,114.94,112.74,112.9,10106392.0
2024-12-10 00:00:00+0000,113.59,113.88,111.75,112.67,11856105.0
2024-12-11 00:00:00+0000,112.0,112.39,111.11,111.92,12835189.0
2024-12-12 00:00:00+0000,111.59,112.38,110.78,111.82,8875638.0
2024-12-13 00:00:00+0000,111.9,111.9,110.25,110.84,6684693.0
2024-12-16 00:00:00+0000,110.2,110.4,108.16,108.47,12055833.0
2024-12-17 00:00:00+0000,107.23,108.17,106.78,108.01,8688777.0
2024-12-18 00:00:00+0000,107.57,108.83,106.31,106.42,9018645.0
2024-12-19 00:00:00+0000,107.39,107.67,105.21,105.51,10528099.0
2024-12-20 00:00:00+0000,105.45,106.14,104.84,105.87,11536944.0
2024-12-23 00:00:00+0000,105.31,106.6,104.92,106.3,6733720.0
2024-12-24 00:00:00+0000,106.52,107.19,105.7,106.4,4134734.0
2024-12-26 00:00:00+0000,106.57,107.03,105.94,106.49,5711136.0
2024-12-27 00:00:00+0000,106.3,107.99,105.77,106.48,6571016.0
2024-12-30 00:00:00+0000,106.3,106.56,105.51,105.76,5674867.0
2024-12-31 00:00:00+0000,106.17,107.9,105.78,107.57,6910414.0
2025-01-02 00:00:00+0000,108.28,109.0,106.88,107.31,7424066.0
2025-01-03 00:00:00+0000,108.0,108.49,107.46,107.86,6595515.0
2025-01-06 00:00:00+0000,108.24,109.78,107.52,107.74,8251512.0
2025-01-07 00:00:00+0000,108.94,110.06,108.28,108.75,7045704.0
2025-01-08 00:00:00+0000,107.31,107.71,106.01,106.93,10517156.0
2025-01-10 00:00:00+0000,108.7,110.1,105.78,106.54,11080529.0
2025-01-13 00:00:00+0000,107.13,109.63,107.12,109.29,10027194.0
2025-01-14 00:00:00+0000,108.79,109.76,107.83,109.72,6032213.0
2025-01-15 00:00:00+0000,110.05,111.73,109.47,111.51,6839378.0
2025-01-16 00:00:00+0000,111.19,111.69,110.55,111.32,5310558.0
2025-01-17 00:00:00+0000,111.03,112.87,110.82,112.32,11648552.0
2025-01-21 00:00:00+0000,112.05,112.18,111.13,111.47,9345066.0
2025-01-22 00:00:00+0000,111.2,111.57,109.4,109.53,7223428.0
2025-01-23 00:00:00+0000,110.31,111.15,109.61,110.15,7622565.0
2025-01-24 00:00:00+0000,110.24,110.71,108.41,108.66,7966208.0
2025-01-27 00:00:00+0000,109.01,110.46,108.55,110.17,9269011.0
2025-01-28 00:00:00+0000,110.41,110.87,107.79,108.04,7572226.0
2025-01-29 00:00:00+0000,107.71,108.78,107.47,108.67,6919220.0
2025-01-30 00:00:00+0000,109.24,109.85,108.7,109.57,6994076.0
2025-01-31 00:00:00+0000,110.55,110.55,106.09,106.83,11943477.0
2025-02-03 00:00:00+0000,106.64,107.3,105.32,107.09,8495794.0
2025-02-04 00:00:00+0000,106.7,110.28,106.53,109.96,9031601.0
2025-02-05 00:00:00+0000,109.74,110.01,109.1,109.88,6075732.0
2025-02-06 00:00:00+0000,110.77,111.05,107.98,108.43,6929961.0
2025-02-07 00:00:00+0000,108.78,109.74,108.32,108.89,5533217.0
2025-02-10 00:00:00+0000,110.01,111.03,109.87,110.97,6332007.0
2025-02-11 00:00:00+0000,111.6,112.51,110.82,111.67,6752186.0
2025-02-12 00:00:00+0000,110.05,110.23,107.18,107.35,9911012.0
2025-02-13 00:00:00+0000,107.15,108.41,106.52,108.13,8532677.0
2025-02-14 00:00:00+0000,108.52,110.23,108.1,108.24,8152687.0
2025-02-18 00:00:00+0000,108.63,110.99,108.32,110.14,7774989.0
2025-02-19 00:00:00+0000,110.76,112.13,110.05,110.3,6193239.0
2025-02-20 00:00:00+0000,110.73,112.42,109.95,112.0,7614612.0
2025-02-21 00:00:00+0000,111.32,111.85,110.56,110.69,7277702.0
2025-02-24 00:00:00+0000,110.93,111.86,110.32,111.27,6507677.0
2025-02-25 00:00:00+0000,111.3,112.13,108.89,109.73,6412061.0
2025-02-26 00:00:00+0000,109.74,109.87,108.52,109.46,6292547.0
2025-02-27 00:00:00+0000,110.01,111.29,109.28,110.15,6890218.0
2025-02-28 00:00:00+0000,110.11,111.58,109.34,111.33,7285165.0
2025-03-03 00:00:00+0000,111.75,112.16,106.51,107.76,9852494.0
2025-03-04 00:00:00+0000,106.36,108.96,105.94,107.54,9422082.0
2025-03-05 00:00:00+0000,105.84,106.33,103.67,105.44,12204915.0
2025-03-06 00:00:00+0000,105.43,108.11,104.36,107.62,10642210.0
2025-03-07 00:00:00+0000,108.41,110.4,108.3,109.02,11094480.0
2025-03-10 00:00:00+0000,109.28,112.57,109.08,111.8,14251250.0
2025-03-11 00:00:00+0000,111.92,112.1,108.78,109.16,11203346.0
2025-03-12 00:00:00+0000,109.05,110.13,108.42,109.13,6941481.0
2025-03-13 00:00:00+0000,108.33,110.82,107.62,108.67,11499235.0
2025-03-14 00:00:00+0000,108.94,112.18,108.31,111.9,9659622.0
2025-03-17 00:00:00+0000,111.8,114.5,111.73,113.76,9637457.0
2025-03-18 00:00:00+0000,114.09,114.54,112.57,113.64,7068893.0
2025-03-19 00:00:00+0000,114.2,115.82,113.83,115.41,8987753.0
2025-03-20 00:00:00+0000,114.72,116.47,114.21,115.9,7002821.0
2025-03-21 00:00:00+0000,115.5,115.99,114.35,115.5,11366254.0
2025-03-24 00:00:00+0000,115.68,116.91,115.58,115.8,7823878.0
2025-03-25 00:00:00+0000,116.43,117.64,115.96,116.59,6245799.0
2025-03-26 00:00:00+0000,117.68,119.18,117.68,118.27,8444525.0
2025-03-27 00:00:00+0000,118.1,119.07,117.25,117.89,6110590.0
2025-03-28 00:00:00+0000,118.13,118.46,117.23,117.73,5605560.0
2025-03-31 00:00:00+0000,117.77,119.91,117.77,118.93,10162743.0
2025-04-01 00:00:00+0000,119.22,119.28,117.93,119.04,6661579.0
2025-04-02 00:00:00+0000,118.39,118.84,117.66,118.67,6699649.0
2025-04-03 00:00:00+0000,114.37,115.45,112.23,112.43,12878295.0
2025-04-04 00:00:00+0000,109.87,110.83,103.83,104.34,18744981.0
2025-04-07 00:00:00+0000,100.39,105.8,98.46,102.94,21480625.0
2025-04-08 00:00:00+0000,105.45,105.6,99.01,100.77,16316681.0
2025-04-09 00:00:00+0000,99.37,106.58,98.13,105.8,17970411.0
2025-04-10 00:00:00+0000,103.76,103.78,97.8,99.93,21040283.0
2025-04-11 00:00:00+0000,100.07,103.93,98.79,103.14,13549617.0
2025-04-14 00:00:00+0000,105.03,105.09,102.72,103.39,9235620.0
2025-04-15 00:00:00+0000,103.64,105.41,103.0,103.1,6883913.0
2025-04-16 00:00:00+0000,103.95,105.59,103.69,104.19,7944077.0
2025-04-17 00:00:00+0000,104.69,108.55,104.46,106.92,10628635.0
2025-04-21 00:00:00+0000,105.61,105.63,104.12,105.35,6965293.0
2025-04-22 00:00:00+0000,106.14,108.94,106.14,108.3,6285681.0
2025-04-23 00:00:00+0000,108.81,109.3,106.47,107.37,8467049.0
2025-04-24 00:00:00+0000,107.97,108.88,106.96,108.63,5156453.0
2025-04-25 00:00:00+0000,108.14,108.76,107.42,108.57,4718570.0
2025-04-28 00:00:00+0000,108.75,109.25,107.68,108.63,5194300.0
2025-04-29 00:00:00+0000,107.74,108.83,107.52,108.36,4882385.0
2025-04-30 00:00:00+0000,107.42,107.42,104.15,105.63,10740511.0
2025-05-01 00:00:00+0000,105.09,106.92,104.98,105.78,10799419.0
2025-05-02 00:00:00+0000,107.72,109.0,104.55,106.21,10016428.0
2025-05-05 00:00:00+0000,104.65,104.66,103.07,103.27,9989918.0
2025-05-06 00:00:00+0000,103.89,105.98,103.48,104.71,9293103.0
2025-05-07 00:00:00+0000,104.99,105.29,104.07,104.61,6770011.0
2025-05-08 00:00:00+0000,105.34,107.39,105.34,106.07,8569992.0
2025-05-09 00:00:00+0000,107.14,107.75,106.38,107.31,5304242.0
2025-05-12 00:00:00+0000,110.29,110.44,108.32,109.16,8109411.0
2025-05-13 00:00:00+0000,109.32,110.51,109.02,109.46,7796659.0
2025-05-14 00:00:00+0000,108.86,108.86,107.93,108.48,7433200.0
2025-05-15 00:00:00+0000,106.49,108.65,105.97,108.58,7423971.0
2025-05-16 00:00:00+0000,108.65,108.89,107.45,108.19,7798804.0
2025-05-19 00:00:00+0000,107.57,107.57,105.72,106.47,9859860.0
2025-05-20 00:00:00+0000,106.39,106.72,104.77,104.95,7654250.0
2025-05-21 00:00:00+0000,104.53,104.97,103.65,103.66,7253691.0
2025-05-22 00:00:00+0000,103.06,103.47,101.89,102.97,7402916.0
2025-05-23 00:00:00+0000,102.59,103.47,102.07,103.03,6245021.0
2025-05-27 00:00:00+0000,103.49,103.86,102.95,103.52,7089326.0
2025-05-28 00:00:00+0000,104.29,104.43,101.79,102.11,8710600.0
2025-05-29 00:00:00+0000,102.28,102.85,101.75,102.69,7167476.0
2025-05-30 00:00:00+0000,102.16,102.39,101.18,102.3,10472154.0
2025-06-02 00:00:00+0000,103.75,103.85,102.22,103.05,10067957.0
2025-06-03 00:00:00+0000,102.9,104.66,102.21,103.8,10873085.0
2025-06-04 00:00:00+0000,103.92,104.92,102.3,102.3,9392796.0
2025-06-05 00:00:00+0000,102.98,103.05,101.73,101.83,8702872.0
2025-06-06 00:00:00+0000,102.76,104.5,102.67,104.27,9702078.0
2025-06-09 00:00:00+0000,104.33,105.85,103.83,104.97,9612762.0
2025-06-10 00:00:00+0000,106.08,107.65,105.92,107.22,10079420.0
2025-06-11 00:00:00+0000,107.76,109.39,106.46,109.31,13866153.0
2025-06-12 00:00:00+0000,108.92,110.19,108.22,109.73,9536982.0
2025-06-13 00:00:00+0000,112.35,112.53,110.68,112.12,18615395.0
2025-06-16 00:00:00+0000,111.82,113.16,111.13,112.48,14161344.0
2025-06-17 00:00:00+0000,113.95,114.93,113.11,114.0,11280306.0
2025-06-18 00:00:00+0000,114.61,115.24,112.94,113.19,10341361.0
2025-06-20 00:00:00+0000,113.45,115.04,113.18,114.7,14112280.0
2025-06-23 00:00:00+0000,116.7,116.95,111.16,111.74,16216741.0
2025-06-24 00:00:00+0000,109.25,110.94,107.91,108.34,14139055.0
2025-06-25 00:00:00+0000,108.11,109.24,107.7,108.37,8885538.0
2025-06-26 00:00:00+0000,108.94,110.44,108.55,109.99,9953479.0
2025-06-27 00:00:00+0000,109.94,110.1,108.37,109.38,8725366.0
2025-06-30 00:00:00+0000,108.64,108.84,107.72,107.8,9304416.0
2025-07-01 00:00:00+0000,108.13,109.64,107.15,109.24,8856819.0
2025-07-02 00:00:00+0000,110.0,111.36,108.82,111.05,6928859.0
2025-07-03 00:00:00+0000,110.86,112.47,110.61,112.2,5401730.0
2025-07-07 00:00:00+0000,111.54,112.05,110.22,111.11,7379276.0
2025-07-08 00:00:00+0000,110.89,114.46,110.85,114.19,10561525.0
2025-07-09 00:00:00+0000,113.92,114.27,113.27,113.8,6133153.0
2025-07-10 00:00:00+0000,113.71,115.27,113.07,114.93,8055842.0
2025-07-11 00:00:00+0000,114.85,115.76,114.5,115.43,6592170.0
2025-07-14 00:00:00+0000,115.23,115.23,113.22,113.92,6815766.0
2025-07-15 00:00:00+0000,113.66,114.06,112.59,112.91,5695477.0
2025-07-16 00:00:00+0000,112.88,113.5,112.1,112.23,5559899.0
2025-07-17 00:00:00+0000,111.49,112.23,111.09,111.66,7053428.0
2025-07-18 00:00:00+0000,111.11,111.73,107.34,107.77,20840220.0
2025-07-21 00:00:00+0000,107.6,108.77,107.44,108.05,9780612.0
2025-07-22 00:00:00+0000,107.98,109.44,107.61,108.54,7911155.0
2025-07-23 00:00:00+0000,108.93,110.0,108.85,109.93,7285223.0
2025-07-24 00:00:00+0000,109.66,110.95,109.12,110.79,7231805.0
2025-07-25 00:00:00+0000,110.73,110.98,109.7,110.4,5867884.0
2025-07-28 00:00:00+0000,111.0,112.11,110.84,111.44,6424208.0
2025-07-29 00:00:00+0000,111.9,113.0,111.41,112.88,9732048.0
2025-07-30 00:00:00+0000,112.41,112.61,111.26,111.9,7094290.0
2025-07-31 00:00:00+0000,110.36,112.5,110.36,111.64,8727946.0
2025-08-01 00:00:00+0000,112.0,112.54,108.86,109.64,11612095.0
2025-08-04 00:00:00+0000,109.22,109.92,107.08,107.37,10479086.0
2025-08-05 00:00:00+0000,107.22,107.82,106.07,107.24,10794944.0
2025-08-06 00:00:00+0000,108.31,109.05,106.37,106.51,8695513.0
2025-08-07 00:00:00+0000,107.14,108.06,105.89,105.95,8310560.0
2025-08-08 00:00:00+0000,106.5,107.51,105.95,106.8,8339318.0
2025-08-11 00:00:00+0000,107.11,107.54,105.52,105.83,7601721.0
2025-08-12 00:00:00+0000,106.34,107.28,105.78,106.13,7023367.0
2025-08-13 00:00:00+0000,106.0,107.6,105.74,107.6,8274416.0
2025-08-14 00:00:00+0000,107.55,107.59,106.44,107.38,7181489.0
2025-08-15 00:00:00+0000,106.19,107.56,105.95,106.49,11420292.0
2025-08-18 00:00:00+0000,106.1,107.23,105.67,106.72,6187517.0
2025-08-19 00:00:00+0000,106.2,107.46,106.15,107.42,8589633.0
2025-08-20 00:00:00+0000,107.88,109.33,107.68,108.53,10120501.0
2025-08-21 00:00:00+0000,108.42,109.57,107.96,109.23,6780027.0
2025-08-22 00:00:00+0000,109.6,111.41,109.6,111.28,7194875.0
2025-08-25 00:00:00+0000,110.9,111.92,110.54,111.74,4869001.0
2025-08-26 00:00:00+0000,111.37,111.81,110.35,111.49,5671658.0
2025-08-27 00:00:00+0000,111.42,112.98,111.42,112.75,6391950.0
2025-08-28 00:00:00+0000,112.83,113.65,112.07,113.35,6699571.0
2025-08-29 00:00:00+0000,113.72,114.79,113.58,114.29,7027817.0
2025-09-02 00:00:00+0000,114.18,115.24,113.33,114.69,6746582.0
2025-09-03 00:00:00+0000,113.97,114.43,111.46,111.91,7944411.0
2025-09-04 00:00:00+0000,112.11,113.13,111.38,112.4,5190889.0
2025-09-05 00:00:00+0000,111.6,111.78,109.02,109.23,9800490.0
2025-09-08 00:00:00+0000,109.73,110.05,108.35,109.85,7763300.0
2025-09-09 00:00:00+0000,110.53,112.51,110.52,110.65,8549856.0
2025-09-10 00:00:00+0000,111.16,112.56,110.84,112.5,7645261.0
2025-09-11 00:00:00+0000,111.4,112.77,110.87,112.14,5901781.0
2025-09-12 00:00:00+0000,112.86,113.22,111.87,112.16,5204059.0
2025-09-15 00:00:00+0000,112.18,112.46,111.31,112.35,7088792.0
2025-09-16 00:00:00+0000,112.96,115.32,112.77,114.68,9813067.0
2025-09-17 00:00:00+0000,114.53,115.49,114.05,115.29,6127665.0
2025-09-18 00:00:00+0000,115.17,115.35,113.4,113.93,7235909.0
2025-09-19 00:00:00+0000,113.9,113.98,112.64,112.82,12558616.0
2025-09-22 00:00:00+0000,112.45,112.8,111.56,112.02,8585029.0
2025-09-23 00:00:00+0000,112.72,114.75,112.47,113.95,15489516.0
2025-09-24 00:00:00+0000,114.57,115.76,114.47,114.56,6492655.0
2025-09-25 00:00:00+0000,114.64,115.9,114.41,115.59,7109816.0
2025-09-26 00:00:00+0000,115.96,118.36,115.92,117.22,10339688.0
2025-09-29 00:00:00+0000,116.06,116.5,113.66,114.22,9596214.0
2025-09-30 00:00:00+0000,113.35,113.49,111.93,112.75,9508401.0
2025-10-01 00:00:00+0000,112.56,113.02,111.29,111.99,8630017.0
2025-10-02 00:00:00+0000,111.97,113.09,111.02,111.29,7830533.0
2025-10-03 00:00:00+0000,111.9,113.75,111.9,113.26,6961747.0
2025-10-06 00:00:00+0000,113.29,114.77,113.18,114.2,5597050.0
2025-10-07 00:00:00+0000,114.07,114.51,111.74,114.26,6426464.0
2025-10-08 00:00:00+0000,114.38,115.01,113.41,114.02,6151614.0
2025-10-09 00:00:00+0000,114.43,115.51,112.73,112.91,6463129.0
2025-10-10 00:00:00+0000,112.26,112.62,110.71,110.73,7602349.0
2025-10-13 00:00:00+0000,111.54,112.3,111.31,112.24,5549511.0
2025-10-14 00:00:00+0000,110.76,112.97,110.71,112.29,5167190.0
2025-10-15 00:00:00+0000,112.8,113.57,110.97,111.61,5495629.0
2025-10-16 00:00:00+0000,111.88,112.19,110.38,110.64,6507909.0
2025-10-17 00:00:00+0000,111.63,112.91,111.18,112.24,6087834.0
2025-10-20 00:00:00+0000,112.0,113.15,111.98,112.7,4591264.0
2025-10-21 00:00:00+0000,112.89,113.37,111.99,112.71,4557834.0
2025-10-22 00:00:00+0000,113.45,115.18,113.08,114.71,6928443.0
2025-10-23 00:00:00+0000,116.63,116.85,115.36,115.98,8688059.0
2025-10-24 00:00:00+0000,116.35,116.47,115.18,115.39,4988896.0
2025-10-27 00:00:00+0000,115.7,115.99,115.1,115.94,4897156.0
2025-10-28 00:00:00+0000,115.49,116.18,114.99,115.03,4532659.0
2025-10-29 00:00:00+0000,114.92,117.05,114.81,116.45,5975097.0
2025-10-30 00:00:00+0000,116.43,116.52,114.53,114.69,8401669.0
2025-10-31 00:00:00+0000,113.98,115.23,112.62,114.36,10454061.0
2025-11-03 00:00:00+0000,114.5,114.99,113.64,113.76,6331695.0
2025-11-04 00:00:00+0000,113.38,114.36,112.51,114.14,5420948.0
2025-11-05 00:00:00+0000,114.09,115.18,113.67,113.68,5036563.0
2025-11-06 00:00:00+0000,113.64,114.94,113.64,114.5,6655871.0
2025-11-07 00:00:00+0000,115.21,117.51,114.9,117.22,7962746.0
2025-11-10 00:00:00+0000,117.44,118.45,115.45,118.22,6723631.0
2025-11-11 00:00:00+0000,118.83,120.81,118.83,119.78,9437003.0
2025-11-12 00:00:00+0000,119.24,119.28,117.79,118.12,7198620.0
2025-11-13 00:00:00+0000,118.63,119.76,118.28,118.79,8683693.0
2025-11-14 00:00:00+0000,118.45,119.48,116.65,119.29,7538994.0
2025-11-17 00:00:00+0000,118.97,119.5,117.11,117.68,7229201.0
2025-11-18 00:00:00+0000,117.26,119.48,116.48,119.03,7538383.0
2025-11-19 00:00:00+0000,116.85,118.18,115.93,117.35,7663746.0
2025-11-20 00:00:00+0000,117.98,119.01,116.74,117.02,7109604.0
2025-11-21 00:00:00+0000,116.99,117.38,115.65,117.08,7490470.0
2025-11-24 00:00:00+0000,117.2,117.2,114.74,115.97,6735017.0
2025-11-25 00:00:00+0000,115.18,115.9,114.19,114.51,6942049.0
2025-11-26 00:00:00+0000,114.41,115.74,114.31,114.77,5949353.0
2025-11-28 00:00:00+0000,114.95,118.74,114.82,115.92,3644161.0
2025-12-01 00:00:00+0000,116.1,117.41,116.1,116.63,6511441.0
2025-12-02 00:00:00+0000,116.44,116.6,114.69,115.38,8036202.0
2025-12-03 00:00:00+0000,115.95,117.98,115.87,117.8,6822276.0
2025-12-04 00:00:00+0000,117.5,118.34,116.66,117.14,6885145.0
2025-12-05 00:00:00+0000,116.75,118.78,116.41,116.54,6090030.0
2025-12-08 00:00:00+0000,115.83,117.0,115.04,115.98,6971612.0
2025-12-09 00:00:00+0000,116.9,120.47,116.89,118.25,15481053.0
2025-12-10 00:00:00+0000,118.73,119.87,118.37,119.54,9274847.0
2025-12-11 00:00:00+0000,119.11,120.36,119.06,119.54,7615641.0
2025-12-12 00:00:00+0000,119.44,119.92,118.31,118.82,6650191.0
2025-12-15 00:00:00+0000,119.01,119.03,116.85,117.76,7985508.0
2025-12-16 00:00:00+0000,116.77,116.84,114.61,114.68,9487568.0
2025-12-17 00:00:00+0000,115.21,117.62,115.17,117.41,8556149.0
2025-12-18 00:00:00+0000,116.99,116.99,115.63,116.54,6419452.0
2025-12-19 00:00:00+0000,116.75,117.57,115.95,116.69,12365502.0
2025-12-22 00:00:00+0000,117.34,118.46,117.33,118.15,5771608.0
2025-12-23 00:00:00+0000,118.47,120.03,118.32,119.42,6631264.0
2025-12-24 00:00:00+0000,119.33,120.05,119.11,119.22,3069566.0
2025-12-26 00:00:00+0000,118.89,119.55,118.53,119.11,4252878.0
2025-12-29 00:00:00+0000,120.15,121.3,119.4,120.53,7436614.0
2025-12-30 00:00:00+0000,121.1,121.8,120.63,120.99,5959405.0
2025-12-31 00:00:00+0000,121.18,121.26,119.86,120.34,4530520.0
2026-01-02 00:00:00+0000,120.09,122.68,119.6,122.65,8360287.0
2026-01-05 00:00:00+0000,125.21,125.93,122.39,125.36,18396220.0
2026-01-06 00:00:00+0000,125.35,125.8,121.0,121.05,12237538.0
2026-01-07 00:00:00+0000,119.8,120.12,118.27,118.49,12070544.0
2026-01-08 00:00:00+0000,118.98,123.63,118.65,122.91,12089984.0
2026-01-09 00:00:00+0000,123.23,124.86,123.09,124.61,9078802.0
2026-01-12 00:00:00+0000,124.46,124.5,122.56,124.03,7047249.0
2026-01-13 00:00:00+0000,125.0,127.14,124.81,126.54,11333546.0
2026-01-14 00:00:00+0000,127.35,131.73,127.13,130.2,17395199.0
2026-01-15 00:00:00+0000,129.13,130.2,128.3,129.13,9044489.0
2026-01-16 00:00:00+0000,128.91,130.16,128.87,129.89,8181631.0
2026-01-20 00:00:00+0000,131.51,131.94,130.07,130.46,8518190.0
2026-01-21 00:00:00+0000,131.91,133.73,131.91,133.61,8882178.0
2026-01-22 00:00:00+0000,133.05,134.18,131.85,133.64,9447588.0
2026-01-23 00:00:00+0000,135.09,135.98,134.48,134.97,9811185.0
2026-01-26 00:00:00+0000,137.01,137.01,134.17,134.84,8259216.0
2026-01-27 00:00:00+0000,135.25,136.93,134.71,136.83,8367730.0
2026-01-28 00:00:00+0000,137.69,138.01,136.67,137.58,7943834.0
2026-01-29 00:00:00+0000,140.32,142.34,139.11,140.51,20464073.0
2026-01-30 00:00:00+0000,138.74,142.21,137.83,141.4,15866639.0
2026-02-02 00:00:00+0000,139.83,140.32,138.06,138.4,15113348.0
2026-02-03 00:00:00+0000,138.64,145.01,138.31,143.73,20338920.0
2026-02-04 00:00:00+0000,144.12,147.84,144.11,147.59,14812538.0
2026-02-05 00:00:00+0000,146.58,146.73,143.79,146.08,9863241.0
2026-02-06 00:00:00+0000,146.62,149.57,146.09,149.05,9717598.0
2026-02-09 00:00:00+0000,149.26,151.55,148.63,151.21,10176834.0
2026-02-10 00:00:00+0000,151.35,151.78,149.82,151.59,7239966.0
2026-02-11 00:00:00+0000,153.97,156.93,153.57,155.56,13001123.0
2026-02-12 00:00:00+0000,153.89,155.25,149.88,149.93,14742788.0
2026-02-13 00:00:00+0000,150.55,151.66,147.98,148.45,10481502.0
2026-02-17 00:00:00+0000,148.2,149.13,145.15,146.19,11722660.0
2026-02-18 00:00:00+0000,148.15,150.98,147.61,150.68,10753143.0
2026-02-19 00:00:00+0000,152.2,153.38,150.83,150.97,10905644.0
2026-02-20 00:00:00+0000,150.49,150.81,146.46,147.28,11905429.0
2026-02-23 00:00:00+0000,148.15,151.27,148.13,150.76,8261560.0
2026-02-24 00:00:00+0000,150.42,150.72,148.03,149.26,7433415.0
2026-02-25 00:00:00+0000,149.91,150.18,147.33,149.06,5928638.0
2026-02-26 00:00:00+0000,147.81,150.96,146.77,148.54,8830156.0
2026-02-27 00:00:00+0000,151.0,153.65,149.25,152.5,10176632.0
2026-03-02 00:00:00+0000,159.35,159.61,153.03,154.22,18059503.0
2026-03-03 00:00:00+0000,155.43,156.05,150.3,151.83,14265874.0
2026-03-04 00:00:00+0000,150.72,151.16,147.86,149.82,9362436.0
2026-03-05 00:00:00+0000,151.0,152.33,149.47,150.76,13018549.0
2026-03-06 00:00:00+0000,153.14,153.8,149.96,151.21,10971090.0
2026-03-09 00:00:00+0000,152.02,153.89,149.47,150.44,15070775.0
2026-03-10 00:00:00+0000,149.25,150.4,147.7,148.13,10938318.0
2026-03-11 00:00:00+0000,147.99,151.81,147.66,151.58,7588154.0
2026-03-12 00:00:00+0000,152.27,155.0,151.63,153.53,11144061.0
2026-03-13 00:00:00+0000,154.3,156.89,152.97,156.12,11966912.0
2026-03-16 00:00:00+0000,156.0,157.78,154.76,157.23,9257934.0
2026-03-17 00:00:00+0000,158.25,160.45,156.8,158.81,10088513.0
2026-03-18 00:00:00+0000,159.66,160.18,157.53,157.59,9367651.0
2026-03-19 00:00:00+0000,158.26,159.56,154.84,158.16,16414560.0
2026-03-20 00:00:00+0000,159.35,162.44,159.1,159.67,19576110.0
2026-03-23 00:00:00+0000,156.12,161.42,155.02,161.13,14300736.0
2026-03-24 00:00:00+0000,161.71,167.48,161.25,165.38,15040595.0
2026-03-25 00:00:00+0000,163.87,165.0,162.93,163.26,9150279.0
2026-03-26 00:00:00+0000,164.09,165.68,162.06,165.43,9613908.0
2026-03-27 00:00:00+0000,165.58,171.23,164.8,170.99,18453642.0
2026-03-30 00:00:00+0000,172.5,176.41,171.05,171.47,17895970.0
2026-03-31 00:00:00+0000,172.67,174.38,165.97,169.66,16936474.0
2026-04-01 00:00:00+0000,165.77,168.0,159.53,160.78,20750554.0
2026-04-02 00:00:00+0000,164.49,166.9,159.59,160.69,15073595.0
2026-04-06 00:00:00+0000,160.57,163.75,159.53,163.37,9013590.0
2026-04-07 00:00:00+0000,164.22,166.24,161.77,163.91,13298451.0
2026-04-08 00:00:00+0000,153.52,156.35,150.98,156.22,19554285.0
2026-04-09 00:00:00+0000,156.86,159.23,154.31,155.04,11984675.0
2026-04-10 00:00:00+0000,154.04,155.03,151.92,152.51,10604824.0
2026-04-13 00:00:00+0000,154.27,154.62,151.28,152.64,10063911.0
2026-04-14 00:00:00+0000,150.06,150.11,146.72,149.24,9928764.0
2026-04-15 00:00:00+0000,148.6,150.24,146.9,149.01,8389409.0
2026-04-16 00:00:00+0000,149.53,152.78,149.34,151.98,7270719.0
2026-04-17 00:00:00+0000,144.75,146.8,141.97,146.44,14065764.0
2026-04-20 00:00:00+0000,147.38,149.37,146.35,147.68,8651914.0
2026-04-21 00:00:00+0000,147.37,148.81,146.24,148.36,9792243.0
2026-04-22 00:00:00+0000,149.37,150.68,148.18,149.5,6537576.0
2026-04-23 00:00:00+0000,149.85,151.23,148.49,150.53,6698847.0
2026-04-24 00:00:00+0000,149.64,150.3,146.95,148.91,5781918.0
2026-04-27 00:00:00+0000,149.16,151.18,147.97,148.19,6357736.0
2026-04-28 00:00:00+0000,151.53,152.31,149.83,150.56,7933283.0
2026-04-29 00:00:00+0000,152.02,154.95,151.01,154.67,7445723.0
2026-04-30 00:00:00+0000,152.43,155.69,151.34,154.33,8069836.0
2026-05-01 00:00:00+0000,152.61,155.01,151.13,152.75,7566206.0
2026-05-04 00:00:00+0000,152.67,154.47,149.51,153.69,6454451.0
2026-05-05 00:00:00+0000,153.1,155.29,152.4,154.88,5619925.0
2026-05-06 00:00:00+0000,149.07,150.33,147.09,148.69,9950596.0
2026-05-07 00:00:00+0000,146.8,147.08,144.19,146.58,8461324.0
2026-05-08 00:00:00+0000,145.85,146.5,143.92,144.57,7722506.0
2026-05-11 00:00:00+0000,146.02,149.72,146.0,149.68,7311058.0
2026-05-12 00:00:00+0000,151.25,151.81,149.77,150.63,8160442.0
2026-05-13 00:00:00+0000,150.06,151.79,149.68,151.57,4820900.0
2026-05-14 00:00:00+0000,151.9,153.12,151.26,152.78,4607602.0
2026-05-15 00:00:00+0000,153.75,158.0,153.0,157.92,12260209.0
2026-05-18 00:00:00+0000,157.32,161.73,155.23,160.49,9176601.0
2026-05-19 00:00:00+0000,161.5,163.32,159.64,162.55,9210476.0
2026-05-20 00:00:00+0000,161.61,163.68,156.27,156.28,9629349.0
2026-05-21 00:00:00+0000,158.42,159.39,153.46,155.29,7643827.0
2026-05-22 00:00:00+0000,154.03,155.55,153.17,154.92,5823818.0
2026-05-26 00:00:00+0000,153.5,154.55,149.47,149.81,5907509.0
2026-05-27 00:00:00+0000,147.23,148.69,145.78,147.9,7041955.0
2026-05-28 00:00:00+0000,149.34,150.21,146.87,146.96,6234820.0
2026-05-29 00:00:00+0000,146.19,146.93,144.71,145.26,6490802.0
2026-06-01 00:00:00+0000,147.02,149.65,147.0,149.38,8482719.0
2026-06-02 00:00:00+0000,149.03,150.83,148.5,149.56,4464717.0
2026-06-03 00:00:00+0000,150.61,154.91,150.02,152.53,6715067.0
2026-06-04 00:00:00+0000,152.05,153.43,150.94,152.04,4787538.0
2026-06-05 00:00:00+0000,152.0,152.13,149.3,149.92,6150719.0
2026-06-08 00:00:00+0000,151.16,153.81,150.9,151.75,5239936.0
2026-06-09 00:00:00+0000,150.91,151.13,147.78,148.91,6574000.0
2026-06-10 00:00:00+0000,151.23,152.49,149.56,150.62,7259470.0
2026-06-11 00:00:00+0000,152.3,152.49,146.42,146.6,7622006.0
2026-06-12 00:00:00+0000,145.63,148.91,145.15,147.01,7385233.0
2026-06-15 00:00:00+0000,139.74,141.98,137.72,140.92,13350801.0
2026-06-16 00:00:00+0000,140.19,142.15,139.98,141.86,9174968.0
2026-06-17 00:00:00+0000,141.22,142.34,140.32,140.74,7166335.0
2026-06-18 00:00:00+0000,138.32,138.46,135.85,137.81,13865669.0
2026-06-22 00:00:00+0000,138.54,139.0,137.02,138.47,6084671.0
2026-06-23 00:00:00+0000,139.46,140.39,138.5,139.73,5779460.0
2026-06-24 00:00:00+0000,137.12,137.64,135.59,136.9,6411029.0
2026-06-25 00:00:00+0000,135.64,138.07,134.95,137.55,5823731.0
2026-06-26 00:00:00+0000,136.97,137.58,135.91,136.54,6041657.0
2026-06-29 00:00:00+0000,136.58,137.39,135.39,136.06,5623335.0
2026-06-30 00:00:00+0000,136.48,137.3,135.33,136.72,7894412.0
2026-07-01 00:00:00+0000,136.53,137.49,135.63,136.28,5371787.0
2026-07-02 00:00:00+0000,137.15,139.14,136.33,137.09,7059905.0
2026-07-06 00:00:00+0000,136.54,137.37,136.01,136.44,5404197.0
2026-07-07 00:00:00+0000,138.56,141.74,138.13,141.69,7204323.0
2026-07-08 00:00:00+0000,143.44,143.99,139.81,141.13,10040260.0
2026-07-09 00:00:00+0000,139.66,140.05,137.12,137.46,6576010.0
2026-07-10 00:00:00+0000,137.9,138.97,137.14,138.88,4099787.0
2026-07-13 00:00:00+0000,140.74,145.23,140.48,144.51,8977274.0
2026-07-14 00:00:00+0000,145.51,146.0,143.89,145.09,6550843.0
2026-07-15 00:00:00+0000,145.09,145.09,142.03,144.51,6507540.0
2026-07-16 00:00:00+0000,145.28,146.87,144.55,145.95,5360385.0
2026-07-17 00:00:00+0000,149.03,150.0,147.17,147.36,8068099.0
2026-07-20 00:00:00+0000,146.5,149.09,146.23,148.36,5661619.0
2026-07-21 00:00:00+0000,149.01,151.76,148.48,151.71,6752134.0
2026-07-22 00:00:00+0000,153.86,154.8,152.95,154.45,6874177.0
2026-07-23 00:00:00+0000,156.6,158.57,156.06,156.89,8438677.0
2026-07-24 00:00:00+0000,156.99,158.71,155.68,156.94,5892292.0
2026-07-27 00:00:00+0000,153.07,155.42,152.5,154.77,6797418.0
2026-07-28 00:00:00+0000,154.17,156.18,151.87,153.04,7840392.0
2026-07-29 00:00:00+0000,157.72,159.08,155.85,156.75,7175174.0
2026-07-30 00:00:00+0000,155.09,157.78,154.52,156.97,5195074.0
2026-07-31 00:00:00+0000,153.74,156.16,152.14,155.44,7563541.0
2026-08-03 00:00:00+0000,153.46,155.91,152.65,155.06,6823834.0
2026-08-04 00:00:00+0000,151.62,154.84,149.17,153.96,6836790.0
2026-08-05 00:00:00+0000,155.04,155.04,151.15,151.63,5592007.0
2026-08-06 00:00:00+0000,154.22,154.87,151.84,154.84,5032553.0
2026-08-07 00:00:00+0000,152.64,153.67,151.53,153.04,6302788.0
2026-08-10 00:00:00+0000,154.5,160.37,154.45,159.79,8325949.0
2026-08-11 00:00:00+0000,159.66,161.67,159.27,159.8,6750164.0
2026-08-12 00:00:00+0000,158.55,160.23,157.56,159.75,4561104.0
2026-08-13 00:00:00+0000,158.03,159.76,157.43,158.61,5256349.0
2026-08-14 00:00:00+0000,159.71,161.26,159.25,160.1,4901180.0
2026-08-17 00:00:00+0000,160.1,162.51,159.09,161.46,5994001.0
2026-08-18 00:00:00+0000,164.35,165.67,163.25,165.56,8562732.0
2026-08-19 00:00:00+0000,166.07,168.21,164.66,164.77,5592968.0
2026-08-20 00:00:00+0000,167.02,168.64,166.07,166.15,5440547.0
2026-08-21 00:00:00+0000,166.54,168.0,164.61,165.11,7369251.0
2026-08-24 00:00:00+0000,163.87,165.22,162.25,164.05,4911427.0
2026-08-25 00:00:00+0000,161.45,162.81,160.46,160.64,9000012.0
2026-08-26 00:00:00+0000,158.0,161.13,157.76,158.19,6305252.0
2026-08-27 00:00:00+0000,157.63,158.19,156.14,156.44,6051759.0
2026-08-28 00:00:00+0000,156.6,157.42,155.32,156.71,5200378.0
2026-08-31 00:00:00+0000,159.94,161.59,158.74,160.95,5373403.0
2026-09-01 00:00:00+0000,163.6,164.7,162.21,164.55,4841315.0
2026-09-02 00:00:00+0000,163.93,165.02,162.76,164.15,4704131.0
2026-09-03 00:00:00+0000,164.43,165.65,162.09,162.21,5426193.0
2026-09-04 00:00:00+0000,161.02,161.48,159.16,159.47,6605255.0
2026-09-08 00:00:00+0000,160.61,163.11,158.75,160.66,5371975.0
2026-09-09 00:00:00+0000,162.88,165.18,162.55,164.23,6516598.0
2026-09-10 00:00:00+0000,167.0,167.37,163.18,165.23,7064618.0
2026-09-11 00:00:00+0000,165.07,167.09,164.08,165.99,5583902.0
2026-09-14 00:00:00+0000,168.7,169.45,164.04,165.08,6397762.0
2026-09-15 00:00:00+0000,165.36,169.64,165.15,169.32,6512164.0
2026-09-16 00:00:00+0000,167.23,167.5,162.56,163.32,6679820.0
2026-09-17 00:00:00+0000,161.83,163.39,161.44,163.27,4603658.0
2026-09-18 00:00:00+0000,162.5,163.54,161.31,163.54,8511918.0
2026-09-21 00:00:00+0000,160.96,161.95,157.94,158.3,6989622.0
2026-09-22 00:00:00+0000,157.53,159.97,155.85,158.71,6900164.0
2026-09-23 00:00:00+0000,159.62,162.12,159.42,161.23,5833416.0
2026-09-24 00:00:00+0000,163.09,164.91,161.2,162.14,6432264.0
