date,side,entry_time,exit_time,entry,exit,pts,r_mult,regime,pnl,reason
2017-01-20,1,2017-01-19,2017-01-20,29.955000000000002,30.04,0.0849999999999973,4.249999999999865,bullish,6.49999999999973,bullish
2017-01-23,1,2017-01-20,2017-01-23,30.01,29.9725,-0.03750000000000142,-1.875000000000071,bullish,-5.750000000000142,bullish
2017-01-24,1,2017-01-23,2017-01-24,30.03,29.877499999999998,-0.1525000000000034,-7.6250000000001705,bullish,-17.25000000000034,bullish
2017-01-25,1,2017-01-24,2017-01-25,30.0025,30.099999999999998,0.09749999999999659,4.8749999999998295,bullish,7.749999999999659,bullish
2017-01-26,1,2017-01-25,2017-01-26,30.48,30.432499999999997,-0.047500000000002984,-2.375000000000149,bullish,-6.750000000000298,bullish
2017-01-27,1,2017-01-26,2017-01-27,30.495,30.502499999999998,0.0074999999999967315,0.3749999999998366,bullish,-1.2500000000003268,bullish
2017-01-30,1,2017-01-27,2017-01-30,30.497500000000002,30.252499999999998,-0.24500000000000455,-12.250000000000227,bullish,-26.500000000000455,bullish
2017-01-31,1,2017-01-30,2017-01-31,30.4175,30.2775,-0.14000000000000057,-7.000000000000028,bullish,-16.000000000000057,bullish
2017-02-01,1,2017-01-31,2017-02-01,30.3475,31.75,1.4024999999999999,70.12499999999999,bullish,138.25,bullish
2017-02-02,1,2017-02-01,2017-02-02,32.1975,31.987499999999997,-0.21000000000000085,-10.500000000000043,bullish,-23.000000000000085,bullish
2017-02-03,1,2017-02-02,2017-02-03,32.1425,32.0675,-0.07499999999999574,-3.749999999999787,bullish,-9.499999999999574,bullish
2017-02-06,1,2017-02-03,2017-02-06,32.28,32.2725,-0.007500000000000284,-0.3750000000000142,bullish,-2.7500000000000284,bullish
2017-02-07,1,2017-02-06,2017-02-07,32.582499999999996,32.625,0.04250000000000398,2.125000000000199,bullish,2.250000000000398,bullish
2017-02-08,1,2017-02-07,2017-02-08,32.8925,32.825,-0.06749999999999545,-3.3749999999997726,bullish,-8.749999999999545,bullish
2017-02-09,1,2017-02-08,2017-02-09,33.019999999999996,32.905,-0.11499999999999488,-5.749999999999744,bullish,-13.499999999999488,bullish
2017-02-10,1,2017-02-09,2017-02-10,33.114999999999995,33.097500000000004,-0.01749999999999119,-0.8749999999995595,bullish,-3.749999999999119,bullish
2017-02-13,1,2017-02-10,2017-02-13,33.04,33.252500000000005,0.21250000000000568,10.625000000000284,bullish,19.25000000000057,bullish
2017-02-14,1,2017-02-13,2017-02-14,33.332499999999996,33.3525,0.020000000000003126,1.0000000000001563,bullish,3.126388037344441e-13,bullish
2017-02-15,1,2017-02-14,2017-02-15,33.765,33.8725,0.1075000000000017,5.375000000000085,bullish,8.75000000000017,bullish
2017-02-16,1,2017-02-15,2017-02-16,33.887499999999996,33.905,0.0175000000000054,0.87500000000027,bullish,-0.24999999999946,bullish
2017-02-17,1,2017-02-16,2017-02-17,33.845,33.767500000000005,-0.07749999999999346,-3.874999999999673,bullish,-9.749999999999346,bullish
2017-02-21,1,2017-02-17,2017-02-21,33.94,34.050000000000004,0.11000000000000654,5.500000000000327,bullish,9.000000000000654,bullish
2017-02-22,1,2017-02-21,2017-02-22,34.184999999999995,34.105000000000004,-0.07999999999999119,-3.9999999999995595,bullish,-9.999999999999119,bullish
2017-02-23,1,2017-02-22,2017-02-23,34.2875,34.335,0.04749999999999943,2.3749999999999716,bullish,2.749999999999943,bullish
2017-02-24,1,2017-02-23,2017-02-24,34.1425,33.965,-0.17749999999999488,-8.874999999999744,bullish,-19.74999999999949,bullish
2017-02-27,1,2017-02-24,2017-02-27,34.175,34.2425,0.06750000000000256,3.375000000000128,bullish,4.750000000000256,bullish
2017-02-28,1,2017-02-27,2017-02-28,34.2425,34.275,0.03249999999999886,1.6249999999999432,bullish,1.2499999999998863,bullish
2017-03-01,1,2017-02-28,2017-03-01,34.2575,34.4625,0.2049999999999983,10.249999999999915,bullish,18.49999999999983,bullish
2017-03-02,1,2017-03-01,2017-03-02,34.957499999999996,34.9825,0.025000000000005684,1.2500000000002842,bullish,0.5000000000005684,bullish
2017-03-03,1,2017-03-02,2017-03-03,34.75,34.68,-0.07000000000000028,-3.500000000000014,bullish,-9.000000000000028,bullish
2017-03-06,1,2017-03-03,2017-03-06,34.955,34.8325,-0.12249999999999517,-6.124999999999758,bullish,-14.249999999999517,bullish
2017-03-07,1,2017-03-06,2017-03-07,34.845,34.767500000000005,-0.07749999999999346,-3.874999999999673,bullish,-9.749999999999346,bullish
2017-03-08,1,2017-03-07,2017-03-08,34.89,34.7275,-0.16250000000000142,-8.125000000000071,bullish,-18.250000000000142,bullish
2017-03-09,1,2017-03-08,2017-03-09,34.76,34.675000000000004,-0.08499999999999375,-4.249999999999687,bullish,-10.499999999999375,bullish
2017-03-10,1,2017-03-09,2017-03-10,34.68,34.795,0.11500000000000199,5.7500000000000995,bullish,9.500000000000199,bullish
2017-03-13,1,2017-03-10,2017-03-13,34.794999999999995,34.7025,-0.09249999999999403,-4.624999999999702,bullish,-11.249999999999403,bullish
2017-03-14,1,2017-03-13,2017-03-14,34.809999999999995,34.815000000000005,0.005000000000009663,0.25000000000048317,bullish,-1.4999999999990337,bullish
2017-03-15,1,2017-03-14,2017-03-15,34.7575,34.8575,0.10000000000000142,5.000000000000071,bullish,8.000000000000142,bullish
2017-03-16,1,2017-03-15,2017-03-16,35.125,35.1725,0.04749999999999943,2.3749999999999716,bullish,2.749999999999943,bullish
2017-03-17,1,2017-03-16,2017-03-17,35.1825,35.215,0.03250000000000597,1.6250000000002984,bullish,1.2500000000005969,bullish
2017-03-20,1,2017-03-17,2017-03-20,35.0075,35.09,0.08250000000000313,4.125000000000156,bullish,6.250000000000313,bullish
2017-03-21,1,2017-03-20,2017-03-21,35.375,35.517500000000005,0.1425000000000054,7.12500000000027,bullish,12.25000000000054,bullish
2017-03-22,1,2017-03-21,2017-03-22,34.97,34.9525,-0.017499999999998295,-0.8749999999999147,bullish,-3.7499999999998295,bullish
2017-03-23,1,2017-03-22,2017-03-23,35.364999999999995,35.31,-0.05499999999999261,-2.7499999999996305,bullish,-7.499999999999261,bullish
2017-03-24,1,2017-03-23,2017-03-24,35.239999999999995,35.35,0.11000000000000654,5.500000000000327,bullish,9.000000000000654,bullish
2017-03-27,1,2017-03-24,2017-03-27,35.169999999999995,34.8375,-0.332499999999996,-16.6249999999998,bullish,-35.2499999999996,bullish
2017-03-28,1,2017-03-27,2017-03-28,35.23,35.2175,-0.012499999999995737,-0.6249999999997868,bullish,-3.2499999999995737,bullish
2017-03-29,1,2017-03-28,2017-03-29,35.96,35.910000000000004,-0.04999999999999716,-2.499999999999858,bullish,-6.999999999999716,bullish
2017-03-30,1,2017-03-29,2017-03-30,36.04,36.025,-0.015000000000000568,-0.7500000000000284,bullish,-3.500000000000057,bullish
2017-03-31,1,2017-03-30,2017-03-31,35.9925,35.92,-0.07249999999999801,-3.6249999999999005,bullish,-9.249999999999801,bullish
2017-04-03,1,2017-03-31,2017-04-03,35.925,35.917500000000004,-0.007499999999993179,-0.37499999999965894,bullish,-2.749999999999318,bullish
2017-04-04,1,2017-04-03,2017-04-04,35.934999999999995,35.8025,-0.13249999999999318,-6.624999999999659,bullish,-15.249999999999318,bullish
2017-04-05,1,2017-04-04,2017-04-05,36.2025,36.15,-0.05250000000000199,-2.6250000000000995,bullish,-7.250000000000199,bullish
2017-04-06,1,2017-04-05,2017-04-06,36.015,36.057500000000005,0.04250000000000398,2.125000000000199,bullish,2.250000000000398,bullish
2017-04-07,1,2017-04-06,2017-04-07,35.925,35.9225,-0.0024999999999977263,-0.12499999999988631,bullish,-2.2499999999997726,bullish
2017-04-10,1,2017-04-07,2017-04-10,35.845,35.89,0.045000000000001705,2.2500000000000853,bullish,2.5000000000001705,bullish
2017-04-11,1,2017-04-10,2017-04-11,35.802499999999995,35.725,-0.07749999999999346,-3.874999999999673,bullish,-9.749999999999346,bullish
2017-04-12,1,2017-04-11,2017-04-12,35.4175,35.39,-0.027499999999996305,-1.3749999999998153,bullish,-4.7499999999996305,bullish
2017-04-13,1,2017-04-12,2017-04-13,35.46,35.45,-0.00999999999999801,-0.4999999999999005,bullish,-2.999999999999801,bullish
2017-04-17,1,2017-04-13,2017-04-17,35.2725,35.2875,0.015000000000000568,0.7500000000000284,bullish,-0.49999999999994316,bullish
2017-04-18,1,2017-04-17,2017-04-18,35.4675,35.35,-0.11749999999999972,-5.874999999999986,bullish,-13.749999999999972,bullish
2017-04-19,1,2017-04-18,2017-04-19,35.309999999999995,35.46,0.15000000000000568,7.500000000000284,bullish,13.000000000000568,bullish
2017-04-20,1,2017-04-19,2017-04-20,35.18,35.292500000000004,0.11250000000000426,5.625000000000213,bullish,9.250000000000426,bullish
2017-04-21,1,2017-04-20,2017-04-21,35.62,35.6,-0.01999999999999602,-0.999999999999801,bullish,-3.999999999999602,bullish
2017-04-24,1,2017-04-21,2017-04-24,35.5775,35.8675,0.28999999999999915,14.499999999999957,bullish,26.999999999999915,bullish
2017-04-25,1,2017-04-24,2017-04-25,35.919999999999995,35.9825,0.0625000000000071,3.1250000000003553,bullish,4.2500000000007105,bullish
2017-04-26,1,2017-04-25,2017-04-26,36.1425,36.112500000000004,-0.02999999999999403,-1.4999999999997016,bullish,-4.999999999999403,bullish
2017-04-27,1,2017-04-26,2017-04-27,35.93,35.9675,0.03750000000000142,1.875000000000071,bullish,1.750000000000142,bullish
2017-04-28,1,2017-04-27,2017-04-28,35.957499999999996,36.0125,0.05500000000000682,2.750000000000341,bullish,3.500000000000682,bullish
2017-05-01,1,2017-04-28,2017-05-01,35.9225,36.265,0.34250000000000114,17.125000000000057,bullish,32.250000000000114,bullish
2017-05-02,1,2017-05-01,2017-05-02,36.655,36.875,0.21999999999999886,10.999999999999943,bullish,19.999999999999886,bullish
2017-05-03,1,2017-05-02,2017-05-03,36.887499999999996,36.3875,-0.4999999999999929,-24.999999999999645,bullish,-51.99999999999929,bullish
2017-05-04,1,2017-05-03,2017-05-04,36.775,36.6375,-0.13749999999999574,-6.874999999999787,bullish,-15.749999999999574,bullish
2017-05-05,1,2017-05-04,2017-05-05,36.6425,36.68,0.03750000000000142,1.875000000000071,bullish,1.750000000000142,bullish
2017-05-08,1,2017-05-05,2017-05-08,37.25,37.2475,-0.0024999999999977263,-0.12499999999988631,bullish,-2.2499999999997726,bullish
2017-05-09,1,2017-05-08,2017-05-09,38.262499999999996,38.4575,0.1950000000000074,9.75000000000037,bullish,17.50000000000074,bullish
2017-05-10,1,2017-05-09,2017-05-10,38.5075,38.3975,-0.10999999999999943,-5.499999999999972,bullish,-12.999999999999943,bullish
2017-05-11,1,2017-05-10,2017-05-11,38.324999999999996,38.1025,-0.2224999999999966,-11.12499999999983,bullish,-24.24999999999966,bullish
2017-05-12,1,2017-05-11,2017-05-12,38.497499999999995,38.6625,0.16500000000000625,8.250000000000313,bullish,14.500000000000625,bullish
2017-05-15,1,2017-05-12,2017-05-15,39.035,38.9925,-0.042499999999996874,-2.1249999999998437,bullish,-6.249999999999687,bullish
2017-05-16,1,2017-05-15,2017-05-16,38.934999999999995,38.9825,0.04750000000000654,2.375000000000327,bullish,2.7500000000006537,bullish
2017-05-17,1,2017-05-16,2017-05-17,38.8775,38.39,-0.48749999999999716,-24.374999999999858,bullish,-50.749999999999716,bullish
2017-05-18,1,2017-05-17,2017-05-18,37.5725,37.807500000000005,0.23500000000000654,11.750000000000327,bullish,21.500000000000654,bullish
2017-05-19,1,2017-05-18,2017-05-19,38.144999999999996,38.347500000000004,0.20250000000000767,10.125000000000384,bullish,18.250000000000767,bullish
2017-05-22,1,2017-05-19,2017-05-22,38.275,38.4975,0.2225000000000037,11.125000000000185,bullish,20.25000000000037,bullish
2017-05-23,1,2017-05-22,2017-05-23,38.5075,38.7125,0.2049999999999983,10.249999999999915,bullish,18.49999999999983,bullish
2017-05-24,1,2017-05-23,2017-05-24,38.46,38.45,-0.00999999999999801,-0.4999999999999005,bullish,-2.999999999999801,bullish
2017-05-25,1,2017-05-24,2017-05-25,38.345,38.4225,0.07750000000000057,3.8750000000000284,bullish,5.750000000000057,bullish
2017-05-26,1,2017-05-25,2017-05-26,38.4775,38.4425,-0.03499999999999659,-1.7499999999998295,bullish,-5.499999999999659,bullish
2017-05-30,1,2017-05-26,2017-05-30,38.4125,38.345,-0.06750000000000256,-3.375000000000128,bullish,-8.750000000000256,bullish
2017-05-31,1,2017-05-30,2017-05-31,38.427499999999995,38.4825,0.05500000000000682,2.750000000000341,bullish,3.500000000000682,bullish
2017-06-01,1,2017-05-31,2017-06-01,38.199999999999996,38.2825,0.08250000000000313,4.125000000000156,bullish,6.250000000000313,bullish
2017-06-02,1,2017-06-01,2017-06-02,38.305,38.3875,0.08250000000000313,4.125000000000156,bullish,6.250000000000313,bullish
2017-06-05,1,2017-06-02,2017-06-05,38.872499999999995,38.585,-0.2874999999999943,-14.374999999999716,bullish,-30.74999999999943,bullish
2017-06-06,1,2017-06-05,2017-06-06,38.4925,38.4625,-0.030000000000001137,-1.5000000000000568,bullish,-5.000000000000114,bullish
2017-06-07,1,2017-06-06,2017-06-07,38.622499999999995,38.7425,0.12000000000000455,6.000000000000227,bullish,10.000000000000455,bullish
2017-06-08,1,2017-06-07,2017-06-08,38.8525,38.8025,-0.04999999999999716,-2.499999999999858,bullish,-6.999999999999716,bullish
2017-06-09,1,2017-06-08,2017-06-09,38.7575,38.7875,0.030000000000001137,1.5000000000000568,bullish,1.0000000000001137,bullish
2017-06-12,1,2017-06-09,2017-06-12,37.254999999999995,36.4,-0.8549999999999969,-42.749999999999844,bullish,-87.49999999999969,bullish
2017-06-13,1,2017-06-12,2017-06-13,36.364999999999995,36.78,0.41500000000000625,20.750000000000313,bullish,39.500000000000625,bullish
2017-06-14,1,2017-06-13,2017-06-14,36.6575,36.86,0.20250000000000057,10.125000000000028,bullish,18.250000000000057,bullish
2017-07-20,1,2017-07-19,2017-07-20,37.765,37.8525,0.08749999999999858,4.374999999999929,bullish,6.749999999999858,bullish
2017-07-21,1,2017-07-20,2017-07-21,37.595,37.550000000000004,-0.0449999999999946,-2.24999999999973,bullish,-6.49999999999946,bullish
2017-07-24,1,2017-07-21,2017-07-24,37.5775,37.627500000000005,0.05000000000000426,2.500000000000213,bullish,3.0000000000004263,bullish
2017-07-25,1,2017-07-24,2017-07-25,38.0325,37.940000000000005,-0.09249999999999403,-4.624999999999702,bullish,-11.249999999999403,bullish
2017-07-26,1,2017-07-25,2017-07-26,38.195,38.3275,0.13250000000000028,6.625000000000014,bullish,11.250000000000028,bullish
2017-07-27,1,2017-07-26,2017-07-27,38.375,38.432500000000005,0.05750000000000455,2.8750000000002274,bullish,3.7500000000004547,bullish
2017-07-28,1,2017-07-27,2017-07-28,37.65,37.465,-0.18499999999999517,-9.249999999999758,bullish,-20.499999999999517,bullish
2017-07-31,1,2017-07-28,2017-07-31,37.385,37.465,0.0800000000000054,4.00000000000027,bullish,6.00000000000054,bullish
2017-08-01,1,2017-07-31,2017-08-01,37.192499999999995,37.265,0.07250000000000512,3.625000000000256,bullish,5.250000000000512,bullish
2017-08-02,1,2017-08-01,2017-08-02,37.5225,39.8725,2.3500000000000014,117.50000000000007,bullish,233.00000000000014,bullish
2017-08-03,1,2017-08-02,2017-08-03,39.294999999999995,39.252500000000005,-0.04249999999998977,-2.1249999999994884,bullish,-6.249999999998977,bullish
2017-08-04,1,2017-08-03,2017-08-04,38.902499999999996,39.0075,0.10500000000000398,5.250000000000199,bullish,8.500000000000398,bullish
2017-08-07,1,2017-08-04,2017-08-07,39.107499999999995,39.2425,0.13500000000000512,6.750000000000256,bullish,11.500000000000512,bullish
2017-08-08,1,2017-08-07,2017-08-08,39.7125,39.642500000000005,-0.06999999999999318,-3.499999999999659,bullish,-8.999999999999318,bullish
2017-08-09,1,2017-08-08,2017-08-09,40.03,39.805,-0.22500000000000142,-11.250000000000071,bullish,-24.500000000000142,bullish
2017-08-10,1,2017-08-09,2017-08-10,40.275,39.99,-0.2849999999999966,-14.24999999999983,bullish,-30.49999999999966,bullish
2017-08-11,1,2017-08-10,2017-08-11,38.839999999999996,39.1525,0.3125000000000071,15.625000000000355,bullish,29.25000000000071,bullish
2017-08-14,1,2017-08-11,2017-08-14,39.379999999999995,39.822500000000005,0.44250000000000966,22.125000000000483,bullish,42.250000000000966,bullish
2017-08-15,1,2017-08-14,2017-08-15,39.9725,40.167500000000004,0.1950000000000074,9.75000000000037,bullish,17.50000000000074,bullish
2017-08-16,1,2017-08-15,2017-08-16,40.41,40.475,0.06500000000000483,3.2500000000002416,bullish,4.500000000000483,bullish
2017-08-17,1,2017-08-16,2017-08-17,40.247499999999995,40.120000000000005,-0.12749999999999062,-6.374999999999531,bullish,-14.749999999999062,bullish
2017-08-18,1,2017-08-17,2017-08-18,39.475,39.480000000000004,0.005000000000002558,0.2500000000001279,bullish,-1.4999999999997442,bullish
2017-08-21,1,2017-08-18,2017-08-21,39.385,39.365,-0.01999999999999602,-0.999999999999801,bullish,-3.999999999999602,bullish
2017-08-22,1,2017-08-21,2017-08-22,39.3125,39.5475,0.23499999999999943,11.749999999999972,bullish,21.499999999999943,bullish
2017-08-23,1,2017-08-22,2017-08-23,39.955,39.7575,-0.197499999999998,-9.8749999999999,bullish,-21.7499999999998,bullish
2017-08-24,1,2017-08-23,2017-08-24,40.004999999999995,40.097500000000004,0.09250000000000824,4.625000000000412,bullish,7.250000000000824,bullish
2017-08-25,1,2017-08-24,2017-08-25,39.8275,39.9025,0.07500000000000284,3.750000000000142,bullish,5.500000000000284,bullish
2017-08-28,1,2017-08-25,2017-08-28,39.975,40.025,0.04999999999999716,2.499999999999858,bullish,2.999999999999716,bullish
2017-08-29,1,2017-08-28,2017-08-29,40.3775,40.0225,-0.3549999999999969,-17.749999999999844,bullish,-37.49999999999969,bullish
2017-08-30,1,2017-08-29,2017-08-30,40.7375,40.92,0.18250000000000455,9.125000000000227,bullish,16.250000000000455,bullish
2017-08-31,1,2017-08-30,2017-08-31,40.8475,40.9,0.05250000000000199,2.6250000000000995,bullish,3.250000000000199,bullish
2017-09-01,1,2017-08-31,2017-09-01,41.01,41.190000000000005,0.18000000000000682,9.000000000000341,bullish,16.000000000000682,bullish
2017-09-05,1,2017-09-01,2017-09-05,41.0225,40.910000000000004,-0.11249999999999716,-5.624999999999858,bullish,-13.249999999999716,bullish
2017-09-06,1,2017-09-05,2017-09-06,40.53,40.667500000000004,0.13750000000000284,6.875000000000142,bullish,11.750000000000284,bullish
2017-09-07,1,2017-09-06,2017-09-07,40.4875,40.515,0.02750000000000341,1.3750000000001705,bullish,0.7500000000003411,bullish
2017-09-08,1,2017-09-07,2017-09-08,40.324999999999996,40.215,-0.10999999999999233,-5.499999999999616,bullish,-12.999999999999233,bullish
2017-09-11,1,2017-09-08,2017-09-11,39.6675,40.1175,0.45000000000000284,22.500000000000142,bullish,43.000000000000284,bullish
2017-09-12,1,2017-09-11,2017-09-12,40.385,40.642500000000005,0.2575000000000074,12.87500000000037,bullish,23.75000000000074,bullish
2017-09-13,1,2017-09-12,2017-09-13,40.225,39.9675,-0.2575000000000003,-12.875000000000014,bullish,-27.75000000000003,bullish
2017-09-14,1,2017-09-13,2017-09-14,39.9225,39.737500000000004,-0.18499999999999517,-9.249999999999758,bullish,-20.499999999999517,bullish
2017-09-15,1,2017-09-14,2017-09-15,39.58,39.6075,0.02750000000000341,1.3750000000001705,bullish,0.7500000000003411,bullish
2017-09-18,1,2017-09-15,2017-09-18,39.98,40.017500000000005,0.037500000000008527,1.8750000000004263,bullish,1.7500000000008527,bullish
2017-09-19,1,2017-09-18,2017-09-19,39.677499999999995,39.8675,0.19000000000000483,9.500000000000242,bullish,17.000000000000483,bullish
2017-09-20,1,2017-09-19,2017-09-20,39.692499999999995,39.49,-0.20249999999999346,-10.124999999999673,bullish,-22.249999999999346,bullish
2017-09-21,1,2017-09-20,2017-09-21,39.027499999999996,38.945,-0.08249999999999602,-4.124999999999801,bullish,-10.249999999999602,bullish
2017-10-30,1,2017-10-27,2017-10-30,40.7725,40.9525,0.17999999999999972,8.999999999999986,bullish,15.999999999999972,bullish
2017-10-31,1,2017-10-30,2017-10-31,41.69,41.972500000000004,0.28250000000000597,14.125000000000298,bullish,26.250000000000597,bullish
2017-11-01,1,2017-10-31,2017-11-01,42.269999999999996,42.4575,0.1875000000000071,9.375000000000355,bullish,16.75000000000071,bullish
2017-11-02,1,2017-11-01,2017-11-02,41.732499999999995,41.875,0.1425000000000054,7.12500000000027,bullish,12.25000000000054,bullish
2017-11-03,1,2017-11-02,2017-11-03,42.0375,43.49,1.4525000000000006,72.62500000000003,bullish,143.25000000000006,bullish
2017-11-06,1,2017-11-03,2017-11-06,43.135,43.0525,-0.08249999999999602,-4.124999999999801,bullish,-10.249999999999602,bullish
2017-11-07,1,2017-11-06,2017-11-07,43.5725,43.4675,-0.10499999999999687,-5.249999999999844,bullish,-12.499999999999687,bullish
2017-11-08,1,2017-11-07,2017-11-08,43.7125,43.660000000000004,-0.052499999999994884,-2.624999999999744,bullish,-7.249999999999488,bullish
2017-11-09,1,2017-11-08,2017-11-09,44.07,43.81,-0.259999999999998,-12.9999999999999,bullish,-27.9999999999998,bullish
2017-11-10,1,2017-11-09,2017-11-10,43.98,43.767500000000005,-0.21249999999999147,-10.624999999999574,bullish,-23.249999999999147,bullish
2017-11-13,1,2017-11-10,2017-11-13,43.677499999999995,43.365,-0.3124999999999929,-15.624999999999645,bullish,-33.24999999999929,bullish
2017-11-14,1,2017-11-13,2017-11-14,43.5025,43.25,-0.2524999999999977,-12.624999999999886,bullish,-27.249999999999773,bullish
2017-11-15,1,2017-11-14,2017-11-15,42.845,42.4975,-0.3474999999999966,-17.37499999999983,bullish,-36.74999999999966,bullish
2017-11-16,1,2017-11-15,2017-11-16,42.28,42.785000000000004,0.5050000000000026,25.250000000000128,bullish,48.500000000000256,bullish
2017-11-17,1,2017-11-16,2017-11-17,42.785,42.745000000000005,-0.03999999999999204,-1.999999999999602,bullish,-5.999999999999204,bullish
2017-11-20,1,2017-11-17,2017-11-20,42.5475,42.5625,0.015000000000000568,0.7500000000000284,bullish,-0.49999999999994316,bullish
2017-11-21,1,2017-11-20,2017-11-21,42.504999999999995,42.685,0.18000000000000682,9.000000000000341,bullish,16.000000000000682,bullish
2017-11-22,1,2017-11-21,2017-11-22,43.294999999999995,43.35,0.05500000000000682,2.750000000000341,bullish,3.500000000000682,bullish
2017-11-24,1,2017-11-22,2017-11-24,43.75,43.765,0.015000000000000568,0.7500000000000284,bullish,-0.49999999999994316,bullish
2017-11-27,1,2017-11-24,2017-11-27,43.7525,43.752500000000005,7.105427357601002e-15,3.552713678800501e-13,bullish,-1.9999999999992895,bullish
2017-11-28,1,2017-11-27,2017-11-28,43.5325,43.5525,0.020000000000003126,1.0000000000001563,bullish,3.126388037344441e-13,bullish
2017-11-29,1,2017-11-28,2017-11-29,43.277499999999996,43.1475,-0.12999999999999545,-6.499999999999773,bullish,-14.999999999999545,bullish
2017-11-30,1,2017-11-29,2017-11-30,42.379999999999995,42.61,0.23000000000000398,11.500000000000199,bullish,21.000000000000398,bullish
2017-12-01,1,2017-11-30,2017-12-01,42.9725,42.465,-0.5074999999999932,-25.37499999999966,bullish,-52.74999999999932,bullish
2017-12-04,1,2017-12-01,2017-12-04,42.7725,43.1,0.32750000000000057,16.37500000000003,bullish,30.750000000000057,bullish
2017-12-05,1,2017-12-04,2017-12-05,42.46,42.322500000000005,-0.13749999999999574,-6.874999999999787,bullish,-15.749999999999574,bullish
2017-12-06,1,2017-12-05,2017-12-06,42.419999999999995,41.865,-0.5549999999999926,-27.74999999999963,bullish,-57.49999999999926,bullish
2017-12-07,1,2017-12-06,2017-12-07,42.262499999999996,42.2475,-0.014999999999993463,-0.7499999999996732,bullish,-3.4999999999993463,bullish
2017-12-08,1,2017-12-07,2017-12-08,42.339999999999996,42.612500000000004,0.27250000000000796,13.625000000000398,bullish,25.250000000000796,bullish
2017-12-11,1,2017-12-08,2017-12-11,42.3525,42.2825,-0.07000000000000028,-3.500000000000014,bullish,-9.000000000000028,bullish
2017-12-12,1,2017-12-11,2017-12-12,43.177499999999995,43.0275,-0.14999999999999147,-7.499999999999574,bullish,-16.999999999999147,bullish
2017-12-13,1,2017-12-12,2017-12-13,42.934999999999995,43.1475,0.21250000000000568,10.625000000000284,bullish,19.25000000000057,bullish
2017-12-14,1,2017-12-13,2017-12-14,43.0775,43.097500000000004,0.020000000000003126,1.0000000000001563,bullish,3.126388037344441e-13,bullish
2017-12-15,1,2017-12-14,2017-12-15,43.065,43.1925,0.12750000000000483,6.375000000000242,bullish,10.750000000000483,bullish
2017-12-18,1,2017-12-15,2017-12-18,43.5025,43.72,0.21750000000000114,10.875000000000057,bullish,19.750000000000114,bullish
2017-12-19,1,2017-12-18,2017-12-19,44.114999999999995,43.6525,-0.4624999999999915,-23.124999999999574,bullish,-48.24999999999915,bullish
2017-12-20,1,2017-12-19,2017-12-20,43.644999999999996,43.71,0.06500000000000483,3.2500000000002416,bullish,4.500000000000483,bullish
2017-12-21,1,2017-12-20,2017-12-21,43.5975,43.5325,-0.06499999999999773,-3.2499999999998863,bullish,-8.499999999999773,bullish
2017-12-22,1,2017-12-21,2017-12-22,43.762499999999996,43.667500000000004,-0.09499999999999176,-4.749999999999588,bullish,-11.499999999999176,bullish
2017-12-26,1,2017-12-22,2017-12-26,43.762499999999996,42.655,-1.1074999999999946,-55.37499999999973,bullish,-112.74999999999946,bullish
2017-12-27,1,2017-12-26,2017-12-27,42.652499999999996,42.515,-0.13749999999999574,-6.874999999999787,bullish,-15.749999999999574,bullish
2017-12-28,1,2017-12-27,2017-12-28,42.66,42.7275,0.06750000000000256,3.375000000000128,bullish,4.750000000000256,bullish
2017-12-29,1,2017-12-28,2017-12-29,42.78,42.667500000000004,-0.11249999999999716,-5.624999999999858,bullish,-13.249999999999716,bullish
2018-01-02,1,2017-12-29,2018-01-02,42.317499999999995,42.53,0.21250000000000568,10.625000000000284,bullish,19.25000000000057,bullish
2018-01-03,1,2018-01-02,2018-01-03,43.074999999999996,43.120000000000005,0.04500000000000881,2.2500000000004405,bullish,2.500000000000881,bullish
2018-01-04,1,2018-01-03,2018-01-04,43.067499999999995,43.125,0.05750000000000455,2.8750000000002274,bullish,3.7500000000004547,bullish
2018-01-05,1,2018-01-04,2018-01-05,43.2675,43.3425,0.07500000000000284,3.750000000000142,bullish,5.500000000000284,bullish
2018-01-08,1,2018-01-05,2018-01-08,43.76,43.5675,-0.19249999999999545,-9.624999999999773,bullish,-21.249999999999545,bullish
2018-01-09,1,2018-01-08,2018-01-09,43.5975,43.627500000000005,0.030000000000008242,1.5000000000004121,bullish,1.0000000000008242,bullish
2018-01-10,1,2018-01-09,2018-01-10,43.5925,43.300000000000004,-0.2924999999999969,-14.624999999999844,bullish,-31.249999999999687,bullish
2018-01-11,1,2018-01-10,2018-01-11,43.582499999999996,43.6375,0.05500000000000682,2.750000000000341,bullish,3.500000000000682,bullish
2018-01-12,1,2018-01-11,2018-01-12,43.83,44.035000000000004,0.2050000000000054,10.25000000000027,bullish,18.50000000000054,bullish
2018-01-16,1,2018-01-12,2018-01-16,44.2825,44.465,0.18250000000000455,9.125000000000227,bullish,16.250000000000455,bullish
2018-01-17,1,2018-01-16,2018-01-17,44.0575,44.0275,-0.02999999999999403,-1.4999999999997016,bullish,-4.999999999999403,bullish
2018-01-18,1,2018-01-17,2018-01-18,44.785,44.830000000000005,0.04500000000000881,2.2500000000004405,bullish,2.500000000000881,bullish
2018-01-19,1,2018-01-18,2018-01-19,44.824999999999996,44.620000000000005,-0.2049999999999912,-10.24999999999956,bullish,-22.49999999999912,bullish
2018-01-22,1,2018-01-19,2018-01-22,44.625,44.3175,-0.30749999999999744,-15.374999999999872,bullish,-32.749999999999744,bullish
2018-01-23,1,2018-01-22,2018-01-23,44.26,44.315000000000005,0.05500000000000682,2.750000000000341,bullish,3.500000000000682,bullish
2018-01-24,1,2018-01-23,2018-01-24,44.269999999999996,44.3025,0.03250000000000597,1.6250000000002984,bullish,1.2500000000005969,bullish
2018-01-25,1,2018-01-24,2018-01-25,43.565,43.56,-0.0049999999999954525,-0.24999999999977263,bullish,-2.4999999999995453,bullish
2018-01-26,1,2018-01-25,2018-01-26,42.7875,42.9775,0.18999999999999773,9.499999999999886,bullish,16.999999999999773,bullish
2018-02-16,1,2018-02-15,2018-02-16,43.2575,43.1025,-0.15500000000000114,-7.750000000000057,bullish,-17.500000000000114,bullish
2018-02-20,1,2018-02-16,2018-02-20,43.1175,43.0075,-0.10999999999999943,-5.499999999999972,bullish,-12.999999999999943,bullish
2018-02-26,1,2018-02-23,2018-02-26,43.885,44.0825,0.19750000000000512,9.875000000000256,bullish,17.75000000000051,bullish
2018-02-27,1,2018-02-26,2018-02-27,44.7525,44.765,0.012500000000002842,0.6250000000001421,bullish,-0.7499999999997158,bullish
2018-02-28,1,2018-02-27,2018-02-28,44.607499999999995,44.805,0.19750000000000512,9.875000000000256,bullish,17.75000000000051,bullish
2018-03-01,1,2018-02-28,2018-03-01,44.54,44.627500000000005,0.08750000000000568,4.375000000000284,bullish,6.750000000000568,bullish
2018-03-05,1,2018-03-02,2018-03-05,44.0625,43.775,-0.2875000000000014,-14.375000000000071,bullish,-30.750000000000142,bullish
2018-03-06,1,2018-03-05,2018-03-06,44.214999999999996,44.465,0.2500000000000071,12.500000000000355,bullish,23.00000000000071,bullish
2018-03-07,1,2018-03-06,2018-03-07,44.177499999999995,43.7775,-0.3999999999999915,-19.999999999999574,bullish,-41.99999999999915,bullish
2018-03-08,1,2018-03-07,2018-03-08,43.7675,43.86,0.09250000000000114,4.625000000000057,bullish,7.250000000000114,bullish
2018-03-09,1,2018-03-08,2018-03-09,44.245,44.480000000000004,0.23500000000000654,11.750000000000327,bullish,21.500000000000654,bullish
2018-03-12,1,2018-03-09,2018-03-12,45.004999999999995,45.080000000000005,0.07500000000000995,3.7500000000004974,bullish,5.500000000000995,bullish
2018-03-13,1,2018-03-12,2018-03-13,45.44,45.627500000000005,0.1875000000000071,9.375000000000355,bullish,16.75000000000071,bullish
2018-03-14,1,2018-03-13,2018-03-14,45.0025,45.0775,0.07500000000000284,3.750000000000142,bullish,5.500000000000284,bullish
2018-03-15,1,2018-03-14,2018-03-15,44.62,44.615,-0.0049999999999954525,-0.24999999999977263,bullish,-2.4999999999995453,bullish
2018-03-16,1,2018-03-15,2018-03-16,44.6725,44.642500000000005,-0.02999999999999403,-1.4999999999997016,bullish,-4.999999999999403,bullish
2018-03-19,1,2018-03-16,2018-03-19,44.515,44.3325,-0.18249999999999744,-9.124999999999872,bullish,-20.249999999999744,bullish
2018-03-20,1,2018-03-19,2018-03-20,43.835,43.81,-0.02499999999999858,-1.249999999999929,bullish,-4.499999999999858,bullish
2018-03-21,1,2018-03-20,2018-03-21,43.82,43.7425,-0.07750000000000057,-3.8750000000000284,bullish,-9.750000000000057,bullish
2018-03-22,1,2018-03-21,2018-03-22,42.8275,42.5,-0.32750000000000057,-16.37500000000003,bullish,-34.75000000000006,bullish
2018-03-23,1,2018-03-22,2018-03-23,42.2225,42.127500000000005,-0.09499999999999176,-4.749999999999588,bullish,-11.499999999999176,bullish
2018-03-27,1,2018-03-26,2018-03-27,43.2025,43.4125,0.21000000000000085,10.500000000000043,bullish,19.000000000000085,bullish
2018-03-28,1,2018-03-27,2018-03-28,42.095,41.7725,-0.322499999999998,-16.1249999999999,bullish,-34.2499999999998,bullish
2018-03-29,1,2018-03-28,2018-03-29,41.629999999999995,41.9975,0.3675000000000068,18.37500000000034,bullish,34.75000000000068,bullish
2018-04-02,1,2018-03-29,2018-04-02,41.955,41.9425,-0.012499999999995737,-0.6249999999997868,bullish,-3.2499999999995737,bullish
2018-04-03,1,2018-04-02,2018-04-03,41.68,41.905,0.22500000000000142,11.250000000000071,bullish,20.500000000000142,bullish
2018-04-04,1,2018-04-03,2018-04-04,42.107499999999995,41.21,-0.8974999999999937,-44.87499999999969,bullish,-91.74999999999937,bullish
2018-04-05,1,2018-04-04,2018-04-05,42.9125,43.14,0.22749999999999915,11.374999999999957,bullish,20.749999999999915,bullish
2018-04-06,1,2018-04-05,2018-04-06,43.21,42.730000000000004,-0.4799999999999969,-23.999999999999844,bullish,-49.99999999999969,bullish
2018-04-11,1,2018-04-10,2018-04-11,43.3225,43.0475,-0.2749999999999986,-13.749999999999929,bullish,-29.499999999999858,bullish
2018-04-12,1,2018-04-11,2018-04-12,43.12,43.34,0.22000000000000597,11.000000000000298,bullish,20.000000000000597,bullish
2018-04-13,1,2018-04-12,2018-04-13,43.544999999999995,43.6875,0.1425000000000054,7.12500000000027,bullish,12.25000000000054,bullish
2018-04-16,1,2018-04-13,2018-04-16,43.692499999999995,43.77,0.07750000000000767,3.8750000000003837,bullish,5.750000000000767,bullish
2018-04-17,1,2018-04-16,2018-04-17,43.964999999999996,44.095,0.13000000000000256,6.500000000000128,bullish,11.000000000000256,bullish
2018-04-18,1,2018-04-17,2018-04-18,44.57,44.435,-0.134999999999998,-6.7499999999999005,bullish,-15.499999999999801,bullish
2018-04-19,1,2018-04-18,2018-04-19,44.47,43.725,-0.7449999999999974,-37.24999999999987,bullish,-76.49999999999974,bullish
2018-04-20,1,2018-04-19,2018-04-20,43.21,42.6325,-0.5775000000000006,-28.87500000000003,bullish,-59.75000000000006,bullish
2018-05-03,1,2018-05-02,2018-05-03,44.152499999999996,43.96,-0.19249999999999545,-9.624999999999773,bullish,-21.249999999999545,bullish
2018-05-04,1,2018-05-03,2018-05-04,44.232499999999995,44.5775,0.34500000000000597,17.2500000000003,bullish,32.5000000000006,bullish
2018-05-07,1,2018-05-04,2018-05-07,45.9675,46.285000000000004,0.31750000000000256,15.875000000000128,bullish,29.750000000000256,bullish
2018-05-08,1,2018-05-07,2018-05-08,46.3,46.230000000000004,-0.06999999999999318,-3.499999999999659,bullish,-8.999999999999318,bullish
2018-05-09,1,2018-05-08,2018-05-09,46.5225,46.635000000000005,0.11250000000000426,5.625000000000213,bullish,9.250000000000426,bullish
2018-05-10,1,2018-05-09,2018-05-10,46.85,46.925000000000004,0.07500000000000284,3.750000000000142,bullish,5.500000000000284,bullish
2018-05-11,1,2018-05-10,2018-05-11,47.519999999999996,47.3425,-0.17749999999999488,-8.874999999999744,bullish,-19.74999999999949,bullish
2018-05-14,1,2018-05-11,2018-05-14,47.1575,47.222500000000004,0.06500000000000483,3.2500000000002416,bullish,4.500000000000483,bullish
2018-05-15,1,2018-05-14,2018-05-15,47.0475,46.6925,-0.3549999999999969,-17.749999999999844,bullish,-37.49999999999969,bullish
2018-05-16,1,2018-05-15,2018-05-16,46.62,46.515,-0.10499999999999687,-5.249999999999844,bullish,-12.499999999999687,bullish
2018-05-17,1,2018-05-16,2018-05-17,47.055,46.99,-0.06499999999999773,-3.2499999999998863,bullish,-8.499999999999773,bullish
2018-05-18,1,2018-05-17,2018-05-18,46.7575,46.7725,0.015000000000000568,0.7500000000000284,bullish,-0.49999999999994316,bullish
2018-05-21,1,2018-05-18,2018-05-21,46.5875,46.99,0.4025000000000034,20.12500000000017,bullish,38.25000000000034,bullish
2018-05-22,1,2018-05-21,2018-05-22,46.9175,47.0825,0.16500000000000625,8.250000000000313,bullish,14.500000000000625,bullish
2018-05-23,1,2018-05-22,2018-05-23,46.8,46.5775,-0.2224999999999966,-11.12499999999983,bullish,-24.24999999999966,bullish
2018-05-24,1,2018-05-23,2018-05-24,47.1,47.182500000000005,0.08250000000000313,4.125000000000156,bullish,6.250000000000313,bullish
2018-05-25,1,2018-05-24,2018-05-25,47.0475,47.0625,0.015000000000000568,0.7500000000000284,bullish,-0.49999999999994316,bullish
2018-05-29,1,2018-05-25,2018-05-29,47.155,46.89,-0.26500000000000057,-13.250000000000028,bullish,-28.500000000000057,bullish
2018-05-30,1,2018-05-29,2018-05-30,46.985,46.92,-0.06499999999999773,-3.2499999999998863,bullish,-8.499999999999773,bullish
2018-05-31,1,2018-05-30,2018-05-31,46.885,46.8025,-0.08249999999999602,-4.124999999999801,bullish,-10.249999999999602,bullish
2018-06-01,1,2018-05-31,2018-06-01,46.7275,46.987500000000004,0.2600000000000051,13.000000000000256,bullish,24.00000000000051,bullish
2018-06-04,1,2018-06-01,2018-06-04,47.57,47.89,0.3200000000000003,16.000000000000014,bullish,30.00000000000003,bullish
2018-06-05,1,2018-06-04,2018-06-05,47.9675,48.22,0.2524999999999977,12.624999999999886,bullish,23.249999999999773,bullish
2018-06-06,1,2018-06-05,2018-06-06,48.3375,48.395,0.05750000000000455,2.8750000000002274,bullish,3.7500000000004547,bullish
2018-06-07,1,2018-06-06,2018-06-07,48.504999999999995,48.525,0.020000000000003126,1.0000000000001563,bullish,3.126388037344441e-13,bullish
2018-06-08,1,2018-06-07,2018-06-08,48.375,47.775,-0.6000000000000014,-30.00000000000007,bullish,-62.00000000000014,bullish
2018-06-11,1,2018-06-08,2018-06-11,47.934999999999995,47.825,-0.10999999999999233,-5.499999999999616,bullish,-12.999999999999233,bullish
2018-06-12,1,2018-06-11,2018-06-12,47.817499999999995,47.8375,0.020000000000003126,1.0000000000001563,bullish,3.126388037344441e-13,bullish
2018-06-13,1,2018-06-12,2018-06-13,48.08,48.095,0.015000000000000568,0.7500000000000284,bullish,-0.49999999999994316,bullish
2018-06-14,1,2018-06-13,2018-06-14,47.684999999999995,47.877500000000005,0.19250000000000966,9.625000000000483,bullish,17.250000000000966,bullish
2018-06-15,1,2018-06-14,2018-06-15,47.71,47.4975,-0.21249999999999858,-10.624999999999929,bullish,-23.249999999999858,bullish
2018-06-18,1,2018-06-15,2018-06-18,47.22,46.9575,-0.26249999999999574,-13.124999999999787,bullish,-28.249999999999574,bullish
2018-06-19,1,2018-06-18,2018-06-19,47.195,46.305,-0.8900000000000006,-44.50000000000003,bullish,-91.00000000000006,bullish
2018-06-20,1,2018-06-19,2018-06-20,46.4325,46.5875,0.15500000000000114,7.750000000000057,bullish,13.500000000000114,bullish
2018-06-21,1,2018-06-20,2018-06-21,46.635,46.79,0.15500000000000114,7.750000000000057,bullish,13.500000000000114,bullish
2018-06-22,1,2018-06-21,2018-06-22,46.375,46.4675,0.09250000000000114,4.625000000000057,bullish,7.250000000000114,bullish
2018-06-25,1,2018-06-22,2018-06-25,46.239999999999995,45.84,-0.3999999999999915,-19.999999999999574,bullish,-41.99999999999915,bullish
2018-06-26,1,2018-06-25,2018-06-26,45.552499999999995,45.725,0.17250000000000654,8.625000000000327,bullish,15.250000000000654,bullish
2018-06-27,1,2018-06-26,2018-06-27,46.1175,46.2975,0.17999999999999972,8.999999999999986,bullish,15.999999999999972,bullish
2018-06-28,1,2018-06-27,2018-06-28,46.05,46.0125,-0.037499999999994316,-1.8749999999997158,bullish,-5.749999999999432,bullish
2018-06-29,1,2018-06-28,2018-06-29,46.385,46.555,0.1700000000000017,8.500000000000085,bullish,15.00000000000017,bullish
2018-07-02,1,2018-06-29,2018-07-02,46.2875,45.9625,-0.32500000000000284,-16.250000000000142,bullish,-34.500000000000284,bullish
2018-07-03,1,2018-07-02,2018-07-03,46.805,46.910000000000004,0.10500000000000398,5.250000000000199,bullish,8.500000000000398,bullish
2018-07-05,1,2018-07-03,2018-07-05,45.989999999999995,46.305,0.31500000000000483,15.750000000000242,bullish,29.500000000000483,bullish
2018-07-06,1,2018-07-05,2018-07-06,46.36,46.375,0.015000000000000568,0.7500000000000284,bullish,-0.49999999999994316,bullish
2018-07-09,1,2018-07-06,2018-07-09,47.0025,47.365,0.36250000000000426,18.125000000000213,bullish,34.250000000000426,bullish
2018-07-10,1,2018-07-09,2018-07-10,47.655,47.635000000000005,-0.01999999999999602,-0.999999999999801,bullish,-3.999999999999602,bullish
2018-07-11,1,2018-07-10,2018-07-11,47.5975,47.115,-0.4824999999999946,-24.12499999999973,bullish,-50.24999999999946,bullish
2018-07-12,1,2018-07-11,2018-07-12,46.98,47.3725,0.3925000000000054,19.62500000000027,bullish,37.25000000000054,bullish
2018-07-13,1,2018-07-12,2018-07-13,47.7675,47.745000000000005,-0.022499999999993747,-1.1249999999996874,bullish,-4.249999999999375,bullish
2018-07-16,1,2018-07-13,2018-07-16,47.8425,47.870000000000005,0.02750000000000341,1.3750000000001705,bullish,0.7500000000003411,bullish
2018-07-17,1,2018-07-16,2018-07-17,47.7375,47.4275,-0.30999999999999517,-15.499999999999758,bullish,-32.99999999999952,bullish
2018-07-18,1,2018-07-17,2018-07-18,47.872499999999995,47.935,0.0625000000000071,3.1250000000003553,bullish,4.2500000000007105,bullish
2018-07-19,1,2018-07-18,2018-07-19,47.61,47.415,-0.19500000000000028,-9.750000000000014,bullish,-21.50000000000003,bullish
2018-07-20,1,2018-07-19,2018-07-20,47.98,47.93,-0.04999999999999716,-2.499999999999858,bullish,-6.999999999999716,bullish
2018-07-23,1,2018-07-20,2018-07-23,47.87,47.6575,-0.21249999999999858,-10.624999999999929,bullish,-23.249999999999858,bullish
2018-07-24,1,2018-07-23,2018-07-24,47.9125,48.1025,0.18999999999999773,9.499999999999886,bullish,16.999999999999773,bullish
2018-07-25,1,2018-07-24,2018-07-25,48.26,48.255,-0.0049999999999954525,-0.24999999999977263,bullish,-2.4999999999995453,bullish
2018-07-26,1,2018-07-25,2018-07-26,48.714999999999996,48.642500000000005,-0.0724999999999909,-3.6249999999995453,bullish,-9.24999999999909,bullish
2018-07-27,1,2018-07-26,2018-07-27,48.5625,48.722500000000004,0.1600000000000037,8.000000000000185,bullish,14.00000000000037,bullish
2018-07-30,1,2018-07-27,2018-07-30,47.754999999999995,47.985,0.23000000000000398,11.500000000000199,bullish,21.000000000000398,bullish
2018-07-31,1,2018-07-30,2018-07-31,47.4875,47.5775,0.09000000000000341,4.5000000000001705,bullish,7.000000000000341,bullish
2018-08-01,1,2018-07-31,2018-08-01,47.582499999999996,49.7775,2.1950000000000074,109.75000000000037,bullish,217.50000000000074,bullish
2018-08-02,1,2018-08-01,2018-08-02,50.385,50.145,-0.23999999999999488,-11.999999999999744,bullish,-25.99999999999949,bullish
2018-08-03,1,2018-08-02,2018-08-03,51.857499999999995,51.7475,-0.10999999999999233,-5.499999999999616,bullish,-12.999999999999233,bullish
2018-08-06,1,2018-08-03,2018-08-06,52.0075,51.972500000000004,-0.03499999999999659,-1.7499999999998295,bullish,-5.499999999999659,bullish
2018-08-07,1,2018-08-06,2018-08-07,52.277499999999996,52.32,0.04250000000000398,2.125000000000199,bullish,2.250000000000398,bullish
2018-08-08,1,2018-08-07,2018-08-08,51.7875,51.4925,-0.2950000000000017,-14.750000000000085,bullish,-31.50000000000017,bullish
2018-08-09,1,2018-08-08,2018-08-09,51.8225,51.81,-0.012499999999995737,-0.6249999999997868,bullish,-3.2499999999995737,bullish
2018-08-10,1,2018-08-09,2018-08-10,52.23,51.815000000000005,-0.41499999999999204,-20.749999999999602,bullish,-43.499999999999204,bullish
2018-08-13,1,2018-08-10,2018-08-13,51.8925,51.915,0.022500000000000853,1.1250000000000426,bullish,0.25000000000008527,bullish
2018-08-14,1,2018-08-13,2018-08-14,52.2275,52.53,0.302500000000002,15.1250000000001,bullish,28.2500000000002,bullish
2018-08-15,1,2018-08-14,2018-08-15,52.4475,52.2775,-0.1699999999999946,-8.49999999999973,bullish,-18.99999999999946,bullish
2018-08-16,1,2018-08-15,2018-08-16,52.57,52.915,0.34499999999999886,17.249999999999943,bullish,32.499999999999886,bullish
2018-08-17,1,2018-08-16,2018-08-17,53.339999999999996,53.35,0.010000000000005116,0.5000000000002558,bullish,-0.9999999999994884,bullish
2018-08-20,1,2018-08-17,2018-08-20,54.405,54.502500000000005,0.0975000000000037,4.875000000000185,bullish,7.7500000000003695,bullish
2018-08-21,1,2018-08-20,2018-08-21,53.875,54.1575,0.28249999999999886,14.124999999999943,bullish,26.249999999999886,bullish
2018-08-22,1,2018-08-21,2018-08-22,53.769999999999996,53.5225,-0.24749999999999517,-12.374999999999758,bullish,-26.749999999999517,bullish
2018-08-23,1,2018-08-22,2018-08-23,53.7725,53.67,-0.10249999999999915,-5.124999999999957,bullish,-12.249999999999915,bullish
2018-08-24,1,2018-08-23,2018-08-24,53.8825,54.14,0.2575000000000003,12.875000000000014,bullish,23.75000000000003,bullish
2018-08-27,1,2018-08-24,2018-08-27,54.05,54.2775,0.22750000000000625,11.375000000000313,bullish,20.750000000000625,bullish
2018-08-28,1,2018-08-27,2018-08-28,54.495,54.7425,0.24750000000000227,12.375000000000114,bullish,22.750000000000227,bullish
2018-08-29,1,2018-08-28,2018-08-29,54.934999999999995,55.0525,0.11750000000000682,5.875000000000341,bullish,9.750000000000682,bullish
2018-08-30,1,2018-08-29,2018-08-30,55.754999999999995,55.8025,0.04750000000000654,2.375000000000327,bullish,2.7500000000006537,bullish
2018-08-31,1,2018-08-30,2018-08-31,56.2675,56.6175,0.3500000000000014,17.50000000000007,bullish,33.00000000000014,bullish
2018-09-04,1,2018-08-31,2018-09-04,56.9175,57.125,0.20750000000000313,10.375000000000156,bullish,18.750000000000313,bullish
2018-09-05,1,2018-09-04,2018-09-05,57.1,57.237500000000004,0.13750000000000284,6.875000000000142,bullish,11.750000000000284,bullish
2018-09-06,1,2018-09-05,2018-09-06,56.7275,56.545,-0.18249999999999744,-9.124999999999872,bullish,-20.249999999999744,bullish
2018-09-07,1,2018-09-06,2018-09-07,55.785,55.4525,-0.332499999999996,-16.6249999999998,bullish,-35.2499999999996,bullish
2018-09-10,1,2018-09-07,2018-09-10,55.335,55.230000000000004,-0.10499999999999687,-5.249999999999844,bullish,-12.499999999999687,bullish
2018-09-11,1,2018-09-10,2018-09-11,54.5925,54.475,-0.11749999999999972,-5.874999999999986,bullish,-13.749999999999972,bullish
2018-09-12,1,2018-09-11,2018-09-12,55.9725,56.225,0.25250000000000483,12.625000000000242,bullish,23.250000000000483,bullish
2018-09-13,1,2018-09-12,2018-09-13,55.277499999999996,55.870000000000005,0.5925000000000082,29.625000000000412,bullish,57.250000000000824,bullish
2018-09-14,1,2018-09-13,2018-09-14,56.6125,56.4275,-0.18499999999999517,-9.249999999999758,bullish,-20.499999999999517,bullish
2018-09-17,1,2018-09-14,2018-09-17,55.97,55.5275,-0.44249999999999545,-22.124999999999773,bullish,-46.249999999999545,bullish
2018-09-18,1,2018-09-17,2018-09-18,54.48,54.447500000000005,-0.03249999999999176,-1.6249999999995879,bullish,-5.249999999999176,bullish
2018-09-19,1,2018-09-18,2018-09-19,54.57,54.615,0.045000000000001705,2.2500000000000853,bullish,2.5000000000001705,bullish
2018-09-20,1,2018-09-19,2018-09-20,54.6025,55.07,0.46750000000000114,23.375000000000057,bullish,44.750000000000114,bullish
2018-09-21,1,2018-09-20,2018-09-21,55.0175,55.1475,0.13000000000000256,6.500000000000128,bullish,11.000000000000256,bullish
2018-09-24,1,2018-09-21,2018-09-24,54.425,54.2325,-0.19249999999999545,-9.624999999999773,bullish,-21.249999999999545,bullish
2018-09-25,1,2018-09-24,2018-09-25,55.207499999999996,54.93,-0.2774999999999963,-13.874999999999815,bullish,-29.74999999999963,bullish
2018-09-26,1,2018-09-25,2018-09-26,55.5575,55.24,-0.31749999999999545,-15.874999999999773,bullish,-33.749999999999545,bullish
2018-09-27,1,2018-09-26,2018-09-27,55.114999999999995,55.947500000000005,0.8325000000000102,41.62500000000051,bullish,81.25000000000102,bullish
2018-09-28,1,2018-09-27,2018-09-28,56.247499999999995,56.1875,-0.05999999999999517,-2.9999999999997584,bullish,-7.999999999999517,bullish
2018-10-01,1,2018-09-28,2018-10-01,56.445,56.975,0.5300000000000011,26.500000000000057,bullish,51.000000000000114,bullish
2018-10-02,1,2018-10-01,2018-10-02,56.824999999999996,56.8175,-0.007499999999993179,-0.37499999999965894,bullish,-2.749999999999318,bullish
2018-10-03,1,2018-10-02,2018-10-03,57.33,57.502500000000005,0.17250000000000654,8.625000000000327,bullish,15.250000000000654,bullish
2018-10-04,1,2018-10-03,2018-10-04,58.027499999999996,57.7275,-0.29999999999999716,-14.999999999999858,bullish,-31.999999999999716,bullish
2018-10-05,1,2018-10-04,2018-10-05,57.0075,56.980000000000004,-0.027499999999996305,-1.3749999999998153,bullish,-4.7499999999996305,bullish
2018-10-08,1,2018-10-05,2018-10-08,56.082499999999996,55.63,-0.45249999999999346,-22.624999999999673,bullish,-47.249999999999346,bullish
2018-10-09,1,2018-10-08,2018-10-09,55.9525,55.8975,-0.054999999999999716,-2.749999999999986,bullish,-7.499999999999972,bullish
2018-10-10,1,2018-10-09,2018-10-10,56.7275,56.3325,-0.394999999999996,-19.7499999999998,bullish,-41.4999999999996,bullish
2018-10-11,1,2018-10-10,2018-10-11,54.1,53.620000000000005,-0.4799999999999969,-23.999999999999844,bullish,-49.99999999999969,bullish
2018-10-15,1,2018-10-12,2018-10-15,55.5375,55.28,-0.2575000000000003,-12.875000000000014,bullish,-27.75000000000003,bullish
2018-10-17,1,2018-10-16,2018-10-17,55.5475,55.565000000000005,0.0175000000000054,0.87500000000027,bullish,-0.24999999999946,bullish
2018-10-18,1,2018-10-17,2018-10-18,55.3075,54.4525,-0.8549999999999969,-42.749999999999844,bullish,-87.49999999999969,bullish
2018-10-23,1,2018-10-22,2018-10-23,55.1725,53.940000000000005,-1.2324999999999946,-61.62499999999973,bullish,-125.24999999999946,bullish
2018-10-24,1,2018-10-23,2018-10-24,55.692499999999995,55.620000000000005,-0.0724999999999909,-3.6249999999995453,bullish,-9.24999999999909,bullish
2018-11-02,1,2018-11-01,2018-11-02,55.565,52.377500000000005,-3.187499999999993,-159.37499999999963,bullish,-320.7499999999993,bullish
2019-03-07,1,2019-03-06,2019-03-07,43.64,43.4575,-0.18249999999999744,-9.124999999999872,bullish,-20.249999999999744,bullish
2019-03-08,1,2019-03-07,2019-03-08,43.135,42.5625,-0.572499999999998,-28.6249999999999,bullish,-59.2499999999998,bullish
2019-03-11,1,2019-03-08,2019-03-11,43.2375,43.862500000000004,0.6250000000000071,31.250000000000355,bullish,60.50000000000071,bullish
2019-03-12,1,2019-03-11,2019-03-12,44.735,44.965,0.23000000000000398,11.500000000000199,bullish,21.000000000000398,bullish
2019-03-13,1,2019-03-12,2019-03-13,45.2375,45.5625,0.32500000000000284,16.250000000000142,bullish,30.500000000000284,bullish
2019-03-14,1,2019-03-13,2019-03-14,45.4375,45.972500000000004,0.5350000000000037,26.750000000000185,bullish,51.50000000000037,bullish
2019-03-15,1,2019-03-14,2019-03-15,45.942499999999995,46.185,0.24250000000000682,12.125000000000341,bullish,22.250000000000682,bullish
2019-03-18,1,2019-03-15,2019-03-18,46.54,46.440000000000005,-0.09999999999999432,-4.999999999999716,bullish,-11.999999999999432,bullish
2019-03-19,1,2019-03-18,2019-03-19,47.015,47.050000000000004,0.035000000000003695,1.7500000000001847,bullish,1.5000000000003695,bullish
2019-03-20,1,2019-03-19,2019-03-20,46.6425,46.56,-0.08249999999999602,-4.124999999999801,bullish,-10.249999999999602,bullish
2019-03-21,1,2019-03-20,2019-03-21,47.05,47.5,0.45000000000000284,22.500000000000142,bullish,43.000000000000284,bullish
2019-03-22,1,2019-03-21,2019-03-22,48.7825,48.825,0.04250000000000398,2.125000000000199,bullish,2.250000000000398,bullish
2019-03-25,1,2019-03-22,2019-03-25,47.7725,47.9,0.12749999999999773,6.374999999999886,bullish,10.749999999999773,bullish
2019-03-26,1,2019-03-25,2019-03-26,47.195,47.862500000000004,0.667500000000004,33.3750000000002,bullish,64.7500000000004,bullish
2019-03-27,1,2019-03-26,2019-03-27,46.707499999999996,47.1775,0.47000000000000597,23.5000000000003,bullish,45.0000000000006,bullish
2019-03-28,1,2019-03-27,2019-03-28,47.1275,47.222500000000004,0.09500000000000597,4.750000000000298,bullish,7.500000000000597,bullish
2019-03-29,1,2019-03-28,2019-03-29,47.19,47.4775,0.2875000000000014,14.375000000000071,bullish,26.750000000000142,bullish
2019-04-01,1,2019-03-29,2019-04-01,47.497499999999995,47.9,0.4025000000000034,20.12500000000017,bullish,38.25000000000034,bullish
2019-04-02,1,2019-04-01,2019-04-02,47.82,47.7625,-0.05749999999999744,-2.874999999999872,bullish,-7.749999999999744,bullish
2019-04-03,1,2019-04-02,2019-04-03,48.515,48.3025,-0.21249999999999858,-10.624999999999929,bullish,-23.249999999999858,bullish
2019-04-04,1,2019-04-03,2019-04-04,48.8475,48.6875,-0.1599999999999966,-7.9999999999998295,bullish,-17.99999999999966,bullish
2019-04-05,1,2019-04-04,2019-04-05,48.9325,49.1025,0.1700000000000017,8.500000000000085,bullish,15.00000000000017,bullish
2019-04-08,1,2019-04-05,2019-04-08,49.26,49.095,-0.16499999999999915,-8.249999999999957,bullish,-18.499999999999915,bullish
2019-04-09,1,2019-04-08,2019-04-09,50.035,50.075,0.04000000000000625,2.0000000000003126,bullish,2.0000000000006253,bullish
2019-04-10,1,2019-04-09,2019-04-10,49.885,49.675000000000004,-0.20999999999999375,-10.499999999999687,bullish,-22.999999999999375,bullish
2019-04-11,1,2019-04-10,2019-04-11,50.165,50.2025,0.03750000000000142,1.875000000000071,bullish,1.750000000000142,bullish
2019-04-12,1,2019-04-11,2019-04-12,49.747499999999995,49.7975,0.05000000000000426,2.500000000000213,bullish,3.0000000000004263,bullish
2019-04-15,1,2019-04-12,2019-04-15,49.7275,49.6225,-0.10499999999999687,-5.249999999999844,bullish,-12.499999999999687,bullish
2019-04-16,1,2019-04-15,2019-04-16,49.817499999999995,49.855000000000004,0.037500000000008527,1.8750000000004263,bullish,1.7500000000008527,bullish
2019-04-17,1,2019-04-16,2019-04-17,49.8225,49.8525,0.030000000000001137,1.5000000000000568,bullish,1.0000000000001137,bullish
2019-04-18,1,2019-04-17,2019-04-18,50.7925,50.77,-0.022499999999993747,-1.1249999999996874,bullish,-4.249999999999375,bullish
2019-04-22,1,2019-04-18,2019-04-22,50.975,50.655,-0.3200000000000003,-16.000000000000014,bullish,-34.00000000000003,bullish
2019-04-23,1,2019-04-22,2019-04-23,51.1425,51.097500000000004,-0.0449999999999946,-2.24999999999973,bullish,-6.49999999999946,bullish
2019-04-24,1,2019-04-23,2019-04-24,51.879999999999995,51.825,-0.05499999999999261,-2.7499999999996305,bullish,-7.499999999999261,bullish
2019-04-25,1,2019-04-24,2019-04-25,51.8,51.7,-0.09999999999999432,-4.999999999999716,bullish,-11.999999999999432,bullish
2019-04-26,1,2019-04-25,2019-04-26,51.33,51.197500000000005,-0.13249999999999318,-6.624999999999659,bullish,-15.249999999999318,bullish
2019-04-29,1,2019-04-26,2019-04-29,51.085,51.09,0.005000000000002558,0.2500000000001279,bullish,-1.4999999999997442,bullish
2019-04-30,1,2019-04-29,2019-04-30,51.1625,50.755,-0.40749999999999886,-20.374999999999943,bullish,-42.749999999999886,bullish
2019-05-01,1,2019-04-30,2019-05-01,50.177499999999995,52.46,2.282500000000006,114.1250000000003,bullish,226.2500000000006,bullish
2019-05-02,1,2019-05-01,2019-05-02,52.64,52.4775,-0.16250000000000142,-8.125000000000071,bullish,-18.250000000000142,bullish
2019-05-03,1,2019-05-02,2019-05-03,52.2975,52.68,0.3825000000000003,19.125000000000014,bullish,36.25000000000003,bullish
2019-05-06,1,2019-05-03,2019-05-06,52.9475,51.055,-1.8924999999999983,-94.62499999999991,bullish,-191.24999999999983,bullish
2019-05-07,1,2019-05-06,2019-05-07,52.129999999999995,51.472500000000004,-0.6574999999999918,-32.87499999999959,bullish,-67.74999999999918,bullish
2019-05-08,1,2019-05-07,2019-05-08,50.725,50.4825,-0.24249999999999972,-12.124999999999986,bullish,-26.24999999999997,bullish
2019-05-09,1,2019-05-08,2019-05-09,50.735,50.112500000000004,-0.6224999999999952,-31.12499999999976,bullish,-64.24999999999952,bullish
2019-05-10,1,2019-05-09,2019-05-10,50.19,49.345,-0.8449999999999989,-42.24999999999994,bullish,-86.49999999999989,bullish
2019-05-13,1,2019-05-10,2019-05-13,49.305,46.9125,-2.3924999999999983,-119.62499999999991,bullish,-241.24999999999983,bullish
2019-05-15,1,2019-05-14,2019-05-15,47.175,46.5625,-0.6124999999999972,-30.624999999999858,bullish,-63.249999999999716,bullish
2019-05-16,1,2019-05-15,2019-05-16,47.739999999999995,47.4675,-0.27249999999999375,-13.624999999999687,bullish,-29.249999999999375,bullish
2019-06-21,1,2019-06-20,2019-06-21,49.875,49.605000000000004,-0.269999999999996,-13.499999999999801,bullish,-28.999999999999602,bullish
2019-06-24,1,2019-06-21,2019-06-24,49.705,49.645,-0.05999999999999517,-2.9999999999997584,bullish,-7.999999999999517,bullish
2019-06-25,1,2019-06-24,2019-06-25,49.655,49.64,-0.015000000000000568,-0.7500000000000284,bullish,-3.500000000000057,bullish
2019-06-27,1,2019-06-26,2019-06-27,49.96,50.0625,0.10249999999999915,5.124999999999957,bullish,8.249999999999915,bullish
2019-06-28,1,2019-06-27,2019-06-28,49.945,49.6575,-0.2875000000000014,-14.375000000000071,bullish,-30.750000000000142,bullish
2019-07-01,1,2019-06-28,2019-07-01,49.489999999999995,50.7875,1.2975000000000065,64.87500000000033,bullish,127.75000000000065,bullish
2019-07-02,1,2019-07-01,2019-07-02,50.3975,50.3575,-0.03999999999999915,-1.9999999999999574,bullish,-5.999999999999915,bullish
2019-07-03,1,2019-07-02,2019-07-03,50.692499999999995,50.800000000000004,0.10750000000000881,5.3750000000004405,bullish,8.750000000000881,bullish
2019-07-05,1,2019-07-03,2019-07-05,51.1125,50.8275,-0.2849999999999966,-14.24999999999983,bullish,-30.49999999999966,bullish
2019-07-08,1,2019-07-05,2019-07-08,51.067499999999995,50.2325,-0.8349999999999937,-41.74999999999969,bullish,-85.49999999999937,bullish
2019-07-09,1,2019-07-08,2019-07-09,50.015,49.800000000000004,-0.2149999999999963,-10.749999999999815,bullish,-23.49999999999963,bullish
2019-07-10,1,2019-07-09,2019-07-10,50.32,50.4825,0.16250000000000142,8.125000000000071,bullish,14.250000000000142,bullish
2019-07-11,1,2019-07-10,2019-07-11,50.817499999999995,50.805,-0.012499999999995737,-0.6249999999997868,bullish,-3.2499999999995737,bullish
2019-07-12,1,2019-07-11,2019-07-12,50.4475,50.6225,0.17500000000000426,8.750000000000213,bullish,15.500000000000426,bullish
2019-07-15,1,2019-07-12,2019-07-15,50.835,51.017500000000005,0.18250000000000455,9.125000000000227,bullish,16.250000000000455,bullish
2019-07-16,1,2019-07-15,2019-07-16,51.3125,51.175000000000004,-0.13749999999999574,-6.874999999999787,bullish,-15.749999999999574,bullish
2019-07-17,1,2019-07-16,2019-07-17,51.135,51.050000000000004,-0.08499999999999375,-4.249999999999687,bullish,-10.499999999999375,bullish
2019-07-18,1,2019-07-17,2019-07-18,50.8475,50.99,0.1425000000000054,7.12500000000027,bullish,12.25000000000054,bullish
2019-07-19,1,2019-07-18,2019-07-19,51.425,51.432500000000005,0.00750000000000739,0.3750000000003695,bullish,-1.249999999999261,bullish
2019-07-22,1,2019-07-19,2019-07-22,50.6575,50.915,0.2575000000000003,12.875000000000014,bullish,23.75000000000003,bullish
2019-07-23,1,2019-07-22,2019-07-23,51.815,52.0825,0.2675000000000054,13.37500000000027,bullish,24.75000000000054,bullish
2019-07-24,1,2019-07-23,2019-07-24,52.22,51.865,-0.3549999999999969,-17.749999999999844,bullish,-37.49999999999969,bullish
2019-07-25,1,2019-07-24,2019-07-25,52.177499999999995,52.17,-0.007499999999993179,-0.37499999999965894,bullish,-2.749999999999318,bullish
2019-07-26,1,2019-07-25,2019-07-26,51.765,51.84,0.07500000000000284,3.750000000000142,bullish,5.500000000000284,bullish
2019-07-29,1,2019-07-26,2019-07-29,51.945,52.0925,0.14750000000000085,7.375000000000043,bullish,12.750000000000085,bullish
2019-07-30,1,2019-07-29,2019-07-30,52.43,52.190000000000005,-0.23999999999999488,-11.999999999999744,bullish,-25.99999999999949,bullish
2019-07-31,1,2019-07-30,2019-07-31,52.205,54.0925,1.8875000000000028,94.37500000000014,bullish,186.75000000000028,bullish
2019-08-01,1,2019-07-31,2019-08-01,53.269999999999996,53.53,0.2600000000000051,13.000000000000256,bullish,24.00000000000051,bullish
2019-08-02,1,2019-08-01,2019-08-02,52.1175,51.29,-0.8275000000000006,-41.37500000000003,bullish,-84.75000000000006,bullish
2019-08-05,1,2019-08-02,2019-08-05,51.015,49.515,-1.5,-75.0,bullish,-152.0,bullish
2019-08-06,1,2019-08-05,2019-08-06,48.345,49.0675,0.7225000000000037,36.125000000000185,bullish,70.25000000000037,bullish
2019-08-07,1,2019-08-06,2019-08-07,49.26,48.862500000000004,-0.39749999999999375,-19.874999999999687,bullish,-41.749999999999375,bullish
2019-08-08,1,2019-08-07,2019-08-08,49.769999999999996,50.075,0.3050000000000068,15.250000000000341,bullish,28.500000000000682,bullish
2019-08-09,1,2019-08-08,2019-08-09,50.8675,50.315000000000005,-0.5524999999999949,-27.624999999999744,bullish,-57.24999999999949,bullish
2019-08-12,1,2019-08-09,2019-08-12,50.2575,49.855000000000004,-0.4024999999999963,-20.124999999999815,bullish,-42.24999999999963,bullish
2019-08-13,1,2019-08-12,2019-08-13,50.129999999999995,50.2425,0.11250000000000426,5.625000000000213,bullish,9.250000000000426,bullish
2019-08-14,1,2019-08-13,2019-08-14,52.2525,50.8025,-1.4499999999999957,-72.49999999999979,bullish,-146.99999999999957,bullish
2019-08-15,1,2019-08-14,2019-08-15,50.6975,50.855000000000004,0.15750000000000597,7.875000000000298,bullish,13.750000000000597,bullish
2019-08-16,1,2019-08-15,2019-08-16,50.445,51.06,0.615000000000002,30.7500000000001,bullish,59.5000000000002,bullish
2019-08-19,1,2019-08-16,2019-08-19,51.635,52.6625,1.0275000000000034,51.37500000000017,bullish,100.75000000000034,bullish
2019-08-20,1,2019-08-19,2019-08-20,52.5975,52.685,0.08750000000000568,4.375000000000284,bullish,6.750000000000568,bullish
2019-08-21,1,2019-08-20,2019-08-21,52.6,53.237500000000004,0.6375000000000028,31.875000000000142,bullish,61.750000000000284,bullish
2019-08-22,1,2019-08-21,2019-08-22,53.169999999999995,53.2875,0.11750000000000682,5.875000000000341,bullish,9.750000000000682,bullish
2019-08-23,1,2019-08-22,2019-08-23,53.125,52.3375,-0.7875000000000014,-39.37500000000007,bullish,-80.75000000000014,bullish
2019-08-26,1,2019-08-23,2019-08-26,50.669999999999995,51.4625,0.792500000000004,39.6250000000002,bullish,77.2500000000004,bullish
2019-08-27,1,2019-08-26,2019-08-27,51.6325,51.9625,0.3299999999999983,16.499999999999915,bullish,30.99999999999983,bullish
2019-08-28,1,2019-08-27,2019-08-28,51.05,51.03,-0.01999999999999602,-0.999999999999801,bullish,-3.999999999999602,bullish
2019-08-29,1,2019-08-28,2019-08-29,51.3925,52.155,0.7625000000000028,38.12500000000014,bullish,74.25000000000028,bullish
2019-08-30,1,2019-08-29,2019-08-30,52.262499999999996,52.53,0.2675000000000054,13.37500000000027,bullish,24.75000000000054,bullish
2019-09-03,1,2019-08-30,2019-09-03,52.195,51.595,-0.6000000000000014,-30.00000000000007,bullish,-62.00000000000014,bullish
2019-09-04,1,2019-09-03,2019-09-04,51.434999999999995,52.085,0.6500000000000057,32.500000000000284,bullish,63.00000000000057,bullish
2019-09-05,1,2019-09-04,2019-09-05,52.3075,52.9775,0.6700000000000017,33.500000000000085,bullish,65.00000000000017,bullish
2019-09-06,1,2019-09-05,2019-09-06,53.33,53.485,0.15500000000000114,7.750000000000057,bullish,13.500000000000114,bullish
2019-09-09,1,2019-09-06,2019-09-09,53.324999999999996,53.705000000000005,0.38000000000000966,19.000000000000483,bullish,36.000000000000966,bullish
2019-09-10,1,2019-09-09,2019-09-10,53.552499999999995,53.4425,-0.10999999999999233,-5.499999999999616,bullish,-12.999999999999233,bullish
2019-09-11,1,2019-09-10,2019-09-11,54.184999999999995,54.495000000000005,0.3100000000000094,15.500000000000469,bullish,29.000000000000938,bullish
2019-09-12,1,2019-09-11,2019-09-12,55.9075,56.190000000000005,0.28250000000000597,14.125000000000298,bullish,26.250000000000597,bullish
2019-09-13,1,2019-09-12,2019-09-13,55.7825,55.005,-0.7774999999999963,-38.874999999999815,bullish,-79.74999999999963,bullish
2019-09-16,1,2019-09-13,2019-09-16,54.6975,54.425000000000004,-0.27249999999999375,-13.624999999999687,bullish,-29.249999999999375,bullish
2019-09-17,1,2019-09-16,2019-09-17,54.985,54.9575,-0.027499999999996305,-1.3749999999998153,bullish,-4.7499999999996305,bullish
2019-09-18,1,2019-09-17,2019-09-18,55.184999999999995,55.2725,0.08750000000000568,4.375000000000284,bullish,6.750000000000568,bullish
2019-09-19,1,2019-09-18,2019-09-19,55.7025,55.52,-0.18249999999999744,-9.124999999999872,bullish,-20.249999999999744,bullish
2019-09-20,1,2019-09-19,2019-09-20,55.25,55.3375,0.08749999999999858,4.374999999999929,bullish,6.749999999999858,bullish
2019-09-23,1,2019-09-20,2019-09-23,54.442499999999995,54.7175,0.2750000000000057,13.750000000000284,bullish,25.50000000000057,bullish
2019-09-24,1,2019-09-23,2019-09-24,54.69,55.2825,0.5925000000000011,29.625000000000057,bullish,57.250000000000114,bullish
2019-09-25,1,2019-09-24,2019-09-25,54.43,54.6775,0.24750000000000227,12.375000000000114,bullish,22.750000000000227,bullish
2019-09-26,1,2019-09-25,2019-09-26,55.2675,54.96,-0.30749999999999744,-15.374999999999872,bullish,-32.749999999999744,bullish
2019-09-27,1,2019-09-26,2019-09-27,54.982499999999995,55.1,0.11750000000000682,5.875000000000341,bullish,9.750000000000682,bullish
2019-09-30,1,2019-09-27,2019-09-30,54.714999999999996,55.215,0.5000000000000071,25.000000000000355,bullish,48.00000000000071,bullish
2019-10-01,1,2019-09-30,2019-10-01,56.0025,56.2725,0.2700000000000031,13.500000000000156,bullish,25.000000000000313,bullish
2019-10-02,1,2019-10-01,2019-10-02,56.1575,55.7625,-0.394999999999996,-19.7499999999998,bullish,-41.4999999999996,bullish
2019-10-03,1,2019-10-02,2019-10-03,54.75,54.6225,-0.12749999999999773,-6.374999999999886,bullish,-14.749999999999773,bullish
2019-10-04,1,2019-10-03,2019-10-04,55.214999999999996,56.417500000000004,1.2025000000000077,60.125000000000384,bullish,118.25000000000077,bullish
2019-10-07,1,2019-10-04,2019-10-07,56.762499999999996,56.557500000000005,-0.2049999999999912,-10.24999999999956,bullish,-22.49999999999912,bullish
2019-10-08,1,2019-10-07,2019-10-08,56.775,56.447500000000005,-0.32749999999999346,-16.374999999999673,bullish,-34.749999999999346,bullish
2019-10-09,1,2019-10-08,2019-10-09,56.11,56.7475,0.6375000000000028,31.875000000000142,bullish,61.750000000000284,bullish
2019-10-10,1,2019-10-09,2019-10-10,56.7675,56.965,0.19750000000000512,9.875000000000256,bullish,17.75000000000051,bullish
2019-10-11,1,2019-10-10,2019-10-11,57.5325,58.2275,0.6950000000000003,34.750000000000014,bullish,67.50000000000003,bullish
2019-10-14,1,2019-10-11,2019-10-14,59.0625,58.765,-0.29749999999999943,-14.874999999999972,bullish,-31.749999999999943,bullish
2019-10-15,1,2019-10-14,2019-10-15,58.9775,59.0775,0.10000000000000142,5.000000000000071,bullish,8.000000000000142,bullish
2019-10-16,1,2019-10-15,2019-10-16,58.839999999999996,58.3275,-0.5124999999999957,-25.624999999999787,bullish,-53.249999999999574,bullish
2019-10-17,1,2019-10-16,2019-10-17,58.6025,58.7625,0.1600000000000037,8.000000000000185,bullish,14.00000000000037,bullish
2019-10-18,1,2019-10-17,2019-10-18,58.83,58.580000000000005,-0.2499999999999929,-12.499999999999645,bullish,-26.99999999999929,bullish
2019-10-21,1,2019-10-18,2019-10-21,59.1125,59.4025,0.29000000000000625,14.500000000000313,bullish,27.000000000000625,bullish
2019-10-22,1,2019-10-21,2019-10-22,60.137499999999996,60.267500000000005,0.13000000000000966,6.500000000000483,bullish,11.000000000000966,bullish
2019-10-23,1,2019-10-22,2019-10-23,60.0,60.517500000000005,0.5175000000000054,25.87500000000027,bullish,49.75000000000054,bullish
2019-10-24,1,2019-10-23,2019-10-24,60.805,61.1225,0.31750000000000256,15.875000000000128,bullish,29.750000000000256,bullish
2019-10-25,1,2019-10-24,2019-10-25,60.905,60.792500000000004,-0.11249999999999716,-5.624999999999858,bullish,-13.249999999999716,bullish
2019-10-28,1,2019-10-25,2019-10-28,61.655,61.865,0.21000000000000085,10.500000000000043,bullish,19.000000000000085,bullish
2019-10-29,1,2019-10-28,2019-10-29,62.2725,62.2425,-0.030000000000001137,-1.5000000000000568,bullish,-5.000000000000114,bullish
2019-10-30,1,2019-10-29,2019-10-30,60.832499999999996,61.142500000000005,0.3100000000000094,15.500000000000469,bullish,29.000000000000938,bullish
2019-10-31,1,2019-10-30,2019-10-31,60.824999999999996,61.7725,0.9475000000000051,47.375000000000256,bullish,92.75000000000051,bullish
2019-11-01,1,2019-10-31,2019-11-01,62.199999999999996,62.38,0.18000000000000682,9.000000000000341,bullish,16.000000000000682,bullish
2019-11-04,1,2019-11-01,2019-11-04,63.964999999999996,64.33999999999999,0.3749999999999929,18.749999999999645,bullish,35.49999999999929,bullish
2019-11-05,1,2019-11-04,2019-11-05,64.385,64.24749999999999,-0.13750000000001705,-6.875000000000853,bullish,-15.750000000001705,bullish
2019-11-06,1,2019-11-05,2019-11-06,64.2925,64.2075,-0.08500000000000796,-4.250000000000398,bullish,-10.500000000000796,bullish
2019-11-07,1,2019-11-06,2019-11-07,64.32000000000001,64.675,0.35499999999998977,17.74999999999949,bullish,33.49999999999898,bullish
2019-11-08,1,2019-11-07,2019-11-08,64.8675,64.6575,-0.21000000000000796,-10.500000000000398,bullish,-23.000000000000796,bullish
2019-11-11,1,2019-11-08,2019-11-11,65.045,64.5775,-0.46750000000000114,-23.375000000000057,bullish,-48.750000000000114,bullish
2019-11-12,1,2019-11-11,2019-11-12,65.56,65.39999999999999,-0.1600000000000108,-8.00000000000054,bullish,-18.00000000000108,bullish
2019-11-13,1,2019-11-12,2019-11-13,65.5,65.2675,-0.2325000000000017,-11.625000000000085,bullish,-25.25000000000017,bullish
2019-11-14,1,2019-11-13,2019-11-14,66.12750000000001,65.96499999999999,-0.16250000000002274,-8.125000000001137,bullish,-18.250000000002274,bullish
2019-11-15,1,2019-11-14,2019-11-15,65.67,65.91499999999999,0.24499999999999034,12.249999999999517,bullish,22.499999999999034,bullish
2019-11-18,1,2019-11-15,2019-11-18,66.45,66.4375,-0.012500000000002842,-0.6250000000001421,bullish,-3.250000000000284,bullish
2019-11-19,1,2019-11-18,2019-11-19,66.78500000000001,66.96499999999999,0.1799999999999784,8.99999999999892,bullish,15.99999999999784,bullish
2019-11-20,1,2019-11-19,2019-11-20,66.58250000000001,66.365,-0.21750000000001535,-10.875000000000767,bullish,-23.750000000001535,bullish
2019-11-21,1,2019-11-20,2019-11-21,65.8075,65.985,0.17749999999999488,8.874999999999744,bullish,15.749999999999488,bullish
2019-11-22,1,2019-11-21,2019-11-22,65.5125,65.6275,0.11499999999999488,5.749999999999744,bullish,9.499999999999488,bullish
2019-11-25,1,2019-11-22,2019-11-25,65.455,65.64999999999999,0.19499999999999318,9.749999999999659,bullish,17.499999999999318,bullish
2019-11-26,1,2019-11-25,2019-11-26,66.6025,66.7225,0.11999999999999034,5.999999999999517,bullish,9.999999999999034,bullish
2019-11-27,1,2019-11-26,2019-11-27,66.08250000000001,66.3975,0.3149999999999835,15.749999999999176,bullish,29.49999999999835,bullish
2019-11-29,1,2019-11-27,2019-11-29,66.97,66.64,-0.3299999999999983,-16.499999999999915,bullish,-34.99999999999983,bullish
2019-12-02,1,2019-11-29,2019-12-02,66.8225,66.88749999999999,0.06499999999998352,3.2499999999991758,bullish,4.4999999999983515,bullish
2019-12-03,1,2019-12-02,2019-12-03,66.05000000000001,64.5675,-1.482500000000016,-74.1250000000008,bullish,-150.2500000000016,bullish
2019-12-04,1,2019-12-03,2019-12-04,64.8725,65.2575,0.3849999999999909,19.249999999999545,bullish,36.49999999999909,bullish
2019-12-05,1,2019-12-04,2019-12-05,65.44500000000001,65.9375,0.4924999999999926,24.62499999999963,bullish,47.24999999999926,bullish
2019-12-06,1,2019-12-05,2019-12-06,66.405,66.86749999999999,0.4624999999999915,23.124999999999574,bullish,44.24999999999915,bullish
2019-12-09,1,2019-12-06,2019-12-09,67.6875,67.5075,-0.18000000000000682,-9.000000000000341,bullish,-20.000000000000682,bullish
2019-12-10,1,2019-12-09,2019-12-10,66.74000000000001,67.14,0.3999999999999915,19.999999999999574,bullish,37.99999999999915,bullish
2019-12-11,1,2019-12-10,2019-12-11,67.13000000000001,67.19,0.05999999999998806,2.999999999999403,bullish,3.9999999999988063,bullish
2019-12-12,1,2019-12-11,2019-12-12,67.7025,66.945,-0.7575000000000074,-37.87500000000037,bullish,-77.75000000000074,bullish
2019-12-13,1,2019-12-12,2019-12-13,67.875,67.85499999999999,-0.020000000000010232,-1.0000000000005116,bullish,-4.000000000001023,bullish
2019-12-16,1,2019-12-13,2019-12-16,68.7975,69.24,0.44249999999999545,22.124999999999773,bullish,42.249999999999545,bullish
2019-12-17,1,2019-12-16,2019-12-17,69.97500000000001,69.94,-0.0350000000000108,-1.75000000000054,bullish,-5.50000000000108,bullish
2019-12-18,1,2019-12-17,2019-12-18,70.11250000000001,69.9375,-0.17500000000001137,-8.750000000000568,bullish,-19.500000000001137,bullish
2019-12-19,1,2019-12-18,2019-12-19,69.94500000000001,69.86749999999999,-0.07750000000001478,-3.875000000000739,bullish,-9.750000000001478,bullish
2019-12-20,1,2019-12-19,2019-12-20,70.015,70.5475,0.5324999999999989,26.624999999999943,bullish,51.249999999999886,bullish
2019-12-23,1,2019-12-20,2019-12-23,69.87,70.14999999999999,0.2799999999999869,13.999999999999346,bullish,25.999999999998693,bullish
2019-12-24,1,2019-12-23,2019-12-24,71.01,71.11999999999999,0.10999999999998522,5.499999999999261,bullish,8.999999999998522,bullish
2019-12-26,1,2019-12-24,2019-12-26,71.0775,71.195,0.11749999999999261,5.8749999999996305,bullish,9.749999999999261,bullish
2019-12-27,1,2019-12-26,2019-12-27,72.48750000000001,72.7825,0.2949999999999875,14.749999999999375,bullish,27.49999999999875,bullish
2019-12-30,1,2019-12-27,2019-12-30,72.46000000000001,72.36,-0.10000000000000853,-5.000000000000426,bullish,-12.000000000000853,bullish
2019-12-31,1,2019-12-30,2019-12-31,72.89,72.47,-0.4200000000000017,-21.000000000000085,bullish,-44.00000000000017,bullish
2020-01-02,1,2019-12-31,2020-01-02,73.4225,74.05,0.6274999999999977,31.374999999999886,bullish,60.74999999999977,bullish
2020-01-03,1,2020-01-02,2020-01-03,75.09750000000001,74.2725,-0.825000000000017,-41.25000000000085,bullish,-84.5000000000017,bullish
2020-01-06,1,2020-01-03,2020-01-06,74.3675,73.43499999999999,-0.9325000000000188,-46.62500000000094,bullish,-95.25000000000188,bullish
2020-01-07,1,2020-01-06,2020-01-07,74.96000000000001,74.96249999999999,0.0024999999999835154,0.12499999999917577,bullish,-1.7500000000016485,bullish
2020-01-08,1,2020-01-07,2020-01-08,74.6075,74.28,-0.32750000000000057,-16.37500000000003,bullish,-34.75000000000006,bullish
2020-01-09,1,2020-01-08,2020-01-09,75.8075,76.8025,0.9949999999999903,49.74999999999952,bullish,97.49999999999903,bullish
2020-01-10,1,2020-01-09,2020-01-10,77.4175,77.645,0.22749999999999204,11.374999999999602,bullish,20.749999999999204,bullish
2020-01-13,1,2020-01-10,2020-01-13,77.5925,77.91499999999999,0.3224999999999909,16.124999999999545,bullish,30.24999999999909,bullish
2020-01-14,1,2020-01-13,2020-01-14,79.25,79.16499999999999,-0.08500000000000796,-4.250000000000398,bullish,-10.500000000000796,bullish
2020-01-15,1,2020-01-14,2020-01-15,78.18,77.94999999999999,-0.2300000000000182,-11.50000000000091,bullish,-25.00000000000182,bullish
2020-01-16,1,2020-01-15,2020-01-16,77.845,78.3925,0.5474999999999994,27.37499999999997,bullish,52.74999999999994,bullish
2020-01-17,1,2020-01-16,2020-01-17,78.82000000000001,79.0475,0.22749999999999204,11.374999999999602,bullish,20.749999999999204,bullish
2020-01-21,1,2020-01-17,2020-01-21,79.69250000000001,79.24,-0.4525000000000148,-22.62500000000074,bullish,-47.25000000000148,bullish
2020-01-22,1,2020-01-21,2020-01-22,79.1525,79.65249999999999,0.4999999999999858,24.99999999999929,bullish,47.99999999999858,bullish
2020-01-23,1,2020-01-22,2020-01-23,79.435,79.44999999999999,0.014999999999986358,0.7499999999993179,bullish,-0.5000000000013642,bullish
2020-01-24,1,2020-01-23,2020-01-24,79.81750000000001,80.0325,0.2149999999999892,10.74999999999946,bullish,19.49999999999892,bullish
2020-01-27,1,2020-01-24,2020-01-27,79.5875,77.505,-2.0825000000000102,-104.12500000000051,bullish,-210.25000000000102,bullish
2020-01-28,1,2020-01-27,2020-01-28,77.2475,78.085,0.8374999999999915,41.874999999999574,bullish,81.74999999999915,bullish
2020-01-29,1,2020-01-28,2020-01-29,79.4325,81.11999999999999,1.6874999999999858,84.37499999999929,bullish,166.74999999999858,bullish
2020-01-30,1,2020-01-29,2020-01-30,81.095,80.125,-0.9699999999999989,-48.49999999999994,bullish,-98.99999999999989,bullish
2020-01-31,1,2020-01-30,2020-01-31,80.9775,80.225,-0.7525000000000119,-37.6250000000006,bullish,-77.2500000000012,bullish
2020-02-03,1,2020-01-31,2020-02-03,77.3875,76.0625,-1.3250000000000028,-66.25000000000014,bullish,-134.50000000000028,bullish
2020-02-04,1,2020-02-03,2020-02-04,77.17500000000001,78.85249999999999,1.6774999999999807,83.87499999999903,bullish,165.74999999999807,bullish
2020-02-05,1,2020-02-04,2020-02-05,79.72250000000001,80.86749999999999,1.1449999999999818,57.24999999999909,bullish,112.49999999999818,bullish
2020-02-06,1,2020-02-05,2020-02-06,80.3725,80.60249999999999,0.22999999999998977,11.499999999999488,bullish,20.999999999998977,bullish
2020-02-07,1,2020-02-06,2020-02-07,81.3125,80.5825,-0.730000000000004,-36.5000000000002,bullish,-75.0000000000004,bullish
2020-02-10,1,2020-02-07,2020-02-10,80.0175,78.535,-1.4825000000000017,-74.12500000000009,bullish,-150.25000000000017,bullish
2020-02-11,1,2020-02-10,2020-02-11,80.39750000000001,80.8475,0.44999999999998863,22.49999999999943,bullish,42.99999999999886,bullish
2020-02-12,1,2020-02-11,2020-02-12,79.91250000000001,80.3775,0.4649999999999892,23.24999999999946,bullish,44.49999999999892,bullish
2020-02-13,1,2020-02-12,2020-02-13,81.81,81.0525,-0.7575000000000074,-37.87500000000037,bullish,-77.75000000000074,bullish
2020-02-14,1,2020-02-13,2020-02-14,81.2275,81.16749999999999,-0.060000000000016485,-3.0000000000008242,bullish,-8.000000000001648,bullish
2020-02-18,1,2020-02-14,2020-02-18,81.2475,78.8275,-2.4200000000000017,-121.00000000000009,bullish,-244.00000000000017,bullish
2020-02-19,1,2020-02-18,2020-02-19,79.76,79.99499999999999,0.23499999999998522,11.749999999999261,bullish,21.499999999998522,bullish
2020-02-20,1,2020-02-19,2020-02-20,80.915,80.6475,-0.2675000000000125,-13.375000000000625,bullish,-28.75000000000125,bullish
2020-02-21,1,2020-02-20,2020-02-21,80.08500000000001,79.5775,-0.5075000000000074,-25.37500000000037,bullish,-52.75000000000074,bullish
2020-02-24,1,2020-02-21,2020-02-24,78.27250000000001,74.2575,-4.015000000000015,-200.75000000000074,bullish,-403.5000000000015,bullish
2020-04-27,1,2020-04-24,2020-04-27,70.75250000000001,70.44749999999999,-0.30500000000002103,-15.250000000001052,bullish,-32.5000000000021,bullish
2020-04-28,1,2020-04-27,2020-04-28,70.80250000000001,71.2375,0.43499999999998806,21.749999999999403,bullish,41.499999999998806,bullish
2020-04-29,1,2020-04-28,2020-04-29,69.655,71.21499999999999,1.559999999999988,77.9999999999994,bullish,153.9999999999988,bullish
2020-04-30,1,2020-04-29,2020-04-30,71.94250000000001,72.485,0.5424999999999898,27.12499999999949,bullish,52.24999999999898,bullish
2020-05-01,1,2020-04-30,2020-05-01,73.46000000000001,71.545,-1.9150000000000063,-95.75000000000031,bullish,-193.50000000000063,bullish
2020-05-04,1,2020-05-01,2020-05-04,72.2775,72.2825,0.0049999999999954525,0.24999999999977263,bullish,-1.5000000000004547,bullish
2020-05-05,1,2020-05-04,2020-05-05,73.30000000000001,73.7525,0.45249999999998636,22.624999999999318,bullish,43.249999999998636,bullish
2020-05-06,1,2020-05-05,2020-05-06,74.4,75.14999999999999,0.7499999999999858,37.49999999999929,bullish,72.99999999999858,bullish
2020-05-07,1,2020-05-06,2020-05-07,75.1675,75.7725,0.6049999999999898,30.24999999999949,bullish,58.49999999999898,bullish
2020-05-08,1,2020-05-07,2020-05-08,75.94500000000001,76.39999999999999,0.4549999999999841,22.749999999999204,bullish,43.49999999999841,bullish
2020-05-11,1,2020-05-08,2020-05-11,77.5425,77.0225,-0.5200000000000102,-26.00000000000051,bullish,-54.00000000000102,bullish
2020-05-12,1,2020-05-11,2020-05-12,78.7625,79.47,0.707499999999996,35.3749999999998,bullish,68.7499999999996,bullish
2020-05-13,1,2020-05-12,2020-05-13,77.86250000000001,78.015,0.1524999999999892,7.62499999999946,bullish,13.24999999999892,bullish
2020-05-14,1,2020-05-13,2020-05-14,76.9225,76.155,-0.7674999999999983,-38.374999999999915,bullish,-78.74999999999983,bullish
2020-05-15,1,2020-05-14,2020-05-15,77.39500000000001,75.0775,-2.3175000000000097,-115.87500000000048,bullish,-233.75000000000097,bullish
2020-05-18,1,2020-05-15,2020-05-18,76.9375,78.28,1.3425000000000011,67.12500000000006,bullish,132.2500000000001,bullish
2020-05-19,1,2020-05-18,2020-05-19,78.75,78.74749999999999,-0.002500000000011937,-0.12500000000059686,bullish,-2.2500000000011937,bullish
2020-05-20,1,2020-05-19,2020-05-20,78.295,79.16,0.8649999999999949,43.249999999999744,bullish,84.49999999999949,bullish
2020-05-21,1,2020-05-20,2020-05-21,79.81750000000001,79.655,-0.16250000000000853,-8.125000000000426,bullish,-18.250000000000853,bullish
2020-05-22,1,2020-05-21,2020-05-22,79.22250000000001,78.9275,-0.2950000000000159,-14.750000000000796,bullish,-31.50000000000159,bullish
2020-05-26,1,2020-05-22,2020-05-26,79.7325,80.8575,1.125,56.25,bullish,110.5,bullish
2020-05-27,1,2020-05-26,2020-05-27,79.19250000000001,78.975,-0.21750000000001535,-10.875000000000767,bullish,-23.750000000001535,bullish
2020-05-28,1,2020-05-27,2020-05-28,79.53750000000001,79.16499999999999,-0.3725000000000165,-18.625000000000824,bullish,-39.25000000000165,bullish
2020-05-29,1,2020-05-28,2020-05-29,79.5725,79.83749999999999,0.26499999999998636,13.249999999999318,bullish,24.499999999998636,bullish
2020-06-01,1,2020-05-29,2020-06-01,79.495,79.4375,-0.05750000000000455,-2.8750000000002274,bullish,-7.750000000000455,bullish
2020-06-02,1,2020-06-01,2020-06-02,80.47250000000001,80.1725,-0.30000000000001137,-15.000000000000568,bullish,-32.00000000000114,bullish
2020-06-03,1,2020-06-02,2020-06-03,80.845,81.155,0.3100000000000023,15.500000000000114,bullish,29.000000000000227,bullish
2020-06-04,1,2020-06-03,2020-06-04,81.29,81.145,-0.14500000000001023,-7.250000000000512,bullish,-16.500000000001023,bullish
2020-06-05,1,2020-06-04,2020-06-05,80.59,80.83999999999999,0.2499999999999858,12.49999999999929,bullish,22.99999999999858,bullish
2020-06-08,1,2020-06-05,2020-06-08,82.885,82.5525,-0.33250000000001023,-16.62500000000051,bullish,-35.25000000000102,bullish
2020-06-09,1,2020-06-08,2020-06-09,83.375,83.015,-0.35999999999999943,-17.99999999999997,bullish,-37.99999999999994,bullish
2020-06-10,1,2020-06-09,2020-06-10,86.00750000000001,86.96499999999999,0.9574999999999818,47.87499999999909,bullish,93.74999999999818,bullish
2020-06-11,1,2020-06-10,2020-06-11,88.22,87.30749999999999,-0.9125000000000085,-45.625000000000426,bullish,-93.25000000000085,bullish
2020-06-12,1,2020-06-11,2020-06-12,83.985,86.1775,2.1924999999999955,109.62499999999977,bullish,217.24999999999955,bullish
2020-06-15,1,2020-06-12,2020-06-15,84.71000000000001,83.27749999999999,-1.4325000000000188,-71.62500000000094,bullish,-145.25000000000188,bullish
2020-06-16,1,2020-06-15,2020-06-16,85.75750000000001,87.845,2.0874999999999915,104.37499999999957,bullish,206.74999999999915,bullish
2020-06-17,1,2020-06-16,2020-06-17,88.03,88.78,0.75,37.5,bullish,73.0,bullish
2020-06-18,1,2020-06-17,2020-06-18,87.9075,87.8625,-0.045000000000001705,-2.2500000000000853,bullish,-6.5000000000001705,bullish
2020-06-19,1,2020-06-18,2020-06-19,87.94250000000001,88.625,0.6824999999999903,34.12499999999952,bullish,66.24999999999903,bullish
2020-06-22,1,2020-06-19,2020-06-22,87.44000000000001,87.83999999999999,0.39999999999997726,19.999999999998863,bullish,37.999999999997726,bullish
2020-06-23,1,2020-06-22,2020-06-23,89.7275,90.9725,1.2449999999999903,62.24999999999952,bullish,122.49999999999903,bullish
2020-06-24,1,2020-06-23,2020-06-24,91.6425,91.2525,-0.39000000000000057,-19.50000000000003,bullish,-41.00000000000006,bullish
2020-06-25,1,2020-06-24,2020-06-25,90.025,90.175,0.14999999999999147,7.499999999999574,bullish,12.999999999999147,bullish
2020-06-26,1,2020-06-25,2020-06-26,91.22,91.10249999999999,-0.11750000000000682,-5.875000000000341,bullish,-13.750000000000682,bullish
2020-06-29,1,2020-06-26,2020-06-29,88.4175,88.3175,-0.10000000000000853,-5.000000000000426,bullish,-12.000000000000853,bullish
2020-06-30,1,2020-06-29,2020-06-30,90.455,90.0075,-0.4475000000000051,-22.375000000000256,bullish,-46.75000000000051,bullish
2020-07-01,1,2020-06-30,2020-07-01,91.21000000000001,91.24499999999999,0.03499999999998238,1.749999999999119,bullish,1.4999999999982379,bullish
2020-07-02,1,2020-07-01,2020-07-02,91.03750000000001,91.9375,0.8999999999999915,44.999999999999574,bullish,87.99999999999915,bullish
2020-07-06,1,2020-07-02,2020-07-06,91.03750000000001,92.49,1.4524999999999864,72.62499999999932,bullish,143.24999999999864,bullish
2020-07-07,1,2020-07-06,2020-07-07,93.47250000000001,93.8575,0.3849999999999909,19.249999999999545,bullish,36.49999999999909,bullish
2020-07-08,1,2020-07-07,2020-07-08,93.1825,94.1775,0.9949999999999903,49.74999999999952,bullish,97.49999999999903,bullish
2020-07-09,1,2020-07-08,2020-07-09,95.3525,96.2525,0.8999999999999915,44.999999999999574,bullish,87.99999999999915,bullish
2020-07-10,1,2020-07-09,2020-07-10,95.69250000000001,95.21499999999999,-0.47750000000002046,-23.875000000001023,bullish,-49.750000000002046,bullish
2020-07-13,1,2020-07-10,2020-07-13,95.93,97.2675,1.3374999999999915,66.87499999999957,bullish,131.74999999999915,bullish
2020-07-14,1,2020-07-13,2020-07-14,95.48750000000001,94.815,-0.6725000000000136,-33.62500000000068,bullish,-69.25000000000136,bullish
2020-07-15,1,2020-07-14,2020-07-15,97.06750000000001,98.9875,1.9199999999999875,95.99999999999937,bullish,189.99999999999875,bullish
2020-07-16,1,2020-07-15,2020-07-16,97.735,96.5225,-1.2125000000000057,-60.625000000000284,bullish,-123.25000000000057,bullish
2020-07-17,1,2020-07-16,2020-07-17,96.5325,96.8925,0.35999999999999943,17.99999999999997,bullish,33.99999999999994,bullish
2020-07-20,1,2020-07-17,2020-07-20,96.3375,96.38749999999999,0.04999999999998295,2.4999999999991473,bullish,2.9999999999982947,bullish
2020-07-21,1,2020-07-20,2020-07-21,98.3675,99.1625,0.7949999999999875,39.749999999999375,bullish,77.49999999999875,bullish
2020-07-22,1,2020-07-21,2020-07-22,97.01,96.6575,-0.35250000000000625,-17.625000000000313,bullish,-37.250000000000625,bullish
2020-07-23,1,2020-07-22,2020-07-23,97.2825,96.9875,-0.2950000000000017,-14.750000000000085,bullish,-31.50000000000017,bullish
2020-07-24,1,2020-07-23,2020-07-24,92.855,90.9375,-1.917500000000004,-95.8750000000002,bullish,-193.7500000000004,bullish
2020-07-27,1,2020-07-24,2020-07-27,92.625,93.7075,1.082499999999996,54.1249999999998,bullish,106.2499999999996,bullish
2020-07-28,1,2020-07-27,2020-07-28,94.82000000000001,94.255,-0.5650000000000119,-28.250000000000597,bullish,-58.500000000001194,bullish
2020-07-29,1,2020-07-28,2020-07-29,93.2625,93.74,0.47749999999999204,23.874999999999602,bullish,45.749999999999204,bullish
2020-07-30,1,2020-07-29,2020-07-30,95.05000000000001,94.175,-0.8750000000000142,-43.75000000000071,bullish,-89.50000000000142,bullish
2020-07-31,1,2020-07-30,2020-07-31,96.2,102.865,6.664999999999992,333.2499999999996,bullish,664.4999999999992,bullish
2020-08-03,1,2020-07-31,2020-08-03,106.27000000000001,108.2975,2.027499999999989,101.37499999999946,bullish,200.74999999999892,bullish
2020-08-04,1,2020-08-03,2020-08-04,108.9475,109.10499999999999,0.15749999999998465,7.874999999999233,bullish,13.749999999998465,bullish
2020-08-05,1,2020-08-04,2020-08-05,109.67500000000001,109.3925,-0.2825000000000131,-14.125000000000654,bullish,-30.250000000001307,bullish
2020-08-06,1,2020-08-05,2020-08-06,110.0725,110.395,0.3224999999999909,16.124999999999545,bullish,30.24999999999909,bullish
2020-08-07,1,2020-08-06,2020-08-07,113.91250000000001,113.18249999999999,-0.7300000000000182,-36.50000000000091,bullish,-75.00000000000182,bullish
2020-08-10,1,2020-08-07,2020-08-10,111.1225,112.55499999999999,1.4324999999999903,71.62499999999952,bullish,141.24999999999903,bullish
2020-08-11,1,2020-08-10,2020-08-11,112.73750000000001,111.91499999999999,-0.8225000000000193,-41.125000000000966,bullish,-84.25000000000193,bullish
2020-08-12,1,2020-08-11,2020-08-12,109.385,110.4275,1.0424999999999898,52.12499999999949,bullish,102.24999999999898,bullish
2020-08-13,1,2020-08-12,2020-08-13,113.02000000000001,114.43249999999999,1.41249999999998,70.624999999999,bullish,139.249999999998,bullish
2020-08-14,1,2020-08-13,2020-08-14,115.02000000000001,114.7325,-0.2875000000000085,-14.375000000000426,bullish,-30.750000000000853,bullish
2020-08-17,1,2020-08-14,2020-08-17,114.9175,116.03,1.1124999999999972,55.62499999999986,bullish,109.24999999999972,bullish
2020-08-18,1,2020-08-17,2020-08-18,114.6175,114.33999999999999,-0.2775000000000176,-13.875000000000881,bullish,-29.750000000001762,bullish
2020-08-19,1,2020-08-18,2020-08-19,115.5725,115.97999999999999,0.40749999999998465,20.374999999999233,bullish,38.749999999998465,bullish
2020-08-20,1,2020-08-19,2020-08-20,115.7175,115.74499999999999,0.0274999999999892,1.37499999999946,bullish,0.74999999999892,bullish
2020-08-21,1,2020-08-20,2020-08-21,118.28500000000001,119.22999999999999,0.944999999999979,47.24999999999895,bullish,92.4999999999979,bullish
2020-08-24,1,2020-08-21,2020-08-24,124.38000000000001,128.685,4.304999999999993,215.24999999999963,bullish,428.49999999999926,bullish
2020-08-25,1,2020-08-24,2020-08-25,125.8675,124.67999999999999,-1.1875000000000142,-59.37500000000071,bullish,-120.75000000000142,bullish
2020-08-26,1,2020-08-25,2020-08-26,124.83500000000001,126.18499999999999,1.34999999999998,67.499999999999,bullish,132.999999999998,bullish
2020-08-27,1,2020-08-26,2020-08-27,126.5325,127.115,0.582499999999996,29.1249999999998,bullish,56.2499999999996,bullish
2020-08-28,1,2020-08-27,2020-08-28,125.02000000000001,126.00999999999999,0.9899999999999807,49.499999999999034,bullish,96.99999999999807,bullish
2020-08-31,1,2020-08-28,2020-08-31,124.81750000000001,127.6,2.7824999999999847,139.12499999999923,bullish,276.24999999999847,bullish
2020-09-01,1,2020-08-31,2020-09-01,129.04999999999998,132.78,3.730000000000018,186.5000000000009,bullish,371.0000000000018,bullish
2020-09-02,1,2020-09-01,2020-09-02,134.19,137.59,3.4000000000000057,170.00000000000028,bullish,338.00000000000057,bullish
2020-09-03,1,2020-09-02,2020-09-03,131.41,126.92999999999999,-4.480000000000004,-224.0000000000002,bullish,-450.0000000000004,bullish
2020-09-04,1,2020-09-03,2020-09-04,120.89,120.13,-0.7600000000000051,-38.000000000000256,bullish,-78.00000000000051,bullish
2020-09-08,1,2020-09-04,2020-09-08,120.97,114.27,-6.700000000000003,-335.0000000000001,bullish,-672.0000000000002,bullish
2020-09-09,1,2020-09-08,2020-09-09,112.83,117.30999999999999,4.47999999999999,223.9999999999995,bullish,445.999999999999,bullish
2020-09-10,1,2020-09-09,2020-09-10,117.33,120.42999999999999,3.0999999999999943,154.99999999999972,bullish,307.99999999999943,bullish
2020-09-11,1,2020-09-10,2020-09-11,113.5,114.6,1.0999999999999943,54.999999999999716,bullish,107.99999999999943,bullish
2020-09-14,1,2020-09-11,2020-09-14,112.01,114.71,2.6999999999999886,134.99999999999943,bullish,267.99999999999886,bullish
2020-09-15,1,2020-09-14,2020-09-15,115.37,118.38,3.009999999999991,150.49999999999955,bullish,298.9999999999991,bullish
2020-09-16,1,2020-09-15,2020-09-16,115.55000000000001,115.16,-0.3900000000000148,-19.50000000000074,bullish,-41.00000000000148,bullish
2020-09-17,1,2020-09-16,2020-09-17,112.14,109.72,-2.4200000000000017,-121.00000000000009,bullish,-244.00000000000017,bullish
2020-09-18,1,2020-09-17,2020-09-18,110.35000000000001,110.36999999999999,0.01999999999998181,0.9999999999990905,bullish,-1.8189894035458565e-12,bullish
2020-09-21,1,2020-09-18,2020-09-21,106.85000000000001,104.50999999999999,-2.3400000000000176,-117.00000000000088,bullish,-236.00000000000176,bullish
2020-09-22,1,2020-09-21,2020-09-22,110.09,112.67,2.5799999999999983,128.99999999999991,bullish,255.99999999999983,bullish
2020-09-23,1,2020-09-22,2020-09-23,111.82000000000001,111.61999999999999,-0.20000000000001705,-10.000000000000853,bullish,-22.000000000001705,bullish
2020-09-25,1,2020-09-24,2020-09-25,108.23,108.5,0.269999999999996,13.499999999999801,bullish,24.999999999999602,bullish
2020-09-28,1,2020-09-25,2020-09-28,112.29,114.89999999999999,2.609999999999985,130.49999999999926,bullish,258.9999999999985,bullish
2020-09-29,1,2020-09-28,2020-09-29,114.97,114.5,-0.46999999999999886,-23.499999999999943,bullish,-48.999999999999886,bullish
2020-09-30,1,2020-09-29,2020-09-30,114.10000000000001,113.61999999999999,-0.4800000000000182,-24.00000000000091,bullish,-50.00000000000182,bullish
2020-10-01,1,2020-09-30,2020-10-01,115.82000000000001,117.69,1.8699999999999903,93.49999999999952,bullish,184.99999999999903,bullish
2020-10-02,1,2020-10-01,2020-10-02,116.80000000000001,112.83,-3.970000000000013,-198.50000000000065,bullish,-399.0000000000013,bullish
2020-10-06,1,2020-10-05,2020-10-06,116.51,115.67,-0.8400000000000034,-42.00000000000017,bullish,-86.00000000000034,bullish
2020-10-13,1,2020-10-12,2020-10-13,124.41000000000001,125.3,0.8899999999999864,44.49999999999932,bullish,86.99999999999864,bullish
2020-10-28,1,2020-10-27,2020-10-28,116.61,115.03,-1.5799999999999983,-78.99999999999991,bullish,-159.99999999999983,bullish
2020-11-05,1,2020-11-04,2020-11-05,114.96000000000001,117.92,2.9599999999999937,147.9999999999997,bullish,293.9999999999994,bullish
2020-11-06,1,2020-11-05,2020-11-06,119.04,118.28999999999999,-0.7500000000000142,-37.50000000000071,bullish,-77.00000000000142,bullish
2020-11-09,1,2020-11-06,2020-11-09,118.7,120.49,1.789999999999992,89.4999999999996,bullish,176.9999999999992,bullish
2020-11-10,1,2020-11-09,2020-11-10,116.33,115.55,-0.7800000000000011,-39.00000000000006,bullish,-80.00000000000011,bullish
2020-11-11,1,2020-11-10,2020-11-11,115.98,117.17999999999999,1.1999999999999886,59.99999999999943,bullish,117.99999999999886,bullish
2020-11-12,1,2020-11-11,2020-11-12,119.5,119.69999999999999,0.19999999999998863,9.999999999999432,bullish,17.999999999998863,bullish
2020-11-13,1,2020-11-12,2020-11-13,119.22,119.44,0.21999999999999886,10.999999999999943,bullish,19.999999999999886,bullish
2020-11-16,1,2020-11-13,2020-11-16,119.27000000000001,118.86999999999999,-0.4000000000000199,-20.000000000000995,bullish,-42.00000000000199,bullish
2020-11-17,1,2020-11-16,2020-11-17,120.31,119.52,-0.7900000000000063,-39.50000000000031,bullish,-81.00000000000063,bullish
2020-11-18,1,2020-11-17,2020-11-18,119.4,118.6,-0.8000000000000114,-40.00000000000057,bullish,-82.00000000000114,bullish
2020-12-02,1,2020-12-01,2020-12-02,122.73,122.02,-0.710000000000008,-35.5000000000004,bullish,-73.0000000000008,bullish
2020-12-03,1,2020-12-02,2020-12-03,123.09,123.50999999999999,0.4199999999999875,20.999999999999375,bullish,39.99999999999875,bullish
2020-12-04,1,2020-12-03,2020-12-04,122.95,122.53999999999999,-0.4100000000000108,-20.50000000000054,bullish,-43.00000000000108,bullish
2020-12-07,1,2020-12-04,2020-12-07,122.26,122.36999999999999,0.10999999999998522,5.499999999999261,bullish,8.999999999998522,bullish
2020-12-08,1,2020-12-07,2020-12-08,123.76,124.36,0.5999999999999943,29.999999999999716,bullish,57.99999999999943,bullish
2020-12-09,1,2020-12-08,2020-12-09,124.39,124.5,0.10999999999999943,5.499999999999972,bullish,8.999999999999943,bullish
2020-12-10,1,2020-12-09,2020-12-10,121.79,120.47,-1.3200000000000074,-66.00000000000037,bullish,-134.00000000000074,bullish
2020-12-11,1,2020-12-10,2020-12-11,123.25,122.47999999999999,-0.7700000000000102,-38.50000000000051,bullish,-79.00000000000102,bullish
2020-12-14,1,2020-12-11,2020-12-14,122.42,122.57,0.14999999999999147,7.499999999999574,bullish,12.999999999999147,bullish
2020-12-15,1,2020-12-14,2020-12-15,121.79,124.41,2.6199999999999903,130.99999999999952,bullish,259.99999999999903,bullish
2020-12-16,1,2020-12-15,2020-12-16,127.89,127.36999999999999,-0.5200000000000102,-26.00000000000051,bullish,-54.00000000000102,bullish
2020-12-17,1,2020-12-16,2020-12-17,127.82000000000001,128.9,1.0799999999999983,53.999999999999915,bullish,105.99999999999983,bullish
2020-12-18,1,2020-12-17,2020-12-18,128.70999999999998,128.92000000000002,0.21000000000003638,10.500000000001819,bullish,19.000000000003638,bullish
2020-12-21,1,2020-12-18,2020-12-21,126.67,125.03,-1.6400000000000006,-82.00000000000003,bullish,-166.00000000000006,bullish
2020-12-22,1,2020-12-21,2020-12-22,128.23999999999998,131.58,3.340000000000032,167.0000000000016,bullish,332.0000000000032,bullish
2020-12-23,1,2020-12-22,2020-12-23,131.89,132.13,0.2400000000000091,12.000000000000455,bullish,22.00000000000091,bullish
2020-12-24,1,2020-12-23,2020-12-24,130.97,131.32000000000002,0.35000000000002274,17.500000000001137,bullish,33.000000000002274,bullish
2020-12-28,1,2020-12-24,2020-12-28,131.98,133.98000000000002,2.0000000000000284,100.00000000000142,bullish,198.00000000000284,bullish
2020-12-29,1,2020-12-28,2020-12-29,136.7,138.06,1.3600000000000136,68.00000000000068,bullish,134.00000000000136,bullish
2020-12-30,1,2020-12-29,2020-12-30,134.88,135.53,0.6500000000000057,32.500000000000284,bullish,63.00000000000057,bullish
2020-12-31,1,2020-12-30,2020-12-31,133.73,134.03,0.30000000000001137,15.000000000000568,bullish,28.000000000001137,bullish
2021-01-04,1,2020-12-31,2021-01-04,132.7,133.51000000000002,0.8100000000000307,40.500000000001535,bullish,79.00000000000307,bullish
2021-01-05,1,2021-01-04,2021-01-05,129.42,128.87,-0.549999999999983,-27.499999999999147,bullish,-56.999999999998295,bullish
2021-01-06,1,2021-01-05,2021-01-06,131.01999999999998,127.71,-3.309999999999988,-165.4999999999994,bullish,-332.9999999999988,bullish
2021-01-07,1,2021-01-06,2021-01-07,126.61,128.39000000000001,1.7800000000000153,89.00000000000077,bullish,176.00000000000153,bullish
2021-01-08,1,2021-01-07,2021-01-08,130.92999999999998,132.42000000000002,1.4900000000000375,74.50000000000188,bullish,147.00000000000375,bullish
2021-01-11,1,2021-01-08,2021-01-11,132.06,129.15,-2.9099999999999966,-145.49999999999983,bullish,-292.99999999999966,bullish
2021-01-12,1,2021-01-11,2021-01-12,128.98999999999998,128.51000000000002,-0.47999999999996135,-23.999999999998067,bullish,-49.999999999996135,bullish
2021-01-13,1,2021-01-12,2021-01-13,128.81,128.68,-0.12999999999999545,-6.499999999999773,bullish,-14.999999999999545,bullish
2021-01-14,1,2021-01-13,2021-01-14,130.89999999999998,130.79000000000002,-0.1099999999999568,-5.49999999999784,bullish,-12.99999999999568,bullish
2021-01-15,1,2021-01-14,2021-01-15,128.92,128.67000000000002,-0.24999999999997158,-12.499999999998579,bullish,-26.999999999997158,bullish
2021-01-19,1,2021-01-15,2021-01-19,127.15,127.71,0.5599999999999881,27.999999999999403,bullish,53.999999999998806,bullish
2021-01-20,1,2021-01-19,2021-01-20,127.84,128.58,0.7400000000000091,37.000000000000455,bullish,72.00000000000091,bullish
2021-01-21,1,2021-01-20,2021-01-21,132.04,133.83,1.7900000000000205,89.50000000000102,bullish,177.00000000000205,bullish
2021-01-22,1,2021-01-21,2021-01-22,136.88,136.29000000000002,-0.589999999999975,-29.49999999999875,bullish,-60.9999999999975,bullish
2021-01-25,1,2021-01-22,2021-01-25,139.07999999999998,143.02,3.940000000000026,197.0000000000013,bullish,392.0000000000026,bullish
2021-01-26,1,2021-01-25,2021-01-26,142.92999999999998,143.59,0.660000000000025,33.00000000000125,bullish,64.0000000000025,bullish
2021-01-27,1,2021-01-26,2021-01-27,143.17,143.41,0.2400000000000091,12.000000000000455,bullish,22.00000000000091,bullish
2021-01-28,1,2021-01-27,2021-01-28,142.07,139.46,-2.609999999999985,-130.49999999999926,bullish,-262.9999999999985,bullish
2021-01-29,1,2021-01-28,2021-01-29,137.1,135.89000000000001,-1.2099999999999795,-60.49999999999898,bullish,-122.99999999999795,bullish
2021-02-01,1,2021-01-29,2021-02-01,131.97,133.68,1.710000000000008,85.5000000000004,bullish,169.0000000000008,bullish
2021-02-02,1,2021-02-01,2021-02-02,134.14999999999998,135.61,1.4600000000000364,73.00000000000182,bullish,144.00000000000364,bullish
2021-02-03,1,2021-02-02,2021-02-03,135.0,135.51000000000002,0.5100000000000193,25.500000000000966,bullish,49.00000000000193,bullish
2021-02-04,1,2021-02-03,2021-02-04,133.95,136.34,2.390000000000015,119.50000000000074,bullish,237.00000000000148,bullish
2021-02-05,1,2021-02-04,2021-02-05,137.39999999999998,137.31,-0.08999999999997499,-4.4999999999987494,bullish,-10.999999999997499,bullish
2021-02-08,1,2021-02-05,2021-02-08,136.76999999999998,135.97,-0.799999999999983,-39.99999999999915,bullish,-81.9999999999983,bullish
2021-02-09,1,2021-02-08,2021-02-09,136.92,136.70000000000002,-0.21999999999997044,-10.999999999998522,bullish,-23.999999999997044,bullish
2021-02-10,1,2021-02-09,2021-02-10,136.01999999999998,136.46,0.44000000000002615,22.000000000001307,bullish,42.000000000002615,bullish
2021-02-11,1,2021-02-10,2021-02-11,135.39999999999998,135.91,0.5100000000000193,25.500000000000966,bullish,49.00000000000193,bullish
2021-02-12,1,2021-02-11,2021-02-12,135.14,134.27,-0.8699999999999761,-43.499999999998806,bullish,-88.99999999999761,bullish
2021-02-16,1,2021-02-12,2021-02-16,135.38,135.46,0.0800000000000125,4.000000000000625,bullish,6.0000000000012506,bullish
2021-02-17,1,2021-02-16,2021-02-17,133.2,131.22,-1.9799999999999898,-98.99999999999949,bullish,-199.99999999999898,bullish
2021-04-12,1,2021-04-09,2021-04-12,133.01,132.57000000000002,-0.4399999999999693,-21.999999999998465,bullish,-45.99999999999693,bullish
2021-04-14,1,2021-04-13,2021-04-14,134.44,134.93,0.4900000000000091,24.500000000000455,bullish,47.00000000000091,bullish
2021-04-15,1,2021-04-14,2021-04-15,132.04,133.84,1.8000000000000114,90.00000000000057,bullish,178.00000000000114,bullish
2021-04-16,1,2021-04-15,2021-04-16,134.51,134.29000000000002,-0.21999999999997044,-10.999999999998522,bullish,-23.999999999997044,bullish
2021-04-19,1,2021-04-16,2021-04-19,134.17,133.46,-0.7099999999999795,-35.49999999999898,bullish,-72.99999999999795,bullish
2021-04-20,1,2021-04-19,2021-04-20,134.85,135.01000000000002,0.160000000000025,8.00000000000125,bullish,14.000000000002501,bullish
2021-04-21,1,2021-04-20,2021-04-21,133.12,132.38,-0.7400000000000091,-37.000000000000455,bullish,-76.00000000000091,bullish
2021-04-22,1,2021-04-21,2021-04-22,133.51,133.03,-0.47999999999998977,-23.99999999999949,bullish,-49.99999999999898,bullish
2021-04-23,1,2021-04-22,2021-04-23,131.95,132.15,0.20000000000001705,10.000000000000853,bullish,18.000000000001705,bullish
2021-04-26,1,2021-04-23,2021-04-26,134.32999999999998,134.82000000000002,0.4900000000000375,24.500000000001876,bullish,47.00000000000375,bullish
2021-04-27,1,2021-04-26,2021-04-27,134.73,135.03,0.30000000000001137,15.000000000000568,bullish,28.000000000001137,bullish
2021-04-28,1,2021-04-27,2021-04-28,134.39999999999998,134.3,-0.0999999999999659,-4.999999999998295,bullish,-11.99999999999659,bullish
2021-04-29,1,2021-04-28,2021-04-29,133.59,136.45000000000002,2.8600000000000136,143.00000000000068,bullish,284.00000000000136,bullish
2021-04-30,1,2021-04-29,2021-04-30,133.48999999999998,131.79000000000002,-1.6999999999999602,-84.99999999999801,bullish,-171.99999999999602,bullish
2021-05-03,1,2021-04-30,2021-05-03,131.47,132.0,0.5300000000000011,26.500000000000057,bullish,51.000000000000114,bullish
2021-05-04,1,2021-05-03,2021-05-04,132.54999999999998,131.17000000000002,-1.379999999999967,-68.99999999999835,bullish,-139.9999999999967,bullish
2021-06-18,1,2021-06-17,2021-06-18,131.79999999999998,131.0,-0.799999999999983,-39.99999999999915,bullish,-81.9999999999983,bullish
2021-06-21,1,2021-06-18,2021-06-21,130.47,130.3,-0.1699999999999875,-8.499999999999375,bullish,-18.99999999999875,bullish
2021-06-22,1,2021-06-21,2021-06-22,132.31,132.09,-0.21999999999999886,-10.999999999999943,bullish,-23.999999999999886,bullish
2021-06-23,1,2021-06-22,2021-06-23,133.98999999999998,133.77,-0.21999999999997044,-10.999999999998522,bullish,-23.999999999997044,bullish
2021-06-24,1,2021-06-23,2021-06-24,133.70999999999998,134.4,0.6900000000000261,34.50000000000131,bullish,67.00000000000261,bullish
2021-06-25,1,2021-06-24,2021-06-25,133.42,133.48000000000002,0.060000000000030695,3.0000000000015348,bullish,4.0000000000030695,bullish
2021-06-28,1,2021-06-25,2021-06-28,133.12,133.41,0.28999999999999204,14.499999999999602,bullish,26.999999999999204,bullish
2021-06-29,1,2021-06-28,2021-06-29,134.79,134.81,0.020000000000010232,1.0000000000005116,bullish,1.0231815394945443e-12,bullish
2021-06-30,1,2021-06-29,2021-06-30,136.34,136.16,-0.18000000000000682,-9.000000000000341,bullish,-20.000000000000682,bullish
2021-07-01,1,2021-06-30,2021-07-01,136.97,136.56,-0.4099999999999966,-20.49999999999983,bullish,-42.99999999999966,bullish
2021-07-02,1,2021-07-01,2021-07-02,137.28,137.91,0.6299999999999955,31.499999999999773,bullish,60.999999999999545,bullish
2021-07-06,1,2021-07-02,2021-07-06,139.97,140.08,0.11000000000001364,5.500000000000682,bullish,9.000000000001364,bullish
2021-07-07,1,2021-07-06,2021-07-07,142.03,143.53,1.5,75.0,bullish,148.0,bullish
2021-07-08,1,2021-07-07,2021-07-08,144.57999999999998,141.56,-3.019999999999982,-150.9999999999991,bullish,-303.9999999999982,bullish
2021-07-09,1,2021-07-08,2021-07-09,143.25,142.72,-0.5300000000000011,-26.500000000000057,bullish,-55.000000000000114,bullish
2021-07-12,1,2021-07-09,2021-07-12,145.12,146.20000000000002,1.0800000000000125,54.000000000000625,bullish,106.00000000000125,bullish
2021-07-13,1,2021-07-12,2021-07-13,144.51,144.05,-0.45999999999997954,-22.999999999998977,bullish,-47.999999999997954,bullish
2021-07-14,1,2021-07-13,2021-07-14,145.64999999999998,148.04000000000002,2.390000000000043,119.50000000000216,bullish,237.00000000000432,bullish
2021-07-15,1,2021-07-14,2021-07-15,149.16,149.24,0.0800000000000125,4.000000000000625,bullish,6.0000000000012506,bullish
2021-07-16,1,2021-07-15,2021-07-16,148.48999999999998,148.52,0.03000000000002956,1.500000000001478,bullish,1.0000000000029559,bullish
2021-07-19,1,2021-07-16,2021-07-19,146.39999999999998,143.74,-2.659999999999968,-132.9999999999984,bullish,-267.9999999999968,bullish
2021-07-20,1,2021-07-19,2021-07-20,142.45999999999998,143.46,1.0000000000000284,50.00000000000142,bullish,98.00000000000284,bullish
2021-07-21,1,2021-07-20,2021-07-21,146.16,145.52,-0.6399999999999864,-31.999999999999318,bullish,-65.99999999999864,bullish
2021-07-22,1,2021-07-21,2021-07-22,145.41,145.92000000000002,0.5100000000000193,25.500000000000966,bullish,49.00000000000193,bullish
2021-07-23,1,2021-07-22,2021-07-23,146.81,147.51000000000002,0.700000000000017,35.00000000000085,bullish,68.0000000000017,bullish
2021-07-26,1,2021-07-23,2021-07-26,148.57,148.26000000000002,-0.30999999999997385,-15.499999999998693,bullish,-32.999999999997385,bullish
2021-07-27,1,2021-07-26,2021-07-27,149.0,149.13,0.12999999999999545,6.499999999999773,bullish,10.999999999999545,bullish
2021-07-28,1,2021-07-27,2021-07-28,146.78,144.83,-1.9499999999999886,-97.49999999999943,bullish,-196.99999999999886,bullish
2021-07-29,1,2021-07-28,2021-07-29,144.98999999999998,144.65,-0.339999999999975,-16.99999999999875,bullish,-35.9999999999975,bullish
2021-07-30,1,2021-07-29,2021-07-30,145.64999999999998,144.42000000000002,-1.2299999999999613,-61.49999999999807,bullish,-124.99999999999613,bullish
2021-08-02,1,2021-07-30,2021-08-02,145.87,146.32000000000002,0.45000000000001705,22.500000000000853,bullish,43.000000000001705,bullish
2021-08-03,1,2021-08-02,2021-08-03,145.53,145.81,0.28000000000000114,14.000000000000057,bullish,26.000000000000114,bullish
2021-08-04,1,2021-08-03,2021-08-04,147.37,147.25,-0.12000000000000455,-6.000000000000227,bullish,-14.000000000000455,bullish
2021-08-05,1,2021-08-04,2021-08-05,146.95999999999998,146.97,0.010000000000019327,0.5000000000009663,bullish,-0.9999999999980673,bullish
2021-08-06,1,2021-08-05,2021-08-06,147.07,146.31,-0.7599999999999909,-37.999999999999545,bullish,-77.99999999999909,bullish
2021-08-09,1,2021-08-06,2021-08-09,146.14999999999998,146.21,0.060000000000030695,3.0000000000015348,bullish,4.0000000000030695,bullish
2021-08-10,1,2021-08-09,2021-08-10,146.1,146.41,0.3100000000000023,15.500000000000114,bullish,29.000000000000227,bullish
2021-08-11,1,2021-08-10,2021-08-11,145.60999999999999,146.06,0.45000000000001705,22.500000000000853,bullish,43.000000000001705,bullish
2021-08-12,1,2021-08-11,2021-08-12,145.87,146.18,0.3100000000000023,15.500000000000114,bullish,29.000000000000227,bullish
2021-08-13,1,2021-08-12,2021-08-13,148.89999999999998,148.96,0.060000000000030695,3.0000000000015348,bullish,4.0000000000030695,bullish
2021-08-16,1,2021-08-13,2021-08-16,149.10999999999999,148.56,-0.549999999999983,-27.499999999999147,bullish,-56.999999999998295,bullish
2021-08-17,1,2021-08-16,2021-08-17,151.13,150.22,-0.9099999999999966,-45.49999999999983,bullish,-92.99999999999966,bullish
2021-08-18,1,2021-08-17,2021-08-18,150.2,149.8,-0.39999999999997726,-19.999999999998863,bullish,-41.999999999997726,bullish
2021-08-19,1,2021-08-18,2021-08-19,146.37,145.06,-1.3100000000000023,-65.50000000000011,bullish,-133.00000000000023,bullish
2021-08-20,1,2021-08-19,2021-08-20,146.70999999999998,147.43,0.7200000000000273,36.000000000001364,bullish,70.00000000000273,bullish
2021-08-23,1,2021-08-20,2021-08-23,148.2,148.23000000000002,0.03000000000002956,1.500000000001478,bullish,1.0000000000029559,bullish
2021-08-24,1,2021-08-23,2021-08-24,149.72,149.44,-0.28000000000000114,-14.000000000000057,bullish,-30.000000000000114,bullish
2021-08-25,1,2021-08-24,2021-08-25,149.63,149.81,0.18000000000000682,9.000000000000341,bullish,16.000000000000682,bullish
2021-08-26,1,2021-08-25,2021-08-26,148.37,148.32000000000002,-0.04999999999998295,-2.4999999999991473,bullish,-6.999999999998295,bullish
2021-08-27,1,2021-08-26,2021-08-27,147.54999999999998,147.45000000000002,-0.0999999999999659,-4.999999999998295,bullish,-11.99999999999659,bullish
2021-08-30,1,2021-08-27,2021-08-30,148.60999999999999,148.99,0.3800000000000239,19.000000000001194,bullish,36.00000000000239,bullish
2021-08-31,1,2021-08-30,2021-08-31,153.13,152.68,-0.44999999999998863,-22.49999999999943,bullish,-46.99999999999886,bullish
2021-09-01,1,2021-08-31,2021-09-01,151.84,152.79000000000002,0.950000000000017,47.50000000000085,bullish,93.0000000000017,bullish
2021-09-02,1,2021-09-01,2021-09-02,152.51999999999998,153.84,1.3200000000000216,66.00000000000108,bullish,130.00000000000216,bullish
2021-09-03,1,2021-09-02,2021-09-03,153.66,153.74,0.0800000000000125,4.000000000000625,bullish,6.0000000000012506,bullish
2021-09-07,1,2021-09-03,2021-09-07,154.31,154.99,0.6800000000000068,34.00000000000034,bullish,66.00000000000068,bullish
2021-09-08,1,2021-09-07,2021-09-08,156.7,156.97,0.27000000000001023,13.500000000000512,bullish,25.000000000001023,bullish
2021-09-09,1,2021-09-08,2021-09-09,155.12,155.48000000000002,0.36000000000001364,18.000000000000682,bullish,34.000000000001364,bullish
2021-09-10,1,2021-09-09,2021-09-10,154.07999999999998,155.01000000000002,0.9300000000000352,46.50000000000176,bullish,91.00000000000352,bullish
2021-09-13,1,2021-09-10,2021-09-13,148.98,150.64000000000001,1.660000000000025,83.00000000000125,bullish,164.0000000000025,bullish
2021-09-14,1,2021-09-13,2021-09-14,149.56,150.35000000000002,0.7900000000000205,39.50000000000102,bullish,77.00000000000205,bullish
2021-09-15,1,2021-09-14,2021-09-15,148.13,148.53,0.4000000000000057,20.000000000000284,bullish,38.00000000000057,bullish
2021-09-16,1,2021-09-15,2021-09-16,149.04,148.43,-0.6099999999999852,-30.49999999999926,bullish,-62.99999999999852,bullish
2021-09-17,1,2021-09-16,2021-09-17,148.79999999999998,148.77,-0.029999999999972715,-1.4999999999986358,bullish,-4.9999999999972715,bullish
2021-09-20,1,2021-09-17,2021-09-20,146.07,143.85000000000002,-2.2199999999999704,-110.99999999999852,bullish,-223.99999999999704,bullish
2021-10-27,1,2021-10-26,2021-10-27,149.32999999999998,149.37,0.040000000000020464,2.000000000001023,bullish,2.0000000000020464,bullish
2021-10-29,1,2021-10-28,2021-10-29,152.57999999999998,147.18,-5.399999999999977,-269.99999999999886,bullish,-541.9999999999977,bullish
2021-11-01,1,2021-10-29,2021-11-01,149.81,148.98000000000002,-0.8299999999999841,-41.499999999999204,bullish,-84.99999999999841,bullish
2021-11-03,1,2021-11-02,2021-11-03,150.03,150.38,0.3499999999999943,17.499999999999716,bullish,32.99999999999943,bullish
2021-11-04,1,2021-11-03,2021-11-04,151.5,151.60000000000002,0.10000000000002274,5.000000000001137,bullish,8.000000000002274,bullish
2021-11-05,1,2021-11-04,2021-11-05,150.97,151.8,0.8300000000000125,41.500000000000625,bullish,81.00000000000125,bullish
2021-11-08,1,2021-11-05,2021-11-08,151.29,151.39000000000001,0.10000000000002274,5.000000000001137,bullish,8.000000000002274,bullish
2021-11-09,1,2021-11-08,2021-11-09,150.45,150.14000000000001,-0.30999999999997385,-15.499999999998693,bullish,-32.999999999997385,bullish
2021-11-10,1,2021-11-09,2021-11-10,150.82,150.07000000000002,-0.7499999999999716,-37.49999999999858,bullish,-76.99999999999716,bullish
2021-11-11,1,2021-11-10,2021-11-11,147.92999999999998,148.95000000000002,1.0200000000000387,51.00000000000193,bullish,100.00000000000387,bullish
2021-11-12,1,2021-11-11,2021-11-12,147.88,148.42000000000002,0.5400000000000205,27.000000000001023,bullish,52.000000000002046,bullish
2021-11-15,1,2021-11-12,2021-11-15,150.0,150.32000000000002,0.3200000000000216,16.00000000000108,bullish,30.00000000000216,bullish
2021-11-16,1,2021-11-15,2021-11-16,150.01,149.92000000000002,-0.08999999999997499,-4.4999999999987494,bullish,-10.999999999997499,bullish
2021-11-17,1,2021-11-16,2021-11-17,151.01,150.98000000000002,-0.029999999999972715,-1.4999999999986358,bullish,-4.9999999999972715,bullish
2021-11-18,1,2021-11-17,2021-11-18,153.5,153.64000000000001,0.14000000000001478,7.000000000000739,bullish,12.000000000001478,bullish
2021-11-19,1,2021-11-18,2021-11-19,157.88,157.62,-0.2599999999999909,-12.999999999999545,bullish,-27.99999999999909,bullish
2021-11-22,1,2021-11-19,2021-11-22,160.56,161.67000000000002,1.1100000000000136,55.50000000000068,bullish,109.00000000000136,bullish
2021-11-23,1,2021-11-22,2021-11-23,161.03,161.11,0.0800000000000125,4.000000000000625,bullish,6.0000000000012506,bullish
2021-11-24,1,2021-11-23,2021-11-24,161.42,160.74,-0.6799999999999784,-33.99999999999892,bullish,-69.99999999999784,bullish
2021-11-26,1,2021-11-24,2021-11-26,161.95,159.55,-2.3999999999999773,-119.99999999999886,bullish,-241.99999999999773,bullish
2021-11-29,1,2021-11-26,2021-11-29,156.82,159.35000000000002,2.5300000000000296,126.50000000000148,bullish,251.00000000000296,bullish
2021-11-30,1,2021-11-29,2021-11-30,160.25,159.96,-0.28999999999999204,-14.499999999999602,bullish,-30.999999999999204,bullish
2021-12-01,1,2021-11-30,2021-12-01,165.31,167.34,2.030000000000001,101.50000000000006,bullish,201.0000000000001,bullish
2021-12-02,1,2021-12-01,2021-12-02,164.78,158.73000000000002,-6.049999999999983,-302.49999999999915,bullish,-606.9999999999983,bullish
2021-12-03,1,2021-12-02,2021-12-03,163.76999999999998,163.99,0.22000000000002728,11.000000000001364,bullish,20.00000000000273,bullish
2021-12-06,1,2021-12-03,2021-12-06,161.85,164.31,2.460000000000008,123.0000000000004,bullish,244.0000000000008,bullish
2021-12-07,1,2021-12-06,2021-12-07,165.32999999999998,169.05,3.7200000000000273,186.00000000000136,bullish,370.00000000000273,bullish
2021-12-08,1,2021-12-07,2021-12-08,171.19,171.92000000000002,0.7300000000000182,36.50000000000091,bullish,71.00000000000182,bullish
2021-12-09,1,2021-12-08,2021-12-09,175.09,174.84,-0.25,-12.5,bullish,-27.0,bullish
2021-12-10,1,2021-12-09,2021-12-10,174.57,175.24,0.6700000000000159,33.500000000000796,bullish,65.00000000000159,bullish
2021-12-13,1,2021-12-10,2021-12-13,179.45999999999998,181.07000000000002,1.610000000000042,80.5000000000021,bullish,159.0000000000042,bullish
2021-12-14,1,2021-12-13,2021-12-14,175.75,175.28,-0.46999999999999886,-23.499999999999943,bullish,-48.999999999999886,bullish
2021-12-15,1,2021-12-14,2021-12-15,174.34,175.10000000000002,0.7600000000000193,38.000000000000966,bullish,74.00000000000193,bullish
2021-12-16,1,2021-12-15,2021-12-16,179.31,179.29000000000002,-0.01999999999998181,-0.9999999999990905,bullish,-3.999999999998181,bullish
2021-12-17,1,2021-12-16,2021-12-17,172.26999999999998,169.92000000000002,-2.349999999999966,-117.4999999999983,bullish,-236.9999999999966,bullish
2021-12-20,1,2021-12-17,2021-12-20,171.14999999999998,168.22,-2.9299999999999784,-146.49999999999892,bullish,-294.99999999999784,bullish
2021-12-21,1,2021-12-20,2021-12-21,169.76,171.55,1.7900000000000205,89.50000000000102,bullish,177.00000000000205,bullish
2021-12-22,1,2021-12-21,2021-12-22,173.0,172.92000000000002,-0.07999999999998408,-3.999999999999204,bullish,-9.999999999998408,bullish
2021-12-23,1,2021-12-22,2021-12-23,175.64999999999998,175.82000000000002,0.17000000000004434,8.500000000002217,bullish,15.000000000004434,bullish
2021-12-27,1,2021-12-23,2021-12-27,176.29,177.08,0.7900000000000205,39.50000000000102,bullish,77.00000000000205,bullish
2021-12-28,1,2021-12-27,2021-12-28,180.34,180.15,-0.18999999999999773,-9.499999999999886,bullish,-20.999999999999773,bullish
2021-12-29,1,2021-12-28,2021-12-29,179.29999999999998,179.34,0.040000000000020464,2.000000000001023,bullish,2.0000000000020464,bullish
2021-12-30,1,2021-12-29,2021-12-30,179.39,179.54000000000002,0.1500000000000341,7.500000000001705,bullish,13.00000000000341,bullish
2021-12-31,1,2021-12-30,2021-12-31,178.20999999999998,178.11,-0.0999999999999659,-4.999999999998295,bullish,-11.99999999999659,bullish
2022-01-03,1,2021-12-31,2022-01-03,177.57999999999998,177.88,0.30000000000001137,15.000000000000568,bullish,28.000000000001137,bullish
2022-01-04,1,2022-01-03,2022-01-04,182.01999999999998,182.62,0.6000000000000227,30.000000000001137,bullish,58.000000000002274,bullish
2022-01-05,1,2022-01-04,2022-01-05,179.70999999999998,179.61,-0.0999999999999659,-4.999999999998295,bullish,-11.99999999999659,bullish
2022-01-06,1,2022-01-05,2022-01-06,174.92999999999998,172.68,-2.2499999999999716,-112.49999999999858,bullish,-226.99999999999716,bullish
2022-01-07,1,2022-01-06,2022-01-07,172.01,172.79000000000002,0.7800000000000296,39.00000000000148,bullish,76.00000000000296,bullish
2022-01-10,1,2022-01-07,2022-01-10,172.17999999999998,169.07000000000002,-3.109999999999957,-155.49999999999784,bullish,-312.9999999999957,bullish
2022-01-11,1,2022-01-10,2022-01-11,172.2,172.36,0.160000000000025,8.00000000000125,bullish,14.000000000002501,bullish
2022-01-12,1,2022-01-11,2022-01-12,175.09,176.08,0.9900000000000091,49.500000000000455,bullish,97.00000000000091,bullish
2022-01-13,1,2022-01-12,2022-01-13,175.54,175.76000000000002,0.22000000000002728,11.000000000001364,bullish,20.00000000000273,bullish
2022-01-14,1,2022-01-13,2022-01-14,172.2,171.33,-0.8699999999999761,-43.499999999998806,bullish,-88.99999999999761,bullish
2022-01-18,1,2022-01-14,2022-01-18,173.07999999999998,171.49,-1.589999999999975,-79.49999999999875,bullish,-160.9999999999975,bullish
2022-01-19,1,2022-01-18,2022-01-19,169.81,169.97,0.1599999999999966,7.9999999999998295,bullish,13.999999999999659,bullish
2022-01-20,1,2022-01-19,2022-01-20,166.23999999999998,166.98000000000002,0.7400000000000375,37.000000000001876,bullish,72.00000000000375,bullish
2022-01-31,1,2022-01-28,2022-01-31,170.34,170.23000000000002,-0.10999999999998522,-5.499999999999261,bullish,-12.999999999998522,bullish
2022-02-01,1,2022-01-31,2022-02-01,174.79,174.02,-0.7699999999999818,-38.49999999999909,bullish,-78.99999999999818,bullish
2022-02-02,1,2022-02-01,2022-02-02,174.62,174.73000000000002,0.11000000000001364,5.500000000000682,bullish,9.000000000001364,bullish
2022-02-03,1,2022-02-02,2022-02-03,175.85,174.53,-1.3199999999999932,-65.99999999999966,bullish,-133.99999999999932,bullish
2022-02-04,1,2022-02-03,2022-02-04,172.91,171.74,-1.1699999999999875,-58.499999999999375,bullish,-118.99999999999875,bullish
2022-02-07,1,2022-02-04,2022-02-07,172.39999999999998,172.83,0.43000000000003524,21.500000000001762,bullish,41.000000000003524,bullish
2022-02-09,1,2022-02-08,2022-02-09,174.84,176.10000000000002,1.2600000000000193,63.000000000000966,bullish,124.00000000000193,bullish
2022-02-10,1,2022-02-09,2022-02-10,176.29,174.14000000000001,-2.1499999999999773,-107.49999999999886,bullish,-216.99999999999773,bullish
2022-03-24,1,2022-03-23,2022-03-24,170.22,171.19,0.9699999999999989,48.49999999999994,bullish,94.99999999999989,bullish
2022-03-25,1,2022-03-24,2022-03-25,174.07999999999998,173.78,-0.29999999999998295,-14.999999999999147,bullish,-31.999999999998295,bullish
2022-03-28,1,2022-03-25,2022-03-28,174.73,172.08,-2.6499999999999773,-132.49999999999886,bullish,-266.9999999999977,bullish
2022-03-29,1,2022-03-28,2022-03-29,175.60999999999999,176.74,1.1300000000000239,56.500000000001194,bullish,111.00000000000239,bullish
2022-03-30,1,2022-03-29,2022-03-30,178.97,178.55,-0.4199999999999875,-20.999999999999375,bullish,-43.99999999999875,bullish
2022-03-31,1,2022-03-30,2022-03-31,177.78,177.86,0.0800000000000125,4.000000000000625,bullish,6.0000000000012506,bullish
2022-04-01,1,2022-03-31,2022-04-01,174.62,173.98000000000002,-0.6399999999999864,-31.999999999999318,bullish,-65.99999999999864,bullish
2022-04-04,1,2022-04-01,2022-04-04,174.32,174.56,0.2400000000000091,12.000000000000455,bullish,22.00000000000091,bullish
2022-04-05,1,2022-04-04,2022-04-05,178.45,177.54000000000002,-0.9099999999999682,-45.49999999999841,bullish,-92.99999999999682,bullish
2022-04-06,1,2022-04-05,2022-04-06,175.07,172.34,-2.7299999999999898,-136.4999999999995,bullish,-274.999999999999,bullish
2022-04-07,1,2022-04-06,2022-04-07,171.84,171.16,-0.6800000000000068,-34.00000000000034,bullish,-70.00000000000068,bullish
2022-04-08,1,2022-04-07,2022-04-08,172.14999999999998,171.77,-0.37999999999996703,-18.99999999999835,bullish,-39.9999999999967,bullish
2022-04-11,1,2022-04-08,2022-04-11,170.1,168.72,-1.3799999999999955,-68.99999999999977,bullish,-139.99999999999955,bullish
2022-04-13,1,2022-04-12,2022-04-13,167.67,167.38,-0.28999999999999204,-14.499999999999602,bullish,-30.999999999999204,bullish
2022-04-14,1,2022-04-13,2022-04-14,170.41,170.72,0.3100000000000023,15.500000000000114,bullish,29.000000000000227,bullish
2022-04-21,1,2022-04-20,2022-04-21,167.23999999999998,168.86,1.620000000000033,81.00000000000165,bullish,160.0000000000033,bullish
2022-05-05,1,2022-05-04,2022-05-05,166.03,163.8,-2.2299999999999898,-111.49999999999949,bullish,-224.99999999999898,bullish
2022-07-28,1,2022-07-27,2022-07-28,156.79999999999998,156.97,0.17000000000001592,8.500000000000796,bullish,15.000000000001592,bullish
2022-07-29,1,2022-07-28,2022-07-29,157.35999999999999,161.23000000000002,3.870000000000033,193.50000000000165,bullish,385.0000000000033,bullish
2022-08-01,1,2022-07-29,2022-08-01,162.51999999999998,161.0,-1.5199999999999818,-75.99999999999909,bullish,-153.99999999999818,bullish
2022-08-02,1,2022-08-01,2022-08-02,161.51999999999998,160.10000000000002,-1.419999999999959,-70.99999999999795,bullish,-143.9999999999959,bullish
2022-08-03,1,2022-08-02,2022-08-03,160.01999999999998,160.83,0.8100000000000307,40.500000000001535,bullish,79.00000000000307,bullish
2022-08-04,1,2022-08-03,2022-08-04,166.14,166.0,-0.13999999999998636,-6.999999999999318,bullish,-15.999999999998636,bullish
2022-08-05,1,2022-08-04,2022-08-05,165.82,163.22,-2.5999999999999943,-129.99999999999972,bullish,-261.99999999999943,bullish
2022-08-08,1,2022-08-05,2022-08-08,165.35999999999999,166.36,1.0000000000000284,50.00000000000142,bullish,98.00000000000284,bullish
2022-08-09,1,2022-08-08,2022-08-09,164.88,164.0,-0.8799999999999955,-43.99999999999977,bullish,-89.99999999999955,bullish
2022-08-10,1,2022-08-09,2022-08-10,164.92999999999998,167.65,2.7200000000000273,136.00000000000136,bullish,270.00000000000273,bullish
2022-08-11,1,2022-08-10,2022-08-11,169.25,170.05,0.8000000000000114,40.00000000000057,bullish,78.00000000000114,bullish
2022-08-12,1,2022-08-11,2022-08-12,168.5,169.83,1.3300000000000125,66.50000000000063,bullish,131.00000000000125,bullish
2022-08-15,1,2022-08-12,2022-08-15,172.10999999999999,171.5,-0.6099999999999852,-30.49999999999926,bullish,-62.99999999999852,bullish
2022-08-16,1,2022-08-15,2022-08-16,173.2,172.76000000000002,-0.4399999999999693,-21.999999999998465,bullish,-45.99999999999693,bullish
2022-08-17,1,2022-08-16,2022-08-17,173.04,172.76000000000002,-0.2799999999999727,-13.999999999998636,bullish,-29.99999999999727,bullish
2022-08-18,1,2022-08-17,2022-08-18,174.56,173.73000000000002,-0.8299999999999841,-41.499999999999204,bullish,-84.99999999999841,bullish
2022-08-19,1,2022-08-18,2022-08-19,174.16,173.02,-1.1399999999999864,-56.99999999999932,bullish,-115.99999999999864,bullish
2022-08-22,1,2022-08-19,2022-08-22,171.53,169.70000000000002,-1.829999999999984,-91.4999999999992,bullish,-184.9999999999984,bullish
2022-08-23,1,2022-08-22,2022-08-23,167.57999999999998,167.12,-0.45999999999997954,-22.999999999998977,bullish,-47.999999999997954,bullish
2022-08-24,1,2022-08-23,2022-08-24,167.23999999999998,167.4,0.160000000000025,8.00000000000125,bullish,14.000000000002501,bullish
2022-08-25,1,2022-08-24,2022-08-25,167.54,168.77,1.2300000000000182,61.50000000000091,bullish,121.00000000000182,bullish
2022-08-26,1,2022-08-25,2022-08-26,170.04,170.56,0.5200000000000102,26.00000000000051,bullish,50.00000000000102,bullish
2022-08-29,1,2022-08-26,2022-08-29,163.63,161.14000000000001,-2.4899999999999807,-124.49999999999903,bullish,-250.99999999999807,bullish
2022-08-30,1,2022-08-29,2022-08-30,161.39,162.15,0.7600000000000193,38.000000000000966,bullish,74.00000000000193,bullish
2022-08-31,1,2022-08-30,2022-08-31,158.92,160.3,1.3800000000000239,69.0000000000012,bullish,136.0000000000024,bullish
2022-09-01,1,2022-08-31,2022-09-01,157.23,156.63,-0.5999999999999943,-29.999999999999716,bullish,-61.99999999999943,bullish
2022-09-02,1,2022-09-01,2022-09-02,157.97,159.72,1.75,87.5,bullish,173.0,bullish
2022-09-06,1,2022-09-02,2022-09-06,155.82,156.45000000000002,0.6300000000000239,31.500000000001194,bullish,61.00000000000239,bullish
2022-09-07,1,2022-09-06,2022-09-07,154.54,154.79000000000002,0.2500000000000284,12.500000000001421,bullish,23.000000000002842,bullish
2022-09-08,1,2022-09-07,2022-09-08,155.97,154.64000000000001,-1.329999999999984,-66.4999999999992,bullish,-134.9999999999984,bullish
2022-09-09,1,2022-09-08,2022-09-09,154.47,155.47,1.0,50.0,bullish,98.0,bullish
2022-09-12,1,2022-09-09,2022-09-12,157.38,159.59,2.210000000000008,110.5000000000004,bullish,219.0000000000008,bullish
2022-09-13,1,2022-09-12,2022-09-13,163.44,160.0,-3.4399999999999977,-171.9999999999999,bullish,-345.9999999999998,bullish
2023-01-30,1,2023-01-27,2023-01-30,145.94,144.95000000000002,-0.9899999999999807,-49.499999999999034,bullish,-100.99999999999807,bullish
2023-02-01,1,2023-01-31,2023-02-01,144.29999999999998,143.93,-0.3699999999999761,-18.499999999998806,bullish,-38.99999999999761,bullish
2023-02-02,1,2023-02-01,2023-02-02,145.44,148.81,3.3700000000000045,168.50000000000023,bullish,335.00000000000045,bullish
2023-02-03,1,2023-02-02,2023-02-03,150.82999999999998,147.93,-2.8999999999999773,-144.99999999999886,bullish,-291.9999999999977,bullish
2023-02-06,1,2023-02-03,2023-02-06,154.51,152.57000000000002,-1.9399999999999693,-96.99999999999847,bullish,-195.99999999999693,bullish
2023-02-07,1,2023-02-06,2023-02-07,151.73999999999998,150.72,-1.0199999999999818,-50.99999999999909,bullish,-103.99999999999818,bullish
2023-02-08,1,2023-02-07,2023-02-08,154.66,153.76000000000002,-0.8999999999999773,-44.99999999999886,bullish,-91.99999999999773,bullish
2023-02-09,1,2023-02-08,2023-02-09,151.92999999999998,153.78,1.8500000000000227,92.50000000000114,bullish,183.00000000000227,bullish
2023-02-10,1,2023-02-09,2023-02-10,150.88,149.48000000000002,-1.3999999999999773,-69.99999999999886,bullish,-141.99999999999773,bullish
2023-02-13,1,2023-02-10,2023-02-13,151.01999999999998,150.95000000000002,-0.06999999999996476,-3.499999999998238,bullish,-8.999999999996476,bullish
2023-02-14,1,2023-02-13,2023-02-14,153.85999999999999,152.06,-1.799999999999983,-89.99999999999915,bullish,-181.9999999999983,bullish
2023-02-15,1,2023-02-14,2023-02-15,153.20999999999998,153.11,-0.0999999999999659,-4.999999999998295,bullish,-11.99999999999659,bullish
2023-02-16,1,2023-02-15,2023-02-16,155.34,153.35000000000002,-1.9899999999999807,-99.49999999999903,bullish,-200.99999999999807,bullish
2023-02-17,1,2023-02-16,2023-02-17,153.72,152.34,-1.3799999999999955,-68.99999999999977,bullish,-139.99999999999955,bullish
2023-02-21,1,2023-02-17,2023-02-21,152.56,150.33,-2.2299999999999898,-111.49999999999949,bullish,-224.99999999999898,bullish
2023-02-22,1,2023-02-21,2023-02-22,148.48999999999998,148.8,0.3100000000000307,15.500000000001535,bullish,29.00000000000307,bullish
2023-02-23,1,2023-02-22,2023-02-23,148.92,150.08,1.160000000000025,58.00000000000125,bullish,114.0000000000025,bullish
2023-02-24,1,2023-02-23,2023-02-24,149.41,147.12,-2.289999999999992,-114.4999999999996,bullish,-230.9999999999992,bullish
2023-02-27,1,2023-02-24,2023-02-27,146.72,147.70000000000002,0.9800000000000182,49.00000000000091,bullish,96.00000000000182,bullish
2023-02-28,1,2023-02-27,2023-02-28,147.92999999999998,147.04000000000002,-0.8899999999999579,-44.4999999999979,bullish,-90.9999999999958,bullish
2023-03-01,1,2023-02-28,2023-03-01,147.42,146.82000000000002,-0.5999999999999659,-29.999999999998295,bullish,-61.99999999999659,bullish
2023-03-02,1,2023-03-01,2023-03-02,145.32,144.4,-0.9199999999999875,-45.999999999999375,bullish,-93.99999999999875,bullish
2023-03-03,1,2023-03-02,2023-03-03,145.92,148.08,2.160000000000025,108.00000000000125,bullish,214.0000000000025,bullish
2023-03-06,1,2023-03-03,2023-03-06,151.04,153.8,2.7600000000000193,138.00000000000097,bullish,274.00000000000193,bullish
2023-03-07,1,2023-03-06,2023-03-07,153.84,153.63,-0.21000000000000796,-10.500000000000398,bullish,-23.000000000000796,bullish
2023-03-08,1,2023-03-07,2023-03-08,151.60999999999999,152.76000000000002,1.150000000000034,57.500000000001705,bullish,113.00000000000341,bullish
2023-03-09,1,2023-03-08,2023-03-09,152.88,153.48000000000002,0.6000000000000227,30.000000000001137,bullish,58.000000000002274,bullish
2023-03-10,1,2023-03-09,2023-03-10,150.6,150.20000000000002,-0.39999999999997726,-19.999999999998863,bullish,-41.999999999997726,bullish
2023-03-13,1,2023-03-10,2023-03-13,148.51,147.8,-0.7099999999999795,-35.49999999999898,bullish,-72.99999999999795,bullish
2023-03-14,1,2023-03-13,2023-03-14,150.48,151.26000000000002,0.7800000000000296,39.00000000000148,bullish,76.00000000000296,bullish
2023-03-15,1,2023-03-14,2023-03-15,152.6,151.18,-1.4199999999999875,-70.99999999999937,bullish,-143.99999999999875,bullish
2023-03-16,1,2023-03-15,2023-03-16,153.0,152.14000000000001,-0.8599999999999852,-42.99999999999926,bullish,-87.99999999999852,bullish
2023-03-17,1,2023-03-16,2023-03-17,155.85999999999999,156.07000000000002,0.21000000000003638,10.500000000001819,bullish,19.000000000003638,bullish
2023-03-20,1,2023-03-17,2023-03-20,155.01,155.02,0.010000000000019327,0.5000000000009663,bullish,-0.9999999999980673,bullish
2023-03-21,1,2023-03-20,2023-03-21,157.41,157.28,-0.12999999999999545,-6.499999999999773,bullish,-14.999999999999545,bullish
2023-03-22,1,2023-03-21,2023-03-22,159.29,159.28,-0.009999999999990905,-0.49999999999954525,bullish,-2.9999999999990905,bullish
2023-03-23,1,2023-03-22,2023-03-23,157.84,158.76000000000002,0.9200000000000159,46.000000000000796,bullish,90.00000000000159,bullish
2023-03-24,1,2023-03-23,2023-03-24,158.94,158.87,-0.06999999999999318,-3.499999999999659,bullish,-8.999999999999318,bullish
2023-03-27,1,2023-03-24,2023-03-27,160.26,159.92000000000002,-0.339999999999975,-16.99999999999875,bullish,-35.9999999999975,bullish
2023-03-28,1,2023-03-27,2023-03-28,158.29,157.98000000000002,-0.30999999999997385,-15.499999999998693,bullish,-32.999999999997385,bullish
2023-03-29,1,2023-03-28,2023-03-29,157.66,159.36,1.700000000000017,85.00000000000085,bullish,168.0000000000017,bullish
2023-03-30,1,2023-03-29,2023-03-30,160.78,161.58,0.8000000000000114,40.00000000000057,bullish,78.00000000000114,bullish
2023-03-31,1,2023-03-30,2023-03-31,162.37,162.42000000000002,0.05000000000001137,2.5000000000005684,bullish,3.000000000001137,bullish
2023-04-03,1,2023-03-31,2023-04-03,164.91,164.26000000000002,-0.6499999999999773,-32.49999999999886,bullish,-66.99999999999773,bullish
2023-04-04,1,2023-04-03,2023-04-04,166.17999999999998,166.58,0.4000000000000341,20.000000000001705,bullish,38.00000000000341,bullish
2023-04-05,1,2023-04-04,2023-04-05,165.64,164.73000000000002,-0.9099999999999682,-45.49999999999841,bullish,-92.99999999999682,bullish
2023-04-06,1,2023-04-05,2023-04-06,163.76999999999998,162.37,-1.3999999999999773,-69.99999999999886,bullish,-141.99999999999773,bullish
2023-04-10,1,2023-04-06,2023-04-10,164.67,161.38,-3.289999999999992,-164.4999999999996,bullish,-330.9999999999992,bullish
2023-04-11,1,2023-04-10,2023-04-11,162.04,162.34,0.30000000000001137,15.000000000000568,bullish,28.000000000001137,bullish
2023-04-12,1,2023-04-11,2023-04-12,160.81,161.21,0.4000000000000057,20.000000000000284,bullish,38.00000000000057,bullish
2023-04-13,1,2023-04-12,2023-04-13,160.10999999999999,161.58,1.4700000000000273,73.50000000000136,bullish,145.00000000000273,bullish
2023-04-14,1,2023-04-13,2023-04-14,165.57,164.58,-0.9899999999999807,-49.499999999999034,bullish,-100.99999999999807,bullish
2023-04-17,1,2023-04-14,2023-04-17,165.22,165.08,-0.13999999999998636,-6.999999999999318,bullish,-15.999999999998636,bullish
2023-04-18,1,2023-04-17,2023-04-18,165.23999999999998,166.06,0.8200000000000216,41.00000000000108,bullish,80.00000000000216,bullish
2023-04-19,1,2023-04-18,2023-04-19,166.48,165.81,-0.6699999999999875,-33.499999999999375,bullish,-68.99999999999875,bullish
2023-04-20,1,2023-04-19,2023-04-20,167.64,166.08,-1.5599999999999739,-77.99999999999869,bullish,-157.99999999999739,bullish
2023-04-21,1,2023-04-20,2023-04-21,166.66,165.04000000000002,-1.6199999999999761,-80.9999999999988,bullish,-163.9999999999976,bullish
2023-04-24,1,2023-04-21,2023-04-24,165.03,164.94,-0.09000000000000341,-4.5000000000001705,bullish,-11.000000000000341,bullish
2023-04-25,1,2023-04-24,2023-04-25,165.34,165.18,-0.1599999999999966,-7.9999999999998295,bullish,-17.99999999999966,bullish
2023-04-26,1,2023-04-25,2023-04-26,163.78,163.04000000000002,-0.7399999999999807,-36.999999999999034,bullish,-75.99999999999807,bullish
2023-04-27,1,2023-04-26,2023-04-27,163.76999999999998,165.12,1.3500000000000227,67.50000000000114,bullish,133.00000000000227,bullish
2023-04-28,1,2023-04-27,2023-04-28,168.42,168.47,0.05000000000001137,2.5000000000005684,bullish,3.000000000001137,bullish
2023-05-01,1,2023-04-28,2023-05-01,169.69,169.28,-0.4099999999999966,-20.49999999999983,bullish,-42.99999999999966,bullish
2023-05-02,1,2023-05-01,2023-05-02,169.6,170.08,0.4800000000000182,24.00000000000091,bullish,46.00000000000182,bullish
2023-05-03,1,2023-05-02,2023-05-03,168.54999999999998,169.5,0.950000000000017,47.50000000000085,bullish,93.0000000000017,bullish
2023-05-04,1,2023-05-03,2023-05-04,167.45999999999998,164.82000000000002,-2.639999999999958,-131.9999999999979,bullish,-265.9999999999958,bullish
2023-05-05,1,2023-05-04,2023-05-05,165.79999999999998,170.99,5.190000000000026,259.5000000000013,bullish,517.0000000000026,bullish
2023-05-08,1,2023-05-05,2023-05-08,173.57999999999998,172.51000000000002,-1.0699999999999648,-53.49999999999824,bullish,-108.99999999999648,bullish
2023-05-09,1,2023-05-08,2023-05-09,173.51,173.12,-0.38999999999998636,-19.499999999999318,bullish,-40.999999999998636,bullish
2023-05-10,1,2023-05-09,2023-05-10,171.78,173.0,1.2199999999999989,60.99999999999994,bullish,119.99999999999989,bullish
2023-05-11,1,2023-05-10,2023-05-11,173.57,173.84,0.27000000000001023,13.500000000000512,bullish,25.000000000001023,bullish
2023-05-12,1,2023-05-11,2023-05-12,173.76,173.61,-0.14999999999997726,-7.499999999998863,bullish,-16.999999999997726,bullish
2023-05-15,1,2023-05-12,2023-05-15,172.57999999999998,173.15,0.5700000000000216,28.50000000000108,bullish,55.00000000000216,bullish
2023-05-16,1,2023-05-15,2023-05-16,172.07999999999998,171.98000000000002,-0.0999999999999659,-4.999999999998295,bullish,-11.99999999999659,bullish
2023-05-17,1,2023-05-16,2023-05-17,172.07999999999998,171.74,-0.339999999999975,-16.99999999999875,bullish,-35.9999999999975,bullish
2023-05-18,1,2023-05-17,2023-05-18,172.7,172.99,0.29000000000002046,14.500000000001023,bullish,27.000000000002046,bullish
2023-05-19,1,2023-05-18,2023-05-19,175.06,176.38,1.3199999999999932,65.99999999999966,bullish,129.99999999999932,bullish
2023-05-22,1,2023-05-19,2023-05-22,175.17,173.95000000000002,-1.2199999999999704,-60.99999999999852,bullish,-123.99999999999704,bullish
2023-05-23,1,2023-05-22,2023-05-23,174.20999999999998,173.12,-1.089999999999975,-54.49999999999875,bullish,-110.9999999999975,bullish
2023-05-24,1,2023-05-23,2023-05-24,171.57,171.08,-0.4899999999999807,-24.499999999999034,bullish,-50.99999999999807,bullish
2023-05-25,1,2023-05-24,2023-05-25,171.85,172.49,0.6400000000000148,32.00000000000074,bullish,62.00000000000148,bullish
2023-05-26,1,2023-05-25,2023-05-26,173.0,173.3,0.30000000000001137,15.000000000000568,bullish,28.000000000001137,bullish
2023-05-30,1,2023-05-26,2023-05-30,175.44,176.99,1.5500000000000114,77.50000000000057,bullish,153.00000000000114,bullish
2023-05-31,1,2023-05-30,2023-05-31,177.31,177.31,0.0,0.0,bullish,-2.0,bullish
2023-06-01,1,2023-05-31,2023-06-01,177.26,177.69,0.4300000000000068,21.50000000000034,bullish,41.00000000000068,bullish
2023-06-02,1,2023-06-01,2023-06-02,180.1,181.04000000000002,0.9400000000000261,47.00000000000131,bullish,92.00000000000261,bullish
2023-06-05,1,2023-06-02,2023-06-05,180.95999999999998,182.62,1.660000000000025,83.00000000000125,bullish,164.0000000000025,bullish
2023-06-06,1,2023-06-05,2023-06-06,179.59,179.99,0.4000000000000057,20.000000000000284,bullish,38.00000000000057,bullish
2023-06-07,1,2023-06-06,2023-06-07,179.22,178.43,-0.789999999999992,-39.4999999999996,bullish,-80.9999999999992,bullish
2023-06-08,1,2023-06-07,2023-06-08,177.82999999999998,177.88,0.05000000000001137,2.5000000000005684,bullish,3.000000000001137,bullish
2023-06-09,1,2023-06-08,2023-06-09,180.57999999999998,181.51000000000002,0.9300000000000352,46.50000000000176,bullish,91.00000000000352,bullish
2023-06-12,1,2023-06-09,2023-06-12,180.97,181.26000000000002,0.29000000000002046,14.500000000001023,bullish,27.000000000002046,bullish
2023-06-13,1,2023-06-12,2023-06-13,183.79999999999998,182.78,-1.0199999999999818,-50.99999999999909,bullish,-103.99999999999818,bullish
2023-06-14,1,2023-06-13,2023-06-14,183.32,183.3,-0.01999999999998181,-0.9999999999990905,bullish,-3.999999999998181,bullish
2023-06-15,1,2023-06-14,2023-06-15,183.95999999999998,183.96,2.842170943040401e-14,1.4210854715202004e-12,bullish,-1.9999999999971578,bullish
2023-06-16,1,2023-06-15,2023-06-16,186.01999999999998,186.60000000000002,0.5800000000000409,29.000000000002046,bullish,56.00000000000409,bullish
2023-06-20,1,2023-06-16,2023-06-20,184.92999999999998,184.4,-0.5299999999999727,-26.499999999998636,bullish,-54.99999999999727,bullish
2023-06-21,1,2023-06-20,2023-06-21,185.01999999999998,184.88,-0.13999999999998636,-6.999999999999318,bullish,-15.999999999998636,bullish
2023-06-22,1,2023-06-21,2023-06-22,183.97,183.73000000000002,-0.23999999999998067,-11.999999999999034,bullish,-25.999999999998067,bullish
2023-06-23,1,2023-06-22,2023-06-23,187.01,185.54000000000002,-1.4699999999999704,-73.49999999999852,bullish,-148.99999999999704,bullish
2023-06-26,1,2023-06-23,2023-06-26,186.69,186.79000000000002,0.10000000000002274,5.000000000001137,bullish,8.000000000002274,bullish
2023-06-27,1,2023-06-26,2023-06-27,185.28,185.9,0.6200000000000045,31.000000000000227,bullish,60.000000000000455,bullish
2023-06-28,1,2023-06-27,2023-06-28,188.07,187.96,-0.10999999999998522,-5.499999999999261,bullish,-12.999999999998522,bullish
2023-06-29,1,2023-06-28,2023-06-29,189.26,189.06,-0.19999999999998863,-9.999999999999432,bullish,-21.999999999998863,bullish
2023-06-30,1,2023-06-29,2023-06-30,189.6,191.62,2.0200000000000102,101.00000000000051,bullish,200.00000000000102,bullish
2023-07-03,1,2023-06-30,2023-07-03,193.98,193.79000000000002,-0.1899999999999693,-9.499999999998465,bullish,-20.99999999999693,bullish
2023-07-05,1,2023-07-03,2023-07-05,192.47,191.56,-0.9099999999999966,-45.49999999999983,bullish,-92.99999999999966,bullish
2023-07-06,1,2023-07-05,2023-07-06,191.34,189.9,-1.4399999999999977,-71.99999999999989,bullish,-145.99999999999977,bullish
2023-07-07,1,2023-07-06,2023-07-07,191.82,191.39000000000001,-0.4299999999999784,-21.49999999999892,bullish,-44.99999999999784,bullish
2023-07-10,1,2023-07-07,2023-07-10,190.69,189.22,-1.4699999999999989,-73.49999999999994,bullish,-148.9999999999999,bullish
2023-07-11,1,2023-07-10,2023-07-11,188.62,189.19,0.5699999999999932,28.49999999999966,bullish,54.99999999999932,bullish
2023-07-12,1,2023-07-11,2023-07-12,188.09,189.67000000000002,1.5800000000000125,79.00000000000063,bullish,156.00000000000125,bullish
2023-07-13,1,2023-07-12,2023-07-13,189.78,190.49,0.710000000000008,35.5000000000004,bullish,69.0000000000008,bullish
2023-07-14,1,2023-07-13,2023-07-14,190.54999999999998,190.24,-0.30999999999997385,-15.499999999998693,bullish,-32.999999999997385,bullish
2023-07-17,1,2023-07-14,2023-07-17,190.7,191.89000000000001,1.1900000000000261,59.50000000000131,bullish,117.00000000000261,bullish
2023-07-18,1,2023-07-17,2023-07-18,194.0,193.39000000000001,-0.6099999999999852,-30.49999999999926,bullish,-62.99999999999852,bullish
2023-07-19,1,2023-07-18,2023-07-19,193.73999999999998,193.06,-0.6799999999999784,-33.99999999999892,bullish,-69.99999999999784,bullish
2023-07-20,1,2023-07-19,2023-07-20,195.10999999999999,195.07000000000002,-0.03999999999996362,-1.999999999998181,bullish,-5.999999999996362,bullish
2023-07-21,1,2023-07-20,2023-07-21,193.14,194.09,0.950000000000017,47.50000000000085,bullish,93.0000000000017,bullish
2023-07-24,1,2023-07-21,2023-07-24,191.95,193.39000000000001,1.4400000000000261,72.00000000000131,bullish,142.00000000000261,bullish
2023-07-25,1,2023-07-24,2023-07-25,192.76,193.38,0.6200000000000045,31.000000000000227,bullish,60.000000000000455,bullish
2023-07-26,1,2023-07-25,2023-07-26,193.63,193.70000000000002,0.0700000000000216,3.50000000000108,bullish,5.00000000000216,bullish
2023-07-27,1,2023-07-26,2023-07-27,194.51,196.04000000000002,1.5300000000000296,76.50000000000148,bullish,151.00000000000296,bullish
2023-07-28,1,2023-07-27,2023-07-28,193.23,194.69,1.460000000000008,73.0000000000004,bullish,144.0000000000008,bullish
2023-07-31,1,2023-07-28,2023-07-31,195.84,196.08,0.2400000000000091,12.000000000000455,bullish,22.00000000000091,bullish
2023-08-01,1,2023-07-31,2023-08-01,196.45999999999998,196.23000000000002,-0.22999999999996135,-11.499999999998067,bullish,-24.999999999996135,bullish
2023-08-02,1,2023-08-01,2023-08-02,195.62,195.07000000000002,-0.549999999999983,-27.499999999999147,bullish,-56.999999999998295,bullish
2023-08-03,1,2023-08-02,2023-08-03,192.59,191.55,-1.039999999999992,-51.9999999999996,bullish,-105.9999999999992,bullish
2023-08-04,1,2023-08-03,2023-08-04,191.17999999999998,185.55,-5.629999999999967,-281.49999999999835,bullish,-564.9999999999967,bullish
2023-11-09,1,2023-11-08,2023-11-09,182.89999999999998,182.95000000000002,0.05000000000003979,2.5000000000019895,bullish,3.000000000003979,bullish
2023-11-13,1,2023-11-10,2023-11-13,186.41,185.76000000000002,-0.6499999999999773,-32.49999999999886,bullish,-66.99999999999773,bullish
2023-11-14,1,2023-11-13,2023-11-14,184.81,187.68,2.8700000000000045,143.50000000000023,bullish,285.00000000000045,bullish
2023-11-15,1,2023-11-14,2023-11-15,187.45,187.83,0.3800000000000239,19.000000000001194,bullish,36.00000000000239,bullish
2023-11-16,1,2023-11-15,2023-11-16,188.01999999999998,189.52,1.5000000000000284,75.00000000000142,bullish,148.00000000000284,bullish
2023-11-17,1,2023-11-16,2023-11-17,189.72,190.24,0.5200000000000102,26.00000000000051,bullish,50.00000000000102,bullish
2023-11-20,1,2023-11-17,2023-11-20,189.7,189.88,0.18000000000000682,9.000000000000341,bullish,16.000000000000682,bullish
2023-11-21,1,2023-11-20,2023-11-21,191.45999999999998,191.45000000000002,-0.009999999999962483,-0.49999999999812417,bullish,-2.9999999999962483,bullish
2023-11-22,1,2023-11-21,2023-11-22,190.64999999999998,191.48000000000002,0.8300000000000409,41.500000000002046,bullish,81.00000000000409,bullish
2023-11-24,1,2023-11-22,2023-11-24,191.32,190.86,-0.45999999999997954,-22.999999999998977,bullish,-47.999999999997954,bullish
2023-11-27,1,2023-11-24,2023-11-27,189.98,189.9,-0.07999999999998408,-3.999999999999204,bullish,-9.999999999998408,bullish
2023-11-28,1,2023-11-27,2023-11-28,189.79999999999998,189.77,-0.029999999999972715,-1.4999999999986358,bullish,-4.9999999999972715,bullish
2023-11-29,1,2023-11-28,2023-11-29,190.41,190.9,0.4900000000000091,24.500000000000455,bullish,47.00000000000091,bullish
2023-11-30,1,2023-11-29,2023-11-30,189.38,189.83,0.45000000000001705,22.500000000000853,bullish,43.000000000001705,bullish
2023-12-01,1,2023-11-30,2023-12-01,189.95999999999998,190.32000000000002,0.36000000000004206,18.000000000002103,bullish,34.000000000004206,bullish
2023-12-04,1,2023-12-01,2023-12-04,191.25,189.97,-1.2800000000000011,-64.00000000000006,bullish,-130.0000000000001,bullish
2023-12-05,1,2023-12-04,2023-12-05,189.44,190.20000000000002,0.7600000000000193,38.000000000000966,bullish,74.00000000000193,bullish
2023-12-06,1,2023-12-05,2023-12-06,193.42999999999998,194.44,1.0100000000000193,50.500000000000966,bullish,99.00000000000193,bullish
2023-12-07,1,2023-12-06,2023-12-07,192.32999999999998,193.62,1.2900000000000205,64.50000000000102,bullish,127.00000000000205,bullish
2023-12-08,1,2023-12-07,2023-12-08,194.28,194.07000000000002,-0.20999999999997954,-10.499999999998977,bullish,-22.999999999997954,bullish
2023-12-11,1,2023-12-08,2023-12-11,195.72,193.21,-2.509999999999991,-125.49999999999955,bullish,-252.9999999999991,bullish
2023-12-12,1,2023-12-11,2023-12-12,193.19,192.91,-0.28000000000000114,-14.000000000000057,bullish,-30.000000000000114,bullish
2023-12-13,1,2023-12-12,2023-12-13,194.72,195.07000000000002,0.35000000000002274,17.500000000001137,bullish,33.000000000002274,bullish
2023-12-14,1,2023-12-13,2023-12-14,197.97,198.0,0.030000000000001137,1.5000000000000568,bullish,1.0000000000001137,bullish
2023-12-15,1,2023-12-14,2023-12-15,198.12,197.52,-0.5999999999999943,-29.999999999999716,bullish,-61.99999999999943,bullish
2023-12-18,1,2023-12-15,2023-12-18,197.57999999999998,196.10000000000002,-1.4799999999999613,-73.99999999999807,bullish,-149.99999999999613,bullish
2023-12-19,1,2023-12-18,2023-12-19,195.89999999999998,196.14000000000001,0.24000000000003752,12.000000000001876,bullish,22.00000000000375,bullish
2023-12-20,1,2023-12-19,2023-12-20,196.95,196.85000000000002,-0.0999999999999659,-4.999999999998295,bullish,-11.99999999999659,bullish
2023-12-21,1,2023-12-20,2023-12-21,194.84,196.12,1.2800000000000011,64.00000000000006,bullish,126.00000000000011,bullish
2023-12-22,1,2023-12-21,2023-12-22,194.69,195.16,0.46999999999999886,23.499999999999943,bullish,44.999999999999886,bullish
2023-12-26,1,2023-12-22,2023-12-26,193.60999999999999,193.60000000000002,-0.009999999999962483,-0.49999999999812417,bullish,-2.9999999999962483,bullish
2023-12-27,1,2023-12-26,2023-12-27,193.06,192.48000000000002,-0.5799999999999841,-28.999999999999204,bullish,-59.99999999999841,bullish
2023-12-28,1,2023-12-27,2023-12-28,193.16,194.08,0.9200000000000159,46.000000000000796,bullish,90.00000000000159,bullish
2023-12-29,1,2023-12-28,2023-12-29,193.59,193.87,0.28000000000000114,14.000000000000057,bullish,26.000000000000114,bullish
2024-01-02,1,2023-12-29,2024-01-02,192.54,187.16,-5.3799999999999955,-268.9999999999998,bullish,-539.9999999999995,bullish
2024-01-03,1,2024-01-02,2024-01-03,185.64999999999998,184.28,-1.3699999999999761,-68.4999999999988,bullish,-138.9999999999976,bullish
2024-01-04,1,2024-01-03,2024-01-04,184.26,182.16,-2.0999999999999943,-104.99999999999972,bullish,-211.99999999999943,bullish
2024-01-09,1,2024-01-08,2024-01-09,185.57,183.91,-1.6599999999999966,-82.99999999999983,bullish,-167.99999999999966,bullish
2024-01-10,1,2024-01-09,2024-01-10,185.14999999999998,184.3,-0.8499999999999659,-42.499999999998295,bullish,-86.99999999999659,bullish
2024-01-11,1,2024-01-10,2024-01-11,186.2,186.53,0.3300000000000125,16.500000000000625,bullish,31.00000000000125,bullish
2024-01-12,1,2024-01-11,2024-01-12,185.6,186.04000000000002,0.44000000000002615,22.000000000001307,bullish,42.000000000002615,bullish
2024-01-19,1,2024-01-18,2024-01-19,188.64,189.39000000000001,0.7500000000000284,37.50000000000142,bullish,73.00000000000284,bullish
2024-01-22,1,2024-01-19,2024-01-22,191.57,192.28,0.710000000000008,35.5000000000004,bullish,69.0000000000008,bullish
2024-01-23,1,2024-01-22,2024-01-23,193.89999999999998,195.0,1.1000000000000227,55.00000000000114,bullish,108.00000000000227,bullish
2024-01-24,1,2024-01-23,2024-01-24,195.19,195.4,0.21000000000000796,10.500000000000398,bullish,19.000000000000796,bullish
2024-01-25,1,2024-01-24,2024-01-25,194.51,195.21,0.700000000000017,35.00000000000085,bullish,68.0000000000017,bullish
2024-01-26,1,2024-01-25,2024-01-26,194.17999999999998,194.25,0.0700000000000216,3.50000000000108,bullish,5.00000000000216,bullish
2024-05-06,1,2024-05-03,2024-05-06,183.39,182.39000000000001,-0.9999999999999716,-49.99999999999858,bullish,-101.99999999999716,bullish
2024-05-09,1,2024-05-08,2024-05-09,182.75,182.56,-0.18999999999999773,-9.499999999999886,bullish,-20.999999999999773,bullish
2024-05-10,1,2024-05-09,2024-05-10,184.57999999999998,184.91,0.3300000000000125,16.500000000000625,bullish,31.00000000000125,bullish
2024-05-13,1,2024-05-10,2024-05-13,183.06,185.49,2.430000000000007,121.50000000000034,bullish,241.00000000000068,bullish
2024-05-14,1,2024-05-13,2024-05-14,186.29,187.58,1.2900000000000205,64.50000000000102,bullish,127.00000000000205,bullish
2024-05-15,1,2024-05-14,2024-05-15,187.44,187.82000000000002,0.3800000000000239,19.000000000001194,bullish,36.00000000000239,bullish
2024-05-16,1,2024-05-15,2024-05-16,189.73,190.43,0.700000000000017,35.00000000000085,bullish,68.0000000000017,bullish
2024-05-17,1,2024-05-16,2024-05-17,189.85,189.52,-0.3299999999999841,-16.499999999999204,bullish,-34.99999999999841,bullish
2024-05-20,1,2024-05-17,2024-05-20,189.88,189.32000000000002,-0.5599999999999739,-27.999999999998693,bullish,-57.999999999997385,bullish
2024-05-21,1,2024-05-20,2024-05-21,191.04999999999998,191.08,0.03000000000002956,1.500000000001478,bullish,1.0000000000029559,bullish
2024-05-22,1,2024-05-21,2024-05-22,192.35999999999999,192.37,0.010000000000019327,0.5000000000009663,bullish,-0.9999999999980673,bullish
2024-05-23,1,2024-05-22,2024-05-23,190.91,190.97,0.060000000000002274,3.0000000000001137,bullish,4.000000000000227,bullish
2024-05-24,1,2024-05-23,2024-05-24,186.89,188.81,1.920000000000016,96.0000000000008,bullish,190.0000000000016,bullish
2024-05-28,1,2024-05-24,2024-05-28,189.98999999999998,191.5,1.5100000000000193,75.50000000000097,bullish,149.00000000000193,bullish
2024-05-29,1,2024-05-28,2024-05-29,190.0,189.66,-0.3400000000000034,-17.00000000000017,bullish,-36.00000000000034,bullish
2024-05-30,1,2024-05-29,2024-05-30,190.29999999999998,190.77,0.4700000000000273,23.500000000001364,bullish,45.00000000000273,bullish
2024-05-31,1,2024-05-30,2024-05-31,191.29999999999998,191.35000000000002,0.05000000000003979,2.5000000000019895,bullish,3.000000000003979,bullish
2024-06-03,1,2024-05-31,2024-06-03,192.26,193.0,0.7400000000000091,37.000000000000455,bullish,72.00000000000091,bullish
2024-06-04,1,2024-06-03,2024-06-04,194.04,194.60000000000002,0.5600000000000307,28.000000000001535,bullish,54.00000000000307,bullish
2024-06-05,1,2024-06-04,2024-06-05,194.35999999999999,195.43,1.0700000000000216,53.50000000000108,bullish,105.00000000000216,bullish
2024-06-06,1,2024-06-05,2024-06-06,195.88,195.66,-0.21999999999999886,-10.999999999999943,bullish,-23.999999999999886,bullish
2024-06-07,1,2024-06-06,2024-06-07,194.48999999999998,194.64000000000001,0.1500000000000341,7.500000000001705,bullish,13.00000000000341,bullish
2024-06-10,1,2024-06-07,2024-06-10,196.89999999999998,196.87,-0.029999999999972715,-1.4999999999986358,bullish,-4.9999999999972715,bullish
2024-06-11,1,2024-06-10,2024-06-11,193.13,193.68,0.5500000000000114,27.50000000000057,bullish,53.00000000000114,bullish
2024-06-12,1,2024-06-11,2024-06-12,207.16,207.36,0.20000000000001705,10.000000000000853,bullish,18.000000000001705,bullish
2024-06-13,1,2024-06-12,2024-06-13,213.07999999999998,214.73000000000002,1.650000000000034,82.5000000000017,bullish,163.0000000000034,bullish
2024-06-14,1,2024-06-13,2024-06-14,214.25,213.81,-0.4399999999999977,-21.999999999999886,bullish,-45.99999999999977,bullish
2024-06-17,1,2024-06-14,2024-06-17,212.5,213.35000000000002,0.8500000000000227,42.50000000000114,bullish,83.00000000000227,bullish
2024-06-18,1,2024-06-17,2024-06-18,216.67999999999998,217.60000000000002,0.9200000000000443,46.00000000000222,bullish,90.00000000000443,bullish
2024-06-20,1,2024-06-18,2024-06-20,214.29999999999998,213.95000000000002,-0.3499999999999659,-17.499999999998295,bullish,-36.99999999999659,bullish
2024-06-21,1,2024-06-20,2024-06-21,209.69,210.44,0.75,37.5,bullish,73.0,bullish
2024-06-24,1,2024-06-21,2024-06-24,207.5,207.66,0.1599999999999966,7.9999999999998295,bullish,13.999999999999659,bullish
2024-06-25,1,2024-06-24,2024-06-25,208.14999999999998,209.13,0.9800000000000182,49.00000000000091,bullish,96.00000000000182,bullish
2024-06-26,1,2024-06-25,2024-06-26,209.07999999999998,211.49,2.410000000000025,120.50000000000125,bullish,239.0000000000025,bullish
2024-06-27,1,2024-06-26,2024-06-27,213.26,214.69,1.4300000000000068,71.50000000000034,bullish,141.00000000000068,bullish
2024-06-28,1,2024-06-27,2024-06-28,214.10999999999999,215.78,1.670000000000016,83.5000000000008,bullish,165.0000000000016,bullish
2024-07-01,1,2024-06-28,2024-07-01,210.63,212.08,1.450000000000017,72.50000000000085,bullish,143.0000000000017,bullish
2024-07-02,1,2024-07-01,2024-07-02,216.76,216.14000000000001,-0.6199999999999761,-30.999999999998806,bullish,-63.99999999999761,bullish
2024-07-03,1,2024-07-02,2024-07-03,220.28,219.99,-0.28999999999999204,-14.499999999999602,bullish,-30.999999999999204,bullish
2024-07-05,1,2024-07-03,2024-07-05,221.56,221.64000000000001,0.0800000000000125,4.000000000000625,bullish,6.0000000000012506,bullish
2024-07-08,1,2024-07-05,2024-07-08,226.35,227.08,0.7300000000000182,36.50000000000091,bullish,71.00000000000182,bullish
2024-07-09,1,2024-07-08,2024-07-09,227.82999999999998,227.87,0.040000000000020464,2.000000000001023,bullish,2.0000000000020464,bullish
2024-07-10,1,2024-07-09,2024-07-10,228.69,229.26000000000002,0.5700000000000216,28.50000000000108,bullish,55.00000000000216,bullish
2024-07-11,1,2024-07-10,2024-07-11,232.98999999999998,231.20000000000002,-1.7899999999999636,-89.49999999999818,bullish,-180.99999999999636,bullish
2024-07-12,1,2024-07-11,2024-07-12,227.57999999999998,228.91,1.3300000000000125,66.50000000000063,bullish,131.00000000000125,bullish
2024-07-15,1,2024-07-12,2024-07-15,230.54999999999998,236.46,5.910000000000025,295.50000000000125,bullish,589.0000000000025,bullish
2024-07-16,1,2024-07-15,2024-07-16,234.41,234.99,0.5800000000000125,29.000000000000625,bullish,56.00000000000125,bullish
2024-07-17,1,2024-07-16,2024-07-17,234.82999999999998,229.45000000000002,-5.379999999999967,-268.99999999999835,bullish,-539.9999999999967,bullish
2024-07-18,1,2024-07-17,2024-07-18,228.89,230.13,1.240000000000009,62.000000000000455,bullish,122.00000000000091,bullish
2024-07-19,1,2024-07-18,2024-07-19,224.19,224.83,0.6400000000000148,32.00000000000074,bullish,62.00000000000148,bullish
2024-07-22,1,2024-07-19,2024-07-22,224.32,226.98000000000002,2.660000000000025,133.00000000000125,bullish,264.0000000000025,bullish
2024-07-23,1,2024-07-22,2024-07-23,223.97,224.36,0.3900000000000148,19.50000000000074,bullish,37.00000000000148,bullish
2024-07-24,1,2024-07-23,2024-07-24,225.01999999999998,224.05,-0.9699999999999704,-48.49999999999852,bullish,-98.99999999999704,bullish
2024-07-25,1,2024-07-24,2024-07-25,218.54999999999998,218.86,0.3100000000000307,15.500000000001535,bullish,29.00000000000307,bullish
2024-07-26,1,2024-07-25,2024-07-26,217.5,218.68,1.1800000000000068,59.00000000000034,bullish,116.00000000000068,bullish
2024-07-29,1,2024-07-26,2024-07-29,217.97,216.95000000000002,-1.0199999999999818,-50.99999999999909,bullish,-103.99999999999818,bullish
2024-07-30,1,2024-07-29,2024-07-30,218.25,219.19,0.9399999999999977,46.999999999999886,bullish,91.99999999999977,bullish
2024-07-31,1,2024-07-30,2024-07-31,218.81,221.43,2.6200000000000045,131.00000000000023,bullish,260.00000000000045,bullish
2024-08-01,1,2024-07-31,2024-08-01,222.09,224.36,2.2700000000000102,113.50000000000051,bullish,225.00000000000102,bullish
2024-08-02,1,2024-08-01,2024-08-02,218.37,219.14000000000001,0.7700000000000102,38.50000000000051,bullish,75.00000000000102,bullish
2024-08-05,1,2024-08-02,2024-08-05,219.87,199.08,-20.789999999999992,-1039.4999999999995,bullish,-2080.999999999999,bullish
2024-08-06,1,2024-08-05,2024-08-06,209.28,205.3,-3.9799999999999898,-198.9999999999995,bullish,-399.999999999999,bullish
2024-08-08,1,2024-08-07,2024-08-08,209.82999999999998,213.10000000000002,3.2700000000000387,163.50000000000193,bullish,325.00000000000387,bullish
2024-08-09,1,2024-08-08,2024-08-09,213.32,212.09,-1.2299999999999898,-61.49999999999949,bullish,-124.99999999999898,bullish
2024-08-12,1,2024-08-09,2024-08-12,216.25,216.13,-0.12000000000000455,-6.000000000000227,bullish,-14.000000000000455,bullish
2024-08-13,1,2024-08-12,2024-08-13,217.54,219.05,1.5100000000000193,75.50000000000097,bullish,149.00000000000193,bullish
2024-08-14,1,2024-08-13,2024-08-14,221.28,220.41,-0.8700000000000045,-43.50000000000023,bullish,-89.00000000000045,bullish
2024-08-15,1,2024-08-14,2024-08-15,221.73,224.48000000000002,2.7500000000000284,137.50000000000142,bullish,273.00000000000284,bullish
2024-08-16,1,2024-08-15,2024-08-16,224.73,223.77,-0.9599999999999795,-47.99999999999898,bullish,-97.99999999999795,bullish
2024-08-19,1,2024-08-16,2024-08-19,226.06,225.66,-0.4000000000000057,-20.000000000000284,bullish,-42.00000000000057,bullish
2024-08-20,1,2024-08-19,2024-08-20,225.89999999999998,225.74,-0.15999999999996817,-7.999999999998408,bullish,-17.999999999996817,bullish
2024-08-21,1,2024-08-20,2024-08-21,226.51999999999998,226.5,-0.01999999999998181,-0.9999999999990905,bullish,-3.999999999998181,bullish
2024-08-22,1,2024-08-21,2024-08-22,226.41,227.76000000000002,1.3500000000000227,67.50000000000114,bullish,133.00000000000227,bullish
2024-08-23,1,2024-08-22,2024-08-23,224.54,225.78,1.240000000000009,62.000000000000455,bullish,122.00000000000091,bullish
2024-08-26,1,2024-08-23,2024-08-26,226.85,226.75,-0.09999999999999432,-4.999999999999716,bullish,-11.999999999999432,bullish
2024-08-27,1,2024-08-26,2024-08-27,227.19,225.99,-1.1999999999999886,-59.99999999999943,bullish,-121.99999999999886,bullish
2024-08-28,1,2024-08-27,2024-08-28,228.04,227.91,-0.12999999999999545,-6.499999999999773,bullish,-14.999999999999545,bullish
2024-08-29,1,2024-08-28,2024-08-29,226.5,230.09,3.5900000000000034,179.50000000000017,bullish,357.00000000000034,bullish
2024-08-30,1,2024-08-29,2024-08-30,229.79999999999998,230.18,0.3800000000000239,19.000000000001194,bullish,36.00000000000239,bullish
2024-09-03,1,2024-08-30,2024-09-03,229.01,228.61,-0.39999999999997726,-19.999999999998863,bullish,-41.999999999997726,bullish
2024-09-06,1,2024-09-05,2024-09-06,222.39,223.99,1.6000000000000227,80.00000000000114,bullish,158.00000000000227,bullish
2024-09-12,1,2024-09-11,2024-09-12,222.67,222.5,-0.1699999999999875,-8.499999999999375,bullish,-18.99999999999875,bullish
2024-09-13,1,2024-09-12,2024-09-13,222.78,223.60000000000002,0.8200000000000216,41.00000000000108,bullish,80.00000000000216,bullish
2024-09-16,1,2024-09-13,2024-09-16,222.51,216.51000000000002,-5.999999999999972,-299.9999999999986,bullish,-601.9999999999972,bullish
2024-09-17,1,2024-09-16,2024-09-17,216.32999999999998,215.74,-0.589999999999975,-29.49999999999875,bullish,-60.9999999999975,bullish
2024-09-18,1,2024-09-17,2024-09-18,216.79999999999998,217.54000000000002,0.7400000000000375,37.000000000001876,bullish,72.00000000000375,bullish
2024-09-19,1,2024-09-18,2024-09-19,220.7,224.99,4.2900000000000205,214.50000000000102,bullish,427.00000000000205,bullish
2024-09-20,1,2024-09-19,2024-09-20,228.88,229.96,1.0800000000000125,54.000000000000625,bullish,106.00000000000125,bullish
2024-09-23,1,2024-09-20,2024-09-23,228.20999999999998,227.33,-0.879999999999967,-43.99999999999835,bullish,-89.9999999999967,bullish
2024-09-24,1,2024-09-23,2024-09-24,226.48,228.58,2.1000000000000227,105.00000000000114,bullish,208.00000000000227,bullish
2024-09-25,1,2024-09-24,2024-09-25,227.38,225.0,-2.3799999999999955,-118.99999999999977,bullish,-239.99999999999955,bullish
2024-09-26,1,2024-09-25,2024-09-26,226.38,227.3,0.9200000000000159,46.000000000000796,bullish,90.00000000000159,bullish
2024-09-27,1,2024-09-26,2024-09-27,227.53,228.47,0.9399999999999977,46.999999999999886,bullish,91.99999999999977,bullish
2024-09-30,1,2024-09-27,2024-09-30,227.79999999999998,230.03,2.230000000000018,111.50000000000091,bullish,221.00000000000182,bullish
2024-10-01,1,2024-09-30,2024-10-01,233.01,229.51000000000002,-3.4999999999999716,-174.99999999999858,bullish,-351.99999999999716,bullish
2024-10-02,1,2024-10-01,2024-10-02,226.22,225.88,-0.3400000000000034,-17.00000000000017,bullish,-36.00000000000034,bullish
2024-10-03,1,2024-10-02,2024-10-03,226.79,225.13,-1.6599999999999966,-82.99999999999983,bullish,-167.99999999999966,bullish
2024-10-04,1,2024-10-03,2024-10-04,225.67999999999998,227.89000000000001,2.2100000000000364,110.50000000000182,bullish,219.00000000000364,bullish
2024-10-07,1,2024-10-04,2024-10-07,226.81,224.48000000000002,-2.329999999999984,-116.4999999999992,bullish,-234.9999999999984,bullish
2024-10-08,1,2024-10-07,2024-10-08,221.7,224.24,2.5400000000000205,127.00000000000102,bullish,252.00000000000205,bullish
2024-10-09,1,2024-10-08,2024-10-09,225.78,225.3,-0.47999999999998977,-23.99999999999949,bullish,-49.99999999999898,bullish
2024-10-10,1,2024-10-09,2024-10-10,229.54999999999998,227.79000000000002,-1.7599999999999625,-87.99999999999812,bullish,-177.99999999999625,bullish
2024-10-11,1,2024-10-10,2024-10-11,229.04999999999998,229.48000000000002,0.43000000000003524,21.500000000001762,bullish,41.000000000003524,bullish
2024-10-14,1,2024-10-11,2024-10-14,227.56,228.69,1.1299999999999955,56.49999999999977,bullish,110.99999999999955,bullish
2024-10-15,1,2024-10-14,2024-10-15,231.31,233.59,2.280000000000001,114.00000000000006,bullish,226.0000000000001,bullish
2024-10-16,1,2024-10-15,2024-10-16,233.85999999999999,231.70000000000002,-2.159999999999968,-107.99999999999841,bullish,-217.99999999999682,bullish
2024-10-17,1,2024-10-16,2024-10-17,231.79,233.42000000000002,1.6300000000000239,81.5000000000012,bullish,161.0000000000024,bullish
2024-10-18,1,2024-10-17,2024-10-18,232.16,236.17000000000002,4.010000000000019,200.50000000000097,bullish,399.00000000000193,bullish
2024-10-21,1,2024-10-18,2024-10-21,235.01,234.49,-0.5199999999999818,-25.99999999999909,bullish,-53.99999999999818,bullish
2024-10-22,1,2024-10-21,2024-10-22,236.48999999999998,233.87,-2.619999999999976,-130.9999999999988,bullish,-263.9999999999976,bullish
2024-10-23,1,2024-10-22,2024-10-23,235.87,234.12,-1.75,-87.5,bullish,-177.0,bullish
2024-10-24,1,2024-10-23,2024-10-24,230.76999999999998,229.97,-0.799999999999983,-39.99999999999915,bullish,-81.9999999999983,bullish
2024-10-25,1,2024-10-24,2024-10-25,230.57999999999998,229.73000000000002,-0.8499999999999659,-42.499999999998295,bullish,-86.99999999999659,bullish
2024-10-28,1,2024-10-25,2024-10-28,231.42,233.33,1.910000000000025,95.50000000000125,bullish,189.0000000000025,bullish
2024-10-29,1,2024-10-28,2024-10-29,233.41,233.25,-0.1599999999999966,-7.9999999999998295,bullish,-17.99999999999966,bullish
2024-10-30,1,2024-10-29,2024-10-30,233.67999999999998,232.62,-1.0599999999999739,-52.99999999999869,bullish,-107.99999999999739,bullish
2024-10-31,1,2024-10-30,2024-10-31,230.10999999999999,229.5,-0.6099999999999852,-30.49999999999926,bullish,-62.99999999999852,bullish
2024-11-01,1,2024-10-31,2024-11-01,225.92,220.99,-4.929999999999978,-246.49999999999892,bullish,-494.99999999999784,bullish
2024-11-08,1,2024-11-07,2024-11-08,227.48999999999998,227.16,-0.3299999999999841,-16.499999999999204,bullish,-34.99999999999841,bullish
2024-11-11,1,2024-11-08,2024-11-11,226.97,224.98000000000002,-1.9899999999999807,-99.49999999999903,bullish,-200.99999999999807,bullish
2024-11-15,1,2024-11-14,2024-11-15,228.23,225.69,-2.539999999999992,-126.9999999999996,bullish,-255.9999999999992,bullish
2024-11-19,1,2024-11-18,2024-11-19,228.03,226.64000000000001,-1.3899999999999864,-69.49999999999932,bullish,-140.99999999999864,bullish
2024-11-20,1,2024-11-19,2024-11-20,228.29,228.05,-0.23999999999998067,-11.999999999999034,bullish,-25.999999999998067,bullish
2024-11-21,1,2024-11-20,2024-11-21,229.01,228.84,-0.1699999999999875,-8.499999999999375,bullish,-18.99999999999875,bullish
2024-11-22,1,2024-11-21,2024-11-22,228.53,228.28,-0.25,-12.5,bullish,-27.0,bullish
2024-11-25,1,2024-11-22,2024-11-25,229.88,231.44,1.5600000000000023,78.00000000000011,bullish,154.00000000000023,bullish
2024-11-26,1,2024-11-25,2024-11-26,232.88,233.34,0.46000000000000796,23.000000000000398,bullish,44.000000000000796,bullish
2024-11-27,1,2024-11-26,2024-11-27,235.07,234.43,-0.6399999999999864,-31.999999999999318,bullish,-65.99999999999864,bullish
2024-11-29,1,2024-11-27,2024-11-29,234.94,234.83,-0.10999999999998522,-5.499999999999261,bullish,-12.999999999998522,bullish
2024-12-02,1,2024-11-29,2024-12-02,237.34,237.26000000000002,-0.07999999999998408,-3.999999999999204,bullish,-9.999999999998408,bullish
2024-12-03,1,2024-12-02,2024-12-03,239.6,239.81,0.21000000000000796,10.500000000000398,bullish,19.000000000000796,bullish
2024-12-04,1,2024-12-03,2024-12-04,242.66,242.86,0.20000000000001705,10.000000000000853,bullish,18.000000000001705,bullish
2024-12-05,1,2024-12-04,2024-12-05,243.01999999999998,243.98000000000002,0.9600000000000364,48.00000000000182,bullish,94.00000000000364,bullish
2024-12-06,1,2024-12-05,2024-12-06,243.04999999999998,242.9,-0.14999999999997726,-7.499999999998863,bullish,-16.999999999997726,bullish
2024-12-09,1,2024-12-06,2024-12-09,242.85,241.89000000000001,-0.9599999999999795,-47.99999999999898,bullish,-97.99999999999795,bullish
2024-12-10,1,2024-12-09,2024-12-10,246.76,246.9,0.14000000000001478,7.000000000000739,bullish,12.000000000001478,bullish
2024-12-11,1,2024-12-10,2024-12-11,247.78,247.93,0.15000000000000568,7.500000000000284,bullish,13.000000000000568,bullish
2024-12-12,1,2024-12-11,2024-12-12,246.5,246.88,0.37999999999999545,18.999999999999773,bullish,35.999999999999545,bullish
2024-12-13,1,2024-12-12,2024-12-13,247.97,247.83,-0.13999999999998636,-6.999999999999318,bullish,-15.999999999998636,bullish
2024-12-16,1,2024-12-13,2024-12-16,248.14,247.98000000000002,-0.15999999999996817,-7.999999999998408,bullish,-17.999999999996817,bullish
2024-12-17,1,2024-12-16,2024-12-17,251.04999999999998,250.18,-0.8699999999999761,-43.499999999998806,bullish,-88.99999999999761,bullish
2024-12-18,1,2024-12-17,2024-12-18,253.48999999999998,252.15,-1.339999999999975,-66.99999999999875,bullish,-135.9999999999975,bullish
2024-12-19,1,2024-12-18,2024-12-19,248.06,247.47,-0.5900000000000034,-29.50000000000017,bullish,-61.00000000000034,bullish
2024-12-20,1,2024-12-19,2024-12-20,249.79999999999998,248.03,-1.7699999999999818,-88.49999999999909,bullish,-178.99999999999818,bullish
2024-12-23,1,2024-12-20,2024-12-23,254.5,254.76000000000002,0.2600000000000193,13.000000000000966,bullish,24.000000000001933,bullish
2024-12-24,1,2024-12-23,2024-12-24,255.28,255.48000000000002,0.20000000000001705,10.000000000000853,bullish,18.000000000001705,bullish
2024-12-26,1,2024-12-24,2024-12-26,258.21,258.18,-0.029999999999972715,-1.4999999999986358,bullish,-4.9999999999972715,bullish
2024-12-27,1,2024-12-26,2024-12-27,259.03,257.82,-1.2099999999999795,-60.49999999999898,bullish,-122.99999999999795,bullish
2024-12-30,1,2024-12-27,2024-12-30,255.6,252.21,-3.3899999999999864,-169.49999999999932,bullish,-340.99999999999864,bullish
2024-12-31,1,2024-12-30,2024-12-31,252.20999999999998,252.43,0.22000000000002728,11.000000000001364,bullish,20.00000000000273,bullish
2025-01-02,1,2024-12-31,2025-01-02,250.42999999999998,248.92000000000002,-1.5099999999999625,-75.49999999999812,bullish,-152.99999999999625,bullish
2025-01-03,1,2025-01-02,2025-01-03,243.85999999999999,243.39000000000001,-0.46999999999997044,-23.499999999998522,bullish,-48.999999999997044,bullish
2025-01-06,1,2025-01-03,2025-01-06,243.37,244.35000000000002,0.9800000000000182,49.00000000000091,bullish,96.00000000000182,bullish
2025-01-07,1,2025-01-06,2025-01-07,245.01,242.69,-2.319999999999993,-115.99999999999966,bullish,-233.99999999999932,bullish
2025-01-08,1,2025-01-07,2025-01-08,242.22,241.91,-0.3100000000000023,-15.500000000000114,bullish,-33.00000000000023,bullish
2025-01-10,1,2025-01-08,2025-01-10,242.70999999999998,239.99,-2.7199999999999704,-135.99999999999852,bullish,-273.99999999999704,bullish
2025-01-13,1,2025-01-10,2025-01-13,236.85999999999999,233.64000000000001,-3.2199999999999704,-160.99999999999852,bullish,-323.99999999999704,bullish
2025-01-14,1,2025-01-13,2025-01-14,234.41,234.74,0.3300000000000125,16.500000000000625,bullish,31.00000000000125,bullish
2025-01-16,1,2025-01-15,2025-01-16,237.88,237.31,-0.5699999999999932,-28.49999999999966,bullish,-58.99999999999932,bullish
2025-02-21,1,2025-02-20,2025-02-21,245.84,246.0,0.1599999999999966,7.9999999999998295,bullish,13.999999999999659,bullish
2025-02-24,1,2025-02-21,2025-02-24,245.56,244.99,-0.5699999999999932,-28.49999999999966,bullish,-58.99999999999932,bullish
2025-02-25,1,2025-02-24,2025-02-25,247.10999999999999,247.99,0.8800000000000239,44.000000000001194,bullish,86.00000000000239,bullish
2025-02-26,1,2025-02-25,2025-02-26,247.04999999999998,244.37,-2.6799999999999784,-133.99999999999892,bullish,-269.99999999999784,bullish
2025-03-03,1,2025-02-28,2025-03-03,241.85,241.8,-0.04999999999998295,-2.4999999999991473,bullish,-6.999999999998295,bullish
2025-05-16,1,2025-05-15,2025-05-16,211.45999999999998,212.41,0.950000000000017,47.50000000000085,bullish,93.0000000000017,bullish
2025-05-19,1,2025-05-16,2025-05-19,211.26999999999998,207.77,-3.4999999999999716,-174.99999999999858,bullish,-351.99999999999716,bullish
2025-07-01,1,2025-06-30,2025-07-01,205.17999999999998,206.71,1.5300000000000296,76.50000000000148,bullish,151.00000000000296,bullish
2025-07-02,1,2025-07-01,2025-07-02,207.82999999999998,208.98000000000002,1.150000000000034,57.500000000001705,bullish,113.00000000000341,bullish
2025-07-03,1,2025-07-02,2025-07-03,212.45,212.06,-0.38999999999998636,-19.499999999999318,bullish,-40.999999999998636,bullish
2025-07-07,1,2025-07-03,2025-07-07,213.56,212.71,-0.8499999999999943,-42.499999999999716,bullish,-86.99999999999943,bullish
2025-07-08,1,2025-07-07,2025-07-08,209.95999999999998,210.09,0.13000000000002387,6.500000000001194,bullish,11.000000000002387,bullish
2025-07-09,1,2025-07-08,2025-07-09,210.01999999999998,209.52,-0.4999999999999716,-24.99999999999858,bullish,-51.99999999999716,bullish
2025-07-10,1,2025-07-09,2025-07-10,211.14999999999998,210.43,-0.7199999999999704,-35.99999999999852,bullish,-73.99999999999704,bullish
2025-07-11,1,2025-07-10,2025-07-11,212.42,210.42000000000002,-1.9999999999999716,-99.99999999999858,bullish,-201.99999999999716,bullish
2025-07-14,1,2025-07-11,2025-07-14,211.17,209.92000000000002,-1.2499999999999716,-62.49999999999858,bullish,-126.99999999999716,bullish
2025-07-15,1,2025-07-14,2025-07-15,208.63,209.21,0.5800000000000125,29.000000000000625,bullish,56.00000000000125,bullish
2025-07-16,1,2025-07-15,2025-07-16,209.12,210.29000000000002,1.170000000000016,58.500000000000796,bullish,115.00000000000159,bullish
2025-07-17,1,2025-07-16,2025-07-17,210.17,210.71,0.5400000000000205,27.000000000001023,bullish,52.000000000002046,bullish
2025-07-18,1,2025-07-17,2025-07-18,210.03,210.65,0.6200000000000045,31.000000000000227,bullish,60.000000000000455,bullish
2025-07-21,1,2025-07-18,2025-07-21,211.19,212.13,0.9399999999999977,46.999999999999886,bullish,91.99999999999977,bullish
2025-07-22,1,2025-07-21,2025-07-22,212.48999999999998,213.28,0.7900000000000205,39.50000000000102,bullish,77.00000000000205,bullish
2025-07-23,1,2025-07-22,2025-07-23,214.41,215.08,0.6700000000000159,33.500000000000796,bullish,65.00000000000159,bullish
2025-07-24,1,2025-07-23,2025-07-24,214.16,213.89000000000001,-0.2699999999999818,-13.49999999999909,bullish,-28.99999999999818,bullish
2025-07-25,1,2025-07-24,2025-07-25,213.76999999999998,214.63,0.8600000000000136,43.00000000000068,bullish,84.00000000000136,bullish
2025-07-28,1,2025-07-25,2025-07-28,213.89,213.99,0.10000000000002274,5.000000000001137,bullish,8.000000000002274,bullish
2025-07-29,1,2025-07-28,2025-07-29,214.06,214.15,0.09000000000000341,4.5000000000001705,bullish,7.000000000000341,bullish
2025-07-30,1,2025-07-29,2025-07-30,211.28,211.89000000000001,0.6100000000000136,30.500000000000682,bullish,59.000000000001364,bullish
2025-07-31,1,2025-07-30,2025-07-31,209.06,208.48000000000002,-0.5799999999999841,-28.999999999999204,bullish,-59.99999999999841,bullish
2025-08-01,1,2025-07-31,2025-08-01,207.57999999999998,210.94,3.3600000000000136,168.00000000000068,bullish,334.00000000000136,bullish
2025-08-04,1,2025-08-01,2025-08-04,202.39,204.45000000000002,2.0600000000000307,103.00000000000153,bullish,204.00000000000307,bullish
2025-08-05,1,2025-08-04,2025-08-05,203.35999999999999,203.39000000000001,0.03000000000002956,1.500000000001478,bullish,1.0000000000029559,bullish
2025-08-06,1,2025-08-05,2025-08-06,202.92999999999998,205.62,2.690000000000026,134.5000000000013,bullish,267.0000000000026,bullish
2025-08-07,1,2025-08-06,2025-08-07,213.26,218.88,5.6200000000000045,281.0000000000002,bullish,560.0000000000005,bullish
2025-08-08,1,2025-08-07,2025-08-08,220.04,220.85000000000002,0.8100000000000307,40.500000000001535,bullish,79.00000000000307,bullish
2025-08-11,1,2025-08-08,2025-08-11,229.35999999999999,227.92000000000002,-1.4399999999999693,-71.99999999999847,bullish,-145.99999999999693,bullish
2025-08-12,1,2025-08-11,2025-08-12,227.19,228.0,0.8100000000000023,40.500000000000114,bullish,79.00000000000023,bullish
2025-08-13,1,2025-08-12,2025-08-13,229.66,231.04000000000002,1.3800000000000239,69.0000000000012,bullish,136.0000000000024,bullish
2025-08-14,1,2025-08-13,2025-08-14,233.34,234.0,0.6599999999999966,32.99999999999983,bullish,63.99999999999966,bullish
2025-08-15,1,2025-08-14,2025-08-15,232.79,233.99,1.200000000000017,60.00000000000085,bullish,118.0000000000017,bullish
2025-08-18,1,2025-08-15,2025-08-18,231.6,231.76000000000002,0.160000000000025,8.00000000000125,bullish,14.000000000002501,bullish
2025-08-19,1,2025-08-18,2025-08-19,230.89999999999998,231.27,0.37000000000003297,18.50000000000165,bullish,35.0000000000033,bullish
2025-08-20,1,2025-08-19,2025-08-20,230.57,229.96,-0.6099999999999852,-30.49999999999926,bullish,-62.99999999999852,bullish
2025-08-21,1,2025-08-20,2025-08-21,226.01999999999998,226.26000000000002,0.24000000000003752,12.000000000001876,bullish,22.00000000000375,bullish
2025-08-22,1,2025-08-21,2025-08-22,224.91,226.16,1.25,62.5,bullish,123.0,bullish
2025-08-25,1,2025-08-22,2025-08-25,227.76999999999998,226.47,-1.299999999999983,-64.99999999999915,bullish,-131.9999999999983,bullish
2025-08-26,1,2025-08-25,2025-08-26,227.17,226.85000000000002,-0.31999999999996476,-15.999999999998238,bullish,-33.999999999996476,bullish
2025-08-27,1,2025-08-26,2025-08-27,229.32,228.68,-0.6399999999999864,-31.999999999999318,bullish,-65.99999999999864,bullish
2025-08-28,1,2025-08-27,2025-08-28,230.5,230.81,0.3100000000000023,15.500000000000114,bullish,29.000000000000227,bullish
2025-08-29,1,2025-08-28,2025-08-29,232.57,232.54000000000002,-0.029999999999972715,-1.4999999999986358,bullish,-4.9999999999972715,bullish
2025-09-02,1,2025-08-29,2025-09-02,232.14999999999998,229.24,-2.909999999999968,-145.4999999999984,bullish,-292.9999999999968,bullish
2025-09-03,1,2025-09-02,2025-09-03,229.73,237.20000000000002,7.470000000000027,373.50000000000136,bullish,745.0000000000027,bullish
2025-09-04,1,2025-09-03,2025-09-04,238.48,238.44,-0.03999999999999204,-1.999999999999602,bullish,-5.999999999999204,bullish
2025-09-05,1,2025-09-04,2025-09-05,239.79,239.99,0.20000000000001705,10.000000000000853,bullish,18.000000000001705,bullish
2025-09-08,1,2025-09-05,2025-09-08,239.7,239.29000000000002,-0.40999999999996817,-20.49999999999841,bullish,-42.99999999999682,bullish
2025-09-09,1,2025-09-08,2025-09-09,237.89,236.99,-0.8999999999999773,-44.99999999999886,bullish,-91.99999999999773,bullish
2025-09-10,1,2025-09-09,2025-09-10,234.35999999999999,231.96,-2.3999999999999773,-119.99999999999886,bullish,-241.99999999999773,bullish
2025-09-11,1,2025-09-10,2025-09-11,226.79999999999998,226.83,0.03000000000002956,1.500000000001478,bullish,1.0000000000029559,bullish
2025-09-12,1,2025-09-11,2025-09-12,230.04,229.29000000000002,-0.7499999999999716,-37.49999999999858,bullish,-76.99999999999716,bullish
2025-09-15,1,2025-09-12,2025-09-15,234.07999999999998,236.99,2.910000000000025,145.50000000000125,bullish,289.0000000000025,bullish
2025-09-16,1,2025-09-15,2025-09-16,236.70999999999998,237.11,0.4000000000000341,20.000000000001705,bullish,38.00000000000341,bullish
2025-09-17,1,2025-09-16,2025-09-17,238.16,238.96,0.8000000000000114,40.00000000000057,bullish,78.00000000000114,bullish
2025-09-18,1,2025-09-17,2025-09-18,239.0,239.95000000000002,0.950000000000017,47.50000000000085,bullish,93.0000000000017,bullish
2025-09-19,1,2025-09-18,2025-09-19,237.89,241.19,3.3000000000000114,165.00000000000057,bullish,328.00000000000114,bullish
2025-09-22,1,2025-09-19,2025-09-22,245.51,248.29000000000002,2.7800000000000296,139.00000000000148,bullish,276.00000000000296,bullish
2025-09-23,1,2025-09-22,2025-09-23,256.09,255.82000000000002,-0.2699999999999534,-13.49999999999767,bullish,-28.99999999999534,bullish
2025-09-24,1,2025-09-23,2025-09-24,254.44,255.24,0.8000000000000114,40.00000000000057,bullish,78.00000000000114,bullish
2025-09-25,1,2025-09-24,2025-09-25,252.32,253.34,1.0200000000000102,51.00000000000051,bullish,100.00000000000102,bullish
2025-09-26,1,2025-09-25,2025-09-26,256.88,254.17000000000002,-2.7099999999999795,-135.49999999999898,bullish,-272.99999999999795,bullish
2025-09-29,1,2025-09-26,2025-09-29,255.47,254.55,-0.9199999999999875,-45.999999999999375,bullish,-93.99999999999875,bullish
2025-09-30,1,2025-09-29,2025-09-30,254.44,254.88,0.4399999999999977,21.999999999999886,bullish,41.99999999999977,bullish
2025-10-01,1,2025-09-30,2025-10-01,254.64,255.03,0.3900000000000148,19.50000000000074,bullish,37.00000000000148,bullish
2025-10-02,1,2025-10-01,2025-10-02,255.45999999999998,256.58,1.1200000000000045,56.00000000000023,bullish,110.00000000000045,bullish
2025-10-03,1,2025-10-02,2025-10-03,257.14,254.66,-2.4799999999999898,-123.99999999999949,bullish,-249.99999999999898,bullish
2025-10-06,1,2025-10-03,2025-10-06,258.03,257.98,-0.049999999999954525,-2.4999999999977263,bullish,-6.9999999999954525,bullish
2025-10-07,1,2025-10-06,2025-10-07,256.7,256.8,0.10000000000002274,5.000000000001137,bullish,8.000000000002274,bullish
2025-10-08,1,2025-10-07,2025-10-08,256.49,256.51,0.01999999999998181,0.9999999999990905,bullish,-1.8189894035458565e-12,bullish
2025-10-09,1,2025-10-08,2025-10-09,258.07,257.8,-0.2699999999999818,-13.49999999999909,bullish,-28.99999999999818,bullish
2025-10-10,1,2025-10-09,2025-10-10,254.04999999999998,254.93,0.8800000000000239,44.000000000001194,bullish,86.00000000000239,bullish
2025-10-13,1,2025-10-10,2025-10-13,245.28,249.3,4.02000000000001,201.0000000000005,bullish,400.000000000001,bullish
2025-10-14,1,2025-10-13,2025-10-14,247.67,246.59,-1.079999999999984,-53.999999999999204,bullish,-109.99999999999841,bullish
2025-10-15,1,2025-10-14,2025-10-15,247.78,249.48000000000002,1.700000000000017,85.00000000000085,bullish,168.0000000000017,bullish
2025-10-16,1,2025-10-15,2025-10-16,249.35,248.27,-1.079999999999984,-53.999999999999204,bullish,-109.99999999999841,bullish
2025-10-17,1,2025-10-16,2025-10-17,247.45999999999998,248.07000000000002,0.6100000000000421,30.500000000002103,bullish,59.000000000004206,bullish
2025-10-20,1,2025-10-17,2025-10-20,252.29999999999998,255.88,3.5800000000000125,179.00000000000063,bullish,356.00000000000125,bullish
2025-10-21,1,2025-10-20,2025-10-21,262.25,261.87,-0.37999999999999545,-18.999999999999773,bullish,-39.999999999999545,bullish
2025-10-22,1,2025-10-21,2025-10-22,262.78,262.6,-0.17999999999994998,-8.999999999997499,bullish,-19.999999999994998,bullish
2025-10-23,1,2025-10-22,2025-10-23,258.46,259.88,1.420000000000016,71.0000000000008,bullish,140.0000000000016,bullish
2025-10-24,1,2025-10-23,2025-10-24,259.59,261.15000000000003,1.5600000000000591,78.00000000000296,bullish,154.0000000000059,bullish
2025-10-27,1,2025-10-24,2025-10-27,262.83,264.87,2.0400000000000205,102.00000000000102,bullish,202.00000000000205,bullish
2025-10-28,1,2025-10-27,2025-10-28,268.82,269.0,0.18000000000000682,9.000000000000341,bullish,16.000000000000682,bullish
2025-10-29,1,2025-10-28,2025-10-29,269.01,269.36,0.35000000000002274,17.500000000001137,bullish,33.000000000002274,bullish
2025-10-30,1,2025-10-29,2025-10-30,269.71,271.98,2.2700000000000387,113.50000000000193,bullish,225.00000000000387,bullish
2025-10-31,1,2025-10-30,2025-10-31,271.40999999999997,276.98,5.57000000000005,278.5000000000025,bullish,555.000000000005,bullish
2025-11-03,1,2025-10-31,2025-11-03,270.38,270.47,0.09000000000003183,4.500000000001592,bullish,7.000000000003183,bullish
2025-11-04,1,2025-11-03,2025-11-04,269.06,268.31,-0.75,-37.5,bullish,-77.0,bullish
2025-11-05,1,2025-11-04,2025-11-05,270.05,268.6,-1.4499999999999886,-72.49999999999943,bullish,-146.99999999999886,bullish
2025-11-06,1,2025-11-05,2025-11-06,270.15,267.88,-2.269999999999982,-113.49999999999909,bullish,-228.99999999999818,bullish
2025-11-07,1,2025-11-06,2025-11-07,269.78,269.79,0.010000000000047748,0.5000000000023874,bullish,-0.9999999999952252,bullish
2025-11-10,1,2025-11-07,2025-11-10,268.48,269.1,0.6200000000000045,31.000000000000227,bullish,60.000000000000455,bullish
2025-11-11,1,2025-11-10,2025-11-11,269.44,269.84000000000003,0.4000000000000341,20.000000000001705,bullish,38.00000000000341,bullish
2025-11-12,1,2025-11-11,2025-11-12,275.26,275.12,-0.13999999999998636,-6.999999999999318,bullish,-15.999999999998636,bullish
2025-11-13,1,2025-11-12,2025-11-13,273.48,274.26,0.7799999999999727,38.999999999998636,bullish,75.99999999999727,bullish
2025-11-14,1,2025-11-13,2025-11-14,272.96,271.01,-1.9499999999999886,-97.49999999999943,bullish,-196.99999999999886,bullish
2025-11-17,1,2025-11-14,2025-11-17,272.42,268.82,-3.6000000000000227,-180.00000000000114,bullish,-362.0000000000023,bullish
2025-11-18,1,2025-11-17,2025-11-18,267.46999999999997,269.98,2.5100000000000477,125.50000000000239,bullish,249.00000000000477,bullish
2025-11-19,1,2025-11-18,2025-11-19,267.45,265.53000000000003,-1.919999999999959,-95.99999999999795,bullish,-193.9999999999959,bullish
2025-11-20,1,2025-11-19,2025-11-20,268.57,270.91,2.340000000000032,117.00000000000159,bullish,232.00000000000318,bullish
2025-11-21,1,2025-11-20,2025-11-21,266.26,265.93,-0.3299999999999841,-16.499999999999204,bullish,-34.99999999999841,bullish
2025-11-24,1,2025-11-21,2025-11-24,271.5,271.14,-0.36000000000001364,-18.000000000000682,bullish,-38.000000000001364,bullish
2025-11-25,1,2025-11-24,2025-11-25,275.93,275.26,-0.6700000000000159,-33.500000000000796,bullish,-69.00000000000159,bullish
2025-11-26,1,2025-11-25,2025-11-26,276.98,276.95,-0.03000000000002956,-1.500000000001478,bullish,-5.000000000002956,bullish
2025-11-28,1,2025-11-26,2025-11-28,277.56,277.36,-0.19999999999998863,-9.999999999999432,bullish,-21.999999999998863,bullish
2025-12-01,1,2025-11-28,2025-12-01,278.86,278.09000000000003,-0.7699999999999818,-38.49999999999909,bullish,-78.99999999999818,bullish
2025-12-02,1,2025-12-01,2025-12-02,283.11,282.98,-0.12999999999999545,-6.499999999999773,bullish,-14.999999999999545,bullish
2025-12-03,1,2025-12-02,2025-12-03,286.2,286.19,-0.009999999999990905,-0.49999999999954525,bullish,-2.9999999999990905,bullish
2025-12-04,1,2025-12-03,2025-12-04,284.15999999999997,284.09000000000003,-0.06999999999993634,-3.4999999999968168,bullish,-8.999999999993634,bullish
2025-12-05,1,2025-12-04,2025-12-05,280.71,280.53000000000003,-0.17999999999994998,-8.999999999997499,bullish,-19.999999999994998,bullish
2025-12-08,1,2025-12-05,2025-12-08,278.78999999999996,278.1,-0.6899999999999409,-34.499999999997044,bullish,-70.99999999999409,bullish
2025-12-09,1,2025-12-08,2025-12-09,277.9,278.15000000000003,0.25000000000005684,12.500000000002842,bullish,23.000000000005684,bullish
2025-12-10,1,2025-12-09,2025-12-10,277.19,277.83,0.6399999999999864,31.999999999999318,bullish,61.999999999998636,bullish
2025-12-11,1,2025-12-10,2025-12-11,278.78999999999996,279.09000000000003,0.3000000000000682,15.00000000000341,bullish,28.00000000000682,bullish
2025-12-12,1,2025-12-11,2025-12-12,278.03999999999996,277.90000000000003,-0.13999999999992951,-6.999999999996476,bullish,-15.999999999992951,bullish
2025-12-15,1,2025-12-12,2025-12-15,278.28999999999996,280.16,1.8700000000000614,93.50000000000307,bullish,185.00000000000614,bullish
2025-12-16,1,2025-12-15,2025-12-16,274.12,272.69,-1.4300000000000068,-71.50000000000034,bullish,-145.00000000000068,bullish
2025-12-17,1,2025-12-16,2025-12-17,274.62,274.99,0.37000000000000455,18.500000000000227,bullish,35.000000000000455,bullish
2025-12-18,1,2025-12-17,2025-12-18,271.84999999999997,273.6,1.7500000000000568,87.50000000000284,bullish,173.00000000000568,bullish
2025-12-19,1,2025-12-18,2025-12-19,272.2,272.38,0.18000000000000682,9.000000000000341,bullish,16.000000000000682,bullish
2025-12-22,1,2025-12-19,2025-12-22,273.68,272.87,-0.8100000000000023,-40.500000000000114,bullish,-83.00000000000023,bullish
2025-12-23,1,2025-12-22,2025-12-23,270.98,270.83,-0.1500000000000341,-7.500000000001705,bullish,-17.00000000000341,bullish
2025-12-24,1,2025-12-23,2025-12-24,272.37,272.33,-0.040000000000020464,-2.000000000001023,bullish,-6.000000000002046,bullish
2025-12-26,1,2025-12-24,2025-12-26,273.82,274.15000000000003,0.3300000000000409,16.500000000002046,bullish,31.000000000004093,bullish
2025-12-29,1,2025-12-26,2025-12-29,273.40999999999997,272.69,-0.7199999999999704,-35.99999999999852,bullish,-73.99999999999704,bullish
2025-12-30,1,2025-12-29,2025-12-30,273.77,272.8,-0.9699999999999704,-48.49999999999852,bullish,-98.99999999999704,bullish
2025-12-31,1,2025-12-30,2025-12-31,273.09,273.05,-0.03999999999996362,-1.999999999998181,bullish,-5.999999999996362,bullish
2026-01-02,1,2025-12-31,2026-01-02,271.87,272.24,0.37000000000000455,18.500000000000227,bullish,35.000000000000455,bullish
2026-01-05,1,2026-01-02,2026-01-05,271.02,270.71000000000004,-0.30999999999994543,-15.499999999997272,bullish,-32.99999999999454,bullish
2026-02-05,1,2026-02-04,2026-02-05,276.5,278.12,1.6200000000000045,81.00000000000023,bullish,160.00000000000045,bullish
2026-02-06,1,2026-02-05,2026-02-06,275.92,277.17,1.25,62.5,bullish,123.0,bullish
2026-02-09,1,2026-02-06,2026-02-09,278.13,277.86,-0.2699999999999818,-13.49999999999909,bullish,-28.99999999999818,bullish
2026-02-10,1,2026-02-09,2026-02-10,274.63,274.87,0.2400000000000091,12.000000000000455,bullish,22.00000000000091,bullish
2026-02-12,1,2026-02-11,2026-02-12,275.51,275.58,0.06999999999999318,3.499999999999659,bullish,4.999999999999318,bullish
2026-02-26,1,2026-02-25,2026-02-26,274.24,274.87,0.6299999999999955,31.499999999999773,bullish,60.999999999999545,bullish
2026-02-27,1,2026-02-26,2026-02-27,272.96,272.76,-0.19999999999998863,-9.999999999999432,bullish,-21.999999999998863,bullish
2026-04-16,1,2026-04-15,2026-04-16,266.44,266.79,0.35000000000002274,17.500000000001137,bullish,33.000000000002274,bullish
2026-04-20,1,2026-04-17,2026-04-20,270.24,270.32,0.07999999999998408,3.999999999999204,bullish,5.999999999998408,bullish
2026-04-21,1,2026-04-20,2026-04-21,273.06,271.58,-1.4800000000000182,-74.00000000000091,bullish,-150.00000000000182,bullish
2026-04-22,1,2026-04-21,2026-04-22,266.18,267.73,1.5500000000000114,77.50000000000057,bullish,153.00000000000114,bullish
2026-04-23,1,2026-04-22,2026-04-23,273.18,274.89,1.7099999999999795,85.49999999999898,bullish,168.99999999999795,bullish
2026-04-24,1,2026-04-23,2026-04-24,273.44,272.78000000000003,-0.6599999999999682,-32.99999999999841,bullish,-67.99999999999682,bullish
2026-04-27,1,2026-04-24,2026-04-27,271.07,266.08,-4.990000000000009,-249.50000000000045,bullish,-501.0000000000009,bullish
2026-04-28,1,2026-04-27,2026-04-28,267.62,272.33,4.7099999999999795,235.49999999999898,bullish,468.99999999999795,bullish
2026-04-29,1,2026-04-28,2026-04-29,270.71999999999997,267.58,-3.1399999999999864,-156.99999999999932,bullish,-315.99999999999864,bullish
2026-04-30,1,2026-04-29,2026-04-30,270.18,270.51,0.3299999999999841,16.499999999999204,bullish,30.99999999999841,bullish
2026-05-01,1,2026-04-30,2026-05-01,271.36,278.85,7.490000000000009,374.50000000000045,bullish,747.0000000000009,bullish
2026-05-04,1,2026-05-01,2026-05-04,280.15,279.67,-0.47999999999996135,-23.999999999998067,bullish,-49.999999999996135,bullish
2026-05-05,1,2026-05-04,2026-05-05,276.84,276.91,0.07000000000005002,3.500000000002501,bullish,5.000000000005002,bullish
2026-05-06,1,2026-05-05,2026-05-06,284.19,281.91,-2.2799999999999727,-113.99999999999864,bullish,-229.99999999999727,bullish
2026-05-07,1,2026-05-06,2026-05-07,287.52,289.26,1.740000000000009,87.00000000000045,bullish,172.0000000000009,bullish
2026-05-08,1,2026-05-07,2026-05-08,287.45,290.0,2.5500000000000114,127.50000000000057,bullish,253.00000000000114,bullish
2026-05-11,1,2026-05-08,2026-05-11,293.33,291.97,-1.3599999999999568,-67.99999999999784,bullish,-137.99999999999568,bullish
2026-05-12,1,2026-05-11,2026-05-12,292.69,292.5,-0.18999999999999773,-9.499999999999886,bullish,-20.999999999999773,bullish
2026-05-13,1,2026-05-12,2026-05-13,294.81,293.40000000000003,-1.4099999999999682,-70.49999999999841,bullish,-142.99999999999682,bullish
2026-05-14,1,2026-05-13,2026-05-14,298.88,299.81,0.9300000000000068,46.50000000000034,bullish,91.00000000000068,bullish
2026-05-15,1,2026-05-14,2026-05-15,298.21999999999997,297.93,-0.2899999999999636,-14.499999999998181,bullish,-30.999999999996362,bullish
2026-05-18,1,2026-05-15,2026-05-18,300.24,300.23,-0.009999999999990905,-0.49999999999954525,bullish,-2.9999999999990905,bullish
2026-05-19,1,2026-05-18,2026-05-19,297.84999999999997,296.96000000000004,-0.8899999999999295,-44.499999999996476,bullish,-90.99999999999295,bullish
2026-05-20,1,2026-05-19,2026-05-20,298.98,298.17,-0.8100000000000023,-40.500000000000114,bullish,-83.00000000000023,bullish
2026-05-21,1,2026-05-20,2026-05-21,302.26,301.02,-1.240000000000009,-62.000000000000455,bullish,-126.00000000000091,bullish
2026-05-22,1,2026-05-21,2026-05-22,305.0,306.05,1.0500000000000114,52.50000000000057,bullish,103.00000000000114,bullish
2026-05-26,1,2026-05-22,2026-05-26,308.83,309.6,0.7700000000000387,38.50000000000193,bullish,75.00000000000387,bullish
2026-05-27,1,2026-05-26,2026-05-27,308.34,308.35,0.010000000000047748,0.5000000000023874,bullish,-0.9999999999952252,bullish
2026-05-28,1,2026-05-27,2026-05-28,310.86,310.61,-0.25,-12.5,bullish,-27.0,bullish
2026-05-29,1,2026-05-28,2026-05-29,312.52,311.77,-0.75,-37.5,bullish,-77.0,bullish
2026-06-01,1,2026-05-29,2026-06-01,312.07,309.36,-2.7099999999999795,-135.49999999999898,bullish,-272.99999999999795,bullish
2026-06-02,1,2026-06-01,2026-06-02,306.32,307.36,1.0400000000000205,52.00000000000102,bullish,102.00000000000205,bullish
2026-06-03,1,2026-06-02,2026-06-03,315.21,314.17,-1.0399999999999636,-51.99999999999818,bullish,-105.99999999999636,bullish
2026-06-04,1,2026-06-03,2026-06-04,310.27,313.15000000000003,2.8800000000000523,144.00000000000261,bullish,286.00000000000523,bullish
2026-06-05,1,2026-06-04,2026-06-05,311.24,312.83,1.589999999999975,79.49999999999875,bullish,156.9999999999975,bullish
2026-06-08,1,2026-06-05,2026-06-08,307.34999999999997,308.73,1.3800000000000523,69.00000000000261,bullish,136.00000000000523,bullish
2026-06-09,1,2026-06-08,2026-06-09,301.55,300.23,-1.3199999999999932,-65.99999999999966,bullish,-133.99999999999932,bullish
2026-06-10,1,2026-06-09,2026-06-10,290.56,290.76,0.19999999999998863,9.999999999999432,bullish,17.999999999998863,bullish
2026-06-11,1,2026-06-10,2026-06-11,291.59,293.7,2.1100000000000136,105.50000000000068,bullish,209.00000000000136,bullish
2026-06-12,1,2026-06-11,2026-06-12,295.64,295.89,0.25,12.5,bullish,23.0,bullish
2026-06-15,1,2026-06-12,2026-06-15,291.14,294.03000000000003,2.890000000000043,144.50000000000216,bullish,287.0000000000043,bullish
2026-06-16,1,2026-06-15,2026-06-16,296.43,295.14,-1.2900000000000205,-64.50000000000102,bullish,-131.00000000000205,bullish
2026-06-17,1,2026-06-16,2026-06-17,299.25,300.88,1.6299999999999955,81.49999999999977,bullish,160.99999999999955,bullish
2026-06-18,1,2026-06-17,2026-06-18,295.96,297.95,1.990000000000009,99.50000000000045,bullish,197.0000000000009,bullish
2026-06-22,1,2026-06-18,2026-06-22,298.02,297.3,-0.7199999999999704,-35.99999999999852,bullish,-73.99999999999704,bullish
2026-06-23,1,2026-06-22,2026-06-23,297.02,297.53000000000003,0.5100000000000477,25.500000000002387,bullish,49.000000000004775,bullish
2026-06-24,1,2026-06-23,2026-06-24,294.31,295.37,1.0600000000000023,53.000000000000114,bullish,104.00000000000023,bullish
2026-06-25,1,2026-06-24,2026-06-25,293.09,287.54,-5.5499999999999545,-277.4999999999977,bullish,-556.9999999999955,bullish
2026-07-06,1,2026-07-02,2026-07-06,308.64,307.21000000000004,-1.42999999999995,-71.4999999999975,bullish,-144.999999999995,bullish
2026-07-07,1,2026-07-06,2026-07-07,312.67,315.28000000000003,2.6100000000000136,130.50000000000068,bullish,259.00000000000136,bullish
2026-07-08,1,2026-07-07,2026-07-08,310.67,311.90000000000003,1.2300000000000182,61.50000000000091,bullish,121.00000000000182,bullish
2026-07-09,1,2026-07-08,2026-07-09,313.4,310.33,-3.069999999999993,-153.49999999999966,bullish,-308.9999999999993,bullish
2026-07-10,1,2026-07-09,2026-07-10,316.23,314.65000000000003,-1.579999999999984,-78.9999999999992,bullish,-159.9999999999984,bullish
2026-07-13,1,2026-07-10,2026-07-13,315.33,317.03000000000003,1.7000000000000455,85.00000000000227,bullish,168.00000000000455,bullish
2026-07-14,1,2026-07-13,2026-07-14,317.32,313.6,-3.7199999999999704,-185.99999999999852,bullish,-373.99999999999704,bullish
2026-07-15,1,2026-07-14,2026-07-15,314.87,317.51,2.6399999999999864,131.99999999999932,bullish,261.99999999999864,bullish
2026-07-16,1,2026-07-15,2026-07-16,327.51,328.24,0.7300000000000182,36.50000000000091,bullish,71.00000000000182,bullish
2026-07-17,1,2026-07-16,2026-07-17,333.27,332.16,-1.1099999999999568,-55.49999999999784,bullish,-112.99999999999568,bullish
2026-07-20,1,2026-07-17,2026-07-20,333.75,333.5,-0.25,-12.5,bullish,-27.0,bullish
2026-07-21,1,2026-07-20,2026-07-21,326.59999999999997,323.2,-3.3999999999999773,-169.99999999999886,bullish,-341.9999999999977,bullish
2026-07-22,1,2026-07-21,2026-07-22,327.75,327.85,0.10000000000002274,5.000000000001137,bullish,8.000000000002274,bullish
2026-07-23,1,2026-07-22,2026-07-23,325.9,321.68,-4.21999999999997,-210.99999999999852,bullish,-423.99999999999704,bullish
2026-07-24,1,2026-07-23,2026-07-24,321.67,321.78000000000003,0.11000000000001364,5.500000000000682,bullish,9.000000000001364,bullish
2026-07-27,1,2026-07-24,2026-07-27,333.03,334.98,1.9500000000000455,97.50000000000227,bullish,193.00000000000455,bullish
2026-07-28,1,2026-07-27,2026-07-28,336.92,340.01,3.089999999999975,154.49999999999875,bullish,306.9999999999975,bullish
2026-07-29,1,2026-07-28,2026-07-29,340.09,339.63,-0.45999999999997954,-22.999999999998977,bullish,-47.999999999997954,bullish
2026-07-30,1,2026-07-29,2026-07-30,338.2,333.02,-5.180000000000007,-259.00000000000034,bullish,-520.0000000000007,bullish
2026-07-31,1,2026-07-30,2026-07-31,333.44,304.73,-28.70999999999998,-1435.4999999999989,bullish,-2872.999999999998,bullish
2026-08-03,1,2026-07-31,2026-08-03,308.92,309.72,0.8000000000000114,40.00000000000057,bullish,78.00000000000114,bullish
2026-08-04,1,2026-08-03,2026-08-04,303.43,302.75,-0.6800000000000068,-34.00000000000034,bullish,-70.00000000000068,bullish
2026-08-05,1,2026-08-04,2026-08-05,309.39,309.15000000000003,-0.23999999999995225,-11.999999999997613,bullish,-25.999999999995225,bullish
2026-08-06,1,2026-08-05,2026-08-06,311.01,314.33,3.319999999999993,165.99999999999966,bullish,329.9999999999993,bullish
2026-08-07,1,2026-08-06,2026-08-07,312.42,311.48,-0.9399999999999977,-46.999999999999886,bullish,-95.99999999999977,bullish
2026-08-10,1,2026-08-07,2026-08-10,313.34,306.84000000000003,-6.499999999999943,-324.99999999999716,bullish,-651.9999999999943,bullish
2026-08-11,1,2026-08-10,2026-08-11,308.27,307.69,-0.5799999999999841,-28.999999999999204,bullish,-59.99999999999841,bullish
2026-08-12,1,2026-08-11,2026-08-12,304.92,305.08,0.15999999999996817,7.999999999998408,bullish,13.999999999996817,bullish
2026-08-13,1,2026-08-12,2026-08-13,302.26,304.17,1.910000000000025,95.50000000000125,bullish,189.0000000000025,bullish
2026-08-14,1,2026-08-13,2026-08-14,305.27,305.87,0.6000000000000227,30.000000000001137,bullish,58.000000000002274,bullish
2026-08-17,1,2026-08-14,2026-08-17,305.94,305.99,0.05000000000001137,2.5000000000005684,bullish,3.000000000001137,bullish
2026-08-18,1,2026-08-17,2026-08-18,305.59999999999997,307.57,1.9700000000000273,98.50000000000136,bullish,195.00000000000273,bullish
2026-08-19,1,2026-08-18,2026-08-19,310.03999999999996,310.13,0.09000000000003183,4.500000000001592,bullish,7.000000000003183,bullish
2026-08-20,1,2026-08-19,2026-08-20,316.84,317.45,0.6100000000000136,30.500000000000682,bullish,59.000000000001364,bullish
2026-08-21,1,2026-08-20,2026-08-21,311.31,312.01,0.6999999999999886,34.99999999999943,bullish,67.99999999999886,bullish
2026-08-27,1,2026-08-26,2026-08-27,313.46,310.58,-2.8799999999999955,-143.99999999999977,bullish,-289.99999999999955,bullish
2026-08-28,1,2026-08-27,2026-08-28,314.59,316.83,2.240000000000009,112.00000000000045,bullish,222.0000000000009,bullish
2026-08-31,1,2026-08-28,2026-08-31,319.71,319.68,-0.029999999999972715,-1.4999999999986358,bullish,-4.9999999999972715,bullish
2026-09-01,1,2026-08-31,2026-09-01,316.86,316.99,0.12999999999999545,6.499999999999773,bullish,10.999999999999545,bullish
2026-09-02,1,2026-09-01,2026-09-02,325.14,326.75,1.6100000000000136,80.50000000000068,bullish,159.00000000000136,bullish
2026-09-03,1,2026-09-02,2026-09-03,324.96999999999997,324.86,-0.1099999999999568,-5.49999999999784,bullish,-12.99999999999568,bullish
2026-09-04,1,2026-09-03,2026-09-04,328.21999999999997,328.28000000000003,0.06000000000005912,3.000000000002956,bullish,4.000000000005912,bullish
2026-09-09,1,2026-09-08,2026-09-09,316.23,315.48,-0.75,-37.5,bullish,-77.0,bullish
2026-09-11,1,2026-09-10,2026-09-11,326.58,327.35,0.7700000000000387,38.50000000000193,bullish,75.00000000000387,bullish
2026-09-14,1,2026-09-11,2026-09-14,332.28,334.67,2.390000000000043,119.50000000000216,bullish,237.00000000000432,bullish
2026-09-15,1,2026-09-14,2026-09-15,333.09,330.18,-2.909999999999968,-145.4999999999984,bullish,-292.9999999999968,bullish
2026-09-16,1,2026-09-15,2026-09-16,331.34999999999997,332.40000000000003,1.0500000000000682,52.50000000000341,bullish,103.00000000000682,bullish
2026-09-17,1,2026-09-16,2026-09-17,332.42,334.76,2.339999999999975,116.99999999999875,bullish,231.9999999999975,bullish
2026-09-18,1,2026-09-17,2026-09-18,337.01,337.90000000000003,0.8900000000000432,44.50000000000216,bullish,87.00000000000432,bullish
2026-09-21,1,2026-09-18,2026-09-21,336.14,335.35,-0.7899999999999636,-39.49999999999818,bullish,-80.99999999999636,bullish
2026-09-22,1,2026-09-21,2026-09-22,338.99,339.95,0.9599999999999795,47.99999999999898,bullish,93.99999999999795,bullish
2026-09-23,1,2026-09-22,2026-09-23,339.76,341.24,1.4800000000000182,74.00000000000091,bullish,146.00000000000182,bullish
2026-09-24,1,2026-09-23,2026-09-24,337.03,336.54,-0.48999999999995225,-24.499999999997613,bullish,-50.999999999995225,bullish
