date,side,entry_time,exit_time,entry,exit,pts,r_mult,regime,pnl,reason
2017-01-20,1,2017-01-19,2017-01-20,133.76,134.20000000000002,0.44000000000002615,22.000000000001307,bullish,42.000000000002615,bullish
2017-01-23,1,2017-01-20,2017-01-23,134.45,134.02,-0.4299999999999784,-21.49999999999892,bullish,-44.99999999999784,bullish
2017-01-24,1,2017-01-23,2017-01-24,133.89,134.33,0.44000000000002615,22.000000000001307,bullish,42.000000000002615,bullish
2017-01-25,1,2017-01-24,2017-01-25,135.94,137.05,1.1100000000000136,55.50000000000068,bullish,109.00000000000136,bullish
2017-01-26,1,2017-01-25,2017-01-26,137.22,137.33,0.11000000000001364,5.500000000000682,bullish,9.000000000001364,bullish
2017-01-27,1,2017-01-26,2017-01-27,136.67,136.76000000000002,0.09000000000003183,4.500000000001592,bullish,7.000000000003183,bullish
2017-01-30,1,2017-01-27,2017-01-30,136.2,135.22,-0.9799999999999898,-48.99999999999949,bullish,-99.99999999999898,bullish
2017-02-01,1,2017-01-31,2017-02-01,135.23999999999998,136.22,0.9800000000000182,49.00000000000091,bullish,96.00000000000182,bullish
2017-02-06,1,2017-02-03,2017-02-06,136.88,136.39000000000001,-0.4899999999999807,-24.499999999999034,bullish,-50.99999999999807,bullish
2017-02-07,1,2017-02-06,2017-02-07,135.85,135.81,-0.03999999999999204,-1.999999999999602,bullish,-5.999999999999204,bullish
2017-02-10,1,2017-02-09,2017-02-10,136.91,137.78,0.8700000000000045,43.50000000000023,bullish,85.00000000000045,bullish
2017-02-13,1,2017-02-10,2017-02-13,137.95,138.76000000000002,0.8100000000000307,40.500000000001535,bullish,79.00000000000307,bullish
2017-02-14,1,2017-02-13,2017-02-14,138.31,137.93,-0.37999999999999545,-18.999999999999773,bullish,-39.999999999999545,bullish
2017-02-15,1,2017-02-14,2017-02-15,138.76999999999998,138.18,-0.589999999999975,-29.49999999999875,bullish,-60.9999999999975,bullish
2017-02-16,1,2017-02-15,2017-02-16,139.6,139.45000000000002,-0.14999999999997726,-7.499999999998863,bullish,-16.999999999997726,bullish
2017-02-17,1,2017-02-16,2017-02-17,139.20999999999998,138.41,-0.799999999999983,-39.99999999999915,bullish,-81.9999999999983,bullish
2017-02-21,1,2017-02-17,2017-02-21,139.12,139.36,0.2400000000000091,12.000000000000455,bullish,22.00000000000091,bullish
2017-02-22,1,2017-02-21,2017-02-22,140.20999999999998,139.99,-0.21999999999997044,-10.999999999998522,bullish,-23.999999999997044,bullish
2017-02-23,1,2017-02-22,2017-02-23,139.59,139.95000000000002,0.36000000000001364,18.000000000000682,bullish,34.000000000001364,bullish
2017-02-24,1,2017-02-23,2017-02-24,138.76,137.47,-1.289999999999992,-64.4999999999996,bullish,-130.9999999999992,bullish
2017-02-27,1,2017-02-24,2017-02-27,138.66,138.33,-0.3299999999999841,-16.499999999999204,bullish,-34.99999999999841,bullish
2017-02-28,1,2017-02-27,2017-02-28,140.01,139.37,-0.6399999999999864,-31.999999999999318,bullish,-65.99999999999864,bullish
2017-03-01,1,2017-02-28,2017-03-01,137.85,139.64000000000001,1.7900000000000205,89.50000000000102,bullish,177.00000000000205,bullish
2017-03-02,1,2017-03-01,2017-03-02,140.37,140.32000000000002,-0.04999999999998295,-2.4999999999991473,bullish,-6.999999999998295,bullish
2017-03-03,1,2017-03-02,2017-03-03,138.76,138.79000000000002,0.03000000000002956,1.500000000001478,bullish,1.0000000000029559,bullish
2017-03-06,1,2017-03-03,2017-03-06,138.66,137.77,-0.8899999999999864,-44.49999999999932,bullish,-90.99999999999864,bullish
2017-03-07,1,2017-03-06,2017-03-07,137.70999999999998,137.39000000000001,-0.31999999999996476,-15.999999999998238,bullish,-33.999999999996476,bullish
2017-03-08,1,2017-03-07,2017-03-08,136.81,137.27,0.46000000000000796,23.000000000000398,bullish,44.000000000000796,bullish
2017-03-09,1,2017-03-08,2017-03-09,135.91,135.81,-0.09999999999999432,-4.999999999999716,bullish,-11.999999999999432,bullish
2017-03-13,1,2017-03-10,2017-03-13,135.97,135.64000000000001,-0.3299999999999841,-16.499999999999204,bullish,-34.99999999999841,bullish
2017-03-14,1,2017-03-13,2017-03-14,136.29,135.74,-0.549999999999983,-27.499999999999147,bullish,-56.999999999998295,bullish
2017-03-15,1,2017-03-14,2017-03-15,135.64,136.28,0.6400000000000148,32.00000000000074,bullish,62.00000000000148,bullish
2017-03-16,1,2017-03-15,2017-03-16,137.73999999999998,138.21,0.4700000000000273,23.500000000001364,bullish,45.00000000000273,bullish
2017-03-17,1,2017-03-16,2017-03-17,137.92,138.13,0.21000000000000796,10.500000000000398,bullish,19.000000000000796,bullish
2017-03-20,1,2017-03-17,2017-03-20,138.47,138.27,-0.19999999999998863,-9.999999999999432,bullish,-21.999999999998863,bullish
2017-03-21,1,2017-03-20,2017-03-21,137.87,138.51000000000002,0.6400000000000148,32.00000000000074,bullish,62.00000000000148,bullish
2017-03-31,1,2017-03-30,2017-03-31,137.26999999999998,137.41,0.14000000000001478,7.000000000000739,bullish,12.000000000001478,bullish
2017-04-21,1,2017-04-20,2017-04-21,137.53,137.25,-0.28000000000000114,-14.000000000000057,bullish,-30.000000000000114,bullish
2017-04-24,1,2017-04-21,2017-04-24,137.22,139.07000000000002,1.8500000000000227,92.50000000000114,bullish,183.00000000000227,bullish
2017-04-25,1,2017-04-24,2017-04-25,138.92999999999998,140.23000000000002,1.3000000000000398,65.00000000000199,bullish,128.00000000000398,bullish
2017-04-26,1,2017-04-25,2017-04-26,140.28,140.17000000000002,-0.10999999999998522,-5.499999999999261,bullish,-12.999999999998522,bullish
2017-04-27,1,2017-04-26,2017-04-27,141.0,141.33,0.3300000000000125,16.500000000000625,bullish,31.00000000000125,bullish
2017-04-28,1,2017-04-27,2017-04-28,140.95999999999998,141.02,0.060000000000030695,3.0000000000015348,bullish,4.0000000000030695,bullish
2017-05-01,1,2017-04-28,2017-05-01,139.07,139.63,0.5600000000000023,28.000000000000114,bullish,54.00000000000023,bullish
2017-05-02,1,2017-05-01,2017-05-02,139.87,139.97,0.09999999999999432,4.999999999999716,bullish,7.999999999999432,bullish
2017-05-03,1,2017-05-02,2017-05-03,139.16,138.48000000000002,-0.6799999999999784,-33.99999999999892,bullish,-69.99999999999784,bullish
2017-05-04,1,2017-05-03,2017-05-04,138.29999999999998,138.52,0.22000000000002728,11.000000000001364,bullish,20.00000000000273,bullish
2017-05-05,1,2017-05-04,2017-05-05,138.10999999999999,138.68,0.5700000000000216,28.50000000000108,bullish,55.00000000000216,bullish
2017-05-08,1,2017-05-05,2017-05-08,139.0,138.65,-0.3499999999999943,-17.499999999999716,bullish,-36.99999999999943,bullish
2017-05-09,1,2017-05-08,2017-05-09,138.42,138.58,0.160000000000025,8.00000000000125,bullish,14.000000000002501,bullish
2017-05-10,1,2017-05-09,2017-05-10,138.35999999999999,138.03,-0.3299999999999841,-16.499999999999204,bullish,-34.99999999999841,bullish
2017-05-11,1,2017-05-10,2017-05-11,139.22,138.66,-0.5600000000000023,-28.000000000000114,bullish,-58.00000000000023,bullish
2017-05-12,1,2017-05-11,2017-05-12,138.25,137.70000000000002,-0.549999999999983,-27.499999999999147,bullish,-56.999999999998295,bullish
2017-05-15,1,2017-05-12,2017-05-15,137.51999999999998,137.97,0.45000000000001705,22.500000000000853,bullish,43.000000000001705,bullish
2017-05-16,1,2017-05-15,2017-05-16,138.59,138.96,0.37000000000000455,18.500000000000227,bullish,35.000000000000455,bullish
2017-05-17,1,2017-05-16,2017-05-17,138.64,136.32000000000002,-2.3199999999999648,-115.99999999999824,bullish,-233.99999999999648,bullish
2017-05-23,1,2017-05-22,2017-05-23,136.95999999999998,137.28,0.3200000000000216,16.00000000000108,bullish,30.00000000000216,bullish
2017-05-24,1,2017-05-23,2017-05-24,137.41,137.5,0.09000000000000341,4.5000000000001705,bullish,7.000000000000341,bullish
2017-05-25,1,2017-05-24,2017-05-25,137.5,138.13,0.6299999999999955,31.499999999999773,bullish,60.999999999999545,bullish
2017-05-26,1,2017-05-25,2017-05-26,137.59,137.37,-0.21999999999999886,-10.999999999999943,bullish,-23.999999999999886,bullish
2017-05-30,1,2017-05-26,2017-05-30,137.54999999999998,137.11,-0.4399999999999693,-21.999999999998465,bullish,-45.99999999999693,bullish
2017-06-02,1,2017-06-01,2017-06-02,138.95999999999998,139.44,0.4800000000000182,24.00000000000091,bullish,46.00000000000182,bullish
2017-06-05,1,2017-06-02,2017-06-05,139.85999999999999,139.95000000000002,0.09000000000003183,4.500000000001592,bullish,7.000000000003183,bullish
2017-06-06,1,2017-06-05,2017-06-06,138.98999999999998,138.09,-0.8999999999999773,-44.99999999999886,bullish,-91.99999999999773,bullish
2017-06-07,1,2017-06-06,2017-06-07,138.85999999999999,138.85000000000002,-0.009999999999962483,-0.49999999999812417,bullish,-2.9999999999962483,bullish
2017-06-08,1,2017-06-07,2017-06-08,138.98999999999998,138.97,-0.01999999999998181,-0.9999999999990905,bullish,-3.999999999998181,bullish
2017-06-09,1,2017-06-08,2017-06-09,140.89,141.45000000000002,0.5600000000000307,28.000000000001535,bullish,54.00000000000307,bullish
2017-06-12,1,2017-06-09,2017-06-12,141.62,141.65,0.030000000000001137,1.5000000000000568,bullish,1.0000000000001137,bullish
2017-06-13,1,2017-06-12,2017-06-13,141.39,141.79000000000002,0.4000000000000341,20.000000000001705,bullish,38.00000000000341,bullish
2017-06-14,1,2017-06-13,2017-06-14,142.10999999999999,142.02,-0.08999999999997499,-4.4999999999987494,bullish,-10.999999999997499,bullish
2017-06-15,1,2017-06-14,2017-06-15,141.26999999999998,139.69,-1.579999999999984,-78.9999999999992,bullish,-159.9999999999984,bullish
2017-06-16,1,2017-06-15,2017-06-16,140.54999999999998,140.02,-0.5299999999999727,-26.499999999998636,bullish,-54.99999999999727,bullish
2017-06-19,1,2017-06-16,2017-06-19,140.2,140.55,0.35000000000002274,17.500000000001137,bullish,33.000000000002274,bullish
2017-06-20,1,2017-06-19,2017-06-20,141.23999999999998,140.87,-0.3699999999999761,-18.499999999998806,bullish,-38.99999999999761,bullish
2017-06-21,1,2017-06-20,2017-06-21,139.81,140.04000000000002,0.2300000000000182,11.50000000000091,bullish,21.00000000000182,bullish
2017-06-22,1,2017-06-21,2017-06-22,139.45999999999998,139.36,-0.0999999999999659,-4.999999999998295,bullish,-11.99999999999659,bullish
2017-06-23,1,2017-06-22,2017-06-23,139.98999999999998,140.13,0.14000000000001478,7.000000000000739,bullish,12.000000000001478,bullish
2017-06-26,1,2017-06-23,2017-06-26,140.92,141.09,0.17000000000001592,8.500000000000796,bullish,15.000000000001592,bullish
2017-06-27,1,2017-06-26,2017-06-27,141.09,141.09,0.0,0.0,bullish,-2.0,bullish
2017-06-28,1,2017-06-27,2017-06-28,139.85,140.69,0.8400000000000034,42.00000000000017,bullish,82.00000000000034,bullish
2017-06-29,1,2017-06-28,2017-06-29,141.98999999999998,142.23000000000002,0.24000000000003752,12.000000000001876,bullish,22.00000000000375,bullish
2017-06-30,1,2017-06-29,2017-06-30,141.14999999999998,141.24,0.09000000000003183,4.500000000001592,bullish,7.000000000003183,bullish
2017-07-03,1,2017-06-30,2017-07-03,140.92999999999998,141.33,0.4000000000000341,20.000000000001705,bullish,38.00000000000341,bullish
2017-07-05,1,2017-07-03,2017-07-05,142.10999999999999,141.69,-0.4199999999999875,-20.999999999999375,bullish,-43.99999999999875,bullish
2017-07-06,1,2017-07-05,2017-07-06,141.6,139.92000000000002,-1.6799999999999784,-83.99999999999892,bullish,-169.99999999999784,bullish
2017-07-07,1,2017-07-06,2017-07-07,139.14999999999998,139.42000000000002,0.27000000000003865,13.500000000001933,bullish,25.000000000003865,bullish
2017-07-10,1,2017-07-07,2017-07-10,140.5,139.91,-0.5900000000000034,-29.50000000000017,bullish,-61.00000000000034,bullish
2017-07-11,1,2017-07-10,2017-07-11,139.89,139.77,-0.11999999999997613,-5.999999999998806,bullish,-13.999999999997613,bullish
2017-07-12,1,2017-07-11,2017-07-12,140.29999999999998,141.04000000000002,0.7400000000000375,37.000000000001876,bullish,72.00000000000375,bullish
2017-07-13,1,2017-07-12,2017-07-13,141.38,141.19,-0.18999999999999773,-9.499999999999886,bullish,-20.999999999999773,bullish
2017-07-14,1,2017-07-13,2017-07-14,141.5,141.09,-0.4099999999999966,-20.49999999999983,bullish,-42.99999999999966,bullish
2017-07-17,1,2017-07-14,2017-07-17,141.73999999999998,141.59,-0.14999999999997726,-7.499999999998863,bullish,-16.999999999997726,bullish
2017-07-18,1,2017-07-17,2017-07-18,142.07,141.53,-0.539999999999992,-26.999999999999602,bullish,-55.999999999999204,bullish
2017-07-19,1,2017-07-18,2017-07-19,141.7,141.87,0.17000000000001592,8.500000000000796,bullish,15.000000000001592,bullish
2017-07-20,1,2017-07-19,2017-07-20,143.10999999999999,143.10000000000002,-0.009999999999962483,-0.49999999999812417,bullish,-2.9999999999962483,bullish
2017-07-21,1,2017-07-20,2017-07-21,143.20999999999998,143.0,-0.20999999999997954,-10.499999999998977,bullish,-22.999999999997954,bullish
2017-07-24,1,2017-07-21,2017-07-24,142.56,142.3,-0.2599999999999909,-12.999999999999545,bullish,-27.99999999999909,bullish
2017-07-25,1,2017-07-24,2017-07-25,142.76,143.61,0.8500000000000227,42.50000000000114,bullish,83.00000000000227,bullish
2017-07-26,1,2017-07-25,2017-07-26,144.06,144.14000000000001,0.0800000000000125,4.000000000000625,bullish,6.0000000000012506,bullish
2017-07-27,1,2017-07-26,2017-07-27,143.26,143.47,0.21000000000000796,10.500000000000398,bullish,19.000000000000796,bullish
2017-07-28,1,2017-07-27,2017-07-28,142.35,142.01000000000002,-0.339999999999975,-16.99999999999875,bullish,-35.9999999999975,bullish
2017-07-31,1,2017-07-28,2017-07-31,141.97,142.21,0.2400000000000091,12.000000000000455,bullish,22.00000000000091,bullish
2017-08-01,1,2017-07-31,2017-08-01,141.51999999999998,142.16,0.6400000000000148,32.00000000000074,bullish,62.00000000000148,bullish
2017-08-02,1,2017-08-01,2017-08-02,141.79,141.58,-0.20999999999997954,-10.499999999998977,bullish,-22.999999999997954,bullish
2017-08-03,1,2017-08-02,2017-08-03,140.23999999999998,140.43,0.19000000000002615,9.500000000001307,bullish,17.000000000002615,bullish
2017-08-07,1,2017-08-04,2017-08-07,140.22,140.45000000000002,0.2300000000000182,11.50000000000091,bullish,21.00000000000182,bullish
2017-08-08,1,2017-08-07,2017-08-08,140.45,140.4,-0.04999999999998295,-2.4999999999991473,bullish,-6.999999999998295,bullish
2017-08-09,1,2017-08-08,2017-08-09,140.01,139.11,-0.8999999999999773,-44.99999999999886,bullish,-91.99999999999773,bullish
2017-09-14,1,2017-09-13,2017-09-14,141.97,141.77,-0.19999999999998863,-9.999999999999432,bullish,-21.999999999998863,bullish
2017-09-15,1,2017-09-14,2017-09-15,141.84,141.63,-0.21000000000000796,-10.500000000000398,bullish,-23.000000000000796,bullish
2017-09-18,1,2017-09-15,2017-09-18,142.42,142.61,0.19000000000002615,9.500000000001307,bullish,17.000000000002615,bullish
2017-09-19,1,2017-09-18,2017-09-19,143.39,143.56,0.17000000000001592,8.500000000000796,bullish,15.000000000001592,bullish
2017-09-20,1,2017-09-19,2017-09-20,143.39,143.52,0.13000000000002387,6.500000000001194,bullish,11.000000000002387,bullish
2017-09-21,1,2017-09-20,2017-09-21,143.85,144.01000000000002,0.160000000000025,8.00000000000125,bullish,14.000000000002501,bullish
2017-09-22,1,2017-09-21,2017-09-22,143.7,143.65,-0.04999999999998295,-2.4999999999991473,bullish,-6.999999999998295,bullish
2017-09-25,1,2017-09-22,2017-09-25,144.31,144.26000000000002,-0.04999999999998295,-2.4999999999991473,bullish,-6.999999999998295,bullish
2017-09-26,1,2017-09-25,2017-09-26,144.51,144.25,-0.2599999999999909,-12.999999999999545,bullish,-27.99999999999909,bullish
2017-09-27,1,2017-09-26,2017-09-27,144.62,145.62,1.0,50.0,bullish,98.0,bullish
2017-09-28,1,2017-09-27,2017-09-28,147.45,147.24,-0.20999999999997954,-10.499999999998977,bullish,-22.999999999997954,bullish
2017-09-29,1,2017-09-28,2017-09-29,147.84,147.91,0.06999999999999318,3.499999999999659,bullish,4.999999999999318,bullish
2017-10-02,1,2017-09-29,2017-10-02,148.19,148.3,0.11000000000001364,5.500000000000682,bullish,9.000000000001364,bullish
2017-10-03,1,2017-10-02,2017-10-03,150.01,150.10000000000002,0.09000000000003183,4.500000000001592,bullish,7.000000000003183,bullish
2017-10-04,1,2017-10-03,2017-10-04,150.34,150.06,-0.28000000000000114,-14.000000000000057,bullish,-30.000000000000114,bullish
2017-10-05,1,2017-10-04,2017-10-05,149.85999999999999,150.28,0.4200000000000159,21.000000000000796,bullish,40.00000000000159,bullish
2017-10-06,1,2017-10-05,2017-10-06,150.26999999999998,149.70000000000002,-0.5699999999999648,-28.499999999998238,bullish,-58.999999999996476,bullish
2017-10-09,1,2017-10-06,2017-10-09,150.06,150.19,0.12999999999999545,6.499999999999773,bullish,10.999999999999545,bullish
2017-10-10,1,2017-10-09,2017-10-10,149.44,149.92000000000002,0.4800000000000182,24.00000000000091,bullish,46.00000000000182,bullish
2017-10-11,1,2017-10-10,2017-10-11,149.87,149.93,0.060000000000002274,3.0000000000001137,bullish,4.000000000000227,bullish
2017-10-12,1,2017-10-11,2017-10-12,149.76,149.45000000000002,-0.30999999999997385,-15.499999999998693,bullish,-32.999999999997385,bullish
2017-10-13,1,2017-10-12,2017-10-13,149.64999999999998,149.91,0.2600000000000193,13.000000000000966,bullish,24.000000000001933,bullish
2017-10-16,1,2017-10-13,2017-10-16,149.38,149.59,0.21000000000000796,10.500000000000398,bullish,19.000000000000796,bullish
2017-10-17,1,2017-10-16,2017-10-17,149.25,149.26000000000002,0.010000000000019327,0.5000000000009663,bullish,-0.9999999999980673,bullish
2017-10-18,1,2017-10-17,2017-10-18,148.82,149.49,0.6700000000000159,33.500000000000796,bullish,65.00000000000159,bullish
2017-10-19,1,2017-10-18,2017-10-19,149.53,148.74,-0.789999999999992,-39.4999999999996,bullish,-80.9999999999992,bullish
2017-10-20,1,2017-10-19,2017-10-20,149.29999999999998,150.3,1.0000000000000284,50.00000000000142,bullish,98.00000000000284,bullish
2017-10-23,1,2017-10-20,2017-10-23,149.98999999999998,150.14000000000001,0.1500000000000341,7.500000000001705,bullish,13.00000000000341,bullish
2017-10-24,1,2017-10-23,2017-10-24,148.87,149.38,0.5099999999999909,25.499999999999545,bullish,48.99999999999909,bullish
2017-10-25,1,2017-10-24,2017-10-25,149.17999999999998,148.93,-0.24999999999997158,-12.499999999998579,bullish,-26.999999999997158,bullish
2017-10-26,1,2017-10-25,2017-10-26,148.45999999999998,148.93,0.4700000000000273,23.500000000001364,bullish,45.00000000000273,bullish
2017-10-27,1,2017-10-26,2017-10-27,148.76999999999998,148.87,0.10000000000002274,5.000000000001137,bullish,8.000000000002274,bullish
2017-10-30,1,2017-10-27,2017-10-30,149.79999999999998,149.26000000000002,-0.5399999999999636,-26.99999999999818,bullish,-55.99999999999636,bullish
2017-10-31,1,2017-10-30,2017-10-31,148.22,148.78,0.5600000000000023,28.000000000000114,bullish,54.00000000000023,bullish
2017-11-01,1,2017-10-31,2017-11-01,149.26999999999998,150.49,1.2200000000000273,61.000000000001364,bullish,120.00000000000273,bullish
2017-11-02,1,2017-11-01,2017-11-02,148.28,148.23000000000002,-0.04999999999998295,-2.4999999999991473,bullish,-6.999999999998295,bullish
2017-11-03,1,2017-11-02,2017-11-03,148.72,148.46,-0.2599999999999909,-12.999999999999545,bullish,-27.99999999999909,bullish
2017-11-06,1,2017-11-03,2017-11-06,148.62,148.74,0.12000000000000455,6.000000000000227,bullish,10.000000000000455,bullish
2017-11-07,1,2017-11-06,2017-11-07,148.79,148.79000000000002,2.842170943040401e-14,1.4210854715202004e-12,bullish,-1.9999999999971578,bullish
2017-11-08,1,2017-11-07,2017-11-08,147.01,146.65,-0.3599999999999852,-17.99999999999926,bullish,-37.99999999999852,bullish
2017-11-09,1,2017-11-08,2017-11-09,147.20999999999998,146.26000000000002,-0.9499999999999602,-47.49999999999801,bullish,-96.99999999999602,bullish
2017-11-10,1,2017-11-09,2017-11-10,146.69,146.70000000000002,0.010000000000019327,0.5000000000009663,bullish,-0.9999999999980673,bullish
2017-11-13,1,2017-11-10,2017-11-13,146.57999999999998,145.92000000000002,-0.6599999999999682,-32.99999999999841,bullish,-67.99999999999682,bullish
2017-11-14,1,2017-11-13,2017-11-14,146.62,146.03,-0.5900000000000034,-29.50000000000017,bullish,-61.00000000000034,bullish
2017-11-17,1,2017-11-16,2017-11-17,147.78,147.24,-0.539999999999992,-26.999999999999602,bullish,-55.999999999999204,bullish
2017-11-20,1,2017-11-17,2017-11-20,148.45999999999998,148.75,0.29000000000002046,14.500000000001023,bullish,27.000000000002046,bullish
2017-11-21,1,2017-11-20,2017-11-21,149.54,150.19,0.6500000000000057,32.500000000000284,bullish,63.00000000000057,bullish
2017-11-22,1,2017-11-21,2017-11-22,151.1,151.27,0.17000000000001592,8.500000000000796,bullish,15.000000000001592,bullish
2017-11-24,1,2017-11-22,2017-11-24,150.89999999999998,151.20000000000002,0.3000000000000398,15.00000000000199,bullish,28.00000000000398,bullish
2017-11-27,1,2017-11-24,2017-11-27,150.95999999999998,151.29000000000002,0.3300000000000409,16.500000000002046,bullish,31.000000000004093,bullish
2017-11-28,1,2017-11-27,2017-11-28,150.5,151.01000000000002,0.5100000000000193,25.500000000000966,bullish,49.00000000000193,bullish
2017-11-29,1,2017-11-28,2017-11-29,152.87,153.32000000000002,0.45000000000001705,22.500000000000853,bullish,43.000000000001705,bullish
2017-11-30,1,2017-11-29,2017-11-30,153.38,154.09,0.710000000000008,35.5000000000004,bullish,69.0000000000008,bullish
2017-12-01,1,2017-11-30,2017-12-01,153.66,153.66,0.0,0.0,bullish,-2.0,bullish
2017-12-04,1,2017-12-01,2017-12-04,153.03,154.89000000000001,1.8600000000000136,93.00000000000068,bullish,184.00000000000136,bullish
2017-12-05,1,2017-12-04,2017-12-05,152.45999999999998,152.94,0.4800000000000182,24.00000000000091,bullish,46.00000000000182,bullish
2017-12-06,1,2017-12-05,2017-12-06,150.94,150.81,-0.12999999999999545,-6.499999999999773,bullish,-14.999999999999545,bullish
2017-12-07,1,2017-12-06,2017-12-07,150.23,150.31,0.0800000000000125,4.000000000000625,bullish,6.0000000000012506,bullish
2017-12-08,1,2017-12-07,2017-12-08,151.28,151.88,0.5999999999999943,29.999999999999716,bullish,57.99999999999943,bullish
2017-12-11,1,2017-12-08,2017-12-11,151.42,151.67000000000002,0.2500000000000284,12.500000000001421,bullish,23.000000000002842,bullish
2017-12-12,1,2017-12-11,2017-12-12,151.35999999999999,151.69,0.3300000000000125,16.500000000000625,bullish,31.00000000000125,bullish
2017-12-13,1,2017-12-12,2017-12-13,150.89,150.8,-0.08999999999997499,-4.4999999999987494,bullish,-10.999999999997499,bullish
2017-12-14,1,2017-12-13,2017-12-14,151.79,151.84,0.05000000000001137,2.5000000000005684,bullish,3.000000000001137,bullish
2017-12-15,1,2017-12-14,2017-12-15,150.10999999999999,151.07000000000002,0.9600000000000364,48.00000000000182,bullish,94.00000000000364,bullish
2017-12-18,1,2017-12-15,2017-12-18,152.25,153.67000000000002,1.420000000000016,71.0000000000008,bullish,140.0000000000016,bullish
2017-12-19,1,2017-12-18,2017-12-19,154.31,154.74,0.4300000000000068,21.50000000000034,bullish,41.00000000000068,bullish
2017-12-20,1,2017-12-19,2017-12-20,153.09,153.74,0.6500000000000057,32.500000000000284,bullish,63.00000000000057,bullish
2017-12-21,1,2017-12-20,2017-12-21,153.39,153.22,-0.1699999999999875,-8.499999999999375,bullish,-18.99999999999875,bullish
2017-12-22,1,2017-12-21,2017-12-22,153.48,153.37,-0.10999999999998522,-5.499999999999261,bullish,-12.999999999998522,bullish
2017-12-26,1,2017-12-22,2017-12-26,153.2,152.99,-0.20999999999997954,-10.499999999998977,bullish,-22.999999999997954,bullish
2017-12-27,1,2017-12-26,2017-12-27,153.29,153.20000000000002,-0.08999999999997499,-4.4999999999987494,bullish,-10.999999999997499,bullish
2017-12-28,1,2017-12-27,2017-12-28,153.14,153.25,0.11000000000001364,5.500000000000682,bullish,9.000000000001364,bullish
2017-12-29,1,2017-12-28,2017-12-29,153.73999999999998,154.14000000000001,0.4000000000000341,20.000000000001705,bullish,38.00000000000341,bullish
2018-01-02,1,2017-12-29,2018-01-02,152.47,153.19,0.7199999999999989,35.99999999999994,bullish,69.99999999999989,bullish
2018-01-03,1,2018-01-02,2018-01-03,153.91,153.86,-0.04999999999998295,-2.4999999999991473,bullish,-6.999999999998295,bullish
2018-01-04,1,2018-01-03,2018-01-04,154.07,154.96,0.8900000000000148,44.50000000000074,bullish,87.00000000000148,bullish
2018-01-05,1,2018-01-04,2018-01-05,154.48,154.87,0.3900000000000148,19.50000000000074,bullish,37.00000000000148,bullish
2018-01-08,1,2018-01-05,2018-01-08,154.79999999999998,154.72,-0.07999999999998408,-3.999999999999204,bullish,-9.999999999998408,bullish
2018-01-09,1,2018-01-08,2018-01-09,155.04,155.23000000000002,0.19000000000002615,9.500000000001307,bullish,17.000000000002615,bullish
2018-01-10,1,2018-01-09,2018-01-10,154.82999999999998,154.46,-0.3699999999999761,-18.499999999998806,bullish,-38.99999999999761,bullish
2018-01-11,1,2018-01-10,2018-01-11,154.85,155.06,0.21000000000000796,10.500000000000398,bullish,19.000000000000796,bullish
2018-01-12,1,2018-01-11,2018-01-12,157.51,157.67000000000002,0.160000000000025,8.00000000000125,bullish,14.000000000002501,bullish
2018-01-16,1,2018-01-12,2018-01-16,158.17,158.85000000000002,0.6800000000000352,34.00000000000176,bullish,66.00000000000352,bullish
2018-01-17,1,2018-01-16,2018-01-17,156.14999999999998,156.79000000000002,0.6400000000000432,32.00000000000216,bullish,62.00000000000432,bullish
2018-01-18,1,2018-01-17,2018-01-18,157.63,157.21,-0.4199999999999875,-20.999999999999375,bullish,-43.99999999999875,bullish
2018-01-19,1,2018-01-18,2018-01-19,156.54999999999998,156.72,0.17000000000001592,8.500000000000796,bullish,15.000000000001592,bullish
2018-01-22,1,2018-01-19,2018-01-22,158.60999999999999,158.4,-0.20999999999997954,-10.499999999998977,bullish,-22.999999999997954,bullish
2018-01-23,1,2018-01-22,2018-01-23,159.45999999999998,159.23000000000002,-0.22999999999996135,-11.499999999998067,bullish,-24.999999999996135,bullish
2018-01-24,1,2018-01-23,2018-01-24,159.97,160.35000000000002,0.3800000000000239,19.000000000001194,bullish,36.00000000000239,bullish
2018-01-25,1,2018-01-24,2018-01-25,158.98,159.63,0.6500000000000057,32.500000000000284,bullish,63.00000000000057,bullish
2018-01-26,1,2018-01-25,2018-01-26,159.04,159.52,0.4800000000000182,24.00000000000091,bullish,46.00000000000182,bullish
2018-01-29,1,2018-01-26,2018-01-29,159.60999999999999,159.04000000000002,-0.5699999999999648,-28.499999999998238,bullish,-58.999999999996476,bullish
2018-01-30,1,2018-01-29,2018-01-30,158.70999999999998,157.65,-1.0599999999999739,-52.99999999999869,bullish,-107.99999999999739,bullish
2018-01-31,1,2018-01-30,2018-01-31,157.19,157.73000000000002,0.5400000000000205,27.000000000001023,bullish,52.000000000002046,bullish
2018-02-01,1,2018-01-31,2018-02-01,156.37,155.72,-0.6500000000000057,-32.500000000000284,bullish,-67.00000000000057,bullish
2018-02-02,1,2018-02-01,2018-02-02,156.85999999999999,156.11,-0.7499999999999716,-37.49999999999858,bullish,-76.99999999999716,bullish
2018-02-05,1,2018-02-02,2018-02-05,153.84,152.66,-1.1800000000000068,-59.00000000000034,bullish,-120.00000000000068,bullish
2018-02-20,1,2018-02-16,2018-02-20,153.35,152.54000000000002,-0.8099999999999739,-40.49999999999869,bullish,-82.99999999999739,bullish
2018-03-12,1,2018-03-09,2018-03-12,158.92999999999998,159.24,0.3100000000000307,15.500000000001535,bullish,29.00000000000307,bullish
2018-03-13,1,2018-03-12,2018-03-13,159.20999999999998,159.99,0.7800000000000296,39.00000000000148,bullish,76.00000000000296,bullish
2018-03-14,1,2018-03-13,2018-03-14,158.47,159.21,0.7400000000000091,37.000000000000455,bullish,72.00000000000091,bullish
2018-03-15,1,2018-03-14,2018-03-15,157.72,158.09,0.37000000000000455,18.500000000000227,bullish,35.000000000000455,bullish
2018-03-16,1,2018-03-15,2018-03-16,156.92999999999998,156.97,0.040000000000020464,2.000000000001023,bullish,2.0000000000020464,bullish
2018-03-19,1,2018-03-16,2018-03-19,157.81,157.16,-0.6500000000000057,-32.500000000000284,bullish,-67.00000000000057,bullish
2018-03-20,1,2018-03-19,2018-03-20,156.29,156.66,0.37000000000000455,18.500000000000227,bullish,35.000000000000455,bullish
2018-03-21,1,2018-03-20,2018-03-21,156.25,156.31,0.060000000000002274,3.0000000000001137,bullish,4.000000000000227,bullish
2018-03-22,1,2018-03-21,2018-03-22,157.16,155.65,-1.509999999999991,-75.49999999999955,bullish,-152.9999999999991,bullish
2018-03-23,1,2018-03-22,2018-03-23,153.35999999999999,153.55,0.19000000000002615,9.500000000001307,bullish,17.000000000002615,bullish
2018-03-27,1,2018-03-26,2018-03-27,153.34,153.65,0.3100000000000023,15.500000000000114,bullish,29.000000000000227,bullish
2018-04-02,1,2018-03-29,2018-04-02,151.84,151.51000000000002,-0.3299999999999841,-16.499999999999204,bullish,-34.99999999999841,bullish
2018-04-05,1,2018-04-04,2018-04-05,152.17,153.03,0.8600000000000136,43.00000000000068,bullish,84.00000000000136,bullish
2018-04-06,1,2018-04-05,2018-04-06,153.42999999999998,152.36,-1.0699999999999648,-53.49999999999824,bullish,-108.99999999999648,bullish
2018-04-11,1,2018-04-10,2018-04-11,153.39,152.77,-0.6199999999999761,-30.999999999998806,bullish,-63.99999999999761,bullish
2018-04-12,1,2018-04-11,2018-04-12,153.72,154.42000000000002,0.700000000000017,35.00000000000085,bullish,68.0000000000017,bullish
2018-04-13,1,2018-04-12,2018-04-13,154.76999999999998,155.27,0.5000000000000284,25.00000000000142,bullish,48.00000000000284,bullish
2018-04-16,1,2018-04-13,2018-04-16,153.95999999999998,154.83,0.870000000000033,43.50000000000165,bullish,85.0000000000033,bullish
2018-04-17,1,2018-04-16,2018-04-17,155.38,156.20000000000002,0.8200000000000216,41.00000000000108,bullish,80.00000000000216,bullish
2018-04-18,1,2018-04-17,2018-04-18,157.07,157.51000000000002,0.44000000000002615,22.000000000001307,bullish,42.000000000002615,bullish
2018-04-19,1,2018-04-18,2018-04-19,157.48999999999998,157.13,-0.3599999999999852,-17.99999999999926,bullish,-37.99999999999852,bullish
2018-04-20,1,2018-04-19,2018-04-20,156.39999999999998,156.04000000000002,-0.3599999999999568,-17.99999999999784,bullish,-37.99999999999568,bullish
2018-04-23,1,2018-04-20,2018-04-23,155.56,155.77,0.21000000000000796,10.500000000000398,bullish,19.000000000000796,bullish
2018-04-24,1,2018-04-23,2018-04-24,155.32999999999998,155.89000000000001,0.5600000000000307,28.000000000001535,bullish,54.00000000000307,bullish
2018-04-25,1,2018-04-24,2018-04-25,154.44,154.35000000000002,-0.08999999999997499,-4.4999999999987494,bullish,-10.999999999997499,bullish
2018-05-03,1,2018-05-02,2018-05-03,154.66,154.10000000000002,-0.5599999999999739,-27.999999999998693,bullish,-57.999999999997385,bullish
2018-05-07,1,2018-05-04,2018-05-07,155.73999999999998,156.18,0.44000000000002615,22.000000000001307,bullish,42.000000000002615,bullish
2018-05-08,1,2018-05-07,2018-05-08,157.06,156.91,-0.15000000000000568,-7.500000000000284,bullish,-17.00000000000057,bullish
2018-05-09,1,2018-05-08,2018-05-09,157.84,157.98000000000002,0.14000000000001478,7.000000000000739,bullish,12.000000000001478,bullish
2018-05-10,1,2018-05-09,2018-05-10,158.69,158.89000000000001,0.20000000000001705,10.000000000000853,bullish,18.000000000001705,bullish
2018-05-11,1,2018-05-10,2018-05-11,159.54,159.54000000000002,2.842170943040401e-14,1.4210854715202004e-12,bullish,-1.9999999999971578,bullish
2018-05-14,1,2018-05-11,2018-05-14,159.85,160.01000000000002,0.160000000000025,8.00000000000125,bullish,14.000000000002501,bullish
2018-05-15,1,2018-05-14,2018-05-15,159.23999999999998,158.74,-0.4999999999999716,-24.99999999999858,bullish,-51.99999999999716,bullish
2018-05-16,1,2018-05-15,2018-05-16,159.26999999999998,159.45000000000002,0.18000000000003524,9.000000000001762,bullish,16.000000000003524,bullish
2018-05-17,1,2018-05-16,2018-05-17,160.92999999999998,160.99,0.060000000000030695,3.0000000000015348,bullish,4.0000000000030695,bullish
2018-05-18,1,2018-05-17,2018-05-18,161.67,161.94,0.27000000000001023,13.500000000000512,bullish,25.000000000001023,bullish
2018-05-21,1,2018-05-18,2018-05-21,161.88,162.36,0.4800000000000182,24.00000000000091,bullish,46.00000000000182,bullish
2018-05-22,1,2018-05-21,2018-05-22,162.95,163.25,0.30000000000001137,15.000000000000568,bullish,28.000000000001137,bullish
2018-05-23,1,2018-05-22,2018-05-23,161.76999999999998,161.36,-0.40999999999996817,-20.49999999999841,bullish,-42.99999999999682,bullish
2018-05-24,1,2018-05-23,2018-05-24,161.98,161.91,-0.06999999999999318,-3.499999999999659,bullish,-8.999999999999318,bullish
2018-05-25,1,2018-05-24,2018-05-25,162.04,161.74,-0.29999999999998295,-14.999999999999147,bullish,-31.999999999998295,bullish
2018-05-29,1,2018-05-25,2018-05-29,161.75,160.87,-0.8799999999999955,-43.99999999999977,bullish,-89.99999999999955,bullish
2018-05-30,1,2018-05-29,2018-05-30,161.53,162.35000000000002,0.8200000000000216,41.00000000000108,bullish,80.00000000000216,bullish
2018-05-31,1,2018-05-30,2018-05-31,164.09,164.07000000000002,-0.01999999999998181,-0.9999999999990905,bullish,-3.999999999998181,bullish
2018-06-01,1,2018-05-31,2018-06-01,162.78,163.82000000000002,1.0400000000000205,52.00000000000102,bullish,102.00000000000205,bullish
2018-06-04,1,2018-06-01,2018-06-04,163.85,164.32000000000002,0.4700000000000273,23.500000000001364,bullish,45.00000000000273,bullish
2018-06-05,1,2018-06-04,2018-06-05,164.72,164.54000000000002,-0.1799999999999784,-8.99999999999892,bullish,-19.99999999999784,bullish
2018-06-06,1,2018-06-05,2018-06-06,165.73999999999998,165.71,-0.029999999999972715,-1.4999999999986358,bullish,-4.9999999999972715,bullish
2018-06-07,1,2018-06-06,2018-06-07,166.94,167.09,0.15000000000000568,7.500000000000284,bullish,13.000000000000568,bullish
2018-06-08,1,2018-06-07,2018-06-08,166.03,166.05,0.020000000000010232,1.0000000000005116,bullish,1.0231815394945443e-12,bullish
2018-06-11,1,2018-06-08,2018-06-11,166.53,166.63,0.09999999999999432,4.999999999999716,bullish,7.999999999999432,bullish
2018-06-12,1,2018-06-11,2018-06-12,166.78,166.91,0.12999999999999545,6.499999999999773,bullish,10.999999999999545,bullish
2018-06-13,1,2018-06-12,2018-06-13,167.54,167.76000000000002,0.22000000000002728,11.000000000001364,bullish,20.00000000000273,bullish
2018-06-14,1,2018-06-13,2018-06-14,166.88,167.48000000000002,0.6000000000000227,30.000000000001137,bullish,58.000000000002274,bullish
2018-06-15,1,2018-06-14,2018-06-15,167.76999999999998,167.18,-0.589999999999975,-29.49999999999875,bullish,-60.9999999999975,bullish
2018-06-18,1,2018-06-15,2018-06-18,167.82,166.95000000000002,-0.8699999999999761,-43.499999999998806,bullish,-88.99999999999761,bullish
2018-06-19,1,2018-06-18,2018-06-19,168.60999999999999,167.54000000000002,-1.0699999999999648,-53.49999999999824,bullish,-108.99999999999648,bullish
2018-06-20,1,2018-06-19,2018-06-20,168.62,169.44,0.8199999999999932,40.99999999999966,bullish,79.99999999999932,bullish
2018-06-21,1,2018-06-20,2018-06-21,169.98,169.97,-0.009999999999990905,-0.49999999999954525,bullish,-2.9999999999990905,bullish
2018-06-22,1,2018-06-21,2018-06-22,168.39,169.0,0.6100000000000136,30.500000000000682,bullish,59.000000000001364,bullish
2018-06-25,1,2018-06-22,2018-06-25,167.82999999999998,167.23000000000002,-0.5999999999999659,-29.999999999998295,bullish,-61.99999999999659,bullish
2018-06-26,1,2018-06-25,2018-06-26,165.09,165.22,0.12999999999999545,6.499999999999773,bullish,10.999999999999545,bullish
2018-06-27,1,2018-06-26,2018-06-27,166.04999999999998,166.20000000000002,0.1500000000000341,7.500000000001705,bullish,13.00000000000341,bullish
2018-06-28,1,2018-06-27,2018-06-28,163.39,163.22,-0.1699999999999875,-8.499999999999375,bullish,-18.99999999999875,bullish
2018-06-29,1,2018-06-28,2018-06-29,163.89,164.31,0.4200000000000159,21.000000000000796,bullish,40.00000000000159,bullish
2018-07-02,1,2018-06-29,2018-07-02,163.78,162.75,-1.0300000000000011,-51.50000000000006,bullish,-105.00000000000011,bullish
2018-07-03,1,2018-07-02,2018-07-03,164.91,164.74,-0.1699999999999875,-8.499999999999375,bullish,-18.99999999999875,bullish
2018-07-05,1,2018-07-03,2018-07-05,164.97,165.85000000000002,0.8800000000000239,44.000000000001194,bullish,86.00000000000239,bullish
2018-07-06,1,2018-07-05,2018-07-06,166.85,166.99,0.14000000000001478,7.000000000000739,bullish,12.000000000001478,bullish
2018-07-09,1,2018-07-06,2018-07-09,168.26,169.0,0.7400000000000091,37.000000000000455,bullish,72.00000000000091,bullish
2018-07-10,1,2018-07-09,2018-07-10,169.32,169.57000000000002,0.2500000000000284,12.500000000001421,bullish,23.000000000002842,bullish
2018-07-11,1,2018-07-10,2018-07-11,168.54999999999998,167.61,-0.9399999999999693,-46.999999999998465,bullish,-95.99999999999693,bullish
2018-07-12,1,2018-07-11,2018-07-12,167.12,168.06,0.9399999999999977,46.999999999999886,bullish,91.99999999999977,bullish
2018-07-13,1,2018-07-12,2018-07-13,167.92999999999998,167.84,-0.08999999999997499,-4.4999999999987494,bullish,-10.999999999997499,bullish
2018-07-16,1,2018-07-13,2018-07-16,167.42999999999998,167.75,0.3200000000000216,16.00000000000108,bullish,30.00000000000216,bullish
2018-07-17,1,2018-07-16,2018-07-17,166.78,166.74,-0.03999999999999204,-1.999999999999602,bullish,-5.999999999999204,bullish
2018-07-18,1,2018-07-17,2018-07-18,167.51999999999998,167.35000000000002,-0.16999999999995907,-8.499999999997954,bullish,-18.999999999995907,bullish
2018-07-19,1,2018-07-18,2018-07-19,167.98999999999998,167.76000000000002,-0.22999999999996135,-11.499999999998067,bullish,-24.999999999996135,bullish
2018-07-20,1,2018-07-19,2018-07-20,169.17999999999998,168.79000000000002,-0.38999999999995794,-19.499999999997897,bullish,-40.999999999995794,bullish
2018-07-23,1,2018-07-20,2018-07-23,168.48999999999998,168.29000000000002,-0.1999999999999602,-9.99999999999801,bullish,-21.99999999999602,bullish
2018-07-24,1,2018-07-23,2018-07-24,168.7,169.44,0.7400000000000091,37.000000000000455,bullish,72.00000000000091,bullish
2018-07-25,1,2018-07-24,2018-07-25,166.89999999999998,166.94,0.040000000000020464,2.000000000001023,bullish,2.0000000000020464,bullish
2018-07-26,1,2018-07-25,2018-07-26,167.51,167.65,0.14000000000001478,7.000000000000739,bullish,12.000000000001478,bullish
2018-07-27,1,2018-07-26,2018-07-27,168.41,168.49,0.0800000000000125,4.000000000000625,bullish,6.0000000000012506,bullish
2018-08-03,1,2018-08-02,2018-08-03,166.98,167.14000000000001,0.160000000000025,8.00000000000125,bullish,14.000000000002501,bullish
2018-08-06,1,2018-08-03,2018-08-06,166.39999999999998,166.26000000000002,-0.13999999999995794,-6.999999999997897,bullish,-15.999999999995794,bullish
2018-08-07,1,2018-08-06,2018-08-07,167.32999999999998,167.88,0.5500000000000114,27.50000000000057,bullish,53.00000000000114,bullish
2018-08-08,1,2018-08-07,2018-08-08,167.73,167.71,-0.01999999999998181,-0.9999999999990905,bullish,-3.999999999998181,bullish
2018-08-09,1,2018-08-08,2018-08-09,167.57999999999998,167.64000000000001,0.060000000000030695,3.0000000000015348,bullish,4.0000000000030695,bullish
2018-08-10,1,2018-08-09,2018-08-10,168.01,167.04000000000002,-0.9699999999999704,-48.49999999999852,bullish,-98.99999999999704,bullish
2018-08-13,1,2018-08-10,2018-08-13,167.54,167.73000000000002,0.19000000000002615,9.500000000001307,bullish,17.000000000002615,bullish
2018-08-14,1,2018-08-13,2018-08-14,166.56,166.9,0.3400000000000034,17.00000000000017,bullish,32.00000000000034,bullish
2018-08-15,1,2018-08-14,2018-08-15,168.20999999999998,167.69,-0.5199999999999818,-25.99999999999909,bullish,-53.99999999999818,bullish
2018-08-17,1,2018-08-16,2018-08-17,167.64,167.46,-0.1799999999999784,-8.99999999999892,bullish,-19.99999999999784,bullish
2018-08-20,1,2018-08-17,2018-08-20,168.35999999999999,168.8,0.44000000000002615,22.000000000001307,bullish,42.000000000002615,bullish
2018-08-21,1,2018-08-20,2018-08-21,168.82999999999998,169.13,0.30000000000001137,15.000000000000568,bullish,28.000000000001137,bullish
2018-08-22,1,2018-08-21,2018-08-22,170.76999999999998,170.58,-0.1899999999999693,-9.499999999998465,bullish,-20.99999999999693,bullish
2018-08-23,1,2018-08-22,2018-08-23,171.19,171.08,-0.10999999999998522,-5.499999999999261,bullish,-12.999999999998522,bullish
2018-08-24,1,2018-08-23,2018-08-24,170.67,171.14000000000001,0.4700000000000273,23.500000000001364,bullish,45.00000000000273,bullish
2018-08-27,1,2018-08-24,2018-08-27,171.6,172.11,0.5100000000000193,25.500000000000966,bullish,49.00000000000193,bullish
2018-08-28,1,2018-08-27,2018-08-28,171.85,172.15,0.30000000000001137,15.000000000000568,bullish,28.000000000001137,bullish
2018-08-29,1,2018-08-28,2018-08-29,172.01,172.02,0.010000000000019327,0.5000000000009663,bullish,-0.9999999999980673,bullish
2018-08-30,1,2018-08-29,2018-08-30,172.51,172.16,-0.3499999999999943,-17.499999999999716,bullish,-36.99999999999943,bullish
2018-08-31,1,2018-08-30,2018-08-31,172.37,171.97,-0.4000000000000057,-20.000000000000284,bullish,-42.00000000000057,bullish
2018-09-04,1,2018-08-31,2018-09-04,173.03,172.78,-0.25,-12.5,bullish,-27.0,bullish
2018-09-05,1,2018-09-04,2018-09-05,172.26,172.17000000000002,-0.08999999999997499,-4.4999999999987494,bullish,-10.999999999997499,bullish
2018-09-06,1,2018-09-05,2018-09-06,171.79999999999998,172.16,0.36000000000001364,18.000000000000682,bullish,34.000000000001364,bullish
2018-09-07,1,2018-09-06,2018-09-07,170.64,170.20000000000002,-0.4399999999999693,-21.999999999998465,bullish,-45.99999999999693,bullish
2018-09-10,1,2018-09-07,2018-09-10,170.54999999999998,171.24,0.6900000000000261,34.50000000000131,bullish,67.00000000000261,bullish
2018-09-11,1,2018-09-10,2018-09-11,170.76,170.59,-0.1699999999999875,-8.499999999999375,bullish,-18.99999999999875,bullish
2018-09-12,1,2018-09-11,2018-09-12,171.04,170.78,-0.2599999999999909,-12.999999999999545,bullish,-27.99999999999909,bullish
2018-09-13,1,2018-09-12,2018-09-13,170.63,171.27,0.6400000000000148,32.00000000000074,bullish,62.00000000000148,bullish
2018-09-14,1,2018-09-13,2018-09-14,170.67,170.76000000000002,0.09000000000003183,4.500000000001592,bullish,7.000000000003183,bullish
2018-09-17,1,2018-09-14,2018-09-17,171.39,171.41,0.020000000000010232,1.0000000000005116,bullish,1.0231815394945443e-12,bullish
2018-09-18,1,2018-09-17,2018-09-18,169.57,169.79000000000002,0.22000000000002728,11.000000000001364,bullish,20.00000000000273,bullish
2018-09-19,1,2018-09-18,2018-09-19,170.28,170.27,-0.009999999999990905,-0.49999999999954525,bullish,-2.9999999999990905,bullish
2018-09-20,1,2018-09-19,2018-09-20,169.66,170.35000000000002,0.6900000000000261,34.50000000000131,bullish,67.00000000000261,bullish
2018-09-21,1,2018-09-20,2018-09-21,171.23,171.74,0.5100000000000193,25.500000000000966,bullish,49.00000000000193,bullish
2018-09-24,1,2018-09-21,2018-09-24,170.41,170.25,-0.1599999999999966,-7.9999999999998295,bullish,-17.99999999999966,bullish
2018-09-25,1,2018-09-24,2018-09-25,169.78,170.04000000000002,0.2600000000000193,13.000000000000966,bullish,24.000000000001933,bullish
2018-09-26,1,2018-09-25,2018-09-26,170.04,169.95000000000002,-0.08999999999997499,-4.4999999999987494,bullish,-10.999999999997499,bullish
2018-09-27,1,2018-09-26,2018-09-27,168.04,168.36,0.3200000000000216,16.00000000000108,bullish,30.00000000000216,bullish
2018-09-28,1,2018-09-27,2018-09-28,168.04999999999998,167.44,-0.6099999999999852,-30.49999999999926,bullish,-62.99999999999852,bullish
2018-10-01,1,2018-09-28,2018-10-01,168.56,169.28,0.7199999999999989,35.99999999999994,bullish,69.99999999999989,bullish
2019-01-31,1,2019-01-30,2019-01-31,147.81,147.60000000000002,-0.20999999999997954,-10.499999999998977,bullish,-22.999999999997954,bullish
2019-02-01,1,2019-01-31,2019-02-01,149.07,149.34,0.27000000000001023,13.500000000000512,bullish,25.000000000001023,bullish
2019-02-04,1,2019-02-01,2019-02-04,149.19,149.4,0.21000000000000796,10.500000000000398,bullish,19.000000000000796,bullish
2019-02-05,1,2019-02-04,2019-02-05,150.97,151.0,0.030000000000001137,1.5000000000000568,bullish,1.0000000000001137,bullish
2019-02-06,1,2019-02-05,2019-02-06,151.13,151.03,-0.09999999999999432,-4.999999999999716,bullish,-11.999999999999432,bullish
2019-02-07,1,2019-02-06,2019-02-07,150.94,149.91,-1.0300000000000011,-51.50000000000006,bullish,-105.00000000000011,bullish
2019-02-08,1,2019-02-07,2019-02-08,149.7,149.04000000000002,-0.6599999999999682,-32.99999999999841,bullish,-67.99999999999682,bullish
2019-02-11,1,2019-02-08,2019-02-11,149.85999999999999,150.28,0.4200000000000159,21.000000000000796,bullish,40.00000000000159,bullish
2019-02-12,1,2019-02-11,2019-02-12,151.10999999999999,151.91,0.8000000000000114,40.00000000000057,bullish,78.00000000000114,bullish
2019-02-13,1,2019-02-12,2019-02-13,153.0,153.4,0.4000000000000057,20.000000000000284,bullish,38.00000000000057,bullish
2019-02-14,1,2019-02-13,2019-02-14,153.42999999999998,152.57000000000002,-0.8599999999999568,-42.99999999999784,bullish,-87.99999999999568,bullish
2019-02-15,1,2019-02-14,2019-02-15,153.78,154.77,0.9900000000000091,49.500000000000455,bullish,97.00000000000091,bullish
2019-02-19,1,2019-02-15,2019-02-19,156.23,155.54000000000002,-0.6899999999999693,-34.499999999998465,bullish,-70.99999999999693,bullish
2019-02-20,1,2019-02-19,2019-02-20,156.66,156.64000000000001,-0.01999999999998181,-0.9999999999990905,bullish,-3.999999999998181,bullish
2019-02-21,1,2019-02-20,2019-02-21,157.39999999999998,157.12,-0.2799999999999727,-13.999999999998636,bullish,-29.99999999999727,bullish
2019-02-22,1,2019-02-21,2019-02-22,156.79999999999998,157.26000000000002,0.4600000000000364,23.00000000000182,bullish,44.00000000000364,bullish
2019-02-25,1,2019-02-22,2019-02-25,158.16,159.07000000000002,0.910000000000025,45.50000000000125,bullish,89.0000000000025,bullish
2019-02-26,1,2019-02-25,2019-02-26,158.2,158.0,-0.19999999999998863,-9.999999999999432,bullish,-21.999999999998863,bullish
2019-02-27,1,2019-02-26,2019-02-27,157.10999999999999,156.46,-0.6499999999999773,-32.49999999999886,bullish,-66.99999999999773,bullish
2019-02-28,1,2019-02-27,2019-02-28,157.32999999999998,157.08,-0.24999999999997158,-12.499999999998579,bullish,-26.999999999997158,bullish
2019-03-01,1,2019-02-28,2019-03-01,156.79,157.94,1.1500000000000057,57.500000000000284,bullish,113.00000000000057,bullish
2019-03-04,1,2019-03-01,2019-03-04,158.25,158.53,0.28000000000000114,14.000000000000057,bullish,26.000000000000114,bullish
2019-03-05,1,2019-03-04,2019-03-05,156.82,156.91,0.09000000000000341,4.5000000000001705,bullish,7.000000000000341,bullish
2019-03-06,1,2019-03-05,2019-03-06,156.09,156.01000000000002,-0.07999999999998408,-3.999999999999204,bullish,-9.999999999998408,bullish
2019-03-07,1,2019-03-06,2019-03-07,153.03,153.01000000000002,-0.01999999999998181,-0.9999999999990905,bullish,-3.999999999998181,bullish
2019-03-08,1,2019-03-07,2019-03-08,151.69,150.83,-0.8599999999999852,-42.99999999999926,bullish,-87.99999999999852,bullish
2019-03-11,1,2019-03-08,2019-03-11,151.64999999999998,152.11,0.4600000000000364,23.00000000000182,bullish,44.00000000000364,bullish
2019-03-12,1,2019-03-11,2019-03-12,154.29999999999998,154.42000000000002,0.12000000000003297,6.0000000000016485,bullish,10.000000000003297,bullish
2019-03-13,1,2019-03-12,2019-03-13,154.38,154.91,0.5300000000000011,26.500000000000057,bullish,51.000000000000114,bullish
2019-03-14,1,2019-03-13,2019-03-14,154.98999999999998,154.89000000000001,-0.0999999999999659,-4.999999999998295,bullish,-11.99999999999659,bullish
2019-03-15,1,2019-03-14,2019-03-15,154.35999999999999,154.52,0.160000000000025,8.00000000000125,bullish,14.000000000002501,bullish
2019-03-18,1,2019-03-15,2019-03-18,154.76999999999998,155.05,0.28000000000002956,14.000000000001478,bullish,26.000000000002956,bullish
2019-03-19,1,2019-03-18,2019-03-19,155.76,156.47,0.710000000000008,35.5000000000004,bullish,69.0000000000008,bullish
2019-03-20,1,2019-03-19,2019-03-20,154.97,154.53,-0.4399999999999977,-21.999999999999886,bullish,-45.99999999999977,bullish
2019-03-21,1,2019-03-20,2019-03-21,153.26999999999998,152.72,-0.549999999999983,-27.499999999999147,bullish,-56.999999999998295,bullish
2019-03-22,1,2019-03-21,2019-03-22,155.28,154.19,-1.0900000000000034,-54.50000000000017,bullish,-111.00000000000034,bullish
2019-03-25,1,2019-03-22,2019-03-25,149.63,149.47,-0.1599999999999966,-7.9999999999998295,bullish,-17.99999999999966,bullish
2019-03-26,1,2019-03-25,2019-03-26,150.29,151.46,1.170000000000016,58.500000000000796,bullish,115.00000000000159,bullish
2019-03-27,1,2019-03-26,2019-03-27,151.87,151.70000000000002,-0.1699999999999875,-8.499999999999375,bullish,-18.99999999999875,bullish
2019-03-28,1,2019-03-27,2019-03-28,151.28,151.78,0.5,25.0,bullish,48.0,bullish
2019-03-29,1,2019-03-28,2019-03-29,152.63,153.67000000000002,1.0400000000000205,52.00000000000102,bullish,102.00000000000205,bullish
2019-04-01,1,2019-03-29,2019-04-01,153.1,154.29000000000002,1.1900000000000261,59.50000000000131,bullish,117.00000000000261,bullish
2019-04-02,1,2019-04-01,2019-04-02,154.76999999999998,154.86,0.09000000000003183,4.500000000001592,bullish,7.000000000003183,bullish
2019-04-03,1,2019-04-02,2019-04-03,154.37,155.73000000000002,1.3600000000000136,68.00000000000068,bullish,134.00000000000136,bullish
2019-04-04,1,2019-04-03,2019-04-04,155.17,155.26000000000002,0.09000000000003183,4.500000000001592,bullish,7.000000000003183,bullish
2019-04-05,1,2019-04-04,2019-04-05,155.92999999999998,156.29000000000002,0.36000000000004206,18.000000000002103,bullish,34.000000000004206,bullish
2019-04-08,1,2019-04-05,2019-04-08,157.39,156.84,-0.549999999999983,-27.499999999999147,bullish,-56.999999999998295,bullish
2019-04-09,1,2019-04-08,2019-04-09,157.13,156.44,-0.6899999999999977,-34.499999999999886,bullish,-70.99999999999977,bullish
2019-04-10,1,2019-04-09,2019-04-10,155.20999999999998,155.47,0.2600000000000193,13.000000000000966,bullish,24.000000000001933,bullish
2019-04-11,1,2019-04-10,2019-04-11,157.32,157.51000000000002,0.19000000000002615,9.500000000001307,bullish,17.000000000002615,bullish
2019-04-12,1,2019-04-11,2019-04-12,157.12,158.12,1.0,50.0,bullish,98.0,bullish
2019-04-15,1,2019-04-12,2019-04-15,157.69,157.94,0.25,12.5,bullish,23.0,bullish
2019-04-16,1,2019-04-15,2019-04-16,157.17999999999998,157.70000000000002,0.5200000000000387,26.000000000001933,bullish,50.000000000003865,bullish
2019-04-17,1,2019-04-16,2019-04-17,157.54999999999998,158.08,0.5300000000000296,26.500000000001478,bullish,51.000000000002956,bullish
2019-04-18,1,2019-04-17,2019-04-18,156.10999999999999,156.10000000000002,-0.009999999999962483,-0.49999999999812417,bullish,-2.9999999999962483,bullish
2019-04-22,1,2019-04-18,2019-04-22,155.64999999999998,155.32000000000002,-0.32999999999995566,-16.499999999997783,bullish,-34.999999999995566,bullish
2019-04-23,1,2019-04-22,2019-04-23,155.23999999999998,155.36,0.12000000000003297,6.0000000000016485,bullish,10.000000000003297,bullish
2019-04-24,1,2019-04-23,2019-04-24,157.57999999999998,157.63,0.05000000000001137,2.5000000000005684,bullish,3.000000000001137,bullish
2019-04-25,1,2019-04-24,2019-04-25,158.07,157.32000000000002,-0.7499999999999716,-37.49999999999858,bullish,-76.99999999999716,bullish
2019-04-26,1,2019-04-25,2019-04-26,156.76,156.95000000000002,0.19000000000002615,9.500000000001307,bullish,17.000000000002615,bullish
2019-04-29,1,2019-04-26,2019-04-29,158.28,158.61,0.3300000000000125,16.500000000000625,bullish,31.00000000000125,bullish
2019-04-30,1,2019-04-29,2019-04-30,159.04,159.14000000000001,0.10000000000002274,5.000000000001137,bullish,8.000000000002274,bullish
2019-05-01,1,2019-04-30,2019-05-01,158.29999999999998,158.66,0.36000000000001364,18.000000000000682,bullish,34.000000000001364,bullish
2019-05-02,1,2019-05-01,2019-05-02,156.79999999999998,156.63,-0.1699999999999875,-8.499999999999375,bullish,-18.99999999999875,bullish
2019-05-03,1,2019-05-02,2019-05-03,157.53,158.3,0.7700000000000102,38.50000000000051,bullish,75.00000000000102,bullish
2019-05-06,1,2019-05-03,2019-05-06,160.54,158.16,-2.3799999999999955,-118.99999999999977,bullish,-239.99999999999955,bullish
2019-05-07,1,2019-05-06,2019-05-07,160.72,159.3,-1.4199999999999875,-70.99999999999937,bullish,-143.99999999999875,bullish
2019-05-08,1,2019-05-07,2019-05-08,157.54,157.25,-0.28999999999999204,-14.499999999999602,bullish,-30.999999999999204,bullish
2019-05-09,1,2019-05-08,2019-05-09,156.76999999999998,155.52,-1.2499999999999716,-62.49999999999858,bullish,-126.99999999999716,bullish
2019-05-10,1,2019-05-09,2019-05-10,156.2,155.58,-0.6199999999999761,-30.999999999998806,bullish,-63.99999999999761,bullish
2019-05-13,1,2019-05-10,2019-05-13,156.63,153.68,-2.9499999999999886,-147.49999999999943,bullish,-296.99999999999886,bullish
2019-05-15,1,2019-05-14,2019-05-15,153.54999999999998,152.39000000000001,-1.1599999999999682,-57.99999999999841,bullish,-117.99999999999682,bullish
2019-05-16,1,2019-05-15,2019-05-16,154.04999999999998,154.5,0.45000000000001705,22.500000000000853,bullish,43.000000000001705,bullish
2019-05-17,1,2019-05-16,2019-05-17,155.01,153.81,-1.1999999999999886,-59.99999999999943,bullish,-121.99999999999886,bullish
2019-07-01,1,2019-06-28,2019-07-01,155.51,157.51000000000002,2.0000000000000284,100.00000000000142,bullish,198.00000000000284,bullish
2019-07-02,1,2019-07-01,2019-07-02,156.10999999999999,156.01000000000002,-0.0999999999999659,-4.999999999998295,bullish,-11.99999999999659,bullish
2019-07-03,1,2019-07-02,2019-07-03,155.16,155.59,0.4300000000000068,21.50000000000034,bullish,41.00000000000068,bullish
2019-07-05,1,2019-07-03,2019-07-05,156.26999999999998,155.48000000000002,-0.7899999999999636,-39.49999999999818,bullish,-80.99999999999636,bullish
2019-07-08,1,2019-07-05,2019-07-08,156.69,156.20000000000002,-0.4899999999999807,-24.499999999999034,bullish,-50.99999999999807,bullish
2019-07-09,1,2019-07-08,2019-07-09,155.2,154.53,-0.6699999999999875,-33.499999999999375,bullish,-68.99999999999875,bullish
2019-07-10,1,2019-07-09,2019-07-10,155.41,156.19,0.7800000000000011,39.00000000000006,bullish,76.00000000000011,bullish
2019-07-11,1,2019-07-10,2019-07-11,155.67999999999998,155.88,0.20000000000001705,10.000000000000853,bullish,18.000000000001705,bullish
2019-07-12,1,2019-07-11,2019-07-12,154.92,155.13,0.21000000000000796,10.500000000000398,bullish,19.000000000000796,bullish
2019-07-15,1,2019-07-12,2019-07-15,156.12,156.55,0.4300000000000068,21.50000000000034,bullish,41.00000000000068,bullish
2019-07-16,1,2019-07-15,2019-07-16,155.29999999999998,155.12,-0.1799999999999784,-8.99999999999892,bullish,-19.99999999999784,bullish
2019-07-17,1,2019-07-16,2019-07-17,155.25,155.23000000000002,-0.01999999999998181,-0.9999999999990905,bullish,-3.999999999998181,bullish
2019-07-18,1,2019-07-17,2019-07-18,154.14,154.07000000000002,-0.06999999999996476,-3.499999999998238,bullish,-8.999999999996476,bullish
2019-07-19,1,2019-07-18,2019-07-19,154.72,154.93,0.21000000000000796,10.500000000000398,bullish,19.000000000000796,bullish
2019-07-22,1,2019-07-19,2019-07-22,153.82999999999998,154.23000000000002,0.4000000000000341,20.000000000001705,bullish,38.00000000000341,bullish
2019-07-23,1,2019-07-22,2019-07-23,153.69,154.27,0.5800000000000125,29.000000000000625,bullish,56.00000000000125,bullish
2019-07-24,1,2019-07-23,2019-07-24,154.70999999999998,154.28,-0.4299999999999784,-21.49999999999892,bullish,-44.99999999999784,bullish
2019-07-25,1,2019-07-24,2019-07-25,157.26999999999998,157.18,-0.08999999999997499,-4.4999999999987494,bullish,-10.999999999997499,bullish
2019-07-26,1,2019-07-25,2019-07-26,155.37,155.57000000000002,0.20000000000001705,10.000000000000853,bullish,18.000000000001705,bullish
2019-07-29,1,2019-07-26,2019-07-29,157.20999999999998,157.18,-0.029999999999972715,-1.4999999999986358,bullish,-4.9999999999972715,bullish
2019-07-30,1,2019-07-29,2019-07-30,156.16,155.05,-1.1099999999999852,-55.49999999999926,bullish,-112.99999999999852,bullish
2019-07-31,1,2019-07-30,2019-07-31,157.85,157.78,-0.06999999999999318,-3.499999999999659,bullish,-8.999999999999318,bullish
2019-08-01,1,2019-07-31,2019-08-01,156.57,156.87,0.30000000000001137,15.000000000000568,bullish,28.000000000001137,bullish
2019-08-02,1,2019-08-01,2019-08-02,154.29999999999998,153.32000000000002,-0.9799999999999613,-48.99999999999807,bullish,-99.99999999999613,bullish
2019-09-12,1,2019-09-11,2019-09-12,157.01,157.17000000000002,0.160000000000025,8.00000000000125,bullish,14.000000000002501,bullish
2019-09-13,1,2019-09-12,2019-09-13,157.04999999999998,157.85000000000002,0.8000000000000398,40.00000000000199,bullish,78.00000000000398,bullish
2019-09-16,1,2019-09-13,2019-09-16,157.32,156.96,-0.3599999999999852,-17.99999999999926,bullish,-37.99999999999852,bullish
2019-09-17,1,2019-09-16,2019-09-17,157.91,157.35000000000002,-0.5599999999999739,-27.999999999998693,bullish,-57.999999999997385,bullish
2019-09-18,1,2019-09-17,2019-09-18,157.5,157.47,-0.030000000000001137,-1.5000000000000568,bullish,-5.000000000000114,bullish
2019-09-19,1,2019-09-18,2019-09-19,156.53,156.79000000000002,0.2600000000000193,13.000000000000966,bullish,24.000000000001933,bullish
2019-09-20,1,2019-09-19,2019-09-20,155.76999999999998,155.63,-0.13999999999998636,-6.999999999999318,bullish,-15.999999999998636,bullish
2019-09-23,1,2019-09-20,2019-09-23,155.44,154.85000000000002,-0.589999999999975,-29.49999999999875,bullish,-60.9999999999975,bullish
2019-09-24,1,2019-09-23,2019-09-24,155.32,155.14000000000001,-0.1799999999999784,-8.99999999999892,bullish,-19.99999999999784,bullish
2019-09-25,1,2019-09-24,2019-09-25,152.44,152.27,-0.1699999999999875,-8.499999999999375,bullish,-18.99999999999875,bullish
2019-09-26,1,2019-09-25,2019-09-26,154.10999999999999,153.93,-0.1799999999999784,-8.99999999999892,bullish,-19.99999999999784,bullish
2019-09-27,1,2019-09-26,2019-09-27,152.39,152.81,0.4200000000000159,21.000000000000796,bullish,40.00000000000159,bullish
2019-10-18,1,2019-10-17,2019-10-18,153.35,152.92000000000002,-0.4299999999999784,-21.49999999999892,bullish,-44.99999999999784,bullish
2019-10-21,1,2019-10-18,2019-10-21,152.62,154.16,1.539999999999992,76.9999999999996,bullish,151.9999999999992,bullish
2019-10-22,1,2019-10-21,2019-10-22,154.04999999999998,154.19,0.14000000000001478,7.000000000000739,bullish,12.000000000001478,bullish
2019-10-23,1,2019-10-22,2019-10-23,154.22,154.33,0.11000000000001364,5.500000000000682,bullish,9.000000000001364,bullish
2019-10-24,1,2019-10-23,2019-10-24,154.41,154.94,0.5300000000000011,26.500000000000057,bullish,51.000000000000114,bullish
2019-10-25,1,2019-10-24,2019-10-25,154.19,153.9,-0.28999999999999204,-14.499999999999602,bullish,-30.999999999999204,bullish
2019-10-28,1,2019-10-25,2019-10-28,155.01,155.65,0.6400000000000148,32.00000000000074,bullish,62.00000000000148,bullish
2019-10-29,1,2019-10-28,2019-10-29,156.35,156.0,-0.3499999999999943,-17.499999999999716,bullish,-36.99999999999943,bullish
2019-10-30,1,2019-10-29,2019-10-30,156.85999999999999,156.78,-0.07999999999998408,-3.999999999999204,bullish,-9.999999999998408,bullish
2019-10-31,1,2019-10-30,2019-10-31,156.34,156.09,-0.25,-12.5,bullish,-27.0,bullish
2019-11-01,1,2019-10-31,2019-11-01,155.45999999999998,156.39000000000001,0.9300000000000352,46.50000000000176,bullish,91.00000000000352,bullish
2019-11-04,1,2019-11-01,2019-11-04,158.10999999999999,159.39000000000001,1.2800000000000296,64.00000000000148,bullish,126.00000000000296,bullish
2019-11-05,1,2019-11-04,2019-11-05,158.95999999999998,159.39000000000001,0.43000000000003524,21.500000000001762,bullish,41.000000000003524,bullish
2019-11-06,1,2019-11-05,2019-11-06,159.16,158.98000000000002,-0.1799999999999784,-8.99999999999892,bullish,-19.99999999999784,bullish
2019-11-07,1,2019-11-06,2019-11-07,158.23999999999998,159.73000000000002,1.4900000000000375,74.50000000000188,bullish,147.00000000000375,bullish
2019-11-08,1,2019-11-07,2019-11-08,158.66,158.27,-0.38999999999998636,-19.499999999999318,bullish,-40.999999999998636,bullish
2019-11-11,1,2019-11-08,2019-11-11,159.09,158.02,-1.0699999999999932,-53.49999999999966,bullish,-108.99999999999932,bullish
2019-11-12,1,2019-11-11,2019-11-12,158.79,158.92000000000002,0.13000000000002387,6.500000000001194,bullish,11.000000000002387,bullish
2019-11-13,1,2019-11-12,2019-11-13,158.84,157.72,-1.1200000000000045,-56.00000000000023,bullish,-114.00000000000045,bullish
2019-11-14,1,2019-11-13,2019-11-14,158.16,157.92000000000002,-0.23999999999998067,-11.999999999999034,bullish,-25.999999999998067,bullish
2019-11-15,1,2019-11-14,2019-11-15,158.10999999999999,159.23000000000002,1.120000000000033,56.00000000000165,bullish,110.0000000000033,bullish
2019-11-18,1,2019-11-15,2019-11-18,158.92999999999998,158.71,-0.21999999999997044,-10.999999999998522,bullish,-23.999999999997044,bullish
2019-11-19,1,2019-11-18,2019-11-19,158.53,159.10000000000002,0.5700000000000216,28.50000000000108,bullish,55.00000000000216,bullish
2019-11-20,1,2019-11-19,2019-11-20,159.12,158.51000000000002,-0.6099999999999852,-30.49999999999926,bullish,-62.99999999999852,bullish
2019-11-21,1,2019-11-20,2019-11-21,158.51999999999998,158.81,0.29000000000002046,14.500000000001023,bullish,27.000000000002046,bullish
2019-11-22,1,2019-11-21,2019-11-22,157.73999999999998,158.3,0.5600000000000307,28.000000000001535,bullish,54.00000000000307,bullish
2019-11-25,1,2019-11-22,2019-11-25,158.23,159.03,0.8000000000000114,40.00000000000057,bullish,78.00000000000114,bullish
2019-11-26,1,2019-11-25,2019-11-26,161.59,161.74,0.15000000000000568,7.500000000000284,bullish,13.000000000000568,bullish
2019-11-27,1,2019-11-26,2019-11-27,161.7,162.34,0.6400000000000148,32.00000000000074,bullish,62.00000000000148,bullish
2019-11-29,1,2019-11-27,2019-11-29,162.84,162.4,-0.4399999999999977,-21.999999999999886,bullish,-45.99999999999977,bullish
2019-12-02,1,2019-11-29,2019-12-02,161.78,162.14000000000001,0.36000000000001364,18.000000000000682,bullish,34.000000000001364,bullish
2019-12-03,1,2019-12-02,2019-12-03,160.2,158.81,-1.3899999999999864,-69.49999999999932,bullish,-140.99999999999864,bullish
2019-12-04,1,2019-12-03,2019-12-04,159.69,160.45000000000002,0.7600000000000193,38.000000000000966,bullish,74.00000000000193,bullish
2019-12-05,1,2019-12-04,2019-12-05,160.79,161.46,0.6700000000000159,33.500000000000796,bullish,65.00000000000159,bullish
2019-12-06,1,2019-12-05,2019-12-06,160.95,162.58,1.6300000000000239,81.5000000000012,bullish,161.0000000000024,bullish
2019-12-09,1,2019-12-06,2019-12-09,162.82999999999998,162.74,-0.08999999999997499,-4.4999999999987494,bullish,-10.999999999997499,bullish
2019-12-10,1,2019-12-09,2019-12-10,162.51999999999998,162.39000000000001,-0.12999999999996703,-6.4999999999983515,bullish,-14.999999999996703,bullish
2019-12-11,1,2019-12-10,2019-12-11,162.62,162.87,0.25,12.5,bullish,23.0,bullish
2019-12-12,1,2019-12-11,2019-12-12,162.57,162.74,0.17000000000001592,8.500000000000796,bullish,15.000000000001592,bullish
2019-12-13,1,2019-12-12,2019-12-13,163.97,163.70000000000002,-0.2699999999999818,-13.49999999999909,bullish,-28.99999999999818,bullish
2019-12-16,1,2019-12-13,2019-12-16,163.34,164.07000000000002,0.7300000000000182,36.50000000000091,bullish,71.00000000000182,bullish
2019-12-17,1,2019-12-16,2019-12-17,163.89,164.13,0.2400000000000091,12.000000000000455,bullish,22.00000000000091,bullish
2019-12-18,1,2019-12-17,2019-12-18,164.70999999999998,165.06,0.35000000000002274,17.500000000001137,bullish,33.000000000002274,bullish
2019-12-19,1,2019-12-18,2019-12-19,165.03,165.27,0.2400000000000091,12.000000000000455,bullish,22.00000000000091,bullish
2019-12-20,1,2019-12-19,2019-12-20,165.73999999999998,166.14000000000001,0.4000000000000341,20.000000000001705,bullish,38.00000000000341,bullish
2019-12-23,1,2019-12-20,2019-12-23,165.98,166.17000000000002,0.19000000000002615,9.500000000001307,bullish,17.000000000002615,bullish
2019-12-24,1,2019-12-23,2019-12-24,166.31,166.45000000000002,0.14000000000001478,7.000000000000739,bullish,12.000000000001478,bullish
2019-12-26,1,2019-12-24,2019-12-26,166.69,166.83,0.14000000000001478,7.000000000000739,bullish,12.000000000001478,bullish
2019-12-27,1,2019-12-26,2019-12-27,166.69,167.10000000000002,0.410000000000025,20.50000000000125,bullish,39.0000000000025,bullish
2019-12-30,1,2019-12-27,2019-12-30,165.87,165.97,0.09999999999999432,4.999999999999716,bullish,7.999999999999432,bullish
2019-12-31,1,2019-12-30,2019-12-31,165.45,165.07000000000002,-0.37999999999996703,-18.99999999999835,bullish,-39.9999999999967,bullish
2020-01-02,1,2019-12-31,2020-01-02,165.67999999999998,166.69,1.0100000000000193,50.500000000000966,bullish,99.00000000000193,bullish
2020-01-03,1,2020-01-02,2020-01-03,165.79,163.72,-2.069999999999993,-103.49999999999966,bullish,-208.99999999999932,bullish
2020-01-06,1,2020-01-03,2020-01-06,165.14,163.81,-1.329999999999984,-66.4999999999992,bullish,-134.9999999999984,bullish
2020-01-07,1,2020-01-06,2020-01-07,165.35999999999999,164.8,-0.5599999999999739,-27.999999999998693,bullish,-57.999999999997385,bullish
2020-01-08,1,2020-01-07,2020-01-08,164.81,164.82000000000002,0.010000000000019327,0.5000000000009663,bullish,-0.9999999999980673,bullish
2020-01-09,1,2020-01-08,2020-01-09,165.32,166.11,0.7900000000000205,39.50000000000102,bullish,77.00000000000205,bullish
2020-01-10,1,2020-01-09,2020-01-10,165.51999999999998,165.54000000000002,0.020000000000038654,1.0000000000019327,bullish,3.865352482534945e-12,bullish
2020-01-13,1,2020-01-10,2020-01-13,164.89999999999998,164.92000000000002,0.020000000000038654,1.0000000000019327,bullish,3.865352482534945e-12,bullish
2020-01-14,1,2020-01-13,2020-01-14,165.97,165.13,-0.8400000000000034,-42.00000000000017,bullish,-86.00000000000034,bullish
2020-01-15,1,2020-01-14,2020-01-15,166.57999999999998,166.15,-0.4299999999999784,-21.49999999999892,bullish,-44.99999999999784,bullish
2020-01-16,1,2020-01-15,2020-01-16,167.38,168.58,1.200000000000017,60.00000000000085,bullish,118.0000000000017,bullish
2020-01-17,1,2020-01-16,2020-01-17,169.54,170.29000000000002,0.7500000000000284,37.50000000000142,bullish,73.00000000000284,bullish
2020-01-21,1,2020-01-17,2020-01-21,169.07999999999998,168.35000000000002,-0.7299999999999613,-36.49999999999807,bullish,-74.99999999999613,bullish
2020-01-22,1,2020-01-21,2020-01-22,167.67999999999998,168.18,0.5000000000000284,25.00000000000142,bullish,48.00000000000284,bullish
2020-01-23,1,2020-01-22,2020-01-23,167.57,167.09,-0.47999999999998977,-23.99999999999949,bullish,-49.99999999999898,bullish
2020-01-24,1,2020-01-23,2020-01-24,167.45999999999998,168.0,0.5400000000000205,27.000000000001023,bullish,52.000000000002046,bullish
2020-01-27,1,2020-01-24,2020-01-27,165.39999999999998,162.83,-2.5699999999999648,-128.49999999999824,bullish,-258.9999999999965,bullish
2020-01-28,1,2020-01-27,2020-01-28,163.51999999999998,164.49,0.9700000000000273,48.500000000001364,bullish,95.00000000000273,bullish
2020-01-29,1,2020-01-28,2020-01-29,164.88,165.09,0.21000000000000796,10.500000000000398,bullish,19.000000000000796,bullish
2020-01-30,1,2020-01-29,2020-01-30,163.94,162.79000000000002,-1.1499999999999773,-57.49999999999886,bullish,-116.99999999999773,bullish
2020-01-31,1,2020-01-30,2020-01-31,163.94,163.31,-0.6299999999999955,-31.499999999999773,bullish,-64.99999999999955,bullish
2020-02-05,1,2020-02-04,2020-02-05,164.78,166.47,1.6899999999999977,84.49999999999989,bullish,166.99999999999977,bullish
2020-02-06,1,2020-02-05,2020-02-06,167.32,167.88,0.5600000000000023,28.000000000000114,bullish,54.00000000000023,bullish
2020-02-07,1,2020-02-06,2020-02-07,166.94,166.28,-0.6599999999999966,-32.99999999999983,bullish,-67.99999999999966,bullish
2020-02-10,1,2020-02-07,2020-02-10,164.89,164.54000000000002,-0.3499999999999659,-17.499999999998295,bullish,-36.99999999999659,bullish
2020-02-11,1,2020-02-10,2020-02-11,165.82,166.78,0.960000000000008,48.0000000000004,bullish,94.0000000000008,bullish
2020-02-12,1,2020-02-11,2020-02-12,166.97,168.01000000000002,1.0400000000000205,52.00000000000102,bullish,102.00000000000205,bullish
2020-02-13,1,2020-02-12,2020-02-13,168.12,167.21,-0.9099999999999966,-45.49999999999983,bullish,-92.99999999999966,bullish
2020-02-14,1,2020-02-13,2020-02-14,168.56,168.70000000000002,0.14000000000001478,7.000000000000739,bullish,12.000000000001478,bullish
2020-02-18,1,2020-02-14,2020-02-18,167.91,167.49,-0.4199999999999875,-20.999999999999375,bullish,-43.99999999999875,bullish
2020-02-19,1,2020-02-18,2020-02-19,167.54999999999998,168.16,0.6100000000000136,30.500000000000682,bullish,59.000000000001364,bullish
2020-02-20,1,2020-02-19,2020-02-20,168.41,167.89000000000001,-0.5199999999999818,-25.99999999999909,bullish,-53.99999999999818,bullish
2020-02-21,1,2020-02-20,2020-02-21,168.82,168.14000000000001,-0.6799999999999784,-33.99999999999892,bullish,-69.99999999999784,bullish
2020-02-24,1,2020-02-21,2020-02-24,167.10999999999999,161.82000000000002,-5.289999999999964,-264.4999999999982,bullish,-530.9999999999964,bullish
2020-04-30,1,2020-04-29,2020-04-30,135.47,131.89000000000001,-3.579999999999984,-178.9999999999992,bullish,-359.9999999999984,bullish
2020-05-19,1,2020-05-18,2020-05-19,132.69,132.21,-0.47999999999998977,-23.99999999999949,bullish,-49.99999999999898,bullish
2020-05-21,1,2020-05-20,2020-05-21,134.01,134.04000000000002,0.03000000000002956,1.500000000001478,bullish,1.0000000000029559,bullish
2020-05-22,1,2020-05-21,2020-05-22,134.25,134.66,0.4099999999999966,20.49999999999983,bullish,38.99999999999966,bullish
2020-05-26,1,2020-05-22,2020-05-26,134.89999999999998,140.14000000000001,5.2400000000000375,262.0000000000019,bullish,522.0000000000038,bullish
2020-05-27,1,2020-05-26,2020-05-27,138.79,141.56,2.7700000000000102,138.5000000000005,bullish,275.000000000001,bullish
2020-05-28,1,2020-05-27,2020-05-28,143.1,144.73000000000002,1.6300000000000239,81.5000000000012,bullish,161.0000000000024,bullish
2020-05-29,1,2020-05-28,2020-05-29,139.70999999999998,138.29000000000002,-1.419999999999959,-70.99999999999795,bullish,-143.9999999999959,bullish
2020-06-01,1,2020-05-29,2020-06-01,138.91,139.25,0.3400000000000034,17.00000000000017,bullish,32.00000000000034,bullish
2020-06-02,1,2020-06-01,2020-06-02,140.23999999999998,141.12,0.8800000000000239,44.000000000001194,bullish,86.00000000000239,bullish
2020-06-03,1,2020-06-02,2020-06-03,141.39999999999998,143.66,2.2600000000000193,113.00000000000097,bullish,224.00000000000193,bullish
2020-06-04,1,2020-06-03,2020-06-04,144.81,143.83,-0.9799999999999898,-48.99999999999949,bullish,-99.99999999999898,bullish
2020-06-05,1,2020-06-04,2020-06-05,144.6,150.96,6.360000000000014,318.0000000000007,bullish,634.0000000000014,bullish
2020-06-08,1,2020-06-05,2020-06-08,150.19,152.3,2.1100000000000136,105.50000000000068,bullish,209.00000000000136,bullish
2020-06-09,1,2020-06-08,2020-06-09,153.1,150.85000000000002,-2.2499999999999716,-112.49999999999858,bullish,-226.99999999999716,bullish
2020-06-10,1,2020-06-09,2020-06-10,150.26999999999998,150.08,-0.1899999999999693,-9.499999999998465,bullish,-20.99999999999693,bullish
2020-06-11,1,2020-06-10,2020-06-11,146.19,140.14000000000001,-6.049999999999983,-302.49999999999915,bullish,-606.9999999999983,bullish
2020-06-12,1,2020-06-11,2020-06-12,135.04,140.32000000000002,5.28000000000003,264.0000000000015,bullish,526.000000000003,bullish
2020-06-15,1,2020-06-12,2020-06-15,138.28,133.29000000000002,-4.989999999999981,-249.49999999999903,bullish,-500.99999999999807,bullish
2020-06-16,1,2020-06-15,2020-06-16,141.0,146.68,5.680000000000007,284.00000000000034,bullish,566.0000000000007,bullish
2020-06-17,1,2020-06-16,2020-06-17,144.39,144.58,0.19000000000002615,9.500000000001307,bullish,17.000000000002615,bullish
2020-06-18,1,2020-06-17,2020-06-18,141.78,140.36,-1.4199999999999875,-70.99999999999937,bullish,-143.99999999999875,bullish
2020-06-19,1,2020-06-18,2020-06-19,141.73,144.45000000000002,2.7200000000000273,136.00000000000136,bullish,270.00000000000273,bullish
2020-06-22,1,2020-06-19,2020-06-22,141.0,140.23000000000002,-0.7699999999999818,-38.49999999999909,bullish,-78.99999999999818,bullish
2020-06-23,1,2020-06-22,2020-06-23,142.41,144.25,1.8400000000000034,92.00000000000017,bullish,182.00000000000034,bullish
2020-06-24,1,2020-06-23,2020-06-24,143.01,141.09,-1.9199999999999875,-95.99999999999937,bullish,-193.99999999999875,bullish
2020-06-25,1,2020-06-24,2020-06-25,138.37,137.66,-0.710000000000008,-35.5000000000004,bullish,-73.0000000000008,bullish
2020-06-26,1,2020-06-25,2020-06-26,140.45999999999998,139.45000000000002,-1.0099999999999625,-50.499999999998124,bullish,-102.99999999999625,bullish
2020-06-29,1,2020-06-26,2020-06-29,136.67999999999998,138.71,2.0300000000000296,101.50000000000148,bullish,201.00000000000296,bullish
2020-06-30,1,2020-06-29,2020-06-30,141.14999999999998,140.60000000000002,-0.5499999999999545,-27.499999999997726,bullish,-56.99999999999545,bullish
2020-07-01,1,2020-06-30,2020-07-01,143.19,143.64000000000001,0.45000000000001705,22.500000000000853,bullish,43.000000000001705,bullish
2020-07-02,1,2020-07-01,2020-07-02,141.82999999999998,144.58,2.7500000000000284,137.50000000000142,bullish,273.00000000000284,bullish
2020-07-06,1,2020-07-02,2020-07-06,142.41,145.32000000000002,2.910000000000025,145.50000000000125,bullish,289.0000000000025,bullish
2020-07-07,1,2020-07-06,2020-07-07,143.44,142.17000000000002,-1.2699999999999818,-63.49999999999909,bullish,-128.99999999999818,bullish
2020-07-08,1,2020-07-07,2020-07-08,140.89999999999998,140.75,-0.14999999999997726,-7.499999999998863,bullish,-16.999999999997726,bullish
2020-07-09,1,2020-07-08,2020-07-09,141.95,142.0,0.05000000000001137,2.5000000000005684,bullish,3.000000000001137,bullish
2020-07-10,1,2020-07-09,2020-07-10,139.07999999999998,139.12,0.040000000000020464,2.000000000001023,bullish,2.0000000000020464,bullish
2020-07-13,1,2020-07-10,2020-07-13,141.32,142.79000000000002,1.4700000000000273,73.50000000000136,bullish,145.00000000000273,bullish
2020-07-14,1,2020-07-13,2020-07-14,139.53,139.42000000000002,-0.10999999999998522,-5.499999999999261,bullish,-12.999999999998522,bullish
2020-07-15,1,2020-07-14,2020-07-15,141.84,145.41,3.569999999999993,178.49999999999966,bullish,354.9999999999993,bullish
2020-07-16,1,2020-07-15,2020-07-16,147.04,146.10000000000002,-0.9399999999999693,-46.999999999998465,bullish,-95.99999999999693,bullish
2020-07-17,1,2020-07-16,2020-07-17,146.17,146.67000000000002,0.5000000000000284,25.00000000000142,bullish,48.00000000000284,bullish
2020-07-20,1,2020-07-17,2020-07-20,146.6,146.11,-0.4899999999999807,-24.499999999999034,bullish,-50.99999999999807,bullish
2020-07-21,1,2020-07-20,2020-07-21,145.97,147.5,1.5300000000000011,76.50000000000006,bullish,151.0000000000001,bullish
2020-07-22,1,2020-07-21,2020-07-22,148.04,147.08,-0.9599999999999795,-47.99999999999898,bullish,-97.99999999999795,bullish
2020-07-23,1,2020-07-22,2020-07-23,148.12,147.97,-0.15000000000000568,-7.500000000000284,bullish,-17.00000000000057,bullish
2020-07-24,1,2020-07-23,2020-07-24,148.26999999999998,147.27,-0.9999999999999716,-49.99999999999858,bullish,-101.99999999999716,bullish
2020-07-27,1,2020-07-24,2020-07-27,146.09,146.17000000000002,0.0800000000000125,4.000000000000625,bullish,6.0000000000012506,bullish
2020-07-28,1,2020-07-27,2020-07-28,147.60999999999999,147.06,-0.549999999999983,-27.499999999999147,bullish,-56.999999999998295,bullish
2020-07-29,1,2020-07-28,2020-07-29,146.14,146.99,0.8500000000000227,42.50000000000114,bullish,83.00000000000227,bullish
2020-07-30,1,2020-07-29,2020-07-30,149.35999999999999,147.13,-2.2299999999999898,-111.49999999999949,bullish,-224.99999999999898,bullish
2020-07-31,1,2020-07-30,2020-07-31,148.76999999999998,148.18,-0.589999999999975,-29.49999999999875,bullish,-60.9999999999975,bullish
2020-08-03,1,2020-07-31,2020-08-03,147.37,148.28,0.9099999999999966,45.49999999999983,bullish,88.99999999999966,bullish
2020-08-04,1,2020-08-03,2020-08-04,149.76999999999998,149.37,-0.39999999999997726,-19.999999999998863,bullish,-41.999999999997726,bullish
2020-08-05,1,2020-08-04,2020-08-05,150.79999999999998,152.32000000000002,1.5200000000000387,76.00000000000193,bullish,150.00000000000387,bullish
2020-08-06,1,2020-08-05,2020-08-06,153.79999999999998,153.78,-0.01999999999998181,-0.9999999999990905,bullish,-3.999999999998181,bullish
2020-08-07,1,2020-08-06,2020-08-07,153.73999999999998,153.44,-0.29999999999998295,-14.999999999999147,bullish,-31.999999999998295,bullish
2020-08-10,1,2020-08-07,2020-08-10,156.17999999999998,156.66,0.4800000000000182,24.00000000000091,bullish,46.00000000000182,bullish
2020-08-11,1,2020-08-10,2020-08-11,157.79999999999998,159.26000000000002,1.4600000000000364,73.00000000000182,bullish,144.00000000000364,bullish
2020-08-12,1,2020-08-11,2020-08-12,156.89,158.66,1.7700000000000102,88.50000000000051,bullish,175.00000000000102,bullish
2020-08-13,1,2020-08-12,2020-08-13,157.53,156.95000000000002,-0.5799999999999841,-28.999999999999204,bullish,-59.99999999999841,bullish
2020-08-14,1,2020-08-13,2020-08-14,157.2,156.27,-0.9299999999999784,-46.49999999999892,bullish,-94.99999999999784,bullish
2020-08-17,1,2020-08-14,2020-08-17,157.1,157.49,0.3900000000000148,19.50000000000074,bullish,37.00000000000148,bullish
2020-08-18,1,2020-08-17,2020-08-18,157.91,157.82000000000002,-0.08999999999997499,-4.4999999999987494,bullish,-10.999999999997499,bullish
2020-08-19,1,2020-08-18,2020-08-19,156.39999999999998,156.92000000000002,0.5200000000000387,26.000000000001933,bullish,50.000000000003865,bullish
2020-08-20,1,2020-08-19,2020-08-20,156.41,154.79000000000002,-1.6199999999999761,-80.9999999999988,bullish,-163.9999999999976,bullish
2020-08-21,1,2020-08-20,2020-08-21,155.76999999999998,155.14000000000001,-0.629999999999967,-31.49999999999835,bullish,-64.9999999999967,bullish
2020-08-24,1,2020-08-21,2020-08-24,154.62,155.85000000000002,1.2300000000000182,61.50000000000091,bullish,121.00000000000182,bullish
2020-08-25,1,2020-08-24,2020-08-25,156.23999999999998,156.8,0.5600000000000307,28.000000000001535,bullish,54.00000000000307,bullish
2020-08-26,1,2020-08-25,2020-08-26,156.41,156.46,0.05000000000001137,2.5000000000005684,bullish,3.000000000001137,bullish
2020-08-27,1,2020-08-26,2020-08-27,155.42999999999998,156.11,0.6800000000000352,34.00000000000176,bullish,66.00000000000352,bullish
2020-08-28,1,2020-08-27,2020-08-28,155.81,156.56,0.75,37.5,bullish,73.0,bullish
2020-08-31,1,2020-08-28,2020-08-31,157.13,157.18,0.05000000000001137,2.5000000000005684,bullish,3.000000000001137,bullish
2020-09-01,1,2020-08-31,2020-09-01,155.44,155.21,-0.22999999999998977,-11.499999999999488,bullish,-24.999999999998977,bullish
2020-09-02,1,2020-09-01,2020-09-02,157.22,157.95000000000002,0.7300000000000182,36.50000000000091,bullish,71.00000000000182,bullish
2020-09-03,1,2020-09-02,2020-09-03,158.47,158.14000000000001,-0.3299999999999841,-16.499999999999204,bullish,-34.99999999999841,bullish
2020-09-04,1,2020-09-03,2020-09-04,153.79,155.71,1.920000000000016,96.0000000000008,bullish,190.0000000000016,bullish
2020-09-08,1,2020-09-04,2020-09-08,152.81,151.17000000000002,-1.6399999999999864,-81.99999999999932,bullish,-165.99999999999864,bullish
2020-09-09,1,2020-09-08,2020-09-09,149.87,151.41,1.539999999999992,76.9999999999996,bullish,151.9999999999992,bullish
2020-09-10,1,2020-09-09,2020-09-10,152.14,152.79000000000002,0.6500000000000341,32.500000000001705,bullish,63.00000000000341,bullish
2020-09-11,1,2020-09-10,2020-09-11,150.16,150.91,0.75,37.5,bullish,73.0,bullish
2020-09-14,1,2020-09-11,2020-09-14,149.16,150.58,1.420000000000016,71.0000000000008,bullish,140.0000000000016,bullish
2020-09-15,1,2020-09-14,2020-09-15,153.09,154.37,1.2800000000000011,64.00000000000006,bullish,126.00000000000011,bullish
2020-09-16,1,2020-09-15,2020-09-16,153.38,154.10000000000002,0.7200000000000273,36.000000000001364,bullish,70.00000000000273,bullish
2020-09-17,1,2020-09-16,2020-09-17,154.82999999999998,152.61,-2.2199999999999704,-110.99999999999852,bullish,-223.99999999999704,bullish
2020-09-18,1,2020-09-17,2020-09-18,153.7,153.97,0.27000000000001023,13.500000000000512,bullish,25.000000000001023,bullish
2020-09-21,1,2020-09-18,2020-09-21,153.29999999999998,149.77,-3.5299999999999727,-176.49999999999864,bullish,-354.99999999999727,bullish
2020-10-06,1,2020-10-05,2020-10-06,157.07999999999998,158.49,1.410000000000025,70.50000000000125,bullish,139.0000000000025,bullish
2020-10-07,1,2020-10-06,2020-10-07,156.63,158.60000000000002,1.9700000000000273,98.50000000000136,bullish,195.00000000000273,bullish
2020-10-08,1,2020-10-07,2020-10-08,160.04999999999998,161.71,1.660000000000025,83.00000000000125,bullish,164.0000000000025,bullish
2020-10-09,1,2020-10-08,2020-10-09,161.87,163.34,1.4699999999999989,73.49999999999994,bullish,144.9999999999999,bullish
2020-10-12,1,2020-10-09,2020-10-12,162.70999999999998,163.4,0.6900000000000261,34.50000000000131,bullish,67.00000000000261,bullish
2020-10-13,1,2020-10-12,2020-10-13,163.79999999999998,162.51000000000002,-1.2899999999999636,-64.49999999999818,bullish,-130.99999999999636,bullish
2020-10-14,1,2020-10-13,2020-10-14,162.70999999999998,163.0,0.29000000000002046,14.500000000001023,bullish,27.000000000002046,bullish
2020-10-15,1,2020-10-14,2020-10-15,161.1,159.28,-1.8199999999999932,-90.99999999999966,bullish,-183.99999999999932,bullish
2020-10-16,1,2020-10-15,2020-10-16,162.76,163.20000000000002,0.44000000000002615,22.000000000001307,bullish,42.000000000002615,bullish
2020-10-19,1,2020-10-16,2020-10-19,162.35999999999999,162.87,0.5100000000000193,25.500000000000966,bullish,49.00000000000193,bullish
2020-10-20,1,2020-10-19,2020-10-20,160.42,161.55,1.1300000000000239,56.500000000001194,bullish,111.00000000000239,bullish
2020-10-21,1,2020-10-20,2020-10-21,160.76999999999998,160.86,0.09000000000003183,4.500000000001592,bullish,7.000000000003183,bullish
2020-10-22,1,2020-10-21,2020-10-22,159.39,160.13,0.7400000000000091,37.000000000000455,bullish,72.00000000000091,bullish
2020-10-23,1,2020-10-22,2020-10-23,162.14,163.09,0.950000000000017,47.50000000000085,bullish,93.0000000000017,bullish
2020-10-26,1,2020-10-23,2020-10-26,163.07999999999998,160.9,-2.1799999999999784,-108.99999999999892,bullish,-219.99999999999784,bullish
2020-10-27,1,2020-10-26,2020-10-27,159.56,159.43,-0.12999999999999545,-6.499999999999773,bullish,-14.999999999999545,bullish
2020-10-28,1,2020-10-27,2020-10-28,158.19,154.64000000000001,-3.549999999999983,-177.49999999999915,bullish,-356.9999999999983,bullish
2020-10-29,1,2020-10-28,2020-10-29,153.32,152.75,-0.5699999999999932,-28.49999999999966,bullish,-58.99999999999932,bullish
2020-10-30,1,2020-10-29,2020-10-30,155.14999999999998,154.31,-0.839999999999975,-41.99999999999875,bullish,-85.9999999999975,bullish
2020-11-02,1,2020-10-30,2020-11-02,153.1,154.70000000000002,1.6000000000000227,80.00000000000114,bullish,158.00000000000227,bullish
2020-11-03,1,2020-11-02,2020-11-03,155.82999999999998,158.43,2.6000000000000227,130.00000000000114,bullish,258.0000000000023,bullish
2020-11-04,1,2020-11-03,2020-11-04,160.25,157.74,-2.509999999999991,-125.49999999999955,bullish,-252.9999999999991,bullish
2020-11-05,1,2020-11-04,2020-11-05,160.42999999999998,161.99,1.5600000000000307,78.00000000000153,bullish,154.00000000000307,bullish
2020-11-06,1,2020-11-05,2020-11-06,164.92,165.64000000000001,0.7200000000000273,36.000000000001364,bullish,70.00000000000273,bullish
2020-11-09,1,2020-11-06,2020-11-09,163.63,176.20000000000002,12.570000000000022,628.500000000001,bullish,1255.0000000000023,bullish
2020-11-10,1,2020-11-09,2020-11-10,169.56,171.19,1.6299999999999955,81.49999999999977,bullish,160.99999999999955,bullish
2020-11-11,1,2020-11-10,2020-11-11,172.70999999999998,173.28,0.5700000000000216,28.50000000000108,bullish,55.00000000000216,bullish
2020-11-12,1,2020-11-11,2020-11-12,172.64,171.39000000000001,-1.2499999999999716,-62.49999999999858,bullish,-126.99999999999716,bullish
2020-11-13,1,2020-11-12,2020-11-13,169.98999999999998,171.3,1.3100000000000307,65.50000000000153,bullish,129.00000000000307,bullish
2020-11-16,1,2020-11-13,2020-11-16,173.51,176.49,2.980000000000018,149.0000000000009,bullish,296.0000000000018,bullish
2020-11-17,1,2020-11-16,2020-11-17,177.64,176.03,-1.6099999999999852,-80.49999999999926,bullish,-162.99999999999852,bullish
2020-11-18,1,2020-11-17,2020-11-18,178.47,178.93,0.46000000000000796,23.000000000000398,bullish,44.000000000000796,bullish
2020-11-19,1,2020-11-18,2020-11-19,175.97,175.64000000000001,-0.3299999999999841,-16.499999999999204,bullish,-34.99999999999841,bullish
2020-11-20,1,2020-11-19,2020-11-20,177.32,176.62,-0.6999999999999886,-34.99999999999943,bullish,-71.99999999999886,bullish
2020-11-23,1,2020-11-20,2020-11-23,177.51,179.19,1.6800000000000068,84.00000000000034,bullish,166.00000000000068,bullish
2020-11-24,1,2020-11-23,2020-11-24,180.82999999999998,183.37,2.5400000000000205,127.00000000000102,bullish,252.00000000000205,bullish
2020-11-25,1,2020-11-24,2020-11-25,184.23,183.49,-0.7399999999999807,-36.999999999999034,bullish,-75.99999999999807,bullish
2020-11-27,1,2020-11-25,2020-11-27,183.6,183.71,0.11000000000001364,5.500000000000682,bullish,9.000000000001364,bullish
2020-11-30,1,2020-11-27,2020-11-30,184.38,183.79000000000002,-0.589999999999975,-29.49999999999875,bullish,-60.9999999999975,bullish
2020-12-01,1,2020-11-30,2020-12-01,181.03,183.56,2.530000000000001,126.50000000000006,bullish,251.0000000000001,bullish
2020-12-02,1,2020-12-01,2020-12-02,182.70999999999998,181.94,-0.7699999999999818,-38.49999999999909,bullish,-78.99999999999818,bullish
2020-12-03,1,2020-12-02,2020-12-03,182.89999999999998,183.32000000000002,0.42000000000004434,21.000000000002217,bullish,40.000000000004434,bullish
2020-12-04,1,2020-12-03,2020-12-04,183.92999999999998,185.01000000000002,1.080000000000041,54.000000000002046,bullish,106.00000000000409,bullish
2020-12-07,1,2020-12-04,2020-12-07,188.20999999999998,188.21,2.842170943040401e-14,1.4210854715202004e-12,bullish,-1.9999999999971578,bullish
2020-12-08,1,2020-12-07,2020-12-08,188.39,187.09,-1.299999999999983,-64.99999999999915,bullish,-131.9999999999983,bullish
2020-12-09,1,2020-12-08,2020-12-09,190.81,192.01000000000002,1.200000000000017,60.00000000000085,bullish,118.0000000000017,bullish
2020-12-10,1,2020-12-09,2020-12-10,189.42,187.75,-1.6699999999999875,-83.49999999999937,bullish,-168.99999999999875,bullish
2020-12-11,1,2020-12-10,2020-12-11,191.25,189.96,-1.289999999999992,-64.4999999999996,bullish,-130.9999999999992,bullish
2020-12-14,1,2020-12-11,2020-12-14,190.31,191.94,1.6299999999999955,81.49999999999977,bullish,160.99999999999955,bullish
2020-12-15,1,2020-12-14,2020-12-15,189.94,191.78,1.8400000000000034,92.00000000000017,bullish,182.00000000000034,bullish
2020-12-16,1,2020-12-15,2020-12-16,194.69,195.10000000000002,0.410000000000025,20.50000000000125,bullish,39.0000000000025,bullish
2020-12-17,1,2020-12-16,2020-12-17,193.98999999999998,194.74,0.7500000000000284,37.50000000000142,bullish,73.00000000000284,bullish
2020-12-18,1,2020-12-17,2020-12-18,196.29999999999998,196.60000000000002,0.3000000000000398,15.00000000000199,bullish,28.00000000000398,bullish
2020-12-21,1,2020-12-18,2020-12-21,195.35,191.89000000000001,-3.4599999999999795,-172.99999999999898,bullish,-347.99999999999795,bullish
2020-12-22,1,2020-12-21,2020-12-22,195.25,195.98000000000002,0.7300000000000182,36.50000000000091,bullish,71.00000000000182,bullish
2020-12-23,1,2020-12-22,2020-12-23,197.47,198.56,1.0900000000000034,54.50000000000017,bullish,107.00000000000034,bullish
2020-12-24,1,2020-12-23,2020-12-24,199.14999999999998,199.92000000000002,0.7700000000000387,38.50000000000193,bullish,75.00000000000387,bullish
2020-12-28,1,2020-12-24,2020-12-28,199.01999999999998,201.16,2.140000000000015,107.00000000000074,bullish,212.00000000000148,bullish
2020-12-29,1,2020-12-28,2020-12-29,198.28,198.64000000000001,0.36000000000001364,18.000000000000682,bullish,34.000000000001364,bullish
2020-12-30,1,2020-12-29,2020-12-30,194.44,195.04000000000002,0.6000000000000227,30.000000000001137,bullish,58.000000000002274,bullish
2020-12-31,1,2020-12-30,2020-12-31,196.42,196.61,0.19000000000002615,9.500000000001307,bullish,17.000000000002615,bullish
2021-01-04,1,2020-12-31,2021-01-04,196.07,197.48000000000002,1.410000000000025,70.50000000000125,bullish,139.0000000000025,bullish
2021-01-05,1,2021-01-04,2021-01-05,193.51,193.08,-0.4299999999999784,-21.49999999999892,bullish,-44.99999999999784,bullish
2021-01-06,1,2021-01-05,2021-01-06,196.5,199.47,2.969999999999999,148.49999999999994,bullish,294.9999999999999,bullish
2021-01-07,1,2021-01-06,2021-01-07,204.54,205.70000000000002,1.160000000000025,58.00000000000125,bullish,114.0000000000025,bullish
2021-01-08,1,2021-01-07,2021-01-08,208.17999999999998,209.31,1.1300000000000239,56.500000000001194,bullish,111.00000000000239,bullish
2021-01-11,1,2021-01-08,2021-01-11,207.73,205.05,-2.6799999999999784,-133.99999999999892,bullish,-269.99999999999784,bullish
2021-01-12,1,2021-01-11,2021-01-12,207.54999999999998,208.48000000000002,0.9300000000000352,46.50000000000176,bullish,91.00000000000352,bullish
2021-01-13,1,2021-01-12,2021-01-13,211.25,211.43,0.18000000000000682,9.000000000000341,bullish,16.000000000000682,bullish
2021-01-14,1,2021-01-13,2021-01-14,209.73999999999998,211.23000000000002,1.4900000000000375,74.50000000000188,bullish,147.00000000000375,bullish
2021-01-15,1,2021-01-14,2021-01-15,213.95,210.79000000000002,-3.159999999999968,-157.9999999999984,bullish,-317.9999999999968,bullish
2021-01-19,1,2021-01-15,2021-01-19,210.76,213.35000000000002,2.590000000000032,129.5000000000016,bullish,257.0000000000032,bullish
2021-01-20,1,2021-01-19,2021-01-20,213.45999999999998,214.35000000000002,0.8900000000000432,44.50000000000216,bullish,87.00000000000432,bullish
2021-01-21,1,2021-01-20,2021-01-21,214.39999999999998,214.96,0.5600000000000307,28.000000000001535,bullish,54.00000000000307,bullish
2021-01-22,1,2021-01-21,2021-01-22,212.54,210.48000000000002,-2.059999999999974,-102.99999999999869,bullish,-207.99999999999739,bullish
2021-01-25,1,2021-01-22,2021-01-25,215.01,214.92000000000002,-0.08999999999997499,-4.4999999999987494,bullish,-10.999999999997499,bullish
2021-01-26,1,2021-01-25,2021-01-26,214.79999999999998,216.29000000000002,1.4900000000000375,74.50000000000188,bullish,147.00000000000375,bullish
2021-01-27,1,2021-01-26,2021-01-27,213.31,209.47,-3.8400000000000034,-192.00000000000017,bullish,-386.00000000000034,bullish
2021-01-28,1,2021-01-27,2021-01-28,209.39999999999998,210.83,1.4300000000000352,71.50000000000176,bullish,141.00000000000352,bullish
2021-01-29,1,2021-01-28,2021-01-29,208.73,209.71,0.9800000000000182,49.00000000000091,bullish,96.00000000000182,bullish
2021-02-01,1,2021-01-29,2021-02-01,205.57,208.16,2.5900000000000034,129.50000000000017,bullish,257.00000000000034,bullish
2021-02-02,1,2021-02-01,2021-02-02,210.62,213.14000000000001,2.5200000000000102,126.00000000000051,bullish,250.00000000000102,bullish
2021-02-03,1,2021-02-02,2021-02-03,213.62,213.69,0.06999999999999318,3.499999999999659,bullish,4.999999999999318,bullish
2021-02-04,1,2021-02-03,2021-02-04,214.26,215.07000000000002,0.8100000000000307,40.500000000001535,bullish,79.00000000000307,bullish
2021-02-05,1,2021-02-04,2021-02-05,218.63,220.93,2.3000000000000114,115.00000000000057,bullish,228.00000000000114,bullish
2021-02-08,1,2021-02-05,2021-02-08,221.66,223.79000000000002,2.130000000000024,106.5000000000012,bullish,211.0000000000024,bullish
2021-02-09,1,2021-02-08,2021-02-09,227.32,227.12,-0.19999999999998863,-9.999999999999432,bullish,-21.999999999998863,bullish
2021-02-10,1,2021-02-09,2021-02-10,228.39,229.91,1.5200000000000102,76.00000000000051,bullish,150.00000000000102,bullish
2021-02-11,1,2021-02-10,2021-02-11,226.89,228.13,1.240000000000009,62.000000000000455,bullish,122.00000000000091,bullish
2021-02-12,1,2021-02-11,2021-02-12,226.63,225.92000000000002,-0.7099999999999795,-35.49999999999898,bullish,-72.99999999999795,bullish
2021-02-16,1,2021-02-12,2021-02-16,227.26999999999998,229.39000000000001,2.120000000000033,106.00000000000165,bullish,210.0000000000033,bullish
2021-02-17,1,2021-02-16,2021-02-17,225.84,223.67000000000002,-2.1699999999999875,-108.49999999999937,bullish,-218.99999999999875,bullish
2021-02-18,1,2021-02-17,2021-02-18,224.07,222.33,-1.7399999999999807,-86.99999999999903,bullish,-175.99999999999807,bullish
2021-02-19,1,2021-02-18,2021-02-19,220.6,222.45000000000002,1.8500000000000227,92.50000000000114,bullish,183.00000000000227,bullish
2021-02-22,1,2021-02-19,2021-02-22,225.2,223.5,-1.6999999999999886,-84.99999999999943,bullish,-171.99999999999886,bullish
2021-02-23,1,2021-02-22,2021-02-23,223.73999999999998,220.95000000000002,-2.7899999999999636,-139.49999999999818,bullish,-280.99999999999636,bullish
2021-02-24,1,2021-02-23,2021-02-24,221.76999999999998,222.56,0.7900000000000205,39.50000000000102,bullish,77.00000000000205,bullish
2021-02-25,1,2021-02-24,2021-02-25,227.01,226.75,-0.2599999999999909,-12.999999999999545,bullish,-27.99999999999909,bullish
2021-02-26,1,2021-02-25,2021-02-26,218.62,219.51000000000002,0.8900000000000148,44.50000000000074,bullish,87.00000000000148,bullish
2021-03-01,1,2021-02-26,2021-03-01,218.32,223.47,5.150000000000006,257.5000000000003,bullish,513.0000000000006,bullish
2021-03-02,1,2021-03-01,2021-03-02,226.07999999999998,225.79000000000002,-0.2899999999999636,-14.499999999998181,bullish,-30.999999999996362,bullish
2021-03-03,1,2021-03-02,2021-03-03,221.73,222.47,0.7400000000000091,37.000000000000455,bullish,72.00000000000091,bullish
2021-03-04,1,2021-03-03,2021-03-04,219.32999999999998,218.47,-0.8599999999999852,-42.99999999999926,bullish,-87.99999999999852,bullish
2021-03-05,1,2021-03-04,2021-03-05,213.2,216.92000000000002,3.7200000000000273,186.00000000000136,bullish,370.00000000000273,bullish
2021-03-08,1,2021-03-05,2021-03-08,217.72,219.35000000000002,1.6300000000000239,81.5000000000012,bullish,161.0000000000024,bullish
2021-03-09,1,2021-03-08,2021-03-09,218.75,222.45000000000002,3.700000000000017,185.00000000000085,bullish,368.0000000000017,bullish
2021-03-10,1,2021-03-09,2021-03-10,223.35,225.62,2.2700000000000102,113.50000000000051,bullish,225.00000000000102,bullish
2021-03-11,1,2021-03-10,2021-03-11,227.23,229.56,2.3300000000000125,116.50000000000063,bullish,231.00000000000125,bullish
2021-03-12,1,2021-03-11,2021-03-12,232.23,231.99,-0.23999999999998067,-11.999999999999034,bullish,-25.999999999998067,bullish
2021-03-15,1,2021-03-12,2021-03-15,233.6,233.32000000000002,-0.2799999999999727,-13.999999999998636,bullish,-29.99999999999727,bullish
2021-03-16,1,2021-03-15,2021-03-16,234.42999999999998,234.0,-0.4299999999999784,-21.49999999999892,bullish,-44.99999999999784,bullish
2021-03-17,1,2021-03-16,2021-03-17,230.51,228.96,-1.549999999999983,-77.49999999999915,bullish,-156.9999999999983,bullish
2021-03-18,1,2021-03-17,2021-03-18,232.32,230.79000000000002,-1.5299999999999727,-76.49999999999864,bullish,-154.99999999999727,bullish
2021-03-19,1,2021-03-18,2021-03-19,225.25,224.55,-0.6999999999999886,-34.99999999999943,bullish,-71.99999999999886,bullish
2021-03-22,1,2021-03-19,2021-03-22,226.95,227.67000000000002,0.7200000000000273,36.000000000001364,bullish,70.00000000000273,bullish
2021-03-23,1,2021-03-22,2021-03-23,225.23999999999998,223.15,-2.089999999999975,-104.49999999999875,bullish,-210.9999999999975,bullish
2021-04-01,1,2021-03-31,2021-04-01,220.95,222.39000000000001,1.4400000000000261,72.00000000000131,bullish,142.00000000000261,bullish
2021-04-05,1,2021-04-01,2021-04-05,223.75,226.4,2.6500000000000057,132.50000000000028,bullish,263.00000000000057,bullish
2021-04-06,1,2021-04-05,2021-04-06,224.98,225.0,0.020000000000010232,1.0000000000005116,bullish,1.0231815394945443e-12,bullish
2021-04-07,1,2021-04-06,2021-04-07,224.32,224.17000000000002,-0.14999999999997726,-7.499999999998863,bullish,-16.999999999997726,bullish
2021-04-08,1,2021-04-07,2021-04-08,220.7,221.8,1.1000000000000227,55.00000000000114,bullish,108.00000000000227,bullish
2021-04-09,1,2021-04-08,2021-04-09,222.57,222.44,-0.12999999999999545,-6.499999999999773,bullish,-14.999999999999545,bullish
2021-04-12,1,2021-04-09,2021-04-12,222.6,222.71,0.11000000000001364,5.500000000000682,bullish,9.000000000001364,bullish
2021-04-13,1,2021-04-12,2021-04-13,221.73,221.47,-0.2599999999999909,-12.999999999999545,bullish,-27.99999999999909,bullish
2021-04-14,1,2021-04-13,2021-04-14,221.14999999999998,221.89000000000001,0.7400000000000375,37.000000000001876,bullish,72.00000000000375,bullish
2021-04-15,1,2021-04-14,2021-04-15,223.32999999999998,225.08,1.7500000000000284,87.50000000000142,bullish,173.00000000000284,bullish
2021-04-16,1,2021-04-15,2021-04-16,224.29999999999998,225.39000000000001,1.0900000000000318,54.50000000000159,bullish,107.00000000000318,bullish
2021-04-19,1,2021-04-16,2021-04-19,224.66,223.70000000000002,-0.9599999999999795,-47.99999999999898,bullish,-97.99999999999795,bullish
2021-04-20,1,2021-04-19,2021-04-20,221.73999999999998,220.76000000000002,-0.9799999999999613,-48.99999999999807,bullish,-99.99999999999613,bullish
2021-04-22,1,2021-04-21,2021-04-22,222.51,223.26000000000002,0.7500000000000284,37.50000000000142,bullish,73.00000000000284,bullish
2021-04-23,1,2021-04-22,2021-04-23,221.59,222.88,1.289999999999992,64.4999999999996,bullish,126.9999999999992,bullish
2021-04-26,1,2021-04-23,2021-04-26,225.76999999999998,226.99,1.2200000000000273,61.000000000001364,bullish,120.00000000000273,bullish
2021-04-27,1,2021-04-26,2021-04-27,228.12,228.76000000000002,0.6400000000000148,32.00000000000074,bullish,62.00000000000148,bullish
2021-04-28,1,2021-04-27,2021-04-28,228.45999999999998,228.06,-0.39999999999997726,-19.999999999998863,bullish,-41.999999999997726,bullish
2021-04-29,1,2021-04-28,2021-04-29,228.85,230.89000000000001,2.0400000000000205,102.00000000000102,bullish,202.00000000000205,bullish
2021-04-30,1,2021-04-29,2021-04-30,228.0,225.66,-2.3400000000000034,-117.00000000000017,bullish,-236.00000000000034,bullish
2021-05-03,1,2021-04-30,2021-05-03,224.89999999999998,227.20000000000002,2.30000000000004,115.00000000000199,bullish,228.00000000000398,bullish
2021-05-04,1,2021-05-03,2021-05-04,226.0,224.55,-1.4499999999999886,-72.49999999999943,bullish,-146.99999999999886,bullish
2021-05-05,1,2021-05-04,2021-05-05,223.29999999999998,224.27,0.9700000000000273,48.500000000001364,bullish,95.00000000000273,bullish
2021-05-06,1,2021-05-05,2021-05-06,222.41,222.64000000000001,0.2300000000000182,11.50000000000091,bullish,21.00000000000182,bullish
2021-05-07,1,2021-05-06,2021-05-07,222.6,222.62,0.020000000000010232,1.0000000000005116,bullish,1.0231815394945443e-12,bullish
2021-05-10,1,2021-05-07,2021-05-10,225.39999999999998,225.22,-0.1799999999999784,-8.99999999999892,bullish,-19.99999999999784,bullish
2021-05-17,1,2021-05-14,2021-05-17,221.03,219.74,-1.289999999999992,-64.4999999999996,bullish,-130.9999999999992,bullish
2021-05-18,1,2021-05-17,2021-05-18,221.32999999999998,221.38,0.05000000000001137,2.5000000000005684,bullish,3.000000000001137,bullish
2021-05-27,1,2021-05-26,2021-05-27,223.35999999999999,225.08,1.7200000000000273,86.00000000000136,bullish,170.00000000000273,bullish
2021-05-28,1,2021-05-27,2021-05-28,225.66,227.07000000000002,1.410000000000025,70.50000000000125,bullish,139.0000000000025,bullish
2021-06-01,1,2021-05-28,2021-06-01,225.51,227.45000000000002,1.9400000000000261,97.00000000000131,bullish,192.00000000000261,bullish
2021-06-02,1,2021-06-01,2021-06-02,228.07,228.87,0.8000000000000114,40.00000000000057,bullish,78.00000000000114,bullish
2021-06-03,1,2021-06-02,2021-06-03,228.34,226.78,-1.5600000000000023,-78.00000000000011,bullish,-158.00000000000023,bullish
2021-06-04,1,2021-06-03,2021-06-04,226.42999999999998,227.48000000000002,1.0500000000000398,52.50000000000199,bullish,103.00000000000398,bullish
2021-06-07,1,2021-06-04,2021-06-07,227.41,227.88,0.46999999999999886,23.499999999999943,bullish,44.999999999999886,bullish
2021-06-08,1,2021-06-07,2021-06-08,230.45999999999998,231.39000000000001,0.9300000000000352,46.50000000000176,bullish,91.00000000000352,bullish
2021-06-09,1,2021-06-08,2021-06-09,232.89999999999998,233.57000000000002,0.6700000000000443,33.50000000000222,bullish,65.00000000000443,bullish
2021-06-10,1,2021-06-09,2021-06-10,231.35,231.65,0.30000000000001137,15.000000000000568,bullish,28.000000000001137,bullish
2021-06-11,1,2021-06-10,2021-06-11,229.29,230.3,1.0100000000000193,50.500000000000966,bullish,99.00000000000193,bullish
2021-06-14,1,2021-06-11,2021-06-14,231.70999999999998,232.32000000000002,0.6100000000000421,30.500000000002103,bullish,59.000000000004206,bullish
2021-06-15,1,2021-06-14,2021-06-15,231.03,231.09,0.060000000000002274,3.0000000000001137,bullish,4.000000000000227,bullish
2021-06-16,1,2021-06-15,2021-06-16,230.37,229.69,-0.6800000000000068,-34.00000000000034,bullish,-70.00000000000068,bullish
2021-06-17,1,2021-06-16,2021-06-17,229.88,229.23000000000002,-0.6499999999999773,-32.49999999999886,bullish,-66.99999999999773,bullish
2021-06-18,1,2021-06-17,2021-06-18,227.29999999999998,223.63,-3.6699999999999875,-183.49999999999937,bullish,-368.99999999999875,bullish
2021-06-21,1,2021-06-18,2021-06-21,222.14,224.04000000000002,1.900000000000034,95.0000000000017,bullish,188.0000000000034,bullish
2021-06-22,1,2021-06-21,2021-06-22,226.89,226.26000000000002,-0.629999999999967,-31.49999999999835,bullish,-64.9999999999967,bullish
2021-06-23,1,2021-06-22,2021-06-23,227.92,227.98000000000002,0.060000000000030695,3.0000000000015348,bullish,4.0000000000030695,bullish
2021-06-24,1,2021-06-23,2021-06-24,228.67,230.08,1.410000000000025,70.50000000000125,bullish,139.0000000000025,bullish
2021-06-25,1,2021-06-24,2021-06-25,231.89999999999998,232.24,0.34000000000003183,17.00000000000159,bullish,32.00000000000318,bullish
2021-06-28,1,2021-06-25,2021-06-28,232.29,232.24,-0.04999999999998295,-2.4999999999991473,bullish,-6.999999999998295,bullish
2021-06-29,1,2021-06-28,2021-06-29,230.45,231.21,0.7600000000000193,38.000000000000966,bullish,74.00000000000193,bullish
2021-06-30,1,2021-06-29,2021-06-30,229.35,228.62,-0.7299999999999898,-36.49999999999949,bullish,-74.99999999999898,bullish
2021-07-01,1,2021-06-30,2021-07-01,229.38,230.8,1.420000000000016,71.0000000000008,bullish,140.0000000000016,bullish
2021-07-02,1,2021-07-01,2021-07-02,231.39999999999998,231.99,0.5900000000000318,29.50000000000159,bullish,57.00000000000318,bullish
2021-07-06,1,2021-07-02,2021-07-06,229.2,229.35000000000002,0.1500000000000341,7.500000000001705,bullish,13.00000000000341,bullish
2021-07-07,1,2021-07-06,2021-07-07,225.87,225.53,-0.3400000000000034,-17.00000000000017,bullish,-36.00000000000034,bullish
2021-07-08,1,2021-07-07,2021-07-08,223.76999999999998,219.29000000000002,-4.479999999999961,-223.99999999999807,bullish,-449.99999999999613,bullish
2021-07-09,1,2021-07-08,2021-07-09,221.70999999999998,224.15,2.440000000000026,122.00000000000131,bullish,242.00000000000261,bullish
2021-07-12,1,2021-07-09,2021-07-12,226.39,225.55,-0.839999999999975,-41.99999999999875,bullish,-85.9999999999975,bullish
2021-07-13,1,2021-07-12,2021-07-13,226.57999999999998,225.23000000000002,-1.349999999999966,-67.4999999999983,bullish,-136.9999999999966,bullish
2021-08-25,1,2021-08-24,2021-08-25,221.79,221.76000000000002,-0.029999999999972715,-1.4999999999986358,bullish,-4.9999999999972715,bullish
2021-08-26,1,2021-08-25,2021-08-26,222.57,222.13,-0.4399999999999977,-21.999999999999886,bullish,-45.99999999999977,bullish
2021-08-30,1,2021-08-27,2021-08-30,226.42,227.26000000000002,0.8400000000000318,42.00000000000159,bullish,82.00000000000318,bullish
2021-08-31,1,2021-08-30,2021-08-31,225.48999999999998,225.23000000000002,-0.2599999999999625,-12.999999999998124,bullish,-27.99999999999625,bullish
2021-09-01,1,2021-08-31,2021-09-01,225.92999999999998,226.83,0.9000000000000341,45.000000000001705,bullish,88.00000000000341,bullish
2021-09-02,1,2021-09-01,2021-09-02,227.45,228.32000000000002,0.870000000000033,43.50000000000165,bullish,85.0000000000033,bullish
2021-09-03,1,2021-09-02,2021-09-03,229.03,228.23000000000002,-0.799999999999983,-39.99999999999915,bullish,-81.9999999999983,bullish
2021-09-07,1,2021-09-03,2021-09-07,227.97,227.71,-0.2599999999999909,-12.999999999999545,bullish,-27.99999999999909,bullish
2021-09-08,1,2021-09-07,2021-09-08,226.39999999999998,225.58,-0.8199999999999648,-40.99999999999824,bullish,-83.99999999999648,bullish
2021-09-09,1,2021-09-08,2021-09-09,223.92999999999998,223.52,-0.40999999999996817,-20.49999999999841,bullish,-42.99999999999682,bullish
2021-09-10,1,2021-09-09,2021-09-10,223.82,225.16,1.3400000000000034,67.00000000000017,bullish,132.00000000000034,bullish
2021-09-13,1,2021-09-10,2021-09-13,221.63,223.20000000000002,1.5700000000000216,78.50000000000108,bullish,155.00000000000216,bullish
2021-09-14,1,2021-09-13,2021-09-14,222.89,223.74,0.8500000000000227,42.50000000000114,bullish,83.00000000000227,bullish
2021-09-16,1,2021-09-15,2021-09-16,222.04,222.25,0.21000000000000796,10.500000000000398,bullish,19.000000000000796,bullish
2021-09-17,1,2021-09-16,2021-09-17,222.2,221.61,-0.589999999999975,-29.49999999999875,bullish,-60.9999999999975,bullish
2021-09-20,1,2021-09-17,2021-09-20,222.48999999999998,217.44,-5.049999999999983,-252.49999999999915,bullish,-506.9999999999983,bullish
2021-09-24,1,2021-09-23,2021-09-24,224.82,222.92000000000002,-1.8999999999999773,-94.99999999999886,bullish,-191.99999999999773,bullish
2021-09-27,1,2021-09-24,2021-09-27,223.06,223.61,0.5500000000000114,27.50000000000057,bullish,53.00000000000114,bullish
2021-09-28,1,2021-09-27,2021-09-28,226.45,225.44,-1.009999999999991,-50.499999999999545,bullish,-102.99999999999909,bullish
2021-10-04,1,2021-10-01,2021-10-04,222.29,222.12,-0.1699999999999875,-8.499999999999375,bullish,-18.99999999999875,bullish
2021-10-08,1,2021-10-07,2021-10-08,223.26999999999998,223.38,0.11000000000001364,5.500000000000682,bullish,9.000000000001364,bullish
2021-10-11,1,2021-10-08,2021-10-11,221.59,221.83,0.2400000000000091,12.000000000000455,bullish,22.00000000000091,bullish
2021-10-14,1,2021-10-13,2021-10-14,222.57999999999998,224.74,2.160000000000025,108.00000000000125,bullish,214.0000000000025,bullish
2021-10-15,1,2021-10-14,2021-10-15,225.88,227.96,2.0800000000000125,104.00000000000063,bullish,206.00000000000125,bullish
2021-10-18,1,2021-10-15,2021-10-18,225.17,223.87,-1.299999999999983,-64.99999999999915,bullish,-131.9999999999983,bullish
2021-10-19,1,2021-10-18,2021-10-19,225.04,225.96,0.9200000000000159,46.000000000000796,bullish,90.00000000000159,bullish
2021-10-20,1,2021-10-19,2021-10-20,225.88,226.0,0.12000000000000455,6.000000000000227,bullish,10.000000000000455,bullish
2021-10-21,1,2021-10-20,2021-10-21,227.38,227.18,-0.19999999999998863,-9.999999999999432,bullish,-21.999999999998863,bullish
2021-10-22,1,2021-10-21,2021-10-22,227.95999999999998,227.79000000000002,-0.16999999999995907,-8.499999999997954,bullish,-18.999999999995907,bullish
2021-10-25,1,2021-10-22,2021-10-25,227.42,227.78,0.36000000000001364,18.000000000000682,bullish,34.000000000001364,bullish
2021-10-26,1,2021-10-25,2021-10-26,229.57999999999998,230.04000000000002,0.4600000000000364,23.00000000000182,bullish,44.00000000000364,bullish
2021-10-27,1,2021-10-26,2021-10-27,227.85,227.17000000000002,-0.6799999999999784,-33.99999999999892,bullish,-69.99999999999784,bullish
2021-10-28,1,2021-10-27,2021-10-28,223.66,224.81,1.1500000000000057,57.500000000000284,bullish,113.00000000000057,bullish
2021-10-29,1,2021-10-28,2021-10-29,228.12,227.79000000000002,-0.3299999999999841,-16.499999999999204,bullish,-34.99999999999841,bullish
2021-11-01,1,2021-10-29,2021-11-01,228.06,229.20000000000002,1.1400000000000148,57.00000000000074,bullish,112.00000000000148,bullish
2021-11-02,1,2021-11-01,2021-11-02,233.97,234.37,0.4000000000000057,20.000000000000284,bullish,38.00000000000057,bullish
2021-11-03,1,2021-11-02,2021-11-03,234.45999999999998,234.14000000000001,-0.31999999999996476,-15.999999999998238,bullish,-33.999999999996476,bullish
2021-11-04,1,2021-11-03,2021-11-04,238.64999999999998,239.51000000000002,0.8600000000000421,43.0000000000021,bullish,84.0000000000042,bullish
2021-11-05,1,2021-11-04,2021-11-05,238.56,241.20000000000002,2.640000000000015,132.00000000000074,bullish,262.0000000000015,bullish
2021-11-08,1,2021-11-05,2021-11-08,241.82,243.73000000000002,1.910000000000025,95.50000000000125,bullish,189.0000000000025,bullish
2021-11-09,1,2021-11-08,2021-11-09,242.57,241.99,-0.5799999999999841,-28.999999999999204,bullish,-59.99999999999841,bullish
2021-11-10,1,2021-11-09,2021-11-10,241.16,240.08,-1.079999999999984,-53.999999999999204,bullish,-109.99999999999841,bullish
2021-11-11,1,2021-11-10,2021-11-11,237.35999999999999,238.26000000000002,0.9000000000000341,45.000000000001705,bullish,88.00000000000341,bullish
2021-11-12,1,2021-11-11,2021-11-12,239.26999999999998,239.91,0.6400000000000148,32.00000000000074,bullish,62.00000000000148,bullish
2021-11-15,1,2021-11-12,2021-11-15,239.51,240.58,1.0700000000000216,53.50000000000108,bullish,105.00000000000216,bullish
2021-11-16,1,2021-11-15,2021-11-16,238.56,237.72,-0.8400000000000034,-42.00000000000017,bullish,-86.00000000000034,bullish
2021-11-17,1,2021-11-16,2021-11-17,239.0,238.01000000000002,-0.9899999999999807,-49.499999999999034,bullish,-100.99999999999807,bullish
2021-11-18,1,2021-11-17,2021-11-18,235.87,236.87,1.0,50.0,bullish,98.0,bullish
2021-11-19,1,2021-11-18,2021-11-19,234.87,233.26000000000002,-1.6099999999999852,-80.49999999999926,bullish,-162.99999999999852,bullish
2021-11-22,1,2021-11-19,2021-11-22,232.73,234.22,1.490000000000009,74.50000000000045,bullish,147.0000000000009,bullish
2021-11-23,1,2021-11-22,2021-11-23,231.73999999999998,231.42000000000002,-0.31999999999996476,-15.999999999998238,bullish,-33.999999999996476,bullish
2021-11-24,1,2021-11-23,2021-11-24,231.34,229.38,-1.960000000000008,-98.0000000000004,bullish,-198.0000000000008,bullish
2021-11-26,1,2021-11-24,2021-11-26,231.59,224.95000000000002,-6.639999999999986,-331.9999999999993,bullish,-665.9999999999986,bullish
2021-11-29,1,2021-11-26,2021-11-29,222.85999999999999,226.21,3.3500000000000227,167.50000000000114,bullish,333.0000000000023,bullish
2022-03-30,1,2022-03-29,2022-03-30,211.72,211.36,-0.3599999999999852,-17.99999999999926,bullish,-37.99999999999852,bullish
2022-04-04,1,2022-04-01,2022-04-04,207.57999999999998,207.88,0.30000000000001137,15.000000000000568,bullish,28.000000000001137,bullish
2022-04-05,1,2022-04-04,2022-04-05,207.92,207.86,-0.05999999999997385,-2.9999999999986926,bullish,-7.999999999997385,bullish
2022-07-29,1,2022-07-28,2022-07-29,185.94,186.0,0.060000000000002274,3.0000000000001137,bullish,4.000000000000227,bullish
2022-08-01,1,2022-07-29,2022-08-01,187.26,185.78,-1.4799999999999898,-73.99999999999949,bullish,-149.99999999999898,bullish
2022-08-02,1,2022-08-01,2022-08-02,187.19,186.47,-0.7199999999999989,-35.99999999999994,bullish,-73.99999999999989,bullish
2022-08-03,1,2022-08-02,2022-08-03,187.01,188.34,1.3300000000000125,66.50000000000063,bullish,131.00000000000125,bullish
2022-08-04,1,2022-08-03,2022-08-04,189.76,189.83,0.0700000000000216,3.50000000000108,bullish,5.00000000000216,bullish
2022-08-05,1,2022-08-04,2022-08-05,189.35999999999999,187.5,-1.8599999999999852,-92.99999999999926,bullish,-187.99999999999852,bullish
2022-08-08,1,2022-08-05,2022-08-08,190.81,192.14000000000001,1.3300000000000125,66.50000000000063,bullish,131.00000000000125,bullish
2022-08-09,1,2022-08-08,2022-08-09,192.82999999999998,192.06,-0.7699999999999818,-38.49999999999909,bullish,-78.99999999999818,bullish
2022-08-10,1,2022-08-09,2022-08-10,190.2,193.62,3.420000000000016,171.0000000000008,bullish,340.0000000000016,bullish
2022-08-11,1,2022-08-10,2022-08-11,195.63,197.41,1.7800000000000011,89.00000000000006,bullish,176.0000000000001,bullish
2022-08-12,1,2022-08-11,2022-08-12,196.35999999999999,197.32000000000002,0.9600000000000364,48.00000000000182,bullish,94.00000000000364,bullish
2022-08-15,1,2022-08-12,2022-08-15,200.37,198.77,-1.5999999999999943,-79.99999999999972,bullish,-161.99999999999943,bullish
2022-08-16,1,2022-08-15,2022-08-16,201.07999999999998,200.49,-0.589999999999975,-29.49999999999875,bullish,-60.9999999999975,bullish
2022-08-17,1,2022-08-16,2022-08-17,201.0,198.73000000000002,-2.269999999999982,-113.49999999999909,bullish,-228.99999999999818,bullish
2022-08-18,1,2022-08-17,2022-08-18,197.62,197.87,0.25,12.5,bullish,23.0,bullish
2022-08-19,1,2022-08-18,2022-08-19,198.92999999999998,196.86,-2.0699999999999648,-103.49999999999824,bullish,-208.99999999999648,bullish
2022-08-22,1,2022-08-19,2022-08-22,194.66,191.98000000000002,-2.6799999999999784,-133.99999999999892,bullish,-269.99999999999784,bullish
2022-08-23,1,2022-08-22,2022-08-23,190.64999999999998,190.92000000000002,0.27000000000003865,13.500000000001933,bullish,25.000000000003865,bullish
2022-08-24,1,2022-08-23,2022-08-24,190.95999999999998,190.79000000000002,-0.16999999999995907,-8.499999999997954,bullish,-18.999999999995907,bullish
2022-08-25,1,2022-08-24,2022-08-25,192.42,193.37,0.950000000000017,47.50000000000085,bullish,93.0000000000017,bullish
2022-08-26,1,2022-08-25,2022-08-26,195.41,195.33,-0.07999999999998408,-3.999999999999204,bullish,-9.999999999998408,bullish
2022-08-29,1,2022-08-26,2022-08-29,188.98999999999998,186.94,-2.049999999999983,-102.49999999999915,bullish,-206.9999999999983,bullish
2022-08-30,1,2022-08-29,2022-08-30,187.25,187.81,0.5600000000000023,28.000000000000114,bullish,54.00000000000023,bullish
2022-08-31,1,2022-08-30,2022-08-31,184.63,184.93,0.30000000000001137,15.000000000000568,bullish,28.000000000001137,bullish
2022-09-01,1,2022-08-31,2022-09-01,183.51,181.77,-1.7399999999999807,-86.99999999999903,bullish,-175.99999999999807,bullish
2022-09-02,1,2022-09-01,2022-09-02,181.51,183.59,2.0800000000000125,104.00000000000063,bullish,206.00000000000125,bullish
2022-09-06,1,2022-09-02,2022-09-06,180.1,180.70000000000002,0.6000000000000227,30.000000000001137,bullish,58.000000000002274,bullish
2022-09-08,1,2022-09-07,2022-09-08,182.2,180.66,-1.539999999999992,-76.9999999999996,bullish,-155.9999999999992,bullish
2022-09-09,1,2022-09-08,2022-09-09,183.72,185.32000000000002,1.6000000000000227,80.00000000000114,bullish,158.00000000000227,bullish
2022-09-12,1,2022-09-09,2022-09-12,187.41,188.64000000000001,1.2300000000000182,61.50000000000091,bullish,121.00000000000182,bullish
2022-09-13,1,2022-09-12,2022-09-13,189.67999999999998,184.84,-4.839999999999975,-241.99999999999875,bullish,-485.9999999999975,bullish
2022-09-14,1,2022-09-13,2022-09-14,182.26,182.58,0.3200000000000216,16.00000000000108,bullish,30.00000000000216,bullish
2022-11-02,1,2022-11-01,2022-11-02,183.59,182.83,-0.7599999999999909,-37.999999999999545,bullish,-77.99999999999909,bullish
2022-11-11,1,2022-11-10,2022-11-11,185.39,185.75,0.36000000000001364,18.000000000000682,bullish,34.000000000001364,bullish
2022-11-14,1,2022-11-11,2022-11-14,186.91,185.78,-1.1299999999999955,-56.49999999999977,bullish,-114.99999999999955,bullish
2022-11-15,1,2022-11-14,2022-11-15,184.82,187.84,3.0200000000000102,151.0000000000005,bullish,300.000000000001,bullish
2022-11-16,1,2022-11-15,2022-11-16,187.56,186.59,-0.9699999999999989,-48.49999999999994,bullish,-98.99999999999989,bullish
2022-11-17,1,2022-11-16,2022-11-17,184.26,181.61,-2.6499999999999773,-132.49999999999886,bullish,-266.9999999999977,bullish
2022-11-21,1,2022-11-18,2022-11-21,183.73,182.73000000000002,-0.9999999999999716,-49.99999999999858,bullish,-101.99999999999716,bullish
2022-11-22,1,2022-11-21,2022-11-22,182.76999999999998,183.73000000000002,0.9600000000000364,48.00000000000182,bullish,94.00000000000364,bullish
2022-11-23,1,2022-11-22,2022-11-23,184.72,184.26000000000002,-0.45999999999997954,-22.999999999998977,bullish,-47.999999999997954,bullish
2022-11-25,1,2022-11-23,2022-11-25,185.2,185.08,-0.11999999999997613,-5.999999999998806,bullish,-13.999999999997613,bullish
2022-11-28,1,2022-11-25,2022-11-28,185.59,184.14000000000001,-1.4499999999999886,-72.49999999999943,bullish,-146.99999999999886,bullish
2022-11-30,1,2022-11-29,2022-11-30,182.38,182.66,0.28000000000000114,14.000000000000057,bullish,26.000000000000114,bullish
2022-12-01,1,2022-11-30,2022-12-01,187.38,188.14000000000001,0.7600000000000193,38.000000000000966,bullish,74.00000000000193,bullish
2022-12-02,1,2022-12-01,2022-12-02,186.97,184.34,-2.6299999999999955,-131.49999999999977,bullish,-264.99999999999955,bullish
2022-12-05,1,2022-12-02,2022-12-05,188.06,186.85000000000002,-1.2099999999999795,-60.49999999999898,bullish,-122.99999999999795,bullish
2022-12-06,1,2022-12-05,2022-12-06,182.88,182.87,-0.009999999999990905,-0.49999999999954525,bullish,-2.9999999999990905,bullish
2022-12-09,1,2022-12-08,2022-12-09,180.85,179.77,-1.079999999999984,-53.999999999999204,bullish,-109.99999999999841,bullish
2022-12-13,1,2022-12-12,2022-12-13,180.73,185.72,4.990000000000009,249.50000000000045,bullish,497.0000000000009,bullish
2022-12-14,1,2022-12-13,2022-12-14,181.39,181.3,-0.08999999999997499,-4.4999999999987494,bullish,-10.999999999997499,bullish
2022-12-15,1,2022-12-14,2022-12-15,180.2,178.05,-2.1499999999999773,-107.49999999999886,bullish,-216.99999999999773,bullish
2023-01-13,1,2023-01-12,2023-01-13,185.84,184.49,-1.3499999999999943,-67.49999999999972,bullish,-136.99999999999943,bullish
2023-01-17,1,2023-01-13,2023-01-17,187.06,186.99,-0.06999999999999318,-3.499999999999659,bullish,-8.999999999999318,bullish
2023-01-18,1,2023-01-17,2023-01-18,186.82999999999998,187.44,0.6100000000000136,30.500000000000682,bullish,59.000000000001364,bullish
2023-01-19,1,2023-01-18,2023-01-19,183.81,182.72,-1.0900000000000034,-54.50000000000017,bullish,-111.00000000000034,bullish
2023-01-23,1,2023-01-20,2023-01-23,185.04999999999998,185.42000000000002,0.37000000000003297,18.50000000000165,bullish,35.0000000000033,bullish
2023-01-24,1,2023-01-23,2023-01-24,187.34,186.58,-0.7599999999999909,-37.999999999999545,bullish,-77.99999999999909,bullish
2023-01-25,1,2023-01-24,2023-01-25,186.94,185.4,-1.539999999999992,-76.9999999999996,bullish,-155.9999999999992,bullish
2023-01-26,1,2023-01-25,2023-01-26,187.45999999999998,188.95000000000002,1.4900000000000375,74.50000000000188,bullish,147.00000000000375,bullish
2023-01-27,1,2023-01-26,2023-01-27,188.57,187.97,-0.5999999999999943,-29.999999999999716,bullish,-61.99999999999943,bullish
2023-01-30,1,2023-01-27,2023-01-30,189.59,187.79000000000002,-1.799999999999983,-89.99999999999915,bullish,-181.9999999999983,bullish
2023-01-31,1,2023-01-30,2023-01-31,186.95,187.41,0.46000000000000796,23.000000000000398,bullish,44.000000000000796,bullish
2023-02-01,1,2023-01-31,2023-02-01,191.48999999999998,191.16,-0.3299999999999841,-16.499999999999204,bullish,-34.99999999999841,bullish
2023-02-02,1,2023-02-01,2023-02-02,194.5,196.02,1.5200000000000102,76.00000000000051,bullish,150.00000000000102,bullish
2023-02-03,1,2023-02-02,2023-02-03,198.32999999999998,196.10000000000002,-2.2299999999999613,-111.49999999999807,bullish,-224.99999999999613,bullish
2023-02-06,1,2023-02-03,2023-02-06,197.0,195.64000000000001,-1.3599999999999852,-67.99999999999926,bullish,-137.99999999999852,bullish
2023-02-07,1,2023-02-06,2023-02-07,194.14999999999998,193.4,-0.7499999999999716,-37.49999999999858,bullish,-76.99999999999716,bullish
2023-02-08,1,2023-02-07,2023-02-08,195.59,194.35000000000002,-1.2399999999999807,-61.999999999999034,bullish,-125.99999999999807,bullish
2023-02-09,1,2023-02-08,2023-02-09,192.73,194.22,1.490000000000009,74.50000000000045,bullish,147.0000000000009,bullish
2023-02-10,1,2023-02-09,2023-02-10,189.94,189.27,-0.6699999999999875,-33.499999999999375,bullish,-68.99999999999875,bullish
2023-02-13,1,2023-02-10,2023-02-13,190.32,190.5,0.18000000000000682,9.000000000000341,bullish,16.000000000000682,bullish
2023-02-14,1,2023-02-13,2023-02-14,192.60999999999999,191.27,-1.339999999999975,-66.99999999999875,bullish,-135.9999999999975,bullish
2023-02-15,1,2023-02-14,2023-02-15,192.51999999999998,190.97,-1.549999999999983,-77.49999999999915,bullish,-156.9999999999983,bullish
2023-02-16,1,2023-02-15,2023-02-16,194.47,191.72,-2.75,-137.5,bullish,-277.0,bullish
2023-02-17,1,2023-02-16,2023-02-17,192.60999999999999,191.84,-0.7699999999999818,-38.49999999999909,bullish,-78.99999999999818,bullish
2023-02-21,1,2023-02-17,2023-02-21,193.14,190.70000000000002,-2.4399999999999693,-121.99999999999847,bullish,-245.99999999999693,bullish
2023-02-22,1,2023-02-21,2023-02-22,187.44,187.77,0.3300000000000125,16.500000000000625,bullish,31.00000000000125,bullish
2023-02-23,1,2023-02-22,2023-02-23,187.95,189.36,1.410000000000025,70.50000000000125,bullish,139.0000000000025,bullish
2023-02-24,1,2023-02-23,2023-02-24,189.29,186.62,-2.6699999999999875,-133.49999999999937,bullish,-268.99999999999875,bullish
2023-02-27,1,2023-02-24,2023-02-27,187.51999999999998,189.12,1.6000000000000227,80.00000000000114,bullish,158.00000000000227,bullish
2023-02-28,1,2023-02-27,2023-02-28,188.17999999999998,188.11,-0.06999999999996476,-3.499999999998238,bullish,-8.999999999996476,bullish
2023-03-01,1,2023-02-28,2023-03-01,188.19,188.18,-0.009999999999990905,-0.49999999999954525,bullish,-2.9999999999990905,bullish
2023-03-02,1,2023-03-01,2023-03-02,188.42999999999998,186.81,-1.6199999999999761,-80.9999999999988,bullish,-163.9999999999976,bullish
2023-03-03,1,2023-03-02,2023-03-03,188.88,189.65,0.7700000000000102,38.50000000000051,bullish,75.00000000000102,bullish
2023-03-06,1,2023-03-03,2023-03-06,191.51,191.55,0.040000000000020464,2.000000000001023,bullish,2.0000000000020464,bullish
2023-03-07,1,2023-03-06,2023-03-07,188.70999999999998,188.69,-0.01999999999998181,-0.9999999999990905,bullish,-3.999999999998181,bullish
2023-03-08,1,2023-03-07,2023-03-08,186.51999999999998,186.78,0.2600000000000193,13.000000000000966,bullish,24.000000000001933,bullish
2023-03-09,1,2023-03-08,2023-03-09,186.60999999999999,186.69,0.0800000000000125,4.000000000000625,bullish,6.0000000000012506,bullish
2023-06-05,1,2023-06-02,2023-06-05,182.03,181.3,-0.7299999999999898,-36.49999999999949,bullish,-74.99999999999898,bullish
2023-06-07,1,2023-06-06,2023-06-07,184.32,184.95000000000002,0.6300000000000239,31.500000000001194,bullish,61.00000000000239,bullish
2023-06-08,1,2023-06-07,2023-06-08,187.25,186.71,-0.539999999999992,-26.999999999999602,bullish,-55.999999999999204,bullish
2023-06-09,1,2023-06-08,2023-06-09,186.54999999999998,186.36,-0.1899999999999693,-9.499999999998465,bullish,-20.99999999999693,bullish
2023-06-12,1,2023-06-09,2023-06-12,185.04,185.22,0.18000000000000682,9.000000000000341,bullish,16.000000000000682,bullish
2023-06-13,1,2023-06-12,2023-06-13,185.81,186.43,0.6200000000000045,31.000000000000227,bullish,60.000000000000455,bullish
2023-06-14,1,2023-06-13,2023-06-14,187.94,188.31,0.37000000000000455,18.500000000000227,bullish,35.000000000000455,bullish
2023-06-15,1,2023-06-14,2023-06-15,185.92,185.03,-0.8899999999999864,-44.49999999999932,bullish,-90.99999999999864,bullish
2023-06-16,1,2023-06-15,2023-06-16,187.45,187.9,0.45000000000001705,22.500000000000853,bullish,43.000000000001705,bullish
2023-06-20,1,2023-06-16,2023-06-20,185.95,185.15,-0.799999999999983,-39.99999999999915,bullish,-81.9999999999983,bullish
2023-06-21,1,2023-06-20,2023-06-21,185.14,184.41,-0.7299999999999898,-36.49999999999949,bullish,-74.99999999999898,bullish
2023-06-22,1,2023-06-21,2023-06-22,184.70999999999998,184.24,-0.46999999999997044,-23.499999999998522,bullish,-48.999999999997044,bullish
2023-06-23,1,2023-06-22,2023-06-23,183.34,180.76000000000002,-2.579999999999984,-128.9999999999992,bullish,-259.9999999999984,bullish
2023-06-26,1,2023-06-23,2023-06-26,180.57999999999998,180.43,-0.14999999999997726,-7.499999999998863,bullish,-16.999999999997726,bullish
2023-06-27,1,2023-06-26,2023-06-27,180.76,181.19,0.4300000000000068,21.50000000000034,bullish,41.00000000000068,bullish
2023-06-28,1,2023-06-27,2023-06-28,183.37,182.94,-0.4300000000000068,-21.50000000000034,bullish,-45.00000000000068,bullish
2023-06-29,1,2023-06-28,2023-06-29,184.26999999999998,184.60000000000002,0.3300000000000409,16.500000000002046,bullish,31.000000000004093,bullish
2023-06-30,1,2023-06-29,2023-06-30,186.39,188.25,1.8600000000000136,93.00000000000068,bullish,184.00000000000136,bullish
2023-07-03,1,2023-06-30,2023-07-03,187.28,187.01000000000002,-0.2699999999999818,-13.49999999999909,bullish,-28.99999999999818,bullish
2023-07-05,1,2023-07-03,2023-07-05,187.66,187.12,-0.539999999999992,-26.999999999999602,bullish,-55.999999999999204,bullish
2023-07-06,1,2023-07-05,2023-07-06,185.79,183.61,-2.1799999999999784,-108.99999999999892,bullish,-219.99999999999784,bullish
2023-07-07,1,2023-07-06,2023-07-07,182.79,182.97,0.18000000000000682,9.000000000000341,bullish,16.000000000000682,bullish
2023-07-10,1,2023-07-07,2023-07-10,184.72,184.57000000000002,-0.14999999999997726,-7.499999999998863,bullish,-16.999999999997726,bullish
2023-07-11,1,2023-07-10,2023-07-11,187.88,188.47,0.5900000000000034,29.50000000000017,bullish,57.00000000000034,bullish
2023-07-12,1,2023-07-11,2023-07-12,189.81,192.75,2.9399999999999977,146.9999999999999,bullish,291.9999999999998,bullish
2023-07-13,1,2023-07-12,2023-07-13,191.88,192.5,0.6200000000000045,31.000000000000227,bullish,60.000000000000455,bullish
2023-07-14,1,2023-07-13,2023-07-14,193.42999999999998,193.3,-0.12999999999996703,-6.4999999999983515,bullish,-14.999999999996703,bullish
2023-07-17,1,2023-07-14,2023-07-17,191.54,191.33,-0.20999999999997954,-10.499999999998977,bullish,-22.999999999997954,bullish
2023-07-18,1,2023-07-17,2023-07-18,193.59,193.69,0.09999999999999432,4.999999999999716,bullish,7.999999999999432,bullish
2023-07-19,1,2023-07-18,2023-07-19,195.98,196.69,0.710000000000008,35.5000000000004,bullish,69.0000000000008,bullish
2023-07-20,1,2023-07-19,2023-07-20,196.81,196.93,0.12000000000000455,6.000000000000227,bullish,10.000000000000455,bullish
2023-07-21,1,2023-07-20,2023-07-21,195.09,196.38,1.289999999999992,64.4999999999996,bullish,126.9999999999992,bullish
2023-07-24,1,2023-07-21,2023-07-24,194.47,194.55,0.0800000000000125,4.000000000000625,bullish,6.0000000000012506,bullish
2023-07-25,1,2023-07-24,2023-07-25,194.95,194.53,-0.4199999999999875,-20.999999999999375,bullish,-43.99999999999875,bullish
2023-07-26,1,2023-07-25,2023-07-26,194.92999999999998,194.76000000000002,-0.16999999999995907,-8.499999999997954,bullish,-18.999999999995907,bullish
2023-07-27,1,2023-07-26,2023-07-27,196.47,197.62,1.1500000000000057,57.500000000000284,bullish,113.00000000000057,bullish
2023-07-28,1,2023-07-27,2023-07-28,193.92999999999998,196.01000000000002,2.080000000000041,104.00000000000205,bullish,206.0000000000041,bullish
2023-07-31,1,2023-07-28,2023-07-31,196.44,196.92000000000002,0.4800000000000182,24.00000000000091,bullish,46.00000000000182,bullish
2023-08-01,1,2023-07-31,2023-08-01,198.72,197.42000000000002,-1.299999999999983,-64.99999999999915,bullish,-131.9999999999983,bullish
2023-08-02,1,2023-08-01,2023-08-02,197.81,195.58,-2.2299999999999898,-111.49999999999949,bullish,-224.99999999999898,bullish
2023-08-03,1,2023-08-02,2023-08-03,195.12,194.29000000000002,-0.8299999999999841,-41.499999999999204,bullish,-84.99999999999841,bullish
2023-08-04,1,2023-08-03,2023-08-04,194.57,194.78,0.21000000000000796,10.500000000000398,bullish,19.000000000000796,bullish
2023-08-07,1,2023-08-04,2023-08-07,194.17999999999998,194.65,0.4700000000000273,23.500000000001364,bullish,45.00000000000273,bullish
2023-08-08,1,2023-08-07,2023-08-08,194.31,192.09,-2.219999999999999,-110.99999999999994,bullish,-223.9999999999999,bullish
2023-08-09,1,2023-08-08,2023-08-09,193.09,192.86,-0.22999999999998977,-11.499999999999488,bullish,-24.999999999998977,bullish
2023-08-10,1,2023-08-09,2023-08-10,191.57999999999998,192.24,0.660000000000025,33.00000000000125,bullish,64.0000000000025,bullish
2023-08-11,1,2023-08-10,2023-08-11,190.73,189.89000000000001,-0.839999999999975,-41.99999999999875,bullish,-85.9999999999975,bullish
2023-08-14,1,2023-08-11,2023-08-14,191.0,189.96,-1.039999999999992,-51.9999999999996,bullish,-105.9999999999992,bullish
2023-08-15,1,2023-08-14,2023-08-15,190.67,189.51000000000002,-1.1599999999999682,-57.99999999999841,bullish,-117.99999999999682,bullish
2023-08-16,1,2023-08-15,2023-08-16,188.14999999999998,187.97,-0.1799999999999784,-8.99999999999892,bullish,-19.99999999999784,bullish
2023-08-17,1,2023-08-16,2023-08-17,185.85,186.32000000000002,0.4700000000000273,23.500000000001364,bullish,45.00000000000273,bullish
2023-12-01,1,2023-11-30,2023-12-01,179.67,179.17000000000002,-0.4999999999999716,-24.99999999999858,bullish,-51.99999999999716,bullish
2023-12-04,1,2023-12-01,2023-12-04,184.92,184.22,-0.6999999999999886,-34.99999999999943,bullish,-71.99999999999886,bullish
2023-12-05,1,2023-12-04,2023-12-05,186.89999999999998,186.03,-0.8699999999999761,-43.499999999998806,bullish,-88.99999999999761,bullish
2023-12-06,1,2023-12-05,2023-12-06,184.39999999999998,185.71,1.3100000000000307,65.50000000000153,bullish,129.00000000000307,bullish
2023-12-07,1,2023-12-06,2023-12-07,184.07,184.32000000000002,0.2500000000000284,12.500000000001421,bullish,23.000000000002842,bullish
2023-12-08,1,2023-12-07,2023-12-08,185.39999999999998,185.14000000000001,-0.2599999999999625,-12.999999999998124,bullish,-27.99999999999625,bullish
2023-12-11,1,2023-12-08,2023-12-11,186.81,186.66,-0.15000000000000568,-7.500000000000284,bullish,-17.00000000000057,bullish
2023-12-12,1,2023-12-11,2023-12-12,187.2,186.97,-0.22999999999998977,-11.499999999999488,bullish,-24.999999999998977,bullish
2023-12-13,1,2023-12-12,2023-12-13,187.01,187.09,0.0800000000000125,4.000000000000625,bullish,6.0000000000012506,bullish
2023-12-14,1,2023-12-13,2023-12-14,193.34,196.86,3.5200000000000102,176.0000000000005,bullish,350.000000000001,bullish
2023-12-15,1,2023-12-14,2023-12-15,198.72,198.96,0.2400000000000091,12.000000000000455,bullish,22.00000000000091,bullish
2023-12-18,1,2023-12-15,2023-12-18,197.04999999999998,197.97,0.9200000000000159,46.000000000000796,bullish,90.00000000000159,bullish
2023-12-19,1,2023-12-18,2023-12-19,197.12,198.47,1.3499999999999943,67.49999999999972,bullish,132.99999999999943,bullish
2023-12-20,1,2023-12-19,2023-12-20,200.94,199.87,-1.0699999999999932,-53.49999999999966,bullish,-108.99999999999932,bullish
2023-12-21,1,2023-12-20,2023-12-21,196.29,198.51000000000002,2.2200000000000273,111.00000000000136,bullish,220.00000000000273,bullish
2023-12-22,1,2023-12-21,2023-12-22,199.63,200.87,1.240000000000009,62.000000000000455,bullish,122.00000000000091,bullish
2023-12-26,1,2023-12-22,2023-12-26,201.48999999999998,202.20000000000002,0.7100000000000364,35.50000000000182,bullish,69.00000000000364,bullish
2023-12-27,1,2023-12-26,2023-12-27,204.10999999999999,204.45000000000002,0.34000000000003183,17.00000000000159,bullish,32.00000000000318,bullish
2023-12-28,1,2023-12-27,2023-12-28,204.82999999999998,203.78,-1.049999999999983,-52.49999999999915,bullish,-106.9999999999983,bullish
2023-12-29,1,2023-12-28,2023-12-29,204.04999999999998,203.47,-0.5799999999999841,-28.999999999999204,bullish,-59.99999999999841,bullish
2024-01-02,1,2023-12-29,2024-01-02,200.72,199.39000000000001,-1.329999999999984,-66.4999999999992,bullish,-134.9999999999984,bullish
2024-01-03,1,2024-01-02,2024-01-03,199.53,197.4,-2.1299999999999955,-106.49999999999977,bullish,-214.99999999999955,bullish
2024-01-04,1,2024-01-03,2024-01-04,194.20999999999998,194.05,-0.15999999999996817,-7.999999999998408,bullish,-17.999999999996817,bullish
2024-01-05,1,2024-01-04,2024-01-05,193.82999999999998,192.67000000000002,-1.1599999999999682,-57.99999999999841,bullish,-117.99999999999682,bullish
2024-01-08,1,2024-01-05,2024-01-08,193.26,193.28,0.020000000000010232,1.0000000000005116,bullish,1.0231815394945443e-12,bullish
2024-01-09,1,2024-01-08,2024-01-09,196.73999999999998,194.34,-2.3999999999999773,-119.99999999999886,bullish,-241.99999999999773,bullish
2024-01-10,1,2024-01-09,2024-01-10,194.98,194.73000000000002,-0.24999999999997158,-12.499999999998579,bullish,-26.999999999997158,bullish
2024-01-11,1,2024-01-10,2024-01-11,195.09,194.45000000000002,-0.6399999999999864,-31.999999999999318,bullish,-65.99999999999864,bullish
2024-01-12,1,2024-01-11,2024-01-12,193.56,195.88,2.319999999999993,115.99999999999966,bullish,229.99999999999932,bullish
2024-01-16,1,2024-01-12,2024-01-16,193.23999999999998,191.71,-1.5299999999999727,-76.49999999999864,bullish,-154.99999999999727,bullish
2024-01-17,1,2024-01-16,2024-01-17,190.85,188.13,-2.719999999999999,-135.99999999999994,bullish,-273.9999999999999,bullish
2024-01-18,1,2024-01-17,2024-01-18,189.48999999999998,190.70000000000002,1.2100000000000364,60.50000000000182,bullish,119.00000000000364,bullish
2024-01-19,1,2024-01-18,2024-01-19,190.60999999999999,191.28,0.6700000000000159,33.500000000000796,bullish,65.00000000000159,bullish
2024-01-22,1,2024-01-19,2024-01-22,192.44,194.14000000000001,1.700000000000017,85.00000000000085,bullish,168.0000000000017,bullish
2024-01-23,1,2024-01-22,2024-01-23,196.54999999999998,198.23000000000002,1.6800000000000352,84.00000000000176,bullish,166.00000000000352,bullish
2024-01-24,1,2024-01-23,2024-01-24,195.98,198.37,2.390000000000015,119.50000000000074,bullish,237.00000000000148,bullish
2024-01-25,1,2024-01-24,2024-01-25,194.37,197.10000000000002,2.730000000000018,136.5000000000009,bullish,271.0000000000018,bullish
2024-01-26,1,2024-01-25,2024-01-26,195.98,196.9,0.9200000000000159,46.000000000000796,bullish,90.00000000000159,bullish
2024-01-29,1,2024-01-26,2024-01-29,195.98999999999998,196.15,0.160000000000025,8.00000000000125,bullish,14.000000000002501,bullish
2024-01-30,1,2024-01-29,2024-01-30,199.42,198.34,-1.079999999999984,-53.999999999999204,bullish,-109.99999999999841,bullish
2024-01-31,1,2024-01-30,2024-01-31,197.72,197.19,-0.5300000000000011,-26.500000000000057,bullish,-55.000000000000114,bullish
2024-02-01,1,2024-01-31,2024-02-01,192.89,194.31,1.420000000000016,71.0000000000008,bullish,140.0000000000016,bullish
2024-02-02,1,2024-02-01,2024-02-02,195.45,193.23000000000002,-2.2199999999999704,-110.99999999999852,bullish,-223.99999999999704,bullish
2024-02-05,1,2024-02-02,2024-02-05,194.42,192.46,-1.9599999999999795,-97.99999999999898,bullish,-197.99999999999795,bullish
2024-02-09,1,2024-02-08,2024-02-09,196.16,196.91,0.75,37.5,bullish,73.0,bullish
2024-02-12,1,2024-02-09,2024-02-12,199.35,199.88,0.5300000000000011,26.500000000000057,bullish,51.000000000000114,bullish
2024-02-13,1,2024-02-12,2024-02-13,202.97,196.21,-6.759999999999991,-337.99999999999955,bullish,-677.9999999999991,bullish
2024-02-15,1,2024-02-14,2024-02-15,199.14,201.0,1.8600000000000136,93.00000000000068,bullish,184.00000000000136,bullish
2024-02-16,1,2024-02-15,2024-02-16,204.45,202.11,-2.339999999999975,-116.99999999999875,bullish,-235.9999999999975,bullish
2024-02-20,1,2024-02-16,2024-02-20,201.67,199.21,-2.4599999999999795,-122.99999999999898,bullish,-247.99999999999795,bullish
2024-02-21,1,2024-02-20,2024-02-21,198.89,197.62,-1.2699999999999818,-63.49999999999909,bullish,-128.99999999999818,bullish
2024-02-22,1,2024-02-21,2024-02-22,197.95,198.61,0.660000000000025,33.00000000000125,bullish,64.0000000000025,bullish
2024-02-23,1,2024-02-22,2024-02-23,199.45,199.61,0.160000000000025,8.00000000000125,bullish,14.000000000002501,bullish
2024-02-26,1,2024-02-23,2024-02-26,199.89999999999998,199.68,-0.21999999999997044,-10.999999999998522,bullish,-23.999999999997044,bullish
2024-02-27,1,2024-02-26,2024-02-27,201.16,203.08,1.920000000000016,96.0000000000008,bullish,190.0000000000016,bullish
2024-02-28,1,2024-02-27,2024-02-28,204.01,202.43,-1.579999999999984,-78.9999999999992,bullish,-159.9999999999984,bullish
2024-02-29,1,2024-02-28,2024-02-29,202.32999999999998,205.17000000000002,2.840000000000032,142.0000000000016,bullish,282.0000000000032,bullish
2024-03-01,1,2024-02-29,2024-03-01,203.73999999999998,204.52,0.7800000000000296,39.00000000000148,bullish,76.00000000000296,bullish
2024-03-04,1,2024-03-01,2024-03-04,205.89999999999998,207.02,1.120000000000033,56.00000000000165,bullish,110.0000000000033,bullish
2024-03-05,1,2024-03-04,2024-03-05,205.70999999999998,204.29000000000002,-1.419999999999959,-70.99999999999795,bullish,-143.9999999999959,bullish
2024-03-06,1,2024-03-05,2024-03-06,203.73999999999998,205.99,2.2500000000000284,112.50000000000142,bullish,223.00000000000284,bullish
2024-03-07,1,2024-03-06,2024-03-07,205.26,206.68,1.420000000000016,71.0000000000008,bullish,140.0000000000016,bullish
2024-03-08,1,2024-03-07,2024-03-08,206.97,208.77,1.8000000000000114,90.00000000000057,bullish,178.00000000000114,bullish
2024-03-11,1,2024-03-08,2024-03-11,206.84,205.95000000000002,-0.8899999999999864,-44.49999999999932,bullish,-90.99999999999864,bullish
2024-03-12,1,2024-03-11,2024-03-12,205.2,205.14000000000001,-0.05999999999997385,-2.9999999999986926,bullish,-7.999999999997385,bullish
2024-03-13,1,2024-03-12,2024-03-13,204.92,204.85000000000002,-0.06999999999996476,-3.499999999998238,bullish,-8.999999999996476,bullish
2024-03-14,1,2024-03-13,2024-03-14,205.72,205.03,-0.6899999999999977,-34.499999999999886,bullish,-70.99999999999977,bullish
2024-03-15,1,2024-03-14,2024-03-15,202.04,201.24,-0.799999999999983,-39.99999999999915,bullish,-81.9999999999983,bullish
2024-03-18,1,2024-03-15,2024-03-18,202.42,202.89000000000001,0.4700000000000273,23.500000000001364,bullish,45.00000000000273,bullish
2024-03-19,1,2024-03-18,2024-03-19,201.26,199.82000000000002,-1.4399999999999693,-71.99999999999847,bullish,-145.99999999999693,bullish
2024-03-20,1,2024-03-19,2024-03-20,202.10999999999999,201.5,-0.6099999999999852,-30.49999999999926,bullish,-62.99999999999852,bullish
2024-03-21,1,2024-03-20,2024-03-21,206.10999999999999,206.95000000000002,0.8400000000000318,42.00000000000159,bullish,82.00000000000318,bullish
2024-03-22,1,2024-03-21,2024-03-22,207.95,207.88,-0.06999999999999318,-3.499999999999659,bullish,-8.999999999999318,bullish
2024-03-25,1,2024-03-22,2024-03-25,205.07999999999998,205.70000000000002,0.620000000000033,31.00000000000165,bullish,60.0000000000033,bullish
2024-03-26,1,2024-03-25,2024-03-26,205.54999999999998,207.06,1.5100000000000193,75.50000000000097,bullish,149.00000000000193,bullish
2024-03-27,1,2024-03-26,2024-03-27,205.17999999999998,206.83,1.650000000000034,82.5000000000017,bullish,163.0000000000034,bullish
2024-03-28,1,2024-03-27,2024-03-28,209.64999999999998,210.06,0.410000000000025,20.50000000000125,bullish,39.0000000000025,bullish
2024-04-01,1,2024-03-28,2024-04-01,210.31,210.78,0.46999999999999886,23.499999999999943,bullish,44.999999999999886,bullish
2024-04-02,1,2024-04-01,2024-04-02,208.32999999999998,205.72,-2.609999999999985,-130.49999999999926,bullish,-262.9999999999985,bullish
2024-04-03,1,2024-04-02,2024-04-03,204.5,203.38,-1.1200000000000045,-56.00000000000023,bullish,-114.00000000000045,bullish
2024-04-04,1,2024-04-03,2024-04-04,205.84,208.03,2.1899999999999977,109.49999999999989,bullish,216.99999999999977,bullish
2024-04-05,1,2024-04-04,2024-04-05,203.78,203.11,-0.6699999999999875,-33.499999999999375,bullish,-68.99999999999875,bullish
2024-04-08,1,2024-04-05,2024-04-08,204.45999999999998,205.97,1.5100000000000193,75.50000000000097,bullish,149.00000000000193,bullish
2024-04-09,1,2024-04-08,2024-04-09,205.57999999999998,206.24,0.660000000000025,33.00000000000125,bullish,64.0000000000025,bullish
2024-04-10,1,2024-04-09,2024-04-10,206.39,201.18,-5.2099999999999795,-260.499999999999,bullish,-522.999999999998,bullish
2024-04-11,1,2024-04-10,2024-04-11,200.94,201.95000000000002,1.0100000000000193,50.500000000000966,bullish,99.00000000000193,bullish
2024-04-12,1,2024-04-11,2024-04-12,202.29999999999998,201.22,-1.079999999999984,-53.999999999999204,bullish,-109.99999999999841,bullish
2024-05-15,1,2024-05-14,2024-05-15,206.87,209.23000000000002,2.3600000000000136,118.00000000000068,bullish,234.00000000000136,bullish
2024-05-16,1,2024-05-15,2024-05-16,209.45,208.89000000000001,-0.5599999999999739,-27.999999999998693,bullish,-57.999999999997385,bullish
2024-05-17,1,2024-05-16,2024-05-17,207.94,207.97,0.030000000000001137,1.5000000000000568,bullish,1.0000000000001137,bullish
2024-05-20,1,2024-05-17,2024-05-20,208.09,207.97,-0.12000000000000455,-6.000000000000227,bullish,-14.000000000000455,bullish
2024-05-21,1,2024-05-20,2024-05-21,208.54999999999998,207.79000000000002,-0.7599999999999625,-37.999999999998124,bullish,-77.99999999999625,bullish
2024-05-22,1,2024-05-21,2024-05-22,208.35,207.57000000000002,-0.7799999999999727,-38.999999999998636,bullish,-79.99999999999727,bullish
2024-05-23,1,2024-05-22,2024-05-23,206.59,207.5,0.9099999999999966,45.49999999999983,bullish,88.99999999999966,bullish
2024-05-24,1,2024-05-23,2024-05-24,203.2,204.78,1.5800000000000125,79.00000000000063,bullish,156.00000000000125,bullish
2024-05-28,1,2024-05-24,2024-05-28,205.45,206.94,1.490000000000009,74.50000000000045,bullish,147.0000000000009,bullish
2024-05-29,1,2024-05-28,2024-05-29,205.17,202.5,-2.6699999999999875,-133.49999999999937,bullish,-268.99999999999875,bullish
2024-05-30,1,2024-05-29,2024-05-30,202.14,203.48000000000002,1.3400000000000318,67.00000000000159,bullish,132.00000000000318,bullish
2024-05-31,1,2024-05-30,2024-05-31,204.06,204.94,0.8799999999999955,43.99999999999977,bullish,85.99999999999955,bullish
2024-06-03,1,2024-05-31,2024-06-03,205.78,207.51000000000002,1.7300000000000182,86.50000000000091,bullish,171.00000000000182,bullish
2024-06-04,1,2024-06-03,2024-06-04,204.62,203.17000000000002,-1.4499999999999886,-72.49999999999943,bullish,-146.99999999999886,bullish
2024-06-05,1,2024-06-04,2024-06-05,201.98,203.26000000000002,1.2800000000000296,64.00000000000148,bullish,126.00000000000296,bullish
2024-06-06,1,2024-06-05,2024-06-06,205.07,204.14000000000001,-0.9299999999999784,-46.49999999999892,bullish,-94.99999999999784,bullish
2024-06-07,1,2024-06-06,2024-06-07,203.6,201.5,-2.0999999999999943,-104.99999999999972,bullish,-211.99999999999943,bullish
2024-06-11,1,2024-06-10,2024-06-11,201.89999999999998,199.63,-2.269999999999982,-113.49999999999909,bullish,-228.99999999999818,bullish
2024-06-13,1,2024-06-12,2024-06-13,203.73,203.23000000000002,-0.4999999999999716,-24.99999999999858,bullish,-51.99999999999716,bullish
2024-06-14,1,2024-06-13,2024-06-14,201.95,199.55,-2.3999999999999773,-119.99999999999886,bullish,-241.99999999999773,bullish
2024-07-12,1,2024-07-11,2024-07-12,210.69,212.94,2.25,112.5,bullish,223.0,bullish
2024-07-15,1,2024-07-12,2024-07-15,213.14999999999998,214.78,1.6300000000000239,81.5000000000012,bullish,161.0000000000024,bullish
2024-07-16,1,2024-07-15,2024-07-16,217.2,219.14000000000001,1.9400000000000261,97.00000000000131,bullish,192.00000000000261,bullish
2024-07-17,1,2024-07-16,2024-07-17,224.60999999999999,222.37,-2.2399999999999807,-111.99999999999903,bullish,-225.99999999999807,bullish
2024-07-18,1,2024-07-17,2024-07-18,222.26,221.37,-0.8899999999999864,-44.49999999999932,bullish,-90.99999999999864,bullish
2024-07-19,1,2024-07-18,2024-07-19,217.95999999999998,217.65,-0.30999999999997385,-15.499999999998693,bullish,-32.999999999997385,bullish
2024-07-22,1,2024-07-19,2024-07-22,216.85,217.66,0.8100000000000023,40.500000000000114,bullish,79.00000000000023,bullish
2024-07-23,1,2024-07-22,2024-07-23,220.29999999999998,219.21,-1.089999999999975,-54.49999999999875,bullish,-110.9999999999975,bullish
2024-07-24,1,2024-07-23,2024-07-24,222.64,221.04000000000002,-1.599999999999966,-79.9999999999983,bullish,-161.9999999999966,bullish
2024-07-25,1,2024-07-24,2024-07-25,217.85999999999999,218.48000000000002,0.620000000000033,31.00000000000165,bullish,60.0000000000033,bullish
2024-07-26,1,2024-07-25,2024-07-26,220.57999999999998,223.91,3.3300000000000125,166.50000000000063,bullish,331.00000000000125,bullish
2024-07-29,1,2024-07-26,2024-07-29,224.23,224.73000000000002,0.5000000000000284,25.00000000000142,bullish,48.00000000000284,bullish
2024-07-30,1,2024-07-29,2024-07-30,221.73999999999998,222.70000000000002,0.9600000000000364,48.00000000000182,bullish,94.00000000000364,bullish
2024-07-31,1,2024-07-30,2024-07-31,222.57999999999998,223.70000000000002,1.120000000000033,56.00000000000165,bullish,110.0000000000033,bullish
2024-08-01,1,2024-07-31,2024-08-01,223.87,223.76000000000002,-0.10999999999998522,-5.499999999999261,bullish,-12.999999999998522,bullish
2024-08-02,1,2024-08-01,2024-08-02,216.59,208.84,-7.75,-387.5,bullish,-777.0,bullish
2024-08-05,1,2024-08-02,2024-08-05,208.92999999999998,197.9,-11.029999999999973,-551.4999999999986,bullish,-1104.9999999999973,bullish
2024-08-06,1,2024-08-05,2024-08-06,202.20999999999998,202.95000000000002,0.7400000000000375,37.000000000001876,bullish,72.00000000000375,bullish
2024-08-07,1,2024-08-06,2024-08-07,204.41,207.89000000000001,3.480000000000018,174.0000000000009,bullish,346.0000000000018,bullish
2024-08-09,1,2024-08-08,2024-08-09,206.89999999999998,207.03,0.13000000000002387,6.500000000001194,bullish,11.000000000002387,bullish
2024-08-12,1,2024-08-09,2024-08-12,206.47,206.56,0.09000000000000341,4.5000000000001705,bullish,7.000000000000341,bullish
2024-08-13,1,2024-08-12,2024-08-13,204.60999999999999,206.08,1.4700000000000273,73.50000000000136,bullish,145.00000000000273,bullish
2024-08-14,1,2024-08-13,2024-08-14,207.98,208.62,0.6400000000000148,32.00000000000074,bullish,62.00000000000148,bullish
2024-08-15,1,2024-08-14,2024-08-15,206.69,211.25,4.560000000000002,228.0000000000001,bullish,454.0000000000002,bullish
2024-08-16,1,2024-08-15,2024-08-16,212.04999999999998,211.37,-0.6799999999999784,-33.99999999999892,bullish,-69.99999999999784,bullish
2024-08-19,1,2024-08-16,2024-08-19,212.60999999999999,212.95000000000002,0.34000000000003183,17.00000000000159,bullish,32.00000000000318,bullish
2024-08-20,1,2024-08-19,2024-08-20,215.20999999999998,214.88,-0.3299999999999841,-16.499999999999204,bullish,-34.99999999999841,bullish
2024-08-21,1,2024-08-20,2024-08-21,212.7,214.25,1.5500000000000114,77.50000000000057,bullish,153.00000000000114,bullish
2024-08-22,1,2024-08-21,2024-08-22,215.47,215.55,0.0800000000000125,4.000000000000625,bullish,6.0000000000012506,bullish
2024-08-23,1,2024-08-22,2024-08-23,213.57,215.17000000000002,1.6000000000000227,80.00000000000114,bullish,158.00000000000227,bullish
2024-08-26,1,2024-08-23,2024-08-26,220.39,221.94,1.5500000000000114,77.50000000000057,bullish,153.00000000000114,bullish
2024-08-27,1,2024-08-26,2024-08-27,220.45999999999998,218.9,-1.5599999999999739,-77.99999999999869,bullish,-157.99999999999739,bullish
2024-08-28,1,2024-08-27,2024-08-28,218.75,217.86,-0.8899999999999864,-44.49999999999932,bullish,-90.99999999999864,bullish
2024-08-29,1,2024-08-28,2024-08-29,217.26999999999998,218.77,1.5000000000000284,75.00000000000142,bullish,148.00000000000284,bullish
2024-08-30,1,2024-08-29,2024-08-30,218.82,219.70000000000002,0.8800000000000239,44.000000000001194,bullish,86.00000000000239,bullish
2024-09-03,1,2024-08-30,2024-09-03,220.09,218.12,-1.9699999999999989,-98.49999999999994,bullish,-198.9999999999999,bullish
2024-09-16,1,2024-09-13,2024-09-16,216.84,217.62,0.7800000000000011,39.00000000000006,bullish,76.00000000000011,bullish
2024-09-17,1,2024-09-16,2024-09-17,217.62,219.57000000000002,1.950000000000017,97.50000000000085,bullish,193.0000000000017,bullish
2024-09-18,1,2024-09-17,2024-09-18,219.42,219.22,-0.19999999999998863,-9.999999999999432,bullish,-21.999999999998863,bullish
2024-09-19,1,2024-09-18,2024-09-19,219.45999999999998,224.65,5.190000000000026,259.5000000000013,bullish,517.0000000000026,bullish
2024-09-20,1,2024-09-19,2024-09-20,223.98,223.44,-0.539999999999992,-26.999999999999602,bullish,-55.999999999999204,bullish
2024-09-23,1,2024-09-20,2024-09-23,221.57999999999998,222.65,1.0700000000000216,53.50000000000108,bullish,105.00000000000216,bullish
2024-09-24,1,2024-09-23,2024-09-24,220.76999999999998,221.62,0.8500000000000227,42.50000000000114,bullish,83.00000000000227,bullish
2024-09-25,1,2024-09-24,2024-09-25,221.14,220.31,-0.8299999999999841,-41.499999999999204,bullish,-84.99999999999841,bullish
2024-09-26,1,2024-09-25,2024-09-26,217.7,220.48000000000002,2.7800000000000296,139.00000000000148,bullish,276.00000000000296,bullish
2024-09-27,1,2024-09-26,2024-09-27,218.85999999999999,220.85000000000002,1.9900000000000375,99.50000000000188,bullish,197.00000000000375,bullish
2024-09-30,1,2024-09-27,2024-09-30,220.34,219.41,-0.9300000000000068,-46.50000000000034,bullish,-95.00000000000068,bullish
2024-10-01,1,2024-09-30,2024-10-01,220.89999999999998,220.16,-0.7399999999999807,-36.999999999999034,bullish,-75.99999999999807,bullish
2024-10-02,1,2024-10-01,2024-10-02,217.89999999999998,216.98000000000002,-0.9199999999999591,-45.999999999997954,bullish,-93.99999999999591,bullish
2024-10-03,1,2024-10-02,2024-10-03,217.6,216.18,-1.4199999999999875,-70.99999999999937,bullish,-143.99999999999875,bullish
2024-10-04,1,2024-10-03,2024-10-04,216.14,219.26000000000002,3.120000000000033,156.00000000000165,bullish,310.0000000000033,bullish
2024-10-07,1,2024-10-04,2024-10-07,219.16,218.63,-0.5300000000000011,-26.500000000000057,bullish,-55.000000000000114,bullish
2024-10-08,1,2024-10-07,2024-10-08,217.44,217.57000000000002,0.13000000000002387,6.500000000001194,bullish,11.000000000002387,bullish
2024-10-09,1,2024-10-08,2024-10-09,217.59,217.52,-0.06999999999999318,-3.499999999999659,bullish,-8.999999999999318,bullish
2024-10-10,1,2024-10-09,2024-10-10,218.07,215.89000000000001,-2.1799999999999784,-108.99999999999892,bullish,-219.99999999999784,bullish
2024-10-11,1,2024-10-10,2024-10-11,216.85999999999999,216.76000000000002,-0.0999999999999659,-4.999999999998295,bullish,-11.99999999999659,bullish
2024-10-14,1,2024-10-11,2024-10-14,221.26999999999998,221.42000000000002,0.1500000000000341,7.500000000001705,bullish,13.00000000000341,bullish
2024-10-15,1,2024-10-14,2024-10-15,222.89999999999998,222.56,-0.339999999999975,-16.99999999999875,bullish,-35.9999999999975,bullish
2024-10-16,1,2024-10-15,2024-10-16,223.07999999999998,224.88,1.8000000000000114,90.00000000000057,bullish,178.00000000000114,bullish
2024-10-17,1,2024-10-16,2024-10-17,226.75,226.87,0.12000000000000455,6.000000000000227,bullish,10.000000000000455,bullish
2024-10-18,1,2024-10-17,2024-10-18,226.13,226.65,0.5200000000000102,26.00000000000051,bullish,50.00000000000102,bullish
2024-10-21,1,2024-10-18,2024-10-21,225.66,225.59,-0.06999999999999318,-3.499999999999659,bullish,-8.999999999999318,bullish
2024-10-22,1,2024-10-21,2024-10-22,222.10999999999999,221.44,-0.6699999999999875,-33.499999999999375,bullish,-68.99999999999875,bullish
2024-10-23,1,2024-10-22,2024-10-23,221.26999999999998,220.03,-1.2399999999999807,-61.999999999999034,bullish,-125.99999999999807,bullish
2024-10-24,1,2024-10-23,2024-10-24,219.25,220.36,1.1100000000000136,55.50000000000068,bullish,109.00000000000136,bullish
2024-10-25,1,2024-10-24,2024-10-25,219.73,221.3,1.5700000000000216,78.50000000000108,bullish,155.00000000000216,bullish
2024-10-28,1,2024-10-25,2024-10-28,218.89999999999998,220.79000000000002,1.8900000000000432,94.50000000000216,bullish,187.00000000000432,bullish
2024-10-29,1,2024-10-28,2024-10-29,222.47,220.73000000000002,-1.7399999999999807,-86.99999999999903,bullish,-175.99999999999807,bullish
2024-10-30,1,2024-10-29,2024-10-30,221.75,221.05,-0.6999999999999886,-34.99999999999943,bullish,-71.99999999999886,bullish
2024-10-31,1,2024-10-30,2024-10-31,221.45,221.20000000000002,-0.24999999999997158,-12.499999999998579,bullish,-26.999999999997158,bullish
2024-11-01,1,2024-10-31,2024-11-01,217.76999999999998,219.44,1.670000000000016,83.5000000000008,bullish,165.0000000000016,bullish
2024-11-04,1,2024-11-01,2024-11-04,218.98999999999998,218.49,-0.4999999999999716,-24.99999999999858,bullish,-51.99999999999716,bullish
2024-11-05,1,2024-11-04,2024-11-05,220.1,219.34,-0.7599999999999909,-37.999999999999545,bullish,-77.99999999999909,bullish
2024-11-06,1,2024-11-05,2024-11-06,224.23999999999998,236.57000000000002,12.330000000000041,616.500000000002,bullish,1231.000000000004,bullish
2024-11-07,1,2024-11-06,2024-11-07,237.23,236.87,-0.3599999999999852,-17.99999999999926,bullish,-37.99999999999852,bullish
2024-11-08,1,2024-11-07,2024-11-08,236.39,235.97,-0.4199999999999875,-20.999999999999375,bullish,-43.99999999999875,bullish
2024-11-11,1,2024-11-08,2024-11-11,238.13,240.54000000000002,2.410000000000025,120.50000000000125,bullish,239.0000000000025,bullish
2024-11-12,1,2024-11-11,2024-11-12,241.70999999999998,240.0,-1.7099999999999795,-85.49999999999898,bullish,-172.99999999999795,bullish
2024-11-13,1,2024-11-12,2024-11-13,237.47,238.94,1.4699999999999989,73.49999999999994,bullish,144.9999999999999,bullish
2024-11-14,1,2024-11-13,2024-11-14,235.12,235.91,0.789999999999992,39.4999999999996,bullish,76.9999999999992,bullish
2024-11-15,1,2024-11-14,2024-11-15,231.95,232.16,0.21000000000000796,10.500000000000398,bullish,19.000000000000796,bullish
2024-11-18,1,2024-11-15,2024-11-18,228.48999999999998,229.14000000000001,0.6500000000000341,32.500000000001705,bullish,63.00000000000341,bullish
2024-11-19,1,2024-11-18,2024-11-19,228.94,226.53,-2.4099999999999966,-120.49999999999983,bullish,-242.99999999999966,bullish
2024-11-20,1,2024-11-19,2024-11-20,230.64,230.20000000000002,-0.4399999999999693,-21.999999999998465,bullish,-45.99999999999693,bullish
2024-11-21,1,2024-11-20,2024-11-21,230.94,232.15,1.210000000000008,60.5000000000004,bullish,119.0000000000008,bullish
2024-11-22,1,2024-11-21,2024-11-22,234.45,235.63,1.1800000000000068,59.00000000000034,bullish,116.00000000000068,bullish
2024-11-25,1,2024-11-22,2024-11-25,238.78,241.48000000000002,2.700000000000017,135.00000000000085,bullish,268.0000000000017,bullish
2024-11-26,1,2024-11-25,2024-11-26,242.41,241.17000000000002,-1.2399999999999807,-61.999999999999034,bullish,-125.99999999999807,bullish
2024-11-27,1,2024-11-26,2024-11-27,240.63,241.97,1.3400000000000034,67.00000000000017,bullish,132.00000000000034,bullish
2024-11-29,1,2024-11-27,2024-11-29,240.95999999999998,242.36,1.400000000000034,70.0000000000017,bullish,138.0000000000034,bullish
2024-12-02,1,2024-11-29,2024-12-02,241.88,242.23000000000002,0.35000000000002274,17.500000000001137,bullish,33.000000000002274,bullish
2024-12-03,1,2024-12-02,2024-12-03,241.76,241.52,-0.23999999999998067,-11.999999999999034,bullish,-25.999999999998067,bullish
2024-12-04,1,2024-12-03,2024-12-04,240.04,240.31,0.27000000000001023,13.500000000000512,bullish,25.000000000001023,bullish
2024-12-05,1,2024-12-04,2024-12-05,240.89999999999998,240.51000000000002,-0.38999999999995794,-19.499999999997897,bullish,-40.999999999995794,bullish
2024-12-06,1,2024-12-05,2024-12-06,238.09,239.78,1.6899999999999977,84.49999999999989,bullish,166.99999999999977,bullish
2024-12-09,1,2024-12-06,2024-12-09,238.94,240.54000000000002,1.6000000000000227,80.00000000000114,bullish,158.00000000000227,bullish
2024-12-10,1,2024-12-09,2024-12-10,237.73999999999998,237.57000000000002,-0.16999999999995907,-8.499999999997954,bullish,-18.999999999995907,bullish
2024-12-11,1,2024-12-10,2024-12-11,236.70999999999998,238.70000000000002,1.9900000000000375,99.50000000000188,bullish,197.00000000000375,bullish
2024-12-12,1,2024-12-11,2024-12-12,237.78,237.15,-0.6299999999999955,-31.499999999999773,bullish,-64.99999999999955,bullish
2024-12-13,1,2024-12-12,2024-12-13,234.69,234.35000000000002,-0.339999999999975,-16.99999999999875,bullish,-35.9999999999975,bullish
2024-12-16,1,2024-12-13,2024-12-16,233.07999999999998,232.93,-0.14999999999997726,-7.499999999998863,bullish,-16.999999999997726,bullish
2024-12-17,1,2024-12-16,2024-12-17,234.45,232.72,-1.7299999999999898,-86.49999999999949,bullish,-174.99999999999898,bullish
2024-12-18,1,2024-12-17,2024-12-18,231.07999999999998,232.28,1.200000000000017,60.00000000000085,bullish,118.0000000000017,bullish
2025-05-14,1,2025-05-13,2025-05-14,208.64,208.02,-0.6199999999999761,-30.999999999998806,bullish,-63.99999999999761,bullish
2025-05-15,1,2025-05-14,2025-05-15,206.79,206.57000000000002,-0.21999999999997044,-10.999999999998522,bullish,-23.999999999997044,bullish
2025-05-16,1,2025-05-15,2025-05-16,208.14,208.44,0.30000000000001137,15.000000000000568,bullish,28.000000000001137,bullish
2025-05-19,1,2025-05-16,2025-05-19,209.85999999999999,206.79000000000002,-3.0699999999999648,-153.49999999999824,bullish,-308.9999999999965,bullish
2025-05-20,1,2025-05-19,2025-05-20,208.98,208.65,-0.3299999999999841,-16.499999999999204,bullish,-34.99999999999841,bullish
2025-05-21,1,2025-05-20,2025-05-21,209.09,206.59,-2.5,-125.0,bullish,-252.0,bullish
2025-05-22,1,2025-05-21,2025-05-22,203.22,202.25,-0.9699999999999989,-48.49999999999994,bullish,-98.99999999999989,bullish
2025-05-23,1,2025-05-22,2025-05-23,203.20999999999998,199.75,-3.4599999999999795,-172.99999999999898,bullish,-347.99999999999795,bullish
2025-05-27,1,2025-05-23,2025-05-27,202.57,205.63,3.0600000000000023,153.0000000000001,bullish,304.0000000000002,bullish
2025-05-28,1,2025-05-27,2025-05-28,207.70999999999998,207.70000000000002,-0.009999999999962483,-0.49999999999812417,bullish,-2.9999999999962483,bullish
2025-05-29,1,2025-05-28,2025-05-29,205.51999999999998,206.94,1.420000000000016,71.0000000000008,bullish,140.0000000000016,bullish
2025-05-30,1,2025-05-29,2025-05-30,206.13,205.13,-1.0,-50.0,bullish,-102.0,bullish
2025-06-02,1,2025-05-30,2025-06-02,205.07999999999998,205.31,0.2300000000000182,11.50000000000091,bullish,21.00000000000182,bullish
2025-06-03,1,2025-06-02,2025-06-03,205.72,206.45000000000002,0.7300000000000182,36.50000000000091,bullish,71.00000000000182,bullish
2025-06-04,1,2025-06-03,2025-06-04,209.04,209.15,0.11000000000001364,5.500000000000682,bullish,9.000000000001364,bullish
2025-06-05,1,2025-06-04,2025-06-05,208.45,208.68,0.2300000000000182,11.50000000000091,bullish,21.00000000000182,bullish
2025-06-06,1,2025-06-05,2025-06-06,208.54,211.49,2.950000000000017,147.50000000000085,bullish,293.0000000000017,bullish
2025-06-09,1,2025-06-06,2025-06-09,211.91,213.86,1.950000000000017,97.50000000000085,bullish,193.0000000000017,bullish
2025-06-10,1,2025-06-09,2025-06-10,213.37,214.45000000000002,1.0800000000000125,54.000000000000625,bullish,106.00000000000125,bullish
2025-06-11,1,2025-06-10,2025-06-11,214.51999999999998,215.57000000000002,1.0500000000000398,52.50000000000199,bullish,103.00000000000398,bullish
2025-06-12,1,2025-06-11,2025-06-12,213.64,212.15,-1.4899999999999807,-74.49999999999903,bullish,-150.99999999999807,bullish
2025-06-13,1,2025-06-12,2025-06-13,212.79,209.83,-2.9599999999999795,-147.99999999999898,bullish,-297.99999999999795,bullish
2025-06-16,1,2025-06-13,2025-06-16,208.89999999999998,210.44,1.5400000000000205,77.00000000000102,bullish,152.00000000000205,bullish
2025-06-17,1,2025-06-16,2025-06-17,210.78,209.06,-1.7199999999999989,-85.99999999999994,bullish,-173.9999999999999,bullish
2025-06-18,1,2025-06-17,2025-06-18,208.56,208.42000000000002,-0.13999999999998636,-6.999999999999318,bullish,-15.999999999998636,bullish
2025-06-20,1,2025-06-18,2025-06-20,209.66,211.10000000000002,1.4400000000000261,72.00000000000131,bullish,142.00000000000261,bullish
2025-06-23,1,2025-06-20,2025-06-23,209.22,208.47,-0.75,-37.5,bullish,-77.0,bullish
2025-06-24,1,2025-06-23,2025-06-24,211.78,213.28,1.5,75.0,bullish,148.0,bullish
2025-06-25,1,2025-06-24,2025-06-25,214.48,214.65,0.17000000000001592,8.500000000000796,bullish,15.000000000001592,bullish
2025-06-26,1,2025-06-25,2025-06-26,211.98,212.82000000000002,0.8400000000000318,42.00000000000159,bullish,82.00000000000318,bullish
2025-06-27,1,2025-06-26,2025-06-27,215.42,216.05,0.6300000000000239,31.500000000001194,bullish,61.00000000000239,bullish
2025-06-30,1,2025-06-27,2025-06-30,215.48999999999998,216.67000000000002,1.1800000000000352,59.00000000000176,bullish,116.00000000000352,bullish
2025-07-01,1,2025-06-30,2025-07-01,215.79999999999998,214.58,-1.2199999999999704,-60.99999999999852,bullish,-123.99999999999704,bullish
2025-07-02,1,2025-07-01,2025-07-02,218.01999999999998,218.36,0.34000000000003183,17.00000000000159,bullish,32.00000000000318,bullish
2025-07-03,1,2025-07-02,2025-07-03,221.04,222.03,0.9900000000000091,49.500000000000455,bullish,97.00000000000091,bullish
2025-07-07,1,2025-07-03,2025-07-07,223.09,221.56,-1.5300000000000011,-76.50000000000006,bullish,-155.0000000000001,bullish
2025-07-08,1,2025-07-07,2025-07-08,219.73999999999998,220.57000000000002,0.8300000000000409,41.500000000002046,bullish,81.00000000000409,bullish
2025-07-09,1,2025-07-08,2025-07-09,221.26,222.53,1.2700000000000102,63.50000000000051,bullish,125.00000000000102,bullish
2025-07-10,1,2025-07-09,2025-07-10,223.66,223.37,-0.28999999999999204,-14.499999999999602,bullish,-30.999999999999204,bullish
2025-07-11,1,2025-07-10,2025-07-11,224.81,223.16,-1.6500000000000057,-82.50000000000028,bullish,-167.00000000000057,bullish
2025-07-14,1,2025-07-11,2025-07-14,221.70999999999998,221.35000000000002,-0.3599999999999568,-17.99999999999784,bullish,-37.99999999999568,bullish
2025-07-15,1,2025-07-14,2025-07-15,223.2,224.06,0.8600000000000136,43.00000000000068,bullish,84.00000000000136,bullish
2025-07-16,1,2025-07-15,2025-07-16,218.82999999999998,220.20000000000002,1.370000000000033,68.50000000000165,bullish,135.0000000000033,bullish
2025-07-17,1,2025-07-16,2025-07-17,221.03,221.07000000000002,0.040000000000020464,2.000000000001023,bullish,2.0000000000020464,bullish
2025-07-18,1,2025-07-17,2025-07-18,223.92999999999998,225.25,1.3200000000000216,66.00000000000108,bullish,130.00000000000216,bullish
2025-07-21,1,2025-07-18,2025-07-21,222.34,223.54000000000002,1.200000000000017,60.00000000000085,bullish,118.0000000000017,bullish
2025-07-22,1,2025-07-21,2025-07-22,221.44,221.61,0.17000000000001592,8.500000000000796,bullish,15.000000000001592,bullish
2025-07-23,1,2025-07-22,2025-07-23,223.28,224.81,1.5300000000000011,76.50000000000006,bullish,151.0000000000001,bullish
2025-07-24,1,2025-07-23,2025-07-24,226.69,225.5,-1.1899999999999977,-59.499999999999886,bullish,-120.99999999999977,bullish
2025-07-25,1,2025-07-24,2025-07-25,223.56,224.41,0.8499999999999943,42.499999999999716,bullish,82.99999999999943,bullish
2025-07-28,1,2025-07-25,2025-07-28,224.39,225.29000000000002,0.9000000000000341,45.000000000001705,bullish,88.00000000000341,bullish
2025-07-29,1,2025-07-28,2025-07-29,224.13,225.59,1.460000000000008,73.0000000000004,bullish,144.0000000000008,bullish
2025-07-30,1,2025-07-29,2025-07-30,222.7,223.62,0.9200000000000159,46.000000000000796,bullish,90.00000000000159,bullish
2025-07-31,1,2025-07-30,2025-07-31,221.57,220.45000000000002,-1.1199999999999761,-55.999999999998806,bullish,-113.99999999999761,bullish
2025-08-01,1,2025-07-31,2025-08-01,219.39999999999998,216.18,-3.2199999999999704,-160.99999999999852,bullish,-323.99999999999704,bullish
2025-08-04,1,2025-08-01,2025-08-04,214.92999999999998,216.53,1.6000000000000227,80.00000000000114,bullish,158.00000000000227,bullish
2025-08-05,1,2025-08-04,2025-08-05,219.73999999999998,220.55,0.8100000000000307,40.500000000001535,bullish,79.00000000000307,bullish
2025-08-06,1,2025-08-05,2025-08-06,220.85999999999999,220.94,0.0800000000000125,4.000000000000625,bullish,6.0000000000012506,bullish
2025-08-07,1,2025-08-06,2025-08-07,220.57,222.74,2.170000000000016,108.5000000000008,bullish,215.0000000000016,bullish
2025-08-08,1,2025-08-07,2025-08-08,219.85,221.06,1.210000000000008,60.5000000000004,bullish,119.0000000000008,bullish
2025-08-11,1,2025-08-08,2025-08-11,220.32999999999998,220.75,0.4200000000000159,21.000000000000796,bullish,40.00000000000159,bullish
2025-08-12,1,2025-08-11,2025-08-12,220.28,221.84,1.5600000000000023,78.00000000000011,bullish,154.00000000000023,bullish
2025-08-13,1,2025-08-12,2025-08-13,226.82,228.29000000000002,1.4700000000000273,73.50000000000136,bullish,145.00000000000273,bullish
2025-08-14,1,2025-08-13,2025-08-14,231.23,228.43,-2.799999999999983,-139.99999999999915,bullish,-281.9999999999983,bullish
2025-08-15,1,2025-08-14,2025-08-15,228.25,228.60000000000002,0.35000000000002274,17.500000000001137,bullish,33.000000000002274,bullish
2025-08-18,1,2025-08-15,2025-08-18,227.14,227.19,0.05000000000001137,2.5000000000005684,bullish,3.000000000001137,bullish
2025-08-19,1,2025-08-18,2025-08-19,227.97,227.99,0.020000000000010232,1.0000000000005116,bullish,1.0231815394945443e-12,bullish
2025-08-20,1,2025-08-19,2025-08-20,226.22,225.92000000000002,-0.29999999999998295,-14.999999999999147,bullish,-31.999999999998295,bullish
2025-08-21,1,2025-08-20,2025-08-21,225.42,224.4,-1.0199999999999818,-50.99999999999909,bullish,-103.99999999999818,bullish
2025-08-22,1,2025-08-21,2025-08-22,225.98,227.36,1.3800000000000239,69.0000000000012,bullish,136.0000000000024,bullish
2025-08-25,1,2025-08-22,2025-08-25,234.84,234.13,-0.710000000000008,-35.5000000000004,bullish,-73.0000000000008,bullish
2025-08-26,1,2025-08-25,2025-08-26,232.37,232.82000000000002,0.45000000000001705,22.500000000000853,bullish,43.000000000001705,bullish
2025-08-27,1,2025-08-26,2025-08-27,234.29,233.73000000000002,-0.5599999999999739,-27.999999999998693,bullish,-57.999999999997385,bullish
2025-08-28,1,2025-08-27,2025-08-28,235.95,236.96,1.0100000000000193,50.500000000000966,bullish,99.00000000000193,bullish
2025-08-29,1,2025-08-28,2025-08-29,236.23,236.75,0.5200000000000102,26.00000000000051,bullish,50.00000000000102,bullish
2025-09-02,1,2025-08-29,2025-09-02,235.17999999999998,231.98000000000002,-3.19999999999996,-159.999999999998,bullish,-321.999999999996,bullish
2025-09-03,1,2025-09-02,2025-09-03,233.91,233.27,-0.6399999999999864,-31.999999999999318,bullish,-65.99999999999864,bullish
2025-09-04,1,2025-09-03,2025-09-04,233.67999999999998,234.23000000000002,0.5500000000000398,27.50000000000199,bullish,53.00000000000398,bullish
2025-09-05,1,2025-09-04,2025-09-05,236.6,237.71,1.1100000000000136,55.50000000000068,bullish,109.00000000000136,bullish
2025-09-08,1,2025-09-05,2025-09-08,237.78,238.5,0.7199999999999989,35.99999999999994,bullish,69.99999999999989,bullish
2025-09-09,1,2025-09-08,2025-09-09,238.26,237.89000000000001,-0.3699999999999761,-18.499999999998806,bullish,-38.99999999999761,bullish
2025-09-10,1,2025-09-09,2025-09-10,236.85999999999999,237.29000000000002,0.43000000000003524,21.500000000001762,bullish,41.000000000003524,bullish
2025-09-11,1,2025-09-10,2025-09-11,236.44,236.84,0.4000000000000057,20.000000000000284,bullish,38.00000000000057,bullish
2025-09-12,1,2025-09-11,2025-09-12,240.81,240.20000000000002,-0.6099999999999852,-30.49999999999926,bullish,-62.99999999999852,bullish
2025-09-15,1,2025-09-12,2025-09-15,238.35,239.18,0.8300000000000125,41.500000000000625,bullish,81.00000000000125,bullish
2025-09-16,1,2025-09-15,2025-09-16,239.35999999999999,238.43,-0.9299999999999784,-46.49999999999892,bullish,-94.99999999999784,bullish
2025-09-17,1,2025-09-16,2025-09-17,238.29,238.81,0.5200000000000102,26.00000000000051,bullish,50.00000000000102,bullish
2025-09-18,1,2025-09-17,2025-09-18,238.89999999999998,240.79000000000002,1.8900000000000432,94.50000000000216,bullish,187.00000000000432,bullish
2025-09-19,1,2025-09-18,2025-09-19,244.85,245.55,0.700000000000017,35.00000000000085,bullish,68.0000000000017,bullish
2025-09-22,1,2025-09-19,2025-09-22,242.98999999999998,242.22,-0.7699999999999818,-38.49999999999909,bullish,-78.99999999999818,bullish
2025-09-23,1,2025-09-22,2025-09-23,244.39999999999998,245.0,0.6000000000000227,30.000000000001137,bullish,58.000000000002274,bullish
2025-09-24,1,2025-09-23,2025-09-24,243.85,243.9,0.05000000000001137,2.5000000000005684,bullish,3.000000000001137,bullish
2025-09-25,1,2025-09-24,2025-09-25,241.60999999999999,238.97,-2.6399999999999864,-131.99999999999932,bullish,-265.99999999999864,bullish
2025-09-26,1,2025-09-25,2025-09-26,239.29999999999998,239.59,0.29000000000002046,14.500000000001023,bullish,27.000000000002046,bullish
2025-09-29,1,2025-09-26,2025-09-29,241.35,242.81,1.460000000000008,73.0000000000004,bullish,144.0000000000008,bullish
2025-09-30,1,2025-09-29,2025-09-30,241.63,241.08,-0.549999999999983,-27.499999999999147,bullish,-56.999999999998295,bullish
2025-10-01,1,2025-09-30,2025-10-01,241.97,240.56,-1.4099999999999966,-70.49999999999983,bullish,-142.99999999999966,bullish
2025-10-02,1,2025-10-01,2025-10-02,242.5,242.99,0.4900000000000091,24.500000000000455,bullish,47.00000000000091,bullish
2025-10-03,1,2025-10-02,2025-10-03,244.03,245.33,1.3000000000000114,65.00000000000057,bullish,128.00000000000114,bullish
2025-10-06,1,2025-10-03,2025-10-06,245.84,247.68,1.8400000000000034,92.00000000000017,bullish,182.00000000000034,bullish
2025-10-07,1,2025-10-06,2025-10-07,246.82,247.33,0.5100000000000193,25.500000000000966,bullish,49.00000000000193,bullish
2025-10-08,1,2025-10-07,2025-10-08,244.17,245.27,1.1000000000000227,55.00000000000114,bullish,108.00000000000227,bullish
2025-10-09,1,2025-10-08,2025-10-09,246.73,246.29000000000002,-0.4399999999999693,-21.999999999998465,bullish,-45.99999999999693,bullish
2025-10-10,1,2025-10-09,2025-10-10,245.14,245.74,0.6000000000000227,30.000000000001137,bullish,58.000000000002274,bullish
2025-10-13,1,2025-10-10,2025-10-13,237.79999999999998,241.82000000000002,4.020000000000039,201.00000000000193,bullish,400.00000000000387,bullish
2025-10-14,1,2025-10-13,2025-10-14,244.42,241.21,-3.2099999999999795,-160.49999999999898,bullish,-322.99999999999795,bullish
2025-10-15,1,2025-10-14,2025-10-15,247.91,250.36,2.450000000000017,122.50000000000085,bullish,243.0000000000017,bullish
2025-10-16,1,2025-10-15,2025-10-16,250.34,250.97,0.6299999999999955,31.499999999999773,bullish,60.999999999999545,bullish
2025-10-17,1,2025-10-16,2025-10-17,245.07,243.32000000000002,-1.7499999999999716,-87.49999999999858,bullish,-176.99999999999716,bullish
2025-10-20,1,2025-10-17,2025-10-20,243.42,246.63,3.210000000000008,160.5000000000004,bullish,319.0000000000008,bullish
2025-10-21,1,2025-10-20,2025-10-21,248.17,247.42000000000002,-0.7499999999999716,-37.49999999999858,bullish,-76.99999999999716,bullish
2025-10-22,1,2025-10-21,2025-10-22,247.0,246.0,-1.0,-50.0,bullish,-102.0,bullish
2025-10-23,1,2025-10-22,2025-10-23,243.35,244.27,0.9200000000000159,46.000000000000796,bullish,90.00000000000159,bullish
2025-10-24,1,2025-10-23,2025-10-24,246.42999999999998,249.81,3.380000000000024,169.0000000000012,bullish,336.0000000000024,bullish
2025-10-27,1,2025-10-24,2025-10-27,249.44,251.75,2.3100000000000023,115.50000000000011,bullish,229.00000000000023,bullish
2025-10-28,1,2025-10-27,2025-10-28,250.31,249.54000000000002,-0.7699999999999818,-38.49999999999909,bullish,-78.99999999999818,bullish
2025-10-29,1,2025-10-28,2025-10-29,248.97,248.82000000000002,-0.14999999999997726,-7.499999999998863,bullish,-16.999999999997726,bullish
2025-10-30,1,2025-10-29,2025-10-30,246.85,245.27,-1.579999999999984,-78.9999999999992,bullish,-159.9999999999984,bullish
2025-10-31,1,2025-10-30,2025-10-31,244.85999999999999,244.98000000000002,0.12000000000003297,6.0000000000016485,bullish,10.000000000003297,bullish
2025-11-03,1,2025-10-31,2025-11-03,246.23999999999998,246.11,-0.12999999999996703,-6.4999999999983515,bullish,-14.999999999996703,bullish
2025-11-04,1,2025-11-03,2025-11-04,245.45,241.79000000000002,-3.659999999999968,-182.9999999999984,bullish,-367.9999999999968,bullish
2025-11-05,1,2025-11-04,2025-11-05,241.20999999999998,241.94,0.7300000000000182,36.50000000000091,bullish,71.00000000000182,bullish
2025-11-06,1,2025-11-05,2025-11-06,244.69,244.26000000000002,-0.4299999999999784,-21.49999999999892,bullish,-44.99999999999784,bullish
2025-11-10,1,2025-11-07,2025-11-10,241.62,245.0,3.3799999999999955,168.99999999999977,bullish,335.99999999999955,bullish
2025-11-11,1,2025-11-10,2025-11-11,244.04,243.36,-0.6799999999999784,-33.99999999999892,bullish,-69.99999999999784,bullish
2025-11-12,1,2025-11-11,2025-11-12,244.25,244.83,0.5800000000000125,29.000000000000625,bullish,56.00000000000125,bullish
2025-11-13,1,2025-11-12,2025-11-13,243.64999999999998,241.81,-1.839999999999975,-91.99999999999875,bullish,-185.9999999999975,bullish
2025-11-26,1,2025-11-25,2025-11-26,245.14,245.04000000000002,-0.0999999999999659,-4.999999999998295,bullish,-11.99999999999659,bullish
2025-11-28,1,2025-11-26,2025-11-28,247.31,247.97,0.6599999999999966,32.99999999999983,bullish,63.99999999999966,bullish
2025-12-01,1,2025-11-28,2025-12-01,248.76,245.56,-3.1999999999999886,-159.99999999999943,bullish,-321.99999999999886,bullish
2025-12-04,1,2025-12-03,2025-12-04,249.64,248.96,-0.6799999999999784,-33.99999999999892,bullish,-69.99999999999784,bullish
2025-12-05,1,2025-12-04,2025-12-05,251.82999999999998,251.48000000000002,-0.3499999999999659,-17.499999999998295,bullish,-36.99999999999659,bullish
2025-12-08,1,2025-12-05,2025-12-08,250.78,252.69,1.9099999999999966,95.49999999999983,bullish,188.99999999999966,bullish
2025-12-09,1,2025-12-08,2025-12-09,250.88,250.24,-0.6399999999999864,-31.999999999999318,bullish,-65.99999999999864,bullish
2025-12-10,1,2025-12-09,2025-12-10,251.39999999999998,250.87,-0.5299999999999727,-26.499999999998636,bullish,-54.99999999999727,bullish
2025-12-11,1,2025-12-10,2025-12-11,254.82,254.64000000000001,-0.1799999999999784,-8.99999999999892,bullish,-19.99999999999784,bullish
2025-12-12,1,2025-12-11,2025-12-12,257.81,257.95,0.13999999999998636,6.999999999999318,bullish,11.999999999998636,bullish
2025-12-15,1,2025-12-12,2025-12-15,253.85999999999999,255.54000000000002,1.6800000000000352,84.00000000000176,bullish,166.00000000000352,bullish
2025-12-16,1,2025-12-15,2025-12-16,251.94,250.31,-1.6299999999999955,-81.49999999999977,bullish,-164.99999999999955,bullish
2025-12-17,1,2025-12-16,2025-12-17,249.91,250.34,0.4300000000000068,21.50000000000034,bullish,41.00000000000068,bullish
2025-12-18,1,2025-12-17,2025-12-18,247.25,250.17000000000002,2.920000000000016,146.0000000000008,bullish,290.0000000000016,bullish
2025-12-19,1,2025-12-18,2025-12-19,248.72,249.23000000000002,0.5100000000000193,25.500000000000966,bullish,49.00000000000193,bullish
2025-12-22,1,2025-12-19,2025-12-22,250.79999999999998,252.26000000000002,1.4600000000000364,73.00000000000182,bullish,144.00000000000364,bullish
2025-12-23,1,2025-12-22,2025-12-23,253.59,252.41,-1.1800000000000068,-59.00000000000034,bullish,-120.00000000000068,bullish
2025-12-24,1,2025-12-23,2025-12-24,252.09,251.93,-0.1599999999999966,-7.9999999999998295,bullish,-17.99999999999966,bullish
2025-12-26,1,2025-12-24,2025-12-26,252.72,252.58,-0.13999999999998636,-6.999999999999318,bullish,-15.999999999998636,bullish
2025-12-29,1,2025-12-26,2025-12-29,251.42999999999998,250.27,-1.1599999999999682,-57.99999999999841,bullish,-117.99999999999682,bullish
2025-12-30,1,2025-12-29,2025-12-30,249.89,249.96,0.0700000000000216,3.50000000000108,bullish,5.00000000000216,bullish
2025-12-31,1,2025-12-30,2025-12-31,248.04,248.16,0.12000000000000455,6.000000000000227,bullish,10.000000000000455,bullish
2026-01-02,1,2025-12-31,2026-01-02,246.17,247.64000000000001,1.4700000000000273,73.50000000000136,bullish,145.00000000000273,bullish
2026-01-05,1,2026-01-02,2026-01-05,248.79,249.78,0.9900000000000091,49.500000000000455,bullish,97.00000000000091,bullish
2026-01-06,1,2026-01-05,2026-01-06,252.73999999999998,252.22,-0.5199999999999818,-25.99999999999909,bullish,-53.99999999999818,bullish
2026-01-07,1,2026-01-06,2026-01-07,256.09,256.41,0.32000000000005,16.0000000000025,bullish,30.000000000005002,bullish
2026-01-08,1,2026-01-07,2026-01-08,255.48999999999998,254.69,-0.799999999999983,-39.99999999999915,bullish,-81.9999999999983,bullish
2026-01-09,1,2026-01-08,2026-01-09,258.28,259.57,1.2900000000000205,64.50000000000102,bullish,127.00000000000205,bullish
2026-01-12,1,2026-01-09,2026-01-12,260.24,259.27,-0.9700000000000273,-48.500000000001364,bullish,-99.00000000000273,bullish
2026-01-13,1,2026-01-12,2026-01-13,261.51,262.38,0.8700000000000045,43.50000000000023,bullish,85.00000000000045,bullish
2026-01-14,1,2026-01-13,2026-01-14,261.36,261.11,-0.25,-12.5,bullish,-27.0,bullish
2026-01-15,1,2026-01-14,2026-01-15,263.2,264.05,0.8500000000000227,42.50000000000114,bullish,83.00000000000227,bullish
2026-01-16,1,2026-01-15,2026-01-16,265.52,265.87,0.35000000000002274,17.500000000001137,bullish,33.000000000002274,bullish
2026-01-20,1,2026-01-16,2026-01-20,265.77,261.14,-4.6299999999999955,-231.49999999999977,bullish,-464.99999999999955,bullish
2026-01-21,1,2026-01-20,2026-01-21,262.59,264.63,2.0400000000000205,102.00000000000102,bullish,202.00000000000205,bullish
2026-01-22,1,2026-01-21,2026-01-22,267.8,269.82,2.019999999999982,100.99999999999909,bullish,199.99999999999818,bullish
2026-01-23,1,2026-01-22,2026-01-23,269.8,269.03000000000003,-0.7699999999999818,-38.49999999999909,bullish,-78.99999999999818,bullish
2026-01-26,1,2026-01-23,2026-01-26,264.82,265.05,0.2300000000000182,11.50000000000091,bullish,21.00000000000182,bullish
2026-01-27,1,2026-01-26,2026-01-27,263.99,264.04,0.05000000000001137,2.5000000000005684,bullish,3.000000000001137,bullish
2026-01-28,1,2026-01-27,2026-01-28,264.74,265.97,1.2300000000000182,61.50000000000091,bullish,121.00000000000182,bullish
2026-01-29,1,2026-01-28,2026-01-29,263.31,264.06,0.75,37.5,bullish,73.0,bullish
2026-01-30,1,2026-01-29,2026-01-30,263.38,261.03000000000003,-2.349999999999966,-117.4999999999983,bullish,-236.9999999999966,bullish
2026-02-02,1,2026-01-30,2026-02-02,259.65999999999997,258.46000000000004,-1.1999999999999318,-59.99999999999659,bullish,-121.99999999999318,bullish
2026-02-03,1,2026-02-02,2026-02-03,262.19,263.05,0.8600000000000136,43.00000000000068,bullish,84.00000000000136,bullish
2026-02-04,1,2026-02-03,2026-02-04,262.78999999999996,264.18,1.3900000000000432,69.50000000000216,bullish,137.00000000000432,bullish
2026-02-05,1,2026-02-04,2026-02-05,260.53,258.48,-2.0499999999999545,-102.49999999999773,bullish,-206.99999999999545,bullish
2026-02-06,1,2026-02-05,2026-02-06,255.84,259.76,3.9199999999999875,195.99999999999937,bullish,389.99999999999875,bullish
2026-02-09,1,2026-02-06,2026-02-09,265.03,264.85,-0.17999999999994998,-8.999999999997499,bullish,-19.999999999994998,bullish
2026-02-10,1,2026-02-09,2026-02-10,266.89,267.25,0.36000000000001364,18.000000000000682,bullish,34.000000000001364,bullish
2026-02-11,1,2026-02-10,2026-02-11,266.17,268.5,2.329999999999984,116.4999999999992,bullish,230.9999999999984,bullish
2026-02-12,1,2026-02-11,2026-02-12,264.96,267.04,2.080000000000041,104.00000000000205,bullish,206.0000000000041,bullish
2026-02-13,1,2026-02-12,2026-02-13,259.55,260.59000000000003,1.0400000000000205,52.00000000000102,bullish,102.00000000000205,bullish
2026-02-17,1,2026-02-13,2026-02-17,262.96999999999997,262.36,-0.6099999999999568,-30.49999999999784,bullish,-62.99999999999568,bullish
2026-02-18,1,2026-02-17,2026-02-18,263.05,263.03000000000003,-0.01999999999998181,-0.9999999999990905,bullish,-3.999999999998181,bullish
2026-02-19,1,2026-02-18,2026-02-19,264.0,262.52,-1.4800000000000182,-74.00000000000091,bullish,-150.00000000000182,bullish
2026-02-20,1,2026-02-19,2026-02-20,264.61,262.83,-1.7800000000000296,-89.00000000000148,bullish,-180.00000000000296,bullish
2026-02-23,1,2026-02-20,2026-02-23,264.62,263.42,-1.1999999999999886,-59.99999999999943,bullish,-121.99999999999886,bullish
2026-02-24,1,2026-02-23,2026-02-24,260.5,260.39,-0.11000000000001364,-5.500000000000682,bullish,-13.000000000001364,bullish
2026-02-25,1,2026-02-24,2026-02-25,263.34,265.24,1.900000000000034,95.0000000000017,bullish,188.0000000000034,bullish
2026-02-26,1,2026-02-25,2026-02-26,264.59,265.05,0.4600000000000364,23.00000000000182,bullish,44.00000000000364,bullish
2026-02-27,1,2026-02-26,2026-02-27,266.0,262.08,-3.920000000000016,-196.0000000000008,bullish,-394.0000000000016,bullish
2026-03-02,1,2026-02-27,2026-03-02,261.42,257.8,-3.6200000000000045,-181.00000000000023,bullish,-364.00000000000045,bullish
2026-03-03,1,2026-03-02,2026-03-03,263.82,256.74,-7.079999999999984,-353.9999999999992,bullish,-709.9999999999984,bullish
2026-04-10,1,2026-04-09,2026-04-10,261.96999999999997,262.41,0.44000000000005457,22.00000000000273,bullish,42.00000000000546,bullish
2026-04-13,1,2026-04-10,2026-04-13,261.31,260.25,-1.0600000000000023,-53.000000000000114,bullish,-108.00000000000023,bullish
2026-04-14,1,2026-04-13,2026-04-14,265.08,267.08,2.0,100.0,bullish,198.0,bullish
2026-04-15,1,2026-04-14,2026-04-15,268.73,268.77,0.03999999999996362,1.999999999998181,bullish,1.999999999996362,bullish
2026-04-16,1,2026-04-15,2026-04-16,269.4,269.44,0.040000000000020464,2.000000000001023,bullish,2.0000000000020464,bullish
2026-04-17,1,2026-04-16,2026-04-17,269.96,273.76,3.8000000000000114,190.00000000000057,bullish,378.00000000000114,bullish
2026-04-20,1,2026-04-17,2026-04-20,275.78999999999996,274.62,-1.169999999999959,-58.499999999997954,bullish,-118.99999999999591,bullish
2026-04-21,1,2026-04-20,2026-04-21,277.36,278.18,0.8199999999999932,40.99999999999966,bullish,79.99999999999932,bullish
2026-04-22,1,2026-04-21,2026-04-22,274.52,277.59000000000003,3.07000000000005,153.5000000000025,bullish,305.000000000005,bullish
2026-04-23,1,2026-04-22,2026-04-23,276.49,276.74,0.25,12.5,bullish,23.0,bullish
2026-04-24,1,2026-04-23,2026-04-24,275.53,276.63,1.1000000000000227,55.00000000000114,bullish,108.00000000000227,bullish
2026-04-27,1,2026-04-24,2026-04-27,276.65999999999997,276.81,0.1500000000000341,7.500000000001705,bullish,13.00000000000341,bullish
2026-04-28,1,2026-04-27,2026-04-28,277.15,276.04,-1.1099999999999568,-55.49999999999784,bullish,-112.99999999999568,bullish
2026-04-29,1,2026-04-28,2026-04-29,273.92,273.91,-0.009999999999990905,-0.49999999999954525,bullish,-2.9999999999990905,bullish
2026-04-30,1,2026-04-29,2026-04-30,272.09,273.12,1.0300000000000296,51.50000000000148,bullish,101.00000000000296,bullish
2026-05-01,1,2026-04-30,2026-05-01,277.98,278.65000000000003,0.6700000000000159,33.500000000000796,bullish,65.00000000000159,bullish
2026-05-04,1,2026-05-01,2026-05-04,279.28999999999996,278.67,-0.6199999999999477,-30.999999999997385,bullish,-63.99999999999477,bullish
2026-05-05,1,2026-05-04,2026-05-05,277.89,280.13,2.240000000000009,112.00000000000045,bullish,222.0000000000009,bullish
2026-05-06,1,2026-05-05,2026-05-06,282.57,285.35,2.7800000000000296,139.00000000000148,bullish,276.00000000000296,bullish
2026-05-07,1,2026-05-06,2026-05-07,286.81,287.53000000000003,0.7200000000000273,36.000000000001364,bullish,70.00000000000273,bullish
2026-05-08,1,2026-05-07,2026-05-08,282.27,284.0,1.7300000000000182,86.50000000000091,bullish,171.00000000000182,bullish
2026-05-11,1,2026-05-08,2026-05-11,284.18,284.91,0.7300000000000182,36.50000000000091,bullish,71.00000000000182,bullish
2026-05-12,1,2026-05-11,2026-05-12,285.34,284.03000000000003,-1.3099999999999454,-65.49999999999727,bullish,-132.99999999999454,bullish
2026-05-13,1,2026-05-12,2026-05-13,282.58,282.93,0.35000000000002274,17.500000000001137,bullish,33.000000000002274,bullish
2026-05-14,1,2026-05-13,2026-05-14,282.68,283.83,1.1499999999999773,57.49999999999886,bullish,112.99999999999773,bullish
2026-05-15,1,2026-05-14,2026-05-15,284.46,280.28000000000003,-4.17999999999995,-208.9999999999975,bullish,-419.999999999995,bullish
2026-05-18,1,2026-05-15,2026-05-18,277.61,278.73,1.1200000000000045,56.00000000000023,bullish,110.00000000000045,bullish
2026-05-19,1,2026-05-18,2026-05-19,275.98,273.83,-2.150000000000034,-107.5000000000017,bullish,-217.0000000000034,bullish
2026-05-20,1,2026-05-19,2026-05-20,273.01,274.88,1.8700000000000045,93.50000000000023,bullish,185.00000000000045,bullish
2026-05-21,1,2026-05-20,2026-05-21,279.88,278.64,-1.240000000000009,-62.000000000000455,bullish,-126.00000000000091,bullish
2026-05-22,1,2026-05-21,2026-05-22,282.5,284.07,1.5699999999999932,78.49999999999966,bullish,154.99999999999932,bullish
2026-05-26,1,2026-05-22,2026-05-26,285.13,288.33,3.1999999999999886,159.99999999999943,bullish,317.99999999999886,bullish
2026-05-27,1,2026-05-26,2026-05-27,290.52,291.18,0.660000000000025,33.00000000000125,bullish,64.0000000000025,bullish
2026-05-28,1,2026-05-27,2026-05-28,290.38,289.62,-0.7599999999999909,-37.999999999999545,bullish,-77.99999999999909,bullish
2026-05-29,1,2026-05-28,2026-05-29,292.03999999999996,291.37,-0.6699999999999591,-33.499999999997954,bullish,-68.99999999999591,bullish
2026-06-01,1,2026-05-29,2026-06-01,290.44,288.35,-2.089999999999975,-104.49999999999875,bullish,-210.9999999999975,bullish
2026-06-02,1,2026-06-01,2026-06-02,288.99,288.45,-0.5400000000000205,-27.000000000001023,bullish,-56.000000000002046,bullish
2026-06-03,1,2026-06-02,2026-06-03,291.67,289.97,-1.6999999999999886,-84.99999999999943,bullish,-171.99999999999886,bullish
2026-06-04,1,2026-06-03,2026-06-04,287.68,287.56,-0.12000000000000455,-6.000000000000227,bullish,-14.000000000000455,bullish
2026-06-05,1,2026-06-04,2026-06-05,292.02,289.06,-2.9599999999999795,-147.99999999999898,bullish,-297.99999999999795,bullish
2026-06-08,1,2026-06-05,2026-06-08,281.65999999999997,285.5,3.840000000000032,192.0000000000016,bullish,382.0000000000032,bullish
2026-06-09,1,2026-06-08,2026-06-09,284.12,287.17,3.0500000000000114,152.50000000000057,bullish,303.00000000000114,bullish
2026-06-10,1,2026-06-09,2026-06-10,285.03,284.61,-0.4199999999999591,-20.999999999997954,bullish,-43.99999999999591,bullish
2026-06-11,1,2026-06-10,2026-06-11,282.06,284.45,2.3899999999999864,119.49999999999932,bullish,236.99999999999864,bullish
2026-06-12,1,2026-06-11,2026-06-12,290.42,291.65000000000003,1.2300000000000182,61.50000000000091,bullish,121.00000000000182,bullish
2026-06-15,1,2026-06-12,2026-06-15,292.96,296.61,3.650000000000034,182.5000000000017,bullish,363.0000000000034,bullish
2026-06-16,1,2026-06-15,2026-06-16,294.65,295.49,0.8400000000000318,42.00000000000159,bullish,82.00000000000318,bullish
2026-06-17,1,2026-06-16,2026-06-17,292.09,292.44,0.35000000000002274,17.500000000001137,bullish,33.000000000002274,bullish
2026-06-18,1,2026-06-17,2026-06-18,289.89,294.54,4.650000000000034,232.5000000000017,bullish,463.0000000000034,bullish
2026-06-22,1,2026-06-18,2026-06-22,295.59999999999997,297.07,1.4700000000000273,73.50000000000136,bullish,145.00000000000273,bullish
2026-06-23,1,2026-06-22,2026-06-23,298.19,293.25,-4.939999999999998,-246.9999999999999,bullish,-495.9999999999998,bullish
2026-06-24,1,2026-06-23,2026-06-24,295.33,295.86,0.5300000000000296,26.500000000001478,bullish,51.000000000002956,bullish
2026-06-25,1,2026-06-24,2026-06-25,296.7,299.52,2.819999999999993,140.99999999999966,bullish,279.9999999999993,bullish
2026-06-26,1,2026-06-25,2026-06-26,298.92,296.62,-2.3000000000000114,-115.00000000000057,bullish,-232.00000000000114,bullish
2026-06-29,1,2026-06-26,2026-06-29,299.84,298.11,-1.7299999999999613,-86.49999999999807,bullish,-174.99999999999613,bullish
2026-06-30,1,2026-06-29,2026-06-30,298.98,298.55,-0.4300000000000068,-21.50000000000034,bullish,-45.00000000000068,bullish
2026-07-01,1,2026-06-30,2026-07-01,300.46,299.82,-0.6399999999999864,-31.999999999999318,bullish,-65.99999999999864,bullish
2026-07-02,1,2026-07-01,2026-07-02,299.33,300.51,1.1800000000000068,59.00000000000034,bullish,116.00000000000068,bullish
2026-07-06,1,2026-07-02,2026-07-06,297.59,297.7,0.11000000000001364,5.500000000000682,bullish,9.000000000001364,bullish
2026-07-07,1,2026-07-06,2026-07-07,298.90999999999997,299.16,0.25000000000005684,12.500000000002842,bullish,23.000000000005684,bullish
2026-07-08,1,2026-07-07,2026-07-08,296.2,293.99,-2.2099999999999795,-110.49999999999898,bullish,-222.99999999999795,bullish
2026-07-09,1,2026-07-08,2026-07-09,293.49,295.23,1.740000000000009,87.00000000000045,bullish,172.0000000000009,bullish
2026-07-10,1,2026-07-09,2026-07-10,297.25,297.68,0.4300000000000068,21.50000000000034,bullish,41.00000000000068,bullish
2026-07-13,1,2026-07-10,2026-07-13,296.0,295.05,-0.9499999999999886,-47.49999999999943,bullish,-96.99999999999886,bullish
2026-07-14,1,2026-07-13,2026-07-14,293.49,295.51,2.019999999999982,100.99999999999909,bullish,199.99999999999818,bullish
2026-07-15,1,2026-07-14,2026-07-15,294.52,295.23,0.7100000000000364,35.50000000000182,bullish,69.00000000000364,bullish
2026-07-16,1,2026-07-15,2026-07-16,295.78,294.64,-1.1399999999999864,-56.99999999999932,bullish,-115.99999999999864,bullish
2026-07-17,1,2026-07-16,2026-07-17,295.59999999999997,292.05,-3.5499999999999545,-177.49999999999773,bullish,-356.99999999999545,bullish
2026-07-20,1,2026-07-17,2026-07-20,294.05,294.96000000000004,0.910000000000025,45.50000000000125,bullish,89.0000000000025,bullish
2026-07-21,1,2026-07-20,2026-07-21,292.32,293.42,1.1000000000000227,55.00000000000114,bullish,108.00000000000227,bullish
2026-07-22,1,2026-07-21,2026-07-22,296.55,295.66,-0.8899999999999864,-44.49999999999932,bullish,-90.99999999999864,bullish
2026-07-23,1,2026-07-22,2026-07-23,293.8,290.90000000000003,-2.8999999999999773,-144.99999999999886,bullish,-291.9999999999977,bullish
2026-07-24,1,2026-07-23,2026-07-24,292.09999999999997,293.41,1.3100000000000591,65.50000000000296,bullish,129.0000000000059,bullish
2026-07-27,1,2026-07-24,2026-07-27,291.18,293.98,2.8000000000000114,140.00000000000057,bullish,278.00000000000114,bullish
2026-07-28,1,2026-07-27,2026-07-28,292.92,293.17,0.25,12.5,bullish,23.0,bullish
2026-07-29,1,2026-07-28,2026-07-29,293.38,292.5,-0.8799999999999955,-43.99999999999977,bullish,-89.99999999999955,bullish
2026-07-30,1,2026-07-29,2026-07-30,288.58,291.13,2.5500000000000114,127.50000000000057,bullish,253.00000000000114,bullish
2026-07-31,1,2026-07-30,2026-07-31,292.59999999999997,293.55,0.9500000000000455,47.500000000002274,bullish,93.00000000000455,bullish
2026-08-03,1,2026-07-31,2026-08-03,291.21,292.92,1.7100000000000364,85.50000000000182,bullish,169.00000000000364,bullish
2026-08-04,1,2026-08-03,2026-08-04,296.23,297.6,1.3700000000000045,68.50000000000023,bullish,135.00000000000045,bullish
2026-08-05,1,2026-08-04,2026-08-05,301.71999999999997,302.43,0.7100000000000364,35.50000000000182,bullish,69.00000000000364,bullish
2026-08-06,1,2026-08-05,2026-08-06,299.78,299.56,-0.21999999999997044,-10.999999999998522,bullish,-23.999999999997044,bullish
2026-08-07,1,2026-08-06,2026-08-07,298.26,300.44,2.180000000000007,109.00000000000034,bullish,216.00000000000068,bullish
2026-08-10,1,2026-08-07,2026-08-10,301.57,300.5,-1.0699999999999932,-53.49999999999966,bullish,-108.99999999999932,bullish
2026-08-11,1,2026-08-10,2026-08-11,299.99,300.92,0.9300000000000068,46.50000000000034,bullish,91.00000000000068,bullish
2026-08-12,1,2026-08-11,2026-08-12,301.0,302.98,1.9800000000000182,99.00000000000091,bullish,196.00000000000182,bullish
2026-08-13,1,2026-08-12,2026-08-13,302.71999999999997,304.05,1.330000000000041,66.50000000000205,bullish,131.0000000000041,bullish
2026-08-14,1,2026-08-13,2026-08-14,303.51,303.27,-0.2400000000000091,-12.000000000000455,bullish,-26.00000000000091,bullish
2026-08-17,1,2026-08-14,2026-08-17,305.09999999999997,303.93,-1.169999999999959,-58.499999999997954,bullish,-118.99999999999591,bullish
2026-08-18,1,2026-08-17,2026-08-18,304.07,302.43,-1.6399999999999864,-81.99999999999932,bullish,-165.99999999999864,bullish
2026-08-19,1,2026-08-18,2026-08-19,300.24,302.89,2.6499999999999773,132.49999999999886,bullish,262.9999999999977,bullish
2026-08-20,1,2026-08-19,2026-08-20,301.73,299.26,-2.4700000000000273,-123.50000000000136,bullish,-249.00000000000273,bullish
2026-08-21,1,2026-08-20,2026-08-21,297.68,299.84000000000003,2.160000000000025,108.00000000000125,bullish,214.0000000000025,bullish
2026-08-24,1,2026-08-21,2026-08-24,299.96999999999997,299.53000000000003,-0.4399999999999409,-21.999999999997044,bullish,-45.99999999999409,bullish
2026-08-25,1,2026-08-24,2026-08-25,297.98,299.58,1.599999999999966,79.9999999999983,bullish,157.9999999999966,bullish
2026-08-26,1,2026-08-25,2026-08-26,299.24,298.62,-0.6200000000000045,-31.000000000000227,bullish,-64.00000000000045,bullish
2026-08-27,1,2026-08-26,2026-08-27,298.94,298.76,-0.18000000000000682,-9.000000000000341,bullish,-20.000000000000682,bullish
2026-08-28,1,2026-08-27,2026-08-28,299.82,299.66,-0.15999999999996817,-7.999999999998408,bullish,-17.999999999996817,bullish
2026-08-31,1,2026-08-28,2026-08-31,295.76,295.07,-0.6899999999999977,-34.499999999999886,bullish,-70.99999999999977,bullish
2026-09-04,1,2026-09-03,2026-09-04,295.2,293.68,-1.5199999999999818,-75.99999999999909,bullish,-153.99999999999818,bullish
2026-09-08,1,2026-09-04,2026-09-08,296.02,295.3,-0.7199999999999704,-35.99999999999852,bullish,-73.99999999999704,bullish
2026-09-09,1,2026-09-08,2026-09-09,294.68,293.44,-1.240000000000009,-62.000000000000455,bullish,-126.00000000000091,bullish
