date,side,entry_time,exit_time,entry,exit,pts,r_mult,regime,pnl,reason
2017-02-02,1,2017-02-01,2017-02-02,36.19,36.230000000000004,0.04000000000000625,2.0000000000003126,bearish,2.0000000000006253,bearish
2017-02-08,1,2017-02-07,2017-02-08,35.885,35.7,-0.18499999999999517,-9.249999999999758,bearish,-20.499999999999517,bearish
2017-02-09,1,2017-02-08,2017-02-09,35.97,36.165,0.19500000000000028,9.750000000000014,bearish,17.50000000000003,bearish
2017-02-17,1,2017-02-16,2017-02-17,36.195,35.99,-0.2049999999999983,-10.249999999999915,bearish,-22.49999999999983,bearish
2017-02-21,1,2017-02-17,2017-02-21,35.995,36.315000000000005,0.3200000000000074,16.00000000000037,bearish,30.00000000000074,bearish
2017-02-22,1,2017-02-21,2017-02-22,36.239999999999995,36.050000000000004,-0.18999999999999062,-9.499999999999531,bearish,-20.999999999999062,bearish
2017-02-23,1,2017-02-22,2017-02-23,35.69,36.07,0.38000000000000256,19.000000000000128,bearish,36.000000000000256,bearish
2017-02-24,1,2017-02-23,2017-02-24,35.839999999999996,35.56,-0.27999999999999403,-13.999999999999702,bearish,-29.999999999999403,bearish
2017-02-27,1,2017-02-24,2017-02-27,35.504999999999995,35.510000000000005,0.005000000000009663,0.25000000000048317,bearish,-1.4999999999990337,bearish
2017-02-28,1,2017-02-27,2017-02-28,35.809999999999995,35.685,-0.1249999999999929,-6.249999999999645,bearish,-14.49999999999929,bearish
2017-03-01,1,2017-02-28,2017-03-01,35.699999999999996,36.010000000000005,0.3100000000000094,15.500000000000469,bearish,29.000000000000938,bearish
2017-03-02,1,2017-03-01,2017-03-02,36.415,36.215,-0.19999999999999574,-9.999999999999787,bearish,-21.999999999999574,bearish
2017-03-03,1,2017-03-02,2017-03-03,36.07,36.11,0.03999999999999915,1.9999999999999574,bearish,1.9999999999999147,bearish
2017-03-06,1,2017-03-03,2017-03-06,36.004999999999995,35.925000000000004,-0.07999999999999119,-3.9999999999995595,bearish,-9.999999999999119,bearish
2017-03-07,1,2017-03-06,2017-03-07,36.085,36.195,0.10999999999999943,5.499999999999972,bearish,8.999999999999943,bearish
2017-03-08,1,2017-03-07,2017-03-08,35.765,35.6,-0.16499999999999915,-8.249999999999957,bearish,-18.499999999999915,bearish
2017-03-09,1,2017-03-08,2017-03-09,34.835,34.64,-0.19500000000000028,-9.750000000000014,bearish,-21.50000000000003,bearish
2017-03-10,1,2017-03-09,2017-03-10,35.065,35.27,0.2050000000000054,10.25000000000027,bearish,18.50000000000054,bearish
2017-03-13,1,2017-03-10,2017-03-13,35.015,34.96,-0.054999999999999716,-2.749999999999986,bearish,-7.499999999999972,bearish
2017-03-14,1,2017-03-13,2017-03-14,35.019999999999996,34.730000000000004,-0.28999999999999204,-14.499999999999602,bearish,-30.999999999999204,bearish
2017-03-15,1,2017-03-14,2017-03-15,34.625,34.9,0.2749999999999986,13.749999999999929,bearish,25.499999999999858,bearish
2017-03-16,1,2017-03-15,2017-03-16,35.394999999999996,35.45,0.05500000000000682,2.750000000000341,bearish,3.500000000000682,bearish
2017-03-17,1,2017-03-16,2017-03-17,35.144999999999996,35.06,-0.08499999999999375,-4.249999999999687,bearish,-10.499999999999375,bearish
2017-03-20,1,2017-03-17,2017-03-20,34.91,34.775,-0.134999999999998,-6.7499999999999005,bearish,-15.499999999999801,bearish
2017-03-21,1,2017-03-20,2017-03-21,34.86,35.005,0.14500000000000313,7.250000000000156,bearish,12.500000000000313,bearish
2017-03-22,1,2017-03-21,2017-03-22,34.614999999999995,34.49,-0.1249999999999929,-6.249999999999645,bearish,-14.49999999999929,bearish
2017-03-23,1,2017-03-22,2017-03-23,34.565,34.445,-0.11999999999999744,-5.999999999999872,bearish,-13.999999999999744,bearish
2017-03-24,1,2017-03-23,2017-03-24,34.425,34.455000000000005,0.030000000000008242,1.5000000000004121,bearish,1.0000000000008242,bearish
2017-03-27,1,2017-03-24,2017-03-27,34.29,33.945,-0.34499999999999886,-17.249999999999943,bearish,-36.499999999999886,bearish
2017-03-28,1,2017-03-27,2017-03-28,34.129999999999995,34.160000000000004,0.030000000000008242,1.5000000000004121,bearish,1.0000000000008242,bearish
2017-03-29,1,2017-03-28,2017-03-29,34.614999999999995,34.59,-0.024999999999991473,-1.2499999999995737,bearish,-4.499999999999147,bearish
2017-03-30,1,2017-03-29,2017-03-30,35.089999999999996,35.29,0.20000000000000284,10.000000000000142,bearish,18.000000000000284,bearish
2017-03-31,1,2017-03-30,2017-03-31,35.08,34.945,-0.134999999999998,-6.7499999999999005,bearish,-15.499999999999801,bearish
2017-04-03,1,2017-03-31,2017-04-03,34.96,34.995000000000005,0.035000000000003695,1.7500000000001847,bearish,1.5000000000003695,bearish
2017-04-04,1,2017-04-03,2017-04-04,34.9,34.955000000000005,0.05500000000000682,2.750000000000341,bearish,3.500000000000682,bearish
2017-04-05,1,2017-04-04,2017-04-05,35.155,35.43,0.2749999999999986,13.749999999999929,bearish,25.499999999999858,bearish
2017-04-06,1,2017-04-05,2017-04-06,35.044999999999995,35.165,0.12000000000000455,6.000000000000227,bearish,10.000000000000455,bearish
2017-04-07,1,2017-04-06,2017-04-07,35.324999999999996,35.325,7.105427357601002e-15,3.552713678800501e-13,bearish,-1.9999999999992895,bearish
2017-04-10,1,2017-04-07,2017-04-10,35.19,35.365,0.17500000000000426,8.750000000000213,bearish,15.500000000000426,bearish
2017-04-11,1,2017-04-10,2017-04-11,35.455,35.49,0.035000000000003695,1.7500000000001847,bearish,1.5000000000003695,bearish
2017-04-12,1,2017-04-11,2017-04-12,35.46,35.475,0.015000000000000568,0.7500000000000284,bearish,-0.49999999999994316,bearish
2017-04-13,1,2017-04-12,2017-04-13,35.309999999999995,35.260000000000005,-0.04999999999999005,-2.4999999999995026,bearish,-6.999999999999005,bearish
2017-04-17,1,2017-04-13,2017-04-17,34.665,34.635000000000005,-0.02999999999999403,-1.4999999999997016,bearish,-4.999999999999403,bearish
2017-04-18,1,2017-04-17,2017-04-18,34.739999999999995,34.565000000000005,-0.17499999999999005,-8.749999999999503,bearish,-19.499999999999005,bearish
2017-04-19,1,2017-04-18,2017-04-19,34.415,34.480000000000004,0.06500000000000483,3.2500000000002416,bearish,4.500000000000483,bearish
2017-04-20,1,2017-04-19,2017-04-20,33.91,33.99,0.0800000000000054,4.00000000000027,bearish,6.00000000000054,bearish
2017-04-21,1,2017-04-20,2017-04-21,34.074999999999996,33.910000000000004,-0.16499999999999204,-8.249999999999602,bearish,-18.499999999999204,bearish
2017-04-24,1,2017-04-21,2017-04-24,33.905,34.135000000000005,0.23000000000000398,11.500000000000199,bearish,21.000000000000398,bearish
2017-04-25,1,2017-04-24,2017-04-25,34.105,34.17,0.06500000000000483,3.2500000000002416,bearish,4.500000000000483,bearish
2017-04-26,1,2017-04-25,2017-04-26,34.394999999999996,34.215,-0.1799999999999926,-8.99999999999963,bearish,-19.99999999999926,bearish
2017-04-27,1,2017-04-26,2017-04-27,34.28,33.995000000000005,-0.2849999999999966,-14.24999999999983,bearish,-30.49999999999966,bearish
2017-04-28,1,2017-04-27,2017-04-28,33.905,34.175000000000004,0.2700000000000031,13.500000000000156,bearish,25.000000000000313,bearish
2017-05-01,1,2017-04-28,2017-05-01,33.93,33.9,-0.030000000000001137,-1.5000000000000568,bearish,-5.000000000000114,bearish
2017-05-02,1,2017-05-01,2017-05-02,33.835,33.885000000000005,0.05000000000000426,2.500000000000213,bearish,3.0000000000004263,bearish
2017-05-03,1,2017-05-02,2017-05-03,33.665,33.57,-0.09499999999999886,-4.749999999999943,bearish,-11.499999999999886,bearish
2017-05-04,1,2017-05-03,2017-05-04,33.76,33.505,-0.25499999999999545,-12.749999999999773,bearish,-27.499999999999545,bearish
2017-05-05,1,2017-05-04,2017-05-05,33.14,33.14,0.0,0.0,bearish,-2.0,bearish
2017-05-08,1,2017-05-05,2017-05-08,33.665,33.64,-0.02499999999999858,-1.249999999999929,bearish,-4.499999999999858,bearish
2017-05-09,1,2017-05-08,2017-05-09,33.905,33.955000000000005,0.05000000000000426,2.500000000000213,bearish,3.0000000000004263,bearish
2017-05-10,1,2017-05-09,2017-05-10,33.625,33.800000000000004,0.17500000000000426,8.750000000000213,bearish,15.500000000000426,bearish
2017-05-11,1,2017-05-10,2017-05-11,34.07,34.17,0.10000000000000142,5.000000000000071,bearish,8.000000000000142,bearish
2017-05-12,1,2017-05-11,2017-05-12,34.0,33.955000000000005,-0.0449999999999946,-2.24999999999973,bearish,-6.49999999999946,bearish
2017-05-15,1,2017-05-12,2017-05-15,33.885,34.370000000000005,0.48500000000000654,24.250000000000327,bearish,46.500000000000654,bearish
2017-05-16,1,2017-05-15,2017-05-16,34.15,34.29,0.14000000000000057,7.000000000000028,bearish,12.000000000000057,bearish
2017-05-17,1,2017-05-16,2017-05-17,33.98,33.760000000000005,-0.21999999999999176,-10.999999999999588,bearish,-23.999999999999176,bearish
2017-05-18,1,2017-05-17,2017-05-18,33.644999999999996,33.475,-0.1699999999999946,-8.49999999999973,bearish,-18.99999999999946,bearish
2017-05-19,1,2017-05-18,2017-05-19,33.635,33.78,0.14500000000000313,7.250000000000156,bearish,12.500000000000313,bearish
2017-05-22,1,2017-05-19,2017-05-22,34.05,34.21,0.1600000000000037,8.000000000000185,bearish,14.00000000000037,bearish
2017-05-23,1,2017-05-22,2017-05-23,33.975,34.045,0.07000000000000028,3.500000000000014,bearish,5.000000000000028,bearish
2017-05-24,1,2017-05-23,2017-05-24,34.055,33.995000000000005,-0.05999999999999517,-2.9999999999997584,bearish,-7.999999999999517,bearish
2017-05-25,1,2017-05-24,2017-05-25,33.875,33.77,-0.10499999999999687,-5.249999999999844,bearish,-12.499999999999687,bearish
2017-05-26,1,2017-05-25,2017-05-26,33.26,33.24,-0.01999999999999602,-0.999999999999801,bearish,-3.999999999999602,bearish
2017-05-30,1,2017-05-26,2017-05-30,33.315,33.120000000000005,-0.19499999999999318,-9.749999999999659,bearish,-21.499999999999318,bearish
2017-05-31,1,2017-05-30,2017-05-31,32.87,32.59,-0.27999999999999403,-13.999999999999702,bearish,-29.999999999999403,bearish
2017-06-01,1,2017-05-31,2017-06-01,32.73,32.725,-0.0049999999999954525,-0.24999999999977263,bearish,-2.4999999999995453,bearish
2017-06-02,1,2017-06-01,2017-06-02,32.934999999999995,32.765,-0.1699999999999946,-8.49999999999973,bearish,-18.99999999999946,bearish
2017-06-05,1,2017-06-02,2017-06-05,32.555,32.435,-0.11999999999999744,-5.999999999999872,bearish,-13.999999999999744,bearish
2017-06-06,1,2017-06-05,2017-06-06,32.614999999999995,32.575,-0.03999999999999204,-1.999999999999602,bearish,-5.999999999999204,bearish
2017-06-07,1,2017-06-06,2017-06-07,33.0,32.845,-0.15500000000000114,-7.750000000000057,bearish,-17.500000000000114,bearish
2017-06-08,1,2017-06-07,2017-06-08,32.535,32.36,-0.17499999999999716,-8.749999999999858,bearish,-19.499999999999716,bearish
2017-06-09,1,2017-06-08,2017-06-09,32.44,32.495000000000005,0.05500000000000682,2.750000000000341,bearish,3.500000000000682,bearish
2017-06-12,1,2017-06-09,2017-06-12,33.22,33.495000000000005,0.2750000000000057,13.750000000000284,bearish,25.50000000000057,bearish
2017-06-13,1,2017-06-12,2017-06-13,33.455,33.535000000000004,0.0800000000000054,4.00000000000027,bearish,6.00000000000054,bearish
2017-06-14,1,2017-06-13,2017-06-14,33.705,33.595,-0.10999999999999943,-5.499999999999972,bearish,-12.999999999999943,bearish
2017-06-15,1,2017-06-14,2017-06-15,33.095,32.925000000000004,-0.1699999999999946,-8.49999999999973,bearish,-18.99999999999946,bearish
2017-06-16,1,2017-06-15,2017-06-16,32.845,32.795,-0.04999999999999716,-2.499999999999858,bearish,-6.999999999999716,bearish
2017-06-19,1,2017-06-16,2017-06-19,33.16,33.065000000000005,-0.09499999999999176,-4.749999999999588,bearish,-11.499999999999176,bearish
2017-06-20,1,2017-06-19,2017-06-20,32.949999999999996,32.550000000000004,-0.3999999999999915,-19.999999999999574,bearish,-41.99999999999915,bearish
2017-06-21,1,2017-06-20,2017-06-21,32.53,32.410000000000004,-0.11999999999999744,-5.999999999999872,bearish,-13.999999999999744,bearish
2017-06-22,1,2017-06-21,2017-06-22,32.005,31.999999999999996,-0.005000000000006111,-0.25000000000030553,bearish,-2.500000000000611,bearish
2017-06-23,1,2017-06-22,2017-06-23,31.985000000000003,31.97,-0.015000000000004121,-0.7500000000002061,bearish,-3.500000000000412,bearish
2017-06-26,1,2017-06-23,2017-06-26,32.199999999999996,32.28,0.0800000000000054,4.00000000000027,bearish,6.00000000000054,bearish
2017-06-27,1,2017-06-26,2017-06-27,32.129999999999995,32.225,0.09500000000000597,4.750000000000298,bearish,7.500000000000597,bearish
2017-06-28,1,2017-06-27,2017-06-28,32.08,32.1,0.020000000000003126,1.0000000000001563,bearish,3.126388037344441e-13,bearish
2017-06-29,1,2017-06-28,2017-06-29,32.254999999999995,32.330000000000005,0.07500000000000995,3.7500000000004974,bearish,5.500000000000995,bearish
2017-06-30,1,2017-06-29,2017-06-30,32.324999999999996,32.54,0.2150000000000034,10.75000000000017,bearish,19.50000000000034,bearish
2017-07-03,1,2017-06-30,2017-07-03,32.47,32.565000000000005,0.09500000000000597,4.750000000000298,bearish,7.500000000000597,bearish
2017-07-05,1,2017-07-03,2017-07-05,33.095,32.910000000000004,-0.18499999999999517,-9.249999999999758,bearish,-20.499999999999517,bearish
2017-07-06,1,2017-07-05,2017-07-06,32.425,32.46,0.035000000000003695,1.7500000000001847,bearish,1.5000000000003695,bearish
2017-07-07,1,2017-07-06,2017-07-07,32.065,31.939999999999998,-0.125,-6.25,bearish,-14.5,bearish
2017-07-10,1,2017-07-07,2017-07-10,32.015,31.95,-0.06500000000000128,-3.250000000000064,bearish,-8.500000000000128,bearish
2017-07-11,1,2017-07-10,2017-07-11,32.12,32.155,0.035000000000003695,1.7500000000001847,bearish,1.5000000000003695,bearish
2017-07-12,1,2017-07-11,2017-07-12,32.294999999999995,32.595,0.30000000000000426,15.000000000000213,bearish,28.000000000000426,bearish
2017-07-13,1,2017-07-12,2017-07-13,32.385,32.39,0.005000000000002558,0.2500000000001279,bearish,-1.4999999999997442,bearish
2017-07-14,1,2017-07-13,2017-07-14,32.515,32.515,0.0,0.0,bearish,-2.0,bearish
2017-07-17,1,2017-07-14,2017-07-17,32.71,32.63,-0.0799999999999983,-3.9999999999999147,bearish,-9.99999999999983,bearish
2017-07-18,1,2017-07-17,2017-07-18,32.669999999999995,32.815000000000005,0.14500000000001023,7.250000000000512,bearish,12.500000000001023,bearish
2017-07-19,1,2017-07-18,2017-07-19,32.515,32.46,-0.054999999999999716,-2.749999999999986,bearish,-7.499999999999972,bearish
2017-07-20,1,2017-07-19,2017-07-20,32.989999999999995,33.155,0.16500000000000625,8.250000000000313,bearish,14.500000000000625,bearish
2017-07-21,1,2017-07-20,2017-07-21,32.89,32.760000000000005,-0.12999999999999545,-6.499999999999773,bearish,-14.999999999999545,bearish
2017-07-24,1,2017-07-21,2017-07-24,32.565,32.615,0.05000000000000426,2.500000000000213,bearish,3.0000000000004263,bearish
2017-07-25,1,2017-07-24,2017-07-25,32.504999999999995,32.875,0.37000000000000455,18.500000000000227,bearish,35.000000000000455,bearish
2017-07-26,1,2017-07-25,2017-07-26,32.915,33.080000000000005,0.16500000000000625,8.250000000000313,bearish,14.500000000000625,bearish
2017-07-27,1,2017-07-26,2017-07-27,32.949999999999996,32.940000000000005,-0.009999999999990905,-0.49999999999954525,bearish,-2.9999999999990905,bearish
2017-08-04,1,2017-08-03,2017-08-04,32.725,32.72,-0.005000000000002558,-0.2500000000001279,bearish,-2.500000000000256,bearish
2017-08-08,1,2017-08-07,2017-08-08,32.58,32.465,-0.11499999999999488,-5.749999999999744,bearish,-13.499999999999488,bearish
2017-08-09,1,2017-08-08,2017-08-09,32.504999999999995,32.535000000000004,0.030000000000008242,1.5000000000004121,bearish,1.0000000000008242,bearish
2017-08-10,1,2017-08-09,2017-08-10,32.535,32.57,0.035000000000003695,1.7500000000001847,bearish,1.5000000000003695,bearish
2017-08-11,1,2017-08-10,2017-08-11,32.19,32.07,-0.11999999999999744,-5.999999999999872,bearish,-13.999999999999744,bearish
2017-08-14,1,2017-08-11,2017-08-14,31.98,32.02,0.0400000000000027,2.000000000000135,bearish,2.00000000000027,bearish
2017-08-15,1,2017-08-14,2017-08-15,31.885,31.915,0.029999999999997584,1.4999999999998792,bearish,0.9999999999997584,bearish
2017-08-16,1,2017-08-15,2017-08-16,31.765,31.755,-0.010000000000001563,-0.5000000000000782,bearish,-3.0000000000001563,bearish
2017-08-17,1,2017-08-16,2017-08-17,31.46,31.314999999999998,-0.14500000000000313,-7.250000000000156,bearish,-16.500000000000313,bearish
2017-08-18,1,2017-08-17,2017-08-18,31.015,30.915,-0.10000000000000142,-5.000000000000071,bearish,-12.000000000000142,bearish
2017-08-21,1,2017-08-18,2017-08-21,31.17,31.104999999999997,-0.06500000000000483,-3.2500000000002416,bearish,-8.500000000000483,bearish
2017-08-22,1,2017-08-21,2017-08-22,31.01,31.06,0.04999999999999716,2.499999999999858,bearish,2.999999999999716,bearish
2017-08-23,1,2017-08-22,2017-08-23,31.215,31.13,-0.08500000000000085,-4.250000000000043,bearish,-10.500000000000085,bearish
2017-08-24,1,2017-08-23,2017-08-24,31.35,31.22,-0.13000000000000256,-6.500000000000128,bearish,-15.000000000000256,bearish
2017-08-25,1,2017-08-24,2017-08-25,31.37,31.41,0.03999999999999915,1.9999999999999574,bearish,1.9999999999999147,bearish
2017-08-28,1,2017-08-25,2017-08-28,31.51,31.505,-0.005000000000002558,-0.2500000000001279,bearish,-2.500000000000256,bearish
2017-08-29,1,2017-08-28,2017-08-29,31.37,31.2,-0.1700000000000017,-8.500000000000085,bearish,-19.00000000000017,bearish
2017-08-30,1,2017-08-29,2017-08-30,31.330000000000002,31.189999999999998,-0.14000000000000412,-7.000000000000206,bearish,-16.000000000000412,bearish
2017-08-31,1,2017-08-30,2017-08-31,31.345000000000002,31.459999999999997,0.11499999999999488,5.749999999999744,bearish,9.499999999999488,bearish
2017-09-01,1,2017-08-31,2017-09-01,31.495,31.525,0.029999999999997584,1.4999999999998792,bearish,0.9999999999997584,bearish
2017-09-05,1,2017-09-01,2017-09-05,31.8,31.91,0.10999999999999943,5.499999999999972,bearish,8.999999999999943,bearish
2017-09-06,1,2017-09-05,2017-09-06,31.975,32.115,0.14000000000000057,7.000000000000028,bearish,12.000000000000057,bearish
2017-09-07,1,2017-09-06,2017-09-07,32.495,32.49,-0.0049999999999954525,-0.24999999999977263,bearish,-2.4999999999995453,bearish
2017-09-08,1,2017-09-07,2017-09-08,32.555,32.465,-0.0899999999999963,-4.499999999999815,bearish,-10.99999999999963,bearish
2017-09-11,1,2017-09-08,2017-09-11,32.21,32.315000000000005,0.10500000000000398,5.250000000000199,bearish,8.500000000000398,bearish
2017-09-12,1,2017-09-11,2017-09-12,32.515,32.59,0.07500000000000284,3.750000000000142,bearish,5.500000000000284,bearish
2017-09-13,1,2017-09-12,2017-09-13,32.714999999999996,32.765,0.05000000000000426,2.500000000000213,bearish,3.0000000000004263,bearish
2018-02-06,1,2018-02-05,2018-02-06,34.72,34.105000000000004,-0.6149999999999949,-30.749999999999744,bearish,-63.49999999999949,bearish
2018-02-08,1,2018-02-07,2018-02-08,34.41,34.425000000000004,0.015000000000007674,0.7500000000003837,bearish,-0.4999999999992326,bearish
2018-02-09,1,2018-02-08,2018-02-09,33.37,33.745000000000005,0.3750000000000071,18.750000000000355,bearish,35.50000000000071,bearish
2018-02-12,1,2018-02-09,2018-02-12,33.345,33.755,0.4100000000000037,20.500000000000185,bearish,39.00000000000037,bearish
2018-02-13,1,2018-02-12,2018-02-13,33.89,33.695,-0.19500000000000028,-9.750000000000014,bearish,-21.50000000000003,bearish
2018-02-14,1,2018-02-13,2018-02-14,33.75,33.4,-0.3500000000000014,-17.50000000000007,bearish,-37.00000000000014,bearish
2018-02-15,1,2018-02-14,2018-02-15,34.239999999999995,34.29,0.05000000000000426,2.500000000000213,bearish,3.0000000000004263,bearish
2018-02-16,1,2018-02-15,2018-02-16,34.155,33.99,-0.16499999999999915,-8.249999999999957,bearish,-18.499999999999915,bearish
2018-02-20,1,2018-02-16,2018-02-20,34.07,34.120000000000005,0.05000000000000426,2.500000000000213,bearish,3.0000000000004263,bearish
2018-02-21,1,2018-02-20,2018-02-21,33.885,33.765,-0.11999999999999744,-5.999999999999872,bearish,-13.999999999999744,bearish
2018-02-22,1,2018-02-21,2018-02-22,33.315,33.565000000000005,0.2500000000000071,12.500000000000355,bearish,23.00000000000071,bearish
2018-02-23,1,2018-02-22,2018-02-23,33.68,33.825,0.14500000000000313,7.250000000000156,bearish,12.500000000000313,bearish
2018-02-26,1,2018-02-23,2018-02-26,34.41,34.565000000000005,0.15500000000000824,7.750000000000412,bearish,13.500000000000824,bearish
2018-02-27,1,2018-02-26,2018-02-27,34.614999999999995,34.665,0.05000000000000426,2.500000000000213,bearish,3.0000000000004263,bearish
2018-02-28,1,2018-02-27,2018-02-28,34.165,34.325,0.1600000000000037,8.000000000000185,bearish,14.00000000000037,bearish
2018-03-01,1,2018-02-28,2018-03-01,33.379999999999995,33.275,-0.10499999999999687,-5.249999999999844,bearish,-12.499999999999687,bearish
2018-03-02,1,2018-03-01,2018-03-02,33.33,33.080000000000005,-0.2499999999999929,-12.499999999999645,bearish,-26.99999999999929,bearish
2018-03-05,1,2018-03-02,2018-03-05,33.485,33.31,-0.17499999999999716,-8.749999999999858,bearish,-19.499999999999716,bearish
2018-03-06,1,2018-03-05,2018-03-06,33.839999999999996,34.03,0.19000000000000483,9.500000000000242,bearish,17.000000000000483,bearish
2018-03-07,1,2018-03-06,2018-03-07,33.86,33.475,-0.384999999999998,-19.2499999999999,bearish,-40.4999999999998,bearish
2018-03-08,1,2018-03-07,2018-03-08,33.605,33.660000000000004,0.05500000000000682,2.750000000000341,bearish,3.500000000000682,bearish
2018-03-09,1,2018-03-08,2018-03-09,33.595,33.835,0.240000000000002,12.0000000000001,bearish,22.0000000000002,bearish
2018-03-12,1,2018-03-09,2018-03-12,34.235,34.235,0.0,0.0,bearish,-2.0,bearish
2018-03-13,1,2018-03-12,2018-03-13,34.225,34.31,0.08500000000000085,4.250000000000043,bearish,6.500000000000085,bearish
2018-03-14,1,2018-03-13,2018-03-14,33.98,34.09,0.11000000000000654,5.500000000000327,bearish,9.000000000000654,bearish
2018-03-15,1,2018-03-14,2018-03-15,33.78,33.885000000000005,0.10500000000000398,5.250000000000199,bearish,8.500000000000398,bearish
2018-03-16,1,2018-03-15,2018-03-16,33.605,33.365,-0.23999999999999488,-11.999999999999744,bearish,-25.99999999999949,bearish
2018-03-19,1,2018-03-16,2018-03-19,33.665,33.54,-0.125,-6.25,bearish,-14.5,bearish
2018-03-20,1,2018-03-19,2018-03-20,33.144999999999996,33.305,0.1600000000000037,8.000000000000185,bearish,14.00000000000037,bearish
2018-03-21,1,2018-03-20,2018-03-21,33.425,33.605000000000004,0.18000000000000682,9.000000000000341,bearish,16.000000000000682,bearish
2018-03-22,1,2018-03-21,2018-03-22,34.3,33.9,-0.3999999999999986,-19.99999999999993,bearish,-41.99999999999986,bearish
2018-03-23,1,2018-03-22,2018-03-23,33.6,33.75,0.14999999999999858,7.499999999999929,bearish,12.999999999999858,bearish
2018-03-26,1,2018-03-23,2018-03-26,33.394999999999996,33.760000000000005,0.3650000000000091,18.250000000000455,bearish,34.50000000000091,bearish
2018-03-27,1,2018-03-26,2018-03-27,33.995,34.120000000000005,0.1250000000000071,6.250000000000355,bearish,10.50000000000071,bearish
2018-03-28,1,2018-03-27,2018-03-28,33.675,33.675000000000004,7.105427357601002e-15,3.552713678800501e-13,bearish,-1.9999999999992895,bearish
2018-03-29,1,2018-03-28,2018-03-29,33.019999999999996,33.18,0.1600000000000037,8.000000000000185,bearish,14.00000000000037,bearish
2018-04-02,1,2018-03-29,2018-04-02,33.714999999999996,33.565000000000005,-0.14999999999999147,-7.499999999999574,bearish,-16.999999999999147,bearish
2018-04-03,1,2018-04-02,2018-04-03,33.04,33.145,0.10500000000000398,5.250000000000199,bearish,8.500000000000398,bearish
2018-04-04,1,2018-04-03,2018-04-04,33.745,33.21,-0.5349999999999966,-26.74999999999983,bearish,-55.49999999999966,bearish
2018-04-05,1,2018-04-04,2018-04-05,33.699999999999996,33.765,0.06500000000000483,3.2500000000002416,bearish,4.500000000000483,bearish
2018-04-06,1,2018-04-05,2018-04-06,34.305,34.07,-0.23499999999999943,-11.749999999999972,bearish,-25.499999999999943,bearish
2018-04-09,1,2018-04-06,2018-04-09,33.684999999999995,33.825,0.14000000000000767,7.000000000000384,bearish,12.000000000000767,bearish
2018-04-10,1,2018-04-09,2018-04-10,33.845,34.36,0.5150000000000006,25.75000000000003,bearish,49.50000000000006,bearish
2018-08-06,1,2018-08-03,2018-08-06,37.629999999999995,37.745000000000005,0.1150000000000091,5.750000000000455,bearish,9.50000000000091,bearish
2018-08-10,1,2018-08-09,2018-08-10,37.425,37.32,-0.10499999999999687,-5.249999999999844,bearish,-12.499999999999687,bearish
2018-08-14,1,2018-08-13,2018-08-14,37.175,37.440000000000005,0.2650000000000077,13.250000000000384,bearish,24.500000000000767,bearish
2018-08-15,1,2018-08-14,2018-08-15,37.265,36.89,-0.375,-18.75,bearish,-39.5,bearish
2018-08-16,1,2018-08-15,2018-08-16,35.964999999999996,36.120000000000005,0.15500000000000824,7.750000000000412,bearish,13.500000000000824,bearish
2018-08-17,1,2018-08-16,2018-08-17,36.225,36.300000000000004,0.07500000000000284,3.750000000000142,bearish,5.500000000000284,bearish
2018-08-20,1,2018-08-17,2018-08-20,36.315,36.305,-0.00999999999999801,-0.4999999999999005,bearish,-2.999999999999801,bearish
2018-08-21,1,2018-08-20,2018-08-21,36.559999999999995,36.845,0.2850000000000037,14.250000000000185,bearish,26.50000000000037,bearish
2018-08-22,1,2018-08-21,2018-08-22,36.745,36.955000000000005,0.21000000000000796,10.500000000000398,bearish,19.000000000000796,bearish
2018-08-23,1,2018-08-22,2018-08-23,37.184999999999995,36.99,-0.19499999999999318,-9.749999999999659,bearish,-21.499999999999318,bearish
2018-08-24,1,2018-08-23,2018-08-24,37.01,37.22,0.21000000000000085,10.500000000000043,bearish,19.000000000000085,bearish
2018-08-27,1,2018-08-24,2018-08-27,37.28,37.385000000000005,0.10500000000000398,5.250000000000199,bearish,8.500000000000398,bearish
2018-08-28,1,2018-08-27,2018-08-28,37.555,37.605000000000004,0.05000000000000426,2.500000000000213,bearish,3.0000000000004263,bearish
2018-08-29,1,2018-08-28,2018-08-29,37.394999999999996,37.495000000000005,0.10000000000000853,5.000000000000426,bearish,8.000000000000853,bearish
2018-08-30,1,2018-08-29,2018-08-30,37.625,37.59,-0.03499999999999659,-1.7499999999998295,bearish,-5.499999999999659,bearish
2018-08-31,1,2018-08-30,2018-08-31,37.519999999999996,37.385000000000005,-0.1349999999999909,-6.749999999999545,bearish,-15.49999999999909,bearish
2018-09-04,1,2018-08-31,2018-09-04,37.23,37.38,0.15000000000000568,7.500000000000284,bearish,13.000000000000568,bearish
2018-09-05,1,2018-09-04,2018-09-05,37.15,36.96,-0.18999999999999773,-9.499999999999886,bearish,-20.999999999999773,bearish
2018-09-06,1,2018-09-05,2018-09-06,37.1,36.940000000000005,-0.1599999999999966,-7.9999999999998295,bearish,-17.99999999999966,bearish
2018-09-07,1,2018-09-06,2018-09-07,36.415,36.260000000000005,-0.15499999999999403,-7.749999999999702,bearish,-17.499999999999403,bearish
2018-09-10,1,2018-09-07,2018-09-10,36.41,36.575,0.16500000000000625,8.250000000000313,bearish,14.500000000000625,bearish
2018-09-11,1,2018-09-10,2018-09-11,36.394999999999996,36.34,-0.05499999999999261,-2.7499999999996305,bearish,-7.499999999999261,bearish
2018-09-12,1,2018-09-11,2018-09-12,36.739999999999995,37.02,0.28000000000000824,14.000000000000412,bearish,26.000000000000824,bearish
2018-09-13,1,2018-09-12,2018-09-13,36.93,36.85,-0.0799999999999983,-3.9999999999999147,bearish,-9.99999999999983,bearish
2018-09-14,1,2018-09-13,2018-09-14,36.945,36.93,-0.015000000000000568,-0.7500000000000284,bearish,-3.500000000000057,bearish
2018-09-17,1,2018-09-14,2018-09-17,37.14,37.215,0.07500000000000284,3.750000000000142,bearish,5.500000000000284,bearish
2018-09-18,1,2018-09-17,2018-09-18,37.199999999999996,37.445,0.24500000000000455,12.250000000000227,bearish,22.500000000000455,bearish
2018-09-19,1,2018-09-18,2018-09-19,37.445,37.435,-0.00999999999999801,-0.4999999999999005,bearish,-2.999999999999801,bearish
2018-09-20,1,2018-09-19,2018-09-20,37.559999999999995,37.7,0.14000000000000767,7.000000000000384,bearish,12.000000000000767,bearish
2018-09-21,1,2018-09-20,2018-09-21,37.57,37.495000000000005,-0.07499999999999574,-3.749999999999787,bearish,-9.499999999999574,bearish
2018-10-12,1,2018-10-11,2018-10-12,36.41,36.795,0.3850000000000051,19.250000000000256,bearish,36.50000000000051,bearish
2018-10-15,1,2018-10-12,2018-10-15,36.51,36.485,-0.02499999999999858,-1.249999999999929,bearish,-4.499999999999858,bearish
2018-10-16,1,2018-10-15,2018-10-16,36.205,36.285000000000004,0.0800000000000054,4.00000000000027,bearish,6.00000000000054,bearish
2018-10-17,1,2018-10-16,2018-10-17,36.504999999999995,36.415,-0.0899999999999963,-4.499999999999815,bearish,-10.99999999999963,bearish
2018-10-18,1,2018-10-17,2018-10-18,36.275,35.92,-0.3549999999999969,-17.749999999999844,bearish,-37.49999999999969,bearish
2018-10-19,1,2018-10-18,2018-10-19,36.095,35.895,-0.19999999999999574,-9.999999999999787,bearish,-21.999999999999574,bearish
2018-10-22,1,2018-10-19,2018-10-22,35.775,35.730000000000004,-0.0449999999999946,-2.24999999999973,bearish,-6.49999999999946,bearish
2018-10-23,1,2018-10-22,2018-10-23,35.379999999999995,34.84,-0.539999999999992,-26.999999999999602,bearish,-55.999999999999204,bearish
2018-10-24,1,2018-10-23,2018-10-24,34.455,34.6,0.14500000000000313,7.250000000000156,bearish,12.500000000000313,bearish
2018-10-25,1,2018-10-24,2018-10-25,33.095,33.480000000000004,0.3850000000000051,19.250000000000256,bearish,36.50000000000051,bearish
2018-10-26,1,2018-10-25,2018-10-26,33.5,33.205000000000005,-0.2949999999999946,-14.74999999999973,bearish,-31.49999999999946,bearish
2018-10-29,1,2018-10-26,2018-10-29,33.25,33.475,0.22500000000000142,11.250000000000071,bearish,20.500000000000142,bearish
2018-10-30,1,2018-10-29,2018-10-30,32.629999999999995,32.59,-0.03999999999999204,-1.999999999999602,bearish,-5.999999999999204,bearish
2018-10-31,1,2018-10-30,2018-10-31,33.385,33.690000000000005,0.3050000000000068,15.250000000000341,bearish,28.500000000000682,bearish
2018-11-01,1,2018-10-31,2018-11-01,33.589999999999996,33.64,0.05000000000000426,2.500000000000213,bearish,3.0000000000004263,bearish
2018-11-02,1,2018-11-01,2018-11-02,33.875,34.230000000000004,0.355000000000004,17.7500000000002,bearish,33.5000000000004,bearish
2018-11-05,1,2018-11-02,2018-11-05,33.79,34.18,0.39000000000000057,19.50000000000003,bearish,37.00000000000006,bearish
2018-11-06,1,2018-11-05,2018-11-06,34.355,34.395,0.04000000000000625,2.0000000000003126,bearish,2.0000000000006253,bearish
2018-11-07,1,2018-11-06,2018-11-07,34.515,34.940000000000005,0.42500000000000426,21.250000000000213,bearish,40.500000000000426,bearish
2018-11-08,1,2018-11-07,2018-11-08,35.08,34.9,-0.17999999999999972,-8.999999999999986,bearish,-19.99999999999997,bearish
2018-11-09,1,2018-11-08,2018-11-09,34.32,33.845,-0.4750000000000014,-23.75000000000007,bearish,-49.50000000000014,bearish
2018-11-12,1,2018-11-09,2018-11-12,34.26,34.475,0.2150000000000034,10.75000000000017,bearish,19.50000000000034,bearish
2018-11-13,1,2018-11-12,2018-11-13,33.55,33.435,-0.11499999999999488,-5.749999999999744,bearish,-13.499999999999488,bearish
2018-11-14,1,2018-11-13,2018-11-14,32.78,33.27,0.490000000000002,24.5000000000001,bearish,47.0000000000002,bearish
2018-11-15,1,2018-11-14,2018-11-15,32.725,32.495000000000005,-0.22999999999999687,-11.499999999999844,bearish,-24.999999999999687,bearish
2018-11-16,1,2018-11-15,2018-11-16,33.205,33.39,0.18500000000000227,9.250000000000114,bearish,16.500000000000227,bearish
2018-11-19,1,2018-11-16,2018-11-19,33.6,33.375,-0.22500000000000142,-11.250000000000071,bearish,-24.500000000000142,bearish
2018-11-20,1,2018-11-19,2018-11-20,33.589999999999996,33.13,-0.45999999999999375,-22.999999999999687,bearish,-47.999999999999375,bearish
2018-11-21,1,2018-11-20,2018-11-21,32.489999999999995,32.725,0.23500000000000654,11.750000000000327,bearish,21.500000000000654,bearish
2018-11-23,1,2018-11-21,2018-11-23,33.0,32.160000000000004,-0.8399999999999963,-41.999999999999815,bearish,-85.99999999999963,bearish
2018-11-26,1,2018-11-23,2018-11-26,31.965,32.185,0.22000000000000242,11.00000000000012,bearish,20.00000000000024,bearish
2018-11-27,1,2018-11-26,2018-11-27,32.445,32.260000000000005,-0.18499999999999517,-9.249999999999758,bearish,-20.499999999999517,bearish
2018-11-28,1,2018-11-27,2018-11-28,32.355,32.305,-0.04999999999999716,-2.499999999999858,bearish,-6.999999999999716,bearish
2018-11-29,1,2018-11-28,2018-11-29,32.91,32.915,0.005000000000002558,0.2500000000001279,bearish,-1.4999999999997442,bearish
2018-11-30,1,2018-11-29,2018-11-30,33.125,32.815000000000005,-0.30999999999999517,-15.499999999999758,bearish,-32.99999999999952,bearish
2018-12-03,1,2018-11-30,2018-12-03,33.065,33.800000000000004,0.7350000000000065,36.75000000000033,bearish,71.50000000000065,bearish
2018-12-04,1,2018-12-03,2018-12-04,33.8,33.795,-0.0049999999999954525,-0.24999999999977263,bearish,-2.4999999999995453,bearish
2018-12-06,1,2018-12-04,2018-12-06,32.83,32.09,-0.7399999999999949,-36.999999999999744,bearish,-75.99999999999949,bearish
2018-12-07,1,2018-12-06,2018-12-07,32.225,32.82,0.5949999999999989,29.749999999999943,bearish,57.499999999999886,bearish
2018-12-10,1,2018-12-07,2018-12-10,32.044999999999995,31.799999999999997,-0.24499999999999744,-12.249999999999872,bearish,-26.499999999999744,bearish
2018-12-11,1,2018-12-10,2018-12-11,31.545,32.010000000000005,0.4650000000000034,23.25000000000017,bearish,44.50000000000034,bearish
2018-12-12,1,2018-12-11,2018-12-12,31.555000000000003,32.050000000000004,0.495000000000001,24.75000000000005,bearish,47.5000000000001,bearish
2018-12-13,1,2018-12-12,2018-12-13,31.680000000000003,31.584999999999997,-0.09500000000000597,-4.750000000000298,bearish,-11.500000000000597,bearish
2018-12-14,1,2018-12-13,2018-12-14,31.78,31.564999999999998,-0.2150000000000034,-10.75000000000017,bearish,-23.50000000000034,bearish
2018-12-17,1,2018-12-14,2018-12-17,31.055000000000003,30.955,-0.10000000000000497,-5.000000000000249,bearish,-12.000000000000497,bearish
2018-12-18,1,2018-12-17,2018-12-18,30.490000000000002,30.43,-0.060000000000002274,-3.0000000000001137,bearish,-8.000000000000227,bearish
2018-12-19,1,2018-12-18,2018-12-19,29.770000000000003,29.904999999999998,0.13499999999999446,6.749999999999723,bearish,11.499999999999446,bearish
2018-12-20,1,2018-12-19,2018-12-20,29.42,29.04,-0.38000000000000256,-19.000000000000128,bearish,-40.000000000000256,bearish
2018-12-21,1,2018-12-20,2018-12-21,28.605,28.325,-0.28000000000000114,-14.000000000000057,bearish,-30.000000000000114,bearish
2018-12-24,1,2018-12-21,2018-12-24,28.065,27.715,-0.3500000000000014,-17.50000000000007,bearish,-37.00000000000014,bearish
2018-12-26,1,2018-12-24,2018-12-26,26.930000000000003,27.169999999999998,0.23999999999999488,11.999999999999744,bearish,21.99999999999949,bearish
2018-12-27,1,2018-12-26,2018-12-27,28.605,28.009999999999998,-0.5950000000000024,-29.75000000000012,bearish,-61.50000000000024,bearish
2018-12-28,1,2018-12-27,2018-12-28,28.755000000000003,28.865,0.10999999999999588,5.499999999999794,bearish,8.999999999999588,bearish
2018-12-31,1,2018-12-28,2018-12-31,28.535,28.77,0.23499999999999943,11.749999999999972,bearish,21.499999999999943,bearish
2019-01-02,1,2018-12-31,2019-01-02,28.685000000000002,28.209999999999997,-0.475000000000005,-23.75000000000025,bearish,-49.5000000000005,bearish
2019-01-03,1,2019-01-02,2019-01-03,29.25,29.334999999999997,0.0849999999999973,4.249999999999865,bearish,6.49999999999973,bearish
2019-01-04,1,2019-01-03,2019-01-04,28.96,29.43,0.46999999999999886,23.499999999999943,bearish,44.999999999999886,bearish
2019-01-07,1,2019-01-04,2019-01-07,29.945,30.15,0.2049999999999983,10.249999999999915,bearish,18.49999999999983,bearish
2019-01-08,1,2019-01-07,2019-01-08,30.39,30.794999999999998,0.4049999999999976,20.24999999999988,bearish,38.49999999999976,bearish
2019-01-09,1,2019-01-08,2019-01-09,30.625,31.014999999999997,0.389999999999997,19.49999999999985,bearish,36.9999999999997,bearish
2019-01-10,1,2019-01-09,2019-01-10,31.110000000000003,30.854999999999997,-0.2550000000000061,-12.750000000000306,bearish,-27.50000000000061,bearish
2019-01-11,1,2019-01-10,2019-01-11,31.200000000000003,31.014999999999997,-0.18500000000000583,-9.250000000000291,bearish,-20.500000000000583,bearish
2019-01-14,1,2019-01-11,2019-01-14,31.015,30.7,-0.3150000000000013,-15.750000000000064,bearish,-33.50000000000013,bearish
2019-01-15,1,2019-01-14,2019-01-15,30.94,31.09,0.14999999999999858,7.499999999999929,bearish,12.999999999999858,bearish
2019-01-16,1,2019-01-15,2019-01-16,31.05,30.994999999999997,-0.05500000000000327,-2.7500000000001634,bearish,-7.500000000000327,bearish
2019-01-17,1,2019-01-16,2019-01-17,31.01,30.755,-0.25500000000000256,-12.750000000000128,bearish,-27.500000000000256,bearish
2019-01-18,1,2019-01-17,2019-01-18,31.295,31.639999999999997,0.3449999999999953,17.249999999999766,bearish,32.49999999999953,bearish
2019-01-22,1,2019-01-18,2019-01-22,31.930000000000003,31.56,-0.37000000000000455,-18.500000000000227,bearish,-39.000000000000455,bearish
2019-01-23,1,2019-01-22,2019-01-23,31.235000000000003,31.325,0.0899999999999963,4.499999999999815,bearish,6.9999999999996305,bearish
2019-01-24,1,2019-01-23,2019-01-24,30.915000000000003,30.83,-0.0850000000000044,-4.25000000000022,bearish,-10.50000000000044,bearish
2019-01-25,1,2019-01-24,2019-01-25,31.080000000000002,31.325,0.24499999999999744,12.249999999999872,bearish,22.499999999999744,bearish
2019-01-28,1,2019-01-25,2019-01-28,31.475,31.04,-0.4350000000000023,-21.750000000000114,bearish,-45.50000000000023,bearish
2019-01-29,1,2019-01-28,2019-01-29,31.16,31.319999999999997,0.1599999999999966,7.9999999999998295,bearish,13.999999999999659,bearish
2019-01-30,1,2019-01-29,2019-01-30,31.255000000000003,31.43,0.17499999999999716,8.749999999999858,bearish,15.499999999999716,bearish
2019-05-03,1,2019-05-02,2019-05-03,31.84,32.115,0.27500000000000213,13.750000000000107,bearish,25.500000000000213,bearish
2019-05-06,1,2019-05-03,2019-05-06,32.135,31.865,-0.2699999999999996,-13.499999999999979,bearish,-28.999999999999957,bearish
2019-05-07,1,2019-05-06,2019-05-07,32.165,31.764999999999997,-0.40000000000000213,-20.000000000000107,bearish,-42.00000000000021,bearish
2019-05-08,1,2019-05-07,2019-05-08,31.885,31.845,-0.0400000000000027,-2.000000000000135,bearish,-6.00000000000027,bearish
2019-05-09,1,2019-05-08,2019-05-09,31.885,31.685,-0.20000000000000284,-10.000000000000142,bearish,-22.000000000000284,bearish
2019-05-10,1,2019-05-09,2019-05-10,31.885,31.83,-0.05500000000000327,-2.7500000000001634,bearish,-7.500000000000327,bearish
2019-05-13,1,2019-05-10,2019-05-13,32.035,31.744999999999997,-0.28999999999999915,-14.499999999999957,bearish,-30.999999999999915,bearish
2019-05-14,1,2019-05-13,2019-05-14,31.485000000000003,31.634999999999998,0.14999999999999503,7.499999999999751,bearish,12.999999999999503,bearish
2019-05-15,1,2019-05-14,2019-05-15,31.87,31.669999999999998,-0.20000000000000284,-10.000000000000142,bearish,-22.000000000000284,bearish
2019-05-16,1,2019-05-15,2019-05-16,32.035,32.095,0.060000000000002274,3.0000000000001137,bearish,4.000000000000227,bearish
2019-05-17,1,2019-05-16,2019-05-17,32.21,31.974999999999998,-0.23500000000000298,-11.75000000000015,bearish,-25.5000000000003,bearish
2019-05-20,1,2019-05-17,2019-05-20,31.885,31.869999999999997,-0.015000000000004121,-0.7500000000002061,bearish,-3.500000000000412,bearish
2019-05-21,1,2019-05-20,2019-05-21,31.900000000000002,32.015,0.11499999999999844,5.749999999999922,bearish,9.499999999999844,bearish
2019-05-22,1,2019-05-21,2019-05-22,32.269999999999996,32.055,-0.2149999999999963,-10.749999999999815,bearish,-23.49999999999963,bearish
2019-05-23,1,2019-05-22,2019-05-23,31.770000000000003,31.2,-0.5700000000000038,-28.500000000000192,bearish,-59.000000000000384,bearish
2019-05-24,1,2019-05-23,2019-05-24,30.705000000000002,30.93,0.22499999999999787,11.249999999999893,bearish,20.499999999999787,bearish
2019-05-28,1,2019-05-24,2019-05-28,30.82,30.819999999999997,-3.552713678800501e-15,-1.7763568394002505e-13,bearish,-2.0000000000003553,bearish
2019-05-29,1,2019-05-28,2019-05-29,30.5,30.06,-0.4400000000000013,-22.000000000000064,bearish,-46.00000000000013,bearish
2019-05-30,1,2019-05-29,2019-05-30,30.305000000000003,30.235,-0.07000000000000384,-3.500000000000192,bearish,-9.000000000000384,bearish
2019-05-31,1,2019-05-30,2019-05-31,29.92,29.505,-0.4150000000000027,-20.750000000000135,bearish,-43.50000000000027,bearish
2019-06-03,1,2019-05-31,2019-06-03,29.395000000000003,29.59,0.19499999999999673,9.749999999999837,bearish,17.499999999999673,bearish
2019-06-04,1,2019-06-03,2019-06-04,29.770000000000003,30.02,0.24999999999999645,12.499999999999822,bearish,22.999999999999645,bearish
2019-06-05,1,2019-06-04,2019-06-05,30.285,30.29,0.004999999999999005,0.24999999999995026,bearish,-1.5000000000000995,bearish
2019-06-06,1,2019-06-05,2019-06-06,29.950000000000003,29.99,0.039999999999995595,1.9999999999997797,bearish,1.9999999999995595,bearish
2019-06-07,1,2019-06-06,2019-06-07,30.505000000000003,30.58,0.07499999999999574,3.749999999999787,bearish,5.499999999999574,bearish
2019-06-10,1,2019-06-07,2019-06-10,30.645000000000003,30.685,0.039999999999995595,1.9999999999997797,bearish,1.9999999999995595,bearish
2019-06-11,1,2019-06-10,2019-06-11,30.735000000000003,30.955,0.2199999999999953,10.999999999999766,bearish,19.99999999999953,bearish
2019-06-12,1,2019-06-11,2019-06-12,30.795,30.575,-0.22000000000000242,-11.00000000000012,bearish,-24.00000000000024,bearish
2019-06-13,1,2019-06-12,2019-06-13,30.360000000000003,30.724999999999998,0.3649999999999949,18.249999999999744,bearish,34.49999999999949,bearish
2019-06-14,1,2019-06-13,2019-06-14,30.715,30.764999999999997,0.04999999999999716,2.499999999999858,bearish,2.999999999999716,bearish
2019-06-17,1,2019-06-14,2019-06-17,30.515,30.43,-0.08500000000000085,-4.250000000000043,bearish,-10.500000000000085,bearish
2019-06-18,1,2019-06-17,2019-06-18,30.770000000000003,30.935,0.1649999999999956,8.24999999999978,bearish,14.49999999999956,bearish
2019-06-19,1,2019-06-18,2019-06-19,31.195,31.13,-0.06500000000000128,-3.250000000000064,bearish,-8.500000000000128,bearish
2019-06-20,1,2019-06-19,2019-06-20,31.16,31.63,0.46999999999999886,23.499999999999943,bearish,44.999999999999886,bearish
2019-06-21,1,2019-06-20,2019-06-21,31.85,31.59,-0.26000000000000156,-13.000000000000078,bearish,-28.000000000000156,bearish
2019-06-24,1,2019-06-21,2019-06-24,31.790000000000003,31.759999999999998,-0.03000000000000469,-1.5000000000002345,bearish,-5.000000000000469,bearish
2019-06-25,1,2019-06-24,2019-06-25,31.505000000000003,31.465,-0.0400000000000027,-2.000000000000135,bearish,-6.00000000000027,bearish
2019-06-26,1,2019-06-25,2019-06-26,31.255000000000003,31.59,0.3349999999999973,16.749999999999865,bearish,31.49999999999973,bearish
2019-06-27,1,2019-06-26,2019-06-27,31.735000000000003,31.75,0.014999999999997016,0.7499999999998508,bearish,-0.5000000000002984,bearish
2019-06-28,1,2019-06-27,2019-06-28,31.5,31.56,0.05999999999999872,2.999999999999936,bearish,3.999999999999872,bearish
2019-07-01,1,2019-06-28,2019-07-01,31.865000000000002,32.24,0.375,18.75,bearish,35.5,bearish
2019-07-02,1,2019-07-01,2019-07-02,31.895000000000003,31.814999999999998,-0.0800000000000054,-4.00000000000027,bearish,-10.00000000000054,bearish
2019-07-03,1,2019-07-02,2019-07-03,31.385,31.444999999999997,0.05999999999999517,2.9999999999997584,bearish,3.999999999999517,bearish
2019-07-05,1,2019-07-03,2019-07-05,31.51,31.349999999999998,-0.1600000000000037,-8.000000000000185,bearish,-18.00000000000037,bearish
2019-07-08,1,2019-07-05,2019-07-08,31.555000000000003,31.444999999999997,-0.11000000000000654,-5.500000000000327,bearish,-13.000000000000654,bearish
2019-08-02,1,2019-08-01,2019-08-02,30.650000000000002,30.764999999999997,0.11499999999999488,5.749999999999744,bearish,9.499999999999488,bearish
2019-08-05,1,2019-08-02,2019-08-05,30.21,29.63,-0.5800000000000018,-29.000000000000092,bearish,-60.000000000000185,bearish
2019-08-06,1,2019-08-05,2019-08-06,29.310000000000002,29.369999999999997,0.05999999999999517,2.9999999999997584,bearish,3.999999999999517,bearish
2019-08-07,1,2019-08-06,2019-08-07,29.275000000000002,28.72,-0.5550000000000033,-27.750000000000163,bearish,-57.50000000000033,bearish
2019-08-08,1,2019-08-07,2019-08-08,29.055000000000003,29.235,0.17999999999999616,8.999999999999808,bearish,15.999999999999616,bearish
2019-08-09,1,2019-08-08,2019-08-09,29.89,29.959999999999997,0.06999999999999673,3.4999999999998366,bearish,4.999999999999673,bearish
2019-08-12,1,2019-08-09,2019-08-12,29.560000000000002,29.47,-0.09000000000000341,-4.5000000000001705,bearish,-11.000000000000341,bearish
2019-08-13,1,2019-08-12,2019-08-13,29.21,29.06,-0.15000000000000213,-7.500000000000107,bearish,-17.000000000000213,bearish
2019-08-14,1,2019-08-13,2019-08-14,29.48,28.83,-0.6500000000000021,-32.50000000000011,bearish,-67.00000000000021,bearish
2019-08-15,1,2019-08-14,2019-08-15,28.325000000000003,28.154999999999998,-0.17000000000000526,-8.500000000000263,bearish,-19.000000000000526,bearish
2019-08-16,1,2019-08-15,2019-08-16,28.150000000000002,28.279999999999998,0.12999999999999545,6.499999999999773,bearish,10.999999999999545,bearish
2019-08-19,1,2019-08-16,2019-08-19,28.520000000000003,28.9,0.37999999999999545,18.999999999999773,bearish,35.999999999999545,bearish
2019-08-20,1,2019-08-19,2019-08-20,29.150000000000002,29.009999999999998,-0.14000000000000412,-7.000000000000206,bearish,-16.000000000000412,bearish
2019-08-21,1,2019-08-20,2019-08-21,28.905,29.194999999999997,0.2899999999999956,14.49999999999978,bearish,26.99999999999956,bearish
2019-08-22,1,2019-08-21,2019-08-22,29.09,29.185,0.09499999999999886,4.749999999999943,bearish,7.499999999999886,bearish
2019-08-23,1,2019-08-22,2019-08-23,28.96,28.599999999999998,-0.360000000000003,-18.00000000000015,bearish,-38.0000000000003,bearish
2019-08-26,1,2019-08-23,2019-08-26,27.990000000000002,28.215,0.22499999999999787,11.249999999999893,bearish,20.499999999999787,bearish
2019-08-27,1,2019-08-26,2019-08-27,28.110000000000003,28.264999999999997,0.15499999999999403,7.749999999999702,bearish,13.499999999999403,bearish
2019-08-28,1,2019-08-27,2019-08-28,27.935000000000002,28.06,0.12499999999999645,6.249999999999822,bearish,10.499999999999645,bearish
2019-08-29,1,2019-08-28,2019-08-29,28.335,28.535,0.1999999999999993,9.999999999999964,bearish,17.99999999999993,bearish
2019-08-30,1,2019-08-29,2019-08-30,28.75,28.84,0.08999999999999986,4.499999999999993,bearish,6.999999999999986,bearish
2019-09-03,1,2019-08-30,2019-09-03,28.75,28.264999999999997,-0.485000000000003,-24.25000000000015,bearish,-50.5000000000003,bearish
2019-09-04,1,2019-09-03,2019-09-04,28.610000000000003,28.994999999999997,0.38499999999999446,19.249999999999723,bearish,36.499999999999446,bearish
2019-09-05,1,2019-09-04,2019-09-05,29.01,29.25,0.23999999999999844,11.999999999999922,bearish,21.999999999999844,bearish
2019-09-06,1,2019-09-05,2019-09-06,29.37,29.29,-0.08000000000000185,-4.000000000000092,bearish,-10.000000000000185,bearish
2019-09-09,1,2019-09-06,2019-09-09,29.525000000000002,29.744999999999997,0.2199999999999953,10.999999999999766,bearish,19.99999999999953,bearish
2019-09-10,1,2019-09-09,2019-09-10,30.115000000000002,30.279999999999998,0.1649999999999956,8.24999999999978,bearish,14.49999999999956,bearish
2019-09-11,1,2019-09-10,2019-09-11,30.470000000000002,30.619999999999997,0.14999999999999503,7.499999999999751,bearish,12.999999999999503,bearish
2019-09-12,1,2019-09-11,2019-09-12,30.5,30.095,-0.40500000000000114,-20.250000000000057,bearish,-42.500000000000114,bearish
2019-09-13,1,2019-09-12,2019-09-13,30.310000000000002,30.505,0.19499999999999673,9.749999999999837,bearish,17.499999999999673,bearish
2019-10-02,1,2019-10-01,2019-10-02,28.925,28.735,-0.19000000000000128,-9.500000000000064,bearish,-21.000000000000128,bearish
2019-10-03,1,2019-10-02,2019-10-03,28.215,28.02,-0.19500000000000028,-9.750000000000014,bearish,-21.50000000000003,bearish
2019-10-04,1,2019-10-03,2019-10-04,28.520000000000003,28.619999999999997,0.09999999999999432,4.999999999999716,bearish,7.999999999999432,bearish
2019-10-07,1,2019-10-04,2019-10-07,28.700000000000003,28.724999999999998,0.024999999999995026,1.2499999999997513,bearish,0.4999999999995026,bearish
2019-10-08,1,2019-10-07,2019-10-08,28.445,28.134999999999998,-0.3100000000000023,-15.500000000000114,bearish,-33.00000000000023,bearish
2019-10-09,1,2019-10-08,2019-10-09,27.96,28.189999999999998,0.22999999999999687,11.499999999999844,bearish,20.999999999999687,bearish
2019-10-10,1,2019-10-09,2019-10-10,28.215,28.29,0.07499999999999929,3.7499999999999645,bearish,5.499999999999929,bearish
2019-10-11,1,2019-10-10,2019-10-11,28.57,28.845,0.2749999999999986,13.749999999999929,bearish,25.499999999999858,bearish
2019-10-14,1,2019-10-11,2019-10-14,28.955000000000002,28.724999999999998,-0.23000000000000398,-11.500000000000199,bearish,-25.000000000000398,bearish
2019-10-15,1,2019-10-14,2019-10-15,28.94,28.91,-0.030000000000001137,-1.5000000000000568,bearish,-5.000000000000114,bearish
2019-10-16,1,2019-10-15,2019-10-16,29.060000000000002,28.939999999999998,-0.12000000000000455,-6.000000000000227,bearish,-14.000000000000455,bearish
2019-10-17,1,2019-10-16,2019-10-17,28.655,28.755,0.09999999999999787,4.999999999999893,bearish,7.999999999999787,bearish
2019-10-18,1,2019-10-17,2019-10-18,28.675,28.58,-0.09500000000000242,-4.750000000000121,bearish,-11.500000000000242,bearish
2019-10-21,1,2019-10-18,2019-10-21,28.525000000000002,28.584999999999997,0.05999999999999517,2.9999999999997584,bearish,3.999999999999517,bearish
2019-10-22,1,2019-10-21,2019-10-22,29.035,29.104999999999997,0.06999999999999673,3.4999999999998366,bearish,4.999999999999673,bearish
2019-10-23,1,2019-10-22,2019-10-23,29.41,29.34,-0.07000000000000028,-3.500000000000014,bearish,-9.000000000000028,bearish
2019-10-24,1,2019-10-23,2019-10-24,29.655,29.805,0.14999999999999858,7.499999999999929,bearish,12.999999999999858,bearish
2019-10-25,1,2019-10-24,2019-10-25,29.53,29.52,-0.010000000000001563,-0.5000000000000782,bearish,-3.0000000000001563,bearish
2019-10-28,1,2019-10-25,2019-10-28,29.770000000000003,29.849999999999998,0.07999999999999474,3.999999999999737,bearish,5.999999999999474,bearish
2019-10-29,1,2019-10-28,2019-10-29,29.6,29.47,-0.13000000000000256,-6.500000000000128,bearish,-15.000000000000256,bearish
2019-10-30,1,2019-10-29,2019-10-30,29.720000000000002,29.77,0.04999999999999716,2.499999999999858,bearish,2.999999999999716,bearish
2019-10-31,1,2019-10-30,2019-10-31,29.115000000000002,28.97,-0.14500000000000313,-7.250000000000156,bearish,-16.500000000000313,bearish
2019-11-01,1,2019-10-31,2019-11-01,28.990000000000002,29.134999999999998,0.14499999999999602,7.249999999999801,bearish,12.499999999999602,bearish
2019-11-04,1,2019-11-01,2019-11-04,29.650000000000002,29.97,0.31999999999999673,15.999999999999837,bearish,29.999999999999673,bearish
2019-12-04,1,2019-12-03,2019-12-04,29.015,29.25,0.23499999999999943,11.749999999999972,bearish,21.499999999999943,bearish
2020-01-22,1,2020-01-21,2020-01-22,29.040000000000003,28.965,-0.07500000000000284,-3.750000000000142,bearish,-9.500000000000284,bearish
2020-01-23,1,2020-01-22,2020-01-23,28.76,28.439999999999998,-0.32000000000000384,-16.000000000000192,bearish,-34.000000000000384,bearish
2020-01-24,1,2020-01-23,2020-01-24,28.650000000000002,28.5,-0.15000000000000213,-7.500000000000107,bearish,-17.000000000000213,bearish
2020-01-27,1,2020-01-24,2020-01-27,28.32,27.729999999999997,-0.5900000000000034,-29.50000000000017,bearish,-61.00000000000034,bearish
2020-01-28,1,2020-01-27,2020-01-28,27.535,27.694999999999997,0.1599999999999966,7.9999999999998295,bearish,13.999999999999659,bearish
2020-01-29,1,2020-01-28,2020-01-29,27.66,27.794999999999998,0.134999999999998,6.7499999999999005,bearish,11.499999999999801,bearish
2020-01-30,1,2020-01-29,2020-01-30,27.37,27.064999999999998,-0.30500000000000327,-15.250000000000163,bearish,-32.50000000000033,bearish
2020-01-31,1,2020-01-30,2020-01-31,27.59,27.11,-0.4800000000000004,-24.00000000000002,bearish,-50.00000000000004,bearish
2020-02-03,1,2020-01-31,2020-02-03,26.73,26.674999999999997,-0.05500000000000327,-2.7500000000001634,bearish,-7.500000000000327,bearish
2020-02-04,1,2020-02-03,2020-02-04,26.380000000000003,26.74,0.3599999999999959,17.999999999999794,bearish,33.99999999999959,bearish
2020-02-05,1,2020-02-04,2020-02-05,26.475,26.895,0.41999999999999815,20.999999999999908,bearish,39.999999999999815,bearish
2020-02-06,1,2020-02-05,2020-02-06,27.470000000000002,27.58,0.10999999999999588,5.499999999999794,bearish,8.999999999999588,bearish
2020-02-07,1,2020-02-06,2020-02-07,27.19,26.965,-0.22500000000000142,-11.250000000000071,bearish,-24.500000000000142,bearish
2020-02-10,1,2020-02-07,2020-02-10,27.0,26.884999999999998,-0.11500000000000199,-5.7500000000000995,bearish,-13.500000000000199,bearish
2020-02-11,1,2020-02-10,2020-02-11,26.865000000000002,27.209999999999997,0.3449999999999953,17.249999999999766,bearish,32.49999999999953,bearish
2020-02-12,1,2020-02-11,2020-02-12,27.165000000000003,27.549999999999997,0.38499999999999446,19.249999999999723,bearish,36.499999999999446,bearish
2020-02-13,1,2020-02-12,2020-02-13,27.53,27.435,-0.09500000000000242,-4.750000000000121,bearish,-11.500000000000242,bearish
2020-02-14,1,2020-02-13,2020-02-14,27.445,27.52,0.07499999999999929,3.7499999999999645,bearish,5.499999999999929,bearish
2020-02-18,1,2020-02-14,2020-02-18,27.3,27.035,-0.26500000000000057,-13.250000000000028,bearish,-28.500000000000057,bearish
2020-02-19,1,2020-02-18,2020-02-19,27.075000000000003,27.255,0.17999999999999616,8.999999999999808,bearish,15.999999999999616,bearish
2020-02-20,1,2020-02-19,2020-02-20,27.435000000000002,27.5,0.06499999999999773,3.2499999999998863,bearish,4.499999999999773,bearish
2020-02-21,1,2020-02-20,2020-02-21,27.405,27.125,-0.28000000000000114,-14.000000000000057,bearish,-30.000000000000114,bearish
2020-02-24,1,2020-02-21,2020-02-24,27.080000000000002,26.04,-1.0400000000000027,-52.000000000000135,bearish,-106.00000000000027,bearish
2020-02-25,1,2020-02-24,2020-02-25,25.830000000000002,25.86,0.029999999999997584,1.4999999999998792,bearish,0.9999999999997584,bearish
2020-02-26,1,2020-02-25,2020-02-26,24.69,24.759999999999998,0.06999999999999673,3.4999999999998366,bearish,4.999999999999673,bearish
2020-02-27,1,2020-02-26,2020-02-27,23.945,23.29,-0.6550000000000011,-32.75000000000006,bearish,-67.50000000000011,bearish
2020-02-28,1,2020-02-27,2020-02-28,22.665000000000003,21.93,-0.735000000000003,-36.75000000000015,bearish,-75.5000000000003,bearish
2020-03-02,1,2020-02-28,2020-03-02,22.645000000000003,23.13,0.4849999999999959,24.249999999999794,bearish,46.49999999999959,bearish
2020-03-03,1,2020-03-02,2020-03-03,23.560000000000002,23.674999999999997,0.11499999999999488,5.749999999999744,bearish,9.499999999999488,bearish
2020-03-04,1,2020-03-03,2020-03-04,22.84,23.319999999999997,0.4799999999999969,23.999999999999844,bearish,45.99999999999969,bearish
2020-03-05,1,2020-03-04,2020-03-05,23.380000000000003,22.68,-0.7000000000000028,-35.00000000000014,bearish,-72.00000000000028,bearish
2020-03-06,1,2020-03-05,2020-03-06,22.525000000000002,21.74,-0.7850000000000037,-39.250000000000185,bearish,-80.50000000000037,bearish
2020-03-09,1,2020-03-06,2020-03-09,21.26,17.525,-3.735000000000003,-186.75000000000014,bearish,-375.5000000000003,bearish
2020-03-10,1,2020-03-09,2020-03-10,16.98,18.375,1.3949999999999996,69.74999999999997,bearish,137.49999999999994,bearish
2020-03-11,1,2020-03-10,2020-03-11,17.785,17.215,-0.5700000000000003,-28.500000000000014,bearish,-59.00000000000003,bearish
2020-03-12,1,2020-03-11,2020-03-12,16.845000000000002,15.585,-1.2600000000000016,-63.00000000000008,bearish,-128.00000000000017,bearish
2020-03-13,1,2020-03-12,2020-03-13,14.745,15.97,1.2250000000000014,61.25000000000007,bearish,120.50000000000014,bearish
2020-03-16,1,2020-03-13,2020-03-16,16.105,13.965,-2.1400000000000006,-107.00000000000003,bearish,-216.00000000000006,bearish
2020-03-17,1,2020-03-16,2020-03-17,13.915,14.03,0.11500000000000021,5.750000000000011,bearish,9.500000000000021,bearish
2020-03-18,1,2020-03-17,2020-03-18,14.01,13.01,-1.0,-50.0,bearish,-102.0,bearish
2020-03-19,1,2020-03-18,2020-03-19,12.0,12.155,0.15499999999999936,7.749999999999968,bearish,13.499999999999936,bearish
2020-03-20,1,2020-03-19,2020-03-20,12.815,13.120000000000001,0.3050000000000015,15.250000000000075,bearish,28.50000000000015,bearish
2020-03-23,1,2020-03-20,2020-03-23,12.94,12.555,-0.3849999999999998,-19.24999999999999,bearish,-40.49999999999998,bearish
2020-03-24,1,2020-03-23,2020-03-24,11.795,12.67,0.875,43.75,bearish,85.5,bearish
2020-03-25,1,2020-03-24,2020-03-25,13.685,13.97,0.28500000000000014,14.250000000000007,bearish,26.500000000000014,bearish
2020-03-26,1,2020-03-25,2020-03-26,14.33,14.495000000000001,0.16500000000000092,8.250000000000046,bearish,14.500000000000092,bearish
2020-03-27,1,2020-03-26,2020-03-27,15.205,14.55,-0.6549999999999994,-32.749999999999964,bearish,-67.49999999999994,bearish
2020-03-30,1,2020-03-27,2020-03-30,14.174999999999999,13.965,-0.20999999999999908,-10.499999999999954,bearish,-22.999999999999908,bearish
2020-03-31,1,2020-03-30,2020-03-31,14.32,14.755,0.4350000000000005,21.750000000000025,bearish,41.50000000000005,bearish
2020-04-01,1,2020-03-31,2020-04-01,14.54,14.05,-0.48999999999999844,-24.499999999999922,bearish,-50.999999999999844,bearish
2020-04-02,1,2020-04-01,2020-04-02,13.82,14.495000000000001,0.6750000000000007,33.750000000000036,bearish,65.50000000000007,bearish
2020-04-03,1,2020-04-02,2020-04-03,15.084999999999999,15.540000000000001,0.45500000000000185,22.750000000000092,bearish,43.500000000000185,bearish
2020-04-06,1,2020-04-03,2020-04-06,14.924999999999999,15.24,0.3150000000000013,15.750000000000064,bearish,29.500000000000128,bearish
2020-04-07,1,2020-04-06,2020-04-07,15.715,16.47,0.754999999999999,37.74999999999995,bearish,73.4999999999999,bearish
2020-04-08,1,2020-04-07,2020-04-08,16.05,16.369999999999997,0.31999999999999673,15.999999999999837,bearish,29.999999999999673,bearish
2020-04-09,1,2020-04-08,2020-04-09,17.12,17.755,0.634999999999998,31.7499999999999,bearish,61.4999999999998,bearish
2020-04-13,1,2020-04-09,2020-04-13,16.965,17.555,0.5899999999999999,29.499999999999993,bearish,56.999999999999986,bearish
2020-04-14,1,2020-04-13,2020-04-14,16.91,16.974999999999998,0.06499999999999773,3.2499999999998863,bearish,4.499999999999773,bearish
2020-04-15,1,2020-04-14,2020-04-15,16.830000000000002,16.139999999999997,-0.6900000000000048,-34.50000000000024,bearish,-71.00000000000048,bearish
2020-04-16,1,2020-04-15,2020-04-16,16.040000000000003,15.98,-0.060000000000002274,-3.0000000000001137,bearish,-8.000000000000227,bearish
2020-04-17,1,2020-04-16,2020-04-17,15.355,15.645,0.28999999999999915,14.499999999999957,bearish,26.999999999999915,bearish
2020-04-20,1,2020-04-17,2020-04-20,16.985000000000003,15.965,-1.0200000000000031,-51.000000000000156,bearish,-104.00000000000031,bearish
2020-04-21,1,2020-04-20,2020-04-21,16.455000000000002,15.96,-0.495000000000001,-24.75000000000005,bearish,-51.5000000000001,bearish
2020-04-22,1,2020-04-21,2020-04-22,16.165000000000003,16.904999999999998,0.7399999999999949,36.999999999999744,bearish,71.99999999999949,bearish
2020-04-23,1,2020-04-22,2020-04-23,16.740000000000002,17.229999999999997,0.4899999999999949,24.499999999999744,bearish,46.99999999999949,bearish
2020-04-24,1,2020-04-23,2020-04-24,17.28,17.584999999999997,0.30499999999999616,15.249999999999808,bearish,28.499999999999616,bearish
2020-04-27,1,2020-04-24,2020-04-27,17.32,17.165,-0.15500000000000114,-7.750000000000057,bearish,-17.500000000000114,bearish
2020-07-20,1,2020-07-17,2020-07-20,18.355,18.27,-0.08500000000000085,-4.250000000000043,bearish,-10.500000000000085,bearish
2020-07-21,1,2020-07-20,2020-07-21,18.05,18.34,0.28999999999999915,14.499999999999957,bearish,26.999999999999915,bearish
2020-07-27,1,2020-07-24,2020-07-27,18.765,18.72,-0.045000000000001705,-2.2500000000000853,bearish,-6.5000000000001705,bearish
2020-07-28,1,2020-07-27,2020-07-28,18.785,18.654999999999998,-0.13000000000000256,-6.500000000000128,bearish,-15.000000000000256,bearish
2020-07-29,1,2020-07-28,2020-07-29,18.465,18.494999999999997,0.029999999999997584,1.4999999999998792,bearish,0.9999999999997584,bearish
2020-07-30,1,2020-07-29,2020-07-30,18.85,18.439999999999998,-0.4100000000000037,-20.500000000000185,bearish,-43.00000000000037,bearish
2020-07-31,1,2020-07-30,2020-07-31,18.110000000000003,17.845,-0.2650000000000041,-13.250000000000206,bearish,-28.500000000000412,bearish
2020-08-03,1,2020-07-31,2020-08-03,18.025000000000002,18.0,-0.02500000000000213,-1.2500000000001066,bearish,-4.500000000000213,bearish
2020-08-04,1,2020-08-03,2020-08-04,18.09,18.009999999999998,-0.08000000000000185,-4.000000000000092,bearish,-10.000000000000185,bearish
2020-08-05,1,2020-08-04,2020-08-05,18.53,18.875,0.34499999999999886,17.249999999999943,bearish,32.499999999999886,bearish
2020-08-06,1,2020-08-05,2020-08-06,18.725,18.634999999999998,-0.09000000000000341,-4.5000000000001705,bearish,-11.000000000000341,bearish
2020-08-07,1,2020-08-06,2020-08-07,18.575000000000003,18.389999999999997,-0.18500000000000583,-9.250000000000291,bearish,-20.500000000000583,bearish
2020-08-10,1,2020-08-07,2020-08-10,18.6,18.709999999999997,0.10999999999999588,5.499999999999794,bearish,8.999999999999588,bearish
2020-08-11,1,2020-08-10,2020-08-11,19.175,19.529999999999998,0.3549999999999969,17.749999999999844,bearish,33.49999999999969,bearish
2020-08-12,1,2020-08-11,2020-08-12,19.110000000000003,19.38,0.269999999999996,13.499999999999801,bearish,24.999999999999602,bearish
2020-08-13,1,2020-08-12,2020-08-13,19.3,19.13,-0.1700000000000017,-8.500000000000085,bearish,-19.00000000000017,bearish
2020-08-14,1,2020-08-13,2020-08-14,18.925,18.755,-0.1700000000000017,-8.500000000000085,bearish,-19.00000000000017,bearish
2020-08-17,1,2020-08-14,2020-08-17,19.105,19.09,-0.015000000000000568,-0.7500000000000284,bearish,-3.500000000000057,bearish
2020-08-18,1,2020-08-17,2020-08-18,18.995,18.904999999999998,-0.09000000000000341,-4.5000000000001705,bearish,-11.000000000000341,bearish
2020-08-19,1,2020-08-18,2020-08-19,18.755000000000003,18.724999999999998,-0.03000000000000469,-1.5000000000002345,bearish,-5.000000000000469,bearish
2020-08-20,1,2020-08-19,2020-08-20,18.540000000000003,18.244999999999997,-0.29500000000000526,-14.750000000000263,bearish,-31.500000000000526,bearish
2020-08-21,1,2020-08-20,2020-08-21,18.14,18.049999999999997,-0.09000000000000341,-4.5000000000001705,bearish,-11.000000000000341,bearish
2020-08-24,1,2020-08-21,2020-08-24,18.025000000000002,18.125,0.09999999999999787,4.999999999999893,bearish,7.999999999999787,bearish
2020-08-25,1,2020-08-24,2020-08-25,18.520000000000003,18.599999999999998,0.07999999999999474,3.999999999999737,bearish,5.999999999999474,bearish
2020-08-26,1,2020-08-25,2020-08-26,18.26,18.215,-0.045000000000001705,-2.2500000000000853,bearish,-6.5000000000001705,bearish
2020-08-27,1,2020-08-26,2020-08-27,17.875,17.86,-0.015000000000000568,-0.7500000000000284,bearish,-3.500000000000057,bearish
2020-08-28,1,2020-08-27,2020-08-28,17.91,17.959999999999997,0.04999999999999716,2.499999999999858,bearish,2.999999999999716,bearish
2020-08-31,1,2020-08-28,2020-08-31,18.23,18.235,0.004999999999999005,0.24999999999995026,bearish,-1.5000000000000995,bearish
2020-09-01,1,2020-08-31,2020-09-01,17.835,17.72,-0.11500000000000199,-5.7500000000000995,bearish,-13.500000000000199,bearish
2020-09-02,1,2020-09-01,2020-09-02,17.715,17.689999999999998,-0.02500000000000213,-1.2500000000001066,bearish,-4.500000000000213,bearish
2020-09-03,1,2020-09-02,2020-09-03,17.630000000000003,17.575,-0.05500000000000327,-2.7500000000001634,bearish,-7.500000000000327,bearish
2020-09-04,1,2020-09-03,2020-09-04,17.5,17.66,0.16000000000000014,8.000000000000007,bearish,14.000000000000014,bearish
2020-09-08,1,2020-09-04,2020-09-08,17.445,17.095,-0.3500000000000014,-17.50000000000007,bearish,-37.00000000000014,bearish
2020-09-09,1,2020-09-08,2020-09-09,16.810000000000002,16.979999999999997,0.1699999999999946,8.49999999999973,bearish,14.99999999999946,bearish
2020-09-10,1,2020-09-09,2020-09-10,16.925,16.955,0.029999999999997584,1.4999999999998792,bearish,0.9999999999997584,bearish
2020-09-11,1,2020-09-10,2020-09-11,16.305000000000003,16.31,0.0049999999999954525,0.24999999999977263,bearish,-1.5000000000004547,bearish
2020-09-14,1,2020-09-11,2020-09-14,16.32,16.319999999999997,-3.552713678800501e-15,-1.7763568394002505e-13,bearish,-2.0000000000003553,bearish
2020-09-15,1,2020-09-14,2020-09-15,16.445,16.535,0.08999999999999986,4.499999999999993,bearish,6.999999999999986,bearish
2020-09-16,1,2020-09-15,2020-09-16,16.325000000000003,16.45,0.12499999999999645,6.249999999999822,bearish,10.499999999999645,bearish
2020-09-17,1,2020-09-16,2020-09-17,16.98,16.689999999999998,-0.2900000000000027,-14.500000000000135,bearish,-31.00000000000027,bearish
2020-09-18,1,2020-09-17,2020-09-18,17.005000000000003,16.95,-0.05500000000000327,-2.7500000000001634,bearish,-7.500000000000327,bearish
2020-09-21,1,2020-09-18,2020-09-21,16.815,16.125,-0.6900000000000013,-34.500000000000064,bearish,-71.00000000000013,bearish
2020-09-22,1,2020-09-21,2020-09-22,15.995,15.985,-0.009999999999999787,-0.49999999999998934,bearish,-2.9999999999999787,bearish
2020-09-23,1,2020-09-22,2020-09-23,15.83,15.88,0.05000000000000071,2.5000000000000355,bearish,3.000000000000071,bearish
2020-09-24,1,2020-09-23,2020-09-24,15.115,15.045,-0.07000000000000028,-3.500000000000014,bearish,-9.000000000000028,bearish
2020-09-25,1,2020-09-24,2020-09-25,15.11,14.935,-0.17499999999999893,-8.749999999999947,bearish,-19.499999999999893,bearish
2020-09-28,1,2020-09-25,2020-09-28,15.1,15.35,0.25,12.5,bearish,23.0,bearish
2020-09-29,1,2020-09-28,2020-09-29,15.455,15.39,-0.0649999999999995,-3.249999999999975,bearish,-8.49999999999995,bearish
2020-09-30,1,2020-09-29,2020-09-30,15.03,15.1,0.07000000000000028,3.500000000000014,bearish,5.000000000000028,bearish
2020-10-01,1,2020-09-30,2020-10-01,14.985,14.805,-0.17999999999999972,-8.999999999999986,bearish,-19.99999999999997,bearish
2020-10-02,1,2020-10-01,2020-10-02,14.525,14.11,-0.4150000000000009,-20.750000000000046,bearish,-43.50000000000009,bearish
2020-10-05,1,2020-10-02,2020-10-05,14.665,14.775,0.11000000000000121,5.50000000000006,bearish,9.00000000000012,bearish
2020-10-06,1,2020-10-05,2020-10-06,15.105,15.305,0.1999999999999993,9.999999999999964,bearish,17.99999999999993,bearish
2020-10-07,1,2020-10-06,2020-10-07,14.879999999999999,14.965,0.08500000000000085,4.250000000000043,bearish,6.500000000000085,bearish
2020-10-08,1,2020-10-07,2020-10-08,15.09,15.195,0.10500000000000043,5.250000000000021,bearish,8.500000000000043,bearish
2020-10-09,1,2020-10-08,2020-10-09,15.655,15.775,0.120000000000001,6.00000000000005,bearish,10.0000000000001,bearish
2020-10-12,1,2020-10-09,2020-10-12,15.405,15.335,-0.06999999999999851,-3.4999999999999254,bearish,-8.99999999999985,bearish
2020-10-13,1,2020-10-12,2020-10-13,15.445,15.425,-0.019999999999999574,-0.9999999999999787,bearish,-3.9999999999999574,bearish
2020-10-14,1,2020-10-13,2020-10-14,15.205,15.21,0.005000000000000782,0.2500000000000391,bearish,-1.4999999999999218,bearish
2020-10-15,1,2020-10-14,2020-10-15,15.27,14.995000000000001,-0.2749999999999986,-13.749999999999929,bearish,-29.499999999999858,bearish
2020-10-16,1,2020-10-15,2020-10-16,15.455,15.405,-0.05000000000000071,-2.5000000000000355,bearish,-7.000000000000071,bearish
2020-10-19,1,2020-10-16,2020-10-19,15.105,15.14,0.03500000000000014,1.750000000000007,bearish,1.5000000000000142,bearish
2020-10-20,1,2020-10-19,2020-10-20,14.785,14.85,0.0649999999999995,3.249999999999975,bearish,4.49999999999995,bearish
2020-10-21,1,2020-10-20,2020-10-21,14.959999999999999,14.855,-0.10499999999999865,-5.2499999999999325,bearish,-12.499999999999865,bearish
2020-10-22,1,2020-10-21,2020-10-22,14.674999999999999,14.68,0.005000000000000782,0.2500000000000391,bearish,-1.4999999999999218,bearish
2020-10-23,1,2020-10-22,2020-10-23,15.28,15.335,0.05500000000000149,2.7500000000000746,bearish,3.500000000000149,bearish
2020-10-26,1,2020-10-23,2020-10-26,15.205,14.935,-0.2699999999999996,-13.499999999999979,bearish,-28.999999999999957,bearish
2020-10-27,1,2020-10-26,2020-10-27,14.66,14.625,-0.03500000000000014,-1.750000000000007,bearish,-5.500000000000014,bearish
2020-10-28,1,2020-10-27,2020-10-28,14.47,14.095,-0.375,-18.75,bearish,-39.5,bearish
2020-10-29,1,2020-10-28,2020-10-29,13.865,13.67,-0.19500000000000028,-9.750000000000014,bearish,-21.50000000000003,bearish
2020-10-30,1,2020-10-29,2020-10-30,14.29,14.17,-0.11999999999999922,-5.999999999999961,bearish,-13.999999999999922,bearish
2020-11-02,1,2020-10-30,2020-11-02,14.37,14.53,0.16000000000000014,8.000000000000007,bearish,14.000000000000014,bearish
2020-11-03,1,2020-11-02,2020-11-03,14.86,15.09,0.23000000000000043,11.500000000000021,bearish,21.000000000000043,bearish
2020-11-04,1,2020-11-03,2020-11-04,14.775,14.775,0.0,0.0,bearish,-2.0,bearish
2020-11-05,1,2020-11-04,2020-11-05,14.795,14.81,0.015000000000000568,0.7500000000000284,bearish,-0.49999999999994316,bearish
2020-11-06,1,2020-11-05,2020-11-06,14.795,14.775,-0.019999999999999574,-0.9999999999999787,bearish,-3.9999999999999574,bearish
2020-11-09,1,2020-11-06,2020-11-09,14.475,16.189999999999998,1.714999999999998,85.7499999999999,bearish,169.4999999999998,bearish
2021-07-15,1,2021-07-14,2021-07-15,25.415000000000003,25.119999999999997,-0.29500000000000526,-14.750000000000263,bearish,-31.500000000000526,bearish
2021-07-16,1,2021-07-15,2021-07-16,25.060000000000002,25.235,0.17499999999999716,8.749999999999858,bearish,15.499999999999716,bearish
2021-07-19,1,2021-07-16,2021-07-19,24.35,23.5,-0.8500000000000014,-42.50000000000007,bearish,-87.00000000000014,bearish
2021-07-20,1,2021-07-19,2021-07-20,23.490000000000002,23.479999999999997,-0.010000000000005116,-0.5000000000002558,bearish,-3.0000000000005116,bearish
2021-07-21,1,2021-07-20,2021-07-21,23.805000000000003,24.255,0.44999999999999574,22.499999999999787,bearish,42.999999999999574,bearish
2021-07-22,1,2021-07-21,2021-07-22,24.635,24.595,-0.0400000000000027,-2.000000000000135,bearish,-6.00000000000027,bearish
2021-07-23,1,2021-07-22,2021-07-23,24.360000000000003,24.43,0.06999999999999673,3.4999999999998366,bearish,4.999999999999673,bearish
2021-07-26,1,2021-07-23,2021-07-26,24.270000000000003,24.325,0.05499999999999616,2.749999999999808,bearish,3.4999999999996163,bearish
2021-07-27,1,2021-07-26,2021-07-27,24.87,24.654999999999998,-0.2150000000000034,-10.75000000000017,bearish,-23.50000000000034,bearish
2021-07-28,1,2021-07-27,2021-07-28,24.64,24.694999999999997,0.05499999999999616,2.749999999999808,bearish,3.4999999999996163,bearish
2021-07-29,1,2021-07-28,2021-07-29,24.865000000000002,25.169999999999998,0.30499999999999616,15.249999999999808,bearish,28.499999999999616,bearish
2021-07-30,1,2021-07-29,2021-07-30,25.105,25.035,-0.07000000000000028,-3.500000000000014,bearish,-9.000000000000028,bearish
2021-08-02,1,2021-07-30,2021-08-02,24.705000000000002,24.7,-0.005000000000002558,-0.2500000000001279,bearish,-2.500000000000256,bearish
2021-08-03,1,2021-08-02,2021-08-03,24.520000000000003,24.419999999999998,-0.10000000000000497,-5.000000000000249,bearish,-12.000000000000497,bearish
2021-08-04,1,2021-08-03,2021-08-04,24.94,24.49,-0.45000000000000284,-22.500000000000142,bearish,-47.000000000000284,bearish
2021-08-05,1,2021-08-04,2021-08-05,24.265,24.404999999999998,0.13999999999999702,6.999999999999851,bearish,11.999999999999702,bearish
2021-08-06,1,2021-08-05,2021-08-06,24.540000000000003,24.729999999999997,0.18999999999999417,9.499999999999709,bearish,16.999999999999417,bearish
2021-08-09,1,2021-08-06,2021-08-09,24.765,24.384999999999998,-0.38000000000000256,-19.000000000000128,bearish,-40.000000000000256,bearish
2021-08-10,1,2021-08-09,2021-08-10,24.415000000000003,24.514999999999997,0.09999999999999432,4.999999999999716,bearish,7.999999999999432,bearish
2021-08-11,1,2021-08-10,2021-08-11,24.845000000000002,24.759999999999998,-0.0850000000000044,-4.25000000000022,bearish,-10.50000000000044,bearish
2021-08-12,1,2021-08-11,2021-08-12,25.040000000000003,25.0,-0.0400000000000027,-2.000000000000135,bearish,-6.00000000000027,bearish
2021-08-13,1,2021-08-12,2021-08-13,25.015,25.009999999999998,-0.005000000000002558,-0.2500000000001279,bearish,-2.500000000000256,bearish
2021-08-16,1,2021-08-13,2021-08-16,24.720000000000002,24.365,-0.355000000000004,-17.7500000000002,bearish,-37.5000000000004,bearish
2021-08-17,1,2021-08-16,2021-08-17,24.265,24.04,-0.22500000000000142,-11.250000000000071,bearish,-24.500000000000142,bearish
2021-08-18,1,2021-08-17,2021-08-18,24.015,23.99,-0.02500000000000213,-1.2500000000001066,bearish,-4.500000000000213,bearish
2021-08-19,1,2021-08-18,2021-08-19,23.515,23.09,-0.4250000000000007,-21.250000000000036,bearish,-44.50000000000007,bearish
2021-08-20,1,2021-08-19,2021-08-20,22.905,22.674999999999997,-0.23000000000000398,-11.500000000000199,bearish,-25.000000000000398,bearish
2021-08-23,1,2021-08-20,2021-08-23,22.955000000000002,23.494999999999997,0.5399999999999956,26.99999999999978,bearish,51.99999999999956,bearish
2021-08-24,1,2021-08-23,2021-08-24,23.815,23.994999999999997,0.17999999999999616,8.999999999999808,bearish,15.999999999999616,bearish
2021-08-25,1,2021-08-24,2021-08-25,24.21,24.16,-0.05000000000000071,-2.5000000000000355,bearish,-7.000000000000071,bearish
2021-08-26,1,2021-08-25,2021-08-26,24.395000000000003,24.235,-0.1600000000000037,-8.000000000000185,bearish,-18.00000000000037,bearish
2021-08-27,1,2021-08-26,2021-08-27,24.025000000000002,24.279999999999998,0.25499999999999545,12.749999999999773,bearish,23.499999999999545,bearish
2021-08-30,1,2021-08-27,2021-08-30,24.665000000000003,24.74,0.07499999999999574,3.749999999999787,bearish,5.499999999999574,bearish
2021-08-31,1,2021-08-30,2021-08-31,24.375,24.22,-0.15500000000000114,-7.750000000000057,bearish,-17.500000000000114,bearish
2021-09-01,1,2021-08-31,2021-09-01,24.21,24.16,-0.05000000000000071,-2.5000000000000355,bearish,-7.000000000000071,bearish
2021-09-02,1,2021-09-01,2021-09-02,23.855,24.064999999999998,0.2099999999999973,10.499999999999865,bearish,18.99999999999973,bearish
2021-09-03,1,2021-09-02,2021-09-03,24.46,24.384999999999998,-0.07500000000000284,-3.750000000000142,bearish,-9.500000000000284,bearish
2021-09-07,1,2021-09-03,2021-09-07,24.32,24.185,-0.13500000000000156,-6.750000000000078,bearish,-15.500000000000156,bearish
2021-09-08,1,2021-09-07,2021-09-08,24.175,24.294999999999998,0.11999999999999744,5.999999999999872,bearish,9.999999999999744,bearish
2021-09-09,1,2021-09-08,2021-09-09,23.865000000000002,23.715,-0.15000000000000213,-7.500000000000107,bearish,-17.000000000000213,bearish
2021-09-10,1,2021-09-09,2021-09-10,23.915000000000003,24.264999999999997,0.3499999999999943,17.499999999999716,bearish,32.99999999999943,bearish
2021-09-13,1,2021-09-10,2021-09-13,23.905,24.215,0.3099999999999987,15.499999999999936,bearish,28.999999999999872,bearish
2021-09-14,1,2021-09-13,2021-09-14,24.59,24.79,0.1999999999999993,9.999999999999964,bearish,17.99999999999993,bearish
2021-09-15,1,2021-09-14,2021-09-15,24.235000000000003,24.555,0.31999999999999673,15.999999999999837,bearish,29.999999999999673,bearish
2021-09-17,1,2021-09-16,2021-09-17,24.855,24.724999999999998,-0.13000000000000256,-6.500000000000128,bearish,-15.000000000000256,bearish
2021-09-20,1,2021-09-17,2021-09-20,24.67,23.77,-0.9000000000000021,-45.00000000000011,bearish,-92.00000000000021,bearish
2021-09-21,1,2021-09-20,2021-09-21,23.630000000000003,23.915,0.2849999999999966,14.24999999999983,bearish,26.49999999999966,bearish
2021-09-22,1,2021-09-21,2021-09-22,23.685000000000002,24.069999999999997,0.38499999999999446,19.249999999999723,bearish,36.499999999999446,bearish
2021-09-23,1,2021-09-22,2021-09-23,24.415000000000003,24.529999999999998,0.11499999999999488,5.749999999999744,bearish,9.499999999999488,bearish
2022-06-21,1,2022-06-17,2022-06-21,36.754999999999995,37.295,0.5400000000000063,27.000000000000313,bearish,52.000000000000625,bearish
2022-06-22,1,2022-06-21,2022-06-22,38.23,36.370000000000005,-1.8599999999999923,-92.99999999999962,bearish,-187.99999999999923,bearish
2022-06-23,1,2022-06-22,2022-06-23,36.699999999999996,36.855000000000004,0.15500000000000824,7.750000000000412,bearish,13.500000000000824,bearish
2022-06-24,1,2022-06-23,2022-06-24,35.339999999999996,35.925000000000004,0.585000000000008,29.250000000000398,bearish,56.500000000000796,bearish
2022-06-27,1,2022-06-24,2022-06-27,35.805,36.2,0.3950000000000031,19.750000000000156,bearish,37.50000000000031,bearish
2022-06-28,1,2022-06-27,2022-06-28,36.855,37.71,0.855000000000004,42.7500000000002,bearish,83.5000000000004,bearish
2022-06-29,1,2022-06-28,2022-06-29,37.85,38.355000000000004,0.5050000000000026,25.250000000000128,bearish,48.500000000000256,bearish
2022-06-30,1,2022-06-29,2022-06-30,36.535,35.660000000000004,-0.8749999999999929,-43.749999999999645,bearish,-89.49999999999929,bearish
2022-07-01,1,2022-06-30,2022-07-01,35.765,36.18,0.41499999999999915,20.749999999999957,bearish,39.499999999999915,bearish
2022-07-05,1,2022-07-01,2022-07-05,36.3,35.53,-0.769999999999996,-38.4999999999998,bearish,-78.9999999999996,bearish
2022-07-06,1,2022-07-05,2022-07-06,34.86,34.465,-0.394999999999996,-19.7499999999998,bearish,-41.4999999999996,bearish
2022-07-07,1,2022-07-06,2022-07-07,34.265,35.175000000000004,0.9100000000000037,45.500000000000185,bearish,89.00000000000037,bearish
2022-07-08,1,2022-07-07,2022-07-08,35.5,35.910000000000004,0.4100000000000037,20.500000000000185,bearish,39.00000000000037,bearish
2022-07-11,1,2022-07-08,2022-07-11,35.485,35.02,-0.4649999999999963,-23.249999999999815,bearish,-48.49999999999963,bearish
2022-07-12,1,2022-07-11,2022-07-12,35.144999999999996,34.205000000000005,-0.9399999999999906,-46.99999999999953,bearish,-95.99999999999906,bearish
2022-07-13,1,2022-07-12,2022-07-13,34.46,33.940000000000005,-0.519999999999996,-25.9999999999998,bearish,-53.9999999999996,bearish
2022-07-14,1,2022-07-13,2022-07-14,34.405,33.18,-1.2250000000000014,-61.25000000000007,bearish,-124.50000000000014,bearish
2022-07-15,1,2022-07-14,2022-07-15,33.754999999999995,34.47,0.7150000000000034,35.75000000000017,bearish,69.50000000000034,bearish
2022-07-18,1,2022-07-15,2022-07-18,34.305,35.2,0.8950000000000031,44.750000000000156,bearish,87.50000000000031,bearish
2022-07-19,1,2022-07-18,2022-07-19,35.089999999999996,35.02,-0.06999999999999318,-3.499999999999659,bearish,-8.999999999999318,bearish
2022-07-20,1,2022-07-19,2022-07-20,36.169999999999995,35.78,-0.38999999999999346,-19.499999999999673,bearish,-40.999999999999346,bearish
2022-07-21,1,2022-07-20,2022-07-21,36.519999999999996,35.5,-1.019999999999996,-50.9999999999998,bearish,-103.9999999999996,bearish
2022-07-22,1,2022-07-21,2022-07-22,35.879999999999995,36.0,0.12000000000000455,6.000000000000227,bearish,10.000000000000455,bearish
2022-07-25,1,2022-07-22,2022-07-25,35.585,36.055,0.46999999999999886,23.499999999999943,bearish,44.999999999999886,bearish
2022-07-26,1,2022-07-25,2022-07-26,36.89,37.32,0.4299999999999997,21.499999999999986,bearish,40.99999999999997,bearish
2022-07-27,1,2022-07-26,2022-07-27,36.555,36.825,0.2700000000000031,13.500000000000156,bearish,25.000000000000313,bearish
2022-07-28,1,2022-07-27,2022-07-28,37.379999999999995,37.690000000000005,0.3100000000000094,15.500000000000469,bearish,29.000000000000938,bearish
2022-07-29,1,2022-07-28,2022-07-29,37.589999999999996,38.255,0.6650000000000063,33.25000000000031,bearish,64.50000000000063,bearish
2022-08-01,1,2022-07-29,2022-08-01,39.22,38.53,-0.6899999999999977,-34.499999999999886,bearish,-70.99999999999977,bearish
2022-08-02,1,2022-08-01,2022-08-02,38.41,38.395,-0.014999999999993463,-0.7499999999996732,bearish,-3.4999999999993463,bearish
2022-08-03,1,2022-08-02,2022-08-03,38.32,38.465,0.14500000000000313,7.250000000000156,bearish,12.500000000000313,bearish
2022-08-04,1,2022-08-03,2022-08-04,37.22,36.945,-0.2749999999999986,-13.749999999999929,bearish,-29.499999999999858,bearish
2022-08-05,1,2022-08-04,2022-08-05,35.839999999999996,35.28,-0.5599999999999952,-27.99999999999976,bearish,-57.99999999999952,bearish
2022-08-08,1,2022-08-05,2022-08-08,36.55,36.49,-0.05999999999999517,-2.9999999999997584,bearish,-7.999999999999517,bearish
2022-08-09,1,2022-08-08,2022-08-09,36.739999999999995,37.24,0.5000000000000071,25.000000000000355,bearish,48.00000000000071,bearish
2022-08-10,1,2022-08-09,2022-08-10,37.385,37.46,0.07500000000000284,3.750000000000142,bearish,5.500000000000284,bearish
2022-08-11,1,2022-08-10,2022-08-11,37.655,38.34,0.6850000000000023,34.250000000000114,bearish,66.50000000000023,bearish
2022-09-26,1,2022-09-23,2022-09-26,35.25,35.005,-0.24499999999999744,-12.249999999999872,bearish,-26.499999999999744,bearish
2022-09-27,1,2022-09-26,2022-09-27,34.385,34.96,0.5750000000000028,28.750000000000142,bearish,55.500000000000284,bearish
2022-09-28,1,2022-09-27,2022-09-28,34.769999999999996,35.095,0.32500000000000284,16.250000000000142,bearish,30.500000000000284,bearish
2022-09-29,1,2022-09-28,2022-09-29,36.309999999999995,36.02,-0.28999999999999204,-14.499999999999602,bearish,-30.999999999999204,bearish
2022-09-30,1,2022-09-29,2022-09-30,36.309999999999995,36.0,-0.30999999999999517,-15.499999999999758,bearish,-32.99999999999952,bearish
2022-10-03,1,2022-09-30,2022-10-03,36.019999999999996,37.295,1.2750000000000057,63.750000000000284,bearish,125.50000000000057,bearish
2022-10-04,1,2022-10-03,2022-10-04,38.055,38.84,0.7850000000000037,39.250000000000185,bearish,76.50000000000037,bearish
2023-02-03,1,2023-02-02,2023-02-03,43.085,43.235,0.14999999999999858,7.499999999999929,bearish,12.999999999999858,bearish
2023-02-06,1,2023-02-03,2023-02-06,42.989999999999995,43.010000000000005,0.020000000000010232,1.0000000000005116,bearish,1.0231815394945443e-12,bearish
2023-02-07,1,2023-02-06,2023-02-07,42.794999999999995,43.050000000000004,0.25500000000000966,12.750000000000483,bearish,23.500000000000966,bearish
2023-02-21,1,2023-02-17,2023-02-21,42.254999999999995,42.050000000000004,-0.2049999999999912,-10.24999999999956,bearish,-22.49999999999912,bearish
2023-02-22,1,2023-02-21,2023-02-22,42.044999999999995,41.910000000000004,-0.1349999999999909,-6.749999999999545,bearish,-15.49999999999909,bearish
2023-02-23,1,2023-02-22,2023-02-23,41.765,42.375,0.6099999999999994,30.49999999999997,bearish,58.99999999999994,bearish
2023-02-24,1,2023-02-23,2023-02-24,42.394999999999996,41.75,-0.644999999999996,-32.2499999999998,bearish,-66.4999999999996,bearish
2023-02-27,1,2023-02-24,2023-02-27,42.339999999999996,42.385000000000005,0.04500000000000881,2.2500000000004405,bearish,2.500000000000881,bearish
2023-02-28,1,2023-02-27,2023-02-28,42.464999999999996,42.875,0.4100000000000037,20.500000000000185,bearish,39.00000000000037,bearish
2023-03-01,1,2023-02-28,2023-03-01,41.855,41.870000000000005,0.015000000000007674,0.7500000000003837,bearish,-0.4999999999992326,bearish
2023-03-02,1,2023-03-01,2023-03-02,42.68,42.585,-0.09499999999999886,-4.749999999999943,bearish,-11.499999999999886,bearish
2023-03-03,1,2023-03-02,2023-03-03,43.055,42.52,-0.5349999999999966,-26.74999999999983,bearish,-55.49999999999966,bearish
2023-03-06,1,2023-03-03,2023-03-06,43.64,43.395,-0.24499999999999744,-12.249999999999872,bearish,-26.499999999999744,bearish
2023-03-07,1,2023-03-06,2023-03-07,43.66,43.39,-0.269999999999996,-13.499999999999801,bearish,-28.999999999999602,bearish
2023-03-08,1,2023-03-07,2023-03-08,42.9,42.690000000000005,-0.20999999999999375,-10.499999999999687,bearish,-22.999999999999375,bearish
2023-03-09,1,2023-03-08,2023-03-09,42.46,42.685,0.22500000000000142,11.250000000000071,bearish,20.500000000000142,bearish
2023-03-10,1,2023-03-09,2023-03-10,41.86,41.835,-0.02499999999999858,-1.249999999999929,bearish,-4.499999999999858,bearish
2023-03-13,1,2023-03-10,2023-03-13,41.324999999999996,40.25,-1.0749999999999957,-53.74999999999979,bearish,-109.49999999999957,bearish
2023-03-14,1,2023-03-13,2023-03-14,40.485,40.46,-0.02499999999999858,-1.249999999999929,bearish,-4.499999999999858,bearish
2023-03-15,1,2023-03-14,2023-03-15,40.885,39.365,-1.519999999999996,-75.9999999999998,bearish,-153.9999999999996,bearish
2023-03-16,1,2023-03-15,2023-03-16,38.69,37.855000000000004,-0.8349999999999937,-41.74999999999969,bearish,-85.49999999999937,bearish
2023-03-17,1,2023-03-16,2023-03-17,39.11,38.865,-0.24499999999999744,-12.249999999999872,bearish,-26.499999999999744,bearish
2023-03-20,1,2023-03-17,2023-03-20,38.495,38.04,-0.4549999999999983,-22.749999999999915,bearish,-47.49999999999983,bearish
2023-03-21,1,2023-03-20,2023-03-21,38.86,39.64,0.7800000000000011,39.00000000000006,bearish,76.00000000000011,bearish
2023-03-22,1,2023-03-21,2023-03-22,40.205,40.21,0.005000000000002558,0.2500000000001279,bearish,-1.4999999999997442,bearish
2023-03-23,1,2023-03-22,2023-03-23,39.35,39.565000000000005,0.2150000000000034,10.75000000000017,bearish,19.50000000000034,bearish
2023-03-24,1,2023-03-23,2023-03-24,38.805,38.015,-0.7899999999999991,-39.49999999999996,bearish,-80.99999999999991,bearish
2023-03-27,1,2023-03-24,2023-03-27,38.955,39.365,0.4100000000000037,20.500000000000185,bearish,39.00000000000037,bearish
2023-03-28,1,2023-03-27,2023-03-28,39.785,39.54,-0.24499999999999744,-12.249999999999872,bearish,-26.499999999999744,bearish
2023-03-29,1,2023-03-28,2023-03-29,40.4,40.755,0.355000000000004,17.7500000000002,bearish,33.5000000000004,bearish
2023-03-30,1,2023-03-29,2023-03-30,40.96,41.28,0.3200000000000003,16.000000000000014,bearish,30.00000000000003,bearish
2023-03-31,1,2023-03-30,2023-03-31,41.14,41.255,0.11500000000000199,5.7500000000000995,bearish,9.500000000000199,bearish
2023-04-03,1,2023-03-31,2023-04-03,41.425,43.14,1.7150000000000034,85.75000000000017,bearish,169.50000000000034,bearish
2023-04-04,1,2023-04-03,2023-04-04,43.3,43.410000000000004,0.11000000000000654,5.500000000000327,bearish,9.000000000000654,bearish
2023-04-05,1,2023-04-04,2023-04-05,42.515,42.6,0.08500000000000085,4.250000000000043,bearish,6.500000000000085,bearish
2023-04-06,1,2023-04-05,2023-04-06,43.155,43.07,-0.08500000000000085,-4.250000000000043,bearish,-10.500000000000085,bearish
2023-04-10,1,2023-04-06,2023-04-10,42.5,42.61,0.10999999999999943,5.499999999999972,bearish,8.999999999999943,bearish
2023-04-11,1,2023-04-10,2023-04-11,42.839999999999996,43.06,0.22000000000000597,11.000000000000298,bearish,20.000000000000597,bearish
2023-04-12,1,2023-04-11,2023-04-12,43.245,43.545,0.30000000000000426,15.000000000000213,bearish,28.000000000000426,bearish
2023-04-13,1,2023-04-12,2023-04-13,43.275,43.185,-0.0899999999999963,-4.499999999999815,bearish,-10.99999999999963,bearish
2023-05-03,1,2023-05-02,2023-05-03,40.265,39.730000000000004,-0.5349999999999966,-26.74999999999983,bearish,-55.49999999999966,bearish
2023-05-04,1,2023-05-03,2023-05-04,39.504999999999995,39.5,-0.0049999999999954525,-0.24999999999977263,bearish,-2.4999999999995453,bearish
2023-05-05,1,2023-05-04,2023-05-05,39.065,40.125,1.0600000000000023,53.000000000000114,bearish,104.00000000000023,bearish
2023-05-09,1,2023-05-08,2023-05-09,40.125,39.79,-0.33500000000000085,-16.750000000000043,bearish,-35.500000000000085,bearish
2023-05-10,1,2023-05-09,2023-05-10,40.14,40.32,0.17999999999999972,8.999999999999986,bearish,15.999999999999972,bearish
2023-05-11,1,2023-05-10,2023-05-11,39.684999999999995,39.105000000000004,-0.5799999999999912,-28.99999999999956,bearish,-59.99999999999912,bearish
2023-05-12,1,2023-05-11,2023-05-12,39.21,39.42,0.21000000000000085,10.500000000000043,bearish,19.000000000000085,bearish
2023-05-15,1,2023-05-12,2023-05-15,39.269999999999996,39.39,0.12000000000000455,6.000000000000227,bearish,10.000000000000455,bearish
2023-05-16,1,2023-05-15,2023-05-16,39.47,39.300000000000004,-0.1699999999999946,-8.49999999999973,bearish,-18.99999999999946,bearish
2023-05-17,1,2023-05-16,2023-05-17,38.5,38.875,0.375,18.75,bearish,35.5,bearish
2023-05-18,1,2023-05-17,2023-05-18,39.239999999999995,38.985,-0.25499999999999545,-12.749999999999773,bearish,-27.499999999999545,bearish
2023-05-19,1,2023-05-18,2023-05-19,39.525,39.875,0.3500000000000014,17.50000000000007,bearish,33.00000000000014,bearish
2023-05-22,1,2023-05-19,2023-05-22,39.83,39.660000000000004,-0.1699999999999946,-8.49999999999973,bearish,-18.99999999999946,bearish
2023-05-23,1,2023-05-22,2023-05-23,39.665,40.025,0.35999999999999943,17.99999999999997,bearish,33.99999999999994,bearish
2023-05-24,1,2023-05-23,2023-05-24,40.089999999999996,40.385000000000005,0.2950000000000088,14.75000000000044,bearish,27.50000000000088,bearish
2023-05-25,1,2023-05-24,2023-05-25,40.265,39.665,-0.6000000000000014,-30.00000000000007,bearish,-62.00000000000014,bearish
2023-05-26,1,2023-05-25,2023-05-26,39.55,39.77,0.22000000000000597,11.000000000000298,bearish,20.000000000000597,bearish
2023-05-30,1,2023-05-26,2023-05-30,39.394999999999996,38.690000000000005,-0.7049999999999912,-35.24999999999956,bearish,-72.49999999999912,bearish
2023-05-31,1,2023-05-30,2023-05-31,38.989999999999995,38.365,-0.6249999999999929,-31.249999999999645,bearish,-64.49999999999929,bearish
2023-06-01,1,2023-05-31,2023-06-01,38.305,38.375,0.07000000000000028,3.500000000000014,bearish,5.000000000000028,bearish
2023-06-02,1,2023-06-01,2023-06-02,38.78,39.485,0.7049999999999983,35.249999999999915,bearish,68.49999999999983,bearish
2023-06-05,1,2023-06-02,2023-06-05,39.96,40.52,0.5600000000000023,28.000000000000114,bearish,54.00000000000023,bearish
2023-06-06,1,2023-06-05,2023-06-06,39.695,39.2,-0.49499999999999744,-24.749999999999872,bearish,-51.499999999999744,bearish
2023-06-07,1,2023-06-06,2023-06-07,40.015,40.190000000000005,0.17500000000000426,8.750000000000213,bearish,15.500000000000426,bearish
2023-06-08,1,2023-06-07,2023-06-08,41.074999999999996,41.11,0.035000000000003695,1.7500000000001847,bearish,1.5000000000003695,bearish
2023-06-09,1,2023-06-08,2023-06-09,40.9,40.86,-0.03999999999999915,-1.9999999999999574,bearish,-5.999999999999915,bearish
2023-06-12,1,2023-06-09,2023-06-12,40.675,40.045,-0.6299999999999955,-31.499999999999773,bearish,-64.99999999999955,bearish
2023-06-13,1,2023-06-12,2023-06-13,40.285,40.675000000000004,0.3900000000000077,19.500000000000384,bearish,37.00000000000077,bearish
2023-06-14,1,2023-06-13,2023-06-14,40.475,40.855000000000004,0.38000000000000256,19.000000000000128,bearish,36.000000000000256,bearish
2023-06-15,1,2023-06-14,2023-06-15,40.059999999999995,40.11,0.05000000000000426,2.500000000000213,bearish,3.0000000000004263,bearish
2023-06-16,1,2023-06-15,2023-06-16,40.5,40.63,0.13000000000000256,6.500000000000128,bearish,11.000000000000256,bearish
2023-06-20,1,2023-06-16,2023-06-20,40.44,39.800000000000004,-0.6399999999999935,-31.999999999999673,bearish,-65.99999999999935,bearish
2023-06-21,1,2023-06-20,2023-06-21,39.19,39.010000000000005,-0.1799999999999926,-8.99999999999963,bearish,-19.99999999999926,bearish
2023-06-22,1,2023-06-21,2023-06-22,39.5,39.120000000000005,-0.37999999999999545,-18.999999999999773,bearish,-39.999999999999545,bearish
2023-06-23,1,2023-06-22,2023-06-23,38.97,38.53,-0.4399999999999977,-21.999999999999886,bearish,-45.99999999999977,bearish
2023-06-26,1,2023-06-23,2023-06-26,38.69,38.675000000000004,-0.014999999999993463,-0.7499999999996732,bearish,-3.4999999999993463,bearish
2023-06-27,1,2023-06-26,2023-06-27,39.385,39.325,-0.05999999999999517,-2.9999999999997584,bearish,-7.999999999999517,bearish
2023-06-28,1,2023-06-27,2023-06-28,39.475,39.415,-0.060000000000002274,-3.0000000000001137,bearish,-8.000000000000227,bearish
2023-06-29,1,2023-06-28,2023-06-29,39.875,40.005,0.13000000000000256,6.500000000000128,bearish,11.000000000000256,bearish
2023-07-07,1,2023-07-06,2023-07-07,39.555,39.34,-0.2149999999999963,-10.749999999999815,bearish,-23.49999999999963,bearish
2023-10-27,1,2023-10-26,2023-10-27,43.364999999999995,43.300000000000004,-0.06499999999999062,-3.249999999999531,bearish,-8.499999999999062,bearish
2023-10-30,1,2023-10-27,2023-10-30,42.324999999999996,42.425000000000004,0.10000000000000853,5.000000000000426,bearish,8.000000000000853,bearish
2023-10-31,1,2023-10-30,2023-10-31,42.464999999999996,42.495000000000005,0.030000000000008242,1.5000000000004121,bearish,1.0000000000008242,bearish
2023-11-01,1,2023-10-31,2023-11-01,42.605,42.855000000000004,0.2500000000000071,12.500000000000355,bearish,23.00000000000071,bearish
2023-11-02,1,2023-11-01,2023-11-02,42.504999999999995,42.63,0.1250000000000071,6.250000000000355,bearish,10.50000000000071,bearish
2023-11-06,1,2023-11-03,2023-11-06,43.35,43.675000000000004,0.32500000000000284,16.250000000000142,bearish,30.500000000000284,bearish
2023-11-07,1,2023-11-06,2023-11-07,42.86,42.28,-0.5799999999999983,-28.999999999999915,bearish,-59.99999999999983,bearish
2023-11-08,1,2023-11-07,2023-11-08,41.91,41.730000000000004,-0.1799999999999926,-8.99999999999963,bearish,-19.99999999999926,bearish
2023-11-09,1,2023-11-08,2023-11-09,41.385,41.615,0.23000000000000398,11.500000000000199,bearish,21.000000000000398,bearish
2023-11-10,1,2023-11-09,2023-11-10,41.26,41.7,0.44000000000000483,22.00000000000024,bearish,42.00000000000048,bearish
2023-11-13,1,2023-11-10,2023-11-13,41.714999999999996,41.760000000000005,0.04500000000000881,2.2500000000004405,bearish,2.500000000000881,bearish
2023-11-14,1,2023-11-13,2023-11-14,42.015,42.175000000000004,0.1600000000000037,8.000000000000185,bearish,14.00000000000037,bearish
2023-11-15,1,2023-11-14,2023-11-15,42.39,42.305,-0.08500000000000085,-4.250000000000043,bearish,-10.500000000000085,bearish
2023-11-16,1,2023-11-15,2023-11-16,42.309999999999995,41.89,-0.4199999999999946,-20.99999999999973,bearish,-43.99999999999946,bearish
2023-11-17,1,2023-11-16,2023-11-17,41.485,41.82,0.33500000000000085,16.750000000000043,bearish,31.500000000000085,bearish
2023-11-20,1,2023-11-17,2023-11-20,42.355,42.510000000000005,0.15500000000000824,7.750000000000412,bearish,13.500000000000824,bearish
2023-11-21,1,2023-11-20,2023-11-21,42.415,42.195,-0.21999999999999886,-10.999999999999943,bearish,-23.999999999999886,bearish
2023-11-22,1,2023-11-21,2023-11-22,42.32,41.455000000000005,-0.8649999999999949,-43.249999999999744,bearish,-88.49999999999949,bearish
2023-11-24,1,2023-11-22,2023-11-24,42.3,42.265,-0.03499999999999659,-1.7499999999998295,bearish,-5.499999999999659,bearish
2023-11-27,1,2023-11-24,2023-11-27,42.475,42.235,-0.240000000000002,-12.0000000000001,bearish,-26.0000000000002,bearish
2023-11-28,1,2023-11-27,2023-11-28,42.324999999999996,42.39,0.06500000000000483,3.2500000000002416,bearish,4.500000000000483,bearish
2023-11-29,1,2023-11-28,2023-11-29,42.335,42.53,0.19500000000000028,9.750000000000014,bearish,17.50000000000003,bearish
2023-11-30,1,2023-11-29,2023-11-30,42.019999999999996,42.36,0.3400000000000034,17.00000000000017,bearish,32.00000000000034,bearish
2023-12-01,1,2023-11-30,2023-12-01,42.3,42.230000000000004,-0.06999999999999318,-3.499999999999659,bearish,-8.999999999999318,bearish
2023-12-04,1,2023-12-01,2023-12-04,42.519999999999996,42.190000000000005,-0.3299999999999912,-16.49999999999956,bearish,-34.99999999999912,bearish
2023-12-05,1,2023-12-04,2023-12-05,42.324999999999996,42.315000000000005,-0.009999999999990905,-0.49999999999954525,bearish,-2.9999999999990905,bearish
2023-12-06,1,2023-12-05,2023-12-06,41.585,41.295,-0.28999999999999915,-14.499999999999957,bearish,-30.999999999999915,bearish
2023-12-07,1,2023-12-06,2023-12-07,40.964999999999996,41.135000000000005,0.1700000000000088,8.50000000000044,bearish,15.000000000000881,bearish
2023-12-08,1,2023-12-07,2023-12-08,40.684999999999995,40.935,0.2500000000000071,12.500000000000355,bearish,23.00000000000071,bearish
2023-12-11,1,2023-12-08,2023-12-11,41.125,41.080000000000005,-0.0449999999999946,-2.24999999999973,bearish,-6.49999999999946,bearish
2023-12-12,1,2023-12-11,2023-12-12,41.175,40.775,-0.3999999999999986,-19.99999999999993,bearish,-41.99999999999986,bearish
2023-12-13,1,2023-12-12,2023-12-13,40.61,40.615,0.005000000000002558,0.2500000000001279,bearish,-1.4999999999997442,bearish
2023-12-14,1,2023-12-13,2023-12-14,41.175,41.57,0.3950000000000031,19.750000000000156,bearish,37.50000000000031,bearish
2023-12-15,1,2023-12-14,2023-12-15,42.385,41.955000000000005,-0.4299999999999926,-21.49999999999963,bearish,-44.99999999999926,bearish
2023-12-18,1,2023-12-15,2023-12-18,42.16,42.480000000000004,0.3200000000000074,16.00000000000037,bearish,30.00000000000074,bearish
2023-12-19,1,2023-12-18,2023-12-19,42.1,42.160000000000004,0.060000000000002274,3.0000000000001137,bearish,4.000000000000227,bearish
2023-12-20,1,2023-12-19,2023-12-20,42.605,42.735,0.13000000000000256,6.500000000000128,bearish,11.000000000000256,bearish
2023-12-21,1,2023-12-20,2023-12-21,42.21,42.265,0.054999999999999716,2.749999999999986,bearish,3.4999999999999716,bearish
2023-12-22,1,2023-12-21,2023-12-22,42.375,42.68,0.3049999999999997,15.249999999999986,bearish,28.49999999999997,bearish
2023-12-26,1,2023-12-22,2023-12-26,42.5,42.84,0.3400000000000034,17.00000000000017,bearish,32.00000000000034,bearish
2023-12-27,1,2023-12-26,2023-12-27,42.864999999999995,42.845,-0.01999999999999602,-0.999999999999801,bearish,-3.999999999999602,bearish
2023-12-28,1,2023-12-27,2023-12-28,42.675,42.435,-0.23999999999999488,-11.999999999999744,bearish,-25.99999999999949,bearish
2023-12-29,1,2023-12-28,2023-12-29,42.025,42.15,0.125,6.25,bearish,10.5,bearish
2024-01-02,1,2023-12-29,2024-01-02,41.93,42.205000000000005,0.2750000000000057,13.750000000000284,bearish,25.50000000000057,bearish
2024-01-03,1,2024-01-02,2024-01-03,42.379999999999995,42.425000000000004,0.04500000000000881,2.2500000000004405,bearish,2.500000000000881,bearish
2024-01-05,1,2024-01-04,2024-01-05,42.315,42.7,0.3850000000000051,19.250000000000256,bearish,36.50000000000051,bearish
2024-01-08,1,2024-01-05,2024-01-08,42.35,41.61,-0.740000000000002,-37.0000000000001,bearish,-76.0000000000002,bearish
2024-01-09,1,2024-01-08,2024-01-09,41.86,41.895,0.035000000000003695,1.7500000000001847,bearish,1.5000000000003695,bearish
2024-01-10,1,2024-01-09,2024-01-10,41.19,41.25,0.060000000000002274,3.0000000000001137,bearish,4.000000000000227,bearish
2024-01-11,1,2024-01-10,2024-01-11,40.785,41.035000000000004,0.2500000000000071,12.500000000000355,bearish,23.00000000000071,bearish
2024-01-12,1,2024-01-11,2024-01-12,40.89,41.49,0.6000000000000014,30.00000000000007,bearish,58.00000000000014,bearish
2024-01-16,1,2024-01-12,2024-01-16,41.35,41.24,-0.10999999999999943,-5.499999999999972,bearish,-12.999999999999943,bearish
2024-01-17,1,2024-01-16,2024-01-17,40.364999999999995,39.93,-0.43499999999999517,-21.74999999999976,bearish,-45.49999999999952,bearish
2024-01-18,1,2024-01-17,2024-01-18,40.03,39.99,-0.03999999999999915,-1.9999999999999574,bearish,-5.999999999999915,bearish
2024-01-19,1,2024-01-18,2024-01-19,39.964999999999996,39.965,7.105427357601002e-15,3.552713678800501e-13,bearish,-1.9999999999992895,bearish
2024-01-22,1,2024-01-19,2024-01-22,40.095,39.99,-0.10499999999999687,-5.249999999999844,bearish,-12.499999999999687,bearish
2024-01-23,1,2024-01-22,2024-01-23,40.245,40.145,-0.09999999999999432,-4.999999999999716,bearish,-11.999999999999432,bearish
2024-01-24,1,2024-01-23,2024-01-24,40.33,40.54,0.21000000000000085,10.500000000000043,bearish,19.000000000000085,bearish
2024-01-25,1,2024-01-24,2024-01-25,40.905,41.175000000000004,0.2700000000000031,13.500000000000156,bearish,25.000000000000313,bearish
2024-02-06,1,2024-02-05,2024-02-06,41.665,41.845,0.17999999999999972,8.999999999999986,bearish,15.999999999999972,bearish
2024-02-07,1,2024-02-06,2024-02-07,41.8,41.9,0.10000000000000142,5.000000000000071,bearish,8.000000000000142,bearish
2024-02-08,1,2024-02-07,2024-02-08,41.885,41.84,-0.0449999999999946,-2.24999999999973,bearish,-6.49999999999946,bearish
2024-02-12,1,2024-02-09,2024-02-12,41.665,41.79,0.125,6.25,bearish,10.5,bearish
2024-02-13,1,2024-02-12,2024-02-13,42.125,42.145,0.020000000000003126,1.0000000000001563,bearish,3.126388037344441e-13,bearish
2024-02-14,1,2024-02-13,2024-02-14,41.699999999999996,41.985,0.2850000000000037,14.250000000000185,bearish,26.50000000000037,bearish
2024-02-15,1,2024-02-14,2024-02-15,41.66,41.65,-0.00999999999999801,-0.4999999999999005,bearish,-2.999999999999801,bearish
2024-05-30,1,2024-05-29,2024-05-30,45.35,45.225,-0.125,-6.25,bearish,-14.5,bearish
2024-06-04,1,2024-06-03,2024-06-04,45.39,44.9,-0.490000000000002,-24.5000000000001,bearish,-51.0000000000002,bearish
2024-06-05,1,2024-06-04,2024-06-05,44.955,44.99,0.035000000000003695,1.7500000000001847,bearish,1.5000000000003695,bearish
2024-06-06,1,2024-06-05,2024-06-06,44.949999999999996,44.775,-0.17499999999999716,-8.749999999999858,bearish,-19.499999999999716,bearish
2024-06-07,1,2024-06-06,2024-06-07,45.184999999999995,45.080000000000005,-0.10499999999998977,-5.249999999999488,bearish,-12.499999999998977,bearish
2024-06-10,1,2024-06-07,2024-06-10,45.004999999999995,45.155,0.15000000000000568,7.500000000000284,bearish,13.000000000000568,bearish
2024-06-11,1,2024-06-10,2024-06-11,45.345,45.125,-0.21999999999999886,-10.999999999999943,bearish,-23.999999999999886,bearish
2024-06-12,1,2024-06-11,2024-06-12,45.254999999999995,45.61,0.355000000000004,17.7500000000002,bearish,33.5000000000004,bearish
2024-06-13,1,2024-06-12,2024-06-13,44.769999999999996,44.64,-0.12999999999999545,-6.499999999999773,bearish,-14.999999999999545,bearish
2024-06-14,1,2024-06-13,2024-06-14,44.36,44.29,-0.07000000000000028,-3.500000000000014,bearish,-9.000000000000028,bearish
2024-06-17,1,2024-06-14,2024-06-17,44.03,43.95,-0.0799999999999983,-3.9999999999999147,bearish,-9.99999999999983,bearish
2024-06-18,1,2024-06-17,2024-06-18,44.144999999999996,44.39,0.24500000000000455,12.250000000000227,bearish,22.500000000000455,bearish
2024-06-20,1,2024-06-18,2024-06-20,44.33,44.440000000000005,0.11000000000000654,5.500000000000327,bearish,9.000000000000654,bearish
2024-06-21,1,2024-06-20,2024-06-21,45.144999999999996,45.245000000000005,0.10000000000000853,5.000000000000426,bearish,8.000000000000853,bearish
2024-06-24,1,2024-06-21,2024-06-24,44.885,44.755,-0.12999999999999545,-6.499999999999773,bearish,-14.999999999999545,bearish
2024-06-25,1,2024-06-24,2024-06-25,45.65,45.59,-0.05999999999999517,-2.9999999999997584,bearish,-7.999999999999517,bearish
2024-06-26,1,2024-06-25,2024-06-26,45.754999999999995,45.785000000000004,0.030000000000008242,1.5000000000004121,bearish,1.0000000000008242,bearish
2024-06-27,1,2024-06-26,2024-06-27,45.305,45.525,0.21999999999999886,10.999999999999943,bearish,19.999999999999886,bearish
2024-06-28,1,2024-06-27,2024-06-28,45.41,45.74,0.3300000000000054,16.50000000000027,bearish,31.00000000000054,bearish
2024-07-01,1,2024-06-28,2024-07-01,45.585,45.93,0.34499999999999886,17.249999999999943,bearish,32.499999999999886,bearish
2024-07-02,1,2024-07-01,2024-07-02,45.61,46.03,0.4200000000000017,21.000000000000085,bearish,40.00000000000017,bearish
2024-07-03,1,2024-07-02,2024-07-03,45.574999999999996,45.550000000000004,-0.024999999999991473,-1.2499999999995737,bearish,-4.499999999999147,bearish
2024-07-05,1,2024-07-03,2024-07-05,45.775,45.665,-0.10999999999999943,-5.499999999999972,bearish,-12.999999999999943,bearish
2024-07-08,1,2024-07-05,2024-07-08,45.059999999999995,44.715,-0.34499999999999176,-17.249999999999588,bearish,-36.499999999999176,bearish
2024-07-09,1,2024-07-08,2024-07-09,44.785,44.345,-0.4399999999999977,-21.999999999999886,bearish,-45.99999999999977,bearish
2024-07-10,1,2024-07-09,2024-07-10,44.39,44.32,-0.07000000000000028,-3.500000000000014,bearish,-9.000000000000028,bearish
2024-07-11,1,2024-07-10,2024-07-11,44.69,44.555,-0.134999999999998,-6.7499999999999005,bearish,-15.499999999999801,bearish
2024-07-12,1,2024-07-11,2024-07-12,45.155,45.4,0.24499999999999744,12.249999999999872,bearish,22.499999999999744,bearish
2024-07-15,1,2024-07-12,2024-07-15,45.269999999999996,45.57,0.30000000000000426,15.000000000000213,bearish,28.000000000000426,bearish
2024-07-24,1,2024-07-23,2024-07-24,45.175,45.275,0.10000000000000142,5.000000000000071,bearish,8.000000000000142,bearish
2024-07-25,1,2024-07-24,2024-07-25,45.18,45.190000000000005,0.010000000000005116,0.5000000000002558,bearish,-0.9999999999994884,bearish
2024-08-05,1,2024-08-02,2024-08-05,44.21,43.24,-0.9699999999999989,-48.49999999999994,bearish,-98.99999999999989,bearish
2024-08-06,1,2024-08-05,2024-08-06,43.235,43.375,0.14000000000000057,7.000000000000028,bearish,12.000000000000057,bearish
2024-08-07,1,2024-08-06,2024-08-07,43.5,44.010000000000005,0.5100000000000051,25.500000000000256,bearish,49.00000000000051,bearish
2024-08-08,1,2024-08-07,2024-08-08,43.675,43.78,0.10500000000000398,5.250000000000199,bearish,8.500000000000398,bearish
2024-08-09,1,2024-08-08,2024-08-09,44.614999999999995,44.535000000000004,-0.07999999999999119,-3.9999999999995595,bearish,-9.999999999999119,bearish
2024-08-12,1,2024-08-09,2024-08-12,44.714999999999996,44.955000000000005,0.2400000000000091,12.000000000000455,bearish,22.00000000000091,bearish
2024-08-13,1,2024-08-12,2024-08-13,44.934999999999995,44.575,-0.3599999999999923,-17.999999999999616,bearish,-37.99999999999923,bearish
2024-08-14,1,2024-08-13,2024-08-14,44.5,44.565000000000005,0.06500000000000483,3.2500000000002416,bearish,4.500000000000483,bearish
2024-08-15,1,2024-08-14,2024-08-15,44.76,44.995000000000005,0.23500000000000654,11.750000000000327,bearish,21.500000000000654,bearish
2024-08-21,1,2024-08-20,2024-08-21,44.35,44.61,0.259999999999998,12.9999999999999,bearish,23.9999999999998,bearish
2024-08-22,1,2024-08-21,2024-08-22,44.425,44.435,0.010000000000005116,0.5000000000002558,bearish,-0.9999999999994884,bearish
2024-08-23,1,2024-08-22,2024-08-23,44.54,44.730000000000004,0.19000000000000483,9.500000000000242,bearish,17.000000000000483,bearish
2024-08-26,1,2024-08-23,2024-08-26,45.205,45.7,0.49500000000000455,24.750000000000227,bearish,47.500000000000455,bearish
2024-08-27,1,2024-08-26,2024-08-27,45.61,45.59,-0.01999999999999602,-0.999999999999801,bearish,-3.999999999999602,bearish
2024-08-28,1,2024-08-27,2024-08-28,45.184999999999995,44.89,-0.2949999999999946,-14.74999999999973,bearish,-31.49999999999946,bearish
2024-08-29,1,2024-08-28,2024-08-29,44.894999999999996,45.14,0.24500000000000455,12.250000000000227,bearish,22.500000000000455,bearish
2024-08-30,1,2024-08-29,2024-08-30,45.48,45.010000000000005,-0.46999999999999176,-23.499999999999588,bearish,-48.999999999999176,bearish
2024-09-03,1,2024-08-30,2024-09-03,45.65,44.885000000000005,-0.7649999999999935,-38.24999999999967,bearish,-78.49999999999935,bearish
2024-09-04,1,2024-09-03,2024-09-04,44.515,44.550000000000004,0.035000000000003695,1.7500000000001847,bearish,1.5000000000003695,bearish
2024-09-05,1,2024-09-04,2024-09-05,43.9,44.205000000000005,0.3050000000000068,15.250000000000341,bearish,28.500000000000682,bearish
2024-09-06,1,2024-09-05,2024-09-06,43.559999999999995,43.635000000000005,0.07500000000000995,3.7500000000004974,bearish,5.500000000000995,bearish
2024-09-09,1,2024-09-06,2024-09-09,43.015,43.125,0.10999999999999943,5.499999999999972,bearish,8.999999999999943,bearish
2024-09-10,1,2024-09-09,2024-09-10,43.324999999999996,43.35,0.025000000000005684,1.2500000000002842,bearish,0.5000000000005684,bearish
2024-09-11,1,2024-09-10,2024-09-11,42.58,42.49,-0.0899999999999963,-4.499999999999815,bearish,-10.99999999999963,bearish
2024-09-12,1,2024-09-11,2024-09-12,42.184999999999995,42.330000000000005,0.14500000000001023,7.250000000000512,bearish,12.500000000001023,bearish
2024-09-13,1,2024-09-12,2024-09-13,42.565,42.760000000000005,0.1950000000000074,9.75000000000037,bearish,17.50000000000074,bearish
2024-09-16,1,2024-09-13,2024-09-16,42.805,43.190000000000005,0.3850000000000051,19.250000000000256,bearish,36.50000000000051,bearish
2024-09-17,1,2024-09-16,2024-09-17,43.294999999999995,43.29,-0.0049999999999954525,-0.24999999999977263,bearish,-2.4999999999995453,bearish
2024-09-18,1,2024-09-17,2024-09-18,43.879999999999995,43.835,-0.0449999999999946,-2.24999999999973,bearish,-6.49999999999946,bearish
2024-09-19,1,2024-09-18,2024-09-19,43.964999999999996,44.690000000000005,0.7250000000000085,36.250000000000426,bearish,70.50000000000085,bearish
2024-09-20,1,2024-09-19,2024-09-20,44.489999999999995,44.285000000000004,-0.2049999999999912,-10.24999999999956,bearish,-22.49999999999912,bearish
2024-09-23,1,2024-09-20,2024-09-23,44.39,44.09,-0.29999999999999716,-14.999999999999858,bearish,-31.999999999999716,bearish
2024-09-25,1,2024-09-24,2024-09-25,44.46,44.325,-0.134999999999998,-6.7499999999999005,bearish,-15.499999999999801,bearish
2024-09-26,1,2024-09-25,2024-09-26,43.589999999999996,42.6,-0.9899999999999949,-49.499999999999744,bearish,-100.99999999999949,bearish
2024-09-27,1,2024-09-26,2024-09-27,42.735,42.865,0.13000000000000256,6.500000000000128,bearish,11.000000000000256,bearish
2024-09-30,1,2024-09-27,2024-09-30,43.605,43.505,-0.09999999999999432,-4.999999999999716,bearish,-11.999999999999432,bearish
2024-10-01,1,2024-09-30,2024-10-01,43.91,43.510000000000005,-0.3999999999999915,-19.999999999999574,bearish,-41.99999999999915,bearish
2024-10-02,1,2024-10-01,2024-10-02,44.91,45.52,0.6100000000000065,30.500000000000327,bearish,59.000000000000654,bearish
2024-12-17,1,2024-12-16,2024-12-17,43.64,43.29,-0.3500000000000014,-17.50000000000007,bearish,-37.00000000000014,bearish
2024-12-18,1,2024-12-17,2024-12-18,43.315,43.175000000000004,-0.13999999999999346,-6.999999999999673,bearish,-15.999999999999346,bearish
2024-12-19,1,2024-12-18,2024-12-19,42.035,42.46,0.42500000000000426,21.250000000000213,bearish,40.500000000000426,bearish
2024-12-20,1,2024-12-19,2024-12-20,41.669999999999995,41.645,-0.024999999999991473,-1.2499999999995737,bearish,-4.499999999999147,bearish
2024-12-23,1,2024-12-20,2024-12-23,42.08,41.645,-0.43499999999999517,-21.74999999999976,bearish,-45.49999999999952,bearish
2024-12-24,1,2024-12-23,2024-12-24,41.975,42.075,0.10000000000000142,5.000000000000071,bearish,8.000000000000142,bearish
2024-12-26,1,2024-12-24,2024-12-26,42.33,42.295,-0.03499999999999659,-1.7499999999998295,bearish,-5.499999999999659,bearish
2024-12-27,1,2024-12-26,2024-12-27,42.294999999999995,42.24,-0.05499999999999261,-2.7499999999996305,bearish,-7.499999999999261,bearish
2024-12-30,1,2024-12-27,2024-12-30,42.29,42.29,0.0,0.0,bearish,-2.0,bearish
2024-12-31,1,2024-12-30,2024-12-31,42.285,42.365,0.0800000000000054,4.00000000000027,bearish,6.00000000000054,bearish
2025-01-02,1,2024-12-31,2025-01-02,42.839999999999996,43.17,0.3300000000000054,16.50000000000027,bearish,31.00000000000054,bearish
2025-01-03,1,2025-01-02,2025-01-03,43.339999999999996,43.6,0.2600000000000051,13.000000000000256,bearish,24.00000000000051,bearish
2025-01-06,1,2025-01-03,2025-01-06,43.745,43.910000000000004,0.16500000000000625,8.250000000000313,bearish,14.500000000000625,bearish
2025-01-07,1,2025-01-06,2025-01-07,43.544999999999995,43.845,0.30000000000000426,15.000000000000213,bearish,28.000000000000426,bearish
2025-01-08,1,2025-01-07,2025-01-08,43.98,43.690000000000005,-0.28999999999999204,-14.499999999999602,bearish,-30.999999999999204,bearish
2025-01-10,1,2025-01-08,2025-01-10,44.025,44.575,0.5500000000000043,27.500000000000213,bearish,53.000000000000426,bearish
2025-01-13,1,2025-01-10,2025-01-13,44.205,44.385000000000005,0.18000000000000682,9.000000000000341,bearish,16.000000000000682,bearish
2025-01-14,1,2025-01-13,2025-01-14,45.135,45.035000000000004,-0.09999999999999432,-4.999999999999716,bearish,-11.999999999999432,bearish
2025-01-15,1,2025-01-14,2025-01-15,45.62,45.845,0.22500000000000142,11.250000000000071,bearish,20.500000000000142,bearish
2025-01-23,1,2025-01-22,2025-01-23,45.9,46.255,0.355000000000004,17.7500000000002,bearish,33.5000000000004,bearish
2025-01-24,1,2025-01-23,2025-01-24,46.11,46.15,0.03999999999999915,1.9999999999999574,bearish,1.9999999999999147,bearish
2025-01-27,1,2025-01-24,2025-01-27,45.665,45.49,-0.17499999999999716,-8.749999999999858,bearish,-19.499999999999716,bearish
2025-01-28,1,2025-01-27,2025-01-28,45.19,45.305,0.11500000000000199,5.7500000000000995,bearish,9.500000000000199,bearish
2025-01-29,1,2025-01-28,2025-01-29,44.76,44.63,-0.12999999999999545,-6.499999999999773,bearish,-14.999999999999545,bearish
2025-02-03,1,2025-01-31,2025-02-03,43.83,43.805,-0.02499999999999858,-1.249999999999929,bearish,-4.499999999999858,bearish
2025-02-04,1,2025-02-03,2025-02-04,44.105,43.88,-0.22499999999999432,-11.249999999999716,bearish,-24.49999999999943,bearish
2025-02-27,1,2025-02-26,2025-02-27,44.574999999999996,44.865,0.29000000000000625,14.500000000000313,bearish,27.000000000000625,bearish
2025-03-04,1,2025-03-03,2025-03-04,43.919999999999995,43.245000000000005,-0.67499999999999,-33.7499999999995,bearish,-69.499999999999,bearish
2025-03-05,1,2025-03-04,2025-03-05,43.495,42.925000000000004,-0.5699999999999932,-28.49999999999966,bearish,-58.99999999999932,bearish
2025-03-06,1,2025-03-05,2025-03-06,42.86,42.635000000000005,-0.22499999999999432,-11.249999999999716,bearish,-24.49999999999943,bearish
2025-03-07,1,2025-03-06,2025-03-07,42.989999999999995,43.165,0.17500000000000426,8.750000000000213,bearish,15.500000000000426,bearish
2025-03-10,1,2025-03-07,2025-03-10,43.725,43.905,0.17999999999999972,8.999999999999986,bearish,15.999999999999972,bearish
2025-03-11,1,2025-03-10,2025-03-11,44.05,44.21,0.1600000000000037,8.000000000000185,bearish,14.00000000000037,bearish
2025-03-12,1,2025-03-11,2025-03-12,43.699999999999996,43.865,0.16500000000000625,8.250000000000313,bearish,14.500000000000625,bearish
2025-03-13,1,2025-03-12,2025-03-13,43.9,43.725,-0.17499999999999716,-8.749999999999858,bearish,-19.499999999999716,bearish
2025-03-14,1,2025-03-13,2025-03-14,43.6,43.82,0.21999999999999886,10.999999999999943,bearish,19.999999999999886,bearish
2025-04-04,1,2025-04-03,2025-04-04,43.379999999999995,41.815000000000005,-1.5649999999999906,-78.24999999999953,bearish,-158.49999999999906,bearish
2025-04-07,1,2025-04-04,2025-04-07,39.39,38.095,-1.2950000000000017,-64.75000000000009,bearish,-131.50000000000017,bearish
2025-04-08,1,2025-04-07,2025-04-08,39.135,40.365,1.230000000000004,61.5000000000002,bearish,121.0000000000004,bearish
2025-04-09,1,2025-04-08,2025-04-09,38.23,37.465,-0.7649999999999935,-38.24999999999967,bearish,-78.49999999999935,bearish
2025-04-10,1,2025-04-09,2025-04-10,41.19,40.095,-1.0949999999999989,-54.74999999999994,bearish,-111.49999999999989,bearish
2025-04-11,1,2025-04-10,2025-04-11,38.5,38.660000000000004,0.1600000000000037,8.000000000000185,bearish,14.00000000000037,bearish
2025-04-14,1,2025-04-11,2025-04-14,39.455,40.370000000000005,0.9150000000000063,45.75000000000031,bearish,89.50000000000063,bearish
2025-04-15,1,2025-04-14,2025-04-15,39.595,39.54,-0.054999999999999716,-2.749999999999986,bearish,-7.499999999999972,bearish
2025-04-16,1,2025-04-15,2025-04-16,39.535,39.805,0.2700000000000031,13.500000000000156,bearish,25.000000000000313,bearish
2025-04-17,1,2025-04-16,2025-04-17,39.86,40.165,0.3049999999999997,15.249999999999986,bearish,28.49999999999997,bearish
2025-04-21,1,2025-04-17,2025-04-21,40.76,40.155,-0.6049999999999969,-30.249999999999844,bearish,-62.49999999999969,bearish
2025-04-22,1,2025-04-21,2025-04-22,39.695,40.195,0.5,25.0,bearish,48.0,bearish
2025-04-23,1,2025-04-22,2025-04-23,40.705,41.04,0.33500000000000085,16.750000000000043,bearish,31.500000000000085,bearish
2025-04-24,1,2025-04-23,2025-04-24,40.629999999999995,40.99,0.36000000000000654,18.000000000000327,bearish,34.000000000000654,bearish
2025-04-25,1,2025-04-24,2025-04-25,41.28,40.89,-0.39000000000000057,-19.50000000000003,bearish,-41.00000000000006,bearish
2025-04-28,1,2025-04-25,2025-04-28,41.205,41.14,-0.06499999999999773,-3.2499999999998863,bearish,-8.499999999999773,bearish
2025-04-29,1,2025-04-28,2025-04-29,41.495,41.010000000000005,-0.4849999999999923,-24.249999999999616,bearish,-50.49999999999923,bearish
2025-04-30,1,2025-04-29,2025-04-30,41.375,40.690000000000005,-0.6849999999999952,-34.24999999999976,bearish,-70.49999999999952,bearish
2025-05-01,1,2025-04-30,2025-05-01,40.26,39.910000000000004,-0.3499999999999943,-17.499999999999716,bearish,-36.99999999999943,bearish
2025-05-02,1,2025-05-01,2025-05-02,40.41,40.88,0.47000000000000597,23.5000000000003,bearish,45.0000000000006,bearish
2025-05-05,1,2025-05-02,2025-05-05,41.0,40.485,-0.5150000000000006,-25.75000000000003,bearish,-53.50000000000006,bearish
2025-05-06,1,2025-05-05,2025-05-06,40.26,40.42,0.1600000000000037,8.000000000000185,bearish,14.00000000000037,bearish
2025-05-07,1,2025-05-06,2025-05-07,40.269999999999996,40.39,0.12000000000000455,6.000000000000227,bearish,10.000000000000455,bearish
2025-05-08,1,2025-05-07,2025-05-08,40.285,40.635000000000005,0.3500000000000085,17.500000000000426,bearish,33.00000000000085,bearish
2025-05-09,1,2025-05-08,2025-05-09,40.815,41.35,0.5350000000000037,26.750000000000185,bearish,51.50000000000037,bearish
2025-05-12,1,2025-05-09,2025-05-12,41.225,42.78,1.5549999999999997,77.74999999999999,bearish,153.49999999999997,bearish
2025-05-13,1,2025-05-12,2025-05-13,42.3,42.49,0.19000000000000483,9.500000000000242,bearish,17.000000000000483,bearish
2025-05-14,1,2025-05-13,2025-05-14,42.894999999999996,42.59,-0.3049999999999926,-15.24999999999963,bearish,-32.49999999999926,bearish
2025-05-20,1,2025-05-19,2025-05-20,42.195,42.145,-0.04999999999999716,-2.499999999999858,bearish,-6.999999999999716,bearish
2025-05-21,1,2025-05-20,2025-05-21,41.805,41.525,-0.28000000000000114,-14.000000000000057,bearish,-30.000000000000114,bearish
2025-05-22,1,2025-05-21,2025-05-22,41.035,40.800000000000004,-0.23499999999999233,-11.749999999999616,bearish,-25.499999999999233,bearish
2025-05-23,1,2025-05-22,2025-05-23,40.875,40.495000000000005,-0.37999999999999545,-18.999999999999773,bearish,-39.999999999999545,bearish
2025-05-27,1,2025-05-23,2025-05-27,41.004999999999995,41.27,0.2650000000000077,13.250000000000384,bearish,24.500000000000767,bearish
2025-05-29,1,2025-05-28,2025-05-29,40.835,40.86,0.02499999999999858,1.249999999999929,bearish,0.4999999999998579,bearish
2025-06-02,1,2025-05-30,2025-06-02,40.775,41.5,0.7250000000000014,36.25000000000007,bearish,70.50000000000014,bearish
2025-06-05,1,2025-06-04,2025-06-05,40.985,41.275,0.28999999999999915,14.499999999999957,bearish,26.999999999999915,bearish
2025-06-06,1,2025-06-05,2025-06-06,40.945,41.370000000000005,0.42500000000000426,21.250000000000213,bearish,40.500000000000426,bearish
2025-10-13,1,2025-10-10,2025-10-13,42.62,42.940000000000005,0.3200000000000074,16.00000000000037,bearish,30.00000000000074,bearish
2025-10-14,1,2025-10-13,2025-10-14,43.199999999999996,42.605000000000004,-0.5949999999999918,-29.749999999999588,bearish,-61.499999999999176,bearish
2025-10-15,1,2025-10-14,2025-10-15,43.195,43.49,0.2950000000000017,14.750000000000085,bearish,27.50000000000017,bearish
2025-10-16,1,2025-10-15,2025-10-16,43.169999999999995,43.225,0.05500000000000682,2.750000000000341,bearish,3.500000000000682,bearish
2025-10-17,1,2025-10-16,2025-10-17,42.65,42.81,0.1600000000000037,8.000000000000185,bearish,14.00000000000037,bearish
2025-10-20,1,2025-10-17,2025-10-20,43.0,43.055,0.054999999999999716,2.749999999999986,bearish,3.4999999999999716,bearish
2025-10-21,1,2025-10-20,2025-10-21,43.455,43.555,0.10000000000000142,5.000000000000071,bearish,8.000000000000142,bearish
2025-10-22,1,2025-10-21,2025-10-22,43.355,43.625,0.2700000000000031,13.500000000000156,bearish,25.000000000000313,bearish
2025-10-29,1,2025-10-28,2025-10-29,43.69,43.715,0.025000000000005684,1.2500000000002842,bearish,0.5000000000005684,bearish
2025-10-31,1,2025-10-30,2025-10-31,43.754999999999995,43.84,0.08500000000000796,4.250000000000398,bearish,6.500000000000796,bearish
2025-11-04,1,2025-11-03,2025-11-04,44.08,43.52,-0.5599999999999952,-27.99999999999976,bearish,-57.99999999999952,bearish
2025-11-05,1,2025-11-04,2025-11-05,43.605,43.59,-0.014999999999993463,-0.7499999999996732,bearish,-3.4999999999993463,bearish
2025-11-06,1,2025-11-05,2025-11-06,43.72,43.830000000000005,0.11000000000000654,5.500000000000327,bearish,9.000000000000654,bearish
2025-11-07,1,2025-11-06,2025-11-07,44.144999999999996,44.34,0.1950000000000074,9.75000000000037,bearish,17.50000000000074,bearish
2025-12-17,1,2025-12-16,2025-12-17,43.82,44.160000000000004,0.3400000000000034,17.00000000000017,bearish,32.00000000000034,bearish
2025-12-19,1,2025-12-18,2025-12-19,44.14,44.24,0.10000000000000142,5.000000000000071,bearish,8.000000000000142,bearish
2025-12-22,1,2025-12-19,2025-12-22,44.14,44.18,0.03999999999999915,1.9999999999999574,bearish,1.9999999999999147,bearish
2025-12-23,1,2025-12-22,2025-12-23,44.22,44.31,0.09000000000000341,4.5000000000001705,bearish,7.000000000000341,bearish
2025-12-26,1,2025-12-24,2025-12-26,44.379999999999995,44.31,-0.06999999999999318,-3.499999999999659,bearish,-8.999999999999318,bearish
2025-12-29,1,2025-12-26,2025-12-29,44.21,44.5,0.28999999999999915,14.499999999999957,bearish,26.999999999999915,bearish
2026-05-28,1,2026-05-27,2026-05-28,57.0,57.550000000000004,0.5500000000000043,27.500000000000213,bearish,53.000000000000426,bearish
2026-05-29,1,2026-05-28,2026-05-29,56.96,56.67,-0.28999999999999915,-14.499999999999957,bearish,-30.999999999999915,bearish
2026-06-01,1,2026-05-29,2026-06-01,56.3,57.010000000000005,0.710000000000008,35.5000000000004,bearish,69.0000000000008,bearish
2026-06-10,1,2026-06-09,2026-06-10,57.4,57.93,0.5300000000000011,26.500000000000057,bearish,51.000000000000114,bearish
2026-06-12,1,2026-06-11,2026-06-12,57.129999999999995,56.78,-0.3499999999999943,-17.499999999999716,bearish,-36.99999999999943,bearish
2026-06-15,1,2026-06-12,2026-06-15,57.559999999999995,55.190000000000005,-2.3699999999999903,-118.49999999999952,bearish,-238.99999999999903,bearish
2026-06-16,1,2026-06-15,2026-06-16,55.559999999999995,55.03,-0.529999999999994,-26.4999999999997,bearish,-54.9999999999994,bearish
2026-06-17,1,2026-06-16,2026-06-17,55.37,55.17,-0.19999999999999574,-9.999999999999787,bearish,-21.999999999999574,bearish
2026-06-18,1,2026-06-17,2026-06-18,54.68,54.15,-0.5300000000000011,-26.500000000000057,bearish,-55.000000000000114,bearish
2026-06-22,1,2026-06-18,2026-06-22,53.78,53.56,-0.21999999999999886,-10.999999999999943,bearish,-23.999999999999886,bearish
2026-06-23,1,2026-06-22,2026-06-23,54.07,54.120000000000005,0.05000000000000426,2.500000000000213,bearish,3.0000000000004263,bearish
2026-06-24,1,2026-06-23,2026-06-24,54.47,53.510000000000005,-0.9599999999999937,-47.99999999999969,bearish,-97.99999999999937,bearish
2026-06-25,1,2026-06-24,2026-06-25,53.58,53.24,-0.3399999999999963,-16.999999999999815,bearish,-35.99999999999963,bearish
2026-06-26,1,2026-06-25,2026-06-26,54.1,53.92,-0.17999999999999972,-8.999999999999986,bearish,-19.99999999999997,bearish
2026-06-29,1,2026-06-26,2026-06-29,53.85,53.97,0.11999999999999744,5.999999999999872,bearish,9.999999999999744,bearish
2026-06-30,1,2026-06-29,2026-06-30,53.589999999999996,53.59,7.105427357601002e-15,3.552713678800501e-13,bearish,-1.9999999999992895,bearish
2026-07-01,1,2026-06-30,2026-07-01,53.12,53.03,-0.0899999999999963,-4.499999999999815,bearish,-10.99999999999963,bearish
2026-07-02,1,2026-07-01,2026-07-02,52.82,53.230000000000004,0.4100000000000037,20.500000000000185,bearish,39.00000000000037,bearish
2026-07-06,1,2026-07-02,2026-07-06,53.23,53.050000000000004,-0.1799999999999926,-8.99999999999963,bearish,-19.99999999999926,bearish
2026-07-07,1,2026-07-06,2026-07-07,53.14,53.620000000000005,0.480000000000004,24.0000000000002,bearish,46.0000000000004,bearish
2026-07-08,1,2026-07-07,2026-07-08,54.65,55.56,0.9100000000000037,45.500000000000185,bearish,89.00000000000037,bearish
2026-07-09,1,2026-07-08,2026-07-09,55.61,55.27,-0.3399999999999963,-16.999999999999815,bearish,-35.99999999999963,bearish
2026-07-10,1,2026-07-09,2026-07-10,54.83,55.11,0.28000000000000114,14.000000000000057,bearish,26.000000000000114,bearish
2026-07-13,1,2026-07-10,2026-07-13,55.089999999999996,55.85,0.7600000000000051,38.000000000000256,bearish,74.00000000000051,bearish
2026-07-14,1,2026-07-13,2026-07-14,56.75,57.0,0.25,12.5,bearish,23.0,bearish
2026-07-15,1,2026-07-14,2026-07-15,56.96,56.93,-0.030000000000001137,-1.5000000000000568,bearish,-5.000000000000114,bearish
2026-07-16,1,2026-07-15,2026-07-16,56.51,56.65,0.14000000000000057,7.000000000000028,bearish,12.000000000000057,bearish
2026-07-17,1,2026-07-16,2026-07-17,57.03,57.870000000000005,0.8400000000000034,42.00000000000017,bearish,82.00000000000034,bearish
2026-07-20,1,2026-07-17,2026-07-20,57.69,57.54,-0.14999999999999858,-7.499999999999929,bearish,-16.999999999999858,bearish
2026-07-21,1,2026-07-20,2026-07-21,57.949999999999996,58.15,0.20000000000000284,10.000000000000142,bearish,18.000000000000284,bearish
