date,side,entry_time,exit_time,entry,exit,pts,r_mult,regime,pnl,reason
2017-02-01,1,2017-01-31,2017-02-01,16.64,16.529999999999998,-0.11000000000000298,-5.500000000000149,bullish,-13.000000000000298,bullish
2017-02-02,1,2017-02-01,2017-02-02,16.62,16.72,0.09999999999999787,4.999999999999893,bullish,7.999999999999787,bullish
2017-02-03,1,2017-02-02,2017-02-03,16.57,16.479999999999997,-0.09000000000000341,-4.5000000000001705,bullish,-11.000000000000341,bullish
2017-02-06,1,2017-02-03,2017-02-06,16.580000000000002,16.7,0.11999999999999744,5.999999999999872,bullish,9.999999999999744,bullish
2017-02-07,1,2017-02-06,2017-02-07,16.830000000000002,16.75,-0.08000000000000185,-4.000000000000092,bullish,-10.000000000000185,bullish
2017-02-08,1,2017-02-07,2017-02-08,16.8,16.869999999999997,0.06999999999999673,3.4999999999998366,bullish,4.999999999999673,bullish
2017-02-09,1,2017-02-08,2017-02-09,16.85,16.88,0.029999999999997584,1.4999999999998792,bullish,0.9999999999997584,bullish
2017-02-10,1,2017-02-09,2017-02-10,16.76,16.74,-0.020000000000003126,-1.0000000000001563,bullish,-4.000000000000313,bullish
2017-02-13,1,2017-02-10,2017-02-13,17.03,16.95,-0.08000000000000185,-4.000000000000092,bullish,-10.000000000000185,bullish
2017-02-14,1,2017-02-13,2017-02-14,16.900000000000002,17.099999999999998,0.19999999999999574,9.999999999999787,bullish,17.999999999999574,bullish
2017-02-15,1,2017-02-14,2017-02-15,17.020000000000003,16.9,-0.12000000000000455,-6.000000000000227,bullish,-14.000000000000455,bullish
2017-02-16,1,2017-02-15,2017-02-16,17.05,17.099999999999998,0.04999999999999716,2.499999999999858,bullish,2.999999999999716,bullish
2017-02-17,1,2017-02-16,2017-02-17,17.16,17.049999999999997,-0.11000000000000298,-5.500000000000149,bullish,-13.000000000000298,bullish
2017-02-21,1,2017-02-17,2017-02-21,17.07,16.95,-0.120000000000001,-6.00000000000005,bullish,-14.0000000000001,bullish
2017-02-22,1,2017-02-21,2017-02-22,17.040000000000003,17.049999999999997,0.009999999999994458,0.4999999999997229,bullish,-1.0000000000005542,bullish
2017-02-23,1,2017-02-22,2017-02-23,17.12,17.22,0.09999999999999787,4.999999999999893,bullish,7.999999999999787,bullish
2017-02-24,1,2017-02-23,2017-02-24,17.25,17.36,0.10999999999999943,5.499999999999972,bullish,8.999999999999943,bullish
2017-02-27,1,2017-02-24,2017-02-27,17.41,17.4,-0.010000000000001563,-0.5000000000000782,bullish,-3.0000000000001563,bullish
2017-02-28,1,2017-02-27,2017-02-28,17.28,17.41,0.129999999999999,6.49999999999995,bullish,10.9999999999999,bullish
2017-03-01,1,2017-02-28,2017-03-01,17.380000000000003,17.33,-0.05000000000000426,-2.500000000000213,bullish,-7.000000000000426,bullish
2017-03-02,1,2017-03-01,2017-03-02,17.450000000000003,17.33,-0.12000000000000455,-6.000000000000227,bullish,-14.000000000000455,bullish
2017-03-03,1,2017-03-02,2017-03-03,16.810000000000002,16.799999999999997,-0.010000000000005116,-0.5000000000002558,bullish,-3.0000000000005116,bullish
2017-03-06,1,2017-03-03,2017-03-06,16.990000000000002,16.919999999999998,-0.07000000000000384,-3.500000000000192,bullish,-9.000000000000384,bullish
2017-03-07,1,2017-03-06,2017-03-07,16.84,16.63,-0.21000000000000085,-10.500000000000043,bullish,-23.000000000000085,bullish
2017-03-08,1,2017-03-07,2017-03-08,16.560000000000002,16.4,-0.1600000000000037,-8.000000000000185,bullish,-18.00000000000037,bullish
2017-03-09,1,2017-03-08,2017-03-09,16.330000000000002,16.31,-0.020000000000003126,-1.0000000000001563,bullish,-4.000000000000313,bullish
2017-03-10,1,2017-03-09,2017-03-10,16.07,16.06,-0.010000000000001563,-0.5000000000000782,bullish,-3.0000000000001563,bullish
2017-03-13,1,2017-03-10,2017-03-13,16.16,16.08,-0.08000000000000185,-4.000000000000092,bullish,-10.000000000000185,bullish
2017-03-16,1,2017-03-15,2017-03-16,16.44,16.549999999999997,0.10999999999999588,5.499999999999794,bullish,8.999999999999588,bullish
2017-03-17,1,2017-03-16,2017-03-17,16.41,16.4,-0.010000000000001563,-0.5000000000000782,bullish,-3.0000000000001563,bullish
2017-03-20,1,2017-03-17,2017-03-20,16.48,16.479999999999997,-3.552713678800501e-15,-1.7763568394002505e-13,bullish,-2.0000000000003553,bullish
2017-03-21,1,2017-03-20,2017-03-21,16.51,16.59,0.0799999999999983,3.9999999999999147,bullish,5.9999999999998295,bullish
2017-03-22,1,2017-03-21,2017-03-22,16.62,16.599999999999998,-0.020000000000003126,-1.0000000000001563,bullish,-4.000000000000313,bullish
2017-03-23,1,2017-03-22,2017-03-23,16.630000000000003,16.72,0.0899999999999963,4.499999999999815,bullish,6.9999999999996305,bullish
2017-03-24,1,2017-03-23,2017-03-24,16.680000000000003,16.7,0.01999999999999602,0.999999999999801,bullish,-3.979039320256561e-13,bullish
2017-03-27,1,2017-03-24,2017-03-27,16.82,17.099999999999998,0.2799999999999976,13.99999999999988,bullish,25.99999999999976,bullish
2017-03-28,1,2017-03-27,2017-03-28,17.16,17.189999999999998,0.029999999999997584,1.4999999999998792,bullish,0.9999999999997584,bullish
2017-03-29,1,2017-03-28,2017-03-29,17.19,17.13,-0.060000000000002274,-3.0000000000001137,bullish,-8.000000000000227,bullish
2017-03-30,1,2017-03-29,2017-03-30,17.26,17.169999999999998,-0.09000000000000341,-4.5000000000001705,bullish,-11.000000000000341,bullish
2017-03-31,1,2017-03-30,2017-03-31,17.16,17.22,0.05999999999999872,2.999999999999936,bullish,3.999999999999872,bullish
2017-04-03,1,2017-03-31,2017-04-03,17.26,17.2,-0.060000000000002274,-3.0000000000001137,bullish,-8.000000000000227,bullish
2017-04-04,1,2017-04-03,2017-04-04,17.25,17.319999999999997,0.06999999999999673,3.4999999999998366,bullish,4.999999999999673,bullish
2017-04-05,1,2017-04-04,2017-04-05,17.34,17.22,-0.120000000000001,-6.00000000000005,bullish,-14.0000000000001,bullish
2017-04-06,1,2017-04-05,2017-04-06,17.330000000000002,17.209999999999997,-0.12000000000000455,-6.000000000000227,bullish,-14.000000000000455,bullish
2017-04-07,1,2017-04-06,2017-04-07,17.270000000000003,17.389999999999997,0.11999999999999389,5.9999999999996945,bullish,9.999999999999389,bullish
2017-04-10,1,2017-04-07,2017-04-10,17.040000000000003,16.919999999999998,-0.12000000000000455,-6.000000000000227,bullish,-14.000000000000455,bullish
2017-04-11,1,2017-04-10,2017-04-11,17.01,17.09,0.0799999999999983,3.9999999999999147,bullish,5.9999999999998295,bullish
2017-04-12,1,2017-04-11,2017-04-12,17.32,17.36,0.03999999999999915,1.9999999999999574,bullish,1.9999999999999147,bullish
2017-04-13,1,2017-04-12,2017-04-13,17.470000000000002,17.56,0.0899999999999963,4.499999999999815,bullish,6.9999999999996305,bullish
2017-04-17,1,2017-04-13,2017-04-17,17.540000000000003,17.52,-0.020000000000003126,-1.0000000000001563,bullish,-4.000000000000313,bullish
2017-04-18,1,2017-04-17,2017-04-18,17.44,17.41,-0.030000000000001137,-1.5000000000000568,bullish,-5.000000000000114,bullish
2017-04-19,1,2017-04-18,2017-04-19,17.35,17.259999999999998,-0.09000000000000341,-4.5000000000001705,bullish,-11.000000000000341,bullish
2017-04-20,1,2017-04-19,2017-04-20,17.19,17.11,-0.08000000000000185,-4.000000000000092,bullish,-10.000000000000185,bullish
2017-04-21,1,2017-04-20,2017-04-21,17.07,16.959999999999997,-0.11000000000000298,-5.500000000000149,bullish,-13.000000000000298,bullish
2017-04-24,1,2017-04-21,2017-04-24,17.03,16.83,-0.20000000000000284,-10.000000000000142,bullish,-22.000000000000284,bullish
2017-04-25,1,2017-04-24,2017-04-25,16.990000000000002,16.729999999999997,-0.2600000000000051,-13.000000000000256,bullish,-28.00000000000051,bullish
2017-04-26,1,2017-04-25,2017-04-26,16.69,16.56,-0.13000000000000256,-6.500000000000128,bullish,-15.000000000000256,bullish
2017-04-27,1,2017-04-26,2017-04-27,16.580000000000002,16.479999999999997,-0.10000000000000497,-5.000000000000249,bullish,-12.000000000000497,bullish
2017-08-11,1,2017-08-10,2017-08-11,16.19,16.08,-0.11000000000000298,-5.500000000000149,bullish,-13.000000000000298,bullish
2017-08-14,1,2017-08-11,2017-08-14,16.180000000000003,16.13,-0.05000000000000426,-2.500000000000213,bullish,-7.000000000000426,bullish
2017-08-15,1,2017-08-14,2017-08-15,16.14,15.700000000000001,-0.4399999999999995,-21.999999999999975,bullish,-45.99999999999995,bullish
2017-08-16,1,2017-08-15,2017-08-16,15.75,15.76,0.009999999999999787,0.49999999999998934,bullish,-1.0000000000000213,bullish
2017-08-17,1,2017-08-16,2017-08-17,16.16,16.169999999999998,0.00999999999999801,0.4999999999999005,bullish,-1.000000000000199,bullish
2017-08-18,1,2017-08-17,2017-08-18,16.130000000000003,16.2,0.06999999999999673,3.4999999999998366,bullish,4.999999999999673,bullish
2017-08-21,1,2017-08-18,2017-08-21,16.110000000000003,16.11,-3.552713678800501e-15,-1.7763568394002505e-13,bullish,-2.0000000000003553,bullish
2017-08-22,1,2017-08-21,2017-08-22,16.080000000000002,16.13,0.04999999999999716,2.499999999999858,bullish,2.999999999999716,bullish
2017-08-23,1,2017-08-22,2017-08-23,16.080000000000002,16.11,0.029999999999997584,1.4999999999998792,bullish,0.9999999999997584,bullish
2017-08-24,1,2017-08-23,2017-08-24,16.16,16.029999999999998,-0.13000000000000256,-6.500000000000128,bullish,-15.000000000000256,bullish
2017-08-25,1,2017-08-24,2017-08-25,16.040000000000003,16.169999999999998,0.12999999999999545,6.499999999999773,bullish,10.999999999999545,bullish
2017-08-28,1,2017-08-25,2017-08-28,16.12,16.229999999999997,0.10999999999999588,5.499999999999794,bullish,8.999999999999588,bullish
2017-08-29,1,2017-08-28,2017-08-29,16.51,16.66,0.14999999999999858,7.499999999999929,bullish,12.999999999999858,bullish
2017-08-30,1,2017-08-29,2017-08-30,16.430000000000003,16.43,-3.552713678800501e-15,-1.7763568394002505e-13,bullish,-2.0000000000003553,bullish
2017-08-31,1,2017-08-30,2017-08-31,16.470000000000002,16.45,-0.020000000000003126,-1.0000000000001563,bullish,-4.000000000000313,bullish
2017-09-01,1,2017-08-31,2017-09-01,16.66,16.7,0.03999999999999915,1.9999999999999574,bullish,1.9999999999999147,bullish
2017-09-05,1,2017-09-01,2017-09-05,16.740000000000002,16.93,0.18999999999999773,9.499999999999886,bullish,16.999999999999773,bullish
2017-09-06,1,2017-09-05,2017-09-06,16.92,16.979999999999997,0.05999999999999517,2.9999999999997584,bullish,3.999999999999517,bullish
2017-09-07,1,2017-09-06,2017-09-07,16.880000000000003,16.979999999999997,0.09999999999999432,4.999999999999716,bullish,7.999999999999432,bullish
2017-09-08,1,2017-09-07,2017-09-08,17.110000000000003,17.11,-3.552713678800501e-15,-1.7763568394002505e-13,bullish,-2.0000000000003553,bullish
2017-09-11,1,2017-09-08,2017-09-11,17.03,16.84,-0.19000000000000128,-9.500000000000064,bullish,-21.000000000000128,bullish
2017-09-12,1,2017-09-11,2017-09-12,16.78,16.819999999999997,0.039999999999995595,1.9999999999997797,bullish,1.9999999999995595,bullish
2017-09-13,1,2017-09-12,2017-09-13,16.900000000000002,16.799999999999997,-0.10000000000000497,-5.000000000000249,bullish,-12.000000000000497,bullish
2017-09-14,1,2017-09-13,2017-09-14,16.770000000000003,16.7,-0.07000000000000384,-3.500000000000192,bullish,-9.000000000000384,bullish
2017-09-15,1,2017-09-14,2017-09-15,16.78,16.709999999999997,-0.07000000000000384,-3.500000000000192,bullish,-9.000000000000384,bullish
2017-09-18,1,2017-09-15,2017-09-18,16.630000000000003,16.38,-0.25000000000000355,-12.500000000000178,bullish,-27.000000000000355,bullish
2017-09-19,1,2017-09-18,2017-09-19,16.28,16.259999999999998,-0.020000000000003126,-1.0000000000001563,bullish,-4.000000000000313,bullish
2017-09-20,1,2017-09-19,2017-09-20,16.37,16.299999999999997,-0.07000000000000384,-3.500000000000192,bullish,-9.000000000000384,bullish
2017-09-21,1,2017-09-20,2017-09-21,16.200000000000003,15.950000000000001,-0.2500000000000018,-12.500000000000089,bullish,-27.000000000000178,bullish
2017-09-22,1,2017-09-21,2017-09-22,16.040000000000003,16.0,-0.0400000000000027,-2.000000000000135,bullish,-6.00000000000027,bullish
2017-09-25,1,2017-09-22,2017-09-25,16.060000000000002,15.94,-0.12000000000000277,-6.0000000000001386,bullish,-14.000000000000277,bullish
2017-09-26,1,2017-09-25,2017-09-26,16.220000000000002,16.009999999999998,-0.2100000000000044,-10.50000000000022,bullish,-23.00000000000044,bullish
2017-09-27,1,2017-09-26,2017-09-27,15.92,15.81,-0.10999999999999943,-5.499999999999972,bullish,-12.999999999999943,bullish
2017-09-29,1,2017-09-28,2017-09-29,15.93,15.86,-0.07000000000000028,-3.500000000000014,bullish,-9.000000000000028,bullish
2017-10-16,1,2017-10-13,2017-10-16,16.42,16.419999999999998,-3.552713678800501e-15,-1.7763568394002505e-13,bullish,-2.0000000000003553,bullish
2017-11-07,1,2017-11-06,2017-11-07,16.28,16.2,-0.08000000000000185,-4.000000000000092,bullish,-10.000000000000185,bullish
2017-11-20,1,2017-11-17,2017-11-20,16.32,16.13,-0.19000000000000128,-9.500000000000064,bullish,-21.000000000000128,bullish
2018-01-03,1,2018-01-02,2018-01-03,16.220000000000002,16.18,-0.0400000000000027,-2.000000000000135,bullish,-6.00000000000027,bullish
2018-01-04,1,2018-01-03,2018-01-04,16.180000000000003,16.2,0.01999999999999602,0.999999999999801,bullish,-3.979039320256561e-13,bullish
2018-01-05,1,2018-01-04,2018-01-05,16.240000000000002,16.169999999999998,-0.07000000000000384,-3.500000000000192,bullish,-9.000000000000384,bullish
2018-01-08,1,2018-01-05,2018-01-08,16.23,16.16,-0.07000000000000028,-3.500000000000014,bullish,-9.000000000000028,bullish
2018-01-09,1,2018-01-08,2018-01-09,16.16,16.0,-0.16000000000000014,-8.000000000000007,bullish,-18.000000000000014,bullish
2018-01-10,1,2018-01-09,2018-01-10,16.040000000000003,16.06,0.01999999999999602,0.999999999999801,bullish,-3.979039320256561e-13,bullish
2018-01-11,1,2018-01-10,2018-01-11,16.03,16.0,-0.030000000000001137,-1.5000000000000568,bullish,-5.000000000000114,bullish
2018-01-12,1,2018-01-11,2018-01-12,16.020000000000003,16.09,0.06999999999999673,3.4999999999998366,bullish,4.999999999999673,bullish
2018-01-16,1,2018-01-12,2018-01-16,16.28,16.119999999999997,-0.1600000000000037,-8.000000000000185,bullish,-18.00000000000037,bullish
2018-01-17,1,2018-01-16,2018-01-17,16.26,16.169999999999998,-0.09000000000000341,-4.5000000000001705,bullish,-11.000000000000341,bullish
2018-01-18,1,2018-01-17,2018-01-18,16.07,16.06,-0.010000000000001563,-0.5000000000000782,bullish,-3.0000000000001563,bullish
2018-01-19,1,2018-01-18,2018-01-19,15.98,16.04,0.05999999999999872,2.999999999999936,bullish,3.999999999999872,bullish
2018-01-22,1,2018-01-19,2018-01-22,16.060000000000002,16.06,-3.552713678800501e-15,-1.7763568394002505e-13,bullish,-2.0000000000003553,bullish
2018-01-23,1,2018-01-22,2018-01-23,16.05,15.85,-0.20000000000000107,-10.000000000000053,bullish,-22.000000000000107,bullish
2018-01-24,1,2018-01-23,2018-01-24,16.09,16.369999999999997,0.2799999999999976,13.99999999999988,bullish,25.99999999999976,bullish
2018-01-25,1,2018-01-24,2018-01-25,16.57,16.529999999999998,-0.0400000000000027,-2.000000000000135,bullish,-6.00000000000027,bullish
2018-01-26,1,2018-01-25,2018-01-26,16.32,16.369999999999997,0.04999999999999716,2.499999999999858,bullish,2.999999999999716,bullish
2018-01-29,1,2018-01-26,2018-01-29,16.42,16.279999999999998,-0.14000000000000412,-7.000000000000206,bullish,-16.000000000000412,bullish
2018-01-30,1,2018-01-29,2018-01-30,16.220000000000002,16.299999999999997,0.07999999999999474,3.999999999999737,bullish,5.999999999999474,bullish
2018-01-31,1,2018-01-30,2018-01-31,16.16,16.25,0.08999999999999986,4.499999999999993,bullish,6.999999999999986,bullish
2018-02-01,1,2018-01-31,2018-02-01,16.360000000000003,16.15,-0.2100000000000044,-10.50000000000022,bullish,-23.00000000000044,bullish
2018-02-02,1,2018-02-01,2018-02-02,16.26,16.009999999999998,-0.25000000000000355,-12.500000000000178,bullish,-27.000000000000355,bullish
2018-02-05,1,2018-02-02,2018-02-05,15.67,15.9,0.23000000000000043,11.500000000000021,bullish,21.000000000000043,bullish
2018-02-06,1,2018-02-05,2018-02-06,15.75,15.74,-0.009999999999999787,-0.49999999999998934,bullish,-2.9999999999999787,bullish
2018-02-07,1,2018-02-06,2018-02-07,15.66,15.52,-0.14000000000000057,-7.000000000000028,bullish,-16.000000000000057,bullish
2018-02-15,1,2018-02-14,2018-02-15,15.92,15.9,-0.019999999999999574,-0.9999999999999787,bullish,-3.9999999999999574,bullish
2018-02-16,1,2018-02-15,2018-02-16,15.92,15.82,-0.09999999999999964,-4.999999999999982,bullish,-11.999999999999964,bullish
2018-04-19,1,2018-04-18,2018-04-19,16.19,16.259999999999998,0.06999999999999673,3.4999999999998366,bullish,4.999999999999673,bullish
2018-04-20,1,2018-04-19,2018-04-20,16.270000000000003,16.139999999999997,-0.1300000000000061,-6.5000000000003055,bullish,-15.000000000000611,bullish
2018-04-23,1,2018-04-20,2018-04-23,16.14,15.78,-0.3600000000000012,-18.00000000000006,bullish,-38.00000000000012,bullish
2018-06-11,1,2018-06-08,2018-06-11,15.79,15.870000000000001,0.08000000000000185,4.000000000000092,bullish,6.000000000000185,bullish
2018-06-12,1,2018-06-11,2018-06-12,15.95,15.870000000000001,-0.0799999999999983,-3.9999999999999147,bullish,-9.99999999999983,bullish
2018-06-13,1,2018-06-12,2018-06-13,15.879999999999999,15.96,0.08000000000000185,4.000000000000092,bullish,6.000000000000185,bullish
2018-06-14,1,2018-06-13,2018-06-14,16.09,16.16,0.07000000000000028,3.500000000000014,bullish,5.000000000000028,bullish
2018-06-15,1,2018-06-14,2018-06-15,16.180000000000003,15.950000000000001,-0.2300000000000022,-11.50000000000011,bullish,-25.00000000000022,bullish
2018-12-10,1,2018-12-07,2018-12-10,13.74,13.620000000000001,-0.11999999999999922,-5.999999999999961,bullish,-13.999999999999922,bullish
2018-12-13,1,2018-12-12,2018-12-13,13.83,13.83,0.0,0.0,bullish,-2.0,bullish
2018-12-14,1,2018-12-13,2018-12-14,13.87,13.61,-0.2599999999999998,-12.99999999999999,bullish,-27.99999999999998,bullish
2018-12-17,1,2018-12-14,2018-12-17,13.709999999999999,13.700000000000001,-0.00999999999999801,-0.4999999999999005,bullish,-2.999999999999801,bullish
2018-12-18,1,2018-12-17,2018-12-18,13.78,13.74,-0.03999999999999915,-1.9999999999999574,bullish,-5.999999999999915,bullish
2018-12-19,1,2018-12-18,2018-12-19,13.76,13.8,0.040000000000000924,2.000000000000046,bullish,2.0000000000000924,bullish
2018-12-20,1,2018-12-19,2018-12-20,13.7,13.870000000000001,0.1700000000000017,8.500000000000085,bullish,15.00000000000017,bullish
2018-12-21,1,2018-12-20,2018-12-21,13.86,13.81,-0.049999999999998934,-2.4999999999999467,bullish,-6.999999999999893,bullish
2018-12-24,1,2018-12-21,2018-12-24,13.75,13.78,0.02999999999999936,1.499999999999968,bullish,0.999999999999936,bullish
2018-12-26,1,2018-12-24,2018-12-26,13.879999999999999,14.09,0.21000000000000085,10.500000000000043,bullish,19.000000000000085,bullish
2018-12-27,1,2018-12-26,2018-12-27,14.12,14.24,0.120000000000001,6.00000000000005,bullish,10.0000000000001,bullish
2018-12-28,1,2018-12-27,2018-12-28,14.31,14.39,0.08000000000000007,4.0000000000000036,bullish,6.000000000000007,bullish
2018-12-31,1,2018-12-28,2018-12-31,14.43,14.41,-0.019999999999999574,-0.9999999999999787,bullish,-3.9999999999999574,bullish
2019-01-02,1,2018-12-31,2019-01-02,14.53,14.450000000000001,-0.0799999999999983,-3.9999999999999147,bullish,-9.99999999999983,bullish
2019-01-03,1,2019-01-02,2019-01-03,14.57,14.68,0.10999999999999943,5.499999999999972,bullish,8.999999999999943,bullish
2019-01-04,1,2019-01-03,2019-01-04,14.76,14.72,-0.03999999999999915,-1.9999999999999574,bullish,-5.999999999999915,bullish
2019-01-07,1,2019-01-04,2019-01-07,14.74,14.75,0.009999999999999787,0.49999999999998934,bullish,-1.0000000000000213,bullish
2019-01-08,1,2019-01-07,2019-01-08,14.68,14.64,-0.03999999999999915,-1.9999999999999574,bullish,-5.999999999999915,bullish
2019-01-09,1,2019-01-08,2019-01-09,14.7,14.67,-0.02999999999999936,-1.499999999999968,bullish,-4.999999999999936,bullish
2019-01-10,1,2019-01-09,2019-01-10,14.79,14.67,-0.11999999999999922,-5.999999999999961,bullish,-13.999999999999922,bullish
2019-01-11,1,2019-01-10,2019-01-11,14.61,14.61,0.0,0.0,bullish,-2.0,bullish
2019-01-14,1,2019-01-11,2019-01-14,14.65,14.66,0.009999999999999787,0.49999999999998934,bullish,-1.0000000000000213,bullish
2019-01-15,1,2019-01-14,2019-01-15,14.67,14.700000000000001,0.030000000000001137,1.5000000000000568,bullish,1.0000000000001137,bullish
2019-01-16,1,2019-01-15,2019-01-16,14.61,14.64,0.030000000000001137,1.5000000000000568,bullish,1.0000000000001137,bullish
2019-01-17,1,2019-01-16,2019-01-17,14.64,14.540000000000001,-0.09999999999999964,-4.999999999999982,bullish,-11.999999999999964,bullish
2019-01-18,1,2019-01-17,2019-01-18,14.58,14.44,-0.14000000000000057,-7.000000000000028,bullish,-16.000000000000057,bullish
2019-01-22,1,2019-01-18,2019-01-22,14.379999999999999,14.32,-0.05999999999999872,-2.999999999999936,bullish,-7.999999999999872,bullish
2019-01-23,1,2019-01-22,2019-01-23,14.4,14.34,-0.0600000000000005,-3.000000000000025,bullish,-8.00000000000005,bullish
2019-01-24,1,2019-01-23,2019-01-24,14.43,14.39,-0.03999999999999915,-1.9999999999999574,bullish,-5.999999999999915,bullish
2019-01-25,1,2019-01-24,2019-01-25,14.37,14.57,0.20000000000000107,10.000000000000053,bullish,18.000000000000107,bullish
2019-01-28,1,2019-01-25,2019-01-28,14.75,14.65,-0.09999999999999964,-4.999999999999982,bullish,-11.999999999999964,bullish
2019-01-29,1,2019-01-28,2019-01-29,14.799999999999999,14.870000000000001,0.07000000000000206,3.500000000000103,bullish,5.000000000000206,bullish
2019-01-30,1,2019-01-29,2019-01-30,14.89,14.91,0.019999999999999574,0.9999999999999787,bullish,-4.263256414560601e-14,bullish
2019-01-31,1,2019-01-30,2019-01-31,15.06,15.16,0.09999999999999964,4.999999999999982,bullish,7.9999999999999645,bullish
2019-02-01,1,2019-01-31,2019-02-01,15.06,15.040000000000001,-0.019999999999999574,-0.9999999999999787,bullish,-3.9999999999999574,bullish
2019-02-04,1,2019-02-01,2019-02-04,14.93,14.82,-0.10999999999999943,-5.499999999999972,bullish,-12.999999999999943,bullish
2019-02-05,1,2019-02-04,2019-02-05,14.89,14.9,0.009999999999999787,0.49999999999998934,bullish,-1.0000000000000213,bullish
2019-02-06,1,2019-02-05,2019-02-06,14.879999999999999,14.84,-0.03999999999999915,-1.9999999999999574,bullish,-5.999999999999915,bullish
2019-02-07,1,2019-02-06,2019-02-07,14.69,14.69,0.0,0.0,bullish,-2.0,bullish
2019-02-08,1,2019-02-07,2019-02-08,14.78,14.78,0.0,0.0,bullish,-2.0,bullish
2019-02-11,1,2019-02-08,2019-02-11,14.84,14.71,-0.129999999999999,-6.49999999999995,bullish,-14.9999999999999,bullish
2019-02-12,1,2019-02-11,2019-02-12,14.73,14.74,0.009999999999999787,0.49999999999998934,bullish,-1.0000000000000213,bullish
2019-02-13,1,2019-02-12,2019-02-13,14.74,14.73,-0.009999999999999787,-0.49999999999998934,bullish,-2.9999999999999787,bullish
2019-02-14,1,2019-02-13,2019-02-14,14.6,14.56,-0.03999999999999915,-1.9999999999999574,bullish,-5.999999999999915,bullish
2019-02-15,1,2019-02-14,2019-02-15,14.66,14.69,0.02999999999999936,1.499999999999968,bullish,0.999999999999936,bullish
2019-02-19,1,2019-02-15,2019-02-19,14.83,14.83,0.0,0.0,bullish,-2.0,bullish
2019-02-20,1,2019-02-19,2019-02-20,15.03,15.06,0.030000000000001137,1.5000000000000568,bullish,1.0000000000001137,bullish
2019-02-21,1,2019-02-20,2019-02-21,15.08,14.94,-0.14000000000000057,-7.000000000000028,bullish,-16.000000000000057,bullish
2019-02-22,1,2019-02-21,2019-02-22,14.84,14.91,0.07000000000000028,3.500000000000014,bullish,5.000000000000028,bullish
2019-02-25,1,2019-02-22,2019-02-25,14.959999999999999,14.96,1.7763568394002505e-15,8.881784197001252e-14,bullish,-1.9999999999998224,bullish
2019-02-26,1,2019-02-25,2019-02-26,14.91,14.93,0.019999999999999574,0.9999999999999787,bullish,-4.263256414560601e-14,bullish
2019-02-27,1,2019-02-26,2019-02-27,14.95,14.86,-0.08999999999999986,-4.499999999999993,bullish,-10.999999999999986,bullish
2019-02-28,1,2019-02-27,2019-02-28,14.76,14.74,-0.019999999999999574,-0.9999999999999787,bullish,-3.9999999999999574,bullish
2019-03-01,1,2019-02-28,2019-03-01,14.64,14.48,-0.16000000000000014,-8.000000000000007,bullish,-18.000000000000014,bullish
2019-06-21,1,2019-06-20,2019-06-21,14.459999999999999,14.35,-0.10999999999999943,-5.499999999999972,bullish,-12.999999999999943,bullish
2019-06-24,1,2019-06-21,2019-06-24,14.37,14.34,-0.02999999999999936,-1.499999999999968,bullish,-4.999999999999936,bullish
2019-06-25,1,2019-06-24,2019-06-25,14.47,14.42,-0.05000000000000071,-2.5000000000000355,bullish,-7.000000000000071,bullish
2019-06-26,1,2019-06-25,2019-06-26,14.39,14.3,-0.08999999999999986,-4.499999999999993,bullish,-10.999999999999986,bullish
2019-06-27,1,2019-06-26,2019-06-27,14.33,14.21,-0.11999999999999922,-5.999999999999961,bullish,-13.999999999999922,bullish
2019-06-28,1,2019-06-27,2019-06-28,14.29,14.27,-0.019999999999999574,-0.9999999999999787,bullish,-3.9999999999999574,bullish
2019-07-01,1,2019-06-28,2019-07-01,14.34,14.23,-0.10999999999999943,-5.499999999999972,bullish,-12.999999999999943,bullish
2019-07-02,1,2019-07-01,2019-07-02,14.19,14.13,-0.05999999999999872,-2.999999999999936,bullish,-7.999999999999872,bullish
2019-07-03,1,2019-07-02,2019-07-03,14.299999999999999,14.33,0.030000000000001137,1.5000000000000568,bullish,1.0000000000001137,bullish
2019-07-05,1,2019-07-03,2019-07-05,14.33,14.09,-0.2400000000000002,-12.00000000000001,bullish,-26.00000000000002,bullish
2019-07-08,1,2019-07-05,2019-07-08,14.07,14.11,0.03999999999999915,1.9999999999999574,bullish,1.9999999999999147,bullish
2019-07-09,1,2019-07-08,2019-07-09,14.06,14.08,0.019999999999999574,0.9999999999999787,bullish,-4.263256414560601e-14,bullish
2019-07-10,1,2019-07-09,2019-07-10,14.15,14.26,0.10999999999999943,5.499999999999972,bullish,8.999999999999943,bullish
2019-07-11,1,2019-07-10,2019-07-11,14.27,14.22,-0.049999999999998934,-2.4999999999999467,bullish,-6.999999999999893,bullish
2019-07-12,1,2019-07-11,2019-07-12,14.18,14.17,-0.009999999999999787,-0.49999999999998934,bullish,-2.9999999999999787,bullish
2019-07-15,1,2019-07-12,2019-07-15,14.27,14.28,0.009999999999999787,0.49999999999998934,bullish,-1.0000000000000213,bullish
2019-07-16,1,2019-07-15,2019-07-16,14.43,14.5,0.07000000000000028,3.500000000000014,bullish,5.000000000000028,bullish
2019-07-17,1,2019-07-16,2019-07-17,14.549999999999999,14.74,0.19000000000000128,9.500000000000064,bullish,17.000000000000128,bullish
2019-07-18,1,2019-07-17,2019-07-18,14.95,15.06,0.11000000000000121,5.50000000000006,bullish,9.00000000000012,bullish
2019-07-19,1,2019-07-18,2019-07-19,15.299999999999999,15.39,0.09000000000000163,4.500000000000082,bullish,7.000000000000163,bullish
2019-07-22,1,2019-07-19,2019-07-22,15.18,15.290000000000001,0.11000000000000121,5.50000000000006,bullish,9.00000000000012,bullish
2019-07-23,1,2019-07-22,2019-07-23,15.36,15.4,0.040000000000000924,2.000000000000046,bullish,2.0000000000000924,bullish
2019-07-24,1,2019-07-23,2019-07-24,15.35,15.53,0.17999999999999972,8.999999999999986,bullish,15.999999999999972,bullish
2019-07-25,1,2019-07-24,2019-07-25,15.53,15.46,-0.06999999999999851,-3.4999999999999254,bullish,-8.99999999999985,bullish
2019-07-26,1,2019-07-25,2019-07-26,15.37,15.41,0.040000000000000924,2.000000000000046,bullish,2.0000000000000924,bullish
2019-07-29,1,2019-07-26,2019-07-29,15.32,15.35,0.02999999999999936,1.499999999999968,bullish,0.999999999999936,bullish
2019-07-30,1,2019-07-29,2019-07-30,15.41,15.44,0.02999999999999936,1.499999999999968,bullish,0.999999999999936,bullish
2019-07-31,1,2019-07-30,2019-07-31,15.51,15.38,-0.129999999999999,-6.49999999999995,bullish,-14.9999999999999,bullish
2019-08-01,1,2019-07-31,2019-08-01,15.22,14.99,-0.23000000000000043,-11.500000000000021,bullish,-25.000000000000043,bullish
2019-08-02,1,2019-08-01,2019-08-02,15.35,15.08,-0.2699999999999996,-13.499999999999979,bullish,-28.999999999999957,bullish
2019-08-05,1,2019-08-02,2019-08-05,15.2,15.36,0.16000000000000014,8.000000000000007,bullish,14.000000000000014,bullish
2019-08-06,1,2019-08-05,2019-08-06,15.34,15.39,0.05000000000000071,2.5000000000000355,bullish,3.000000000000071,bullish
2019-08-07,1,2019-08-06,2019-08-07,15.39,15.84,0.4499999999999993,22.499999999999964,bullish,42.99999999999993,bullish
2019-08-08,1,2019-08-07,2019-08-08,15.98,15.77,-0.21000000000000085,-10.500000000000043,bullish,-23.000000000000085,bullish
2019-08-09,1,2019-08-08,2019-08-09,15.9,15.84,-0.0600000000000005,-3.000000000000025,bullish,-8.00000000000005,bullish
2019-08-12,1,2019-08-09,2019-08-12,15.9,15.85,-0.05000000000000071,-2.5000000000000355,bullish,-7.000000000000071,bullish
2019-08-13,1,2019-08-12,2019-08-13,15.99,16.169999999999998,0.17999999999999794,8.999999999999897,bullish,15.999999999999794,bullish
2019-08-14,1,2019-08-13,2019-08-14,15.879999999999999,16.11,0.23000000000000043,11.500000000000021,bullish,21.000000000000043,bullish
2019-08-15,1,2019-08-14,2019-08-15,16.09,16.119999999999997,0.029999999999997584,1.4999999999998792,bullish,0.9999999999997584,bullish
2019-08-16,1,2019-08-15,2019-08-16,16.14,16.09,-0.05000000000000071,-2.5000000000000355,bullish,-7.000000000000071,bullish
2019-08-19,1,2019-08-16,2019-08-19,16.03,15.86,-0.1700000000000017,-8.500000000000085,bullish,-19.00000000000017,bullish
2019-08-20,1,2019-08-19,2019-08-20,15.799999999999999,15.9,0.10000000000000142,5.000000000000071,bullish,8.000000000000142,bullish
2019-08-21,1,2019-08-20,2019-08-21,16.060000000000002,15.98,-0.08000000000000185,-4.000000000000092,bullish,-10.000000000000185,bullish
2019-08-22,1,2019-08-21,2019-08-22,16.060000000000002,15.97,-0.09000000000000163,-4.500000000000082,bullish,-11.000000000000163,bullish
2019-08-23,1,2019-08-22,2019-08-23,15.98,16.029999999999998,0.04999999999999716,2.499999999999858,bullish,2.999999999999716,bullish
2019-08-26,1,2019-08-23,2019-08-26,16.360000000000003,16.49,0.12999999999999545,6.499999999999773,bullish,10.999999999999545,bullish
2019-08-27,1,2019-08-26,2019-08-27,16.53,16.83,0.29999999999999716,14.999999999999858,bullish,27.999999999999716,bullish
2019-08-28,1,2019-08-27,2019-08-28,17.040000000000003,17.139999999999997,0.09999999999999432,4.999999999999716,bullish,7.999999999999432,bullish
2019-08-29,1,2019-08-28,2019-08-29,17.180000000000003,17.349999999999998,0.1699999999999946,8.49999999999973,bullish,14.99999999999946,bullish
2019-08-30,1,2019-08-29,2019-08-30,17.080000000000002,17.08,-3.552713678800501e-15,-1.7763568394002505e-13,bullish,-2.0000000000003553,bullish
2019-09-03,1,2019-08-30,2019-09-03,17.16,17.58,0.41999999999999815,20.999999999999908,bullish,39.999999999999815,bullish
2019-09-04,1,2019-09-03,2019-09-04,17.900000000000002,18.069999999999997,0.1699999999999946,8.49999999999973,bullish,14.99999999999946,bullish
2019-09-05,1,2019-09-04,2019-09-05,18.35,17.97,-0.38000000000000256,-19.000000000000128,bullish,-40.000000000000256,bullish
2019-09-06,1,2019-09-05,2019-09-06,17.42,17.479999999999997,0.05999999999999517,2.9999999999997584,bullish,3.999999999999517,bullish
2019-09-09,1,2019-09-06,2019-09-09,16.880000000000003,16.919999999999998,0.039999999999995595,1.9999999999997797,bullish,1.9999999999995595,bullish
2019-09-10,1,2019-09-09,2019-09-10,16.84,16.95,0.10999999999999943,5.499999999999972,bullish,8.999999999999943,bullish
2019-09-11,1,2019-09-10,2019-09-11,16.860000000000003,16.79,-0.07000000000000384,-3.500000000000192,bullish,-9.000000000000384,bullish
2019-09-12,1,2019-09-11,2019-09-12,16.96,16.97,0.00999999999999801,0.4999999999999005,bullish,-1.000000000000199,bullish
2019-09-13,1,2019-09-12,2019-09-13,16.930000000000003,16.889999999999997,-0.04000000000000625,-2.0000000000003126,bullish,-6.000000000000625,bullish
2019-09-16,1,2019-09-13,2019-09-16,16.32,16.7,0.379999999999999,18.99999999999995,bullish,35.9999999999999,bullish
2019-09-17,1,2019-09-16,2019-09-17,16.75,16.72,-0.030000000000001137,-1.5000000000000568,bullish,-5.000000000000114,bullish
2019-09-18,1,2019-09-17,2019-09-18,16.87,16.74,-0.13000000000000256,-6.500000000000128,bullish,-15.000000000000256,bullish
2019-09-19,1,2019-09-18,2019-09-19,16.560000000000002,16.709999999999997,0.14999999999999503,7.499999999999751,bullish,12.999999999999503,bullish
2019-09-20,1,2019-09-19,2019-09-20,16.630000000000003,16.639999999999997,0.009999999999994458,0.4999999999997229,bullish,-1.0000000000005542,bullish
2019-09-23,1,2019-09-20,2019-09-23,16.810000000000002,17.279999999999998,0.4699999999999953,23.499999999999766,bullish,44.99999999999953,bullish
2019-09-24,1,2019-09-23,2019-09-24,17.520000000000003,17.189999999999998,-0.3300000000000054,-16.50000000000027,bullish,-35.00000000000054,bullish
2019-09-25,1,2019-09-24,2019-09-25,17.450000000000003,17.279999999999998,-0.17000000000000526,-8.500000000000263,bullish,-19.000000000000526,bullish
2019-09-26,1,2019-09-25,2019-09-26,16.720000000000002,16.75,0.029999999999997584,1.4999999999998792,bullish,0.9999999999997584,bullish
2019-09-27,1,2019-09-26,2019-09-27,16.680000000000003,16.25,-0.43000000000000327,-21.500000000000163,bullish,-45.00000000000033,bullish
2019-09-30,1,2019-09-27,2019-09-30,16.37,16.02,-0.3500000000000014,-17.50000000000007,bullish,-37.00000000000014,bullish
2019-10-01,1,2019-09-30,2019-10-01,15.93,15.950000000000001,0.02000000000000135,1.0000000000000675,bullish,1.3500311979441904e-13,bullish
2019-10-02,1,2019-10-01,2019-10-02,16.16,16.319999999999997,0.1599999999999966,7.9999999999998295,bullish,13.999999999999659,bullish
2019-10-03,1,2019-10-02,2019-10-03,16.44,16.369999999999997,-0.07000000000000384,-3.500000000000192,bullish,-9.000000000000384,bullish
2019-10-04,1,2019-10-03,2019-10-04,16.44,16.29,-0.15000000000000213,-7.500000000000107,bullish,-17.000000000000213,bullish
2019-10-07,1,2019-10-04,2019-10-07,16.42,16.369999999999997,-0.05000000000000426,-2.500000000000213,bullish,-7.000000000000426,bullish
2019-10-09,1,2019-10-08,2019-10-09,16.62,16.669999999999998,0.04999999999999716,2.499999999999858,bullish,2.999999999999716,bullish
2019-10-28,1,2019-10-25,2019-10-28,16.900000000000002,16.79,-0.11000000000000298,-5.500000000000149,bullish,-13.000000000000298,bullish
2019-12-27,1,2019-12-26,2019-12-27,16.740000000000002,16.689999999999998,-0.05000000000000426,-2.500000000000213,bullish,-7.000000000000426,bullish
2019-12-30,1,2019-12-27,2019-12-30,16.59,16.689999999999998,0.09999999999999787,4.999999999999893,bullish,7.999999999999787,bullish
2019-12-31,1,2019-12-30,2019-12-31,16.75,16.759999999999998,0.00999999999999801,0.4999999999999005,bullish,-1.000000000000199,bullish
2020-01-02,1,2019-12-31,2020-01-02,16.69,16.83,0.13999999999999702,6.999999999999851,bullish,11.999999999999702,bullish
2020-01-03,1,2020-01-02,2020-01-03,16.82,16.91,0.08999999999999986,4.499999999999993,bullish,6.999999999999986,bullish
2020-01-06,1,2020-01-03,2020-01-06,16.85,17.16,0.3099999999999987,15.499999999999936,bullish,28.999999999999872,bullish
2020-01-07,1,2020-01-06,2020-01-07,16.950000000000003,16.97,0.01999999999999602,0.999999999999801,bullish,-3.979039320256561e-13,bullish
2020-01-08,1,2020-01-07,2020-01-08,17.180000000000003,17.15,-0.03000000000000469,-1.5000000000002345,bullish,-5.000000000000469,bullish
2020-01-09,1,2020-01-08,2020-01-09,16.94,16.709999999999997,-0.23000000000000398,-11.500000000000199,bullish,-25.000000000000398,bullish
2020-01-10,1,2020-01-09,2020-01-10,16.73,16.79,0.05999999999999872,2.999999999999936,bullish,3.999999999999872,bullish
2020-01-13,1,2020-01-10,2020-01-13,16.900000000000002,16.83,-0.07000000000000384,-3.500000000000192,bullish,-9.000000000000384,bullish
2020-01-14,1,2020-01-13,2020-01-14,16.790000000000003,16.59,-0.20000000000000284,-10.000000000000142,bullish,-22.000000000000284,bullish
2020-01-15,1,2020-01-14,2020-01-15,16.630000000000003,16.72,0.0899999999999963,4.499999999999815,bullish,6.9999999999996305,bullish
2020-01-16,1,2020-01-15,2020-01-16,16.82,16.77,-0.05000000000000071,-2.5000000000000355,bullish,-7.000000000000071,bullish
2020-01-17,1,2020-01-16,2020-01-17,16.78,16.819999999999997,0.039999999999995595,1.9999999999997797,bullish,1.9999999999995595,bullish
2020-01-21,1,2020-01-17,2020-01-21,16.830000000000002,16.49,-0.3400000000000034,-17.00000000000017,bullish,-36.00000000000034,bullish
2020-01-22,1,2020-01-21,2020-01-22,16.650000000000002,16.7,0.04999999999999716,2.499999999999858,bullish,2.999999999999716,bullish
2020-01-23,1,2020-01-22,2020-01-23,16.67,16.569999999999997,-0.10000000000000497,-5.000000000000249,bullish,-12.000000000000497,bullish
2020-01-24,1,2020-01-23,2020-01-24,16.62,16.68,0.05999999999999872,2.999999999999936,bullish,3.999999999999872,bullish
2020-01-27,1,2020-01-24,2020-01-27,16.92,17.029999999999998,0.10999999999999588,5.499999999999794,bullish,8.999999999999588,bullish
2020-01-28,1,2020-01-27,2020-01-28,16.900000000000002,16.569999999999997,-0.3300000000000054,-16.50000000000027,bullish,-35.00000000000054,bullish
2020-01-29,1,2020-01-28,2020-01-29,16.330000000000002,16.27,-0.060000000000002274,-3.0000000000001137,bullish,-8.000000000000227,bullish
2020-01-30,1,2020-01-29,2020-01-30,16.42,16.72,0.29999999999999716,14.999999999999858,bullish,27.999999999999716,bullish
2020-01-31,1,2020-01-30,2020-01-31,16.69,16.68,-0.010000000000001563,-0.5000000000000782,bullish,-3.0000000000001563,bullish
2020-02-03,1,2020-01-31,2020-02-03,16.830000000000002,16.599999999999998,-0.23000000000000398,-11.500000000000199,bullish,-25.000000000000398,bullish
2020-02-04,1,2020-02-03,2020-02-04,16.51,16.509999999999998,-3.552713678800501e-15,-1.7763568394002505e-13,bullish,-2.0000000000003553,bullish
2020-02-05,1,2020-02-04,2020-02-05,16.46,16.439999999999998,-0.020000000000003126,-1.0000000000001563,bullish,-4.000000000000313,bullish
2020-02-06,1,2020-02-05,2020-02-06,16.470000000000002,16.639999999999997,0.1699999999999946,8.49999999999973,bullish,14.99999999999946,bullish
2020-02-07,1,2020-02-06,2020-02-07,16.64,16.599999999999998,-0.0400000000000027,-2.000000000000135,bullish,-6.00000000000027,bullish
2020-02-10,1,2020-02-07,2020-02-10,16.55,16.58,0.029999999999997584,1.4999999999998792,bullish,0.9999999999997584,bullish
2020-02-11,1,2020-02-10,2020-02-11,16.62,16.529999999999998,-0.09000000000000341,-4.5000000000001705,bullish,-11.000000000000341,bullish
2020-02-12,1,2020-02-11,2020-02-12,16.490000000000002,16.34,-0.15000000000000213,-7.500000000000107,bullish,-17.000000000000213,bullish
2020-02-19,1,2020-02-18,2020-02-19,17.020000000000003,17.029999999999998,0.009999999999994458,0.4999999999997229,bullish,-1.0000000000005542,bullish
2020-02-20,1,2020-02-19,2020-02-20,17.240000000000002,17.08,-0.1600000000000037,-8.000000000000185,bullish,-18.00000000000037,bullish
2020-02-21,1,2020-02-20,2020-02-21,17.150000000000002,17.259999999999998,0.10999999999999588,5.499999999999794,bullish,8.999999999999588,bullish
2020-02-24,1,2020-02-21,2020-02-24,17.290000000000003,17.549999999999997,0.25999999999999446,12.999999999999723,bullish,23.999999999999446,bullish
2020-02-25,1,2020-02-24,2020-02-25,17.41,17.119999999999997,-0.2900000000000027,-14.500000000000135,bullish,-31.00000000000027,bullish
2020-02-26,1,2020-02-25,2020-02-26,16.720000000000002,16.689999999999998,-0.03000000000000469,-1.5000000000002345,bullish,-5.000000000000469,bullish
2020-02-27,1,2020-02-26,2020-02-27,16.69,16.779999999999998,0.0899999999999963,4.499999999999815,bullish,6.9999999999996305,bullish
2020-04-30,1,2020-04-29,2020-04-30,14.29,14.06,-0.22999999999999865,-11.499999999999932,bullish,-24.999999999999865,bullish
2020-05-11,1,2020-05-08,2020-05-11,14.45,14.49,0.040000000000000924,2.000000000000046,bullish,2.0000000000000924,bullish
2020-05-12,1,2020-05-11,2020-05-12,14.45,14.5,0.05000000000000071,2.5000000000000355,bullish,3.000000000000071,bullish
2020-05-13,1,2020-05-12,2020-05-13,14.43,14.44,0.009999999999999787,0.49999999999998934,bullish,-1.0000000000000213,bullish
2020-05-14,1,2020-05-13,2020-05-14,14.56,14.48,-0.08000000000000007,-4.0000000000000036,bullish,-10.000000000000007,bullish
2020-05-15,1,2020-05-14,2020-05-15,14.82,15.41,0.5899999999999999,29.499999999999993,bullish,56.999999999999986,bullish
2020-05-18,1,2020-05-15,2020-05-18,15.52,15.94,0.41999999999999993,20.999999999999996,bullish,39.99999999999999,bullish
2020-05-19,1,2020-05-18,2020-05-19,15.799999999999999,16.139999999999997,0.3399999999999981,16.999999999999904,bullish,31.999999999999808,bullish
2020-05-20,1,2020-05-19,2020-05-20,16.180000000000003,16.259999999999998,0.07999999999999474,3.999999999999737,bullish,5.999999999999474,bullish
2020-05-21,1,2020-05-20,2020-05-21,16.37,16.119999999999997,-0.25000000000000355,-12.500000000000178,bullish,-27.000000000000355,bullish
2020-05-22,1,2020-05-21,2020-05-22,15.97,15.950000000000001,-0.019999999999999574,-0.9999999999999787,bullish,-3.9999999999999574,bullish
2020-05-26,1,2020-05-22,2020-05-26,16.05,16.27,0.21999999999999886,10.999999999999943,bullish,19.999999999999886,bullish
2020-05-27,1,2020-05-26,2020-05-27,15.98,15.74,-0.2400000000000002,-12.00000000000001,bullish,-26.00000000000002,bullish
2020-05-28,1,2020-05-27,2020-05-28,16.16,16.229999999999997,0.06999999999999673,3.4999999999998366,bullish,4.999999999999673,bullish
2020-05-29,1,2020-05-28,2020-05-29,16.200000000000003,16.54,0.3399999999999963,16.999999999999815,bullish,31.99999999999963,bullish
2020-06-01,1,2020-05-29,2020-06-01,16.67,16.849999999999998,0.17999999999999616,8.999999999999808,bullish,15.999999999999616,bullish
2020-06-02,1,2020-06-01,2020-06-02,17.110000000000003,17.049999999999997,-0.060000000000005826,-3.0000000000002913,bullish,-8.000000000000583,bullish
2020-06-03,1,2020-06-02,2020-06-03,16.85,16.49,-0.360000000000003,-18.00000000000015,bullish,-38.0000000000003,bullish
2020-06-04,1,2020-06-03,2020-06-04,16.490000000000002,16.529999999999998,0.039999999999995595,1.9999999999997797,bullish,1.9999999999995595,bullish
2020-06-05,1,2020-06-04,2020-06-05,16.55,16.169999999999998,-0.38000000000000256,-19.000000000000128,bullish,-40.000000000000256,bullish
2020-06-08,1,2020-06-05,2020-06-08,16.21,16.34,0.129999999999999,6.49999999999995,bullish,10.9999999999999,bullish
2020-06-09,1,2020-06-08,2020-06-09,16.6,16.419999999999998,-0.18000000000000327,-9.000000000000163,bullish,-20.000000000000327,bullish
2020-06-10,1,2020-06-09,2020-06-10,16.430000000000003,16.689999999999998,0.25999999999999446,12.999999999999723,bullish,23.999999999999446,bullish
2020-06-11,1,2020-06-10,2020-06-11,16.970000000000002,16.74,-0.23000000000000398,-11.500000000000199,bullish,-25.000000000000398,bullish
2020-06-12,1,2020-06-11,2020-06-12,16.450000000000003,16.43,-0.020000000000003126,-1.0000000000001563,bullish,-4.000000000000313,bullish
2020-06-15,1,2020-06-12,2020-06-15,16.290000000000003,15.86,-0.43000000000000327,-21.500000000000163,bullish,-45.00000000000033,bullish
2020-06-16,1,2020-06-15,2020-06-16,16.240000000000002,16.189999999999998,-0.05000000000000426,-2.500000000000213,bullish,-7.000000000000426,bullish
2020-06-17,1,2020-06-16,2020-06-17,16.270000000000003,16.33,0.05999999999999517,2.9999999999997584,bullish,3.999999999999517,bullish
2020-06-18,1,2020-06-17,2020-06-18,16.34,16.189999999999998,-0.15000000000000213,-7.500000000000107,bullish,-17.000000000000213,bullish
2020-06-19,1,2020-06-18,2020-06-19,16.220000000000002,16.419999999999998,0.19999999999999574,9.999999999999787,bullish,17.999999999999574,bullish
2020-06-22,1,2020-06-19,2020-06-22,16.5,16.709999999999997,0.2099999999999973,10.499999999999865,bullish,18.99999999999973,bullish
2020-06-23,1,2020-06-22,2020-06-23,16.51,16.72,0.2099999999999973,10.499999999999865,bullish,18.99999999999973,bullish
2020-06-24,1,2020-06-23,2020-06-24,16.770000000000003,16.349999999999998,-0.42000000000000526,-21.000000000000263,bullish,-44.000000000000526,bullish
2020-06-25,1,2020-06-24,2020-06-25,16.290000000000003,16.49,0.19999999999999574,9.999999999999787,bullish,17.999999999999574,bullish
2020-06-26,1,2020-06-25,2020-06-26,16.6,16.479999999999997,-0.12000000000000455,-6.000000000000227,bullish,-14.000000000000455,bullish
2020-06-29,1,2020-06-26,2020-06-29,16.64,16.569999999999997,-0.07000000000000384,-3.500000000000192,bullish,-9.000000000000384,bullish
2020-06-30,1,2020-06-29,2020-06-30,16.66,16.639999999999997,-0.020000000000003126,-1.0000000000001563,bullish,-4.000000000000313,bullish
2020-07-01,1,2020-06-30,2020-07-01,17.020000000000003,17.0,-0.020000000000003126,-1.0000000000001563,bullish,-4.000000000000313,bullish
2020-07-02,1,2020-07-01,2020-07-02,16.830000000000002,16.689999999999998,-0.14000000000000412,-7.000000000000206,bullish,-16.000000000000412,bullish
2020-07-06,1,2020-07-02,2020-07-06,16.720000000000002,17.069999999999997,0.3499999999999943,17.499999999999716,bullish,32.99999999999943,bullish
2020-07-07,1,2020-07-06,2020-07-07,17.060000000000002,16.919999999999998,-0.14000000000000412,-7.000000000000206,bullish,-16.000000000000412,bullish
2020-07-08,1,2020-07-07,2020-07-08,17.020000000000003,17.319999999999997,0.2999999999999936,14.99999999999968,bullish,27.99999999999936,bullish
2020-07-09,1,2020-07-08,2020-07-09,17.5,17.689999999999998,0.18999999999999773,9.499999999999886,bullish,16.999999999999773,bullish
2020-07-10,1,2020-07-09,2020-07-10,17.39,17.479999999999997,0.0899999999999963,4.499999999999815,bullish,6.9999999999996305,bullish
2020-07-13,1,2020-07-10,2020-07-13,17.44,17.979999999999997,0.5399999999999956,26.99999999999978,bullish,51.99999999999956,bullish
2020-07-14,1,2020-07-13,2020-07-14,17.740000000000002,17.7,-0.0400000000000027,-2.000000000000135,bullish,-6.00000000000027,bullish
2020-07-15,1,2020-07-14,2020-07-15,17.98,17.88,-0.10000000000000142,-5.000000000000071,bullish,-12.000000000000142,bullish
2020-07-16,1,2020-07-15,2020-07-16,18.180000000000003,17.97,-0.2100000000000044,-10.50000000000022,bullish,-23.00000000000044,bullish
2020-07-17,1,2020-07-16,2020-07-17,17.790000000000003,17.97,0.17999999999999616,8.999999999999808,bullish,15.999999999999616,bullish
2020-07-20,1,2020-07-17,2020-07-20,18.020000000000003,18.349999999999998,0.32999999999999474,16.499999999999737,bullish,30.999999999999474,bullish
2020-07-21,1,2020-07-20,2020-07-21,18.540000000000003,19.509999999999998,0.9699999999999953,48.499999999999766,bullish,94.99999999999953,bullish
2020-07-22,1,2020-07-21,2020-07-22,19.680000000000003,20.639999999999997,0.9599999999999937,47.99999999999969,bullish,93.99999999999937,bullish
2020-07-23,1,2020-07-22,2020-07-23,21.450000000000003,21.09,-0.360000000000003,-18.00000000000015,bullish,-38.0000000000003,bullish
2020-07-24,1,2020-07-23,2020-07-24,21.040000000000003,21.33,0.2899999999999956,14.49999999999978,bullish,26.99999999999956,bullish
2020-07-27,1,2020-07-24,2020-07-27,21.220000000000002,22.549999999999997,1.3299999999999947,66.49999999999973,bullish,130.9999999999995,bullish
2020-07-28,1,2020-07-27,2020-07-28,22.84,22.299999999999997,-0.5400000000000027,-27.000000000000135,bullish,-56.00000000000027,bullish
2020-07-29,1,2020-07-28,2020-07-29,22.78,22.669999999999998,-0.11000000000000298,-5.500000000000149,bullish,-13.000000000000298,bullish
2020-07-30,1,2020-07-29,2020-07-30,22.580000000000002,21.689999999999998,-0.8900000000000041,-44.500000000000206,bullish,-91.00000000000041,bullish
2020-07-31,1,2020-07-30,2020-07-31,21.770000000000003,22.2,0.42999999999999616,21.499999999999808,bullish,40.999999999999616,bullish
2020-08-03,1,2020-07-31,2020-08-03,22.66,22.58,-0.08000000000000185,-4.000000000000092,bullish,-10.000000000000185,bullish
2020-08-04,1,2020-08-03,2020-08-04,22.75,22.689999999999998,-0.060000000000002274,-3.0000000000001137,bullish,-8.000000000000227,bullish
2020-08-05,1,2020-08-04,2020-08-05,24.26,25.11,0.8499999999999979,42.49999999999989,bullish,82.99999999999979,bullish
2020-08-06,1,2020-08-05,2020-08-06,25.060000000000002,26.299999999999997,1.2399999999999949,61.999999999999744,bullish,121.99999999999949,bullish
2020-08-07,1,2020-08-06,2020-08-07,26.89,26.27,-0.620000000000001,-31.00000000000005,bullish,-64.0000000000001,bullish
2020-08-10,1,2020-08-07,2020-08-10,26.200000000000003,26.58,0.37999999999999545,18.999999999999773,bullish,35.999999999999545,bullish
2020-08-11,1,2020-08-10,2020-08-11,27.01,25.22,-1.7900000000000027,-89.50000000000013,bullish,-181.00000000000028,bullish
2020-08-12,1,2020-08-11,2020-08-12,23.34,24.13,0.7899999999999991,39.49999999999996,bullish,76.99999999999991,bullish
2020-08-13,1,2020-08-12,2020-08-13,23.430000000000003,24.639999999999997,1.2099999999999937,60.49999999999969,bullish,118.99999999999937,bullish
2020-08-14,1,2020-08-13,2020-08-14,25.46,25.099999999999998,-0.360000000000003,-18.00000000000015,bullish,-38.0000000000003,bullish
2020-08-17,1,2020-08-14,2020-08-17,24.59,25.47,0.879999999999999,43.99999999999995,bullish,85.9999999999999,bullish
2020-08-18,1,2020-08-17,2020-08-18,25.630000000000003,26.41,0.7799999999999976,38.99999999999988,bullish,75.99999999999976,bullish
2020-08-19,1,2020-08-18,2020-08-19,25.89,25.93,0.03999999999999915,1.9999999999999574,bullish,1.9999999999999147,bullish
2020-08-20,1,2020-08-19,2020-08-20,24.89,24.919999999999998,0.029999999999997584,1.4999999999998792,bullish,0.9999999999997584,bullish
2020-08-21,1,2020-08-20,2020-08-21,25.62,24.86,-0.7600000000000016,-38.00000000000008,bullish,-78.00000000000016,bullish
2020-08-24,1,2020-08-21,2020-08-24,24.91,25.069999999999997,0.1599999999999966,7.9999999999998295,bullish,13.999999999999659,bullish
2020-08-25,1,2020-08-24,2020-08-25,24.610000000000003,24.72,0.10999999999999588,5.499999999999794,bullish,8.999999999999588,bullish
2020-08-26,1,2020-08-25,2020-08-26,24.770000000000003,24.619999999999997,-0.15000000000000568,-7.500000000000284,bullish,-17.00000000000057,bullish
2020-08-27,1,2020-08-26,2020-08-27,25.580000000000002,25.88,0.29999999999999716,14.999999999999858,bullish,27.999999999999716,bullish
2020-08-28,1,2020-08-27,2020-08-28,25.17,25.599999999999998,0.42999999999999616,21.499999999999808,bullish,40.999999999999616,bullish
2020-08-31,1,2020-08-28,2020-08-31,25.62,26.029999999999998,0.4099999999999966,20.49999999999983,bullish,38.99999999999966,bullish
2020-09-01,1,2020-08-31,2020-09-01,26.240000000000002,26.72,0.4799999999999969,23.999999999999844,bullish,45.99999999999969,bullish
2020-09-02,1,2020-09-01,2020-09-02,26.150000000000002,25.709999999999997,-0.44000000000000483,-22.00000000000024,bullish,-46.00000000000048,bullish
2020-09-03,1,2020-09-02,2020-09-03,25.560000000000002,25.38,-0.18000000000000327,-9.000000000000163,bullish,-20.000000000000327,bullish
2020-09-04,1,2020-09-03,2020-09-04,24.75,24.84,0.08999999999999986,4.499999999999993,bullish,6.999999999999986,bullish
2020-09-08,1,2020-09-04,2020-09-08,25.07,24.43,-0.6400000000000006,-32.00000000000003,bullish,-66.00000000000006,bullish
2020-09-09,1,2020-09-08,2020-09-09,24.76,24.97,0.2099999999999973,10.499999999999865,bullish,18.99999999999973,bullish
2020-09-10,1,2020-09-09,2020-09-10,25.19,25.52,0.3299999999999983,16.499999999999915,bullish,30.99999999999983,bullish
2020-09-11,1,2020-09-10,2020-09-11,24.87,25.02,0.14999999999999858,7.499999999999929,bullish,12.999999999999858,bullish
2020-09-14,1,2020-09-11,2020-09-14,24.91,25.119999999999997,0.2099999999999973,10.499999999999865,bullish,18.99999999999973,bullish
2020-09-15,1,2020-09-14,2020-09-15,25.3,25.43,0.129999999999999,6.49999999999995,bullish,10.9999999999999,bullish
2020-09-16,1,2020-09-15,2020-09-16,25.240000000000002,25.45,0.2099999999999973,10.499999999999865,bullish,18.99999999999973,bullish
2020-09-17,1,2020-09-16,2020-09-17,25.240000000000002,24.639999999999997,-0.600000000000005,-30.00000000000025,bullish,-62.0000000000005,bullish
2020-09-18,1,2020-09-17,2020-09-18,25.240000000000002,24.97,-0.2700000000000031,-13.500000000000156,bullish,-29.000000000000313,bullish
2020-09-21,1,2020-09-18,2020-09-21,24.94,24.189999999999998,-0.7500000000000036,-37.50000000000018,bullish,-77.00000000000036,bullish
2020-11-06,1,2020-11-05,2020-11-06,23.62,23.91,0.28999999999999915,14.499999999999957,bullish,26.999999999999915,bullish
2020-11-09,1,2020-11-06,2020-11-09,23.8,22.77,-1.0300000000000011,-51.50000000000006,bullish,-105.00000000000011,bullish
2020-12-17,1,2020-12-16,2020-12-17,23.630000000000003,24.08,0.44999999999999574,22.499999999999787,bullish,42.999999999999574,bullish
2020-12-18,1,2020-12-17,2020-12-18,24.16,24.009999999999998,-0.15000000000000213,-7.500000000000107,bullish,-17.000000000000213,bullish
2020-12-21,1,2020-12-18,2020-12-21,23.970000000000002,24.11,0.13999999999999702,6.999999999999851,bullish,11.999999999999702,bullish
2020-12-22,1,2020-12-21,2020-12-22,24.39,24.009999999999998,-0.38000000000000256,-19.000000000000128,bullish,-40.000000000000256,bullish
2020-12-23,1,2020-12-22,2020-12-23,23.44,23.689999999999998,0.24999999999999645,12.499999999999822,bullish,22.999999999999645,bullish
2020-12-24,1,2020-12-23,2020-12-24,23.810000000000002,23.709999999999997,-0.10000000000000497,-5.000000000000249,bullish,-12.000000000000497,bullish
2020-12-28,1,2020-12-24,2020-12-28,23.970000000000002,24.669999999999998,0.6999999999999957,34.99999999999979,bullish,67.99999999999957,bullish
2020-12-29,1,2020-12-28,2020-12-29,24.44,24.349999999999998,-0.09000000000000341,-4.5000000000001705,bullish,-11.000000000000341,bullish
2020-12-30,1,2020-12-29,2020-12-30,24.400000000000002,24.41,0.00999999999999801,0.4999999999999005,bullish,-1.000000000000199,bullish
2020-12-31,1,2020-12-30,2020-12-31,24.770000000000003,24.599999999999998,-0.17000000000000526,-8.500000000000263,bullish,-19.000000000000526,bullish
2021-01-04,1,2020-12-31,2021-01-04,24.580000000000002,25.529999999999998,0.9499999999999957,47.49999999999979,bullish,92.99999999999957,bullish
2021-01-05,1,2021-01-04,2021-01-05,25.360000000000003,25.45,0.0899999999999963,4.499999999999815,bullish,6.9999999999996305,bullish
2021-01-06,1,2021-01-05,2021-01-06,25.680000000000003,25.33,-0.350000000000005,-17.50000000000025,bullish,-37.0000000000005,bullish
2021-01-07,1,2021-01-06,2021-01-07,25.35,25.209999999999997,-0.14000000000000412,-7.000000000000206,bullish,-16.000000000000412,bullish
2021-01-08,1,2021-01-07,2021-01-08,25.270000000000003,24.72,-0.5500000000000043,-27.500000000000213,bullish,-57.000000000000426,bullish
2021-01-11,1,2021-01-08,2021-01-11,23.520000000000003,22.939999999999998,-0.5800000000000054,-29.00000000000027,bullish,-60.00000000000054,bullish
2021-01-12,1,2021-01-11,2021-01-12,23.220000000000002,23.54,0.31999999999999673,15.999999999999837,bullish,29.999999999999673,bullish
2021-01-13,1,2021-01-12,2021-01-13,23.73,23.569999999999997,-0.1600000000000037,-8.000000000000185,bullish,-18.00000000000037,bullish
2021-01-14,1,2021-01-13,2021-01-14,23.450000000000003,23.599999999999998,0.14999999999999503,7.499999999999751,bullish,12.999999999999503,bullish
2021-01-15,1,2021-01-14,2021-01-15,23.720000000000002,23.16,-0.5600000000000023,-28.000000000000114,bullish,-58.00000000000023,bullish
2021-01-19,1,2021-01-15,2021-01-19,22.96,23.47,0.509999999999998,25.4999999999999,bullish,48.9999999999998,bullish
2021-01-20,1,2021-01-19,2021-01-20,23.39,23.639999999999997,0.24999999999999645,12.499999999999822,bullish,22.999999999999645,bullish
2021-01-21,1,2021-01-20,2021-01-21,24.020000000000003,24.0,-0.020000000000003126,-1.0000000000001563,bullish,-4.000000000000313,bullish
2021-01-22,1,2021-01-21,2021-01-22,24.16,23.509999999999998,-0.6500000000000021,-32.50000000000011,bullish,-67.00000000000021,bullish
2021-01-25,1,2021-01-22,2021-01-25,23.67,23.83,0.1599999999999966,7.9999999999998295,bullish,13.999999999999659,bullish
2021-01-26,1,2021-01-25,2021-01-26,23.560000000000002,23.639999999999997,0.07999999999999474,3.999999999999737,bullish,5.999999999999474,bullish
2021-01-27,1,2021-01-26,2021-01-27,23.66,23.33,-0.33000000000000185,-16.500000000000092,bullish,-35.000000000000185,bullish
2021-01-28,1,2021-01-27,2021-01-28,23.430000000000003,24.52,1.0899999999999963,54.499999999999815,bullish,106.99999999999963,bullish
2021-01-29,1,2021-01-28,2021-01-29,24.73,25.299999999999997,0.5699999999999967,28.499999999999837,bullish,54.99999999999967,bullish
2021-02-01,1,2021-01-29,2021-02-01,25.0,27.75,2.75,137.5,bullish,273.0,bullish
2021-02-02,1,2021-02-01,2021-02-02,26.770000000000003,25.529999999999998,-1.2400000000000055,-62.00000000000028,bullish,-126.00000000000055,bullish
2021-02-03,1,2021-02-02,2021-02-03,24.55,24.99,0.4399999999999977,21.999999999999886,bullish,41.99999999999977,bullish
2021-02-04,1,2021-02-03,2021-02-04,24.94,24.369999999999997,-0.5700000000000038,-28.500000000000192,bullish,-59.000000000000384,bullish
2021-02-05,1,2021-02-04,2021-02-05,24.490000000000002,24.729999999999997,0.23999999999999488,11.999999999999744,bullish,21.99999999999949,bullish
2021-02-08,1,2021-02-05,2021-02-08,24.96,25.5,0.5399999999999991,26.999999999999957,bullish,51.999999999999915,bullish
2021-02-09,1,2021-02-08,2021-02-09,25.400000000000002,25.549999999999997,0.14999999999999503,7.499999999999751,bullish,12.999999999999503,bullish
2021-02-10,1,2021-02-09,2021-02-10,25.290000000000003,25.43,0.13999999999999702,6.999999999999851,bullish,11.999999999999702,bullish
2021-02-11,1,2021-02-10,2021-02-11,25.080000000000002,25.25,0.16999999999999815,8.499999999999908,bullish,14.999999999999815,bullish
2021-02-12,1,2021-02-11,2021-02-12,25.1,25.119999999999997,0.01999999999999602,0.999999999999801,bullish,-3.979039320256561e-13,bullish
2021-02-16,1,2021-02-12,2021-02-16,25.32,25.15,-0.1700000000000017,-8.500000000000085,bullish,-19.00000000000017,bullish
2021-02-17,1,2021-02-16,2021-02-17,25.270000000000003,25.15,-0.12000000000000455,-6.000000000000227,bullish,-14.000000000000455,bullish
2021-02-18,1,2021-02-17,2021-02-18,25.41,25.22,-0.19000000000000128,-9.500000000000064,bullish,-21.000000000000128,bullish
2021-02-19,1,2021-02-18,2021-02-19,25.07,25.41,0.33999999999999986,16.999999999999993,bullish,31.999999999999986,bullish
2021-02-22,1,2021-02-19,2021-02-22,25.270000000000003,25.479999999999997,0.20999999999999375,10.499999999999687,bullish,18.999999999999375,bullish
2021-02-23,1,2021-02-22,2021-02-23,26.28,25.819999999999997,-0.4600000000000044,-23.00000000000022,bullish,-48.00000000000044,bullish
2021-02-24,1,2021-02-23,2021-02-24,25.720000000000002,25.47,-0.25000000000000355,-12.500000000000178,bullish,-27.000000000000355,bullish
2021-02-25,1,2021-02-24,2021-02-25,25.950000000000003,25.799999999999997,-0.15000000000000568,-7.500000000000284,bullish,-17.00000000000057,bullish
2021-02-26,1,2021-02-25,2021-02-26,25.41,24.99,-0.4200000000000017,-21.000000000000085,bullish,-44.00000000000017,bullish
2021-03-01,1,2021-02-26,2021-03-01,24.67,24.95,0.2799999999999976,13.99999999999988,bullish,25.99999999999976,bullish
2021-03-02,1,2021-03-01,2021-03-02,24.610000000000003,24.49,-0.12000000000000455,-6.000000000000227,bullish,-14.000000000000455,bullish
2021-03-03,1,2021-03-02,2021-03-03,24.810000000000002,24.299999999999997,-0.5100000000000051,-25.500000000000256,bullish,-53.00000000000051,bullish
2021-03-04,1,2021-03-03,2021-03-04,24.290000000000003,24.099999999999998,-0.19000000000000483,-9.500000000000242,bullish,-21.000000000000483,bullish
2021-05-07,1,2021-05-06,2021-05-07,25.380000000000003,25.27,-0.11000000000000298,-5.500000000000149,bullish,-13.000000000000298,bullish
2021-05-10,1,2021-05-07,2021-05-10,25.48,25.79,0.3099999999999987,15.499999999999936,bullish,28.999999999999872,bullish
2021-05-11,1,2021-05-10,2021-05-11,25.360000000000003,25.22,-0.14000000000000412,-7.000000000000206,bullish,-16.000000000000412,bullish
2021-05-12,1,2021-05-11,2021-05-12,25.680000000000003,25.389999999999997,-0.29000000000000625,-14.500000000000313,bullish,-31.000000000000625,bullish
2021-05-13,1,2021-05-12,2021-05-13,25.1,24.959999999999997,-0.14000000000000412,-7.000000000000206,bullish,-16.000000000000412,bullish
2021-05-14,1,2021-05-13,2021-05-14,25.17,25.38,0.2099999999999973,10.499999999999865,bullish,18.99999999999973,bullish
2021-05-17,1,2021-05-14,2021-05-17,25.470000000000002,25.549999999999997,0.07999999999999474,3.999999999999737,bullish,5.999999999999474,bullish
2021-05-18,1,2021-05-17,2021-05-18,26.200000000000003,26.36,0.1599999999999966,7.9999999999998295,bullish,13.999999999999659,bullish
2021-05-19,1,2021-05-18,2021-05-19,26.16,25.68,-0.4800000000000004,-24.00000000000002,bullish,-50.00000000000004,bullish
2021-05-20,1,2021-05-19,2021-05-20,25.740000000000002,25.799999999999997,0.05999999999999517,2.9999999999997584,bullish,3.999999999999517,bullish
2021-05-21,1,2021-05-20,2021-05-21,25.8,25.97,0.16999999999999815,8.499999999999908,bullish,14.999999999999815,bullish
2021-05-24,1,2021-05-21,2021-05-24,25.540000000000003,25.72,0.17999999999999616,8.999999999999808,bullish,15.999999999999616,bullish
2021-05-25,1,2021-05-24,2021-05-25,25.76,25.52,-0.240000000000002,-12.0000000000001,bullish,-26.0000000000002,bullish
2021-05-26,1,2021-05-25,2021-05-26,26.0,25.86,-0.14000000000000057,-7.000000000000028,bullish,-16.000000000000057,bullish
2021-05-27,1,2021-05-26,2021-05-27,25.680000000000003,25.66,-0.020000000000003126,-1.0000000000001563,bullish,-4.000000000000313,bullish
2021-05-28,1,2021-05-27,2021-05-28,25.860000000000003,25.619999999999997,-0.24000000000000554,-12.000000000000277,bullish,-26.000000000000554,bullish
2021-06-01,1,2021-05-28,2021-06-01,25.91,26.369999999999997,0.4599999999999973,22.999999999999865,bullish,43.99999999999973,bullish
2021-06-02,1,2021-06-01,2021-06-02,25.85,25.95,0.09999999999999787,4.999999999999893,bullish,7.999999999999787,bullish
2021-06-03,1,2021-06-02,2021-06-03,26.16,25.43,-0.7300000000000004,-36.50000000000002,bullish,-75.00000000000004,bullish
2021-06-04,1,2021-06-03,2021-06-04,25.470000000000002,25.7,0.22999999999999687,11.499999999999844,bullish,20.999999999999687,bullish
2021-06-07,1,2021-06-04,2021-06-07,25.790000000000003,25.79,-3.552713678800501e-15,-1.7763568394002505e-13,bullish,-2.0000000000003553,bullish
2021-06-08,1,2021-06-07,2021-06-08,25.91,25.709999999999997,-0.20000000000000284,-10.000000000000142,bullish,-22.000000000000284,bullish
2021-06-09,1,2021-06-08,2021-06-09,25.62,25.819999999999997,0.19999999999999574,9.999999999999787,bullish,17.999999999999574,bullish
2021-06-10,1,2021-06-09,2021-06-10,25.790000000000003,25.729999999999997,-0.060000000000005826,-3.0000000000002913,bullish,-8.000000000000583,bullish
2021-06-11,1,2021-06-10,2021-06-11,25.98,26.13,0.14999999999999858,7.499999999999929,bullish,12.999999999999858,bullish
2021-06-14,1,2021-06-11,2021-06-14,25.880000000000003,25.58,-0.30000000000000426,-15.000000000000213,bullish,-32.000000000000426,bullish
2021-06-15,1,2021-06-14,2021-06-15,25.85,25.669999999999998,-0.18000000000000327,-9.000000000000163,bullish,-20.000000000000327,bullish
2021-06-16,1,2021-06-15,2021-06-16,25.66,25.709999999999997,0.04999999999999716,2.499999999999858,bullish,2.999999999999716,bullish
2021-06-17,1,2021-06-16,2021-06-17,25.270000000000003,24.349999999999998,-0.9200000000000053,-46.00000000000026,bullish,-94.00000000000053,bullish
2021-10-26,1,2021-10-25,2021-10-26,22.75,22.369999999999997,-0.38000000000000256,-19.000000000000128,bullish,-40.000000000000256,bullish
2021-11-05,1,2021-11-04,2021-11-05,22.01,22.24,0.22999999999999687,11.499999999999844,bullish,20.999999999999687,bullish
2021-11-08,1,2021-11-05,2021-11-08,22.360000000000003,22.529999999999998,0.1699999999999946,8.49999999999973,bullish,14.99999999999946,bullish
2021-11-09,1,2021-11-08,2021-11-09,22.66,22.509999999999998,-0.15000000000000213,-7.500000000000107,bullish,-17.000000000000213,bullish
2021-11-10,1,2021-11-09,2021-11-10,22.540000000000003,23.119999999999997,0.5799999999999947,28.999999999999737,bullish,55.999999999999474,bullish
2021-11-11,1,2021-11-10,2021-11-11,22.880000000000003,23.209999999999997,0.32999999999999474,16.499999999999737,bullish,30.999999999999474,bullish
2021-11-12,1,2021-11-11,2021-11-12,23.360000000000003,23.169999999999998,-0.19000000000000483,-9.500000000000242,bullish,-21.000000000000483,bullish
2021-11-15,1,2021-11-12,2021-11-15,23.430000000000003,23.18,-0.25000000000000355,-12.500000000000178,bullish,-27.000000000000355,bullish
2021-11-16,1,2021-11-15,2021-11-16,23.25,23.139999999999997,-0.11000000000000298,-5.500000000000149,bullish,-13.000000000000298,bullish
2021-11-17,1,2021-11-16,2021-11-17,22.970000000000002,23.209999999999997,0.23999999999999488,11.999999999999744,bullish,21.99999999999949,bullish
2021-11-18,1,2021-11-17,2021-11-18,23.180000000000003,23.009999999999998,-0.17000000000000526,-8.500000000000263,bullish,-19.000000000000526,bullish
2021-11-19,1,2021-11-18,2021-11-19,22.970000000000002,22.99,0.01999999999999602,0.999999999999801,bullish,-3.979039320256561e-13,bullish
2021-11-22,1,2021-11-19,2021-11-22,22.76,22.66,-0.10000000000000142,-5.000000000000071,bullish,-12.000000000000142,bullish
2021-11-23,1,2021-11-22,2021-11-23,22.35,21.7,-0.6500000000000021,-32.50000000000011,bullish,-67.00000000000021,bullish
2021-11-24,1,2021-11-23,2021-11-24,21.930000000000003,21.72,-0.2100000000000044,-10.50000000000022,bullish,-23.00000000000044,bullish
2021-11-26,1,2021-11-24,2021-11-26,21.8,21.779999999999998,-0.020000000000003126,-1.0000000000001563,bullish,-4.000000000000313,bullish
2022-01-19,1,2022-01-18,2022-01-19,21.700000000000003,22.0,0.29999999999999716,14.999999999999858,bullish,27.999999999999716,bullish
2022-01-20,1,2022-01-19,2022-01-20,22.380000000000003,22.65,0.269999999999996,13.499999999999801,bullish,24.999999999999602,bullish
2022-01-21,1,2022-01-20,2022-01-21,22.630000000000003,22.68,0.04999999999999716,2.499999999999858,bullish,2.999999999999716,bullish
2022-01-24,1,2022-01-21,2022-01-24,22.39,22.009999999999998,-0.38000000000000256,-19.000000000000128,bullish,-40.000000000000256,bullish
2022-01-25,1,2022-01-24,2022-01-25,22.12,21.819999999999997,-0.30000000000000426,-15.000000000000213,bullish,-32.000000000000426,bullish
2022-01-26,1,2022-01-25,2022-01-26,22.03,21.869999999999997,-0.1600000000000037,-8.000000000000185,bullish,-18.00000000000037,bullish
2022-01-27,1,2022-01-26,2022-01-27,21.73,21.06,-0.6700000000000017,-33.500000000000085,bullish,-69.00000000000017,bullish
2022-02-14,1,2022-02-11,2022-02-14,21.84,22.04,0.1999999999999993,9.999999999999964,bullish,17.99999999999993,bullish
2022-02-15,1,2022-02-14,2022-02-15,22.060000000000002,21.4,-0.6600000000000037,-33.000000000000185,bullish,-68.00000000000037,bullish
2022-02-17,1,2022-02-16,2022-02-17,21.880000000000003,21.88,-3.552713678800501e-15,-1.7763568394002505e-13,bullish,-2.0000000000003553,bullish
2022-02-18,1,2022-02-17,2022-02-18,22.05,22.139999999999997,0.0899999999999963,4.499999999999815,bullish,6.9999999999996305,bullish
2022-02-22,1,2022-02-18,2022-02-22,22.130000000000003,22.38,0.24999999999999645,12.499999999999822,bullish,22.999999999999645,bullish
2022-02-23,1,2022-02-22,2022-02-23,22.32,22.389999999999997,0.06999999999999673,3.4999999999998366,bullish,4.999999999999673,bullish
2022-02-24,1,2022-02-23,2022-02-24,22.740000000000002,23.38,0.639999999999997,31.99999999999985,bullish,61.9999999999997,bullish
2022-02-25,1,2022-02-24,2022-02-25,22.32,22.169999999999998,-0.15000000000000213,-7.500000000000107,bullish,-17.000000000000213,bullish
2022-02-28,1,2022-02-25,2022-02-28,22.41,22.7,0.28999999999999915,14.499999999999957,bullish,26.999999999999915,bullish
2022-03-01,1,2022-02-28,2022-03-01,22.630000000000003,22.83,0.19999999999999574,9.999999999999787,bullish,17.999999999999574,bullish
2022-03-02,1,2022-03-01,2022-03-02,23.55,23.2,-0.3500000000000014,-17.50000000000007,bullish,-37.00000000000014,bullish
2022-03-03,1,2022-03-02,2022-03-03,23.380000000000003,23.29,-0.09000000000000341,-4.5000000000001705,bullish,-11.000000000000341,bullish
2022-03-04,1,2022-03-03,2022-03-04,23.3,23.38,0.0799999999999983,3.9999999999999147,bullish,5.9999999999998295,bullish
2022-03-07,1,2022-03-04,2022-03-07,23.650000000000002,23.529999999999998,-0.12000000000000455,-6.000000000000227,bullish,-14.000000000000455,bullish
2022-03-08,1,2022-03-07,2022-03-08,23.71,24.259999999999998,0.5499999999999972,27.499999999999858,bullish,52.999999999999716,bullish
2022-03-09,1,2022-03-08,2022-03-09,24.46,23.939999999999998,-0.5200000000000031,-26.000000000000156,bullish,-54.00000000000031,bullish
2022-03-10,1,2022-03-09,2022-03-10,23.810000000000002,24.009999999999998,0.19999999999999574,9.999999999999787,bullish,17.999999999999574,bullish
2022-03-11,1,2022-03-10,2022-03-11,24.020000000000003,23.74,-0.2800000000000047,-14.000000000000234,bullish,-30.00000000000047,bullish
2022-03-14,1,2022-03-11,2022-03-14,23.880000000000003,23.36,-0.5200000000000031,-26.000000000000156,bullish,-54.00000000000031,bullish
2022-03-15,1,2022-03-14,2022-03-15,23.17,22.86,-0.3100000000000023,-15.500000000000114,bullish,-33.00000000000023,bullish
2022-03-16,1,2022-03-15,2022-03-16,23.01,22.959999999999997,-0.05000000000000426,-2.500000000000213,bullish,-7.000000000000426,bullish
2022-03-17,1,2022-03-16,2022-03-17,23.12,23.33,0.2099999999999973,10.499999999999865,bullish,18.99999999999973,bullish
2022-03-18,1,2022-03-17,2022-03-18,23.34,23.119999999999997,-0.22000000000000242,-11.00000000000012,bullish,-24.00000000000024,bullish
2022-03-21,1,2022-03-18,2022-03-21,23.03,23.049999999999997,0.01999999999999602,0.999999999999801,bullish,-3.979039320256561e-13,bullish
2022-03-22,1,2022-03-21,2022-03-22,23.290000000000003,22.939999999999998,-0.350000000000005,-17.50000000000025,bullish,-37.0000000000005,bullish
2022-03-23,1,2022-03-22,2022-03-23,22.89,23.11,0.21999999999999886,10.999999999999943,bullish,19.999999999999886,bullish
2022-03-24,1,2022-03-23,2022-03-24,23.25,23.569999999999997,0.31999999999999673,15.999999999999837,bullish,29.999999999999673,bullish
2022-03-25,1,2022-03-24,2022-03-25,23.62,23.47,-0.15000000000000213,-7.500000000000107,bullish,-17.000000000000213,bullish
2022-03-28,1,2022-03-25,2022-03-28,23.490000000000002,23.119999999999997,-0.37000000000000455,-18.500000000000227,bullish,-39.000000000000455,bullish
2022-03-29,1,2022-03-28,2022-03-29,22.94,22.349999999999998,-0.5900000000000034,-29.50000000000017,bullish,-61.00000000000034,bullish
2022-03-30,1,2022-03-29,2022-03-30,22.92,22.97,0.04999999999999716,2.499999999999858,bullish,2.999999999999716,bullish
2022-03-31,1,2022-03-30,2022-03-31,22.950000000000003,23.099999999999998,0.14999999999999503,7.499999999999751,bullish,12.999999999999503,bullish
2022-04-01,1,2022-03-31,2022-04-01,22.89,22.58,-0.3100000000000023,-15.500000000000114,bullish,-33.00000000000023,bullish
2022-04-04,1,2022-04-01,2022-04-04,22.75,22.66,-0.08999999999999986,-4.499999999999993,bullish,-10.999999999999986,bullish
2022-04-05,1,2022-04-04,2022-04-05,22.64,22.889999999999997,0.24999999999999645,12.499999999999822,bullish,22.999999999999645,bullish
2022-04-06,1,2022-04-05,2022-04-06,22.37,22.52,0.14999999999999858,7.499999999999929,bullish,12.999999999999858,bullish
2022-04-07,1,2022-04-06,2022-04-07,22.580000000000002,22.43,-0.15000000000000213,-7.500000000000107,bullish,-17.000000000000213,bullish
2022-04-08,1,2022-04-07,2022-04-08,22.71,22.56,-0.15000000000000213,-7.500000000000107,bullish,-17.000000000000213,bullish
2022-04-11,1,2022-04-08,2022-04-11,22.830000000000002,23.389999999999997,0.5599999999999952,27.99999999999976,bullish,53.99999999999952,bullish
2022-04-12,1,2022-04-11,2022-04-12,23.16,23.389999999999997,0.22999999999999687,11.499999999999844,bullish,20.999999999999687,bullish
2022-04-13,1,2022-04-12,2022-04-13,23.48,23.66,0.17999999999999972,8.999999999999986,bullish,15.999999999999972,bullish
2022-04-14,1,2022-04-13,2022-04-14,23.76,23.59,-0.1700000000000017,-8.500000000000085,bullish,-19.00000000000017,bullish
2022-04-18,1,2022-04-14,2022-04-18,23.650000000000002,24.029999999999998,0.37999999999999545,18.999999999999773,bullish,35.999999999999545,bullish
2022-04-19,1,2022-04-18,2022-04-19,23.880000000000003,23.569999999999997,-0.3100000000000058,-15.500000000000291,bullish,-33.00000000000058,bullish
2022-10-04,1,2022-10-03,2022-10-04,19.110000000000003,19.29,0.17999999999999616,8.999999999999808,bullish,15.999999999999616,bullish
2022-10-05,1,2022-10-04,2022-10-05,19.37,18.68,-0.6900000000000013,-34.500000000000064,bullish,-71.00000000000013,bullish
2022-10-06,1,2022-10-05,2022-10-06,19.0,18.849999999999998,-0.15000000000000213,-7.500000000000107,bullish,-17.000000000000213,bullish
2022-10-07,1,2022-10-06,2022-10-07,19.05,18.779999999999998,-0.2700000000000031,-13.500000000000156,bullish,-29.000000000000313,bullish
2022-10-10,1,2022-10-07,2022-10-10,18.51,18.2,-0.3100000000000023,-15.500000000000114,bullish,-33.00000000000023,bullish
2022-10-24,1,2022-10-21,2022-10-24,17.770000000000003,17.65,-0.12000000000000455,-6.000000000000227,bullish,-14.000000000000455,bullish
2022-10-26,1,2022-10-25,2022-10-26,17.87,17.889999999999997,0.01999999999999602,0.999999999999801,bullish,-3.979039320256561e-13,bullish
2022-10-27,1,2022-10-26,2022-10-27,17.990000000000002,18.009999999999998,0.01999999999999602,0.999999999999801,bullish,-3.979039320256561e-13,bullish
2022-10-28,1,2022-10-27,2022-10-28,17.990000000000002,17.689999999999998,-0.30000000000000426,-15.000000000000213,bullish,-32.000000000000426,bullish
2022-10-31,1,2022-10-28,2022-10-31,17.75,17.45,-0.3000000000000007,-15.000000000000036,bullish,-32.00000000000007,bullish
2022-11-02,1,2022-11-01,2022-11-02,18.060000000000002,18.229999999999997,0.1699999999999946,8.49999999999973,bullish,14.99999999999946,bullish
2022-11-03,1,2022-11-02,2022-11-03,17.740000000000002,17.45,-0.2900000000000027,-14.500000000000135,bullish,-31.00000000000027,bullish
2022-11-04,1,2022-11-03,2022-11-04,17.950000000000003,18.729999999999997,0.779999999999994,38.9999999999997,bullish,75.9999999999994,bullish
2022-11-07,1,2022-11-04,2022-11-07,19.270000000000003,19.209999999999997,-0.060000000000005826,-3.0000000000002913,bullish,-8.000000000000583,bullish
2022-11-08,1,2022-11-07,2022-11-08,19.16,19.25,0.08999999999999986,4.499999999999993,bullish,6.999999999999986,bullish
2022-11-09,1,2022-11-08,2022-11-09,19.71,19.65,-0.060000000000002274,-3.0000000000001137,bullish,-8.000000000000227,bullish
2022-11-10,1,2022-11-09,2022-11-10,19.37,19.97,0.5999999999999979,29.999999999999893,bullish,57.99999999999979,bullish
2022-11-11,1,2022-11-10,2022-11-11,19.98,19.75,-0.23000000000000043,-11.500000000000021,bullish,-25.000000000000043,bullish
2022-11-14,1,2022-11-11,2022-11-14,19.96,19.939999999999998,-0.020000000000003126,-1.0000000000001563,bullish,-4.000000000000313,bullish
2022-11-15,1,2022-11-14,2022-11-15,20.25,20.069999999999997,-0.18000000000000327,-9.000000000000163,bullish,-20.000000000000327,bullish
2022-11-16,1,2022-11-15,2022-11-16,19.89,19.939999999999998,0.04999999999999716,2.499999999999858,bullish,2.999999999999716,bullish
2022-11-17,1,2022-11-16,2022-11-17,19.75,19.24,-0.5100000000000016,-25.500000000000078,bullish,-53.000000000000156,bullish
2022-11-18,1,2022-11-17,2022-11-18,19.3,19.299999999999997,-3.552713678800501e-15,-1.7763568394002505e-13,bullish,-2.0000000000003553,bullish
2022-11-21,1,2022-11-18,2022-11-21,19.26,19.2,-0.060000000000002274,-3.0000000000001137,bullish,-8.000000000000227,bullish
2022-11-22,1,2022-11-21,2022-11-22,19.21,19.419999999999998,0.2099999999999973,10.499999999999865,bullish,18.99999999999973,bullish
2022-11-23,1,2022-11-22,2022-11-23,19.44,19.52,0.0799999999999983,3.9999999999999147,bullish,5.9999999999998295,bullish
2022-11-25,1,2022-11-23,2022-11-25,19.82,19.58,-0.240000000000002,-12.0000000000001,bullish,-26.0000000000002,bullish
2022-11-28,1,2022-11-25,2022-11-28,19.73,19.65,-0.08000000000000185,-4.000000000000092,bullish,-10.000000000000185,bullish
2022-11-29,1,2022-11-28,2022-11-29,19.270000000000003,19.49,0.2199999999999953,10.999999999999766,bullish,19.99999999999953,bullish
2022-11-30,1,2022-11-29,2022-11-30,19.57,20.11,0.5399999999999991,26.999999999999957,bullish,51.999999999999915,bullish
2022-12-01,1,2022-11-30,2022-12-01,20.44,20.619999999999997,0.17999999999999616,8.999999999999808,bullish,15.999999999999616,bullish
2022-12-02,1,2022-12-01,2022-12-02,20.990000000000002,20.72,-0.2700000000000031,-13.500000000000156,bullish,-29.000000000000313,bullish
2022-12-05,1,2022-12-02,2022-12-05,21.3,20.9,-0.40000000000000213,-20.000000000000107,bullish,-42.00000000000021,bullish
2022-12-06,1,2022-12-05,2022-12-06,20.450000000000003,20.61,0.1599999999999966,7.9999999999998295,bullish,13.999999999999659,bullish
2022-12-07,1,2022-12-06,2022-12-07,20.450000000000003,20.66,0.2099999999999973,10.499999999999865,bullish,18.99999999999973,bullish
2022-12-08,1,2022-12-07,2022-12-08,20.930000000000003,21.31,0.37999999999999545,18.999999999999773,bullish,35.999999999999545,bullish
2022-12-09,1,2022-12-08,2022-12-09,21.220000000000002,21.439999999999998,0.2199999999999953,10.999999999999766,bullish,19.99999999999953,bullish
2022-12-12,1,2022-12-09,2022-12-12,21.57,21.569999999999997,-3.552713678800501e-15,-1.7763568394002505e-13,bullish,-2.0000000000003553,bullish
2022-12-13,1,2022-12-12,2022-12-13,21.470000000000002,22.08,0.6099999999999959,30.499999999999794,bullish,58.99999999999959,bullish
2022-12-14,1,2022-12-13,2022-12-14,21.84,21.919999999999998,0.0799999999999983,3.9999999999999147,bullish,5.9999999999998295,bullish
2022-12-15,1,2022-12-14,2022-12-15,22.0,21.439999999999998,-0.5600000000000023,-28.000000000000114,bullish,-58.00000000000023,bullish
2022-12-16,1,2022-12-15,2022-12-16,21.25,21.15,-0.10000000000000142,-5.000000000000071,bullish,-12.000000000000142,bullish
2022-12-19,1,2022-12-16,2022-12-19,21.380000000000003,21.34,-0.0400000000000027,-2.000000000000135,bullish,-6.00000000000027,bullish
2022-12-20,1,2022-12-19,2022-12-20,21.130000000000003,21.939999999999998,0.8099999999999952,40.49999999999976,bullish,78.99999999999952,bullish
2022-12-21,1,2022-12-20,2022-12-21,22.240000000000002,22.08,-0.1600000000000037,-8.000000000000185,bullish,-18.00000000000037,bullish
2022-12-22,1,2022-12-21,2022-12-22,22.080000000000002,21.639999999999997,-0.44000000000000483,-22.00000000000024,bullish,-46.00000000000048,bullish
2022-12-23,1,2022-12-22,2022-12-23,21.700000000000003,21.77,0.06999999999999673,3.4999999999998366,bullish,4.999999999999673,bullish
2022-12-27,1,2022-12-23,2022-12-27,21.860000000000003,21.95,0.0899999999999963,4.499999999999815,bullish,6.9999999999996305,bullish
2022-12-28,1,2022-12-27,2022-12-28,22.12,21.919999999999998,-0.20000000000000284,-10.000000000000142,bullish,-22.000000000000284,bullish
2022-12-29,1,2022-12-28,2022-12-29,21.610000000000003,22.049999999999997,0.4399999999999942,21.99999999999971,bullish,41.99999999999942,bullish
2022-12-30,1,2022-12-29,2022-12-30,21.98,21.91,-0.07000000000000028,-3.500000000000014,bullish,-9.000000000000028,bullish
2023-01-03,1,2022-12-30,2023-01-03,22.03,22.439999999999998,0.4099999999999966,20.49999999999983,bullish,38.99999999999966,bullish
2023-01-04,1,2023-01-03,2023-01-04,22.060000000000002,22.27,0.2099999999999973,10.499999999999865,bullish,18.99999999999973,bullish
2023-01-05,1,2023-01-04,2023-01-05,21.900000000000002,21.49,-0.4100000000000037,-20.500000000000185,bullish,-43.00000000000037,bullish
2023-01-06,1,2023-01-05,2023-01-06,21.400000000000002,21.7,0.29999999999999716,14.999999999999858,bullish,27.999999999999716,bullish
2023-01-09,1,2023-01-06,2023-01-09,21.930000000000003,21.99,0.05999999999999517,2.9999999999997584,bullish,3.999999999999517,bullish
2023-01-10,1,2023-01-09,2023-01-10,21.75,21.729999999999997,-0.020000000000003126,-1.0000000000001563,bullish,-4.000000000000313,bullish
2023-01-11,1,2023-01-10,2023-01-11,21.740000000000002,21.849999999999998,0.10999999999999588,5.499999999999794,bullish,8.999999999999588,bullish
2023-01-12,1,2023-01-11,2023-01-12,21.560000000000002,21.99,0.42999999999999616,21.499999999999808,bullish,40.999999999999616,bullish
2023-01-13,1,2023-01-12,2023-01-13,21.89,21.869999999999997,-0.020000000000003126,-1.0000000000001563,bullish,-4.000000000000313,bullish
2023-01-17,1,2023-01-13,2023-01-17,22.34,22.189999999999998,-0.15000000000000213,-7.500000000000107,bullish,-17.000000000000213,bullish
2023-01-18,1,2023-01-17,2023-01-18,22.020000000000003,22.29,0.269999999999996,13.499999999999801,bullish,24.999999999999602,bullish
2023-01-19,1,2023-01-18,2023-01-19,21.580000000000002,21.639999999999997,0.05999999999999517,2.9999999999997584,bullish,3.999999999999517,bullish
2023-01-20,1,2023-01-19,2023-01-20,21.970000000000002,22.0,0.029999999999997584,1.4999999999998792,bullish,0.9999999999997584,bullish
2023-01-23,1,2023-01-20,2023-01-23,22.03,21.169999999999998,-0.860000000000003,-43.00000000000015,bullish,-88.0000000000003,bullish
2023-01-24,1,2023-01-23,2023-01-24,21.59,21.49,-0.10000000000000142,-5.000000000000071,bullish,-12.000000000000142,bullish
2023-01-25,1,2023-01-24,2023-01-25,21.770000000000003,21.619999999999997,-0.15000000000000568,-7.500000000000284,bullish,-17.00000000000057,bullish
2023-01-26,1,2023-01-25,2023-01-26,21.98,22.18,0.1999999999999993,9.999999999999964,bullish,17.99999999999993,bullish
2023-01-27,1,2023-01-26,2023-01-27,22.0,21.7,-0.3000000000000007,-15.000000000000036,bullish,-32.00000000000007,bullish
2023-01-30,1,2023-01-27,2023-01-30,21.69,21.79,0.09999999999999787,4.999999999999893,bullish,7.999999999999787,bullish
2023-01-31,1,2023-01-30,2023-01-31,21.67,21.569999999999997,-0.10000000000000497,-5.000000000000249,bullish,-12.000000000000497,bullish
2023-02-01,1,2023-01-31,2023-02-01,21.84,21.79,-0.05000000000000071,-2.5000000000000355,bullish,-7.000000000000071,bullish
2023-02-02,1,2023-02-01,2023-02-02,22.09,22.49,0.3999999999999986,19.99999999999993,bullish,37.99999999999986,bullish
2023-02-03,1,2023-02-02,2023-02-03,21.580000000000002,20.849999999999998,-0.730000000000004,-36.5000000000002,bullish,-75.0000000000004,bullish
2023-03-24,1,2023-03-23,2023-03-24,21.290000000000003,21.509999999999998,0.2199999999999953,10.999999999999766,bullish,19.99999999999953,bullish
2023-03-27,1,2023-03-24,2023-03-27,21.23,21.069999999999997,-0.1600000000000037,-8.000000000000185,bullish,-18.00000000000037,bullish
2023-03-28,1,2023-03-27,2023-03-28,21.23,21.13,-0.10000000000000142,-5.000000000000071,bullish,-12.000000000000142,bullish
2023-03-29,1,2023-03-28,2023-03-29,21.44,21.31,-0.13000000000000256,-6.500000000000128,bullish,-15.000000000000256,bullish
2023-03-30,1,2023-03-29,2023-03-30,21.450000000000003,21.669999999999998,0.2199999999999953,10.999999999999766,bullish,19.99999999999953,bullish
2023-03-31,1,2023-03-30,2023-03-31,21.950000000000003,22.02,0.06999999999999673,3.4999999999998366,bullish,4.999999999999673,bullish
2023-04-03,1,2023-03-31,2023-04-03,22.130000000000003,21.95,-0.18000000000000327,-9.000000000000163,bullish,-20.000000000000327,bullish
2023-04-04,1,2023-04-03,2023-04-04,22.07,22.119999999999997,0.04999999999999716,2.499999999999858,bullish,2.999999999999716,bullish
2023-04-05,1,2023-04-04,2023-04-05,22.98,22.81,-0.1700000000000017,-8.500000000000085,bullish,-19.00000000000017,bullish
2023-04-06,1,2023-04-05,2023-04-06,22.950000000000003,22.779999999999998,-0.17000000000000526,-8.500000000000263,bullish,-19.000000000000526,bullish
2023-04-10,1,2023-04-06,2023-04-10,22.900000000000002,22.81,-0.09000000000000341,-4.5000000000001705,bullish,-11.000000000000341,bullish
2023-04-11,1,2023-04-10,2023-04-11,22.89,22.889999999999997,-3.552713678800501e-15,-1.7763568394002505e-13,bullish,-2.0000000000003553,bullish
2023-04-12,1,2023-04-11,2023-04-12,23.05,23.36,0.3099999999999987,15.499999999999936,bullish,28.999999999999872,bullish
2023-04-13,1,2023-04-12,2023-04-13,23.44,23.68,0.23999999999999844,11.999999999999922,bullish,21.999999999999844,bullish
2023-04-14,1,2023-04-13,2023-04-14,23.75,23.83,0.0799999999999983,3.9999999999999147,bullish,5.9999999999998295,bullish
2023-04-17,1,2023-04-14,2023-04-17,23.32,23.279999999999998,-0.0400000000000027,-2.000000000000135,bullish,-6.00000000000027,bullish
2023-04-18,1,2023-04-17,2023-04-18,23.03,22.91,-0.120000000000001,-6.00000000000005,bullish,-14.0000000000001,bullish
2023-04-19,1,2023-04-18,2023-04-19,23.16,23.069999999999997,-0.09000000000000341,-4.5000000000001705,bullish,-11.000000000000341,bullish
2023-04-20,1,2023-04-19,2023-04-20,23.240000000000002,23.22,-0.020000000000003126,-1.0000000000001563,bullish,-4.000000000000313,bullish
2023-04-21,1,2023-04-20,2023-04-21,23.180000000000003,23.169999999999998,-0.010000000000005116,-0.5000000000002558,bullish,-3.0000000000005116,bullish
2023-04-24,1,2023-04-21,2023-04-24,22.990000000000002,22.919999999999998,-0.07000000000000384,-3.500000000000192,bullish,-9.000000000000384,bullish
2023-04-25,1,2023-04-24,2023-04-25,23.09,22.919999999999998,-0.1700000000000017,-8.500000000000085,bullish,-19.00000000000017,bullish
2023-04-26,1,2023-04-25,2023-04-26,23.0,23.11,0.10999999999999943,5.499999999999972,bullish,8.999999999999943,bullish
2023-04-27,1,2023-04-26,2023-04-27,22.84,22.58,-0.26000000000000156,-13.000000000000078,bullish,-28.000000000000156,bullish
2023-04-28,1,2023-04-27,2023-04-28,22.900000000000002,22.869999999999997,-0.03000000000000469,-1.5000000000002345,bullish,-5.000000000000469,bullish
2023-05-01,1,2023-04-28,2023-05-01,23.01,23.68,0.6699999999999982,33.49999999999991,bullish,64.99999999999982,bullish
2023-05-02,1,2023-05-01,2023-05-02,22.900000000000002,22.66,-0.240000000000002,-12.0000000000001,bullish,-26.0000000000002,bullish
2023-05-03,1,2023-05-02,2023-05-03,23.360000000000003,23.279999999999998,-0.0800000000000054,-4.00000000000027,bullish,-10.00000000000054,bullish
2023-05-04,1,2023-05-03,2023-05-04,23.44,23.41,-0.030000000000001137,-1.5000000000000568,bullish,-5.000000000000114,bullish
2023-05-05,1,2023-05-04,2023-05-05,23.950000000000003,23.369999999999997,-0.5800000000000054,-29.00000000000027,bullish,-60.00000000000054,bullish
2023-05-08,1,2023-05-05,2023-05-08,23.580000000000002,23.49,-0.09000000000000341,-4.5000000000001705,bullish,-11.000000000000341,bullish
2023-05-09,1,2023-05-08,2023-05-09,23.5,23.389999999999997,-0.11000000000000298,-5.500000000000149,bullish,-13.000000000000298,bullish
2023-05-10,1,2023-05-09,2023-05-10,23.490000000000002,23.59,0.09999999999999787,4.999999999999893,bullish,7.999999999999787,bullish
2023-05-11,1,2023-05-10,2023-05-11,23.32,22.619999999999997,-0.7000000000000028,-35.00000000000014,bullish,-72.00000000000028,bullish
2023-05-12,1,2023-05-11,2023-05-12,22.21,22.049999999999997,-0.1600000000000037,-8.000000000000185,bullish,-18.00000000000037,bullish
2023-05-15,1,2023-05-12,2023-05-15,22.03,22.13,0.09999999999999787,4.999999999999893,bullish,7.999999999999787,bullish
2023-05-16,1,2023-05-15,2023-05-16,22.110000000000003,21.99,-0.12000000000000455,-6.000000000000227,bullish,-14.000000000000455,bullish
2023-05-17,1,2023-05-16,2023-05-17,21.82,21.91,0.08999999999999986,4.499999999999993,bullish,6.999999999999986,bullish
2023-05-18,1,2023-05-17,2023-05-18,21.830000000000002,21.599999999999998,-0.23000000000000398,-11.500000000000199,bullish,-25.000000000000398,bullish
2023-07-14,1,2023-07-13,2023-07-14,22.790000000000003,22.779999999999998,-0.010000000000005116,-0.5000000000002558,bullish,-3.0000000000005116,bullish
2023-07-17,1,2023-07-14,2023-07-17,22.87,22.68,-0.19000000000000128,-9.500000000000064,bullish,-21.000000000000128,bullish
2023-07-18,1,2023-07-17,2023-07-18,22.8,22.799999999999997,-3.552713678800501e-15,-1.7763568394002505e-13,bullish,-2.0000000000003553,bullish
2023-07-19,1,2023-07-18,2023-07-19,23.0,22.99,-0.010000000000001563,-0.5000000000000782,bullish,-3.0000000000001563,bullish
2023-07-20,1,2023-07-19,2023-07-20,23.110000000000003,23.09,-0.020000000000003126,-1.0000000000001563,bullish,-4.000000000000313,bullish
2023-07-21,1,2023-07-20,2023-07-21,22.69,22.669999999999998,-0.020000000000003126,-1.0000000000001563,bullish,-4.000000000000313,bullish
2023-07-24,1,2023-07-21,2023-07-24,22.580000000000002,22.389999999999997,-0.19000000000000483,-9.500000000000242,bullish,-21.000000000000483,bullish
2023-07-26,1,2023-07-25,2023-07-26,22.630000000000003,22.569999999999997,-0.060000000000005826,-3.0000000000002913,bullish,-8.000000000000583,bullish
2023-07-27,1,2023-07-26,2023-07-27,22.92,22.49,-0.43000000000000327,-21.500000000000163,bullish,-45.00000000000033,bullish
2023-07-31,1,2023-07-28,2023-07-31,22.330000000000002,22.47,0.13999999999999702,6.999999999999851,bullish,11.999999999999702,bullish
2023-08-01,1,2023-07-31,2023-08-01,22.700000000000003,22.299999999999997,-0.4000000000000057,-20.000000000000284,bullish,-42.00000000000057,bullish
2023-08-02,1,2023-08-01,2023-08-02,22.3,22.18,-0.120000000000001,-6.00000000000005,bullish,-14.0000000000001,bullish
2023-08-24,1,2023-08-23,2023-08-24,22.3,22.189999999999998,-0.11000000000000298,-5.500000000000149,bullish,-13.000000000000298,bullish
2023-08-28,1,2023-08-25,2023-08-28,22.23,22.069999999999997,-0.1600000000000037,-8.000000000000185,bullish,-18.00000000000037,bullish
2023-08-29,1,2023-08-28,2023-08-29,22.23,22.229999999999997,-3.552713678800501e-15,-1.7763568394002505e-13,bullish,-2.0000000000003553,bullish
2023-08-30,1,2023-08-29,2023-08-30,22.720000000000002,22.84,0.11999999999999744,5.999999999999872,bullish,9.999999999999744,bullish
2023-08-31,1,2023-08-30,2023-08-31,22.580000000000002,22.52,-0.060000000000002274,-3.0000000000001137,bullish,-8.000000000000227,bullish
2023-09-01,1,2023-08-31,2023-09-01,22.400000000000002,22.599999999999998,0.19999999999999574,9.999999999999787,bullish,17.999999999999574,bullish
2023-11-15,1,2023-11-14,2023-11-15,21.180000000000003,21.349999999999998,0.1699999999999946,8.49999999999973,bullish,14.99999999999946,bullish
2023-11-16,1,2023-11-15,2023-11-16,21.46,21.869999999999997,0.4099999999999966,20.49999999999983,bullish,38.99999999999966,bullish
2023-11-17,1,2023-11-16,2023-11-17,21.770000000000003,21.779999999999998,0.009999999999994458,0.4999999999997229,bullish,-1.0000000000005542,bullish
2023-11-20,1,2023-11-17,2023-11-20,21.76,21.41,-0.3500000000000014,-17.50000000000007,bullish,-37.00000000000014,bullish
2023-11-21,1,2023-11-20,2023-11-21,21.490000000000002,21.869999999999997,0.37999999999999545,18.999999999999773,bullish,35.999999999999545,bullish
2023-11-22,1,2023-11-21,2023-11-22,21.78,21.689999999999998,-0.09000000000000341,-4.5000000000001705,bullish,-11.000000000000341,bullish
2023-11-24,1,2023-11-22,2023-11-24,21.680000000000003,22.009999999999998,0.32999999999999474,16.499999999999737,bullish,30.999999999999474,bullish
2023-11-27,1,2023-11-24,2023-11-27,22.28,22.66,0.379999999999999,18.99999999999995,bullish,35.9999999999999,bullish
2023-11-28,1,2023-11-27,2023-11-28,22.57,22.669999999999998,0.09999999999999787,4.999999999999893,bullish,7.999999999999787,bullish
2023-11-29,1,2023-11-28,2023-11-29,22.930000000000003,22.95,0.01999999999999602,0.999999999999801,bullish,-3.979039320256561e-13,bullish
2023-11-30,1,2023-11-29,2023-11-30,22.89,22.959999999999997,0.06999999999999673,3.4999999999998366,bullish,4.999999999999673,bullish
2023-12-01,1,2023-11-30,2023-12-01,23.14,23.08,-0.060000000000002274,-3.0000000000001137,bullish,-8.000000000000227,bullish
2023-12-04,1,2023-12-01,2023-12-04,23.34,22.74,-0.6000000000000014,-30.00000000000007,bullish,-62.00000000000014,bullish
2023-12-05,1,2023-12-04,2023-12-05,22.470000000000002,22.27,-0.20000000000000284,-10.000000000000142,bullish,-22.000000000000284,bullish
2023-12-06,1,2023-12-05,2023-12-06,22.130000000000003,22.16,0.029999999999997584,1.4999999999998792,bullish,0.9999999999997584,bullish
2023-12-07,1,2023-12-06,2023-12-07,21.94,21.88,-0.060000000000002274,-3.0000000000001137,bullish,-8.000000000000227,bullish
2023-12-08,1,2023-12-07,2023-12-08,21.8,21.34,-0.46000000000000085,-23.000000000000043,bullish,-48.000000000000085,bullish
2023-12-11,1,2023-12-08,2023-12-11,21.110000000000003,20.95,-0.1600000000000037,-8.000000000000185,bullish,-18.00000000000037,bullish
2023-12-14,1,2023-12-13,2023-12-14,21.78,21.979999999999997,0.19999999999999574,9.999999999999787,bullish,17.999999999999574,bullish
2023-12-15,1,2023-12-14,2023-12-15,22.16,21.97,-0.19000000000000128,-9.500000000000064,bullish,-21.000000000000128,bullish
2023-12-18,1,2023-12-15,2023-12-18,21.84,21.869999999999997,0.029999999999997584,1.4999999999998792,bullish,0.9999999999997584,bullish
2023-12-19,1,2023-12-18,2023-12-19,21.810000000000002,21.9,0.0899999999999963,4.499999999999815,bullish,6.9999999999996305,bullish
2023-12-20,1,2023-12-19,2023-12-20,22.040000000000003,22.25,0.2099999999999973,10.499999999999865,bullish,18.99999999999973,bullish
2023-12-21,1,2023-12-20,2023-12-21,22.05,22.27,0.21999999999999886,10.999999999999943,bullish,19.999999999999886,bullish
2023-12-22,1,2023-12-21,2023-12-22,22.32,22.4,0.0799999999999983,3.9999999999999147,bullish,5.9999999999998295,bullish
2023-12-26,1,2023-12-22,2023-12-26,22.130000000000003,22.2,0.06999999999999673,3.4999999999998366,bullish,4.999999999999673,bullish
2023-12-27,1,2023-12-26,2023-12-27,22.21,22.09,-0.120000000000001,-6.00000000000005,bullish,-14.0000000000001,bullish
2023-12-28,1,2023-12-27,2023-12-28,22.240000000000002,22.16,-0.08000000000000185,-4.000000000000092,bullish,-10.000000000000185,bullish
2023-12-29,1,2023-12-28,2023-12-29,22.0,21.61,-0.39000000000000057,-19.50000000000003,bullish,-41.00000000000006,bullish
2024-01-02,1,2023-12-29,2024-01-02,21.790000000000003,21.88,0.0899999999999963,4.499999999999815,bullish,6.9999999999996305,bullish
2024-01-03,1,2024-01-02,2024-01-03,21.66,21.069999999999997,-0.5900000000000034,-29.50000000000017,bullish,-61.00000000000034,bullish
2024-03-05,1,2024-03-04,2024-03-05,21.87,21.95,0.0799999999999983,3.9999999999999147,bullish,5.9999999999998295,bullish
2024-03-07,1,2024-03-06,2024-03-07,22.110000000000003,22.13,0.01999999999999602,0.999999999999801,bullish,-3.979039320256561e-13,bullish
2024-03-08,1,2024-03-07,2024-03-08,22.25,22.22,-0.030000000000001137,-1.5000000000000568,bullish,-5.000000000000114,bullish
2024-03-11,1,2024-03-08,2024-03-11,22.240000000000002,22.319999999999997,0.07999999999999474,3.999999999999737,bullish,5.999999999999474,bullish
2024-03-12,1,2024-03-11,2024-03-12,22.360000000000003,22.2,-0.1600000000000037,-8.000000000000185,bullish,-18.00000000000037,bullish
2024-03-13,1,2024-03-12,2024-03-13,22.1,22.299999999999997,0.19999999999999574,9.999999999999787,bullish,17.999999999999574,bullish
2024-03-14,1,2024-03-13,2024-03-14,22.8,22.9,0.09999999999999787,4.999999999999893,bullish,7.999999999999787,bullish
2024-03-15,1,2024-03-14,2024-03-15,22.740000000000002,23.04,0.29999999999999716,14.999999999999858,bullish,27.999999999999716,bullish
2024-03-18,1,2024-03-15,2024-03-18,23.040000000000003,23.119999999999997,0.07999999999999474,3.999999999999737,bullish,5.999999999999474,bullish
2024-03-19,1,2024-03-18,2024-03-19,22.92,22.779999999999998,-0.14000000000000412,-7.000000000000206,bullish,-16.000000000000412,bullish
2024-03-20,1,2024-03-19,2024-03-20,22.8,22.7,-0.10000000000000142,-5.000000000000071,bullish,-12.000000000000142,bullish
2024-03-21,1,2024-03-20,2024-03-21,23.3,23.13,-0.1700000000000017,-8.500000000000085,bullish,-19.00000000000017,bullish
2024-03-22,1,2024-03-21,2024-03-22,22.66,22.639999999999997,-0.020000000000003126,-1.0000000000001563,bullish,-4.000000000000313,bullish
2024-03-25,1,2024-03-22,2024-03-25,22.57,22.59,0.019999999999999574,0.9999999999999787,bullish,-4.263256414560601e-14,bullish
2024-03-26,1,2024-03-25,2024-03-26,22.59,22.599999999999998,0.00999999999999801,0.4999999999999005,bullish,-1.000000000000199,bullish
2024-03-27,1,2024-03-26,2024-03-27,22.35,22.33,-0.020000000000003126,-1.0000000000001563,bullish,-4.000000000000313,bullish
2024-03-28,1,2024-03-27,2024-03-28,22.520000000000003,22.47,-0.05000000000000426,-2.500000000000213,bullish,-7.000000000000426,bullish
2024-04-01,1,2024-03-28,2024-04-01,22.76,23.18,0.41999999999999815,20.999999999999908,bullish,39.999999999999815,bullish
2024-04-02,1,2024-04-01,2024-04-02,22.87,23.319999999999997,0.44999999999999574,22.499999999999787,bullish,42.999999999999574,bullish
2024-04-03,1,2024-04-02,2024-04-03,23.85,24.259999999999998,0.4099999999999966,20.49999999999983,bullish,38.99999999999966,bullish
2024-04-04,1,2024-04-03,2024-04-04,24.740000000000002,24.56,-0.18000000000000327,-9.000000000000163,bullish,-20.000000000000327,bullish
2024-04-05,1,2024-04-04,2024-04-05,24.5,24.479999999999997,-0.020000000000003126,-1.0000000000001563,bullish,-4.000000000000313,bullish
2024-04-08,1,2024-04-05,2024-04-08,25.040000000000003,25.349999999999998,0.30999999999999517,15.499999999999758,bullish,28.999999999999517,bullish
2024-04-09,1,2024-04-08,2024-04-09,25.41,25.74,0.3299999999999983,16.499999999999915,bullish,30.99999999999983,bullish
2024-04-10,1,2024-04-09,2024-04-10,25.73,25.319999999999997,-0.4100000000000037,-20.500000000000185,bullish,-43.00000000000037,bullish
2024-04-11,1,2024-04-10,2024-04-11,25.46,25.68,0.21999999999999886,10.999999999999943,bullish,19.999999999999886,bullish
2024-04-12,1,2024-04-11,2024-04-12,26.020000000000003,26.79,0.769999999999996,38.4999999999998,bullish,74.9999999999996,bullish
2024-04-15,1,2024-04-12,2024-04-15,25.64,26.2,0.5599999999999987,27.999999999999936,bullish,53.99999999999987,bullish
2024-04-16,1,2024-04-15,2024-04-16,26.42,26.06,-0.360000000000003,-18.00000000000015,bullish,-38.0000000000003,bullish
2024-04-17,1,2024-04-16,2024-04-17,25.810000000000002,26.119999999999997,0.30999999999999517,15.499999999999758,bullish,28.999999999999517,bullish
2024-04-18,1,2024-04-17,2024-04-18,25.860000000000003,26.099999999999998,0.23999999999999488,11.999999999999744,bullish,21.99999999999949,bullish
2024-04-19,1,2024-04-18,2024-04-19,25.87,25.919999999999998,0.04999999999999716,2.499999999999858,bullish,2.999999999999716,bullish
2024-04-22,1,2024-04-19,2024-04-22,26.21,24.939999999999998,-1.2700000000000031,-63.500000000000156,bullish,-129.0000000000003,bullish
2024-04-23,1,2024-04-22,2024-04-23,24.94,24.65,-0.2900000000000027,-14.500000000000135,bullish,-31.00000000000027,bullish
2024-04-24,1,2024-04-23,2024-04-24,25.0,24.869999999999997,-0.13000000000000256,-6.500000000000128,bullish,-15.000000000000256,bullish
2024-04-25,1,2024-04-24,2024-04-25,24.91,24.849999999999998,-0.060000000000002274,-3.0000000000001137,bullish,-8.000000000000227,bullish
2024-04-26,1,2024-04-25,2024-04-26,25.07,25.18,0.10999999999999943,5.499999999999972,bullish,8.999999999999943,bullish
2024-04-29,1,2024-04-26,2024-04-29,24.900000000000002,24.86,-0.0400000000000027,-2.000000000000135,bullish,-6.00000000000027,bullish
2024-04-30,1,2024-04-29,2024-04-30,24.84,24.229999999999997,-0.610000000000003,-30.50000000000015,bullish,-63.0000000000003,bullish
2024-05-01,1,2024-04-30,2024-05-01,24.060000000000002,24.169999999999998,0.10999999999999588,5.499999999999794,bullish,8.999999999999588,bullish
2024-05-02,1,2024-05-01,2024-05-02,24.28,23.939999999999998,-0.3400000000000034,-17.00000000000017,bullish,-36.00000000000034,bullish
2024-05-03,1,2024-05-02,2024-05-03,24.37,24.2,-0.1700000000000017,-8.500000000000085,bullish,-19.00000000000017,bullish
2024-05-06,1,2024-05-03,2024-05-06,24.23,24.979999999999997,0.7499999999999964,37.49999999999982,bullish,72.99999999999964,bullish
2024-05-07,1,2024-05-06,2024-05-07,25.080000000000002,25.02,-0.060000000000002274,-3.0000000000001137,bullish,-8.000000000000227,bullish
2024-05-08,1,2024-05-07,2024-05-08,24.930000000000003,24.88,-0.05000000000000426,-2.500000000000213,bullish,-7.000000000000426,bullish
2024-05-09,1,2024-05-08,2024-05-09,24.96,25.31,0.34999999999999787,17.499999999999893,bullish,32.99999999999979,bullish
2024-05-10,1,2024-05-09,2024-05-10,25.87,25.97,0.09999999999999787,4.999999999999893,bullish,7.999999999999787,bullish
2024-05-13,1,2024-05-10,2024-05-13,25.78,25.819999999999997,0.039999999999995595,1.9999999999997797,bullish,1.9999999999995595,bullish
2024-05-14,1,2024-05-13,2024-05-14,25.810000000000002,25.99,0.17999999999999616,8.999999999999808,bullish,15.999999999999616,bullish
2024-05-15,1,2024-05-14,2024-05-15,26.14,26.569999999999997,0.42999999999999616,21.499999999999808,bullish,40.999999999999616,bullish
2024-05-16,1,2024-05-15,2024-05-16,27.130000000000003,26.97,-0.1600000000000037,-8.000000000000185,bullish,-18.00000000000037,bullish
2024-05-17,1,2024-05-16,2024-05-17,27.07,27.849999999999998,0.7799999999999976,38.99999999999988,bullish,75.99999999999976,bullish
2024-05-20,1,2024-05-17,2024-05-20,28.8,28.91,0.10999999999999943,5.499999999999972,bullish,8.999999999999943,bullish
2024-05-21,1,2024-05-20,2024-05-21,28.990000000000002,29.09,0.09999999999999787,4.999999999999893,bullish,7.999999999999787,bullish
2024-05-22,1,2024-05-21,2024-05-22,29.28,29.049999999999997,-0.23000000000000398,-11.500000000000199,bullish,-25.000000000000398,bullish
2024-05-23,1,2024-05-22,2024-05-23,28.23,28.099999999999998,-0.13000000000000256,-6.500000000000128,bullish,-15.000000000000256,bullish
2024-05-24,1,2024-05-23,2024-05-24,27.560000000000002,27.919999999999998,0.3599999999999959,17.999999999999794,bullish,33.99999999999959,bullish
2024-05-28,1,2024-05-24,2024-05-28,27.75,29.29,1.5399999999999991,76.99999999999996,bullish,151.99999999999991,bullish
2024-05-29,1,2024-05-28,2024-05-29,29.25,29.06,-0.19000000000000128,-9.500000000000064,bullish,-21.000000000000128,bullish
2024-05-30,1,2024-05-29,2024-05-30,29.180000000000003,28.819999999999997,-0.36000000000000654,-18.000000000000327,bullish,-38.000000000000654,bullish
2024-05-31,1,2024-05-30,2024-05-31,28.430000000000003,28.759999999999998,0.32999999999999474,16.499999999999737,bullish,30.999999999999474,bullish
2024-06-03,1,2024-05-31,2024-06-03,27.770000000000003,27.81,0.039999999999995595,1.9999999999997797,bullish,1.9999999999995595,bullish
2024-06-04,1,2024-06-03,2024-06-04,27.900000000000002,27.299999999999997,-0.600000000000005,-30.00000000000025,bullish,-62.0000000000005,bullish
2024-06-05,1,2024-06-04,2024-06-05,27.03,27.11,0.0799999999999983,3.9999999999999147,bullish,5.9999999999998295,bullish
2024-06-06,1,2024-06-05,2024-06-06,27.41,27.81,0.3999999999999986,19.99999999999993,bullish,37.99999999999986,bullish
2024-06-07,1,2024-06-06,2024-06-07,28.540000000000003,27.279999999999998,-1.2600000000000051,-63.000000000000256,bullish,-128.0000000000005,bullish
2024-06-10,1,2024-06-07,2024-06-10,26.680000000000003,27.06,0.37999999999999545,18.999999999999773,bullish,35.999999999999545,bullish
2024-06-11,1,2024-06-10,2024-06-11,27.130000000000003,26.72,-0.4100000000000037,-20.500000000000185,bullish,-43.00000000000037,bullish
2024-06-12,1,2024-06-11,2024-06-12,26.720000000000002,27.49,0.769999999999996,38.4999999999998,bullish,74.9999999999996,bullish
2024-06-13,1,2024-06-12,2024-06-13,27.040000000000003,26.779999999999998,-0.2600000000000051,-13.000000000000256,bullish,-28.00000000000051,bullish
2024-06-14,1,2024-06-13,2024-06-14,26.44,26.619999999999997,0.17999999999999616,8.999999999999808,bullish,15.999999999999616,bullish
2024-06-17,1,2024-06-14,2024-06-17,27.020000000000003,26.889999999999997,-0.1300000000000061,-6.5000000000003055,bullish,-15.000000000000611,bullish
2024-06-18,1,2024-06-17,2024-06-18,26.930000000000003,26.639999999999997,-0.29000000000000625,-14.500000000000313,bullish,-31.000000000000625,bullish
2024-06-20,1,2024-06-18,2024-06-20,26.970000000000002,27.5,0.5299999999999976,26.49999999999988,bullish,50.99999999999976,bullish
2024-06-21,1,2024-06-20,2024-06-21,28.01,27.54,-0.4700000000000024,-23.50000000000012,bullish,-49.00000000000024,bullish
2024-06-24,1,2024-06-21,2024-06-24,26.990000000000002,27.049999999999997,0.05999999999999517,2.9999999999997584,bullish,3.999999999999517,bullish
2024-06-25,1,2024-06-24,2024-06-25,27.01,26.77,-0.240000000000002,-12.0000000000001,bullish,-26.0000000000002,bullish
2024-06-26,1,2024-06-25,2024-06-26,26.41,26.15,-0.26000000000000156,-13.000000000000078,bullish,-28.000000000000156,bullish
2024-07-05,1,2024-07-03,2024-07-05,27.85,28.15,0.29999999999999716,14.999999999999858,bullish,27.999999999999716,bullish
2024-07-08,1,2024-07-05,2024-07-08,28.490000000000002,28.34,-0.15000000000000213,-7.500000000000107,bullish,-17.000000000000213,bullish
2024-07-09,1,2024-07-08,2024-07-09,28.14,28.31,0.16999999999999815,8.499999999999908,bullish,14.999999999999815,bullish
2024-07-10,1,2024-07-09,2024-07-10,28.130000000000003,28.279999999999998,0.14999999999999503,7.499999999999751,bullish,12.999999999999503,bullish
2024-07-11,1,2024-07-10,2024-07-11,28.17,28.74,0.5699999999999967,28.499999999999837,bullish,54.99999999999967,bullish
2024-07-12,1,2024-07-11,2024-07-12,28.69,27.99,-0.7000000000000028,-35.00000000000014,bullish,-72.00000000000028,bullish
2024-07-15,1,2024-07-12,2024-07-15,28.130000000000003,28.08,-0.05000000000000426,-2.500000000000213,bullish,-7.000000000000426,bullish
2024-07-16,1,2024-07-15,2024-07-16,28.040000000000003,28.02,-0.020000000000003126,-1.0000000000001563,bullish,-4.000000000000313,bullish
2024-07-17,1,2024-07-16,2024-07-17,28.62,28.24,-0.38000000000000256,-19.000000000000128,bullish,-40.000000000000256,bullish
2024-07-18,1,2024-07-17,2024-07-18,27.680000000000003,27.75,0.06999999999999673,3.4999999999998366,bullish,4.999999999999673,bullish
2024-09-13,1,2024-09-12,2024-09-13,27.28,27.86,0.5799999999999983,28.999999999999915,bullish,55.99999999999983,bullish
2024-09-16,1,2024-09-13,2024-09-16,28.03,28.259999999999998,0.22999999999999687,11.499999999999844,bullish,20.999999999999687,bullish
2024-09-17,1,2024-09-16,2024-09-17,28.080000000000002,28.009999999999998,-0.07000000000000384,-3.500000000000192,bullish,-9.000000000000384,bullish
2024-09-18,1,2024-09-17,2024-09-18,27.970000000000002,27.939999999999998,-0.03000000000000469,-1.5000000000002345,bullish,-5.000000000000469,bullish
2024-09-19,1,2024-09-18,2024-09-19,27.25,28.24,0.9899999999999984,49.49999999999992,bullish,96.99999999999984,bullish
2024-09-20,1,2024-09-19,2024-09-20,28.1,28.389999999999997,0.2899999999999956,14.49999999999978,bullish,26.99999999999956,bullish
2024-09-23,1,2024-09-20,2024-09-23,28.42,28.22,-0.20000000000000284,-10.000000000000142,bullish,-22.000000000000284,bullish
2024-09-24,1,2024-09-23,2024-09-24,27.990000000000002,28.259999999999998,0.269999999999996,13.499999999999801,bullish,24.999999999999602,bullish
2024-09-25,1,2024-09-24,2024-09-25,29.39,29.09,-0.3000000000000007,-15.000000000000036,bullish,-32.00000000000007,bullish
2024-09-26,1,2024-09-25,2024-09-26,29.07,29.31,0.23999999999999844,11.999999999999922,bullish,21.999999999999844,bullish
2024-09-27,1,2024-09-26,2024-09-27,29.270000000000003,29.33,0.05999999999999517,2.9999999999997584,bullish,3.999999999999517,bullish
2024-09-30,1,2024-09-27,2024-09-30,28.87,28.5,-0.370000000000001,-18.50000000000005,bullish,-39.0000000000001,bullish
2024-10-01,1,2024-09-30,2024-10-01,28.42,28.77,0.34999999999999787,17.499999999999893,bullish,32.99999999999979,bullish
2024-10-02,1,2024-10-01,2024-10-02,28.59,29.119999999999997,0.5299999999999976,26.49999999999988,bullish,50.99999999999976,bullish
2024-10-03,1,2024-10-02,2024-10-03,29.01,28.9,-0.11000000000000298,-5.500000000000149,bullish,-13.000000000000298,bullish
2024-10-04,1,2024-10-03,2024-10-04,29.240000000000002,29.22,-0.020000000000003126,-1.0000000000001563,bullish,-4.000000000000313,bullish
2024-10-07,1,2024-10-04,2024-10-07,29.37,29.0,-0.370000000000001,-18.50000000000005,bullish,-39.0000000000001,bullish
2024-10-08,1,2024-10-07,2024-10-08,28.94,28.4,-0.5400000000000027,-27.000000000000135,bullish,-56.00000000000027,bullish
2024-10-09,1,2024-10-08,2024-10-09,28.020000000000003,27.61,-0.4100000000000037,-20.500000000000185,bullish,-43.00000000000037,bullish
2024-10-10,1,2024-10-09,2024-10-10,27.87,27.959999999999997,0.0899999999999963,4.499999999999815,bullish,6.9999999999996305,bullish
2024-10-11,1,2024-10-10,2024-10-11,28.39,28.59,0.1999999999999993,9.999999999999964,bullish,17.99999999999993,bullish
2024-10-14,1,2024-10-11,2024-10-14,28.810000000000002,28.459999999999997,-0.350000000000005,-17.50000000000025,bullish,-37.0000000000005,bullish
2024-10-15,1,2024-10-14,2024-10-15,28.55,28.509999999999998,-0.0400000000000027,-2.000000000000135,bullish,-6.00000000000027,bullish
2024-10-16,1,2024-10-15,2024-10-16,28.720000000000002,29.11,0.389999999999997,19.49999999999985,bullish,36.9999999999997,bullish
2024-10-17,1,2024-10-16,2024-10-17,28.92,28.91,-0.010000000000001563,-0.5000000000000782,bullish,-3.0000000000001563,bullish
2024-10-18,1,2024-10-17,2024-10-18,28.900000000000002,29.459999999999997,0.5599999999999952,27.99999999999976,bullish,53.99999999999952,bullish
2024-10-21,1,2024-10-18,2024-10-21,30.650000000000002,31.119999999999997,0.4699999999999953,23.499999999999766,bullish,44.99999999999953,bullish
2024-10-22,1,2024-10-21,2024-10-22,30.860000000000003,31.389999999999997,0.529999999999994,26.4999999999997,bullish,50.9999999999994,bullish
2024-10-23,1,2024-10-22,2024-10-23,31.75,31.08,-0.6700000000000017,-33.500000000000085,bullish,-69.00000000000017,bullish
2024-10-24,1,2024-10-23,2024-10-24,30.720000000000002,31.18,0.4599999999999973,22.999999999999865,bullish,43.99999999999973,bullish
2024-10-25,1,2024-10-24,2024-10-25,30.700000000000003,30.569999999999997,-0.1300000000000061,-6.5000000000003055,bullish,-15.000000000000611,bullish
2024-10-28,1,2024-10-25,2024-10-28,30.64,30.7,0.05999999999999872,2.999999999999936,bullish,3.999999999999872,bullish
2024-10-29,1,2024-10-28,2024-10-29,30.740000000000002,31.16,0.41999999999999815,20.999999999999908,bullish,39.999999999999815,bullish
2024-10-30,1,2024-10-29,2024-10-30,31.400000000000002,30.729999999999997,-0.6700000000000053,-33.50000000000026,bullish,-69.00000000000053,bullish
2024-10-31,1,2024-10-30,2024-10-31,30.82,30.33,-0.490000000000002,-24.5000000000001,bullish,-51.0000000000002,bullish
2024-11-01,1,2024-10-31,2024-11-01,29.82,30.049999999999997,0.22999999999999687,11.499999999999844,bullish,20.999999999999687,bullish
2024-11-04,1,2024-11-01,2024-11-04,29.55,29.79,0.23999999999999844,11.999999999999922,bullish,21.999999999999844,bullish
2024-11-05,1,2024-11-04,2024-11-05,29.64,29.939999999999998,0.29999999999999716,14.999999999999858,bullish,27.999999999999716,bullish
2024-11-06,1,2024-11-05,2024-11-06,29.76,28.18,-1.5800000000000018,-79.00000000000009,bullish,-160.00000000000017,bullish
2024-11-07,1,2024-11-06,2024-11-07,28.44,28.91,0.46999999999999886,23.499999999999943,bullish,44.999999999999886,bullish
2024-11-08,1,2024-11-07,2024-11-08,29.12,28.959999999999997,-0.1600000000000037,-8.000000000000185,bullish,-18.00000000000037,bullish
2024-11-11,1,2024-11-08,2024-11-11,28.490000000000002,27.959999999999997,-0.5300000000000047,-26.500000000000234,bullish,-55.00000000000047,bullish
2024-11-19,1,2024-11-18,2024-11-19,28.39,28.45,0.05999999999999872,2.999999999999936,bullish,3.999999999999872,bullish
2024-11-20,1,2024-11-19,2024-11-20,28.51,28.38,-0.13000000000000256,-6.500000000000128,bullish,-15.000000000000256,bullish
2024-11-25,1,2024-11-22,2024-11-25,28.48,27.709999999999997,-0.7700000000000031,-38.500000000000156,bullish,-79.00000000000031,bullish
2025-02-05,1,2025-02-04,2025-02-05,29.23,29.349999999999998,0.11999999999999744,5.999999999999872,bullish,9.999999999999744,bullish
2025-02-06,1,2025-02-05,2025-02-06,29.360000000000003,29.229999999999997,-0.1300000000000061,-6.5000000000003055,bullish,-15.000000000000611,bullish
2025-02-07,1,2025-02-06,2025-02-07,29.39,29.56,0.16999999999999815,8.499999999999908,bullish,14.999999999999815,bullish
2025-02-10,1,2025-02-07,2025-02-10,29.040000000000003,29.139999999999997,0.09999999999999432,4.999999999999716,bullish,7.999999999999432,bullish
2025-02-11,1,2025-02-10,2025-02-11,29.21,28.86,-0.3500000000000014,-17.50000000000007,bullish,-37.00000000000014,bullish
2025-02-12,1,2025-02-11,2025-02-12,29.01,29.189999999999998,0.17999999999999616,8.999999999999808,bullish,15.999999999999616,bullish
2025-02-13,1,2025-02-12,2025-02-13,29.35,29.18,-0.1700000000000017,-8.500000000000085,bullish,-19.00000000000017,bullish
2025-02-14,1,2025-02-13,2025-02-14,29.470000000000002,30.229999999999997,0.7599999999999945,37.99999999999972,bullish,73.99999999999945,bullish
2025-02-18,1,2025-02-14,2025-02-18,29.32,29.61,0.28999999999999915,14.499999999999957,bullish,26.999999999999915,bullish
2025-02-19,1,2025-02-18,2025-02-19,29.92,29.74,-0.18000000000000327,-9.000000000000163,bullish,-20.000000000000327,bullish
2025-02-20,1,2025-02-19,2025-02-20,29.82,29.97,0.14999999999999858,7.499999999999929,bullish,12.999999999999858,bullish
2025-02-21,1,2025-02-20,2025-02-21,29.96,30.02,0.05999999999999872,2.999999999999936,bullish,3.999999999999872,bullish
2025-02-24,1,2025-02-21,2025-02-24,29.6,29.56,-0.0400000000000027,-2.000000000000135,bullish,-6.00000000000027,bullish
2025-02-25,1,2025-02-24,2025-02-25,29.450000000000003,29.16,-0.2900000000000027,-14.500000000000135,bullish,-31.00000000000027,bullish
2025-02-26,1,2025-02-25,2025-02-26,28.84,28.77,-0.07000000000000028,-3.500000000000014,bullish,-9.000000000000028,bullish
2025-02-27,1,2025-02-26,2025-02-27,28.950000000000003,28.93,-0.020000000000003126,-1.0000000000001563,bullish,-4.000000000000313,bullish
2025-02-28,1,2025-02-27,2025-02-28,28.41,28.169999999999998,-0.240000000000002,-12.0000000000001,bullish,-26.0000000000002,bullish
2025-03-03,1,2025-02-28,2025-03-03,28.32,28.849999999999998,0.5299999999999976,26.49999999999988,bullish,50.99999999999976,bullish
2025-03-04,1,2025-03-03,2025-03-04,28.76,29.029999999999998,0.269999999999996,13.499999999999801,bullish,24.999999999999602,bullish
2025-03-05,1,2025-03-04,2025-03-05,29.01,29.22,0.2099999999999973,10.499999999999865,bullish,18.99999999999973,bullish
2025-03-06,1,2025-03-05,2025-03-06,29.78,29.49,-0.2900000000000027,-14.500000000000135,bullish,-31.00000000000027,bullish
2025-03-07,1,2025-03-06,2025-03-07,29.700000000000003,29.38,-0.32000000000000384,-16.000000000000192,bullish,-34.000000000000384,bullish
2025-03-10,1,2025-03-07,2025-03-10,29.6,29.549999999999997,-0.05000000000000426,-2.500000000000213,bullish,-7.000000000000426,bullish
2025-03-11,1,2025-03-10,2025-03-11,29.12,29.58,0.4599999999999973,22.999999999999865,bullish,43.99999999999973,bullish
2025-03-12,1,2025-03-11,2025-03-12,29.970000000000002,30.009999999999998,0.039999999999995595,1.9999999999997797,bullish,1.9999999999995595,bullish
2025-03-13,1,2025-03-12,2025-03-13,30.23,30.189999999999998,-0.0400000000000027,-2.000000000000135,bullish,-6.00000000000027,bullish
2025-03-14,1,2025-03-13,2025-03-14,30.75,30.91,0.16000000000000014,8.000000000000007,bullish,14.000000000000014,bullish
2025-03-17,1,2025-03-14,2025-03-17,30.720000000000002,30.41,-0.3100000000000023,-15.500000000000114,bullish,-33.00000000000023,bullish
2025-03-18,1,2025-03-17,2025-03-18,30.82,31.08,0.259999999999998,12.9999999999999,bullish,23.9999999999998,bullish
2025-03-19,1,2025-03-18,2025-03-19,30.860000000000003,30.669999999999998,-0.19000000000000483,-9.500000000000242,bullish,-21.000000000000483,bullish
2025-03-20,1,2025-03-19,2025-03-20,30.76,30.259999999999998,-0.5000000000000036,-25.000000000000178,bullish,-52.000000000000355,bullish
2025-03-21,1,2025-03-20,2025-03-21,30.51,30.2,-0.3100000000000023,-15.500000000000114,bullish,-33.00000000000023,bullish
2025-03-24,1,2025-03-21,2025-03-24,30.03,30.119999999999997,0.0899999999999963,4.499999999999815,bullish,6.9999999999996305,bullish
2025-03-25,1,2025-03-24,2025-03-25,29.970000000000002,30.54,0.5699999999999967,28.499999999999837,bullish,54.99999999999967,bullish
2025-03-26,1,2025-03-25,2025-03-26,30.59,30.7,0.10999999999999943,5.499999999999972,bullish,8.999999999999943,bullish
2025-03-27,1,2025-03-26,2025-03-27,30.540000000000003,30.759999999999998,0.2199999999999953,10.999999999999766,bullish,19.99999999999953,bullish
2025-03-28,1,2025-03-27,2025-03-28,31.330000000000002,31.38,0.04999999999999716,2.499999999999858,bullish,2.999999999999716,bullish
2025-03-31,1,2025-03-28,2025-03-31,31.01,30.759999999999998,-0.25000000000000355,-12.500000000000178,bullish,-27.000000000000355,bullish
2025-04-01,1,2025-03-31,2025-04-01,31.0,30.86,-0.14000000000000057,-7.000000000000028,bullish,-16.000000000000057,bullish
2025-04-02,1,2025-04-01,2025-04-02,30.64,30.729999999999997,0.0899999999999963,4.499999999999815,bullish,6.9999999999996305,bullish
2025-04-03,1,2025-04-02,2025-04-03,30.770000000000003,28.93,-1.8400000000000034,-92.00000000000017,bullish,-186.00000000000034,bullish
2025-04-14,1,2025-04-11,2025-04-14,29.200000000000003,29.09,-0.11000000000000298,-5.500000000000149,bullish,-13.000000000000298,bullish
2025-04-15,1,2025-04-14,2025-04-15,29.39,29.349999999999998,-0.0400000000000027,-2.000000000000135,bullish,-6.00000000000027,bullish
2025-04-16,1,2025-04-15,2025-04-16,29.42,29.84,0.41999999999999815,20.999999999999908,bullish,39.999999999999815,bullish
2025-04-17,1,2025-04-16,2025-04-17,29.770000000000003,29.529999999999998,-0.24000000000000554,-12.000000000000277,bullish,-26.000000000000554,bullish
2025-04-21,1,2025-04-17,2025-04-21,29.560000000000002,29.939999999999998,0.37999999999999545,18.999999999999773,bullish,35.999999999999545,bullish
2025-04-22,1,2025-04-21,2025-04-22,29.8,29.779999999999998,-0.020000000000003126,-1.0000000000001563,bullish,-4.000000000000313,bullish
2025-04-24,1,2025-04-23,2025-04-24,30.57,30.299999999999997,-0.2700000000000031,-13.500000000000156,bullish,-29.000000000000313,bullish
2025-04-25,1,2025-04-24,2025-04-25,30.57,29.95,-0.620000000000001,-31.00000000000005,bullish,-64.0000000000001,bullish
2025-04-28,1,2025-04-25,2025-04-28,30.060000000000002,30.069999999999997,0.009999999999994458,0.4999999999997229,bullish,-1.0000000000005542,bullish
2025-04-29,1,2025-04-28,2025-04-29,30.200000000000003,30.439999999999998,0.23999999999999488,11.999999999999744,bullish,21.99999999999949,bullish
2025-05-07,1,2025-05-06,2025-05-07,30.23,29.759999999999998,-0.4700000000000024,-23.50000000000012,bullish,-49.00000000000024,bullish
2025-05-14,1,2025-05-13,2025-05-14,29.94,29.419999999999998,-0.5200000000000031,-26.000000000000156,bullish,-54.00000000000031,bullish
2025-05-15,1,2025-05-14,2025-05-15,29.26,29.24,-0.020000000000003126,-1.0000000000001563,bullish,-4.000000000000313,bullish
2025-05-16,1,2025-05-15,2025-05-16,29.62,29.189999999999998,-0.43000000000000327,-21.500000000000163,bullish,-45.00000000000033,bullish
2025-05-19,1,2025-05-16,2025-05-19,29.310000000000002,29.419999999999998,0.10999999999999588,5.499999999999794,bullish,8.999999999999588,bullish
2025-05-20,1,2025-05-19,2025-05-20,29.430000000000003,29.52,0.0899999999999963,4.499999999999815,bullish,6.9999999999996305,bullish
2025-05-21,1,2025-05-20,2025-05-21,30.14,30.169999999999998,0.029999999999997584,1.4999999999998792,bullish,0.9999999999997584,bullish
2025-05-22,1,2025-05-21,2025-05-22,30.520000000000003,30.0,-0.5200000000000031,-26.000000000000156,bullish,-54.00000000000031,bullish
2025-05-23,1,2025-05-22,2025-05-23,30.040000000000003,30.18,0.13999999999999702,6.999999999999851,bullish,11.999999999999702,bullish
2025-05-27,1,2025-05-23,2025-05-27,30.46,30.029999999999998,-0.43000000000000327,-21.500000000000163,bullish,-45.00000000000033,bullish
2025-05-28,1,2025-05-27,2025-05-28,30.240000000000002,30.139999999999997,-0.10000000000000497,-5.000000000000249,bullish,-12.000000000000497,bullish
2025-05-29,1,2025-05-28,2025-05-29,29.990000000000002,30.279999999999998,0.2899999999999956,14.49999999999978,bullish,26.99999999999956,bullish
2025-05-30,1,2025-05-29,2025-05-30,30.310000000000002,30.11,-0.20000000000000284,-10.000000000000142,bullish,-22.000000000000284,bullish
2025-06-02,1,2025-05-30,2025-06-02,30.01,30.84,0.8299999999999983,41.499999999999915,bullish,80.99999999999983,bullish
2025-06-03,1,2025-06-02,2025-06-03,31.6,31.259999999999998,-0.3400000000000034,-17.00000000000017,bullish,-36.00000000000034,bullish
2025-06-04,1,2025-06-03,2025-06-04,31.450000000000003,31.31,-0.14000000000000412,-7.000000000000206,bullish,-16.000000000000412,bullish
2025-06-05,1,2025-06-04,2025-06-05,31.35,32.620000000000005,1.2700000000000031,63.500000000000156,bullish,125.00000000000031,bullish
2025-06-06,1,2025-06-05,2025-06-06,32.46,32.910000000000004,0.45000000000000284,22.500000000000142,bullish,43.000000000000284,bullish
2025-06-09,1,2025-06-06,2025-06-09,32.699999999999996,33.09,0.3900000000000077,19.500000000000384,bullish,37.00000000000077,bullish
2025-06-10,1,2025-06-09,2025-06-10,33.4,33.300000000000004,-0.09999999999999432,-4.999999999999716,bullish,-11.999999999999432,bullish
2025-06-11,1,2025-06-10,2025-06-11,33.239999999999995,32.910000000000004,-0.3299999999999912,-16.49999999999956,bullish,-34.99999999999912,bullish
2025-06-12,1,2025-06-11,2025-06-12,32.96,32.84,-0.11999999999999744,-5.999999999999872,bullish,-13.999999999999744,bullish
2025-06-13,1,2025-06-12,2025-06-13,33.07,33.010000000000005,-0.05999999999999517,-2.9999999999997584,bullish,-7.999999999999517,bullish
2025-06-16,1,2025-06-13,2025-06-16,32.98,33.09,0.11000000000000654,5.500000000000327,bullish,9.000000000000654,bullish
2025-06-17,1,2025-06-16,2025-06-17,33.04,33.620000000000005,0.5800000000000054,29.00000000000027,bullish,56.00000000000054,bullish
2025-06-18,1,2025-06-17,2025-06-18,33.75,33.72,-0.030000000000001137,-1.5000000000000568,bullish,-5.000000000000114,bullish
2025-06-20,1,2025-06-18,2025-06-20,33.28,32.77,-0.509999999999998,-25.4999999999999,bullish,-52.9999999999998,bullish
2025-06-23,1,2025-06-20,2025-06-23,32.73,32.800000000000004,0.07000000000000739,3.5000000000003695,bullish,5.000000000000739,bullish
2025-06-24,1,2025-06-23,2025-06-24,32.97,32.54,-0.4299999999999997,-21.499999999999986,bullish,-44.99999999999997,bullish
2025-06-25,1,2025-06-24,2025-06-25,32.62,32.52,-0.09999999999999432,-4.999999999999716,bullish,-11.999999999999432,bullish
2025-06-26,1,2025-06-25,2025-06-26,33.019999999999996,33.120000000000005,0.10000000000000853,5.000000000000426,bullish,8.000000000000853,bullish
2025-06-27,1,2025-06-26,2025-06-27,33.35,32.550000000000004,-0.7999999999999972,-39.99999999999986,bullish,-81.99999999999972,bullish
2025-06-30,1,2025-06-27,2025-06-30,32.629999999999995,32.71,0.0800000000000054,4.00000000000027,bullish,6.00000000000054,bullish
2025-07-01,1,2025-06-30,2025-07-01,32.82,32.92,0.10000000000000142,5.000000000000071,bullish,8.000000000000142,bullish
2025-07-02,1,2025-07-01,2025-07-02,32.739999999999995,33.02,0.28000000000000824,14.000000000000412,bullish,26.000000000000824,bullish
2025-07-03,1,2025-07-02,2025-07-03,33.25,33.4,0.14999999999999858,7.499999999999929,bullish,12.999999999999858,bullish
2025-07-07,1,2025-07-03,2025-07-07,33.519999999999996,33.050000000000004,-0.46999999999999176,-23.499999999999588,bullish,-48.999999999999176,bullish
2025-07-08,1,2025-07-07,2025-07-08,33.44,33.32,-0.11999999999999744,-5.999999999999872,bullish,-13.999999999999744,bullish
2025-07-09,1,2025-07-08,2025-07-09,33.3,33.080000000000005,-0.21999999999999176,-10.999999999999588,bullish,-23.999999999999176,bullish
2025-07-10,1,2025-07-09,2025-07-10,33.01,33.300000000000004,0.29000000000000625,14.500000000000313,bullish,27.000000000000625,bullish
2025-07-11,1,2025-07-10,2025-07-11,33.76,34.17,0.4100000000000037,20.500000000000185,bullish,39.00000000000037,bullish
2025-07-14,1,2025-07-11,2025-07-14,35.04,35.21,0.1700000000000017,8.500000000000085,bullish,15.00000000000017,bullish
2025-07-15,1,2025-07-14,2025-07-15,34.64,34.68,0.03999999999999915,1.9999999999999574,bullish,1.9999999999999147,bullish
2025-07-16,1,2025-07-15,2025-07-16,34.269999999999996,34.38,0.11000000000000654,5.500000000000327,bullish,9.000000000000654,bullish
2025-07-17,1,2025-07-16,2025-07-17,34.419999999999995,34.28,-0.13999999999999346,-6.999999999999673,bullish,-15.999999999999346,bullish
2025-07-18,1,2025-07-17,2025-07-18,34.66,34.78,0.12000000000000455,6.000000000000227,bullish,10.000000000000455,bullish
2025-07-21,1,2025-07-18,2025-07-21,34.62,35.1,0.480000000000004,24.0000000000002,bullish,46.0000000000004,bullish
2025-07-22,1,2025-07-21,2025-07-22,35.36,35.54,0.17999999999999972,8.999999999999986,bullish,15.999999999999972,bullish
2025-07-23,1,2025-07-22,2025-07-23,35.73,35.75,0.020000000000003126,1.0000000000001563,bullish,3.126388037344441e-13,bullish
2025-07-24,1,2025-07-23,2025-07-24,35.699999999999996,35.35,-0.3499999999999943,-17.499999999999716,bullish,-36.99999999999943,bullish
2025-07-25,1,2025-07-24,2025-07-25,35.5,35.27,-0.22999999999999687,-11.499999999999844,bullish,-24.999999999999687,bullish
2025-07-28,1,2025-07-25,2025-07-28,34.669999999999995,34.64,-0.02999999999999403,-1.4999999999997016,bullish,-4.999999999999403,bullish
2025-07-29,1,2025-07-28,2025-07-29,34.65,34.63,-0.01999999999999602,-0.999999999999801,bullish,-3.999999999999602,bullish
2025-07-30,1,2025-07-29,2025-07-30,34.669999999999995,34.11,-0.5599999999999952,-27.99999999999976,bullish,-57.99999999999952,bullish
2025-07-31,1,2025-07-30,2025-07-31,33.519999999999996,33.29,-0.22999999999999687,-11.499999999999844,bullish,-24.999999999999687,bullish
2025-08-01,1,2025-07-31,2025-08-01,33.33,33.75,0.4200000000000017,21.000000000000085,bullish,40.00000000000017,bullish
2025-08-04,1,2025-08-01,2025-08-04,33.6,33.92,0.3200000000000003,16.000000000000014,bullish,30.00000000000003,bullish
2025-08-05,1,2025-08-04,2025-08-05,33.989999999999995,34.0,0.010000000000005116,0.5000000000002558,bullish,-0.9999999999994884,bullish
2025-08-06,1,2025-08-05,2025-08-06,34.36,34.38,0.020000000000003126,1.0000000000001563,bullish,3.126388037344441e-13,bullish
2025-08-07,1,2025-08-06,2025-08-07,34.36,34.84,0.480000000000004,24.0000000000002,bullish,46.0000000000004,bullish
2025-08-08,1,2025-08-07,2025-08-08,34.769999999999996,34.77,7.105427357601002e-15,3.552713678800501e-13,bullish,-1.9999999999992895,bullish
2025-08-11,1,2025-08-08,2025-08-11,34.89,34.330000000000005,-0.5599999999999952,-27.99999999999976,bullish,-57.99999999999952,bullish
2025-08-12,1,2025-08-11,2025-08-12,34.19,34.230000000000004,0.04000000000000625,2.0000000000003126,bullish,2.0000000000006253,bullish
2025-08-13,1,2025-08-12,2025-08-13,34.419999999999995,34.86,0.44000000000000483,22.00000000000024,bullish,42.00000000000048,bullish
2025-08-14,1,2025-08-13,2025-08-14,35.01,34.64,-0.36999999999999744,-18.499999999999872,bullish,-38.999999999999744,bullish
2025-08-15,1,2025-08-14,2025-08-15,34.51,34.330000000000005,-0.1799999999999926,-8.99999999999963,bullish,-19.99999999999926,bullish
2025-08-18,1,2025-08-15,2025-08-18,34.51,34.65,0.14000000000000057,7.000000000000028,bullish,12.000000000000057,bullish
2025-08-19,1,2025-08-18,2025-08-19,34.559999999999995,34.46,-0.09999999999999432,-4.999999999999716,bullish,-11.999999999999432,bullish
2025-08-20,1,2025-08-19,2025-08-20,33.879999999999995,34.2,0.3200000000000074,16.00000000000037,bullish,30.00000000000074,bullish
2025-08-21,1,2025-08-20,2025-08-21,34.44,34.47,0.030000000000001137,1.5000000000000568,bullish,1.0000000000001137,bullish
2025-08-22,1,2025-08-21,2025-08-22,34.62,34.45,-0.1699999999999946,-8.49999999999973,bullish,-18.99999999999946,bullish
2025-08-25,1,2025-08-22,2025-08-25,35.35,35.06,-0.28999999999999915,-14.499999999999957,bullish,-30.999999999999915,bullish
2025-08-26,1,2025-08-25,2025-08-26,35.03,34.89,-0.14000000000000057,-7.000000000000028,bullish,-16.000000000000057,bullish
2025-08-27,1,2025-08-26,2025-08-27,35.03,34.72,-0.3100000000000023,-15.500000000000114,bullish,-33.00000000000023,bullish
2025-08-28,1,2025-08-27,2025-08-28,35.0,35.4,0.3999999999999986,19.99999999999993,bullish,37.99999999999986,bullish
2025-08-29,1,2025-08-28,2025-08-29,35.53,35.34,-0.18999999999999773,-9.499999999999886,bullish,-20.999999999999773,bullish
2025-09-02,1,2025-08-29,2025-09-02,36.199999999999996,36.620000000000005,0.4200000000000088,21.00000000000044,bullish,40.00000000000088,bullish
2025-09-03,1,2025-09-02,2025-09-03,37.16,37.29,0.13000000000000256,6.500000000000128,bullish,11.000000000000256,bullish
2025-09-04,1,2025-09-03,2025-09-04,37.35,37.190000000000005,-0.1599999999999966,-7.9999999999998295,bullish,-17.99999999999966,bullish
2025-09-05,1,2025-09-04,2025-09-05,36.94,37.4,0.46000000000000085,23.000000000000043,bullish,44.000000000000085,bullish
2025-09-08,1,2025-09-05,2025-09-08,37.22,37.56,0.3400000000000034,17.00000000000017,bullish,32.00000000000034,bullish
2025-09-09,1,2025-09-08,2025-09-09,37.519999999999996,37.42,-0.09999999999999432,-4.999999999999716,bullish,-11.999999999999432,bullish
2025-09-10,1,2025-09-09,2025-09-10,37.19,37.34,0.15000000000000568,7.500000000000284,bullish,13.000000000000568,bullish
2025-09-11,1,2025-09-10,2025-09-11,37.419999999999995,37.36,-0.05999999999999517,-2.9999999999997584,bullish,-7.999999999999517,bullish
2025-09-12,1,2025-09-11,2025-09-12,37.8,38.230000000000004,0.4300000000000068,21.50000000000034,bullish,41.00000000000068,bullish
2025-09-15,1,2025-09-12,2025-09-15,38.35,38.29,-0.060000000000002274,-3.0000000000001137,bullish,-8.000000000000227,bullish
2025-09-16,1,2025-09-15,2025-09-16,38.769999999999996,38.99,0.22000000000000597,11.000000000000298,bullish,20.000000000000597,bullish
2025-09-17,1,2025-09-16,2025-09-17,38.61,38.03,-0.5799999999999983,-28.999999999999915,bullish,-59.99999999999983,bullish
2025-09-18,1,2025-09-17,2025-09-18,37.8,37.85,0.05000000000000426,2.500000000000213,bullish,3.0000000000004263,bullish
2025-09-19,1,2025-09-18,2025-09-19,38.0,38.25,0.25,12.5,bullish,23.0,bullish
2025-09-22,1,2025-09-19,2025-09-22,39.05,39.49,0.44000000000000483,22.00000000000024,bullish,42.00000000000048,bullish
2025-09-23,1,2025-09-22,2025-09-23,40.05,40.300000000000004,0.2500000000000071,12.500000000000355,bullish,23.00000000000071,bullish
2025-09-24,1,2025-09-23,2025-09-24,39.97,40.120000000000005,0.15000000000000568,7.500000000000284,bullish,13.000000000000568,bullish
2025-09-25,1,2025-09-24,2025-09-25,39.83,40.45,0.6200000000000045,31.000000000000227,bullish,60.000000000000455,bullish
2025-09-26,1,2025-09-25,2025-09-26,41.04,41.22,0.17999999999999972,8.999999999999986,bullish,15.999999999999972,bullish
2025-09-29,1,2025-09-26,2025-09-29,41.87,42.45,0.5800000000000054,29.00000000000027,bullish,56.00000000000054,bullish
2025-09-30,1,2025-09-29,2025-09-30,42.51,41.78,-0.7299999999999969,-36.499999999999844,bullish,-74.99999999999969,bullish
2025-10-01,1,2025-09-30,2025-10-01,42.379999999999995,43.02,0.6400000000000077,32.000000000000384,bullish,62.00000000000077,bullish
2025-10-02,1,2025-10-01,2025-10-02,42.919999999999995,43.56,0.6400000000000077,32.000000000000384,bullish,62.00000000000077,bullish
2025-10-03,1,2025-10-02,2025-10-03,42.54,43.32,0.7800000000000011,39.00000000000006,bullish,76.00000000000011,bullish
2025-10-06,1,2025-10-03,2025-10-06,43.53,44.0,0.46999999999999886,23.499999999999943,bullish,44.999999999999886,bullish
2025-10-07,1,2025-10-06,2025-10-07,44.07,43.96,-0.10999999999999943,-5.499999999999972,bullish,-12.999999999999943,bullish
2025-10-08,1,2025-10-07,2025-10-08,43.4,44.42,1.0200000000000031,51.000000000000156,bullish,100.00000000000031,bullish
2025-10-09,1,2025-10-08,2025-10-09,44.57,46.260000000000005,1.6900000000000048,84.50000000000024,bullish,167.00000000000048,bullish
2025-10-10,1,2025-10-09,2025-10-10,44.72,45.47,0.75,37.5,bullish,73.0,bullish
2025-10-13,1,2025-10-10,2025-10-13,45.44,46.93,1.490000000000002,74.5000000000001,bullish,147.0000000000002,bullish
2025-10-14,1,2025-10-13,2025-10-14,47.269999999999996,45.980000000000004,-1.289999999999992,-64.4999999999996,bullish,-130.9999999999992,bullish
2025-10-15,1,2025-10-14,2025-10-15,46.809999999999995,47.75,0.9400000000000048,47.00000000000024,bullish,92.00000000000048,bullish
2025-10-16,1,2025-10-15,2025-10-16,48.339999999999996,48.09,-0.2499999999999929,-12.499999999999645,bullish,-26.99999999999929,bullish
2025-10-17,1,2025-10-16,2025-10-17,49.18,48.45,-0.7299999999999969,-36.499999999999844,bullish,-74.99999999999969,bullish
2025-10-20,1,2025-10-17,2025-10-20,47.0,47.75,0.75,37.5,bullish,73.0,bullish
2025-10-21,1,2025-10-20,2025-10-21,47.73,45.190000000000005,-2.539999999999992,-126.9999999999996,bullish,-255.9999999999992,bullish
2025-10-22,1,2025-10-21,2025-10-22,43.8,43.730000000000004,-0.06999999999999318,-3.499999999999659,bullish,-8.999999999999318,bullish
2025-10-23,1,2025-10-22,2025-10-23,43.89,44.71,0.8200000000000003,41.000000000000014,bullish,80.00000000000003,bullish
2025-10-24,1,2025-10-23,2025-10-24,44.19,44.07,-0.11999999999999744,-5.999999999999872,bullish,-13.999999999999744,bullish
2025-10-27,1,2025-10-24,2025-10-27,44.0,42.96,-1.0399999999999991,-51.99999999999996,bullish,-105.99999999999991,bullish
2025-10-28,1,2025-10-27,2025-10-28,42.41,42.330000000000005,-0.07999999999999119,-3.9999999999995595,bullish,-9.999999999999119,bullish
2025-10-29,1,2025-10-28,2025-10-29,42.71,43.830000000000005,1.1200000000000045,56.00000000000023,bullish,110.00000000000045,bullish
2025-10-30,1,2025-10-29,2025-10-30,43.239999999999995,43.67,0.4300000000000068,21.50000000000034,bullish,41.00000000000068,bullish
2025-10-31,1,2025-10-30,2025-10-31,44.35,44.47,0.11999999999999744,5.999999999999872,bullish,9.999999999999744,bullish
2025-11-03,1,2025-10-31,2025-11-03,44.019999999999996,44.24,0.22000000000000597,11.000000000000298,bullish,20.000000000000597,bullish
2025-11-04,1,2025-11-03,2025-11-04,43.769999999999996,43.03,-0.7399999999999949,-36.999999999999744,bullish,-75.99999999999949,bullish
2025-11-05,1,2025-11-04,2025-11-05,42.75,43.480000000000004,0.730000000000004,36.5000000000002,bullish,71.0000000000004,bullish
2025-11-06,1,2025-11-05,2025-11-06,43.66,43.65,-0.00999999999999801,-0.4999999999999005,bullish,-2.999999999999801,bullish
2025-11-07,1,2025-11-06,2025-11-07,43.559999999999995,44.010000000000005,0.45000000000000995,22.500000000000497,bullish,43.000000000000995,bullish
2025-11-10,1,2025-11-07,2025-11-10,43.93,45.160000000000004,1.230000000000004,61.5000000000002,bullish,121.0000000000004,bullish
2025-11-11,1,2025-11-10,2025-11-11,45.8,46.27,0.47000000000000597,23.5000000000003,bullish,45.0000000000006,bullish
2025-11-12,1,2025-11-11,2025-11-12,46.46,47.09,0.6300000000000026,31.500000000000128,bullish,61.000000000000256,bullish
2025-11-13,1,2025-11-12,2025-11-13,48.33,48.28,-0.04999999999999716,-2.499999999999858,bullish,-6.999999999999716,bullish
2025-11-14,1,2025-11-13,2025-11-14,47.43,45.760000000000005,-1.6699999999999946,-83.49999999999973,bullish,-168.99999999999946,bullish
2025-11-17,1,2025-11-14,2025-11-17,45.97,45.800000000000004,-0.1699999999999946,-8.49999999999973,bullish,-18.99999999999946,bullish
2025-11-18,1,2025-11-17,2025-11-18,45.48,45.86,0.38000000000000256,19.000000000000128,bullish,36.000000000000256,bullish
2025-11-19,1,2025-11-18,2025-11-19,46.11,46.79,0.6799999999999997,33.999999999999986,bullish,65.99999999999997,bullish
2025-11-20,1,2025-11-19,2025-11-20,46.46,46.25,-0.21000000000000085,-10.500000000000043,bullish,-23.000000000000085,bullish
2025-11-21,1,2025-11-20,2025-11-21,45.79,44.89,-0.8999999999999986,-44.99999999999993,bullish,-91.99999999999986,bullish
2025-11-24,1,2025-11-21,2025-11-24,45.309999999999995,45.4,0.09000000000000341,4.5000000000001705,bullish,7.000000000000341,bullish
2025-11-25,1,2025-11-24,2025-11-25,46.64,46.54,-0.10000000000000142,-5.000000000000071,bullish,-12.000000000000142,bullish
2025-11-26,1,2025-11-25,2025-11-26,46.68,47.300000000000004,0.6200000000000045,31.000000000000227,bullish,60.000000000000455,bullish
2025-11-28,1,2025-11-26,2025-11-28,48.41,49.660000000000004,1.250000000000007,62.500000000000355,bullish,123.00000000000071,bullish
2025-12-01,1,2025-11-28,2025-12-01,51.22,51.980000000000004,0.7600000000000051,38.000000000000256,bullish,74.00000000000051,bullish
2025-12-02,1,2025-12-01,2025-12-02,52.53,52.82,0.28999999999999915,14.499999999999957,bullish,26.999999999999915,bullish
2025-12-03,1,2025-12-02,2025-12-03,53.14,53.0,-0.14000000000000057,-7.000000000000028,bullish,-16.000000000000057,bullish
2025-12-04,1,2025-12-03,2025-12-04,53.08,52.27,-0.8099999999999952,-40.49999999999976,bullish,-82.99999999999952,bullish
2025-12-05,1,2025-12-04,2025-12-05,51.769999999999996,52.7,0.9300000000000068,46.50000000000034,bullish,91.00000000000068,bullish
2025-12-08,1,2025-12-05,2025-12-08,52.96,52.88,-0.0799999999999983,-3.9999999999999147,bullish,-9.99999999999983,bullish
2025-12-09,1,2025-12-08,2025-12-09,52.72,53.38,0.6600000000000037,33.000000000000185,bullish,64.00000000000037,bullish
2025-12-10,1,2025-12-09,2025-12-10,55.18,55.120000000000005,-0.05999999999999517,-2.9999999999997584,bullish,-7.999999999999517,bullish
2025-12-11,1,2025-12-10,2025-12-11,56.08,56.760000000000005,0.6800000000000068,34.00000000000034,bullish,66.00000000000068,bullish
2025-12-12,1,2025-12-11,2025-12-12,57.629999999999995,58.52,0.8900000000000077,44.500000000000384,bullish,87.00000000000077,bullish
2025-12-15,1,2025-12-12,2025-12-15,56.11,57.84,1.730000000000004,86.5000000000002,bullish,171.0000000000004,bullish
2025-12-16,1,2025-12-15,2025-12-16,58.12,57.6,-0.519999999999996,-25.9999999999998,bullish,-53.9999999999996,bullish
2025-12-17,1,2025-12-16,2025-12-17,57.739999999999995,59.25,1.5100000000000051,75.50000000000026,bullish,149.0000000000005,bullish
2025-12-18,1,2025-12-17,2025-12-18,60.269999999999996,59.81,-0.45999999999999375,-22.999999999999687,bullish,-47.999999999999375,bullish
2025-12-19,1,2025-12-18,2025-12-19,59.33,59.78,0.45000000000000284,22.500000000000142,bullish,43.000000000000284,bullish
2025-12-22,1,2025-12-19,2025-12-22,60.94,62.6,1.6600000000000037,83.00000000000018,bullish,164.00000000000037,bullish
2025-12-23,1,2025-12-22,2025-12-23,62.48,63.67,1.1900000000000048,59.50000000000024,bullish,117.00000000000048,bullish
2025-12-24,1,2025-12-23,2025-12-24,64.85000000000001,65.07,0.21999999999998465,10.999999999999233,bullish,19.999999999998465,bullish
2025-12-26,1,2025-12-24,2025-12-26,65.23,67.82,2.589999999999989,129.49999999999946,bullish,256.9999999999989,bullish
2025-12-29,1,2025-12-26,2025-12-29,71.13000000000001,65.64999999999999,-5.480000000000018,-274.0000000000009,bullish,-550.0000000000018,bullish
2025-12-30,1,2025-12-29,2025-12-30,66.02000000000001,69.1,3.079999999999984,153.9999999999992,bullish,305.9999999999984,bullish
2025-12-31,1,2025-12-30,2025-12-31,68.99000000000001,65.53999999999999,-3.450000000000017,-172.50000000000085,bullish,-347.0000000000017,bullish
2026-01-02,1,2025-12-31,2026-01-02,64.43,67.30999999999999,2.8799999999999812,143.99999999999906,bullish,285.9999999999981,bullish
2026-01-05,1,2026-01-02,2026-01-05,65.76,69.44999999999999,3.6899999999999835,184.49999999999918,bullish,366.99999999999835,bullish
2026-01-06,1,2026-01-05,2026-01-06,69.09,71.42,2.3299999999999983,116.49999999999991,bullish,230.99999999999983,bullish
2026-01-07,1,2026-01-06,2026-01-07,73.72,69.83999999999999,-3.8800000000000097,-194.00000000000048,bullish,-390.00000000000097,bullish
2026-01-08,1,2026-01-07,2026-01-08,70.97,67.25,-3.719999999999999,-185.99999999999994,bullish,-373.9999999999999,bullish
2026-01-09,1,2026-01-08,2026-01-09,69.72,71.3,1.5799999999999983,78.99999999999991,bullish,155.99999999999983,bullish
2026-01-12,1,2026-01-09,2026-01-12,72.39,76.1,3.7099999999999937,185.4999999999997,bullish,368.9999999999994,bullish
2026-01-13,1,2026-01-12,2026-01-13,77.24000000000001,80.02,2.779999999999987,138.99999999999935,bullish,275.9999999999987,bullish
2026-01-14,1,2026-01-13,2026-01-14,78.61,83.33,4.719999999999999,235.99999999999994,bullish,469.9999999999999,bullish
2026-01-15,1,2026-01-14,2026-01-15,84.57000000000001,80.69999999999999,-3.8700000000000188,-193.50000000000094,bullish,-389.0000000000019,bullish
2026-01-16,1,2026-01-15,2026-01-16,83.33,80.28999999999999,-3.0400000000000063,-152.0000000000003,bullish,-306.0000000000006,bullish
2026-01-20,1,2026-01-16,2026-01-20,81.03,86.19,5.159999999999997,257.99999999999983,bullish,513.9999999999997,bullish
2026-01-21,1,2026-01-20,2026-01-21,85.4,85.6,0.19999999999998863,9.999999999999432,bullish,17.999999999998863,bullish
2026-01-22,1,2026-01-21,2026-01-22,83.97,84.78,0.8100000000000023,40.500000000000114,bullish,79.00000000000023,bullish
2026-01-23,1,2026-01-22,2026-01-23,87.14,90.17999999999999,3.039999999999992,151.9999999999996,bullish,301.9999999999992,bullish
2026-01-26,1,2026-01-23,2026-01-26,92.92,99.36,6.439999999999998,321.9999999999999,bullish,641.9999999999998,bullish
2026-01-27,1,2026-01-26,2026-01-27,98.35000000000001,97.99,-0.36000000000001364,-18.000000000000682,bullish,-38.000000000001364,bullish
2026-01-28,1,2026-01-27,2026-01-28,101.60000000000001,102.75999999999999,1.1599999999999824,57.99999999999912,bullish,113.99999999999824,bullish
2026-01-29,1,2026-01-28,2026-01-29,105.61,109.52,3.9099999999999966,195.49999999999983,bullish,388.99999999999966,bullish
2026-01-30,1,2026-01-29,2026-01-30,105.58,89.32,-16.260000000000005,-813.0000000000002,bullish,-1628.0000000000005,bullish
2026-02-02,1,2026-01-30,2026-02-02,75.45,73.78999999999999,-1.6600000000000108,-83.00000000000054,bullish,-168.00000000000108,bullish
2026-02-03,1,2026-02-02,2026-02-03,72.45,79.08999999999999,6.639999999999986,331.9999999999993,bullish,661.9999999999986,bullish
2026-02-04,1,2026-02-03,2026-02-04,76.97,82.61999999999999,5.6499999999999915,282.49999999999955,bullish,562.9999999999991,bullish
2026-02-05,1,2026-02-04,2026-02-05,79.19000000000001,68.27,-10.920000000000016,-546.0000000000008,bullish,-1094.0000000000016,bullish
2026-02-06,1,2026-02-05,2026-02-06,66.7,67.71,1.009999999999991,50.499999999999545,bullish,98.99999999999909,bullish
2026-02-09,1,2026-02-06,2026-02-09,70.2,72.86999999999999,2.6699999999999875,133.49999999999937,bullish,264.99999999999875,bullish
2026-02-10,1,2026-02-09,2026-02-10,76.05000000000001,74.71,-1.3400000000000176,-67.00000000000088,bullish,-136.00000000000176,bullish
2026-02-11,1,2026-02-10,2026-02-11,73.42,76.91,3.489999999999995,174.49999999999974,bullish,346.9999999999995,bullish
2026-02-12,1,2026-02-11,2026-02-12,76.57000000000001,75.17999999999999,-1.3900000000000148,-69.50000000000074,bullish,-141.00000000000148,bullish
2026-02-13,1,2026-02-12,2026-02-13,67.74000000000001,71.19999999999999,3.4599999999999795,172.99999999999898,bullish,343.99999999999795,bullish
2026-02-17,1,2026-02-13,2026-02-17,69.73,67.25999999999999,-2.470000000000013,-123.50000000000065,bullish,-249.0000000000013,bullish
2026-02-18,1,2026-02-17,2026-02-18,66.38000000000001,69.64999999999999,3.269999999999982,163.4999999999991,bullish,324.9999999999982,bullish
2026-02-19,1,2026-02-18,2026-02-19,70.10000000000001,70.67,0.5699999999999932,28.49999999999966,bullish,54.99999999999932,bullish
2026-02-20,1,2026-02-19,2026-02-20,71.02000000000001,73.1,2.079999999999984,103.9999999999992,bullish,205.9999999999984,bullish
2026-02-23,1,2026-02-20,2026-02-23,76.63000000000001,78.33,1.6999999999999886,84.99999999999943,bullish,167.99999999999886,bullish
2026-02-24,1,2026-02-23,2026-02-24,80.58,78.22999999999999,-2.3500000000000085,-117.50000000000043,bullish,-237.00000000000085,bullish
2026-02-25,1,2026-02-24,2026-02-25,79.09,81.85,2.759999999999991,137.99999999999955,bullish,273.9999999999991,bullish
2026-02-26,1,2026-02-25,2026-02-26,80.05000000000001,78.75,-1.3000000000000114,-65.00000000000057,bullish,-132.00000000000114,bullish
2026-02-27,1,2026-02-26,2026-02-27,80.46000000000001,83.25,2.789999999999992,139.4999999999996,bullish,276.9999999999992,bullish
2026-03-02,1,2026-02-27,2026-03-02,85.0,81.21,-3.7900000000000063,-189.5000000000003,bullish,-381.0000000000006,bullish
2026-03-03,1,2026-03-02,2026-03-03,81.58,74.28,-7.299999999999997,-364.99999999999983,bullish,-731.9999999999998,bullish
2026-09-10,1,2026-09-09,2026-09-10,60.73,58.38,-2.3499999999999943,-117.49999999999972,bullish,-236.99999999999943,bullish
2026-09-21,1,2026-09-18,2026-09-21,59.94,60.13,0.19000000000000483,9.500000000000242,bullish,17.000000000000483,bullish
2026-09-22,1,2026-09-21,2026-09-22,59.64,59.300000000000004,-0.3399999999999963,-16.999999999999815,bullish,-35.99999999999963,bullish
2026-09-23,1,2026-09-22,2026-09-23,60.739999999999995,58.99,-1.749999999999993,-87.49999999999964,bullish,-176.9999999999993,bullish
