date,side,entry_time,exit_time,entry,exit,pts,r_mult,regime,pnl,reason
2017-01-20,1,2017-01-19,2017-01-20,84.74000000000001,85.42999999999999,0.6899999999999835,34.499999999999176,bearish,66.99999999999835,bearish
2017-01-23,1,2017-01-20,2017-01-23,85.9,85.64,-0.2600000000000051,-13.000000000000256,bearish,-28.00000000000051,bearish
2017-01-24,1,2017-01-23,2017-01-24,84.98,84.97,-0.010000000000005116,-0.5000000000002558,bearish,-3.0000000000005116,bearish
2017-01-25,1,2017-01-24,2017-01-25,85.10000000000001,85.33,0.22999999999998977,11.499999999999488,bearish,20.999999999998977,bearish
2017-01-26,1,2017-01-25,2017-01-26,85.35000000000001,85.67999999999999,0.3299999999999841,16.499999999999204,bearish,30.99999999999841,bearish
2017-01-27,1,2017-01-26,2017-01-27,85.61,85.28999999999999,-0.3200000000000074,-16.00000000000037,bearish,-34.00000000000074,bearish
2017-01-30,1,2017-01-27,2017-01-30,85.52000000000001,85.41,-0.11000000000001364,-5.500000000000682,bearish,-13.000000000001364,bearish
2017-01-31,1,2017-01-30,2017-01-31,84.87,85.05999999999999,0.18999999999998352,9.499999999999176,bearish,16.99999999999835,bearish
2017-02-01,1,2017-01-31,2017-02-01,83.9,83.99,0.0899999999999892,4.49999999999946,bearish,6.99999999999892,bearish
2017-02-02,1,2017-02-01,2017-02-02,82.95,83.19999999999999,0.2499999999999858,12.49999999999929,bearish,22.99999999999858,bearish
2017-02-03,1,2017-02-02,2017-02-03,83.46000000000001,83.53999999999999,0.07999999999998408,3.999999999999204,bearish,5.999999999998408,bearish
2017-02-06,1,2017-02-03,2017-02-06,83.55000000000001,83.53999999999999,-0.010000000000019327,-0.5000000000009663,bearish,-3.0000000000019327,bearish
2017-02-07,1,2017-02-06,2017-02-07,83.32000000000001,83.22,-0.10000000000000853,-5.000000000000426,bearish,-12.000000000000853,bearish
2017-02-08,1,2017-02-07,2017-02-08,82.78,81.97999999999999,-0.8000000000000114,-40.00000000000057,bearish,-82.00000000000114,bearish
2017-02-09,1,2017-02-08,2017-02-09,81.49000000000001,81.82,0.3299999999999841,16.499999999999204,bearish,30.99999999999841,bearish
2017-02-10,1,2017-02-09,2017-02-10,81.85000000000001,82.25,0.3999999999999915,19.999999999999574,bearish,37.99999999999915,bearish
2017-02-13,1,2017-02-10,2017-02-13,82.53,82.74,0.20999999999999375,10.499999999999687,bearish,18.999999999999375,bearish
2017-02-14,1,2017-02-13,2017-02-14,83.01,82.86,-0.15000000000000568,-7.500000000000284,bearish,-17.00000000000057,bearish
2017-02-15,1,2017-02-14,2017-02-15,82.83,82.63,-0.20000000000000284,-10.000000000000142,bearish,-22.000000000000284,bearish
2017-02-16,1,2017-02-15,2017-02-16,83.17,83.11,-0.060000000000002274,-3.0000000000001137,bearish,-8.000000000000227,bearish
2017-02-17,1,2017-02-16,2017-02-17,82.31,82.08,-0.23000000000000398,-11.500000000000199,bearish,-25.000000000000398,bearish
2017-02-21,1,2017-02-17,2017-02-21,81.77000000000001,82.14,0.36999999999999034,18.499999999999517,bearish,34.999999999999034,bearish
2017-02-22,1,2017-02-21,2017-02-22,81.9,81.64,-0.2600000000000051,-13.000000000000256,bearish,-28.00000000000051,bearish
2017-02-23,1,2017-02-22,2017-02-23,80.94000000000001,81.39,0.44999999999998863,22.49999999999943,bearish,42.99999999999886,bearish
2017-02-24,1,2017-02-23,2017-02-24,81.79,81.55999999999999,-0.2300000000000182,-11.50000000000091,bearish,-25.00000000000182,bearish
2017-02-27,1,2017-02-24,2017-02-27,81.09,81.11999999999999,0.029999999999986926,1.4999999999993463,bearish,0.9999999999986926,bearish
2017-02-28,1,2017-02-27,2017-02-28,81.55000000000001,81.52,-0.030000000000015348,-1.5000000000007674,bearish,-5.000000000001535,bearish
2017-03-01,1,2017-02-28,2017-03-01,81.33,81.69,0.35999999999999943,17.99999999999997,bearish,33.99999999999994,bearish
2017-03-02,1,2017-03-01,2017-03-02,83.03,82.78999999999999,-0.2400000000000091,-12.000000000000455,bearish,-26.00000000000091,bearish
2017-03-03,1,2017-03-02,2017-03-03,83.31,83.52,0.20999999999999375,10.499999999999687,bearish,18.999999999999375,bearish
2017-03-06,1,2017-03-03,2017-03-06,82.47,82.42999999999999,-0.04000000000000625,-2.0000000000003126,bearish,-6.000000000000625,bearish
2017-03-07,1,2017-03-06,2017-03-07,82.84,83.1,0.2599999999999909,12.999999999999545,bearish,23.99999999999909,bearish
2017-03-08,1,2017-03-07,2017-03-08,82.53,82.33999999999999,-0.19000000000001194,-9.500000000000597,bearish,-21.000000000001194,bearish
2017-03-09,1,2017-03-08,2017-03-09,81.04,80.63,-0.4100000000000108,-20.50000000000054,bearish,-43.00000000000108,bearish
2017-03-10,1,2017-03-09,2017-03-10,81.68,82.42,0.7399999999999949,36.999999999999744,bearish,71.99999999999949,bearish
2017-03-13,1,2017-03-10,2017-03-13,81.62,81.49,-0.13000000000000966,-6.500000000000483,bearish,-15.000000000000966,bearish
2017-03-14,1,2017-03-13,2017-03-14,81.43,80.99,-0.44000000000001194,-22.000000000000597,bearish,-46.000000000001194,bearish
2017-03-15,1,2017-03-14,2017-03-15,81.0,81.33999999999999,0.3399999999999892,16.99999999999946,bearish,31.99999999999892,bearish
2017-03-16,1,2017-03-15,2017-03-16,82.01,82.02,0.009999999999990905,0.49999999999954525,bearish,-1.0000000000009095,bearish
2017-03-17,1,2017-03-16,2017-03-17,82.08,82.02,-0.060000000000002274,-3.0000000000001137,bearish,-8.000000000000227,bearish
2017-03-20,1,2017-03-17,2017-03-20,82.01,81.71,-0.30000000000001137,-15.000000000000568,bearish,-32.00000000000114,bearish
2017-03-21,1,2017-03-20,2017-03-21,82.01,82.14999999999999,0.13999999999998636,6.999999999999318,bearish,11.999999999998636,bearish
2017-03-22,1,2017-03-21,2017-03-22,81.84,81.94999999999999,0.10999999999998522,5.499999999999261,bearish,8.999999999998522,bearish
2017-03-23,1,2017-03-22,2017-03-23,81.77000000000001,81.61999999999999,-0.1500000000000199,-7.500000000000995,bearish,-17.00000000000199,bearish
2017-03-24,1,2017-03-23,2017-03-24,81.87,82.02,0.14999999999999147,7.499999999999574,bearish,12.999999999999147,bearish
2017-03-27,1,2017-03-24,2017-03-27,81.24000000000001,80.80999999999999,-0.43000000000002103,-21.50000000000105,bearish,-45.0000000000021,bearish
2017-03-28,1,2017-03-27,2017-03-28,81.26,81.24,-0.020000000000010232,-1.0000000000005116,bearish,-4.000000000001023,bearish
2017-03-29,1,2017-03-28,2017-03-29,81.85000000000001,81.69,-0.1600000000000108,-8.00000000000054,bearish,-18.00000000000108,bearish
2017-03-30,1,2017-03-29,2017-03-30,82.03,82.02,-0.010000000000005116,-0.5000000000002558,bearish,-3.0000000000005116,bearish
2017-04-03,1,2017-03-31,2017-04-03,82.02000000000001,81.94,-0.0800000000000125,-4.000000000000625,bearish,-10.00000000000125,bearish
2017-04-04,1,2017-04-03,2017-04-04,82.08,82.08999999999999,0.009999999999990905,0.49999999999954525,bearish,-1.0000000000009095,bearish
2017-04-05,1,2017-04-04,2017-04-05,82.38000000000001,82.83999999999999,0.45999999999997954,22.999999999998977,bearish,43.999999999997954,bearish
2017-04-06,1,2017-04-05,2017-04-06,82.54,82.74,0.19999999999998863,9.999999999999432,bearish,17.999999999998863,bearish
2017-04-10,1,2017-04-07,2017-04-10,82.77000000000001,83.11,0.3399999999999892,16.99999999999946,bearish,31.99999999999892,bearish
2017-04-12,1,2017-04-11,2017-04-12,82.85000000000001,82.85,-1.4210854715202004e-14,-7.105427357601002e-13,bearish,-2.000000000001421,bearish
2017-04-17,1,2017-04-13,2017-04-17,81.7,81.8,0.09999999999999432,4.999999999999716,bearish,7.999999999999432,bearish
2017-04-18,1,2017-04-17,2017-04-18,81.59,81.30999999999999,-0.28000000000001535,-14.000000000000767,bearish,-30.000000000001535,bearish
2017-04-19,1,2017-04-18,2017-04-19,81.06,81.16,0.09999999999999432,4.999999999999716,bearish,7.999999999999432,bearish
2017-04-20,1,2017-04-19,2017-04-20,80.5,80.94,0.4399999999999977,21.999999999999886,bearish,41.99999999999977,bearish
2017-04-21,1,2017-04-20,2017-04-21,81.02000000000001,80.92,-0.10000000000000853,-5.000000000000426,bearish,-12.000000000000853,bearish
2017-04-24,1,2017-04-21,2017-04-24,80.7,81.27,0.5699999999999932,28.49999999999966,bearish,54.99999999999932,bearish
2017-04-25,1,2017-04-24,2017-04-25,81.12,81.42,0.29999999999999716,14.999999999999858,bearish,27.999999999999716,bearish
2017-04-26,1,2017-04-25,2017-04-26,81.74000000000001,81.50999999999999,-0.2300000000000182,-11.50000000000091,bearish,-25.00000000000182,bearish
2017-04-27,1,2017-04-26,2017-04-27,81.41000000000001,81.07,-0.3400000000000176,-17.00000000000088,bearish,-36.00000000000176,bearish
2017-04-28,1,2017-04-27,2017-04-28,81.27000000000001,82.44999999999999,1.1799999999999784,58.99999999999892,bearish,115.99999999999784,bearish
2017-05-01,1,2017-04-28,2017-05-01,81.66000000000001,81.5,-0.1600000000000108,-8.00000000000054,bearish,-18.00000000000108,bearish
2017-05-05,1,2017-05-04,2017-05-05,81.65,81.61999999999999,-0.030000000000015348,-1.5000000000007674,bearish,-5.000000000001535,bearish
2017-05-11,1,2017-05-10,2017-05-11,81.92,82.58,0.6599999999999966,32.99999999999983,bearish,63.99999999999966,bearish
2017-05-18,1,2017-05-17,2017-05-18,82.0,81.75999999999999,-0.2400000000000091,-12.000000000000455,bearish,-26.00000000000091,bearish
2017-05-19,1,2017-05-18,2017-05-19,81.76,81.99,0.22999999999998977,11.499999999999488,bearish,20.999999999998977,bearish
2017-05-22,1,2017-05-19,2017-05-22,81.94000000000001,82.1,0.15999999999998238,7.999999999999119,bearish,13.999999999998238,bearish
2017-05-26,1,2017-05-25,2017-05-26,81.76,81.6,-0.1600000000000108,-8.00000000000054,bearish,-18.00000000000108,bearish
2017-05-30,1,2017-05-26,2017-05-30,81.56,81.27,-0.29000000000000625,-14.500000000000313,bearish,-31.000000000000625,bearish
2017-05-31,1,2017-05-30,2017-05-31,81.11,80.92999999999999,-0.18000000000000682,-9.000000000000341,bearish,-20.000000000000682,bearish
2017-06-01,1,2017-05-31,2017-06-01,80.51,80.36,-0.15000000000000568,-7.500000000000284,bearish,-17.00000000000057,bearish
2017-06-02,1,2017-06-01,2017-06-02,80.71000000000001,80.5,-0.21000000000000796,-10.500000000000398,bearish,-23.000000000000796,bearish
2017-06-05,1,2017-06-02,2017-06-05,79.51,79.42999999999999,-0.0800000000000125,-4.000000000000625,bearish,-10.00000000000125,bearish
2017-06-06,1,2017-06-05,2017-06-06,80.13000000000001,80.28999999999999,0.15999999999998238,7.999999999999119,bearish,13.999999999998238,bearish
2017-06-07,1,2017-06-06,2017-06-07,81.22,81.03,-0.18999999999999773,-9.499999999999886,bearish,-20.999999999999773,bearish
2017-06-08,1,2017-06-07,2017-06-08,80.92,80.5,-0.4200000000000017,-21.000000000000085,bearish,-44.00000000000017,bearish
2017-06-09,1,2017-06-08,2017-06-09,80.63000000000001,81.14,0.5099999999999909,25.499999999999545,bearish,48.99999999999909,bearish
2017-06-22,1,2017-06-21,2017-06-22,81.45,81.44,-0.010000000000005116,-0.5000000000002558,bearish,-3.0000000000005116,bearish
2017-06-23,1,2017-06-22,2017-06-23,81.09,80.83999999999999,-0.2500000000000142,-12.50000000000071,bearish,-27.00000000000142,bearish
2017-06-26,1,2017-06-23,2017-06-26,81.62,81.55999999999999,-0.060000000000016485,-3.0000000000008242,bearish,-8.000000000001648,bearish
2017-06-27,1,2017-06-26,2017-06-27,81.25,81.41,0.1599999999999966,7.9999999999998295,bearish,13.999999999999659,bearish
2017-06-28,1,2017-06-27,2017-06-28,81.12,81.39999999999999,0.2799999999999869,13.999999999999346,bearish,25.999999999998693,bearish
2017-06-29,1,2017-06-28,2017-06-29,81.54,81.36,-0.18000000000000682,-9.000000000000341,bearish,-20.000000000000682,bearish
2017-06-30,1,2017-06-29,2017-06-30,80.71000000000001,81.07,0.3599999999999852,17.99999999999926,bearish,33.99999999999852,bearish
2017-07-03,1,2017-06-30,2017-07-03,80.74000000000001,80.78,0.03999999999999204,1.999999999999602,bearish,1.9999999999992042,bearish
2017-07-06,1,2017-07-05,2017-07-06,80.86,80.85,-0.010000000000005116,-0.5000000000002558,bearish,-3.0000000000005116,bearish
2017-07-07,1,2017-07-06,2017-07-07,80.13000000000001,80.24,0.10999999999998522,5.499999999999261,bearish,8.999999999998522,bearish
2017-07-10,1,2017-07-07,2017-07-10,80.23,79.99,-0.2400000000000091,-12.000000000000455,bearish,-26.00000000000091,bearish
2017-07-11,1,2017-07-10,2017-07-11,80.17,80.32,0.14999999999999147,7.499999999999574,bearish,12.999999999999147,bearish
2017-07-12,1,2017-07-11,2017-07-12,80.61,81.17999999999999,0.5699999999999932,28.49999999999966,bearish,54.99999999999932,bearish
2017-07-13,1,2017-07-12,2017-07-13,80.97,80.96,-0.010000000000005116,-0.5000000000002558,bearish,-3.0000000000005116,bearish
2017-07-14,1,2017-07-13,2017-07-14,80.98,80.99,0.009999999999990905,0.49999999999954525,bearish,-1.0000000000009095,bearish
2017-07-18,1,2017-07-17,2017-07-18,80.87,81.00999999999999,0.13999999999998636,6.999999999999318,bearish,11.999999999998636,bearish
2017-07-19,1,2017-07-18,2017-07-19,80.61,80.42999999999999,-0.18000000000000682,-9.000000000000341,bearish,-20.000000000000682,bearish
2017-07-20,1,2017-07-19,2017-07-20,80.86,80.96,0.09999999999999432,4.999999999999716,bearish,7.999999999999432,bearish
2017-07-21,1,2017-07-20,2017-07-21,80.87,80.64,-0.23000000000000398,-11.500000000000199,bearish,-25.000000000000398,bearish
2017-07-24,1,2017-07-21,2017-07-24,80.13000000000001,80.05,-0.0800000000000125,-4.000000000000625,bearish,-10.00000000000125,bearish
2017-07-25,1,2017-07-24,2017-07-25,79.88000000000001,80.8,0.9199999999999875,45.999999999999375,bearish,89.99999999999875,bearish
2017-07-26,1,2017-07-25,2017-07-26,80.28,80.57,0.28999999999999204,14.499999999999602,bearish,26.999999999999204,bearish
2017-07-27,1,2017-07-26,2017-07-27,80.38000000000001,80.22999999999999,-0.1500000000000199,-7.500000000000995,bearish,-17.00000000000199,bearish
2017-07-28,1,2017-07-27,2017-07-28,80.84,79.64,-1.2000000000000028,-60.00000000000014,bearish,-122.00000000000028,bearish
2017-07-31,1,2017-07-28,2017-07-31,79.61,79.82,0.20999999999999375,10.499999999999687,bearish,18.999999999999375,bearish
2017-08-01,1,2017-07-31,2017-08-01,80.05000000000001,80.14999999999999,0.0999999999999801,4.999999999999005,bearish,7.9999999999980105,bearish
2017-08-02,1,2017-08-01,2017-08-02,80.18,79.89,-0.29000000000000625,-14.500000000000313,bearish,-31.000000000000625,bearish
2017-08-03,1,2017-08-02,2017-08-03,80.61,80.33,-0.28000000000000114,-14.000000000000057,bearish,-30.000000000000114,bearish
2017-08-04,1,2017-08-03,2017-08-04,80.5,80.42999999999999,-0.07000000000000739,-3.5000000000003695,bearish,-9.000000000000739,bearish
2017-08-07,1,2017-08-04,2017-08-07,80.22,80.16,-0.060000000000002274,-3.0000000000001137,bearish,-8.000000000000227,bearish
2017-08-08,1,2017-08-07,2017-08-08,80.17,80.02,-0.15000000000000568,-7.500000000000284,bearish,-17.00000000000057,bearish
2017-08-09,1,2017-08-08,2017-08-09,79.97,80.24,0.269999999999996,13.499999999999801,bearish,24.999999999999602,bearish
2017-08-10,1,2017-08-09,2017-08-10,80.22,79.75,-0.46999999999999886,-23.499999999999943,bearish,-48.999999999999886,bearish
2017-08-11,1,2017-08-10,2017-08-11,78.98,79.19999999999999,0.21999999999998465,10.999999999999233,bearish,19.999999999998465,bearish
2017-08-14,1,2017-08-11,2017-08-14,78.22,78.61,0.39000000000000057,19.50000000000003,bearish,37.00000000000006,bearish
2017-08-15,1,2017-08-14,2017-08-15,78.24000000000001,78.11,-0.13000000000000966,-6.500000000000483,bearish,-15.000000000000966,bearish
2017-08-16,1,2017-08-15,2017-08-16,78.05000000000001,78.03,-0.020000000000010232,-1.0000000000005116,bearish,-4.000000000001023,bearish
2017-08-17,1,2017-08-16,2017-08-17,77.48,77.25,-0.23000000000000398,-11.500000000000199,bearish,-25.000000000000398,bearish
2017-08-18,1,2017-08-17,2017-08-18,76.27000000000001,76.17,-0.10000000000000853,-5.000000000000426,bearish,-12.000000000000853,bearish
2017-08-21,1,2017-08-18,2017-08-21,76.65,76.46,-0.19000000000001194,-9.500000000000597,bearish,-21.000000000001194,bearish
2017-08-22,1,2017-08-21,2017-08-22,76.39,76.53999999999999,0.14999999999999147,7.499999999999574,bearish,12.999999999999147,bearish
2017-08-23,1,2017-08-22,2017-08-23,76.75,76.69,-0.060000000000002274,-3.0000000000001137,bearish,-8.000000000000227,bearish
2017-08-24,1,2017-08-23,2017-08-24,76.62,76.49,-0.13000000000000966,-6.500000000000483,bearish,-15.000000000000966,bearish
2017-08-25,1,2017-08-24,2017-08-25,76.34,76.55,0.20999999999999375,10.499999999999687,bearish,18.999999999999375,bearish
2017-08-28,1,2017-08-25,2017-08-28,76.73,76.89,0.1599999999999966,7.9999999999998295,bearish,13.999999999999659,bearish
2017-08-29,1,2017-08-28,2017-08-29,76.48,76.19999999999999,-0.28000000000001535,-14.000000000000767,bearish,-30.000000000001535,bearish
2017-08-30,1,2017-08-29,2017-08-30,76.46000000000001,76.22999999999999,-0.2300000000000182,-11.50000000000091,bearish,-25.00000000000182,bearish
2017-08-31,1,2017-08-30,2017-08-31,76.11,76.25999999999999,0.14999999999999147,7.499999999999574,bearish,12.999999999999147,bearish
2017-09-01,1,2017-08-31,2017-09-01,76.34,76.36,0.01999999999999602,0.999999999999801,bearish,-3.979039320256561e-13,bearish
2017-09-05,1,2017-09-01,2017-09-05,76.58,76.63,0.04999999999999716,2.499999999999858,bearish,2.999999999999716,bearish
2017-09-06,1,2017-09-05,2017-09-06,77.19000000000001,77.89999999999999,0.7099999999999795,35.49999999999898,bearish,68.99999999999795,bearish
2017-09-07,1,2017-09-06,2017-09-07,78.79,79.00999999999999,0.21999999999998465,10.999999999999233,bearish,19.999999999998465,bearish
2017-09-08,1,2017-09-07,2017-09-08,79.04,79.0,-0.04000000000000625,-2.0000000000003126,bearish,-6.000000000000625,bearish
2017-09-11,1,2017-09-08,2017-09-11,78.83,79.39999999999999,0.5699999999999932,28.49999999999966,bearish,54.99999999999932,bearish
2017-09-12,1,2017-09-11,2017-09-12,79.26,79.39,0.12999999999999545,6.499999999999773,bearish,10.999999999999545,bearish
2017-09-13,1,2017-09-12,2017-09-13,79.51,79.49,-0.020000000000010232,-1.0000000000005116,bearish,-4.000000000001023,bearish
2017-09-14,1,2017-09-13,2017-09-14,79.78,79.83999999999999,0.05999999999998806,2.999999999999403,bearish,3.9999999999988063,bearish
2018-02-06,1,2018-02-05,2018-02-06,79.73,78.5,-1.230000000000004,-61.5000000000002,bearish,-125.0000000000004,bearish
2018-02-07,1,2018-02-06,2018-02-07,78.36,78.42999999999999,0.06999999999999318,3.499999999999659,bearish,4.999999999999318,bearish
2018-02-08,1,2018-02-07,2018-02-08,76.95,77.42999999999999,0.47999999999998977,23.99999999999949,bearish,45.99999999999898,bearish
2018-02-09,1,2018-02-08,2018-02-09,76.08,76.24,0.1599999999999966,7.9999999999998295,bearish,13.999999999999659,bearish
2018-02-12,1,2018-02-09,2018-02-12,75.79,77.03999999999999,1.2499999999999858,62.49999999999929,bearish,122.99999999999858,bearish
2018-02-13,1,2018-02-12,2018-02-13,76.43,76.08999999999999,-0.3400000000000176,-17.00000000000088,bearish,-36.00000000000176,bearish
2018-02-14,1,2018-02-13,2018-02-14,76.31,75.78,-0.5300000000000011,-26.500000000000057,bearish,-55.000000000000114,bearish
2018-02-15,1,2018-02-14,2018-02-15,76.47,76.67,0.20000000000000284,10.000000000000142,bearish,18.000000000000284,bearish
2018-02-16,1,2018-02-15,2018-02-16,76.22,76.14,-0.0799999999999983,-3.9999999999999147,bearish,-9.99999999999983,bearish
2018-02-20,1,2018-02-16,2018-02-20,76.55000000000001,76.46,-0.09000000000001762,-4.500000000000881,bearish,-11.000000000001762,bearish
2018-02-21,1,2018-02-20,2018-02-21,75.76,75.80999999999999,0.04999999999998295,2.4999999999991473,bearish,2.9999999999982947,bearish
2018-02-22,1,2018-02-21,2018-02-22,74.9,75.28999999999999,0.38999999999998636,19.499999999999318,bearish,36.999999999998636,bearish
2018-02-23,1,2018-02-22,2018-02-23,75.87,76.03999999999999,0.1699999999999875,8.499999999999375,bearish,14.99999999999875,bearish
2018-02-26,1,2018-02-23,2018-02-26,77.54,77.72999999999999,0.18999999999998352,9.499999999999176,bearish,16.99999999999835,bearish
2018-02-27,1,2018-02-26,2018-02-27,78.85000000000001,78.99,0.13999999999998636,6.999999999999318,bearish,11.999999999998636,bearish
2018-02-28,1,2018-02-27,2018-02-28,77.51,78.14999999999999,0.6399999999999864,31.999999999999318,bearish,61.999999999998636,bearish
2018-03-01,1,2018-02-28,2018-03-01,75.75,75.78,0.030000000000001137,1.5000000000000568,bearish,1.0000000000001137,bearish
2018-03-02,1,2018-03-01,2018-03-02,75.21000000000001,74.88,-0.3300000000000125,-16.500000000000625,bearish,-35.00000000000125,bearish
2018-03-05,1,2018-03-02,2018-03-05,75.56,75.22,-0.3400000000000034,-17.00000000000017,bearish,-36.00000000000034,bearish
2018-03-06,1,2018-03-05,2018-03-06,76.28,76.66,0.37999999999999545,18.999999999999773,bearish,35.999999999999545,bearish
2018-03-07,1,2018-03-06,2018-03-07,76.19000000000001,74.99,-1.200000000000017,-60.00000000000085,bearish,-122.0000000000017,bearish
2018-03-08,1,2018-03-07,2018-03-08,74.27000000000001,74.49,0.21999999999998465,10.999999999999233,bearish,19.999999999998465,bearish
2018-03-09,1,2018-03-08,2018-03-09,74.13000000000001,74.80999999999999,0.6799999999999784,33.99999999999892,bearish,65.99999999999784,bearish
2018-03-12,1,2018-03-09,2018-03-12,74.57000000000001,74.86,0.28999999999999204,14.499999999999602,bearish,26.999999999999204,bearish
2018-03-13,1,2018-03-12,2018-03-13,75.25,75.32,0.06999999999999318,3.499999999999659,bearish,4.999999999999318,bearish
2018-03-14,1,2018-03-13,2018-03-14,74.54,74.63,0.0899999999999892,4.49999999999946,bearish,6.99999999999892,bearish
2018-03-15,1,2018-03-14,2018-03-15,73.61,74.32,0.7099999999999937,35.49999999999969,bearish,68.99999999999937,bearish
2018-03-16,1,2018-03-15,2018-03-16,74.43,74.35,-0.0800000000000125,-4.000000000000625,bearish,-10.00000000000125,bearish
2018-03-19,1,2018-03-16,2018-03-19,75.13000000000001,74.99,-0.14000000000001478,-7.000000000000739,bearish,-16.000000000001478,bearish
2018-03-20,1,2018-03-19,2018-03-20,74.16000000000001,74.21,0.04999999999998295,2.4999999999991473,bearish,2.9999999999982947,bearish
2018-03-21,1,2018-03-20,2018-03-21,74.0,74.22,0.21999999999999886,10.999999999999943,bearish,19.999999999999886,bearish
2018-03-22,1,2018-03-21,2018-03-22,75.05000000000001,74.41,-0.6400000000000148,-32.00000000000074,bearish,-66.00000000000148,bearish
2018-03-23,1,2018-03-22,2018-03-23,73.51,73.8,0.28999999999999204,14.499999999999602,bearish,26.999999999999204,bearish
2018-03-26,1,2018-03-23,2018-03-26,72.9,73.64,0.7399999999999949,36.999999999999744,bearish,71.99999999999949,bearish
2018-03-27,1,2018-03-26,2018-03-27,74.01,73.99,-0.020000000000010232,-1.0000000000005116,bearish,-4.000000000001023,bearish
2018-03-28,1,2018-03-27,2018-03-28,73.71000000000001,73.72999999999999,0.01999999999998181,0.9999999999990905,bearish,-1.8189894035458565e-12,bearish
2018-03-29,1,2018-03-28,2018-03-29,72.82000000000001,73.32,0.4999999999999858,24.99999999999929,bearish,47.99999999999858,bearish
2018-04-02,1,2018-03-29,2018-04-02,74.62,74.25999999999999,-0.36000000000001364,-18.000000000000682,bearish,-38.000000000001364,bearish
2018-04-03,1,2018-04-02,2018-04-03,73.23,73.44,0.20999999999999375,10.499999999999687,bearish,18.999999999999375,bearish
2018-04-04,1,2018-04-03,2018-04-04,75.03,74.03999999999999,-0.9900000000000091,-49.500000000000455,bearish,-101.00000000000091,bearish
2018-04-05,1,2018-04-04,2018-04-05,74.88000000000001,75.05,0.1699999999999875,8.499999999999375,bearish,14.99999999999875,bearish
2018-04-06,1,2018-04-05,2018-04-06,76.03,75.63,-0.4000000000000057,-20.000000000000284,bearish,-42.00000000000057,bearish
2018-04-09,1,2018-04-06,2018-04-09,74.88000000000001,75.21,0.3299999999999841,16.499999999999204,bearish,30.99999999999841,bearish
2018-04-10,1,2018-04-09,2018-04-10,74.88000000000001,76.07,1.1899999999999835,59.499999999999176,bearish,116.99999999999835,bearish
2018-04-11,1,2018-04-10,2018-04-11,77.08,77.1,0.01999999999999602,0.999999999999801,bearish,-3.979039320256561e-13,bearish
2018-04-12,1,2018-04-11,2018-04-12,77.44000000000001,77.85,0.4099999999999824,20.49999999999912,bearish,38.99999999999824,bearish
2018-04-13,1,2018-04-12,2018-04-13,77.23,77.78999999999999,0.5599999999999881,27.999999999999403,bearish,53.999999999998806,bearish
2018-04-16,1,2018-04-13,2018-04-16,77.85000000000001,78.11,0.2599999999999909,12.999999999999545,bearish,23.99999999999909,bearish
2018-04-17,1,2018-04-16,2018-04-17,78.55000000000001,78.53,-0.020000000000010232,-1.0000000000005116,bearish,-4.000000000001023,bearish
2018-04-18,1,2018-04-17,2018-04-18,78.34,79.03,0.6899999999999977,34.499999999999886,bearish,66.99999999999977,bearish
2018-08-13,1,2018-08-10,2018-08-13,79.43,79.44,0.009999999999990905,0.49999999999954525,bearish,-1.0000000000009095,bearish
2018-08-14,1,2018-08-13,2018-08-14,78.57000000000001,78.97999999999999,0.4099999999999824,20.49999999999912,bearish,38.99999999999824,bearish
2018-08-15,1,2018-08-14,2018-08-15,78.32000000000001,77.77,-0.5500000000000114,-27.50000000000057,bearish,-57.00000000000114,bearish
2018-08-16,1,2018-08-15,2018-08-16,76.95,77.27,0.3199999999999932,15.999999999999659,bearish,29.999999999999318,bearish
2018-08-17,1,2018-08-16,2018-08-17,78.01,78.33999999999999,0.3299999999999841,16.499999999999204,bearish,30.99999999999841,bearish
2018-08-20,1,2018-08-17,2018-08-20,78.27000000000001,78.25,-0.020000000000010232,-1.0000000000005116,bearish,-4.000000000001023,bearish
2018-08-21,1,2018-08-20,2018-08-21,78.82000000000001,79.03999999999999,0.21999999999998465,10.999999999999233,bearish,19.999999999998465,bearish
2018-08-22,1,2018-08-21,2018-08-22,78.84,79.1,0.2599999999999909,12.999999999999545,bearish,23.99999999999909,bearish
2018-08-24,1,2018-08-23,2018-08-24,79.09,79.50999999999999,0.4199999999999875,20.999999999999375,bearish,39.99999999999875,bearish
2018-08-27,1,2018-08-24,2018-08-27,79.63000000000001,79.89999999999999,0.2699999999999818,13.49999999999909,bearish,24.99999999999818,bearish
2018-08-29,1,2018-08-28,2018-08-29,80.29,80.42999999999999,0.13999999999998636,6.999999999999318,bearish,11.999999999998636,bearish
2018-08-31,1,2018-08-30,2018-08-31,80.52000000000001,80.22999999999999,-0.29000000000002046,-14.500000000001023,bearish,-31.000000000002046,bearish
2018-09-04,1,2018-08-31,2018-09-04,80.18,80.36,0.1799999999999926,8.99999999999963,bearish,15.999999999999261,bearish
2018-09-05,1,2018-09-04,2018-09-05,80.30000000000001,79.89,-0.4100000000000108,-20.50000000000054,bearish,-43.00000000000108,bearish
2018-09-07,1,2018-09-06,2018-09-07,80.47,80.14,-0.3299999999999983,-16.499999999999915,bearish,-34.99999999999983,bearish
2018-10-24,1,2018-10-23,2018-10-24,79.85000000000001,80.11999999999999,0.2699999999999818,13.49999999999909,bearish,24.99999999999818,bearish
2018-10-25,1,2018-10-24,2018-10-25,77.63000000000001,78.47999999999999,0.8499999999999801,42.499999999999005,bearish,82.99999999999801,bearish
2018-10-26,1,2018-10-25,2018-10-26,78.32000000000001,77.86,-0.46000000000000796,-23.000000000000398,bearish,-48.000000000000796,bearish
2018-10-29,1,2018-10-26,2018-10-29,77.54,78.05999999999999,0.5199999999999818,25.99999999999909,bearish,49.99999999999818,bearish
2018-10-30,1,2018-10-29,2018-10-30,77.06,77.61,0.5499999999999972,27.499999999999858,bearish,52.999999999999716,bearish
2018-10-31,1,2018-10-30,2018-10-31,78.79,79.33,0.539999999999992,26.999999999999602,bearish,51.999999999999204,bearish
2018-11-01,1,2018-10-31,2018-11-01,79.69000000000001,79.82,0.12999999999998124,6.499999999999062,bearish,10.999999999998124,bearish
2018-11-02,1,2018-11-01,2018-11-02,80.68,81.75,1.0699999999999932,53.49999999999966,bearish,104.99999999999932,bearish
2018-11-06,1,2018-11-05,2018-11-06,81.65,81.72999999999999,0.07999999999998408,3.999999999999204,bearish,5.999999999998408,bearish
2018-11-09,1,2018-11-08,2018-11-09,81.72,80.25,-1.4699999999999989,-73.49999999999994,bearish,-148.9999999999999,bearish
2018-11-12,1,2018-11-09,2018-11-12,80.88000000000001,81.64999999999999,0.7699999999999818,38.49999999999909,bearish,74.99999999999818,bearish
2018-11-13,1,2018-11-12,2018-11-13,79.84,79.78999999999999,-0.05000000000001137,-2.5000000000005684,bearish,-7.000000000001137,bearish
2018-11-14,1,2018-11-13,2018-11-14,78.01,78.85,0.8399999999999892,41.99999999999946,bearish,81.99999999999892,bearish
2018-11-15,1,2018-11-14,2018-11-15,77.4,76.66,-0.7400000000000091,-37.000000000000455,bearish,-76.00000000000091,bearish
2018-11-16,1,2018-11-15,2018-11-16,78.2,78.36,0.1599999999999966,7.9999999999998295,bearish,13.999999999999659,bearish
2018-11-19,1,2018-11-16,2018-11-19,78.97,78.44999999999999,-0.5200000000000102,-26.00000000000051,bearish,-54.00000000000102,bearish
2018-11-20,1,2018-11-19,2018-11-20,79.23,78.41,-0.8200000000000074,-41.00000000000037,bearish,-84.00000000000074,bearish
2018-11-21,1,2018-11-20,2018-11-21,76.98,77.42,0.4399999999999977,21.999999999999886,bearish,41.99999999999977,bearish
2018-11-23,1,2018-11-21,2018-11-23,77.57000000000001,76.03999999999999,-1.5300000000000153,-76.50000000000077,bearish,-155.00000000000153,bearish
2018-11-26,1,2018-11-23,2018-11-26,75.5,76.22999999999999,0.7299999999999898,36.49999999999949,bearish,70.99999999999898,bearish
2018-11-27,1,2018-11-26,2018-11-27,76.99000000000001,76.55999999999999,-0.43000000000002103,-21.50000000000105,bearish,-45.0000000000021,bearish
2018-11-28,1,2018-11-27,2018-11-28,77.06,77.03,-0.030000000000001137,-1.5000000000000568,bearish,-5.000000000000114,bearish
2018-11-29,1,2018-11-28,2018-11-29,78.46000000000001,78.24,-0.22000000000001307,-11.000000000000654,bearish,-24.000000000001307,bearish
2018-11-30,1,2018-11-29,2018-11-30,79.07000000000001,78.44,-0.6300000000000097,-31.500000000000483,bearish,-65.00000000000097,bearish
2018-12-03,1,2018-11-30,2018-12-03,79.51,80.22999999999999,0.7199999999999847,35.99999999999923,bearish,69.99999999999847,bearish
2018-12-04,1,2018-12-03,2018-12-04,81.23,81.36999999999999,0.13999999999998636,6.999999999999318,bearish,11.999999999998636,bearish
2018-12-06,1,2018-12-04,2018-12-06,79.44000000000001,77.99,-1.450000000000017,-72.50000000000085,bearish,-147.0000000000017,bearish
2018-12-07,1,2018-12-06,2018-12-07,78.4,79.27,0.8699999999999903,43.49999999999952,bearish,84.99999999999903,bearish
2018-12-10,1,2018-12-07,2018-12-10,77.65,77.85,0.19999999999998863,9.999999999999432,bearish,17.999999999998863,bearish
2018-12-11,1,2018-12-10,2018-12-11,76.55000000000001,77.69,1.1399999999999864,56.99999999999932,bearish,111.99999999999864,bearish
2018-12-12,1,2018-12-11,2018-12-12,76.69000000000001,78.03,1.3399999999999892,66.99999999999946,bearish,131.99999999999892,bearish
2018-12-13,1,2018-12-12,2018-12-13,76.03,76.02,-0.010000000000005116,-0.5000000000002558,bearish,-3.0000000000005116,bearish
2018-12-14,1,2018-12-13,2018-12-14,76.99000000000001,76.71,-0.28000000000001535,-14.000000000000767,bearish,-30.000000000001535,bearish
2018-12-17,1,2018-12-14,2018-12-17,75.59,75.25,-0.3400000000000034,-17.00000000000017,bearish,-36.00000000000034,bearish
2018-12-18,1,2018-12-17,2018-12-18,74.05000000000001,73.61999999999999,-0.43000000000002103,-21.50000000000105,bearish,-45.0000000000021,bearish
2018-12-19,1,2018-12-18,2018-12-19,72.01,72.44,0.4299999999999926,21.49999999999963,bearish,40.99999999999926,bearish
2018-12-20,1,2018-12-19,2018-12-20,70.79,70.08,-0.710000000000008,-35.5000000000004,bearish,-73.0000000000008,bearish
2018-12-21,1,2018-12-20,2018-12-21,68.64,68.13,-0.5100000000000051,-25.500000000000256,bearish,-53.00000000000051,bearish
2018-12-24,1,2018-12-21,2018-12-24,68.13000000000001,66.86,-1.2700000000000102,-63.50000000000051,bearish,-129.00000000000102,bearish
2018-12-26,1,2018-12-24,2018-12-26,65.52000000000001,66.17,0.6499999999999915,32.499999999999574,bearish,62.99999999999915,bearish
2018-12-27,1,2018-12-26,2018-12-27,68.65,67.75,-0.9000000000000057,-45.000000000000284,bearish,-92.00000000000057,bearish
2018-12-28,1,2018-12-27,2018-12-28,68.95,69.17,0.21999999999999886,10.999999999999943,bearish,19.999999999999886,bearish
2018-12-31,1,2018-12-28,2018-12-31,68.18,68.30999999999999,0.12999999999998124,6.499999999999062,bearish,10.999999999998124,bearish
2019-01-02,1,2018-12-31,2019-01-02,68.2,67.33999999999999,-0.8600000000000136,-43.00000000000068,bearish,-88.00000000000136,bearish
2019-01-03,1,2019-01-02,2019-01-03,69.7,69.99,0.28999999999999204,14.499999999999602,bearish,26.999999999999204,bearish
2019-01-04,1,2019-01-03,2019-01-04,68.63000000000001,69.63,0.9999999999999858,49.99999999999929,bearish,97.99999999999858,bearish
2019-01-07,1,2019-01-04,2019-01-07,71.16000000000001,71.24,0.07999999999998408,3.999999999999204,bearish,5.999999999998408,bearish
2019-01-08,1,2019-01-07,2019-01-08,71.53,72.53,1.0,50.0,bearish,98.0,bearish
2019-01-09,1,2019-01-08,2019-01-09,72.05000000000001,72.58999999999999,0.5399999999999778,26.99999999999889,bearish,51.99999999999778,bearish
2019-01-10,1,2019-01-09,2019-01-10,72.43,72.05999999999999,-0.37000000000001876,-18.500000000000938,bearish,-39.000000000001876,bearish
2019-01-11,1,2019-01-10,2019-01-11,72.06,71.83999999999999,-0.22000000000001307,-11.000000000000654,bearish,-24.000000000001307,bearish
2019-01-14,1,2019-01-11,2019-01-14,71.73,71.19999999999999,-0.5300000000000153,-26.500000000000767,bearish,-55.000000000001535,bearish
2019-01-15,1,2019-01-14,2019-01-15,71.64,71.94,0.29999999999999716,14.999999999999858,bearish,27.999999999999716,bearish
2019-01-16,1,2019-01-15,2019-01-16,71.68,71.41,-0.27000000000001023,-13.500000000000512,bearish,-29.000000000001023,bearish
2019-01-17,1,2019-01-16,2019-01-17,71.65,71.17999999999999,-0.4700000000000131,-23.500000000000654,bearish,-49.00000000000131,bearish
2019-01-18,1,2019-01-17,2019-01-18,72.14,73.25999999999999,1.1199999999999903,55.99999999999952,bearish,109.99999999999903,bearish
2019-01-22,1,2019-01-18,2019-01-22,73.0,72.38,-0.6200000000000045,-31.000000000000227,bearish,-64.00000000000045,bearish
2019-01-23,1,2019-01-22,2019-01-23,71.9,72.0,0.09999999999999432,4.999999999999716,bearish,7.999999999999432,bearish
2019-01-24,1,2019-01-23,2019-01-24,71.31,71.08999999999999,-0.22000000000001307,-11.000000000000654,bearish,-24.000000000001307,bearish
2019-01-25,1,2019-01-24,2019-01-25,71.41000000000001,72.08,0.6699999999999875,33.499999999999375,bearish,64.99999999999875,bearish
2019-01-28,1,2019-01-25,2019-01-28,71.73,71.00999999999999,-0.7200000000000131,-36.000000000000654,bearish,-74.00000000000131,bearish
2019-01-29,1,2019-01-28,2019-01-29,71.25,71.69,0.4399999999999977,21.999999999999886,bearish,41.99999999999977,bearish
2019-01-30,1,2019-01-29,2019-01-30,71.52000000000001,71.75999999999999,0.23999999999998067,11.999999999999034,bearish,21.999999999998067,bearish
2019-01-31,1,2019-01-30,2019-01-31,72.30000000000001,72.28,-0.020000000000010232,-1.0000000000005116,bearish,-4.000000000001023,bearish
2019-02-01,1,2019-01-31,2019-02-01,73.29,74.91,1.6199999999999903,80.99999999999952,bearish,159.99999999999903,bearish
2019-05-14,1,2019-05-13,2019-05-14,75.72,76.11999999999999,0.3999999999999915,19.999999999999574,bearish,37.99999999999915,bearish
2019-05-15,1,2019-05-14,2019-05-15,75.82000000000001,75.55999999999999,-0.2600000000000193,-13.000000000000966,bearish,-28.000000000001933,bearish
2019-05-16,1,2019-05-15,2019-05-16,76.38000000000001,76.39,0.009999999999990905,0.49999999999954525,bearish,-1.0000000000009095,bearish
2019-05-17,1,2019-05-16,2019-05-17,76.37,75.64,-0.730000000000004,-36.5000000000002,bearish,-75.0000000000004,bearish
2019-05-20,1,2019-05-17,2019-05-20,75.92,76.03999999999999,0.11999999999999034,5.999999999999517,bearish,9.999999999999034,bearish
2019-05-21,1,2019-05-20,2019-05-21,75.91000000000001,76.25999999999999,0.3499999999999801,17.499999999999005,bearish,32.99999999999801,bearish
2019-05-22,1,2019-05-21,2019-05-22,76.26,76.00999999999999,-0.2500000000000142,-12.50000000000071,bearish,-27.00000000000142,bearish
2019-05-23,1,2019-05-22,2019-05-23,75.57000000000001,74.75999999999999,-0.8100000000000165,-40.500000000000824,bearish,-83.00000000000165,bearish
2019-05-24,1,2019-05-23,2019-05-24,73.80000000000001,74.13,0.3299999999999841,16.499999999999204,bearish,30.99999999999841,bearish
2019-05-28,1,2019-05-24,2019-05-28,74.11,74.22999999999999,0.11999999999999034,5.999999999999517,bearish,9.999999999999034,bearish
2019-05-29,1,2019-05-28,2019-05-29,72.62,71.88,-0.7400000000000091,-37.000000000000455,bearish,-76.00000000000091,bearish
2019-05-30,1,2019-05-29,2019-05-30,72.17,72.00999999999999,-0.1600000000000108,-8.00000000000054,bearish,-18.00000000000108,bearish
2019-05-31,1,2019-05-30,2019-05-31,71.98,71.17999999999999,-0.8000000000000114,-40.00000000000057,bearish,-82.00000000000114,bearish
2019-06-03,1,2019-05-31,2019-06-03,70.78,71.08,0.29999999999999716,14.999999999999858,bearish,27.999999999999716,bearish
2019-06-04,1,2019-06-03,2019-06-04,71.89,72.44,0.5499999999999972,27.499999999999858,bearish,52.999999999999716,bearish
2019-06-05,1,2019-06-04,2019-06-05,73.60000000000001,73.63,0.029999999999986926,1.4999999999993463,bearish,0.9999999999986926,bearish
2019-06-06,1,2019-06-05,2019-06-06,72.99000000000001,73.69999999999999,0.7099999999999795,35.49999999999898,bearish,68.99999999999795,bearish
2019-06-07,1,2019-06-06,2019-06-07,74.32000000000001,74.5,0.1799999999999926,8.99999999999963,bearish,15.999999999999261,bearish
2019-06-10,1,2019-06-07,2019-06-10,74.59,75.17999999999999,0.5899999999999892,29.49999999999946,bearish,56.99999999999892,bearish
2019-06-11,1,2019-06-10,2019-06-11,74.92,75.5,0.5799999999999983,28.999999999999915,bearish,55.99999999999983,bearish
2019-06-12,1,2019-06-11,2019-06-12,74.85000000000001,74.47,-0.38000000000000966,-19.000000000000483,bearish,-40.000000000000966,bearish
2019-06-13,1,2019-06-12,2019-06-13,74.04,74.69,0.6499999999999915,32.499999999999574,bearish,62.99999999999915,bearish
2019-06-14,1,2019-06-13,2019-06-14,74.69000000000001,74.67,-0.020000000000010232,-1.0000000000005116,bearish,-4.000000000001023,bearish
2019-06-17,1,2019-06-14,2019-06-17,74.36,74.14,-0.21999999999999886,-10.999999999999943,bearish,-23.999999999999886,bearish
2019-06-18,1,2019-06-17,2019-06-18,75.10000000000001,75.41,0.30999999999998806,15.499999999999403,bearish,28.999999999998806,bearish
2019-06-19,1,2019-06-18,2019-06-19,75.75,75.39,-0.35999999999999943,-17.99999999999997,bearish,-37.99999999999994,bearish
2019-06-20,1,2019-06-19,2019-06-20,75.33,76.22999999999999,0.8999999999999915,44.999999999999574,bearish,87.99999999999915,bearish
2019-06-21,1,2019-06-20,2019-06-21,76.62,77.13,0.5099999999999909,25.499999999999545,bearish,48.99999999999909,bearish
2019-06-24,1,2019-06-21,2019-06-24,77.7,77.52,-0.18000000000000682,-9.000000000000341,bearish,-20.000000000000682,bearish
2019-06-25,1,2019-06-24,2019-06-25,76.96000000000001,77.07,0.10999999999998522,5.499999999999261,bearish,8.999999999998522,bearish
2019-06-26,1,2019-06-25,2019-06-26,76.28,76.67999999999999,0.3999999999999915,19.999999999999574,bearish,37.99999999999915,bearish
2019-06-27,1,2019-06-26,2019-06-27,76.61,76.58,-0.030000000000001137,-1.5000000000000568,bearish,-5.000000000000114,bearish
2019-06-28,1,2019-06-27,2019-06-28,75.83,76.17999999999999,0.3499999999999943,17.499999999999716,bearish,32.99999999999943,bearish
2019-07-01,1,2019-06-28,2019-07-01,76.64,77.05999999999999,0.4199999999999875,20.999999999999375,bearish,39.99999999999875,bearish
2019-07-02,1,2019-07-01,2019-07-02,76.57000000000001,76.13,-0.44000000000001194,-22.000000000000597,bearish,-46.000000000001194,bearish
2019-07-03,1,2019-07-02,2019-07-03,75.73,75.80999999999999,0.07999999999998408,3.999999999999204,bearish,5.999999999998408,bearish
2019-08-01,1,2019-07-31,2019-08-01,74.37,73.69,-0.6800000000000068,-34.00000000000034,bearish,-70.00000000000068,bearish
2019-08-02,1,2019-08-01,2019-08-02,72.47,72.6,0.12999999999999545,6.499999999999773,bearish,10.999999999999545,bearish
2019-08-05,1,2019-08-02,2019-08-05,71.76,70.77,-0.9900000000000091,-49.500000000000455,bearish,-101.00000000000091,bearish
2019-08-06,1,2019-08-05,2019-08-06,70.29,70.28,-0.010000000000005116,-0.5000000000002558,bearish,-3.0000000000005116,bearish
2019-08-07,1,2019-08-06,2019-08-07,70.97,69.85,-1.1200000000000045,-56.00000000000023,bearish,-114.00000000000045,bearish
2019-08-08,1,2019-08-07,2019-08-08,70.51,70.83999999999999,0.3299999999999841,16.499999999999204,bearish,30.99999999999841,bearish
2019-08-09,1,2019-08-08,2019-08-09,72.39,72.11999999999999,-0.27000000000001023,-13.500000000000512,bearish,-29.000000000001023,bearish
2019-08-12,1,2019-08-09,2019-08-12,70.85000000000001,70.05,-0.8000000000000114,-40.00000000000057,bearish,-82.00000000000114,bearish
2019-08-13,1,2019-08-12,2019-08-13,69.62,69.25999999999999,-0.36000000000001364,-18.000000000000682,bearish,-38.000000000001364,bearish
2019-08-14,1,2019-08-13,2019-08-14,70.5,69.05999999999999,-1.440000000000012,-72.0000000000006,bearish,-146.0000000000012,bearish
2019-08-15,1,2019-08-14,2019-08-15,67.66000000000001,67.44999999999999,-0.21000000000002217,-10.500000000001108,bearish,-23.000000000002217,bearish
2019-08-16,1,2019-08-15,2019-08-16,67.26,67.77,0.5099999999999909,25.499999999999545,bearish,48.99999999999909,bearish
2019-08-19,1,2019-08-16,2019-08-19,68.31,68.96,0.6499999999999915,32.499999999999574,bearish,62.99999999999915,bearish
2019-08-20,1,2019-08-19,2019-08-20,69.46000000000001,69.28999999999999,-0.17000000000001592,-8.500000000000796,bearish,-19.00000000000159,bearish
2019-08-21,1,2019-08-20,2019-08-21,69.04,69.94999999999999,0.9099999999999824,45.49999999999912,bearish,88.99999999999824,bearish
2019-08-22,1,2019-08-21,2019-08-22,69.73,69.89999999999999,0.1699999999999875,8.499999999999375,bearish,14.99999999999875,bearish
2019-08-23,1,2019-08-22,2019-08-23,69.58,68.74,-0.8400000000000034,-42.00000000000017,bearish,-86.00000000000034,bearish
2019-08-26,1,2019-08-23,2019-08-26,67.5,68.11,0.6099999999999994,30.49999999999997,bearish,58.99999999999994,bearish
2019-08-27,1,2019-08-26,2019-08-27,67.86,68.11999999999999,0.2599999999999909,12.999999999999545,bearish,23.99999999999909,bearish
2019-08-28,1,2019-08-27,2019-08-28,67.2,67.52,0.3199999999999932,15.999999999999659,bearish,29.999999999999318,bearish
2019-08-29,1,2019-08-28,2019-08-29,67.69000000000001,68.28999999999999,0.5999999999999801,29.999999999999005,bearish,57.99999999999801,bearish
2019-08-30,1,2019-08-29,2019-08-30,68.44000000000001,68.6,0.15999999999998238,7.999999999999119,bearish,13.999999999998238,bearish
2019-09-03,1,2019-08-30,2019-09-03,68.49000000000001,67.88,-0.6100000000000136,-30.500000000000682,bearish,-63.000000000001364,bearish
2019-09-04,1,2019-09-03,2019-09-04,68.57000000000001,69.49,0.9199999999999875,45.999999999999375,bearish,89.99999999999875,bearish
2019-09-05,1,2019-09-04,2019-09-05,69.30000000000001,69.83,0.5299999999999869,26.499999999999346,bearish,50.99999999999869,bearish
2019-09-06,1,2019-09-05,2019-09-06,70.28,70.33999999999999,0.05999999999998806,2.999999999999403,bearish,3.9999999999988063,bearish
2019-09-09,1,2019-09-06,2019-09-09,70.94000000000001,71.14999999999999,0.20999999999997954,10.499999999998977,bearish,18.999999999997954,bearish
2019-09-10,1,2019-09-09,2019-09-10,71.5,72.13,0.6299999999999955,31.499999999999773,bearish,60.999999999999545,bearish
2019-09-11,1,2019-09-10,2019-09-11,72.08,72.77,0.6899999999999977,34.499999999999886,bearish,66.99999999999977,bearish
2019-09-12,1,2019-09-11,2019-09-12,71.94000000000001,70.97,-0.9700000000000131,-48.500000000000654,bearish,-99.00000000000131,bearish
2019-09-13,1,2019-09-12,2019-09-13,71.99000000000001,72.3,0.30999999999998806,15.499999999999403,bearish,28.999999999998806,bearish
2019-09-16,1,2019-09-13,2019-09-16,72.65,75.05999999999999,2.4099999999999824,120.49999999999912,bearish,238.99999999999824,bearish
2019-09-19,1,2019-09-18,2019-09-19,72.83,72.96,0.12999999999999545,6.499999999999773,bearish,10.999999999999545,bearish
2019-09-20,1,2019-09-19,2019-09-20,72.34,72.47999999999999,0.13999999999998636,6.999999999999318,bearish,11.999999999998636,bearish
2019-10-02,1,2019-10-01,2019-10-02,68.96000000000001,68.25999999999999,-0.700000000000017,-35.00000000000085,bearish,-72.0000000000017,bearish
2019-10-03,1,2019-10-02,2019-10-03,67.16000000000001,66.99,-0.17000000000001592,-8.500000000000796,bearish,-19.00000000000159,bearish
2019-10-04,1,2019-10-03,2019-10-04,67.99000000000001,68.08999999999999,0.0999999999999801,4.999999999999005,bearish,7.9999999999980105,bearish
2019-10-07,1,2019-10-04,2019-10-07,68.98,68.69,-0.29000000000000625,-14.500000000000313,bearish,-31.000000000000625,bearish
2019-10-08,1,2019-10-07,2019-10-08,68.03,67.53,-0.5,-25.0,bearish,-52.0,bearish
2019-10-09,1,2019-10-08,2019-10-09,66.71000000000001,67.28999999999999,0.5799999999999841,28.999999999999204,bearish,55.99999999999841,bearish
2019-10-10,1,2019-10-09,2019-10-10,67.45,67.42,-0.030000000000001137,-1.5000000000000568,bearish,-5.000000000000114,bearish
2019-10-11,1,2019-10-10,2019-10-11,68.26,68.97,0.7099999999999937,35.49999999999969,bearish,68.99999999999937,bearish
2019-10-14,1,2019-10-11,2019-10-14,68.99000000000001,68.58999999999999,-0.4000000000000199,-20.000000000000995,bearish,-42.00000000000199,bearish
2019-10-15,1,2019-10-14,2019-10-15,69.19000000000001,69.05,-0.14000000000001478,-7.000000000000739,bearish,-16.000000000001478,bearish
2019-10-16,1,2019-10-15,2019-10-16,69.43,69.19999999999999,-0.2300000000000182,-11.50000000000091,bearish,-25.00000000000182,bearish
2019-10-17,1,2019-10-16,2019-10-17,68.24000000000001,68.47,0.22999999999998977,11.499999999999488,bearish,20.999999999998977,bearish
2019-10-18,1,2019-10-17,2019-10-18,68.15,67.86,-0.29000000000000625,-14.500000000000313,bearish,-31.000000000000625,bearish
2019-10-21,1,2019-10-18,2019-10-21,67.62,67.80999999999999,0.18999999999998352,9.499999999999176,bearish,16.99999999999835,bearish
2019-10-22,1,2019-10-21,2019-10-22,68.75,68.77,0.01999999999999602,0.999999999999801,bearish,-3.979039320256561e-13,bearish
2019-10-23,1,2019-10-22,2019-10-23,69.10000000000001,68.94999999999999,-0.1500000000000199,-7.500000000000995,bearish,-17.00000000000199,bearish
2019-10-24,1,2019-10-23,2019-10-24,69.76,69.94999999999999,0.18999999999998352,9.499999999999176,bearish,16.99999999999835,bearish
2019-10-25,1,2019-10-24,2019-10-25,69.10000000000001,68.89,-0.21000000000000796,-10.500000000000398,bearish,-23.000000000000796,bearish
2019-10-28,1,2019-10-25,2019-10-28,69.26,69.44999999999999,0.18999999999998352,9.499999999999176,bearish,16.99999999999835,bearish
2019-10-29,1,2019-10-28,2019-10-29,68.65,68.47,-0.18000000000000682,-9.000000000000341,bearish,-20.000000000000682,bearish
2019-10-30,1,2019-10-29,2019-10-30,68.45,68.36,-0.09000000000000341,-4.5000000000001705,bearish,-11.000000000000341,bearish
2019-10-31,1,2019-10-30,2019-10-31,67.73,67.5,-0.23000000000000398,-11.500000000000199,bearish,-25.000000000000398,bearish
2019-11-01,1,2019-10-31,2019-11-01,67.58,68.39,0.8100000000000023,40.500000000000114,bearish,79.00000000000023,bearish
2019-11-04,1,2019-11-01,2019-11-04,69.61,70.05999999999999,0.44999999999998863,22.49999999999943,bearish,42.99999999999886,bearish
2019-11-13,1,2019-11-12,2019-11-13,69.38000000000001,69.00999999999999,-0.37000000000001876,-18.500000000000938,bearish,-39.000000000001876,bearish
2019-11-14,1,2019-11-13,2019-11-14,68.81,68.85,0.03999999999999204,1.999999999999602,bearish,1.9999999999992042,bearish
2019-11-15,1,2019-11-14,2019-11-15,68.51,68.69999999999999,0.18999999999998352,9.499999999999176,bearish,16.99999999999835,bearish
2019-11-18,1,2019-11-15,2019-11-18,69.2,68.69,-0.5100000000000051,-25.500000000000256,bearish,-53.00000000000051,bearish
2019-11-19,1,2019-11-18,2019-11-19,68.53,68.39,-0.14000000000000057,-7.000000000000028,bearish,-16.000000000000057,bearish
2019-11-20,1,2019-11-19,2019-11-20,67.83,67.66,-0.1700000000000017,-8.500000000000085,bearish,-19.00000000000017,bearish
2019-11-21,1,2019-11-20,2019-11-21,68.04,68.00999999999999,-0.030000000000015348,-1.5000000000007674,bearish,-5.000000000001535,bearish
2019-11-25,1,2019-11-22,2019-11-25,69.38000000000001,69.36,-0.020000000000010232,-1.0000000000005116,bearish,-4.000000000001023,bearish
2019-11-26,1,2019-11-25,2019-11-26,68.92,68.91,-0.010000000000005116,-0.5000000000002558,bearish,-3.0000000000005116,bearish
2019-11-27,1,2019-11-26,2019-11-27,68.75,68.75,0.0,0.0,bearish,-2.0,bearish
2019-11-29,1,2019-11-27,2019-11-29,68.71000000000001,68.32,-0.3900000000000148,-19.50000000000074,bearish,-41.00000000000148,bearish
2019-12-02,1,2019-11-29,2019-12-02,68.14,68.33,0.18999999999999773,9.499999999999886,bearish,16.999999999999773,bearish
2019-12-03,1,2019-12-02,2019-12-03,68.43,67.99,-0.44000000000001194,-22.000000000000597,bearish,-46.000000000001194,bearish
2019-12-04,1,2019-12-03,2019-12-04,67.89,68.21,0.3199999999999932,15.999999999999659,bearish,29.999999999999318,bearish
2019-12-05,1,2019-12-04,2019-12-05,68.66000000000001,68.88,0.21999999999998465,10.999999999999233,bearish,19.999999999998465,bearish
2019-12-06,1,2019-12-05,2019-12-06,68.42,68.75,0.3299999999999983,16.499999999999915,bearish,30.99999999999983,bearish
2019-12-12,1,2019-12-11,2019-12-12,68.97,68.94999999999999,-0.020000000000010232,-1.0000000000005116,bearish,-4.000000000001023,bearish
2019-12-16,1,2019-12-13,2019-12-16,69.24000000000001,69.69,0.44999999999998863,22.49999999999943,bearish,42.99999999999886,bearish
2019-12-18,1,2019-12-17,2019-12-18,69.69000000000001,69.61999999999999,-0.0700000000000216,-3.50000000000108,bearish,-9.00000000000216,bearish
2019-12-19,1,2019-12-18,2019-12-19,69.88000000000001,69.97999999999999,0.0999999999999801,4.999999999999005,bearish,7.9999999999980105,bearish
2019-12-20,1,2019-12-19,2019-12-20,69.4,69.85,0.44999999999998863,22.49999999999943,bearish,42.99999999999886,bearish
2019-12-23,1,2019-12-20,2019-12-23,69.95,69.85,-0.10000000000000853,-5.000000000000426,bearish,-12.000000000000853,bearish
2019-12-24,1,2019-12-23,2019-12-24,70.30000000000001,70.33999999999999,0.03999999999997783,1.9999999999988916,bearish,1.999999999997783,bearish
2019-12-26,1,2019-12-24,2019-12-26,70.03,70.17999999999999,0.14999999999999147,7.499999999999574,bearish,12.999999999999147,bearish
2019-12-27,1,2019-12-26,2019-12-27,70.14,70.19,0.04999999999999716,2.499999999999858,bearish,2.999999999999716,bearish
2019-12-30,1,2019-12-27,2019-12-30,69.9,70.08,0.1799999999999926,8.99999999999963,bearish,15.999999999999261,bearish
2019-12-31,1,2019-12-30,2019-12-31,69.49000000000001,69.00999999999999,-0.4800000000000182,-24.00000000000091,bearish,-50.00000000000182,bearish
2020-01-09,1,2020-01-08,2020-01-09,69.24000000000001,69.13,-0.11000000000001364,-5.500000000000682,bearish,-13.000000000001364,bearish
2020-01-13,1,2020-01-10,2020-01-13,69.15,69.19,0.03999999999999204,1.999999999999602,bearish,1.9999999999992042,bearish
2020-01-15,1,2020-01-14,2020-01-15,69.21000000000001,69.19,-0.020000000000010232,-1.0000000000005116,bearish,-4.000000000001023,bearish
2020-01-16,1,2020-01-15,2020-01-16,69.10000000000001,69.25,0.14999999999999147,7.499999999999574,bearish,12.999999999999147,bearish
2020-01-17,1,2020-01-16,2020-01-17,68.83,68.74,-0.09000000000000341,-4.5000000000001705,bearish,-11.000000000000341,bearish
2020-01-21,1,2020-01-17,2020-01-21,68.57000000000001,68.36999999999999,-0.20000000000001705,-10.000000000000853,bearish,-22.000000000001705,bearish
2020-01-22,1,2020-01-21,2020-01-22,67.59,67.55,-0.04000000000000625,-2.0000000000003126,bearish,-6.000000000000625,bearish
2020-01-23,1,2020-01-22,2020-01-23,67.2,66.69999999999999,-0.5000000000000142,-25.00000000000071,bearish,-52.00000000000142,bearish
2020-01-24,1,2020-01-23,2020-01-24,66.78,66.53,-0.25,-12.5,bearish,-27.0,bearish
2020-01-27,1,2020-01-24,2020-01-27,66.33,65.41,-0.9200000000000017,-46.000000000000085,bearish,-94.00000000000017,bearish
2020-01-28,1,2020-01-27,2020-01-28,64.75,65.1,0.3499999999999943,17.499999999999716,bearish,32.99999999999943,bearish
2020-01-29,1,2020-01-28,2020-01-29,64.66000000000001,65.02,0.3599999999999852,17.99999999999926,bearish,33.99999999999852,bearish
2020-01-30,1,2020-01-29,2020-01-30,64.12,63.77,-0.3500000000000014,-17.50000000000007,bearish,-37.00000000000014,bearish
2020-01-31,1,2020-01-30,2020-01-31,64.80000000000001,63.190000000000005,-1.6100000000000065,-80.50000000000033,bearish,-163.00000000000065,bearish
2020-02-03,1,2020-01-31,2020-02-03,62.129999999999995,61.35,-0.779999999999994,-38.9999999999997,bearish,-79.9999999999994,bearish
2020-02-04,1,2020-02-03,2020-02-04,60.739999999999995,61.440000000000005,0.70000000000001,35.0000000000005,bearish,68.000000000001,bearish
2020-02-05,1,2020-02-04,2020-02-05,59.98,60.74,0.7600000000000051,38.000000000000256,bearish,74.00000000000051,bearish
2020-02-06,1,2020-02-05,2020-02-06,62.739999999999995,62.92,0.18000000000000682,9.000000000000341,bearish,16.000000000000682,bearish
2020-02-07,1,2020-02-06,2020-02-07,61.89,61.4,-0.490000000000002,-24.5000000000001,bearish,-51.0000000000002,bearish
2020-02-10,1,2020-02-07,2020-02-10,61.48,60.46,-1.019999999999996,-50.9999999999998,bearish,-103.9999999999996,bearish
2020-02-11,1,2020-02-10,2020-02-11,59.97,60.57,0.6000000000000014,30.00000000000007,bearish,58.00000000000014,bearish
2020-02-12,1,2020-02-11,2020-02-12,60.54,61.32,0.7800000000000011,39.00000000000006,bearish,76.00000000000011,bearish
2020-02-13,1,2020-02-12,2020-02-13,61.28,61.050000000000004,-0.22999999999999687,-11.499999999999844,bearish,-24.999999999999687,bearish
2020-02-14,1,2020-02-13,2020-02-14,60.94,61.14,0.20000000000000284,10.000000000000142,bearish,18.000000000000284,bearish
2020-02-18,1,2020-02-14,2020-02-18,60.66,60.14,-0.519999999999996,-25.9999999999998,bearish,-53.9999999999996,bearish
2020-02-19,1,2020-02-18,2020-02-19,59.89,60.1,0.21000000000000085,10.500000000000043,bearish,19.000000000000085,bearish
2020-02-20,1,2020-02-19,2020-02-20,60.35,60.22,-0.13000000000000256,-6.500000000000128,bearish,-15.000000000000256,bearish
2020-02-21,1,2020-02-20,2020-02-21,59.87,59.5,-0.36999999999999744,-18.499999999999872,bearish,-38.999999999999744,bearish
2020-02-24,1,2020-02-21,2020-02-24,59.14,57.61,-1.5300000000000011,-76.50000000000006,bearish,-155.0000000000001,bearish
2020-02-25,1,2020-02-24,2020-02-25,56.37,56.74,0.37000000000000455,18.500000000000227,bearish,35.000000000000455,bearish
2020-02-26,1,2020-02-25,2020-02-26,54.21,54.54,0.3299999999999983,16.499999999999915,bearish,30.99999999999983,bearish
2020-02-27,1,2020-02-26,2020-02-27,53.019999999999996,51.7,-1.3199999999999932,-65.99999999999966,bearish,-133.99999999999932,bearish
2020-02-28,1,2020-02-27,2020-02-28,49.83,48.760000000000005,-1.0699999999999932,-53.49999999999966,bearish,-108.99999999999932,bearish
2020-03-02,1,2020-02-28,2020-03-02,51.449999999999996,52.580000000000005,1.1300000000000097,56.50000000000048,bearish,111.00000000000097,bearish
2020-03-03,1,2020-03-02,2020-03-03,53.89,53.940000000000005,0.05000000000000426,2.500000000000213,bearish,3.0000000000004263,bearish
2020-03-04,1,2020-03-03,2020-03-04,51.309999999999995,52.22,0.9100000000000037,45.500000000000185,bearish,89.00000000000037,bearish
2020-03-05,1,2020-03-04,2020-03-05,52.43,50.410000000000004,-2.019999999999996,-100.9999999999998,bearish,-203.9999999999996,bearish
2020-03-06,1,2020-03-05,2020-03-06,50.12,48.830000000000005,-1.289999999999992,-64.4999999999996,bearish,-130.9999999999992,bearish
2020-03-09,1,2020-03-06,2020-03-09,47.699999999999996,41.7,-5.999999999999993,-299.99999999999966,bearish,-601.9999999999993,bearish
2020-03-10,1,2020-03-09,2020-03-10,41.87,46.1,4.230000000000004,211.5000000000002,bearish,421.0000000000004,bearish
2020-03-11,1,2020-03-10,2020-03-11,43.419999999999995,42.43,-0.9899999999999949,-49.499999999999744,bearish,-100.99999999999949,bearish
2020-03-12,1,2020-03-11,2020-03-12,41.989999999999995,39.93,-2.059999999999995,-102.99999999999976,bearish,-207.99999999999952,bearish
2020-03-13,1,2020-03-12,2020-03-13,37.19,40.0,2.8100000000000023,140.5000000000001,bearish,279.0000000000002,bearish
2020-03-16,1,2020-03-13,2020-03-16,38.129999999999995,34.39,-3.739999999999995,-186.99999999999974,bearish,-375.9999999999995,bearish
2020-03-17,1,2020-03-16,2020-03-17,34.5,35.2,0.7000000000000028,35.00000000000014,bearish,68.00000000000028,bearish
2020-03-18,1,2020-03-17,2020-03-18,36.82,34.54,-2.280000000000001,-114.00000000000006,bearish,-230.0000000000001,bearish
2020-03-19,1,2020-03-18,2020-03-19,33.129999999999995,33.72,0.5900000000000034,29.50000000000017,bearish,57.00000000000034,bearish
2020-03-20,1,2020-03-19,2020-03-20,34.44,34.830000000000005,0.3900000000000077,19.500000000000384,bearish,37.00000000000077,bearish
2020-03-23,1,2020-03-20,2020-03-23,32.75,32.52,-0.22999999999999687,-11.499999999999844,bearish,-24.999999999999687,bearish
2020-03-24,1,2020-03-23,2020-03-24,31.46,34.410000000000004,2.950000000000003,147.50000000000014,bearish,293.0000000000003,bearish
2020-03-25,1,2020-03-24,2020-03-25,35.449999999999996,36.5,1.0500000000000043,52.50000000000021,bearish,103.00000000000043,bearish
2020-03-26,1,2020-03-25,2020-03-26,37.3,37.49,0.19000000000000483,9.500000000000242,bearish,17.000000000000483,bearish
2020-03-27,1,2020-03-26,2020-03-27,38.83,37.120000000000005,-1.7099999999999937,-85.49999999999969,bearish,-172.99999999999937,bearish
2020-03-30,1,2020-03-27,2020-03-30,36.96,36.22,-0.740000000000002,-37.0000000000001,bearish,-76.0000000000002,bearish
2020-03-31,1,2020-03-30,2020-03-31,37.51,38.330000000000005,0.8200000000000074,41.00000000000037,bearish,80.00000000000074,bearish
2020-04-01,1,2020-03-31,2020-04-01,37.98,36.85,-1.1299999999999955,-56.49999999999977,bearish,-114.99999999999955,bearish
2020-04-02,1,2020-04-01,2020-04-02,37.54,38.730000000000004,1.1900000000000048,59.50000000000024,bearish,117.00000000000048,bearish
2020-04-03,1,2020-04-02,2020-04-03,40.41,41.440000000000005,1.0300000000000082,51.50000000000041,bearish,101.00000000000082,bearish
2020-04-06,1,2020-04-03,2020-04-06,39.22,39.870000000000005,0.6500000000000057,32.500000000000284,bearish,63.00000000000057,bearish
2020-04-07,1,2020-04-06,2020-04-07,40.48,42.89,2.4100000000000037,120.50000000000018,bearish,239.00000000000037,bearish
2020-04-08,1,2020-04-07,2020-04-08,41.25,41.940000000000005,0.6900000000000048,34.50000000000024,bearish,67.00000000000048,bearish
2020-04-09,1,2020-04-08,2020-04-09,43.86,45.45,1.5900000000000034,79.50000000000017,bearish,157.00000000000034,bearish
2020-04-13,1,2020-04-09,2020-04-13,43.14,44.440000000000005,1.3000000000000043,65.00000000000021,bearish,128.00000000000043,bearish
2020-04-14,1,2020-04-13,2020-04-14,42.769999999999996,42.99,0.22000000000000597,11.000000000000298,bearish,20.000000000000597,bearish
2020-04-15,1,2020-04-14,2020-04-15,42.44,40.99,-1.4499999999999957,-72.49999999999979,bearish,-146.99999999999957,bearish
2020-04-16,1,2020-04-15,2020-04-16,40.489999999999995,40.47,-0.01999999999999602,-0.999999999999801,bearish,-3.999999999999602,bearish
2020-04-17,1,2020-04-16,2020-04-17,39.16,39.870000000000005,0.710000000000008,35.5000000000004,bearish,69.0000000000008,bearish
2020-04-20,1,2020-04-17,2020-04-20,43.23,40.74,-2.489999999999995,-124.49999999999974,bearish,-250.9999999999995,bearish
2020-04-21,1,2020-04-20,2020-04-21,41.19,40.39,-0.7999999999999972,-39.99999999999986,bearish,-81.99999999999972,bearish
2020-04-22,1,2020-04-21,2020-04-22,40.97,42.59,1.6200000000000045,81.00000000000023,bearish,160.00000000000045,bearish
2020-04-23,1,2020-04-22,2020-04-23,42.14,43.120000000000005,0.980000000000004,49.0000000000002,bearish,96.0000000000004,bearish
2020-04-24,1,2020-04-23,2020-04-24,43.46,44.39,0.9299999999999997,46.499999999999986,bearish,90.99999999999997,bearish
2020-07-16,1,2020-07-15,2020-07-16,44.64,44.300000000000004,-0.3399999999999963,-16.999999999999815,bearish,-35.99999999999963,bearish
2020-07-17,1,2020-07-16,2020-07-17,44.29,44.32,0.030000000000001137,1.5000000000000568,bearish,1.0000000000001137,bearish
2020-07-20,1,2020-07-17,2020-07-20,43.53,43.14,-0.39000000000000057,-19.50000000000003,bearish,-41.00000000000006,bearish
2020-07-21,1,2020-07-20,2020-07-21,42.51,43.14,0.6300000000000026,31.500000000000128,bearish,61.000000000000256,bearish
2020-07-22,1,2020-07-21,2020-07-22,44.66,44.14,-0.519999999999996,-25.9999999999998,bearish,-53.9999999999996,bearish
2020-07-23,1,2020-07-22,2020-07-23,43.62,43.39,-0.22999999999999687,-11.499999999999844,bearish,-24.999999999999687,bearish
2020-07-24,1,2020-07-23,2020-07-24,43.71,43.870000000000005,0.1600000000000037,8.000000000000185,bearish,14.00000000000037,bearish
2020-07-27,1,2020-07-24,2020-07-27,43.44,43.190000000000005,-0.2499999999999929,-12.499999999999645,bearish,-26.99999999999929,bearish
2020-07-28,1,2020-07-27,2020-07-28,44.08,43.9,-0.17999999999999972,-8.999999999999986,bearish,-19.99999999999997,bearish
2020-07-29,1,2020-07-28,2020-07-29,43.559999999999995,43.7,0.14000000000000767,7.000000000000384,bearish,12.000000000000767,bearish
2020-07-30,1,2020-07-29,2020-07-30,44.04,43.120000000000005,-0.9199999999999946,-45.99999999999973,bearish,-93.99999999999946,bearish
2020-07-31,1,2020-07-30,2020-07-31,41.879999999999995,41.15,-0.7299999999999969,-36.499999999999844,bearish,-74.99999999999969,bearish
2020-08-03,1,2020-07-31,2020-08-03,42.089999999999996,42.04,-0.04999999999999716,-2.499999999999858,bearish,-6.999999999999716,bearish
2020-08-04,1,2020-08-03,2020-08-04,42.26,42.330000000000005,0.07000000000000739,3.5000000000003695,bearish,5.000000000000739,bearish
2020-08-05,1,2020-08-04,2020-08-05,43.48,44.14,0.6600000000000037,33.000000000000185,bearish,64.00000000000037,bearish
2020-08-06,1,2020-08-05,2020-08-06,43.86,43.39,-0.46999999999999886,-23.499999999999943,bearish,-48.999999999999886,bearish
2020-08-07,1,2020-08-06,2020-08-07,43.65,43.22,-0.4299999999999997,-21.499999999999986,bearish,-44.99999999999997,bearish
2020-08-10,1,2020-08-07,2020-08-10,43.449999999999996,43.980000000000004,0.5300000000000082,26.500000000000412,bearish,51.000000000000824,bearish
2020-08-11,1,2020-08-10,2020-08-11,44.519999999999996,45.49,0.970000000000006,48.5000000000003,bearish,95.0000000000006,bearish
2020-08-12,1,2020-08-11,2020-08-12,44.98,44.45,-0.529999999999994,-26.4999999999997,bearish,-54.9999999999994,bearish
2020-08-13,1,2020-08-12,2020-08-13,44.1,43.49,-0.6099999999999994,-30.49999999999997,bearish,-62.99999999999994,bearish
2020-08-14,1,2020-08-13,2020-08-14,43.019999999999996,42.6,-0.4199999999999946,-20.99999999999973,bearish,-43.99999999999946,bearish
2020-08-17,1,2020-08-14,2020-08-17,43.21,43.160000000000004,-0.04999999999999716,-2.499999999999858,bearish,-6.999999999999716,bearish
2020-08-18,1,2020-08-17,2020-08-18,42.65,42.580000000000005,-0.06999999999999318,-3.499999999999659,bearish,-8.999999999999318,bearish
2020-08-19,1,2020-08-18,2020-08-19,42.44,42.34,-0.09999999999999432,-4.999999999999716,bearish,-11.999999999999432,bearish
2020-08-20,1,2020-08-19,2020-08-20,41.97,41.68,-0.28999999999999915,-14.499999999999957,bearish,-30.999999999999915,bearish
2020-08-21,1,2020-08-20,2020-08-21,41.33,41.27,-0.05999999999999517,-2.9999999999997584,bearish,-7.999999999999517,bearish
2020-08-24,1,2020-08-21,2020-08-24,41.019999999999996,41.28,0.2600000000000051,13.000000000000256,bearish,24.00000000000051,bearish
2020-08-25,1,2020-08-24,2020-08-25,42.23,41.56,-0.6699999999999946,-33.49999999999973,bearish,-68.99999999999946,bearish
2020-08-26,1,2020-08-25,2020-08-26,40.89,40.63,-0.259999999999998,-12.9999999999999,bearish,-27.9999999999998,bearish
2020-08-27,1,2020-08-26,2020-08-27,40.019999999999996,40.0,-0.01999999999999602,-0.999999999999801,bearish,-3.999999999999602,bearish
2020-08-28,1,2020-08-27,2020-08-28,39.75,39.830000000000005,0.0800000000000054,4.00000000000027,bearish,6.00000000000054,bearish
2020-08-31,1,2020-08-28,2020-08-31,40.699999999999996,40.63,-0.06999999999999318,-3.499999999999659,bearish,-8.999999999999318,bearish
2020-09-01,1,2020-08-31,2020-09-01,39.949999999999996,39.74,-0.20999999999999375,-10.499999999999687,bearish,-22.999999999999375,bearish
2020-09-02,1,2020-09-01,2020-09-02,39.44,39.22,-0.21999999999999886,-10.999999999999943,bearish,-23.999999999999886,bearish
2020-09-03,1,2020-09-02,2020-09-03,39.199999999999996,39.190000000000005,-0.009999999999990905,-0.49999999999954525,bearish,-2.9999999999990905,bearish
2020-09-04,1,2020-09-03,2020-09-04,39.12,39.45,0.3300000000000054,16.50000000000027,bearish,31.00000000000054,bearish
2020-09-08,1,2020-09-04,2020-09-08,39.089999999999996,38.24,-0.8499999999999943,-42.499999999999716,bearish,-86.99999999999943,bearish
2020-09-09,1,2020-09-08,2020-09-09,38.19,38.34,0.15000000000000568,7.500000000000284,bearish,13.000000000000568,bearish
2020-09-10,1,2020-09-09,2020-09-10,37.96,38.29,0.3299999999999983,16.499999999999915,bearish,30.99999999999983,bearish
2020-09-11,1,2020-09-10,2020-09-11,37.01,37.120000000000005,0.11000000000000654,5.500000000000327,bearish,9.000000000000654,bearish
2020-09-14,1,2020-09-11,2020-09-14,36.91,36.9,-0.00999999999999801,-0.4999999999999005,bearish,-2.999999999999801,bearish
2020-09-15,1,2020-09-14,2020-09-15,36.669999999999995,36.79,0.12000000000000455,6.000000000000227,bearish,10.000000000000455,bearish
2020-09-16,1,2020-09-15,2020-09-16,36.28,36.45,0.1700000000000017,8.500000000000085,bearish,15.00000000000017,bearish
2020-09-17,1,2020-09-16,2020-09-17,37.82,37.36,-0.46000000000000085,-23.000000000000043,bearish,-48.000000000000085,bearish
2020-09-18,1,2020-09-17,2020-09-18,37.809999999999995,37.52,-0.28999999999999204,-14.499999999999602,bearish,-30.999999999999204,bearish
2020-09-21,1,2020-09-18,2020-09-21,37.199999999999996,36.42,-0.779999999999994,-38.9999999999997,bearish,-79.9999999999994,bearish
2020-09-22,1,2020-09-21,2020-09-22,36.44,36.42,-0.01999999999999602,-0.999999999999801,bearish,-3.999999999999602,bearish
2020-09-23,1,2020-09-22,2020-09-23,35.54,35.64,0.10000000000000142,5.000000000000071,bearish,8.000000000000142,bearish
2020-09-24,1,2020-09-23,2020-09-24,34.4,34.39,-0.00999999999999801,-0.4999999999999005,bearish,-2.999999999999801,bearish
2020-09-25,1,2020-09-24,2020-09-25,34.33,33.99,-0.3399999999999963,-16.999999999999815,bearish,-35.99999999999963,bearish
2020-09-28,1,2020-09-25,2020-09-28,34.65,35.13,0.480000000000004,24.0000000000002,bearish,46.0000000000004,bearish
2020-09-29,1,2020-09-28,2020-09-29,35.32,34.99,-0.3299999999999983,-16.499999999999915,bearish,-34.99999999999983,bearish
2020-09-30,1,2020-09-29,2020-09-30,34.29,34.63,0.3400000000000034,17.00000000000017,bearish,32.00000000000034,bearish
2020-10-01,1,2020-09-30,2020-10-01,34.339999999999996,33.79,-0.5499999999999972,-27.499999999999858,bearish,-56.999999999999716,bearish
2020-10-02,1,2020-10-01,2020-10-02,33.14,32.24,-0.8999999999999986,-44.99999999999993,bearish,-91.99999999999986,bearish
2020-10-05,1,2020-10-02,2020-10-05,32.989999999999995,33.31,0.3200000000000074,16.00000000000037,bearish,30.00000000000074,bearish
2020-10-06,1,2020-10-05,2020-10-06,33.75,34.11,0.35999999999999943,17.99999999999997,bearish,33.99999999999994,bearish
2020-10-07,1,2020-10-06,2020-10-07,33.4,33.63,0.23000000000000398,11.500000000000199,bearish,21.000000000000398,bearish
2020-10-08,1,2020-10-07,2020-10-08,33.51,33.870000000000005,0.36000000000000654,18.000000000000327,bearish,34.000000000000654,bearish
2020-10-09,1,2020-10-08,2020-10-09,35.269999999999996,35.67,0.4000000000000057,20.000000000000284,bearish,38.00000000000057,bearish
2020-10-12,1,2020-10-09,2020-10-12,34.75,34.550000000000004,-0.19999999999999574,-9.999999999999787,bearish,-21.999999999999574,bearish
2020-10-13,1,2020-10-12,2020-10-13,34.64,34.72,0.0799999999999983,3.9999999999999147,bearish,5.9999999999998295,bearish
2020-10-14,1,2020-10-13,2020-10-14,34.23,34.06,-0.1699999999999946,-8.49999999999973,bearish,-18.99999999999946,bearish
2020-10-15,1,2020-10-14,2020-10-15,34.16,33.690000000000005,-0.46999999999999176,-23.499999999999588,bearish,-48.999999999999176,bearish
2020-10-16,1,2020-10-15,2020-10-16,34.46,34.36,-0.10000000000000142,-5.000000000000071,bearish,-12.000000000000142,bearish
2020-10-19,1,2020-10-16,2020-10-19,34.11,34.09,-0.01999999999999602,-0.999999999999801,bearish,-3.999999999999602,bearish
2020-10-20,1,2020-10-19,2020-10-20,33.43,33.65,0.21999999999999886,10.999999999999943,bearish,19.999999999999886,bearish
2020-10-21,1,2020-10-20,2020-10-21,33.71,33.5,-0.21000000000000085,-10.500000000000043,bearish,-23.000000000000085,bearish
2020-10-22,1,2020-10-21,2020-10-22,33.169999999999995,33.17,7.105427357601002e-15,3.552713678800501e-13,bearish,-1.9999999999992895,bearish
2020-10-23,1,2020-10-22,2020-10-23,34.87,34.96,0.09000000000000341,4.5000000000001705,bearish,7.000000000000341,bearish
2020-10-26,1,2020-10-23,2020-10-26,34.169999999999995,33.6,-0.5699999999999932,-28.49999999999966,bearish,-58.99999999999932,bearish
2020-10-27,1,2020-10-26,2020-10-27,33.36,33.14,-0.21999999999999886,-10.999999999999943,bearish,-23.999999999999886,bearish
2020-10-28,1,2020-10-27,2020-10-28,32.83,32.09,-0.7399999999999949,-36.999999999999744,bearish,-75.99999999999949,bearish
2020-10-29,1,2020-10-28,2020-10-29,31.580000000000002,31.4,-0.18000000000000327,-9.000000000000163,bearish,-20.000000000000327,bearish
2020-10-30,1,2020-10-29,2020-10-30,32.98,32.4,-0.5799999999999983,-28.999999999999915,bearish,-59.99999999999983,bearish
2020-11-02,1,2020-10-30,2020-11-02,32.629999999999995,33.13,0.5000000000000071,25.000000000000355,bearish,48.00000000000071,bearish
2020-11-03,1,2020-11-02,2020-11-03,34.0,34.480000000000004,0.480000000000004,24.0000000000002,bearish,46.0000000000004,bearish
2020-11-04,1,2020-11-03,2020-11-04,33.419999999999995,33.260000000000005,-0.15999999999998948,-7.999999999999474,bearish,-17.99999999999895,bearish
2020-11-05,1,2020-11-04,2020-11-05,33.239999999999995,33.36,0.12000000000000455,6.000000000000227,bearish,10.000000000000455,bearish
2020-11-06,1,2020-11-05,2020-11-06,33.18,33.09,-0.0899999999999963,-4.499999999999815,bearish,-10.99999999999963,bearish
2020-11-09,1,2020-11-06,2020-11-09,32.79,36.580000000000005,3.7900000000000063,189.5000000000003,bearish,377.0000000000006,bearish
2021-07-16,1,2021-07-15,2021-07-16,58.96,59.14,0.17999999999999972,8.999999999999986,bearish,15.999999999999972,bearish
2021-07-19,1,2021-07-16,2021-07-19,57.33,55.63,-1.6999999999999957,-84.99999999999979,bearish,-171.99999999999957,bearish
2021-07-20,1,2021-07-19,2021-07-20,55.36,55.49,0.13000000000000256,6.500000000000128,bearish,11.000000000000256,bearish
2021-07-21,1,2021-07-20,2021-07-21,55.97,56.85,0.8800000000000026,44.00000000000013,bearish,86.00000000000026,bearish
2021-07-22,1,2021-07-21,2021-07-22,57.769999999999996,57.72,-0.04999999999999716,-2.499999999999858,bearish,-6.999999999999716,bearish
2021-07-23,1,2021-07-22,2021-07-23,57.12,57.28,0.1600000000000037,8.000000000000185,bearish,14.00000000000037,bearish
2021-07-26,1,2021-07-23,2021-07-26,57.05,57.15,0.10000000000000142,5.000000000000071,bearish,8.000000000000142,bearish
2021-07-27,1,2021-07-26,2021-07-27,58.489999999999995,58.0,-0.4899999999999949,-24.499999999999744,bearish,-50.99999999999949,bearish
2021-07-28,1,2021-07-27,2021-07-28,57.839999999999996,57.99,0.15000000000000568,7.500000000000284,bearish,13.000000000000568,bearish
2021-07-29,1,2021-07-28,2021-07-29,58.23,58.99,0.7600000000000051,38.000000000000256,bearish,74.00000000000051,bearish
2021-07-30,1,2021-07-29,2021-07-30,58.94,58.870000000000005,-0.06999999999999318,-3.499999999999659,bearish,-8.999999999999318,bearish
2021-08-02,1,2021-07-30,2021-08-02,57.58,57.54,-0.03999999999999915,-1.9999999999999574,bearish,-5.999999999999915,bearish
2021-08-03,1,2021-08-02,2021-08-03,57.589999999999996,57.56,-0.02999999999999403,-1.4999999999997016,bearish,-4.999999999999403,bearish
2021-08-04,1,2021-08-03,2021-08-04,58.21,57.18,-1.0300000000000011,-51.50000000000006,bearish,-105.00000000000011,bearish
2021-08-05,1,2021-08-04,2021-08-05,56.85,57.120000000000005,0.2700000000000031,13.500000000000156,bearish,25.000000000000313,bearish
2021-08-06,1,2021-08-05,2021-08-06,57.21,57.65,0.4399999999999977,21.999999999999886,bearish,41.99999999999977,bearish
2021-08-09,1,2021-08-06,2021-08-09,57.87,57.120000000000005,-0.7499999999999929,-37.499999999999645,bearish,-76.99999999999929,bearish
2021-08-10,1,2021-08-09,2021-08-10,57.21,57.410000000000004,0.20000000000000284,10.000000000000142,bearish,18.000000000000284,bearish
2021-08-11,1,2021-08-10,2021-08-11,58.19,58.18,-0.00999999999999801,-0.4999999999999005,bearish,-2.999999999999801,bearish
2021-08-12,1,2021-08-11,2021-08-12,58.36,57.39,-0.9699999999999989,-48.49999999999994,bearish,-98.99999999999989,bearish
2021-08-13,1,2021-08-12,2021-08-13,57.36,57.02,-0.3399999999999963,-16.999999999999815,bearish,-35.99999999999963,bearish
2021-08-16,1,2021-08-13,2021-08-16,56.78,56.010000000000005,-0.769999999999996,-38.4999999999998,bearish,-78.9999999999996,bearish
2021-08-17,1,2021-08-16,2021-08-17,55.949999999999996,55.49,-0.45999999999999375,-22.999999999999687,bearish,-47.999999999999375,bearish
2021-08-18,1,2021-08-17,2021-08-18,55.57,55.410000000000004,-0.1599999999999966,-7.9999999999998295,bearish,-17.99999999999966,bearish
2021-08-19,1,2021-08-18,2021-08-19,54.4,53.46,-0.9399999999999977,-46.999999999999886,bearish,-95.99999999999977,bearish
2021-08-20,1,2021-08-19,2021-08-20,52.739999999999995,52.260000000000005,-0.47999999999998977,-23.99999999999949,bearish,-49.99999999999898,bearish
2021-08-23,1,2021-08-20,2021-08-23,52.75,53.940000000000005,1.1900000000000048,59.50000000000024,bearish,117.00000000000048,bearish
2021-08-24,1,2021-08-23,2021-08-24,54.919999999999995,55.28,0.36000000000000654,18.000000000000327,bearish,34.000000000000654,bearish
2021-08-25,1,2021-08-24,2021-08-25,55.37,55.230000000000004,-0.13999999999999346,-6.999999999999673,bearish,-15.999999999999346,bearish
2021-08-26,1,2021-08-25,2021-08-26,55.47,55.190000000000005,-0.27999999999999403,-13.999999999999702,bearish,-29.999999999999403,bearish
2021-08-27,1,2021-08-26,2021-08-27,54.72,55.39,0.6700000000000017,33.500000000000085,bearish,65.00000000000017,bearish
2021-08-30,1,2021-08-27,2021-08-30,55.78,56.230000000000004,0.45000000000000284,22.500000000000142,bearish,43.000000000000284,bearish
2021-08-31,1,2021-08-30,2021-08-31,55.169999999999995,54.92,-0.2499999999999929,-12.499999999999645,bearish,-26.99999999999929,bearish
2021-09-01,1,2021-08-31,2021-09-01,54.53,54.480000000000004,-0.04999999999999716,-2.499999999999858,bearish,-6.999999999999716,bearish
2021-09-02,1,2021-09-01,2021-09-02,53.78,54.28,0.5,25.0,bearish,48.0,bearish
2021-09-03,1,2021-09-02,2021-09-03,55.089999999999996,55.11,0.020000000000003126,1.0000000000001563,bearish,3.126388037344441e-13,bearish
2021-09-07,1,2021-09-03,2021-09-07,54.879999999999995,54.660000000000004,-0.21999999999999176,-10.999999999999588,bearish,-23.999999999999176,bearish
2021-09-08,1,2021-09-07,2021-09-08,54.559999999999995,54.79,0.23000000000000398,11.500000000000199,bearish,21.000000000000398,bearish
2021-09-09,1,2021-09-08,2021-09-09,54.059999999999995,53.61,-0.44999999999999574,-22.499999999999787,bearish,-46.999999999999574,bearish
2021-09-10,1,2021-09-09,2021-09-10,54.1,55.230000000000004,1.1300000000000026,56.50000000000013,bearish,111.00000000000026,bearish
2021-09-13,1,2021-09-10,2021-09-13,53.989999999999995,54.68,0.6900000000000048,34.50000000000024,bearish,67.00000000000048,bearish
2021-09-14,1,2021-09-13,2021-09-14,55.379999999999995,55.68,0.30000000000000426,15.000000000000213,bearish,28.000000000000426,bearish
2021-09-15,1,2021-09-14,2021-09-15,54.589999999999996,55.36,0.7700000000000031,38.500000000000156,bearish,75.00000000000031,bearish
2021-09-16,1,2021-09-15,2021-09-16,56.43,56.45,0.020000000000003126,1.0000000000001563,bearish,3.126388037344441e-13,bearish
2021-09-17,1,2021-09-16,2021-09-17,55.83,55.330000000000005,-0.4999999999999929,-24.999999999999645,bearish,-51.99999999999929,bearish
2021-09-20,1,2021-09-17,2021-09-20,55.169999999999995,53.77,-1.3999999999999915,-69.99999999999957,bearish,-141.99999999999915,bearish
2021-09-21,1,2021-09-20,2021-09-21,53.699999999999996,54.36,0.6600000000000037,33.000000000000185,bearish,64.00000000000037,bearish
2021-09-22,1,2021-09-21,2021-09-22,53.65,54.42,0.7700000000000031,38.500000000000156,bearish,75.00000000000031,bearish
2021-09-23,1,2021-09-22,2021-09-23,55.22,55.410000000000004,0.19000000000000483,9.500000000000242,bearish,17.000000000000483,bearish
2021-09-24,1,2021-09-23,2021-09-24,57.089999999999996,56.690000000000005,-0.3999999999999915,-19.999999999999574,bearish,-41.99999999999915,bearish
2021-12-21,1,2021-12-20,2021-12-21,59.169999999999995,59.65,0.480000000000004,24.0000000000002,bearish,46.0000000000004,bearish
2022-07-06,1,2022-07-05,2022-07-06,84.82000000000001,83.75,-1.0700000000000074,-53.50000000000037,bearish,-109.00000000000074,bearish
2022-07-07,1,2022-07-06,2022-07-07,83.29,85.36999999999999,2.079999999999984,103.9999999999992,bearish,205.9999999999984,bearish
2022-07-08,1,2022-07-07,2022-07-08,85.95,86.94,0.9899999999999949,49.499999999999744,bearish,96.99999999999949,bearish
2022-07-11,1,2022-07-08,2022-07-11,86.09,85.16,-0.9300000000000068,-46.50000000000034,bearish,-95.00000000000068,bearish
2022-07-12,1,2022-07-11,2022-07-12,85.65,83.77,-1.8800000000000097,-94.00000000000048,bearish,-190.00000000000097,bearish
2022-07-13,1,2022-07-12,2022-07-13,84.51,83.36999999999999,-1.1400000000000148,-57.00000000000074,bearish,-116.00000000000148,bearish
2022-07-14,1,2022-07-13,2022-07-14,84.85000000000001,81.83999999999999,-3.0100000000000193,-150.50000000000097,bearish,-303.00000000000193,bearish
2022-07-15,1,2022-07-14,2022-07-15,83.15,84.78999999999999,1.6399999999999864,81.99999999999932,bearish,161.99999999999864,bearish
2022-07-18,1,2022-07-15,2022-07-18,84.55000000000001,86.57,2.019999999999982,100.99999999999909,bearish,199.99999999999818,bearish
2022-07-19,1,2022-07-18,2022-07-19,86.11,86.41,0.29999999999999716,14.999999999999858,bearish,27.999999999999716,bearish
2022-07-20,1,2022-07-19,2022-07-20,88.28,87.57,-0.710000000000008,-35.5000000000004,bearish,-73.0000000000008,bearish
2022-07-21,1,2022-07-20,2022-07-21,89.25,86.92,-2.3299999999999983,-116.49999999999991,bearish,-234.99999999999983,bearish
2022-07-22,1,2022-07-21,2022-07-22,87.76,87.53999999999999,-0.22000000000001307,-11.000000000000654,bearish,-24.000000000001307,bearish
2022-07-25,1,2022-07-22,2022-07-25,87.09,88.14999999999999,1.059999999999988,52.9999999999994,bearish,103.9999999999988,bearish
2022-07-26,1,2022-07-25,2022-07-26,89.99000000000001,91.11999999999999,1.1299999999999812,56.49999999999906,bearish,110.99999999999812,bearish
2022-07-27,1,2022-07-26,2022-07-27,89.64,90.27,0.6299999999999955,31.499999999999773,bearish,60.999999999999545,bearish
2022-07-28,1,2022-07-27,2022-07-28,91.58,92.17,0.5900000000000034,29.50000000000017,bearish,57.00000000000034,bearish
2022-08-04,1,2022-08-03,2022-08-04,91.03,90.3,-0.730000000000004,-36.5000000000002,bearish,-75.0000000000004,bearish
2022-08-05,1,2022-08-04,2022-08-05,87.2,86.35,-0.8500000000000085,-42.500000000000426,bearish,-87.00000000000085,bearish
2022-08-08,1,2022-08-05,2022-08-08,88.46000000000001,88.6,0.13999999999998636,6.999999999999318,bearish,11.999999999998636,bearish
2022-08-09,1,2022-08-08,2022-08-09,88.96000000000001,90.03999999999999,1.079999999999984,53.999999999999204,bearish,105.99999999999841,bearish
2022-08-10,1,2022-08-09,2022-08-10,90.60000000000001,90.67,0.06999999999999318,3.499999999999659,bearish,4.999999999999318,bearish
2022-09-26,1,2022-09-23,2022-09-26,85.76,85.0,-0.7600000000000051,-38.000000000000256,bearish,-78.00000000000051,bearish
2022-09-27,1,2022-09-26,2022-09-27,83.99000000000001,85.6,1.6099999999999852,80.49999999999926,bearish,158.99999999999852,bearish
2022-09-28,1,2022-09-27,2022-09-28,85.75,86.11,0.35999999999999943,17.99999999999997,bearish,33.99999999999994,bearish
2022-09-29,1,2022-09-28,2022-09-29,88.87,88.17,-0.7000000000000028,-35.00000000000014,bearish,-72.00000000000028,bearish
2022-09-30,1,2022-09-29,2022-09-30,88.69000000000001,88.16,-0.5300000000000153,-26.500000000000767,bearish,-55.000000000001535,bearish
2022-10-03,1,2022-09-30,2022-10-03,87.32000000000001,90.03,2.7099999999999937,135.4999999999997,bearish,268.9999999999994,bearish
2023-03-13,1,2023-03-10,2023-03-13,107.79,105.28999999999999,-2.500000000000014,-125.00000000000071,bearish,-252.00000000000142,bearish
2023-03-14,1,2023-03-13,2023-03-14,106.55000000000001,106.33999999999999,-0.21000000000002217,-10.500000000001108,bearish,-23.000000000002217,bearish
2023-03-15,1,2023-03-14,2023-03-15,106.95,102.80999999999999,-4.140000000000015,-207.00000000000074,bearish,-416.0000000000015,bearish
2023-03-16,1,2023-03-15,2023-03-16,101.63000000000001,99.1,-2.5300000000000153,-126.50000000000077,bearish,-255.00000000000153,bearish
2023-03-17,1,2023-03-16,2023-03-17,101.04,100.58999999999999,-0.45000000000001705,-22.500000000000853,bearish,-47.000000000001705,bearish
2023-03-20,1,2023-03-17,2023-03-20,99.85000000000001,99.61999999999999,-0.2300000000000182,-11.50000000000091,bearish,-25.00000000000182,bearish
2023-03-21,1,2023-03-20,2023-03-21,102.46000000000001,104.16,1.6999999999999886,84.99999999999943,bearish,167.99999999999886,bearish
2023-03-22,1,2023-03-21,2023-03-22,107.05000000000001,106.78999999999999,-0.2600000000000193,-13.000000000000966,bearish,-28.000000000001933,bearish
2023-03-23,1,2023-03-22,2023-03-23,104.60000000000001,105.35,0.7499999999999858,37.49999999999929,bearish,72.99999999999858,bearish
2023-03-24,1,2023-03-23,2023-03-24,103.42,101.46,-1.960000000000008,-98.0000000000004,bearish,-198.0000000000008,bearish
2023-03-27,1,2023-03-24,2023-03-27,103.54,104.72999999999999,1.1899999999999835,59.499999999999176,bearish,116.99999999999835,bearish
2023-03-28,1,2023-03-27,2023-03-28,105.81,105.42999999999999,-0.38000000000000966,-19.000000000000483,bearish,-40.000000000000966,bearish
2023-03-29,1,2023-03-28,2023-03-29,107.13000000000001,107.97999999999999,0.8499999999999801,42.499999999999005,bearish,82.99999999999801,bearish
2023-03-30,1,2023-03-29,2023-03-30,108.97,109.53999999999999,0.5699999999999932,28.49999999999966,bearish,54.99999999999932,bearish
2023-05-11,1,2023-05-10,2023-05-11,107.75,106.47999999999999,-1.2700000000000102,-63.50000000000051,bearish,-129.00000000000102,bearish
2023-05-12,1,2023-05-11,2023-05-12,105.80000000000001,106.3,0.4999999999999858,24.99999999999929,bearish,47.99999999999858,bearish
2023-05-15,1,2023-05-12,2023-05-15,105.79,105.5,-0.29000000000000625,-14.500000000000313,bearish,-31.000000000000625,bearish
2023-05-16,1,2023-05-15,2023-05-16,105.08,104.61999999999999,-0.46000000000000796,-23.000000000000398,bearish,-48.000000000000796,bearish
2023-05-17,1,2023-05-16,2023-05-17,102.53,103.38,0.8499999999999943,42.499999999999716,bearish,82.99999999999943,bearish
2023-05-18,1,2023-05-17,2023-05-18,104.83,104.53999999999999,-0.29000000000000625,-14.500000000000313,bearish,-31.000000000000625,bearish
2023-05-19,1,2023-05-18,2023-05-19,105.78,106.55999999999999,0.7799999999999869,38.999999999999346,bearish,75.99999999999869,bearish
2023-05-22,1,2023-05-19,2023-05-22,106.27000000000001,105.83,-0.44000000000001194,-22.000000000000597,bearish,-46.000000000001194,bearish
2023-05-23,1,2023-05-22,2023-05-23,104.98,105.97999999999999,0.9999999999999858,49.99999999999929,bearish,97.99999999999858,bearish
2023-05-24,1,2023-05-23,2023-05-24,106.41000000000001,107.36999999999999,0.9599999999999795,47.99999999999898,bearish,93.99999999999795,bearish
2023-05-25,1,2023-05-24,2023-05-25,107.60000000000001,105.92999999999999,-1.670000000000016,-83.5000000000008,bearish,-169.0000000000016,bearish
2023-05-26,1,2023-05-25,2023-05-26,105.67,106.46,0.789999999999992,39.4999999999996,bearish,76.9999999999992,bearish
2023-05-30,1,2023-05-26,2023-05-30,104.98,103.28,-1.7000000000000028,-85.00000000000014,bearish,-172.00000000000028,bearish
2023-05-31,1,2023-05-30,2023-05-31,104.05000000000001,102.28,-1.7700000000000102,-88.50000000000051,bearish,-179.00000000000102,bearish
2023-06-01,1,2023-05-31,2023-06-01,102.19000000000001,101.74,-0.45000000000001705,-22.500000000000853,bearish,-47.000000000001705,bearish
2023-06-02,1,2023-06-01,2023-06-02,103.37,105.14999999999999,1.779999999999987,88.99999999999935,bearish,175.9999999999987,bearish
2023-06-05,1,2023-06-02,2023-06-05,105.77000000000001,107.17999999999999,1.4099999999999824,70.49999999999912,bearish,138.99999999999824,bearish
2023-06-06,1,2023-06-05,2023-06-06,105.30000000000001,104.14,-1.1600000000000108,-58.00000000000054,bearish,-118.00000000000108,bearish
2023-06-07,1,2023-06-06,2023-06-07,106.16000000000001,106.78,0.6199999999999903,30.999999999999517,bearish,59.999999999999034,bearish
2023-06-08,1,2023-06-07,2023-06-08,108.54,108.75999999999999,0.21999999999998465,10.999999999999233,bearish,19.999999999998465,bearish
2023-06-09,1,2023-06-08,2023-06-09,108.2,108.44,0.23999999999999488,11.999999999999744,bearish,21.99999999999949,bearish
2023-06-12,1,2023-06-09,2023-06-12,107.4,105.8,-1.6000000000000085,-80.00000000000043,bearish,-162.00000000000085,bearish
2023-06-13,1,2023-06-12,2023-06-13,106.43,107.36999999999999,0.9399999999999835,46.999999999999176,bearish,91.99999999999835,bearish
2023-06-14,1,2023-06-13,2023-06-14,106.45,107.44,0.9899999999999949,49.499999999999744,bearish,96.99999999999949,bearish
2023-06-15,1,2023-06-14,2023-06-15,105.17,105.49,0.3199999999999932,15.999999999999659,bearish,29.999999999999318,bearish
2023-06-16,1,2023-06-15,2023-06-16,105.9,106.35,0.44999999999998863,22.49999999999943,bearish,42.99999999999886,bearish
2023-06-20,1,2023-06-16,2023-06-20,105.14,104.67,-0.46999999999999886,-23.499999999999943,bearish,-48.999999999999886,bearish
2023-06-21,1,2023-06-20,2023-06-21,102.73,102.49,-0.2400000000000091,-12.000000000000455,bearish,-26.00000000000091,bearish
2023-06-22,1,2023-06-21,2023-06-22,103.88000000000001,102.83,-1.0500000000000114,-52.50000000000057,bearish,-107.00000000000114,bearish
2023-06-23,1,2023-06-22,2023-06-23,103.31,102.58,-0.730000000000004,-36.5000000000002,bearish,-75.0000000000004,bearish
2023-06-26,1,2023-06-23,2023-06-26,102.41000000000001,102.17999999999999,-0.2300000000000182,-11.50000000000091,bearish,-25.00000000000182,bearish
2023-06-27,1,2023-06-26,2023-06-27,104.30000000000001,104.03999999999999,-0.2600000000000193,-13.000000000000966,bearish,-28.000000000001933,bearish
2023-06-28,1,2023-06-27,2023-06-28,104.56,104.3,-0.2600000000000051,-13.000000000000256,bearish,-28.00000000000051,bearish
2023-06-29,1,2023-06-28,2023-06-29,105.41000000000001,105.64999999999999,0.23999999999998067,11.999999999999034,bearish,21.999999999998067,bearish
2023-06-30,1,2023-06-29,2023-06-30,106.71000000000001,107.30999999999999,0.5999999999999801,29.999999999999005,bearish,57.99999999999801,bearish
2023-07-03,1,2023-06-30,2023-07-03,107.26,107.47999999999999,0.21999999999998465,10.999999999999233,bearish,19.999999999998465,bearish
2023-07-05,1,2023-07-03,2023-07-05,107.47,107.61999999999999,0.14999999999999147,7.499999999999574,bearish,12.999999999999147,bearish
2023-07-06,1,2023-07-05,2023-07-06,106.92,105.08,-1.8400000000000034,-92.00000000000017,bearish,-186.00000000000034,bearish
2023-07-07,1,2023-07-06,2023-07-07,102.93,101.91,-1.0200000000000102,-51.00000000000051,bearish,-104.00000000000102,bearish
2023-07-10,1,2023-07-07,2023-07-10,103.17,102.96,-0.21000000000000796,-10.500000000000398,bearish,-23.000000000000796,bearish
2023-07-11,1,2023-07-10,2023-07-11,104.7,105.25,0.5499999999999972,27.499999999999858,bearish,52.999999999999716,bearish
2023-07-12,1,2023-07-11,2023-07-12,105.98,106.99,1.009999999999991,50.499999999999545,bearish,98.99999999999909,bearish
2023-07-13,1,2023-07-12,2023-07-13,106.5,105.96,-0.5400000000000063,-27.000000000000313,bearish,-56.000000000000625,bearish
2023-07-14,1,2023-07-13,2023-07-14,104.55000000000001,104.03999999999999,-0.5100000000000193,-25.500000000000966,bearish,-53.00000000000193,bearish
2023-07-17,1,2023-07-14,2023-07-17,100.95,100.71,-0.2400000000000091,-12.000000000000455,bearish,-26.00000000000091,bearish
2023-07-18,1,2023-07-17,2023-07-18,101.39,100.91,-0.480000000000004,-24.0000000000002,bearish,-50.0000000000004,bearish
2023-07-19,1,2023-07-18,2023-07-19,100.93,101.03999999999999,0.10999999999998522,5.499999999999261,bearish,8.999999999998522,bearish
2023-07-20,1,2023-07-19,2023-07-20,101.63000000000001,102.53,0.8999999999999915,44.999999999999574,bearish,87.99999999999915,bearish
2023-07-21,1,2023-07-20,2023-07-21,103.42,104.14999999999999,0.7299999999999898,36.49999999999949,bearish,70.99999999999898,bearish
2023-07-24,1,2023-07-21,2023-07-24,103.9,104.35,0.44999999999998863,22.49999999999943,bearish,42.99999999999886,bearish
2023-07-25,1,2023-07-24,2023-07-25,105.53,105.05,-0.480000000000004,-24.0000000000002,bearish,-50.0000000000004,bearish
2023-07-26,1,2023-07-25,2023-07-26,105.69000000000001,105.1,-0.5900000000000176,-29.50000000000088,bearish,-61.00000000000176,bearish
2023-07-27,1,2023-07-26,2023-07-27,105.10000000000001,105.99,0.8899999999999864,44.49999999999932,bearish,86.99999999999864,bearish
2023-07-31,1,2023-07-28,2023-07-31,104.17,105.17999999999999,1.009999999999991,50.499999999999545,bearish,98.99999999999909,bearish
2023-10-12,1,2023-10-11,2023-10-12,106.5,107.58,1.0799999999999983,53.999999999999915,bearish,105.99999999999983,bearish
2023-10-13,1,2023-10-12,2023-10-13,106.48,108.02,1.539999999999992,76.9999999999996,bearish,151.9999999999992,bearish
2023-10-25,1,2023-10-24,2023-10-25,108.4,108.50999999999999,0.10999999999998522,5.499999999999261,bearish,8.999999999998522,bearish
2023-10-26,1,2023-10-25,2023-10-26,108.60000000000001,107.44,-1.1600000000000108,-58.00000000000054,bearish,-118.00000000000108,bearish
2023-10-27,1,2023-10-26,2023-10-27,107.61,108.88,1.269999999999996,63.4999999999998,bearish,124.9999999999996,bearish
2023-10-30,1,2023-10-27,2023-10-30,105.56,105.72999999999999,0.1699999999999875,8.499999999999375,bearish,14.99999999999875,bearish
2023-10-31,1,2023-10-30,2023-10-31,105.89,105.57,-0.3200000000000074,-16.00000000000037,bearish,-34.00000000000074,bearish
2023-11-01,1,2023-10-31,2023-11-01,105.86,106.52,0.6599999999999966,32.99999999999983,bearish,63.99999999999966,bearish
2023-11-02,1,2023-11-01,2023-11-02,105.65,105.86999999999999,0.21999999999998465,10.999999999999233,bearish,19.999999999998465,bearish
2023-11-03,1,2023-11-02,2023-11-03,109.12,108.64999999999999,-0.4700000000000131,-23.500000000000654,bearish,-49.00000000000131,bearish
2023-11-06,1,2023-11-03,2023-11-06,107.79,108.16,0.36999999999999034,18.499999999999517,bearish,34.999999999999034,bearish
2023-11-07,1,2023-11-06,2023-11-07,105.88000000000001,104.46,-1.420000000000016,-71.0000000000008,bearish,-144.0000000000016,bearish
2023-11-08,1,2023-11-07,2023-11-08,104.22,103.72,-0.5,-25.0,bearish,-52.0,bearish
2023-11-09,1,2023-11-08,2023-11-09,102.94000000000001,103.66,0.7199999999999847,35.99999999999923,bearish,69.99999999999847,bearish
2023-11-10,1,2023-11-09,2023-11-10,102.97,103.92,0.9500000000000028,47.50000000000014,bearish,93.00000000000028,bearish
2023-11-13,1,2023-11-10,2023-11-13,103.76,104.03999999999999,0.2799999999999869,13.999999999999346,bearish,25.999999999998693,bearish
2023-11-14,1,2023-11-13,2023-11-14,104.85000000000001,104.28999999999999,-0.5600000000000165,-28.000000000000824,bearish,-58.00000000000165,bearish
2023-11-15,1,2023-11-14,2023-11-15,104.30000000000001,103.94999999999999,-0.35000000000002274,-17.500000000001137,bearish,-37.000000000002274,bearish
2023-11-16,1,2023-11-15,2023-11-16,103.67,102.89,-0.7800000000000011,-39.00000000000006,bearish,-80.00000000000011,bearish
2023-11-17,1,2023-11-16,2023-11-17,102.47,103.05,0.5799999999999983,28.999999999999915,bearish,55.99999999999983,bearish
2023-11-20,1,2023-11-17,2023-11-20,104.97,105.36999999999999,0.3999999999999915,19.999999999999574,bearish,37.99999999999915,bearish
2023-11-21,1,2023-11-20,2023-11-21,104.51,104.19999999999999,-0.3100000000000165,-15.500000000000824,bearish,-33.00000000000165,bearish
2023-11-22,1,2023-11-21,2023-11-22,104.47,102.57,-1.9000000000000057,-95.00000000000028,bearish,-192.00000000000057,bearish
2023-11-24,1,2023-11-22,2023-11-24,104.02000000000001,104.00999999999999,-0.010000000000019327,-0.5000000000009663,bearish,-3.0000000000019327,bearish
2023-11-27,1,2023-11-24,2023-11-27,104.58,104.08999999999999,-0.4900000000000091,-24.500000000000455,bearish,-51.00000000000091,bearish
2023-11-28,1,2023-11-27,2023-11-28,103.97,104.22999999999999,0.2599999999999909,12.999999999999545,bearish,23.99999999999909,bearish
2023-11-29,1,2023-11-28,2023-11-29,103.91000000000001,104.28,0.36999999999999034,18.499999999999517,bearish,34.999999999999034,bearish
2023-11-30,1,2023-11-29,2023-11-30,102.35000000000001,103.1,0.7499999999999858,37.49999999999929,bearish,72.99999999999858,bearish
2023-12-01,1,2023-11-30,2023-12-01,102.75,102.49,-0.2600000000000051,-13.000000000000256,bearish,-28.00000000000051,bearish
2023-12-04,1,2023-12-01,2023-12-04,103.0,102.11999999999999,-0.8800000000000097,-44.00000000000048,bearish,-90.00000000000097,bearish
2023-12-05,1,2023-12-04,2023-12-05,102.44000000000001,102.49,0.04999999999998295,2.4999999999991473,bearish,2.9999999999982947,bearish
2023-12-06,1,2023-12-05,2023-12-06,100.45,99.99,-0.46000000000000796,-23.000000000000398,bearish,-48.000000000000796,bearish
2023-12-07,1,2023-12-06,2023-12-07,99.12,99.85,0.7299999999999898,36.49999999999949,bearish,70.99999999999898,bearish
2023-12-08,1,2023-12-07,2023-12-08,98.43,99.00999999999999,0.5799999999999841,28.999999999999204,bearish,55.99999999999841,bearish
2023-12-11,1,2023-12-08,2023-12-11,99.56,99.78999999999999,0.22999999999998977,11.499999999999488,bearish,20.999999999998977,bearish
2023-12-12,1,2023-12-11,2023-12-12,99.63000000000001,98.67,-0.960000000000008,-48.0000000000004,bearish,-98.0000000000008,bearish
2023-12-13,1,2023-12-12,2023-12-13,98.06,98.03,-0.030000000000001137,-1.5000000000000568,bearish,-5.000000000000114,bearish
2023-12-14,1,2023-12-13,2023-12-14,98.93,99.83999999999999,0.9099999999999824,45.49999999999912,bearish,88.99999999999824,bearish
2023-12-15,1,2023-12-14,2023-12-15,101.59,100.58,-1.0100000000000051,-50.500000000000256,bearish,-103.00000000000051,bearish
2023-12-18,1,2023-12-15,2023-12-18,100.91000000000001,102.11999999999999,1.2099999999999795,60.49999999999898,bearish,118.99999999999795,bearish
2023-12-19,1,2023-12-18,2023-12-19,101.66000000000001,101.99,0.3299999999999841,16.499999999999204,bearish,30.99999999999841,bearish
2023-12-20,1,2023-12-19,2023-12-20,103.0,103.49,0.4899999999999949,24.499999999999744,bearish,46.99999999999949,bearish
2023-12-21,1,2023-12-20,2023-12-21,101.28,101.46,0.1799999999999926,8.99999999999963,bearish,15.999999999999261,bearish
2023-12-22,1,2023-12-21,2023-12-22,101.74000000000001,102.3,0.5599999999999881,27.999999999999403,bearish,53.999999999998806,bearish
2023-12-26,1,2023-12-22,2023-12-26,101.92,102.72999999999999,0.8099999999999881,40.4999999999994,bearish,78.9999999999988,bearish
2023-12-27,1,2023-12-26,2023-12-27,102.15,102.03,-0.12000000000000455,-6.000000000000227,bearish,-14.000000000000455,bearish
2023-12-28,1,2023-12-27,2023-12-28,101.67,101.38,-0.29000000000000625,-14.500000000000313,bearish,-31.000000000000625,bearish
2023-12-29,1,2023-12-28,2023-12-29,100.2,100.36,0.1599999999999966,7.9999999999998295,bearish,13.999999999999659,bearish
2024-01-02,1,2023-12-29,2024-01-02,99.99000000000001,100.88,0.8899999999999864,44.49999999999932,bearish,86.99999999999864,bearish
2024-01-03,1,2024-01-02,2024-01-03,102.37,102.25999999999999,-0.11000000000001364,-5.500000000000682,bearish,-13.000000000001364,bearish
2024-01-04,1,2024-01-03,2024-01-04,103.23,104.07,0.8399999999999892,41.99999999999946,bearish,81.99999999999892,bearish
2024-01-05,1,2024-01-04,2024-01-05,102.33,103.16,0.8299999999999983,41.499999999999915,bearish,80.99999999999983,bearish
2024-01-08,1,2024-01-05,2024-01-08,102.64,100.72,-1.9200000000000017,-96.00000000000009,bearish,-194.00000000000017,bearish
2024-01-09,1,2024-01-08,2024-01-09,100.93,101.28,0.3499999999999943,17.499999999999716,bearish,32.99999999999943,bearish
2024-01-10,1,2024-01-09,2024-01-10,99.68,99.78999999999999,0.10999999999998522,5.499999999999261,bearish,8.999999999998522,bearish
2024-01-11,1,2024-01-10,2024-01-11,98.7,99.03,0.3299999999999983,16.499999999999915,bearish,30.99999999999983,bearish
2024-01-12,1,2024-01-11,2024-01-12,98.68,100.13,1.4499999999999886,72.49999999999943,bearish,142.99999999999886,bearish
2024-01-16,1,2024-01-12,2024-01-16,99.96000000000001,99.80999999999999,-0.1500000000000199,-7.500000000000995,bearish,-17.00000000000199,bearish
2024-01-17,1,2024-01-16,2024-01-17,97.7,96.58999999999999,-1.1100000000000136,-55.50000000000068,bearish,-113.00000000000136,bearish
2024-01-18,1,2024-01-17,2024-01-18,96.99000000000001,96.99,-1.4210854715202004e-14,-7.105427357601002e-13,bearish,-2.000000000001421,bearish
2024-01-19,1,2024-01-18,2024-01-19,96.81,96.71,-0.10000000000000853,-5.000000000000426,bearish,-12.000000000000853,bearish
2024-01-22,1,2024-01-19,2024-01-22,96.96000000000001,96.69999999999999,-0.2600000000000193,-13.000000000000966,bearish,-28.000000000001933,bearish
2024-01-23,1,2024-01-22,2024-01-23,96.83,96.8,-0.030000000000001137,-1.5000000000000568,bearish,-5.000000000000114,bearish
2024-01-24,1,2024-01-23,2024-01-24,97.92,98.30999999999999,0.38999999999998636,19.499999999999318,bearish,36.999999999998636,bearish
2024-01-25,1,2024-01-24,2024-01-25,99.61,100.3,0.6899999999999977,34.499999999999886,bearish,66.99999999999977,bearish
2024-02-06,1,2024-02-05,2024-02-06,101.56,102.05999999999999,0.4999999999999858,24.99999999999929,bearish,47.99999999999858,bearish
2024-02-14,1,2024-02-13,2024-02-14,101.35000000000001,101.86,0.5099999999999909,25.499999999999545,bearish,48.99999999999909,bearish
2024-02-15,1,2024-02-14,2024-02-15,100.85000000000001,100.58999999999999,-0.2600000000000193,-13.000000000000966,bearish,-28.000000000001933,bearish
2024-06-10,1,2024-06-07,2024-06-10,112.76,113.05,0.28999999999999204,14.499999999999602,bearish,26.999999999999204,bearish
2024-06-11,1,2024-06-10,2024-06-11,113.09,112.47999999999999,-0.6100000000000136,-30.500000000000682,bearish,-63.000000000001364,bearish
2024-06-12,1,2024-06-11,2024-06-12,112.18,113.28999999999999,1.1099999999999852,55.49999999999926,bearish,108.99999999999852,bearish
2024-06-13,1,2024-06-12,2024-06-13,110.94000000000001,110.83,-0.11000000000001364,-5.500000000000682,bearish,-13.000000000001364,bearish
2024-06-14,1,2024-06-13,2024-06-14,110.05000000000001,110.00999999999999,-0.040000000000020464,-2.000000000001023,bearish,-6.000000000002046,bearish
2024-06-17,1,2024-06-14,2024-06-17,109.12,109.16,0.03999999999999204,1.999999999999602,bearish,1.9999999999992042,bearish
2024-06-18,1,2024-06-17,2024-06-18,108.37,109.02,0.6499999999999915,32.499999999999574,bearish,62.99999999999915,bearish
2024-06-20,1,2024-06-18,2024-06-20,109.39,109.89999999999999,0.5099999999999909,25.499999999999545,bearish,48.99999999999909,bearish
2024-06-21,1,2024-06-20,2024-06-21,111.75,111.89,0.14000000000000057,7.000000000000028,bearish,12.000000000000057,bearish
2024-06-24,1,2024-06-21,2024-06-24,110.77000000000001,111.63,0.8599999999999852,42.99999999999926,bearish,83.99999999999852,bearish
2024-06-27,1,2024-06-26,2024-06-27,114.42,114.97999999999999,0.5599999999999881,27.999999999999403,bearish,53.999999999998806,bearish
2024-06-28,1,2024-06-27,2024-06-28,114.91000000000001,115.85,0.9399999999999835,46.999999999999176,bearish,91.99999999999835,bearish
2024-07-01,1,2024-06-28,2024-07-01,115.13000000000001,115.69,0.5599999999999881,27.999999999999403,bearish,53.999999999998806,bearish
2024-07-02,1,2024-07-01,2024-07-02,114.97,115.89,0.9200000000000017,46.000000000000085,bearish,90.00000000000017,bearish
2024-07-03,1,2024-07-02,2024-07-03,114.19000000000001,114.25999999999999,0.06999999999997897,3.4999999999989484,bearish,4.999999999997897,bearish
2024-07-05,1,2024-07-03,2024-07-05,114.77000000000001,114.6,-0.17000000000001592,-8.500000000000796,bearish,-19.00000000000159,bearish
2024-07-08,1,2024-07-05,2024-07-08,113.38000000000001,112.38,-1.0000000000000142,-50.00000000000071,bearish,-102.00000000000142,bearish
2024-07-09,1,2024-07-08,2024-07-09,112.19000000000001,111.1,-1.0900000000000176,-54.50000000000088,bearish,-111.00000000000176,bearish
2024-07-10,1,2024-07-09,2024-07-10,110.95,110.91,-0.04000000000000625,-2.0000000000003126,bearish,-6.000000000000625,bearish
2024-07-11,1,2024-07-10,2024-07-11,111.93,111.42,-0.5100000000000051,-25.500000000000256,bearish,-53.00000000000051,bearish
2024-07-12,1,2024-07-11,2024-07-12,113.26,113.97999999999999,0.7199999999999847,35.99999999999923,bearish,69.99999999999847,bearish
2024-07-15,1,2024-07-12,2024-07-15,113.28,114.25999999999999,0.9799999999999898,48.99999999999949,bearish,95.99999999999898,bearish
2024-07-24,1,2024-07-23,2024-07-24,113.42,113.75999999999999,0.3399999999999892,16.99999999999946,bearish,31.99999999999892,bearish
2024-09-06,1,2024-09-05,2024-09-06,113.18,113.58,0.3999999999999915,19.999999999999574,bearish,37.99999999999915,bearish
2024-09-09,1,2024-09-06,2024-09-09,112.65,112.86,0.20999999999999375,10.499999999999687,bearish,18.999999999999375,bearish
2024-09-11,1,2024-09-10,2024-09-11,110.83,110.77,-0.060000000000002274,-3.0000000000001137,bearish,-8.000000000000227,bearish
2024-09-12,1,2024-09-11,2024-09-12,109.73,109.89,0.1599999999999966,7.9999999999998295,bearish,13.999999999999659,bearish
2024-09-13,1,2024-09-12,2024-09-13,111.24000000000001,111.46,0.21999999999998465,10.999999999999233,bearish,19.999999999998465,bearish
2024-09-16,1,2024-09-13,2024-09-16,111.16000000000001,112.03999999999999,0.8799999999999812,43.99999999999906,bearish,85.99999999999812,bearish
2024-09-17,1,2024-09-16,2024-09-17,112.72,112.30999999999999,-0.4100000000000108,-20.50000000000054,bearish,-43.00000000000108,bearish
2024-09-27,1,2024-09-26,2024-09-27,112.81,113.75,0.9399999999999977,46.999999999999886,bearish,91.99999999999977,bearish
2024-12-05,1,2024-12-04,2024-12-05,114.29,114.69999999999999,0.4099999999999824,20.49999999999912,bearish,38.99999999999824,bearish
2024-12-06,1,2024-12-05,2024-12-06,114.79,114.53,-0.2600000000000051,-13.000000000000256,bearish,-28.00000000000051,bearish
2024-12-09,1,2024-12-06,2024-12-09,113.58,114.63,1.0499999999999972,52.49999999999986,bearish,102.99999999999972,bearish
2024-12-10,1,2024-12-09,2024-12-10,112.91000000000001,113.58,0.6699999999999875,33.499999999999375,bearish,64.99999999999875,bearish
2024-12-11,1,2024-12-10,2024-12-11,112.68,111.99,-0.6900000000000119,-34.5000000000006,bearish,-71.0000000000012,bearish
2024-12-12,1,2024-12-11,2024-12-12,111.93,111.58,-0.3500000000000085,-17.500000000000426,bearish,-37.00000000000085,bearish
2024-12-13,1,2024-12-12,2024-12-13,111.83,111.89,0.060000000000002274,3.0000000000001137,bearish,4.000000000000227,bearish
2024-12-16,1,2024-12-13,2024-12-16,110.85000000000001,110.19,-0.6600000000000108,-33.00000000000054,bearish,-68.00000000000108,bearish
2024-12-17,1,2024-12-16,2024-12-17,108.48,107.22,-1.2600000000000051,-63.000000000000256,bearish,-128.0000000000005,bearish
2024-12-18,1,2024-12-17,2024-12-18,108.02000000000001,107.55999999999999,-0.46000000000002217,-23.00000000000111,bearish,-48.00000000000222,bearish
2024-12-19,1,2024-12-18,2024-12-19,106.43,107.38,0.9499999999999886,47.49999999999943,bearish,92.99999999999886,bearish
2024-12-20,1,2024-12-19,2024-12-20,105.52000000000001,105.44,-0.0800000000000125,-4.000000000000625,bearish,-10.00000000000125,bearish
2024-12-23,1,2024-12-20,2024-12-23,105.88000000000001,105.3,-0.5800000000000125,-29.000000000000625,bearish,-60.00000000000125,bearish
2024-12-24,1,2024-12-23,2024-12-24,106.31,106.50999999999999,0.19999999999998863,9.999999999999432,bearish,17.999999999998863,bearish
2024-12-26,1,2024-12-24,2024-12-26,106.41000000000001,106.55999999999999,0.14999999999997726,7.499999999998863,bearish,12.999999999997726,bearish
2024-12-27,1,2024-12-26,2024-12-27,106.5,106.28999999999999,-0.21000000000000796,-10.500000000000398,bearish,-23.000000000000796,bearish
2024-12-30,1,2024-12-27,2024-12-30,106.49000000000001,106.28999999999999,-0.20000000000001705,-10.000000000000853,bearish,-22.000000000001705,bearish
2024-12-31,1,2024-12-30,2024-12-31,105.77000000000001,106.16,0.38999999999998636,19.499999999999318,bearish,36.999999999998636,bearish
2025-01-02,1,2024-12-31,2025-01-02,107.58,108.27,0.6899999999999977,34.499999999999886,bearish,66.99999999999977,bearish
2025-01-03,1,2025-01-02,2025-01-03,107.32000000000001,107.99,0.6699999999999875,33.499999999999375,bearish,64.99999999999875,bearish
2025-01-06,1,2025-01-03,2025-01-06,107.87,108.22999999999999,0.3599999999999852,17.99999999999926,bearish,33.99999999999852,bearish
2025-01-07,1,2025-01-06,2025-01-07,107.75,108.92999999999999,1.1799999999999926,58.99999999999963,bearish,115.99999999999926,bearish
2025-01-08,1,2025-01-07,2025-01-08,108.76,107.3,-1.460000000000008,-73.0000000000004,bearish,-148.0000000000008,bearish
2025-01-10,1,2025-01-08,2025-01-10,106.94000000000001,108.69,1.7499999999999858,87.49999999999929,bearish,172.99999999999858,bearish
2025-01-13,1,2025-01-10,2025-01-13,106.55000000000001,107.11999999999999,0.569999999999979,28.49999999999895,bearish,54.9999999999979,bearish
2025-01-14,1,2025-01-13,2025-01-14,109.30000000000001,108.78,-0.5200000000000102,-26.00000000000051,bearish,-54.00000000000102,bearish
2025-01-15,1,2025-01-14,2025-01-15,109.73,110.03999999999999,0.30999999999998806,15.499999999999403,bearish,28.999999999998806,bearish
2025-01-16,1,2025-01-15,2025-01-16,111.52000000000001,111.17999999999999,-0.3400000000000176,-17.00000000000088,bearish,-36.00000000000176,bearish
2025-01-17,1,2025-01-16,2025-01-17,111.33,111.02,-0.3100000000000023,-15.500000000000114,bearish,-33.00000000000023,bearish
2025-01-21,1,2025-01-17,2025-01-21,112.33,112.03999999999999,-0.29000000000000625,-14.500000000000313,bearish,-31.000000000000625,bearish
2025-01-22,1,2025-01-21,2025-01-22,111.48,111.19,-0.29000000000000625,-14.500000000000313,bearish,-31.000000000000625,bearish
2025-01-23,1,2025-01-22,2025-01-23,109.54,110.3,0.7599999999999909,37.999999999999545,bearish,73.99999999999909,bearish
2025-01-24,1,2025-01-23,2025-01-24,110.16000000000001,110.22999999999999,0.06999999999997897,3.4999999999989484,bearish,4.999999999997897,bearish
2025-01-27,1,2025-01-24,2025-01-27,108.67,109.0,0.3299999999999983,16.499999999999915,bearish,30.99999999999983,bearish
2025-01-28,1,2025-01-27,2025-01-28,110.18,110.39999999999999,0.21999999999998465,10.999999999999233,bearish,19.999999999998465,bearish
2025-01-29,1,2025-01-28,2025-01-29,108.05000000000001,107.69999999999999,-0.35000000000002274,-17.500000000001137,bearish,-37.000000000002274,bearish
2025-01-30,1,2025-01-29,2025-01-30,108.68,109.22999999999999,0.549999999999983,27.499999999999147,bearish,52.999999999998295,bearish
2025-01-31,1,2025-01-30,2025-01-31,109.58,110.53999999999999,0.9599999999999937,47.99999999999969,bearish,93.99999999999937,bearish
2025-02-03,1,2025-01-31,2025-02-03,106.84,106.63,-0.21000000000000796,-10.500000000000398,bearish,-23.000000000000796,bearish
2025-02-04,1,2025-02-03,2025-02-04,107.10000000000001,106.69,-0.4100000000000108,-20.50000000000054,bearish,-43.00000000000108,bearish
2025-02-05,1,2025-02-04,2025-02-05,109.97,109.72999999999999,-0.2400000000000091,-12.000000000000455,bearish,-26.00000000000091,bearish
2025-02-06,1,2025-02-05,2025-02-06,109.89,110.75999999999999,0.8699999999999903,43.49999999999952,bearish,84.99999999999903,bearish
2025-02-07,1,2025-02-06,2025-02-07,108.44000000000001,108.77,0.3299999999999841,16.499999999999204,bearish,30.99999999999841,bearish
2025-02-10,1,2025-02-07,2025-02-10,108.9,110.0,1.0999999999999943,54.999999999999716,bearish,107.99999999999943,bearish
2025-02-13,1,2025-02-12,2025-02-13,107.36,107.14,-0.21999999999999886,-10.999999999999943,bearish,-23.999999999999886,bearish
2025-02-14,1,2025-02-13,2025-02-14,108.14,108.50999999999999,0.36999999999999034,18.499999999999517,bearish,34.999999999999034,bearish
2025-02-18,1,2025-02-14,2025-02-18,108.25,108.61999999999999,0.36999999999999034,18.499999999999517,bearish,34.999999999999034,bearish
2025-03-04,1,2025-03-03,2025-03-04,107.77000000000001,106.35,-1.420000000000016,-71.0000000000008,bearish,-144.0000000000016,bearish
2025-03-05,1,2025-03-04,2025-03-05,107.55000000000001,105.83,-1.720000000000013,-86.00000000000065,bearish,-174.0000000000013,bearish
2025-03-06,1,2025-03-05,2025-03-06,105.45,105.42,-0.030000000000001137,-1.5000000000000568,bearish,-5.000000000000114,bearish
2025-03-07,1,2025-03-06,2025-03-07,107.63000000000001,108.39999999999999,0.7699999999999818,38.49999999999909,bearish,74.99999999999818,bearish
2025-03-10,1,2025-03-07,2025-03-10,109.03,109.27,0.23999999999999488,11.999999999999744,bearish,21.99999999999949,bearish
2025-04-07,1,2025-04-04,2025-04-07,104.35000000000001,100.38,-3.970000000000013,-198.50000000000065,bearish,-399.0000000000013,bearish
2025-04-08,1,2025-04-07,2025-04-08,102.95,105.44,2.489999999999995,124.49999999999974,bearish,246.9999999999995,bearish
2025-04-09,1,2025-04-08,2025-04-09,100.78,99.36,-1.4200000000000017,-71.00000000000009,bearish,-144.00000000000017,bearish
2025-04-10,1,2025-04-09,2025-04-10,105.81,103.75,-2.0600000000000023,-103.00000000000011,bearish,-208.00000000000023,bearish
2025-04-11,1,2025-04-10,2025-04-11,99.94000000000001,100.05999999999999,0.11999999999997613,5.999999999998806,bearish,9.999999999997613,bearish
2025-04-14,1,2025-04-11,2025-04-14,103.15,105.02,1.8699999999999903,93.49999999999952,bearish,184.99999999999903,bearish
2025-04-15,1,2025-04-14,2025-04-15,103.4,103.63,0.22999999999998977,11.499999999999488,bearish,20.999999999998977,bearish
2025-04-16,1,2025-04-15,2025-04-16,103.11,103.94,0.8299999999999983,41.499999999999915,bearish,80.99999999999983,bearish
2025-04-17,1,2025-04-16,2025-04-17,104.2,104.67999999999999,0.47999999999998977,23.99999999999949,bearish,45.99999999999898,bearish
2025-04-21,1,2025-04-17,2025-04-21,106.93,105.6,-1.3300000000000125,-66.50000000000063,bearish,-135.00000000000125,bearish
2025-04-22,1,2025-04-21,2025-04-22,105.36,106.13,0.769999999999996,38.4999999999998,bearish,74.9999999999996,bearish
2025-04-24,1,2025-04-23,2025-04-24,107.38000000000001,107.96,0.5799999999999841,28.999999999999204,bearish,55.99999999999841,bearish
2025-04-25,1,2025-04-24,2025-04-25,108.64,108.13,-0.5100000000000051,-25.500000000000256,bearish,-53.00000000000051,bearish
2025-04-28,1,2025-04-25,2025-04-28,108.58,108.74,0.1599999999999966,7.9999999999998295,bearish,13.999999999999659,bearish
2025-04-29,1,2025-04-28,2025-04-29,108.64,107.72999999999999,-0.9100000000000108,-45.50000000000054,bearish,-93.00000000000108,bearish
2025-04-30,1,2025-04-29,2025-04-30,108.37,107.41,-0.960000000000008,-48.0000000000004,bearish,-98.0000000000008,bearish
2025-05-01,1,2025-04-30,2025-05-01,105.64,105.08,-0.5600000000000023,-28.000000000000114,bearish,-58.00000000000023,bearish
2025-05-02,1,2025-05-01,2025-05-02,105.79,107.71,1.9199999999999875,95.99999999999937,bearish,189.99999999999875,bearish
2025-05-05,1,2025-05-02,2025-05-05,106.22,104.64,-1.5799999999999983,-78.99999999999991,bearish,-159.99999999999983,bearish
2025-05-06,1,2025-05-05,2025-05-06,103.28,103.88,0.5999999999999943,29.999999999999716,bearish,57.99999999999943,bearish
2025-05-07,1,2025-05-06,2025-05-07,104.72,104.97999999999999,0.2599999999999909,12.999999999999545,bearish,23.99999999999909,bearish
2025-05-08,1,2025-05-07,2025-05-08,104.62,105.33,0.7099999999999937,35.49999999999969,bearish,68.99999999999937,bearish
2025-05-09,1,2025-05-08,2025-05-09,106.08,107.13,1.0499999999999972,52.49999999999986,bearish,102.99999999999972,bearish
2025-05-12,1,2025-05-09,2025-05-12,107.32000000000001,110.28,2.9599999999999937,147.9999999999997,bearish,293.9999999999994,bearish
2025-05-13,1,2025-05-12,2025-05-13,109.17,109.30999999999999,0.13999999999998636,6.999999999999318,bearish,11.999999999998636,bearish
2025-05-14,1,2025-05-13,2025-05-14,109.47,108.85,-0.6200000000000045,-31.000000000000227,bearish,-64.00000000000045,bearish
2025-05-15,1,2025-05-14,2025-05-15,108.49000000000001,106.47999999999999,-2.0100000000000193,-100.50000000000097,bearish,-203.00000000000193,bearish
2025-05-16,1,2025-05-15,2025-05-16,108.59,108.64,0.04999999999999716,2.499999999999858,bearish,2.999999999999716,bearish
2025-05-19,1,2025-05-16,2025-05-19,108.2,107.55999999999999,-0.6400000000000148,-32.00000000000074,bearish,-66.00000000000148,bearish
2025-05-20,1,2025-05-19,2025-05-20,106.48,106.38,-0.10000000000000853,-5.000000000000426,bearish,-12.000000000000853,bearish
2025-05-21,1,2025-05-20,2025-05-21,104.96000000000001,104.52,-0.44000000000001194,-22.000000000000597,bearish,-46.000000000001194,bearish
2025-05-22,1,2025-05-21,2025-05-22,103.67,103.05,-0.6200000000000045,-31.000000000000227,bearish,-64.00000000000045,bearish
2025-05-23,1,2025-05-22,2025-05-23,102.98,102.58,-0.4000000000000057,-20.000000000000284,bearish,-42.00000000000057,bearish
2025-05-27,1,2025-05-23,2025-05-27,103.04,103.47999999999999,0.4399999999999835,21.999999999999176,bearish,41.99999999999835,bearish
2025-05-28,1,2025-05-27,2025-05-28,103.53,104.28,0.75,37.5,bearish,73.0,bearish
2025-05-29,1,2025-05-28,2025-05-29,102.12,102.27,0.14999999999999147,7.499999999999574,bearish,12.999999999999147,bearish
2025-05-30,1,2025-05-29,2025-05-30,102.7,102.14999999999999,-0.5500000000000114,-27.50000000000057,bearish,-57.00000000000114,bearish
2025-06-02,1,2025-05-30,2025-06-02,102.31,103.74,1.4299999999999926,71.49999999999963,bearish,140.99999999999926,bearish
2025-06-03,1,2025-06-02,2025-06-03,103.06,102.89,-0.1700000000000017,-8.500000000000085,bearish,-19.00000000000017,bearish
2025-06-04,1,2025-06-03,2025-06-04,103.81,103.91,0.09999999999999432,4.999999999999716,bearish,7.999999999999432,bearish
2025-06-05,1,2025-06-04,2025-06-05,102.31,102.97,0.6599999999999966,32.99999999999983,bearish,63.99999999999966,bearish
2025-06-06,1,2025-06-05,2025-06-06,101.84,102.75,0.9099999999999966,45.49999999999983,bearish,88.99999999999966,bearish
2025-06-09,1,2025-06-06,2025-06-09,104.28,104.32,0.03999999999999204,1.999999999999602,bearish,1.9999999999992042,bearish
2025-06-10,1,2025-06-09,2025-06-10,104.98,106.07,1.0899999999999892,54.49999999999946,bearish,106.99999999999892,bearish
2025-06-11,1,2025-06-10,2025-06-11,107.23,107.75,0.519999999999996,25.9999999999998,bearish,49.9999999999996,bearish
2025-08-05,1,2025-08-04,2025-08-05,107.38000000000001,107.21,-0.17000000000001592,-8.500000000000796,bearish,-19.00000000000159,bearish
2025-08-06,1,2025-08-05,2025-08-06,107.25,108.3,1.0499999999999972,52.49999999999986,bearish,102.99999999999972,bearish
2025-08-07,1,2025-08-06,2025-08-07,106.52000000000001,107.13,0.6099999999999852,30.49999999999926,bearish,58.99999999999852,bearish
2025-08-08,1,2025-08-07,2025-08-08,105.96000000000001,106.49,0.5299999999999869,26.499999999999346,bearish,50.99999999999869,bearish
2025-08-11,1,2025-08-08,2025-08-11,106.81,107.1,0.28999999999999204,14.499999999999602,bearish,26.999999999999204,bearish
2025-08-12,1,2025-08-11,2025-08-12,105.84,106.33,0.4899999999999949,24.499999999999744,bearish,46.99999999999949,bearish
2025-08-13,1,2025-08-12,2025-08-13,106.14,105.99,-0.15000000000000568,-7.500000000000284,bearish,-17.00000000000057,bearish
2025-08-14,1,2025-08-13,2025-08-14,107.61,107.53999999999999,-0.07000000000000739,-3.5000000000003695,bearish,-9.000000000000739,bearish
2025-08-15,1,2025-08-14,2025-08-15,107.39,106.17999999999999,-1.210000000000008,-60.5000000000004,bearish,-123.0000000000008,bearish
2025-08-18,1,2025-08-15,2025-08-18,106.5,106.08999999999999,-0.4100000000000108,-20.50000000000054,bearish,-43.00000000000108,bearish
2025-08-19,1,2025-08-18,2025-08-19,106.73,106.19,-0.5400000000000063,-27.000000000000313,bearish,-56.000000000000625,bearish
2025-08-20,1,2025-08-19,2025-08-20,107.43,107.86999999999999,0.4399999999999835,21.999999999999176,bearish,41.99999999999835,bearish
2025-08-21,1,2025-08-20,2025-08-21,108.54,108.41,-0.13000000000000966,-6.500000000000483,bearish,-15.000000000000966,bearish
2025-10-13,1,2025-10-10,2025-10-13,110.74000000000001,111.53,0.789999999999992,39.4999999999996,bearish,76.9999999999992,bearish
2026-05-07,1,2026-05-06,2026-05-07,148.7,146.79000000000002,-1.9099999999999682,-95.49999999999841,bearish,-192.99999999999682,bearish
2026-05-08,1,2026-05-07,2026-05-08,146.59,145.84,-0.75,-37.5,bearish,-77.0,bearish
2026-05-11,1,2026-05-08,2026-05-11,144.57999999999998,146.01000000000002,1.4300000000000352,71.50000000000176,bearish,141.00000000000352,bearish
2026-05-12,1,2026-05-11,2026-05-12,149.69,151.24,1.5500000000000114,77.50000000000057,bearish,153.00000000000114,bearish
2026-05-13,1,2026-05-12,2026-05-13,150.64,150.05,-0.589999999999975,-29.49999999999875,bearish,-60.9999999999975,bearish
2026-05-14,1,2026-05-13,2026-05-14,151.57999999999998,151.89000000000001,0.3100000000000307,15.500000000001535,bearish,29.00000000000307,bearish
2026-05-15,1,2026-05-14,2026-05-15,152.79,153.74,0.950000000000017,47.50000000000085,bearish,93.0000000000017,bearish
2026-05-21,1,2026-05-20,2026-05-21,156.29,158.41,2.1200000000000045,106.00000000000023,bearish,210.00000000000045,bearish
2026-05-22,1,2026-05-21,2026-05-22,155.29999999999998,154.02,-1.2799999999999727,-63.999999999998636,bearish,-129.99999999999727,bearish
2026-05-26,1,2026-05-22,2026-05-26,154.92999999999998,153.49,-1.4399999999999693,-71.99999999999847,bearish,-145.99999999999693,bearish
2026-05-27,1,2026-05-26,2026-05-27,149.82,147.22,-2.5999999999999943,-129.99999999999972,bearish,-261.99999999999943,bearish
2026-05-28,1,2026-05-27,2026-05-28,147.91,149.33,1.420000000000016,71.0000000000008,bearish,140.0000000000016,bearish
2026-05-29,1,2026-05-28,2026-05-29,146.97,146.18,-0.789999999999992,-39.4999999999996,bearish,-80.9999999999992,bearish
2026-06-01,1,2026-05-29,2026-06-01,145.26999999999998,147.01000000000002,1.7400000000000375,87.00000000000188,bearish,172.00000000000375,bearish
2026-06-02,1,2026-06-01,2026-06-02,149.39,149.02,-0.3699999999999761,-18.499999999998806,bearish,-38.99999999999761,bearish
2026-06-03,1,2026-06-02,2026-06-03,149.57,150.60000000000002,1.0300000000000296,51.50000000000148,bearish,101.00000000000296,bearish
2026-06-04,1,2026-06-03,2026-06-04,152.54,152.04000000000002,-0.4999999999999716,-24.99999999999858,bearish,-51.99999999999716,bearish
2026-06-05,1,2026-06-04,2026-06-05,152.04999999999998,151.99,-0.05999999999997385,-2.9999999999986926,bearish,-7.999999999997385,bearish
2026-06-08,1,2026-06-05,2026-06-08,149.92999999999998,151.15,1.2200000000000273,61.000000000001364,bearish,120.00000000000273,bearish
2026-06-09,1,2026-06-08,2026-06-09,151.76,150.9,-0.8599999999999852,-42.99999999999926,bearish,-87.99999999999852,bearish
2026-06-10,1,2026-06-09,2026-06-10,148.92,151.22,2.3000000000000114,115.00000000000057,bearish,228.00000000000114,bearish
2026-06-11,1,2026-06-10,2026-06-11,150.63,152.29000000000002,1.660000000000025,83.00000000000125,bearish,164.0000000000025,bearish
2026-06-12,1,2026-06-11,2026-06-12,146.60999999999999,145.62,-0.9899999999999807,-49.499999999999034,bearish,-100.99999999999807,bearish
2026-06-15,1,2026-06-12,2026-06-15,147.01999999999998,139.73000000000002,-7.289999999999964,-364.4999999999982,bearish,-730.9999999999964,bearish
2026-06-16,1,2026-06-15,2026-06-16,140.92999999999998,140.18,-0.7499999999999716,-37.49999999999858,bearish,-76.99999999999716,bearish
2026-06-17,1,2026-06-16,2026-06-17,141.87,141.21,-0.6599999999999966,-32.99999999999983,bearish,-67.99999999999966,bearish
2026-06-18,1,2026-06-17,2026-06-18,140.75,138.31,-2.4399999999999977,-121.99999999999989,bearish,-245.99999999999977,bearish
2026-06-22,1,2026-06-18,2026-06-22,137.82,138.53,0.710000000000008,35.5000000000004,bearish,69.0000000000008,bearish
2026-06-23,1,2026-06-22,2026-06-23,138.48,139.45000000000002,0.9700000000000273,48.500000000001364,bearish,95.00000000000273,bearish
2026-06-24,1,2026-06-23,2026-06-24,139.73999999999998,137.11,-2.629999999999967,-131.49999999999835,bearish,-264.9999999999967,bearish
2026-06-25,1,2026-06-24,2026-06-25,136.91,135.63,-1.2800000000000011,-64.00000000000006,bearish,-130.0000000000001,bearish
2026-06-26,1,2026-06-25,2026-06-26,137.56,136.96,-0.5999999999999943,-29.999999999999716,bearish,-61.99999999999943,bearish
2026-06-29,1,2026-06-26,2026-06-29,136.54999999999998,136.57000000000002,0.020000000000038654,1.0000000000019327,bearish,3.865352482534945e-12,bearish
2026-06-30,1,2026-06-29,2026-06-30,136.07,136.47,0.4000000000000057,20.000000000000284,bearish,38.00000000000057,bearish
2026-07-01,1,2026-06-30,2026-07-01,136.73,136.52,-0.20999999999997954,-10.499999999998977,bearish,-22.999999999997954,bearish
2026-07-02,1,2026-07-01,2026-07-02,136.29,137.14000000000001,0.8500000000000227,42.50000000000114,bearish,83.00000000000227,bearish
2026-07-06,1,2026-07-02,2026-07-06,137.1,136.53,-0.5699999999999932,-28.49999999999966,bearish,-58.99999999999932,bearish
2026-07-07,1,2026-07-06,2026-07-07,136.45,138.55,2.1000000000000227,105.00000000000114,bearish,208.00000000000227,bearish
2026-07-08,1,2026-07-07,2026-07-08,141.7,143.43,1.7300000000000182,86.50000000000091,bearish,171.00000000000182,bearish
2026-07-09,1,2026-07-08,2026-07-09,141.14,139.65,-1.4899999999999807,-74.49999999999903,bearish,-150.99999999999807,bearish
2026-07-10,1,2026-07-09,2026-07-10,137.47,137.89000000000001,0.4200000000000159,21.000000000000796,bearish,40.00000000000159,bearish
2026-07-13,1,2026-07-10,2026-07-13,138.89,140.73000000000002,1.8400000000000318,92.00000000000159,bearish,182.00000000000318,bearish
2026-07-14,1,2026-07-13,2026-07-14,144.51999999999998,145.5,0.9800000000000182,49.00000000000091,bearish,96.00000000000182,bearish
2026-07-15,1,2026-07-14,2026-07-15,145.1,145.08,-0.01999999999998181,-0.9999999999990905,bearish,-3.999999999998181,bearish
2026-07-16,1,2026-07-15,2026-07-16,144.51999999999998,145.27,0.7500000000000284,37.50000000000142,bearish,73.00000000000284,bearish
2026-07-17,1,2026-07-16,2026-07-17,145.95999999999998,149.02,3.0600000000000307,153.00000000000153,bearish,304.00000000000307,bearish
2026-07-20,1,2026-07-17,2026-07-20,147.37,146.49,-0.8799999999999955,-43.99999999999977,bearish,-89.99999999999955,bearish
2026-07-21,1,2026-07-20,2026-07-21,148.37,149.0,0.6299999999999955,31.499999999999773,bearish,60.999999999999545,bearish
2026-07-22,1,2026-07-21,2026-07-22,151.72,153.85000000000002,2.130000000000024,106.5000000000012,bearish,211.0000000000024,bearish
