datetime,open,high,low,close,volume
2016-09-27 00:00:00+0000,126.86,126.9,126.34,126.62,4434684.0
2016-09-28 00:00:00+0000,126.25,126.4,125.73,126.22,5887909.0
2016-09-29 00:00:00+0000,125.84,126.34,125.54,126.07,5579464.0
2016-09-30 00:00:00+0000,126.52,126.55,125.23,125.64,7763039.0
2016-10-03 00:00:00+0000,125.32,125.46,124.9,125.32,7088990.0
2016-10-04 00:00:00+0000,123.17,123.18,120.86,120.97,19242352.0
2016-10-05 00:00:00+0000,121.33,121.59,120.4,120.78,11343297.0
2016-10-06 00:00:00+0000,119.69,119.98,119.24,119.66,11459227.0
2016-10-07 00:00:00+0000,120.49,120.58,118.42,119.74,14243923.0
2016-10-10 00:00:00+0000,120.16,120.42,119.92,120.16,3547715.0
2016-10-11 00:00:00+0000,119.92,120.16,119.53,119.55,4372434.0
2016-10-12 00:00:00+0000,119.72,120.07,119.28,119.74,3977241.0
2016-10-13 00:00:00+0000,120.0,120.42,119.8,120.03,5643314.0
2016-10-14 00:00:00+0000,119.37,120.16,119.29,119.36,5269706.0
2016-10-17 00:00:00+0000,119.7,119.92,119.58,119.68,2611140.0
2016-10-18 00:00:00+0000,120.08,120.64,119.82,120.42,3947020.0
2016-10-19 00:00:00+0000,121.13,121.46,120.89,121.11,4233250.0
2016-10-20 00:00:00+0000,121.39,121.59,120.63,120.74,4882635.0
2016-10-21 00:00:00+0000,120.9,120.93,120.55,120.83,5632276.0
2016-10-24 00:00:00+0000,121.28,121.3,120.16,120.56,4094903.0
2016-10-25 00:00:00+0000,120.89,121.76,120.85,121.47,4745970.0
2016-10-26 00:00:00+0000,121.37,121.53,120.61,120.79,3087207.0
2016-10-27 00:00:00+0000,121.11,121.18,120.75,121.01,2941979.0
2016-10-28 00:00:00+0000,121.2,122.48,120.81,121.58,9833443.0
2016-10-31 00:00:00+0000,121.51,122.0,121.23,121.94,4722672.0
2016-11-01 00:00:00+0000,122.8,123.21,122.57,122.73,10878732.0
2016-11-02 00:00:00+0000,123.76,124.76,123.56,123.64,12444954.0
2016-11-03 00:00:00+0000,123.36,124.33,123.35,124.3,7425187.0
2016-11-04 00:00:00+0000,124.4,124.54,124.04,124.39,6043377.0
2016-11-07 00:00:00+0000,122.65,122.71,121.88,122.15,6697881.0
2016-11-08 00:00:00+0000,122.14,123.09,121.36,121.64,7909105.0
2016-11-09 00:00:00+0000,124.3,124.35,121.1,121.56,15674731.0
2016-11-10 00:00:00+0000,121.52,121.54,119.38,119.75,18224508.0
2016-11-11 00:00:00+0000,119.65,119.69,116.23,117.1,18182885.0
2016-11-14 00:00:00+0000,116.12,117.14,115.49,116.11,17221417.0
2016-11-15 00:00:00+0000,116.46,117.24,116.29,117.12,7226136.0
2016-11-16 00:00:00+0000,117.27,117.27,116.58,116.77,4536435.0
2016-11-17 00:00:00+0000,116.91,117.22,115.44,116.17,8891774.0
2016-11-18 00:00:00+0000,115.52,115.77,114.96,115.15,8028228.0
2016-11-21 00:00:00+0000,115.74,115.94,115.29,115.58,5953123.0
2016-11-22 00:00:00+0000,115.72,115.79,114.98,115.54,4101315.0
2016-11-23 00:00:00+0000,113.87,113.88,112.65,113.25,17198348.0
2016-11-25 00:00:00+0000,113.42,113.51,112.35,112.61,4449117.0
2016-11-28 00:00:00+0000,113.23,113.84,112.77,113.8,4955519.0
2016-11-29 00:00:00+0000,112.76,113.48,112.69,113.27,3723107.0
2016-11-30 00:00:00+0000,112.69,112.79,111.5,111.75,8958602.0
2016-12-01 00:00:00+0000,111.11,111.99,110.63,111.54,8015325.0
2016-12-02 00:00:00+0000,111.89,112.32,111.78,112.14,5202485.0
2016-12-05 00:00:00+0000,111.16,112.11,110.31,111.54,8437933.0
2016-12-06 00:00:00+0000,111.69,112.03,111.19,111.43,4710163.0
2016-12-07 00:00:00+0000,112.13,112.5,111.77,111.83,3935425.0
2016-12-08 00:00:00+0000,111.72,111.88,111.46,111.57,4519787.0
2016-12-09 00:00:00+0000,111.18,111.25,110.19,110.4,9113998.0
2016-12-12 00:00:00+0000,110.59,111.11,110.26,110.82,5161105.0
2016-12-13 00:00:00+0000,110.57,110.79,110.06,110.45,6492925.0
2016-12-14 00:00:00+0000,110.95,110.98,108.52,108.83,11558165.0
2016-12-15 00:00:00+0000,107.85,107.99,107.0,107.34,11383237.0
2016-12-16 00:00:00+0000,107.95,108.78,107.47,108.05,8387962.0
2016-12-19 00:00:00+0000,108.6,108.88,108.34,108.59,4279300.0
2016-12-20 00:00:00+0000,107.47,108.0,107.29,107.79,4515806.0
2016-12-21 00:00:00+0000,108.25,108.32,107.68,107.85,3155390.0
2016-12-22 00:00:00+0000,107.68,108.1,107.49,107.59,4281842.0
2016-12-23 00:00:00+0000,107.84,108.25,107.8,107.93,2962187.0
2016-12-27 00:00:00+0000,108.61,108.67,108.24,108.56,2853798.0
2016-12-28 00:00:00+0000,108.4,108.91,108.29,108.86,4640615.0
2016-12-29 00:00:00+0000,109.23,110.53,109.16,110.29,6354554.0
2016-12-30 00:00:00+0000,110.38,110.62,109.53,109.61,7031550.0
2017-01-03 00:00:00+0000,109.62,111.0,109.37,110.47,6045804.0
2017-01-04 00:00:00+0000,111.06,111.22,110.61,110.86,4338351.0
2017-01-05 00:00:00+0000,112.16,112.94,112.07,112.58,6999585.0
2017-01-06 00:00:00+0000,111.81,112.38,111.57,111.75,5692465.0
2017-01-09 00:00:00+0000,112.39,113.04,112.18,112.67,4269994.0
2017-01-10 00:00:00+0000,112.94,113.45,112.63,113.15,5455044.0
2017-01-11 00:00:00+0000,112.88,114.19,112.17,113.5,8974723.0
2017-01-12 00:00:00+0000,114.52,114.93,113.8,113.91,7612516.0
2017-01-13 00:00:00+0000,113.65,114.31,113.19,114.21,5719309.0
2017-01-17 00:00:00+0000,115.89,115.96,115.49,115.85,6249823.0
2017-01-18 00:00:00+0000,115.74,115.92,114.56,114.87,5218781.0
2017-01-19 00:00:00+0000,114.32,114.96,113.93,114.77,4595345.0
2017-01-20 00:00:00+0000,114.65,115.76,114.32,115.05,9525244.0
2017-01-23 00:00:00+0000,115.51,116.17,115.2,115.79,4889131.0
2017-01-24 00:00:00+0000,115.69,116.02,114.94,115.27,5061480.0
2017-01-25 00:00:00+0000,114.14,114.44,113.68,114.32,5151563.0
2017-01-26 00:00:00+0000,113.23,113.51,112.83,113.26,4381798.0
2017-01-27 00:00:00+0000,112.93,113.55,112.81,113.49,5082794.0
2017-01-30 00:00:00+0000,113.61,114.3,113.53,113.97,6076128.0
2017-01-31 00:00:00+0000,115.28,115.82,115.18,115.55,8258244.0
2017-02-01 00:00:00+0000,114.66,115.45,114.14,115.2,5909916.0
2017-02-02 00:00:00+0000,116.26,116.57,115.62,115.84,5550429.0
2017-02-03 00:00:00+0000,115.73,116.37,115.71,116.13,7028203.0
2017-02-06 00:00:00+0000,117.07,117.74,116.74,117.7,7437722.0
2017-02-07 00:00:00+0000,117.31,117.74,117.2,117.46,7883615.0
2017-02-08 00:00:00+0000,118.09,118.59,117.81,118.19,8001838.0
2017-02-09 00:00:00+0000,118.32,118.58,117.2,117.29,7416202.0
2017-02-10 00:00:00+0000,116.68,117.86,116.67,117.6,7198752.0
2017-02-13 00:00:00+0000,116.73,116.95,116.15,116.8,5895751.0
2017-02-14 00:00:00+0000,117.52,117.56,116.38,116.93,5928560.0
2017-02-15 00:00:00+0000,116.33,117.48,116.24,117.45,5351377.0
2017-02-16 00:00:00+0000,117.93,118.35,117.83,118.08,5297869.0
2017-02-17 00:00:00+0000,118.19,118.4,117.62,117.68,6226930.0
2017-02-21 00:00:00+0000,117.04,118.0,116.77,117.75,4580274.0
2017-02-22 00:00:00+0000,117.86,118.02,117.24,117.91,5306156.0
2017-02-23 00:00:00+0000,118.76,119.16,118.67,118.94,6141210.0
2017-02-24 00:00:00+0000,119.74,119.88,119.25,119.7,7764475.0
2017-02-27 00:00:00+0000,119.73,120.4,119.12,119.12,7977480.0
2017-02-28 00:00:00+0000,119.71,119.84,118.82,119.23,6512633.0
2017-03-01 00:00:00+0000,117.98,119.12,117.95,119.06,7178459.0
2017-03-02 00:00:00+0000,117.77,118.34,117.22,117.58,8473686.0
2017-03-03 00:00:00+0000,116.95,117.73,116.44,117.51,9414096.0
2017-03-06 00:00:00+0000,117.35,117.35,116.63,116.72,3872091.0
2017-03-07 00:00:00+0000,116.13,116.25,115.61,115.78,5122563.0
2017-03-08 00:00:00+0000,114.99,115.36,114.94,115.06,5381065.0
2017-03-09 00:00:00+0000,114.78,115.03,114.4,114.47,5270432.0
2017-03-10 00:00:00+0000,114.45,114.73,114.13,114.72,5275705.0
2017-03-13 00:00:00+0000,114.63,114.91,114.5,114.74,5037652.0
2017-03-14 00:00:00+0000,114.54,115.01,114.02,114.12,4591371.0
2017-03-15 00:00:00+0000,114.29,116.25,114.02,116.25,11148032.0
2017-03-16 00:00:00+0000,117.27,117.29,116.69,116.73,6525192.0
2017-03-17 00:00:00+0000,117.04,117.27,116.91,116.99,3554843.0
2017-03-20 00:00:00+0000,117.31,117.6,117.2,117.51,3435814.0
2017-03-21 00:00:00+0000,117.77,118.8,117.76,118.54,8446129.0
2017-03-22 00:00:00+0000,118.87,119.15,118.68,118.83,6135370.0
2017-03-23 00:00:00+0000,119.15,119.25,118.32,118.67,4966589.0
2017-03-24 00:00:00+0000,118.5,119.21,118.39,118.86,5115228.0
2017-03-27 00:00:00+0000,119.93,120.08,119.27,119.53,6440759.0
2017-03-28 00:00:00+0000,119.74,119.83,118.78,119.04,5891886.0
2017-03-29 00:00:00+0000,119.22,119.45,119.04,119.33,3310175.0
2017-03-30 00:00:00+0000,118.77,119.12,118.32,118.47,5207412.0
2017-03-31 00:00:00+0000,118.61,119.08,118.46,118.72,5776454.0
2017-04-03 00:00:00+0000,118.69,119.37,118.67,119.35,5256044.0
2017-04-04 00:00:00+0000,119.59,119.77,119.38,119.62,3313027.0
2017-04-05 00:00:00+0000,118.62,119.63,118.4,119.62,6834291.0
2017-04-06 00:00:00+0000,119.22,119.42,118.97,119.18,3764603.0
2017-04-07 00:00:00+0000,120.3,120.67,119.14,119.46,10737506.0
2017-04-10 00:00:00+0000,119.02,119.69,118.85,119.46,4028974.0
2017-04-11 00:00:00+0000,120.33,121.4,120.29,121.19,10728615.0
2017-04-12 00:00:00+0000,121.38,122.22,121.14,122.02,8263753.0
2017-04-13 00:00:00+0000,122.54,122.65,122.03,122.6,7603549.0
2017-04-17 00:00:00+0000,122.55,123.07,121.99,122.24,6805842.0
2017-04-18 00:00:00+0000,122.43,123.03,121.73,122.82,9534367.0
2017-04-19 00:00:00+0000,122.27,122.27,110.03,121.73,6558277.0
2017-04-20 00:00:00+0000,121.82,122.17,121.5,121.96,8742713.0
2017-04-21 00:00:00+0000,122.14,122.61,121.73,122.31,12001418.0
2017-04-24 00:00:00+0000,120.77,121.51,120.66,121.48,9029877.0
2017-04-25 00:00:00+0000,120.53,120.87,120.05,120.25,8740346.0
2017-04-26 00:00:00+0000,120.23,120.96,119.87,120.84,7176831.0
2017-04-27 00:00:00+0000,120.42,120.6,119.97,120.39,6718966.0
2017-04-28 00:00:00+0000,120.34,120.77,120.27,120.77,6102911.0
2017-05-01 00:00:00+0000,120.21,120.75,119.35,119.67,7862325.0
2017-05-02 00:00:00+0000,119.3,119.65,119.24,119.65,4198165.0
2017-05-03 00:00:00+0000,119.18,119.34,117.92,117.98,8783328.0
2017-05-04 00:00:00+0000,116.81,117.28,116.63,116.79,10322577.0
2017-05-05 00:00:00+0000,116.86,117.07,116.68,117.01,5074181.0
2017-05-08 00:00:00+0000,117.03,117.14,116.68,116.75,3052377.0
2017-05-09 00:00:00+0000,116.18,116.24,115.56,116.05,5619278.0
2017-05-10 00:00:00+0000,116.42,116.5,115.86,116.04,3094475.0
2017-05-11 00:00:00+0000,116.21,116.85,116.18,116.5,5065346.0
2017-05-12 00:00:00+0000,117.07,117.16,116.73,116.83,4025878.0
2017-05-15 00:00:00+0000,117.52,117.54,116.99,117.14,3446663.0
2017-05-16 00:00:00+0000,117.45,117.91,117.4,117.65,3549305.0
2017-05-17 00:00:00+0000,119.36,120.02,119.27,119.79,12177364.0
2017-05-18 00:00:00+0000,119.77,119.84,118.56,118.81,8196225.0
2017-05-19 00:00:00+0000,119.39,119.55,118.88,119.4,5628697.0
2017-05-22 00:00:00+0000,119.63,120.14,119.58,119.9,3981207.0
2017-05-23 00:00:00+0000,120.13,120.19,118.98,119.14,5991412.0
2017-05-24 00:00:00+0000,119.07,119.75,118.91,119.61,5678249.0
2017-05-25 00:00:00+0000,119.52,119.7,119.29,119.48,3103635.0
2017-05-26 00:00:00+0000,120.49,120.79,120.33,120.54,5243979.0
2017-05-30 00:00:00+0000,120.24,120.33,119.95,120.14,3540323.0
2017-05-31 00:00:00+0000,120.31,121.23,120.26,120.62,7322702.0
2017-06-01 00:00:00+0000,120.17,120.74,120.06,120.72,5776330.0
2017-06-02 00:00:00+0000,121.31,121.71,121.19,121.61,5556753.0
2017-06-05 00:00:00+0000,121.91,121.94,121.58,121.73,2902974.0
2017-06-06 00:00:00+0000,123.09,123.31,122.77,123.1,7797844.0
2017-06-07 00:00:00+0000,122.79,123.16,122.01,122.45,6719006.0
2017-06-08 00:00:00+0000,122.07,122.07,120.95,121.65,6733460.0
2017-06-09 00:00:00+0000,120.45,120.91,120.4,120.54,6082181.0
2017-06-12 00:00:00+0000,120.33,120.69,120.26,120.36,4168566.0
2017-06-13 00:00:00+0000,119.95,120.71,119.92,120.48,3174284.0
2017-06-14 00:00:00+0000,121.52,121.88,119.57,119.82,16762601.0
2017-06-15 00:00:00+0000,119.22,119.5,119.12,119.32,5424634.0
2017-06-16 00:00:00+0000,119.35,119.5,119.24,119.34,3540643.0
2017-06-19 00:00:00+0000,118.74,118.84,118.33,118.43,5439256.0
2017-06-20 00:00:00+0000,118.42,118.46,118.07,118.18,3418826.0
2017-06-21 00:00:00+0000,118.15,118.66,118.15,118.52,3534785.0
2017-06-22 00:00:00+0000,119.13,119.2,118.6,118.92,5045674.0
2017-06-23 00:00:00+0000,119.65,119.66,119.31,119.43,6557565.0
2017-06-26 00:00:00+0000,118.29,118.54,118.17,118.36,5093022.0
2017-06-27 00:00:00+0000,118.87,119.05,118.48,118.81,4165362.0
2017-06-28 00:00:00+0000,119.06,119.06,118.68,118.9,3209436.0
2017-06-29 00:00:00+0000,117.97,118.64,117.91,118.32,6396279.0
2017-06-30 00:00:00+0000,118.08,118.41,117.95,118.02,6001864.0
2017-07-03 00:00:00+0000,116.54,116.85,115.94,116.09,10276775.0
2017-07-05 00:00:00+0000,115.91,116.67,115.87,116.52,5597880.0
2017-07-06 00:00:00+0000,116.58,116.61,116.24,116.47,3636183.0
2017-07-07 00:00:00+0000,115.78,115.79,114.8,115.28,9410562.0
2017-07-10 00:00:00+0000,115.02,115.57,114.83,115.47,3970082.0
2017-07-11 00:00:00+0000,115.26,115.77,114.88,115.62,4087140.0
2017-07-12 00:00:00+0000,116.21,116.33,115.87,116.03,3579228.0
2017-07-13 00:00:00+0000,116.04,116.04,115.67,115.82,3690428.0
2017-07-14 00:00:00+0000,117.04,117.25,116.64,116.77,4059728.0
2017-07-17 00:00:00+0000,117.42,117.53,117.23,117.29,4097588.0
2017-07-18 00:00:00+0000,117.99,118.33,117.88,118.11,5884131.0
2017-07-19 00:00:00+0000,118.18,118.27,117.83,118.08,2450024.0
2017-07-20 00:00:00+0000,117.92,118.62,117.66,118.24,4780044.0
2017-07-21 00:00:00+0000,119.0,119.39,118.75,119.26,8041049.0
2017-07-24 00:00:00+0000,119.52,119.58,119.18,119.31,3018181.0
2017-07-25 00:00:00+0000,118.99,119.32,118.79,118.92,4606111.0
2017-07-26 00:00:00+0000,118.57,120.15,118.55,119.88,6746055.0
2017-07-27 00:00:00+0000,120.1,120.14,119.28,119.79,5207059.0
2017-07-28 00:00:00+0000,120.15,120.86,120.14,120.69,5868335.0
2017-07-31 00:00:00+0000,120.5,120.81,120.45,120.75,3145984.0
2017-08-01 00:00:00+0000,120.44,121.14,120.44,120.65,5512027.0
2017-08-02 00:00:00+0000,120.51,121.02,120.34,120.4,4736232.0
2017-08-03 00:00:00+0000,120.31,120.83,120.31,120.59,3303394.0
2017-08-04 00:00:00+0000,119.97,120.04,119.22,119.65,6234356.0
2017-08-07 00:00:00+0000,119.44,119.79,119.43,119.51,2273486.0
2017-08-08 00:00:00+0000,120.02,120.12,118.97,119.86,5882185.0
2017-08-09 00:00:00+0000,121.02,121.55,120.76,121.31,7333161.0
2017-08-10 00:00:00+0000,122.08,122.44,122.03,122.21,7671062.0
2017-08-11 00:00:00+0000,122.24,122.83,122.03,122.79,6246731.0
2017-08-14 00:00:00+0000,121.98,122.24,121.68,121.92,4064182.0
2017-08-15 00:00:00+0000,120.6,121.23,120.58,120.98,4934339.0
2017-08-16 00:00:00+0000,120.67,122.06,120.66,121.87,6496802.0
2017-08-17 00:00:00+0000,122.29,122.61,121.76,122.49,6353839.0
2017-08-18 00:00:00+0000,123.36,123.54,122.0,122.3,11459863.0
2017-08-21 00:00:00+0000,122.54,122.99,122.5,122.76,4573636.0
2017-08-22 00:00:00+0000,122.56,122.56,121.85,122.21,4272396.0
2017-08-23 00:00:00+0000,122.58,122.69,122.31,122.67,2858610.0
2017-08-24 00:00:00+0000,122.39,122.64,122.13,122.29,2914787.0
2017-08-25 00:00:00+0000,122.77,123.02,121.29,122.74,11195914.0
2017-08-28 00:00:00+0000,123.33,124.73,123.33,124.69,8803954.0
2017-08-29 00:00:00+0000,125.81,125.87,124.05,124.42,8497103.0
2017-08-30 00:00:00+0000,124.33,124.62,124.16,124.36,4973886.0
2017-08-31 00:00:00+0000,124.58,125.84,124.55,125.82,9150690.0
2017-09-01 00:00:00+0000,126.01,126.17,125.12,126.06,8334772.0
2017-09-05 00:00:00+0000,126.65,127.78,126.57,127.46,8791531.0
2017-09-06 00:00:00+0000,127.34,127.44,126.55,126.81,6830098.0
2017-09-07 00:00:00+0000,127.57,128.32,127.39,128.13,7333174.0
2017-09-08 00:00:00+0000,128.2,128.3,127.59,127.97,6038077.0
2017-09-11 00:00:00+0000,126.74,126.94,126.04,126.19,6213480.0
2017-09-12 00:00:00+0000,126.03,126.59,125.94,126.56,5560507.0
2017-09-13 00:00:00+0000,126.4,126.45,125.5,125.61,5632815.0
2017-09-14 00:00:00+0000,125.66,126.44,125.62,126.16,3755010.0
2017-09-15 00:00:00+0000,125.99,125.99,125.41,125.53,5466826.0
2017-09-18 00:00:00+0000,124.71,124.76,123.96,124.36,6860826.0
2017-09-19 00:00:00+0000,124.49,124.65,124.03,124.62,4122406.0
2017-09-20 00:00:00+0000,124.68,125.06,123.15,123.62,9968461.0
2017-09-21 00:00:00+0000,122.57,123.07,122.49,122.68,6736095.0
2017-09-22 00:00:00+0000,123.03,123.39,122.93,123.24,4659706.0
2017-09-25 00:00:00+0000,122.78,124.66,122.71,124.53,8968552.0
2017-09-26 00:00:00+0000,123.57,123.81,122.9,123.14,6831368.0
2017-09-27 00:00:00+0000,122.04,122.51,121.88,121.98,5583035.0
2017-09-28 00:00:00+0000,122.04,122.48,121.83,122.21,4713866.0
2017-09-29 00:00:00+0000,122.29,122.3,121.55,121.58,6713664.0
2017-10-02 00:00:00+0000,121.17,121.34,120.74,120.77,8597885.0
2017-10-03 00:00:00+0000,120.72,121.1,120.7,120.83,2870112.0
2017-10-04 00:00:00+0000,121.21,121.27,120.71,121.17,5186078.0
2017-10-05 00:00:00+0000,121.15,121.24,120.39,120.52,4978581.0
2017-10-06 00:00:00+0000,120.26,121.21,119.78,121.09,7703176.0
2017-10-09 00:00:00+0000,121.64,122.11,121.55,122.08,3838532.0
2017-10-10 00:00:00+0000,122.61,122.97,122.36,122.4,5828730.0
2017-10-11 00:00:00+0000,122.57,122.88,122.03,122.79,4731225.0
2017-10-12 00:00:00+0000,122.84,123.04,122.5,122.89,2558492.0
2017-10-13 00:00:00+0000,123.66,123.86,123.34,123.82,5323668.0
2017-10-16 00:00:00+0000,123.82,123.97,122.57,122.97,6969341.0
2017-10-17 00:00:00+0000,122.02,122.32,121.73,122.13,5293476.0
2017-10-18 00:00:00+0000,121.71,121.94,121.55,121.67,3003966.0
2017-10-19 00:00:00+0000,122.2,122.55,122.11,122.39,4433616.0
2017-10-20 00:00:00+0000,121.68,121.98,121.39,121.61,5808102.0
2017-10-23 00:00:00+0000,120.98,121.9,120.96,121.8,4305109.0
2017-10-24 00:00:00+0000,121.26,121.71,120.98,121.33,4060046.0
2017-10-25 00:00:00+0000,121.31,121.59,120.84,121.35,3536792.0
2017-10-26 00:00:00+0000,121.16,121.16,120.22,120.33,5119501.0
2017-10-27 00:00:00+0000,120.38,120.99,120.21,120.9,5069149.0
2017-10-30 00:00:00+0000,120.93,121.47,120.8,121.13,3841136.0
2017-10-31 00:00:00+0000,120.82,120.84,120.38,120.67,2838187.0
2017-11-01 00:00:00+0000,120.98,121.55,120.83,121.11,3789409.0
2017-11-02 00:00:00+0000,121.29,121.96,121.05,121.19,4476770.0
2017-11-03 00:00:00+0000,121.36,121.43,120.18,120.62,4545274.0
2017-11-06 00:00:00+0000,120.72,121.85,120.68,121.65,5425015.0
2017-11-07 00:00:00+0000,121.51,121.56,120.78,121.21,3592529.0
2017-11-08 00:00:00+0000,121.94,122.25,121.59,121.63,4575056.0
2017-11-09 00:00:00+0000,121.85,122.41,121.73,122.13,4822491.0
2017-11-10 00:00:00+0000,121.99,122.11,120.93,121.13,6079697.0
2017-11-13 00:00:00+0000,121.43,121.55,121.27,121.31,4735321.0
2017-11-14 00:00:00+0000,120.9,121.91,120.77,121.56,5101202.0
2017-11-15 00:00:00+0000,122.13,122.36,121.25,121.41,3744218.0
2017-11-16 00:00:00+0000,121.45,121.71,121.29,121.4,2219847.0
2017-11-17 00:00:00+0000,122.17,123.17,121.95,122.86,8455905.0
2017-11-20 00:00:00+0000,122.3,122.41,121.04,121.31,6417660.0
2017-11-21 00:00:00+0000,121.67,122.0,121.5,121.51,3539403.0
2017-11-22 00:00:00+0000,122.26,122.95,122.17,122.63,4139780.0
2017-11-24 00:00:00+0000,122.36,122.61,122.22,122.32,1241329.0
2017-11-27 00:00:00+0000,123.26,123.33,122.67,122.83,4070823.0
2017-11-28 00:00:00+0000,123.05,123.17,122.53,122.81,5044758.0
2017-11-29 00:00:00+0000,122.24,122.33,121.74,122.04,4910114.0
2017-11-30 00:00:00+0000,121.44,121.7,120.64,121.1,6607150.0
2017-12-01 00:00:00+0000,120.94,122.43,120.74,121.59,11764867.0
2017-12-04 00:00:00+0000,121.15,121.2,120.84,121.18,4745088.0
2017-12-05 00:00:00+0000,120.44,120.51,119.72,120.32,7642020.0
2017-12-06 00:00:00+0000,120.03,120.44,119.87,120.07,3929836.0
2017-12-07 00:00:00+0000,119.01,119.24,118.1,118.49,9539941.0
2017-12-08 00:00:00+0000,118.63,118.92,118.33,118.48,4375401.0
2017-12-11 00:00:00+0000,118.37,118.54,117.8,118.01,3865627.0
2017-12-12 00:00:00+0000,117.73,118.17,117.4,118.15,5690336.0
2017-12-13 00:00:00+0000,118.19,119.35,118.01,119.17,8339401.0
2017-12-14 00:00:00+0000,119.1,119.29,118.7,118.93,4710821.0
2017-12-15 00:00:00+0000,119.41,119.5,118.97,119.18,5741053.0
2017-12-18 00:00:00+0000,119.63,119.99,119.6,119.73,4185369.0
2017-12-19 00:00:00+0000,119.67,119.9,119.53,119.82,3284274.0
2017-12-20 00:00:00+0000,119.98,120.36,119.81,120.14,4196774.0
2017-12-21 00:00:00+0000,120.07,120.45,120.0,120.31,3727567.0
2017-12-22 00:00:00+0000,120.67,121.14,120.57,120.94,4640043.0
2017-12-26 00:00:00+0000,121.55,121.87,121.51,121.77,6062422.0
2017-12-27 00:00:00+0000,122.0,122.34,121.87,122.23,4339360.0
2017-12-28 00:00:00+0000,122.82,122.92,122.56,122.85,4187044.0
2017-12-29 00:00:00+0000,123.7,124.09,123.46,123.65,6160024.0
2018-01-02 00:00:00+0000,124.66,125.18,124.39,125.15,8614576.0
2018-01-03 00:00:00+0000,125.05,125.09,124.1,124.82,6560215.0
2018-01-04 00:00:00+0000,124.89,125.85,124.74,125.46,5821940.0
2018-01-05 00:00:00+0000,124.93,125.48,124.83,125.33,4581544.0
2018-01-08 00:00:00+0000,125.2,125.32,124.9,125.31,2744331.0
2018-01-09 00:00:00+0000,124.49,124.86,124.23,124.73,6955358.0
2018-01-10 00:00:00+0000,125.17,125.31,124.72,125.03,9010032.0
2018-01-11 00:00:00+0000,125.37,125.66,125.25,125.44,4251544.0
2018-01-12 00:00:00+0000,126.01,127.13,125.81,126.96,7478600.0
2018-01-16 00:00:00+0000,126.6,127.18,126.4,127.17,6613546.0
2018-01-17 00:00:00+0000,126.77,127.22,125.9,126.14,8772708.0
2018-01-18 00:00:00+0000,126.13,126.52,125.8,125.86,5280476.0
2018-01-19 00:00:00+0000,126.57,126.73,126.41,126.42,5304133.0
2018-01-22 00:00:00+0000,126.51,126.75,126.28,126.65,4157674.0
2018-01-23 00:00:00+0000,126.53,127.35,126.34,127.28,4885368.0
2018-01-24 00:00:00+0000,128.39,129.27,128.23,128.83,9244142.0
2018-01-25 00:00:00+0000,128.69,129.52,127.36,127.97,12146466.0
2018-01-26 00:00:00+0000,128.24,128.52,127.97,128.07,6885786.0
2018-01-29 00:00:00+0000,127.58,127.63,126.91,127.35,5376103.0
2018-01-30 00:00:00+0000,127.91,127.92,126.74,126.8,8074129.0
2018-01-31 00:00:00+0000,127.45,127.85,126.4,127.65,10975524.0
2018-02-01 00:00:00+0000,127.18,128.15,127.08,128.07,7067085.0
2018-02-02 00:00:00+0000,126.81,126.85,125.95,126.39,11054194.0
2018-02-05 00:00:00+0000,126.82,127.31,126.44,126.71,9951984.0
2018-02-06 00:00:00+0000,126.54,126.55,125.22,125.38,14842732.0
2018-02-07 00:00:00+0000,125.48,125.77,124.41,124.79,6642384.0
2018-02-08 00:00:00+0000,124.92,125.44,124.51,124.98,6114300.0
2018-02-09 00:00:00+0000,124.65,125.14,124.39,124.77,8307648.0
2018-02-12 00:00:00+0000,125.19,125.82,125.11,125.37,5026995.0
2018-02-13 00:00:00+0000,125.67,126.18,125.52,126.08,4444530.0
2018-02-14 00:00:00+0000,126.47,128.59,126.29,128.23,12553325.0
2018-02-15 00:00:00+0000,128.43,128.57,127.94,128.38,6307413.0
2018-02-16 00:00:00+0000,128.3,128.7,127.56,127.96,6371675.0
2018-02-20 00:00:00+0000,127.29,127.4,126.04,126.24,7722826.0
2018-02-21 00:00:00+0000,126.36,126.76,125.44,125.66,6762584.0
2018-02-22 00:00:00+0000,125.92,126.37,125.88,126.3,3243487.0
2018-02-23 00:00:00+0000,126.06,126.3,125.85,126.14,2701623.0
2018-02-26 00:00:00+0000,126.45,126.62,126.18,126.45,2713215.0
2018-02-27 00:00:00+0000,126.06,126.15,124.59,125.13,5638844.0
2018-02-28 00:00:00+0000,125.09,125.46,124.81,125.0,3210330.0
2018-03-01 00:00:00+0000,124.29,125.31,123.57,124.72,11846280.0
2018-03-02 00:00:00+0000,125.67,125.69,124.97,125.39,5637055.0
2018-03-05 00:00:00+0000,125.35,125.48,124.96,125.18,3001081.0
2018-03-06 00:00:00+0000,126.2,126.96,126.13,126.53,5793415.0
2018-03-07 00:00:00+0000,126.22,126.29,125.42,125.72,4339820.0
2018-03-08 00:00:00+0000,125.69,125.7,125.12,125.42,2932382.0
2018-03-09 00:00:00+0000,124.94,125.69,124.78,125.54,3938443.0
2018-03-12 00:00:00+0000,125.04,125.57,124.84,125.54,1837709.0
2018-03-13 00:00:00+0000,125.67,125.99,125.05,125.78,3690576.0
2018-03-14 00:00:00+0000,125.49,125.76,125.34,125.7,2486635.0
2018-03-15 00:00:00+0000,125.12,125.21,124.72,124.9,4151512.0
2018-03-16 00:00:00+0000,124.84,124.87,124.21,124.6,4386884.0
2018-03-19 00:00:00+0000,124.57,125.16,124.42,124.87,3884605.0
2018-03-20 00:00:00+0000,124.41,124.55,123.96,124.31,2738952.0
2018-03-21 00:00:00+0000,125.4,126.76,125.03,126.48,10922387.0
2018-03-22 00:00:00+0000,126.09,126.34,125.64,125.98,3992042.0
2018-03-23 00:00:00+0000,127.82,128.06,127.4,127.61,9125301.0
2018-03-26 00:00:00+0000,128.05,128.58,128.01,128.28,5007568.0
2018-03-27 00:00:00+0000,127.23,127.62,127.05,127.49,4497873.0
2018-03-28 00:00:00+0000,126.48,126.61,125.51,125.73,6663535.0
2018-03-29 00:00:00+0000,125.42,125.81,125.31,125.79,4052947.0
2018-04-02 00:00:00+0000,126.65,127.54,126.37,127.26,9206465.0
2018-04-03 00:00:00+0000,126.52,126.59,126.01,126.3,4662605.0
2018-04-04 00:00:00+0000,127.5,127.53,126.32,126.45,3632070.0
2018-04-05 00:00:00+0000,125.45,126.09,125.42,125.8,3803235.0
2018-04-06 00:00:00+0000,126.57,126.6,126.12,126.39,4797688.0
2018-04-09 00:00:00+0000,126.45,126.86,126.23,126.82,3084953.0
2018-04-10 00:00:00+0000,127.02,127.31,126.67,127.12,4530638.0
2018-04-11 00:00:00+0000,128.09,129.47,127.78,128.11,10068898.0
2018-04-12 00:00:00+0000,127.25,127.34,126.47,126.62,6259407.0
2018-04-13 00:00:00+0000,127.07,127.75,127.03,127.45,5426957.0
2018-04-16 00:00:00+0000,127.74,128.05,127.57,127.63,3042078.0
2018-04-17 00:00:00+0000,127.02,127.78,127.0,127.75,2713023.0
2018-04-18 00:00:00+0000,128.32,128.54,127.75,127.85,4618214.0
2018-04-19 00:00:00+0000,127.81,127.89,127.13,127.6,6746511.0
2018-04-20 00:00:00+0000,126.69,126.97,126.55,126.63,6234392.0
2018-04-23 00:00:00+0000,125.62,125.76,125.34,125.62,4595946.0
2018-04-24 00:00:00+0000,125.78,126.34,125.67,126.23,3540442.0
2018-04-25 00:00:00+0000,125.23,125.51,125.06,125.41,3466218.0
2018-04-26 00:00:00+0000,125.54,125.57,124.69,124.97,5531125.0
2018-04-27 00:00:00+0000,125.2,125.62,125.17,125.5,4457822.0
2018-04-30 00:00:00+0000,124.41,125.2,124.19,124.59,7324738.0
2018-05-01 00:00:00+0000,123.9,123.99,123.39,123.71,6269306.0
2018-05-02 00:00:00+0000,123.9,124.54,123.58,123.65,6816831.0
2018-05-03 00:00:00+0000,124.66,124.76,124.24,124.28,3794111.0
2018-05-04 00:00:00+0000,124.1,124.65,124.0,124.54,4983411.0
2018-05-07 00:00:00+0000,124.5,124.7,124.3,124.57,2546972.0
2018-05-08 00:00:00+0000,124.14,124.95,123.79,124.59,4912164.0
2018-05-09 00:00:00+0000,124.45,124.87,124.24,124.33,3516921.0
2018-05-10 00:00:00+0000,125.22,125.38,124.75,125.18,3829516.0
2018-05-11 00:00:00+0000,125.57,125.59,124.94,125.0,3171944.0
2018-05-14 00:00:00+0000,125.16,125.21,124.44,124.49,3087431.0
2018-05-15 00:00:00+0000,122.82,122.82,122.13,122.48,8146606.0
2018-05-16 00:00:00+0000,122.38,122.61,122.03,122.29,3747410.0
2018-05-17 00:00:00+0000,122.23,122.43,122.04,122.36,4442694.0
2018-05-18 00:00:00+0000,122.05,122.65,122.01,122.41,4509571.0
2018-05-21 00:00:00+0000,122.16,122.53,121.97,122.48,2946055.0
2018-05-22 00:00:00+0000,122.7,122.74,122.34,122.41,2648678.0
2018-05-23 00:00:00+0000,122.14,122.74,122.11,122.54,5429920.0
2018-05-24 00:00:00+0000,123.1,123.82,123.08,123.59,7015187.0
2018-05-25 00:00:00+0000,123.66,123.7,123.21,123.21,3715079.0
2018-05-29 00:00:00+0000,122.84,123.64,122.66,123.19,6795098.0
2018-05-30 00:00:00+0000,123.17,123.61,123.17,123.37,3138125.0
2018-05-31 00:00:00+0000,123.26,123.78,123.1,123.1,6608897.0
2018-06-01 00:00:00+0000,122.59,123.09,122.44,122.49,5973268.0
2018-06-04 00:00:00+0000,122.85,122.93,122.37,122.37,3168140.0
2018-06-05 00:00:00+0000,122.55,123.23,122.28,122.85,4918397.0
2018-06-06 00:00:00+0000,123.08,123.35,122.63,122.92,3364205.0
2018-06-07 00:00:00+0000,122.96,123.15,122.69,122.86,2486900.0
2018-06-08 00:00:00+0000,123.08,123.12,122.91,123.01,3109952.0
2018-06-11 00:00:00+0000,123.1,123.42,123.01,123.23,2645157.0
2018-06-12 00:00:00+0000,122.95,123.18,122.64,122.82,5134662.0
2018-06-13 00:00:00+0000,122.84,123.34,122.47,123.19,4941148.0
2018-06-14 00:00:00+0000,123.63,123.86,123.32,123.38,5755471.0
2018-06-15 00:00:00+0000,122.18,122.2,120.83,121.34,11409570.0
2018-06-18 00:00:00+0000,121.35,121.44,120.99,121.11,2741033.0
2018-06-19 00:00:00+0000,120.81,121.03,120.58,120.8,3162036.0
2018-06-20 00:00:00+0000,120.79,120.81,120.16,120.26,3254154.0
2018-06-21 00:00:00+0000,119.92,120.32,119.82,120.05,4066998.0
2018-06-22 00:00:00+0000,120.22,120.4,120.1,120.34,2844421.0
2018-06-25 00:00:00+0000,120.0,120.23,119.82,119.89,3889375.0
2018-06-26 00:00:00+0000,119.28,119.59,119.09,119.26,5857719.0
2018-06-27 00:00:00+0000,118.96,119.05,118.48,118.58,4806027.0
2018-06-28 00:00:00+0000,118.59,118.67,118.01,118.22,6457373.0
2018-06-29 00:00:00+0000,118.43,118.94,118.26,118.65,4425904.0
2018-07-02 00:00:00+0000,118.18,118.21,117.4,117.46,8963996.0
2018-07-03 00:00:00+0000,118.4,119.08,118.38,118.65,6259523.0
2018-07-05 00:00:00+0000,118.92,119.33,118.77,119.05,4187380.0
2018-07-06 00:00:00+0000,118.97,119.03,118.73,118.86,2431518.0
2018-07-09 00:00:00+0000,119.65,119.73,119.14,119.15,3353907.0
2018-07-10 00:00:00+0000,118.88,119.0,118.61,118.93,3151350.0
2018-07-11 00:00:00+0000,118.45,118.53,117.62,117.64,5514361.0
2018-07-12 00:00:00+0000,118.0,118.27,117.94,118.13,3328847.0
2018-07-13 00:00:00+0000,117.62,117.75,117.44,117.61,3714546.0
2018-07-16 00:00:00+0000,117.51,117.63,117.28,117.55,3349621.0
2018-07-17 00:00:00+0000,116.72,116.93,116.12,116.28,6980061.0
2018-07-18 00:00:00+0000,116.03,116.35,115.83,116.31,4163590.0
2018-07-19 00:00:00+0000,115.13,116.47,115.12,115.81,11629356.0
2018-07-20 00:00:00+0000,116.4,116.71,116.24,116.56,5890965.0
2018-07-23 00:00:00+0000,116.25,116.31,115.76,116.0,4077492.0
2018-07-24 00:00:00+0000,116.22,116.43,115.91,116.04,3535326.0
2018-07-25 00:00:00+0000,116.79,116.84,116.27,116.68,4626575.0
2018-07-26 00:00:00+0000,116.24,116.51,115.77,115.77,4933768.0
2018-07-27 00:00:00+0000,115.92,116.24,115.77,115.83,4556462.0
2018-07-30 00:00:00+0000,115.8,116.02,115.64,115.65,3107207.0
2018-07-31 00:00:00+0000,115.47,116.35,115.39,115.99,4639321.0
2018-08-01 00:00:00+0000,115.63,115.7,115.12,115.14,7016642.0
2018-08-02 00:00:00+0000,115.17,115.23,114.42,114.52,5356824.0
2018-08-03 00:00:00+0000,115.09,115.53,114.86,114.92,5211306.0
2018-08-06 00:00:00+0000,114.56,114.72,114.31,114.33,4847864.0
2018-08-07 00:00:00+0000,114.85,114.94,114.42,114.59,4224503.0
2018-08-08 00:00:00+0000,114.75,114.95,114.41,114.91,3242506.0
2018-08-09 00:00:00+0000,115.02,115.12,114.69,114.74,3123335.0
2018-08-10 00:00:00+0000,114.81,115.23,114.6,114.69,6144052.0
2018-08-13 00:00:00+0000,113.81,113.81,112.83,112.96,7623717.0
2018-08-14 00:00:00+0000,113.25,113.48,112.84,113.07,6047503.0
2018-08-15 00:00:00+0000,112.17,112.18,111.06,111.19,9550314.0
2018-08-16 00:00:00+0000,111.46,111.88,111.1,111.1,6173016.0
2018-08-17 00:00:00+0000,111.69,112.15,111.38,112.13,6592114.0
2018-08-20 00:00:00+0000,112.38,112.74,112.16,112.69,4375293.0
2018-08-21 00:00:00+0000,112.77,113.1,112.44,113.02,3859967.0
2018-08-22 00:00:00+0000,113.39,113.49,113.07,113.27,5482321.0
2018-08-23 00:00:00+0000,112.68,112.88,112.06,112.2,4674619.0
2018-08-24 00:00:00+0000,113.25,114.42,113.21,114.16,6964586.0
2018-08-27 00:00:00+0000,114.12,114.78,114.12,114.59,3608255.0
2018-08-28 00:00:00+0000,114.76,114.87,113.55,113.68,5074606.0
2018-08-29 00:00:00+0000,114.16,114.21,113.85,114.2,3331811.0
2018-08-30 00:00:00+0000,113.92,113.93,113.24,113.64,4613422.0
2018-08-31 00:00:00+0000,113.72,114.06,113.44,113.51,4188993.0
2018-09-04 00:00:00+0000,112.75,113.07,112.61,112.93,5669955.0
2018-09-05 00:00:00+0000,113.36,113.44,113.12,113.32,3246768.0
2018-09-06 00:00:00+0000,113.89,114.26,113.28,113.54,4228185.0
2018-09-07 00:00:00+0000,113.26,113.6,112.97,113.23,3156407.0
2018-09-10 00:00:00+0000,113.26,113.43,113.0,113.15,2034455.0
2018-09-11 00:00:00+0000,112.65,113.37,112.42,113.22,3197342.0
2018-09-12 00:00:00+0000,113.12,114.39,113.05,114.17,5364793.0
2018-09-13 00:00:00+0000,114.72,114.78,113.58,113.76,4408100.0
2018-09-14 00:00:00+0000,113.79,113.9,112.91,113.02,4770901.0
2018-09-17 00:00:00+0000,113.6,114.03,113.55,113.61,3887651.0
2018-09-18 00:00:00+0000,113.79,113.91,113.27,113.44,3861001.0
2018-09-19 00:00:00+0000,113.94,114.15,113.68,113.88,3620375.0
2018-09-20 00:00:00+0000,114.21,114.37,113.85,114.27,3975432.0
2018-09-21 00:00:00+0000,112.87,113.68,112.79,113.49,5764853.0
2018-09-24 00:00:00+0000,113.68,113.96,113.43,113.47,3719060.0
2018-09-25 00:00:00+0000,113.75,113.89,113.57,113.65,2457170.0
2018-09-26 00:00:00+0000,113.11,113.6,112.66,113.05,7253624.0
2018-09-27 00:00:00+0000,112.1,112.42,111.84,112.05,5840975.0
2018-09-28 00:00:00+0000,112.16,113.0,112.07,112.76,5039981.0
2018-10-01 00:00:00+0000,112.4,112.62,112.15,112.57,3250633.0
2018-10-02 00:00:00+0000,113.7,114.33,113.61,113.87,7932950.0
2018-10-03 00:00:00+0000,113.87,114.05,113.26,113.42,5802238.0
2018-10-04 00:00:00+0000,113.83,114.19,113.25,113.48,5840461.0
2018-10-05 00:00:00+0000,113.81,114.1,113.57,113.8,6698790.0
2018-10-08 00:00:00+0000,112.25,112.59,111.9,112.54,10439850.0
2018-10-09 00:00:00+0000,112.37,112.67,111.97,112.6,6002812.0
2018-10-10 00:00:00+0000,112.47,112.96,112.25,112.88,9348563.0
2018-10-11 00:00:00+0000,114.2,116.04,114.09,115.78,22485400.0
2018-10-12 00:00:00+0000,115.58,115.71,115.08,115.23,10336451.0
2018-10-15 00:00:00+0000,116.12,116.53,115.89,116.0,9980211.0
2018-10-16 00:00:00+0000,116.49,116.6,115.8,115.8,7387609.0
2018-10-17 00:00:00+0000,115.89,116.33,115.68,115.79,6265117.0
2018-10-18 00:00:00+0000,115.83,116.41,115.63,115.92,6920311.0
2018-10-19 00:00:00+0000,116.23,116.24,115.96,116.01,6296533.0
2018-10-22 00:00:00+0000,115.57,115.78,115.43,115.71,4397960.0
2018-10-23 00:00:00+0000,117.16,117.25,116.33,116.39,10676755.0
2018-10-24 00:00:00+0000,116.38,116.72,116.11,116.66,7515250.0
2018-10-25 00:00:00+0000,116.58,116.73,116.19,116.4,7016697.0
2018-10-26 00:00:00+0000,116.83,117.65,116.46,116.77,13519504.0
2018-10-29 00:00:00+0000,116.41,116.54,115.84,116.31,7319770.0
2018-10-30 00:00:00+0000,115.85,116.04,115.63,115.8,5709222.0
2018-10-31 00:00:00+0000,114.89,115.17,114.66,115.15,8807471.0
2018-11-01 00:00:00+0000,116.33,117.07,116.18,116.63,10763981.0
2018-11-02 00:00:00+0000,116.61,116.98,116.39,116.65,5393386.0
2018-11-05 00:00:00+0000,116.28,116.67,116.23,116.37,4583199.0
2018-11-06 00:00:00+0000,116.44,116.53,115.74,116.04,5770686.0
2018-11-07 00:00:00+0000,116.26,116.35,115.9,116.03,6237204.0
2018-11-08 00:00:00+0000,115.77,116.15,115.5,115.78,6570094.0
2018-11-09 00:00:00+0000,114.6,114.75,114.14,114.48,10247619.0
2018-11-12 00:00:00+0000,114.01,114.05,113.58,113.66,6049783.0
2018-11-13 00:00:00+0000,113.72,113.93,113.42,113.7,6204134.0
2018-11-14 00:00:00+0000,113.53,115.06,113.46,114.64,12140974.0
2018-11-15 00:00:00+0000,114.83,114.99,114.56,114.77,7465948.0
2018-11-16 00:00:00+0000,115.83,115.88,115.37,115.62,7429224.0
2018-11-19 00:00:00+0000,115.45,115.92,115.37,115.67,6288932.0
2018-11-20 00:00:00+0000,115.94,115.95,115.37,115.67,7290614.0
2018-11-21 00:00:00+0000,115.94,116.35,115.86,115.86,6749295.0
2018-11-23 00:00:00+0000,115.76,115.88,115.58,115.77,2984424.0
2018-11-26 00:00:00+0000,115.84,115.87,115.53,115.64,3008816.0
2018-11-27 00:00:00+0000,115.55,115.63,114.6,114.95,7320797.0
2018-11-28 00:00:00+0000,114.76,116.07,114.59,115.38,11243034.0
2018-11-29 00:00:00+0000,115.97,116.24,115.56,115.74,5558746.0
2018-11-30 00:00:00+0000,115.42,115.66,115.04,115.54,5293302.0
2018-12-03 00:00:00+0000,116.6,116.77,116.29,116.41,7523288.0
2018-12-04 00:00:00+0000,117.37,117.39,116.93,117.12,5760722.0
2018-12-06 00:00:00+0000,117.38,117.69,116.92,117.14,7372311.0
2018-12-07 00:00:00+0000,117.62,118.23,117.54,118.09,8565776.0
2018-12-10 00:00:00+0000,117.7,117.94,117.42,117.68,7399588.0
2018-12-11 00:00:00+0000,117.67,117.89,117.35,117.54,5232710.0
2018-12-12 00:00:00+0000,117.7,117.95,117.61,117.79,3522761.0
2018-12-13 00:00:00+0000,117.54,117.62,117.26,117.53,3681575.0
2018-12-14 00:00:00+0000,116.63,117.3,116.58,117.06,5224798.0
2018-12-17 00:00:00+0000,117.37,118.03,117.35,117.87,6442441.0
2018-12-18 00:00:00+0000,117.85,118.2,117.81,118.15,6167761.0
2018-12-19 00:00:00+0000,118.24,118.96,117.4,117.43,12759460.0
2018-12-20 00:00:00+0000,119.11,119.74,118.68,119.24,15997230.0
2018-12-21 00:00:00+0000,119.19,119.25,118.57,118.72,11406075.0
2018-12-24 00:00:00+0000,119.57,120.14,119.57,120.02,7664174.0
2018-12-26 00:00:00+0000,120.62,121.0,119.57,119.66,12494242.0
2018-12-27 00:00:00+0000,120.57,120.9,120.14,120.57,10056971.0
2018-12-28 00:00:00+0000,120.8,121.08,120.72,121.06,6041423.0
2018-12-31 00:00:00+0000,120.98,121.26,120.83,121.25,7441707.0
2019-01-02 00:00:00+0000,121.35,121.75,120.88,121.33,9112006.0
2019-01-03 00:00:00+0000,121.78,122.46,121.73,122.43,9663177.0
2019-01-04 00:00:00+0000,121.32,121.6,120.69,121.44,10527481.0
2019-01-07 00:00:00+0000,122.16,122.22,121.57,121.86,6000764.0
2019-01-08 00:00:00+0000,121.15,121.71,121.06,121.53,5803139.0
2019-01-09 00:00:00+0000,121.45,122.34,121.44,122.31,7519892.0
2019-01-10 00:00:00+0000,121.98,122.18,121.57,121.59,5064213.0
2019-01-11 00:00:00+0000,121.74,122.05,121.66,121.8,4812876.0
2019-01-14 00:00:00+0000,122.15,122.24,121.87,122.09,5693453.0
2019-01-15 00:00:00+0000,122.28,122.38,121.62,121.88,6047613.0
2019-01-16 00:00:00+0000,122.04,122.44,122.02,122.27,5312229.0
2019-01-17 00:00:00+0000,122.03,122.26,121.81,122.11,7424515.0
2019-01-18 00:00:00+0000,121.23,121.52,121.02,121.02,8062826.0
2019-01-22 00:00:00+0000,121.18,121.5,120.9,121.45,6711800.0
2019-01-23 00:00:00+0000,120.96,121.54,120.86,121.28,4660156.0
2019-01-24 00:00:00+0000,121.16,121.36,120.92,121.09,4801104.0
2019-01-25 00:00:00+0000,122.02,122.91,122.02,122.86,9111198.0
2019-01-28 00:00:00+0000,122.75,123.29,122.71,123.29,6956392.0
2019-01-29 00:00:00+0000,123.71,124.0,123.46,123.98,8402013.0
2019-01-30 00:00:00+0000,123.91,125.07,123.7,124.69,9781783.0
2019-01-31 00:00:00+0000,125.18,125.23,124.62,124.75,8178545.0
2019-02-01 00:00:00+0000,124.89,125.05,124.37,124.5,8915822.0
2019-02-04 00:00:00+0000,123.99,124.29,123.82,123.96,5289172.0
2019-02-05 00:00:00+0000,124.29,124.42,124.05,124.28,4653137.0
2019-02-06 00:00:00+0000,124.16,124.19,123.4,123.44,5416807.0
2019-02-07 00:00:00+0000,123.8,123.95,123.43,123.74,4364911.0
2019-02-08 00:00:00+0000,124.05,124.33,123.97,124.21,3404349.0
2019-02-11 00:00:00+0000,123.19,123.82,123.19,123.6,3708432.0
2019-02-12 00:00:00+0000,123.96,124.03,123.61,123.86,3891128.0
2019-02-13 00:00:00+0000,123.84,124.55,123.31,123.37,6635782.0
2019-02-14 00:00:00+0000,123.84,124.2,123.53,124.06,4575749.0
2019-02-15 00:00:00+0000,124.59,125.0,124.18,124.8,8139198.0
2019-02-19 00:00:00+0000,125.98,126.79,125.93,126.7,11992158.0
2019-02-20 00:00:00+0000,127.0,127.21,126.31,126.48,7767330.0
2019-02-21 00:00:00+0000,126.15,126.22,125.05,125.05,7014741.0
2019-02-22 00:00:00+0000,125.53,125.95,125.39,125.5,4366709.0
2019-02-25 00:00:00+0000,125.78,125.9,125.23,125.37,4129454.0
2019-02-26 00:00:00+0000,125.33,125.62,125.05,125.58,4272398.0
2019-02-27 00:00:00+0000,125.17,125.23,124.4,124.69,5444515.0
2019-02-28 00:00:00+0000,124.71,124.71,123.98,123.99,6486092.0
2019-03-01 00:00:00+0000,123.48,123.96,121.87,121.88,12760322.0
2019-03-04 00:00:00+0000,121.56,121.85,121.18,121.56,7477496.0
2019-03-05 00:00:00+0000,121.38,121.73,121.03,121.72,5936879.0
2019-03-06 00:00:00+0000,121.43,121.64,121.26,121.61,4167302.0
2019-03-07 00:00:00+0000,121.27,121.71,121.18,121.51,4569628.0
2019-03-08 00:00:00+0000,122.7,122.89,122.37,122.84,8420243.0
2019-03-11 00:00:00+0000,122.52,122.54,121.92,122.24,5337474.0
2019-03-12 00:00:00+0000,122.54,123.03,122.4,122.98,4745079.0
2019-03-13 00:00:00+0000,123.56,123.88,123.42,123.84,5555715.0
2019-03-14 00:00:00+0000,122.33,122.55,122.12,122.41,5334972.0
2019-03-15 00:00:00+0000,123.06,123.4,122.91,122.97,6099066.0
2019-03-18 00:00:00+0000,123.3,123.4,122.89,123.04,3526566.0
2019-03-19 00:00:00+0000,123.72,123.79,123.34,123.38,3845032.0
2019-03-20 00:00:00+0000,123.66,124.42,122.65,124.18,10118923.0
2019-03-21 00:00:00+0000,124.36,124.37,123.11,123.68,6535836.0
2019-03-22 00:00:00+0000,123.93,124.22,123.73,123.97,4846153.0
2019-03-25 00:00:00+0000,124.56,125.11,124.48,124.92,6398310.0
2019-03-26 00:00:00+0000,124.48,124.51,124.07,124.3,4132551.0
2019-03-27 00:00:00+0000,124.35,124.38,123.56,123.65,5939223.0
2019-03-28 00:00:00+0000,122.28,122.36,121.7,121.9,8357639.0
2019-03-29 00:00:00+0000,122.64,122.75,122.01,122.01,5573697.0
2019-04-01 00:00:00+0000,122.4,122.43,121.46,121.53,9132083.0
2019-04-02 00:00:00+0000,121.72,122.01,121.68,121.98,3245190.0
2019-04-03 00:00:00+0000,121.73,122.01,121.67,121.8,3900228.0
2019-04-04 00:00:00+0000,121.1,122.24,120.96,122.11,5676386.0
2019-04-05 00:00:00+0000,121.88,122.13,121.66,121.98,3685003.0
2019-04-08 00:00:00+0000,122.97,123.02,122.4,122.51,3414487.0
2019-04-09 00:00:00+0000,123.26,123.35,123.03,123.15,3496398.0
2019-04-10 00:00:00+0000,123.22,123.77,123.19,123.53,3987140.0
2019-04-11 00:00:00+0000,122.54,122.75,121.79,121.95,8543220.0
2019-04-12 00:00:00+0000,121.96,122.31,121.8,121.83,4052018.0
2019-04-15 00:00:00+0000,121.2,121.82,121.09,121.6,3464534.0
2019-04-16 00:00:00+0000,120.38,120.63,120.19,120.51,8162758.0
2019-04-17 00:00:00+0000,120.46,120.51,120.19,120.28,3841959.0
2019-04-18 00:00:00+0000,120.24,120.54,120.15,120.37,3130608.0
2019-04-22 00:00:00+0000,120.46,120.5,120.27,120.37,1857642.0
2019-04-23 00:00:00+0000,119.67,120.2,119.55,120.12,4259380.0
2019-04-24 00:00:00+0000,120.06,120.72,120.04,120.47,3061643.0
2019-04-25 00:00:00+0000,120.72,121.1,120.5,120.57,3991458.0
2019-04-26 00:00:00+0000,121.26,121.67,121.21,121.37,4892653.0
2019-04-29 00:00:00+0000,120.88,120.91,120.66,120.83,2779455.0
2019-04-30 00:00:00+0000,120.89,121.36,120.85,121.2,3654194.0
2019-05-01 00:00:00+0000,121.03,121.55,120.18,120.4,10171900.0
2019-05-02 00:00:00+0000,119.69,120.11,119.54,119.94,5286739.0
2019-05-03 00:00:00+0000,120.56,121.08,120.47,120.65,6580765.0
2019-05-06 00:00:00+0000,120.61,121.12,120.54,120.81,2853673.0
2019-05-07 00:00:00+0000,121.02,121.42,120.9,121.21,3282100.0
2019-05-08 00:00:00+0000,121.54,121.54,120.77,120.91,3534082.0
2019-05-09 00:00:00+0000,120.96,121.62,120.86,121.2,4515622.0
2019-05-10 00:00:00+0000,121.41,121.73,121.3,121.43,3606067.0
2019-05-13 00:00:00+0000,122.63,122.85,122.32,122.67,7724475.0
2019-05-14 00:00:00+0000,122.6,122.66,122.12,122.46,4689924.0
2019-05-15 00:00:00+0000,122.71,122.77,122.21,122.39,8130489.0
2019-05-16 00:00:00+0000,122.03,122.08,121.19,121.51,5665970.0
2019-05-17 00:00:00+0000,121.03,121.06,120.33,120.65,5725307.0
2019-05-20 00:00:00+0000,120.51,120.74,120.42,120.64,2964640.0
2019-05-21 00:00:00+0000,120.08,120.36,119.83,120.36,3114170.0
2019-05-22 00:00:00+0000,120.35,120.5,120.19,120.24,2614886.0
2019-05-23 00:00:00+0000,120.82,121.52,120.77,121.17,5175601.0
2019-05-24 00:00:00+0000,121.13,121.31,120.89,121.3,1901729.0
2019-05-28 00:00:00+0000,120.8,120.84,120.46,120.83,3070325.0
2019-05-29 00:00:00+0000,121.11,121.26,120.74,120.87,3170930.0
2019-05-30 00:00:00+0000,120.96,121.69,120.8,121.69,5585943.0
2019-05-31 00:00:00+0000,122.55,123.4,122.31,123.33,11936515.0
2019-06-03 00:00:00+0000,124.09,125.34,123.9,125.11,11743182.0
2019-06-04 00:00:00+0000,124.88,125.42,124.61,125.15,5957913.0
2019-06-05 00:00:00+0000,126.18,126.37,125.24,125.47,6368950.0
2019-06-06 00:00:00+0000,125.93,126.45,125.8,125.88,4808461.0
2019-06-07 00:00:00+0000,126.79,127.25,126.32,126.59,6732082.0
2019-06-10 00:00:00+0000,125.46,125.53,125.06,125.33,4607479.0
2019-06-11 00:00:00+0000,124.94,125.4,124.88,125.18,3495487.0
2019-06-12 00:00:00+0000,125.6,126.2,125.56,125.83,4220169.0
2019-06-13 00:00:00+0000,126.03,126.77,125.95,126.6,4846326.0
2019-06-14 00:00:00+0000,127.21,127.63,126.26,126.56,7196238.0
2019-06-17 00:00:00+0000,126.7,126.77,126.17,126.48,3875561.0
2019-06-18 00:00:00+0000,127.58,127.75,126.39,127.12,9001602.0
2019-06-19 00:00:00+0000,126.77,127.99,126.7,127.89,9366533.0
2019-06-20 00:00:00+0000,130.41,131.49,130.18,131.11,14190517.0
2019-06-21 00:00:00+0000,131.77,132.17,131.07,131.98,12050529.0
2019-06-24 00:00:00+0000,132.77,134.04,132.58,133.94,11626299.0
2019-06-25 00:00:00+0000,134.9,135.55,133.21,134.2,19928993.0
2019-06-26 00:00:00+0000,132.99,133.55,132.41,132.97,9555707.0
2019-06-27 00:00:00+0000,132.38,132.97,132.26,132.84,6797549.0
2019-06-28 00:00:00+0000,133.05,133.34,132.61,133.2,6042340.0
2019-07-01 00:00:00+0000,131.56,131.76,130.55,130.62,10353194.0
2019-07-02 00:00:00+0000,131.27,133.63,131.16,133.41,10657802.0
2019-07-03 00:00:00+0000,133.61,134.1,133.23,133.63,5252758.0
2019-07-05 00:00:00+0000,131.46,132.32,130.81,132.14,9443060.0
2019-07-08 00:00:00+0000,132.18,132.35,131.28,131.29,5321975.0
2019-07-09 00:00:00+0000,131.43,132.1,131.15,131.75,4833528.0
2019-07-10 00:00:00+0000,132.94,133.87,132.35,133.83,11865902.0
2019-07-11 00:00:00+0000,133.58,133.7,132.41,132.7,6157495.0
2019-07-12 00:00:00+0000,132.89,133.69,132.53,133.53,4556776.0
2019-07-15 00:00:00+0000,133.18,133.53,132.8,133.53,2866124.0
2019-07-16 00:00:00+0000,133.18,133.3,132.13,132.4,6725881.0
2019-07-17 00:00:00+0000,133.0,134.6,132.89,134.58,9377629.0
2019-07-18 00:00:00+0000,133.83,136.63,133.61,136.48,15398668.0
2019-07-19 00:00:00+0000,135.45,136.03,133.97,134.47,12867231.0
2019-07-22 00:00:00+0000,134.56,134.82,134.32,134.45,5693187.0
2019-07-23 00:00:00+0000,134.43,134.95,133.56,133.69,8481230.0
2019-07-24 00:00:00+0000,134.59,134.84,133.98,134.37,5636594.0
2019-07-25 00:00:00+0000,134.24,134.28,133.09,133.42,8513963.0
2019-07-26 00:00:00+0000,134.24,134.29,133.59,133.64,5297433.0
2019-07-29 00:00:00+0000,134.06,134.73,133.44,134.53,8572132.0
2019-07-30 00:00:00+0000,134.76,135.18,134.41,134.98,8103623.0
2019-07-31 00:00:00+0000,135.03,135.42,133.02,133.21,16743032.0
2019-08-01 00:00:00+0000,132.42,136.43,132.3,136.41,21550955.0
2019-08-02 00:00:00+0000,135.39,136.6,135.37,135.89,10445993.0
2019-08-05 00:00:00+0000,137.93,138.64,137.05,137.79,14180023.0
2019-08-06 00:00:00+0000,138.33,139.03,138.0,138.91,7950592.0
2019-08-07 00:00:00+0000,141.28,142.47,140.88,141.02,23360061.0
2019-08-08 00:00:00+0000,140.89,142.37,140.71,141.73,11047885.0
2019-08-09 00:00:00+0000,141.28,142.03,140.96,141.26,8003827.0
2019-08-12 00:00:00+0000,141.67,143.38,141.64,142.63,11456943.0
2019-08-13 00:00:00+0000,143.17,143.29,139.35,141.78,24157474.0
2019-08-14 00:00:00+0000,142.9,143.75,142.05,142.75,17578566.0
2019-08-15 00:00:00+0000,142.96,144.02,142.61,143.7,10630084.0
2019-08-16 00:00:00+0000,142.75,143.13,141.8,142.78,7975126.0
2019-08-19 00:00:00+0000,141.33,141.79,140.85,141.11,8332857.0
2019-08-20 00:00:00+0000,141.77,142.26,141.6,142.21,5966282.0
2019-08-21 00:00:00+0000,141.62,142.17,141.46,141.76,6866806.0
2019-08-22 00:00:00+0000,141.39,141.9,141.17,141.4,5944740.0
2019-08-23 00:00:00+0000,141.84,144.33,141.64,144.17,18518467.0
2019-08-26 00:00:00+0000,144.35,144.97,143.91,144.19,8632259.0
2019-08-27 00:00:00+0000,144.3,145.68,144.27,145.57,10221240.0
2019-08-28 00:00:00+0000,145.39,145.68,144.64,145.16,8646118.0
2019-08-29 00:00:00+0000,145.4,145.49,143.28,144.12,12035287.0
2019-08-30 00:00:00+0000,143.84,144.54,143.02,143.75,7618267.0
2019-09-03 00:00:00+0000,144.96,146.13,144.74,145.75,12257350.0
2019-09-04 00:00:00+0000,145.54,146.82,145.5,146.66,8878985.0
2019-09-05 00:00:00+0000,144.98,145.02,142.0,143.14,16853100.0
2019-09-06 00:00:00+0000,143.64,144.06,141.86,141.92,10861497.0
2019-09-09 00:00:00+0000,142.37,142.46,141.18,141.39,8177687.0
2019-09-10 00:00:00+0000,141.23,141.53,140.16,140.18,8954222.0
2019-09-11 00:00:00+0000,140.36,141.26,140.28,141.03,6141051.0
2019-09-12 00:00:00+0000,142.68,143.1,141.11,141.32,10349597.0
2019-09-13 00:00:00+0000,141.73,141.99,140.06,140.15,10395470.0
2019-09-16 00:00:00+0000,141.6,142.05,141.02,141.32,6345617.0
2019-09-17 00:00:00+0000,141.82,142.11,141.22,141.6,5279130.0
2019-09-18 00:00:00+0000,141.93,142.53,139.81,140.71,13327962.0
2019-09-19 00:00:00+0000,141.57,141.74,141.08,141.28,5864514.0
2019-09-20 00:00:00+0000,141.61,143.03,141.46,142.95,7017552.0
2019-09-23 00:00:00+0000,143.22,143.94,143.07,143.75,6600352.0
2019-09-24 00:00:00+0000,143.21,144.77,142.88,144.51,7591075.0
2019-09-25 00:00:00+0000,144.08,144.29,141.44,141.83,8475863.0
2019-09-26 00:00:00+0000,142.19,142.57,141.56,141.79,5545638.0
2019-09-27 00:00:00+0000,140.35,141.68,140.16,141.06,8444958.0
2019-09-30 00:00:00+0000,139.77,140.21,138.03,138.87,11085057.0
2019-10-01 00:00:00+0000,138.07,140.19,137.8,139.63,9916334.0
2019-10-02 00:00:00+0000,140.79,141.88,140.46,141.26,9019844.0
2019-10-03 00:00:00+0000,141.36,143.25,141.29,141.9,10046479.0
2019-10-04 00:00:00+0000,141.48,142.31,141.14,141.9,7502739.0
2019-10-07 00:00:00+0000,141.16,141.78,140.24,140.69,5142113.0
2019-10-08 00:00:00+0000,142.03,142.29,141.17,141.92,8651743.0
2019-10-09 00:00:00+0000,142.16,142.56,141.62,142.05,5783738.0
2019-10-10 00:00:00+0000,141.59,141.66,140.57,140.81,7227355.0
2019-10-11 00:00:00+0000,139.97,140.14,138.91,140.03,9175738.0
2019-10-14 00:00:00+0000,140.45,140.82,140.34,140.59,2976834.0
2019-10-15 00:00:00+0000,140.27,140.3,139.21,139.61,6646958.0
2019-10-16 00:00:00+0000,140.14,140.53,139.69,140.41,7859183.0
2019-10-17 00:00:00+0000,140.5,141.12,140.42,140.61,3646038.0
2019-10-18 00:00:00+0000,140.5,140.71,140.32,140.46,4844007.0
2019-10-21 00:00:00+0000,140.72,140.76,139.6,139.79,6217549.0
2019-10-22 00:00:00+0000,140.13,140.3,139.72,140.2,3322007.0
2019-10-23 00:00:00+0000,140.59,141.0,140.5,140.53,3260315.0
2019-10-24 00:00:00+0000,141.02,141.74,140.93,141.53,4104009.0
2019-10-25 00:00:00+0000,142.79,142.83,141.4,141.86,5260988.0
2019-10-28 00:00:00+0000,141.25,141.25,140.4,140.64,4430244.0
2019-10-29 00:00:00+0000,140.0,140.63,139.78,140.25,3141559.0
2019-10-30 00:00:00+0000,140.52,141.04,139.55,141.02,5565534.0
2019-10-31 00:00:00+0000,141.98,142.69,141.89,142.43,5609224.0
2019-11-01 00:00:00+0000,142.21,142.9,142.01,142.56,5641241.0
2019-11-04 00:00:00+0000,142.26,142.45,141.74,142.15,3759425.0
2019-11-05 00:00:00+0000,140.65,140.89,139.38,139.85,8004968.0
2019-11-06 00:00:00+0000,140.12,140.79,140.0,140.45,4269412.0
2019-11-07 00:00:00+0000,140.11,140.2,137.6,138.27,10835440.0
2019-11-08 00:00:00+0000,137.73,138.33,137.39,137.39,7497306.0
2019-11-11 00:00:00+0000,137.61,137.79,136.43,137.06,5631161.0
2019-11-12 00:00:00+0000,137.03,137.59,136.19,137.43,4998269.0
2019-11-13 00:00:00+0000,137.8,138.22,137.64,137.98,6184478.0
2019-11-14 00:00:00+0000,138.39,138.94,138.0,138.56,4349538.0
2019-11-15 00:00:00+0000,138.03,138.43,138.0,138.21,5675502.0
2019-11-18 00:00:00+0000,138.44,138.85,138.3,138.62,3141429.0
2019-11-19 00:00:00+0000,138.13,138.98,138.13,138.69,3462896.0
2019-11-20 00:00:00+0000,138.52,139.0,138.1,138.76,4089094.0
2019-11-21 00:00:00+0000,138.39,138.56,137.77,138.0,3069012.0
2019-11-22 00:00:00+0000,138.37,138.46,137.66,137.74,3031475.0
2019-11-25 00:00:00+0000,137.32,137.62,136.99,137.08,4516047.0
2019-11-26 00:00:00+0000,136.98,137.8,136.58,137.74,3949034.0
2019-11-27 00:00:00+0000,137.03,137.21,136.83,137.01,2506501.0
2019-11-29 00:00:00+0000,137.1,138.14,137.08,137.86,3166552.0
2019-12-02 00:00:00+0000,137.32,138.05,137.3,137.79,6485088.0
2019-12-03 00:00:00+0000,139.04,139.57,138.97,139.11,6952449.0
2019-12-04 00:00:00+0000,139.16,139.17,138.59,138.92,4025956.0
2019-12-05 00:00:00+0000,138.8,139.45,138.79,139.0,2721793.0
2019-12-06 00:00:00+0000,137.76,137.83,137.4,137.62,4691597.0
2019-12-09 00:00:00+0000,137.8,137.81,137.45,137.58,2153213.0
2019-12-10 00:00:00+0000,138.25,138.33,137.74,137.97,2514920.0
2019-12-11 00:00:00+0000,138.2,139.3,138.12,138.92,5002877.0
2019-12-12 00:00:00+0000,139.78,139.85,137.88,138.43,7582961.0
2019-12-13 00:00:00+0000,138.52,139.21,137.98,139.05,5143247.0
2019-12-16 00:00:00+0000,139.2,139.39,138.8,139.04,4035254.0
2019-12-17 00:00:00+0000,139.02,139.3,138.85,139.01,3500244.0
2019-12-18 00:00:00+0000,138.86,139.25,138.81,139.02,3127231.0
2019-12-19 00:00:00+0000,139.04,139.55,138.87,139.38,3872217.0
2019-12-20 00:00:00+0000,139.37,139.52,138.98,139.52,3174855.0
2019-12-23 00:00:00+0000,139.53,139.96,139.53,139.95,3535051.0
2019-12-24 00:00:00+0000,140.44,141.33,140.43,141.27,4326528.0
2019-12-26 00:00:00+0000,142.06,142.47,141.9,142.38,5475217.0
2019-12-27 00:00:00+0000,142.26,142.73,142.17,142.33,3540126.0
2019-12-30 00:00:00+0000,142.56,142.8,142.46,142.63,3786835.0
2019-12-31 00:00:00+0000,143.31,143.61,142.8,142.9,4213200.0
2020-01-02 00:00:00+0000,143.86,144.21,143.4,143.95,6105694.0
2020-01-03 00:00:00+0000,145.75,146.32,145.4,145.86,9590993.0
2020-01-06 00:00:00+0000,148.44,148.48,146.95,147.39,11555553.0
2020-01-07 00:00:00+0000,147.57,148.14,147.43,147.97,6296367.0
2020-01-08 00:00:00+0000,148.49,148.61,146.14,146.86,18169820.0
2020-01-09 00:00:00+0000,146.07,146.41,145.44,146.03,8214651.0
2020-01-10 00:00:00+0000,146.22,146.99,146.17,146.91,5055926.0
2020-01-13 00:00:00+0000,146.35,146.38,145.78,145.82,5224169.0
2020-01-14 00:00:00+0000,145.42,145.81,145.08,145.69,5833349.0
2020-01-15 00:00:00+0000,146.21,146.73,145.82,146.54,4824673.0
2020-01-16 00:00:00+0000,146.27,146.47,145.75,146.31,3882792.0
2020-01-17 00:00:00+0000,146.51,146.99,146.31,146.58,7304140.0
2020-01-21 00:00:00+0000,145.77,146.86,145.55,146.74,4959656.0
2020-01-22 00:00:00+0000,146.68,146.81,146.38,146.79,3072268.0
2020-01-23 00:00:00+0000,147.0,147.62,146.62,147.12,5770895.0
2020-01-24 00:00:00+0000,146.9,148.38,146.89,147.98,7732045.0
2020-01-27 00:00:00+0000,149.24,149.32,148.45,148.99,6695275.0
2020-01-28 00:00:00+0000,148.36,148.56,147.53,147.66,5210191.0
2020-01-29 00:00:00+0000,147.7,148.56,147.61,148.46,4011912.0
2020-01-30 00:00:00+0000,148.69,149.31,148.01,148.47,7097031.0
2020-01-31 00:00:00+0000,148.88,149.68,148.81,149.33,11522351.0
2020-02-03 00:00:00+0000,148.66,148.78,147.68,148.36,7443207.0
2020-02-04 00:00:00+0000,146.97,147.03,145.8,146.43,8576476.0
2020-02-05 00:00:00+0000,146.38,146.81,146.16,146.61,3933634.0
2020-02-06 00:00:00+0000,147.28,147.63,147.0,147.4,3665321.0
2020-02-07 00:00:00+0000,147.83,148.18,147.33,147.79,5008990.0
2020-02-10 00:00:00+0000,148.21,148.45,147.91,148.17,4009645.0
2020-02-11 00:00:00+0000,148.03,148.16,147.01,147.66,4445150.0
2020-02-12 00:00:00+0000,147.42,147.81,147.15,147.54,3358398.0
2020-02-13 00:00:00+0000,148.24,148.58,147.95,148.38,3663384.0
2020-02-14 00:00:00+0000,148.74,149.13,148.63,149.0,4349333.0
2020-02-18 00:00:00+0000,149.88,151.09,149.47,150.91,9118031.0
2020-02-19 00:00:00+0000,151.0,151.82,150.81,151.79,6145946.0
2020-02-20 00:00:00+0000,152.0,152.83,151.95,152.41,6977599.0
2020-02-21 00:00:00+0000,154.41,155.23,154.18,154.7,13218590.0
2020-02-24 00:00:00+0000,158.5,158.53,155.36,156.09,23132951.0
2020-02-25 00:00:00+0000,155.12,156.08,152.91,153.3,23196376.0
2020-02-26 00:00:00+0000,153.82,155.28,152.9,153.97,14842974.0
2020-02-27 00:00:00+0000,155.58,156.27,153.9,154.0,23437995.0
2020-02-28 00:00:00+0000,152.71,152.77,147.05,148.38,35071705.0
2020-03-02 00:00:00+0000,150.0,150.73,149.04,149.2,13407263.0
2020-03-03 00:00:00+0000,150.83,155.24,150.73,153.89,25110074.0
2020-03-04 00:00:00+0000,154.4,154.96,153.7,154.16,9739590.0
2020-03-05 00:00:00+0000,156.01,157.62,155.72,157.49,15072551.0
2020-03-06 00:00:00+0000,158.33,159.25,154.54,157.55,23417245.0
2020-03-09 00:00:00+0000,158.6,159.37,156.33,157.81,21489579.0
2020-03-10 00:00:00+0000,156.18,156.41,154.39,154.48,15849068.0
2020-03-11 00:00:00+0000,156.25,156.5,153.61,153.93,14378406.0
2020-03-12 00:00:00+0000,151.53,151.55,146.85,147.79,27637761.0
2020-03-13 00:00:00+0000,149.42,149.6,141.58,143.28,28550545.0
2020-03-16 00:00:00+0000,137.56,142.96,136.12,141.64,18172503.0
2020-03-17 00:00:00+0000,140.18,146.2,139.93,143.56,17788112.0
2020-03-18 00:00:00+0000,141.75,142.88,138.5,140.7,17837428.0
2020-03-19 00:00:00+0000,139.08,140.5,137.85,138.04,17501287.0
2020-03-20 00:00:00+0000,140.71,141.17,139.14,140.11,13136319.0
2020-03-23 00:00:00+0000,142.68,146.93,142.28,146.3,21302695.0
2020-03-24 00:00:00+0000,153.5,155.66,152.05,153.4,17300092.0
2020-03-25 00:00:00+0000,152.57,152.88,151.01,151.3,12865604.0
2020-03-26 00:00:00+0000,153.31,154.81,152.08,153.24,8609882.0
2020-03-27 00:00:00+0000,153.0,153.55,152.0,152.25,7505847.0
2020-03-30 00:00:00+0000,152.41,153.08,151.57,152.92,9036224.0
2020-03-31 00:00:00+0000,151.36,151.8,147.97,148.05,10068777.0
2020-04-01 00:00:00+0000,148.2,150.08,147.85,149.45,9556708.0
2020-04-02 00:00:00+0000,151.1,152.5,150.7,151.9,7619850.0
2020-04-03 00:00:00+0000,152.23,153.09,151.66,152.65,6796964.0
2020-04-06 00:00:00+0000,154.16,157.22,153.96,156.88,12347869.0
2020-04-07 00:00:00+0000,155.33,156.14,154.38,156.04,7404737.0
2020-04-08 00:00:00+0000,155.91,155.94,154.59,154.65,5796150.0
2020-04-09 00:00:00+0000,158.08,159.08,157.21,158.69,13811339.0
2020-04-13 00:00:00+0000,159.24,162.38,158.62,161.41,16214964.0
2020-04-14 00:00:00+0000,162.73,164.42,161.78,162.68,14305558.0
2020-04-15 00:00:00+0000,161.8,162.54,160.8,161.85,8997381.0
2020-04-16 00:00:00+0000,161.88,163.15,160.65,161.71,7276772.0
2020-04-17 00:00:00+0000,159.72,160.07,158.12,158.57,11332316.0
2020-04-20 00:00:00+0000,158.62,160.22,158.46,159.7,7647782.0
2020-04-21 00:00:00+0000,157.6,159.21,157.04,158.61,9882387.0
2020-04-22 00:00:00+0000,160.58,161.74,160.42,161.73,10272874.0
2020-04-23 00:00:00+0000,162.39,163.6,161.84,163.34,10398729.0
2020-04-24 00:00:00+0000,163.13,163.31,160.89,162.64,9024598.0
2020-04-27 00:00:00+0000,161.92,162.0,160.41,161.56,6440576.0
2020-04-28 00:00:00+0000,160.89,160.98,159.16,160.84,7864266.0
2020-04-29 00:00:00+0000,160.1,161.85,159.76,161.73,9163129.0
2020-04-30 00:00:00+0000,160.22,160.82,158.13,158.8,10881878.0
2020-05-01 00:00:00+0000,158.0,160.45,157.8,159.78,9223026.0
2020-05-04 00:00:00+0000,160.33,160.95,159.91,160.34,6309905.0
2020-05-05 00:00:00+0000,160.16,161.1,159.33,161.02,7747115.0
2020-05-06 00:00:00+0000,158.99,159.81,158.1,158.95,9079822.0
2020-05-07 00:00:00+0000,159.5,161.96,159.36,161.39,11313651.0
2020-05-08 00:00:00+0000,161.08,162.0,160.0,160.42,8132743.0
2020-05-11 00:00:00+0000,160.34,160.71,158.89,159.42,8446390.0
2020-05-12 00:00:00+0000,160.3,160.95,159.72,160.04,7991532.0
2020-05-13 00:00:00+0000,160.94,161.62,160.54,161.58,8800670.0
2020-05-14 00:00:00+0000,161.53,163.34,161.51,163.01,13839875.0
2020-05-15 00:00:00+0000,164.02,164.8,163.08,163.93,12167125.0
2020-05-18 00:00:00+0000,164.33,164.5,162.41,162.69,11770183.0
2020-05-19 00:00:00+0000,163.6,164.43,163.04,164.26,6863525.0
2020-05-20 00:00:00+0000,164.54,164.96,163.89,164.65,7539799.0
2020-05-21 00:00:00+0000,163.46,163.58,161.37,162.25,9107203.0
2020-05-22 00:00:00+0000,162.88,163.47,162.74,163.21,6166359.0
2020-05-26 00:00:00+0000,162.58,162.58,160.69,160.89,11227896.0
2020-05-27 00:00:00+0000,159.42,161.34,159.2,161.18,10544951.0
2020-05-28 00:00:00+0000,162.12,162.46,160.9,161.72,7417641.0
2020-05-29 00:00:00+0000,162.58,163.4,162.32,162.91,8827737.0
2020-06-01 00:00:00+0000,162.92,163.74,162.39,163.66,6792491.0
2020-06-02 00:00:00+0000,163.89,164.08,161.86,162.6,8934140.0
2020-06-03 00:00:00+0000,160.34,160.9,158.82,159.6,14244459.0
2020-06-04 00:00:00+0000,161.15,161.87,159.84,161.28,7953083.0
2020-06-05 00:00:00+0000,158.65,158.72,157.03,158.01,12608317.0
2020-06-08 00:00:00+0000,158.9,159.86,158.47,159.72,6198127.0
2020-06-09 00:00:00+0000,161.08,161.78,160.87,161.26,7133182.0
2020-06-10 00:00:00+0000,162.05,163.63,160.52,163.57,11189949.0
2020-06-11 00:00:00+0000,163.35,164.06,161.97,162.39,9720609.0
2020-06-12 00:00:00+0000,163.41,163.88,162.56,162.62,5758563.0
2020-06-15 00:00:00+0000,160.52,162.56,160.16,162.33,7125023.0
2020-06-16 00:00:00+0000,161.85,162.69,161.36,162.25,5462679.0
2020-06-17 00:00:00+0000,162.0,162.62,161.77,162.56,3675786.0
2020-06-18 00:00:00+0000,162.2,162.32,161.44,162.24,3571465.0
2020-06-19 00:00:00+0000,162.87,164.09,162.78,164.03,9863387.0
2020-06-22 00:00:00+0000,165.06,165.73,164.41,165.09,8915118.0
2020-06-23 00:00:00+0000,165.63,166.52,165.52,166.48,8672866.0
2020-06-24 00:00:00+0000,166.01,166.99,165.45,165.9,7764727.0
2020-06-25 00:00:00+0000,165.89,165.91,165.16,165.8,5271467.0
2020-06-26 00:00:00+0000,164.87,166.56,164.22,166.54,8136478.0
2020-06-29 00:00:00+0000,166.56,166.8,166.18,166.63,5387041.0
2020-06-30 00:00:00+0000,166.31,168.0,166.18,167.37,10473035.0
2020-07-01 00:00:00+0000,167.05,167.06,165.34,166.62,9676042.0
2020-07-02 00:00:00+0000,166.2,167.24,166.02,166.98,6776195.0
2020-07-06 00:00:00+0000,167.75,168.0,167.19,167.98,5790345.0
2020-07-07 00:00:00+0000,167.35,169.04,167.35,169.04,9582002.0
2020-07-08 00:00:00+0000,170.32,170.86,169.78,170.09,9468976.0
2020-07-09 00:00:00+0000,170.48,170.64,168.78,169.63,9699705.0
2020-07-10 00:00:00+0000,169.95,170.15,168.57,169.19,6637853.0
2020-07-13 00:00:00+0000,170.29,170.42,169.16,169.4,8575129.0
2020-07-14 00:00:00+0000,168.97,170.2,168.81,170.19,6710233.0
2020-07-15 00:00:00+0000,169.62,170.43,169.39,170.34,5685025.0
2020-07-16 00:00:00+0000,169.8,170.0,168.65,168.73,7952257.0
2020-07-17 00:00:00+0000,169.94,170.27,169.6,170.12,7880874.0
2020-07-20 00:00:00+0000,170.76,171.07,170.27,170.94,7240368.0
2020-07-21 00:00:00+0000,172.53,173.25,172.31,173.0,10161102.0
2020-07-22 00:00:00+0000,174.05,175.77,173.76,175.63,14312435.0
2020-07-23 00:00:00+0000,176.17,178.41,175.65,177.18,18216131.0
2020-07-24 00:00:00+0000,179.14,179.16,178.2,178.7,12449167.0
2020-07-27 00:00:00+0000,181.85,182.83,181.53,182.23,16534692.0
2020-07-28 00:00:00+0000,182.02,184.26,181.42,183.75,17309832.0
2020-07-29 00:00:00+0000,184.01,186.14,182.39,185.13,21325087.0
2020-07-30 00:00:00+0000,183.44,184.33,182.13,183.76,12939992.0
2020-07-31 00:00:00+0000,184.51,185.76,184.16,185.43,13070956.0
2020-08-03 00:00:00+0000,185.05,185.82,184.2,185.64,9983182.0
2020-08-04 00:00:00+0000,185.61,189.6,185.21,189.59,16977457.0
2020-08-05 00:00:00+0000,191.65,193.13,190.62,191.35,21770310.0
2020-08-06 00:00:00+0000,193.74,194.45,192.52,193.89,17282467.0
2020-08-07 00:00:00+0000,192.71,192.96,189.33,190.81,20469072.0
2020-08-10 00:00:00+0000,191.2,192.61,189.66,190.15,14504573.0
2020-08-11 00:00:00+0000,183.57,183.98,179.43,179.94,35869258.0
2020-08-12 00:00:00+0000,182.61,183.1,179.04,179.1,21496340.0
2020-08-13 00:00:00+0000,181.56,184.7,181.36,183.33,14583003.0
2020-08-14 00:00:00+0000,183.44,183.72,181.49,182.54,9035921.0
2020-08-17 00:00:00+0000,184.69,187.01,184.66,186.5,11682496.0
2020-08-18 00:00:00+0000,189.18,189.4,185.63,188.18,12807550.0
2020-08-19 00:00:00+0000,187.21,187.46,181.71,182.24,19040457.0
2020-08-20 00:00:00+0000,181.19,183.71,180.93,183.5,11740416.0
2020-08-21 00:00:00+0000,182.14,182.81,180.47,182.03,9324813.0
2020-08-24 00:00:00+0000,182.91,182.93,180.68,181.0,8103089.0
2020-08-25 00:00:00+0000,181.06,181.25,179.73,181.22,8153569.0
2020-08-26 00:00:00+0000,180.26,183.58,180.2,183.36,9647304.0
2020-08-27 00:00:00+0000,185.0,185.17,179.37,181.24,12715801.0
2020-08-28 00:00:00+0000,183.98,185.4,183.4,184.39,10029223.0
2020-08-31 00:00:00+0000,184.79,185.53,184.28,184.83,7511472.0
2020-09-01 00:00:00+0000,186.99,186.99,184.33,185.05,7796422.0
2020-09-02 00:00:00+0000,183.75,183.86,181.5,182.62,9768266.0
2020-09-03 00:00:00+0000,182.3,182.82,180.49,181.14,8672358.0
2020-09-04 00:00:00+0000,180.95,182.1,180.05,181.64,8966573.0
2020-09-08 00:00:00+0000,179.5,182.27,179.02,181.29,10882419.0
2020-09-09 00:00:00+0000,182.5,183.22,182.19,183.05,5885257.0
2020-09-10 00:00:00+0000,184.23,184.68,182.28,182.46,7095812.0
2020-09-11 00:00:00+0000,183.14,183.55,182.0,182.45,5566186.0
2020-09-14 00:00:00+0000,183.57,184.3,183.39,183.89,6341695.0
2020-09-15 00:00:00+0000,184.46,184.67,182.92,183.45,5723318.0
2020-09-16 00:00:00+0000,184.98,185.01,183.33,183.97,8634688.0
2020-09-17 00:00:00+0000,181.92,183.09,181.48,182.96,6677260.0
2020-09-18 00:00:00+0000,183.07,184.09,182.64,183.2,5525687.0
2020-09-21 00:00:00+0000,179.84,180.29,176.75,179.52,13781453.0
2020-09-22 00:00:00+0000,179.63,180.02,178.11,178.65,5933494.0
2020-09-23 00:00:00+0000,176.98,177.26,174.1,174.79,14505757.0
2020-09-24 00:00:00+0000,174.36,176.24,173.77,175.44,8941536.0
2020-09-25 00:00:00+0000,174.41,175.3,173.89,174.94,5062165.0
2020-09-28 00:00:00+0000,175.83,176.81,175.09,176.7,5553518.0
2020-09-29 00:00:00+0000,177.19,178.33,176.95,178.19,6597973.0
2020-09-30 00:00:00+0000,177.71,178.61,176.66,177.12,6171367.0
2020-10-01 00:00:00+0000,178.71,179.5,178.03,178.7,7577070.0
2020-10-02 00:00:00+0000,178.69,179.29,178.16,178.54,5602267.0
2020-10-05 00:00:00+0000,179.02,180.14,178.9,179.41,5602747.0
2020-10-06 00:00:00+0000,180.16,180.37,177.05,177.3,6993949.0
2020-10-07 00:00:00+0000,177.04,177.42,176.43,177.22,4808417.0
2020-10-08 00:00:00+0000,178.18,178.45,176.67,177.85,5290379.0
2020-10-09 00:00:00+0000,180.13,181.17,179.93,181.08,8655732.0
2020-10-12 00:00:00+0000,180.57,180.83,180.19,180.56,3920263.0
2020-10-13 00:00:00+0000,178.56,178.6,177.1,177.72,6443524.0
2020-10-14 00:00:00+0000,179.09,179.59,178.27,178.27,6286488.0
2020-10-15 00:00:00+0000,177.71,179.15,177.59,178.92,5285718.0
2020-10-16 00:00:00+0000,179.22,179.32,178.13,178.3,5051948.0
2020-10-19 00:00:00+0000,179.41,179.48,178.37,178.39,4852144.0
2020-10-20 00:00:00+0000,178.54,179.67,178.08,179.25,5940472.0
2020-10-21 00:00:00+0000,180.47,181.31,180.23,180.6,5722933.0
2020-10-22 00:00:00+0000,178.88,179.03,177.72,178.83,6619097.0
2020-10-23 00:00:00+0000,179.09,179.2,177.76,178.64,4602359.0
2020-10-26 00:00:00+0000,178.75,179.14,178.22,178.55,4031087.0
2020-10-27 00:00:00+0000,178.71,179.43,178.51,179.02,4015036.0
2020-10-28 00:00:00+0000,176.45,176.85,175.44,176.13,8250474.0
2020-10-29 00:00:00+0000,175.02,176.14,174.83,175.4,5885929.0
2020-10-30 00:00:00+0000,177.18,177.36,175.95,176.2,5731240.0
2020-11-02 00:00:00+0000,177.45,177.93,177.13,177.91,5293590.0
2020-11-03 00:00:00+0000,178.95,179.39,178.3,178.92,6042821.0
2020-11-04 00:00:00+0000,178.93,179.19,177.66,178.82,9128713.0
2020-11-05 00:00:00+0000,181.0,183.29,180.97,182.93,13306672.0
2020-11-06 00:00:00+0000,183.4,183.53,182.19,183.19,7342767.0
2020-11-09 00:00:00+0000,176.42,176.45,173.64,175.08,24908428.0
2020-11-10 00:00:00+0000,176.75,176.91,175.66,175.66,9028726.0
2020-11-11 00:00:00+0000,174.7,175.28,174.43,174.9,7599672.0
2020-11-12 00:00:00+0000,176.04,176.77,175.84,175.96,5664202.0
2020-11-13 00:00:00+0000,177.65,177.8,176.84,177.16,4722272.0
2020-11-16 00:00:00+0000,177.23,177.91,176.87,177.15,6461354.0
2020-11-17 00:00:00+0000,177.25,177.44,176.09,176.5,6346834.0
2020-11-18 00:00:00+0000,176.26,176.86,175.35,175.49,6246170.0
2020-11-19 00:00:00+0000,174.3,175.22,174.17,175.16,5211080.0
2020-11-20 00:00:00+0000,176.12,176.38,175.58,175.69,4641863.0
2020-11-23 00:00:00+0000,175.09,175.24,171.78,172.23,13565990.0
2020-11-24 00:00:00+0000,169.3,169.69,168.86,169.59,15904540.0
2020-11-25 00:00:00+0000,169.97,170.52,169.24,169.51,8220128.0
2020-11-27 00:00:00+0000,166.9,167.83,166.78,167.79,7457835.0
2020-11-30 00:00:00+0000,166.68,167.43,166.03,166.67,10330675.0
2020-12-01 00:00:00+0000,169.72,170.48,169.3,170.18,10814467.0
2020-12-02 00:00:00+0000,170.57,171.76,170.15,171.46,7163135.0
2020-12-03 00:00:00+0000,172.65,172.85,171.08,172.81,8600864.0
2020-12-04 00:00:00+0000,172.78,173.32,171.59,172.32,6868442.0
2020-12-07 00:00:00+0000,172.57,175.29,172.51,174.89,8034496.0
2020-12-08 00:00:00+0000,175.51,175.93,174.72,175.5,4485959.0
2020-12-09 00:00:00+0000,173.92,174.04,171.24,172.5,8748065.0
2020-12-10 00:00:00+0000,172.9,173.58,171.7,172.17,5235165.0
2020-12-11 00:00:00+0000,172.25,173.32,172.11,172.49,4995464.0
2020-12-14 00:00:00+0000,171.91,172.52,170.91,171.54,6091904.0
2020-12-15 00:00:00+0000,173.43,173.98,173.05,173.94,5441805.0
2020-12-16 00:00:00+0000,174.13,175.02,173.02,174.9,6508458.0
2020-12-17 00:00:00+0000,177.15,177.87,176.57,176.74,7503350.0
2020-12-18 00:00:00+0000,176.65,176.98,176.1,176.44,5198500.0
2020-12-21 00:00:00+0000,176.29,176.94,175.76,175.88,6480877.0
2020-12-22 00:00:00+0000,176.2,176.34,174.34,174.49,7038552.0
2020-12-23 00:00:00+0000,175.11,176.21,175.06,175.65,4616526.0
2020-12-24 00:00:00+0000,175.55,176.37,175.51,176.35,2797425.0
2020-12-28 00:00:00+0000,177.26,177.91,175.62,175.71,6456521.0
2020-12-29 00:00:00+0000,176.25,176.97,175.57,176.35,4893003.0
2020-12-30 00:00:00+0000,176.47,177.72,176.44,177.7,4211448.0
2020-12-31 00:00:00+0000,178.07,178.4,177.32,178.36,6056060.0
2021-01-04 00:00:00+0000,181.97,182.4,180.95,182.33,11691685.0
2021-01-05 00:00:00+0000,182.87,183.21,181.82,182.87,9308837.0
2021-01-06 00:00:00+0000,181.49,181.58,178.24,179.9,14617128.0
2021-01-07 00:00:00+0000,179.69,179.92,178.84,179.48,5785560.0
2021-01-08 00:00:00+0000,176.83,176.99,171.48,173.34,20103552.0
2021-01-11 00:00:00+0000,172.14,173.68,172.03,173.0,6565625.0
2021-01-12 00:00:00+0000,173.13,174.18,172.32,174.12,7239679.0
2021-01-13 00:00:00+0000,173.68,174.46,173.05,173.37,6003160.0
2021-01-14 00:00:00+0000,173.44,174.22,172.65,173.28,6747285.0
2021-01-15 00:00:00+0000,172.84,173.07,170.97,171.13,10785383.0
2021-01-19 00:00:00+0000,172.71,172.85,171.92,172.58,5633793.0
2021-01-20 00:00:00+0000,174.37,175.47,173.82,175.39,5841076.0
2021-01-21 00:00:00+0000,175.11,175.51,174.51,175.28,4241196.0
2021-01-22 00:00:00+0000,172.89,174.29,172.35,173.9,4928520.0
2021-01-25 00:00:00+0000,174.82,174.96,173.19,174.05,4294804.0
2021-01-26 00:00:00+0000,173.98,174.26,173.42,173.62,3663172.0
2021-01-27 00:00:00+0000,172.93,173.52,171.66,172.52,6837885.0
2021-01-28 00:00:00+0000,174.28,174.73,172.04,172.68,7315173.0
2021-01-29 00:00:00+0000,174.87,175.17,172.61,172.61,8708377.0
2021-02-01 00:00:00+0000,175.02,175.26,174.06,174.23,6944739.0
2021-02-02 00:00:00+0000,172.49,172.53,171.51,172.11,5254779.0
2021-02-03 00:00:00+0000,172.36,172.6,171.5,171.85,3487397.0
2021-02-04 00:00:00+0000,168.29,168.4,167.34,168.15,9471721.0
2021-02-05 00:00:00+0000,168.99,170.18,168.67,169.81,5007618.0
2021-02-08 00:00:00+0000,171.98,172.4,171.49,171.52,5625466.0
2021-02-09 00:00:00+0000,172.57,173.03,171.75,172.08,4028054.0
2021-02-10 00:00:00+0000,173.15,173.22,172.01,172.71,3981804.0
2021-02-11 00:00:00+0000,172.7,172.88,170.71,171.21,5142421.0
2021-02-12 00:00:00+0000,170.29,171.65,169.88,170.69,4466542.0
2021-02-16 00:00:00+0000,168.14,170.07,167.73,168.24,9729770.0
2021-02-17 00:00:00+0000,166.92,167.34,165.85,166.33,9167986.0
2021-02-18 00:00:00+0000,166.98,167.3,165.73,166.32,5342725.0
2021-02-19 00:00:00+0000,166.76,167.94,166.6,167.01,6580859.0
2021-02-22 00:00:00+0000,168.54,169.89,168.3,169.51,8144419.0
2021-02-23 00:00:00+0000,169.48,169.74,168.28,169.12,6865819.0
2021-02-24 00:00:00+0000,167.65,169.14,167.15,169.0,7014901.0
2021-02-25 00:00:00+0000,166.92,167.66,165.45,165.82,13305827.0
2021-02-26 00:00:00+0000,165.0,165.1,160.95,161.81,18803431.0
2021-03-01 00:00:00+0000,163.03,163.35,161.16,161.53,11562593.0
2021-03-02 00:00:00+0000,161.93,162.93,161.22,162.41,9323640.0
2021-03-03 00:00:00+0000,160.61,161.69,159.48,160.62,10269153.0
2021-03-04 00:00:00+0000,160.6,161.46,158.43,159.04,11304399.0
2021-03-05 00:00:00+0000,159.63,159.82,158.55,159.14,8199522.0
2021-03-08 00:00:00+0000,158.58,158.74,157.12,157.49,10096374.0
2021-03-09 00:00:00+0000,160.75,161.26,160.41,160.84,8033538.0
2021-03-10 00:00:00+0000,161.06,161.78,160.66,161.66,6614055.0
2021-03-11 00:00:00+0000,161.47,161.98,161.12,161.52,5263049.0
2021-03-12 00:00:00+0000,159.54,161.69,159.35,161.49,7140719.0
2021-03-15 00:00:00+0000,162.31,162.55,161.43,162.2,6564320.0
2021-03-16 00:00:00+0000,162.36,163.2,161.81,162.35,6304766.0
2021-03-17 00:00:00+0000,162.27,164.15,161.48,163.51,10324743.0
2021-03-18 00:00:00+0000,161.15,162.82,161.11,162.56,7450917.0
2021-03-19 00:00:00+0000,162.56,163.43,162.42,163.24,5232903.0
2021-03-22 00:00:00+0000,162.27,163.13,162.16,163.0,3492140.0
2021-03-23 00:00:00+0000,162.45,162.49,161.59,161.81,4789792.0
2021-03-24 00:00:00+0000,162.21,162.89,161.94,162.37,4781568.0
2021-03-25 00:00:00+0000,163.06,163.58,161.32,161.78,6655384.0
2021-03-26 00:00:00+0000,161.71,162.73,161.64,162.24,4474121.0
2021-03-29 00:00:00+0000,161.46,161.52,159.83,160.31,5871362.0
2021-03-30 00:00:00+0000,157.94,158.2,157.55,157.57,6367857.0
2021-03-31 00:00:00+0000,158.06,160.68,158.05,159.96,7422397.0
2021-04-01 00:00:00+0000,161.56,162.11,161.28,161.98,5519409.0
2021-04-05 00:00:00+0000,161.52,162.41,161.36,161.92,5180911.0
2021-04-06 00:00:00+0000,162.79,163.53,162.75,163.22,5434635.0
2021-04-07 00:00:00+0000,162.82,163.31,162.5,162.76,3610995.0
2021-04-08 00:00:00+0000,164.17,164.77,164.14,164.51,5356472.0
2021-04-09 00:00:00+0000,162.75,163.66,162.48,163.27,5220374.0
2021-04-12 00:00:00+0000,162.73,162.8,161.81,162.28,3855894.0
2021-04-13 00:00:00+0000,163.21,163.85,163.03,163.43,5263863.0
2021-04-14 00:00:00+0000,162.77,163.05,162.3,162.72,4408849.0
2021-04-15 00:00:00+0000,164.07,165.79,164.03,165.35,6816816.0
2021-04-16 00:00:00+0000,166.24,166.82,165.94,166.35,7503294.0
2021-04-19 00:00:00+0000,165.91,166.44,165.72,165.89,4826469.0
2021-04-20 00:00:00+0000,165.65,166.81,165.62,166.48,5567724.0
2021-04-21 00:00:00+0000,167.18,168.39,167.15,168.13,7138072.0
2021-04-22 00:00:00+0000,167.11,167.53,166.49,167.04,6345677.0
2021-04-23 00:00:00+0000,167.37,167.53,165.78,166.4,6019632.0
2021-04-26 00:00:00+0000,166.63,166.87,166.05,166.84,3959307.0
2021-04-27 00:00:00+0000,166.92,167.15,166.28,166.42,4542059.0
2021-04-28 00:00:00+0000,165.75,166.96,165.49,166.91,5415776.0
2021-04-29 00:00:00+0000,165.58,166.26,164.47,166.22,7165362.0
2021-04-30 00:00:00+0000,165.86,166.0,165.24,165.66,5042309.0
2021-05-03 00:00:00+0000,167.61,168.43,167.41,167.81,6806636.0
2021-05-04 00:00:00+0000,167.69,168.55,165.5,166.58,8484555.0
2021-05-05 00:00:00+0000,166.63,167.31,166.61,167.27,5041985.0
2021-05-06 00:00:00+0000,167.95,170.29,167.92,170.06,11320831.0
2021-05-07 00:00:00+0000,171.53,172.56,171.0,171.59,10622631.0
2021-05-10 00:00:00+0000,172.74,172.84,171.78,172.11,6693999.0
2021-05-11 00:00:00+0000,170.56,172.17,170.27,172.14,6809129.0
2021-05-12 00:00:00+0000,171.43,171.84,170.34,170.43,9347989.0
2021-05-13 00:00:00+0000,170.35,171.27,170.22,171.13,6401995.0
2021-05-14 00:00:00+0000,172.05,172.7,171.82,172.69,7635253.0
2021-05-17 00:00:00+0000,173.3,175.0,173.28,174.7,9803463.0
2021-05-18 00:00:00+0000,175.18,175.21,174.46,175.04,5961960.0
2021-05-19 00:00:00+0000,175.14,177.0,174.34,175.16,16621897.0
2021-05-20 00:00:00+0000,175.32,176.46,175.11,175.96,8402137.0
2021-05-21 00:00:00+0000,176.58,176.87,175.14,176.04,6342638.0
2021-05-24 00:00:00+0000,176.15,176.59,175.87,176.35,4305283.0
2021-05-25 00:00:00+0000,176.15,177.95,176.04,177.95,6869535.0
2021-05-26 00:00:00+0000,178.37,178.61,177.04,177.64,6951498.0
2021-05-27 00:00:00+0000,177.4,177.82,176.81,177.71,5804940.0
2021-05-28 00:00:00+0000,177.46,178.43,177.24,178.38,6683632.0
2021-06-01 00:00:00+0000,178.76,178.85,177.19,177.9,7484773.0
2021-06-02 00:00:00+0000,178.34,178.78,177.97,178.77,4726446.0
2021-06-03 00:00:00+0000,175.83,175.83,174.66,175.27,7764150.0
2021-06-04 00:00:00+0000,176.65,177.57,176.61,177.16,5724476.0
2021-06-07 00:00:00+0000,176.96,177.9,176.63,177.87,4666155.0
2021-06-08 00:00:00+0000,177.23,177.54,176.37,177.32,4800359.0
2021-06-09 00:00:00+0000,177.38,177.8,176.78,176.98,4906572.0
2021-06-10 00:00:00+0000,176.7,177.85,176.48,177.74,6810386.0
2021-06-11 00:00:00+0000,176.33,176.57,175.48,175.74,6025337.0
2021-06-14 00:00:00+0000,173.16,175.06,172.95,174.71,5879384.0
2021-06-15 00:00:00+0000,174.78,174.92,173.34,174.05,5660099.0
2021-06-16 00:00:00+0000,173.91,174.47,171.03,171.11,13057968.0
2021-06-17 00:00:00+0000,167.02,167.62,165.44,165.85,20326006.0
2021-06-18 00:00:00+0000,166.14,166.72,164.87,164.93,9581637.0
2021-06-21 00:00:00+0000,166.52,167.23,166.0,166.95,5761775.0
2021-06-22 00:00:00+0000,166.35,166.92,166.01,166.25,5429481.0
2021-06-23 00:00:00+0000,166.97,168.03,165.97,166.14,6693137.0
2021-06-24 00:00:00+0000,167.0,167.23,166.01,166.04,5811720.0
2021-06-25 00:00:00+0000,167.45,167.53,166.29,166.59,5735242.0
2021-06-28 00:00:00+0000,166.68,166.91,166.35,166.58,4137197.0
2021-06-29 00:00:00+0000,164.34,165.28,164.01,164.83,5857723.0
2021-06-30 00:00:00+0000,164.57,166.1,164.29,165.63,5709939.0
2021-07-01 00:00:00+0000,166.65,166.88,165.5,166.2,5748996.0
2021-07-02 00:00:00+0000,167.35,167.72,166.4,167.29,5446125.0
2021-07-06 00:00:00+0000,169.27,169.65,167.54,168.12,6107523.0
2021-07-07 00:00:00+0000,168.72,169.23,168.19,168.76,5794832.0
2021-07-08 00:00:00+0000,169.82,169.86,167.91,168.65,5893853.0
2021-07-09 00:00:00+0000,168.84,169.62,168.66,169.21,4069152.0
2021-07-12 00:00:00+0000,168.7,169.16,167.64,169.0,5260902.0
2021-07-13 00:00:00+0000,169.49,169.9,168.93,169.22,5184780.0
2021-07-14 00:00:00+0000,170.88,171.04,170.28,171.04,6494723.0
2021-07-15 00:00:00+0000,170.89,171.3,170.34,171.07,5202664.0
2021-07-16 00:00:00+0000,170.65,170.95,169.28,169.41,7319850.0
2021-07-19 00:00:00+0000,169.51,169.91,168.89,169.61,5468138.0
2021-07-20 00:00:00+0000,170.51,170.8,168.92,169.39,5404924.0
2021-07-21 00:00:00+0000,168.33,169.0,168.14,168.76,3484160.0
2021-07-22 00:00:00+0000,168.49,169.2,168.06,169.09,3671520.0
2021-07-23 00:00:00+0000,168.5,168.88,167.95,168.56,4509636.0
2021-07-26 00:00:00+0000,168.58,168.86,168.08,168.16,4042837.0
2021-07-27 00:00:00+0000,168.73,168.91,167.93,168.44,4440550.0
2021-07-28 00:00:00+0000,168.26,169.38,167.72,169.29,6747338.0
2021-07-29 00:00:00+0000,170.7,171.52,170.67,171.17,6504123.0
2021-07-30 00:00:00+0000,170.72,170.99,169.38,169.82,5214323.0
2021-08-02 00:00:00+0000,169.3,170.25,169.1,169.61,7890628.0
2021-08-03 00:00:00+0000,169.42,169.83,169.21,169.49,4208668.0
2021-08-04 00:00:00+0000,171.28,171.4,168.99,169.53,7942837.0
2021-08-05 00:00:00+0000,169.37,169.44,168.2,168.86,6280279.0
2021-08-06 00:00:00+0000,165.84,165.93,164.55,164.64,10655592.0
2021-08-09 00:00:00+0000,163.01,163.3,161.26,161.72,8883121.0
2021-08-10 00:00:00+0000,161.39,162.11,160.68,161.77,5455884.0
2021-08-11 00:00:00+0000,163.15,164.17,162.68,164.0,6096777.0
2021-08-12 00:00:00+0000,163.65,164.1,162.93,164.04,4200699.0
2021-08-13 00:00:00+0000,165.02,166.46,164.89,166.39,6015946.0
2021-08-16 00:00:00+0000,166.73,167.39,166.59,167.22,5888289.0
2021-08-17 00:00:00+0000,167.29,167.73,166.56,166.97,5962775.0
2021-08-18 00:00:00+0000,167.22,167.51,166.26,167.1,6548612.0
2021-08-19 00:00:00+0000,167.24,167.29,166.16,166.61,5255706.0
2021-08-20 00:00:00+0000,166.8,167.14,166.36,166.7,4595341.0
2021-08-23 00:00:00+0000,168.82,168.91,167.96,168.73,5884093.0
2021-08-24 00:00:00+0000,169.04,169.27,168.52,168.65,3681044.0
2021-08-25 00:00:00+0000,167.88,167.92,166.74,167.48,4509668.0
2021-08-26 00:00:00+0000,167.21,168.21,166.83,167.67,3542733.0
2021-08-27 00:00:00+0000,167.58,170.19,166.87,170.19,7976817.0
2021-08-30 00:00:00+0000,169.66,169.84,169.09,169.35,3048524.0
2021-08-31 00:00:00+0000,169.23,169.92,168.75,169.69,4699507.0
2021-09-01 00:00:00+0000,169.94,170.0,169.16,169.7,3696202.0
2021-09-02 00:00:00+0000,169.5,169.63,168.82,169.25,3852563.0
2021-09-03 00:00:00+0000,170.59,171.55,170.15,171.06,6281436.0
2021-09-07 00:00:00+0000,169.56,169.78,167.63,167.71,8064102.0
2021-09-08 00:00:00+0000,168.0,168.08,166.7,167.29,5315424.0
2021-09-09 00:00:00+0000,168.17,168.28,166.83,168.03,5459994.0
2021-09-10 00:00:00+0000,167.81,168.08,167.14,167.18,5865478.0
2021-09-13 00:00:00+0000,167.47,168.22,167.39,167.74,4502014.0
2021-09-14 00:00:00+0000,168.22,169.16,167.48,168.82,6237141.0
2021-09-15 00:00:00+0000,168.13,168.36,167.45,167.83,4441971.0
2021-09-16 00:00:00+0000,164.39,164.44,163.23,164.03,9524027.0
2021-09-17 00:00:00+0000,163.86,164.32,163.4,163.77,6013039.0
2021-09-20 00:00:00+0000,164.29,165.28,164.07,164.94,5789237.0
2021-09-21 00:00:00+0000,165.81,166.63,165.49,166.04,5776061.0
2021-09-22 00:00:00+0000,165.89,167.15,165.03,165.42,7408628.0
2021-09-23 00:00:00+0000,164.1,164.2,163.27,163.51,6665394.0
2021-09-24 00:00:00+0000,163.0,164.0,162.74,163.3,5074419.0
2021-09-27 00:00:00+0000,163.88,164.37,163.51,163.64,3873707.0
2021-09-28 00:00:00+0000,162.73,162.82,161.73,162.05,7365826.0
2021-09-29 00:00:00+0000,162.35,162.74,160.97,161.32,6491289.0
2021-09-30 00:00:00+0000,162.66,164.95,162.34,164.22,8183434.0
2021-10-01 00:00:00+0000,164.27,164.96,163.88,164.59,5312903.0
2021-10-04 00:00:00+0000,163.69,165.54,163.47,165.36,6023844.0
2021-10-05 00:00:00+0000,163.94,164.85,163.49,164.59,4614044.0
2021-10-06 00:00:00+0000,164.23,165.06,164.15,165.03,4271357.0
2021-10-07 00:00:00+0000,164.02,164.86,163.96,164.16,3628443.0
2021-10-08 00:00:00+0000,166.32,166.42,164.13,164.23,6940231.0
2021-10-11 00:00:00+0000,164.04,164.58,163.91,163.92,3235497.0
2021-10-12 00:00:00+0000,164.57,165.44,164.31,164.66,4374009.0
2021-10-13 00:00:00+0000,165.28,167.92,165.28,167.59,8894266.0
2021-10-14 00:00:00+0000,168.19,168.22,167.71,168.0,3856122.0
2021-10-15 00:00:00+0000,165.39,166.09,165.1,165.33,6457755.0
2021-10-18 00:00:00+0000,165.42,165.59,164.81,164.92,3091871.0
2021-10-19 00:00:00+0000,166.5,166.5,165.2,165.45,4930451.0
2021-10-20 00:00:00+0000,166.21,167.11,165.92,166.9,3864207.0
2021-10-21 00:00:00+0000,166.7,166.94,166.24,166.75,3455815.0
2021-10-22 00:00:00+0000,168.67,169.54,166.67,167.77,8862635.0
2021-10-25 00:00:00+0000,168.66,169.21,168.53,168.93,3825636.0
2021-10-26 00:00:00+0000,167.88,167.91,166.63,167.68,5359013.0
2021-10-27 00:00:00+0000,167.73,168.2,166.86,168.12,4410072.0
2021-10-28 00:00:00+0000,168.98,169.25,167.53,168.08,4889842.0
2021-10-29 00:00:00+0000,166.29,166.73,165.64,166.65,5473305.0
2021-11-01 00:00:00+0000,167.38,167.84,166.91,167.52,3755514.0
2021-11-02 00:00:00+0000,167.46,167.63,166.96,167.16,2707036.0
2021-11-03 00:00:00+0000,165.32,165.95,164.38,165.77,6759770.0
2021-11-04 00:00:00+0000,167.51,168.14,167.37,167.65,5336609.0
2021-11-05 00:00:00+0000,168.42,169.94,167.85,169.84,7385866.0
2021-11-08 00:00:00+0000,170.43,170.7,170.06,170.45,3828678.0
2021-11-09 00:00:00+0000,170.73,171.31,170.12,171.29,4391615.0
2021-11-10 00:00:00+0000,173.68,174.65,172.11,173.15,8639198.0
2021-11-11 00:00:00+0000,173.97,174.27,173.74,174.12,4369732.0
2021-11-12 00:00:00+0000,173.51,174.67,173.4,174.45,6093008.0
2021-11-15 00:00:00+0000,174.1,174.59,173.69,174.18,4028752.0
2021-11-16 00:00:00+0000,173.97,174.48,172.86,172.92,6865839.0
2021-11-17 00:00:00+0000,174.24,174.61,173.89,174.5,4064876.0
2021-11-18 00:00:00+0000,173.96,174.36,173.53,173.94,4896420.0
2021-11-19 00:00:00+0000,173.69,174.1,172.23,172.61,6643723.0
2021-11-22 00:00:00+0000,169.9,170.44,168.42,168.74,10332309.0
2021-11-23 00:00:00+0000,167.28,167.6,166.53,167.28,5622246.0
2021-11-24 00:00:00+0000,166.58,167.44,166.32,167.12,3974673.0
2021-11-26 00:00:00+0000,168.64,168.64,166.37,166.85,7420970.0
2021-11-29 00:00:00+0000,166.84,167.26,166.38,166.62,5217433.0
2021-11-30 00:00:00+0000,167.77,169.01,165.37,165.5,10354240.0
2021-12-01 00:00:00+0000,166.84,167.47,166.06,166.16,6140398.0
2021-12-02 00:00:00+0000,165.89,165.95,164.63,165.24,7222052.0
2021-12-03 00:00:00+0000,165.49,166.93,165.0,166.63,7100821.0
2021-12-06 00:00:00+0000,166.14,166.8,165.93,166.22,3902293.0
2021-12-07 00:00:00+0000,166.2,167.08,166.18,166.81,3567917.0
2021-12-08 00:00:00+0000,166.51,166.96,166.28,166.9,3244313.0
2021-12-09 00:00:00+0000,166.54,166.58,165.65,165.88,3921470.0
2021-12-10 00:00:00+0000,166.72,166.92,166.18,166.58,4812679.0
2021-12-13 00:00:00+0000,166.9,167.26,166.67,167.0,4620224.0
2021-12-14 00:00:00+0000,165.34,166.14,165.16,165.44,6800686.0
2021-12-15 00:00:00+0000,165.29,166.4,163.8,166.15,11412742.0
2021-12-16 00:00:00+0000,167.01,168.18,166.94,168.16,8982838.0
2021-12-17 00:00:00+0000,168.73,169.13,167.78,167.8,6721501.0
2021-12-20 00:00:00+0000,167.88,168.0,167.06,167.09,5607064.0
2021-12-21 00:00:00+0000,167.69,167.78,166.74,167.02,3530044.0
2021-12-22 00:00:00+0000,167.58,168.64,167.11,168.59,3619950.0
2021-12-23 00:00:00+0000,168.69,169.16,168.01,168.97,3490116.0
2021-12-27 00:00:00+0000,168.96,169.42,168.78,169.37,3504330.0
2021-12-28 00:00:00+0000,169.33,169.65,168.62,168.64,3237776.0
2021-12-29 00:00:00+0000,167.36,168.69,167.28,168.59,4668899.0
2021-12-30 00:00:00+0000,168.43,169.81,168.37,169.8,4116768.0
2021-12-31 00:00:00+0000,170.53,171.04,170.04,170.96,5108302.0
2022-01-03 00:00:00+0000,168.86,169.01,168.0,168.33,7166902.0
2022-01-04 00:00:00+0000,168.9,169.72,168.73,169.57,5376833.0
2022-01-05 00:00:00+0000,170.62,170.93,168.9,169.06,6865365.0
2022-01-06 00:00:00+0000,167.16,167.75,166.86,166.99,8000981.0
2022-01-07 00:00:00+0000,167.37,168.01,166.86,167.75,6318601.0
2022-01-10 00:00:00+0000,167.36,168.3,167.31,168.26,5298936.0
2022-01-11 00:00:00+0000,168.44,170.31,168.37,170.29,6309894.0
2022-01-12 00:00:00+0000,170.19,170.75,170.01,170.74,4900365.0
2022-01-13 00:00:00+0000,170.09,170.22,169.27,170.16,5314978.0
2022-01-14 00:00:00+0000,170.22,170.56,169.47,169.67,6360041.0
2022-01-18 00:00:00+0000,169.64,170.01,169.09,169.39,6791346.0
2022-01-19 00:00:00+0000,170.39,172.19,170.2,172.08,12869013.0
2022-01-20 00:00:00+0000,172.31,172.6,171.58,171.65,7150682.0
2022-01-21 00:00:00+0000,172.04,172.12,170.74,171.09,8782762.0
2022-01-24 00:00:00+0000,171.78,172.14,170.85,172.03,11423416.0
2022-01-25 00:00:00+0000,171.95,173.15,171.77,172.58,13638765.0
2022-01-26 00:00:00+0000,171.39,171.73,169.48,169.79,14012033.0
2022-01-27 00:00:00+0000,168.02,169.09,167.32,167.6,12091032.0
2022-01-28 00:00:00+0000,166.56,167.46,166.36,167.1,7641185.0
2022-01-31 00:00:00+0000,167.79,168.14,167.46,168.09,5839865.0
2022-02-01 00:00:00+0000,168.57,168.85,167.87,168.23,7229078.0
2022-02-02 00:00:00+0000,168.34,169.12,168.15,168.84,5883804.0
2022-02-03 00:00:00+0000,168.31,168.82,167.03,168.6,7511717.0
2022-02-04 00:00:00+0000,168.04,169.1,167.99,168.86,5620955.0
2022-02-07 00:00:00+0000,169.45,170.3,169.19,170.11,6370800.0
2022-02-08 00:00:00+0000,170.1,170.78,169.95,170.63,4690230.0
2022-02-09 00:00:00+0000,170.68,171.42,170.55,171.21,6461173.0
2022-02-10 00:00:00+0000,170.52,171.99,170.46,170.56,7998218.0
2022-02-11 00:00:00+0000,170.75,174.2,170.71,173.81,21060559.0
2022-02-14 00:00:00+0000,173.78,175.0,173.68,174.74,11120623.0
2022-02-15 00:00:00+0000,173.07,173.34,172.39,173.08,9644106.0
2022-02-16 00:00:00+0000,173.49,174.86,173.48,174.86,9895073.0
2022-02-17 00:00:00+0000,176.7,177.53,176.39,177.25,14644732.0
2022-02-18 00:00:00+0000,177.07,177.25,176.51,177.12,10573680.0
2022-02-22 00:00:00+0000,177.67,178.07,176.81,177.49,12658311.0
2022-02-23 00:00:00+0000,177.39,178.39,177.36,178.29,9584287.0
2022-02-24 00:00:00+0000,182.59,182.6,175.27,177.14,26873856.0
2022-02-25 00:00:00+0000,176.42,176.79,175.79,176.55,9249367.0
2022-02-28 00:00:00+0000,178.86,178.99,176.5,178.38,12961091.0
2022-03-01 00:00:00+0000,179.05,181.76,179.03,181.62,17534381.0
2022-03-02 00:00:00+0000,180.13,180.71,178.78,179.73,15277625.0
2022-03-03 00:00:00+0000,179.96,181.3,179.5,180.8,11203803.0
2022-03-04 00:00:00+0000,182.11,183.98,181.36,183.68,17708300.0
2022-03-07 00:00:00+0000,184.4,186.64,184.22,186.41,21326883.0
2022-03-08 00:00:00+0000,188.38,193.3,188.26,191.51,36858986.0
2022-03-09 00:00:00+0000,186.04,187.23,184.76,185.82,21921324.0
2022-03-10 00:00:00+0000,186.88,187.38,184.99,186.4,12418881.0
2022-03-11 00:00:00+0000,183.74,185.78,183.44,185.09,12204575.0
2022-03-14 00:00:00+0000,183.03,183.29,181.95,182.3,10586660.0
2022-03-15 00:00:00+0000,179.1,180.27,178.01,178.89,13756971.0
2022-03-16 00:00:00+0000,179.13,180.12,176.87,180.01,15037542.0
2022-03-17 00:00:00+0000,181.16,182.03,180.65,180.89,8940239.0
2022-03-18 00:00:00+0000,179.93,180.93,179.03,179.3,10341448.0
2022-03-21 00:00:00+0000,179.33,181.29,179.32,180.67,7521588.0
2022-03-22 00:00:00+0000,179.6,179.71,178.32,179.36,7773144.0
2022-03-23 00:00:00+0000,180.29,181.89,179.76,181.81,9071380.0
2022-03-24 00:00:00+0000,182.35,183.51,181.77,183.13,8057124.0
2022-03-25 00:00:00+0000,181.81,183.13,181.35,182.38,6170832.0
2022-03-28 00:00:00+0000,180.38,181.33,178.85,179.06,7333319.0
2022-03-29 00:00:00+0000,177.02,179.33,176.69,179.14,7758893.0
2022-03-30 00:00:00+0000,179.76,180.92,179.68,180.58,6448420.0
2022-03-31 00:00:00+0000,180.91,181.96,180.56,180.65,6600132.0
2022-04-01 00:00:00+0000,179.55,180.46,178.98,179.5,9813448.0
2022-04-04 00:00:00+0000,180.24,180.81,179.58,180.37,5546920.0
2022-04-05 00:00:00+0000,180.91,181.49,178.93,179.24,8339088.0
2022-04-06 00:00:00+0000,179.78,180.31,178.7,179.66,7319369.0
2022-04-07 00:00:00+0000,179.87,180.88,179.8,180.34,8145243.0
2022-04-08 00:00:00+0000,180.52,181.82,180.52,181.47,8124374.0
2022-04-11 00:00:00+0000,183.17,183.33,181.11,182.37,8299198.0
2022-04-12 00:00:00+0000,184.04,184.64,182.96,183.77,9526500.0
2022-04-13 00:00:00+0000,184.52,184.94,184.13,184.65,6739847.0
2022-04-14 00:00:00+0000,184.28,184.41,182.88,184.04,6891557.0
2022-04-18 00:00:00+0000,185.95,186.1,184.39,184.61,6825787.0
2022-04-19 00:00:00+0000,183.19,183.66,181.33,181.82,8044662.0
2022-04-20 00:00:00+0000,181.59,182.72,181.35,182.71,5657879.0
2022-04-21 00:00:00+0000,181.77,182.32,180.77,182.06,6628881.0
2022-04-22 00:00:00+0000,180.72,181.61,179.74,180.29,6793438.0
2022-04-25 00:00:00+0000,177.17,177.51,176.48,177.05,10100335.0
2022-04-26 00:00:00+0000,177.95,178.3,176.91,177.32,6636358.0
2022-04-27 00:00:00+0000,176.46,176.64,175.5,175.98,7101777.0
2022-04-28 00:00:00+0000,175.92,176.97,175.69,176.93,5094436.0
2022-04-29 00:00:00+0000,178.07,178.62,176.71,176.91,6033878.0
2022-05-02 00:00:00+0000,173.61,174.65,172.98,173.63,11435065.0
2022-05-03 00:00:00+0000,173.89,175.21,173.85,174.09,5150323.0
2022-05-04 00:00:00+0000,174.32,176.35,173.67,175.8,7806886.0
2022-05-05 00:00:00+0000,177.56,177.61,174.66,175.13,9327212.0
2022-05-06 00:00:00+0000,175.39,176.56,174.86,175.42,5748375.0
2022-05-09 00:00:00+0000,174.27,174.27,172.79,172.88,8483562.0
2022-05-10 00:00:00+0000,173.8,173.96,171.2,171.42,8626906.0
2022-05-11 00:00:00+0000,172.53,173.32,172.2,172.82,7613854.0
2022-05-12 00:00:00+0000,172.07,172.4,169.9,170.17,9141073.0
2022-05-13 00:00:00+0000,168.31,169.62,168.01,168.79,10386296.0
2022-05-16 00:00:00+0000,168.43,170.43,168.34,170.4,5529737.0
2022-05-17 00:00:00+0000,170.44,170.53,169.14,169.33,4691953.0
2022-05-18 00:00:00+0000,169.01,170.21,168.81,169.42,6148330.0
2022-05-19 00:00:00+0000,171.55,172.52,170.89,171.91,8873367.0
2022-05-20 00:00:00+0000,171.71,172.24,170.89,172.03,4991761.0
2022-05-23 00:00:00+0000,173.13,173.38,172.28,172.83,4020650.0
2022-05-24 00:00:00+0000,173.47,174.41,173.35,174.13,5351255.0
2022-05-25 00:00:00+0000,172.79,173.16,171.73,173.08,3061790.0
2022-05-26 00:00:00+0000,172.13,172.93,171.76,172.76,5336782.0
2022-05-27 00:00:00+0000,173.49,173.52,172.64,172.85,2839255.0
2022-05-31 00:00:00+0000,172.71,173.07,171.08,171.14,5001736.0
2022-06-01 00:00:00+0000,172.21,172.53,171.39,172.23,4847365.0
2022-06-02 00:00:00+0000,173.74,174.45,173.49,174.35,4350902.0
2022-06-03 00:00:00+0000,173.53,173.97,172.25,172.58,4450325.0
2022-06-06 00:00:00+0000,172.81,172.89,171.65,171.82,2797992.0
2022-06-07 00:00:00+0000,172.11,173.05,171.98,172.94,3066813.0
2022-06-08 00:00:00+0000,172.89,173.45,172.67,172.77,3988821.0
2022-06-09 00:00:00+0000,172.45,172.59,171.58,172.23,3606367.0
2022-06-10 00:00:00+0000,170.89,174.94,170.46,174.54,13770069.0
2022-06-13 00:00:00+0000,171.18,171.34,169.61,169.93,10084312.0
2022-06-14 00:00:00+0000,169.61,169.74,168.3,168.57,5283681.0
2022-06-15 00:00:00+0000,170.45,171.84,169.08,170.77,6939177.0
2022-06-16 00:00:00+0000,170.56,172.77,170.17,172.69,7341022.0
2022-06-17 00:00:00+0000,172.15,172.3,170.97,171.27,5223790.0
2022-06-21 00:00:00+0000,171.06,171.91,170.47,170.63,3206299.0
2022-06-22 00:00:00+0000,171.61,172.3,171.1,171.31,4694770.0
2022-06-23 00:00:00+0000,171.39,172.13,169.9,170.26,4868835.0
2022-06-24 00:00:00+0000,170.24,170.75,169.85,170.09,4788224.0
2022-06-27 00:00:00+0000,170.59,170.67,169.75,169.9,3984618.0
2022-06-28 00:00:00+0000,170.07,170.21,169.51,169.62,2254740.0
2022-06-29 00:00:00+0000,170.58,170.7,169.17,169.49,3788386.0
2022-06-30 00:00:00+0000,169.51,169.96,168.24,168.46,6038595.0
2022-07-01 00:00:00+0000,167.14,168.68,166.96,168.32,9348728.0
2022-07-05 00:00:00+0000,167.18,167.33,164.41,164.75,10737060.0
2022-07-06 00:00:00+0000,164.32,164.57,161.47,162.14,8250386.0
2022-07-07 00:00:00+0000,162.43,163.04,162.06,162.23,3628933.0
2022-07-08 00:00:00+0000,162.35,163.38,161.84,162.3,3380265.0
2022-07-11 00:00:00+0000,161.93,162.44,161.37,161.43,3180300.0
2022-07-12 00:00:00+0000,161.22,161.62,160.72,160.83,4069520.0
2022-07-13 00:00:00+0000,160.1,162.71,160.06,161.6,6486713.0
2022-07-14 00:00:00+0000,159.02,159.83,158.22,159.33,8202686.0
2022-07-15 00:00:00+0000,159.01,159.25,158.35,159.01,4527018.0
2022-07-18 00:00:00+0000,160.08,160.43,159.05,159.16,4259200.0
2022-07-19 00:00:00+0000,159.47,159.87,159.33,159.54,2602435.0
2022-07-20 00:00:00+0000,159.71,159.82,158.02,158.04,3784346.0
2022-07-21 00:00:00+0000,158.31,160.31,158.26,160.27,4160561.0
2022-07-22 00:00:00+0000,160.55,162.13,160.35,160.67,4413805.0
2022-07-25 00:00:00+0000,160.64,160.7,159.81,160.23,2489357.0
2022-07-26 00:00:00+0000,160.23,160.5,159.79,160.04,1811560.0
2022-07-27 00:00:00+0000,160.02,162.21,159.51,161.67,4129585.0
2022-07-28 00:00:00+0000,163.31,163.76,162.88,163.64,4032291.0
2022-07-29 00:00:00+0000,163.89,164.69,163.28,164.1,4789898.0
2022-08-01 00:00:00+0000,164.98,165.41,164.41,165.03,3549796.0
2022-08-02 00:00:00+0000,165.66,166.46,164.02,164.05,3533106.0
2022-08-03 00:00:00+0000,164.77,164.91,163.47,164.45,3447394.0
2022-08-04 00:00:00+0000,165.53,167.31,165.34,167.17,3982655.0
2022-08-05 00:00:00+0000,164.99,165.84,164.87,165.29,3303778.0
2022-08-08 00:00:00+0000,166.03,166.82,165.93,166.69,2603687.0
2022-08-09 00:00:00+0000,167.48,167.8,166.82,167.2,2342894.0
2022-08-10 00:00:00+0000,167.39,167.98,166.62,166.78,2936834.0
2022-08-11 00:00:00+0000,167.16,167.66,166.31,166.34,3264526.0
2022-08-12 00:00:00+0000,167.17,167.94,166.83,167.87,3949965.0
2022-08-15 00:00:00+0000,166.01,166.25,165.44,165.71,3999864.0
2022-08-16 00:00:00+0000,165.31,165.72,165.18,165.42,3374378.0
2022-08-17 00:00:00+0000,165.21,165.23,163.95,164.35,4284787.0
2022-08-18 00:00:00+0000,164.6,164.92,163.54,163.92,2769948.0
2022-08-19 00:00:00+0000,163.65,163.74,162.61,162.72,5490849.0
2022-08-22 00:00:00+0000,161.66,162.12,161.36,161.64,2954705.0
2022-08-23 00:00:00+0000,161.96,163.43,161.91,162.77,3113953.0
2022-08-24 00:00:00+0000,162.44,163.61,162.37,163.25,2433214.0
2022-08-25 00:00:00+0000,163.97,163.99,163.24,163.75,2119929.0
2022-08-26 00:00:00+0000,163.12,163.61,161.55,161.76,4506898.0
2022-08-29 00:00:00+0000,161.88,162.62,161.7,161.86,2992885.0
2022-08-30 00:00:00+0000,161.27,161.43,160.34,160.51,3419479.0
2022-08-31 00:00:00+0000,159.5,160.58,159.25,159.27,4346271.0
2022-09-01 00:00:00+0000,158.17,158.39,157.32,157.87,5165112.0
2022-09-02 00:00:00+0000,159.34,160.06,159.14,159.26,3735476.0
2022-09-06 00:00:00+0000,159.17,159.46,158.32,158.33,3598759.0
2022-09-07 00:00:00+0000,158.15,160.15,158.08,159.94,3040137.0
2022-09-08 00:00:00+0000,159.54,159.86,158.71,158.98,3431772.0
2022-09-09 00:00:00+0000,159.72,160.24,159.41,159.82,3041898.0
2022-09-12 00:00:00+0000,161.04,161.62,160.55,160.63,3618708.0
2022-09-13 00:00:00+0000,158.47,159.27,158.39,158.54,4835533.0
2022-09-14 00:00:00+0000,158.68,158.98,157.73,157.93,4828921.0
2022-09-15 00:00:00+0000,156.76,157.49,154.62,154.98,9866334.0
2022-09-16 00:00:00+0000,154.66,156.56,154.34,155.84,5447705.0
2022-09-19 00:00:00+0000,154.87,156.04,154.81,155.96,3992518.0
2022-09-20 00:00:00+0000,155.05,155.23,154.59,155.07,4415807.0
2022-09-21 00:00:00+0000,155.97,157.25,154.01,155.79,6141333.0
2022-09-22 00:00:00+0000,156.26,156.48,155.31,155.7,4869640.0
2022-09-23 00:00:00+0000,153.93,154.0,152.64,153.01,7780204.0
2022-09-26 00:00:00+0000,153.22,153.51,151.03,151.23,6669700.0
2022-09-27 00:00:00+0000,152.25,152.73,151.5,151.54,6119756.0
2022-09-28 00:00:00+0000,153.2,154.88,152.93,154.69,6702466.0
2022-09-29 00:00:00+0000,154.14,155.03,153.16,154.66,4924788.0
2022-09-30 00:00:00+0000,154.94,156.05,154.57,154.67,4911296.0
2022-10-03 00:00:00+0000,155.44,158.48,155.23,158.43,7657755.0
2022-10-04 00:00:00+0000,159.18,161.08,158.92,160.7,6257328.0
2022-10-05 00:00:00+0000,159.32,160.08,158.38,159.81,4173596.0
2022-10-06 00:00:00+0000,159.41,159.94,158.95,159.63,3922460.0
2022-10-07 00:00:00+0000,158.46,158.98,157.68,157.88,3931416.0
2022-10-10 00:00:00+0000,155.94,156.35,155.12,155.48,4552915.0
2022-10-11 00:00:00+0000,155.46,156.81,154.92,155.16,3823895.0
2022-10-12 00:00:00+0000,155.51,156.29,155.26,155.99,2321872.0
2022-10-13 00:00:00+0000,153.48,155.73,152.92,154.91,5073395.0
2022-10-14 00:00:00+0000,154.02,154.2,152.72,152.98,3630719.0
2022-10-17 00:00:00+0000,154.92,155.33,153.32,153.42,3586109.0
2022-10-18 00:00:00+0000,154.08,154.24,153.24,153.75,3282262.0
2022-10-19 00:00:00+0000,152.09,152.49,151.54,151.69,5344914.0
2022-10-20 00:00:00+0000,151.92,153.23,151.27,151.45,3569463.0
2022-10-21 00:00:00+0000,151.98,154.31,151.83,154.15,5107539.0
2022-10-24 00:00:00+0000,153.45,154.06,153.06,153.65,3505400.0
2022-10-25 00:00:00+0000,153.96,154.79,153.83,154.0,2648850.0
2022-10-26 00:00:00+0000,154.78,155.73,154.78,154.98,3346814.0
2022-10-27 00:00:00+0000,154.71,155.09,154.22,154.74,2482894.0
2022-10-28 00:00:00+0000,152.96,153.54,152.5,153.16,3645236.0
2022-10-31 00:00:00+0000,152.16,152.88,151.89,151.91,4943056.0
2022-11-01 00:00:00+0000,153.82,153.98,152.87,153.46,3547261.0
2022-11-02 00:00:00+0000,154.16,155.42,152.26,152.39,5797027.0
2022-11-03 00:00:00+0000,150.7,151.96,150.57,151.81,3882268.0
2022-11-04 00:00:00+0000,154.95,156.6,154.66,156.47,5951188.0
2022-11-07 00:00:00+0000,156.22,156.57,155.81,155.85,3154304.0
2022-11-08 00:00:00+0000,155.99,159.87,155.97,159.45,9494169.0
2022-11-09 00:00:00+0000,159.36,160.35,158.45,158.65,4547993.0
2022-11-10 00:00:00+0000,162.01,163.51,161.65,163.48,7163741.0
2022-11-11 00:00:00+0000,163.91,164.58,163.42,164.56,3106282.0
2022-11-14 00:00:00+0000,164.2,165.24,164.15,164.92,4091812.0
2022-11-15 00:00:00+0000,165.27,166.23,164.56,165.5,7717495.0
2022-11-16 00:00:00+0000,165.44,165.71,164.83,165.12,2702423.0
2022-11-17 00:00:00+0000,163.78,164.11,163.4,163.92,3053212.0
2022-11-18 00:00:00+0000,163.41,163.69,162.68,162.79,2413815.0
2022-11-21 00:00:00+0000,162.44,162.5,161.28,161.88,3093987.0
2022-11-22 00:00:00+0000,162.3,162.6,161.72,162.07,2319870.0
2022-11-23 00:00:00+0000,161.69,163.24,161.56,163.08,3308732.0
2022-11-25 00:00:00+0000,162.85,163.43,162.76,163.22,943839.0
2022-11-28 00:00:00+0000,162.93,163.06,161.91,161.93,3344205.0
2022-11-29 00:00:00+0000,162.7,163.63,162.6,162.73,2040747.0
2022-11-30 00:00:00+0000,163.69,164.81,162.4,164.81,3804530.0
2022-12-01 00:00:00+0000,167.48,167.95,166.97,167.84,6557503.0
2022-12-02 00:00:00+0000,166.18,167.47,165.76,167.26,3498389.0
2022-12-05 00:00:00+0000,166.55,166.72,164.32,164.39,4078338.0
2022-12-06 00:00:00+0000,165.24,165.54,164.45,164.84,2458610.0
2022-12-07 00:00:00+0000,165.47,166.64,165.31,166.33,3443129.0
2022-12-08 00:00:00+0000,166.58,167.05,166.07,166.47,1953552.0
2022-12-09 00:00:00+0000,167.26,168.09,166.6,167.06,2804955.0
2022-12-12 00:00:00+0000,166.44,166.6,165.43,165.68,2620654.0
2022-12-13 00:00:00+0000,169.21,169.79,168.02,168.51,5135169.0
2022-12-14 00:00:00+0000,168.43,168.81,167.14,168.1,4680099.0
2022-12-15 00:00:00+0000,165.73,166.21,165.1,165.35,5896967.0
2022-12-16 00:00:00+0000,166.02,166.98,165.84,166.79,4341226.0
2022-12-19 00:00:00+0000,166.71,167.11,165.99,166.32,2972352.0
2022-12-20 00:00:00+0000,168.1,169.53,168.03,169.08,5590001.0
2022-12-21 00:00:00+0000,169.04,169.71,168.67,168.8,3040988.0
2022-12-22 00:00:00+0000,167.76,167.77,166.06,166.76,4154090.0
2022-12-23 00:00:00+0000,166.88,167.8,166.66,167.26,2248500.0
2022-12-27 00:00:00+0000,167.89,170.61,167.8,168.67,5872659.0
2022-12-28 00:00:00+0000,168.0,168.34,167.1,167.91,2925280.0
2022-12-29 00:00:00+0000,168.54,169.35,168.52,168.85,2469813.0
2022-12-30 00:00:00+0000,169.26,169.9,168.79,169.64,2133890.0
2023-01-03 00:00:00+0000,171.32,172.09,170.02,171.06,5976092.0
2023-01-04 00:00:00+0000,172.86,173.09,171.84,172.67,5142015.0
2023-01-05 00:00:00+0000,170.82,171.0,169.79,170.52,3363465.0
2023-01-06 00:00:00+0000,171.76,173.96,171.23,173.71,5543358.0
2023-01-09 00:00:00+0000,174.53,175.04,173.88,174.1,3375300.0
2023-01-10 00:00:00+0000,174.61,174.98,174.06,174.74,3379427.0
2023-01-11 00:00:00+0000,174.76,174.79,173.72,174.62,2441779.0
2023-01-12 00:00:00+0000,176.01,176.71,174.88,176.64,5043792.0
2023-01-13 00:00:00+0000,176.96,178.83,176.89,178.76,5076869.0
2023-01-17 00:00:00+0000,178.21,178.24,177.09,177.59,5470604.0
2023-01-18 00:00:00+0000,178.92,179.18,176.9,177.08,4233867.0
2023-01-19 00:00:00+0000,178.37,180.03,178.09,179.89,5365693.0
2023-01-20 00:00:00+0000,179.06,179.66,178.64,179.29,3997537.0
2023-01-23 00:00:00+0000,178.35,179.69,177.78,179.63,3747631.0
2023-01-24 00:00:00+0000,179.56,180.32,178.35,180.28,3362526.0
2023-01-25 00:00:00+0000,179.35,181.22,179.29,181.11,4847945.0
2023-01-26 00:00:00+0000,180.15,180.27,178.46,179.47,4563619.0
2023-01-27 00:00:00+0000,179.27,179.72,178.26,179.22,3996644.0
2023-01-30 00:00:00+0000,179.29,179.43,178.65,178.76,2986702.0
2023-01-31 00:00:00+0000,178.82,179.61,178.54,179.41,3120068.0
2023-02-01 00:00:00+0000,179.75,181.73,178.63,181.67,6264735.0
2023-02-02 00:00:00+0000,181.08,181.11,177.74,177.9,6405659.0
2023-02-03 00:00:00+0000,174.92,175.43,173.12,173.46,9820978.0
2023-02-06 00:00:00+0000,174.11,174.46,173.28,173.82,5061215.0
2023-02-07 00:00:00+0000,173.72,175.27,173.47,173.98,5598753.0
2023-02-08 00:00:00+0000,174.94,174.99,173.83,174.41,2897397.0
2023-02-09 00:00:00+0000,175.49,175.52,172.87,173.03,3722234.0
2023-02-10 00:00:00+0000,173.63,173.68,172.63,173.36,2179439.0
2023-02-13 00:00:00+0000,172.7,172.91,172.07,172.48,2551683.0
2023-02-14 00:00:00+0000,171.99,173.51,171.41,172.61,4135442.0
2023-02-15 00:00:00+0000,170.6,170.99,170.16,170.89,4186023.0
2023-02-16 00:00:00+0000,170.34,171.6,169.96,170.75,3391904.0
2023-02-17 00:00:00+0000,169.87,171.47,169.52,171.26,3844458.0
2023-02-21 00:00:00+0000,171.2,171.5,170.34,170.62,3172512.0
2023-02-22 00:00:00+0000,170.81,170.96,169.56,169.66,3056445.0
2023-02-23 00:00:00+0000,169.84,170.13,169.08,169.57,4266647.0
2023-02-24 00:00:00+0000,168.42,168.84,168.19,168.35,4286367.0
2023-02-27 00:00:00+0000,168.88,169.23,168.55,169.01,3589499.0
2023-02-28 00:00:00+0000,168.78,170.25,168.59,169.78,5074343.0
2023-03-01 00:00:00+0000,170.95,171.49,170.47,170.76,5055722.0
2023-03-02 00:00:00+0000,170.52,170.98,170.36,170.66,3147558.0
2023-03-03 00:00:00+0000,171.45,172.6,170.98,172.49,5035723.0
2023-03-06 00:00:00+0000,172.32,172.37,171.54,171.62,2486050.0
2023-03-07 00:00:00+0000,170.42,170.47,168.52,168.62,7279402.0
2023-03-08 00:00:00+0000,168.61,169.59,168.52,168.54,3526714.0
2023-03-09 00:00:00+0000,169.75,170.65,169.71,170.2,4347438.0
2023-03-10 00:00:00+0000,171.93,173.88,171.92,173.87,10097902.0
2023-03-13 00:00:00+0000,176.66,178.02,176.3,177.86,15083376.0
2023-03-14 00:00:00+0000,177.35,177.59,176.21,176.83,7267307.0
2023-03-15 00:00:00+0000,178.83,180.13,177.49,178.21,11328534.0
2023-03-16 00:00:00+0000,179.51,179.66,177.87,178.57,8102212.0
2023-03-17 00:00:00+0000,181.02,184.81,180.77,183.77,17966846.0
2023-03-20 00:00:00+0000,184.19,184.54,182.74,183.84,8704549.0
2023-03-21 00:00:00+0000,182.65,182.73,179.9,180.37,8410665.0
2023-03-22 00:00:00+0000,180.4,183.94,180.28,183.44,8770202.0
2023-03-23 00:00:00+0000,183.91,186.24,183.59,185.74,8688970.0
2023-03-24 00:00:00+0000,185.61,185.99,183.62,183.65,7021476.0
2023-03-27 00:00:00+0000,181.15,182.15,180.69,181.95,5154024.0
2023-03-28 00:00:00+0000,182.31,183.62,182.12,183.44,4711713.0
2023-03-29 00:00:00+0000,182.49,183.27,182.24,182.53,3829905.0
2023-03-30 00:00:00+0000,182.75,184.45,182.55,184.18,4618551.0
2023-03-31 00:00:00+0000,184.11,184.42,182.8,183.22,5404166.0
2023-04-03 00:00:00+0000,183.85,185.04,183.32,184.54,6511636.0
2023-04-04 00:00:00+0000,184.72,188.23,184.66,187.98,11046075.0
2023-04-05 00:00:00+0000,188.34,188.86,186.78,187.83,8849370.0
2023-04-06 00:00:00+0000,186.89,187.26,185.95,186.49,4887990.0
2023-04-10 00:00:00+0000,185.18,185.36,184.19,185.11,4409135.0
2023-04-11 00:00:00+0000,185.91,186.51,185.63,186.28,4518372.0
2023-04-12 00:00:00+0000,187.54,187.66,185.97,187.19,6649304.0
2023-04-13 00:00:00+0000,189.76,190.41,188.99,189.72,10147423.0
2023-04-14 00:00:00+0000,188.08,188.49,185.17,186.36,9869618.0
2023-04-17 00:00:00+0000,185.89,185.93,184.1,185.53,6031017.0
2023-04-18 00:00:00+0000,185.24,186.99,185.04,186.25,5793491.0
2023-04-19 00:00:00+0000,184.35,185.58,184.28,185.36,5841389.0
2023-04-20 00:00:00+0000,186.14,187.03,185.78,186.09,4397261.0
2023-04-21 00:00:00+0000,184.98,185.68,183.22,184.25,8121533.0
2023-04-24 00:00:00+0000,184.11,185.03,183.46,184.81,6167512.0
2023-04-25 00:00:00+0000,184.87,186.23,184.3,185.75,6501058.0
2023-04-26 00:00:00+0000,186.63,186.65,184.3,184.74,5959971.0
2023-04-27 00:00:00+0000,183.9,184.99,183.38,184.75,5246894.0
2023-04-28 00:00:00+0000,184.79,185.38,184.17,184.8,4995859.0
2023-05-01 00:00:00+0000,186.08,186.22,183.91,183.97,6133516.0
2023-05-02 00:00:00+0000,184.65,187.64,184.51,187.52,10841817.0
2023-05-03 00:00:00+0000,187.61,189.21,186.93,189.11,8458540.0
2023-05-04 00:00:00+0000,188.86,191.36,188.81,190.44,10920702.0
2023-05-05 00:00:00+0000,186.56,187.58,185.77,187.46,9437116.0
2023-05-08 00:00:00+0000,187.82,188.67,187.49,187.69,4606572.0
2023-05-09 00:00:00+0000,188.12,189.33,188.07,189.02,4943494.0
2023-05-10 00:00:00+0000,188.98,189.64,187.82,188.75,6770654.0
2023-05-11 00:00:00+0000,188.44,188.81,186.86,187.13,6048055.0
2023-05-12 00:00:00+0000,187.43,187.92,186.58,186.81,5022691.0
2023-05-15 00:00:00+0000,187.3,187.88,187.03,187.21,3983291.0
2023-05-16 00:00:00+0000,186.58,186.82,184.46,184.87,7160571.0
2023-05-17 00:00:00+0000,184.31,184.45,183.48,184.23,5364496.0
2023-05-18 00:00:00+0000,182.1,182.28,181.33,181.84,6304762.0
2023-05-19 00:00:00+0000,182.25,184.34,181.81,183.64,6188529.0
2023-05-22 00:00:00+0000,183.22,183.84,182.91,183.21,3064187.0
2023-05-23 00:00:00+0000,182.78,183.76,182.48,183.43,3580902.0
2023-05-24 00:00:00+0000,183.54,183.54,181.77,181.95,5202185.0
2023-05-25 00:00:00+0000,181.18,181.31,180.1,180.2,5113409.0
2023-05-26 00:00:00+0000,181.01,181.3,180.09,180.92,3799029.0
2023-05-30 00:00:00+0000,181.72,182.4,181.17,182.04,3727631.0
2023-05-31 00:00:00+0000,182.39,183.45,182.1,182.32,6270267.0
2023-06-01 00:00:00+0000,182.81,184.21,182.72,183.76,5877998.0
2023-06-02 00:00:00+0000,183.53,183.56,180.96,181.05,6469183.0
2023-06-05 00:00:00+0000,180.79,182.44,180.6,182.14,4784533.0
2023-06-06 00:00:00+0000,182.36,182.65,181.52,182.34,3684191.0
2023-06-07 00:00:00+0000,181.94,183.0,180.15,180.15,6792650.0
2023-06-08 00:00:00+0000,182.0,183.04,181.96,182.53,4805116.0
2023-06-09 00:00:00+0000,182.36,182.79,181.72,182.04,3408116.0
2023-06-12 00:00:00+0000,181.8,181.94,181.04,181.88,3560554.0
2023-06-13 00:00:00+0000,182.1,182.43,180.16,180.54,3933030.0
2023-06-14 00:00:00+0000,181.69,181.96,180.14,180.64,5417783.0
2023-06-15 00:00:00+0000,180.28,182.05,180.18,181.91,5224542.0
2023-06-16 00:00:00+0000,181.93,182.62,181.41,181.63,4571503.0
2023-06-20 00:00:00+0000,180.06,180.09,179.22,179.75,5855806.0
2023-06-21 00:00:00+0000,179.15,179.95,178.19,179.49,5113479.0
2023-06-22 00:00:00+0000,178.36,178.99,177.63,177.71,6182677.0
2023-06-23 00:00:00+0000,179.6,179.95,178.09,178.2,4235835.0
2023-06-26 00:00:00+0000,179.05,179.08,178.42,178.51,2282615.0
2023-06-27 00:00:00+0000,179.07,179.29,177.43,177.69,3850118.0
2023-06-28 00:00:00+0000,177.23,177.69,176.7,177.28,4224549.0
2023-06-29 00:00:00+0000,175.83,177.63,175.79,177.09,4720677.0
2023-06-30 00:00:00+0000,177.69,178.53,177.32,178.27,4515870.0
2023-07-03 00:00:00+0000,178.61,179.34,178.46,178.47,2669918.0
2023-07-05 00:00:00+0000,179.4,179.42,177.82,177.84,4035485.0
2023-07-06 00:00:00+0000,177.51,177.8,176.66,177.31,3891149.0
2023-07-07 00:00:00+0000,178.36,179.65,178.35,178.64,3718496.0
2023-07-10 00:00:00+0000,178.37,178.92,178.26,178.78,2490772.0
2023-07-11 00:00:00+0000,179.43,179.71,179.13,179.45,1836324.0
2023-07-12 00:00:00+0000,181.18,181.95,181.1,181.88,5156081.0
2023-07-13 00:00:00+0000,181.96,182.15,181.49,182.01,3197660.0
2023-07-14 00:00:00+0000,181.61,182.17,181.11,181.43,3818952.0
2023-07-17 00:00:00+0000,180.99,181.64,180.64,181.56,2421774.0
2023-07-18 00:00:00+0000,182.79,184.23,182.32,183.64,6600231.0
2023-07-19 00:00:00+0000,183.45,183.84,182.87,183.67,3047391.0
2023-07-20 00:00:00+0000,183.73,183.77,182.47,182.74,3643995.0
2023-07-21 00:00:00+0000,182.06,182.46,181.68,182.18,2828256.0
2023-07-24 00:00:00+0000,182.22,182.54,181.34,181.4,3334183.0
2023-07-25 00:00:00+0000,181.72,182.47,181.1,182.41,2831329.0
2023-07-26 00:00:00+0000,182.66,183.64,182.31,183.3,4785598.0
2023-07-27 00:00:00+0000,181.64,181.64,180.32,180.42,6200498.0
2023-07-28 00:00:00+0000,181.48,182.27,181.25,181.86,2619686.0
2023-07-31 00:00:00+0000,182.43,183.09,182.31,182.35,4456613.0
2023-08-01 00:00:00+0000,180.85,181.38,180.19,180.46,4821987.0
2023-08-02 00:00:00+0000,180.57,180.79,179.41,179.6,4808572.0
2023-08-03 00:00:00+0000,179.44,179.95,179.28,179.54,3170243.0
2023-08-04 00:00:00+0000,180.25,180.77,179.85,180.19,4045205.0
2023-08-07 00:00:00+0000,180.15,180.15,179.27,179.78,2919695.0
2023-08-08 00:00:00+0000,178.64,179.33,178.46,178.64,4655865.0
2023-08-09 00:00:00+0000,178.68,178.92,177.78,177.79,3644856.0
2023-08-10 00:00:00+0000,178.22,178.7,177.54,177.6,4677848.0
2023-08-11 00:00:00+0000,177.7,178.36,177.49,177.6,4052099.0
2023-08-14 00:00:00+0000,176.86,177.58,176.57,177.06,4740223.0
2023-08-15 00:00:00+0000,176.75,177.43,176.33,176.59,5633164.0
2023-08-16 00:00:00+0000,176.64,176.95,175.56,175.57,4818021.0
2023-08-17 00:00:00+0000,176.53,176.56,174.93,175.3,6682727.0
2023-08-18 00:00:00+0000,175.83,176.06,175.1,175.33,4623109.0
2023-08-21 00:00:00+0000,175.9,175.94,174.96,175.81,3176989.0
2023-08-22 00:00:00+0000,175.83,176.25,175.31,176.1,3930700.0
2023-08-23 00:00:00+0000,177.32,178.22,177.07,177.89,6349303.0
2023-08-24 00:00:00+0000,177.66,178.49,177.41,177.85,4101363.0
2023-08-25 00:00:00+0000,177.58,178.38,176.63,177.62,4897912.0
2023-08-28 00:00:00+0000,177.65,178.73,177.51,178.13,4028363.0
2023-08-29 00:00:00+0000,178.03,179.88,177.9,179.87,6264602.0
2023-08-30 00:00:00+0000,180.58,180.88,180.29,180.32,5362061.0
2023-08-31 00:00:00+0000,180.37,180.49,179.94,180.02,3518727.0
2023-09-01 00:00:00+0000,180.8,181.12,179.51,180.11,3744278.0
2023-09-05 00:00:00+0000,179.33,179.45,178.64,178.64,4234618.0
2023-09-06 00:00:00+0000,178.33,179.01,177.7,177.83,5166990.0
2023-09-07 00:00:00+0000,178.31,178.38,177.9,178.02,2303336.0
2023-09-08 00:00:00+0000,178.36,179.05,177.9,178.08,2729196.0
2023-09-11 00:00:00+0000,178.97,179.07,178.26,178.41,2671034.0
2023-09-12 00:00:00+0000,177.11,177.7,177.05,177.49,3353159.0
2023-09-13 00:00:00+0000,177.53,177.75,177.03,177.08,2834184.0
2023-09-14 00:00:00+0000,176.5,177.39,176.36,177.17,4287215.0
2023-09-15 00:00:00+0000,178.55,179.11,178.34,178.34,4427416.0
2023-09-18 00:00:00+0000,178.82,179.41,178.38,179.39,3861944.0
2023-09-19 00:00:00+0000,179.54,179.65,179.03,179.22,3176138.0
2023-09-20 00:00:00+0000,179.34,180.66,179.32,179.35,7909246.0
2023-09-21 00:00:00+0000,177.86,178.49,177.69,178.05,5787259.0
2023-09-22 00:00:00+0000,178.65,178.95,178.51,178.62,2846452.0
2023-09-25 00:00:00+0000,178.41,178.71,177.64,177.7,4612537.0
2023-09-26 00:00:00+0000,176.83,177.14,176.16,176.28,5817440.0
2023-09-27 00:00:00+0000,175.27,175.32,173.7,174.1,8313422.0
2023-09-28 00:00:00+0000,173.91,174.14,172.32,173.23,7776372.0
2023-09-29 00:00:00+0000,173.92,174.03,171.26,171.45,7913112.0
2023-10-02 00:00:00+0000,170.23,170.46,169.5,169.65,10151804.0
2023-10-03 00:00:00+0000,169.14,170.08,168.74,169.16,8613324.0
2023-10-04 00:00:00+0000,169.21,169.41,168.5,169.14,6131991.0
2023-10-05 00:00:00+0000,168.74,169.0,168.3,168.83,5161847.0
2023-10-06 00:00:00+0000,169.18,170.23,168.5,169.7,6786342.0
2023-10-09 00:00:00+0000,171.18,172.86,171.07,172.82,6332657.0
2023-10-10 00:00:00+0000,172.08,172.8,171.9,172.53,4672806.0
2023-10-11 00:00:00+0000,173.6,174.13,173.26,173.79,4967729.0
2023-10-12 00:00:00+0000,174.06,174.23,173.24,173.26,4334526.0
2023-10-13 00:00:00+0000,176.89,179.1,176.72,178.83,13588158.0
2023-10-16 00:00:00+0000,177.84,178.33,177.53,177.96,5964714.0
2023-10-17 00:00:00+0000,178.37,179.13,177.98,178.29,6193702.0
2023-10-18 00:00:00+0000,180.9,182.02,179.75,180.87,11703815.0
2023-10-19 00:00:00+0000,181.04,183.43,180.82,183.09,11411465.0
2023-10-20 00:00:00+0000,183.45,185.23,183.09,183.59,10768564.0
2023-10-23 00:00:00+0000,183.5,183.56,182.7,182.97,7169108.0
2023-10-24 00:00:00+0000,182.07,183.4,181.68,182.95,5225188.0
2023-10-25 00:00:00+0000,183.42,184.3,182.04,183.72,8463599.0
2023-10-26 00:00:00+0000,183.4,184.49,182.87,184.01,5880552.0
2023-10-27 00:00:00+0000,183.76,186.36,183.47,186.15,11132693.0
2023-10-30 00:00:00+0000,185.54,185.7,184.73,185.1,6800195.0
2023-10-31 00:00:00+0000,185.08,186.21,183.49,184.09,8686815.0
2023-11-01 00:00:00+0000,183.91,185.0,182.67,183.51,7168954.0
2023-11-02 00:00:00+0000,184.13,184.28,183.5,184.12,5681800.0
2023-11-03 00:00:00+0000,184.48,185.47,184.35,184.79,5895193.0
2023-11-06 00:00:00+0000,184.14,184.23,183.34,183.35,4994501.0
2023-11-07 00:00:00+0000,182.25,182.65,181.75,182.59,4894333.0
2023-11-08 00:00:00+0000,182.01,182.07,180.56,180.77,4974473.0
2023-11-09 00:00:00+0000,180.98,182.28,180.89,181.49,4887249.0
2023-11-10 00:00:00+0000,180.51,180.59,179.24,179.51,5524955.0
2023-11-13 00:00:00+0000,179.4,180.73,179.11,180.51,4135907.0
2023-11-14 00:00:00+0000,181.7,182.75,181.62,182.12,4849805.0
2023-11-15 00:00:00+0000,182.03,182.18,181.31,181.64,3506625.0
2023-11-16 00:00:00+0000,182.85,184.32,182.8,183.69,6600898.0
2023-11-17 00:00:00+0000,183.99,184.13,183.45,183.67,3184017.0
2023-11-20 00:00:00+0000,182.32,183.48,182.22,183.37,4282222.0
2023-11-21 00:00:00+0000,185.57,186.12,185.06,185.35,5359633.0
2023-11-22 00:00:00+0000,185.47,185.72,184.27,184.56,2831175.0
2023-11-24 00:00:00+0000,185.5,185.75,185.16,185.52,1829458.0
2023-11-27 00:00:00+0000,186.56,186.8,185.93,186.77,4588389.0
2023-11-28 00:00:00+0000,187.92,189.4,187.52,189.26,6998833.0
2023-11-29 00:00:00+0000,189.16,189.99,189.02,189.54,6452338.0
2023-11-30 00:00:00+0000,188.89,189.24,188.28,188.75,5490411.0
2023-12-01 00:00:00+0000,188.81,192.4,188.68,192.01,13215934.0
2023-12-04 00:00:00+0000,189.6,190.38,187.26,187.86,14431370.0
2023-12-05 00:00:00+0000,187.55,187.88,186.3,187.15,4913082.0
2023-12-06 00:00:00+0000,188.32,188.46,187.5,187.84,4592028.0
2023-12-07 00:00:00+0000,188.45,188.59,187.26,188.15,3897773.0
2023-12-08 00:00:00+0000,185.93,186.78,184.9,185.64,6059717.0
2023-12-11 00:00:00+0000,184.5,184.53,183.15,183.59,5740591.0
2023-12-12 00:00:00+0000,183.84,183.98,183.26,183.49,3944336.0
2023-12-13 00:00:00+0000,183.82,187.66,183.38,187.63,8402823.0
2023-12-14 00:00:00+0000,188.86,189.82,188.08,188.73,5965851.0
2023-12-15 00:00:00+0000,188.52,188.96,186.82,187.0,5940141.0
2023-12-18 00:00:00+0000,187.5,188.49,187.24,187.85,3813511.0
2023-12-19 00:00:00+0000,188.23,189.73,188.13,189.13,4477582.0
2023-12-20 00:00:00+0000,188.69,188.96,188.08,188.1,3596325.0
2023-12-21 00:00:00+0000,189.22,189.62,188.75,189.43,3318419.0
2023-12-22 00:00:00+0000,191.58,191.88,190.07,190.27,4891152.0
2023-12-26 00:00:00+0000,190.97,191.74,190.4,191.72,3208243.0
2023-12-27 00:00:00+0000,191.77,193.19,191.54,192.59,4479669.0
2023-12-28 00:00:00+0000,192.34,192.89,191.44,191.47,4449277.0
2023-12-29 00:00:00+0000,190.99,191.64,190.74,191.17,3313256.0
2024-01-02 00:00:00+0000,191.44,191.89,190.5,190.72,4535127.0
2024-01-03 00:00:00+0000,188.77,189.86,188.16,189.13,6108559.0
2024-01-04 00:00:00+0000,189.08,189.75,188.69,189.32,3146235.0
2024-01-05 00:00:00+0000,189.68,191.26,189.08,189.35,4911675.0
2024-01-08 00:00:00+0000,187.2,188.74,187.11,187.87,4084312.0
2024-01-09 00:00:00+0000,188.68,188.78,187.73,187.93,3332994.0
2024-01-10 00:00:00+0000,188.14,188.44,187.2,187.5,3496713.0
2024-01-11 00:00:00+0000,188.02,188.55,186.56,187.87,4846147.0
2024-01-12 00:00:00+0000,190.67,191.08,189.16,189.71,4920418.0
2024-01-16 00:00:00+0000,189.15,189.26,187.54,187.91,5011256.0
2024-01-17 00:00:00+0000,187.3,187.42,185.45,185.84,6049877.0
2024-01-18 00:00:00+0000,186.36,187.4,186.3,187.37,3382141.0
2024-01-19 00:00:00+0000,188.26,188.3,187.44,187.93,3840130.0
2024-01-22 00:00:00+0000,187.23,187.77,186.85,187.22,2378709.0
2024-01-23 00:00:00+0000,187.45,188.15,187.28,187.95,3174030.0
2024-01-24 00:00:00+0000,188.33,188.37,186.32,186.4,4900649.0
2024-01-25 00:00:00+0000,187.34,187.64,186.46,187.14,3271083.0
2024-01-26 00:00:00+0000,187.27,187.38,186.76,187.01,2167598.0
2024-01-29 00:00:00+0000,188.31,188.54,187.18,188.33,4072546.0
2024-01-30 00:00:00+0000,189.68,189.83,187.97,188.59,4067840.0
2024-01-31 00:00:00+0000,189.37,190.46,188.13,188.45,6414758.0
2024-02-01 00:00:00+0000,189.71,191.36,188.99,190.41,8170423.0
2024-02-02 00:00:00+0000,188.07,188.87,187.85,188.61,5639952.0
2024-02-05 00:00:00+0000,186.88,187.82,186.7,187.57,3890490.0
2024-02-06 00:00:00+0000,187.94,188.86,187.74,188.55,3298716.0
2024-02-07 00:00:00+0000,188.45,189.39,188.28,188.5,4430226.0
2024-02-08 00:00:00+0000,187.91,188.53,187.81,188.33,2950960.0
2024-02-09 00:00:00+0000,187.56,187.77,187.14,187.6,3546735.0
2024-02-12 00:00:00+0000,186.6,187.27,186.36,187.11,3737734.0
2024-02-13 00:00:00+0000,185.35,185.38,184.33,184.53,6623621.0
2024-02-14 00:00:00+0000,184.27,184.88,183.78,184.42,5540236.0
2024-02-15 00:00:00+0000,185.6,186.02,185.09,185.66,4709606.0
2024-02-16 00:00:00+0000,185.08,186.67,184.83,186.34,4911975.0
2024-02-20 00:00:00+0000,187.96,188.03,187.4,187.47,4026465.0
2024-02-21 00:00:00+0000,187.88,188.04,187.1,187.48,3816266.0
2024-02-22 00:00:00+0000,187.56,187.64,187.05,187.56,2921759.0
2024-02-23 00:00:00+0000,187.56,189.18,187.46,188.62,5495100.0
2024-02-26 00:00:00+0000,187.79,188.36,187.53,188.2,3304400.0
2024-02-27 00:00:00+0000,188.58,188.72,187.88,188.0,3486490.0
2024-02-28 00:00:00+0000,188.34,188.52,188.03,188.34,2054559.0
2024-02-29 00:00:00+0000,189.64,189.92,189.23,189.31,5233893.0
2024-03-01 00:00:00+0000,190.27,193.4,189.44,192.89,10741748.0
2024-03-04 00:00:00+0000,194.15,196.33,193.88,196.01,8684223.0
2024-03-05 00:00:00+0000,197.44,198.14,196.65,197.19,7462175.0
2024-03-06 00:00:00+0000,198.08,199.3,197.44,198.81,7784197.0
2024-03-07 00:00:00+0000,199.54,200.11,198.91,199.94,5312557.0
2024-03-08 00:00:00+0000,200.89,203.3,200.44,201.63,9988644.0
2024-03-11 00:00:00+0000,201.71,202.41,201.46,202.0,5127922.0
2024-03-12 00:00:00+0000,200.42,200.63,199.16,199.79,7035934.0
2024-03-13 00:00:00+0000,200.44,201.86,200.35,201.19,4587186.0
2024-03-14 00:00:00+0000,200.37,200.47,199.34,200.35,5249942.0
2024-03-15 00:00:00+0000,199.94,200.64,199.57,199.71,3464279.0
2024-03-18 00:00:00+0000,199.66,200.15,199.51,200.03,4110835.0
2024-03-19 00:00:00+0000,199.62,199.81,198.93,199.8,3276390.0
2024-03-20 00:00:00+0000,199.16,202.66,199.12,202.18,6706146.0
2024-03-21 00:00:00+0000,203.91,203.92,200.6,201.97,5495019.0
2024-03-22 00:00:00+0000,201.32,201.86,199.71,200.35,4616128.0
2024-03-25 00:00:00+0000,201.19,201.95,200.96,200.99,3082481.0
2024-03-26 00:00:00+0000,202.65,202.76,201.07,201.64,4126283.0
2024-03-27 00:00:00+0000,202.32,203.22,202.32,203.1,4260621.0
2024-03-28 00:00:00+0000,204.54,206.05,203.87,205.72,6642862.0
2024-04-01 00:00:00+0000,208.68,208.73,206.29,207.82,9053661.0
2024-04-02 00:00:00+0000,209.07,211.03,208.36,210.89,10510497.0
2024-04-03 00:00:00+0000,210.57,212.83,210.3,212.74,7707159.0
2024-04-04 00:00:00+0000,212.0,213.45,211.02,211.52,9191451.0
2024-04-05 00:00:00+0000,212.49,215.74,212.22,215.14,9665556.0
2024-04-08 00:00:00+0000,215.98,216.81,214.61,216.48,6322632.0
2024-04-09 00:00:00+0000,217.81,218.86,216.45,217.67,8486508.0
2024-04-10 00:00:00+0000,215.37,217.78,214.68,215.61,9353372.0
2024-04-11 00:00:00+0000,216.85,219.84,215.89,219.8,7778837.0
2024-04-12 00:00:00+0000,221.87,225.09,216.02,216.89,24703919.0
2024-04-15 00:00:00+0000,217.94,221.03,215.16,220.95,10169186.0
2024-04-16 00:00:00+0000,220.18,221.99,218.78,221.22,7769908.0
2024-04-17 00:00:00+0000,221.05,221.76,218.52,219.59,7672100.0
2024-04-18 00:00:00+0000,221.29,221.46,219.31,220.34,4158047.0
2024-04-19 00:00:00+0000,220.49,222.36,220.08,221.03,5714576.0
2024-04-22 00:00:00+0000,216.35,216.96,215.14,215.57,9350824.0
2024-04-23 00:00:00+0000,213.98,215.86,213.87,215.04,5962027.0
2024-04-24 00:00:00+0000,214.76,216.35,214.36,214.64,3675138.0
2024-04-25 00:00:00+0000,214.47,217.05,214.33,215.92,4414986.0
2024-04-26 00:00:00+0000,216.77,217.07,215.53,216.62,4221129.0
2024-04-29 00:00:00+0000,216.02,217.22,215.25,216.18,4201172.0
2024-04-30 00:00:00+0000,213.38,214.13,211.8,211.87,7600310.0
2024-05-01 00:00:00+0000,212.96,215.5,212.41,213.79,7014944.0
2024-05-02 00:00:00+0000,211.94,213.71,211.49,213.13,4358807.0
2024-05-03 00:00:00+0000,212.89,213.23,210.71,212.96,6279627.0
2024-05-06 00:00:00+0000,215.14,215.91,214.47,215.2,4858183.0
2024-05-07 00:00:00+0000,214.52,214.93,213.88,214.21,3271201.0
2024-05-08 00:00:00+0000,213.62,214.8,213.5,213.58,3271054.0
2024-05-09 00:00:00+0000,214.48,216.95,214.44,216.95,5693877.0
2024-05-10 00:00:00+0000,219.22,219.6,218.08,218.71,6419508.0
2024-05-13 00:00:00+0000,217.06,217.31,215.8,216.26,3401144.0
2024-05-14 00:00:00+0000,217.31,218.38,216.98,218.09,3488555.0
2024-05-15 00:00:00+0000,219.06,221.19,217.65,220.89,6485287.0
2024-05-16 00:00:00+0000,220.14,220.59,219.41,220.03,2995316.0
2024-05-17 00:00:00+0000,222.18,223.86,221.67,223.66,7612474.0
2024-05-20 00:00:00+0000,223.79,225.66,223.02,224.56,4093457.0
2024-05-21 00:00:00+0000,224.77,225.21,223.7,224.23,2688326.0
2024-05-22 00:00:00+0000,223.09,223.24,219.74,220.11,6036517.0
2024-05-23 00:00:00+0000,218.78,219.23,215.66,215.72,6350582.0
2024-05-24 00:00:00+0000,216.96,217.21,215.74,215.92,2302056.0
2024-05-28 00:00:00+0000,218.43,218.59,217.21,218.19,2587648.0
2024-05-29 00:00:00+0000,216.9,217.16,216.12,216.16,2829021.0
2024-05-30 00:00:00+0000,216.69,217.51,216.41,216.57,2092531.0
2024-05-31 00:00:00+0000,217.77,217.96,214.65,215.3,4062509.0
2024-06-03 00:00:00+0000,215.92,217.82,215.54,217.22,4727127.0
2024-06-04 00:00:00+0000,216.24,216.24,214.2,215.27,4060945.0
2024-06-05 00:00:00+0000,216.69,218.08,215.93,217.82,4159946.0
2024-06-06 00:00:00+0000,218.36,219.97,218.1,219.43,4101263.0
2024-06-07 00:00:00+0000,215.07,215.19,211.54,211.6,8953893.0
2024-06-10 00:00:00+0000,213.13,214.02,212.76,213.54,3074388.0
2024-06-11 00:00:00+0000,213.95,214.38,213.24,214.15,2725962.0
2024-06-12 00:00:00+0000,216.47,216.55,214.2,214.72,4365799.0
2024-06-13 00:00:00+0000,214.44,214.96,212.26,212.97,3521971.0
2024-06-14 00:00:00+0000,215.34,216.04,214.98,215.73,4218282.0
2024-06-17 00:00:00+0000,214.91,215.24,213.6,214.61,2698797.0
2024-06-18 00:00:00+0000,214.38,215.83,214.04,215.47,3861718.0
2024-06-20 00:00:00+0000,216.35,218.75,216.15,218.16,5737089.0
2024-06-21 00:00:00+0000,217.82,217.9,214.25,214.78,6168606.0
2024-06-24 00:00:00+0000,215.55,215.94,215.2,215.63,2960899.0
2024-06-25 00:00:00+0000,214.96,215.31,214.12,214.56,2934587.0
2024-06-26 00:00:00+0000,212.41,213.11,212.12,212.58,3392000.0
2024-06-27 00:00:00+0000,214.71,215.5,214.45,214.99,3104174.0
2024-06-28 00:00:00+0000,215.64,215.82,214.82,215.01,2602364.0
2024-07-01 00:00:00+0000,215.25,216.0,214.48,215.57,2790091.0
2024-07-02 00:00:00+0000,215.33,216.08,214.62,215.56,3575483.0
2024-07-03 00:00:00+0000,217.34,218.74,217.33,217.99,3828843.0
2024-07-05 00:00:00+0000,219.58,221.28,219.58,220.93,4218224.0
2024-07-08 00:00:00+0000,219.64,220.04,217.41,218.19,4000254.0
2024-07-09 00:00:00+0000,218.57,219.29,217.26,218.56,2819282.0
2024-07-10 00:00:00+0000,220.14,220.71,219.16,219.36,4434958.0
2024-07-11 00:00:00+0000,222.67,224.15,221.48,223.25,5666409.0
2024-07-12 00:00:00+0000,222.03,223.62,221.86,223.11,3557711.0
2024-07-15 00:00:00+0000,223.39,225.59,223.02,223.83,4494329.0
2024-07-16 00:00:00+0000,225.42,228.29,225.3,228.29,7780896.0
2024-07-17 00:00:00+0000,228.76,229.65,226.67,227.23,5993572.0
2024-07-18 00:00:00+0000,227.68,228.32,225.57,225.78,4132282.0
2024-07-19 00:00:00+0000,221.52,222.68,221.41,221.73,6020010.0
2024-07-22 00:00:00+0000,221.57,221.92,220.4,221.8,3356016.0
2024-07-23 00:00:00+0000,222.34,222.75,221.86,222.58,2560972.0
2024-07-24 00:00:00+0000,223.47,224.88,221.74,221.8,4914144.0
2024-07-25 00:00:00+0000,219.05,219.27,217.52,218.33,6941649.0
2024-07-26 00:00:00+0000,219.96,221.04,219.7,220.63,4324978.0
2024-07-29 00:00:00+0000,221.26,221.55,219.04,220.32,3422505.0
2024-07-30 00:00:00+0000,221.41,222.92,220.35,222.52,3278147.0
2024-07-31 00:00:00+0000,223.73,226.6,223.64,226.55,4835559.0
2024-08-01 00:00:00+0000,226.77,227.57,225.05,225.77,5115813.0
2024-08-02 00:00:00+0000,227.99,228.76,222.86,225.34,8134456.0
2024-08-05 00:00:00+0000,220.56,223.1,220.24,222.48,6203352.0
2024-08-06 00:00:00+0000,221.5,222.14,220.11,220.7,8172728.0
2024-08-07 00:00:00+0000,221.91,222.31,220.35,220.55,3559231.0
2024-08-08 00:00:00+0000,222.73,224.25,222.51,224.01,4482525.0
2024-08-09 00:00:00+0000,224.82,225.28,223.82,224.56,3077434.0
2024-08-12 00:00:00+0000,226.13,228.54,225.96,228.41,3884824.0
2024-08-13 00:00:00+0000,228.07,228.87,227.59,228.06,3761472.0
2024-08-14 00:00:00+0000,226.55,227.48,225.35,226.2,3402686.0
2024-08-15 00:00:00+0000,226.51,227.5,225.12,226.91,3331443.0
2024-08-16 00:00:00+0000,229.99,232.02,229.0,231.99,8590846.0
2024-08-19 00:00:00+0000,230.15,231.78,229.74,231.61,3677847.0
2024-08-20 00:00:00+0000,233.72,234.01,231.13,232.46,6783141.0
2024-08-21 00:00:00+0000,231.69,232.87,230.48,232.15,3622395.0
2024-08-22 00:00:00+0000,230.35,230.38,228.26,229.37,4072737.0
2024-08-23 00:00:00+0000,231.04,232.73,230.51,232.02,4122596.0
2024-08-26 00:00:00+0000,233.44,233.5,232.06,232.76,2122883.0
2024-08-27 00:00:00+0000,231.66,233.47,231.57,233.39,3417204.0
2024-08-28 00:00:00+0000,232.0,232.02,230.73,231.75,3360045.0
2024-08-29 00:00:00+0000,231.95,233.61,231.92,232.95,3276863.0
2024-08-30 00:00:00+0000,232.48,232.86,230.55,231.29,4161523.0
2024-09-03 00:00:00+0000,230.38,230.54,228.52,230.29,4438685.0
2024-09-04 00:00:00+0000,229.79,231.06,229.37,230.43,3383760.0
2024-09-05 00:00:00+0000,232.72,232.89,231.33,232.35,3301577.0
2024-09-06 00:00:00+0000,231.83,232.76,229.62,230.63,4613895.0
2024-09-09 00:00:00+0000,231.26,231.62,230.39,231.6,2381637.0
2024-09-10 00:00:00+0000,232.39,232.74,231.12,232.62,3056515.0
2024-09-11 00:00:00+0000,231.7,232.87,231.09,232.25,3178158.0
2024-09-12 00:00:00+0000,234.63,236.45,234.42,236.33,6975442.0
2024-09-13 00:00:00+0000,238.13,238.98,237.75,238.68,5154863.0
2024-09-16 00:00:00+0000,238.71,239.28,238.05,238.66,2570813.0
2024-09-17 00:00:00+0000,238.09,238.6,236.61,237.34,3807119.0
2024-09-18 00:00:00+0000,238.19,240.29,235.3,235.51,8777372.0
2024-09-19 00:00:00+0000,238.24,239.52,237.39,239.17,3823928.0
2024-09-20 00:00:00+0000,241.11,242.63,240.47,242.21,5250464.0
2024-09-23 00:00:00+0000,242.97,243.46,242.58,242.68,4160987.0
2024-09-24 00:00:00+0000,243.39,246.19,243.15,246.07,5549164.0
2024-09-25 00:00:00+0000,246.19,246.47,244.79,245.73,5112452.0
2024-09-26 00:00:00+0000,246.42,247.37,245.19,246.98,4558869.0
2024-09-27 00:00:00+0000,246.31,246.75,244.19,245.02,5656015.0
2024-09-30 00:00:00+0000,243.97,244.08,242.5,243.06,5046456.0
2024-10-01 00:00:00+0000,245.2,246.98,245.06,245.61,7661118.0
2024-10-02 00:00:00+0000,245.61,246.07,243.99,245.66,3793397.0
2024-10-03 00:00:00+0000,244.72,245.91,243.69,245.49,4030011.0
2024-10-04 00:00:00+0000,244.96,246.69,244.04,245.0,4156959.0
2024-10-07 00:00:00+0000,244.58,244.82,243.81,244.17,2642924.0
2024-10-08 00:00:00+0000,243.79,244.04,240.63,242.37,5238600.0
2024-10-09 00:00:00+0000,241.16,241.84,240.64,241.05,2721866.0
2024-10-10 00:00:00+0000,241.77,243.02,241.51,242.82,3417397.0
2024-10-11 00:00:00+0000,244.5,245.92,244.47,245.47,3910348.0
2024-10-14 00:00:00+0000,245.16,245.86,244.26,245.07,2860567.0
2024-10-15 00:00:00+0000,244.99,246.55,244.53,245.92,3629169.0
2024-10-16 00:00:00+0000,247.62,248.09,246.36,247.15,3563096.0
2024-10-17 00:00:00+0000,247.75,249.06,247.62,248.63,3846215.0
2024-10-18 00:00:00+0000,250.01,251.37,249.9,251.27,4918326.0
2024-10-21 00:00:00+0000,252.75,253.14,250.73,251.22,5276984.0
2024-10-22 00:00:00+0000,253.06,253.94,252.52,253.93,4159391.0
2024-10-23 00:00:00+0000,253.04,253.18,250.2,250.87,4812967.0
2024-10-24 00:00:00+0000,253.28,253.32,251.4,252.8,3691847.0
2024-10-25 00:00:00+0000,252.0,253.55,251.77,253.32,3098854.0
2024-10-28 00:00:00+0000,253.01,253.63,252.95,253.33,2669645.0
2024-10-29 00:00:00+0000,254.49,256.29,254.23,256.09,6388004.0
2024-10-30 00:00:00+0000,256.72,257.71,255.91,257.5,3992316.0
2024-10-31 00:00:00+0000,255.52,255.6,252.2,253.51,6402493.0
2024-11-01 00:00:00+0000,254.32,254.86,252.43,252.47,4159702.0
2024-11-04 00:00:00+0000,253.32,253.58,252.27,252.83,2890517.0
2024-11-05 00:00:00+0000,253.78,253.99,252.41,253.4,3058706.0
2024-11-06 00:00:00+0000,245.64,247.35,244.95,245.7,9574335.0
2024-11-07 00:00:00+0000,248.32,250.24,248.12,249.65,5528324.0
2024-11-08 00:00:00+0000,249.07,249.35,247.78,247.96,4573499.0
2024-11-11 00:00:00+0000,242.74,242.74,241.06,242.14,7585474.0
2024-11-12 00:00:00+0000,241.29,241.66,239.39,240.05,6548004.0
2024-11-13 00:00:00+0000,241.33,241.47,237.59,237.63,5449558.0
2024-11-14 00:00:00+0000,236.63,237.99,236.13,237.01,5436713.0
2024-11-15 00:00:00+0000,237.61,237.88,236.33,236.59,3910360.0
2024-11-18 00:00:00+0000,240.46,241.5,240.45,241.09,4476806.0
2024-11-19 00:00:00+0000,242.7,243.31,242.03,243.25,4104208.0
2024-11-20 00:00:00+0000,243.71,245.21,243.51,244.62,4359640.0
2024-11-21 00:00:00+0000,246.23,246.81,245.69,246.66,3880118.0
2024-11-22 00:00:00+0000,248.2,250.39,247.86,249.84,4646648.0
2024-11-25 00:00:00+0000,244.27,244.4,241.48,242.48,6840526.0
2024-11-26 00:00:00+0000,242.75,243.09,241.58,242.95,3082779.0
2024-11-27 00:00:00+0000,244.85,245.19,243.2,243.49,4493766.0
2024-11-29 00:00:00+0000,245.25,245.81,244.73,245.59,1616174.0
2024-12-02 00:00:00+0000,244.46,244.59,243.14,243.44,3001396.0
2024-12-03 00:00:00+0000,244.96,245.18,243.3,243.93,1853982.0
2024-12-04 00:00:00+0000,244.93,245.34,244.36,244.67,2253526.0
2024-12-05 00:00:00+0000,244.19,244.38,242.15,242.86,3153490.0
2024-12-06 00:00:00+0000,242.79,243.86,242.43,242.95,2277842.0
2024-12-09 00:00:00+0000,246.34,247.11,245.25,245.36,2929937.0
2024-12-10 00:00:00+0000,247.86,248.86,247.83,248.59,2566554.0
2024-12-11 00:00:00+0000,249.35,251.26,248.97,250.96,5745228.0
2024-12-12 00:00:00+0000,247.81,248.24,246.87,247.28,5097173.0
2024-12-13 00:00:00+0000,245.67,245.94,244.27,244.29,4512096.0
2024-12-16 00:00:00+0000,245.41,245.54,244.51,244.88,1970392.0
2024-12-17 00:00:00+0000,243.8,244.55,243.23,243.94,2357528.0
2024-12-18 00:00:00+0000,243.57,243.71,238.82,239.26,5223884.0
2024-12-19 00:00:00+0000,239.67,240.05,238.73,239.6,4936419.0
2024-12-20 00:00:00+0000,241.43,242.96,241.17,242.1,5146716.0
2024-12-23 00:00:00+0000,241.6,241.67,240.65,240.96,3755203.0
2024-12-24 00:00:00+0000,241.49,241.66,240.82,241.44,1596956.0
2024-12-26 00:00:00+0000,242.39,243.56,242.19,243.07,2429560.0
2024-12-27 00:00:00+0000,241.35,241.95,241.05,241.4,2221686.0
2024-12-30 00:00:00+0000,241.08,241.08,239.58,240.63,2027586.0
2024-12-31 00:00:00+0000,241.05,242.52,241.05,242.13,1500708.0
2025-01-02 00:00:00+0000,244.22,245.53,244.08,245.42,4131523.0
2025-01-03 00:00:00+0000,244.56,244.82,243.36,243.49,3338725.0
2025-01-06 00:00:00+0000,242.33,243.79,242.05,243.19,2544047.0
2025-01-07 00:00:00+0000,245.52,245.77,243.81,244.56,3201877.0
2025-01-08 00:00:00+0000,245.72,246.45,244.51,245.86,3906632.0
2025-01-10 00:00:00+0000,248.01,249.04,247.55,248.21,8603144.0
2025-01-13 00:00:00+0000,246.34,246.79,245.15,245.74,4625214.0
2025-01-14 00:00:00+0000,245.62,247.04,245.52,247.03,3534243.0
2025-01-15 00:00:00+0000,248.21,248.9,247.01,248.88,3920177.0
2025-01-16 00:00:00+0000,250.6,251.39,250.27,250.6,6159504.0
2025-01-17 00:00:00+0000,249.7,250.81,249.15,249.27,5409727.0
2025-01-21 00:00:00+0000,251.95,253.36,251.83,253.13,5040223.0
2025-01-22 00:00:00+0000,254.29,254.68,253.78,254.43,3094490.0
2025-01-23 00:00:00+0000,253.19,254.54,252.82,254.07,4020076.0
2025-01-24 00:00:00+0000,255.96,257.07,255.61,255.65,4731461.0
2025-01-27 00:00:00+0000,253.84,254.26,251.92,252.99,3932982.0
2025-01-28 00:00:00+0000,254.27,255.25,253.89,255.18,4076705.0
2025-01-29 00:00:00+0000,254.53,254.82,253.3,254.2,3702973.0
2025-01-30 00:00:00+0000,257.2,258.29,256.45,258.05,6818039.0
2025-01-31 00:00:00+0000,259.08,259.99,257.86,258.56,5786787.0
2025-02-03 00:00:00+0000,259.82,261.39,259.52,259.94,7745847.0
2025-02-04 00:00:00+0000,261.83,262.54,261.35,262.5,4990535.0
2025-02-05 00:00:00+0000,264.39,265.99,263.89,264.13,6950758.0
2025-02-06 00:00:00+0000,263.7,263.72,261.49,263.43,5072436.0
2025-02-07 00:00:00+0000,265.22,266.35,263.26,263.9,5999658.0
2025-02-10 00:00:00+0000,268.0,268.66,267.24,268.37,6673072.0
2025-02-11 00:00:00+0000,267.7,268.36,266.71,267.39,4067656.0
2025-02-12 00:00:00+0000,267.15,268.43,266.34,267.67,4858235.0
2025-02-13 00:00:00+0000,268.4,270.39,268.22,270.31,4318437.0
2025-02-14 00:00:00+0000,270.07,270.21,265.45,266.29,7895868.0
2025-02-18 00:00:00+0000,269.72,271.01,269.6,270.7,5111027.0
2025-02-19 00:00:00+0000,270.73,271.33,269.24,270.85,3962972.0
2025-02-20 00:00:00+0000,270.23,271.84,270.17,270.99,5059398.0
2025-02-21 00:00:00+0000,270.8,271.51,269.51,270.74,5339047.0
2025-02-24 00:00:00+0000,271.45,272.32,270.37,272.21,3614262.0
2025-02-25 00:00:00+0000,271.46,271.68,266.45,268.62,6862765.0
2025-02-26 00:00:00+0000,267.08,269.08,266.66,269.03,4983485.0
2025-02-27 00:00:00+0000,266.49,266.67,264.44,264.93,6308004.0
2025-02-28 00:00:00+0000,262.56,263.4,261.25,263.27,7217041.0
2025-03-03 00:00:00+0000,265.07,266.88,265.07,266.74,5219321.0
2025-03-04 00:00:00+0000,269.07,269.4,267.52,269.06,5185176.0
2025-03-05 00:00:00+0000,267.97,270.26,267.96,269.62,4585252.0
2025-03-06 00:00:00+0000,268.25,269.51,268.16,268.25,3059288.0
2025-03-07 00:00:00+0000,269.09,270.34,267.64,268.39,6395363.0
2025-03-10 00:00:00+0000,267.65,268.44,265.64,266.04,4732832.0
2025-03-11 00:00:00+0000,268.47,269.73,268.44,269.16,5117676.0
2025-03-12 00:00:00+0000,268.47,271.23,268.36,270.33,4672379.0
2025-03-13 00:00:00+0000,271.57,275.35,271.55,275.13,8438683.0
2025-03-14 00:00:00+0000,276.27,276.3,274.66,275.24,6038966.0
2025-03-17 00:00:00+0000,275.54,276.79,275.39,276.73,5155764.0
2025-03-18 00:00:00+0000,279.9,280.22,278.97,279.96,6075289.0
2025-03-19 00:00:00+0000,279.81,281.48,279.06,281.11,5472407.0
2025-03-20 00:00:00+0000,279.49,280.9,279.43,280.75,3535080.0
2025-03-21 00:00:00+0000,279.41,279.46,276.59,278.49,6325744.0
2025-03-24 00:00:00+0000,278.91,279.09,276.86,277.25,5124363.0
2025-03-25 00:00:00+0000,278.78,279.96,278.27,278.47,3188040.0
2025-03-26 00:00:00+0000,278.93,279.02,277.78,278.24,2523226.0
2025-03-27 00:00:00+0000,280.55,282.07,279.58,281.97,5802891.0
2025-03-28 00:00:00+0000,283.77,284.64,282.86,284.06,6080690.0
2025-03-31 00:00:00+0000,287.53,288.39,285.85,288.14,8469827.0
2025-04-01 00:00:00+0000,288.54,289.13,285.91,287.57,9627776.0
2025-04-02 00:00:00+0000,288.28,289.03,287.36,288.16,6810281.0
2025-04-03 00:00:00+0000,282.64,289.09,282.45,286.42,13392707.0
2025-04-04 00:00:00+0000,283.64,284.03,278.02,279.72,14168853.0
2025-04-07 00:00:00+0000,278.82,280.14,272.58,273.71,13089242.0
2025-04-08 00:00:00+0000,277.87,278.32,274.24,275.2,8357820.0
2025-04-09 00:00:00+0000,282.22,285.87,281.04,285.38,16949921.0
2025-04-10 00:00:00+0000,288.81,292.86,287.23,292.35,13160562.0
2025-04-11 00:00:00+0000,297.87,299.28,296.81,297.93,14193554.0
2025-04-14 00:00:00+0000,295.44,296.58,294.53,296.23,7104159.0
2025-04-15 00:00:00+0000,296.93,298.02,296.09,297.78,4800500.0
2025-04-16 00:00:00+0000,304.61,308.06,303.8,307.47,13260629.0
2025-04-17 00:00:00+0000,306.31,307.13,302.73,306.12,10432416.0
2025-04-21 00:00:00+0000,315.0,316.41,313.94,315.59,14163959.0
2025-04-22 00:00:00+0000,317.47,317.63,310.36,311.11,25046083.0
2025-04-23 00:00:00+0000,304.18,304.74,300.59,303.65,17319531.0
2025-04-24 00:00:00+0000,306.98,308.5,304.71,308.07,6598340.0
2025-04-25 00:00:00+0000,301.78,305.37,301.01,304.73,7063586.0
2025-04-28 00:00:00+0000,304.15,309.11,302.97,309.07,6273327.0
2025-04-29 00:00:00+0000,305.81,306.95,304.17,306.06,4909419.0
2025-04-30 00:00:00+0000,304.61,306.07,303.44,303.77,5608583.0
2025-05-01 00:00:00+0000,297.41,297.94,295.32,297.46,9054810.0
2025-05-02 00:00:00+0000,300.17,300.85,297.03,297.98,5977361.0
2025-05-05 00:00:00+0000,305.92,307.65,304.67,306.88,5744758.0
2025-05-06 00:00:00+0000,313.12,315.62,311.4,315.48,7245095.0
2025-05-07 00:00:00+0000,312.1,313.26,310.08,310.75,5057778.0
2025-05-08 00:00:00+0000,309.76,310.48,303.05,304.63,6887896.0
2025-05-09 00:00:00+0000,307.79,308.57,306.01,306.84,3739596.0
2025-05-12 00:00:00+0000,298.41,299.47,296.82,298.19,8675426.0
2025-05-13 00:00:00+0000,299.02,300.3,297.24,299.46,6936036.0
2025-05-14 00:00:00+0000,293.71,294.8,291.98,293.16,9178599.0
2025-05-15 00:00:00+0000,294.1,297.9,293.75,297.84,8280281.0
2025-05-16 00:00:00+0000,292.61,294.58,291.78,294.24,9642927.0
2025-05-19 00:00:00+0000,297.85,298.58,296.48,298.03,7810677.0
2025-05-20 00:00:00+0000,298.35,303.69,298.3,303.58,9057533.0
2025-05-21 00:00:00+0000,304.56,306.46,303.67,305.82,7624172.0
2025-05-22 00:00:00+0000,305.09,305.28,302.1,303.11,6016059.0
2025-05-23 00:00:00+0000,308.86,310.25,307.47,309.75,9358830.0
2025-05-27 00:00:00+0000,303.8,304.88,302.74,304.5,5906571.0
2025-05-28 00:00:00+0000,304.62,304.99,303.06,303.81,5685636.0
2025-05-29 00:00:00+0000,305.75,306.89,304.46,305.61,5314977.0
2025-05-30 00:00:00+0000,303.64,304.02,301.5,303.6,5214309.0
2025-06-02 00:00:00+0000,309.26,311.72,308.72,311.67,9241789.0
2025-06-03 00:00:00+0000,309.56,309.56,307.15,308.91,6552351.0
2025-06-04 00:00:00+0000,309.46,311.88,308.74,310.9,5020037.0
2025-06-05 00:00:00+0000,311.24,312.2,307.65,309.33,7221440.0
2025-06-06 00:00:00+0000,309.09,309.2,305.1,305.18,5215219.0
2025-06-09 00:00:00+0000,305.38,307.61,305.06,306.62,4553143.0
2025-06-10 00:00:00+0000,308.3,308.6,305.87,306.71,4813309.0
2025-06-11 00:00:00+0000,307.54,308.62,305.85,308.37,5667333.0
2025-06-12 00:00:00+0000,311.64,313.1,311.15,312.2,7495333.0
2025-06-13 00:00:00+0000,317.26,317.6,315.03,316.29,11032309.0
2025-06-16 00:00:00+0000,314.8,314.87,311.65,311.78,7054735.0
2025-06-17 00:00:00+0000,312.66,313.0,310.12,311.94,5720591.0
2025-06-18 00:00:00+0000,312.89,312.98,309.86,310.26,5398741.0
2025-06-20 00:00:00+0000,309.33,310.89,309.25,310.13,4664412.0
2025-06-23 00:00:00+0000,310.34,312.67,310.31,311.08,7548129.0
2025-06-24 00:00:00+0000,304.98,306.34,303.54,306.19,8176180.0
2025-06-25 00:00:00+0000,305.31,307.36,305.12,307.12,3911709.0
2025-06-26 00:00:00+0000,305.74,307.28,304.85,306.78,4557091.0
2025-06-27 00:00:00+0000,300.03,302.36,299.89,301.22,8844592.0
2025-06-30 00:00:00+0000,302.37,304.92,301.95,304.83,5473328.0
2025-07-01 00:00:00+0000,308.54,309.0,307.36,307.55,6430423.0
2025-07-02 00:00:00+0000,307.99,309.4,306.96,309.25,5692770.0
2025-07-03 00:00:00+0000,307.02,307.57,306.15,307.14,3280848.0
2025-07-07 00:00:00+0000,305.06,307.71,304.53,307.37,5105816.0
2025-07-08 00:00:00+0000,306.3,306.45,302.77,304.16,8389385.0
2025-07-09 00:00:00+0000,303.58,305.54,303.23,305.52,7473133.0
2025-07-10 00:00:00+0000,306.11,306.51,304.82,306.2,4876250.0
2025-07-11 00:00:00+0000,308.86,310.28,308.51,309.14,6479220.0
2025-07-14 00:00:00+0000,309.07,309.38,307.73,308.01,4170992.0
2025-07-15 00:00:00+0000,307.73,308.74,305.79,306.73,5752144.0
2025-07-16 00:00:00+0000,307.12,311.09,305.73,308.26,13542851.0
2025-07-17 00:00:00+0000,305.5,307.67,305.12,307.59,3754682.0
2025-07-18 00:00:00+0000,309.27,309.37,308.32,308.39,3901795.0
2025-07-21 00:00:00+0000,311.88,313.31,311.61,313.13,7118004.0
2025-07-22 00:00:00+0000,314.55,316.24,313.62,316.1,9158940.0
2025-07-23 00:00:00+0000,314.0,314.96,311.42,312.18,7436357.0
2025-07-24 00:00:00+0000,309.29,310.99,309.06,310.27,5648678.0
2025-07-25 00:00:00+0000,307.82,308.31,306.2,307.4,7090771.0
2025-07-28 00:00:00+0000,306.49,306.58,304.05,305.41,7064997.0
2025-07-29 00:00:00+0000,305.82,307.03,304.98,306.25,4012804.0
2025-07-30 00:00:00+0000,304.42,304.65,300.95,300.96,9608719.0
2025-07-31 00:00:00+0000,304.59,304.61,302.86,302.96,6482504.0
2025-08-01 00:00:00+0000,308.63,309.55,307.45,309.11,9511480.0
2025-08-04 00:00:00+0000,310.8,311.74,310.37,310.91,4938511.0
2025-08-05 00:00:00+0000,310.37,312.24,310.22,311.16,5095998.0
2025-08-06 00:00:00+0000,310.27,311.24,309.84,310.5,5470229.0
2025-08-07 00:00:00+0000,311.76,313.14,310.7,313.12,7845641.0
2025-08-08 00:00:00+0000,312.35,313.53,311.0,313.05,15392818.0
2025-08-11 00:00:00+0000,308.62,309.66,307.63,308.55,7790017.0
2025-08-12 00:00:00+0000,308.22,309.31,306.71,308.27,7379365.0
2025-08-13 00:00:00+0000,309.09,310.39,308.45,309.21,3085459.0
2025-08-14 00:00:00+0000,307.93,308.34,306.52,307.25,3543879.0
2025-08-15 00:00:00+0000,307.34,308.0,306.87,307.43,4657834.0
2025-08-18 00:00:00+0000,307.79,307.89,306.62,306.95,3267933.0
2025-08-19 00:00:00+0000,306.76,307.48,305.19,305.27,3512821.0
2025-08-20 00:00:00+0000,307.54,308.47,307.4,308.36,4576897.0
2025-08-21 00:00:00+0000,307.86,308.15,307.03,307.29,3132739.0
2025-08-22 00:00:00+0000,306.46,311.03,306.43,310.58,6337728.0
2025-08-25 00:00:00+0000,309.67,310.84,309.67,309.83,2778347.0
2025-08-26 00:00:00+0000,310.62,312.21,310.3,312.08,5528943.0
2025-08-27 00:00:00+0000,311.39,312.91,310.77,312.71,3018614.0
2025-08-28 00:00:00+0000,313.32,315.08,313.07,315.03,6394656.0
2025-08-29 00:00:00+0000,314.72,318.09,314.64,318.07,10862421.0
2025-09-02 00:00:00+0000,320.94,325.92,320.24,325.59,15452493.0
2025-09-03 00:00:00+0000,327.76,329.45,326.73,328.14,10904718.0
2025-09-04 00:00:00+0000,327.03,327.56,325.35,326.69,8089530.0
2025-09-05 00:00:00+0000,329.52,331.44,328.93,331.05,11798110.0
2025-09-08 00:00:00+0000,333.67,335.67,333.23,334.82,12784322.0
2025-09-09 00:00:00+0000,337.01,338.31,333.85,334.06,16182348.0
2025-09-10 00:00:00+0000,335.73,336.5,334.62,335.26,6735082.0
2025-09-11 00:00:00+0000,333.35,335.17,332.97,334.76,6071005.0
2025-09-12 00:00:00+0000,335.83,336.39,335.23,335.42,5490663.0
2025-09-15 00:00:00+0000,336.31,339.28,336.23,338.91,6991868.0
2025-09-16 00:00:00+0000,340.09,340.88,338.62,339.59,8666991.0
2025-09-17 00:00:00+0000,338.53,341.24,335.52,336.97,11558875.0
2025-09-18 00:00:00+0000,336.22,336.32,333.81,335.62,10815207.0
2025-09-19 00:00:00+0000,336.51,339.23,336.31,339.18,7846829.0
2025-09-22 00:00:00+0000,342.75,345.07,341.84,345.05,8088663.0
2025-09-23 00:00:00+0000,348.23,348.75,345.32,346.46,12211266.0
2025-09-24 00:00:00+0000,346.7,346.83,342.14,343.32,8077038.0
2025-09-25 00:00:00+0000,344.32,345.83,342.47,344.75,7868578.0
2025-09-26 00:00:00+0000,345.82,348.25,345.31,346.74,6937859.0
2025-09-29 00:00:00+0000,351.79,352.84,351.28,352.46,9491669.0
2025-09-30 00:00:00+0000,351.13,355.57,350.86,355.47,8253285.0
2025-10-01 00:00:00+0000,356.2,356.98,354.79,356.03,10570841.0
2025-10-02 00:00:00+0000,358.26,358.67,351.4,354.79,10915181.0
2025-10-03 00:00:00+0000,357.12,358.14,355.8,357.64,9571063.0
2025-10-06 00:00:00+0000,362.16,365.3,361.37,364.38,11439394.0
2025-10-07 00:00:00+0000,366.51,367.27,364.55,366.26,11083771.0
2025-10-08 00:00:00+0000,371.7,373.57,370.5,372.3,17683421.0
2025-10-09 00:00:00+0000,373.13,373.22,362.83,365.43,23181860.0
2025-10-10 00:00:00+0000,367.53,370.31,365.44,369.12,16755339.0
2025-10-13 00:00:00+0000,376.5,378.86,375.57,378.09,12471454.0
2025-10-14 00:00:00+0000,378.21,382.38,377.9,380.79,11604043.0
2025-10-15 00:00:00+0000,385.93,387.76,384.59,387.39,13594652.0
2025-10-16 00:00:00+0000,391.15,396.87,390.4,396.45,23053890.0
2025-10-17 00:00:00+0000,397.14,397.28,385.22,388.99,43097162.0
2025-10-20 00:00:00+0000,397.43,403.3,394.2,403.15,20160809.0
2025-10-21 00:00:00+0000,386.58,388.89,375.65,377.24,37478698.0
2025-10-22 00:00:00+0000,372.75,378.47,368.93,377.28,20087753.0
2025-10-23 00:00:00+0000,381.46,382.25,378.65,378.79,8699039.0
2025-10-24 00:00:00+0000,378.5,380.77,376.81,377.52,8411002.0
2025-10-27 00:00:00+0000,371.07,371.59,365.34,367.01,15348313.0
2025-10-28 00:00:00+0000,361.81,365.3,360.12,364.38,11806857.0
2025-10-29 00:00:00+0000,369.65,370.08,361.36,363.0,12197670.0
2025-10-30 00:00:00+0000,365.09,370.36,364.5,370.13,9103952.0
2025-10-31 00:00:00+0000,370.47,370.67,365.5,368.12,6890326.0
2025-11-03 00:00:00+0000,368.91,370.84,367.54,368.78,5415536.0
2025-11-04 00:00:00+0000,363.52,365.74,361.39,362.32,8523024.0
2025-11-05 00:00:00+0000,366.39,367.1,364.65,366.51,5282453.0
2025-11-06 00:00:00+0000,367.16,368.18,364.7,366.07,4919884.0
2025-11-07 00:00:00+0000,367.94,370.42,366.42,368.31,8185711.0
2025-11-10 00:00:00+0000,375.93,378.66,374.78,378.38,9579285.0
2025-11-11 00:00:00+0000,379.98,380.4,376.87,379.87,6880754.0
2025-11-12 00:00:00+0000,380.14,387.46,379.44,385.99,12942525.0
2025-11-13 00:00:00+0000,387.29,388.18,381.21,382.87,12032465.0
2025-11-14 00:00:00+0000,372.93,378.2,370.89,375.96,11236561.0
2025-11-17 00:00:00+0000,374.04,375.46,368.52,371.65,10002799.0
2025-11-18 00:00:00+0000,374.79,375.54,371.62,374.35,5890447.0
2025-11-19 00:00:00+0000,377.78,380.17,373.03,374.96,7236121.0
2025-11-20 00:00:00+0000,375.29,377.7,371.85,374.85,7530244.0
2025-11-21 00:00:00+0000,374.03,377.23,372.94,374.27,7818277.0
2025-11-24 00:00:00+0000,374.91,380.28,374.19,380.2,7789983.0
2025-11-25 00:00:00+0000,380.31,382.52,378.06,380.08,7828622.0
2025-11-26 00:00:00+0000,381.06,383.78,380.46,383.12,6779736.0
2025-11-28 00:00:00+0000,385.98,388.0,384.99,387.88,4365219.0
2025-12-01 00:00:00+0000,390.59,390.71,388.06,389.75,8953941.0
2025-12-02 00:00:00+0000,388.87,388.98,382.91,387.24,6259299.0
2025-12-03 00:00:00+0000,388.46,390.13,385.83,386.88,5432827.0
2025-12-04 00:00:00+0000,386.92,388.0,385.4,387.13,4268730.0
2025-12-05 00:00:00+0000,389.17,391.74,386.17,386.44,7696841.0
2025-12-08 00:00:00+0000,387.02,387.25,384.01,385.42,5110706.0
2025-12-09 00:00:00+0000,385.62,388.21,385.27,387.4,4581961.0
2025-12-10 00:00:00+0000,385.97,389.76,384.5,389.05,7491623.0
2025-12-11 00:00:00+0000,388.99,394.09,388.5,393.24,8971272.0
2025-12-12 00:00:00+0000,399.16,400.39,391.47,395.44,13786559.0
2025-12-15 00:00:00+0000,397.8,398.71,394.07,395.8,8259846.0
2025-12-16 00:00:00+0000,397.78,398.71,394.59,395.89,6802813.0
2025-12-17 00:00:00+0000,398.08,399.98,397.25,399.29,7738930.0
2025-12-18 00:00:00+0000,398.33,402.21,396.05,398.57,9667401.0
2025-12-19 00:00:00+0000,397.92,400.63,397.17,399.02,6988322.0
2025-12-22 00:00:00+0000,406.98,408.52,405.72,408.23,10404009.0
2025-12-23 00:00:00+0000,410.3,413.76,407.1,413.64,8744935.0
2025-12-24 00:00:00+0000,412.25,412.63,408.83,411.93,5524334.0
2025-12-26 00:00:00+0000,416.48,418.45,414.75,416.74,8120329.0
2025-12-29 00:00:00+0000,403.68,403.76,395.33,398.6,15534227.0
2025-12-30 00:00:00+0000,403.6,403.8,398.56,398.89,6732563.0
2025-12-31 00:00:00+0000,398.6,400.13,395.59,396.31,6584196.0
2026-01-02 00:00:00+0000,401.62,401.82,396.25,398.28,8049491.0
2026-01-05 00:00:00+0000,406.39,409.72,406.15,408.76,10003009.0
2026-01-06 00:00:00+0000,410.67,413.48,410.31,413.18,7732103.0
2026-01-07 00:00:00+0000,408.63,410.81,406.65,409.23,6703022.0
2026-01-08 00:00:00+0000,406.97,411.64,406.4,411.49,5902641.0
2026-01-09 00:00:00+0000,413.2,415.29,411.8,414.47,9219899.0
2026-01-12 00:00:00+0000,421.7,425.74,421.52,422.23,15706541.0
2026-01-13 00:00:00+0000,424.6,426.12,420.07,421.63,13241066.0
2026-01-14 00:00:00+0000,426.03,426.86,422.83,425.94,13782097.0
2026-01-15 00:00:00+0000,423.02,425.06,422.79,423.33,9234342.0
2026-01-16 00:00:00+0000,422.8,424.8,417.04,421.29,14634336.0
2026-01-20 00:00:00+0000,436.72,438.14,434.1,437.23,15449981.0
2026-01-21 00:00:00+0000,446.87,448.0,437.11,443.6,28986004.0
2026-01-22 00:00:00+0000,443.84,452.99,443.56,451.79,12337391.0
2026-01-23 00:00:00+0000,454.11,458.75,453.45,458.0,16508383.0
2026-01-26 00:00:00+0000,466.85,469.28,460.36,464.7,25981999.0
2026-01-27 00:00:00+0000,465.07,476.49,463.95,476.1,18203360.0
2026-01-28 00:00:00+0000,483.4,495.88,481.25,494.56,29950411.0
2026-01-29 00:00:00+0000,509.51,509.7,468.51,495.9,58811581.0
2026-01-30 00:00:00+0000,466.25,470.06,430.8,444.95,58489172.0
2026-02-02 00:00:00+0000,434.02,440.78,422.55,427.13,31186776.0
2026-02-03 00:00:00+0000,452.63,459.0,448.31,454.29,21006157.0
2026-02-04 00:00:00+0000,462.53,463.1,445.71,453.97,18650363.0
2026-02-05 00:00:00+0000,444.29,450.9,440.35,441.88,12581412.0
2026-02-06 00:00:00+0000,450.73,456.93,450.03,455.46,7962158.0
2026-02-09 00:00:00+0000,461.39,467.56,460.85,467.03,8881329.0
2026-02-10 00:00:00+0000,465.96,466.75,459.52,462.4,5922604.0
2026-02-11 00:00:00+0000,466.0,468.61,462.82,467.63,7265293.0
2026-02-12 00:00:00+0000,464.9,466.38,448.06,451.39,16398932.0
2026-02-13 00:00:00+0000,459.73,463.84,456.25,462.62,8362876.0
2026-02-17 00:00:00+0000,450.26,451.37,445.53,448.2,7727768.0
2026-02-18 00:00:00+0000,455.81,460.51,455.32,458.28,7624567.0
2026-02-19 00:00:00+0000,457.32,461.51,456.03,459.56,5896411.0
2026-02-20 00:00:00+0000,463.34,468.62,458.34,468.62,11178198.0
2026-02-23 00:00:00+0000,474.65,481.46,474.61,481.28,13141003.0
2026-02-24 00:00:00+0000,470.09,475.44,469.55,474.61,9425332.0
2026-02-25 00:00:00+0000,475.74,479.53,472.9,473.42,7717864.0
2026-02-26 00:00:00+0000,474.95,477.83,471.23,477.48,6897736.0
2026-02-27 00:00:00+0000,480.78,483.9,479.11,483.75,10614081.0
2026-03-02 00:00:00+0000,490.1,492.15,483.28,490.0,12058064.0
2026-03-03 00:00:00+0000,472.79,473.2,458.93,468.14,15761070.0
2026-03-04 00:00:00+0000,474.79,476.42,469.39,471.8,7179050.0
2026-03-05 00:00:00+0000,470.42,470.67,463.91,466.13,8658996.0
2026-03-06 00:00:00+0000,469.03,475.46,467.07,473.51,7545856.0
2026-03-09 00:00:00+0000,468.08,472.68,464.79,472.53,6474419.0
2026-03-10 00:00:00+0000,479.74,481.31,474.21,477.86,7149336.0
2026-03-11 00:00:00+0000,476.13,477.45,473.13,476.24,5700761.0
2026-03-12 00:00:00+0000,475.02,475.02,466.6,466.88,8455729.0
2026-03-13 00:00:00+0000,469.31,470.11,460.22,460.84,8540977.0
2026-03-16 00:00:00+0000,461.21,462.8,456.9,460.43,5893015.0
2026-03-17 00:00:00+0000,460.43,462.21,456.87,459.27,5279544.0
2026-03-18 00:00:00+0000,446.66,450.06,444.39,444.74,10620973.0
2026-03-19 00:00:00+0000,420.41,428.27,416.8,426.41,19233702.0
2026-03-20 00:00:00+0000,428.13,428.59,411.23,413.38,18118893.0
2026-03-23 00:00:00+0000,404.98,414.54,399.64,404.04,23971616.0
2026-03-24 00:00:00+0000,400.25,407.29,399.59,404.13,12314676.0
2026-03-25 00:00:00+0000,419.76,420.66,412.25,416.29,9681868.0
2026-03-26 00:00:00+0000,408.5,411.37,400.26,400.64,10759880.0
2026-03-27 00:00:00+0000,406.25,418.4,405.41,414.7,11563746.0
2026-03-30 00:00:00+0000,419.54,420.1,412.66,414.58,9033613.0
2026-03-31 00:00:00+0000,420.08,430.57,419.59,430.29,10762752.0
2026-04-01 00:00:00+0000,435.0,440.19,433.76,437.82,10140375.0
2026-04-02 00:00:00+0000,422.29,431.67,421.17,429.41,8076008.0
2026-04-06 00:00:00+0000,428.91,431.49,426.71,427.65,4002141.0
2026-04-07 00:00:00+0000,427.9,433.43,423.1,431.81,4645743.0
2026-04-08 00:00:00+0000,440.08,440.44,431.31,434.53,6530959.0
2026-04-09 00:00:00+0000,436.39,440.91,435.87,437.91,4830875.0
2026-04-10 00:00:00+0000,438.59,440.35,436.0,437.13,4291708.0
2026-04-13 00:00:00+0000,434.78,436.22,431.63,435.36,4010704.0
2026-04-14 00:00:00+0000,439.32,445.18,439.02,445.09,5737477.0
2026-04-15 00:00:00+0000,442.83,443.74,439.6,440.46,4560021.0
2026-04-16 00:00:00+0000,442.15,442.98,438.18,440.08,3398988.0
2026-04-17 00:00:00+0000,445.65,448.7,445.32,445.93,6102082.0
2026-04-20 00:00:00+0000,443.13,443.42,440.05,442.09,5109726.0
2026-04-21 00:00:00+0000,438.55,440.25,428.71,429.57,5906914.0
2026-04-22 00:00:00+0000,436.31,437.17,433.78,435.26,3120807.0
2026-04-23 00:00:00+0000,433.96,435.3,428.22,431.04,3679537.0
2026-04-24 00:00:00+0000,431.34,435.28,430.65,433.25,4050757.0
2026-04-27 00:00:00+0000,431.66,431.8,428.52,429.89,3639343.0
2026-04-28 00:00:00+0000,420.72,422.52,418.4,421.91,4831451.0
2026-04-29 00:00:00+0000,416.74,419.18,414.16,417.41,4587918.0
2026-04-30 00:00:00+0000,425.41,425.46,422.73,423.66,3894545.0
2026-05-01 00:00:00+0000,421.3,427.93,421.08,423.18,4203596.0
2026-05-04 00:00:00+0000,418.84,420.86,413.28,414.71,5117662.0
2026-05-05 00:00:00+0000,420.15,421.16,417.9,418.27,2860149.0
2026-05-06 00:00:00+0000,430.15,433.19,429.6,430.96,4597498.0
2026-05-07 00:00:00+0000,435.6,437.42,430.25,431.68,4325047.0
2026-05-08 00:00:00+0000,434.05,436.2,431.7,433.77,3594400.0
2026-05-11 00:00:00+0000,434.18,436.04,432.21,434.65,3896757.0
2026-05-12 00:00:00+0000,430.73,432.98,425.85,432.93,4045244.0
2026-05-13 00:00:00+0000,430.58,432.49,428.75,430.5,2722406.0
2026-05-14 00:00:00+0000,430.36,431.54,427.1,427.21,2853909.0
2026-05-15 00:00:00+0000,417.65,419.25,414.12,417.29,5903158.0
2026-05-18 00:00:00+0000,419.78,420.93,416.06,418.43,3520770.0
2026-05-19 00:00:00+0000,412.45,414.47,409.88,411.5,3806257.0
2026-05-20 00:00:00+0000,412.14,417.99,410.08,417.4,4006428.0
2026-05-21 00:00:00+0000,413.14,418.42,411.95,416.99,3188249.0
2026-05-22 00:00:00+0000,415.17,415.68,412.0,413.82,4114844.0
2026-05-26 00:00:00+0000,415.18,415.98,411.5,414.0,2986248.0
2026-05-27 00:00:00+0000,404.34,409.25,404.3,408.49,3914568.0
2026-05-28 00:00:00+0000,406.48,414.51,405.41,412.77,4561394.0
2026-05-29 00:00:00+0000,415.65,421.82,415.08,417.12,5165676.0
2026-06-01 00:00:00+0000,409.86,412.61,408.24,411.26,4186600.0
2026-06-02 00:00:00+0000,414.08,414.4,411.1,411.95,2194668.0
2026-06-03 00:00:00+0000,408.38,409.38,406.22,407.87,3342749.0
2026-06-04 00:00:00+0000,413.35,414.37,409.01,411.27,2427791.0
2026-06-05 00:00:00+0000,404.29,404.72,395.92,396.24,8350769.0
2026-06-08 00:00:00+0000,397.52,398.98,396.03,397.27,4912839.0
2026-06-09 00:00:00+0000,397.53,400.48,388.75,390.78,6260568.0
2026-06-10 00:00:00+0000,380.84,384.21,374.55,374.58,9760039.0
2026-06-11 00:00:00+0000,373.96,387.21,371.88,386.32,8582646.0
2026-06-12 00:00:00+0000,385.72,388.77,383.35,386.54,5241881.0
2026-06-15 00:00:00+0000,399.52,401.0,396.15,396.55,7371600.0
2026-06-16 00:00:00+0000,397.83,398.96,395.82,397.63,4283193.0
2026-06-17 00:00:00+0000,397.82,402.04,387.08,388.6,10505254.0
2026-06-18 00:00:00+0000,391.23,392.5,385.6,387.12,5448021.0
2026-06-22 00:00:00+0000,384.22,386.41,382.64,384.59,4385301.0
2026-06-23 00:00:00+0000,377.68,380.35,377.17,377.32,3763730.0
2026-06-24 00:00:00+0000,364.81,370.9,363.32,365.92,8343859.0
2026-06-25 00:00:00+0000,368.95,371.04,366.8,369.46,6137178.0
2026-06-26 00:00:00+0000,372.27,375.85,371.18,373.63,3910512.0
2026-06-29 00:00:00+0000,370.58,371.19,366.97,368.58,3350706.0
2026-06-30 00:00:00+0000,369.22,372.83,368.25,368.38,3569320.0
2026-07-01 00:00:00+0000,371.15,377.78,370.21,370.6,5390048.0
2026-07-02 00:00:00+0000,377.44,380.27,376.28,378.13,4481512.0
2026-07-06 00:00:00+0000,380.04,382.43,378.83,382.13,2789286.0
2026-07-07 00:00:00+0000,382.39,383.6,375.52,377.49,3193291.0
2026-07-08 00:00:00+0000,373.17,375.47,368.95,374.45,5557850.0
2026-07-09 00:00:00+0000,378.51,379.65,377.41,378.18,2508222.0
2026-07-10 00:00:00+0000,375.0,377.55,373.7,377.01,3471166.0
2026-07-13 00:00:00+0000,372.77,372.9,365.77,367.13,4802490.0
2026-07-14 00:00:00+0000,374.51,376.28,370.92,372.15,3330888.0
2026-07-15 00:00:00+0000,372.11,374.49,369.5,372.35,4276338.0
2026-07-16 00:00:00+0000,367.45,368.43,364.05,364.96,5522848.0
2026-07-17 00:00:00+0000,364.11,369.21,363.6,368.41,4276829.0
2026-07-20 00:00:00+0000,367.79,368.79,366.8,367.6,2796188.0
2026-07-21 00:00:00+0000,371.7,375.01,371.07,374.81,3207183.0
2026-07-22 00:00:00+0000,379.07,382.22,378.83,379.12,4332712.0
2026-07-23 00:00:00+0000,372.27,373.09,370.53,371.52,4096420.0
2026-07-24 00:00:00+0000,371.26,374.49,371.03,371.9,2536465.0
2026-07-27 00:00:00+0000,373.89,375.53,372.91,374.63,2339907.0
2026-07-28 00:00:00+0000,369.57,371.23,367.98,369.37,3266744.0
2026-07-29 00:00:00+0000,368.29,377.62,366.52,371.08,8895460.0
2026-07-30 00:00:00+0000,374.16,377.86,373.75,377.16,3936205.0
2026-07-31 00:00:00+0000,370.84,372.01,368.81,371.54,4170577.0
2026-08-03 00:00:00+0000,370.04,372.04,368.64,371.71,3360365.0
2026-08-04 00:00:00+0000,374.14,376.69,373.71,374.16,3397514.0
2026-08-05 00:00:00+0000,384.96,391.51,384.32,389.64,10304979.0
2026-08-06 00:00:00+0000,389.5,392.12,387.27,389.67,6504745.0
2026-08-07 00:00:00+0000,399.6,400.66,396.95,398.47,8547768.0
2026-08-10 00:00:00+0000,397.71,403.24,395.93,402.54,7577321.0
2026-08-11 00:00:00+0000,403.48,404.03,399.89,400.96,4664966.0
2026-08-12 00:00:00+0000,405.31,407.36,403.22,404.92,6854192.0
2026-08-13 00:00:00+0000,402.14,402.58,398.28,398.96,4934869.0
2026-08-14 00:00:00+0000,402.18,403.33,400.93,401.48,3237964.0
2026-08-17 00:00:00+0000,402.34,406.23,402.18,405.49,6361446.0
2026-08-18 00:00:00+0000,402.49,404.32,397.87,398.55,7111342.0
2026-08-19 00:00:00+0000,408.88,414.0,407.47,413.84,11408050.0
2026-08-20 00:00:00+0000,410.04,416.45,409.82,415.26,9352525.0
2026-08-21 00:00:00+0000,420.41,424.89,419.42,423.36,8916045.0
2026-08-24 00:00:00+0000,428.62,429.42,424.2,426.69,9833838.0
2026-08-25 00:00:00+0000,422.77,428.14,422.33,428.07,7574823.0
2026-08-26 00:00:00+0000,422.88,424.95,420.31,421.32,5763183.0
2026-08-27 00:00:00+0000,420.81,423.35,418.43,422.6,4833636.0
2026-08-28 00:00:00+0000,422.18,424.79,407.62,408.89,19296257.0
2026-08-31 00:00:00+0000,407.8,408.8,404.9,408.42,6045693.0
2026-09-01 00:00:00+0000,398.29,401.25,396.45,396.75,8742988.0
2026-09-02 00:00:00+0000,399.68,403.33,399.58,402.78,9114703.0
2026-09-03 00:00:00+0000,410.71,413.54,408.54,410.22,8402593.0
2026-09-04 00:00:00+0000,404.71,408.0,403.96,406.77,5995462.0
2026-09-08 00:00:00+0000,403.47,404.28,399.48,399.72,6367968.0
2026-09-09 00:00:00+0000,406.11,406.56,401.18,403.35,6245086.0
2026-09-10 00:00:00+0000,399.5,401.15,395.45,396.36,6240875.0
2026-09-11 00:00:00+0000,402.53,403.65,398.14,398.77,5824214.0
2026-09-14 00:00:00+0000,391.87,395.9,390.96,392.84,5177688.0
2026-09-15 00:00:00+0000,393.11,395.31,391.81,394.15,4614724.0
2026-09-16 00:00:00+0000,398.96,400.6,388.39,391.74,12932025.0
2026-09-17 00:00:00+0000,400.27,401.44,398.04,398.36,5145717.0
2026-09-18 00:00:00+0000,400.48,403.15,398.13,401.17,5514402.0
2026-09-21 00:00:00+0000,400.13,400.24,396.34,398.38,3850804.0
2026-09-22 00:00:00+0000,397.07,400.78,395.58,400.07,4014174.0
2026-09-23 00:00:00+0000,395.34,395.5,391.87,392.88,4865204.0
2026-09-24 00:00:00+0000,391.94,393.07,389.04,391.69,5030975.0
