date,side,entry_time,exit_time,entry,exit,pts,r_mult,pnl,reason
2023-08-25,1,2023-08-25 09:30:00-04:00,2023-08-25 15:55:00-04:00,52.4033,52.603300000000004,0.20000000000000284,10.000000000000142,18.000000000000284,intraday
2023-08-28,1,2023-08-28 09:30:00-04:00,2023-08-28 15:55:00-04:00,52.629999999999995,52.88,0.2500000000000071,12.500000000000355,23.00000000000071,intraday
2023-08-29,1,2023-08-29 09:30:00-04:00,2023-08-29 15:55:00-04:00,53.01,53.34,0.3300000000000054,16.50000000000027,31.00000000000054,intraday
2023-08-30,1,2023-08-30 09:30:00-04:00,2023-08-30 15:55:00-04:00,53.4767,53.72,0.24329999999999785,12.164999999999893,22.329999999999785,intraday
2023-08-31,1,2023-08-31 09:30:00-04:00,2023-08-31 15:55:00-04:00,53.716699999999996,54.1833,0.4666000000000068,23.33000000000034,44.66000000000068,intraday
2023-09-01,1,2023-09-01 09:30:00-04:00,2023-09-01 15:55:00-04:00,54.3,53.8467,-0.4532999999999987,-22.664999999999935,-47.32999999999987,intraday
2023-09-05,1,2023-09-05 09:30:00-04:00,2023-09-05 15:55:00-04:00,53.96,53.4167,-0.5433000000000021,-27.165000000000106,-56.33000000000021,intraday
2023-09-06,1,2023-09-06 09:30:00-04:00,2023-09-06 15:55:00-04:00,53.4767,53.813300000000005,0.33660000000000423,16.83000000000021,31.660000000000423,intraday
2023-09-07,1,2023-09-07 09:30:00-04:00,2023-09-07 15:55:00-04:00,54.01,54.480000000000004,0.47000000000000597,23.5000000000003,45.0000000000006,intraday
2023-09-08,1,2023-09-08 09:30:00-04:00,2023-09-08 15:55:00-04:00,54.503299999999996,54.5833,0.0800000000000054,4.00000000000027,6.00000000000054,intraday
2023-09-11,1,2023-09-11 09:30:00-04:00,2023-09-11 15:55:00-04:00,54.6767,54.776700000000005,0.10000000000000853,5.000000000000426,8.000000000000853,intraday
2023-09-12,1,2023-09-12 09:30:00-04:00,2023-09-12 15:55:00-04:00,54.8433,54.830000000000005,-0.013299999999993872,-0.6649999999996936,-3.3299999999993872,intraday
2023-09-13,1,2023-09-13 09:30:00-04:00,2023-09-13 15:55:00-04:00,54.9867,54.8467,-0.14000000000000057,-7.000000000000028,-16.000000000000057,intraday
2023-09-14,1,2023-09-14 09:30:00-04:00,2023-09-14 15:55:00-04:00,55.01,55.09,0.0800000000000054,4.00000000000027,6.00000000000054,intraday
2023-09-15,1,2023-09-15 09:30:00-04:00,2023-09-15 15:55:00-04:00,55.08,54.89,-0.18999999999999773,-9.499999999999886,-20.999999999999773,intraday
2023-09-18,1,2023-09-18 09:30:00-04:00,2023-09-18 15:55:00-04:00,54.9033,54.46,-0.4433000000000007,-22.165000000000035,-46.33000000000007,intraday
2023-09-19,1,2023-09-19 09:30:00-04:00,2023-09-19 15:55:00-04:00,54.47,54.4533,-0.01670000000000016,-0.835000000000008,-3.670000000000016,intraday
2023-09-20,1,2023-09-20 09:30:00-04:00,2023-09-20 15:55:00-04:00,54.543299999999995,54.63,0.08670000000000755,4.335000000000377,6.670000000000755,intraday
2023-09-21,1,2023-09-21 09:30:00-04:00,2023-09-21 15:55:00-04:00,54.7633,53.9533,-0.8100000000000023,-40.500000000000114,-83.00000000000023,intraday
2023-09-22,1,2023-09-22 09:30:00-04:00,2023-09-22 15:55:00-04:00,54.0867,54.106700000000004,0.020000000000003126,1.0000000000001563,3.126388037344441e-13,intraday
2023-09-25,1,2023-09-25 09:30:00-04:00,2023-09-25 15:55:00-04:00,54.1333,54.3467,0.21340000000000003,10.670000000000002,19.340000000000003,intraday
2023-09-26,1,2023-09-26 09:30:00-04:00,2023-09-26 15:55:00-04:00,54.323299999999996,54.160000000000004,-0.16329999999999245,-8.164999999999623,-18.329999999999245,intraday
2023-09-27,1,2023-09-27 09:30:00-04:00,2023-09-27 15:55:00-04:00,54.01,53.9,-0.10999999999999943,-5.499999999999972,-12.999999999999943,intraday
2023-09-28,1,2023-09-28 09:30:00-04:00,2023-09-28 15:55:00-04:00,54.01,54.1633,0.15330000000000155,7.665000000000077,13.330000000000155,intraday
2023-09-29,1,2023-09-29 09:30:00-04:00,2023-09-29 15:55:00-04:00,54.3533,53.300000000000004,-1.053299999999993,-52.66499999999965,-107.3299999999993,intraday
2023-10-02,1,2023-10-02 09:30:00-04:00,2023-10-02 15:55:00-04:00,53.1733,53.356700000000004,0.183400000000006,9.1700000000003,16.3400000000006,intraday
2023-10-03,1,2023-10-03 09:30:00-04:00,2023-10-03 15:55:00-04:00,53.239999999999995,53.026700000000005,-0.2132999999999896,-10.66499999999948,-23.32999999999896,intraday
2023-10-04,1,2023-10-04 09:30:00-04:00,2023-10-04 15:55:00-04:00,53.2267,53.633300000000006,0.4066000000000045,20.330000000000226,38.66000000000045,intraday
2023-10-05,1,2023-10-05 09:30:00-04:00,2023-10-05 15:55:00-04:00,53.4933,53.0233,-0.46999999999999886,-23.499999999999943,-48.999999999999886,intraday
2023-10-06,1,2023-10-06 09:30:00-04:00,2023-10-06 15:55:00-04:00,52.893299999999996,52.14,-0.7532999999999959,-37.66499999999979,-77.32999999999959,intraday
2023-10-09,1,2023-10-09 09:30:00-04:00,2023-10-09 15:55:00-04:00,51.7033,51.9367,0.23340000000000316,11.670000000000158,21.340000000000316,intraday
2023-10-10,1,2023-10-10 09:30:00-04:00,2023-10-10 15:55:00-04:00,52.0867,52.5233,0.43659999999999854,21.829999999999927,41.659999999999854,intraday
2023-10-11,1,2023-10-11 09:30:00-04:00,2023-10-11 15:55:00-04:00,52.7633,52.7267,-0.036599999999999966,-1.8299999999999983,-5.659999999999997,intraday
2023-10-12,1,2023-10-12 09:30:00-04:00,2023-10-12 15:55:00-04:00,52.8533,52.9767,0.12340000000000373,6.1700000000001864,10.340000000000373,intraday
2023-10-13,1,2023-10-13 09:30:00-04:00,2023-10-13 15:55:00-04:00,53.0967,53.2733,0.17660000000000053,8.830000000000027,15.660000000000053,intraday
2023-10-16,1,2023-10-16 09:30:00-04:00,2023-10-16 15:55:00-04:00,53.5233,53.7267,0.20340000000000202,10.170000000000101,18.340000000000202,intraday
2023-10-17,1,2023-10-17 09:30:00-04:00,2023-10-17 15:55:00-04:00,53.589999999999996,53.7967,0.206700000000005,10.33500000000025,18.6700000000005,intraday
2023-10-18,1,2023-10-18 09:30:00-04:00,2023-10-18 15:55:00-04:00,53.97,53.84,-0.12999999999999545,-6.499999999999773,-14.999999999999545,intraday
2023-10-19,1,2023-10-19 09:30:00-04:00,2023-10-19 15:55:00-04:00,53.82,53.566700000000004,-0.25329999999999586,-12.664999999999793,-27.329999999999586,intraday
2023-10-20,1,2023-10-20 09:30:00-04:00,2023-10-20 15:55:00-04:00,53.62,52.910000000000004,-0.7099999999999937,-35.49999999999969,-72.99999999999937,intraday
2023-10-23,1,2023-10-23 09:30:00-04:00,2023-10-23 15:55:00-04:00,52.919999999999995,53.660000000000004,0.7400000000000091,37.000000000000455,72.00000000000091,intraday
2023-10-24,1,2023-10-24 09:30:00-04:00,2023-10-24 15:55:00-04:00,53.809999999999995,54.4033,0.5933000000000064,29.66500000000032,57.33000000000064,intraday
2023-10-25,1,2023-10-25 09:30:00-04:00,2023-10-25 15:55:00-04:00,54.396699999999996,54.246700000000004,-0.14999999999999147,-7.499999999999574,-16.999999999999147,intraday
2023-10-26,1,2023-10-26 09:30:00-04:00,2023-10-26 15:55:00-04:00,54.2467,53.92,-0.3266999999999953,-16.334999999999766,-34.66999999999953,intraday
2023-10-27,1,2023-10-27 09:30:00-04:00,2023-10-27 15:55:00-04:00,53.8367,53.706700000000005,-0.12999999999999545,-6.499999999999773,-14.999999999999545,intraday
2023-10-30,1,2023-10-30 09:30:00-04:00,2023-10-30 15:55:00-04:00,53.83,54.3367,0.5067000000000021,25.335000000000107,48.670000000000215,intraday
2023-10-31,1,2023-10-31 09:30:00-04:00,2023-10-31 15:55:00-04:00,54.3433,54.46,0.11670000000000158,5.835000000000079,9.670000000000158,intraday
2023-11-01,1,2023-11-01 09:30:00-04:00,2023-11-01 15:55:00-04:00,54.7467,54.956700000000005,0.21000000000000796,10.500000000000398,19.000000000000796,intraday
2023-11-02,1,2023-11-02 09:30:00-04:00,2023-11-02 15:55:00-04:00,54.8033,55.1633,0.35999999999999943,17.99999999999997,33.99999999999994,intraday
2023-11-03,1,2023-11-03 09:30:00-04:00,2023-11-03 15:55:00-04:00,55.3033,54.8767,-0.42660000000000053,-21.330000000000027,-44.66000000000005,intraday
2023-11-06,1,2023-11-06 09:30:00-05:00,2023-11-06 15:55:00-05:00,54.8433,54.963300000000004,0.12000000000000455,6.000000000000227,10.000000000000455,intraday
2023-11-07,1,2023-11-07 09:30:00-05:00,2023-11-07 15:55:00-05:00,55.2667,55.2033,-0.06340000000000146,-3.1700000000000728,-8.340000000000146,intraday
2023-11-08,1,2023-11-08 09:30:00-05:00,2023-11-08 15:55:00-05:00,55.29,54.7567,-0.533299999999997,-26.66499999999985,-55.3299999999997,intraday
2023-11-09,1,2023-11-09 09:30:00-05:00,2023-11-09 15:55:00-05:00,54.8,54.633300000000006,-0.16669999999999163,-8.334999999999582,-18.669999999999163,intraday
2023-11-10,1,2023-11-10 09:30:00-05:00,2023-11-10 15:55:00-05:00,54.86,55.39,0.5300000000000011,26.500000000000057,51.000000000000114,intraday
2023-11-13,1,2023-11-13 09:30:00-05:00,2023-11-13 15:55:00-05:00,55.47,55.883300000000006,0.41330000000000666,20.665000000000333,39.330000000000666,intraday
2023-11-14,1,2023-11-14 09:30:00-05:00,2023-11-14 15:55:00-05:00,56.0667,55.870000000000005,-0.19669999999999277,-9.834999999999638,-21.669999999999277,intraday
2023-11-15,1,2023-11-15 09:30:00-05:00,2023-11-15 15:55:00-05:00,56.1367,56.580000000000005,0.4433000000000078,22.16500000000039,42.33000000000078,intraday
2023-11-16,1,2023-11-16 09:30:00-05:00,2023-11-16 15:55:00-05:00,52.9267,52.010000000000005,-0.9166999999999916,-45.83499999999958,-93.66999999999916,intraday
2023-11-17,1,2023-11-17 09:30:00-05:00,2023-11-17 15:55:00-05:00,51.9933,51.7733,-0.21999999999999886,-10.999999999999943,-23.999999999999886,intraday
2023-11-20,1,2023-11-20 09:30:00-05:00,2023-11-20 15:55:00-05:00,51.8567,51.7633,-0.09339999999999549,-4.669999999999774,-11.339999999999549,intraday
2023-11-21,1,2023-11-21 09:30:00-05:00,2023-11-21 15:55:00-05:00,51.83,51.9467,0.11670000000000158,5.835000000000079,9.670000000000158,intraday
2023-11-22,1,2023-11-22 09:30:00-05:00,2023-11-22 15:55:00-05:00,51.9167,51.54,-0.3766999999999996,-18.83499999999998,-39.66999999999996,intraday
2023-11-27,1,2023-11-27 09:30:00-05:00,2023-11-27 15:55:00-05:00,51.9933,52.243300000000005,0.2500000000000071,12.500000000000355,23.00000000000071,intraday
2023-11-28,1,2023-11-28 09:30:00-05:00,2023-11-28 15:55:00-05:00,52.23,52.89,0.6600000000000037,33.000000000000185,64.00000000000037,intraday
2023-11-29,1,2023-11-29 09:30:00-05:00,2023-11-29 15:55:00-05:00,52.933299999999996,52.02,-0.9132999999999925,-45.66499999999962,-93.32999999999925,intraday
2023-11-30,1,2023-11-30 09:30:00-05:00,2023-11-30 15:55:00-05:00,52.0167,51.8467,-0.1700000000000017,-8.500000000000085,-19.00000000000017,intraday
2023-12-01,1,2023-12-01 09:30:00-05:00,2023-12-01 15:55:00-05:00,51.8033,51.440000000000005,-0.3632999999999953,-18.164999999999765,-38.32999999999953,intraday
2023-12-04,1,2023-12-04 09:30:00-05:00,2023-12-04 15:55:00-05:00,51.116699999999994,51.423300000000005,0.3066000000000102,15.33000000000051,28.66000000000102,intraday
2023-12-05,1,2023-12-05 09:30:00-05:00,2023-12-05 15:55:00-05:00,51.4933,51.9,0.4067000000000007,20.335000000000036,38.67000000000007,intraday
2023-12-06,1,2023-12-06 09:30:00-05:00,2023-12-06 15:55:00-05:00,51.86,51.3467,-0.513300000000001,-25.66500000000005,-53.3300000000001,intraday
2023-12-07,1,2023-12-07 09:30:00-05:00,2023-12-07 15:55:00-05:00,51.46,50.81,-0.6499999999999986,-32.49999999999993,-66.99999999999986,intraday
2023-12-08,1,2023-12-08 09:30:00-05:00,2023-12-08 15:55:00-05:00,50.6767,50.2633,-0.41339999999999577,-20.66999999999979,-43.33999999999958,intraday
2023-12-11,1,2023-12-11 09:30:00-05:00,2023-12-11 15:55:00-05:00,50.39,50.3967,0.006700000000002149,0.33500000000010743,-1.3299999999997851,intraday
2023-12-12,1,2023-12-12 09:30:00-05:00,2023-12-12 15:55:00-05:00,50.4167,50.4433,0.026600000000001955,1.3300000000000978,0.6600000000001955,intraday
2023-12-13,1,2023-12-13 09:30:00-05:00,2023-12-13 15:55:00-05:00,50.5267,51.34,0.8133000000000052,40.66500000000026,79.33000000000052,intraday
2023-12-14,1,2023-12-14 09:30:00-05:00,2023-12-14 15:55:00-05:00,51.269999999999996,50.706700000000005,-0.563299999999991,-28.16499999999955,-58.3299999999991,intraday
2023-12-15,1,2023-12-15 09:30:00-05:00,2023-12-15 15:55:00-05:00,50.6033,50.9333,0.3300000000000054,16.50000000000027,31.00000000000054,intraday
2023-12-18,1,2023-12-18 09:30:00-05:00,2023-12-18 15:55:00-05:00,51.1267,51.6467,0.5200000000000031,26.000000000000156,50.00000000000031,intraday
2023-12-19,1,2023-12-19 09:30:00-05:00,2023-12-19 15:55:00-05:00,51.6233,51.8633,0.240000000000002,12.0000000000001,22.0000000000002,intraday
2023-12-20,1,2023-12-20 09:30:00-05:00,2023-12-20 15:55:00-05:00,51.8167,51.2267,-0.5899999999999963,-29.499999999999815,-60.99999999999963,intraday
2023-12-21,1,2023-12-21 09:30:00-05:00,2023-12-21 15:55:00-05:00,51.36,51.59,0.23000000000000398,11.500000000000199,21.000000000000398,intraday
2023-12-22,1,2023-12-22 09:30:00-05:00,2023-12-22 15:55:00-05:00,51.826699999999995,52.2033,0.3766000000000034,18.83000000000017,35.66000000000034,intraday
2023-12-26,1,2023-12-26 09:30:00-05:00,2023-12-26 15:55:00-05:00,52.22,52.13,-0.0899999999999963,-4.499999999999815,-10.99999999999963,intraday
2023-12-27,1,2023-12-27 09:30:00-05:00,2023-12-27 15:55:00-05:00,52.113299999999995,52.63,0.5167000000000073,25.835000000000363,49.67000000000073,intraday
2023-12-28,1,2023-12-28 09:30:00-05:00,2023-12-28 15:55:00-05:00,52.6,52.5433,-0.056699999999999307,-2.8349999999999653,-7.669999999999931,intraday
2023-12-29,1,2023-12-29 09:30:00-05:00,2023-12-29 15:55:00-05:00,52.519999999999996,52.54,0.020000000000003126,1.0000000000001563,3.126388037344441e-13,intraday
2024-01-02,1,2024-01-02 09:30:00-05:00,2024-01-02 15:55:00-05:00,52.4267,53.103300000000004,0.6766000000000076,33.83000000000038,65.66000000000076,intraday
2024-01-03,1,2024-01-03 09:30:00-05:00,2024-01-03 15:55:00-05:00,53.2667,53.09,-0.17669999999999675,-8.834999999999837,-19.669999999999675,intraday
2024-01-04,1,2024-01-04 09:30:00-05:00,2024-01-04 15:55:00-05:00,53.08,52.5833,-0.49669999999999703,-24.83499999999985,-51.6699999999997,intraday
2024-01-05,1,2024-01-05 09:30:00-05:00,2024-01-05 15:55:00-05:00,52.65,52.2267,-0.42329999999999757,-21.16499999999988,-44.32999999999976,intraday
2024-01-08,1,2024-01-08 09:30:00-05:00,2024-01-08 15:55:00-05:00,52.2433,52.74,0.49670000000000414,24.835000000000207,47.670000000000414,intraday
2024-01-09,1,2024-01-09 09:30:00-05:00,2024-01-09 15:55:00-05:00,52.6533,53.09,0.43670000000000186,21.835000000000093,41.670000000000186,intraday
2024-01-10,1,2024-01-10 09:30:00-05:00,2024-01-10 15:55:00-05:00,53.1967,53.75,0.5533000000000001,27.665000000000006,53.33000000000001,intraday
2024-01-11,1,2024-01-11 09:30:00-05:00,2024-01-11 15:55:00-05:00,53.793299999999995,53.6867,-0.10659999999999314,-5.329999999999657,-12.659999999999314,intraday
2024-01-12,1,2024-01-12 09:30:00-05:00,2024-01-12 15:55:00-05:00,53.8,53.7633,-0.03669999999999618,-1.834999999999809,-5.669999999999618,intraday
2024-01-16,1,2024-01-16 09:30:00-05:00,2024-01-16 15:55:00-05:00,53.823299999999996,53.926700000000004,0.10340000000000771,5.170000000000385,8.34000000000077,intraday
2024-01-17,1,2024-01-17 09:30:00-05:00,2024-01-17 15:55:00-05:00,53.8033,53.676700000000004,-0.12659999999999627,-6.3299999999998136,-14.659999999999627,intraday
2024-01-18,1,2024-01-18 09:30:00-05:00,2024-01-18 15:55:00-05:00,53.73,54.4033,0.6733000000000047,33.665000000000234,65.33000000000047,intraday
2024-01-19,1,2024-01-19 09:30:00-05:00,2024-01-19 15:55:00-05:00,54.4867,54.1167,-0.36999999999999744,-18.499999999999872,-38.999999999999744,intraday
2024-01-22,1,2024-01-22 09:30:00-05:00,2024-01-22 15:55:00-05:00,54.2733,54.120000000000005,-0.15329999999999444,-7.664999999999722,-17.329999999999444,intraday
2024-01-23,1,2024-01-23 09:30:00-05:00,2024-01-23 15:55:00-05:00,54.05,54.2567,0.206700000000005,10.33500000000025,18.6700000000005,intraday
2024-01-24,1,2024-01-24 09:30:00-05:00,2024-01-24 15:55:00-05:00,54.309999999999995,53.496700000000004,-0.813299999999991,-40.66499999999955,-83.3299999999991,intraday
2024-01-25,1,2024-01-25 09:30:00-05:00,2024-01-25 15:55:00-05:00,53.809999999999995,54.276700000000005,0.4667000000000101,23.335000000000505,44.67000000000101,intraday
2024-01-26,1,2024-01-26 09:30:00-05:00,2024-01-26 15:55:00-05:00,54.36,54.7533,0.39330000000000354,19.665000000000177,37.330000000000354,intraday
2024-01-29,1,2024-01-29 09:30:00-05:00,2024-01-29 15:55:00-05:00,54.793299999999995,55.0033,0.21000000000000796,10.500000000000398,19.000000000000796,intraday
2024-01-30,1,2024-01-30 09:30:00-05:00,2024-01-30 15:55:00-05:00,54.91,55.176700000000004,0.26670000000000726,13.335000000000363,24.670000000000726,intraday
2024-01-31,1,2024-01-31 09:30:00-05:00,2024-01-31 15:55:00-05:00,55.9433,55.063300000000005,-0.8799999999999955,-43.99999999999977,-89.99999999999955,intraday
2024-02-01,1,2024-02-01 09:30:00-05:00,2024-02-01 15:55:00-05:00,55.2433,56.0867,0.8434000000000026,42.17000000000013,82.34000000000026,intraday
2024-02-02,1,2024-02-02 09:30:00-05:00,2024-02-02 15:55:00-05:00,56.059999999999995,56.510000000000005,0.45000000000000995,22.500000000000497,43.000000000000995,intraday
2024-02-05,1,2024-02-05 09:30:00-05:00,2024-02-05 15:55:00-05:00,56.68,56.2033,-0.476700000000001,-23.83500000000005,-49.6700000000001,intraday
2024-02-06,1,2024-02-06 09:30:00-05:00,2024-02-06 15:55:00-05:00,56.2733,56.5933,0.3200000000000003,16.000000000000014,30.00000000000003,intraday
2024-02-07,1,2024-02-07 09:30:00-05:00,2024-02-07 15:55:00-05:00,56.7667,56.4433,-0.32339999999999947,-16.169999999999973,-34.33999999999995,intraday
2024-02-08,1,2024-02-08 09:30:00-05:00,2024-02-08 15:55:00-05:00,56.47,56.4467,-0.023299999999998988,-1.1649999999999494,-4.329999999999899,intraday
2024-02-09,1,2024-02-09 09:30:00-05:00,2024-02-09 15:55:00-05:00,56.473299999999995,56.4133,-0.05999999999999517,-2.9999999999997584,-7.999999999999517,intraday
2024-02-12,1,2024-02-12 09:30:00-05:00,2024-02-12 15:55:00-05:00,56.419999999999995,56.7733,0.3533000000000044,17.66500000000022,33.33000000000044,intraday
2024-02-13,1,2024-02-13 09:30:00-05:00,2024-02-13 15:55:00-05:00,56.8833,56.370000000000005,-0.5132999999999939,-25.664999999999694,-53.32999999999939,intraday
2024-02-14,1,2024-02-14 09:30:00-05:00,2024-02-14 15:55:00-05:00,56.2433,56.18,-0.06329999999999814,-3.1649999999999068,-8.329999999999814,intraday
2024-02-15,1,2024-02-15 09:30:00-05:00,2024-02-15 15:55:00-05:00,56.61,56.4133,-0.19669999999999987,-9.834999999999994,-21.669999999999987,intraday
2024-02-16,1,2024-02-16 09:30:00-05:00,2024-02-16 15:55:00-05:00,56.7767,56.79,0.013300000000000978,0.6650000000000489,-0.6699999999999022,intraday
2024-02-20,1,2024-02-20 09:30:00-05:00,2024-02-20 15:55:00-05:00,59.503299999999996,58.636700000000005,-0.8665999999999912,-43.32999999999956,-88.65999999999912,intraday
2024-02-21,1,2024-02-21 09:30:00-05:00,2024-02-21 15:55:00-05:00,58.3433,57.8933,-0.44999999999999574,-22.499999999999787,-46.999999999999574,intraday
2024-02-22,1,2024-02-22 09:30:00-05:00,2024-02-22 15:55:00-05:00,57.97,58.45,0.480000000000004,24.0000000000002,46.0000000000004,intraday
2024-02-23,1,2024-02-23 09:30:00-05:00,2024-02-23 15:55:00-05:00,58.7067,58.510000000000005,-0.19669999999999277,-9.834999999999638,-21.669999999999277,intraday
2024-02-26,1,2024-02-26 09:30:00-05:00,2024-02-26 15:55:00-05:00,59.129999999999995,59.56,0.4300000000000068,21.50000000000034,41.00000000000068,intraday
2024-02-27,1,2024-02-27 09:30:00-05:00,2024-02-27 15:55:00-05:00,59.65,59.56,-0.0899999999999963,-4.499999999999815,-10.99999999999963,intraday
2024-02-28,1,2024-02-28 09:30:00-05:00,2024-02-28 15:55:00-05:00,59.559999999999995,59.61,0.05000000000000426,2.500000000000213,3.0000000000004263,intraday
2024-02-29,1,2024-02-29 09:30:00-05:00,2024-02-29 15:55:00-05:00,59.46,58.6,-0.8599999999999994,-42.99999999999997,-87.99999999999994,intraday
2024-03-01,1,2024-03-01 09:30:00-05:00,2024-03-01 15:55:00-05:00,58.809999999999995,58.74,-0.06999999999999318,-3.499999999999659,-8.999999999999318,intraday
2024-03-04,1,2024-03-04 09:30:00-05:00,2024-03-04 15:55:00-05:00,58.51,59.32,0.8100000000000023,40.500000000000114,79.00000000000023,intraday
2024-03-05,1,2024-03-05 09:30:00-05:00,2024-03-05 15:55:00-05:00,59.879999999999995,60.03,0.15000000000000568,7.500000000000284,13.000000000000568,intraday
2024-03-06,1,2024-03-06 09:30:00-05:00,2024-03-06 15:55:00-05:00,60.129999999999995,60.54,0.4100000000000037,20.500000000000185,39.00000000000037,intraday
2024-03-07,1,2024-03-07 09:30:00-05:00,2024-03-07 15:55:00-05:00,61.01,60.34,-0.6699999999999946,-33.49999999999973,-68.99999999999946,intraday
2024-03-08,1,2024-03-08 09:30:00-05:00,2024-03-08 15:55:00-05:00,60.01,60.09,0.0800000000000054,4.00000000000027,6.00000000000054,intraday
2024-03-11,1,2024-03-11 09:30:00-04:00,2024-03-11 15:55:00-04:00,60.11,60.67,0.5600000000000023,28.000000000000114,54.00000000000023,intraday
2024-03-12,1,2024-03-12 09:30:00-04:00,2024-03-12 15:55:00-04:00,60.96,61.39,0.4299999999999997,21.499999999999986,40.99999999999997,intraday
2024-03-13,1,2024-03-13 09:30:00-04:00,2024-03-13 15:55:00-04:00,61.269999999999996,61.28,0.010000000000005116,0.5000000000002558,-0.9999999999994884,intraday
2024-03-14,1,2024-03-14 09:30:00-04:00,2024-03-14 15:55:00-04:00,61.29,61.03,-0.259999999999998,-12.9999999999999,-27.9999999999998,intraday
2024-03-15,1,2024-03-15 09:30:00-04:00,2024-03-15 15:55:00-04:00,60.69,60.690000000000005,7.105427357601002e-15,3.552713678800501e-13,-1.9999999999992895,intraday
2024-03-18,1,2024-03-18 09:30:00-04:00,2024-03-18 15:55:00-04:00,60.699999999999996,60.84,0.14000000000000767,7.000000000000384,12.000000000000767,intraday
2024-03-19,1,2024-03-19 09:30:00-04:00,2024-03-19 15:55:00-04:00,60.98,60.85,-0.12999999999999545,-6.499999999999773,-14.999999999999545,intraday
2024-03-20,1,2024-03-20 09:30:00-04:00,2024-03-20 15:55:00-04:00,60.85,61.24,0.39000000000000057,19.50000000000003,37.00000000000006,intraday
2024-03-21,1,2024-03-21 09:30:00-04:00,2024-03-21 15:55:00-04:00,61.29,61.43,0.14000000000000057,7.000000000000028,12.000000000000057,intraday
2024-03-22,1,2024-03-22 09:30:00-04:00,2024-03-22 15:55:00-04:00,61.33,60.86,-0.46999999999999886,-23.499999999999943,-48.999999999999886,intraday
2024-03-25,1,2024-03-25 09:30:00-04:00,2024-03-25 15:55:00-04:00,60.879999999999995,60.56,-0.3199999999999932,-15.999999999999659,-33.99999999999932,intraday
2024-03-26,1,2024-03-26 09:30:00-04:00,2024-03-26 15:55:00-04:00,60.47,60.5,0.030000000000001137,1.5000000000000568,1.0000000000001137,intraday
2024-03-27,1,2024-03-27 09:30:00-04:00,2024-03-27 15:55:00-04:00,60.879999999999995,60.7,-0.1799999999999926,-8.99999999999963,-19.99999999999926,intraday
2024-03-28,1,2024-03-28 09:30:00-04:00,2024-03-28 15:55:00-04:00,60.669999999999995,60.15,-0.519999999999996,-25.9999999999998,-53.9999999999996,intraday
2024-04-01,1,2024-04-01 09:30:00-04:00,2024-04-01 15:55:00-04:00,60.32,59.940000000000005,-0.37999999999999545,-18.999999999999773,-39.999999999999545,intraday
2024-04-02,1,2024-04-02 09:30:00-04:00,2024-04-02 15:55:00-04:00,59.91,59.14,-0.769999999999996,-38.4999999999998,-78.9999999999996,intraday
2024-04-03,1,2024-04-03 09:30:00-04:00,2024-04-03 15:55:00-04:00,59.39,59.43,0.03999999999999915,1.9999999999999574,1.9999999999999147,intraday
2024-04-04,1,2024-04-04 09:30:00-04:00,2024-04-04 15:55:00-04:00,59.55,59.49,-0.05999999999999517,-2.9999999999997584,-7.999999999999517,intraday
2024-04-05,1,2024-04-05 09:30:00-04:00,2024-04-05 15:55:00-04:00,59.559999999999995,59.84,0.28000000000000824,14.000000000000412,26.000000000000824,intraday
2024-04-08,1,2024-04-08 09:30:00-04:00,2024-04-08 15:55:00-04:00,59.61,59.77,0.1600000000000037,8.000000000000185,14.00000000000037,intraday
2024-04-09,1,2024-04-09 09:30:00-04:00,2024-04-09 15:55:00-04:00,59.879999999999995,59.78,-0.09999999999999432,-4.999999999999716,-11.999999999999432,intraday
2024-04-10,1,2024-04-10 09:30:00-04:00,2024-04-10 15:55:00-04:00,59.629999999999995,60.6,0.970000000000006,48.5000000000003,95.0000000000006,intraday
2024-04-11,1,2024-04-11 09:30:00-04:00,2024-04-11 15:55:00-04:00,60.76,60.080000000000005,-0.6799999999999926,-33.99999999999963,-69.99999999999926,intraday
2024-04-12,1,2024-04-12 09:30:00-04:00,2024-04-12 15:55:00-04:00,60.01,60.15,0.14000000000000057,7.000000000000028,12.000000000000057,intraday
2024-04-15,1,2024-04-15 09:30:00-04:00,2024-04-15 15:55:00-04:00,60.519999999999996,59.92,-0.5999999999999943,-29.999999999999716,-61.99999999999943,intraday
2024-04-16,1,2024-04-16 09:30:00-04:00,2024-04-16 15:55:00-04:00,60.04,59.84,-0.19999999999999574,-9.999999999999787,-21.999999999999574,intraday
2024-04-17,1,2024-04-17 09:30:00-04:00,2024-04-17 15:55:00-04:00,60.16,59.63,-0.529999999999994,-26.4999999999997,-54.9999999999994,intraday
2024-04-18,1,2024-04-18 09:30:00-04:00,2024-04-18 15:55:00-04:00,59.839999999999996,59.25,-0.5899999999999963,-29.499999999999815,-60.99999999999963,intraday
2024-04-19,1,2024-04-19 09:30:00-04:00,2024-04-19 15:55:00-04:00,59.46,59.510000000000005,0.05000000000000426,2.500000000000213,3.0000000000004263,intraday
2024-04-22,1,2024-04-22 09:30:00-04:00,2024-04-22 15:55:00-04:00,59.519999999999996,60.120000000000005,0.6000000000000085,30.000000000000426,58.00000000000085,intraday
2024-04-23,1,2024-04-23 09:30:00-04:00,2024-04-23 15:55:00-04:00,60.26,59.080000000000005,-1.1799999999999926,-58.99999999999963,-119.99999999999926,intraday
2024-04-24,1,2024-04-24 09:30:00-04:00,2024-04-24 15:55:00-04:00,58.989999999999995,59.85,0.8600000000000065,43.00000000000033,84.00000000000065,intraday
2024-04-25,1,2024-04-25 09:30:00-04:00,2024-04-25 15:55:00-04:00,60.059999999999995,60.190000000000005,0.13000000000000966,6.500000000000483,11.000000000000966,intraday
2024-04-26,1,2024-04-26 09:30:00-04:00,2024-04-26 15:55:00-04:00,60.169999999999995,60.11,-0.05999999999999517,-2.9999999999997584,-7.999999999999517,intraday
2024-04-29,1,2024-04-29 09:30:00-04:00,2024-04-29 15:55:00-04:00,60.19,60.230000000000004,0.04000000000000625,2.0000000000003126,2.0000000000006253,intraday
2024-04-30,1,2024-04-30 09:30:00-04:00,2024-04-30 15:55:00-04:00,60.21,59.32,-0.8900000000000006,-44.50000000000003,-91.00000000000006,intraday
2024-05-01,1,2024-05-01 09:30:00-04:00,2024-05-01 15:55:00-04:00,59.32,58.830000000000005,-0.4899999999999949,-24.499999999999744,-50.99999999999949,intraday
2024-05-02,1,2024-05-02 09:30:00-04:00,2024-05-02 15:55:00-04:00,58.949999999999996,59.7,0.7500000000000071,37.500000000000355,73.00000000000071,intraday
2024-05-03,1,2024-05-03 09:30:00-04:00,2024-05-03 15:55:00-04:00,59.629999999999995,59.81,0.18000000000000682,9.000000000000341,16.000000000000682,intraday
2024-05-06,1,2024-05-06 09:30:00-04:00,2024-05-06 15:55:00-04:00,60.01,59.86,-0.14999999999999858,-7.499999999999929,-16.999999999999858,intraday
2024-05-07,1,2024-05-07 09:30:00-04:00,2024-05-07 15:55:00-04:00,60.18,60.59,0.4100000000000037,20.500000000000185,39.00000000000037,intraday
2024-05-08,1,2024-05-08 09:30:00-04:00,2024-05-08 15:55:00-04:00,60.64,60.300000000000004,-0.3399999999999963,-16.999999999999815,-35.99999999999963,intraday
2024-05-09,1,2024-05-09 09:30:00-04:00,2024-05-09 15:55:00-04:00,60.21,60.45,0.240000000000002,12.0000000000001,22.0000000000002,intraday
2024-05-10,1,2024-05-10 09:30:00-04:00,2024-05-10 15:55:00-04:00,60.419999999999995,60.46,0.04000000000000625,2.0000000000003126,2.0000000000006253,intraday
2024-05-13,1,2024-05-13 09:30:00-04:00,2024-05-13 15:55:00-04:00,60.629999999999995,60.4,-0.22999999999999687,-11.499999999999844,-24.999999999999687,intraday
2024-05-14,1,2024-05-14 09:30:00-04:00,2024-05-14 15:55:00-04:00,60.53,59.84,-0.6899999999999977,-34.499999999999886,-70.99999999999977,intraday
2024-05-15,1,2024-05-15 09:30:00-04:00,2024-05-15 15:55:00-04:00,59.839999999999996,59.830000000000005,-0.009999999999990905,-0.49999999999954525,-2.9999999999990905,intraday
2024-05-16,1,2024-05-16 09:30:00-04:00,2024-05-16 15:55:00-04:00,64.23,63.99,-0.240000000000002,-12.0000000000001,-26.0000000000002,intraday
2024-05-17,1,2024-05-17 09:30:00-04:00,2024-05-17 15:55:00-04:00,64.25,64.64999999999999,0.3999999999999915,19.999999999999574,37.99999999999915,intraday
2024-05-20,1,2024-05-20 09:30:00-04:00,2024-05-20 15:55:00-04:00,64.43,64.19999999999999,-0.2300000000000182,-11.50000000000091,-25.00000000000182,intraday
2024-05-21,1,2024-05-21 09:30:00-04:00,2024-05-21 15:55:00-04:00,64.54,65.16,0.6199999999999903,30.999999999999517,59.999999999999034,intraday
2024-05-22,1,2024-05-22 09:30:00-04:00,2024-05-22 15:55:00-04:00,64.99000000000001,65.22999999999999,0.23999999999998067,11.999999999999034,21.999999999998067,intraday
2024-05-23,1,2024-05-23 09:30:00-04:00,2024-05-23 15:55:00-04:00,65.18,64.83999999999999,-0.3400000000000176,-17.00000000000088,-36.00000000000176,intraday
2024-05-24,1,2024-05-24 09:30:00-04:00,2024-05-24 15:55:00-04:00,65.14,65.36999999999999,0.22999999999998977,11.499999999999488,20.999999999998977,intraday
2024-05-28,1,2024-05-28 09:30:00-04:00,2024-05-28 15:55:00-04:00,65.23,65.05,-0.18000000000000682,-9.000000000000341,-20.000000000000682,intraday
2024-05-29,1,2024-05-29 09:30:00-04:00,2024-05-29 15:55:00-04:00,64.76,64.94,0.1799999999999926,8.99999999999963,15.999999999999261,intraday
2024-05-30,1,2024-05-30 09:30:00-04:00,2024-05-30 15:55:00-04:00,64.94000000000001,64.88,-0.060000000000016485,-3.0000000000008242,-8.000000000001648,intraday
2024-05-31,1,2024-05-31 09:30:00-04:00,2024-05-31 15:55:00-04:00,64.68,65.75999999999999,1.079999999999984,53.999999999999204,105.99999999999841,intraday
2024-06-03,1,2024-06-03 09:30:00-04:00,2024-06-03 15:55:00-04:00,65.52000000000001,65.82,0.29999999999998295,14.999999999999147,27.999999999998295,intraday
2024-06-04,1,2024-06-04 09:30:00-04:00,2024-06-04 15:55:00-04:00,66.0,66.58,0.5799999999999983,28.999999999999915,55.99999999999983,intraday
2024-06-05,1,2024-06-05 09:30:00-04:00,2024-06-05 15:55:00-04:00,66.58,67.08999999999999,0.5099999999999909,25.499999999999545,48.99999999999909,intraday
2024-06-06,1,2024-06-06 09:30:00-04:00,2024-06-06 15:55:00-04:00,67.07000000000001,67.16,0.0899999999999892,4.49999999999946,6.99999999999892,intraday
2024-06-07,1,2024-06-07 09:30:00-04:00,2024-06-07 15:55:00-04:00,67.41000000000001,65.86999999999999,-1.5400000000000205,-77.00000000000102,-156.00000000000205,intraday
2024-06-10,1,2024-06-10 09:30:00-04:00,2024-06-10 15:55:00-04:00,67.2,66.97,-0.23000000000000398,-11.500000000000199,-25.000000000000398,intraday
2024-06-11,1,2024-06-11 09:30:00-04:00,2024-06-11 15:55:00-04:00,66.96000000000001,66.72,-0.2400000000000091,-12.000000000000455,-26.00000000000091,intraday
2024-06-12,1,2024-06-12 09:30:00-04:00,2024-06-12 15:55:00-04:00,66.93,66.28999999999999,-0.6400000000000148,-32.00000000000074,-66.00000000000148,intraday
2024-06-13,1,2024-06-13 09:30:00-04:00,2024-06-13 15:55:00-04:00,66.31,66.67999999999999,0.36999999999999034,18.499999999999517,34.999999999999034,intraday
2024-06-14,1,2024-06-14 09:30:00-04:00,2024-06-14 15:55:00-04:00,66.55000000000001,67.03,0.47999999999998977,23.99999999999949,45.99999999999898,intraday
2024-06-17,1,2024-06-17 09:30:00-04:00,2024-06-17 15:55:00-04:00,66.93,67.42,0.4899999999999949,24.499999999999744,46.99999999999949,intraday
2024-06-18,1,2024-06-18 09:30:00-04:00,2024-06-18 15:55:00-04:00,67.64,67.58999999999999,-0.05000000000001137,-2.5000000000005684,-7.000000000001137,intraday
2024-06-20,1,2024-06-20 09:30:00-04:00,2024-06-20 15:55:00-04:00,67.36,68.02,0.6599999999999966,32.99999999999983,63.99999999999966,intraday
2024-06-21,1,2024-06-21 09:30:00-04:00,2024-06-21 15:55:00-04:00,68.27000000000001,67.91,-0.36000000000001364,-18.000000000000682,-38.000000000001364,intraday
2024-06-24,1,2024-06-24 09:30:00-04:00,2024-06-24 15:55:00-04:00,68.06,68.89,0.8299999999999983,41.499999999999915,80.99999999999983,intraday
2024-06-25,1,2024-06-25 09:30:00-04:00,2024-06-25 15:55:00-04:00,67.18,67.39,0.20999999999999375,10.499999999999687,18.999999999999375,intraday
2024-06-26,1,2024-06-26 09:30:00-04:00,2024-06-26 15:55:00-04:00,67.41000000000001,68.28999999999999,0.8799999999999812,43.99999999999906,85.99999999999812,intraday
2024-06-27,1,2024-06-27 09:30:00-04:00,2024-06-27 15:55:00-04:00,68.30000000000001,67.88,-0.4200000000000159,-21.000000000000796,-44.00000000000159,intraday
2024-06-28,1,2024-06-28 09:30:00-04:00,2024-06-28 15:55:00-04:00,67.88000000000001,67.69999999999999,-0.18000000000002103,-9.000000000001052,-20.000000000002103,intraday
2024-07-01,1,2024-07-01 09:30:00-04:00,2024-07-01 15:55:00-04:00,67.9,67.46,-0.44000000000001194,-22.000000000000597,-46.000000000001194,intraday
2024-07-02,1,2024-07-02 09:30:00-04:00,2024-07-02 15:55:00-04:00,67.45,68.07,0.6199999999999903,30.999999999999517,59.999999999999034,intraday
2024-07-05,1,2024-07-05 09:30:00-04:00,2024-07-05 15:55:00-04:00,68.17,70.03,1.8599999999999994,92.99999999999997,183.99999999999994,intraday
2024-07-08,1,2024-07-08 09:30:00-04:00,2024-07-08 15:55:00-04:00,69.91000000000001,69.66,-0.2500000000000142,-12.50000000000071,-27.00000000000142,intraday
2024-07-09,1,2024-07-09 09:30:00-04:00,2024-07-09 15:55:00-04:00,69.91000000000001,69.89,-0.020000000000010232,-1.0000000000005116,-4.000000000001023,intraday
2024-07-10,1,2024-07-10 09:30:00-04:00,2024-07-10 15:55:00-04:00,70.11,70.39,0.28000000000000114,14.000000000000057,26.000000000000114,intraday
2024-07-11,1,2024-07-11 09:30:00-04:00,2024-07-11 15:55:00-04:00,70.19000000000001,69.78,-0.4100000000000108,-20.50000000000054,-43.00000000000108,intraday
2024-07-12,1,2024-07-12 09:30:00-04:00,2024-07-12 15:55:00-04:00,69.91000000000001,69.27,-0.6400000000000148,-32.00000000000074,-66.00000000000148,intraday
2024-07-15,1,2024-07-15 09:30:00-04:00,2024-07-15 15:55:00-04:00,69.31,69.63,0.3199999999999932,15.999999999999659,29.999999999999318,intraday
2024-07-16,1,2024-07-16 09:30:00-04:00,2024-07-16 15:55:00-04:00,69.83,70.0,0.1700000000000017,8.500000000000085,15.00000000000017,intraday
2024-07-17,1,2024-07-17 09:30:00-04:00,2024-07-17 15:55:00-04:00,70.19000000000001,71.02,0.8299999999999841,41.499999999999204,80.99999999999841,intraday
2024-07-18,1,2024-07-18 09:30:00-04:00,2024-07-18 15:55:00-04:00,70.69000000000001,70.77,0.07999999999998408,3.999999999999204,5.999999999998408,intraday
2024-07-19,1,2024-07-19 09:30:00-04:00,2024-07-19 15:55:00-04:00,71.21000000000001,70.75,-0.46000000000000796,-23.000000000000398,-48.000000000000796,intraday
2024-07-22,1,2024-07-22 09:30:00-04:00,2024-07-22 15:55:00-04:00,70.87,70.36999999999999,-0.5000000000000142,-25.00000000000071,-52.00000000000142,intraday
2024-07-23,1,2024-07-23 09:30:00-04:00,2024-07-23 15:55:00-04:00,70.48,70.66,0.1799999999999926,8.99999999999963,15.999999999999261,intraday
2024-07-24,1,2024-07-24 09:30:00-04:00,2024-07-24 15:55:00-04:00,70.53,70.57,0.03999999999999204,1.999999999999602,1.9999999999992042,intraday
2024-07-25,1,2024-07-25 09:30:00-04:00,2024-07-25 15:55:00-04:00,70.61,70.02,-0.5900000000000034,-29.50000000000017,-61.00000000000034,intraday
2024-07-26,1,2024-07-26 09:30:00-04:00,2024-07-26 15:55:00-04:00,70.24000000000001,69.78999999999999,-0.45000000000001705,-22.500000000000853,-47.000000000001705,intraday
2024-07-29,1,2024-07-29 09:30:00-04:00,2024-07-29 15:55:00-04:00,69.86,69.61,-0.25,-12.5,-27.0,intraday
2024-07-30,1,2024-07-30 09:30:00-04:00,2024-07-30 15:55:00-04:00,69.56,69.17,-0.39000000000000057,-19.50000000000003,-41.00000000000006,intraday
2024-07-31,1,2024-07-31 09:30:00-04:00,2024-07-31 15:55:00-04:00,69.19000000000001,68.63,-0.5600000000000165,-28.000000000000824,-58.00000000000165,intraday
2024-08-01,1,2024-08-01 09:30:00-04:00,2024-08-01 15:55:00-04:00,68.92,69.78,0.8599999999999994,42.99999999999997,83.99999999999994,intraday
2024-08-02,1,2024-08-02 09:30:00-04:00,2024-08-02 15:55:00-04:00,69.61,68.42999999999999,-1.1800000000000068,-59.00000000000034,-120.00000000000068,intraday
2024-08-05,1,2024-08-05 09:30:00-04:00,2024-08-05 15:55:00-04:00,68.11,67.57,-0.5400000000000063,-27.000000000000313,-56.000000000000625,intraday
2024-08-06,1,2024-08-06 09:30:00-04:00,2024-08-06 15:55:00-04:00,67.85000000000001,67.67,-0.18000000000000682,-9.000000000000341,-20.000000000000682,intraday
2024-08-07,1,2024-08-07 09:30:00-04:00,2024-08-07 15:55:00-04:00,67.88000000000001,66.92999999999999,-0.950000000000017,-47.50000000000085,-97.0000000000017,intraday
2024-08-08,1,2024-08-08 09:30:00-04:00,2024-08-08 15:55:00-04:00,66.85000000000001,67.63,0.7799999999999869,38.999999999999346,75.99999999999869,intraday
2024-08-09,1,2024-08-09 09:30:00-04:00,2024-08-09 15:55:00-04:00,67.86,67.94,0.0799999999999983,3.9999999999999147,5.9999999999998295,intraday
2024-08-12,1,2024-08-12 09:30:00-04:00,2024-08-12 15:55:00-04:00,68.35000000000001,68.72999999999999,0.37999999999998124,18.999999999999062,35.999999999998124,intraday
2024-08-13,1,2024-08-13 09:30:00-04:00,2024-08-13 15:55:00-04:00,68.44000000000001,68.13,-0.3100000000000165,-15.500000000000824,-33.00000000000165,intraday
2024-08-14,1,2024-08-14 09:30:00-04:00,2024-08-14 15:55:00-04:00,67.93,68.6,0.6699999999999875,33.499999999999375,64.99999999999875,intraday
2024-08-15,1,2024-08-15 09:30:00-04:00,2024-08-15 15:55:00-04:00,74.13000000000001,73.16,-0.9700000000000131,-48.500000000000654,-99.00000000000131,intraday
2024-08-16,1,2024-08-16 09:30:00-04:00,2024-08-16 15:55:00-04:00,72.71000000000001,73.44,0.7299999999999898,36.49999999999949,70.99999999999898,intraday
2024-08-19,1,2024-08-19 09:30:00-04:00,2024-08-19 15:55:00-04:00,73.4,73.71,0.30999999999998806,15.499999999999403,28.999999999998806,intraday
2024-08-20,1,2024-08-20 09:30:00-04:00,2024-08-20 15:55:00-04:00,73.76,74.55,0.789999999999992,39.4999999999996,76.9999999999992,intraday
2024-08-21,1,2024-08-21 09:30:00-04:00,2024-08-21 15:55:00-04:00,75.31,75.21,-0.10000000000000853,-5.000000000000426,-12.000000000000853,intraday
2024-08-22,1,2024-08-22 09:30:00-04:00,2024-08-22 15:55:00-04:00,75.38000000000001,75.58999999999999,0.20999999999997954,10.499999999998977,18.999999999997954,intraday
2024-08-23,1,2024-08-23 09:30:00-04:00,2024-08-23 15:55:00-04:00,75.61,75.67999999999999,0.06999999999999318,3.499999999999659,4.999999999999318,intraday
2024-08-26,1,2024-08-26 09:30:00-04:00,2024-08-26 15:55:00-04:00,75.91000000000001,76.03,0.11999999999999034,5.999999999999517,9.999999999999034,intraday
2024-08-27,1,2024-08-27 09:30:00-04:00,2024-08-27 15:55:00-04:00,76.46000000000001,76.11999999999999,-0.3400000000000176,-17.00000000000088,-36.00000000000176,intraday
2024-08-28,1,2024-08-28 09:30:00-04:00,2024-08-28 15:55:00-04:00,76.29,76.08999999999999,-0.20000000000001705,-10.000000000000853,-22.000000000001705,intraday
2024-08-29,1,2024-08-29 09:30:00-04:00,2024-08-29 15:55:00-04:00,76.0,76.39999999999999,0.3999999999999915,19.999999999999574,37.99999999999915,intraday
2024-08-30,1,2024-08-30 09:30:00-04:00,2024-08-30 15:55:00-04:00,76.45,77.21,0.7599999999999909,37.999999999999545,73.99999999999909,intraday
2024-09-03,1,2024-09-03 09:30:00-04:00,2024-09-03 15:55:00-04:00,77.34,77.14999999999999,-0.19000000000001194,-9.500000000000597,-21.000000000001194,intraday
2024-09-04,1,2024-09-04 09:30:00-04:00,2024-09-04 15:55:00-04:00,77.34,77.19,-0.15000000000000568,-7.500000000000284,-17.00000000000057,intraday
2024-09-05,1,2024-09-05 09:30:00-04:00,2024-09-05 15:55:00-04:00,77.26,76.94999999999999,-0.3100000000000165,-15.500000000000824,-33.00000000000165,intraday
2024-09-06,1,2024-09-06 09:30:00-04:00,2024-09-06 15:55:00-04:00,76.91000000000001,76.67999999999999,-0.2300000000000182,-11.50000000000091,-25.00000000000182,intraday
2024-09-09,1,2024-09-09 09:30:00-04:00,2024-09-09 15:55:00-04:00,76.86,77.33999999999999,0.47999999999998977,23.99999999999949,45.99999999999898,intraday
2024-09-10,1,2024-09-10 09:30:00-04:00,2024-09-10 15:55:00-04:00,77.36,78.78999999999999,1.4299999999999926,71.49999999999963,140.99999999999926,intraday
2024-09-11,1,2024-09-11 09:30:00-04:00,2024-09-11 15:55:00-04:00,78.39,78.75999999999999,0.36999999999999034,18.499999999999517,34.999999999999034,intraday
2024-09-12,1,2024-09-12 09:30:00-04:00,2024-09-12 15:55:00-04:00,79.0,79.69,0.6899999999999977,34.499999999999886,66.99999999999977,intraday
2024-09-13,1,2024-09-13 09:30:00-04:00,2024-09-13 15:55:00-04:00,79.83,80.58999999999999,0.7599999999999909,37.999999999999545,73.99999999999909,intraday
2024-09-16,1,2024-09-16 09:30:00-04:00,2024-09-16 15:55:00-04:00,80.85000000000001,80.6,-0.2500000000000142,-12.50000000000071,-27.00000000000142,intraday
2024-09-17,1,2024-09-17 09:30:00-04:00,2024-09-17 15:55:00-04:00,79.77000000000001,78.61999999999999,-1.15000000000002,-57.500000000000995,-117.00000000000199,intraday
2024-09-18,1,2024-09-18 09:30:00-04:00,2024-09-18 15:55:00-04:00,78.65,79.03,0.37999999999999545,18.999999999999773,35.999999999999545,intraday
2024-09-19,1,2024-09-19 09:30:00-04:00,2024-09-19 15:55:00-04:00,79.06,78.03999999999999,-1.0200000000000102,-51.00000000000051,-104.00000000000102,intraday
2024-09-20,1,2024-09-20 09:30:00-04:00,2024-09-20 15:55:00-04:00,78.24000000000001,79.13,0.8899999999999864,44.49999999999932,86.99999999999864,intraday
2024-09-23,1,2024-09-23 09:30:00-04:00,2024-09-23 15:55:00-04:00,79.08,80.32,1.2399999999999949,61.999999999999744,121.99999999999949,intraday
2024-09-24,1,2024-09-24 09:30:00-04:00,2024-09-24 15:55:00-04:00,80.49000000000001,80.69,0.19999999999998863,9.999999999999432,17.999999999998863,intraday
2024-09-25,1,2024-09-25 09:30:00-04:00,2024-09-25 15:55:00-04:00,80.86,81.42999999999999,0.5699999999999932,28.49999999999966,54.99999999999932,intraday
2024-09-26,1,2024-09-26 09:30:00-04:00,2024-09-26 15:55:00-04:00,81.05000000000001,79.89999999999999,-1.15000000000002,-57.500000000000995,-117.00000000000199,intraday
2024-09-27,1,2024-09-27 09:30:00-04:00,2024-09-27 15:55:00-04:00,79.91000000000001,79.75999999999999,-0.1500000000000199,-7.500000000000995,-17.00000000000199,intraday
2024-09-30,1,2024-09-30 09:30:00-04:00,2024-09-30 15:55:00-04:00,79.9,80.75,0.8499999999999943,42.499999999999716,82.99999999999943,intraday
2024-10-01,1,2024-10-01 09:30:00-04:00,2024-10-01 15:55:00-04:00,80.69000000000001,81.27,0.5799999999999841,28.999999999999204,55.99999999999841,intraday
2024-10-02,1,2024-10-02 09:30:00-04:00,2024-10-02 15:55:00-04:00,81.0,80.44,-0.5600000000000023,-28.000000000000114,-58.00000000000023,intraday
2024-10-03,1,2024-10-03 09:30:00-04:00,2024-10-03 15:55:00-04:00,80.31,80.39999999999999,0.0899999999999892,4.49999999999946,6.99999999999892,intraday
2024-10-04,1,2024-10-04 09:30:00-04:00,2024-10-04 15:55:00-04:00,80.06,80.91,0.8499999999999943,42.499999999999716,82.99999999999943,intraday
2024-10-07,1,2024-10-07 09:30:00-04:00,2024-10-07 15:55:00-04:00,80.7,79.11,-1.5900000000000034,-79.50000000000017,-161.00000000000034,intraday
2024-10-08,1,2024-10-08 09:30:00-04:00,2024-10-08 15:55:00-04:00,79.63000000000001,79.69,0.05999999999998806,2.999999999999403,3.9999999999988063,intraday
2024-10-09,1,2024-10-09 09:30:00-04:00,2024-10-09 15:55:00-04:00,79.83,80.39,0.5600000000000023,28.000000000000114,54.00000000000023,intraday
2024-10-10,1,2024-10-10 09:30:00-04:00,2024-10-10 15:55:00-04:00,80.32000000000001,79.6,-0.7200000000000131,-36.000000000000654,-74.00000000000131,intraday
2024-10-11,1,2024-10-11 09:30:00-04:00,2024-10-11 15:55:00-04:00,79.71000000000001,80.08,0.36999999999999034,18.499999999999517,34.999999999999034,intraday
2024-10-14,1,2024-10-14 09:30:00-04:00,2024-10-14 15:55:00-04:00,80.06,80.28999999999999,0.22999999999998977,11.499999999999488,20.999999999998977,intraday
2024-10-15,1,2024-10-15 09:30:00-04:00,2024-10-15 15:55:00-04:00,80.68,81.67999999999999,0.9999999999999858,49.99999999999929,97.99999999999858,intraday
2024-10-16,1,2024-10-16 09:30:00-04:00,2024-10-16 15:55:00-04:00,81.54,81.21,-0.3300000000000125,-16.500000000000625,-35.00000000000125,intraday
2024-10-17,1,2024-10-17 09:30:00-04:00,2024-10-17 15:55:00-04:00,81.28,80.89,-0.39000000000000057,-19.50000000000003,-41.00000000000006,intraday
2024-10-18,1,2024-10-18 09:30:00-04:00,2024-10-18 15:55:00-04:00,80.88000000000001,81.3,0.4199999999999875,20.999999999999375,39.99999999999875,intraday
2024-10-21,1,2024-10-21 09:30:00-04:00,2024-10-21 15:55:00-04:00,81.24000000000001,80.83,-0.4100000000000108,-20.50000000000054,-43.00000000000108,intraday
2024-10-22,1,2024-10-22 09:30:00-04:00,2024-10-22 15:55:00-04:00,81.12,82.00999999999999,0.8899999999999864,44.49999999999932,86.99999999999864,intraday
2024-10-23,1,2024-10-23 09:30:00-04:00,2024-10-23 15:55:00-04:00,81.9,83.25999999999999,1.3599999999999852,67.99999999999926,133.99999999999852,intraday
2024-10-24,1,2024-10-24 09:30:00-04:00,2024-10-24 15:55:00-04:00,82.97,83.05,0.0799999999999983,3.9999999999999147,5.9999999999998295,intraday
2024-10-25,1,2024-10-25 09:30:00-04:00,2024-10-25 15:55:00-04:00,83.21000000000001,82.5,-0.710000000000008,-35.5000000000004,-73.0000000000008,intraday
2024-10-28,1,2024-10-28 09:30:00-04:00,2024-10-28 15:55:00-04:00,82.96000000000001,82.8,-0.1600000000000108,-8.00000000000054,-18.00000000000108,intraday
2024-10-29,1,2024-10-29 09:30:00-04:00,2024-10-29 15:55:00-04:00,82.68,81.71,-0.9700000000000131,-48.500000000000654,-99.00000000000131,intraday
2024-10-30,1,2024-10-30 09:30:00-04:00,2024-10-30 15:55:00-04:00,81.61,81.42999999999999,-0.18000000000000682,-9.000000000000341,-20.000000000000682,intraday
2024-10-31,1,2024-10-31 09:30:00-04:00,2024-10-31 15:55:00-04:00,81.30000000000001,81.94999999999999,0.6499999999999773,32.49999999999886,62.999999999997726,intraday
2024-11-01,1,2024-11-01 09:30:00-04:00,2024-11-01 15:55:00-04:00,82.54,82.17,-0.37000000000000455,-18.500000000000227,-39.000000000000455,intraday
2024-11-04,1,2024-11-04 09:30:00-05:00,2024-11-04 15:55:00-05:00,82.21000000000001,82.42,0.20999999999999375,10.499999999999687,18.999999999999375,intraday
2024-11-05,1,2024-11-05 09:30:00-05:00,2024-11-05 15:55:00-05:00,82.69000000000001,83.67999999999999,0.9899999999999807,49.499999999999034,96.99999999999807,intraday
2024-11-06,1,2024-11-06 09:30:00-05:00,2024-11-06 15:55:00-05:00,85.15,83.42999999999999,-1.720000000000013,-86.00000000000065,-174.0000000000013,intraday
2024-11-07,1,2024-11-07 09:30:00-05:00,2024-11-07 15:55:00-05:00,83.73,83.83,0.09999999999999432,4.999999999999716,7.999999999999432,intraday
2024-11-08,1,2024-11-08 09:30:00-05:00,2024-11-08 15:55:00-05:00,84.29,84.85,0.5599999999999881,27.999999999999403,53.999999999998806,intraday
2024-11-11,1,2024-11-11 09:30:00-05:00,2024-11-11 15:55:00-05:00,84.96000000000001,84.22,-0.7400000000000091,-37.000000000000455,-76.00000000000091,intraday
2024-11-12,1,2024-11-12 09:30:00-05:00,2024-11-12 15:55:00-05:00,84.51,85.02,0.5099999999999909,25.499999999999545,48.99999999999909,intraday
2024-11-13,1,2024-11-13 09:30:00-05:00,2024-11-13 15:55:00-05:00,85.0,85.53,0.5300000000000011,26.500000000000057,51.000000000000114,intraday
2024-11-14,1,2024-11-14 09:30:00-05:00,2024-11-14 15:55:00-05:00,85.04,84.47,-0.5700000000000074,-28.50000000000037,-59.00000000000074,intraday
2024-11-15,1,2024-11-15 09:30:00-05:00,2024-11-15 15:55:00-05:00,84.55000000000001,84.27,-0.28000000000001535,-14.000000000000767,-30.000000000001535,intraday
2024-11-18,1,2024-11-18 09:30:00-05:00,2024-11-18 15:55:00-05:00,84.83,84.08,-0.75,-37.5,-77.0,intraday
2024-11-19,1,2024-11-19 09:30:00-05:00,2024-11-19 15:55:00-05:00,86.24000000000001,86.58,0.3399999999999892,16.99999999999946,31.99999999999892,intraday
2024-11-20,1,2024-11-20 09:30:00-05:00,2024-11-20 15:55:00-05:00,86.61,87.17999999999999,0.5699999999999932,28.49999999999966,54.99999999999932,intraday
2024-11-21,1,2024-11-21 09:30:00-05:00,2024-11-21 15:55:00-05:00,87.46000000000001,88.36,0.8999999999999915,44.999999999999574,87.99999999999915,intraday
2024-11-22,1,2024-11-22 09:30:00-05:00,2024-11-22 15:55:00-05:00,89.42,90.42999999999999,1.009999999999991,50.499999999999545,98.99999999999909,intraday
2024-11-25,1,2024-11-25 09:30:00-05:00,2024-11-25 15:55:00-05:00,90.51,89.44999999999999,-1.0600000000000165,-53.000000000000824,-108.00000000000165,intraday
2024-11-26,1,2024-11-26 09:30:00-05:00,2024-11-26 15:55:00-05:00,89.9,91.28999999999999,1.3899999999999864,69.49999999999932,136.99999999999864,intraday
2024-11-27,1,2024-11-27 09:30:00-05:00,2024-11-27 15:55:00-05:00,92.01,91.86,-0.15000000000000568,-7.500000000000284,-17.00000000000057,intraday
2024-12-02,1,2024-12-02 09:30:00-05:00,2024-12-02 15:55:00-05:00,92.83,92.61999999999999,-0.21000000000000796,-10.500000000000398,-23.000000000000796,intraday
2024-12-03,1,2024-12-03 09:30:00-05:00,2024-12-03 15:55:00-05:00,92.79,93.47999999999999,0.6899999999999835,34.499999999999176,66.99999999999835,intraday
2024-12-04,1,2024-12-04 09:30:00-05:00,2024-12-04 15:55:00-05:00,93.46000000000001,94.42999999999999,0.9699999999999847,48.49999999999923,94.99999999999847,intraday
2024-12-05,1,2024-12-05 09:30:00-05:00,2024-12-05 15:55:00-05:00,94.9,95.3,0.3999999999999915,19.999999999999574,37.99999999999915,intraday
2024-12-06,1,2024-12-06 09:30:00-05:00,2024-12-06 15:55:00-05:00,95.55000000000001,95.66,0.10999999999998522,5.499999999999261,8.999999999998522,intraday
2024-12-09,1,2024-12-09 09:30:00-05:00,2024-12-09 15:55:00-05:00,95.67,93.85,-1.8200000000000074,-91.00000000000037,-184.00000000000074,intraday
2024-12-10,1,2024-12-10 09:30:00-05:00,2024-12-10 15:55:00-05:00,94.06,94.57,0.5099999999999909,25.499999999999545,48.99999999999909,intraday
2024-12-11,1,2024-12-11 09:30:00-05:00,2024-12-11 15:55:00-05:00,94.55000000000001,94.96,0.4099999999999824,20.49999999999912,38.99999999999824,intraday
2024-12-12,1,2024-12-12 09:30:00-05:00,2024-12-12 15:55:00-05:00,95.69000000000001,94.11,-1.5800000000000125,-79.00000000000063,-160.00000000000125,intraday
2024-12-13,1,2024-12-13 09:30:00-05:00,2024-12-13 15:55:00-05:00,93.81,94.24,0.4299999999999926,21.49999999999963,40.99999999999926,intraday
2024-12-16,1,2024-12-16 09:30:00-05:00,2024-12-16 15:55:00-05:00,94.43,94.86,0.4299999999999926,21.49999999999963,40.99999999999926,intraday
2024-12-17,1,2024-12-17 09:30:00-05:00,2024-12-17 15:55:00-05:00,95.15,95.39999999999999,0.2499999999999858,12.49999999999929,22.99999999999858,intraday
2024-12-18,1,2024-12-18 09:30:00-05:00,2024-12-18 15:55:00-05:00,95.35000000000001,93.53999999999999,-1.8100000000000165,-90.50000000000082,-183.00000000000165,intraday
2024-12-19,1,2024-12-19 09:30:00-05:00,2024-12-19 15:55:00-05:00,94.49000000000001,93.42,-1.0700000000000074,-53.50000000000037,-109.00000000000074,intraday
2024-12-20,1,2024-12-20 09:30:00-05:00,2024-12-20 15:55:00-05:00,93.01,92.24,-0.7700000000000102,-38.50000000000051,-79.00000000000102,intraday
2024-12-23,1,2024-12-23 09:30:00-05:00,2024-12-23 15:55:00-05:00,91.51,90.35,-1.1600000000000108,-58.00000000000054,-118.00000000000108,intraday
2024-12-26,1,2024-12-26 09:30:00-05:00,2024-12-26 15:55:00-05:00,92.55000000000001,92.78,0.22999999999998977,11.499999999999488,20.999999999998977,intraday
2024-12-27,1,2024-12-27 09:30:00-05:00,2024-12-27 15:55:00-05:00,92.14,91.69999999999999,-0.44000000000001194,-22.000000000000597,-46.000000000001194,intraday
2024-12-30,1,2024-12-30 09:30:00-05:00,2024-12-30 15:55:00-05:00,90.74000000000001,90.55999999999999,-0.18000000000002103,-9.000000000001052,-20.000000000002103,intraday
2024-12-31,1,2024-12-31 09:30:00-05:00,2024-12-31 15:55:00-05:00,90.58,90.36,-0.21999999999999886,-10.999999999999943,-23.999999999999886,intraday
2025-01-02,1,2025-01-02 09:30:00-05:00,2025-01-02 15:55:00-05:00,89.99000000000001,90.00999999999999,0.01999999999998181,0.9999999999990905,-1.8189894035458565e-12,intraday
2025-01-03,1,2025-01-03 09:30:00-05:00,2025-01-03 15:55:00-05:00,90.16000000000001,90.75,0.5899999999999892,29.49999999999946,56.99999999999892,intraday
2025-01-06,1,2025-01-06 09:30:00-05:00,2025-01-06 15:55:00-05:00,90.84,91.44999999999999,0.6099999999999852,30.49999999999926,58.99999999999852,intraday
2025-01-07,1,2025-01-07 09:30:00-05:00,2025-01-07 15:55:00-05:00,91.71000000000001,90.78999999999999,-0.9200000000000159,-46.000000000000796,-94.00000000000159,intraday
2025-01-08,1,2025-01-08 09:30:00-05:00,2025-01-08 15:55:00-05:00,91.12,91.77,0.6499999999999915,32.499999999999574,62.99999999999915,intraday
2025-01-10,1,2025-01-10 09:30:00-05:00,2025-01-10 15:55:00-05:00,92.5,92.96,0.45999999999999375,22.999999999999687,43.999999999999375,intraday
2025-01-13,1,2025-01-13 09:30:00-05:00,2025-01-13 15:55:00-05:00,92.13000000000001,91.53999999999999,-0.5900000000000176,-29.50000000000088,-61.00000000000176,intraday
2025-01-14,1,2025-01-14 09:30:00-05:00,2025-01-14 15:55:00-05:00,91.87,90.78999999999999,-1.0800000000000125,-54.000000000000625,-110.00000000000125,intraday
2025-01-15,1,2025-01-15 09:30:00-05:00,2025-01-15 15:55:00-05:00,91.07000000000001,91.32,0.2499999999999858,12.49999999999929,22.99999999999858,intraday
2025-01-16,1,2025-01-16 09:30:00-05:00,2025-01-16 15:55:00-05:00,91.51,91.3,-0.21000000000000796,-10.500000000000398,-23.000000000000796,intraday
2025-01-17,1,2025-01-17 09:30:00-05:00,2025-01-17 15:55:00-05:00,92.08,91.91,-0.1700000000000017,-8.500000000000085,-19.00000000000017,intraday
2025-01-21,1,2025-01-21 09:30:00-05:00,2025-01-21 15:55:00-05:00,92.49000000000001,93.05999999999999,0.569999999999979,28.49999999999895,54.9999999999979,intraday
2025-01-22,1,2025-01-22 09:30:00-05:00,2025-01-22 15:55:00-05:00,93.78,93.21,-0.5700000000000074,-28.50000000000037,-59.00000000000074,intraday
2025-01-23,1,2025-01-23 09:30:00-05:00,2025-01-23 15:55:00-05:00,93.0,93.78999999999999,0.789999999999992,39.4999999999996,76.9999999999992,intraday
2025-01-24,1,2025-01-24 09:30:00-05:00,2025-01-24 15:55:00-05:00,93.55000000000001,94.78,1.2299999999999898,61.49999999999949,120.99999999999898,intraday
2025-01-27,1,2025-01-27 09:30:00-05:00,2025-01-27 15:55:00-05:00,95.91000000000001,97.38,1.4699999999999847,73.49999999999923,144.99999999999847,intraday
2025-01-28,1,2025-01-28 09:30:00-05:00,2025-01-28 15:55:00-05:00,97.24000000000001,97.25,0.009999999999990905,0.49999999999954525,-1.0000000000009095,intraday
2025-01-29,1,2025-01-29 09:30:00-05:00,2025-01-29 15:55:00-05:00,97.44000000000001,97.49,0.04999999999998295,2.4999999999991473,2.9999999999982947,intraday
2025-01-30,1,2025-01-30 09:30:00-05:00,2025-01-30 15:55:00-05:00,97.7,98.63,0.9299999999999926,46.49999999999963,90.99999999999926,intraday
2025-01-31,1,2025-01-31 09:30:00-05:00,2025-01-31 15:55:00-05:00,99.01,98.11,-0.9000000000000057,-45.000000000000284,-92.00000000000057,intraday
2025-02-03,1,2025-02-03 09:30:00-05:00,2025-02-03 15:55:00-05:00,96.78,99.53,2.75,137.5,273.0,intraday
2025-02-04,1,2025-02-04 09:30:00-05:00,2025-02-04 15:55:00-05:00,99.98,100.74,0.7599999999999909,37.999999999999545,73.99999999999909,intraday
2025-02-05,1,2025-02-05 09:30:00-05:00,2025-02-05 15:55:00-05:00,100.66000000000001,102.46,1.799999999999983,89.99999999999915,177.9999999999983,intraday
2025-02-06,1,2025-02-06 09:30:00-05:00,2025-02-06 15:55:00-05:00,102.54,102.8,0.2599999999999909,12.999999999999545,23.99999999999909,intraday
2025-02-07,1,2025-02-07 09:30:00-05:00,2025-02-07 15:55:00-05:00,103.01,101.16,-1.8500000000000085,-92.50000000000043,-187.00000000000085,intraday
2025-02-10,1,2025-02-10 09:30:00-05:00,2025-02-10 15:55:00-05:00,101.96000000000001,102.89999999999999,0.9399999999999835,46.999999999999176,91.99999999999835,intraday
2025-02-11,1,2025-02-11 09:30:00-05:00,2025-02-11 15:55:00-05:00,102.63000000000001,102.47,-0.1600000000000108,-8.00000000000054,-18.00000000000108,intraday
2025-02-12,1,2025-02-12 09:30:00-05:00,2025-02-12 15:55:00-05:00,102.13000000000001,103.6,1.4699999999999847,73.49999999999923,144.99999999999847,intraday
2025-02-13,1,2025-02-13 09:30:00-05:00,2025-02-13 15:55:00-05:00,104.01,105.03999999999999,1.029999999999987,51.499999999999346,100.99999999999869,intraday
2025-02-14,1,2025-02-14 09:30:00-05:00,2025-02-14 15:55:00-05:00,105.31,104.02,-1.2900000000000063,-64.50000000000031,-131.00000000000063,intraday
2025-02-18,1,2025-02-18 09:30:00-05:00,2025-02-18 15:55:00-05:00,103.73,103.78,0.04999999999999716,2.499999999999858,2.999999999999716,intraday
2025-02-19,1,2025-02-19 09:30:00-05:00,2025-02-19 15:55:00-05:00,103.86,103.97999999999999,0.11999999999999034,5.999999999999517,9.999999999999034,intraday
2025-02-20,1,2025-02-20 09:30:00-05:00,2025-02-20 15:55:00-05:00,98.79,97.21,-1.5800000000000125,-79.00000000000063,-160.00000000000125,intraday
2025-02-21,1,2025-02-21 09:30:00-05:00,2025-02-21 15:55:00-05:00,96.54,94.78,-1.7600000000000051,-88.00000000000026,-178.0000000000005,intraday
2025-02-24,1,2025-02-24 09:30:00-05:00,2025-02-24 15:55:00-05:00,94.19000000000001,93.69,-0.5000000000000142,-25.00000000000071,-52.00000000000142,intraday
2025-02-25,1,2025-02-25 09:30:00-05:00,2025-02-25 15:55:00-05:00,94.36,97.71,3.3499999999999943,167.49999999999972,332.99999999999943,intraday
2025-02-26,1,2025-02-26 09:30:00-05:00,2025-02-26 15:55:00-05:00,97.71000000000001,96.19999999999999,-1.5100000000000193,-75.50000000000097,-153.00000000000193,intraday
2025-02-27,1,2025-02-27 09:30:00-05:00,2025-02-27 15:55:00-05:00,95.87,96.82,0.9499999999999886,47.49999999999943,92.99999999999886,intraday
2025-02-28,1,2025-02-28 09:30:00-05:00,2025-02-28 15:55:00-05:00,97.80000000000001,98.61,0.8099999999999881,40.4999999999994,78.9999999999988,intraday
2025-03-03,1,2025-03-03 09:30:00-05:00,2025-03-03 15:55:00-05:00,97.99000000000001,97.61999999999999,-0.37000000000001876,-18.500000000000938,-39.000000000001876,intraday
2025-03-04,1,2025-03-04 09:30:00-05:00,2025-03-04 15:55:00-05:00,95.77000000000001,94.96,-0.8100000000000165,-40.500000000000824,-83.00000000000165,intraday
2025-03-05,1,2025-03-05 09:30:00-05:00,2025-03-05 15:55:00-05:00,94.98,95.97,0.9899999999999949,49.499999999999744,96.99999999999949,intraday
2025-03-06,1,2025-03-06 09:30:00-05:00,2025-03-06 15:55:00-05:00,94.81,94.61,-0.20000000000000284,-10.000000000000142,-22.000000000000284,intraday
2025-03-07,1,2025-03-07 09:30:00-05:00,2025-03-07 15:55:00-05:00,93.95,91.64999999999999,-2.3000000000000114,-115.00000000000057,-232.00000000000114,intraday
2025-03-10,1,2025-03-10 09:30:00-04:00,2025-03-10 15:55:00-04:00,89.77000000000001,87.8,-1.970000000000013,-98.50000000000065,-199.0000000000013,intraday
2025-03-11,1,2025-03-11 09:30:00-04:00,2025-03-11 15:55:00-04:00,87.30000000000001,87.41,0.10999999999998522,5.499999999999261,8.999999999998522,intraday
2025-03-12,1,2025-03-12 09:30:00-04:00,2025-03-12 15:55:00-04:00,87.89,85.16,-2.730000000000004,-136.5000000000002,-275.0000000000004,intraday
2025-03-13,1,2025-03-13 09:30:00-04:00,2025-03-13 15:55:00-04:00,84.95,84.47999999999999,-0.4700000000000131,-23.500000000000654,-49.00000000000131,intraday
2025-03-14,1,2025-03-14 09:30:00-04:00,2025-03-14 15:55:00-04:00,84.97,85.30999999999999,0.3399999999999892,16.99999999999946,31.99999999999892,intraday
2025-03-17,1,2025-03-17 09:30:00-04:00,2025-03-17 15:55:00-04:00,85.14,87.47,2.3299999999999983,116.49999999999991,230.99999999999983,intraday
2025-03-18,1,2025-03-18 09:30:00-04:00,2025-03-18 15:55:00-04:00,87.45,85.6,-1.8500000000000085,-92.50000000000043,-187.00000000000085,intraday
2025-03-19,1,2025-03-19 09:30:00-04:00,2025-03-19 15:55:00-04:00,85.96000000000001,86.32,0.3599999999999852,17.99999999999926,33.99999999999852,intraday
2025-03-20,1,2025-03-20 09:30:00-04:00,2025-03-20 15:55:00-04:00,85.82000000000001,85.82,-1.4210854715202004e-14,-7.105427357601002e-13,-2.000000000001421,intraday
2025-03-21,1,2025-03-21 09:30:00-04:00,2025-03-21 15:55:00-04:00,85.29,85.92999999999999,0.6399999999999864,31.999999999999318,61.999999999998636,intraday
2025-03-24,1,2025-03-24 09:30:00-04:00,2025-03-24 15:55:00-04:00,86.48,87.42999999999999,0.9499999999999886,47.49999999999943,92.99999999999886,intraday
2025-03-25,1,2025-03-25 09:30:00-04:00,2025-03-25 15:55:00-04:00,86.77000000000001,84.75,-2.0200000000000102,-101.00000000000051,-204.00000000000102,intraday
2025-03-26,1,2025-03-26 09:30:00-04:00,2025-03-26 15:55:00-04:00,85.2,85.16,-0.04000000000000625,-2.0000000000003126,-6.000000000000625,intraday
2025-03-27,1,2025-03-27 09:30:00-04:00,2025-03-27 15:55:00-04:00,84.79,85.6,0.8099999999999881,40.4999999999994,78.9999999999988,intraday
2025-03-28,1,2025-03-28 09:30:00-04:00,2025-03-28 15:55:00-04:00,85.44000000000001,85.1,-0.3400000000000176,-17.00000000000088,-36.00000000000176,intraday
2025-03-31,1,2025-03-31 09:30:00-04:00,2025-03-31 15:55:00-04:00,84.77000000000001,87.83,3.059999999999988,152.9999999999994,303.9999999999988,intraday
2025-04-01,1,2025-04-01 09:30:00-04:00,2025-04-01 15:55:00-04:00,87.51,88.8,1.289999999999992,64.4999999999996,126.9999999999992,intraday
2025-04-02,1,2025-04-02 09:30:00-04:00,2025-04-02 15:55:00-04:00,88.21000000000001,89.72,1.509999999999991,75.49999999999955,148.9999999999991,intraday
2025-04-03,1,2025-04-03 09:30:00-04:00,2025-04-03 15:55:00-04:00,86.29,87.21,0.9199999999999875,45.999999999999375,89.99999999999875,intraday
2025-04-04,1,2025-04-04 09:30:00-04:00,2025-04-04 15:55:00-04:00,85.65,83.08999999999999,-2.5600000000000165,-128.00000000000082,-258.00000000000165,intraday
2025-04-07,1,2025-04-07 09:30:00-04:00,2025-04-07 15:55:00-04:00,80.25,83.78999999999999,3.539999999999992,176.9999999999996,351.9999999999992,intraday
2025-04-08,1,2025-04-08 09:30:00-04:00,2025-04-08 15:55:00-04:00,85.96000000000001,81.78,-4.180000000000007,-209.00000000000034,-420.0000000000007,intraday
2025-04-09,1,2025-04-09 09:30:00-04:00,2025-04-09 15:55:00-04:00,83.34,89.58999999999999,6.249999999999986,312.49999999999926,622.9999999999986,intraday
2025-04-10,1,2025-04-10 09:30:00-04:00,2025-04-10 15:55:00-04:00,88.74000000000001,90.57,1.829999999999984,91.4999999999992,180.9999999999984,intraday
2025-04-11,1,2025-04-11 09:30:00-04:00,2025-04-11 15:55:00-04:00,90.69000000000001,92.75,2.059999999999988,102.9999999999994,203.9999999999988,intraday
2025-04-14,1,2025-04-14 09:30:00-04:00,2025-04-14 15:55:00-04:00,93.28,94.83,1.5499999999999972,77.49999999999986,152.99999999999972,intraday
2025-04-15,1,2025-04-15 09:30:00-04:00,2025-04-15 15:55:00-04:00,94.83,93.97999999999999,-0.8500000000000085,-42.500000000000426,-87.00000000000085,intraday
2025-04-16,1,2025-04-16 09:30:00-04:00,2025-04-16 15:55:00-04:00,94.01,91.17999999999999,-2.8300000000000125,-141.50000000000063,-285.00000000000125,intraday
2025-04-17,1,2025-04-17 09:30:00-04:00,2025-04-17 15:55:00-04:00,91.84,93.22,1.3799999999999955,68.99999999999977,135.99999999999955,intraday
2025-04-21,1,2025-04-21 09:30:00-04:00,2025-04-21 15:55:00-04:00,93.03,92.35,-0.6800000000000068,-34.00000000000034,-70.00000000000068,intraday
2025-04-22,1,2025-04-22 09:30:00-04:00,2025-04-22 15:55:00-04:00,92.89,94.85,1.9599999999999937,97.99999999999969,193.99999999999937,intraday
2025-04-23,1,2025-04-23 09:30:00-04:00,2025-04-23 15:55:00-04:00,95.03,94.91,-0.12000000000000455,-6.000000000000227,-14.000000000000455,intraday
2025-04-24,1,2025-04-24 09:30:00-04:00,2025-04-24 15:55:00-04:00,94.72,95.86,1.1400000000000006,57.00000000000003,112.00000000000006,intraday
2025-04-25,1,2025-04-25 09:30:00-04:00,2025-04-25 15:55:00-04:00,95.76,95.05,-0.710000000000008,-35.5000000000004,-73.0000000000008,intraday
2025-04-28,1,2025-04-28 09:30:00-04:00,2025-04-28 15:55:00-04:00,95.11,95.16,0.04999999999999716,2.499999999999858,2.999999999999716,intraday
2025-04-29,1,2025-04-29 09:30:00-04:00,2025-04-29 15:55:00-04:00,94.85000000000001,95.99,1.1399999999999864,56.99999999999932,111.99999999999864,intraday
2025-04-30,1,2025-04-30 09:30:00-04:00,2025-04-30 15:55:00-04:00,95.95,97.19999999999999,1.2499999999999858,62.49999999999929,122.99999999999858,intraday
2025-05-01,1,2025-05-01 09:30:00-04:00,2025-05-01 15:55:00-04:00,97.03,97.36999999999999,0.3399999999999892,16.99999999999946,31.99999999999892,intraday
2025-05-02,1,2025-05-02 09:30:00-04:00,2025-05-02 15:55:00-04:00,97.96000000000001,98.71,0.7499999999999858,37.49999999999929,72.99999999999858,intraday
2025-05-05,1,2025-05-05 09:30:00-04:00,2025-05-05 15:55:00-04:00,98.95,99.33,0.37999999999999545,18.999999999999773,35.999999999999545,intraday
2025-05-06,1,2025-05-06 09:30:00-04:00,2025-05-06 15:55:00-04:00,98.75,98.50999999999999,-0.2400000000000091,-12.000000000000455,-26.00000000000091,intraday
2025-05-07,1,2025-05-07 09:30:00-04:00,2025-05-07 15:55:00-04:00,98.56,98.77,0.20999999999999375,10.499999999999687,18.999999999999375,intraday
2025-05-08,1,2025-05-08 09:30:00-04:00,2025-05-08 15:55:00-04:00,98.76,97.46,-1.3000000000000114,-65.00000000000057,-132.00000000000114,intraday
2025-05-09,1,2025-05-09 09:30:00-04:00,2025-05-09 15:55:00-04:00,96.76,96.67999999999999,-0.0800000000000125,-4.000000000000625,-10.00000000000125,intraday
2025-05-12,1,2025-05-12 09:30:00-04:00,2025-05-12 15:55:00-04:00,97.68,96.75999999999999,-0.9200000000000159,-46.000000000000796,-94.00000000000159,intraday
2025-05-13,1,2025-05-13 09:30:00-04:00,2025-05-13 15:55:00-04:00,96.51,95.85,-0.6600000000000108,-33.00000000000054,-68.00000000000108,intraday
2025-05-14,1,2025-05-14 09:30:00-04:00,2025-05-14 15:55:00-04:00,96.04,96.78,0.7399999999999949,36.999999999999744,71.99999999999949,intraday
2025-05-15,1,2025-05-15 09:30:00-04:00,2025-05-15 15:55:00-04:00,94.31,96.42,2.1099999999999994,105.49999999999997,208.99999999999994,intraday
2025-05-16,1,2025-05-16 09:30:00-04:00,2025-05-16 15:55:00-04:00,96.15,98.24,2.089999999999989,104.49999999999946,206.99999999999892,intraday
2025-05-19,1,2025-05-19 09:30:00-04:00,2025-05-19 15:55:00-04:00,96.53,98.11999999999999,1.5899999999999892,79.49999999999946,156.99999999999892,intraday
2025-05-20,1,2025-05-20 09:30:00-04:00,2025-05-20 15:55:00-04:00,98.57000000000001,97.83,-0.7400000000000091,-37.000000000000455,-76.00000000000091,intraday
2025-05-21,1,2025-05-21 09:30:00-04:00,2025-05-21 15:55:00-04:00,97.14,96.38,-0.7600000000000051,-38.000000000000256,-78.00000000000051,intraday
2025-05-22,1,2025-05-22 09:30:00-04:00,2025-05-22 15:55:00-04:00,96.55000000000001,95.91,-0.6400000000000148,-32.00000000000074,-66.00000000000148,intraday
2025-05-23,1,2025-05-23 09:30:00-04:00,2025-05-23 15:55:00-04:00,95.35000000000001,96.38,1.029999999999987,51.499999999999346,100.99999999999869,intraday
2025-05-27,1,2025-05-27 09:30:00-04:00,2025-05-27 15:55:00-04:00,97.31,97.63,0.3199999999999932,15.999999999999659,29.999999999999318,intraday
2025-05-28,1,2025-05-28 09:30:00-04:00,2025-05-28 15:55:00-04:00,97.53,97.22999999999999,-0.30000000000001137,-15.000000000000568,-32.00000000000114,intraday
2025-05-29,1,2025-05-29 09:30:00-04:00,2025-05-29 15:55:00-04:00,97.64,97.1,-0.5400000000000063,-27.000000000000313,-56.000000000000625,intraday
2025-05-30,1,2025-05-30 09:30:00-04:00,2025-05-30 15:55:00-04:00,96.97,98.64,1.6700000000000017,83.50000000000009,165.00000000000017,intraday
2025-06-02,1,2025-06-02 09:30:00-04:00,2025-06-02 15:55:00-04:00,98.85000000000001,99.80999999999999,0.9599999999999795,47.99999999999898,93.99999999999795,intraday
2025-06-03,1,2025-06-03 09:30:00-04:00,2025-06-03 15:55:00-04:00,99.57000000000001,99.97999999999999,0.4099999999999824,20.49999999999912,38.99999999999824,intraday
2025-06-04,1,2025-06-04 09:30:00-04:00,2025-06-04 15:55:00-04:00,99.80000000000001,99.33999999999999,-0.46000000000002217,-23.00000000000111,-48.00000000000222,intraday
2025-06-05,1,2025-06-05 09:30:00-04:00,2025-06-05 15:55:00-04:00,99.31,97.92999999999999,-1.3800000000000097,-69.00000000000048,-140.00000000000097,intraday
2025-06-06,1,2025-06-06 09:30:00-04:00,2025-06-06 15:55:00-04:00,98.38000000000001,97.42999999999999,-0.950000000000017,-47.50000000000085,-97.0000000000017,intraday
2025-06-09,1,2025-06-09 09:30:00-04:00,2025-06-09 15:55:00-04:00,97.41000000000001,97.42,0.009999999999990905,0.49999999999954525,-1.0000000000009095,intraday
2025-06-10,1,2025-06-10 09:30:00-04:00,2025-06-10 15:55:00-04:00,97.30000000000001,97.33,0.029999999999986926,1.4999999999993463,0.9999999999986926,intraday
2025-06-11,1,2025-06-11 09:30:00-04:00,2025-06-11 15:55:00-04:00,97.30000000000001,95.82,-1.4800000000000182,-74.00000000000091,-150.00000000000182,intraday
2025-06-12,1,2025-06-12 09:30:00-04:00,2025-06-12 15:55:00-04:00,94.9,94.82,-0.0800000000000125,-4.000000000000625,-10.00000000000125,intraday
2025-06-13,1,2025-06-13 09:30:00-04:00,2025-06-13 15:55:00-04:00,94.53,94.39,-0.14000000000000057,-7.000000000000028,-16.000000000000057,intraday
2025-06-16,1,2025-06-16 09:30:00-04:00,2025-06-16 15:55:00-04:00,94.76,94.30999999999999,-0.45000000000001705,-22.500000000000853,-47.000000000001705,intraday
2025-06-17,1,2025-06-17 09:30:00-04:00,2025-06-17 15:55:00-04:00,93.96000000000001,94.22999999999999,0.2699999999999818,13.49999999999909,24.99999999999818,intraday
2025-06-18,1,2025-06-18 09:30:00-04:00,2025-06-18 15:55:00-04:00,94.58,95.11999999999999,0.539999999999992,26.999999999999602,51.999999999999204,intraday
2025-06-20,1,2025-06-20 09:30:00-04:00,2025-06-20 15:55:00-04:00,95.25,96.1,0.8499999999999943,42.499999999999716,82.99999999999943,intraday
2025-06-23,1,2025-06-23 09:30:00-04:00,2025-06-23 15:55:00-04:00,95.93,97.83,1.8999999999999915,94.99999999999957,187.99999999999915,intraday
2025-06-24,1,2025-06-24 09:30:00-04:00,2025-06-24 15:55:00-04:00,97.74000000000001,97.99,0.2499999999999858,12.49999999999929,22.99999999999858,intraday
2025-06-25,1,2025-06-25 09:30:00-04:00,2025-06-25 15:55:00-04:00,98.32000000000001,97.3,-1.0200000000000102,-51.00000000000051,-104.00000000000102,intraday
2025-06-26,1,2025-06-26 09:30:00-04:00,2025-06-26 15:55:00-04:00,96.91000000000001,96.08999999999999,-0.8200000000000216,-41.00000000000108,-84.00000000000216,intraday
2025-06-27,1,2025-06-27 09:30:00-04:00,2025-06-27 15:55:00-04:00,96.33,97.17,0.8400000000000034,42.00000000000017,82.00000000000034,intraday
2025-06-30,1,2025-06-30 09:30:00-04:00,2025-06-30 15:55:00-04:00,97.12,97.75,0.6299999999999955,31.499999999999773,60.999999999999545,intraday
2025-07-01,1,2025-07-01 09:30:00-04:00,2025-07-01 15:55:00-04:00,97.61,98.22,0.6099999999999994,30.49999999999997,58.99999999999994,intraday
2025-07-02,1,2025-07-02 09:30:00-04:00,2025-07-02 15:55:00-04:00,98.14,97.58999999999999,-0.5500000000000114,-27.50000000000057,-57.00000000000114,intraday
2025-07-07,1,2025-07-07 09:30:00-04:00,2025-07-07 15:55:00-04:00,98.24000000000001,99.33999999999999,1.09999999999998,54.999999999999005,107.99999999999801,intraday
2025-07-08,1,2025-07-08 09:30:00-04:00,2025-07-08 15:55:00-04:00,98.83,97.08,-1.75,-87.5,-177.0,intraday
2025-07-09,1,2025-07-09 09:30:00-04:00,2025-07-09 15:55:00-04:00,97.16000000000001,96.80999999999999,-0.35000000000002274,-17.500000000001137,-37.000000000002274,intraday
2025-07-10,1,2025-07-10 09:30:00-04:00,2025-07-10 15:55:00-04:00,96.67,94.86,-1.8100000000000023,-90.50000000000011,-183.00000000000023,intraday
2025-07-11,1,2025-07-11 09:30:00-04:00,2025-07-11 15:55:00-04:00,95.02000000000001,94.35,-0.6700000000000159,-33.500000000000796,-69.00000000000159,intraday
2025-07-14,1,2025-07-14 09:30:00-04:00,2025-07-14 15:55:00-04:00,94.52000000000001,95.75,1.2299999999999898,61.49999999999949,120.99999999999898,intraday
2025-07-15,1,2025-07-15 09:30:00-04:00,2025-07-15 15:55:00-04:00,95.61,95.36,-0.25,-12.5,-27.0,intraday
2025-07-16,1,2025-07-16 09:30:00-04:00,2025-07-16 15:55:00-04:00,95.43,95.11999999999999,-0.3100000000000165,-15.500000000000824,-33.00000000000165,intraday
2025-07-17,1,2025-07-17 09:30:00-04:00,2025-07-17 15:55:00-04:00,95.09,95.14,0.04999999999999716,2.499999999999858,2.999999999999716,intraday
2025-07-18,1,2025-07-18 09:30:00-04:00,2025-07-18 15:55:00-04:00,95.10000000000001,95.03999999999999,-0.060000000000016485,-3.0000000000008242,-8.000000000001648,intraday
2025-07-21,1,2025-07-21 09:30:00-04:00,2025-07-21 15:55:00-04:00,95.27000000000001,95.71,0.4399999999999835,21.999999999999176,41.99999999999835,intraday
2025-07-22,1,2025-07-22 09:30:00-04:00,2025-07-22 15:55:00-04:00,95.85000000000001,95.78999999999999,-0.060000000000016485,-3.0000000000008242,-8.000000000001648,intraday
2025-07-23,1,2025-07-23 09:30:00-04:00,2025-07-23 15:55:00-04:00,96.02000000000001,95.67,-0.3500000000000085,-17.500000000000426,-37.00000000000085,intraday
2025-07-24,1,2025-07-24 09:30:00-04:00,2025-07-24 15:55:00-04:00,95.58,96.61999999999999,1.039999999999992,51.9999999999996,101.9999999999992,intraday
2025-07-25,1,2025-07-25 09:30:00-04:00,2025-07-25 15:55:00-04:00,96.85000000000001,97.47999999999999,0.6299999999999812,31.499999999999062,60.999999999998124,intraday
2025-07-28,1,2025-07-28 09:30:00-04:00,2025-07-28 15:55:00-04:00,97.29,97.58999999999999,0.29999999999998295,14.999999999999147,27.999999999998295,intraday
2025-07-29,1,2025-07-29 09:30:00-04:00,2025-07-29 15:55:00-04:00,97.79,98.35,0.5599999999999881,27.999999999999403,53.999999999998806,intraday
2025-07-30,1,2025-07-30 09:30:00-04:00,2025-07-30 15:55:00-04:00,98.62,97.61,-1.0100000000000051,-50.500000000000256,-103.00000000000051,intraday
2025-07-31,1,2025-07-31 09:30:00-04:00,2025-07-31 15:55:00-04:00,97.45,97.97,0.519999999999996,25.9999999999998,49.9999999999996,intraday
2025-08-01,1,2025-08-01 09:30:00-04:00,2025-08-01 15:55:00-04:00,97.76,98.44999999999999,0.6899999999999835,34.499999999999176,66.99999999999835,intraday
2025-08-04,1,2025-08-04 09:30:00-04:00,2025-08-04 15:55:00-04:00,98.21000000000001,99.58,1.3699999999999903,68.49999999999952,134.99999999999903,intraday
2025-08-05,1,2025-08-05 09:30:00-04:00,2025-08-05 15:55:00-04:00,99.68,99.28,-0.4000000000000057,-20.000000000000284,-42.00000000000057,intraday
2025-08-06,1,2025-08-06 09:30:00-04:00,2025-08-06 15:55:00-04:00,99.47,103.35,3.8799999999999955,193.99999999999977,385.99999999999955,intraday
2025-08-07,1,2025-08-07 09:30:00-04:00,2025-08-07 15:55:00-04:00,103.47,103.14,-0.3299999999999983,-16.499999999999915,-34.99999999999983,intraday
2025-08-08,1,2025-08-08 09:30:00-04:00,2025-08-08 15:55:00-04:00,103.38000000000001,103.74,0.3599999999999852,17.99999999999926,33.99999999999852,intraday
2025-08-11,1,2025-08-11 09:30:00-04:00,2025-08-11 15:55:00-04:00,103.91000000000001,103.92999999999999,0.01999999999998181,0.9999999999990905,-1.8189894035458565e-12,intraday
2025-08-12,1,2025-08-12 09:30:00-04:00,2025-08-12 15:55:00-04:00,104.26,103.63,-0.6300000000000097,-31.500000000000483,-65.00000000000097,intraday
2025-08-13,1,2025-08-13 09:30:00-04:00,2025-08-13 15:55:00-04:00,102.16000000000001,100.99,-1.170000000000016,-58.500000000000796,-119.00000000000159,intraday
2025-08-14,1,2025-08-14 09:30:00-04:00,2025-08-14 15:55:00-04:00,101.23,100.83,-0.4000000000000057,-20.000000000000284,-42.00000000000057,intraday
2025-08-15,1,2025-08-15 09:30:00-04:00,2025-08-15 15:55:00-04:00,100.64,100.02,-0.6200000000000045,-31.000000000000227,-64.00000000000045,intraday
2025-08-18,1,2025-08-18 09:30:00-04:00,2025-08-18 15:55:00-04:00,100.01,100.67,0.6599999999999966,32.99999999999983,63.99999999999966,intraday
2025-08-19,1,2025-08-19 09:30:00-04:00,2025-08-19 15:55:00-04:00,100.97,101.3,0.3299999999999983,16.499999999999915,30.99999999999983,intraday
2025-08-20,1,2025-08-20 09:30:00-04:00,2025-08-20 15:55:00-04:00,101.16000000000001,102.55999999999999,1.3999999999999773,69.99999999999886,137.99999999999773,intraday
2025-08-21,1,2025-08-21 09:30:00-04:00,2025-08-21 15:55:00-04:00,99.42,97.94,-1.480000000000004,-74.0000000000002,-150.0000000000004,intraday
2025-08-22,1,2025-08-22 09:30:00-04:00,2025-08-22 15:55:00-04:00,98.07000000000001,96.83,-1.240000000000009,-62.000000000000455,-126.00000000000091,intraday
2025-08-25,1,2025-08-25 09:30:00-04:00,2025-08-25 15:55:00-04:00,97.01,96.08,-0.9300000000000068,-46.50000000000034,-95.00000000000068,intraday
2025-08-26,1,2025-08-26 09:30:00-04:00,2025-08-26 15:55:00-04:00,96.29,96.00999999999999,-0.28000000000001535,-14.000000000000767,-30.000000000001535,intraday
2025-08-27,1,2025-08-27 09:30:00-04:00,2025-08-27 15:55:00-04:00,95.91000000000001,96.07,0.15999999999998238,7.999999999999119,13.999999999998238,intraday
2025-08-28,1,2025-08-28 09:30:00-04:00,2025-08-28 15:55:00-04:00,96.01,96.11,0.09999999999999432,4.999999999999716,7.999999999999432,intraday
2025-08-29,1,2025-08-29 09:30:00-04:00,2025-08-29 15:55:00-04:00,96.11,97.0,0.8900000000000006,44.50000000000003,87.00000000000006,intraday
2025-09-02,1,2025-09-02 09:30:00-04:00,2025-09-02 15:55:00-04:00,97.24000000000001,97.83,0.5899999999999892,29.49999999999946,56.99999999999892,intraday
2025-09-03,1,2025-09-03 09:30:00-04:00,2025-09-03 15:55:00-04:00,97.86,99.42999999999999,1.5699999999999932,78.49999999999966,154.99999999999932,intraday
2025-09-04,1,2025-09-04 09:30:00-04:00,2025-09-04 15:55:00-04:00,99.92,100.91,0.9899999999999949,49.499999999999744,96.99999999999949,intraday
2025-09-05,1,2025-09-05 09:30:00-04:00,2025-09-05 15:55:00-04:00,101.09,100.50999999999999,-0.5800000000000125,-29.000000000000625,-60.00000000000125,intraday
2025-09-08,1,2025-09-08 09:30:00-04:00,2025-09-08 15:55:00-04:00,100.86,102.33,1.4699999999999989,73.49999999999994,144.9999999999999,intraday
2025-09-09,1,2025-09-09 09:30:00-04:00,2025-09-09 15:55:00-04:00,102.01,102.3,0.28999999999999204,14.499999999999602,26.999999999999204,intraday
2025-09-10,1,2025-09-10 09:30:00-04:00,2025-09-10 15:55:00-04:00,101.96000000000001,100.39999999999999,-1.5600000000000165,-78.00000000000082,-158.00000000000165,intraday
2025-09-11,1,2025-09-11 09:30:00-04:00,2025-09-11 15:55:00-04:00,101.0,102.61999999999999,1.6199999999999903,80.99999999999952,159.99999999999903,intraday
2025-09-12,1,2025-09-12 09:30:00-04:00,2025-09-12 15:55:00-04:00,102.55000000000001,103.44,0.8899999999999864,44.49999999999932,86.99999999999864,intraday
2025-09-15,1,2025-09-15 09:30:00-04:00,2025-09-15 15:55:00-04:00,103.66000000000001,103.67999999999999,0.01999999999998181,0.9999999999990905,-1.8189894035458565e-12,intraday
2025-09-16,1,2025-09-16 09:30:00-04:00,2025-09-16 15:55:00-04:00,103.86,103.42,-0.4399999999999977,-21.999999999999886,-45.99999999999977,intraday
2025-09-17,1,2025-09-17 09:30:00-04:00,2025-09-17 15:55:00-04:00,103.74000000000001,104.25,0.5099999999999909,25.499999999999545,48.99999999999909,intraday
2025-09-18,1,2025-09-18 09:30:00-04:00,2025-09-18 15:55:00-04:00,103.84,103.6,-0.2400000000000091,-12.000000000000455,-26.00000000000091,intraday
2025-09-19,1,2025-09-19 09:30:00-04:00,2025-09-19 15:55:00-04:00,103.82000000000001,102.30999999999999,-1.5100000000000193,-75.50000000000097,-153.00000000000193,intraday
2025-09-22,1,2025-09-22 09:30:00-04:00,2025-09-22 15:55:00-04:00,102.46000000000001,102.8,0.3399999999999892,16.99999999999946,31.99999999999892,intraday
2025-09-23,1,2025-09-23 09:30:00-04:00,2025-09-23 15:55:00-04:00,102.42,102.50999999999999,0.0899999999999892,4.49999999999946,6.99999999999892,intraday
2025-09-24,1,2025-09-24 09:30:00-04:00,2025-09-24 15:55:00-04:00,103.05000000000001,102.69,-0.36000000000001364,-18.000000000000682,-38.000000000001364,intraday
2025-09-25,1,2025-09-25 09:30:00-04:00,2025-09-25 15:55:00-04:00,103.26,103.03999999999999,-0.22000000000001307,-11.000000000000654,-24.000000000001307,intraday
2025-09-26,1,2025-09-26 09:30:00-04:00,2025-09-26 15:55:00-04:00,102.89,103.13,0.23999999999999488,11.999999999999744,21.99999999999949,intraday
2025-09-29,1,2025-09-29 09:30:00-04:00,2025-09-29 15:55:00-04:00,103.06,103.07,0.009999999999990905,0.49999999999954525,-1.0000000000009095,intraday
2025-09-30,1,2025-09-30 09:30:00-04:00,2025-09-30 15:55:00-04:00,103.01,103.03999999999999,0.029999999999986926,1.4999999999993463,0.9999999999986926,intraday
2025-10-01,1,2025-10-01 09:30:00-04:00,2025-10-01 15:55:00-04:00,102.57000000000001,101.94,-0.6300000000000097,-31.500000000000483,-65.00000000000097,intraday
2025-10-02,1,2025-10-02 09:30:00-04:00,2025-10-02 15:55:00-04:00,101.46000000000001,101.69,0.22999999999998977,11.499999999999488,20.999999999998977,intraday
2025-10-03,1,2025-10-03 09:30:00-04:00,2025-10-03 15:55:00-04:00,101.47,102.05999999999999,0.5899999999999892,29.49999999999946,56.99999999999892,intraday
2025-10-06,1,2025-10-06 09:30:00-04:00,2025-10-06 15:55:00-04:00,101.89,102.66,0.769999999999996,38.4999999999998,74.9999999999996,intraday
2025-10-07,1,2025-10-07 09:30:00-04:00,2025-10-07 15:55:00-04:00,102.39,103.22999999999999,0.8399999999999892,41.99999999999946,81.99999999999892,intraday
2025-10-08,1,2025-10-08 09:30:00-04:00,2025-10-08 15:55:00-04:00,103.03,102.92,-0.10999999999999943,-5.499999999999972,-12.999999999999943,intraday
2025-10-09,1,2025-10-09 09:30:00-04:00,2025-10-09 15:55:00-04:00,103.14,101.75999999999999,-1.3800000000000097,-69.00000000000048,-140.00000000000097,intraday
2025-10-10,1,2025-10-10 09:30:00-04:00,2025-10-10 15:55:00-04:00,102.06,101.83,-0.23000000000000398,-11.500000000000199,-25.000000000000398,intraday
2025-10-13,1,2025-10-13 09:30:00-04:00,2025-10-13 15:55:00-04:00,101.38000000000001,102.1,0.7199999999999847,35.99999999999923,69.99999999999847,intraday
2025-10-14,1,2025-10-14 09:30:00-04:00,2025-10-14 15:55:00-04:00,104.06,107.17999999999999,3.1199999999999903,155.99999999999952,309.99999999999903,intraday
2025-10-15,1,2025-10-15 09:30:00-04:00,2025-10-15 15:55:00-04:00,107.33,109.05,1.7199999999999989,85.99999999999994,169.9999999999999,intraday
2025-10-16,1,2025-10-16 09:30:00-04:00,2025-10-16 15:55:00-04:00,109.21000000000001,106.46,-2.750000000000014,-137.5000000000007,-277.0000000000014,intraday
2025-10-17,1,2025-10-17 09:30:00-04:00,2025-10-17 15:55:00-04:00,107.18,107.72999999999999,0.549999999999983,27.499999999999147,52.999999999998295,intraday
2025-10-20,1,2025-10-20 09:30:00-04:00,2025-10-20 15:55:00-04:00,107.86,107.02,-0.8400000000000034,-42.00000000000017,-86.00000000000034,intraday
2025-10-21,1,2025-10-21 09:30:00-04:00,2025-10-21 15:55:00-04:00,107.34,106.21,-1.1300000000000097,-56.50000000000048,-115.00000000000097,intraday
2025-10-22,1,2025-10-22 09:30:00-04:00,2025-10-22 15:55:00-04:00,106.56,107.13,0.5699999999999932,28.49999999999966,54.99999999999932,intraday
2025-10-23,1,2025-10-23 09:30:00-04:00,2025-10-23 15:55:00-04:00,107.36,106.85,-0.5100000000000051,-25.500000000000256,-53.00000000000051,intraday
2025-10-24,1,2025-10-24 09:30:00-04:00,2025-10-24 15:55:00-04:00,107.08,106.19999999999999,-0.8800000000000097,-44.00000000000048,-90.00000000000097,intraday
2025-10-27,1,2025-10-27 09:30:00-04:00,2025-10-27 15:55:00-04:00,106.35000000000001,104.46,-1.8900000000000148,-94.50000000000074,-191.00000000000148,intraday
2025-10-28,1,2025-10-28 09:30:00-04:00,2025-10-28 15:55:00-04:00,104.07000000000001,103.17,-0.9000000000000057,-45.000000000000284,-92.00000000000057,intraday
2025-10-29,1,2025-10-29 09:30:00-04:00,2025-10-29 15:55:00-04:00,102.92,102.50999999999999,-0.4100000000000108,-20.50000000000054,-43.00000000000108,intraday
2025-10-30,1,2025-10-30 09:30:00-04:00,2025-10-30 15:55:00-04:00,102.21000000000001,102.22999999999999,0.01999999999998181,0.9999999999990905,-1.8189894035458565e-12,intraday
2025-10-31,1,2025-10-31 09:30:00-04:00,2025-10-31 15:55:00-04:00,101.71000000000001,101.17999999999999,-0.5300000000000153,-26.500000000000767,-55.000000000001535,intraday
2025-11-03,1,2025-11-03 09:30:00-05:00,2025-11-03 15:55:00-05:00,100.82000000000001,101.6,0.7799999999999869,38.999999999999346,75.99999999999869,intraday
2025-11-04,1,2025-11-04 09:30:00-05:00,2025-11-04 15:55:00-05:00,102.14,102.3,0.1599999999999966,7.9999999999998295,13.999999999999659,intraday
2025-11-05,1,2025-11-05 09:30:00-05:00,2025-11-05 15:55:00-05:00,101.75,101.47,-0.28000000000000114,-14.000000000000057,-30.000000000000114,intraday
2025-11-06,1,2025-11-06 09:30:00-05:00,2025-11-06 15:55:00-05:00,101.35000000000001,101.67,0.3199999999999932,15.999999999999659,29.999999999999318,intraday
2025-11-07,1,2025-11-07 09:30:00-05:00,2025-11-07 15:55:00-05:00,102.14,102.61,0.46999999999999886,23.499999999999943,44.999999999999886,intraday
2025-11-10,1,2025-11-10 09:30:00-05:00,2025-11-10 15:55:00-05:00,102.16000000000001,102.39,0.22999999999998977,11.499999999999488,20.999999999998977,intraday
2025-11-11,1,2025-11-11 09:30:00-05:00,2025-11-11 15:55:00-05:00,102.51,103.5,0.9899999999999949,49.499999999999744,96.99999999999949,intraday
2025-11-12,1,2025-11-12 09:30:00-05:00,2025-11-12 15:55:00-05:00,103.36,103.44,0.0799999999999983,3.9999999999999147,5.9999999999998295,intraday
2025-11-13,1,2025-11-13 09:30:00-05:00,2025-11-13 15:55:00-05:00,103.60000000000001,102.55999999999999,-1.0400000000000205,-52.00000000000102,-106.00000000000205,intraday
2025-11-14,1,2025-11-14 09:30:00-05:00,2025-11-14 15:55:00-05:00,100.21000000000001,102.47,2.259999999999991,112.99999999999955,223.9999999999991,intraday
2025-11-17,1,2025-11-17 09:30:00-05:00,2025-11-17 15:55:00-05:00,102.59,102.94,0.3499999999999943,17.499999999999716,32.99999999999943,intraday
2025-11-18,1,2025-11-18 09:30:00-05:00,2025-11-18 15:55:00-05:00,102.99000000000001,101.42999999999999,-1.5600000000000165,-78.00000000000082,-158.00000000000165,intraday
2025-11-19,1,2025-11-19 09:30:00-05:00,2025-11-19 15:55:00-05:00,101.59,100.58,-1.0100000000000051,-50.500000000000256,-103.00000000000051,intraday
2025-11-20,1,2025-11-20 09:30:00-05:00,2025-11-20 15:55:00-05:00,103.95,107.14999999999999,3.1999999999999886,159.99999999999943,317.99999999999886,intraday
2025-11-21,1,2025-11-21 09:30:00-05:00,2025-11-21 15:55:00-05:00,107.99000000000001,105.33,-2.660000000000011,-133.00000000000054,-268.0000000000011,intraday
2025-11-24,1,2025-11-24 09:30:00-05:00,2025-11-24 15:55:00-05:00,105.37,104.07,-1.3000000000000114,-65.00000000000057,-132.00000000000114,intraday
2025-11-25,1,2025-11-25 09:30:00-05:00,2025-11-25 15:55:00-05:00,104.62,106.94999999999999,2.329999999999984,116.4999999999992,230.9999999999984,intraday
2025-11-26,1,2025-11-26 09:30:00-05:00,2025-11-26 15:55:00-05:00,107.21000000000001,109.08999999999999,1.8799999999999812,93.99999999999906,185.99999999999812,intraday
2025-12-01,1,2025-12-01 09:30:00-05:00,2025-12-01 15:55:00-05:00,110.52000000000001,111.64,1.1199999999999903,55.99999999999952,109.99999999999903,intraday
2025-12-02,1,2025-12-02 09:30:00-05:00,2025-12-02 15:55:00-05:00,111.48,112.39999999999999,0.9199999999999875,45.999999999999375,89.99999999999875,intraday
2025-12-03,1,2025-12-03 09:30:00-05:00,2025-12-03 15:55:00-05:00,112.51,114.44,1.9299999999999926,96.49999999999963,190.99999999999926,intraday
2025-12-04,1,2025-12-04 09:30:00-05:00,2025-12-04 15:55:00-05:00,113.63000000000001,114.83,1.1999999999999886,59.99999999999943,117.99999999999886,intraday
2025-12-05,1,2025-12-05 09:30:00-05:00,2025-12-05 15:55:00-05:00,114.74000000000001,115.1,0.3599999999999852,17.99999999999926,33.99999999999852,intraday
2025-12-08,1,2025-12-08 09:30:00-05:00,2025-12-08 15:55:00-05:00,114.58,113.58999999999999,-0.9900000000000091,-49.500000000000455,-101.00000000000091,intraday
2025-12-09,1,2025-12-09 09:30:00-05:00,2025-12-09 15:55:00-05:00,113.96000000000001,115.08,1.1199999999999903,55.99999999999952,109.99999999999903,intraday
2025-12-10,1,2025-12-10 09:30:00-05:00,2025-12-10 15:55:00-05:00,115.36,113.14,-2.219999999999999,-110.99999999999994,-223.9999999999999,intraday
2025-12-11,1,2025-12-11 09:30:00-05:00,2025-12-11 15:55:00-05:00,113.15,115.53999999999999,2.3899999999999864,119.49999999999932,236.99999999999864,intraday
2025-12-12,1,2025-12-12 09:30:00-05:00,2025-12-12 15:55:00-05:00,115.27000000000001,116.67999999999999,1.4099999999999824,70.49999999999912,138.99999999999824,intraday
2025-12-15,1,2025-12-15 09:30:00-05:00,2025-12-15 15:55:00-05:00,116.94000000000001,116.8,-0.14000000000001478,-7.000000000000739,-16.000000000001478,intraday
2025-12-16,1,2025-12-16 09:30:00-05:00,2025-12-16 15:55:00-05:00,116.55000000000001,115.38,-1.170000000000016,-58.500000000000796,-119.00000000000159,intraday
2025-12-17,1,2025-12-17 09:30:00-05:00,2025-12-17 15:55:00-05:00,115.21000000000001,115.66,0.44999999999998863,22.49999999999943,42.99999999999886,intraday
2025-12-18,1,2025-12-18 09:30:00-05:00,2025-12-18 15:55:00-05:00,115.02000000000001,114.82,-0.20000000000001705,-10.000000000000853,-22.000000000001705,intraday
2025-12-19,1,2025-12-19 09:30:00-05:00,2025-12-19 15:55:00-05:00,115.05000000000001,114.42,-0.6300000000000097,-31.500000000000483,-65.00000000000097,intraday
2025-12-22,1,2025-12-22 09:30:00-05:00,2025-12-22 15:55:00-05:00,114.02000000000001,112.55999999999999,-1.4600000000000222,-73.00000000000111,-148.00000000000222,intraday
2025-12-23,1,2025-12-23 09:30:00-05:00,2025-12-23 15:55:00-05:00,112.0,110.85,-1.1500000000000057,-57.500000000000284,-117.00000000000057,intraday
2025-12-26,1,2025-12-26 09:30:00-05:00,2025-12-26 15:55:00-05:00,111.73,111.72999999999999,-1.4210854715202004e-14,-7.105427357601002e-13,-2.000000000001421,intraday
2025-12-29,1,2025-12-29 09:30:00-05:00,2025-12-29 15:55:00-05:00,111.47,112.53999999999999,1.0699999999999932,53.49999999999966,104.99999999999932,intraday
2025-12-30,1,2025-12-30 09:30:00-05:00,2025-12-30 15:55:00-05:00,111.9,111.89999999999999,-1.4210854715202004e-14,-7.105427357601002e-13,-2.000000000001421,intraday
2025-12-31,1,2025-12-31 09:30:00-05:00,2025-12-31 15:55:00-05:00,111.74000000000001,111.39,-0.3500000000000085,-17.500000000000426,-37.00000000000085,intraday
2026-01-02,1,2026-01-02 09:30:00-05:00,2026-01-02 15:55:00-05:00,111.55000000000001,112.74,1.1899999999999835,59.499999999999176,116.99999999999835,intraday
2026-01-05,1,2026-01-05 09:30:00-05:00,2026-01-05 15:55:00-05:00,112.83,112.69,-0.14000000000000057,-7.000000000000028,-16.000000000000057,intraday
2026-01-06,1,2026-01-06 09:30:00-05:00,2026-01-06 15:55:00-05:00,112.41000000000001,114.35,1.9399999999999835,96.99999999999918,191.99999999999835,intraday
2026-01-07,1,2026-01-07 09:30:00-05:00,2026-01-07 15:55:00-05:00,114.2,112.69999999999999,-1.5000000000000142,-75.00000000000071,-152.00000000000142,intraday
2026-01-08,1,2026-01-08 09:30:00-05:00,2026-01-08 15:55:00-05:00,111.30000000000001,113.05,1.7499999999999858,87.49999999999929,172.99999999999858,intraday
2026-01-09,1,2026-01-09 09:30:00-05:00,2026-01-09 15:55:00-05:00,112.23,114.52,2.289999999999992,114.4999999999996,226.9999999999992,intraday
2026-01-12,1,2026-01-12 09:30:00-05:00,2026-01-12 15:55:00-05:00,117.51,117.97,0.45999999999999375,22.999999999999687,43.999999999999375,intraday
2026-01-13,1,2026-01-13 09:30:00-05:00,2026-01-13 15:55:00-05:00,117.9,120.36999999999999,2.4699999999999847,123.49999999999923,244.99999999999847,intraday
2026-01-14,1,2026-01-14 09:30:00-05:00,2026-01-14 15:55:00-05:00,120.2,120.05,-0.15000000000000568,-7.500000000000284,-17.00000000000057,intraday
2026-01-15,1,2026-01-15 09:30:00-05:00,2026-01-15 15:55:00-05:00,119.96000000000001,119.22999999999999,-0.7300000000000182,-36.50000000000091,-75.00000000000182,intraday
2026-01-16,1,2026-01-16 09:30:00-05:00,2026-01-16 15:55:00-05:00,118.43,119.99,1.559999999999988,77.9999999999994,153.9999999999988,intraday
2026-01-20,1,2026-01-20 09:30:00-05:00,2026-01-20 15:55:00-05:00,120.89,118.74,-2.1500000000000057,-107.50000000000028,-217.00000000000057,intraday
2026-01-21,1,2026-01-21 09:30:00-05:00,2026-01-21 15:55:00-05:00,118.03,119.38,1.3499999999999943,67.49999999999972,132.99999999999943,intraday
2026-01-22,1,2026-01-22 09:30:00-05:00,2026-01-22 15:55:00-05:00,119.30000000000001,117.83999999999999,-1.4600000000000222,-73.00000000000111,-148.00000000000222,intraday
2026-01-23,1,2026-01-23 09:30:00-05:00,2026-01-23 15:55:00-05:00,118.18,117.75999999999999,-0.4200000000000159,-21.000000000000796,-44.00000000000159,intraday
2026-01-26,1,2026-01-26 09:30:00-05:00,2026-01-26 15:55:00-05:00,117.82000000000001,117.63,-0.19000000000001194,-9.500000000000597,-21.000000000001194,intraday
2026-01-27,1,2026-01-27 09:30:00-05:00,2026-01-27 15:55:00-05:00,117.51,116.94,-0.5700000000000074,-28.50000000000037,-59.00000000000074,intraday
2026-01-28,1,2026-01-28 09:30:00-05:00,2026-01-28 15:55:00-05:00,116.65,116.55999999999999,-0.09000000000001762,-4.500000000000881,-11.000000000001762,intraday
2026-01-29,1,2026-01-29 09:30:00-05:00,2026-01-29 15:55:00-05:00,116.47,117.36999999999999,0.8999999999999915,44.999999999999574,87.99999999999915,intraday
2026-01-30,1,2026-01-30 09:30:00-05:00,2026-01-30 15:55:00-05:00,116.83,119.17,2.3400000000000034,117.00000000000017,232.00000000000034,intraday
2026-02-02,1,2026-02-02 09:30:00-05:00,2026-02-02 15:55:00-05:00,119.91000000000001,124.05,4.139999999999986,206.99999999999932,411.99999999999864,intraday
2026-02-03,1,2026-02-03 09:30:00-05:00,2026-02-03 15:55:00-05:00,123.66000000000001,127.74,4.079999999999984,203.9999999999992,405.9999999999984,intraday
2026-02-04,1,2026-02-04 09:30:00-05:00,2026-02-04 15:55:00-05:00,128.14,128.01000000000002,-0.12999999999996703,-6.4999999999983515,-14.999999999996703,intraday
2026-02-05,1,2026-02-05 09:30:00-05:00,2026-02-05 15:55:00-05:00,128.73,126.92,-1.809999999999988,-90.4999999999994,-182.9999999999988,intraday
2026-02-06,1,2026-02-06 09:30:00-05:00,2026-02-06 15:55:00-05:00,127.30000000000001,131.17000000000002,3.8700000000000045,193.50000000000023,385.00000000000045,intraday
2026-02-09,1,2026-02-09 09:30:00-05:00,2026-02-09 15:55:00-05:00,131.42999999999998,128.96,-2.4699999999999704,-123.49999999999852,-248.99999999999704,intraday
2026-02-10,1,2026-02-10 09:30:00-05:00,2026-02-10 15:55:00-05:00,128.95,126.75,-2.1999999999999886,-109.99999999999943,-221.99999999999886,intraday
2026-02-11,1,2026-02-11 09:30:00-05:00,2026-02-11 15:55:00-05:00,126.86,128.77,1.9100000000000108,95.50000000000054,189.00000000000108,intraday
2026-02-12,1,2026-02-12 09:30:00-05:00,2026-02-12 15:55:00-05:00,129.48999999999998,133.65,4.160000000000025,208.00000000000125,414.0000000000025,intraday
2026-02-13,1,2026-02-13 09:30:00-05:00,2026-02-13 15:55:00-05:00,132.66,133.89000000000001,1.2300000000000182,61.50000000000091,121.00000000000182,intraday
2026-02-17,1,2026-02-17 09:30:00-05:00,2026-02-17 15:55:00-05:00,133.03,128.84,-4.189999999999998,-209.4999999999999,-420.9999999999998,intraday
2026-02-18,1,2026-02-18 09:30:00-05:00,2026-02-18 15:55:00-05:00,128.14,126.58999999999999,-1.5499999999999972,-77.49999999999986,-156.99999999999972,intraday
2026-02-19,1,2026-02-19 09:30:00-05:00,2026-02-19 15:55:00-05:00,128.29999999999998,124.83,-3.4699999999999847,-173.49999999999923,-348.99999999999847,intraday
2026-02-20,1,2026-02-20 09:30:00-05:00,2026-02-20 15:55:00-05:00,123.01,122.97999999999999,-0.030000000000015348,-1.5000000000007674,-5.000000000001535,intraday
2026-02-23,1,2026-02-23 09:30:00-05:00,2026-02-23 15:55:00-05:00,123.66000000000001,125.83,2.1699999999999875,108.49999999999937,214.99999999999875,intraday
2026-02-24,1,2026-02-24 09:30:00-05:00,2026-02-24 15:55:00-05:00,125.91000000000001,126.74,0.8299999999999841,41.499999999999204,80.99999999999841,intraday
2026-02-25,1,2026-02-25 09:30:00-05:00,2026-02-25 15:55:00-05:00,126.66000000000001,125.77,-0.8900000000000148,-44.50000000000074,-91.00000000000148,intraday
2026-02-26,1,2026-02-26 09:30:00-05:00,2026-02-26 15:55:00-05:00,125.9,124.39999999999999,-1.5000000000000142,-75.00000000000071,-152.00000000000142,intraday
2026-02-27,1,2026-02-27 09:30:00-05:00,2026-02-27 15:55:00-05:00,125.64,127.89999999999999,2.259999999999991,112.99999999999955,223.9999999999991,intraday
2026-03-02,1,2026-03-02 09:30:00-05:00,2026-03-02 15:55:00-05:00,127.35000000000001,127.07,-0.28000000000001535,-14.000000000000767,-30.000000000001535,intraday
2026-03-03,1,2026-03-03 09:30:00-05:00,2026-03-03 15:55:00-05:00,126.67,127.89,1.2199999999999989,60.99999999999994,119.99999999999989,intraday
2026-03-04,1,2026-03-04 09:30:00-05:00,2026-03-04 15:55:00-05:00,127.12,127.71,0.5899999999999892,29.49999999999946,56.99999999999892,intraday
2026-03-05,1,2026-03-05 09:30:00-05:00,2026-03-05 15:55:00-05:00,125.41000000000001,123.30999999999999,-2.1000000000000227,-105.00000000000114,-212.00000000000227,intraday
2026-03-06,1,2026-03-06 09:30:00-05:00,2026-03-06 15:55:00-05:00,122.51,123.77,1.259999999999991,62.999999999999545,123.99999999999909,intraday
2026-03-09,1,2026-03-09 09:30:00-04:00,2026-03-09 15:55:00-04:00,123.87,124.30999999999999,0.4399999999999835,21.999999999999176,41.99999999999835,intraday
2026-03-10,1,2026-03-10 09:30:00-04:00,2026-03-10 15:55:00-04:00,124.25,125.08,0.8299999999999983,41.499999999999915,80.99999999999983,intraday
2026-03-11,1,2026-03-11 09:30:00-04:00,2026-03-11 15:55:00-04:00,125.15,123.46,-1.690000000000012,-84.5000000000006,-171.0000000000012,intraday
2026-03-12,1,2026-03-12 09:30:00-04:00,2026-03-12 15:55:00-04:00,122.31,125.33,3.019999999999996,150.9999999999998,299.9999999999996,intraday
2026-03-13,1,2026-03-13 09:30:00-04:00,2026-03-13 15:55:00-04:00,125.31,126.53,1.2199999999999989,60.99999999999994,119.99999999999989,intraday
2026-03-16,1,2026-03-16 09:30:00-04:00,2026-03-16 15:55:00-04:00,126.79,125.96,-0.8300000000000125,-41.500000000000625,-85.00000000000125,intraday
2026-03-17,1,2026-03-17 09:30:00-04:00,2026-03-17 15:55:00-04:00,126.71000000000001,125.08,-1.6300000000000097,-81.50000000000048,-165.00000000000097,intraday
2026-03-18,1,2026-03-18 09:30:00-04:00,2026-03-18 15:55:00-04:00,124.63000000000001,121.99,-2.640000000000015,-132.00000000000074,-266.0000000000015,intraday
2026-03-19,1,2026-03-19 09:30:00-04:00,2026-03-19 15:55:00-04:00,122.39,121.07,-1.3200000000000074,-66.00000000000037,-134.00000000000074,intraday
2026-03-20,1,2026-03-20 09:30:00-04:00,2026-03-20 15:55:00-04:00,120.61,119.02,-1.5900000000000034,-79.50000000000017,-161.00000000000034,intraday
2026-03-23,1,2026-03-23 09:30:00-04:00,2026-03-23 15:55:00-04:00,120.83,120.66,-0.1700000000000017,-8.500000000000085,-19.00000000000017,intraday
2026-03-24,1,2026-03-24 09:30:00-04:00,2026-03-24 15:55:00-04:00,120.65,122.07,1.4199999999999875,70.99999999999937,139.99999999999875,intraday
2026-03-25,1,2026-03-25 09:30:00-04:00,2026-03-25 15:55:00-04:00,122.93,123.03,0.09999999999999432,4.999999999999716,7.999999999999432,intraday
2026-03-26,1,2026-03-26 09:30:00-04:00,2026-03-26 15:55:00-04:00,123.71000000000001,122.17,-1.5400000000000063,-77.00000000000031,-156.00000000000063,intraday
2026-03-27,1,2026-03-27 09:30:00-04:00,2026-03-27 15:55:00-04:00,122.04,122.89,0.8499999999999943,42.499999999999716,82.99999999999943,intraday
2026-03-30,1,2026-03-30 09:30:00-04:00,2026-03-30 15:55:00-04:00,123.80000000000001,123.5,-0.30000000000001137,-15.000000000000568,-32.00000000000114,intraday
2026-03-31,1,2026-03-31 09:30:00-04:00,2026-03-31 15:55:00-04:00,123.53,124.25999999999999,0.7299999999999898,36.49999999999949,70.99999999999898,intraday
2026-04-01,1,2026-04-01 09:30:00-04:00,2026-04-01 15:55:00-04:00,123.86,124.72,0.8599999999999994,42.99999999999997,83.99999999999994,intraday
2026-04-02,1,2026-04-02 09:30:00-04:00,2026-04-02 15:55:00-04:00,125.16000000000001,125.78,0.6199999999999903,30.999999999999517,59.999999999999034,intraday
2026-04-06,1,2026-04-06 09:30:00-04:00,2026-04-06 15:55:00-04:00,125.97,126.78999999999999,0.8199999999999932,40.99999999999966,79.99999999999932,intraday
2026-04-07,1,2026-04-07 09:30:00-04:00,2026-04-07 15:55:00-04:00,126.2,122.5,-3.700000000000003,-185.00000000000014,-372.0000000000003,intraday
2026-04-08,1,2026-04-08 09:30:00-04:00,2026-04-08 15:55:00-04:00,122.76,127.28,4.519999999999996,225.9999999999998,449.9999999999996,intraday
2026-04-09,1,2026-04-09 09:30:00-04:00,2026-04-09 15:55:00-04:00,127.10000000000001,129.13,2.029999999999987,101.49999999999935,200.9999999999987,intraday
2026-04-10,1,2026-04-10 09:30:00-04:00,2026-04-10 15:55:00-04:00,128.51999999999998,126.78,-1.7399999999999807,-86.99999999999903,-175.99999999999807,intraday
2026-04-13,1,2026-04-13 09:30:00-04:00,2026-04-13 15:55:00-04:00,126.30000000000001,124.52,-1.7800000000000153,-89.00000000000077,-180.00000000000153,intraday
2026-04-14,1,2026-04-14 09:30:00-04:00,2026-04-14 15:55:00-04:00,123.16000000000001,125.03,1.8699999999999903,93.49999999999952,184.99999999999903,intraday
2026-04-15,1,2026-04-15 09:30:00-04:00,2026-04-15 15:55:00-04:00,124.64,124.74,0.09999999999999432,4.999999999999716,7.999999999999432,intraday
2026-04-16,1,2026-04-16 09:30:00-04:00,2026-04-16 15:55:00-04:00,124.34,124.80999999999999,0.46999999999998465,23.499999999999233,44.999999999998465,intraday
2026-04-17,1,2026-04-17 09:30:00-04:00,2026-04-17 15:55:00-04:00,124.67,127.47,2.799999999999997,139.99999999999986,277.9999999999997,intraday
2026-04-20,1,2026-04-20 09:30:00-04:00,2026-04-20 15:55:00-04:00,127.88000000000001,127.92,0.03999999999999204,1.999999999999602,1.9999999999992042,intraday
2026-04-21,1,2026-04-21 09:30:00-04:00,2026-04-21 15:55:00-04:00,127.84,129.59,1.75,87.5,173.0,intraday
2026-04-22,1,2026-04-22 09:30:00-04:00,2026-04-22 15:55:00-04:00,130.01,129.95000000000002,-0.05999999999997385,-2.9999999999986926,-7.999999999997385,intraday
2026-04-23,1,2026-04-23 09:30:00-04:00,2026-04-23 15:55:00-04:00,130.48,132.02,1.5400000000000205,77.00000000000102,152.00000000000205,intraday
2026-04-24,1,2026-04-24 09:30:00-04:00,2026-04-24 15:55:00-04:00,131.92999999999998,129.9,-2.0299999999999727,-101.49999999999864,-204.99999999999727,intraday
2026-04-27,1,2026-04-27 09:30:00-04:00,2026-04-27 15:55:00-04:00,129.63,127.55999999999999,-2.0700000000000074,-103.50000000000037,-209.00000000000074,intraday
2026-04-28,1,2026-04-28 09:30:00-04:00,2026-04-28 15:55:00-04:00,129.35,127.58,-1.769999999999996,-88.4999999999998,-178.9999999999996,intraday
2026-04-29,1,2026-04-29 09:30:00-04:00,2026-04-29 15:55:00-04:00,126.59,128.04000000000002,1.450000000000017,72.50000000000085,143.0000000000017,intraday
2026-04-30,1,2026-04-30 09:30:00-04:00,2026-04-30 15:55:00-04:00,128.03,131.89000000000001,3.8600000000000136,193.00000000000068,384.00000000000136,intraday
2026-05-01,1,2026-05-01 09:30:00-04:00,2026-05-01 15:55:00-04:00,131.87,131.59,-0.28000000000000114,-14.000000000000057,-30.000000000000114,intraday
2026-05-04,1,2026-05-04 09:30:00-04:00,2026-05-04 15:55:00-04:00,130.42,130.35000000000002,-0.06999999999996476,-3.499999999998238,-8.999999999996476,intraday
2026-05-05,1,2026-05-05 09:30:00-04:00,2026-05-05 15:55:00-04:00,130.54,130.8,0.2600000000000193,13.000000000000966,24.000000000001933,intraday
2026-05-06,1,2026-05-06 09:30:00-04:00,2026-05-06 15:55:00-04:00,130.87,130.05,-0.8199999999999932,-40.99999999999966,-83.99999999999932,intraday
2026-05-07,1,2026-05-07 09:30:00-04:00,2026-05-07 15:55:00-04:00,129.91,130.23000000000002,0.3200000000000216,16.00000000000108,30.00000000000216,intraday
2026-05-08,1,2026-05-08 09:30:00-04:00,2026-05-08 15:55:00-04:00,130.32,130.37,0.05000000000001137,2.5000000000005684,3.000000000001137,intraday
2026-05-11,1,2026-05-11 09:30:00-04:00,2026-05-11 15:55:00-04:00,130.23999999999998,127.58,-2.6599999999999824,-132.99999999999912,-267.99999999999824,intraday
2026-05-12,1,2026-05-12 09:30:00-04:00,2026-05-12 15:55:00-04:00,128.07999999999998,130.38,2.3000000000000114,115.00000000000057,228.00000000000114,intraday
2026-05-13,1,2026-05-13 09:30:00-04:00,2026-05-13 15:55:00-04:00,129.12,131.47,2.3499999999999943,117.49999999999972,232.99999999999943,intraday
2026-05-14,1,2026-05-14 09:30:00-04:00,2026-05-14 15:55:00-04:00,131.37,132.43,1.0600000000000023,53.000000000000114,104.00000000000023,intraday
2026-05-15,1,2026-05-15 09:30:00-04:00,2026-05-15 15:55:00-04:00,133.67999999999998,131.51000000000002,-2.169999999999959,-108.49999999999795,-218.9999999999959,intraday
2026-05-18,1,2026-05-18 09:30:00-04:00,2026-05-18 15:55:00-04:00,131.53,133.35000000000002,1.8200000000000216,91.00000000000108,180.00000000000216,intraday
2026-05-19,1,2026-05-19 09:30:00-04:00,2026-05-19 15:55:00-04:00,133.14999999999998,134.20000000000002,1.0500000000000398,52.50000000000199,103.00000000000398,intraday
2026-05-20,1,2026-05-20 09:30:00-04:00,2026-05-20 15:55:00-04:00,133.01,130.96,-2.049999999999983,-102.49999999999915,-206.9999999999983,intraday
2026-05-21,1,2026-05-21 09:30:00-04:00,2026-05-21 15:55:00-04:00,124.42,121.33,-3.0900000000000034,-154.50000000000017,-311.00000000000034,intraday
2026-05-22,1,2026-05-22 09:30:00-04:00,2026-05-22 15:55:00-04:00,121.35000000000001,120.25,-1.1000000000000085,-55.000000000000426,-112.00000000000085,intraday
2026-05-26,1,2026-05-26 09:30:00-04:00,2026-05-26 15:55:00-04:00,120.78,118.57,-2.210000000000008,-110.5000000000004,-223.0000000000008,intraday
2026-05-27,1,2026-05-27 09:30:00-04:00,2026-05-27 15:55:00-04:00,118.34,118.53,0.18999999999999773,9.499999999999886,16.999999999999773,intraday
2026-05-28,1,2026-05-28 09:30:00-04:00,2026-05-28 15:55:00-04:00,118.97,118.89,-0.0799999999999983,-3.9999999999999147,-9.99999999999983,intraday
2026-05-29,1,2026-05-29 09:30:00-04:00,2026-05-29 15:55:00-04:00,118.11,115.69,-2.4200000000000017,-121.00000000000009,-244.00000000000017,intraday
2026-06-01,1,2026-06-01 09:30:00-04:00,2026-06-01 15:55:00-04:00,114.74000000000001,114.58999999999999,-0.1500000000000199,-7.500000000000995,-17.00000000000199,intraday
2026-06-02,1,2026-06-02 09:30:00-04:00,2026-06-02 15:55:00-04:00,113.75,113.02,-0.730000000000004,-36.5000000000002,-75.0000000000004,intraday
2026-06-03,1,2026-06-03 09:30:00-04:00,2026-06-03 15:55:00-04:00,113.10000000000001,116.92,3.819999999999993,190.99999999999966,379.9999999999993,intraday
2026-06-04,1,2026-06-04 09:30:00-04:00,2026-06-04 15:55:00-04:00,119.95,117.72999999999999,-2.220000000000013,-111.00000000000065,-224.0000000000013,intraday
2026-06-05,1,2026-06-05 09:30:00-04:00,2026-06-05 15:55:00-04:00,118.17,118.89,0.7199999999999989,35.99999999999994,69.99999999999989,intraday
2026-06-08,1,2026-06-08 09:30:00-04:00,2026-06-08 15:55:00-04:00,118.4,119.82,1.4199999999999875,70.99999999999937,139.99999999999875,intraday
2026-06-09,1,2026-06-09 09:30:00-04:00,2026-06-09 15:55:00-04:00,120.39,118.78999999999999,-1.6000000000000085,-80.00000000000043,-162.00000000000085,intraday
2026-06-10,1,2026-06-10 09:30:00-04:00,2026-06-10 15:55:00-04:00,119.83,120.53999999999999,0.7099999999999937,35.49999999999969,68.99999999999937,intraday
2026-06-11,1,2026-06-11 09:30:00-04:00,2026-06-11 15:55:00-04:00,120.68,120.42,-0.2600000000000051,-13.000000000000256,-28.00000000000051,intraday
2026-06-12,1,2026-06-12 09:30:00-04:00,2026-06-12 15:55:00-04:00,120.37,120.99,0.6199999999999903,30.999999999999517,59.999999999999034,intraday
2026-06-15,1,2026-06-15 09:30:00-04:00,2026-06-15 15:55:00-04:00,119.76,120.83,1.0699999999999932,53.49999999999966,104.99999999999932,intraday
2026-06-16,1,2026-06-16 09:30:00-04:00,2026-06-16 15:55:00-04:00,121.15,121.03,-0.12000000000000455,-6.000000000000227,-14.000000000000455,intraday
2026-06-17,1,2026-06-17 09:30:00-04:00,2026-06-17 15:55:00-04:00,119.59,118.14999999999999,-1.440000000000012,-72.0000000000006,-146.0000000000012,intraday
2026-06-18,1,2026-06-18 09:30:00-04:00,2026-06-18 15:55:00-04:00,117.98,117.17,-0.8100000000000023,-40.500000000000114,-83.00000000000023,intraday
2026-06-22,1,2026-06-22 09:30:00-04:00,2026-06-22 15:55:00-04:00,117.04,117.11,0.06999999999999318,3.499999999999659,4.999999999999318,intraday
2026-06-23,1,2026-06-23 09:30:00-04:00,2026-06-23 15:55:00-04:00,119.69000000000001,119.41,-0.28000000000001535,-14.000000000000767,-30.000000000001535,intraday
2026-06-24,1,2026-06-24 09:30:00-04:00,2026-06-24 15:55:00-04:00,119.68,119.02,-0.6600000000000108,-33.00000000000054,-68.00000000000108,intraday
2026-06-25,1,2026-06-25 09:30:00-04:00,2026-06-25 15:55:00-04:00,117.5,115.75999999999999,-1.740000000000009,-87.00000000000045,-176.0000000000009,intraday
2026-06-26,1,2026-06-26 09:30:00-04:00,2026-06-26 15:55:00-04:00,117.30000000000001,115.28999999999999,-2.0100000000000193,-100.50000000000097,-203.00000000000193,intraday
2026-06-29,1,2026-06-29 09:30:00-04:00,2026-06-29 15:55:00-04:00,116.56,114.53999999999999,-2.0200000000000102,-101.00000000000051,-204.00000000000102,intraday
2026-06-30,1,2026-06-30 09:30:00-04:00,2026-06-30 15:55:00-04:00,114.02000000000001,113.21,-0.8100000000000165,-40.500000000000824,-83.00000000000165,intraday
2026-07-01,1,2026-07-01 09:30:00-04:00,2026-07-01 15:55:00-04:00,110.14,108.83999999999999,-1.3000000000000114,-65.00000000000057,-132.00000000000114,intraday
2026-07-02,1,2026-07-02 09:30:00-04:00,2026-07-02 15:55:00-04:00,109.34,111.69999999999999,2.359999999999985,117.99999999999926,233.99999999999852,intraday
2026-07-06,1,2026-07-06 09:30:00-04:00,2026-07-06 15:55:00-04:00,111.37,110.64999999999999,-0.7200000000000131,-36.000000000000654,-74.00000000000131,intraday
2026-07-07,1,2026-07-07 09:30:00-04:00,2026-07-07 15:55:00-04:00,112.96000000000001,111.53999999999999,-1.420000000000016,-71.0000000000008,-144.0000000000016,intraday
2026-07-08,1,2026-07-08 09:30:00-04:00,2026-07-08 15:55:00-04:00,113.16000000000001,113.03999999999999,-0.12000000000001876,-6.000000000000938,-14.000000000001876,intraday
2026-07-09,1,2026-07-09 09:30:00-04:00,2026-07-09 15:55:00-04:00,111.32000000000001,112.19,0.8699999999999903,43.49999999999952,84.99999999999903,intraday
2026-07-10,1,2026-07-10 09:30:00-04:00,2026-07-10 15:55:00-04:00,111.94000000000001,113.88,1.9399999999999835,96.99999999999918,191.99999999999835,intraday
2026-07-13,1,2026-07-13 09:30:00-04:00,2026-07-13 15:55:00-04:00,114.73,114.78,0.04999999999999716,2.499999999999858,2.999999999999716,intraday
2026-07-14,1,2026-07-14 09:30:00-04:00,2026-07-14 15:55:00-04:00,115.0,113.64999999999999,-1.3500000000000085,-67.50000000000043,-137.00000000000085,intraday
2026-07-15,1,2026-07-15 09:30:00-04:00,2026-07-15 15:55:00-04:00,113.26,112.50999999999999,-0.7500000000000142,-37.50000000000071,-77.00000000000142,intraday
2026-07-16,1,2026-07-16 09:30:00-04:00,2026-07-16 15:55:00-04:00,113.75,114.92,1.1700000000000017,58.500000000000085,115.00000000000017,intraday
2026-07-17,1,2026-07-17 09:30:00-04:00,2026-07-17 15:55:00-04:00,116.99000000000001,114.19999999999999,-2.7900000000000205,-139.50000000000102,-281.00000000000205,intraday
2026-07-20,1,2026-07-20 09:30:00-04:00,2026-07-20 15:55:00-04:00,113.97,112.19,-1.7800000000000011,-89.00000000000006,-180.0000000000001,intraday
2026-07-21,1,2026-07-21 09:30:00-04:00,2026-07-21 15:55:00-04:00,111.52000000000001,110.35,-1.170000000000016,-58.500000000000796,-119.00000000000159,intraday
2026-07-22,1,2026-07-22 09:30:00-04:00,2026-07-22 15:55:00-04:00,109.7,109.33,-0.37000000000000455,-18.500000000000227,-39.000000000000455,intraday
2026-07-23,1,2026-07-23 09:30:00-04:00,2026-07-23 15:55:00-04:00,107.51,108.36999999999999,0.8599999999999852,42.99999999999926,83.99999999999852,intraday
2026-07-24,1,2026-07-24 09:30:00-04:00,2026-07-24 15:55:00-04:00,108.13000000000001,109.44999999999999,1.319999999999979,65.99999999999895,129.9999999999979,intraday
2026-07-27,1,2026-07-27 09:30:00-04:00,2026-07-27 15:55:00-04:00,109.93,111.72999999999999,1.799999999999983,89.99999999999915,177.9999999999983,intraday
2026-07-28,1,2026-07-28 09:30:00-04:00,2026-07-28 15:55:00-04:00,113.97,113.07,-0.9000000000000057,-45.000000000000284,-92.00000000000057,intraday
2026-07-29,1,2026-07-29 09:30:00-04:00,2026-07-29 15:55:00-04:00,113.24000000000001,114.22,0.9799999999999898,48.99999999999949,95.99999999999898,intraday
2026-07-30,1,2026-07-30 09:30:00-04:00,2026-07-30 15:55:00-04:00,111.77000000000001,111.08999999999999,-0.680000000000021,-34.00000000000105,-70.0000000000021,intraday
2026-07-31,1,2026-07-31 09:30:00-04:00,2026-07-31 15:55:00-04:00,110.45,111.19999999999999,0.7499999999999858,37.49999999999929,72.99999999999858,intraday
2026-08-03,1,2026-08-03 09:30:00-04:00,2026-08-03 15:55:00-04:00,113.16000000000001,110.69999999999999,-2.460000000000022,-123.00000000000111,-248.00000000000222,intraday
2026-08-04,1,2026-08-04 09:30:00-04:00,2026-08-04 15:55:00-04:00,109.01,111.53999999999999,2.529999999999987,126.49999999999935,250.9999999999987,intraday
2026-08-05,1,2026-08-05 09:30:00-04:00,2026-08-05 15:55:00-04:00,112.46000000000001,112.33999999999999,-0.12000000000001876,-6.000000000000938,-14.000000000001876,intraday
2026-08-06,1,2026-08-06 09:30:00-04:00,2026-08-06 15:55:00-04:00,114.08,112.05999999999999,-2.0200000000000102,-101.00000000000051,-204.00000000000102,intraday
2026-08-07,1,2026-08-07 09:30:00-04:00,2026-08-07 15:55:00-04:00,110.71000000000001,111.82,1.1099999999999852,55.49999999999926,108.99999999999852,intraday
2026-08-10,1,2026-08-10 09:30:00-04:00,2026-08-10 15:55:00-04:00,111.09,112.66,1.5699999999999932,78.49999999999966,154.99999999999932,intraday
2026-08-11,1,2026-08-11 09:30:00-04:00,2026-08-11 15:55:00-04:00,112.43,113.25,0.8199999999999932,40.99999999999966,79.99999999999932,intraday
2026-08-12,1,2026-08-12 09:30:00-04:00,2026-08-12 15:55:00-04:00,112.37,116.00999999999999,3.6399999999999864,181.99999999999932,361.99999999999864,intraday
2026-08-13,1,2026-08-13 09:30:00-04:00,2026-08-13 15:55:00-04:00,116.18,115.72999999999999,-0.45000000000001705,-22.500000000000853,-47.000000000001705,intraday
2026-08-14,1,2026-08-14 09:30:00-04:00,2026-08-14 15:55:00-04:00,115.61,115.25999999999999,-0.3500000000000085,-17.500000000000426,-37.00000000000085,intraday
2026-08-17,1,2026-08-17 09:30:00-04:00,2026-08-17 15:55:00-04:00,114.34,114.32,-0.020000000000010232,-1.0000000000005116,-4.000000000001023,intraday
2026-08-18,1,2026-08-18 09:30:00-04:00,2026-08-18 15:55:00-04:00,116.31,115.19999999999999,-1.1100000000000136,-55.50000000000068,-113.00000000000136,intraday
2026-08-19,1,2026-08-19 09:30:00-04:00,2026-08-19 15:55:00-04:00,115.29,114.39,-0.9000000000000057,-45.000000000000284,-92.00000000000057,intraday
2026-08-20,1,2026-08-20 09:30:00-04:00,2026-08-20 15:55:00-04:00,106.39,103.82,-2.5700000000000074,-128.50000000000037,-259.00000000000074,intraday
2026-08-21,1,2026-08-21 09:30:00-04:00,2026-08-21 15:55:00-04:00,103.69000000000001,103.69999999999999,0.009999999999976694,0.4999999999988347,-1.0000000000023306,intraday
2026-08-24,1,2026-08-24 09:30:00-04:00,2026-08-24 15:55:00-04:00,104.15,106.52,2.3699999999999903,118.49999999999952,234.99999999999903,intraday
2026-08-25,1,2026-08-25 09:30:00-04:00,2026-08-25 15:55:00-04:00,105.75,105.36999999999999,-0.38000000000000966,-19.000000000000483,-40.000000000000966,intraday
2026-08-26,1,2026-08-26 09:30:00-04:00,2026-08-26 15:55:00-04:00,105.52000000000001,104.33999999999999,-1.180000000000021,-59.00000000000105,-120.0000000000021,intraday
2026-08-27,1,2026-08-27 09:30:00-04:00,2026-08-27 15:55:00-04:00,103.48,102.61999999999999,-0.8600000000000136,-43.00000000000068,-88.00000000000136,intraday
2026-08-28,1,2026-08-28 09:30:00-04:00,2026-08-28 15:55:00-04:00,103.10000000000001,103.1,-1.4210854715202004e-14,-7.105427357601002e-13,-2.000000000001421,intraday
2026-08-31,1,2026-08-31 09:30:00-04:00,2026-08-31 15:55:00-04:00,103.09,104.8,1.7099999999999937,85.49999999999969,168.99999999999937,intraday
2026-09-01,1,2026-09-01 09:30:00-04:00,2026-09-01 15:55:00-04:00,105.12,105.92,0.7999999999999972,39.99999999999986,77.99999999999972,intraday
2026-09-02,1,2026-09-02 09:30:00-04:00,2026-09-02 15:55:00-04:00,106.02000000000001,106.03999999999999,0.01999999999998181,0.9999999999990905,-1.8189894035458565e-12,intraday
2026-09-03,1,2026-09-03 09:30:00-04:00,2026-09-03 15:55:00-04:00,106.48,108.44,1.9599999999999937,97.99999999999969,193.99999999999937,intraday
2026-09-04,1,2026-09-04 09:30:00-04:00,2026-09-04 15:55:00-04:00,108.21000000000001,107.13,-1.0800000000000125,-54.000000000000625,-110.00000000000125,intraday
2026-09-08,1,2026-09-08 09:30:00-04:00,2026-09-08 15:55:00-04:00,106.79,106.07,-0.7200000000000131,-36.000000000000654,-74.00000000000131,intraday
2026-09-09,1,2026-09-09 09:30:00-04:00,2026-09-09 15:55:00-04:00,105.7,105.83999999999999,0.13999999999998636,6.999999999999318,11.999999999998636,intraday
2026-09-10,1,2026-09-10 09:30:00-04:00,2026-09-10 15:55:00-04:00,106.18,105.74,-0.44000000000001194,-22.000000000000597,-46.000000000001194,intraday
2026-09-11,1,2026-09-11 09:30:00-04:00,2026-09-11 15:55:00-04:00,106.21000000000001,107.11999999999999,0.9099999999999824,45.49999999999912,88.99999999999824,intraday
2026-09-14,1,2026-09-14 09:30:00-04:00,2026-09-14 15:55:00-04:00,107.95,109.08,1.1299999999999955,56.49999999999977,110.99999999999955,intraday
2026-09-15,1,2026-09-15 09:30:00-04:00,2026-09-15 15:55:00-04:00,108.76,108.08999999999999,-0.6700000000000159,-33.500000000000796,-69.00000000000159,intraday
2026-09-16,1,2026-09-16 09:30:00-04:00,2026-09-16 15:55:00-04:00,108.32000000000001,107.5,-0.8200000000000074,-41.00000000000037,-84.00000000000074,intraday
2026-09-17,1,2026-09-17 09:30:00-04:00,2026-09-17 15:55:00-04:00,107.94000000000001,106.77,-1.170000000000016,-58.500000000000796,-119.00000000000159,intraday
2026-09-18,1,2026-09-18 09:30:00-04:00,2026-09-18 15:55:00-04:00,106.25,106.69,0.4399999999999977,21.999999999999886,41.99999999999977,intraday
2026-09-21,1,2026-09-21 09:30:00-04:00,2026-09-21 15:55:00-04:00,106.17,107.44,1.269999999999996,63.4999999999998,124.9999999999996,intraday
2026-09-22,1,2026-09-22 09:30:00-04:00,2026-09-22 15:55:00-04:00,108.13000000000001,110.11,1.9799999999999898,98.99999999999949,195.99999999999898,intraday
2026-09-23,1,2026-09-23 09:30:00-04:00,2026-09-23 15:55:00-04:00,110.23,110.52,0.28999999999999204,14.499999999999602,26.999999999999204,intraday
2026-09-24,1,2026-09-24 09:30:00-04:00,2026-09-24 15:55:00-04:00,111.18,107.53999999999999,-3.640000000000015,-182.00000000000074,-366.0000000000015,intraday
