date,side,entry_time,exit_time,entry,exit,pts,r_mult,pnl,reason
2023-09-07,1,2023-09-07 09:30:00-04:00,2023-09-07 15:55:00-04:00,175.14999999999998,177.55,2.400000000000034,120.0000000000017,238.0000000000034,intraday
2023-09-08,1,2023-09-08 09:30:00-04:00,2023-09-08 15:55:00-04:00,178.41,178.18,-0.22999999999998977,-11.499999999999488,-24.999999999998977,intraday
2023-09-11,1,2023-09-11 09:30:00-04:00,2023-09-11 15:55:00-04:00,180.09,179.37,-0.7199999999999989,-35.99999999999994,-73.99999999999989,intraday
2023-09-12,1,2023-09-12 09:30:00-04:00,2023-09-12 15:55:00-04:00,179.5,176.3,-3.1999999999999886,-159.99999999999943,-321.99999999999886,intraday
2023-09-13,1,2023-09-13 09:30:00-04:00,2023-09-13 15:55:00-04:00,176.5,174.19,-2.3100000000000023,-115.50000000000011,-233.00000000000023,intraday
2023-09-14,1,2023-09-14 09:30:00-04:00,2023-09-14 15:55:00-04:00,174.01999999999998,175.72,1.700000000000017,85.00000000000085,168.0000000000017,intraday
2023-09-15,1,2023-09-15 09:30:00-04:00,2023-09-15 15:55:00-04:00,176.42,174.95000000000002,-1.4699999999999704,-73.49999999999852,-148.99999999999704,intraday
2023-09-18,1,2023-09-18 09:30:00-04:00,2023-09-18 15:55:00-04:00,176.57999999999998,177.97,1.3900000000000148,69.50000000000074,137.00000000000148,intraday
2023-09-19,1,2023-09-19 09:30:00-04:00,2023-09-19 15:55:00-04:00,177.53,179.08,1.5500000000000114,77.50000000000057,153.00000000000114,intraday
2023-09-20,1,2023-09-20 09:30:00-04:00,2023-09-20 15:55:00-04:00,179.31,175.47,-3.8400000000000034,-192.00000000000017,-386.00000000000034,intraday
2023-09-21,1,2023-09-21 09:30:00-04:00,2023-09-21 15:55:00-04:00,174.56,173.92000000000002,-0.6399999999999864,-31.999999999999318,-65.99999999999864,intraday
2023-09-22,1,2023-09-22 09:30:00-04:00,2023-09-22 15:55:00-04:00,174.67999999999998,174.73000000000002,0.05000000000003979,2.5000000000019895,3.000000000003979,intraday
2023-09-25,1,2023-09-25 09:30:00-04:00,2023-09-25 15:55:00-04:00,174.20999999999998,176.08,1.870000000000033,93.50000000000165,185.0000000000033,intraday
2023-09-26,1,2023-09-26 09:30:00-04:00,2023-09-26 15:55:00-04:00,174.73999999999998,171.89000000000001,-2.849999999999966,-142.4999999999983,-286.9999999999966,intraday
2023-09-27,1,2023-09-27 09:30:00-04:00,2023-09-27 15:55:00-04:00,172.57,170.42000000000002,-2.1499999999999773,-107.49999999999886,-216.99999999999773,intraday
2023-09-28,1,2023-09-28 09:30:00-04:00,2023-09-28 15:55:00-04:00,169.56,170.68,1.1200000000000045,56.00000000000023,110.00000000000045,intraday
2023-09-29,1,2023-09-29 09:30:00-04:00,2023-09-29 15:55:00-04:00,172.03,171.21,-0.8199999999999932,-40.99999999999966,-83.99999999999932,intraday
2023-10-02,1,2023-10-02 09:30:00-04:00,2023-10-02 15:55:00-04:00,171.29999999999998,173.74,2.440000000000026,122.00000000000131,242.00000000000261,intraday
2023-10-03,1,2023-10-03 09:30:00-04:00,2023-10-03 15:55:00-04:00,172.29999999999998,172.45000000000002,0.1500000000000341,7.500000000001705,13.00000000000341,intraday
2023-10-04,1,2023-10-04 09:30:00-04:00,2023-10-04 15:55:00-04:00,171.10999999999999,173.63,2.5200000000000102,126.00000000000051,250.00000000000102,intraday
2023-10-05,1,2023-10-05 09:30:00-04:00,2023-10-05 15:55:00-04:00,173.75,174.97,1.2199999999999989,60.99999999999994,119.99999999999989,intraday
2023-10-06,1,2023-10-06 09:30:00-04:00,2023-10-06 15:55:00-04:00,173.89999999999998,177.48000000000002,3.580000000000041,179.00000000000205,356.0000000000041,intraday
2023-10-09,1,2023-10-09 09:30:00-04:00,2023-10-09 15:55:00-04:00,176.85,178.99,2.140000000000015,107.00000000000074,212.00000000000148,intraday
2023-10-10,1,2023-10-10 09:30:00-04:00,2023-10-10 15:55:00-04:00,178.10999999999999,178.4,0.29000000000002046,14.500000000001023,27.000000000002046,intraday
2023-10-11,1,2023-10-11 09:30:00-04:00,2023-10-11 15:55:00-04:00,178.20999999999998,179.74,1.5300000000000296,76.50000000000148,151.00000000000296,intraday
2023-10-12,1,2023-10-12 09:30:00-04:00,2023-10-12 15:55:00-04:00,180.07999999999998,180.72,0.6400000000000148,32.00000000000074,62.00000000000148,intraday
2023-10-13,1,2023-10-13 09:30:00-04:00,2023-10-13 15:55:00-04:00,181.39999999999998,178.86,-2.5399999999999636,-126.99999999999818,-255.99999999999636,intraday
2023-10-16,1,2023-10-16 09:30:00-04:00,2023-10-16 15:55:00-04:00,176.76,178.67000000000002,1.910000000000025,95.50000000000125,189.0000000000025,intraday
2023-10-17,1,2023-10-17 09:30:00-04:00,2023-10-17 15:55:00-04:00,176.69,177.13,0.4399999999999977,21.999999999999886,41.99999999999977,intraday
2023-10-18,1,2023-10-18 09:30:00-04:00,2023-10-18 15:55:00-04:00,175.57999999999998,175.83,0.2500000000000284,12.500000000001421,23.000000000002842,intraday
2023-10-19,1,2023-10-19 09:30:00-04:00,2023-10-19 15:55:00-04:00,176.01,175.44,-0.5699999999999932,-28.49999999999966,-58.99999999999932,intraday
2023-10-20,1,2023-10-20 09:30:00-04:00,2023-10-20 15:55:00-04:00,175.38,172.83,-2.549999999999983,-127.49999999999915,-256.9999999999983,intraday
2023-10-23,1,2023-10-23 09:30:00-04:00,2023-10-23 15:55:00-04:00,170.98,172.95000000000002,1.9700000000000273,98.50000000000136,195.00000000000273,intraday
2023-10-24,1,2023-10-24 09:30:00-04:00,2023-10-24 15:55:00-04:00,173.01,173.38,0.37000000000000455,18.500000000000227,35.000000000000455,intraday
2023-10-25,1,2023-10-25 09:30:00-04:00,2023-10-25 15:55:00-04:00,171.92999999999998,171.08,-0.8499999999999659,-42.499999999998295,-86.99999999999659,intraday
2023-10-26,1,2023-10-26 09:30:00-04:00,2023-10-26 15:55:00-04:00,170.44,166.75,-3.6899999999999977,-184.4999999999999,-370.9999999999998,intraday
2023-10-27,1,2023-10-27 09:30:00-04:00,2023-10-27 15:55:00-04:00,166.92,168.27,1.3500000000000227,67.50000000000114,133.00000000000227,intraday
2023-10-30,1,2023-10-30 09:30:00-04:00,2023-10-30 15:55:00-04:00,169.03,170.22,1.1899999999999977,59.499999999999886,116.99999999999977,intraday
2023-10-31,1,2023-10-31 09:30:00-04:00,2023-10-31 15:55:00-04:00,169.28,170.78,1.5,75.0,148.0,intraday
2023-11-01,1,2023-11-01 09:30:00-04:00,2023-11-01 15:55:00-04:00,171.06,173.91,2.8499999999999943,142.49999999999972,282.99999999999943,intraday
2023-11-02,1,2023-11-02 09:30:00-04:00,2023-11-02 15:55:00-04:00,175.51,177.77,2.2600000000000193,113.00000000000097,224.00000000000193,intraday
2023-11-03,1,2023-11-03 09:30:00-04:00,2023-11-03 15:55:00-04:00,174.25,176.62,2.3700000000000045,118.50000000000023,235.00000000000045,intraday
2023-11-06,1,2023-11-06 09:30:00-05:00,2023-11-06 15:55:00-05:00,176.37,179.28,2.9099999999999966,145.49999999999983,288.99999999999966,intraday
2023-11-07,1,2023-11-07 09:30:00-05:00,2023-11-07 15:55:00-05:00,179.19,181.87,2.680000000000007,134.00000000000034,266.0000000000007,intraday
2023-11-08,1,2023-11-08 09:30:00-05:00,2023-11-08 15:55:00-05:00,182.42,182.88,0.46000000000000796,23.000000000000398,44.000000000000796,intraday
2023-11-09,1,2023-11-09 09:30:00-05:00,2023-11-09 15:55:00-05:00,182.97,182.43,-0.539999999999992,-26.999999999999602,-55.999999999999204,intraday
2023-11-10,1,2023-11-10 09:30:00-05:00,2023-11-10 15:55:00-05:00,183.98,186.33,2.3500000000000227,117.50000000000114,233.00000000000227,intraday
2023-11-13,1,2023-11-13 09:30:00-05:00,2023-11-13 15:55:00-05:00,185.78,184.76000000000002,-1.0199999999999818,-50.99999999999909,-103.99999999999818,intraday
2023-11-14,1,2023-11-14 09:30:00-05:00,2023-11-14 15:55:00-05:00,187.7,187.43,-0.2699999999999818,-13.49999999999909,-28.99999999999818,intraday
2023-11-15,1,2023-11-15 09:30:00-05:00,2023-11-15 15:55:00-05:00,187.85,188.08,0.2300000000000182,11.50000000000091,21.00000000000182,intraday
2023-11-16,1,2023-11-16 09:30:00-05:00,2023-11-16 15:55:00-05:00,189.54,189.76000000000002,0.22000000000002728,11.000000000001364,20.00000000000273,intraday
2023-11-17,1,2023-11-17 09:30:00-05:00,2023-11-17 15:55:00-05:00,190.26,189.70000000000002,-0.5599999999999739,-27.999999999998693,-57.999999999997385,intraday
2023-11-20,1,2023-11-20 09:30:00-05:00,2023-11-20 15:55:00-05:00,189.89999999999998,191.48000000000002,1.580000000000041,79.00000000000205,156.0000000000041,intraday
2023-11-21,1,2023-11-21 09:30:00-05:00,2023-11-21 15:55:00-05:00,191.47,190.65,-0.8199999999999932,-40.99999999999966,-83.99999999999932,intraday
2023-11-22,1,2023-11-22 09:30:00-05:00,2023-11-22 15:55:00-05:00,191.5,191.29000000000002,-0.20999999999997954,-10.499999999998977,-22.999999999997954,intraday
2023-11-27,1,2023-11-27 09:30:00-05:00,2023-11-27 15:55:00-05:00,189.92,189.76000000000002,-0.15999999999996817,-7.999999999998408,-17.999999999996817,intraday
2023-11-28,1,2023-11-28 09:30:00-05:00,2023-11-28 15:55:00-05:00,189.79,190.38,0.5900000000000034,29.50000000000017,57.00000000000034,intraday
2023-11-29,1,2023-11-29 09:30:00-05:00,2023-11-29 15:55:00-05:00,190.92,189.35000000000002,-1.5699999999999648,-78.49999999999824,-158.99999999999648,intraday
2023-11-30,1,2023-11-30 09:30:00-05:00,2023-11-30 15:55:00-05:00,189.85,189.94,0.09000000000000341,4.5000000000001705,7.000000000000341,intraday
2023-12-01,1,2023-12-01 09:30:00-05:00,2023-12-01 15:55:00-05:00,190.34,191.23000000000002,0.8900000000000148,44.50000000000074,87.00000000000148,intraday
2023-12-04,1,2023-12-04 09:30:00-05:00,2023-12-04 15:55:00-05:00,189.98999999999998,189.44,-0.549999999999983,-27.499999999999147,-56.999999999998295,intraday
2023-12-05,1,2023-12-05 09:30:00-05:00,2023-12-05 15:55:00-05:00,190.22,193.49,3.2700000000000102,163.5000000000005,325.000000000001,intraday
2023-12-06,1,2023-12-06 09:30:00-05:00,2023-12-06 15:55:00-05:00,194.45999999999998,192.3,-2.159999999999968,-107.99999999999841,-217.99999999999682,intraday
2023-12-07,1,2023-12-07 09:30:00-05:00,2023-12-07 15:55:00-05:00,193.64,194.23000000000002,0.5900000000000318,29.50000000000159,57.00000000000318,intraday
2023-12-08,1,2023-12-08 09:30:00-05:00,2023-12-08 15:55:00-05:00,194.09,195.71,1.6200000000000045,81.00000000000023,160.00000000000045,intraday
2023-12-11,1,2023-12-11 09:30:00-05:00,2023-12-11 15:55:00-05:00,193.23,193.17000000000002,-0.05999999999997385,-2.9999999999986926,-7.999999999997385,intraday
2023-12-12,1,2023-12-12 09:30:00-05:00,2023-12-12 15:55:00-05:00,192.92999999999998,194.66,1.7300000000000182,86.50000000000091,171.00000000000182,intraday
2023-12-13,1,2023-12-13 09:30:00-05:00,2023-12-13 15:55:00-05:00,195.09,197.86,2.7700000000000102,138.5000000000005,275.000000000001,intraday
2023-12-14,1,2023-12-14 09:30:00-05:00,2023-12-14 15:55:00-05:00,198.01999999999998,198.13,0.11000000000001364,5.500000000000682,9.000000000001364,intraday
2023-12-15,1,2023-12-15 09:30:00-05:00,2023-12-15 15:55:00-05:00,197.54,197.11,-0.4299999999999784,-21.49999999999892,-44.99999999999784,intraday
2023-12-18,1,2023-12-18 09:30:00-05:00,2023-12-18 15:55:00-05:00,196.12,195.85000000000002,-0.2699999999999818,-13.49999999999909,-28.99999999999818,intraday
2023-12-19,1,2023-12-19 09:30:00-05:00,2023-12-19 15:55:00-05:00,196.16,196.92000000000002,0.7600000000000193,38.000000000000966,74.00000000000193,intraday
2023-12-20,1,2023-12-20 09:30:00-05:00,2023-12-20 15:55:00-05:00,196.87,194.83,-2.039999999999992,-101.9999999999996,-205.9999999999992,intraday
2023-12-21,1,2023-12-21 09:30:00-05:00,2023-12-21 15:55:00-05:00,196.14,194.67000000000002,-1.4699999999999704,-73.49999999999852,-148.99999999999704,intraday
2023-12-22,1,2023-12-22 09:30:00-05:00,2023-12-22 15:55:00-05:00,195.17999999999998,193.52,-1.6599999999999682,-82.99999999999841,-167.99999999999682,intraday
2023-12-26,1,2023-12-26 09:30:00-05:00,2023-12-26 15:55:00-05:00,193.62,193.03,-0.5900000000000034,-29.50000000000017,-61.00000000000034,intraday
2023-12-27,1,2023-12-27 09:30:00-05:00,2023-12-27 15:55:00-05:00,192.5,193.16,0.6599999999999966,32.99999999999983,63.99999999999966,intraday
2023-12-28,1,2023-12-28 09:30:00-05:00,2023-12-28 15:55:00-05:00,194.1,193.61,-0.4899999999999807,-24.499999999999034,-50.99999999999807,intraday
2023-12-29,1,2023-12-29 09:30:00-05:00,2023-12-29 15:55:00-05:00,193.89,192.51000000000002,-1.379999999999967,-68.99999999999835,-139.9999999999967,intraday
2024-01-02,1,2024-01-02 09:30:00-05:00,2024-01-02 15:55:00-05:00,187.17999999999998,185.53,-1.6499999999999773,-82.49999999999886,-166.99999999999773,intraday
2024-01-03,1,2024-01-03 09:30:00-05:00,2024-01-03 15:55:00-05:00,184.29999999999998,184.24,-0.05999999999997385,-2.9999999999986926,-7.999999999997385,intraday
2024-01-04,1,2024-01-04 09:30:00-05:00,2024-01-04 15:55:00-05:00,182.17999999999998,181.91,-0.2699999999999818,-13.49999999999909,-28.99999999999818,intraday
2024-01-05,1,2024-01-05 09:30:00-05:00,2024-01-05 15:55:00-05:00,181.95,181.16,-0.789999999999992,-39.4999999999996,-80.9999999999992,intraday
2024-01-08,1,2024-01-08 09:30:00-05:00,2024-01-08 15:55:00-05:00,182.14999999999998,185.54000000000002,3.390000000000043,169.50000000000216,337.0000000000043,intraday
2024-01-09,1,2024-01-09 09:30:00-05:00,2024-01-09 15:55:00-05:00,183.92999999999998,185.10000000000002,1.1700000000000443,58.50000000000222,115.00000000000443,intraday
2024-01-10,1,2024-01-10 09:30:00-05:00,2024-01-10 15:55:00-05:00,184.32,186.12,1.8000000000000114,90.00000000000057,178.00000000000114,intraday
2024-01-11,1,2024-01-11 09:30:00-05:00,2024-01-11 15:55:00-05:00,186.54999999999998,185.57000000000002,-0.9799999999999613,-48.99999999999807,-99.99999999999613,intraday
2024-01-12,1,2024-01-12 09:30:00-05:00,2024-01-12 15:55:00-05:00,186.06,185.91,-0.15000000000000568,-7.500000000000284,-17.00000000000057,intraday
2024-01-16,1,2024-01-16 09:30:00-05:00,2024-01-16 15:55:00-05:00,182.26,183.60000000000002,1.3400000000000318,67.00000000000159,132.00000000000318,intraday
2024-01-17,1,2024-01-17 09:30:00-05:00,2024-01-17 15:55:00-05:00,181.34,182.65,1.3100000000000023,65.50000000000011,129.00000000000023,intraday
2024-01-18,1,2024-01-18 09:30:00-05:00,2024-01-18 15:55:00-05:00,186.2,188.71,2.5100000000000193,125.50000000000097,249.00000000000193,intraday
2024-01-19,1,2024-01-19 09:30:00-05:00,2024-01-19 15:55:00-05:00,189.41,191.57000000000002,2.160000000000025,108.00000000000125,214.0000000000025,intraday
2024-01-22,1,2024-01-22 09:30:00-05:00,2024-01-22 15:55:00-05:00,192.29999999999998,193.86,1.5600000000000307,78.00000000000153,154.00000000000307,intraday
2024-01-23,1,2024-01-23 09:30:00-05:00,2024-01-23 15:55:00-05:00,195.01999999999998,195.15,0.13000000000002387,6.500000000001194,11.000000000002387,intraday
2024-01-24,1,2024-01-24 09:30:00-05:00,2024-01-24 15:55:00-05:00,195.42,194.5,-0.9199999999999875,-45.999999999999375,-93.99999999999875,intraday
2024-01-25,1,2024-01-25 09:30:00-05:00,2024-01-25 15:55:00-05:00,195.23,194.18,-1.049999999999983,-52.49999999999915,-106.9999999999983,intraday
2024-01-26,1,2024-01-26 09:30:00-05:00,2024-01-26 15:55:00-05:00,194.26999999999998,192.4,-1.8699999999999761,-93.4999999999988,-188.9999999999976,intraday
2024-01-29,1,2024-01-29 09:30:00-05:00,2024-01-29 15:55:00-05:00,192.01999999999998,191.77,-0.24999999999997158,-12.499999999998579,-26.999999999997158,intraday
2024-01-30,1,2024-01-30 09:30:00-05:00,2024-01-30 15:55:00-05:00,190.95999999999998,187.98000000000002,-2.9799999999999613,-148.99999999999807,-299.99999999999613,intraday
2024-01-31,1,2024-01-31 09:30:00-05:00,2024-01-31 15:55:00-05:00,187.14,184.49,-2.6499999999999773,-132.49999999999886,-266.9999999999977,intraday
2024-02-01,1,2024-02-01 09:30:00-05:00,2024-02-01 15:55:00-05:00,184.01999999999998,186.88,2.8600000000000136,143.00000000000068,284.00000000000136,intraday
2024-02-02,1,2024-02-02 09:30:00-05:00,2024-02-02 15:55:00-05:00,179.88,185.83,5.950000000000017,297.50000000000085,593.0000000000017,intraday
2024-02-05,1,2024-02-05 09:30:00-05:00,2024-02-05 15:55:00-05:00,188.14,187.66,-0.47999999999998977,-23.99999999999949,-49.99999999999898,intraday
2024-02-06,1,2024-02-06 09:30:00-05:00,2024-02-06 15:55:00-05:00,186.91,189.28,2.3700000000000045,118.50000000000023,235.00000000000045,intraday
2024-02-07,1,2024-02-07 09:30:00-05:00,2024-02-07 15:55:00-05:00,190.62,189.4,-1.2199999999999989,-60.99999999999994,-123.99999999999989,intraday
2024-02-08,1,2024-02-08 09:30:00-05:00,2024-02-08 15:55:00-05:00,189.35999999999999,188.33,-1.0299999999999727,-51.499999999998636,-104.99999999999727,intraday
2024-02-09,1,2024-02-09 09:30:00-05:00,2024-02-09 15:55:00-05:00,188.64999999999998,188.81,0.160000000000025,8.00000000000125,14.000000000002501,intraday
2024-02-12,1,2024-02-12 09:30:00-05:00,2024-02-12 15:55:00-05:00,188.45,187.17000000000002,-1.2799999999999727,-63.999999999998636,-129.99999999999727,intraday
2024-02-13,1,2024-02-13 09:30:00-05:00,2024-02-13 15:55:00-05:00,185.81,185.02,-0.789999999999992,-39.4999999999996,-80.9999999999992,intraday
2024-02-14,1,2024-02-14 09:30:00-05:00,2024-02-14 15:55:00-05:00,185.32999999999998,184.01000000000002,-1.3199999999999648,-65.99999999999824,-133.99999999999648,intraday
2024-02-15,1,2024-02-15 09:30:00-05:00,2024-02-15 15:55:00-05:00,183.51,183.94,0.4300000000000068,21.50000000000034,41.00000000000068,intraday
2024-02-16,1,2024-02-16 09:30:00-05:00,2024-02-16 15:55:00-05:00,183.42999999999998,182.29000000000002,-1.139999999999958,-56.9999999999979,-115.9999999999958,intraday
2024-02-20,1,2024-02-20 09:30:00-05:00,2024-02-20 15:55:00-05:00,181.78,181.60000000000002,-0.1799999999999784,-8.99999999999892,-19.99999999999784,intraday
2024-02-21,1,2024-02-21 09:30:00-05:00,2024-02-21 15:55:00-05:00,181.95,182.32000000000002,0.37000000000003297,18.50000000000165,35.0000000000033,intraday
2024-02-22,1,2024-02-22 09:30:00-05:00,2024-02-22 15:55:00-05:00,183.56,184.36,0.8000000000000114,40.00000000000057,78.00000000000114,intraday
2024-02-23,1,2024-02-23 09:30:00-05:00,2024-02-23 15:55:00-05:00,185.01999999999998,182.5,-2.519999999999982,-125.99999999999909,-253.99999999999818,intraday
2024-02-26,1,2024-02-26 09:30:00-05:00,2024-02-26 15:55:00-05:00,182.34,181.14000000000001,-1.1999999999999886,-59.99999999999943,-121.99999999999886,intraday
2024-02-27,1,2024-02-27 09:30:00-05:00,2024-02-27 15:55:00-05:00,181.1,182.62,1.5200000000000102,76.00000000000051,150.00000000000102,intraday
2024-02-28,1,2024-02-28 09:30:00-05:00,2024-02-28 15:55:00-05:00,182.57999999999998,181.41,-1.1699999999999875,-58.499999999999375,-118.99999999999875,intraday
2024-02-29,1,2024-02-29 09:30:00-05:00,2024-02-29 15:55:00-05:00,181.26999999999998,180.72,-0.549999999999983,-27.499999999999147,-56.999999999998295,intraday
2024-03-01,1,2024-03-01 09:30:00-05:00,2024-03-01 15:55:00-05:00,179.57999999999998,179.63,0.05000000000001137,2.5000000000005684,3.000000000001137,intraday
2024-03-04,1,2024-03-04 09:30:00-05:00,2024-03-04 15:55:00-05:00,176.14999999999998,175.08,-1.0699999999999648,-53.49999999999824,-108.99999999999648,intraday
2024-03-05,1,2024-03-05 09:30:00-05:00,2024-03-05 15:55:00-05:00,170.76999999999998,170.13,-0.6399999999999864,-31.999999999999318,-65.99999999999864,intraday
2024-03-06,1,2024-03-06 09:30:00-05:00,2024-03-06 15:55:00-05:00,171.12,169.11,-2.009999999999991,-100.49999999999955,-202.9999999999991,intraday
2024-03-07,1,2024-03-07 09:30:00-05:00,2024-03-07 15:55:00-05:00,169.13,168.97,-0.1599999999999966,-7.9999999999998295,-17.99999999999966,intraday
2024-03-08,1,2024-03-08 09:30:00-05:00,2024-03-08 15:55:00-05:00,168.98999999999998,170.73000000000002,1.7400000000000375,87.00000000000188,172.00000000000375,intraday
2024-03-11,1,2024-03-11 09:30:00-04:00,2024-03-11 15:55:00-04:00,172.98999999999998,172.78,-0.20999999999997954,-10.499999999998977,-22.999999999997954,intraday
2024-03-12,1,2024-03-12 09:30:00-04:00,2024-03-12 15:55:00-04:00,173.2,173.21,0.010000000000019327,0.5000000000009663,-0.9999999999980673,intraday
2024-03-13,1,2024-03-13 09:30:00-04:00,2024-03-13 15:55:00-04:00,172.89,171.16,-1.7299999999999898,-86.49999999999949,-174.99999999999898,intraday
2024-03-14,1,2024-03-14 09:30:00-04:00,2024-03-14 15:55:00-04:00,173.01,173.07000000000002,0.060000000000030695,3.0000000000015348,4.0000000000030695,intraday
2024-03-15,1,2024-03-15 09:30:00-04:00,2024-03-15 15:55:00-04:00,171.17999999999998,172.56,1.3800000000000239,69.0000000000012,136.0000000000024,intraday
2024-03-18,1,2024-03-18 09:30:00-04:00,2024-03-18 15:55:00-04:00,175.57999999999998,173.70000000000002,-1.879999999999967,-93.99999999999835,-189.9999999999967,intraday
2024-03-19,1,2024-03-19 09:30:00-04:00,2024-03-19 15:55:00-04:00,174.35,176.07000000000002,1.7200000000000273,86.00000000000136,170.00000000000273,intraday
2024-03-20,1,2024-03-20 09:30:00-04:00,2024-03-20 15:55:00-04:00,175.73,178.64000000000001,2.910000000000025,145.50000000000125,289.0000000000025,intraday
2024-03-21,1,2024-03-21 09:30:00-04:00,2024-03-21 15:55:00-04:00,177.06,171.39000000000001,-5.6699999999999875,-283.4999999999994,-568.9999999999987,intraday
2024-03-22,1,2024-03-22 09:30:00-04:00,2024-03-22 15:55:00-04:00,171.7,172.24,0.5400000000000205,27.000000000001023,52.000000000002046,intraday
2024-03-25,1,2024-03-25 09:30:00-04:00,2024-03-25 15:55:00-04:00,170.57999999999998,170.85000000000002,0.27000000000003865,13.500000000001933,25.000000000003865,intraday
2024-03-26,1,2024-03-26 09:30:00-04:00,2024-03-26 15:55:00-04:00,170.03,169.8,-0.22999999999998977,-11.499999999999488,-24.999999999998977,intraday
2024-03-27,1,2024-03-27 09:30:00-04:00,2024-03-27 15:55:00-04:00,170.39999999999998,173.4,3.0000000000000284,150.00000000000142,298.00000000000284,intraday
2024-03-28,1,2024-03-28 09:30:00-04:00,2024-03-28 15:55:00-04:00,171.72,171.51000000000002,-0.20999999999997954,-10.499999999998977,-22.999999999997954,intraday
2024-04-01,1,2024-04-01 09:30:00-04:00,2024-04-01 15:55:00-04:00,171.14999999999998,169.99,-1.1599999999999682,-57.99999999999841,-117.99999999999682,intraday
2024-04-02,1,2024-04-02 09:30:00-04:00,2024-04-02 15:55:00-04:00,169.09,168.93,-0.1599999999999966,-7.9999999999998295,-17.99999999999966,intraday
2024-04-03,1,2024-04-03 09:30:00-04:00,2024-04-03 15:55:00-04:00,168.79999999999998,169.65,0.8500000000000227,42.50000000000114,83.00000000000227,intraday
2024-04-04,1,2024-04-04 09:30:00-04:00,2024-04-04 15:55:00-04:00,170.34,168.88,-1.460000000000008,-73.0000000000004,-148.0000000000008,intraday
2024-04-05,1,2024-04-05 09:30:00-04:00,2024-04-05 15:55:00-04:00,169.6,169.59,-0.009999999999990905,-0.49999999999954525,-2.9999999999990905,intraday
2024-04-08,1,2024-04-08 09:30:00-04:00,2024-04-08 15:55:00-04:00,169.0,168.45000000000002,-0.549999999999983,-27.499999999999147,-56.999999999998295,intraday
2024-04-09,1,2024-04-09 09:30:00-04:00,2024-04-09 15:55:00-04:00,168.78,169.68,0.9000000000000057,45.000000000000284,88.00000000000057,intraday
2024-04-10,1,2024-04-10 09:30:00-04:00,2024-04-10 15:55:00-04:00,168.81,167.74,-1.0699999999999932,-53.49999999999966,-108.99999999999932,intraday
2024-04-11,1,2024-04-11 09:30:00-04:00,2024-04-11 15:55:00-04:00,168.29,175.03,6.740000000000009,337.00000000000045,672.0000000000009,intraday
2024-04-12,1,2024-04-12 09:30:00-04:00,2024-04-12 15:55:00-04:00,174.26999999999998,176.55,2.2800000000000296,114.00000000000148,226.00000000000296,intraday
2024-04-15,1,2024-04-15 09:30:00-04:00,2024-04-15 15:55:00-04:00,175.37,172.68,-2.6899999999999977,-134.4999999999999,-270.9999999999998,intraday
2024-04-16,1,2024-04-16 09:30:00-04:00,2024-04-16 15:55:00-04:00,171.76,169.33,-2.4299999999999784,-121.49999999999892,-244.99999999999784,intraday
2024-04-17,1,2024-04-17 09:30:00-04:00,2024-04-17 15:55:00-04:00,169.57,167.99,-1.579999999999984,-78.9999999999992,-159.9999999999984,intraday
2024-04-18,1,2024-04-18 09:30:00-04:00,2024-04-18 15:55:00-04:00,168.07999999999998,167.02,-1.0599999999999739,-52.99999999999869,-107.99999999999739,intraday
2024-04-19,1,2024-04-19 09:30:00-04:00,2024-04-19 15:55:00-04:00,166.25,164.92000000000002,-1.329999999999984,-66.4999999999992,-134.9999999999984,intraday
2024-04-22,1,2024-04-22 09:30:00-04:00,2024-04-22 15:55:00-04:00,165.57999999999998,165.86,0.28000000000002956,14.000000000001478,26.000000000002956,intraday
2024-04-23,1,2024-04-23 09:30:00-04:00,2024-04-23 15:55:00-04:00,165.32,166.95000000000002,1.6300000000000239,81.5000000000012,161.0000000000024,intraday
2024-04-24,1,2024-04-24 09:30:00-04:00,2024-04-24 15:55:00-04:00,166.47,168.95000000000002,2.480000000000018,124.00000000000091,246.00000000000182,intraday
2024-04-25,1,2024-04-25 09:30:00-04:00,2024-04-25 15:55:00-04:00,169.54999999999998,169.89000000000001,0.34000000000003183,17.00000000000159,32.00000000000318,intraday
2024-04-26,1,2024-04-26 09:30:00-04:00,2024-04-26 15:55:00-04:00,169.84,169.28,-0.5600000000000023,-28.000000000000114,-58.00000000000023,intraday
2024-04-29,1,2024-04-29 09:30:00-04:00,2024-04-29 15:55:00-04:00,173.38,173.48000000000002,0.10000000000002274,5.000000000001137,8.000000000002274,intraday
2024-04-30,1,2024-04-30 09:30:00-04:00,2024-04-30 15:55:00-04:00,173.20999999999998,170.08,-3.129999999999967,-156.49999999999835,-314.9999999999967,intraday
2024-05-01,1,2024-05-01 09:30:00-04:00,2024-05-01 15:55:00-04:00,169.59,169.28,-0.3100000000000023,-15.500000000000114,-33.00000000000023,intraday
2024-05-02,1,2024-05-02 09:30:00-04:00,2024-05-02 15:55:00-04:00,172.44,173.07000000000002,0.6300000000000239,31.500000000001194,61.00000000000239,intraday
2024-05-03,1,2024-05-03 09:30:00-04:00,2024-05-03 15:55:00-04:00,186.66,183.38,-3.280000000000001,-164.00000000000006,-330.0000000000001,intraday
2024-05-06,1,2024-05-06 09:30:00-04:00,2024-05-06 15:55:00-04:00,182.41,181.69,-0.7199999999999989,-35.99999999999994,-73.99999999999989,intraday
2024-05-07,1,2024-05-07 09:30:00-04:00,2024-05-07 15:55:00-04:00,183.48999999999998,182.36,-1.129999999999967,-56.49999999999835,-114.9999999999967,intraday
2024-05-08,1,2024-05-08 09:30:00-04:00,2024-05-08 15:55:00-04:00,182.85999999999999,182.74,-0.11999999999997613,-5.999999999998806,-13.999999999997613,intraday
2024-05-09,1,2024-05-09 09:30:00-04:00,2024-05-09 15:55:00-04:00,182.57999999999998,184.63,2.0500000000000114,102.50000000000057,203.00000000000114,intraday
2024-05-10,1,2024-05-10 09:30:00-04:00,2024-05-10 15:55:00-04:00,184.92999999999998,182.98000000000002,-1.9499999999999602,-97.49999999999801,-196.99999999999602,intraday
2024-05-13,1,2024-05-13 09:30:00-04:00,2024-05-13 15:55:00-04:00,185.51,186.27,0.7600000000000193,38.000000000000966,74.00000000000193,intraday
2024-05-14,1,2024-05-14 09:30:00-04:00,2024-05-14 15:55:00-04:00,187.6,187.37,-0.22999999999998977,-11.499999999999488,-24.999999999998977,intraday
2024-05-15,1,2024-05-15 09:30:00-04:00,2024-05-15 15:55:00-04:00,187.84,189.73000000000002,1.8900000000000148,94.50000000000074,187.00000000000148,intraday
2024-05-16,1,2024-05-16 09:30:00-04:00,2024-05-16 15:55:00-04:00,190.45,189.89000000000001,-0.5599999999999739,-27.999999999998693,-57.999999999997385,intraday
2024-05-17,1,2024-05-17 09:30:00-04:00,2024-05-17 15:55:00-04:00,189.54,189.92000000000002,0.3800000000000239,19.000000000001194,36.00000000000239,intraday
2024-05-20,1,2024-05-20 09:30:00-04:00,2024-05-20 15:55:00-04:00,189.34,191.07000000000002,1.7300000000000182,86.50000000000091,171.00000000000182,intraday
2024-05-21,1,2024-05-21 09:30:00-04:00,2024-05-21 15:55:00-04:00,191.1,192.35000000000002,1.2500000000000284,62.50000000000142,123.00000000000284,intraday
2024-05-22,1,2024-05-22 09:30:00-04:00,2024-05-22 15:55:00-04:00,192.39,190.96,-1.4299999999999784,-71.49999999999892,-144.99999999999784,intraday
2024-05-23,1,2024-05-23 09:30:00-04:00,2024-05-23 15:55:00-04:00,190.98999999999998,186.9,-4.089999999999975,-204.49999999999875,-410.9999999999975,intraday
2024-05-24,1,2024-05-24 09:30:00-04:00,2024-05-24 15:55:00-04:00,188.82999999999998,189.99,1.160000000000025,58.00000000000125,114.0000000000025,intraday
2024-05-28,1,2024-05-28 09:30:00-04:00,2024-05-28 15:55:00-04:00,191.51999999999998,190.09,-1.4299999999999784,-71.49999999999892,-144.99999999999784,intraday
2024-05-29,1,2024-05-29 09:30:00-04:00,2024-05-29 15:55:00-04:00,189.67999999999998,190.36,0.6800000000000352,34.00000000000176,66.00000000000352,intraday
2024-05-30,1,2024-05-30 09:30:00-04:00,2024-05-30 15:55:00-04:00,190.79,191.28,0.4900000000000091,24.500000000000455,47.00000000000091,intraday
2024-05-31,1,2024-05-31 09:30:00-04:00,2024-05-31 15:55:00-04:00,191.37,192.46,1.0900000000000034,54.50000000000017,107.00000000000034,intraday
2024-06-03,1,2024-06-03 09:30:00-04:00,2024-06-03 15:55:00-04:00,193.01999999999998,194.08,1.0600000000000307,53.000000000001535,104.00000000000307,intraday
2024-06-04,1,2024-06-04 09:30:00-04:00,2024-06-04 15:55:00-04:00,194.62,194.35000000000002,-0.2699999999999818,-13.49999999999909,-28.99999999999818,intraday
2024-06-05,1,2024-06-05 09:30:00-04:00,2024-06-05 15:55:00-04:00,195.45,195.89000000000001,0.44000000000002615,22.000000000001307,42.000000000002615,intraday
2024-06-06,1,2024-06-06 09:30:00-04:00,2024-06-06 15:55:00-04:00,195.67999999999998,194.47,-1.2099999999999795,-60.49999999999898,-122.99999999999795,intraday
2024-06-07,1,2024-06-07 09:30:00-04:00,2024-06-07 15:55:00-04:00,194.66,196.89000000000001,2.230000000000018,111.50000000000091,221.00000000000182,intraday
2024-06-10,1,2024-06-10 09:30:00-04:00,2024-06-10 15:55:00-04:00,196.89,193.12,-3.769999999999982,-188.4999999999991,-378.9999999999982,intraday
2024-06-11,1,2024-06-11 09:30:00-04:00,2024-06-11 15:55:00-04:00,193.7,207.13,13.430000000000007,671.5000000000003,1341.0000000000007,intraday
2024-06-12,1,2024-06-12 09:30:00-04:00,2024-06-12 15:55:00-04:00,207.38,213.24,5.860000000000014,293.0000000000007,584.0000000000014,intraday
2024-06-13,1,2024-06-13 09:30:00-04:00,2024-06-13 15:55:00-04:00,214.75,214.12,-0.6299999999999955,-31.499999999999773,-64.99999999999955,intraday
2024-06-14,1,2024-06-14 09:30:00-04:00,2024-06-14 15:55:00-04:00,213.82999999999998,212.51000000000002,-1.3199999999999648,-65.99999999999824,-133.99999999999648,intraday
2024-06-17,1,2024-06-17 09:30:00-04:00,2024-06-17 15:55:00-04:00,213.37,216.70000000000002,3.3300000000000125,166.50000000000063,331.00000000000125,intraday
2024-06-18,1,2024-06-18 09:30:00-04:00,2024-06-18 15:55:00-04:00,217.62,214.37,-3.25,-162.5,-327.0,intraday
2024-06-20,1,2024-06-20 09:30:00-04:00,2024-06-20 15:55:00-04:00,213.97,209.67000000000002,-4.299999999999983,-214.99999999999915,-431.9999999999983,intraday
2024-06-21,1,2024-06-21 09:30:00-04:00,2024-06-21 15:55:00-04:00,210.45999999999998,207.11,-3.349999999999966,-167.4999999999983,-336.9999999999966,intraday
2024-06-24,1,2024-06-24 09:30:00-04:00,2024-06-24 15:55:00-04:00,207.67999999999998,208.14000000000001,0.4600000000000364,23.00000000000182,44.00000000000364,intraday
2024-06-25,1,2024-06-25 09:30:00-04:00,2024-06-25 15:55:00-04:00,209.14999999999998,209.07000000000002,-0.07999999999995566,-3.999999999997783,-9.999999999995566,intraday
2024-06-26,1,2024-06-26 09:30:00-04:00,2024-06-26 15:55:00-04:00,211.51,213.11,1.6000000000000227,80.00000000000114,158.00000000000227,intraday
2024-06-27,1,2024-06-27 09:30:00-04:00,2024-06-27 15:55:00-04:00,214.70999999999998,214.10000000000002,-0.6099999999999568,-30.49999999999784,-62.99999999999568,intraday
2024-06-28,1,2024-06-28 09:30:00-04:00,2024-06-28 15:55:00-04:00,215.79999999999998,210.60000000000002,-5.19999999999996,-259.999999999998,-521.999999999996,intraday
2024-07-01,1,2024-07-01 09:30:00-04:00,2024-07-01 15:55:00-04:00,212.1,216.72,4.6200000000000045,231.00000000000023,460.00000000000045,intraday
2024-07-02,1,2024-07-02 09:30:00-04:00,2024-07-02 15:55:00-04:00,216.16,220.36,4.200000000000017,210.00000000000085,418.0000000000017,intraday
2024-07-05,1,2024-07-05 09:30:00-04:00,2024-07-05 15:55:00-04:00,221.66,226.31,4.650000000000006,232.50000000000028,463.00000000000057,intraday
2024-07-08,1,2024-07-08 09:30:00-04:00,2024-07-08 15:55:00-04:00,227.1,227.79000000000002,0.6900000000000261,34.50000000000131,67.00000000000261,intraday
2024-07-09,1,2024-07-09 09:30:00-04:00,2024-07-09 15:55:00-04:00,227.89,228.69,0.8000000000000114,40.00000000000057,78.00000000000114,intraday
2024-07-10,1,2024-07-10 09:30:00-04:00,2024-07-10 15:55:00-04:00,229.28,232.9,3.6200000000000045,181.00000000000023,360.00000000000045,intraday
2024-07-11,1,2024-07-11 09:30:00-04:00,2024-07-11 15:55:00-04:00,231.22,227.55,-3.6699999999999875,-183.49999999999937,-368.99999999999875,intraday
2024-07-12,1,2024-07-12 09:30:00-04:00,2024-07-12 15:55:00-04:00,228.92999999999998,230.55,1.620000000000033,81.00000000000165,160.0000000000033,intraday
2024-07-15,1,2024-07-15 09:30:00-04:00,2024-07-15 15:55:00-04:00,236.48,234.41,-2.069999999999993,-103.49999999999966,-208.99999999999932,intraday
2024-07-16,1,2024-07-16 09:30:00-04:00,2024-07-16 15:55:00-04:00,235.01,234.8,-0.20999999999997954,-10.499999999998977,-22.999999999997954,intraday
2024-07-17,1,2024-07-17 09:30:00-04:00,2024-07-17 15:55:00-04:00,229.47,228.88,-0.5900000000000034,-29.50000000000017,-61.00000000000034,intraday
2024-07-18,1,2024-07-18 09:30:00-04:00,2024-07-18 15:55:00-04:00,230.14999999999998,224.18,-5.96999999999997,-298.4999999999985,-598.999999999997,intraday
2024-07-19,1,2024-07-19 09:30:00-04:00,2024-07-19 15:55:00-04:00,224.85,224.37,-0.47999999999998977,-23.99999999999949,-49.99999999999898,intraday
2024-07-22,1,2024-07-22 09:30:00-04:00,2024-07-22 15:55:00-04:00,227.0,223.92000000000002,-3.079999999999984,-153.9999999999992,-309.9999999999984,intraday
2024-07-23,1,2024-07-23 09:30:00-04:00,2024-07-23 15:55:00-04:00,224.38,224.97,0.5900000000000034,29.50000000000017,57.00000000000034,intraday
2024-07-24,1,2024-07-24 09:30:00-04:00,2024-07-24 15:55:00-04:00,224.07,218.56,-5.509999999999991,-275.49999999999955,-552.9999999999991,intraday
2024-07-25,1,2024-07-25 09:30:00-04:00,2024-07-25 15:55:00-04:00,218.88,217.48000000000002,-1.3999999999999773,-69.99999999999886,-141.99999999999773,intraday
2024-07-26,1,2024-07-26 09:30:00-04:00,2024-07-26 15:55:00-04:00,218.7,218.09,-0.6099999999999852,-30.49999999999926,-62.99999999999852,intraday
2024-07-29,1,2024-07-29 09:30:00-04:00,2024-07-29 15:55:00-04:00,216.97,218.23000000000002,1.2600000000000193,63.000000000000966,124.00000000000193,intraday
2024-07-30,1,2024-07-30 09:30:00-04:00,2024-07-30 15:55:00-04:00,219.20999999999998,218.78,-0.4299999999999784,-21.49999999999892,-44.99999999999784,intraday
2024-07-31,1,2024-07-31 09:30:00-04:00,2024-07-31 15:55:00-04:00,221.45,221.98000000000002,0.5300000000000296,26.500000000001478,51.000000000002956,intraday
2024-08-01,1,2024-08-01 09:30:00-04:00,2024-08-01 15:55:00-04:00,224.38,218.27,-6.109999999999985,-305.49999999999926,-612.9999999999985,intraday
2024-08-02,1,2024-08-02 09:30:00-04:00,2024-08-02 15:55:00-04:00,219.16,219.79000000000002,0.6300000000000239,31.500000000001194,61.00000000000239,intraday
2024-08-05,1,2024-08-05 09:30:00-04:00,2024-08-05 15:55:00-04:00,199.1,209.19,10.090000000000003,504.50000000000017,1007.0000000000003,intraday
2024-08-06,1,2024-08-06 09:30:00-04:00,2024-08-06 15:55:00-04:00,205.32,207.12,1.8000000000000114,90.00000000000057,178.00000000000114,intraday
2024-08-07,1,2024-08-07 09:30:00-04:00,2024-08-07 15:55:00-04:00,206.95,209.85000000000002,2.900000000000034,145.0000000000017,288.0000000000034,intraday
2024-08-08,1,2024-08-08 09:30:00-04:00,2024-08-08 15:55:00-04:00,213.12,213.33,0.21000000000000796,10.500000000000398,19.000000000000796,intraday
2024-08-09,1,2024-08-09 09:30:00-04:00,2024-08-09 15:55:00-04:00,212.10999999999999,216.29000000000002,4.180000000000035,209.00000000000176,416.0000000000035,intraday
2024-08-12,1,2024-08-12 09:30:00-04:00,2024-08-12 15:55:00-04:00,216.14999999999998,217.52,1.370000000000033,68.50000000000165,135.0000000000033,intraday
2024-08-13,1,2024-08-13 09:30:00-04:00,2024-08-13 15:55:00-04:00,219.07,221.26000000000002,2.190000000000026,109.50000000000131,217.00000000000261,intraday
2024-08-14,1,2024-08-14 09:30:00-04:00,2024-08-14 15:55:00-04:00,220.42999999999998,221.61,1.1800000000000352,59.00000000000176,116.00000000000352,intraday
2024-08-15,1,2024-08-15 09:30:00-04:00,2024-08-15 15:55:00-04:00,224.5,224.70000000000002,0.20000000000001705,10.000000000000853,18.000000000001705,intraday
2024-08-16,1,2024-08-16 09:30:00-04:00,2024-08-16 15:55:00-04:00,223.79,226.09,2.3000000000000114,115.00000000000057,228.00000000000114,intraday
2024-08-19,1,2024-08-19 09:30:00-04:00,2024-08-19 15:55:00-04:00,225.67999999999998,225.9,0.22000000000002728,11.000000000001364,20.00000000000273,intraday
2024-08-20,1,2024-08-20 09:30:00-04:00,2024-08-20 15:55:00-04:00,225.76,226.52,0.7600000000000193,38.000000000000966,74.00000000000193,intraday
2024-08-21,1,2024-08-21 09:30:00-04:00,2024-08-21 15:55:00-04:00,226.51999999999998,226.35000000000002,-0.16999999999995907,-8.499999999997954,-18.999999999995907,intraday
2024-08-22,1,2024-08-22 09:30:00-04:00,2024-08-22 15:55:00-04:00,227.78,224.53,-3.25,-162.5,-327.0,intraday
2024-08-23,1,2024-08-23 09:30:00-04:00,2024-08-23 15:55:00-04:00,225.79999999999998,226.76000000000002,0.9600000000000364,48.00000000000182,94.00000000000364,intraday
2024-08-26,1,2024-08-26 09:30:00-04:00,2024-08-26 15:55:00-04:00,226.76999999999998,227.21,0.44000000000002615,22.000000000001307,42.000000000002615,intraday
2024-08-27,1,2024-08-27 09:30:00-04:00,2024-08-27 15:55:00-04:00,226.01,228.13,2.1200000000000045,106.00000000000023,210.00000000000045,intraday
2024-08-28,1,2024-08-28 09:30:00-04:00,2024-08-28 15:55:00-04:00,227.92999999999998,226.48000000000002,-1.4499999999999602,-72.49999999999801,-146.99999999999602,intraday
2024-08-29,1,2024-08-29 09:30:00-04:00,2024-08-29 15:55:00-04:00,230.10999999999999,229.8,-0.30999999999997385,-15.499999999998693,-32.999999999997385,intraday
2024-08-30,1,2024-08-30 09:30:00-04:00,2024-08-30 15:55:00-04:00,230.2,228.85000000000002,-1.349999999999966,-67.4999999999983,-136.9999999999966,intraday
2024-09-03,1,2024-09-03 09:30:00-04:00,2024-09-03 15:55:00-04:00,228.63,222.75,-5.8799999999999955,-293.9999999999998,-589.9999999999995,intraday
2024-09-04,1,2024-09-04 09:30:00-04:00,2024-09-04 15:55:00-04:00,221.70999999999998,220.78,-0.9299999999999784,-46.49999999999892,-94.99999999999784,intraday
2024-09-05,1,2024-09-05 09:30:00-04:00,2024-09-05 15:55:00-04:00,221.73999999999998,222.39000000000001,0.6500000000000341,32.500000000001705,63.00000000000341,intraday
2024-09-06,1,2024-09-06 09:30:00-04:00,2024-09-06 15:55:00-04:00,224.01,220.94,-3.069999999999993,-153.49999999999966,-308.9999999999993,intraday
2024-09-09,1,2024-09-09 09:30:00-04:00,2024-09-09 15:55:00-04:00,220.84,220.98000000000002,0.14000000000001478,7.000000000000739,12.000000000001478,intraday
2024-09-10,1,2024-09-10 09:30:00-04:00,2024-09-10 15:55:00-04:00,218.91,220.16,1.25,62.5,123.0,intraday
2024-09-11,1,2024-09-11 09:30:00-04:00,2024-09-11 15:55:00-04:00,221.5,222.85000000000002,1.3500000000000227,67.50000000000114,133.00000000000227,intraday
2024-09-12,1,2024-09-12 09:30:00-04:00,2024-09-12 15:55:00-04:00,222.51999999999998,222.84,0.3200000000000216,16.00000000000108,30.00000000000216,intraday
2024-09-13,1,2024-09-13 09:30:00-04:00,2024-09-13 15:55:00-04:00,223.62,222.45000000000002,-1.1699999999999875,-58.499999999999375,-118.99999999999875,intraday
2024-09-16,1,2024-09-16 09:30:00-04:00,2024-09-16 15:55:00-04:00,216.53,216.29000000000002,-0.23999999999998067,-11.999999999999034,-25.999999999998067,intraday
2024-09-17,1,2024-09-17 09:30:00-04:00,2024-09-17 15:55:00-04:00,215.76,216.84,1.0800000000000125,54.000000000000625,106.00000000000125,intraday
2024-09-18,1,2024-09-18 09:30:00-04:00,2024-09-18 15:55:00-04:00,217.56,220.68,3.1200000000000045,156.00000000000023,310.00000000000045,intraday
2024-09-19,1,2024-09-19 09:30:00-04:00,2024-09-19 15:55:00-04:00,225.01,228.84,3.8300000000000125,191.50000000000063,381.00000000000125,intraday
2024-09-20,1,2024-09-20 09:30:00-04:00,2024-09-20 15:55:00-04:00,229.98,228.53,-1.4499999999999886,-72.49999999999943,-146.99999999999886,intraday
2024-09-23,1,2024-09-23 09:30:00-04:00,2024-09-23 15:55:00-04:00,227.35,226.44,-0.9099999999999966,-45.49999999999983,-92.99999999999966,intraday
2024-09-24,1,2024-09-24 09:30:00-04:00,2024-09-24 15:55:00-04:00,228.6,227.35000000000002,-1.2499999999999716,-62.49999999999858,-126.99999999999716,intraday
2024-09-25,1,2024-09-25 09:30:00-04:00,2024-09-25 15:55:00-04:00,225.01999999999998,226.3,1.2800000000000296,64.00000000000148,126.00000000000296,intraday
2024-09-26,1,2024-09-26 09:30:00-04:00,2024-09-26 15:55:00-04:00,227.32,227.73000000000002,0.410000000000025,20.50000000000125,39.0000000000025,intraday
2024-09-27,1,2024-09-27 09:30:00-04:00,2024-09-27 15:55:00-04:00,228.48999999999998,227.73000000000002,-0.7599999999999625,-37.999999999998124,-77.99999999999625,intraday
2024-09-30,1,2024-09-30 09:30:00-04:00,2024-09-30 15:55:00-04:00,230.04999999999998,232.99,2.940000000000026,147.0000000000013,292.0000000000026,intraday
2024-10-01,1,2024-10-01 09:30:00-04:00,2024-10-01 15:55:00-04:00,229.53,226.25,-3.280000000000001,-164.00000000000006,-330.0000000000001,intraday
2024-10-02,1,2024-10-02 09:30:00-04:00,2024-10-02 15:55:00-04:00,225.89999999999998,226.8,0.9000000000000341,45.000000000001705,88.00000000000341,intraday
2024-10-03,1,2024-10-03 09:30:00-04:00,2024-10-03 15:55:00-04:00,225.14999999999998,225.64000000000001,0.4900000000000375,24.500000000001876,47.00000000000375,intraday
2024-10-04,1,2024-10-04 09:30:00-04:00,2024-10-04 15:55:00-04:00,227.91,226.79000000000002,-1.1199999999999761,-55.999999999998806,-113.99999999999761,intraday
2024-10-07,1,2024-10-07 09:30:00-04:00,2024-10-07 15:55:00-04:00,224.5,221.71,-2.789999999999992,-139.4999999999996,-280.9999999999992,intraday
2024-10-08,1,2024-10-08 09:30:00-04:00,2024-10-08 15:55:00-04:00,224.26,225.77,1.5100000000000193,75.50000000000097,149.00000000000193,intraday
2024-10-09,1,2024-10-09 09:30:00-04:00,2024-10-09 15:55:00-04:00,225.32,229.49,4.170000000000016,208.5000000000008,415.0000000000016,intraday
2024-10-10,1,2024-10-10 09:30:00-04:00,2024-10-10 15:55:00-04:00,227.81,229.02,1.210000000000008,60.5000000000004,119.0000000000008,intraday
2024-10-11,1,2024-10-11 09:30:00-04:00,2024-10-11 15:55:00-04:00,229.5,227.51000000000002,-1.9899999999999807,-99.49999999999903,-200.99999999999807,intraday
2024-10-14,1,2024-10-14 09:30:00-04:00,2024-10-14 15:55:00-04:00,228.70999999999998,231.39000000000001,2.6800000000000352,134.00000000000176,266.0000000000035,intraday
2024-10-15,1,2024-10-15 09:30:00-04:00,2024-10-15 15:55:00-04:00,233.60999999999999,233.79000000000002,0.18000000000003524,9.000000000001762,16.000000000003524,intraday
2024-10-16,1,2024-10-16 09:30:00-04:00,2024-10-16 15:55:00-04:00,231.72,231.74,0.020000000000010232,1.0000000000005116,1.0231815394945443e-12,intraday
2024-10-17,1,2024-10-17 09:30:00-04:00,2024-10-17 15:55:00-04:00,233.44,232.25,-1.1899999999999977,-59.499999999999886,-120.99999999999977,intraday
2024-10-18,1,2024-10-18 09:30:00-04:00,2024-10-18 15:55:00-04:00,236.19,234.97,-1.2199999999999989,-60.99999999999994,-123.99999999999989,intraday
2024-10-21,1,2024-10-21 09:30:00-04:00,2024-10-21 15:55:00-04:00,234.51,236.56,2.0500000000000114,102.50000000000057,203.00000000000114,intraday
2024-10-22,1,2024-10-22 09:30:00-04:00,2024-10-22 15:55:00-04:00,233.89,235.85000000000002,1.9600000000000364,98.00000000000182,194.00000000000364,intraday
2024-10-23,1,2024-10-23 09:30:00-04:00,2024-10-23 15:55:00-04:00,234.14,230.74,-3.3999999999999773,-169.99999999999886,-341.9999999999977,intraday
2024-10-24,1,2024-10-24 09:30:00-04:00,2024-10-24 15:55:00-04:00,229.98999999999998,230.56,0.5700000000000216,28.50000000000108,55.00000000000216,intraday
2024-10-25,1,2024-10-25 09:30:00-04:00,2024-10-25 15:55:00-04:00,229.75,231.34,1.5900000000000034,79.50000000000017,157.00000000000034,intraday
2024-10-28,1,2024-10-28 09:30:00-04:00,2024-10-28 15:55:00-04:00,233.35,233.48000000000002,0.13000000000002387,6.500000000001194,11.000000000002387,intraday
2024-10-29,1,2024-10-29 09:30:00-04:00,2024-10-29 15:55:00-04:00,233.26999999999998,233.74,0.4700000000000273,23.500000000001364,45.00000000000273,intraday
2024-10-30,1,2024-10-30 09:30:00-04:00,2024-10-30 15:55:00-04:00,232.64,230.13,-2.509999999999991,-125.49999999999955,-252.9999999999991,intraday
2024-10-31,1,2024-10-31 09:30:00-04:00,2024-10-31 15:55:00-04:00,229.51999999999998,225.38,-4.139999999999986,-206.99999999999932,-415.99999999999864,intraday
2024-11-01,1,2024-11-01 09:30:00-04:00,2024-11-01 15:55:00-04:00,221.01,222.84,1.8300000000000125,91.50000000000063,181.00000000000125,intraday
2024-11-04,1,2024-11-04 09:30:00-05:00,2024-11-04 15:55:00-05:00,220.94,222.11,1.170000000000016,58.500000000000796,115.00000000000159,intraday
2024-11-05,1,2024-11-05 09:30:00-05:00,2024-11-05 15:55:00-05:00,221.81,223.45000000000002,1.6400000000000148,82.00000000000074,162.00000000000148,intraday
2024-11-06,1,2024-11-06 09:30:00-05:00,2024-11-06 15:55:00-05:00,222.59,222.62,0.030000000000001137,1.5000000000000568,1.0000000000001137,intraday
2024-11-07,1,2024-11-07 09:30:00-05:00,2024-11-07 15:55:00-05:00,224.64,227.68,3.0400000000000205,152.00000000000102,302.00000000000205,intraday
2024-11-08,1,2024-11-08 09:30:00-05:00,2024-11-08 15:55:00-05:00,227.17999999999998,227.15,-0.029999999999972715,-1.4999999999986358,-4.9999999999972715,intraday
2024-11-11,1,2024-11-11 09:30:00-05:00,2024-11-11 15:55:00-05:00,225.0,224.23000000000002,-0.7699999999999818,-38.49999999999909,-78.99999999999818,intraday
2024-11-12,1,2024-11-12 09:30:00-05:00,2024-11-12 15:55:00-05:00,224.44,224.23000000000002,-0.20999999999997954,-10.499999999998977,-22.999999999997954,intraday
2024-11-13,1,2024-11-13 09:30:00-05:00,2024-11-13 15:55:00-05:00,224.01999999999998,225.21,1.1900000000000261,59.50000000000131,117.00000000000261,intraday
2024-11-14,1,2024-11-14 09:30:00-05:00,2024-11-14 15:55:00-05:00,225.12,228.18,3.0600000000000023,153.0000000000001,304.0000000000002,intraday
2024-11-15,1,2024-11-15 09:30:00-05:00,2024-11-15 15:55:00-05:00,225.70999999999998,225.05,-0.6599999999999682,-32.99999999999841,-67.99999999999682,intraday
2024-11-18,1,2024-11-18 09:30:00-05:00,2024-11-18 15:55:00-05:00,225.23,227.98000000000002,2.7500000000000284,137.50000000000142,273.00000000000284,intraday
2024-11-19,1,2024-11-19 09:30:00-05:00,2024-11-19 15:55:00-05:00,226.66,228.33,1.670000000000016,83.5000000000008,165.0000000000016,intraday
2024-11-20,1,2024-11-20 09:30:00-05:00,2024-11-20 15:55:00-05:00,228.07,228.99,0.9200000000000159,46.000000000000796,90.00000000000159,intraday
2024-11-21,1,2024-11-21 09:30:00-05:00,2024-11-21 15:55:00-05:00,228.85999999999999,228.5,-0.3599999999999852,-17.99999999999926,-37.99999999999852,intraday
2024-11-22,1,2024-11-22 09:30:00-05:00,2024-11-22 15:55:00-05:00,228.29999999999998,229.75,1.450000000000017,72.50000000000085,143.0000000000017,intraday
2024-11-25,1,2024-11-25 09:30:00-05:00,2024-11-25 15:55:00-05:00,231.45999999999998,232.87,1.410000000000025,70.50000000000125,139.0000000000025,intraday
2024-11-26,1,2024-11-26 09:30:00-05:00,2024-11-26 15:55:00-05:00,233.35999999999999,235.07000000000002,1.7100000000000364,85.50000000000182,169.00000000000364,intraday
2024-11-27,1,2024-11-27 09:30:00-05:00,2024-11-27 15:55:00-05:00,234.45,234.98000000000002,0.5300000000000296,26.500000000001478,51.000000000002956,intraday
2024-12-02,1,2024-12-02 09:30:00-05:00,2024-12-02 15:55:00-05:00,237.28,239.59,2.3100000000000023,115.50000000000011,229.00000000000023,intraday
2024-12-03,1,2024-12-03 09:30:00-05:00,2024-12-03 15:55:00-05:00,239.82999999999998,242.63,2.8000000000000114,140.00000000000057,278.00000000000114,intraday
2024-12-04,1,2024-12-04 09:30:00-05:00,2024-12-04 15:55:00-05:00,242.88,243.01000000000002,0.13000000000002387,6.500000000001194,11.000000000002387,intraday
2024-12-05,1,2024-12-05 09:30:00-05:00,2024-12-05 15:55:00-05:00,244.0,243.07000000000002,-0.9299999999999784,-46.49999999999892,-94.99999999999784,intraday
2024-12-06,1,2024-12-06 09:30:00-05:00,2024-12-06 15:55:00-05:00,242.92,242.82000000000002,-0.0999999999999659,-4.999999999998295,-11.99999999999659,intraday
2024-12-09,1,2024-12-09 09:30:00-05:00,2024-12-09 15:55:00-05:00,241.91,246.8,4.890000000000015,244.50000000000074,487.0000000000015,intraday
2024-12-10,1,2024-12-10 09:30:00-05:00,2024-12-10 15:55:00-05:00,246.92,247.79000000000002,0.870000000000033,43.50000000000165,85.0000000000033,intraday
2024-12-11,1,2024-12-11 09:30:00-05:00,2024-12-11 15:55:00-05:00,247.95,246.42000000000002,-1.5299999999999727,-76.49999999999864,-154.99999999999727,intraday
2024-12-12,1,2024-12-12 09:30:00-05:00,2024-12-12 15:55:00-05:00,246.89999999999998,247.94,1.0400000000000205,52.00000000000102,102.00000000000205,intraday
2024-12-13,1,2024-12-13 09:30:00-05:00,2024-12-13 15:55:00-05:00,247.85,248.10000000000002,0.2500000000000284,12.500000000001421,23.000000000002842,intraday
2024-12-16,1,2024-12-16 09:30:00-05:00,2024-12-16 15:55:00-05:00,248.0,251.02,3.0200000000000102,151.0000000000005,300.000000000001,intraday
2024-12-17,1,2024-12-17 09:30:00-05:00,2024-12-17 15:55:00-05:00,250.2,253.47,3.2700000000000102,163.5000000000005,325.000000000001,intraday
2024-12-18,1,2024-12-18 09:30:00-05:00,2024-12-18 15:55:00-05:00,252.17,247.94,-4.22999999999999,-211.4999999999995,-424.999999999999,intraday
2024-12-19,1,2024-12-19 09:30:00-05:00,2024-12-19 15:55:00-05:00,247.48999999999998,249.84,2.3500000000000227,117.50000000000114,233.00000000000227,intraday
2024-12-20,1,2024-12-20 09:30:00-05:00,2024-12-20 15:55:00-05:00,248.04999999999998,254.58,6.53000000000003,326.5000000000015,651.000000000003,intraday
2024-12-23,1,2024-12-23 09:30:00-05:00,2024-12-23 15:55:00-05:00,254.78,255.35000000000002,0.5700000000000216,28.50000000000108,55.00000000000216,intraday
2024-12-26,1,2024-12-26 09:30:00-05:00,2024-12-26 15:55:00-05:00,258.2,259.09000000000003,0.8900000000000432,44.50000000000216,87.00000000000432,intraday
2024-12-27,1,2024-12-27 09:30:00-05:00,2024-12-27 15:55:00-05:00,257.84,255.72,-2.119999999999976,-105.9999999999988,-213.9999999999976,intraday
2024-12-30,1,2024-12-30 09:30:00-05:00,2024-12-30 15:55:00-05:00,252.23,252.11,-0.11999999999997613,-5.999999999998806,-13.999999999997613,intraday
2024-12-31,1,2024-12-31 09:30:00-05:00,2024-12-31 15:55:00-05:00,252.45,250.37,-2.079999999999984,-103.9999999999992,-209.9999999999984,intraday
2025-01-02,1,2025-01-02 09:30:00-05:00,2025-01-02 15:55:00-05:00,248.94,243.81,-5.1299999999999955,-256.4999999999998,-514.9999999999995,intraday
2025-01-03,1,2025-01-03 09:30:00-05:00,2025-01-03 15:55:00-05:00,243.41,243.29000000000002,-0.11999999999997613,-5.999999999998806,-13.999999999997613,intraday
2025-01-06,1,2025-01-06 09:30:00-05:00,2025-01-06 15:55:00-05:00,244.37,244.98000000000002,0.6100000000000136,30.500000000000682,59.000000000001364,intraday
2025-01-07,1,2025-01-07 09:30:00-05:00,2025-01-07 15:55:00-05:00,242.70999999999998,242.18,-0.5299999999999727,-26.499999999998636,-54.99999999999727,intraday
2025-01-08,1,2025-01-08 09:30:00-05:00,2025-01-08 15:55:00-05:00,241.92999999999998,242.71,0.7800000000000296,39.00000000000148,76.00000000000296,intraday
2025-01-10,1,2025-01-10 09:30:00-05:00,2025-01-10 15:55:00-05:00,240.01,236.92000000000002,-3.089999999999975,-154.49999999999875,-310.9999999999975,intraday
2025-01-13,1,2025-01-13 09:30:00-05:00,2025-01-13 15:55:00-05:00,233.66,234.39000000000001,0.7300000000000182,36.50000000000091,71.00000000000182,intraday
2025-01-14,1,2025-01-14 09:30:00-05:00,2025-01-14 15:55:00-05:00,234.76,233.27,-1.4899999999999807,-74.49999999999903,-150.99999999999807,intraday
2025-01-15,1,2025-01-15 09:30:00-05:00,2025-01-15 15:55:00-05:00,234.73999999999998,237.86,3.120000000000033,156.00000000000165,310.0000000000033,intraday
2025-01-16,1,2025-01-16 09:30:00-05:00,2025-01-16 15:55:00-05:00,237.32999999999998,228.24,-9.089999999999975,-454.49999999999875,-910.9999999999975,intraday
2025-01-17,1,2025-01-17 09:30:00-05:00,2025-01-17 15:55:00-05:00,232.13,229.95000000000002,-2.1799999999999784,-108.99999999999892,-219.99999999999784,intraday
2025-01-21,1,2025-01-21 09:30:00-05:00,2025-01-21 15:55:00-05:00,224.01,222.65,-1.3599999999999852,-67.99999999999926,-137.99999999999852,intraday
2025-01-22,1,2025-01-22 09:30:00-05:00,2025-01-22 15:55:00-05:00,219.76,223.76000000000002,4.000000000000028,200.00000000000142,398.00000000000284,intraday
2025-01-23,1,2025-01-23 09:30:00-05:00,2025-01-23 15:55:00-05:00,224.73999999999998,223.64000000000001,-1.099999999999966,-54.999999999998295,-111.99999999999659,intraday
2025-01-24,1,2025-01-24 09:30:00-05:00,2025-01-24 15:55:00-05:00,224.79,222.78,-2.009999999999991,-100.49999999999955,-202.9999999999991,intraday
2025-01-27,1,2025-01-27 09:30:00-05:00,2025-01-27 15:55:00-05:00,224.03,229.92000000000002,5.890000000000015,294.50000000000074,587.0000000000015,intraday
2025-01-28,1,2025-01-28 09:30:00-05:00,2025-01-28 15:55:00-05:00,230.85,238.23000000000002,7.380000000000024,369.0000000000012,736.0000000000024,intraday
2025-01-29,1,2025-01-29 09:30:00-05:00,2025-01-29 15:55:00-05:00,234.13,239.34,5.210000000000008,260.5000000000004,519.0000000000008,intraday
2025-01-30,1,2025-01-30 09:30:00-05:00,2025-01-30 15:55:00-05:00,238.67999999999998,237.55,-1.129999999999967,-56.49999999999835,-114.9999999999967,intraday
2025-01-31,1,2025-01-31 09:30:00-05:00,2025-01-31 15:55:00-05:00,247.1,235.83,-11.269999999999982,-563.4999999999991,-1128.9999999999982,intraday
2025-02-03,1,2025-02-03 09:30:00-05:00,2025-02-03 15:55:00-05:00,230.01,227.97,-2.039999999999992,-101.9999999999996,-205.9999999999992,intraday
2025-02-04,1,2025-02-04 09:30:00-05:00,2025-02-04 15:55:00-05:00,227.26,232.78,5.52000000000001,276.0000000000005,550.000000000001,intraday
2025-02-05,1,2025-02-05 09:30:00-05:00,2025-02-05 15:55:00-05:00,228.54,232.45000000000002,3.910000000000025,195.50000000000125,389.0000000000025,intraday
2025-02-06,1,2025-02-06 09:30:00-05:00,2025-02-06 15:55:00-05:00,231.32999999999998,233.21,1.8800000000000239,94.0000000000012,186.0000000000024,intraday
2025-02-07,1,2025-02-07 09:30:00-05:00,2025-02-07 15:55:00-05:00,232.54999999999998,227.70000000000002,-4.849999999999966,-242.4999999999983,-486.9999999999966,intraday
2025-02-10,1,2025-02-10 09:30:00-05:00,2025-02-10 15:55:00-05:00,229.53,227.63,-1.9000000000000057,-95.00000000000028,-192.00000000000057,intraday
2025-02-11,1,2025-02-11 09:30:00-05:00,2025-02-11 15:55:00-05:00,228.20999999999998,232.75,4.5400000000000205,227.00000000000102,452.00000000000205,intraday
2025-02-12,1,2025-02-12 09:30:00-05:00,2025-02-12 15:55:00-05:00,231.13,236.88,5.75,287.5,573.0,intraday
2025-02-13,1,2025-02-13 09:30:00-05:00,2025-02-13 15:55:00-05:00,236.92,241.51000000000002,4.590000000000032,229.5000000000016,457.0000000000032,intraday
2025-02-14,1,2025-02-14 09:30:00-05:00,2025-02-14 15:55:00-05:00,241.22,244.56,3.3400000000000034,167.00000000000017,332.00000000000034,intraday
2025-02-18,1,2025-02-18 09:30:00-05:00,2025-02-18 15:55:00-05:00,244.16,244.45000000000002,0.29000000000002046,14.500000000001023,27.000000000002046,intraday
2025-02-19,1,2025-02-19 09:30:00-05:00,2025-02-19 15:55:00-05:00,244.67,244.88,0.21000000000000796,10.500000000000398,19.000000000000796,intraday
2025-02-20,1,2025-02-20 09:30:00-05:00,2025-02-20 15:55:00-05:00,244.95,245.85000000000002,0.9000000000000341,45.000000000001705,88.00000000000341,intraday
2025-02-21,1,2025-02-21 09:30:00-05:00,2025-02-21 15:55:00-05:00,246.01999999999998,245.58,-0.4399999999999693,-21.999999999998465,-45.99999999999693,intraday
2025-02-24,1,2025-02-24 09:30:00-05:00,2025-02-24 15:55:00-05:00,245.01,247.22,2.210000000000008,110.5000000000004,219.0000000000008,intraday
2025-02-25,1,2025-02-25 09:30:00-05:00,2025-02-25 15:55:00-05:00,248.01,247.04000000000002,-0.9699999999999704,-48.49999999999852,-98.99999999999704,intraday
2025-02-26,1,2025-02-26 09:30:00-05:00,2025-02-26 15:55:00-05:00,244.39,240.3,-4.089999999999975,-204.49999999999875,-410.9999999999975,intraday
2025-02-27,1,2025-02-27 09:30:00-05:00,2025-02-27 15:55:00-05:00,239.62,237.37,-2.25,-112.5,-227.0,intraday
2025-02-28,1,2025-02-28 09:30:00-05:00,2025-02-28 15:55:00-05:00,236.98999999999998,241.77,4.78000000000003,239.00000000000148,476.00000000000296,intraday
2025-03-03,1,2025-03-03 09:30:00-05:00,2025-03-03 15:55:00-05:00,241.82,238.13,-3.6899999999999977,-184.4999999999999,-370.9999999999998,intraday
2025-03-04,1,2025-03-04 09:30:00-05:00,2025-03-04 15:55:00-05:00,237.72,236.06,-1.6599999999999966,-82.99999999999983,-167.99999999999966,intraday
2025-03-05,1,2025-03-05 09:30:00-05:00,2025-03-05 15:55:00-05:00,235.44,235.76000000000002,0.3200000000000216,16.00000000000108,30.00000000000216,intraday
2025-03-06,1,2025-03-06 09:30:00-05:00,2025-03-06 15:55:00-05:00,234.45,235.31,0.8600000000000136,43.00000000000068,84.00000000000136,intraday
2025-03-07,1,2025-03-07 09:30:00-05:00,2025-03-07 15:55:00-05:00,235.17999999999998,239.06,3.880000000000024,194.0000000000012,386.0000000000024,intraday
2025-03-10,1,2025-03-10 09:30:00-04:00,2025-03-10 15:55:00-04:00,235.51,227.53,-7.97999999999999,-398.9999999999995,-799.999999999999,intraday
2025-03-11,1,2025-03-11 09:30:00-04:00,2025-03-11 15:55:00-04:00,223.82999999999998,220.72,-3.109999999999985,-155.49999999999926,-312.9999999999985,intraday
2025-03-12,1,2025-03-12 09:30:00-04:00,2025-03-12 15:55:00-04:00,220.14999999999998,216.93,-3.2199999999999704,-160.99999999999852,-323.99999999999704,intraday
2025-03-13,1,2025-03-13 09:30:00-04:00,2025-03-13 15:55:00-04:00,215.95,209.70000000000002,-6.249999999999972,-312.4999999999986,-626.9999999999972,intraday
2025-03-14,1,2025-03-14 09:30:00-04:00,2025-03-14 15:55:00-04:00,211.26,213.37,2.1100000000000136,105.50000000000068,209.00000000000136,intraday
2025-03-17,1,2025-03-17 09:30:00-04:00,2025-03-17 15:55:00-04:00,213.32,214.14000000000001,0.8200000000000216,41.00000000000108,80.00000000000216,intraday
2025-03-18,1,2025-03-18 09:30:00-04:00,2025-03-18 15:55:00-04:00,214.16,212.78,-1.3799999999999955,-68.99999999999977,-139.99999999999955,intraday
2025-03-19,1,2025-03-19 09:30:00-04:00,2025-03-19 15:55:00-04:00,214.1,215.29000000000002,1.1900000000000261,59.50000000000131,117.00000000000261,intraday
2025-03-20,1,2025-03-20 09:30:00-04:00,2025-03-20 15:55:00-04:00,213.82,214.14000000000001,0.3200000000000216,16.00000000000108,30.00000000000216,intraday
2025-03-21,1,2025-03-21 09:30:00-04:00,2025-03-21 15:55:00-04:00,211.51999999999998,218.31,6.7900000000000205,339.500000000001,677.000000000002,intraday
2025-03-24,1,2025-03-24 09:30:00-04:00,2025-03-24 15:55:00-04:00,221.01,220.42000000000002,-0.589999999999975,-29.49999999999875,-60.9999999999975,intraday
2025-03-25,1,2025-03-25 09:30:00-04:00,2025-03-25 15:55:00-04:00,220.78,223.72,2.9399999999999977,146.9999999999999,291.9999999999998,intraday
2025-03-26,1,2025-03-26 09:30:00-04:00,2025-03-26 15:55:00-04:00,223.51999999999998,221.39000000000001,-2.129999999999967,-106.49999999999835,-214.9999999999967,intraday
2025-03-27,1,2025-03-27 09:30:00-04:00,2025-03-27 15:55:00-04:00,221.39999999999998,223.92000000000002,2.5200000000000387,126.00000000000193,250.00000000000387,intraday
2025-03-28,1,2025-03-28 09:30:00-04:00,2025-03-28 15:55:00-04:00,221.73999999999998,217.84,-3.8999999999999773,-194.99999999999886,-391.9999999999977,intraday
2025-03-31,1,2025-03-31 09:30:00-04:00,2025-03-31 15:55:00-04:00,217.20999999999998,221.99,4.78000000000003,239.00000000000148,476.00000000000296,intraday
2025-04-01,1,2025-04-01 09:30:00-04:00,2025-04-01 15:55:00-04:00,219.76999999999998,223.13,3.3600000000000136,168.00000000000068,334.00000000000136,intraday
2025-04-02,1,2025-04-02 09:30:00-04:00,2025-04-02 15:55:00-04:00,221.35999999999999,223.82000000000002,2.4600000000000364,123.00000000000182,244.00000000000364,intraday
2025-04-03,1,2025-04-03 09:30:00-04:00,2025-04-03 15:55:00-04:00,205.54,203.05,-2.4899999999999807,-124.49999999999903,-250.99999999999807,intraday
2025-04-04,1,2025-04-04 09:30:00-04:00,2025-04-04 15:55:00-04:00,193.92999999999998,188.37,-5.559999999999974,-277.9999999999987,-557.9999999999974,intraday
2025-04-07,1,2025-04-07 09:30:00-04:00,2025-04-07 15:55:00-04:00,177.22,181.48000000000002,4.260000000000019,213.00000000000097,424.00000000000193,intraday
2025-04-08,1,2025-04-08 09:30:00-04:00,2025-04-08 15:55:00-04:00,186.54,172.76000000000002,-13.779999999999973,-688.9999999999986,-1379.9999999999973,intraday
2025-04-09,1,2025-04-09 09:30:00-04:00,2025-04-09 15:55:00-04:00,172.07,198.88,26.810000000000002,1340.5,2679.0,intraday
2025-04-10,1,2025-04-10 09:30:00-04:00,2025-04-10 15:55:00-04:00,189.07,190.67000000000002,1.6000000000000227,80.00000000000114,158.00000000000227,intraday
2025-04-11,1,2025-04-11 09:30:00-04:00,2025-04-11 15:55:00-04:00,186.10999999999999,198.05,11.940000000000026,597.0000000000013,1192.0000000000027,intraday
2025-04-14,1,2025-04-14 09:30:00-04:00,2025-04-14 15:55:00-04:00,211.44,202.59,-8.849999999999994,-442.4999999999997,-886.9999999999994,intraday
2025-04-15,1,2025-04-15 09:30:00-04:00,2025-04-15 15:55:00-04:00,201.76999999999998,202.12,0.35000000000002274,17.500000000001137,33.000000000002274,intraday
2025-04-16,1,2025-04-16 09:30:00-04:00,2025-04-16 15:55:00-04:00,198.37,194.29000000000002,-4.079999999999984,-203.9999999999992,-409.9999999999984,intraday
2025-04-17,1,2025-04-17 09:30:00-04:00,2025-04-17 15:55:00-04:00,197.03,196.86,-0.1699999999999875,-8.499999999999375,-18.99999999999875,intraday
2025-04-21,1,2025-04-21 09:30:00-04:00,2025-04-21 15:55:00-04:00,193.32,193.08,-0.23999999999998067,-11.999999999999034,-25.999999999998067,intraday
2025-04-22,1,2025-04-22 09:30:00-04:00,2025-04-22 15:55:00-04:00,196.01,199.55,3.5400000000000205,177.00000000000102,352.00000000000205,intraday
2025-04-23,1,2025-04-23 09:30:00-04:00,2025-04-23 15:55:00-04:00,206.0,204.43,-1.5699999999999932,-78.49999999999966,-158.99999999999932,intraday
2025-04-24,1,2025-04-24 09:30:00-04:00,2025-04-24 15:55:00-04:00,204.95,208.27,3.3200000000000216,166.00000000000108,330.00000000000216,intraday
2025-04-25,1,2025-04-25 09:30:00-04:00,2025-04-25 15:55:00-04:00,206.35999999999999,209.22,2.8600000000000136,143.00000000000068,284.00000000000136,intraday
2025-04-28,1,2025-04-28 09:30:00-04:00,2025-04-28 15:55:00-04:00,210.07,210.08,0.010000000000019327,0.5000000000009663,-0.9999999999980673,intraday
2025-04-29,1,2025-04-29 09:30:00-04:00,2025-04-29 15:55:00-04:00,208.81,211.23000000000002,2.420000000000016,121.0000000000008,240.0000000000016,intraday
2025-04-30,1,2025-04-30 09:30:00-04:00,2025-04-30 15:55:00-04:00,209.26999999999998,212.52,3.2500000000000284,162.50000000000142,323.00000000000284,intraday
2025-05-01,1,2025-05-01 09:30:00-04:00,2025-05-01 15:55:00-04:00,208.91,212.82000000000002,3.910000000000025,195.50000000000125,389.0000000000025,intraday
2025-05-02,1,2025-05-02 09:30:00-04:00,2025-05-02 15:55:00-04:00,206.1,205.29000000000002,-0.8099999999999739,-40.49999999999869,-82.99999999999739,intraday
2025-05-05,1,2025-05-05 09:30:00-04:00,2025-05-05 15:55:00-04:00,203.10999999999999,198.76000000000002,-4.349999999999966,-217.4999999999983,-436.9999999999966,intraday
2025-05-06,1,2025-05-06 09:30:00-04:00,2025-05-06 15:55:00-04:00,198.17999999999998,198.4,0.22000000000002728,11.000000000001364,20.00000000000273,intraday
2025-05-07,1,2025-05-07 09:30:00-04:00,2025-05-07 15:55:00-04:00,199.12,196.24,-2.8799999999999955,-143.99999999999977,-289.99999999999955,intraday
2025-05-08,1,2025-05-08 09:30:00-04:00,2025-05-08 15:55:00-04:00,197.73999999999998,197.39000000000001,-0.3499999999999659,-17.499999999998295,-36.99999999999659,intraday
2025-05-09,1,2025-05-09 09:30:00-04:00,2025-05-09 15:55:00-04:00,199.01,198.53,-0.47999999999998977,-23.99999999999949,-49.99999999999898,intraday
2025-05-12,1,2025-05-12 09:30:00-04:00,2025-05-12 15:55:00-04:00,210.94,210.82000000000002,-0.11999999999997613,-5.999999999998806,-13.999999999997613,intraday
2025-05-13,1,2025-05-13 09:30:00-04:00,2025-05-13 15:55:00-04:00,210.38,212.85000000000002,2.4700000000000273,123.50000000000136,245.00000000000273,intraday
2025-05-14,1,2025-05-14 09:30:00-04:00,2025-05-14 15:55:00-04:00,212.44,212.41,-0.030000000000001137,-1.5000000000000568,-5.000000000000114,intraday
2025-05-15,1,2025-05-15 09:30:00-04:00,2025-05-15 15:55:00-04:00,210.89999999999998,211.45000000000002,0.5500000000000398,27.50000000000199,53.00000000000398,intraday
2025-05-16,1,2025-05-16 09:30:00-04:00,2025-05-16 15:55:00-04:00,212.42999999999998,211.19,-1.2399999999999807,-61.999999999999034,-125.99999999999807,intraday
2025-05-19,1,2025-05-19 09:30:00-04:00,2025-05-19 15:55:00-04:00,207.79,208.75,0.960000000000008,48.0000000000004,94.0000000000008,intraday
2025-05-20,1,2025-05-20 09:30:00-04:00,2025-05-20 15:55:00-04:00,207.67999999999998,206.86,-0.8199999999999648,-40.99999999999824,-83.99999999999648,intraday
2025-05-21,1,2025-05-21 09:30:00-04:00,2025-05-21 15:55:00-04:00,205.17999999999998,202.04000000000002,-3.139999999999958,-156.9999999999979,-315.9999999999958,intraday
2025-05-22,1,2025-05-22 09:30:00-04:00,2025-05-22 15:55:00-04:00,200.72,201.36,0.6400000000000148,32.00000000000074,62.00000000000148,intraday
2025-05-23,1,2025-05-23 09:30:00-04:00,2025-05-23 15:55:00-04:00,193.67999999999998,195.33,1.650000000000034,82.5000000000017,163.0000000000034,intraday
2025-05-27,1,2025-05-27 09:30:00-04:00,2025-05-27 15:55:00-04:00,198.29999999999998,200.19,1.8900000000000148,94.50000000000074,187.00000000000148,intraday
2025-05-28,1,2025-05-28 09:30:00-04:00,2025-05-28 15:55:00-04:00,200.54,200.41,-0.12999999999999545,-6.499999999999773,-14.999999999999545,intraday
2025-05-29,1,2025-05-29 09:30:00-04:00,2025-05-29 15:55:00-04:00,203.5,199.94,-3.5600000000000023,-178.0000000000001,-358.0000000000002,intraday
2025-05-30,1,2025-05-30 09:30:00-04:00,2025-05-30 15:55:00-04:00,199.39999999999998,200.65,1.2500000000000284,62.50000000000142,123.00000000000284,intraday
2025-06-02,1,2025-06-02 09:30:00-04:00,2025-06-02 15:55:00-04:00,200.29,201.78,1.490000000000009,74.50000000000045,147.0000000000009,intraday
2025-06-03,1,2025-06-03 09:30:00-04:00,2025-06-03 15:55:00-04:00,201.35999999999999,203.32000000000002,1.9600000000000364,98.00000000000182,194.00000000000364,intraday
2025-06-04,1,2025-06-04 09:30:00-04:00,2025-06-04 15:55:00-04:00,202.98,202.88,-0.09999999999999432,-4.999999999999716,-11.999999999999432,intraday
2025-06-05,1,2025-06-05 09:30:00-04:00,2025-06-05 15:55:00-04:00,203.57,200.62,-2.9499999999999886,-147.49999999999943,-296.99999999999886,intraday
2025-06-06,1,2025-06-06 09:30:00-04:00,2025-06-06 15:55:00-04:00,203.01,203.92000000000002,0.910000000000025,45.50000000000125,89.0000000000025,intraday
2025-06-09,1,2025-06-09 09:30:00-04:00,2025-06-09 15:55:00-04:00,204.45,201.44,-3.009999999999991,-150.49999999999955,-302.9999999999991,intraday
2025-06-10,1,2025-06-10 09:30:00-04:00,2025-06-10 15:55:00-04:00,200.57,202.74,2.170000000000016,108.5000000000008,215.0000000000016,intraday
2025-06-11,1,2025-06-11 09:30:00-04:00,2025-06-11 15:55:00-04:00,203.51,198.84,-4.6699999999999875,-233.49999999999937,-468.99999999999875,intraday
2025-06-12,1,2025-06-12 09:30:00-04:00,2025-06-12 15:55:00-04:00,199.09,199.18,0.09000000000000341,4.5000000000001705,7.000000000000341,intraday
2025-06-13,1,2025-06-13 09:30:00-04:00,2025-06-13 15:55:00-04:00,199.84,196.45000000000002,-3.3899999999999864,-169.49999999999932,-340.99999999999864,intraday
2025-06-16,1,2025-06-16 09:30:00-04:00,2025-06-16 15:55:00-04:00,197.29,198.36,1.0700000000000216,53.50000000000108,105.00000000000216,intraday
2025-06-17,1,2025-06-17 09:30:00-04:00,2025-06-17 15:55:00-04:00,197.20999999999998,195.63,-1.579999999999984,-78.9999999999992,-159.9999999999984,intraday
2025-06-18,1,2025-06-18 09:30:00-04:00,2025-06-18 15:55:00-04:00,195.92999999999998,196.24,0.3100000000000307,15.500000000001535,29.00000000000307,intraday
2025-06-20,1,2025-06-20 09:30:00-04:00,2025-06-20 15:55:00-04:00,198.13,200.93,2.8000000000000114,140.00000000000057,278.00000000000114,intraday
2025-06-23,1,2025-06-23 09:30:00-04:00,2025-06-23 15:55:00-04:00,201.6,201.54000000000002,-0.05999999999997385,-2.9999999999986926,-7.999999999997385,intraday
2025-06-24,1,2025-06-24 09:30:00-04:00,2025-06-24 15:55:00-04:00,202.6,200.28,-2.319999999999993,-115.99999999999966,-233.99999999999932,intraday
2025-06-25,1,2025-06-25 09:30:00-04:00,2025-06-25 15:55:00-04:00,201.42999999999998,201.58,0.1500000000000341,7.500000000001705,13.00000000000341,intraday
2025-06-26,1,2025-06-26 09:30:00-04:00,2025-06-26 15:55:00-04:00,201.45,200.93,-0.5199999999999818,-25.99999999999909,-53.99999999999818,intraday
2025-06-27,1,2025-06-27 09:30:00-04:00,2025-06-27 15:55:00-04:00,201.92999999999998,201.09,-0.839999999999975,-41.99999999999875,-85.9999999999975,intraday
2025-06-30,1,2025-06-30 09:30:00-04:00,2025-06-30 15:55:00-04:00,202.0,205.11,3.1100000000000136,155.50000000000068,309.00000000000136,intraday
2025-07-01,1,2025-07-01 09:30:00-04:00,2025-07-01 15:55:00-04:00,206.73,207.85000000000002,1.120000000000033,56.00000000000165,110.0000000000033,intraday
2025-07-02,1,2025-07-02 09:30:00-04:00,2025-07-02 15:55:00-04:00,209.0,212.4,3.4000000000000057,170.00000000000028,338.00000000000057,intraday
2025-07-07,1,2025-07-07 09:30:00-04:00,2025-07-07 15:55:00-04:00,212.73,209.93,-2.799999999999983,-139.99999999999915,-281.9999999999983,intraday
2025-07-08,1,2025-07-08 09:30:00-04:00,2025-07-08 15:55:00-04:00,210.10999999999999,210.02,-0.08999999999997499,-4.4999999999987494,-10.999999999997499,intraday
2025-07-09,1,2025-07-09 09:30:00-04:00,2025-07-09 15:55:00-04:00,209.54,211.10000000000002,1.5600000000000307,78.00000000000153,154.00000000000307,intraday
2025-07-10,1,2025-07-10 09:30:00-04:00,2025-07-10 15:55:00-04:00,210.45,212.41,1.960000000000008,98.0000000000004,194.0000000000008,intraday
2025-07-11,1,2025-07-11 09:30:00-04:00,2025-07-11 15:55:00-04:00,210.44,211.07000000000002,0.6300000000000239,31.500000000001194,61.00000000000239,intraday
2025-07-14,1,2025-07-14 09:30:00-04:00,2025-07-14 15:55:00-04:00,209.94,208.54000000000002,-1.3999999999999773,-69.99999999999886,-141.99999999999773,intraday
2025-07-15,1,2025-07-15 09:30:00-04:00,2025-07-15 15:55:00-04:00,209.23,209.01000000000002,-0.21999999999997044,-10.999999999998522,-23.999999999997044,intraday
2025-07-16,1,2025-07-16 09:30:00-04:00,2025-07-16 15:55:00-04:00,210.31,210.14000000000001,-0.1699999999999875,-8.499999999999375,-18.99999999999875,intraday
2025-07-17,1,2025-07-17 09:30:00-04:00,2025-07-17 15:55:00-04:00,210.73,210.05,-0.6799999999999784,-33.99999999999892,-69.99999999999784,intraday
2025-07-18,1,2025-07-18 09:30:00-04:00,2025-07-18 15:55:00-04:00,210.67,211.21,0.5400000000000205,27.000000000001023,52.000000000002046,intraday
2025-07-21,1,2025-07-21 09:30:00-04:00,2025-07-21 15:55:00-04:00,212.14999999999998,212.54000000000002,0.3900000000000432,19.50000000000216,37.00000000000432,intraday
2025-07-22,1,2025-07-22 09:30:00-04:00,2025-07-22 15:55:00-04:00,213.29999999999998,214.38,1.0800000000000125,54.000000000000625,106.00000000000125,intraday
2025-07-23,1,2025-07-23 09:30:00-04:00,2025-07-23 15:55:00-04:00,215.1,214.3,-0.799999999999983,-39.99999999999915,-81.9999999999983,intraday
2025-07-24,1,2025-07-24 09:30:00-04:00,2025-07-24 15:55:00-04:00,213.91,213.75,-0.1599999999999966,-7.9999999999998295,-17.99999999999966,intraday
2025-07-25,1,2025-07-25 09:30:00-04:00,2025-07-25 15:55:00-04:00,214.64999999999998,213.94,-0.7099999999999795,-35.49999999999898,-72.99999999999795,intraday
2025-07-28,1,2025-07-28 09:30:00-04:00,2025-07-28 15:55:00-04:00,214.01,214.03,0.020000000000010232,1.0000000000005116,1.0231815394945443e-12,intraday
2025-07-29,1,2025-07-29 09:30:00-04:00,2025-07-29 15:55:00-04:00,214.17,211.34,-2.829999999999984,-141.4999999999992,-284.9999999999984,intraday
2025-07-30,1,2025-07-30 09:30:00-04:00,2025-07-30 15:55:00-04:00,211.91,209.01000000000002,-2.8999999999999773,-144.99999999999886,-291.9999999999977,intraday
2025-07-31,1,2025-07-31 09:30:00-04:00,2025-07-31 15:55:00-04:00,208.5,207.60000000000002,-0.8999999999999773,-44.99999999999886,-91.99999999999773,intraday
2025-08-01,1,2025-08-01 09:30:00-04:00,2025-08-01 15:55:00-04:00,210.95999999999998,202.26000000000002,-8.69999999999996,-434.999999999998,-871.999999999996,intraday
2025-08-04,1,2025-08-04 09:30:00-04:00,2025-08-04 15:55:00-04:00,204.47,203.33,-1.1399999999999864,-56.99999999999932,-115.99999999999864,intraday
2025-08-05,1,2025-08-05 09:30:00-04:00,2025-08-05 15:55:00-04:00,203.41,202.92000000000002,-0.4899999999999807,-24.499999999999034,-50.99999999999807,intraday
2025-08-06,1,2025-08-06 09:30:00-04:00,2025-08-06 15:55:00-04:00,205.64,213.24,7.600000000000023,380.00000000000114,758.0000000000023,intraday
2025-08-07,1,2025-08-07 09:30:00-04:00,2025-08-07 15:55:00-04:00,218.89999999999998,220.12,1.2200000000000273,61.000000000001364,120.00000000000273,intraday
2025-08-08,1,2025-08-08 09:30:00-04:00,2025-08-08 15:55:00-04:00,220.87,229.36,8.490000000000009,424.50000000000045,847.0000000000009,intraday
2025-08-11,1,2025-08-11 09:30:00-04:00,2025-08-11 15:55:00-04:00,227.94,227.20000000000002,-0.7399999999999807,-36.999999999999034,-75.99999999999807,intraday
2025-08-12,1,2025-08-12 09:30:00-04:00,2025-08-12 15:55:00-04:00,228.01999999999998,229.63,1.6100000000000136,80.50000000000068,159.00000000000136,intraday
2025-08-13,1,2025-08-13 09:30:00-04:00,2025-08-13 15:55:00-04:00,231.06,233.31,2.25,112.5,223.0,intraday
2025-08-14,1,2025-08-14 09:30:00-04:00,2025-08-14 15:55:00-04:00,234.01999999999998,232.82000000000002,-1.1999999999999602,-59.99999999999801,-121.99999999999602,intraday
2025-08-15,1,2025-08-15 09:30:00-04:00,2025-08-15 15:55:00-04:00,234.01,231.64000000000001,-2.369999999999976,-118.4999999999988,-238.9999999999976,intraday
2025-08-18,1,2025-08-18 09:30:00-04:00,2025-08-18 15:55:00-04:00,231.78,230.87,-0.9099999999999966,-45.49999999999983,-92.99999999999966,intraday
2025-08-19,1,2025-08-19 09:30:00-04:00,2025-08-19 15:55:00-04:00,231.29,230.53,-0.7599999999999909,-37.999999999999545,-77.99999999999909,intraday
2025-08-20,1,2025-08-20 09:30:00-04:00,2025-08-20 15:55:00-04:00,229.98,225.95000000000002,-4.029999999999973,-201.49999999999864,-404.99999999999727,intraday
2025-08-21,1,2025-08-21 09:30:00-04:00,2025-08-21 15:55:00-04:00,226.28,224.9,-1.3799999999999955,-68.99999999999977,-139.99999999999955,intraday
2025-08-22,1,2025-08-22 09:30:00-04:00,2025-08-22 15:55:00-04:00,226.17999999999998,227.74,1.5600000000000307,78.00000000000153,154.00000000000307,intraday
2025-08-25,1,2025-08-25 09:30:00-04:00,2025-08-25 15:55:00-04:00,226.48999999999998,227.14000000000001,0.6500000000000341,32.500000000001705,63.00000000000341,intraday
2025-08-26,1,2025-08-26 09:30:00-04:00,2025-08-26 15:55:00-04:00,226.87,229.29000000000002,2.420000000000016,121.0000000000008,240.0000000000016,intraday
2025-08-27,1,2025-08-27 09:30:00-04:00,2025-08-27 15:55:00-04:00,228.7,230.43,1.7300000000000182,86.50000000000091,171.00000000000182,intraday
2025-08-28,1,2025-08-28 09:30:00-04:00,2025-08-28 15:55:00-04:00,230.82999999999998,232.48000000000002,1.650000000000034,82.5000000000017,163.0000000000034,intraday
2025-08-29,1,2025-08-29 09:30:00-04:00,2025-08-29 15:55:00-04:00,232.56,232.26000000000002,-0.29999999999998295,-14.999999999999147,-31.999999999998295,intraday
2025-09-02,1,2025-09-02 09:30:00-04:00,2025-09-02 15:55:00-04:00,229.26,229.65,0.3900000000000148,19.50000000000074,37.00000000000148,intraday
2025-09-03,1,2025-09-03 09:30:00-04:00,2025-09-03 15:55:00-04:00,237.22,238.47,1.25,62.5,123.0,intraday
2025-09-04,1,2025-09-04 09:30:00-04:00,2025-09-04 15:55:00-04:00,238.45999999999998,239.70000000000002,1.2400000000000375,62.000000000001876,122.00000000000375,intraday
2025-09-05,1,2025-09-05 09:30:00-04:00,2025-09-05 15:55:00-04:00,240.01,239.66,-0.3499999999999943,-17.499999999999716,-36.99999999999943,intraday
2025-09-08,1,2025-09-08 09:30:00-04:00,2025-09-08 15:55:00-04:00,239.31,237.89000000000001,-1.4199999999999875,-70.99999999999937,-143.99999999999875,intraday
2025-09-09,1,2025-09-09 09:30:00-04:00,2025-09-09 15:55:00-04:00,237.01,234.34,-2.6699999999999875,-133.49999999999937,-268.99999999999875,intraday
2025-09-10,1,2025-09-10 09:30:00-04:00,2025-09-10 15:55:00-04:00,231.98,226.77,-5.2099999999999795,-260.499999999999,-522.999999999998,intraday
2025-09-11,1,2025-09-11 09:30:00-04:00,2025-09-11 15:55:00-04:00,226.85,230.01000000000002,3.160000000000025,158.00000000000125,314.0000000000025,intraday
2025-09-12,1,2025-09-12 09:30:00-04:00,2025-09-12 15:55:00-04:00,229.31,234.05,4.740000000000009,237.00000000000045,472.0000000000009,intraday
2025-09-15,1,2025-09-15 09:30:00-04:00,2025-09-15 15:55:00-04:00,237.01,236.75,-0.2599999999999909,-12.999999999999545,-27.99999999999909,intraday
2025-09-16,1,2025-09-16 09:30:00-04:00,2025-09-16 15:55:00-04:00,237.13,238.13,1.0,50.0,98.0,intraday
2025-09-17,1,2025-09-17 09:30:00-04:00,2025-09-17 15:55:00-04:00,238.98,238.94,-0.03999999999999204,-1.999999999999602,-5.999999999999204,intraday
2025-09-18,1,2025-09-18 09:30:00-04:00,2025-09-18 15:55:00-04:00,239.97,237.84,-2.1299999999999955,-106.49999999999977,-214.99999999999955,intraday
2025-09-19,1,2025-09-19 09:30:00-04:00,2025-09-19 15:55:00-04:00,241.20999999999998,245.28,4.070000000000022,203.50000000000108,405.00000000000216,intraday
2025-09-22,1,2025-09-22 09:30:00-04:00,2025-09-22 15:55:00-04:00,248.31,256.08,7.769999999999982,388.4999999999991,774.9999999999982,intraday
2025-09-23,1,2025-09-23 09:30:00-04:00,2025-09-23 15:55:00-04:00,255.84,254.52,-1.3199999999999932,-65.99999999999966,-133.99999999999932,intraday
2025-09-24,1,2025-09-24 09:30:00-04:00,2025-09-24 15:55:00-04:00,255.26,252.19,-3.069999999999993,-153.49999999999966,-308.9999999999993,intraday
2025-09-25,1,2025-09-25 09:30:00-04:00,2025-09-25 15:55:00-04:00,253.35999999999999,256.93,3.5700000000000216,178.50000000000108,355.00000000000216,intraday
2025-09-26,1,2025-09-26 09:30:00-04:00,2025-09-26 15:55:00-04:00,254.19,255.45000000000002,1.2600000000000193,63.000000000000966,124.00000000000193,intraday
2025-09-29,1,2025-09-29 09:30:00-04:00,2025-09-29 15:55:00-04:00,254.57,254.34,-0.22999999999998977,-11.499999999999488,-24.999999999998977,intraday
2025-09-30,1,2025-09-30 09:30:00-04:00,2025-09-30 15:55:00-04:00,254.89999999999998,254.55,-0.3499999999999659,-17.499999999998295,-36.99999999999659,intraday
2025-10-01,1,2025-10-01 09:30:00-04:00,2025-10-01 15:55:00-04:00,255.04999999999998,255.42000000000002,0.37000000000003297,18.50000000000165,35.0000000000033,intraday
2025-10-02,1,2025-10-02 09:30:00-04:00,2025-10-02 15:55:00-04:00,256.59999999999997,257.13,0.5300000000000296,26.500000000001478,51.000000000002956,intraday
2025-10-03,1,2025-10-03 09:30:00-04:00,2025-10-03 15:55:00-04:00,254.67999999999998,258.01,3.3300000000000125,166.50000000000063,331.00000000000125,intraday
2025-10-06,1,2025-10-06 09:30:00-04:00,2025-10-06 15:55:00-04:00,258.0,256.64,-1.3600000000000136,-68.00000000000068,-138.00000000000136,intraday
2025-10-07,1,2025-10-07 09:30:00-04:00,2025-10-07 15:55:00-04:00,256.82,256.47,-0.3499999999999659,-17.499999999998295,-36.99999999999659,intraday
2025-10-08,1,2025-10-08 09:30:00-04:00,2025-10-08 15:55:00-04:00,256.53,258.02,1.490000000000009,74.50000000000045,147.0000000000009,intraday
2025-10-09,1,2025-10-09 09:30:00-04:00,2025-10-09 15:55:00-04:00,257.82,254.02,-3.799999999999983,-189.99999999999915,-381.9999999999983,intraday
2025-10-10,1,2025-10-10 09:30:00-04:00,2025-10-10 15:55:00-04:00,254.95,245.27,-9.679999999999978,-483.9999999999989,-969.9999999999978,intraday
2025-10-13,1,2025-10-13 09:30:00-04:00,2025-10-13 15:55:00-04:00,249.32,247.58,-1.7399999999999807,-86.99999999999903,-175.99999999999807,intraday
2025-10-14,1,2025-10-14 09:30:00-04:00,2025-10-14 15:55:00-04:00,246.60999999999999,247.84,1.2300000000000182,61.50000000000091,121.00000000000182,intraday
2025-10-15,1,2025-10-15 09:30:00-04:00,2025-10-15 15:55:00-04:00,249.5,249.42000000000002,-0.07999999999998408,-3.999999999999204,-9.999999999998408,intraday
2025-10-16,1,2025-10-16 09:30:00-04:00,2025-10-16 15:55:00-04:00,248.29,247.42000000000002,-0.8699999999999761,-43.499999999998806,-88.99999999999761,intraday
2025-10-17,1,2025-10-17 09:30:00-04:00,2025-10-17 15:55:00-04:00,248.09,252.29000000000002,4.200000000000017,210.00000000000085,418.0000000000017,intraday
2025-10-20,1,2025-10-20 09:30:00-04:00,2025-10-20 15:55:00-04:00,255.89999999999998,262.22,6.32000000000005,316.0000000000025,630.000000000005,intraday
2025-10-21,1,2025-10-21 09:30:00-04:00,2025-10-21 15:55:00-04:00,261.89,262.83,0.9399999999999977,46.999999999999886,91.99999999999977,intraday
2025-10-22,1,2025-10-22 09:30:00-04:00,2025-10-22 15:55:00-04:00,262.62,258.42,-4.199999999999989,-209.99999999999943,-421.99999999999886,intraday
2025-10-23,1,2025-10-23 09:30:00-04:00,2025-10-23 15:55:00-04:00,259.9,259.57,-0.3299999999999841,-16.499999999999204,-34.99999999999841,intraday
2025-10-24,1,2025-10-24 09:30:00-04:00,2025-10-24 15:55:00-04:00,261.17,262.73,1.5600000000000023,78.00000000000011,154.00000000000023,intraday
2025-10-27,1,2025-10-27 09:30:00-04:00,2025-10-27 15:55:00-04:00,264.89,268.73,3.840000000000032,192.0000000000016,382.0000000000032,intraday
2025-10-28,1,2025-10-28 09:30:00-04:00,2025-10-28 15:55:00-04:00,269.02,269.02,0.0,0.0,-2.0,intraday
2025-10-29,1,2025-10-29 09:30:00-04:00,2025-10-29 15:55:00-04:00,269.38,269.7,0.3199999999999932,15.999999999999659,29.999999999999318,intraday
2025-10-30,1,2025-10-30 09:30:00-04:00,2025-10-30 15:55:00-04:00,272.0,271.37,-0.6299999999999955,-31.499999999999773,-64.99999999999955,intraday
2025-10-31,1,2025-10-31 09:30:00-04:00,2025-10-31 15:55:00-04:00,277.0,270.24,-6.759999999999991,-337.99999999999955,-677.9999999999991,intraday
2025-11-03,1,2025-11-03 09:30:00-05:00,2025-11-03 15:55:00-05:00,270.49,268.92,-1.5699999999999932,-78.49999999999966,-158.99999999999932,intraday
2025-11-04,1,2025-11-04 09:30:00-05:00,2025-11-04 15:55:00-05:00,268.33,270.23,1.900000000000034,95.0000000000017,188.0000000000034,intraday
2025-11-05,1,2025-11-05 09:30:00-05:00,2025-11-05 15:55:00-05:00,268.62,270.09000000000003,1.4700000000000273,73.50000000000136,145.00000000000273,intraday
2025-11-06,1,2025-11-06 09:30:00-05:00,2025-11-06 15:55:00-05:00,267.9,269.71000000000004,1.8100000000000591,90.50000000000296,179.0000000000059,intraday
2025-11-07,1,2025-11-07 09:30:00-05:00,2025-11-07 15:55:00-05:00,269.81,268.53000000000003,-1.2799999999999727,-63.999999999998636,-129.99999999999727,intraday
2025-11-10,1,2025-11-10 09:30:00-05:00,2025-11-10 15:55:00-05:00,269.12,269.35,0.2300000000000182,11.50000000000091,21.00000000000182,intraday
2025-11-11,1,2025-11-11 09:30:00-05:00,2025-11-11 15:55:00-05:00,269.86,275.29,5.430000000000007,271.50000000000034,541.0000000000007,intraday
2025-11-12,1,2025-11-12 09:30:00-05:00,2025-11-12 15:55:00-05:00,275.14,273.51,-1.6299999999999955,-81.49999999999977,-164.99999999999955,intraday
2025-11-13,1,2025-11-13 09:30:00-05:00,2025-11-13 15:55:00-05:00,274.28,273.04,-1.2399999999999523,-61.99999999999761,-125.99999999999523,intraday
2025-11-14,1,2025-11-14 09:30:00-05:00,2025-11-14 15:55:00-05:00,271.03,272.5,1.4700000000000273,73.50000000000136,145.00000000000273,intraday
2025-11-17,1,2025-11-17 09:30:00-05:00,2025-11-17 15:55:00-05:00,268.84,267.49,-1.349999999999966,-67.4999999999983,-136.9999999999966,intraday
2025-11-18,1,2025-11-18 09:30:00-05:00,2025-11-18 15:55:00-05:00,270.0,267.42,-2.579999999999984,-128.9999999999992,-259.9999999999984,intraday
2025-11-19,1,2025-11-19 09:30:00-05:00,2025-11-19 15:55:00-05:00,265.55,268.51,2.9599999999999795,147.99999999999898,293.99999999999795,intraday
2025-11-20,1,2025-11-20 09:30:00-05:00,2025-11-20 15:55:00-05:00,270.93,266.37,-4.560000000000002,-228.0000000000001,-458.0000000000002,intraday
2025-11-21,1,2025-11-21 09:30:00-05:00,2025-11-21 15:55:00-05:00,265.95,271.49,5.5400000000000205,277.000000000001,552.000000000002,intraday
2025-11-24,1,2025-11-24 09:30:00-05:00,2025-11-24 15:55:00-05:00,271.15999999999997,275.8,4.640000000000043,232.00000000000216,462.0000000000043,intraday
2025-11-25,1,2025-11-25 09:30:00-05:00,2025-11-25 15:55:00-05:00,275.28,276.88,1.6000000000000227,80.00000000000114,158.00000000000227,intraday
2025-11-26,1,2025-11-26 09:30:00-05:00,2025-11-26 15:55:00-05:00,276.96999999999997,277.46000000000004,0.49000000000006594,24.500000000003297,47.000000000006594,intraday
2025-12-01,1,2025-12-01 09:30:00-05:00,2025-12-01 15:55:00-05:00,278.11,283.31,5.199999999999989,259.99999999999943,517.9999999999989,intraday
2025-12-02,1,2025-12-02 09:30:00-05:00,2025-12-02 15:55:00-05:00,283.0,286.22,3.2200000000000273,161.00000000000136,320.00000000000273,intraday
2025-12-03,1,2025-12-03 09:30:00-05:00,2025-12-03 15:55:00-05:00,286.21,284.14,-2.069999999999993,-103.49999999999966,-208.99999999999932,intraday
2025-12-04,1,2025-12-04 09:30:00-05:00,2025-12-04 15:55:00-05:00,284.11,280.64,-3.4700000000000273,-173.50000000000136,-349.00000000000273,intraday
2025-12-05,1,2025-12-05 09:30:00-05:00,2025-12-05 15:55:00-05:00,280.55,278.78000000000003,-1.7699999999999818,-88.49999999999909,-178.99999999999818,intraday
2025-12-08,1,2025-12-08 09:30:00-05:00,2025-12-08 15:55:00-05:00,278.12,277.95,-0.17000000000001592,-8.500000000000796,-19.00000000000159,intraday
2025-12-09,1,2025-12-09 09:30:00-05:00,2025-12-09 15:55:00-05:00,278.17,277.25,-0.9200000000000159,-46.000000000000796,-94.00000000000159,intraday
2025-12-10,1,2025-12-10 09:30:00-05:00,2025-12-10 15:55:00-05:00,277.84999999999997,278.71000000000004,0.8600000000000705,43.000000000003524,84.00000000000705,intraday
2025-12-11,1,2025-12-11 09:30:00-05:00,2025-12-11 15:55:00-05:00,279.11,278.05,-1.0600000000000023,-53.000000000000114,-108.00000000000023,intraday
2025-12-12,1,2025-12-12 09:30:00-05:00,2025-12-12 15:55:00-05:00,277.92,278.36,0.4399999999999977,21.999999999999886,41.99999999999977,intraday
2025-12-15,1,2025-12-15 09:30:00-05:00,2025-12-15 15:55:00-05:00,280.18,274.11,-6.069999999999993,-303.49999999999966,-608.9999999999993,intraday
2025-12-16,1,2025-12-16 09:30:00-05:00,2025-12-16 15:55:00-05:00,272.71,274.45,1.740000000000009,87.00000000000045,172.0000000000009,intraday
2025-12-17,1,2025-12-17 09:30:00-05:00,2025-12-17 15:55:00-05:00,275.01,271.85,-3.159999999999968,-157.9999999999984,-317.9999999999968,intraday
2025-12-18,1,2025-12-18 09:30:00-05:00,2025-12-18 15:55:00-05:00,273.62,272.15000000000003,-1.4699999999999704,-73.49999999999852,-148.99999999999704,intraday
2025-12-19,1,2025-12-19 09:30:00-05:00,2025-12-19 15:55:00-05:00,272.4,273.68,1.2800000000000296,64.00000000000148,126.00000000000296,intraday
2025-12-22,1,2025-12-22 09:30:00-05:00,2025-12-22 15:55:00-05:00,272.89,270.81,-2.079999999999984,-103.9999999999992,-209.9999999999984,intraday
2025-12-23,1,2025-12-23 09:30:00-05:00,2025-12-23 15:55:00-05:00,270.84999999999997,272.22,1.3700000000000614,68.50000000000307,135.00000000000614,intraday
2025-12-26,1,2025-12-26 09:30:00-05:00,2025-12-26 15:55:00-05:00,274.17,273.24,-0.9300000000000068,-46.50000000000034,-95.00000000000068,intraday
2025-12-29,1,2025-12-29 09:30:00-05:00,2025-12-29 15:55:00-05:00,272.71,273.73,1.0200000000000387,51.00000000000193,100.00000000000387,intraday
2025-12-30,1,2025-12-30 09:30:00-05:00,2025-12-30 15:55:00-05:00,272.82,273.0,0.18000000000000682,9.000000000000341,16.000000000000682,intraday
2025-12-31,1,2025-12-31 09:30:00-05:00,2025-12-31 15:55:00-05:00,273.07,271.83,-1.240000000000009,-62.000000000000455,-126.00000000000091,intraday
2026-01-02,1,2026-01-02 09:30:00-05:00,2026-01-02 15:55:00-05:00,272.26,270.97,-1.2899999999999636,-64.49999999999818,-130.99999999999636,intraday
2026-01-05,1,2026-01-05 09:30:00-05:00,2026-01-05 15:55:00-05:00,270.73,267.25,-3.480000000000018,-174.0000000000009,-350.0000000000018,intraday
2026-01-06,1,2026-01-06 09:30:00-05:00,2026-01-06 15:55:00-05:00,267.01,262.21000000000004,-4.7999999999999545,-239.99999999999773,-481.99999999999545,intraday
2026-01-07,1,2026-01-07 09:30:00-05:00,2026-01-07 15:55:00-05:00,263.21,260.35,-2.859999999999957,-142.99999999999784,-287.9999999999957,intraday
2026-01-08,1,2026-01-08 09:30:00-05:00,2026-01-08 15:55:00-05:00,257.07,259.07,2.0,100.0,198.0,intraday
2026-01-09,1,2026-01-09 09:30:00-05:00,2026-01-09 15:55:00-05:00,259.08,259.32,0.2400000000000091,12.000000000000455,22.00000000000091,intraday
2026-01-12,1,2026-01-12 09:30:00-05:00,2026-01-12 15:55:00-05:00,259.25,260.2,0.9499999999999886,47.49999999999943,92.99999999999886,intraday
2026-01-13,1,2026-01-13 09:30:00-05:00,2026-01-13 15:55:00-05:00,258.73,261.04,2.3100000000000023,115.50000000000011,229.00000000000023,intraday
2026-01-14,1,2026-01-14 09:30:00-05:00,2026-01-14 15:55:00-05:00,259.5,259.94,0.4399999999999977,21.999999999999886,41.99999999999977,intraday
2026-01-15,1,2026-01-15 09:30:00-05:00,2026-01-15 15:55:00-05:00,260.73,258.32,-2.410000000000025,-120.50000000000125,-243.0000000000025,intraday
2026-01-16,1,2026-01-16 09:30:00-05:00,2026-01-16 15:55:00-05:00,258.06,255.47,-2.5900000000000034,-129.50000000000017,-261.00000000000034,intraday
2026-01-20,1,2026-01-20 09:30:00-05:00,2026-01-20 15:55:00-05:00,252.73999999999998,246.69,-6.049999999999983,-302.49999999999915,-606.9999999999983,intraday
2026-01-21,1,2026-01-21 09:30:00-05:00,2026-01-21 15:55:00-05:00,248.70999999999998,247.62,-1.089999999999975,-54.49999999999875,-110.9999999999975,intraday
2026-01-22,1,2026-01-22 09:30:00-05:00,2026-01-22 15:55:00-05:00,249.20999999999998,248.35000000000002,-0.8599999999999568,-42.99999999999784,-87.99999999999568,intraday
2026-01-23,1,2026-01-23 09:30:00-05:00,2026-01-23 15:55:00-05:00,247.37,247.96,0.5900000000000034,29.50000000000017,57.00000000000034,intraday
2026-01-26,1,2026-01-26 09:30:00-05:00,2026-01-26 15:55:00-05:00,251.51,255.38,3.8700000000000045,193.50000000000023,385.00000000000045,intraday
2026-01-27,1,2026-01-27 09:30:00-05:00,2026-01-27 15:55:00-05:00,259.15,258.26,-0.8899999999999864,-44.49999999999932,-90.99999999999864,intraday
2026-01-28,1,2026-01-28 09:30:00-05:00,2026-01-28 15:55:00-05:00,257.53999999999996,256.43,-1.1099999999999568,-55.49999999999784,-112.99999999999568,intraday
2026-01-29,1,2026-01-29 09:30:00-05:00,2026-01-29 15:55:00-05:00,258.01,258.17,0.160000000000025,8.00000000000125,14.000000000002501,intraday
2026-01-30,1,2026-01-30 09:30:00-05:00,2026-01-30 15:55:00-05:00,255.17999999999998,258.23,3.05000000000004,152.500000000002,303.000000000004,intraday
2026-02-02,1,2026-02-02 09:30:00-05:00,2026-02-02 15:55:00-05:00,260.03,269.98,9.950000000000045,497.5000000000023,993.0000000000045,intraday
2026-02-03,1,2026-02-03 09:30:00-05:00,2026-02-03 15:55:00-05:00,269.21,269.48,0.27000000000003865,13.500000000001933,25.000000000003865,intraday
2026-02-04,1,2026-02-04 09:30:00-05:00,2026-02-04 15:55:00-05:00,272.3,276.39,4.089999999999975,204.49999999999875,406.9999999999975,intraday
2026-02-05,1,2026-02-05 09:30:00-05:00,2026-02-05 15:55:00-05:00,278.14,275.90000000000003,-2.2399999999999523,-111.99999999999761,-225.99999999999523,intraday
2026-02-06,1,2026-02-06 09:30:00-05:00,2026-02-06 15:55:00-05:00,277.19,278.0,0.8100000000000023,40.500000000000114,79.00000000000023,intraday
2026-02-09,1,2026-02-09 09:30:00-05:00,2026-02-09 15:55:00-05:00,277.88,274.52,-3.3600000000000136,-168.00000000000068,-338.00000000000136,intraday
2026-02-10,1,2026-02-10 09:30:00-05:00,2026-02-10 15:55:00-05:00,274.89,273.78000000000003,-1.1099999999999568,-55.49999999999784,-112.99999999999568,intraday
2026-02-11,1,2026-02-11 09:30:00-05:00,2026-02-11 15:55:00-05:00,274.69,275.48,0.7900000000000205,39.50000000000102,77.00000000000205,intraday
2026-02-12,1,2026-02-12 09:30:00-05:00,2026-02-12 15:55:00-05:00,275.59999999999997,261.6,-13.999999999999943,-699.9999999999972,-1401.9999999999943,intraday
2026-02-13,1,2026-02-13 09:30:00-05:00,2026-02-13 15:55:00-05:00,261.96,255.78,-6.179999999999978,-308.9999999999989,-619.9999999999978,intraday
2026-02-17,1,2026-02-17 09:30:00-05:00,2026-02-17 15:55:00-05:00,257.90999999999997,263.73,5.82000000000005,291.0000000000025,580.000000000005,intraday
2026-02-18,1,2026-02-18 09:30:00-05:00,2026-02-18 15:55:00-05:00,263.53999999999996,264.23,0.6900000000000546,34.50000000000273,67.00000000000546,intraday
2026-02-19,1,2026-02-19 09:30:00-05:00,2026-02-19 15:55:00-05:00,262.52,260.5,-2.019999999999982,-100.99999999999909,-203.99999999999818,intraday
2026-02-20,1,2026-02-20 09:30:00-05:00,2026-02-20 15:55:00-05:00,258.98,264.58,5.599999999999966,279.9999999999983,557.9999999999966,intraday
2026-02-23,1,2026-02-23 09:30:00-05:00,2026-02-23 15:55:00-05:00,263.5,266.38,2.8799999999999955,143.99999999999977,285.99999999999955,intraday
2026-02-24,1,2026-02-24 09:30:00-05:00,2026-02-24 15:55:00-05:00,268.0,272.16,4.160000000000025,208.00000000000125,414.0000000000025,intraday
2026-02-25,1,2026-02-25 09:30:00-05:00,2026-02-25 15:55:00-05:00,271.74,274.17,2.430000000000007,121.50000000000034,241.00000000000068,intraday
2026-02-26,1,2026-02-26 09:30:00-05:00,2026-02-26 15:55:00-05:00,274.89,272.97,-1.919999999999959,-95.99999999999795,-193.9999999999959,intraday
2026-02-27,1,2026-02-27 09:30:00-05:00,2026-02-27 15:55:00-05:00,272.78,264.18,-8.599999999999966,-429.9999999999983,-861.9999999999966,intraday
2026-03-02,1,2026-03-02 09:30:00-05:00,2026-03-02 15:55:00-05:00,262.46999999999997,264.59000000000003,2.1200000000000614,106.00000000000307,210.00000000000614,intraday
2026-03-03,1,2026-03-03 09:30:00-05:00,2026-03-03 15:55:00-05:00,263.49,263.68,0.18999999999999773,9.499999999999886,16.999999999999773,intraday
2026-03-04,1,2026-03-04 09:30:00-05:00,2026-03-04 15:55:00-05:00,264.71,262.44,-2.269999999999982,-113.49999999999909,-228.99999999999818,intraday
2026-03-05,1,2026-03-05 09:30:00-05:00,2026-03-05 15:55:00-05:00,260.8,260.24,-0.5600000000000023,-28.000000000000114,-58.00000000000023,intraday
2026-03-06,1,2026-03-06 09:30:00-05:00,2026-03-06 15:55:00-05:00,258.64,257.45,-1.1899999999999977,-59.499999999999886,-120.99999999999977,intraday
2026-03-09,1,2026-03-09 09:30:00-04:00,2026-03-09 15:55:00-04:00,255.60999999999999,259.88,4.27000000000001,213.5000000000005,425.000000000001,intraday
2026-03-10,1,2026-03-10 09:30:00-04:00,2026-03-10 15:55:00-04:00,257.65999999999997,260.71000000000004,3.050000000000068,152.5000000000034,303.0000000000068,intraday
2026-03-11,1,2026-03-11 09:30:00-04:00,2026-03-11 15:55:00-04:00,261.12,260.8,-0.3199999999999932,-15.999999999999659,-33.99999999999932,intraday
2026-03-12,1,2026-03-12 09:30:00-04:00,2026-03-12 15:55:00-04:00,258.67,255.74,-2.930000000000007,-146.50000000000034,-295.0000000000007,intraday
2026-03-13,1,2026-03-13 09:30:00-04:00,2026-03-13 15:55:00-04:00,255.41,250.11,-5.299999999999983,-264.99999999999915,-531.9999999999983,intraday
2026-03-16,1,2026-03-16 09:30:00-04:00,2026-03-16 15:55:00-04:00,252.10999999999999,252.77,0.660000000000025,33.00000000000125,64.0000000000025,intraday
2026-03-17,1,2026-03-17 09:30:00-04:00,2026-03-17 15:55:00-04:00,253.04999999999998,254.22,1.170000000000016,58.500000000000796,115.00000000000159,intraday
2026-03-18,1,2026-03-18 09:30:00-04:00,2026-03-18 15:55:00-04:00,252.73,249.9,-2.829999999999984,-141.4999999999992,-284.9999999999984,intraday
2026-03-19,1,2026-03-19 09:30:00-04:00,2026-03-19 15:55:00-04:00,249.41,248.9,-0.5099999999999909,-25.499999999999545,-52.99999999999909,intraday
2026-03-20,1,2026-03-20 09:30:00-04:00,2026-03-20 15:55:00-04:00,247.64999999999998,248.18,0.5300000000000296,26.500000000001478,51.000000000002956,intraday
2026-03-23,1,2026-03-23 09:30:00-04:00,2026-03-23 15:55:00-04:00,253.98999999999998,251.43,-2.559999999999974,-127.99999999999869,-257.9999999999974,intraday
2026-03-24,1,2026-03-24 09:30:00-04:00,2026-03-24 15:55:00-04:00,250.35999999999999,251.74,1.3800000000000239,69.0000000000012,136.0000000000024,intraday
2026-03-25,1,2026-03-25 09:30:00-04:00,2026-03-25 15:55:00-04:00,254.1,252.60000000000002,-1.4999999999999716,-74.99999999999858,-151.99999999999716,intraday
2026-03-26,1,2026-03-26 09:30:00-04:00,2026-03-26 15:55:00-04:00,252.23,252.86,0.6300000000000239,31.500000000001194,61.00000000000239,intraday
2026-03-27,1,2026-03-27 09:30:00-04:00,2026-03-27 15:55:00-04:00,253.91,248.60000000000002,-5.309999999999974,-265.4999999999987,-532.9999999999974,intraday
2026-03-30,1,2026-03-30 09:30:00-04:00,2026-03-30 15:55:00-04:00,250.06,246.53,-3.530000000000001,-176.50000000000006,-355.0000000000001,intraday
2026-03-31,1,2026-03-31 09:30:00-04:00,2026-03-31 15:55:00-04:00,247.89999999999998,253.78,5.880000000000024,294.0000000000012,586.0000000000024,intraday
2026-04-01,1,2026-04-01 09:30:00-04:00,2026-04-01 15:55:00-04:00,253.91,255.68,1.7700000000000102,88.50000000000051,175.00000000000102,intraday
2026-04-02,1,2026-04-02 09:30:00-04:00,2026-04-02 15:55:00-04:00,254.20999999999998,255.88,1.670000000000016,83.5000000000008,165.0000000000016,intraday
2026-04-06,1,2026-04-06 09:30:00-04:00,2026-04-06 15:55:00-04:00,256.52,258.88,2.3600000000000136,118.00000000000068,234.00000000000136,intraday
2026-04-07,1,2026-04-07 09:30:00-04:00,2026-04-07 15:55:00-04:00,256.08,253.48000000000002,-2.599999999999966,-129.9999999999983,-261.9999999999966,intraday
2026-04-08,1,2026-04-08 09:30:00-04:00,2026-04-08 15:55:00-04:00,258.40999999999997,258.92,0.5100000000000477,25.500000000002387,49.000000000004775,intraday
2026-04-09,1,2026-04-09 09:30:00-04:00,2026-04-09 15:55:00-04:00,259.01,260.38,1.3700000000000045,68.50000000000023,135.00000000000045,intraday
2026-04-10,1,2026-04-10 09:30:00-04:00,2026-04-10 15:55:00-04:00,259.96999999999997,260.37,0.4000000000000341,20.000000000001705,38.00000000000341,intraday
2026-04-13,1,2026-04-13 09:30:00-04:00,2026-04-13 15:55:00-04:00,259.61,259.05,-0.5600000000000023,-28.000000000000114,-58.00000000000023,intraday
2026-04-14,1,2026-04-14 09:30:00-04:00,2026-04-14 15:55:00-04:00,259.12,258.85,-0.2699999999999818,-13.49999999999909,-28.99999999999818,intraday
2026-04-15,1,2026-04-15 09:30:00-04:00,2026-04-15 15:55:00-04:00,258.05,266.37,8.319999999999993,415.99999999999966,829.9999999999993,intraday
2026-04-16,1,2026-04-16 09:30:00-04:00,2026-04-16 15:55:00-04:00,266.81,263.35,-3.4599999999999795,-172.99999999999898,-347.99999999999795,intraday
2026-04-17,1,2026-04-17 09:30:00-04:00,2026-04-17 15:55:00-04:00,267.08,270.18,3.1000000000000227,155.00000000000114,308.0000000000023,intraday
2026-04-20,1,2026-04-20 09:30:00-04:00,2026-04-20 15:55:00-04:00,270.34,272.92,2.580000000000041,129.00000000000205,256.0000000000041,intraday
2026-04-21,1,2026-04-21 09:30:00-04:00,2026-04-21 15:55:00-04:00,271.59999999999997,266.21000000000004,-5.3899999999999295,-269.4999999999965,-540.999999999993,intraday
2026-04-22,1,2026-04-22 09:30:00-04:00,2026-04-22 15:55:00-04:00,267.75,273.18,5.430000000000007,271.50000000000034,541.0000000000007,intraday
2026-04-23,1,2026-04-23 09:30:00-04:00,2026-04-23 15:55:00-04:00,274.90999999999997,273.42,-1.4899999999999523,-74.49999999999761,-150.99999999999523,intraday
2026-04-24,1,2026-04-24 09:30:00-04:00,2026-04-24 15:55:00-04:00,272.8,271.05,-1.75,-87.5,-177.0,intraday
2026-04-27,1,2026-04-27 09:30:00-04:00,2026-04-27 15:55:00-04:00,266.09999999999997,267.67,1.57000000000005,78.5000000000025,155.000000000005,intraday
2026-04-28,1,2026-04-28 09:30:00-04:00,2026-04-28 15:55:00-04:00,272.34999999999997,270.75,-1.599999999999966,-79.9999999999983,-161.9999999999966,intraday
2026-04-29,1,2026-04-29 09:30:00-04:00,2026-04-29 15:55:00-04:00,267.59999999999997,270.18,2.580000000000041,129.00000000000205,256.0000000000041,intraday
2026-04-30,1,2026-04-30 09:30:00-04:00,2026-04-30 15:55:00-04:00,270.53,271.2,0.6700000000000159,33.500000000000796,65.00000000000159,intraday
2026-05-01,1,2026-05-01 09:30:00-04:00,2026-05-01 15:55:00-04:00,278.87,280.14,1.2699999999999818,63.49999999999909,124.99999999999818,intraday
2026-05-04,1,2026-05-04 09:30:00-04:00,2026-05-04 15:55:00-04:00,279.69,276.84000000000003,-2.849999999999966,-142.4999999999983,-286.9999999999966,intraday
2026-05-05,1,2026-05-05 09:30:00-04:00,2026-05-05 15:55:00-04:00,276.93,284.16,7.230000000000018,361.5000000000009,721.0000000000018,intraday
2026-05-06,1,2026-05-06 09:30:00-04:00,2026-05-06 15:55:00-04:00,281.93,287.54,5.610000000000014,280.5000000000007,559.0000000000014,intraday
2026-05-07,1,2026-05-07 09:30:00-04:00,2026-05-07 15:55:00-04:00,289.28,287.45,-1.829999999999984,-91.4999999999992,-184.9999999999984,intraday
2026-05-08,1,2026-05-08 09:30:00-04:00,2026-05-08 15:55:00-04:00,290.02,293.21000000000004,3.1900000000000546,159.50000000000273,317.00000000000546,intraday
2026-05-11,1,2026-05-11 09:30:00-04:00,2026-05-11 15:55:00-04:00,291.99,292.67,0.6800000000000068,34.00000000000034,66.00000000000068,intraday
2026-05-12,1,2026-05-12 09:30:00-04:00,2026-05-12 15:55:00-04:00,292.52,294.87,2.3500000000000227,117.50000000000114,233.00000000000227,intraday
2026-05-13,1,2026-05-13 09:30:00-04:00,2026-05-13 15:55:00-04:00,293.42,298.87,5.449999999999989,272.49999999999943,542.9999999999989,intraday
2026-05-14,1,2026-05-14 09:30:00-04:00,2026-05-14 15:55:00-04:00,299.83,298.17,-1.6599999999999682,-82.99999999999841,-167.99999999999682,intraday
2026-05-15,1,2026-05-15 09:30:00-04:00,2026-05-15 15:55:00-04:00,297.95,300.25,2.3000000000000114,115.00000000000057,228.00000000000114,intraday
2026-05-18,1,2026-05-18 09:30:00-04:00,2026-05-18 15:55:00-04:00,300.25,297.84000000000003,-2.409999999999968,-120.49999999999841,-242.99999999999682,intraday
2026-05-19,1,2026-05-19 09:30:00-04:00,2026-05-19 15:55:00-04:00,296.98,298.97,1.990000000000009,99.50000000000045,197.0000000000009,intraday
2026-05-20,1,2026-05-20 09:30:00-04:00,2026-05-20 15:55:00-04:00,298.19,302.26,4.069999999999993,203.49999999999966,404.9999999999993,intraday
2026-05-21,1,2026-05-21 09:30:00-04:00,2026-05-21 15:55:00-04:00,301.03999999999996,305.1,4.060000000000059,203.00000000000296,404.0000000000059,intraday
2026-05-22,1,2026-05-22 09:30:00-04:00,2026-05-22 15:55:00-04:00,306.07,308.87,2.8000000000000114,140.00000000000057,278.00000000000114,intraday
2026-05-26,1,2026-05-26 09:30:00-04:00,2026-05-26 15:55:00-04:00,309.62,308.37,-1.25,-62.5,-127.0,intraday
2026-05-27,1,2026-05-27 09:30:00-04:00,2026-05-27 15:55:00-04:00,308.37,310.92,2.5500000000000114,127.50000000000057,253.00000000000114,intraday
2026-05-28,1,2026-05-28 09:30:00-04:00,2026-05-28 15:55:00-04:00,310.63,312.5,1.8700000000000045,93.50000000000023,185.00000000000045,intraday
2026-05-29,1,2026-05-29 09:30:00-04:00,2026-05-29 15:55:00-04:00,311.78999999999996,312.06,0.27000000000003865,13.500000000001933,25.000000000003865,intraday
2026-06-01,1,2026-06-01 09:30:00-04:00,2026-06-01 15:55:00-04:00,309.38,306.29,-3.089999999999975,-154.49999999999875,-310.9999999999975,intraday
2026-06-02,1,2026-06-02 09:30:00-04:00,2026-06-02 15:55:00-04:00,307.38,315.18,7.800000000000011,390.00000000000057,778.0000000000011,intraday
2026-06-03,1,2026-06-03 09:30:00-04:00,2026-06-03 15:55:00-04:00,314.19,310.37,-3.819999999999993,-190.99999999999966,-383.9999999999993,intraday
2026-06-04,1,2026-06-04 09:30:00-04:00,2026-06-04 15:55:00-04:00,313.17,311.2,-1.9700000000000273,-98.50000000000136,-199.00000000000273,intraday
2026-06-05,1,2026-06-05 09:30:00-04:00,2026-06-05 15:55:00-04:00,312.84999999999997,307.38,-5.46999999999997,-273.4999999999985,-548.999999999997,intraday
2026-06-08,1,2026-06-08 09:30:00-04:00,2026-06-08 15:55:00-04:00,308.75,301.55,-7.199999999999989,-359.99999999999943,-721.9999999999989,intraday
2026-06-09,1,2026-06-09 09:30:00-04:00,2026-06-09 15:55:00-04:00,300.25,290.35,-9.899999999999977,-494.99999999999886,-991.9999999999977,intraday
2026-06-10,1,2026-06-10 09:30:00-04:00,2026-06-10 15:55:00-04:00,290.78,291.47,0.6900000000000546,34.50000000000273,67.00000000000546,intraday
2026-06-11,1,2026-06-11 09:30:00-04:00,2026-06-11 15:55:00-04:00,293.71999999999997,295.33,1.6100000000000136,80.50000000000068,159.00000000000136,intraday
2026-06-12,1,2026-06-12 09:30:00-04:00,2026-06-12 15:55:00-04:00,295.90999999999997,291.09000000000003,-4.819999999999936,-240.99999999999682,-483.99999999999363,intraday
2026-06-15,1,2026-06-15 09:30:00-04:00,2026-06-15 15:55:00-04:00,294.05,296.49,2.4399999999999977,121.99999999999989,241.99999999999977,intraday
2026-06-16,1,2026-06-16 09:30:00-04:00,2026-06-16 15:55:00-04:00,295.15999999999997,299.25,4.090000000000032,204.5000000000016,407.0000000000032,intraday
2026-06-17,1,2026-06-17 09:30:00-04:00,2026-06-17 15:55:00-04:00,300.9,295.87,-5.029999999999973,-251.49999999999864,-504.99999999999727,intraday
2026-06-18,1,2026-06-18 09:30:00-04:00,2026-06-18 15:55:00-04:00,297.96999999999997,297.88,-0.08999999999997499,-4.4999999999987494,-10.999999999997499,intraday
2026-06-22,1,2026-06-22 09:30:00-04:00,2026-06-22 15:55:00-04:00,297.32,296.77,-0.5500000000000114,-27.50000000000057,-57.00000000000114,intraday
2026-06-23,1,2026-06-23 09:30:00-04:00,2026-06-23 15:55:00-04:00,297.55,294.27,-3.2800000000000296,-164.00000000000148,-330.00000000000296,intraday
2026-06-24,1,2026-06-24 09:30:00-04:00,2026-06-24 15:55:00-04:00,295.39,293.25,-2.1399999999999864,-106.99999999999932,-215.99999999999864,intraday
2026-06-25,1,2026-06-25 09:30:00-04:00,2026-06-25 15:55:00-04:00,287.56,275.04,-12.519999999999982,-625.9999999999991,-1253.9999999999982,intraday
2026-06-26,1,2026-06-26 09:30:00-04:00,2026-06-26 15:55:00-04:00,275.01,281.53000000000003,6.520000000000039,326.00000000000193,650.0000000000039,intraday
2026-06-29,1,2026-06-29 09:30:00-04:00,2026-06-29 15:55:00-04:00,286.86,281.62,-5.240000000000009,-262.00000000000045,-526.0000000000009,intraday
2026-06-30,1,2026-06-30 09:30:00-04:00,2026-06-30 15:55:00-04:00,281.18,289.2,8.019999999999982,400.9999999999991,799.9999999999982,intraday
2026-07-01,1,2026-07-01 09:30:00-04:00,2026-07-01 15:55:00-04:00,293.5,294.24,0.7400000000000091,37.000000000000455,72.00000000000091,intraday
2026-07-02,1,2026-07-02 09:30:00-04:00,2026-07-02 15:55:00-04:00,294.14,308.21000000000004,14.07000000000005,703.5000000000025,1405.000000000005,intraday
2026-07-06,1,2026-07-06 09:30:00-04:00,2026-07-06 15:55:00-04:00,307.23,312.78000000000003,5.550000000000011,277.50000000000057,553.0000000000011,intraday
2026-07-07,1,2026-07-07 09:30:00-04:00,2026-07-07 15:55:00-04:00,315.3,310.64,-4.660000000000025,-233.00000000000125,-468.0000000000025,intraday
2026-07-08,1,2026-07-08 09:30:00-04:00,2026-07-08 15:55:00-04:00,311.92,313.25,1.329999999999984,66.4999999999992,130.9999999999984,intraday
2026-07-09,1,2026-07-09 09:30:00-04:00,2026-07-09 15:55:00-04:00,310.34999999999997,316.15000000000003,5.800000000000068,290.0000000000034,578.0000000000068,intraday
2026-07-10,1,2026-07-10 09:30:00-04:00,2026-07-10 15:55:00-04:00,314.67,315.32,0.6499999999999773,32.49999999999886,62.999999999997726,intraday
2026-07-13,1,2026-07-13 09:30:00-04:00,2026-07-13 15:55:00-04:00,317.05,317.41,0.36000000000001364,18.000000000000682,34.000000000001364,intraday
2026-07-14,1,2026-07-14 09:30:00-04:00,2026-07-14 15:55:00-04:00,313.62,314.91,1.2900000000000205,64.50000000000102,127.00000000000205,intraday
2026-07-15,1,2026-07-15 09:30:00-04:00,2026-07-15 15:55:00-04:00,317.53,327.5,9.970000000000027,498.50000000000136,995.0000000000027,intraday
2026-07-16,1,2026-07-16 09:30:00-04:00,2026-07-16 15:55:00-04:00,328.26,333.26,5.0,250.0,498.0,intraday
2026-07-17,1,2026-07-17 09:30:00-04:00,2026-07-17 15:55:00-04:00,332.18,333.73,1.5500000000000114,77.50000000000057,153.00000000000114,intraday
2026-07-20,1,2026-07-20 09:30:00-04:00,2026-07-20 15:55:00-04:00,333.52,326.69,-6.829999999999984,-341.4999999999992,-684.9999999999984,intraday
2026-07-21,1,2026-07-21 09:30:00-04:00,2026-07-21 15:55:00-04:00,323.21999999999997,327.58,4.360000000000014,218.00000000000068,434.00000000000136,intraday
2026-07-22,1,2026-07-22 09:30:00-04:00,2026-07-22 15:55:00-04:00,327.87,325.86,-2.009999999999991,-100.49999999999955,-202.9999999999991,intraday
2026-07-23,1,2026-07-23 09:30:00-04:00,2026-07-23 15:55:00-04:00,321.7,321.57,-0.12999999999999545,-6.499999999999773,-14.999999999999545,intraday
2026-07-24,1,2026-07-24 09:30:00-04:00,2026-07-24 15:55:00-04:00,321.8,333.06,11.259999999999991,562.9999999999995,1123.999999999999,intraday
2026-07-27,1,2026-07-27 09:30:00-04:00,2026-07-27 15:55:00-04:00,335.0,336.91,1.910000000000025,95.50000000000125,189.0000000000025,intraday
2026-07-28,1,2026-07-28 09:30:00-04:00,2026-07-28 15:55:00-04:00,340.03,340.12,0.09000000000003183,4.500000000001592,7.000000000003183,intraday
2026-07-29,1,2026-07-29 09:30:00-04:00,2026-07-29 15:55:00-04:00,339.65,338.33,-1.3199999999999932,-65.99999999999966,-133.99999999999932,intraday
2026-07-30,1,2026-07-30 09:30:00-04:00,2026-07-30 15:55:00-04:00,333.03999999999996,333.84000000000003,0.8000000000000682,40.00000000000341,78.00000000000682,intraday
2026-07-31,1,2026-07-31 09:30:00-04:00,2026-07-31 15:55:00-04:00,304.75,309.02,4.269999999999982,213.4999999999991,424.9999999999982,intraday
2026-08-03,1,2026-08-03 09:30:00-04:00,2026-08-03 15:55:00-04:00,309.74,303.26,-6.480000000000018,-324.0000000000009,-650.0000000000018,intraday
2026-08-04,1,2026-08-04 09:30:00-04:00,2026-08-04 15:55:00-04:00,302.77,309.34000000000003,6.57000000000005,328.5000000000025,655.000000000005,intraday
2026-08-05,1,2026-08-05 09:30:00-04:00,2026-08-05 15:55:00-04:00,309.17,310.91,1.740000000000009,87.00000000000045,172.0000000000009,intraday
2026-08-06,1,2026-08-06 09:30:00-04:00,2026-08-06 15:55:00-04:00,314.34999999999997,312.48,-1.8699999999999477,-93.49999999999739,-188.99999999999477,intraday
2026-08-07,1,2026-08-07 09:30:00-04:00,2026-08-07 15:55:00-04:00,311.5,313.29,1.7900000000000205,89.50000000000102,177.00000000000205,intraday
2026-08-10,1,2026-08-10 09:30:00-04:00,2026-08-10 15:55:00-04:00,306.86,308.24,1.3799999999999955,68.99999999999977,135.99999999999955,intraday
2026-08-11,1,2026-08-11 09:30:00-04:00,2026-08-11 15:55:00-04:00,307.71,304.90000000000003,-2.8099999999999454,-140.49999999999727,-282.99999999999454,intraday
2026-08-12,1,2026-08-12 09:30:00-04:00,2026-08-12 15:55:00-04:00,305.09999999999997,302.21000000000004,-2.8899999999999295,-144.49999999999648,-290.99999999999295,intraday
2026-08-13,1,2026-08-13 09:30:00-04:00,2026-08-13 15:55:00-04:00,304.19,305.26,1.0699999999999932,53.49999999999966,104.99999999999932,intraday
2026-08-14,1,2026-08-14 09:30:00-04:00,2026-08-14 15:55:00-04:00,305.89,305.97,0.08000000000004093,4.000000000002046,6.000000000004093,intraday
2026-08-17,1,2026-08-17 09:30:00-04:00,2026-08-17 15:55:00-04:00,306.01,305.68,-0.3299999999999841,-16.499999999999204,-34.99999999999841,intraday
2026-08-18,1,2026-08-18 09:30:00-04:00,2026-08-18 15:55:00-04:00,307.59,310.2,2.6100000000000136,130.50000000000068,259.00000000000136,intraday
2026-08-19,1,2026-08-19 09:30:00-04:00,2026-08-19 15:55:00-04:00,310.15,316.85,6.7000000000000455,335.0000000000023,668.0000000000045,intraday
2026-08-20,1,2026-08-20 09:30:00-04:00,2026-08-20 15:55:00-04:00,317.46999999999997,311.29,-6.17999999999995,-308.9999999999975,-619.999999999995,intraday
2026-08-21,1,2026-08-21 09:30:00-04:00,2026-08-21 15:55:00-04:00,312.03,309.41,-2.6199999999999477,-130.99999999999739,-263.99999999999477,intraday
2026-08-24,1,2026-08-24 09:30:00-04:00,2026-08-24 15:55:00-04:00,311.53999999999996,310.40000000000003,-1.1399999999999295,-56.999999999996476,-115.99999999999295,intraday
2026-08-25,1,2026-08-25 09:30:00-04:00,2026-08-25 15:55:00-04:00,311.08,309.89,-1.1899999999999977,-59.499999999999886,-120.99999999999977,intraday
2026-08-26,1,2026-08-26 09:30:00-04:00,2026-08-26 15:55:00-04:00,310.26,313.47,3.2100000000000364,160.50000000000182,319.00000000000364,intraday
2026-08-27,1,2026-08-27 09:30:00-04:00,2026-08-27 15:55:00-04:00,310.59999999999997,314.57,3.9700000000000273,198.50000000000136,395.00000000000273,intraday
2026-08-28,1,2026-08-28 09:30:00-04:00,2026-08-28 15:55:00-04:00,316.84999999999997,319.63,2.7800000000000296,139.00000000000148,276.00000000000296,intraday
2026-08-31,1,2026-08-31 09:30:00-04:00,2026-08-31 15:55:00-04:00,319.7,317.19,-2.509999999999991,-125.49999999999955,-252.9999999999991,intraday
2026-09-01,1,2026-09-01 09:30:00-04:00,2026-09-01 15:55:00-04:00,317.01,325.13,8.120000000000005,406.0000000000002,810.0000000000005,intraday
2026-09-02,1,2026-09-02 09:30:00-04:00,2026-09-02 15:55:00-04:00,326.77,325.01,-1.759999999999991,-87.99999999999955,-177.9999999999991,intraday
2026-09-03,1,2026-09-03 09:30:00-04:00,2026-09-03 15:55:00-04:00,324.88,328.21000000000004,3.330000000000041,166.50000000000205,331.0000000000041,intraday
2026-09-04,1,2026-09-04 09:30:00-04:00,2026-09-04 15:55:00-04:00,328.3,319.98,-8.319999999999993,-415.99999999999966,-833.9999999999993,intraday
2026-09-08,1,2026-09-08 09:30:00-04:00,2026-09-08 15:55:00-04:00,317.11,316.3,-0.8100000000000023,-40.500000000000114,-83.00000000000023,intraday
2026-09-09,1,2026-09-09 09:30:00-04:00,2026-09-09 15:55:00-04:00,315.5,315.40000000000003,-0.0999999999999659,-4.999999999998295,-11.99999999999659,intraday
2026-09-10,1,2026-09-10 09:30:00-04:00,2026-09-10 15:55:00-04:00,316.68,326.59000000000003,9.910000000000025,495.50000000000125,989.0000000000025,intraday
2026-09-11,1,2026-09-11 09:30:00-04:00,2026-09-11 15:55:00-04:00,327.37,332.26,4.889999999999986,244.49999999999932,486.99999999999864,intraday
2026-09-14,1,2026-09-14 09:30:00-04:00,2026-09-14 15:55:00-04:00,334.69,333.04,-1.6499999999999773,-82.49999999999886,-166.99999999999773,intraday
2026-09-15,1,2026-09-15 09:30:00-04:00,2026-09-15 15:55:00-04:00,330.2,331.33,1.1299999999999955,56.49999999999977,110.99999999999955,intraday
2026-09-16,1,2026-09-16 09:30:00-04:00,2026-09-16 15:55:00-04:00,332.42,332.5,0.07999999999998408,3.999999999999204,5.999999999998408,intraday
2026-09-17,1,2026-09-17 09:30:00-04:00,2026-09-17 15:55:00-04:00,334.78,337.08,2.3000000000000114,115.00000000000057,228.00000000000114,intraday
2026-09-18,1,2026-09-18 09:30:00-04:00,2026-09-18 15:55:00-04:00,337.92,335.61,-2.3100000000000023,-115.50000000000011,-233.00000000000023,intraday
2026-09-21,1,2026-09-21 09:30:00-04:00,2026-09-21 15:55:00-04:00,335.37,339.01,3.6399999999999864,181.99999999999932,361.99999999999864,intraday
2026-09-22,1,2026-09-22 09:30:00-04:00,2026-09-22 15:55:00-04:00,339.96999999999997,339.72,-0.24999999999994316,-12.499999999997158,-26.999999999994316,intraday
2026-09-23,1,2026-09-23 09:30:00-04:00,2026-09-23 15:55:00-04:00,341.26,336.94,-4.319999999999993,-215.99999999999966,-433.9999999999993,intraday
