date,side,entry_time,exit_time,entry,exit,pts,r_mult,pnl,reason
2023-09-07,1,2023-09-06 15:55:00-04:00,2023-09-07 09:30:00-04:00,446.21,443.14,-3.069999999999993,-153.49999999999966,-308.9999999999993,overnight
2023-09-08,1,2023-09-07 15:55:00-04:00,2023-09-08 09:30:00-04:00,444.84999999999997,444.89,0.040000000000020464,2.000000000001023,2.0000000000020464,overnight
2023-09-11,1,2023-09-08 15:55:00-04:00,2023-09-11 09:30:00-04:00,445.52,448.24,2.7200000000000273,136.00000000000136,270.00000000000273,overnight
2023-09-12,1,2023-09-11 15:55:00-04:00,2023-09-12 09:30:00-04:00,448.49,446.94,-1.5500000000000114,-77.50000000000057,-157.00000000000114,overnight
2023-09-13,1,2023-09-12 15:55:00-04:00,2023-09-13 09:30:00-04:00,445.98,446.21000000000004,0.2300000000000182,11.50000000000091,21.00000000000182,overnight
2023-09-14,1,2023-09-13 15:55:00-04:00,2023-09-14 09:30:00-04:00,446.52,449.06,2.5400000000000205,127.00000000000102,252.00000000000205,overnight
2023-09-15,1,2023-09-14 15:55:00-04:00,2023-09-15 09:30:00-04:00,450.42,447.11,-3.3100000000000023,-165.5000000000001,-333.0000000000002,overnight
2023-09-18,1,2023-09-15 15:55:00-04:00,2023-09-18 09:30:00-04:00,443.31,443.04,-0.2699999999999818,-13.49999999999909,-28.99999999999818,overnight
2023-09-19,1,2023-09-18 15:55:00-04:00,2023-09-19 09:30:00-04:00,443.65,442.67,-0.9799999999999613,-48.99999999999807,-99.99999999999613,overnight
2023-09-20,1,2023-09-19 15:55:00-04:00,2023-09-20 09:30:00-04:00,442.76,444.0,1.240000000000009,62.000000000000455,122.00000000000091,overnight
2023-09-21,1,2023-09-20 15:55:00-04:00,2023-09-21 09:30:00-04:00,438.59999999999997,435.68,-2.919999999999959,-145.99999999999795,-293.9999999999959,overnight
2023-09-22,1,2023-09-21 15:55:00-04:00,2023-09-22 09:30:00-04:00,431.42,432.45,1.0299999999999727,51.499999999998636,100.99999999999727,overnight
2023-09-25,1,2023-09-22 15:55:00-04:00,2023-09-25 09:30:00-04:00,430.39,429.15000000000003,-1.2399999999999523,-61.99999999999761,-125.99999999999523,overnight
2023-09-26,1,2023-09-25 15:55:00-04:00,2023-09-26 09:30:00-04:00,432.23,429.08,-3.150000000000034,-157.5000000000017,-317.0000000000034,overnight
2023-09-27,1,2023-09-26 15:55:00-04:00,2023-09-27 09:30:00-04:00,425.84999999999997,427.05,1.2000000000000455,60.000000000002274,118.00000000000455,overnight
2023-09-28,1,2023-09-27 15:55:00-04:00,2023-09-28 09:30:00-04:00,426.03999999999996,425.47,-0.5699999999999363,-28.499999999996817,-58.99999999999363,overnight
2023-09-29,1,2023-09-28 15:55:00-04:00,2023-09-29 09:30:00-04:00,428.53999999999996,431.65000000000003,3.1100000000000705,155.50000000000352,309.00000000000705,overnight
2023-10-02,1,2023-09-29 15:55:00-04:00,2023-10-02 09:30:00-04:00,427.42,426.6,-0.8199999999999932,-40.99999999999966,-83.99999999999932,overnight
2023-10-03,1,2023-10-02 15:55:00-04:00,2023-10-03 09:30:00-04:00,427.37,425.03000000000003,-2.339999999999975,-116.99999999999875,-235.9999999999975,overnight
2023-10-04,1,2023-10-03 15:55:00-04:00,2023-10-04 09:30:00-04:00,421.69,422.06,0.37000000000000455,18.500000000000227,35.000000000000455,overnight
2023-10-05,1,2023-10-04 15:55:00-04:00,2023-10-05 09:30:00-04:00,424.71,424.35,-0.3599999999999568,-17.99999999999784,-37.99999999999568,overnight
2023-10-06,1,2023-10-05 15:55:00-04:00,2023-10-06 09:30:00-04:00,424.46999999999997,421.96000000000004,-2.509999999999934,-125.4999999999967,-252.9999999999934,overnight
2023-10-09,1,2023-10-06 15:55:00-04:00,2023-10-09 09:30:00-04:00,429.53,427.57,-1.9599999999999795,-97.99999999999898,-197.99999999999795,overnight
2023-10-10,1,2023-10-09 15:55:00-04:00,2023-10-10 09:30:00-04:00,432.28999999999996,432.93,0.6400000000000432,32.00000000000216,62.00000000000432,overnight
2023-10-11,1,2023-10-10 15:55:00-04:00,2023-10-11 09:30:00-04:00,434.5,435.64,1.1399999999999864,56.99999999999932,111.99999999999864,overnight
2023-10-12,1,2023-10-11 15:55:00-04:00,2023-10-12 09:30:00-04:00,436.32,436.94,0.6200000000000045,31.000000000000227,60.000000000000455,overnight
2023-10-13,1,2023-10-12 15:55:00-04:00,2023-10-13 09:30:00-04:00,433.71999999999997,435.2,1.4800000000000182,74.00000000000091,146.00000000000182,overnight
2023-10-16,1,2023-10-13 15:55:00-04:00,2023-10-16 09:30:00-04:00,431.56,433.81,2.25,112.5,223.0,overnight
2023-10-17,1,2023-10-16 15:55:00-04:00,2023-10-17 09:30:00-04:00,436.03999999999996,432.83,-3.2099999999999795,-160.49999999999898,-322.99999999999795,overnight
2023-10-18,1,2023-10-17 15:55:00-04:00,2023-10-18 09:30:00-04:00,436.09999999999997,434.18,-1.919999999999959,-95.99999999999795,-193.9999999999959,overnight
2023-10-19,1,2023-10-18 15:55:00-04:00,2023-10-19 09:30:00-04:00,430.23,430.92,0.6899999999999977,34.499999999999886,66.99999999999977,overnight
2023-10-20,1,2023-10-19 15:55:00-04:00,2023-10-20 09:30:00-04:00,426.44,425.97,-0.46999999999997044,-23.499999999998522,-48.999999999997044,overnight
2023-10-23,1,2023-10-20 15:55:00-04:00,2023-10-23 09:30:00-04:00,421.21999999999997,419.59000000000003,-1.6299999999999386,-81.49999999999693,-164.99999999999386,overnight
2023-10-24,1,2023-10-23 15:55:00-04:00,2023-10-24 09:30:00-04:00,420.46999999999997,422.63,2.160000000000025,108.00000000000125,214.0000000000025,overnight
2023-10-25,1,2023-10-24 15:55:00-04:00,2023-10-25 09:30:00-04:00,423.63,421.88,-1.75,-87.5,-177.0,overnight
2023-10-26,1,2023-10-25 15:55:00-04:00,2023-10-26 09:30:00-04:00,417.62,416.44,-1.1800000000000068,-59.00000000000034,-120.00000000000068,overnight
2023-10-27,1,2023-10-26 15:55:00-04:00,2023-10-27 09:30:00-04:00,412.59999999999997,414.18,1.580000000000041,79.00000000000205,156.0000000000041,overnight
2023-10-30,1,2023-10-27 15:55:00-04:00,2023-10-30 09:30:00-04:00,410.75,413.53000000000003,2.7800000000000296,139.00000000000148,276.00000000000296,overnight
2023-10-31,1,2023-10-30 15:55:00-04:00,2023-10-31 09:30:00-04:00,415.59999999999997,416.19,0.5900000000000318,29.50000000000159,57.00000000000318,overnight
2023-11-01,1,2023-10-31 15:55:00-04:00,2023-11-01 09:30:00-04:00,418.25,419.19,0.9399999999999977,46.999999999999886,91.99999999999977,overnight
2023-11-02,1,2023-11-01 15:55:00-04:00,2023-11-02 09:30:00-04:00,422.71,426.57,3.8600000000000136,193.00000000000068,384.00000000000136,overnight
2023-11-03,1,2023-11-02 15:55:00-04:00,2023-11-03 09:30:00-04:00,430.76,433.1,2.340000000000032,117.00000000000159,232.00000000000318,overnight
2023-11-06,1,2023-11-03 15:55:00-04:00,2023-11-06 09:30:00-05:00,434.71,435.46000000000004,0.7500000000000568,37.50000000000284,73.00000000000568,overnight
2023-11-07,1,2023-11-06 15:55:00-05:00,2023-11-07 09:30:00-05:00,435.65999999999997,435.68,0.020000000000038654,1.0000000000019327,3.865352482534945e-12,overnight
2023-11-08,1,2023-11-07 15:55:00-05:00,2023-11-08 09:30:00-05:00,436.89,437.52,0.6299999999999955,31.499999999999773,60.999999999999545,overnight
2023-11-09,1,2023-11-08 15:55:00-05:00,2023-11-09 09:30:00-05:00,437.21999999999997,438.41,1.1900000000000546,59.50000000000273,117.00000000000546,overnight
2023-11-10,1,2023-11-09 15:55:00-05:00,2023-11-10 09:30:00-05:00,433.87,435.97,2.1000000000000227,105.00000000000114,208.00000000000227,overnight
2023-11-13,1,2023-11-10 15:55:00-05:00,2023-11-13 09:30:00-05:00,440.62,439.21000000000004,-1.4099999999999682,-70.49999999999841,-142.99999999999682,overnight
2023-11-14,1,2023-11-13 15:55:00-05:00,2023-11-14 09:30:00-05:00,440.21999999999997,446.3,6.080000000000041,304.00000000000205,606.0000000000041,overnight
2023-11-15,1,2023-11-14 15:55:00-05:00,2023-11-15 09:30:00-05:00,448.74,450.08,1.339999999999975,66.99999999999875,131.9999999999975,overnight
2023-11-16,1,2023-11-15 15:55:00-05:00,2023-11-16 09:30:00-05:00,449.65,449.21000000000004,-0.4399999999999409,-21.999999999997044,-45.99999999999409,overnight
2023-11-17,1,2023-11-16 15:55:00-05:00,2023-11-17 09:30:00-05:00,450.23,450.23,0.0,0.0,-2.0,overnight
2023-11-20,1,2023-11-17 15:55:00-05:00,2023-11-20 09:30:00-05:00,450.78999999999996,450.51,-0.2799999999999727,-13.999999999998636,-29.99999999999727,overnight
2023-11-21,1,2023-11-20 15:55:00-05:00,2023-11-21 09:30:00-05:00,454.25,453.17,-1.079999999999984,-53.999999999999204,-109.99999999999841,overnight
2023-11-22,1,2023-11-21 15:55:00-05:00,2023-11-22 09:30:00-05:00,453.28,454.98,1.7000000000000455,85.00000000000227,168.00000000000455,overnight
2023-11-27,1,2023-11-22 15:55:00-05:00,2023-11-27 09:30:00-05:00,455.03999999999996,454.64,-0.39999999999997726,-19.999999999998863,-41.999999999997726,overnight
2023-11-28,1,2023-11-27 15:55:00-05:00,2023-11-28 09:30:00-05:00,454.51,454.07,-0.4399999999999977,-21.999999999999886,-45.99999999999977,overnight
2023-11-29,1,2023-11-28 15:55:00-05:00,2023-11-29 09:30:00-05:00,454.9,457.14,2.240000000000009,112.00000000000045,222.0000000000009,overnight
2023-11-30,1,2023-11-29 15:55:00-05:00,2023-11-30 09:30:00-05:00,454.63,455.48,0.8500000000000227,42.50000000000114,83.00000000000227,overnight
2023-12-01,1,2023-11-30 15:55:00-05:00,2023-12-01 09:30:00-05:00,456.32,455.74,-0.5799999999999841,-28.999999999999204,-59.99999999999841,overnight
2023-12-04,1,2023-12-01 15:55:00-05:00,2023-12-04 09:30:00-05:00,459.05,455.59000000000003,-3.4599999999999795,-172.99999999999898,-347.99999999999795,overnight
2023-12-05,1,2023-12-04 15:55:00-05:00,2023-12-05 09:30:00-05:00,456.69,455.25,-1.4399999999999977,-71.99999999999989,-145.99999999999977,overnight
2023-12-06,1,2023-12-05 15:55:00-05:00,2023-12-06 09:30:00-05:00,456.59,458.8,2.2100000000000364,110.50000000000182,219.00000000000364,overnight
2023-12-07,1,2023-12-06 15:55:00-05:00,2023-12-07 09:30:00-05:00,454.71999999999997,456.88,2.160000000000025,108.00000000000125,214.0000000000025,overnight
2023-12-08,1,2023-12-07 15:55:00-05:00,2023-12-08 09:30:00-05:00,458.21999999999997,457.45,-0.7699999999999818,-38.49999999999909,-78.99999999999818,overnight
2023-12-11,1,2023-12-08 15:55:00-05:00,2023-12-11 09:30:00-05:00,460.15,459.69,-0.45999999999997954,-22.999999999998977,-47.999999999997954,overnight
2023-12-12,1,2023-12-11 15:55:00-05:00,2023-12-12 09:30:00-05:00,461.98,461.62,-0.36000000000001364,-18.000000000000682,-38.000000000001364,overnight
2023-12-13,1,2023-12-12 15:55:00-05:00,2023-12-13 09:30:00-05:00,464.15999999999997,464.48,0.32000000000005,16.0000000000025,30.000000000005002,overnight
2023-12-14,1,2023-12-13 15:55:00-05:00,2023-12-14 09:30:00-05:00,470.45,472.5,2.0500000000000114,102.50000000000057,203.00000000000114,overnight
2023-12-15,1,2023-12-14 15:55:00-05:00,2023-12-15 09:30:00-05:00,472.01,469.49,-2.519999999999982,-125.99999999999909,-253.99999999999818,overnight
2023-12-18,1,2023-12-15 15:55:00-05:00,2023-12-18 09:30:00-05:00,469.38,470.98,1.6000000000000227,80.00000000000114,158.00000000000227,overnight
2023-12-19,1,2023-12-18 15:55:00-05:00,2023-12-19 09:30:00-05:00,472.03,472.52,0.4900000000000091,24.500000000000455,47.00000000000091,overnight
2023-12-20,1,2023-12-19 15:55:00-05:00,2023-12-20 09:30:00-05:00,474.83,473.95,-0.8799999999999955,-43.99999999999977,-89.99999999999955,overnight
2023-12-21,1,2023-12-20 15:55:00-05:00,2023-12-21 09:30:00-05:00,467.99,471.31,3.319999999999993,165.99999999999966,329.9999999999993,overnight
2023-12-22,1,2023-12-21 15:55:00-05:00,2023-12-22 09:30:00-05:00,472.69,473.85,1.160000000000025,58.00000000000125,114.0000000000025,overnight
2023-12-26,1,2023-12-22 15:55:00-05:00,2023-12-26 09:30:00-05:00,473.63,474.07,0.4399999999999977,21.999999999999886,41.99999999999977,overnight
2023-12-27,1,2023-12-26 15:55:00-05:00,2023-12-27 09:30:00-05:00,475.59999999999997,475.43,-0.16999999999995907,-8.499999999997954,-18.999999999995907,overnight
2023-12-28,1,2023-12-27 15:55:00-05:00,2023-12-28 09:30:00-05:00,476.52,476.83,0.3100000000000023,15.500000000000114,29.000000000000227,overnight
2023-12-29,1,2023-12-28 15:55:00-05:00,2023-12-29 09:30:00-05:00,476.68,476.49,-0.18999999999999773,-9.499999999999886,-20.999999999999773,overnight
2024-01-02,1,2023-12-29 15:55:00-05:00,2024-01-02 09:30:00-05:00,475.36,472.15000000000003,-3.2099999999999795,-160.49999999999898,-322.99999999999795,overnight
2024-01-03,1,2024-01-02 15:55:00-05:00,2024-01-03 09:30:00-05:00,472.61,470.41,-2.1999999999999886,-109.99999999999943,-221.99999999999886,overnight
2024-01-04,1,2024-01-03 15:55:00-05:00,2024-01-04 09:30:00-05:00,468.74,468.29,-0.44999999999998863,-22.49999999999943,-46.99999999999886,overnight
2024-01-05,1,2024-01-04 15:55:00-05:00,2024-01-05 09:30:00-05:00,467.28999999999996,467.47,0.18000000000006366,9.000000000003183,16.000000000006366,overnight
2024-01-08,1,2024-01-05 15:55:00-05:00,2024-01-08 09:30:00-05:00,467.96999999999997,468.42,0.4500000000000455,22.500000000002274,43.00000000000455,overnight
2024-01-09,1,2024-01-08 15:55:00-05:00,2024-01-09 09:30:00-05:00,474.57,471.88,-2.6899999999999977,-134.4999999999999,-270.9999999999998,overnight
2024-01-10,1,2024-01-09 15:55:00-05:00,2024-01-10 09:30:00-05:00,473.86,474.15000000000003,0.29000000000002046,14.500000000001023,27.000000000002046,overnight
2024-01-11,1,2024-01-10 15:55:00-05:00,2024-01-11 09:30:00-05:00,476.53999999999996,477.58,1.0400000000000205,52.00000000000102,102.00000000000205,overnight
2024-01-12,1,2024-01-11 15:55:00-05:00,2024-01-12 09:30:00-05:00,476.34,477.83,1.490000000000009,74.50000000000045,147.0000000000009,overnight
2024-01-16,1,2024-01-12 15:55:00-05:00,2024-01-16 09:30:00-05:00,476.68,475.24,-1.4399999999999977,-71.99999999999989,-145.99999999999977,overnight
2024-01-17,1,2024-01-16 15:55:00-05:00,2024-01-17 09:30:00-05:00,474.96,471.81,-3.1499999999999773,-157.49999999999886,-316.9999999999977,overnight
2024-01-18,1,2024-01-17 15:55:00-05:00,2024-01-18 09:30:00-05:00,472.28999999999996,473.99,1.7000000000000455,85.00000000000227,168.00000000000455,overnight
2024-01-19,1,2024-01-18 15:55:00-05:00,2024-01-19 09:30:00-05:00,476.48,477.64,1.1599999999999682,57.99999999999841,113.99999999999682,overnight
2024-01-22,1,2024-01-19 15:55:00-05:00,2024-01-22 09:30:00-05:00,482.43,484.0,1.5699999999999932,78.49999999999966,154.99999999999932,overnight
2024-01-23,1,2024-01-22 15:55:00-05:00,2024-01-23 09:30:00-05:00,483.52,484.01,0.4900000000000091,24.500000000000455,47.00000000000091,overnight
2024-01-24,1,2024-01-23 15:55:00-05:00,2024-01-24 09:30:00-05:00,484.89,487.78000000000003,2.890000000000043,144.50000000000216,287.0000000000043,overnight
2024-01-25,1,2024-01-24 15:55:00-05:00,2024-01-25 09:30:00-05:00,485.34999999999997,487.55,2.2000000000000455,110.00000000000227,218.00000000000455,overnight
2024-01-26,1,2024-01-25 15:55:00-05:00,2024-01-26 09:30:00-05:00,488.02,487.58,-0.4399999999999977,-21.999999999999886,-45.99999999999977,overnight
2024-01-29,1,2024-01-26 15:55:00-05:00,2024-01-29 09:30:00-05:00,487.46999999999997,487.72,0.25000000000005684,12.500000000002842,23.000000000005684,overnight
2024-01-30,1,2024-01-29 15:55:00-05:00,2024-01-30 09:30:00-05:00,491.28,490.55,-0.7299999999999613,-36.49999999999807,-74.99999999999613,overnight
2024-01-31,1,2024-01-30 15:55:00-05:00,2024-01-31 09:30:00-05:00,490.88,488.63,-2.25,-112.5,-227.0,overnight
2024-02-01,1,2024-01-31 15:55:00-05:00,2024-02-01 09:30:00-05:00,482.93,484.62,1.6899999999999977,84.49999999999989,166.99999999999977,overnight
2024-02-02,1,2024-02-01 15:55:00-05:00,2024-02-02 09:30:00-05:00,489.24,489.65000000000003,0.410000000000025,20.50000000000125,39.0000000000025,overnight
2024-02-05,1,2024-02-02 15:55:00-05:00,2024-02-05 09:30:00-05:00,494.28,493.7,-0.5799999999999841,-28.999999999999204,-59.99999999999841,overnight
2024-02-06,1,2024-02-05 15:55:00-05:00,2024-02-06 09:30:00-05:00,492.59,493.51,0.9200000000000159,46.000000000000796,90.00000000000159,overnight
2024-02-07,1,2024-02-06 15:55:00-05:00,2024-02-07 09:30:00-05:00,493.98,496.27,2.2899999999999636,114.49999999999818,226.99999999999636,overnight
2024-02-08,1,2024-02-07 15:55:00-05:00,2024-02-08 09:30:00-05:00,498.06,498.09000000000003,0.03000000000002956,1.500000000001478,1.0000000000029559,overnight
2024-02-09,1,2024-02-08 15:55:00-05:00,2024-02-09 09:30:00-05:00,498.40999999999997,498.85,0.44000000000005457,22.00000000000273,42.00000000000546,overnight
2024-02-12,1,2024-02-09 15:55:00-05:00,2024-02-12 09:30:00-05:00,501.19,501.16,-0.029999999999972715,-1.4999999999986358,-4.9999999999972715,overnight
2024-02-13,1,2024-02-12 15:55:00-05:00,2024-02-13 09:30:00-05:00,500.96,494.53000000000003,-6.42999999999995,-321.4999999999975,-644.999999999995,overnight
2024-02-14,1,2024-02-13 15:55:00-05:00,2024-02-14 09:30:00-05:00,494.15,496.74,2.590000000000032,129.5000000000016,257.0000000000032,overnight
2024-02-15,1,2024-02-14 15:55:00-05:00,2024-02-15 09:30:00-05:00,498.64,499.29,0.6500000000000341,32.500000000001705,63.00000000000341,overnight
2024-02-16,1,2024-02-15 15:55:00-05:00,2024-02-16 09:30:00-05:00,501.96,501.67,-0.2899999999999636,-14.499999999998181,-30.999999999996362,overnight
2024-02-20,1,2024-02-16 15:55:00-05:00,2024-02-20 09:30:00-05:00,499.49,497.71000000000004,-1.7799999999999727,-88.99999999999864,-179.99999999999727,overnight
2024-02-21,1,2024-02-20 15:55:00-05:00,2024-02-21 09:30:00-05:00,496.75,495.43,-1.3199999999999932,-65.99999999999966,-133.99999999999932,overnight
2024-02-22,1,2024-02-21 15:55:00-05:00,2024-02-22 09:30:00-05:00,497.19,503.99,6.800000000000011,340.00000000000057,678.0000000000011,overnight
2024-02-23,1,2024-02-22 15:55:00-05:00,2024-02-23 09:30:00-05:00,507.53999999999996,509.23,1.6900000000000546,84.50000000000273,167.00000000000546,overnight
2024-02-26,1,2024-02-23 15:55:00-05:00,2024-02-26 09:30:00-05:00,507.83,508.3,0.4700000000000273,23.500000000001364,45.00000000000273,overnight
2024-02-27,1,2024-02-26 15:55:00-05:00,2024-02-27 09:30:00-05:00,506.01,506.68,0.6700000000000159,33.500000000000796,65.00000000000159,overnight
2024-02-28,1,2024-02-27 15:55:00-05:00,2024-02-28 09:30:00-05:00,506.90999999999997,505.32,-1.589999999999975,-79.49999999999875,-160.9999999999975,overnight
2024-02-29,1,2024-02-28 15:55:00-05:00,2024-02-29 09:30:00-05:00,506.21,508.06,1.8500000000000227,92.50000000000114,183.00000000000227,overnight
2024-03-01,1,2024-02-29 15:55:00-05:00,2024-03-01 09:30:00-05:00,508.18,508.97,0.7900000000000205,39.50000000000102,77.00000000000205,overnight
2024-03-04,1,2024-03-01 15:55:00-05:00,2024-03-04 09:30:00-05:00,512.86,512.03,-0.8300000000000409,-41.500000000002046,-85.00000000000409,overnight
2024-03-05,1,2024-03-04 15:55:00-05:00,2024-03-05 09:30:00-05:00,512.28,510.23,-2.0499999999999545,-102.49999999999773,-206.99999999999545,overnight
2024-03-06,1,2024-03-05 15:55:00-05:00,2024-03-06 09:30:00-05:00,507.15,510.54,3.390000000000043,169.50000000000216,337.0000000000043,overnight
2024-03-07,1,2024-03-06 15:55:00-05:00,2024-03-07 09:30:00-05:00,509.81,513.1,3.2900000000000205,164.50000000000102,327.00000000000205,overnight
2024-03-08,1,2024-03-07 15:55:00-05:00,2024-03-08 09:30:00-05:00,514.87,515.45,0.5800000000000409,29.000000000002046,56.00000000000409,overnight
2024-03-11,1,2024-03-08 15:55:00-05:00,2024-03-11 09:30:00-04:00,511.77,510.47,-1.2999999999999545,-64.99999999999773,-131.99999999999545,overnight
2024-03-12,1,2024-03-11 15:55:00-04:00,2024-03-12 09:30:00-04:00,511.26,513.44,2.1800000000000637,109.00000000000318,216.00000000000637,overnight
2024-03-13,1,2024-03-12 15:55:00-04:00,2024-03-13 09:30:00-04:00,516.8199999999999,517.1,0.2800000000000864,14.00000000000432,26.00000000000864,overnight
2024-03-14,1,2024-03-13 15:55:00-04:00,2024-03-14 09:30:00-04:00,516.0,516.96,0.9600000000000364,48.00000000000182,94.00000000000364,overnight
2024-03-15,1,2024-03-14 15:55:00-04:00,2024-03-15 09:30:00-04:00,514.96,510.21000000000004,-4.75,-237.5,-477.0,overnight
2024-03-18,1,2024-03-15 15:55:00-04:00,2024-03-18 09:30:00-04:00,509.75,514.0,4.25,212.5,423.0,overnight
2024-03-19,1,2024-03-18 15:55:00-04:00,2024-03-19 09:30:00-04:00,512.88,512.14,-0.7400000000000091,-37.000000000000455,-76.00000000000091,overnight
2024-03-20,1,2024-03-19 15:55:00-04:00,2024-03-20 09:30:00-04:00,515.77,515.76,-0.009999999999990905,-0.49999999999954525,-2.9999999999990905,overnight
2024-03-21,1,2024-03-20 15:55:00-04:00,2024-03-21 09:30:00-04:00,520.43,523.35,2.9200000000000728,146.00000000000364,290.0000000000073,overnight
2024-03-22,1,2024-03-21 15:55:00-04:00,2024-03-22 09:30:00-04:00,522.11,522.08,-0.029999999999972715,-1.4999999999986358,-4.9999999999972715,overnight
2024-03-25,1,2024-03-22 15:55:00-04:00,2024-03-25 09:30:00-04:00,521.27,519.78,-1.490000000000009,-74.50000000000045,-151.0000000000009,overnight
2024-03-26,1,2024-03-25 15:55:00-04:00,2024-03-26 09:30:00-04:00,519.8199999999999,521.22,1.400000000000091,70.00000000000455,138.0000000000091,overnight
2024-03-27,1,2024-03-26 15:55:00-04:00,2024-03-27 09:30:00-04:00,518.68,521.7,3.0200000000000955,151.00000000000477,300.00000000000955,overnight
2024-03-28,1,2024-03-27 15:55:00-04:00,2024-03-28 09:30:00-04:00,523.18,523.21,0.030000000000086402,1.50000000000432,1.0000000000086402,overnight
2024-04-01,1,2024-03-28 15:55:00-04:00,2024-04-01 09:30:00-04:00,523.14,523.82,0.6800000000000637,34.00000000000318,66.00000000000637,overnight
2024-04-02,1,2024-04-01 15:55:00-04:00,2024-04-02 09:30:00-04:00,522.23,518.24,-3.990000000000009,-199.50000000000045,-401.0000000000009,overnight
2024-04-03,1,2024-04-02 15:55:00-04:00,2024-04-03 09:30:00-04:00,518.86,517.71,-1.1499999999999773,-57.49999999999886,-116.99999999999773,overnight
2024-04-04,1,2024-04-03 15:55:00-04:00,2024-04-04 09:30:00-04:00,519.39,523.52,4.1299999999999955,206.49999999999977,410.99999999999955,overnight
2024-04-05,1,2024-04-04 15:55:00-04:00,2024-04-05 09:30:00-04:00,513.06,514.42,1.3600000000000136,68.00000000000068,134.00000000000136,overnight
2024-04-08,1,2024-04-05 15:55:00-04:00,2024-04-08 09:30:00-04:00,518.41,519.17,0.7599999999999909,37.999999999999545,73.99999999999909,overnight
2024-04-09,1,2024-04-08 15:55:00-04:00,2024-04-09 09:30:00-04:00,518.68,520.49,1.8100000000000591,90.50000000000296,179.0000000000059,overnight
2024-04-10,1,2024-04-09 15:55:00-04:00,2024-04-10 09:30:00-04:00,519.31,513.47,-5.839999999999918,-291.9999999999959,-585.9999999999918,overnight
2024-04-11,1,2024-04-10 15:55:00-04:00,2024-04-11 09:30:00-04:00,514.17,515.67,1.5,75.0,148.0,overnight
2024-04-12,1,2024-04-11 15:55:00-04:00,2024-04-12 09:30:00-04:00,518.06,514.39,-3.669999999999959,-183.49999999999795,-368.9999999999959,overnight
2024-04-15,1,2024-04-12 15:55:00-04:00,2024-04-15 09:30:00-04:00,510.83,515.1,4.270000000000039,213.50000000000193,425.00000000000387,overnight
2024-04-16,1,2024-04-15 15:55:00-04:00,2024-04-16 09:30:00-04:00,504.51,504.93,0.4200000000000159,21.000000000000796,40.00000000000159,overnight
2024-04-17,1,2024-04-16 15:55:00-04:00,2024-04-17 09:30:00-04:00,503.51,506.04,2.5300000000000296,126.50000000000148,251.00000000000296,overnight
2024-04-18,1,2024-04-17 15:55:00-04:00,2024-04-18 09:30:00-04:00,500.51,501.97,1.4600000000000364,73.00000000000182,144.00000000000364,overnight
2024-04-19,1,2024-04-18 15:55:00-04:00,2024-04-19 09:30:00-04:00,499.51,499.43,-0.07999999999998408,-3.999999999999204,-9.999999999998408,overnight
2024-04-22,1,2024-04-19 15:55:00-04:00,2024-04-22 09:30:00-04:00,495.11,497.83,2.7199999999999704,135.99999999999852,269.99999999999704,overnight
2024-04-23,1,2024-04-22 15:55:00-04:00,2024-04-23 09:30:00-04:00,499.65999999999997,501.78000000000003,2.1200000000000614,106.00000000000307,210.00000000000614,overnight
2024-04-24,1,2024-04-23 15:55:00-04:00,2024-04-24 09:30:00-04:00,505.65,506.55,0.9000000000000341,45.000000000001705,88.00000000000341,overnight
2024-04-25,1,2024-04-24 15:55:00-04:00,2024-04-25 09:30:00-04:00,505.46999999999997,499.18,-6.289999999999964,-314.4999999999982,-630.9999999999964,overnight
2024-04-26,1,2024-04-25 15:55:00-04:00,2024-04-26 09:30:00-04:00,503.45,506.35,2.900000000000034,145.0000000000017,288.0000000000034,overnight
2024-04-29,1,2024-04-26 15:55:00-04:00,2024-04-29 09:30:00-04:00,508.25,510.07,1.8199999999999932,90.99999999999966,179.99999999999932,overnight
2024-04-30,1,2024-04-29 15:55:00-04:00,2024-04-30 09:30:00-04:00,510.06,508.53000000000003,-1.5299999999999727,-76.49999999999864,-154.99999999999727,overnight
2024-05-01,1,2024-04-30 15:55:00-04:00,2024-05-01 09:30:00-04:00,502.03999999999996,501.37,-0.6699999999999591,-33.499999999997954,-68.99999999999591,overnight
2024-05-02,1,2024-05-01 15:55:00-04:00,2024-05-02 09:30:00-04:00,500.28,504.11,3.830000000000041,191.50000000000205,381.0000000000041,overnight
2024-05-03,1,2024-05-02 15:55:00-04:00,2024-05-03 09:30:00-04:00,505.02,511.12,6.100000000000023,305.00000000000114,608.0000000000023,overnight
2024-05-06,1,2024-05-03 15:55:00-04:00,2024-05-06 09:30:00-04:00,511.3,513.74,2.4399999999999977,121.99999999999989,241.99999999999977,overnight
2024-05-07,1,2024-05-06 15:55:00-04:00,2024-05-07 09:30:00-04:00,516.6,517.54,0.9399999999999409,46.999999999997044,91.99999999999409,overnight
2024-05-08,1,2024-05-07 15:55:00-04:00,2024-05-08 09:30:00-04:00,517.21,515.24,-1.9700000000000273,-98.50000000000136,-199.00000000000273,overnight
2024-05-09,1,2024-05-08 15:55:00-04:00,2024-05-09 09:30:00-04:00,517.2,517.36,0.15999999999996817,7.999999999998408,13.999999999996817,overnight
2024-05-10,1,2024-05-09 15:55:00-04:00,2024-05-10 09:30:00-04:00,520.14,521.8,1.6599999999999682,82.99999999999841,163.99999999999682,overnight
2024-05-13,1,2024-05-10 15:55:00-04:00,2024-05-13 09:30:00-04:00,520.85,522.55,1.6999999999999318,84.99999999999659,167.99999999999318,overnight
2024-05-14,1,2024-05-13 15:55:00-04:00,2024-05-14 09:30:00-04:00,520.92,521.1,0.18000000000006366,9.000000000003183,16.000000000006366,overnight
2024-05-15,1,2024-05-14 15:55:00-04:00,2024-05-15 09:30:00-04:00,523.3,525.83,2.5300000000000864,126.50000000000432,251.00000000000864,overnight
2024-05-16,1,2024-05-15 15:55:00-04:00,2024-05-16 09:30:00-04:00,529.78,529.86,0.08000000000004093,4.000000000002046,6.000000000004093,overnight
2024-05-17,1,2024-05-16 15:55:00-04:00,2024-05-17 09:30:00-04:00,528.66,528.8,0.13999999999998636,6.999999999999318,11.999999999998636,overnight
2024-05-20,1,2024-05-17 15:55:00-04:00,2024-05-20 09:30:00-04:00,529.4399999999999,529.5600000000001,0.12000000000011823,6.000000000005912,10.000000000011823,overnight
2024-05-21,1,2024-05-20 15:55:00-04:00,2024-05-21 09:30:00-04:00,530.04,529.27,-0.7699999999999818,-38.49999999999909,-78.99999999999818,overnight
2024-05-22,1,2024-05-21 15:55:00-04:00,2024-05-22 09:30:00-04:00,531.33,530.65,-0.6800000000000637,-34.00000000000318,-70.00000000000637,overnight
2024-05-23,1,2024-05-22 15:55:00-04:00,2024-05-23 09:30:00-04:00,529.83,532.9300000000001,3.1000000000000227,155.00000000000114,308.0000000000023,overnight
2024-05-24,1,2024-05-23 15:55:00-04:00,2024-05-24 09:30:00-04:00,525.96,527.84,1.8799999999999955,93.99999999999977,185.99999999999955,overnight
2024-05-28,1,2024-05-24 15:55:00-04:00,2024-05-28 09:30:00-04:00,529.52,530.24,0.7200000000000273,36.000000000001364,70.00000000000273,overnight
2024-05-29,1,2024-05-28 15:55:00-04:00,2024-05-29 09:30:00-04:00,529.87,525.69,-4.17999999999995,-208.9999999999975,-419.999999999995,overnight
2024-05-30,1,2024-05-29 15:55:00-04:00,2024-05-30 09:30:00-04:00,526.12,524.51,-1.6100000000000136,-80.50000000000068,-163.00000000000136,overnight
2024-05-31,1,2024-05-30 15:55:00-04:00,2024-05-31 09:30:00-04:00,522.63,523.6,0.9700000000000273,48.500000000001364,95.00000000000273,overnight
2024-06-03,1,2024-05-31 15:55:00-04:00,2024-06-03 09:30:00-04:00,527.36,529.01,1.6499999999999773,82.49999999999886,162.99999999999773,overnight
2024-06-04,1,2024-06-03 15:55:00-04:00,2024-06-04 09:30:00-04:00,527.78,526.45,-1.3299999999999272,-66.49999999999636,-134.99999999999272,overnight
2024-06-05,1,2024-06-04 15:55:00-04:00,2024-06-05 09:30:00-04:00,528.36,530.76,2.3999999999999773,119.99999999999886,237.99999999999773,overnight
2024-06-06,1,2024-06-05 15:55:00-04:00,2024-06-06 09:30:00-04:00,534.66,534.97,0.3100000000000591,15.500000000002956,29.00000000000591,overnight
2024-06-07,1,2024-06-06 15:55:00-04:00,2024-06-07 09:30:00-04:00,534.65,533.65,-1.0,-50.0,-102.0,overnight
2024-06-10,1,2024-06-07 15:55:00-04:00,2024-06-10 09:30:00-04:00,533.99,533.19,-0.7999999999999545,-39.999999999997726,-81.99999999999545,overnight
2024-06-11,1,2024-06-10 15:55:00-04:00,2024-06-11 09:30:00-04:00,535.67,534.09,-1.5799999999999272,-78.99999999999636,-159.99999999999272,overnight
2024-06-12,1,2024-06-11 15:55:00-04:00,2024-06-12 09:30:00-04:00,536.92,541.61,4.690000000000055,234.50000000000273,467.00000000000546,overnight
2024-06-13,1,2024-06-12 15:55:00-04:00,2024-06-13 09:30:00-04:00,541.35,543.13,1.7799999999999727,88.99999999999864,175.99999999999727,overnight
2024-06-14,1,2024-06-13 15:55:00-04:00,2024-06-14 09:30:00-04:00,542.36,540.87,-1.490000000000009,-74.50000000000045,-151.0000000000009,overnight
2024-06-17,1,2024-06-14 15:55:00-04:00,2024-06-17 09:30:00-04:00,542.74,542.07,-0.6699999999999591,-33.499999999997954,-68.99999999999591,overnight
2024-06-18,1,2024-06-17 15:55:00-04:00,2024-06-18 09:30:00-04:00,547.06,547.15,0.09000000000003183,4.500000000001592,7.000000000003183,overnight
2024-06-20,1,2024-06-18 15:55:00-04:00,2024-06-20 09:30:00-04:00,548.5,549.42,0.9199999999999591,45.999999999997954,89.99999999999591,overnight
2024-06-21,1,2024-06-20 15:55:00-04:00,2024-06-21 09:30:00-04:00,546.97,544.42,-2.550000000000068,-127.50000000000341,-257.0000000000068,overnight
2024-06-24,1,2024-06-21 15:55:00-04:00,2024-06-24 09:30:00-04:00,544.14,544.33,0.19000000000005457,9.500000000002728,17.000000000005457,overnight
2024-06-25,1,2024-06-24 15:55:00-04:00,2024-06-25 09:30:00-04:00,542.66,543.98,1.32000000000005,66.0000000000025,130.000000000005,overnight
2024-06-26,1,2024-06-25 15:55:00-04:00,2024-06-26 09:30:00-04:00,544.8,543.6800000000001,-1.1199999999998909,-55.99999999999454,-113.99999999998909,overnight
2024-06-27,1,2024-06-26 15:55:00-04:00,2024-06-27 09:30:00-04:00,545.54,545.36,-0.17999999999994998,-8.999999999997499,-19.999999999994998,overnight
2024-06-28,1,2024-06-27 15:55:00-04:00,2024-06-28 09:30:00-04:00,546.36,547.1800000000001,0.82000000000005,41.0000000000025,80.000000000005,overnight
2024-07-01,1,2024-06-28 15:55:00-04:00,2024-07-01 09:30:00-04:00,544.1,545.62,1.5199999999999818,75.99999999999909,149.99999999999818,overnight
2024-07-02,1,2024-07-01 15:55:00-04:00,2024-07-02 09:30:00-04:00,545.37,543.74,-1.6299999999999955,-81.49999999999977,-164.99999999999955,overnight
2024-07-05,1,2024-07-02 15:55:00-04:00,2024-07-05 09:30:00-04:00,548.98,551.76,2.7799999999999727,138.99999999999864,275.99999999999727,overnight
2024-07-08,1,2024-07-05 15:55:00-04:00,2024-07-08 09:30:00-04:00,554.71,555.4300000000001,0.7200000000000273,36.000000000001364,70.00000000000273,overnight
2024-07-09,1,2024-07-08 15:55:00-04:00,2024-07-09 09:30:00-04:00,555.35,556.25,0.8999999999999773,44.99999999999886,87.99999999999773,overnight
2024-07-10,1,2024-07-09 15:55:00-04:00,2024-07-10 09:30:00-04:00,555.88,557.05,1.169999999999959,58.499999999997954,114.99999999999591,overnight
2024-07-11,1,2024-07-10 15:55:00-04:00,2024-07-11 09:30:00-04:00,561.27,561.4300000000001,0.16000000000008185,8.000000000004093,14.000000000008185,overnight
2024-07-12,1,2024-07-11 15:55:00-04:00,2024-07-12 09:30:00-04:00,556.43,557.62,1.1900000000000546,59.50000000000273,117.00000000000546,overnight
2024-07-15,1,2024-07-12 15:55:00-04:00,2024-07-15 09:30:00-04:00,559.92,562.0,2.080000000000041,104.00000000000205,206.0000000000041,overnight
2024-07-16,1,2024-07-15 15:55:00-04:00,2024-07-16 09:30:00-04:00,561.5,562.86,1.3600000000000136,68.00000000000068,134.00000000000136,overnight
2024-07-17,1,2024-07-16 15:55:00-04:00,2024-07-17 09:30:00-04:00,564.86,558.8100000000001,-6.0499999999999545,-302.4999999999977,-606.9999999999955,overnight
2024-07-18,1,2024-07-17 15:55:00-04:00,2024-07-18 09:30:00-04:00,556.96,558.47,1.509999999999991,75.49999999999955,148.9999999999991,overnight
2024-07-19,1,2024-07-18 15:55:00-04:00,2024-07-19 09:30:00-04:00,552.67,552.41,-0.2599999999999909,-12.999999999999545,-27.99999999999909,overnight
2024-07-22,1,2024-07-19 15:55:00-04:00,2024-07-22 09:30:00-04:00,548.96,552.99,4.029999999999973,201.49999999999864,400.99999999999727,overnight
2024-07-23,1,2024-07-22 15:55:00-04:00,2024-07-23 09:30:00-04:00,554.66,554.53,-0.12999999999999545,-6.499999999999773,-14.999999999999545,overnight
2024-07-24,1,2024-07-23 15:55:00-04:00,2024-07-24 09:30:00-04:00,553.73,548.86,-4.8700000000000045,-243.50000000000023,-489.00000000000045,overnight
2024-07-25,1,2024-07-24 15:55:00-04:00,2024-07-25 09:30:00-04:00,541.22,541.34,0.12000000000000455,6.000000000000227,10.000000000000455,overnight
2024-07-26,1,2024-07-25 15:55:00-04:00,2024-07-26 09:30:00-04:00,538.35,542.3100000000001,3.9600000000000364,198.00000000000182,394.00000000000364,overnight
2024-07-29,1,2024-07-26 15:55:00-04:00,2024-07-29 09:30:00-04:00,544.39,546.01,1.6200000000000045,81.00000000000023,160.00000000000045,overnight
2024-07-30,1,2024-07-29 15:55:00-04:00,2024-07-30 09:30:00-04:00,544.77,546.21,1.4400000000000546,72.00000000000273,142.00000000000546,overnight
2024-07-31,1,2024-07-30 15:55:00-04:00,2024-07-31 09:30:00-04:00,541.92,548.97,7.050000000000068,352.5000000000034,703.0000000000068,overnight
2024-08-01,1,2024-07-31 15:55:00-04:00,2024-08-01 09:30:00-04:00,550.42,552.5600000000001,2.1400000000001,107.000000000005,212.00000000001,overnight
2024-08-02,1,2024-08-01 15:55:00-04:00,2024-08-02 09:30:00-04:00,543.02,535.71,-7.309999999999945,-365.49999999999727,-732.9999999999945,overnight
2024-08-05,1,2024-08-02 15:55:00-04:00,2024-08-05 09:30:00-04:00,532.99,511.63,-21.360000000000014,-1068.0000000000007,-2138.0000000000014,overnight
2024-08-06,1,2024-08-05 15:55:00-04:00,2024-08-06 09:30:00-04:00,517.66,519.2,1.5400000000000773,77.00000000000387,152.00000000000773,overnight
2024-08-07,1,2024-08-06 15:55:00-04:00,2024-08-07 09:30:00-04:00,522.2,528.52,6.319999999999936,315.9999999999968,629.9999999999936,overnight
2024-08-08,1,2024-08-07 15:55:00-04:00,2024-08-08 09:30:00-04:00,518.65,523.89,5.240000000000009,262.00000000000045,522.0000000000009,overnight
2024-08-09,1,2024-08-08 15:55:00-04:00,2024-08-09 09:30:00-04:00,530.63,529.8,-0.8300000000000409,-41.500000000002046,-85.00000000000409,overnight
2024-08-12,1,2024-08-09 15:55:00-04:00,2024-08-12 09:30:00-04:00,532.92,534.21,1.2900000000000773,64.50000000000387,127.00000000000773,overnight
2024-08-13,1,2024-08-12 15:55:00-04:00,2024-08-13 09:30:00-04:00,533.27,536.58,3.310000000000059,165.50000000000296,329.0000000000059,overnight
2024-08-14,1,2024-08-13 15:55:00-04:00,2024-08-14 09:30:00-04:00,542.03,542.86,0.8300000000000409,41.500000000002046,81.00000000000409,overnight
2024-08-15,1,2024-08-14 15:55:00-04:00,2024-08-15 09:30:00-04:00,543.79,549.49,5.7000000000000455,285.0000000000023,568.0000000000045,overnight
2024-08-16,1,2024-08-15 15:55:00-04:00,2024-08-16 09:30:00-04:00,553.08,551.35,-1.7300000000000182,-86.50000000000091,-175.00000000000182,overnight
2024-08-19,1,2024-08-16 15:55:00-04:00,2024-08-19 09:30:00-04:00,554.24,554.73,0.4900000000000091,24.500000000000455,47.00000000000091,overnight
2024-08-20,1,2024-08-19 15:55:00-04:00,2024-08-20 09:30:00-04:00,559.5699999999999,559.14,-0.42999999999995,-21.4999999999975,-44.999999999995,overnight
2024-08-21,1,2024-08-20 15:55:00-04:00,2024-08-21 09:30:00-04:00,558.63,559.74,1.1100000000000136,55.50000000000068,109.00000000000136,overnight
2024-08-22,1,2024-08-21 15:55:00-04:00,2024-08-22 09:30:00-04:00,560.71,562.55,1.8399999999999181,91.99999999999591,181.99999999999181,overnight
2024-08-23,1,2024-08-22 15:55:00-04:00,2024-08-23 09:30:00-04:00,556.22,559.52,3.2999999999999545,164.99999999999773,327.99999999999545,overnight
2024-08-26,1,2024-08-23 15:55:00-04:00,2024-08-26 09:30:00-04:00,562.1,563.13,1.0299999999999727,51.499999999998636,100.99999999999727,overnight
2024-08-27,1,2024-08-26 15:55:00-04:00,2024-08-27 09:30:00-04:00,560.74,559.48,-1.259999999999991,-62.999999999999545,-127.99999999999909,overnight
2024-08-28,1,2024-08-27 15:55:00-04:00,2024-08-28 09:30:00-04:00,561.54,561.2,-0.33999999999991815,-16.999999999995907,-35.999999999991815,overnight
2024-08-29,1,2024-08-28 15:55:00-04:00,2024-08-29 09:30:00-04:00,558.34,560.3,1.9599999999999227,97.99999999999613,193.99999999999227,overnight
2024-08-30,1,2024-08-29 15:55:00-04:00,2024-08-30 09:30:00-04:00,558.3199999999999,560.77,2.4500000000000455,122.50000000000227,243.00000000000455,overnight
2024-09-03,1,2024-08-30 15:55:00-04:00,2024-09-03 09:30:00-04:00,563.58,560.46,-3.1200000000000045,-156.00000000000023,-314.00000000000045,overnight
2024-09-04,1,2024-09-03 15:55:00-04:00,2024-09-04 09:30:00-04:00,552.16,550.19,-1.9699999999999136,-98.49999999999568,-198.99999999999136,overnight
2024-09-05,1,2024-09-04 15:55:00-04:00,2024-09-05 09:30:00-04:00,550.85,550.88,0.029999999999972715,1.4999999999986358,0.9999999999972715,overnight
2024-09-06,1,2024-09-05 15:55:00-04:00,2024-09-06 09:30:00-04:00,549.58,549.92,0.33999999999991815,16.999999999995907,31.999999999991815,overnight
2024-09-09,1,2024-09-06 15:55:00-04:00,2024-09-09 09:30:00-04:00,540.43,544.64,4.210000000000036,210.50000000000182,419.00000000000364,overnight
2024-09-10,1,2024-09-09 15:55:00-04:00,2024-09-10 09:30:00-04:00,546.43,548.35,1.9200000000000728,96.00000000000364,190.00000000000728,overnight
2024-09-11,1,2024-09-10 15:55:00-04:00,2024-09-11 09:30:00-04:00,548.83,548.69,-0.13999999999998636,-6.999999999999318,-15.999999999998636,overnight
2024-09-12,1,2024-09-11 15:55:00-04:00,2024-09-12 09:30:00-04:00,554.37,555.0,0.6299999999999955,31.499999999999773,60.999999999999545,overnight
2024-09-13,1,2024-09-12 15:55:00-04:00,2024-09-13 09:30:00-04:00,559.03,559.6800000000001,0.650000000000091,32.50000000000455,63.000000000009095,overnight
2024-09-16,1,2024-09-13 15:55:00-04:00,2024-09-16 09:30:00-04:00,561.97,561.75,-0.22000000000002728,-11.000000000001364,-24.00000000000273,overnight
2024-09-17,1,2024-09-16 15:55:00-04:00,2024-09-17 09:30:00-04:00,562.87,565.07,2.2000000000000455,110.00000000000227,218.00000000000455,overnight
2024-09-18,1,2024-09-17 15:55:00-04:00,2024-09-18 09:30:00-04:00,563.11,563.73,0.6200000000000045,31.000000000000227,60.000000000000455,overnight
2024-09-19,1,2024-09-18 15:55:00-04:00,2024-09-19 09:30:00-04:00,561.35,571.0,9.649999999999977,482.49999999999886,962.9999999999977,overnight
2024-09-20,1,2024-09-19 15:55:00-04:00,2024-09-20 09:30:00-04:00,570.93,567.86,-3.0699999999999363,-153.49999999999682,-308.99999999999363,overnight
2024-09-23,1,2024-09-20 15:55:00-04:00,2024-09-23 09:30:00-04:00,568.11,569.33,1.2200000000000273,61.000000000001364,120.00000000000273,overnight
2024-09-24,1,2024-09-23 15:55:00-04:00,2024-09-24 09:30:00-04:00,569.63,570.46,0.8300000000000409,41.500000000002046,81.00000000000409,overnight
2024-09-25,1,2024-09-24 15:55:00-04:00,2024-09-25 09:30:00-04:00,571.24,571.16,-0.08000000000004093,-4.000000000002046,-10.000000000004093,overnight
2024-09-26,1,2024-09-25 15:55:00-04:00,2024-09-26 09:30:00-04:00,570.01,574.39,4.3799999999999955,218.99999999999977,435.99999999999955,overnight
2024-09-27,1,2024-09-26 15:55:00-04:00,2024-09-27 09:30:00-04:00,572.3,573.37,1.07000000000005,53.5000000000025,105.000000000005,overnight
2024-09-30,1,2024-09-27 15:55:00-04:00,2024-09-30 09:30:00-04:00,571.42,570.41,-1.009999999999991,-50.499999999999545,-102.99999999999909,overnight
2024-10-01,1,2024-09-30 15:55:00-04:00,2024-10-01 09:30:00-04:00,574.03,573.38,-0.6499999999999773,-32.49999999999886,-66.99999999999773,overnight
2024-10-02,1,2024-10-01 15:55:00-04:00,2024-10-02 09:30:00-04:00,568.71,567.7,-1.009999999999991,-50.499999999999545,-102.99999999999909,overnight
2024-10-03,1,2024-10-02 15:55:00-04:00,2024-10-03 09:30:00-04:00,568.86,567.4,-1.4600000000000364,-73.00000000000182,-148.00000000000364,overnight
2024-10-04,1,2024-10-03 15:55:00-04:00,2024-10-04 09:30:00-04:00,567.79,572.33,4.540000000000077,227.00000000000387,452.00000000000773,overnight
2024-10-07,1,2024-10-04 15:55:00-04:00,2024-10-07 09:30:00-04:00,572.93,571.29,-1.6399999999999864,-81.99999999999932,-165.99999999999864,overnight
2024-10-08,1,2024-10-07 15:55:00-04:00,2024-10-08 09:30:00-04:00,567.8199999999999,570.4300000000001,2.6100000000001273,130.50000000000637,259.00000000001273,overnight
2024-10-09,1,2024-10-08 15:55:00-04:00,2024-10-09 09:30:00-04:00,573.15,573.16,0.009999999999990905,0.49999999999954525,-1.0000000000009095,overnight
2024-10-10,1,2024-10-09 15:55:00-04:00,2024-10-10 09:30:00-04:00,577.13,575.76,-1.3700000000000045,-68.50000000000023,-139.00000000000045,overnight
2024-10-11,1,2024-10-10 15:55:00-04:00,2024-10-11 09:30:00-04:00,576.12,576.04,-0.08000000000004093,-4.000000000002046,-10.000000000004093,overnight
2024-10-14,1,2024-10-11 15:55:00-04:00,2024-10-14 09:30:00-04:00,579.56,581.21,1.650000000000091,82.50000000000455,163.0000000000091,overnight
2024-10-15,1,2024-10-14 15:55:00-04:00,2024-10-15 09:30:00-04:00,584.3,584.58,0.2800000000000864,14.00000000000432,26.00000000000864,overnight
2024-10-16,1,2024-10-15 15:55:00-04:00,2024-10-16 09:30:00-04:00,579.8,579.77,-0.029999999999972715,-1.4999999999986358,-4.9999999999972715,overnight
2024-10-17,1,2024-10-16 15:55:00-04:00,2024-10-17 09:30:00-04:00,582.28,585.94,3.660000000000082,183.0000000000041,364.0000000000082,overnight
2024-10-18,1,2024-10-17 15:55:00-04:00,2024-10-18 09:30:00-04:00,582.3,584.02,1.7200000000000273,86.00000000000136,170.00000000000273,overnight
2024-10-21,1,2024-10-18 15:55:00-04:00,2024-10-21 09:30:00-04:00,584.58,583.86,-0.7200000000000273,-36.000000000001364,-74.00000000000273,overnight
2024-10-22,1,2024-10-21 15:55:00-04:00,2024-10-22 09:30:00-04:00,583.7,581.08,-2.6200000000000045,-131.00000000000023,-264.00000000000045,overnight
2024-10-23,1,2024-10-22 15:55:00-04:00,2024-10-23 09:30:00-04:00,583.33,581.25,-2.080000000000041,-104.00000000000205,-210.0000000000041,overnight
2024-10-24,1,2024-10-23 15:55:00-04:00,2024-10-24 09:30:00-04:00,577.93,579.97,2.0400000000000773,102.00000000000387,202.00000000000773,overnight
2024-10-25,1,2024-10-24 15:55:00-04:00,2024-10-25 09:30:00-04:00,579.1899999999999,581.54,2.3500000000000227,117.50000000000114,233.00000000000227,overnight
2024-10-28,1,2024-10-25 15:55:00-04:00,2024-10-28 09:30:00-04:00,579.02,582.54,3.519999999999982,175.9999999999991,349.9999999999982,overnight
2024-10-29,1,2024-10-28 15:55:00-04:00,2024-10-29 09:30:00-04:00,580.78,579.86,-0.9199999999999591,-45.999999999997954,-93.99999999999591,overnight
2024-10-30,1,2024-10-29 15:55:00-04:00,2024-10-30 09:30:00-04:00,581.72,581.3100000000001,-0.40999999999996817,-20.49999999999841,-42.99999999999682,overnight
2024-10-31,1,2024-10-30 15:55:00-04:00,2024-10-31 09:30:00-04:00,579.98,575.59,-4.389999999999986,-219.49999999999932,-440.99999999999864,overnight
2024-11-01,1,2024-10-31 15:55:00-04:00,2024-11-01 09:30:00-04:00,568.58,571.3100000000001,2.730000000000018,136.5000000000009,271.0000000000018,overnight
2024-11-04,1,2024-11-01 15:55:00-04:00,2024-11-04 09:30:00-05:00,571.03,571.17,0.13999999999998636,6.999999999999318,11.999999999998636,overnight
2024-11-05,1,2024-11-04 15:55:00-05:00,2024-11-05 09:30:00-05:00,569.79,570.72,0.9300000000000637,46.50000000000318,91.00000000000637,overnight
2024-11-06,1,2024-11-05 15:55:00-05:00,2024-11-06 09:30:00-05:00,576.7,589.22,12.519999999999982,625.9999999999991,1249.9999999999982,overnight
2024-11-07,1,2024-11-06 15:55:00-05:00,2024-11-07 09:30:00-05:00,591.05,593.07,2.0200000000000955,101.00000000000477,200.00000000000955,overnight
2024-11-08,1,2024-11-07 15:55:00-05:00,2024-11-08 09:30:00-05:00,595.6,596.16,0.5599999999999454,27.99999999999727,53.99999999999454,overnight
2024-11-11,1,2024-11-08 15:55:00-05:00,2024-11-11 09:30:00-05:00,598.25,599.84,1.5900000000000318,79.50000000000159,157.00000000000318,overnight
2024-11-12,1,2024-11-11 15:55:00-05:00,2024-11-12 09:30:00-05:00,598.73,598.69,-0.03999999999996362,-1.999999999998181,-5.999999999996362,overnight
2024-11-13,1,2024-11-12 15:55:00-05:00,2024-11-13 09:30:00-05:00,596.89,597.3100000000001,0.42000000000007276,21.000000000003638,40.000000000007276,overnight
2024-11-14,1,2024-11-13 15:55:00-05:00,2024-11-14 09:30:00-05:00,597.18,597.3100000000001,0.13000000000010914,6.500000000005457,11.000000000010914,overnight
2024-11-15,1,2024-11-14 15:55:00-05:00,2024-11-15 09:30:00-05:00,593.38,589.72,-3.659999999999968,-182.9999999999984,-367.9999999999968,overnight
2024-11-18,1,2024-11-15 15:55:00-05:00,2024-11-18 09:30:00-05:00,585.72,586.2,0.4800000000000182,24.00000000000091,46.00000000000182,overnight
2024-11-19,1,2024-11-18 15:55:00-05:00,2024-11-19 09:30:00-05:00,588.16,584.7,-3.4599999999999227,-172.99999999999613,-347.99999999999227,overnight
2024-11-20,1,2024-11-19 15:55:00-05:00,2024-11-20 09:30:00-05:00,590.29,590.37,0.08000000000004093,4.000000000002046,6.000000000004093,overnight
2024-11-21,1,2024-11-20 15:55:00-05:00,2024-11-21 09:30:00-05:00,590.5,593.39,2.8899999999999864,144.49999999999932,286.99999999999864,overnight
2024-11-22,1,2024-11-21 15:55:00-05:00,2024-11-22 09:30:00-05:00,593.61,593.65,0.03999999999996362,1.999999999998181,1.999999999996362,overnight
2024-11-25,1,2024-11-22 15:55:00-05:00,2024-11-25 09:30:00-05:00,595.5,599.51,4.009999999999991,200.49999999999955,398.9999999999991,overnight
2024-11-26,1,2024-11-25 15:55:00-05:00,2024-11-26 09:30:00-05:00,597.45,598.79,1.3399999999999181,66.99999999999591,131.99999999999181,overnight
2024-11-27,1,2024-11-26 15:55:00-05:00,2024-11-27 09:30:00-05:00,600.75,600.46,-0.2899999999999636,-14.499999999998181,-30.999999999996362,overnight
2024-12-02,1,2024-11-27 15:55:00-05:00,2024-12-02 09:30:00-05:00,598.79,602.96,4.170000000000073,208.50000000000364,415.0000000000073,overnight
2024-12-03,1,2024-12-02 15:55:00-05:00,2024-12-03 09:30:00-05:00,603.68,603.37,-0.30999999999994543,-15.499999999997272,-32.99999999999454,overnight
2024-12-04,1,2024-12-03 15:55:00-05:00,2024-12-04 09:30:00-05:00,603.86,605.59,1.7300000000000182,86.50000000000091,171.00000000000182,overnight
2024-12-05,1,2024-12-04 15:55:00-05:00,2024-12-05 09:30:00-05:00,607.63,607.63,0.0,0.0,-2.0,overnight
2024-12-06,1,2024-12-05 15:55:00-05:00,2024-12-06 09:30:00-05:00,606.62,607.4300000000001,0.8100000000000591,40.500000000002956,79.00000000000591,overnight
2024-12-09,1,2024-12-06 15:55:00-05:00,2024-12-09 09:30:00-05:00,607.89,607.6800000000001,-0.2099999999999227,-10.499999999996135,-22.99999999999227,overnight
2024-12-10,1,2024-12-09 15:55:00-05:00,2024-12-10 09:30:00-05:00,604.64,605.37,0.7300000000000182,36.50000000000091,71.00000000000182,overnight
2024-12-11,1,2024-12-10 15:55:00-05:00,2024-12-11 09:30:00-05:00,602.87,605.77,2.8999999999999773,144.99999999999886,287.9999999999977,overnight
2024-12-12,1,2024-12-11 15:55:00-05:00,2024-12-12 09:30:00-05:00,607.51,606.57,-0.9399999999999409,-46.999999999997044,-95.99999999999409,overnight
2024-12-13,1,2024-12-12 15:55:00-05:00,2024-12-13 09:30:00-05:00,604.38,606.39,2.009999999999991,100.49999999999955,198.9999999999991,overnight
2024-12-16,1,2024-12-13 15:55:00-05:00,2024-12-16 09:30:00-05:00,604.27,605.99,1.7200000000000273,86.00000000000136,170.00000000000273,overnight
2024-12-17,1,2024-12-16 15:55:00-05:00,2024-12-17 09:30:00-05:00,606.78,604.1800000000001,-2.599999999999909,-129.99999999999545,-261.9999999999909,overnight
2024-12-18,1,2024-12-17 15:55:00-05:00,2024-12-18 09:30:00-05:00,604.25,603.98,-0.2699999999999818,-13.49999999999909,-28.99999999999818,overnight
2024-12-19,1,2024-12-18 15:55:00-05:00,2024-12-19 09:30:00-05:00,586.35,591.35,5.0,250.0,498.0,overnight
2024-12-20,1,2024-12-19 15:55:00-05:00,2024-12-20 09:30:00-05:00,586.17,581.76,-4.409999999999968,-220.4999999999984,-442.9999999999968,overnight
2024-12-23,1,2024-12-20 15:55:00-05:00,2024-12-23 09:30:00-05:00,590.88,590.88,0.0,0.0,-2.0,overnight
2024-12-26,1,2024-12-23 15:55:00-05:00,2024-12-26 09:30:00-05:00,594.77,599.4300000000001,4.660000000000082,233.0000000000041,464.0000000000082,overnight
2024-12-27,1,2024-12-26 15:55:00-05:00,2024-12-27 09:30:00-05:00,601.24,597.47,-3.769999999999982,-188.4999999999991,-378.9999999999982,overnight
2024-12-30,1,2024-12-27 15:55:00-05:00,2024-12-30 09:30:00-05:00,595.0,587.95,-7.0499999999999545,-352.4999999999977,-706.9999999999955,overnight
2024-12-31,1,2024-12-30 15:55:00-05:00,2024-12-31 09:30:00-05:00,588.23,589.9,1.669999999999959,83.49999999999795,164.9999999999959,overnight
2025-01-02,1,2024-12-31 15:55:00-05:00,2025-01-02 09:30:00-05:00,586.03,589.38,3.3500000000000227,167.50000000000114,333.0000000000023,overnight
2025-01-03,1,2025-01-02 15:55:00-05:00,2025-01-03 09:30:00-05:00,584.59,587.52,2.92999999999995,146.4999999999975,290.999999999995,overnight
2025-01-06,1,2025-01-03 15:55:00-05:00,2025-01-06 09:30:00-05:00,591.87,596.26,4.389999999999986,219.49999999999932,436.99999999999864,overnight
2025-01-07,1,2025-01-06 15:55:00-05:00,2025-01-07 09:30:00-05:00,595.41,597.42,2.009999999999991,100.49999999999955,198.9999999999991,overnight
2025-01-08,1,2025-01-07 15:55:00-05:00,2025-01-08 09:30:00-05:00,588.72,588.69,-0.029999999999972715,-1.4999999999986358,-4.9999999999972715,overnight
2025-01-10,1,2025-01-08 15:55:00-05:00,2025-01-10 09:30:00-05:00,589.41,585.82,-3.589999999999918,-179.4999999999959,-360.9999999999918,overnight
2025-01-13,1,2025-01-10 15:55:00-05:00,2025-01-13 09:30:00-05:00,580.54,575.76,-4.779999999999973,-238.99999999999864,-479.99999999999727,overnight
2025-01-14,1,2025-01-13 15:55:00-05:00,2025-01-14 09:30:00-05:00,581.52,584.3100000000001,2.7900000000000773,139.50000000000387,277.00000000000773,overnight
2025-01-15,1,2025-01-14 15:55:00-05:00,2025-01-15 09:30:00-05:00,582.1899999999999,590.3100000000001,8.120000000000118,406.0000000000059,810.0000000000118,overnight
2025-01-16,1,2025-01-15 15:55:00-05:00,2025-01-16 09:30:00-05:00,592.77,594.16,1.3899999999999864,69.49999999999932,136.99999999999864,overnight
2025-01-17,1,2025-01-16 15:55:00-05:00,2025-01-17 09:30:00-05:00,591.71,596.94,5.230000000000018,261.5000000000009,521.0000000000018,overnight
2025-01-21,1,2025-01-17 15:55:00-05:00,2025-01-21 09:30:00-05:00,597.56,600.66,3.1000000000000227,155.00000000000114,308.0000000000023,overnight
2025-01-22,1,2025-01-21 15:55:00-05:00,2025-01-22 09:30:00-05:00,602.92,605.88,2.9600000000000364,148.00000000000182,294.00000000000364,overnight
2025-01-23,1,2025-01-22 15:55:00-05:00,2025-01-23 09:30:00-05:00,606.35,605.79,-0.5600000000000591,-28.000000000002956,-58.00000000000591,overnight
2025-01-24,1,2025-01-23 15:55:00-05:00,2025-01-24 09:30:00-05:00,609.72,609.78,0.05999999999994543,2.9999999999972715,3.999999999994543,overnight
2025-01-27,1,2025-01-24 15:55:00-05:00,2025-01-27 09:30:00-05:00,607.9399999999999,594.82,-13.11999999999989,-655.9999999999945,-1313.999999999989,overnight
2025-01-28,1,2025-01-27 15:55:00-05:00,2025-01-28 09:30:00-05:00,599.4,600.61,1.2100000000000364,60.50000000000182,119.00000000000364,overnight
2025-01-29,1,2025-01-28 15:55:00-05:00,2025-01-29 09:30:00-05:00,604.49,603.6800000000001,-0.8099999999999454,-40.49999999999727,-82.99999999999454,overnight
2025-01-30,1,2025-01-29 15:55:00-05:00,2025-01-30 09:30:00-05:00,601.81,603.95,2.1400000000001,107.000000000005,212.00000000001,overnight
2025-01-31,1,2025-01-30 15:55:00-05:00,2025-01-31 09:30:00-05:00,604.98,607.49,2.509999999999991,125.49999999999955,248.9999999999991,overnight
2025-02-03,1,2025-01-31 15:55:00-05:00,2025-02-03 09:30:00-05:00,601.81,592.66,-9.149999999999977,-457.49999999999886,-916.9999999999977,overnight
2025-02-04,1,2025-02-03 15:55:00-05:00,2025-02-04 09:30:00-05:00,597.65,597.79,0.13999999999998636,6.999999999999318,11.999999999998636,overnight
2025-02-05,1,2025-02-04 15:55:00-05:00,2025-02-05 09:30:00-05:00,601.76,600.63,-1.1299999999999955,-56.49999999999977,-114.99999999999955,overnight
2025-02-06,1,2025-02-05 15:55:00-05:00,2025-02-06 09:30:00-05:00,604.16,605.97,1.8100000000000591,90.50000000000296,179.0000000000059,overnight
2025-02-07,1,2025-02-06 15:55:00-05:00,2025-02-07 09:30:00-05:00,606.35,606.88,0.5299999999999727,26.499999999998636,50.99999999999727,overnight
2025-02-10,1,2025-02-07 15:55:00-05:00,2025-02-10 09:30:00-05:00,600.79,603.98,3.1900000000000546,159.50000000000273,317.00000000000546,overnight
2025-02-11,1,2025-02-10 15:55:00-05:00,2025-02-11 09:30:00-05:00,604.8,602.54,-2.259999999999991,-112.99999999999955,-227.9999999999991,overnight
2025-02-12,1,2025-02-11 15:55:00-05:00,2025-02-12 09:30:00-05:00,605.23,599.22,-6.009999999999991,-300.49999999999955,-602.9999999999991,overnight
2025-02-13,1,2025-02-12 15:55:00-05:00,2025-02-13 09:30:00-05:00,603.37,604.47,1.1000000000000227,55.00000000000114,108.00000000000227,overnight
2025-02-14,1,2025-02-13 15:55:00-05:00,2025-02-14 09:30:00-05:00,609.71,609.9300000000001,0.22000000000002728,11.000000000001364,20.00000000000273,overnight
2025-02-18,1,2025-02-14 15:55:00-05:00,2025-02-18 09:30:00-05:00,609.71,610.87,1.1599999999999682,57.99999999999841,113.99999999999682,overnight
2025-02-19,1,2025-02-18 15:55:00-05:00,2025-02-19 09:30:00-05:00,611.37,610.04,-1.330000000000041,-66.50000000000205,-135.0000000000041,overnight
2025-02-20,1,2025-02-19 15:55:00-05:00,2025-02-20 09:30:00-05:00,612.92,611.54,-1.3799999999999955,-68.99999999999977,-139.99999999999955,overnight
2025-02-21,1,2025-02-20 15:55:00-05:00,2025-02-21 09:30:00-05:00,610.4,610.16,-0.2400000000000091,-12.000000000000455,-26.00000000000091,overnight
2025-02-24,1,2025-02-21 15:55:00-05:00,2025-02-24 09:30:00-05:00,599.99,601.99,2.0,100.0,198.0,overnight
2025-02-25,1,2025-02-24 15:55:00-05:00,2025-02-25 09:30:00-05:00,597.2,597.15,-0.05000000000006821,-2.5000000000034106,-7.000000000006821,overnight
2025-02-26,1,2025-02-25 15:55:00-05:00,2025-02-26 09:30:00-05:00,594.22,595.9,1.67999999999995,83.9999999999975,165.999999999995,overnight
2025-02-27,1,2025-02-26 15:55:00-05:00,2025-02-27 09:30:00-05:00,594.4399999999999,596.84,2.400000000000091,120.00000000000455,238.0000000000091,overnight
2025-02-28,1,2025-02-27 15:55:00-05:00,2025-02-28 09:30:00-05:00,585.05,585.55,0.5,25.0,48.0,overnight
2025-03-03,1,2025-02-28 15:55:00-05:00,2025-03-03 09:30:00-05:00,594.08,596.17,2.089999999999918,104.49999999999591,206.99999999999181,overnight
2025-03-04,1,2025-03-03 15:55:00-05:00,2025-03-04 09:30:00-05:00,583.97,579.7,-4.269999999999982,-213.4999999999991,-428.9999999999982,overnight
2025-03-05,1,2025-03-04 15:55:00-05:00,2025-03-05 09:30:00-05:00,576.89,576.7,-0.18999999999994088,-9.499999999997044,-20.99999999999409,overnight
2025-03-06,1,2025-03-05 15:55:00-05:00,2025-03-06 09:30:00-05:00,583.04,575.4300000000001,-7.6099999999999,-380.499999999995,-762.99999999999,overnight
2025-03-07,1,2025-03-06 15:55:00-05:00,2025-03-07 09:30:00-05:00,572.83,570.85,-1.9800000000000182,-99.00000000000091,-200.00000000000182,overnight
2025-03-10,1,2025-03-07 15:55:00-05:00,2025-03-10 09:30:00-04:00,575.87,567.58,-8.289999999999964,-414.4999999999982,-830.9999999999964,overnight
2025-03-11,1,2025-03-10 15:55:00-04:00,2025-03-11 09:30:00-04:00,560.79,559.39,-1.3999999999999773,-69.99999999999886,-141.99999999999773,overnight
2025-03-12,1,2025-03-11 15:55:00-04:00,2025-03-12 09:30:00-04:00,556.12,562.15,6.029999999999973,301.49999999999864,600.9999999999973,overnight
2025-03-13,1,2025-03-12 15:55:00-04:00,2025-03-13 09:30:00-04:00,558.93,558.48,-0.4499999999999318,-22.49999999999659,-46.99999999999318,overnight
2025-03-14,1,2025-03-13 15:55:00-04:00,2025-03-14 09:30:00-04:00,551.52,556.1,4.580000000000041,229.00000000000205,456.0000000000041,overnight
2025-03-17,1,2025-03-14 15:55:00-04:00,2025-03-17 09:30:00-04:00,562.79,562.76,-0.029999999999972715,-1.4999999999986358,-4.9999999999972715,overnight
2025-03-18,1,2025-03-17 15:55:00-04:00,2025-03-18 09:30:00-04:00,567.03,564.78,-2.25,-112.5,-227.0,overnight
2025-03-19,1,2025-03-18 15:55:00-04:00,2025-03-19 09:30:00-04:00,561.04,562.82,1.7800000000000864,89.00000000000432,176.00000000000864,overnight
2025-03-20,1,2025-03-19 15:55:00-04:00,2025-03-20 09:30:00-04:00,567.03,563.32,-3.7099999999999227,-185.49999999999613,-372.99999999999227,overnight
2025-03-21,1,2025-03-20 15:55:00-04:00,2025-03-21 09:30:00-04:00,565.7,559.28,-6.420000000000073,-321.00000000000364,-644.0000000000073,overnight
2025-03-24,1,2025-03-21 15:55:00-04:00,2025-03-24 09:30:00-04:00,564.1899999999999,570.79,6.600000000000023,330.00000000000114,658.0000000000023,overnight
2025-03-25,1,2025-03-24 15:55:00-04:00,2025-03-25 09:30:00-04:00,574.04,575.29,1.25,62.5,123.0,overnight
2025-03-26,1,2025-03-25 15:55:00-04:00,2025-03-26 09:30:00-04:00,575.36,575.1800000000001,-0.17999999999994998,-8.999999999997499,-19.999999999994998,overnight
2025-03-27,1,2025-03-26 15:55:00-04:00,2025-03-27 09:30:00-04:00,568.75,567.19,-1.5599999999999454,-77.99999999999727,-157.99999999999454,overnight
2025-03-28,1,2025-03-27 15:55:00-04:00,2025-03-28 09:30:00-04:00,567.02,565.51,-1.509999999999991,-75.49999999999955,-152.9999999999991,overnight
2025-03-31,1,2025-03-28 15:55:00-04:00,2025-03-31 09:30:00-04:00,555.83,549.8100000000001,-6.019999999999982,-300.9999999999991,-603.9999999999982,overnight
2025-04-01,1,2025-03-31 15:55:00-04:00,2025-04-01 09:30:00-04:00,559.22,557.44,-1.7799999999999727,-88.99999999999864,-179.99999999999727,overnight
2025-04-02,1,2025-04-01 15:55:00-04:00,2025-04-02 09:30:00-04:00,561.06,555.04,-6.019999999999982,-300.9999999999991,-603.9999999999982,overnight
2025-04-03,1,2025-04-02 15:55:00-04:00,2025-04-03 09:30:00-04:00,564.67,545.1,-19.569999999999936,-978.4999999999968,-1958.9999999999936,overnight
2025-04-04,1,2025-04-03 15:55:00-04:00,2025-04-04 09:30:00-04:00,537.65,523.71,-13.93999999999994,-696.999999999997,-1395.999999999994,overnight
2025-04-07,1,2025-04-04 15:55:00-04:00,2025-04-07 09:30:00-04:00,505.52,489.18,-16.339999999999975,-816.9999999999987,-1635.9999999999975,overnight
2025-04-08,1,2025-04-07 15:55:00-04:00,2025-04-08 09:30:00-04:00,504.57,521.86,17.29000000000002,864.500000000001,1727.000000000002,overnight
2025-04-09,1,2025-04-08 15:55:00-04:00,2025-04-09 09:30:00-04:00,496.64,493.43,-3.2099999999999795,-160.49999999999898,-322.99999999999795,overnight
2025-04-10,1,2025-04-09 15:55:00-04:00,2025-04-10 09:30:00-04:00,543.38,532.23,-11.149999999999977,-557.4999999999989,-1116.9999999999977,overnight
2025-04-11,1,2025-04-10 15:55:00-04:00,2025-04-11 09:30:00-04:00,524.77,522.9,-1.8700000000000045,-93.50000000000023,-189.00000000000045,overnight
2025-04-14,1,2025-04-11 15:55:00-04:00,2025-04-14 09:30:00-04:00,534.04,544.01,9.970000000000027,498.50000000000136,995.0000000000027,overnight
2025-04-15,1,2025-04-14 15:55:00-04:00,2025-04-15 09:30:00-04:00,538.98,539.67,0.6899999999999409,34.499999999997044,66.99999999999409,overnight
2025-04-16,1,2025-04-15 15:55:00-04:00,2025-04-16 09:30:00-04:00,537.72,531.67,-6.050000000000068,-302.5000000000034,-607.0000000000068,overnight
2025-04-17,1,2025-04-16 15:55:00-04:00,2025-04-17 09:30:00-04:00,525.74,527.57,1.830000000000041,91.50000000000205,181.0000000000041,overnight
2025-04-21,1,2025-04-17 15:55:00-04:00,2025-04-21 09:30:00-04:00,526.38,521.13,-5.25,-262.5,-527.0,overnight
2025-04-22,1,2025-04-21 15:55:00-04:00,2025-04-22 09:30:00-04:00,514.01,520.11,6.100000000000023,305.00000000000114,608.0000000000023,overnight
2025-04-23,1,2025-04-22 15:55:00-04:00,2025-04-23 09:30:00-04:00,526.93,540.42,13.490000000000009,674.5000000000005,1347.000000000001,overnight
2025-04-24,1,2025-04-23 15:55:00-04:00,2025-04-24 09:30:00-04:00,535.42,536.73,1.3100000000000591,65.50000000000296,129.0000000000059,overnight
2025-04-25,1,2025-04-24 15:55:00-04:00,2025-04-25 09:30:00-04:00,546.51,546.64,0.12999999999999545,6.499999999999773,10.999999999999545,overnight
2025-04-28,1,2025-04-25 15:55:00-04:00,2025-04-28 09:30:00-04:00,550.55,551.38,0.8300000000000409,41.500000000002046,81.00000000000409,overnight
2025-04-29,1,2025-04-28 15:55:00-04:00,2025-04-29 09:30:00-04:00,550.9399999999999,548.9,-2.0399999999999636,-101.99999999999818,-205.99999999999636,overnight
2025-04-30,1,2025-04-29 15:55:00-04:00,2025-04-30 09:30:00-04:00,554.15,547.58,-6.569999999999936,-328.4999999999968,-658.9999999999936,overnight
2025-05-01,1,2025-04-30 15:55:00-04:00,2025-05-01 09:30:00-04:00,554.36,560.36,6.0,300.0,598.0,overnight
2025-05-02,1,2025-05-01 15:55:00-04:00,2025-05-02 09:30:00-04:00,558.46,564.6800000000001,6.220000000000027,311.00000000000136,620.0000000000027,overnight
2025-05-05,1,2025-05-02 15:55:00-04:00,2025-05-05 09:30:00-04:00,566.63,562.54,-4.090000000000032,-204.5000000000016,-411.0000000000032,overnight
2025-05-06,1,2025-05-05 15:55:00-04:00,2025-05-06 09:30:00-04:00,563.54,557.92,-5.6200000000000045,-281.0000000000002,-564.0000000000005,overnight
2025-05-07,1,2025-05-06 15:55:00-04:00,2025-05-07 09:30:00-04:00,558.81,560.12,1.3100000000000591,65.50000000000296,129.0000000000059,overnight
2025-05-08,1,2025-05-07 15:55:00-04:00,2025-05-08 09:30:00-04:00,561.23,565.21,3.980000000000018,199.0000000000009,396.0000000000018,overnight
2025-05-09,1,2025-05-08 15:55:00-04:00,2025-05-09 09:30:00-04:00,564.92,566.47,1.5500000000000682,77.50000000000341,153.00000000000682,overnight
2025-05-12,1,2025-05-09 15:55:00-04:00,2025-05-12 09:30:00-04:00,564.29,581.47,17.180000000000064,859.0000000000032,1716.0000000000064,overnight
2025-05-13,1,2025-05-12 15:55:00-04:00,2025-05-13 09:30:00-04:00,582.84,583.45,0.6100000000000136,30.500000000000682,59.000000000001364,overnight
2025-05-14,1,2025-05-13 15:55:00-04:00,2025-05-14 09:30:00-04:00,586.8199999999999,587.82,1.0000000000001137,50.000000000005684,98.00000000001137,overnight
2025-05-15,1,2025-05-14 15:55:00-04:00,2025-05-15 09:30:00-04:00,587.56,585.55,-2.009999999999991,-100.49999999999955,-202.9999999999991,overnight
2025-05-16,1,2025-05-15 15:55:00-04:00,2025-05-16 09:30:00-04:00,590.41,591.2,0.7900000000000773,39.500000000003865,77.00000000000773,overnight
2025-05-19,1,2025-05-16 15:55:00-04:00,2025-05-19 09:30:00-04:00,594.31,588.09,-6.219999999999914,-310.9999999999957,-623.9999999999914,overnight
2025-05-20,1,2025-05-19 15:55:00-04:00,2025-05-20 09:30:00-04:00,594.95,593.1,-1.8500000000000227,-92.50000000000114,-187.00000000000227,overnight
2025-05-21,1,2025-05-20 15:55:00-04:00,2025-05-21 09:30:00-04:00,592.84,588.46,-4.3799999999999955,-218.99999999999977,-439.99999999999955,overnight
2025-05-22,1,2025-05-21 15:55:00-04:00,2025-05-22 09:30:00-04:00,582.98,582.65,-0.3300000000000409,-16.500000000002046,-35.00000000000409,overnight
2025-05-23,1,2025-05-22 15:55:00-04:00,2025-05-23 09:30:00-04:00,583.04,575.94,-7.099999999999909,-354.99999999999545,-711.9999999999909,overnight
2025-05-27,1,2025-05-23 15:55:00-04:00,2025-05-27 09:30:00-04:00,579.1899999999999,586.07,6.880000000000109,344.00000000000546,686.0000000000109,overnight
2025-05-28,1,2025-05-27 15:55:00-04:00,2025-05-28 09:30:00-04:00,591.06,591.5600000000001,0.5000000000001137,25.000000000005684,48.00000000001137,overnight
2025-05-29,1,2025-05-28 15:55:00-04:00,2025-05-29 09:30:00-04:00,587.72,593.04,5.319999999999936,265.9999999999968,529.9999999999936,overnight
2025-05-30,1,2025-05-29 15:55:00-04:00,2025-05-30 09:30:00-04:00,590.0,588.9,-1.1000000000000227,-55.00000000000114,-112.00000000000227,overnight
2025-06-02,1,2025-05-30 15:55:00-04:00,2025-06-02 09:30:00-04:00,589.43,587.75,-1.67999999999995,-83.9999999999975,-169.999999999995,overnight
2025-06-03,1,2025-06-02 15:55:00-04:00,2025-06-03 09:30:00-04:00,592.63,592.33,-0.2999999999999545,-14.999999999997726,-31.999999999995453,overnight
2025-06-04,1,2025-06-03 15:55:00-04:00,2025-06-04 09:30:00-04:00,596.12,596.94,0.82000000000005,41.0000000000025,80.000000000005,overnight
2025-06-05,1,2025-06-04 15:55:00-04:00,2025-06-05 09:30:00-04:00,595.9,597.62,1.7200000000000273,86.00000000000136,170.00000000000273,overnight
2025-06-06,1,2025-06-05 15:55:00-04:00,2025-06-06 09:30:00-04:00,593.01,598.65,5.639999999999986,281.9999999999993,561.9999999999986,overnight
2025-06-09,1,2025-06-06 15:55:00-04:00,2025-06-09 09:30:00-04:00,599.05,599.73,0.6800000000000637,34.00000000000318,66.00000000000637,overnight
2025-06-10,1,2025-06-09 15:55:00-04:00,2025-06-10 09:30:00-04:00,599.6,600.21,0.6100000000000136,30.500000000000682,59.000000000001364,overnight
2025-06-11,1,2025-06-10 15:55:00-04:00,2025-06-11 09:30:00-04:00,603.04,604.1800000000001,1.1400000000001,57.000000000005,112.00000000001,overnight
2025-06-12,1,2025-06-11 15:55:00-04:00,2025-06-12 09:30:00-04:00,601.43,600.01,-1.419999999999959,-70.99999999999795,-143.9999999999959,overnight
2025-06-13,1,2025-06-12 15:55:00-04:00,2025-06-13 09:30:00-04:00,603.6899999999999,598.52,-5.169999999999959,-258.49999999999795,-518.9999999999959,overnight
2025-06-16,1,2025-06-13 15:55:00-04:00,2025-06-16 09:30:00-04:00,596.9399999999999,600.41,3.4700000000000273,173.50000000000136,345.00000000000273,overnight
2025-06-17,1,2025-06-16 15:55:00-04:00,2025-06-17 09:30:00-04:00,602.71,600.21,-2.5,-125.0,-252.0,overnight
2025-06-18,1,2025-06-17 15:55:00-04:00,2025-06-18 09:30:00-04:00,597.58,598.4300000000001,0.8500000000000227,42.50000000000114,83.00000000000227,overnight
2025-06-20,1,2025-06-18 15:55:00-04:00,2025-06-20 09:30:00-04:00,597.47,598.37,0.8999999999999773,44.99999999999886,87.99999999999773,overnight
2025-06-23,1,2025-06-20 15:55:00-04:00,2025-06-23 09:30:00-04:00,594.24,595.03,0.7899999999999636,39.49999999999818,76.99999999999636,overnight
2025-06-24,1,2025-06-23 15:55:00-04:00,2025-06-24 09:30:00-04:00,600.13,604.32,4.190000000000055,209.50000000000273,417.00000000000546,overnight
2025-06-25,1,2025-06-24 15:55:00-04:00,2025-06-25 09:30:00-04:00,606.76,607.9,1.1399999999999864,56.99999999999932,111.99999999999864,overnight
2025-06-26,1,2025-06-25 15:55:00-04:00,2025-06-26 09:30:00-04:00,607.09,609.0,1.9099999999999682,95.49999999999841,188.99999999999682,overnight
2025-06-27,1,2025-06-26 15:55:00-04:00,2025-06-27 09:30:00-04:00,611.89,612.87,0.9800000000000182,49.00000000000091,96.00000000000182,overnight
2025-06-30,1,2025-06-27 15:55:00-04:00,2025-06-30 09:30:00-04:00,614.86,617.38,2.519999999999982,125.99999999999909,249.99999999999818,overnight
2025-07-01,1,2025-06-30 15:55:00-04:00,2025-07-01 09:30:00-04:00,617.85,616.35,-1.5,-75.0,-152.0,overnight
2025-07-02,1,2025-07-01 15:55:00-04:00,2025-07-02 09:30:00-04:00,617.5699999999999,617.23,-0.33999999999991815,-16.999999999995907,-35.999999999991815,overnight
2025-07-07,1,2025-07-02 15:55:00-04:00,2025-07-07 09:30:00-04:00,620.38,623.32,2.9400000000000546,147.00000000000273,292.00000000000546,overnight
2025-07-08,1,2025-07-07 15:55:00-04:00,2025-07-08 09:30:00-04:00,620.79,621.34,0.5500000000000682,27.50000000000341,53.00000000000682,overnight
2025-07-09,1,2025-07-08 15:55:00-04:00,2025-07-09 09:30:00-04:00,620.3199999999999,622.75,2.4300000000000637,121.50000000000318,241.00000000000637,overnight
2025-07-10,1,2025-07-09 15:55:00-04:00,2025-07-10 09:30:00-04:00,624.0,624.19,0.19000000000005457,9.500000000002728,17.000000000005457,overnight
2025-07-11,1,2025-07-10 15:55:00-04:00,2025-07-11 09:30:00-04:00,625.84,622.72,-3.1200000000000045,-156.00000000000023,-314.00000000000045,overnight
2025-07-14,1,2025-07-11 15:55:00-04:00,2025-07-14 09:30:00-04:00,623.62,623.16,-0.4600000000000364,-23.00000000000182,-48.00000000000364,overnight
2025-07-15,1,2025-07-14 15:55:00-04:00,2025-07-15 09:30:00-04:00,624.72,627.52,2.7999999999999545,139.99999999999773,277.99999999999545,overnight
2025-07-16,1,2025-07-15 15:55:00-04:00,2025-07-16 09:30:00-04:00,622.13,623.73,1.6000000000000227,80.00000000000114,158.00000000000227,overnight
2025-07-17,1,2025-07-16 15:55:00-04:00,2025-07-17 09:30:00-04:00,624.1899999999999,624.42,0.2300000000000182,11.50000000000091,21.00000000000182,overnight
2025-07-18,1,2025-07-17 15:55:00-04:00,2025-07-18 09:30:00-04:00,628.0,629.28,1.2799999999999727,63.999999999998636,125.99999999999727,overnight
2025-07-21,1,2025-07-18 15:55:00-04:00,2025-07-21 09:30:00-04:00,627.59,628.75,1.1599999999999682,57.99999999999841,113.99999999999682,overnight
2025-07-22,1,2025-07-21 15:55:00-04:00,2025-07-22 09:30:00-04:00,628.74,629.07,0.3300000000000409,16.500000000002046,31.000000000004093,overnight
2025-07-23,1,2025-07-22 15:55:00-04:00,2025-07-23 09:30:00-04:00,628.84,631.57,2.730000000000018,136.5000000000009,271.0000000000018,overnight
2025-07-24,1,2025-07-23 15:55:00-04:00,2025-07-24 09:30:00-04:00,634.16,634.58,0.42000000000007276,21.000000000003638,40.000000000007276,overnight
2025-07-25,1,2025-07-24 15:55:00-04:00,2025-07-25 09:30:00-04:00,634.46,635.04,0.5799999999999272,28.999999999996362,55.999999999992724,overnight
2025-07-28,1,2025-07-25 15:55:00-04:00,2025-07-28 09:30:00-04:00,637.02,637.49,0.4700000000000273,23.500000000001364,45.00000000000273,overnight
2025-07-29,1,2025-07-28 15:55:00-04:00,2025-07-29 09:30:00-04:00,636.9,638.35,1.4500000000000455,72.50000000000227,143.00000000000455,overnight
2025-07-30,1,2025-07-29 15:55:00-04:00,2025-07-30 09:30:00-04:00,635.23,635.95,0.7200000000000273,36.000000000001364,70.00000000000273,overnight
2025-07-31,1,2025-07-30 15:55:00-04:00,2025-07-31 09:30:00-04:00,634.5,639.46,4.960000000000036,248.00000000000182,494.00000000000364,overnight
2025-08-01,1,2025-07-31 15:55:00-04:00,2025-08-01 09:30:00-04:00,631.9399999999999,626.3,-5.639999999999986,-281.9999999999993,-565.9999999999986,overnight
2025-08-04,1,2025-08-01 15:55:00-04:00,2025-08-04 09:30:00-04:00,621.72,625.69,3.9700000000000273,198.50000000000136,395.00000000000273,overnight
2025-08-05,1,2025-08-04 15:55:00-04:00,2025-08-05 09:30:00-04:00,631.08,631.8,0.7199999999999136,35.99999999999568,69.99999999999136,overnight
2025-08-06,1,2025-08-05 15:55:00-04:00,2025-08-06 09:30:00-04:00,628.03,629.04,1.009999999999991,50.499999999999545,98.99999999999909,overnight
2025-08-07,1,2025-08-06 15:55:00-04:00,2025-08-07 09:30:00-04:00,632.68,636.24,3.560000000000059,178.00000000000296,354.0000000000059,overnight
2025-08-08,1,2025-08-07 15:55:00-04:00,2025-08-08 09:30:00-04:00,632.3,634.0600000000001,1.7600000000001046,88.00000000000523,174.00000000001046,overnight
2025-08-11,1,2025-08-08 15:55:00-04:00,2025-08-11 09:30:00-04:00,637.13,637.46,0.3300000000000409,16.500000000002046,31.000000000004093,overnight
2025-08-12,1,2025-08-11 15:55:00-04:00,2025-08-12 09:30:00-04:00,635.83,638.27,2.439999999999941,121.99999999999704,241.9999999999941,overnight
2025-08-13,1,2025-08-12 15:55:00-04:00,2025-08-13 09:30:00-04:00,642.64,644.9,2.259999999999991,112.99999999999955,223.9999999999991,overnight
2025-08-14,1,2025-08-13 15:55:00-04:00,2025-08-14 09:30:00-04:00,644.89,642.77,-2.1200000000000045,-106.00000000000023,-214.00000000000045,overnight
2025-08-15,1,2025-08-14 15:55:00-04:00,2025-08-15 09:30:00-04:00,644.95,645.98,1.0299999999999727,51.499999999998636,100.99999999999727,overnight
2025-08-18,1,2025-08-15 15:55:00-04:00,2025-08-18 09:30:00-04:00,643.47,642.85,-0.6200000000000045,-31.000000000000227,-64.00000000000045,overnight
2025-08-19,1,2025-08-18 15:55:00-04:00,2025-08-19 09:30:00-04:00,643.28,643.11,-0.16999999999995907,-8.499999999997954,-18.999999999995907,overnight
2025-08-20,1,2025-08-19 15:55:00-04:00,2025-08-20 09:30:00-04:00,639.76,639.39,-0.37000000000000455,-18.500000000000227,-39.000000000000455,overnight
2025-08-21,1,2025-08-20 15:55:00-04:00,2025-08-21 09:30:00-04:00,638.05,636.26,-1.7899999999999636,-89.49999999999818,-180.99999999999636,overnight
2025-08-22,1,2025-08-21 15:55:00-04:00,2025-08-22 09:30:00-04:00,635.6,637.75,2.1499999999999773,107.49999999999886,212.99999999999773,overnight
2025-08-25,1,2025-08-22 15:55:00-04:00,2025-08-25 09:30:00-04:00,645.26,644.02,-1.240000000000009,-62.000000000000455,-126.00000000000091,overnight
2025-08-26,1,2025-08-25 15:55:00-04:00,2025-08-26 09:30:00-04:00,642.5,642.17,-0.3300000000000409,-16.500000000002046,-35.00000000000409,overnight
2025-08-27,1,2025-08-26 15:55:00-04:00,2025-08-27 09:30:00-04:00,645.14,644.5600000000001,-0.5799999999999272,-28.999999999996362,-59.999999999992724,overnight
2025-08-28,1,2025-08-27 15:55:00-04:00,2025-08-28 09:30:00-04:00,646.61,647.26,0.6499999999999773,32.49999999999886,62.999999999997726,overnight
2025-08-29,1,2025-08-28 15:55:00-04:00,2025-08-29 09:30:00-04:00,648.88,647.45,-1.42999999999995,-71.4999999999975,-144.999999999995,overnight
2025-09-02,1,2025-08-29 15:55:00-04:00,2025-09-02 09:30:00-04:00,645.01,637.52,-7.490000000000009,-374.50000000000045,-751.0000000000009,overnight
2025-09-03,1,2025-09-02 15:55:00-04:00,2025-09-03 09:30:00-04:00,640.35,642.64,2.2899999999999636,114.49999999999818,226.99999999999636,overnight
2025-09-04,1,2025-09-03 15:55:00-04:00,2025-09-04 09:30:00-04:00,643.65,644.42,0.7699999999999818,38.49999999999909,74.99999999999818,overnight
2025-09-05,1,2025-09-04 15:55:00-04:00,2025-09-05 09:30:00-04:00,648.99,651.4300000000001,2.4400000000000546,122.00000000000273,242.00000000000546,overnight
2025-09-08,1,2025-09-05 15:55:00-04:00,2025-09-08 09:30:00-04:00,647.22,648.61,1.3899999999999864,69.49999999999932,136.99999999999864,overnight
2025-09-09,1,2025-09-08 15:55:00-04:00,2025-09-09 09:30:00-04:00,648.8,648.95,0.15000000000009095,7.5000000000045475,13.000000000009095,overnight
2025-09-10,1,2025-09-09 15:55:00-04:00,2025-09-10 09:30:00-04:00,650.34,653.62,3.2799999999999727,163.99999999999864,325.99999999999727,overnight
2025-09-11,1,2025-09-10 15:55:00-04:00,2025-09-11 09:30:00-04:00,652.24,654.17,1.92999999999995,96.4999999999975,190.999999999995,overnight
2025-09-12,1,2025-09-11 15:55:00-04:00,2025-09-12 09:30:00-04:00,657.6,657.58,-0.01999999999998181,-0.9999999999990905,-3.999999999998181,overnight
2025-09-15,1,2025-09-12 15:55:00-04:00,2025-09-15 09:30:00-04:00,657.4,659.59,2.1900000000000546,109.50000000000273,217.00000000000546,overnight
2025-09-16,1,2025-09-15 15:55:00-04:00,2025-09-16 09:30:00-04:00,660.86,661.4300000000001,0.57000000000005,28.5000000000025,55.000000000005,overnight
2025-09-17,1,2025-09-16 15:55:00-04:00,2025-09-17 09:30:00-04:00,659.9399999999999,660.0,0.06000000000005912,3.000000000002956,4.000000000005912,overnight
2025-09-18,1,2025-09-17 15:55:00-04:00,2025-09-18 09:30:00-04:00,659.1899999999999,661.87,2.6800000000000637,134.00000000000318,266.00000000000637,overnight
2025-09-19,1,2025-09-18 15:55:00-04:00,2025-09-19 09:30:00-04:00,662.29,662.32,0.030000000000086402,1.50000000000432,1.0000000000086402,overnight
2025-09-22,1,2025-09-19 15:55:00-04:00,2025-09-22 09:30:00-04:00,663.62,662.1800000000001,-1.4399999999999409,-71.99999999999704,-145.9999999999941,overnight
2025-09-23,1,2025-09-22 15:55:00-04:00,2025-09-23 09:30:00-04:00,666.76,666.7,-0.05999999999994543,-2.9999999999972715,-7.999999999994543,overnight
2025-09-24,1,2025-09-23 15:55:00-04:00,2025-09-24 09:30:00-04:00,663.26,664.49,1.2300000000000182,61.50000000000091,121.00000000000182,overnight
2025-09-25,1,2025-09-24 15:55:00-04:00,2025-09-25 09:30:00-04:00,661.05,657.97,-3.0799999999999272,-153.99999999999636,-309.9999999999927,overnight
2025-09-26,1,2025-09-25 15:55:00-04:00,2025-09-26 09:30:00-04:00,657.96,659.5,1.5399999999999636,76.99999999999818,151.99999999999636,overnight
2025-09-29,1,2025-09-26 15:55:00-04:00,2025-09-29 09:30:00-04:00,661.74,664.35,2.6100000000000136,130.50000000000068,259.00000000000136,overnight
2025-09-30,1,2025-09-29 15:55:00-04:00,2025-09-30 09:30:00-04:00,663.61,662.91,-0.7000000000000455,-35.000000000002274,-72.00000000000455,overnight
2025-10-01,1,2025-09-30 15:55:00-04:00,2025-10-01 09:30:00-04:00,666.0,663.15,-2.8500000000000227,-142.50000000000114,-287.0000000000023,overnight
2025-10-02,1,2025-10-01 15:55:00-04:00,2025-10-02 09:30:00-04:00,668.51,670.46,1.9500000000000455,97.50000000000227,193.00000000000455,overnight
2025-10-03,1,2025-10-02 15:55:00-04:00,2025-10-03 09:30:00-04:00,669.15,669.98,0.8300000000000409,41.500000000002046,81.00000000000409,overnight
2025-10-06,1,2025-10-03 15:55:00-04:00,2025-10-06 09:30:00-04:00,669.22,671.62,2.3999999999999773,119.99999999999886,237.99999999999773,overnight
2025-10-07,1,2025-10-06 15:55:00-04:00,2025-10-07 09:30:00-04:00,671.59,672.54,0.9499999999999318,47.49999999999659,92.99999999999318,overnight
2025-10-08,1,2025-10-07 15:55:00-04:00,2025-10-08 09:30:00-04:00,669.14,670.25,1.1100000000000136,55.50000000000068,109.00000000000136,overnight
2025-10-09,1,2025-10-08 15:55:00-04:00,2025-10-09 09:30:00-04:00,673.05,673.51,0.4600000000000364,23.00000000000182,44.00000000000364,overnight
2025-10-10,1,2025-10-09 15:55:00-04:00,2025-10-10 09:30:00-04:00,671.2,672.14,0.9399999999999409,46.999999999997044,91.99999999999409,overnight
2025-10-13,1,2025-10-10 15:55:00-04:00,2025-10-13 09:30:00-04:00,653.12,660.64,7.519999999999982,375.9999999999991,749.9999999999982,overnight
2025-10-14,1,2025-10-13 15:55:00-04:00,2025-10-14 09:30:00-04:00,663.06,657.17,-5.889999999999986,-294.4999999999993,-590.9999999999986,overnight
2025-10-15,1,2025-10-14 15:55:00-04:00,2025-10-15 09:30:00-04:00,662.21,666.8100000000001,4.600000000000023,230.00000000000114,458.0000000000023,overnight
2025-10-16,1,2025-10-15 15:55:00-04:00,2025-10-16 09:30:00-04:00,665.09,666.83,1.740000000000009,87.00000000000045,172.0000000000009,overnight
2025-10-17,1,2025-10-16 15:55:00-04:00,2025-10-17 09:30:00-04:00,660.68,659.51,-1.169999999999959,-58.499999999997954,-118.99999999999591,overnight
2025-10-20,1,2025-10-17 15:55:00-04:00,2025-10-20 09:30:00-04:00,664.3199999999999,667.29,2.9700000000000273,148.50000000000136,295.00000000000273,overnight
2025-10-21,1,2025-10-20 15:55:00-04:00,2025-10-21 09:30:00-04:00,671.27,671.45,0.18000000000006366,9.000000000003183,16.000000000006366,overnight
2025-10-22,1,2025-10-21 15:55:00-04:00,2025-10-22 09:30:00-04:00,671.27,671.97,0.7000000000000455,35.000000000002274,68.00000000000455,overnight
2025-10-23,1,2025-10-22 15:55:00-04:00,2025-10-23 09:30:00-04:00,667.8199999999999,668.08,0.2600000000001046,13.00000000000523,24.00000000001046,overnight
2025-10-24,1,2025-10-23 15:55:00-04:00,2025-10-24 09:30:00-04:00,671.62,676.45,4.830000000000041,241.50000000000205,481.0000000000041,overnight
2025-10-27,1,2025-10-24 15:55:00-04:00,2025-10-27 09:30:00-04:00,677.12,682.72,5.600000000000023,280.00000000000114,558.0000000000023,overnight
2025-10-28,1,2025-10-27 15:55:00-04:00,2025-10-28 09:30:00-04:00,685.1899999999999,687.0600000000001,1.8700000000001182,93.50000000000591,185.00000000001182,overnight
2025-10-29,1,2025-10-28 15:55:00-04:00,2025-10-29 09:30:00-04:00,686.99,688.7,1.7100000000000364,85.50000000000182,169.00000000000364,overnight
2025-10-30,1,2025-10-29 15:55:00-04:00,2025-10-30 09:30:00-04:00,687.34,683.9,-3.4400000000000546,-172.00000000000273,-346.00000000000546,overnight
2025-10-31,1,2025-10-30 15:55:00-04:00,2025-10-31 09:30:00-04:00,679.98,685.03,5.0499999999999545,252.49999999999773,502.99999999999545,overnight
2025-11-03,1,2025-10-31 15:55:00-04:00,2025-11-03 09:30:00-05:00,681.99,685.65,3.659999999999968,182.9999999999984,363.9999999999968,overnight
2025-11-04,1,2025-11-03 15:55:00-05:00,2025-11-04 09:30:00-05:00,683.38,676.1,-7.279999999999973,-363.99999999999864,-729.9999999999973,overnight
2025-11-05,1,2025-11-04 15:55:00-05:00,2025-11-05 09:30:00-05:00,675.35,674.99,-0.36000000000001364,-18.000000000000682,-38.000000000001364,overnight
2025-11-06,1,2025-11-05 15:55:00-05:00,2025-11-06 09:30:00-05:00,677.52,676.45,-1.0699999999999363,-53.49999999999682,-108.99999999999363,overnight
2025-11-07,1,2025-11-06 15:55:00-05:00,2025-11-07 09:30:00-05:00,670.25,667.9,-2.3500000000000227,-117.50000000000114,-237.00000000000227,overnight
2025-11-10,1,2025-11-07 15:55:00-05:00,2025-11-10 09:30:00-05:00,670.92,677.2,6.280000000000086,314.0000000000043,626.0000000000086,overnight
2025-11-11,1,2025-11-10 15:55:00-05:00,2025-11-11 09:30:00-05:00,681.33,679.9300000000001,-1.3999999999999773,-69.99999999999886,-141.99999999999773,overnight
2025-11-12,1,2025-11-11 15:55:00-05:00,2025-11-12 09:30:00-05:00,682.88,684.8100000000001,1.9300000000000637,96.50000000000318,191.00000000000637,overnight
2025-11-13,1,2025-11-12 15:55:00-05:00,2025-11-13 09:30:00-05:00,683.3,680.5,-2.7999999999999545,-139.99999999999773,-281.99999999999545,overnight
2025-11-14,1,2025-11-13 15:55:00-05:00,2025-11-14 09:30:00-05:00,672.06,665.38,-6.67999999999995,-333.9999999999975,-669.999999999995,overnight
2025-11-17,1,2025-11-14 15:55:00-05:00,2025-11-17 09:30:00-05:00,671.96,669.69,-2.269999999999982,-113.49999999999909,-228.99999999999818,overnight
2025-11-18,1,2025-11-17 15:55:00-05:00,2025-11-18 09:30:00-05:00,665.7,662.09,-3.6100000000000136,-180.50000000000068,-363.00000000000136,overnight
2025-11-19,1,2025-11-18 15:55:00-05:00,2025-11-19 09:30:00-05:00,660.15,660.77,0.6200000000000045,31.000000000000227,60.000000000000455,overnight
2025-11-20,1,2025-11-19 15:55:00-05:00,2025-11-20 09:30:00-05:00,662.66,672.9,10.240000000000009,512.0000000000005,1022.0000000000009,overnight
2025-11-21,1,2025-11-20 15:55:00-05:00,2025-11-21 09:30:00-05:00,652.54,655.02,2.480000000000018,124.00000000000091,246.00000000000182,overnight
2025-11-24,1,2025-11-21 15:55:00-05:00,2025-11-24 09:30:00-05:00,659.05,662.65,3.6000000000000227,180.00000000000114,358.0000000000023,overnight
2025-11-25,1,2025-11-24 15:55:00-05:00,2025-11-25 09:30:00-05:00,668.79,668.62,-0.16999999999995907,-8.499999999997954,-18.999999999995907,overnight
2025-11-26,1,2025-11-25 15:55:00-05:00,2025-11-26 09:30:00-05:00,675.01,677.59,2.580000000000041,129.00000000000205,256.0000000000041,overnight
2025-12-01,1,2025-11-26 15:55:00-05:00,2025-12-01 09:30:00-05:00,679.64,678.78,-0.8600000000000136,-43.00000000000068,-88.00000000000136,overnight
2025-12-02,1,2025-12-01 15:55:00-05:00,2025-12-02 09:30:00-05:00,680.38,681.89,1.509999999999991,75.49999999999955,148.9999999999991,overnight
2025-12-03,1,2025-12-02 15:55:00-05:00,2025-12-03 09:30:00-05:00,681.49,680.5600000000001,-0.92999999999995,-46.4999999999975,-94.999999999995,overnight
2025-12-04,1,2025-12-03 15:55:00-05:00,2025-12-04 09:30:00-05:00,683.8199999999999,685.29,1.4700000000000273,73.50000000000136,145.00000000000273,overnight
2025-12-05,1,2025-12-04 15:55:00-05:00,2025-12-05 09:30:00-05:00,684.41,685.44,1.0300000000000864,51.50000000000432,101.00000000000864,overnight
2025-12-08,1,2025-12-05 15:55:00-05:00,2025-12-08 09:30:00-05:00,685.66,686.59,0.9300000000000637,46.50000000000318,91.00000000000637,overnight
2025-12-09,1,2025-12-08 15:55:00-05:00,2025-12-09 09:30:00-05:00,683.65,683.13,-0.5199999999999818,-25.99999999999909,-53.99999999999818,overnight
2025-12-10,1,2025-12-09 15:55:00-05:00,2025-12-10 09:30:00-05:00,683.06,682.53,-0.5299999999999727,-26.499999999998636,-54.99999999999727,overnight
2025-12-11,1,2025-12-10 15:55:00-05:00,2025-12-11 09:30:00-05:00,687.47,685.1,-2.3700000000000045,-118.50000000000023,-239.00000000000045,overnight
2025-12-12,1,2025-12-11 15:55:00-05:00,2025-12-12 09:30:00-05:00,689.15,688.16,-0.9900000000000091,-49.500000000000455,-101.00000000000091,overnight
2025-12-15,1,2025-12-12 15:55:00-05:00,2025-12-15 09:30:00-05:00,681.73,685.7,3.9700000000000273,198.50000000000136,395.00000000000273,overnight
2025-12-16,1,2025-12-15 15:55:00-05:00,2025-12-16 09:30:00-05:00,680.71,679.16,-1.5500000000000682,-77.50000000000341,-157.00000000000682,overnight
2025-12-17,1,2025-12-16 15:55:00-05:00,2025-12-17 09:30:00-05:00,678.87,679.87,1.0,50.0,98.0,overnight
2025-12-18,1,2025-12-17 15:55:00-05:00,2025-12-18 09:30:00-05:00,671.31,677.61,6.300000000000068,315.0000000000034,628.0000000000068,overnight
2025-12-19,1,2025-12-18 15:55:00-05:00,2025-12-19 09:30:00-05:00,676.49,676.59,0.10000000000002274,5.000000000001137,8.000000000002274,overnight
2025-12-22,1,2025-12-19 15:55:00-05:00,2025-12-22 09:30:00-05:00,680.61,683.91,3.2999999999999545,164.99999999999773,327.99999999999545,overnight
2025-12-23,1,2025-12-22 15:55:00-05:00,2025-12-23 09:30:00-05:00,684.8,683.91,-0.8899999999999864,-44.49999999999932,-90.99999999999864,overnight
2025-12-26,1,2025-12-23 15:55:00-05:00,2025-12-26 09:30:00-05:00,687.92,690.63,2.7100000000000364,135.50000000000182,269.00000000000364,overnight
2025-12-29,1,2025-12-26 15:55:00-05:00,2025-12-29 09:30:00-05:00,690.26,687.58,-2.67999999999995,-133.9999999999975,-269.999999999995,overnight
2025-12-30,1,2025-12-29 15:55:00-05:00,2025-12-30 09:30:00-05:00,687.85,687.44,-0.40999999999996817,-20.49999999999841,-42.99999999999682,overnight
2025-12-31,1,2025-12-30 15:55:00-05:00,2025-12-31 09:30:00-05:00,686.9399999999999,687.11,0.17000000000007276,8.500000000003638,15.000000000007276,overnight
2026-01-02,1,2025-12-31 15:55:00-05:00,2026-01-02 09:30:00-05:00,681.85,685.69,3.840000000000032,192.0000000000016,382.0000000000032,overnight
2026-01-05,1,2026-01-02 15:55:00-05:00,2026-01-05 09:30:00-05:00,683.18,686.53,3.3500000000000227,167.50000000000114,333.0000000000023,overnight
2026-01-06,1,2026-01-05 15:55:00-05:00,2026-01-06 09:30:00-05:00,687.74,687.89,0.14999999999997726,7.499999999998863,12.999999999997726,overnight
2026-01-07,1,2026-01-06 15:55:00-05:00,2026-01-07 09:30:00-05:00,691.81,692.2,0.39000000000010004,19.500000000005002,37.000000000010004,overnight
2026-01-08,1,2026-01-07 15:55:00-05:00,2026-01-08 09:30:00-05:00,689.6,688.78,-0.82000000000005,-41.0000000000025,-84.000000000005,overnight
2026-01-09,1,2026-01-08 15:55:00-05:00,2026-01-09 09:30:00-05:00,689.45,690.64,1.1899999999999409,59.499999999997044,116.99999999999409,overnight
2026-01-12,1,2026-01-09 15:55:00-05:00,2026-01-12 09:30:00-05:00,694.0,690.67,-3.330000000000041,-166.50000000000205,-335.0000000000041,overnight
2026-01-13,1,2026-01-12 15:55:00-05:00,2026-01-13 09:30:00-05:00,695.17,695.51,0.34000000000003183,17.00000000000159,32.00000000000318,overnight
2026-01-14,1,2026-01-13 15:55:00-05:00,2026-01-14 09:30:00-05:00,693.76,691.02,-2.740000000000009,-137.00000000000045,-276.0000000000009,overnight
2026-01-15,1,2026-01-14 15:55:00-05:00,2026-01-15 09:30:00-05:00,690.45,694.6,4.149999999999977,207.49999999999886,412.9999999999977,overnight
2026-01-16,1,2026-01-15 15:55:00-05:00,2026-01-16 09:30:00-05:00,692.18,693.64,1.4600000000000364,73.00000000000182,144.00000000000364,overnight
2026-01-20,1,2026-01-16 15:55:00-05:00,2026-01-20 09:30:00-05:00,691.59,681.47,-10.120000000000005,-506.0000000000002,-1014.0000000000005,overnight
2026-01-21,1,2026-01-20 15:55:00-05:00,2026-01-21 09:30:00-05:00,677.67,679.64,1.9700000000000273,98.50000000000136,195.00000000000273,overnight
2026-01-22,1,2026-01-21 15:55:00-05:00,2026-01-22 09:30:00-05:00,685.33,689.88,4.5499999999999545,227.49999999999773,452.99999999999545,overnight
2026-01-23,1,2026-01-22 15:55:00-05:00,2026-01-23 09:30:00-05:00,688.9399999999999,688.14,-0.7999999999999545,-39.999999999997726,-81.99999999999545,overnight
2026-01-26,1,2026-01-23 15:55:00-05:00,2026-01-26 09:30:00-05:00,689.1899999999999,690.46,1.2700000000000955,63.500000000004775,125.00000000000955,overnight
2026-01-27,1,2026-01-26 15:55:00-05:00,2026-01-27 09:30:00-05:00,692.72,694.17,1.4499999999999318,72.49999999999659,142.99999999999318,overnight
2026-01-28,1,2026-01-27 15:55:00-05:00,2026-01-28 09:30:00-05:00,695.55,697.05,1.5,75.0,148.0,overnight
2026-01-29,1,2026-01-28 15:55:00-05:00,2026-01-29 09:30:00-05:00,695.43,696.38,0.9500000000000455,47.500000000002274,93.00000000000455,overnight
2026-01-30,1,2026-01-29 15:55:00-05:00,2026-01-30 09:30:00-05:00,693.97,691.83,-2.1399999999999864,-106.99999999999932,-215.99999999999864,overnight
2026-02-02,1,2026-01-30 15:55:00-05:00,2026-02-02 09:30:00-05:00,691.85,689.57,-2.2799999999999727,-113.99999999999864,-229.99999999999727,overnight
2026-02-03,1,2026-02-02 15:55:00-05:00,2026-02-03 09:30:00-05:00,695.47,696.23,0.7599999999999909,37.999999999999545,73.99999999999909,overnight
2026-02-04,1,2026-02-03 15:55:00-05:00,2026-02-04 09:30:00-05:00,689.46,690.39,0.92999999999995,46.4999999999975,90.999999999995,overnight
2026-02-05,1,2026-02-04 15:55:00-05:00,2026-02-05 09:30:00-05:00,686.13,680.96,-5.169999999999959,-258.49999999999795,-518.9999999999959,overnight
2026-02-06,1,2026-02-05 15:55:00-05:00,2026-02-06 09:30:00-05:00,677.47,681.45,3.980000000000018,199.0000000000009,396.0000000000018,overnight
2026-02-09,1,2026-02-06 15:55:00-05:00,2026-02-09 09:30:00-05:00,690.66,689.41,-1.25,-62.5,-127.0,overnight
2026-02-10,1,2026-02-09 15:55:00-05:00,2026-02-10 09:30:00-05:00,693.93,694.94,1.0100000000001046,50.50000000000523,99.00000000001046,overnight
2026-02-11,1,2026-02-10 15:55:00-05:00,2026-02-11 09:30:00-05:00,692.1,696.4300000000001,4.330000000000041,216.50000000000205,431.0000000000041,overnight
2026-02-12,1,2026-02-11 15:55:00-05:00,2026-02-12 09:30:00-05:00,691.92,694.26,2.340000000000032,117.00000000000159,232.00000000000318,overnight
2026-02-13,1,2026-02-12 15:55:00-05:00,2026-02-13 09:30:00-05:00,681.24,681.66,0.4199999999999591,20.999999999997954,39.99999999999591,overnight
2026-02-17,1,2026-02-13 15:55:00-05:00,2026-02-17 09:30:00-05:00,681.59,680.11,-1.4800000000000182,-74.00000000000091,-150.00000000000182,overnight
2026-02-18,1,2026-02-17 15:55:00-05:00,2026-02-18 09:30:00-05:00,682.76,684.02,1.259999999999991,62.999999999999545,123.99999999999909,overnight
2026-02-19,1,2026-02-18 15:55:00-05:00,2026-02-19 09:30:00-05:00,686.2,683.85,-2.3500000000000227,-117.50000000000114,-237.00000000000227,overnight
2026-02-20,1,2026-02-19 15:55:00-05:00,2026-02-20 09:30:00-05:00,684.52,682.3,-2.2200000000000273,-111.00000000000136,-224.00000000000273,overnight
2026-02-23,1,2026-02-20 15:55:00-05:00,2026-02-23 09:30:00-05:00,689.36,687.8100000000001,-1.5499999999999545,-77.49999999999773,-156.99999999999545,overnight
2026-02-24,1,2026-02-23 15:55:00-05:00,2026-02-24 09:30:00-05:00,682.42,681.88,-0.5399999999999636,-26.99999999999818,-55.99999999999636,overnight
2026-02-25,1,2026-02-24 15:55:00-05:00,2026-02-25 09:30:00-05:00,687.39,690.2,2.810000000000059,140.50000000000296,279.0000000000059,overnight
2026-02-26,1,2026-02-25 15:55:00-05:00,2026-02-26 09:30:00-05:00,693.08,693.3100000000001,0.2300000000000182,11.50000000000091,21.00000000000182,overnight
2026-02-27,1,2026-02-26 15:55:00-05:00,2026-02-27 09:30:00-05:00,689.34,683.05,-6.290000000000077,-314.50000000000387,-631.0000000000077,overnight
2026-03-02,1,2026-02-27 15:55:00-05:00,2026-03-02 09:30:00-05:00,686.29,678.65,-7.639999999999986,-381.9999999999993,-765.9999999999986,overnight
2026-03-03,1,2026-03-02 15:55:00-05:00,2026-03-03 09:30:00-05:00,686.38,675.04,-11.340000000000032,-567.0000000000016,-1136.0000000000032,overnight
2026-03-04,1,2026-03-03 15:55:00-05:00,2026-03-04 09:30:00-05:00,680.29,681.62,1.330000000000041,66.50000000000205,131.0000000000041,overnight
2026-03-05,1,2026-03-04 15:55:00-05:00,2026-03-05 09:30:00-05:00,685.23,682.0600000000001,-3.169999999999959,-158.49999999999795,-318.9999999999959,overnight
2026-03-06,1,2026-03-05 15:55:00-05:00,2026-03-06 09:30:00-05:00,681.45,673.38,-8.07000000000005,-403.5000000000025,-809.000000000005,overnight
2026-03-09,1,2026-03-06 15:55:00-05:00,2026-03-09 09:30:00-04:00,672.47,666.39,-6.080000000000041,-304.00000000000205,-610.0000000000041,overnight
2026-03-10,1,2026-03-09 15:55:00-04:00,2026-03-10 09:30:00-04:00,678.3199999999999,677.6800000000001,-0.6399999999998727,-31.999999999993634,-65.99999999998727,overnight
2026-03-11,1,2026-03-10 15:55:00-04:00,2026-03-11 09:30:00-04:00,677.06,677.53,0.4700000000000273,23.500000000001364,45.00000000000273,overnight
2026-03-12,1,2026-03-11 15:55:00-04:00,2026-03-12 09:30:00-04:00,676.34,671.12,-5.220000000000027,-261.00000000000136,-524.0000000000027,overnight
2026-03-13,1,2026-03-12 15:55:00-04:00,2026-03-13 09:30:00-04:00,666.05,669.27,3.2200000000000273,161.00000000000136,320.00000000000273,overnight
2026-03-16,1,2026-03-13 15:55:00-04:00,2026-03-16 09:30:00-04:00,662.31,668.37,6.060000000000059,303.00000000000296,604.0000000000059,overnight
2026-03-17,1,2026-03-16 15:55:00-04:00,2026-03-17 09:30:00-04:00,668.97,672.34,3.3700000000000045,168.50000000000023,335.00000000000045,overnight
2026-03-18,1,2026-03-17 15:55:00-04:00,2026-03-18 09:30:00-04:00,670.76,668.29,-2.4700000000000273,-123.50000000000136,-249.00000000000273,overnight
2026-03-19,1,2026-03-18 15:55:00-04:00,2026-03-19 09:30:00-04:00,661.55,656.96,-4.589999999999918,-229.4999999999959,-460.9999999999918,overnight
2026-03-20,1,2026-03-19 15:55:00-04:00,2026-03-20 09:30:00-04:00,659.73,656.5,-3.230000000000018,-161.5000000000009,-325.0000000000018,overnight
2026-03-23,1,2026-03-20 15:55:00-04:00,2026-03-23 09:30:00-04:00,648.49,658.07,9.580000000000041,479.00000000000205,956.0000000000041,overnight
2026-03-24,1,2026-03-23 15:55:00-04:00,2026-03-24 09:30:00-04:00,655.38,651.32,-4.059999999999945,-202.99999999999727,-407.99999999999454,overnight
2026-03-25,1,2026-03-24 15:55:00-04:00,2026-03-25 09:30:00-04:00,653.1899999999999,658.67,5.480000000000018,274.0000000000009,546.0000000000018,overnight
2026-03-26,1,2026-03-25 15:55:00-04:00,2026-03-26 09:30:00-04:00,656.75,652.04,-4.710000000000036,-235.50000000000182,-473.00000000000364,overnight
2026-03-27,1,2026-03-26 15:55:00-04:00,2026-03-27 09:30:00-04:00,645.12,642.54,-2.580000000000041,-129.00000000000205,-260.0000000000041,overnight
2026-03-30,1,2026-03-27 15:55:00-04:00,2026-03-30 09:30:00-04:00,634.08,640.04,5.959999999999923,297.99999999999613,593.9999999999923,overnight
2026-03-31,1,2026-03-30 15:55:00-04:00,2026-03-31 09:30:00-04:00,632.02,638.99,6.970000000000027,348.50000000000136,695.0000000000027,overnight
2026-04-01,1,2026-03-31 15:55:00-04:00,2026-04-01 09:30:00-04:00,650.33,653.84,3.509999999999991,175.49999999999955,348.9999999999991,overnight
2026-04-02,1,2026-04-01 15:55:00-04:00,2026-04-02 09:30:00-04:00,655.24,646.41,-8.830000000000041,-441.50000000000205,-885.0000000000041,overnight
2026-04-06,1,2026-04-02 15:55:00-04:00,2026-04-06 09:30:00-04:00,655.89,655.85,-0.03999999999996362,-1.999999999998181,-5.999999999996362,overnight
2026-04-07,1,2026-04-06 15:55:00-04:00,2026-04-07 09:30:00-04:00,658.88,656.63,-2.25,-112.5,-227.0,overnight
2026-04-08,1,2026-04-07 15:55:00-04:00,2026-04-08 09:30:00-04:00,659.28,676.38,17.100000000000023,855.0000000000011,1708.0000000000023,overnight
2026-04-09,1,2026-04-08 15:55:00-04:00,2026-04-09 09:30:00-04:00,675.88,674.83,-1.0499999999999545,-52.499999999997726,-106.99999999999545,overnight
2026-04-10,1,2026-04-09 15:55:00-04:00,2026-04-10 09:30:00-04:00,679.89,681.26,1.3700000000000045,68.50000000000023,135.00000000000045,overnight
2026-04-13,1,2026-04-10 15:55:00-04:00,2026-04-13 09:30:00-04:00,679.3199999999999,677.39,-1.92999999999995,-96.4999999999975,-194.999999999995,overnight
2026-04-14,1,2026-04-13 15:55:00-04:00,2026-04-14 09:30:00-04:00,686.02,687.6800000000001,1.6600000000000819,83.00000000000409,164.00000000000819,overnight
2026-04-15,1,2026-04-14 15:55:00-04:00,2026-04-15 09:30:00-04:00,694.4,695.25,0.8500000000000227,42.50000000000114,83.00000000000227,overnight
2026-04-16,1,2026-04-15 15:55:00-04:00,2026-04-16 09:30:00-04:00,699.86,701.05,1.1899999999999409,59.499999999997044,116.99999999999409,overnight
2026-04-17,1,2026-04-16 15:55:00-04:00,2026-04-17 09:30:00-04:00,701.55,706.13,4.580000000000041,229.00000000000205,456.0000000000041,overnight
2026-04-20,1,2026-04-17 15:55:00-04:00,2026-04-20 09:30:00-04:00,710.05,708.78,-1.2699999999999818,-63.49999999999909,-128.99999999999818,overnight
2026-04-21,1,2026-04-20 15:55:00-04:00,2026-04-21 09:30:00-04:00,708.7,710.27,1.5699999999999363,78.49999999999682,154.99999999999363,overnight
2026-04-22,1,2026-04-21 15:55:00-04:00,2026-04-22 09:30:00-04:00,704.09,709.1800000000001,5.090000000000032,254.5000000000016,507.0000000000032,overnight
2026-04-23,1,2026-04-22 15:55:00-04:00,2026-04-23 09:30:00-04:00,711.24,709.49,-1.75,-87.5,-177.0,overnight
2026-04-24,1,2026-04-23 15:55:00-04:00,2026-04-24 09:30:00-04:00,708.47,710.74,2.269999999999982,113.49999999999909,224.99999999999818,overnight
2026-04-27,1,2026-04-24 15:55:00-04:00,2026-04-27 09:30:00-04:00,713.98,713.17,-0.8100000000000591,-40.500000000002956,-83.00000000000591,overnight
2026-04-28,1,2026-04-27 15:55:00-04:00,2026-04-28 09:30:00-04:00,715.17,711.8100000000001,-3.3599999999999,-167.999999999995,-337.99999999999,overnight
2026-04-29,1,2026-04-28 15:55:00-04:00,2026-04-29 09:30:00-04:00,711.6899999999999,710.99,-0.6999999999999318,-34.99999999999659,-71.99999999999318,overnight
2026-04-30,1,2026-04-29 15:55:00-04:00,2026-04-30 09:30:00-04:00,711.59,714.72,3.1299999999999955,156.49999999999977,310.99999999999955,overnight
2026-05-01,1,2026-04-30 15:55:00-04:00,2026-05-01 09:30:00-04:00,718.42,721.24,2.82000000000005,141.0000000000025,280.000000000005,overnight
2026-05-04,1,2026-05-01 15:55:00-04:00,2026-05-04 09:30:00-04:00,720.68,720.0600000000001,-0.6199999999998909,-30.999999999994543,-63.999999999989086,overnight
2026-05-05,1,2026-05-04 15:55:00-04:00,2026-05-05 09:30:00-04:00,718.09,721.76,3.669999999999959,183.49999999999795,364.9999999999959,overnight
2026-05-06,1,2026-05-05 15:55:00-04:00,2026-05-06 09:30:00-04:00,723.72,728.15,4.42999999999995,221.4999999999975,440.999999999995,overnight
2026-05-07,1,2026-05-06 15:55:00-04:00,2026-05-07 09:30:00-04:00,733.78,735.04,1.259999999999991,62.999999999999545,123.99999999999909,overnight
2026-05-08,1,2026-05-07 15:55:00-04:00,2026-05-08 09:30:00-04:00,731.55,734.9300000000001,3.380000000000109,169.00000000000546,336.0000000000109,overnight
2026-05-11,1,2026-05-08 15:55:00-04:00,2026-05-11 09:30:00-04:00,737.52,736.45,-1.0699999999999363,-53.49999999999682,-108.99999999999363,overnight
2026-05-12,1,2026-05-11 15:55:00-04:00,2026-05-12 09:30:00-04:00,739.21,736.9,-2.310000000000059,-115.50000000000296,-233.0000000000059,overnight
2026-05-13,1,2026-05-12 15:55:00-04:00,2026-05-13 09:30:00-04:00,738.2,738.45,0.25,12.5,23.0,overnight
2026-05-14,1,2026-05-13 15:55:00-04:00,2026-05-14 09:30:00-04:00,742.31,743.61,1.3000000000000682,65.00000000000341,128.00000000000682,overnight
2026-05-15,1,2026-05-14 15:55:00-04:00,2026-05-15 09:30:00-04:00,748.09,741.79,-6.300000000000068,-315.0000000000034,-632.0000000000068,overnight
2026-05-18,1,2026-05-15 15:55:00-04:00,2026-05-18 09:30:00-04:00,739.09,739.8100000000001,0.7200000000000273,36.000000000001364,70.00000000000273,overnight
2026-05-19,1,2026-05-18 15:55:00-04:00,2026-05-19 09:30:00-04:00,738.5699999999999,734.74,-3.8299999999999272,-191.49999999999636,-384.9999999999927,overnight
2026-05-20,1,2026-05-19 15:55:00-04:00,2026-05-20 09:30:00-04:00,733.79,735.69,1.900000000000091,95.00000000000455,188.0000000000091,overnight
2026-05-21,1,2026-05-20 15:55:00-04:00,2026-05-21 09:30:00-04:00,741.31,738.66,-2.6499999999999773,-132.49999999999886,-266.9999999999977,overnight
2026-05-22,1,2026-05-21 15:55:00-04:00,2026-05-22 09:30:00-04:00,742.72,746.2,3.480000000000018,174.0000000000009,346.0000000000018,overnight
2026-05-26,1,2026-05-22 15:55:00-04:00,2026-05-26 09:30:00-04:00,745.6,750.0,4.399999999999977,219.99999999999886,437.9999999999977,overnight
2026-05-27,1,2026-05-26 15:55:00-04:00,2026-05-27 09:30:00-04:00,750.48,750.89,0.40999999999996817,20.49999999999841,38.99999999999682,overnight
2026-05-28,1,2026-05-27 15:55:00-04:00,2026-05-28 09:30:00-04:00,750.49,750.21,-0.2799999999999727,-13.999999999998636,-29.99999999999727,overnight
2026-05-29,1,2026-05-28 15:55:00-04:00,2026-05-29 09:30:00-04:00,754.65,755.89,1.240000000000009,62.000000000000455,122.00000000000091,overnight
2026-06-01,1,2026-05-29 15:55:00-04:00,2026-06-01 09:30:00-04:00,756.41,755.3100000000001,-1.099999999999909,-54.99999999999545,-111.9999999999909,overnight
2026-06-02,1,2026-06-01 15:55:00-04:00,2026-06-02 09:30:00-04:00,758.4399999999999,756.99,-1.4499999999999318,-72.49999999999659,-146.99999999999318,overnight
2026-06-03,1,2026-06-02 15:55:00-04:00,2026-06-03 09:30:00-04:00,759.48,758.13,-1.3500000000000227,-67.50000000000114,-137.00000000000227,overnight
2026-06-04,1,2026-06-03 15:55:00-04:00,2026-06-04 09:30:00-04:00,754.2,752.1,-2.1000000000000227,-105.00000000000114,-212.00000000000227,overnight
2026-06-05,1,2026-06-04 15:55:00-04:00,2026-06-05 09:30:00-04:00,757.04,752.3,-4.740000000000009,-237.00000000000045,-476.0000000000009,overnight
2026-06-08,1,2026-06-05 15:55:00-04:00,2026-06-08 09:30:00-04:00,737.41,743.3,5.889999999999986,294.4999999999993,586.9999999999986,overnight
2026-06-09,1,2026-06-08 15:55:00-04:00,2026-06-09 09:30:00-04:00,739.3199999999999,743.62,4.300000000000068,215.0000000000034,428.0000000000068,overnight
2026-06-10,1,2026-06-09 15:55:00-04:00,2026-06-10 09:30:00-04:00,737.0699999999999,733.39,-3.67999999999995,-183.9999999999975,-369.999999999995,overnight
2026-06-11,1,2026-06-10 15:55:00-04:00,2026-06-11 09:30:00-04:00,725.43,728.8100000000001,3.380000000000109,169.00000000000546,336.0000000000109,overnight
2026-06-12,1,2026-06-11 15:55:00-04:00,2026-06-12 09:30:00-04:00,737.68,740.74,3.060000000000059,153.00000000000296,304.0000000000059,overnight
2026-06-15,1,2026-06-12 15:55:00-04:00,2026-06-15 09:30:00-04:00,741.67,751.84,10.170000000000073,508.50000000000364,1015.0000000000073,overnight
2026-06-16,1,2026-06-15 15:55:00-04:00,2026-06-16 09:30:00-04:00,754.67,754.54,-0.12999999999999545,-6.499999999999773,-14.999999999999545,overnight
2026-06-17,1,2026-06-16 15:55:00-04:00,2026-06-17 09:30:00-04:00,750.4,751.24,0.8400000000000318,42.00000000000159,82.00000000000318,overnight
2026-06-18,1,2026-06-17 15:55:00-04:00,2026-06-18 09:30:00-04:00,740.96,747.84,6.8799999999999955,343.9999999999998,685.9999999999995,overnight
2026-06-22,1,2026-06-18 15:55:00-04:00,2026-06-22 09:30:00-04:00,746.6,747.6800000000001,1.080000000000041,54.000000000002046,106.00000000000409,overnight
2026-06-23,1,2026-06-22 15:55:00-04:00,2026-06-23 09:30:00-04:00,744.0,733.76,-10.240000000000009,-512.0000000000005,-1026.000000000001,overnight
2026-06-24,1,2026-06-23 15:55:00-04:00,2026-06-24 09:30:00-04:00,733.68,735.13,1.4500000000000455,72.50000000000227,143.00000000000455,overnight
2026-06-25,1,2026-06-24 15:55:00-04:00,2026-06-25 09:30:00-04:00,733.03,738.94,5.910000000000082,295.5000000000041,589.0000000000082,overnight
2026-06-26,1,2026-06-25 15:55:00-04:00,2026-06-26 09:30:00-04:00,733.39,728.91,-4.480000000000018,-224.0000000000009,-450.0000000000018,overnight
2026-06-29,1,2026-06-26 15:55:00-04:00,2026-06-29 09:30:00-04:00,729.52,736.5,6.980000000000018,349.0000000000009,696.0000000000018,overnight
2026-06-30,1,2026-06-29 15:55:00-04:00,2026-06-30 09:30:00-04:00,740.86,741.26,0.39999999999997726,19.999999999998863,37.999999999997726,overnight
2026-07-01,1,2026-06-30 15:55:00-04:00,2026-07-01 09:30:00-04:00,746.46,744.95,-1.509999999999991,-75.49999999999955,-152.9999999999991,overnight
2026-07-02,1,2026-07-01 15:55:00-04:00,2026-07-02 09:30:00-04:00,745.66,747.35,1.6900000000000546,84.50000000000273,167.00000000000546,overnight
2026-07-06,1,2026-07-02 15:55:00-04:00,2026-07-06 09:30:00-04:00,744.88,748.6800000000001,3.800000000000068,190.0000000000034,378.0000000000068,overnight
2026-07-07,1,2026-07-06 15:55:00-04:00,2026-07-07 09:30:00-04:00,751.3199999999999,750.23,-1.0899999999999181,-54.49999999999591,-110.99999999999181,overnight
2026-07-08,1,2026-07-07 15:55:00-04:00,2026-07-08 09:30:00-04:00,747.7,743.15,-4.550000000000068,-227.5000000000034,-457.0000000000068,overnight
2026-07-09,1,2026-07-08 15:55:00-04:00,2026-07-09 09:30:00-04:00,745.29,747.32,2.0300000000000864,101.50000000000432,201.00000000000864,overnight
2026-07-10,1,2026-07-09 15:55:00-04:00,2026-07-10 09:30:00-04:00,751.66,752.03,0.37000000000000455,18.500000000000227,35.000000000000455,overnight
2026-07-13,1,2026-07-10 15:55:00-04:00,2026-07-13 09:30:00-04:00,754.89,752.49,-2.3999999999999773,-119.99999999999886,-241.99999999999773,overnight
2026-07-14,1,2026-07-13 15:55:00-04:00,2026-07-14 09:30:00-04:00,749.11,750.86,1.75,87.5,173.0,overnight
2026-07-15,1,2026-07-14 15:55:00-04:00,2026-07-15 09:30:00-04:00,751.88,754.25,2.3700000000000045,118.50000000000023,235.00000000000045,overnight
2026-07-16,1,2026-07-15 15:55:00-04:00,2026-07-16 09:30:00-04:00,754.74,752.77,-1.9700000000000273,-98.50000000000136,-199.00000000000273,overnight
2026-07-17,1,2026-07-16 15:55:00-04:00,2026-07-17 09:30:00-04:00,750.84,742.04,-8.800000000000068,-440.0000000000034,-882.0000000000068,overnight
2026-07-20,1,2026-07-17 15:55:00-04:00,2026-07-20 09:30:00-04:00,743.17,747.05,3.8799999999999955,193.99999999999977,385.99999999999955,overnight
2026-07-21,1,2026-07-20 15:55:00-04:00,2026-07-21 09:30:00-04:00,742.14,746.28,4.139999999999986,206.99999999999932,411.99999999999864,overnight
2026-07-22,1,2026-07-21 15:55:00-04:00,2026-07-22 09:30:00-04:00,748.34,746.65,-1.6900000000000546,-84.50000000000273,-171.00000000000546,overnight
2026-07-23,1,2026-07-22 15:55:00-04:00,2026-07-23 09:30:00-04:00,747.31,739.34,-7.969999999999914,-398.4999999999957,-798.9999999999914,overnight
2026-07-24,1,2026-07-23 15:55:00-04:00,2026-07-24 09:30:00-04:00,738.22,738.47,0.25,12.5,23.0,overnight
2026-07-27,1,2026-07-24 15:55:00-04:00,2026-07-27 09:30:00-04:00,738.87,744.89,6.019999999999982,300.9999999999991,599.9999999999982,overnight
2026-07-28,1,2026-07-27 15:55:00-04:00,2026-07-28 09:30:00-04:00,739.06,739.2,0.14000000000010004,7.000000000005002,12.000000000010004,overnight
2026-07-29,1,2026-07-28 15:55:00-04:00,2026-07-29 09:30:00-04:00,740.77,739.96,-0.8099999999999454,-40.49999999999727,-82.99999999999454,overnight
2026-07-30,1,2026-07-29 15:55:00-04:00,2026-07-30 09:30:00-04:00,729.48,736.02,6.539999999999964,326.9999999999982,651.9999999999964,overnight
2026-07-31,1,2026-07-30 15:55:00-04:00,2026-07-31 09:30:00-04:00,741.72,744.67,2.949999999999932,147.4999999999966,292.9999999999932,overnight
2026-08-03,1,2026-07-31 15:55:00-04:00,2026-08-03 09:30:00-04:00,746.83,749.4,2.5699999999999363,128.49999999999682,254.99999999999363,overnight
2026-08-04,1,2026-08-03 15:55:00-04:00,2026-08-04 09:30:00-04:00,757.68,760.59,2.910000000000082,145.5000000000041,289.0000000000082,overnight
2026-08-05,1,2026-08-04 15:55:00-04:00,2026-08-05 09:30:00-04:00,771.28,775.82,4.540000000000077,227.00000000000387,452.00000000000773,overnight
2026-08-06,1,2026-08-05 15:55:00-04:00,2026-08-06 09:30:00-04:00,769.75,770.16,0.40999999999996817,20.49999999999841,38.99999999999682,overnight
2026-08-07,1,2026-08-06 15:55:00-04:00,2026-08-07 09:30:00-04:00,768.54,770.99,2.4500000000000455,122.50000000000227,243.00000000000455,overnight
2026-08-10,1,2026-08-07 15:55:00-04:00,2026-08-10 09:30:00-04:00,773.13,772.63,-0.5,-25.0,-52.0,overnight
2026-08-11,1,2026-08-10 15:55:00-04:00,2026-08-11 09:30:00-04:00,773.08,774.51,1.42999999999995,71.4999999999975,140.999999999995,overnight
2026-08-12,1,2026-08-11 15:55:00-04:00,2026-08-12 09:30:00-04:00,770.48,774.69,4.210000000000036,210.50000000000182,419.00000000000364,overnight
2026-08-13,1,2026-08-12 15:55:00-04:00,2026-08-13 09:30:00-04:00,772.53,774.87,2.340000000000032,117.00000000000159,232.00000000000318,overnight
2026-08-14,1,2026-08-13 15:55:00-04:00,2026-08-14 09:30:00-04:00,777.79,778.52,0.7300000000000182,36.50000000000091,71.00000000000182,overnight
2026-08-17,1,2026-08-14 15:55:00-04:00,2026-08-17 09:30:00-04:00,776.35,776.15,-0.20000000000004547,-10.000000000002274,-22.000000000004547,overnight
2026-08-18,1,2026-08-17 15:55:00-04:00,2026-08-18 09:30:00-04:00,772.6899999999999,768.67,-4.019999999999982,-200.9999999999991,-403.9999999999982,overnight
2026-08-19,1,2026-08-18 15:55:00-04:00,2026-08-19 09:30:00-04:00,767.41,770.34,2.9300000000000637,146.50000000000318,291.00000000000637,overnight
2026-08-20,1,2026-08-19 15:55:00-04:00,2026-08-20 09:30:00-04:00,769.09,765.92,-3.1700000000000728,-158.50000000000364,-319.0000000000073,overnight
2026-08-21,1,2026-08-20 15:55:00-04:00,2026-08-21 09:30:00-04:00,762.63,766.03,3.3999999999999773,169.99999999999886,337.9999999999977,overnight
2026-08-24,1,2026-08-21 15:55:00-04:00,2026-08-24 09:30:00-04:00,765.65,764.75,-0.8999999999999773,-44.99999999999886,-91.99999999999773,overnight
2026-08-25,1,2026-08-24 15:55:00-04:00,2026-08-25 09:30:00-04:00,763.49,766.17,2.67999999999995,133.9999999999975,265.999999999995,overnight
2026-08-26,1,2026-08-25 15:55:00-04:00,2026-08-26 09:30:00-04:00,765.83,764.67,-1.1600000000000819,-58.00000000000409,-118.00000000000819,overnight
2026-08-27,1,2026-08-26 15:55:00-04:00,2026-08-27 09:30:00-04:00,765.96,768.48,2.519999999999982,125.99999999999909,249.99999999999818,overnight
2026-08-28,1,2026-08-27 15:55:00-04:00,2026-08-28 09:30:00-04:00,771.05,771.75,0.7000000000000455,35.000000000002274,68.00000000000455,overnight
2026-08-31,1,2026-08-28 15:55:00-04:00,2026-08-31 09:30:00-04:00,769.38,767.29,-2.090000000000032,-104.50000000000159,-211.00000000000318,overnight
2026-09-01,1,2026-08-31 15:55:00-04:00,2026-09-01 09:30:00-04:00,766.96,762.01,-4.9500000000000455,-247.50000000000227,-497.00000000000455,overnight
2026-09-02,1,2026-09-01 15:55:00-04:00,2026-09-02 09:30:00-04:00,761.66,762.42,0.7599999999999909,37.999999999999545,73.99999999999909,overnight
2026-09-03,1,2026-09-02 15:55:00-04:00,2026-09-03 09:30:00-04:00,765.17,767.85,2.6800000000000637,134.00000000000318,266.00000000000637,overnight
2026-09-04,1,2026-09-03 15:55:00-04:00,2026-09-04 09:30:00-04:00,773.14,771.98,-1.1599999999999682,-57.99999999999841,-117.99999999999682,overnight
2026-09-08,1,2026-09-04 15:55:00-04:00,2026-09-08 09:30:00-04:00,770.25,769.05,-1.2000000000000455,-60.000000000002274,-122.00000000000455,overnight
2026-09-09,1,2026-09-08 15:55:00-04:00,2026-09-09 09:30:00-04:00,766.01,764.08,-1.92999999999995,-96.4999999999975,-194.999999999995,overnight
2026-09-10,1,2026-09-09 15:55:00-04:00,2026-09-10 09:30:00-04:00,762.41,758.01,-4.399999999999977,-219.99999999999886,-441.9999999999977,overnight
2026-09-11,1,2026-09-10 15:55:00-04:00,2026-09-11 09:30:00-04:00,757.89,764.7,6.810000000000059,340.50000000000296,679.0000000000059,overnight
2026-09-14,1,2026-09-11 15:55:00-04:00,2026-09-14 09:30:00-04:00,764.21,758.99,-5.220000000000027,-261.00000000000136,-524.0000000000027,overnight
2026-09-15,1,2026-09-14 15:55:00-04:00,2026-09-15 09:30:00-04:00,760.78,760.11,-0.6699999999999591,-33.499999999997954,-68.99999999999591,overnight
2026-09-16,1,2026-09-15 15:55:00-04:00,2026-09-16 09:30:00-04:00,757.43,759.49,2.060000000000059,103.00000000000296,204.0000000000059,overnight
2026-09-17,1,2026-09-16 15:55:00-04:00,2026-09-17 09:30:00-04:00,754.08,763.14,9.059999999999945,452.99999999999727,903.9999999999945,overnight
2026-09-18,1,2026-09-17 15:55:00-04:00,2026-09-18 09:30:00-04:00,762.6899999999999,761.3,-1.3899999999999864,-69.49999999999932,-140.99999999999864,overnight
2026-09-21,1,2026-09-18 15:55:00-04:00,2026-09-21 09:30:00-04:00,761.65,766.27,4.6200000000000045,231.00000000000023,460.00000000000045,overnight
