date,side,entry_time,exit_time,entry,exit,pts,r_mult,pnl,reason
2023-09-11,1,2023-09-08 17:45:00+02:00,2023-09-11 09:00:00+02:00,466.9805,467.3295,0.34899999999998954,348.99999999998954,32.899999999998954,overnight
2023-09-12,1,2023-09-11 17:45:00+02:00,2023-09-12 09:00:00+02:00,467.3205,468.5495,1.2290000000000418,1229.0000000000418,120.90000000000418,overnight
2023-09-13,1,2023-09-12 17:45:00+02:00,2023-09-13 09:00:00+02:00,467.1705,466.15950000000004,-1.0109999999999673,-1010.9999999999673,-103.09999999999673,overnight
2023-09-14,1,2023-09-13 17:45:00+02:00,2023-09-14 09:00:00+02:00,467.6605,468.09950000000003,0.4390000000000214,439.0000000000214,41.90000000000214,overnight
2023-09-15,1,2023-09-14 17:45:00+02:00,2023-09-15 09:00:00+02:00,470.02049999999997,471.71950000000004,1.6990000000000691,1699.0000000000691,167.9000000000069,overnight
2023-09-18,1,2023-09-15 17:45:00+02:00,2023-09-18 09:00:00+02:00,466.4105,465.7795,-0.6310000000000286,-631.0000000000286,-65.10000000000286,overnight
2023-09-19,1,2023-09-18 17:45:00+02:00,2023-09-19 09:00:00+02:00,466.1405,465.1495,-0.9909999999999854,-990.9999999999854,-101.09999999999854,overnight
2023-09-20,1,2023-09-19 17:45:00+02:00,2023-09-20 09:00:00+02:00,462.5805,464.34950000000003,1.7690000000000623,1769.0000000000623,174.90000000000623,overnight
2023-09-21,1,2023-09-20 17:45:00+02:00,2023-09-21 09:00:00+02:00,465.21049999999997,459.34950000000003,-5.860999999999933,-5860.999999999933,-588.0999999999933,overnight
2023-09-22,1,2023-09-21 17:45:00+02:00,2023-09-22 09:00:00+02:00,455.5405,453.2695,-2.271000000000015,-2271.000000000015,-229.1000000000015,overnight
2023-09-25,1,2023-09-22 17:45:00+02:00,2023-09-25 09:00:00+02:00,455.1205,452.7395,-2.380999999999972,-2380.999999999972,-240.09999999999718,overnight
2023-09-26,1,2023-09-25 17:45:00+02:00,2023-09-26 09:00:00+02:00,452.21049999999997,450.7695,-1.440999999999974,-1440.999999999974,-146.0999999999974,overnight
2023-09-27,1,2023-09-26 17:45:00+02:00,2023-09-27 09:00:00+02:00,447.9705,448.34950000000003,0.3790000000000191,379.0000000000191,35.90000000000191,overnight
2023-09-28,1,2023-09-27 17:45:00+02:00,2023-09-28 09:00:00+02:00,446.7605,447.1495,0.38900000000001,389.00000000001,36.900000000001,overnight
2023-09-29,1,2023-09-28 17:45:00+02:00,2023-09-29 09:00:00+02:00,449.5605,450.8295,1.2690000000000055,1269.0000000000055,124.90000000000055,overnight
2023-10-02,1,2023-09-29 17:45:00+02:00,2023-10-02 09:00:00+02:00,450.7505,450.8395,0.08899999999999864,88.99999999999864,6.899999999999864,overnight
2023-10-03,1,2023-10-02 17:45:00+02:00,2023-10-03 09:00:00+02:00,449.02049999999997,448.1995,-0.8209999999999695,-820.9999999999695,-84.09999999999695,overnight
2023-10-04,1,2023-10-03 17:45:00+02:00,2023-10-04 09:00:00+02:00,441.6005,439.3095,-2.290999999999997,-2290.999999999997,-231.09999999999968,overnight
2023-10-05,1,2023-10-04 17:45:00+02:00,2023-10-05 09:00:00+02:00,443.3005,444.7595,1.4590000000000032,1459.0000000000032,143.90000000000032,overnight
2023-10-06,1,2023-10-05 17:45:00+02:00,2023-10-06 09:00:00+02:00,442.3905,444.4995,2.1090000000000373,2109.0000000000373,208.90000000000373,overnight
2023-10-09,1,2023-10-06 17:45:00+02:00,2023-10-09 09:00:00+02:00,447.46049999999997,447.0495,-0.4109999999999445,-410.9999999999445,-43.09999999999445,overnight
2023-10-10,1,2023-10-09 17:45:00+02:00,2023-10-10 09:00:00+02:00,449.71049999999997,453.4195,3.70900000000006,3709.00000000006,368.900000000006,overnight
2023-10-11,1,2023-10-10 17:45:00+02:00,2023-10-11 09:00:00+02:00,457.8205,455.8895,-1.9309999999999832,-1930.9999999999832,-195.09999999999832,overnight
2023-10-12,1,2023-10-11 17:45:00+02:00,2023-10-12 09:00:00+02:00,455.7405,459.6295,3.88900000000001,3889.00000000001,386.900000000001,overnight
2023-10-13,1,2023-10-12 17:45:00+02:00,2023-10-13 09:00:00+02:00,457.46049999999997,455.4595,-2.0009999999999764,-2000.9999999999764,-202.09999999999764,overnight
2023-10-16,1,2023-10-13 17:45:00+02:00,2023-10-16 09:00:00+02:00,453.4505,454.15950000000004,0.70900000000006,709.00000000006,68.900000000006,overnight
2023-10-17,1,2023-10-16 17:45:00+02:00,2023-10-17 09:00:00+02:00,457.5505,456.6295,-0.9209999999999923,-920.9999999999923,-94.09999999999923,overnight
2023-10-18,1,2023-10-17 17:45:00+02:00,2023-10-18 09:00:00+02:00,457.7405,456.0295,-1.7110000000000127,-1711.0000000000127,-173.10000000000127,overnight
2023-10-19,1,2023-10-18 17:45:00+02:00,2023-10-19 09:00:00+02:00,454.0505,450.6695,-3.380999999999972,-3380.999999999972,-340.0999999999972,overnight
2023-10-20,1,2023-10-19 17:45:00+02:00,2023-10-20 09:00:00+02:00,451.5005,446.1295,-5.370999999999981,-5370.999999999981,-539.0999999999981,overnight
2023-10-23,1,2023-10-20 17:45:00+02:00,2023-10-23 09:00:00+02:00,442.8005,442.6095,-0.19099999999997408,-190.99999999997408,-21.099999999997408,overnight
2023-10-24,1,2023-10-23 17:45:00+02:00,2023-10-24 09:00:00+02:00,443.1005,442.90950000000004,-0.19099999999997408,-190.99999999997408,-21.099999999997408,overnight
2023-10-25,1,2023-10-24 17:45:00+02:00,2023-10-25 09:00:00+02:00,443.6305,442.6495,-0.9809999999999945,-980.9999999999945,-100.09999999999945,overnight
2023-10-26,1,2023-10-25 17:45:00+02:00,2023-10-26 09:00:00+02:00,441.1105,435.15950000000004,-5.950999999999965,-5950.9999999999645,-597.0999999999965,overnight
2023-10-27,1,2023-10-26 17:45:00+02:00,2023-10-27 09:00:00+02:00,434.8105,434.6095,-0.20099999999996498,-200.99999999996498,-22.0999999999965,overnight
2023-10-30,1,2023-10-27 17:45:00+02:00,2023-10-30 09:00:00+01:00,433.5105,433.3295,-0.18099999999998317,-180.99999999998317,-20.099999999998317,overnight
2023-10-31,1,2023-10-30 17:45:00+01:00,2023-10-31 09:00:00+01:00,433.9705,434.9195,0.9490000000000123,949.0000000000123,92.90000000000123,overnight
2023-11-01,1,2023-10-31 17:45:00+01:00,2023-11-01 09:00:00+01:00,436.4205,437.9495,1.5289999999999964,1528.9999999999964,150.89999999999964,overnight
2023-11-02,1,2023-11-01 17:45:00+01:00,2023-11-02 09:00:00+01:00,440.65049999999997,444.6695,4.019000000000062,4019.0000000000623,399.90000000000623,overnight
2023-11-03,1,2023-11-02 17:45:00+01:00,2023-11-03 09:00:00+01:00,450.0505,451.1495,1.0989999999999895,1098.9999999999895,107.89999999999895,overnight
2023-11-06,1,2023-11-03 17:45:00+01:00,2023-11-06 09:00:00+01:00,456.9405,456.5295,-0.41100000000000136,-411.00000000000136,-43.100000000000136,overnight
2023-11-07,1,2023-11-06 17:45:00+01:00,2023-11-07 09:00:00+01:00,456.6205,455.5695,-1.0509999999999877,-1050.9999999999877,-107.09999999999877,overnight
2023-11-08,1,2023-11-07 17:45:00+01:00,2023-11-08 09:00:00+01:00,458.6205,457.65950000000004,-0.9609999999999559,-960.9999999999559,-98.09999999999559,overnight
2023-11-09,1,2023-11-08 17:45:00+01:00,2023-11-09 09:00:00+01:00,457.9205,458.6095,0.6890000000000214,689.0000000000214,66.90000000000214,overnight
2023-11-10,1,2023-11-09 17:45:00+01:00,2023-11-10 09:00:00+01:00,459.0405,456.1195,-2.9209999999999923,-2920.9999999999923,-294.0999999999992,overnight
2023-11-13,1,2023-11-10 17:45:00+01:00,2023-11-13 09:00:00+01:00,457.8105,460.7495,2.9390000000000214,2939.0000000000214,291.90000000000214,overnight
2023-11-14,1,2023-11-13 17:45:00+01:00,2023-11-14 09:00:00+01:00,462.0105,462.3895,0.3790000000000191,379.0000000000191,35.90000000000191,overnight
2023-11-15,1,2023-11-14 17:45:00+01:00,2023-11-15 09:00:00+01:00,471.2005,471.5195,0.3190000000000168,319.0000000000168,29.900000000001683,overnight
2023-11-16,1,2023-11-15 17:45:00+01:00,2023-11-16 09:00:00+01:00,472.6005,471.5295,-1.0710000000000264,-1071.0000000000264,-109.10000000000264,overnight
2023-11-17,1,2023-11-16 17:45:00+01:00,2023-11-17 09:00:00+01:00,470.1205,472.53950000000003,2.4190000000000396,2419.0000000000396,239.90000000000396,overnight
2023-11-20,1,2023-11-17 17:45:00+01:00,2023-11-20 09:00:00+01:00,471.8205,472.3695,0.549000000000035,549.000000000035,52.9000000000035,overnight
2023-11-21,1,2023-11-20 17:45:00+01:00,2023-11-21 09:00:00+01:00,474.7905,476.0295,1.238999999999976,1238.999999999976,121.89999999999759,overnight
2023-11-22,1,2023-11-21 17:45:00+01:00,2023-11-22 09:00:00+01:00,474.65049999999997,475.4495,0.799000000000035,799.000000000035,77.9000000000035,overnight
2023-11-23,1,2023-11-22 17:45:00+01:00,2023-11-23 09:00:00+01:00,476.90049999999997,477.5195,0.6190000000000282,619.0000000000282,59.90000000000282,overnight
2023-11-24,1,2023-11-23 17:45:00+01:00,2023-11-24 09:00:00+01:00,477.7205,477.3795,-0.3410000000000082,-341.0000000000082,-36.10000000000082,overnight
2023-11-27,1,2023-11-24 17:45:00+01:00,2023-11-27 09:00:00+01:00,477.0005,476.6495,-0.3509999999999991,-350.9999999999991,-37.09999999999991,overnight
2023-11-28,1,2023-11-27 17:45:00+01:00,2023-11-28 09:00:00+01:00,476.8805,476.3595,-0.5209999999999582,-520.9999999999582,-54.099999999995816,overnight
2023-11-29,1,2023-11-28 17:45:00+01:00,2023-11-29 09:00:00+01:00,478.3805,477.59950000000003,-0.7809999999999491,-780.9999999999491,-80.0999999999949,overnight
2023-11-30,1,2023-11-29 17:45:00+01:00,2023-11-30 09:00:00+01:00,477.3005,477.53950000000003,0.23900000000003274,239.00000000003274,21.900000000003274,overnight
2023-12-01,1,2023-11-30 17:45:00+01:00,2023-12-01 09:00:00+01:00,476.3305,478.4295,2.0990000000000464,2099.0000000000464,207.90000000000464,overnight
2023-12-04,1,2023-12-01 17:45:00+01:00,2023-12-04 09:00:00+01:00,479.9505,480.0495,0.09900000000004638,99.00000000004638,7.900000000004638,overnight
2023-12-05,1,2023-12-04 17:45:00+01:00,2023-12-05 09:00:00+01:00,477.0605,477.0495,-0.010999999999967258,-10.999999999967258,-3.099999999996726,overnight
2023-12-06,1,2023-12-05 17:45:00+01:00,2023-12-06 09:00:00+01:00,478.8605,480.3295,1.468999999999994,1468.999999999994,144.8999999999994,overnight
2023-12-07,1,2023-12-06 17:45:00+01:00,2023-12-07 09:00:00+01:00,478.1005,477.0495,-1.0509999999999877,-1050.9999999999877,-107.09999999999877,overnight
2023-12-08,1,2023-12-07 17:45:00+01:00,2023-12-08 09:00:00+01:00,479.8105,479.9295,0.1190000000000282,119.0000000000282,9.90000000000282,overnight
2023-12-11,1,2023-12-08 17:45:00+01:00,2023-12-11 09:00:00+01:00,481.0105,482.1295,1.1190000000000282,1119.0000000000282,109.90000000000282,overnight
2023-12-12,1,2023-12-11 17:45:00+01:00,2023-12-12 09:00:00+01:00,482.4405,484.8295,2.38900000000001,2389.00000000001,236.900000000001,overnight
2023-12-13,1,2023-12-12 17:45:00+01:00,2023-12-13 09:00:00+01:00,485.0805,487.28950000000003,2.20900000000006,2209.00000000006,218.900000000006,overnight
2023-12-14,1,2023-12-13 17:45:00+01:00,2023-12-14 09:00:00+01:00,487.5105,494.71950000000004,7.20900000000006,7209.00000000006,718.900000000006,overnight
2023-12-15,1,2023-12-14 17:45:00+01:00,2023-12-15 09:00:00+01:00,494.7505,496.0695,1.3190000000000168,1319.0000000000168,129.90000000000168,overnight
2023-12-18,1,2023-12-15 17:45:00+01:00,2023-12-18 09:00:00+01:00,495.1105,495.40950000000004,0.299000000000035,299.000000000035,27.9000000000035,overnight
2023-12-19,1,2023-12-18 17:45:00+01:00,2023-12-19 09:00:00+01:00,496.9905,496.96950000000004,-0.020999999999958163,-20.999999999958163,-4.099999999995816,overnight
2023-12-20,1,2023-12-19 17:45:00+01:00,2023-12-20 09:00:00+01:00,499.1105,500.1195,1.0090000000000146,1009.0000000000146,98.90000000000146,overnight
2023-12-21,1,2023-12-20 17:45:00+01:00,2023-12-21 09:00:00+01:00,499.7905,495.4195,-4.370999999999981,-4370.999999999981,-439.0999999999981,overnight
2023-12-27,1,2023-12-21 17:45:00+01:00,2023-12-27 09:00:00+01:00,496.3805,500.9395,4.559000000000026,4559.0000000000255,453.9000000000026,overnight
2023-12-28,1,2023-12-27 17:45:00+01:00,2023-12-28 09:00:00+01:00,500.7405,502.8395,2.0989999999999895,2098.9999999999895,207.89999999999895,overnight
2024-01-02,1,2023-12-28 17:45:00+01:00,2024-01-02 09:00:00+01:00,501.96049999999997,501.3395,-0.6209999999999809,-620.9999999999809,-64.09999999999809,overnight
2024-01-03,1,2024-01-02 17:45:00+01:00,2024-01-03 09:00:00+01:00,497.59049999999996,497.5895,-0.0009999999999763531,-0.9999999999763531,-2.0999999999976353,overnight
2024-01-04,1,2024-01-03 17:45:00+01:00,2024-01-04 09:00:00+01:00,494.65049999999997,494.3795,-0.27099999999995816,-270.99999999995816,-29.099999999995816,overnight
2024-01-05,1,2024-01-04 17:45:00+01:00,2024-01-05 09:00:00+01:00,495.3005,491.5495,-3.7509999999999764,-3750.9999999999764,-377.09999999999764,overnight
2024-01-08,1,2024-01-05 17:45:00+01:00,2024-01-08 09:00:00+01:00,494.1005,492.1995,-1.9010000000000105,-1901.0000000000105,-192.10000000000105,overnight
2024-01-09,1,2024-01-08 17:45:00+01:00,2024-01-09 09:00:00+01:00,495.3005,498.7395,3.4390000000000214,3439.0000000000214,341.90000000000214,overnight
2024-01-10,1,2024-01-09 17:45:00+01:00,2024-01-10 09:00:00+01:00,498.2605,498.9295,0.6690000000000396,669.0000000000396,64.90000000000396,overnight
2024-01-11,1,2024-01-10 17:45:00+01:00,2024-01-11 09:00:00+01:00,499.5705,503.1895,3.619000000000028,3619.000000000028,359.9000000000028,overnight
2024-01-12,1,2024-01-11 17:45:00+01:00,2024-01-12 09:00:00+01:00,497.7505,500.3395,2.5889999999999986,2588.9999999999986,256.89999999999986,overnight
2024-01-15,1,2024-01-12 17:45:00+01:00,2024-01-15 09:00:00+01:00,501.6905,501.8395,0.1490000000000009,149.0000000000009,12.900000000000091,overnight
2024-01-16,1,2024-01-15 17:45:00+01:00,2024-01-16 09:00:00+01:00,501.6105,499.7995,-1.8109999999999786,-1810.9999999999786,-183.09999999999786,overnight
2024-01-17,1,2024-01-16 17:45:00+01:00,2024-01-17 09:00:00+01:00,501.4205,497.7995,-3.620999999999981,-3620.999999999981,-364.0999999999981,overnight
2024-01-18,1,2024-01-17 17:45:00+01:00,2024-01-18 09:00:00+01:00,497.6805,497.46950000000004,-0.2109999999999559,-210.9999999999559,-23.09999999999559,overnight
2024-01-19,1,2024-01-18 17:45:00+01:00,2024-01-19 09:00:00+01:00,499.8605,502.71950000000004,2.8590000000000373,2859.0000000000373,283.90000000000373,overnight
2024-01-22,1,2024-01-19 17:45:00+01:00,2024-01-22 09:00:00+01:00,503.8105,508.9495,5.13900000000001,5139.00000000001,511.900000000001,overnight
2024-01-23,1,2024-01-22 17:45:00+01:00,2024-01-23 09:00:00+01:00,509.3105,509.4195,0.10900000000003729,109.00000000003729,8.900000000003729,overnight
2024-01-24,1,2024-01-23 17:45:00+01:00,2024-01-24 09:00:00+01:00,508.4105,512.4395000000001,4.029000000000053,4029.000000000053,400.9000000000053,overnight
2024-01-25,1,2024-01-24 17:45:00+01:00,2024-01-25 09:00:00+01:00,513.5005,511.4295,-2.0709999999999695,-2070.9999999999695,-209.09999999999695,overnight
2024-01-26,1,2024-01-25 17:45:00+01:00,2024-01-26 09:00:00+01:00,513.4605,511.2695,-2.191000000000031,-2191.000000000031,-221.1000000000031,overnight
2024-01-29,1,2024-01-26 17:45:00+01:00,2024-01-29 09:00:00+01:00,515.1205,513.3995,-1.7210000000000036,-1721.0000000000036,-174.10000000000036,overnight
2024-01-30,1,2024-01-29 17:45:00+01:00,2024-01-30 09:00:00+01:00,513.5504999999999,516.7895,3.2390000000000327,3239.0000000000327,321.9000000000033,overnight
2024-01-31,1,2024-01-30 17:45:00+01:00,2024-01-31 09:00:00+01:00,517.0105,515.2395,-1.7709999999999582,-1770.9999999999582,-179.09999999999582,overnight
2024-02-01,1,2024-01-31 17:45:00+01:00,2024-02-01 09:00:00+01:00,512.5805,510.0295,-2.5510000000000446,-2551.0000000000446,-257.10000000000446,overnight
2024-02-02,1,2024-02-01 17:45:00+01:00,2024-02-02 09:00:00+01:00,511.1305,517.4495000000001,6.319000000000074,6319.000000000074,629.9000000000074,overnight
2024-02-05,1,2024-02-02 17:45:00+01:00,2024-02-05 09:00:00+01:00,519.1405,519.2795,0.13900000000001,139.00000000001,11.900000000001,overnight
2024-02-06,1,2024-02-05 17:45:00+01:00,2024-02-06 09:00:00+01:00,517.6705,519.5795,1.9090000000001055,1909.0000000001055,188.90000000001055,overnight
2024-02-07,1,2024-02-06 17:45:00+01:00,2024-02-07 09:00:00+01:00,519.2605,519.8695,0.6090000000000373,609.0000000000373,58.90000000000373,overnight
2024-02-08,1,2024-02-07 17:45:00+01:00,2024-02-08 09:00:00+01:00,523.0805,524.5095,1.4289999999999736,1428.9999999999736,140.89999999999736,overnight
2024-02-09,1,2024-02-08 17:45:00+01:00,2024-02-09 09:00:00+01:00,523.8305,524.8695,1.0389999999999873,1038.9999999999873,101.89999999999873,overnight
2024-02-12,1,2024-02-09 17:45:00+01:00,2024-02-12 09:00:00+01:00,525.9405,527.5195,1.5789999999999509,1578.999999999951,155.8999999999951,overnight
2024-02-13,1,2024-02-12 17:45:00+01:00,2024-02-13 09:00:00+01:00,530.0005,527.2395,-2.7609999999999673,-2760.9999999999673,-278.0999999999967,overnight
2024-02-14,1,2024-02-13 17:45:00+01:00,2024-02-14 09:00:00+01:00,521.5705,521.1895000000001,-0.3809999999999718,-380.9999999999718,-40.09999999999718,overnight
2024-02-15,1,2024-02-14 17:45:00+01:00,2024-02-15 09:00:00+01:00,522.3405,526.2195,3.879000000000019,3879.000000000019,385.9000000000019,overnight
2024-02-16,1,2024-02-15 17:45:00+01:00,2024-02-16 09:00:00+01:00,525.6605,528.6195,2.95900000000006,2959.00000000006,293.900000000006,overnight
2024-02-19,1,2024-02-16 17:45:00+01:00,2024-02-19 09:00:00+01:00,528.2305,525.9095,-2.3210000000000264,-2321.0000000000264,-234.10000000000264,overnight
2024-02-20,1,2024-02-19 17:45:00+01:00,2024-02-20 09:00:00+01:00,526.1505,524.6995000000001,-1.4509999999999081,-1450.9999999999081,-147.0999999999908,overnight
2024-02-21,1,2024-02-20 17:45:00+01:00,2024-02-21 09:00:00+01:00,522.1505,522.4195,0.26900000000000546,269.00000000000546,24.900000000000546,overnight
2024-02-22,1,2024-02-21 17:45:00+01:00,2024-02-22 09:00:00+01:00,521.8405,528.6095,6.7690000000000055,6769.0000000000055,674.9000000000005,overnight
2024-02-23,1,2024-02-22 17:45:00+01:00,2024-02-23 09:00:00+01:00,532.4105,534.4195,2.0090000000000146,2009.0000000000146,198.90000000000146,overnight
2024-02-26,1,2024-02-23 17:45:00+01:00,2024-02-26 09:00:00+01:00,534.8505,533.9395000000001,-0.9109999999999445,-910.9999999999445,-93.09999999999445,overnight
2024-02-27,1,2024-02-26 17:45:00+01:00,2024-02-27 09:00:00+01:00,533.9605,532.7395,-1.2210000000000036,-1221.0000000000036,-124.10000000000036,overnight
2024-02-28,1,2024-02-27 17:45:00+01:00,2024-02-28 09:00:00+01:00,532.5105,533.3395,0.8290000000000646,829.0000000000646,80.90000000000646,overnight
2024-02-29,1,2024-02-28 17:45:00+01:00,2024-02-29 09:00:00+01:00,532.9505,532.3595,-0.5910000000000082,-591.0000000000082,-61.10000000000082,overnight
2024-03-01,1,2024-02-29 17:45:00+01:00,2024-03-01 09:00:00+01:00,533.3905,536.4095,3.0190000000000055,3019.0000000000055,299.90000000000055,overnight
2024-03-04,1,2024-03-01 17:45:00+01:00,2024-03-04 09:00:00+01:00,537.3004999999999,539.5995,2.299000000000092,2299.000000000092,227.9000000000092,overnight
2024-03-05,1,2024-03-04 17:45:00+01:00,2024-03-05 09:00:00+01:00,539.2605,538.1895000000001,-1.0709999999999127,-1070.9999999999127,-109.09999999999127,overnight
2024-03-06,1,2024-03-05 17:45:00+01:00,2024-03-06 09:00:00+01:00,534.7605,534.5895,-0.17099999999993543,-170.99999999993543,-19.099999999993543,overnight
2024-03-07,1,2024-03-06 17:45:00+01:00,2024-03-07 09:00:00+01:00,537.5105,534.8395,-2.6709999999999354,-2670.9999999999354,-269.09999999999354,overnight
2024-03-08,1,2024-03-07 17:45:00+01:00,2024-03-08 09:00:00+01:00,540.9905,542.5495,1.558999999999969,1558.999999999969,153.8999999999969,overnight
2024-03-11,1,2024-03-08 17:45:00+01:00,2024-03-11 09:00:00+01:00,541.7905,538.2595,-3.530999999999949,-3530.999999999949,-355.0999999999949,overnight
2024-03-12,1,2024-03-11 17:45:00+01:00,2024-03-12 09:00:00+01:00,537.5905,540.3295,2.7390000000000327,2739.0000000000327,271.9000000000033,overnight
2024-03-13,1,2024-03-12 17:45:00+01:00,2024-03-13 09:00:00+01:00,542.0604999999999,544.4395000000001,2.379000000000133,2379.000000000133,235.90000000001328,overnight
2024-03-14,1,2024-03-13 17:45:00+01:00,2024-03-14 09:00:00+01:00,543.3004999999999,544.5595,1.2590000000000146,1259.0000000000146,123.90000000000146,overnight
2024-03-15,1,2024-03-14 17:45:00+01:00,2024-03-15 09:00:00+01:00,541.8405,541.6095,-0.23099999999999454,-230.99999999999454,-25.099999999999454,overnight
2024-03-18,1,2024-03-15 17:45:00+01:00,2024-03-18 09:00:00+01:00,537.5405,539.5195,1.9790000000000418,1979.0000000000418,195.90000000000418,overnight
2024-03-19,1,2024-03-18 17:45:00+01:00,2024-03-19 09:00:00+01:00,542.6305,541.1895000000001,-1.4409999999999172,-1440.9999999999172,-146.09999999999172,overnight
2024-03-20,1,2024-03-19 17:45:00+01:00,2024-03-20 09:00:00+01:00,543.0105,544.3695,1.3590000000000373,1359.0000000000373,133.90000000000373,overnight
2024-03-21,1,2024-03-20 17:45:00+01:00,2024-03-21 09:00:00+01:00,544.4505,552.4695,8.019000000000005,8019.0000000000055,799.9000000000005,overnight
2024-03-22,1,2024-03-21 17:45:00+01:00,2024-03-22 09:00:00+01:00,552.8905,551.4895,-1.4009999999999536,-1400.9999999999536,-142.09999999999536,overnight
2024-03-25,1,2024-03-22 17:45:00+01:00,2024-03-25 09:00:00+01:00,550.0405,549.8795,-0.16099999999994452,-160.99999999994452,-18.099999999994452,overnight
2024-03-26,1,2024-03-25 17:45:00+01:00,2024-03-26 09:00:00+01:00,549.4705,549.9895,0.5190000000000055,519.0000000000055,49.900000000000546,overnight
2024-03-27,1,2024-03-26 17:45:00+01:00,2024-03-27 09:00:00+01:00,549.7405,549.3595,-0.3809999999999718,-380.9999999999718,-40.09999999999718,overnight
2024-03-28,1,2024-03-27 17:45:00+01:00,2024-03-28 09:00:00+01:00,549.0604999999999,552.0195,2.95900000000006,2959.00000000006,293.900000000006,overnight
2024-04-02,1,2024-03-28 17:45:00+01:00,2024-04-02 09:00:00+02:00,552.4905,550.8195000000001,-1.6709999999999354,-1670.9999999999354,-169.09999999999354,overnight
2024-04-03,1,2024-04-02 17:45:00+02:00,2024-04-03 09:00:00+02:00,546.6405,547.0995,0.45900000000006,459.00000000006,43.900000000006,overnight
2024-04-04,1,2024-04-03 17:45:00+02:00,2024-04-04 09:00:00+02:00,549.7505,549.7295,-0.020999999999958163,-20.999999999958163,-4.099999999995816,overnight
2024-04-05,1,2024-04-04 17:45:00+02:00,2024-04-05 09:00:00+02:00,551.7005,542.9895,-8.711000000000013,-8711.000000000013,-873.1000000000013,overnight
2024-04-08,1,2024-04-05 17:45:00+02:00,2024-04-08 09:00:00+02:00,546.4105,546.6995000000001,0.28900000000010095,289.00000000010095,26.900000000010095,overnight
2024-04-09,1,2024-04-08 17:45:00+02:00,2024-04-09 09:00:00+02:00,548.0905,547.7995,-0.29100000000005366,-291.00000000005366,-31.100000000005366,overnight
2024-04-10,1,2024-04-09 17:45:00+02:00,2024-04-10 09:00:00+02:00,544.6105,548.6795,4.06899999999996,4068.99999999996,404.899999999996,overnight
2024-04-11,1,2024-04-10 17:45:00+02:00,2024-04-11 09:00:00+02:00,542.5105,542.8495,0.3390000000000555,339.0000000000555,31.900000000005548,overnight
2024-04-12,1,2024-04-11 17:45:00+02:00,2024-04-12 09:00:00+02:00,542.2305,547.1995000000001,4.969000000000051,4969.000000000051,494.9000000000051,overnight
2024-04-15,1,2024-04-12 17:45:00+02:00,2024-04-15 09:00:00+02:00,542.3305,541.7195,-0.61099999999999,-610.99999999999,-63.099999999999,overnight
2024-04-16,1,2024-04-15 17:45:00+02:00,2024-04-16 09:00:00+02:00,540.5205,531.3595,-9.160999999999945,-9160.999999999944,-918.0999999999945,overnight
2024-04-17,1,2024-04-16 17:45:00+02:00,2024-04-17 09:00:00+02:00,532.1205,530.9295,-1.191000000000031,-1191.000000000031,-121.10000000000309,overnight
2024-04-18,1,2024-04-17 17:45:00+02:00,2024-04-18 09:00:00+02:00,529.3705,530.5495,1.1789999999999736,1178.9999999999736,115.89999999999736,overnight
2024-04-19,1,2024-04-18 17:45:00+02:00,2024-04-19 09:00:00+02:00,531.2905,524.7695,-6.520999999999958,-6520.999999999958,-654.0999999999958,overnight
2024-04-22,1,2024-04-19 17:45:00+02:00,2024-04-22 09:00:00+02:00,525.2305,525.3195000000001,0.08900000000005548,89.00000000005548,6.900000000005548,overnight
2024-04-23,1,2024-04-22 17:45:00+02:00,2024-04-23 09:00:00+02:00,524.1705,527.6295,3.45900000000006,3459.00000000006,343.900000000006,overnight
2024-04-24,1,2024-04-23 17:45:00+02:00,2024-04-24 09:00:00+02:00,532.8305,535.1195,2.2889999999999873,2288.9999999999873,226.89999999999873,overnight
2024-04-25,1,2024-04-24 17:45:00+02:00,2024-04-25 09:00:00+02:00,533.1705,531.0895,-2.0809999999999036,-2080.9999999999036,-210.09999999999036,overnight
2024-04-26,1,2024-04-25 17:45:00+02:00,2024-04-26 09:00:00+02:00,527.2305,535.7495,8.519000000000005,8519.000000000005,849.9000000000005,overnight
2024-04-29,1,2024-04-26 17:45:00+02:00,2024-04-29 09:00:00+02:00,536.3004999999999,537.7895,1.4890000000000327,1489.0000000000327,146.90000000000327,overnight
2024-04-30,1,2024-04-29 17:45:00+02:00,2024-04-30 09:00:00+02:00,537.4005,538.1295,0.7290000000000418,729.0000000000418,70.90000000000418,overnight
2024-05-01,1,2024-04-30 17:45:00+02:00,2024-05-01 09:00:00+02:00,534.4805,529.1495,-5.331000000000017,-5331.000000000017,-535.1000000000017,overnight
2024-05-02,1,2024-05-01 17:45:00+02:00,2024-05-02 09:00:00+02:00,528.7505,530.6095,1.8590000000000373,1859.0000000000373,183.90000000000373,overnight
2024-05-03,1,2024-05-02 17:45:00+02:00,2024-05-03 09:00:00+02:00,529.5805,534.5495,4.968999999999937,4968.999999999937,494.8999999999937,overnight
2024-05-07,1,2024-05-03 17:45:00+02:00,2024-05-07 09:00:00+02:00,538.7105,545.4395000000001,6.729000000000042,6729.000000000042,670.9000000000042,overnight
2024-05-08,1,2024-05-07 17:45:00+02:00,2024-05-08 09:00:00+02:00,546.5805,546.1495,-0.43100000000004,-431.00000000004,-45.100000000004,overnight
2024-05-09,1,2024-05-08 17:45:00+02:00,2024-05-09 09:00:00+02:00,545.7705,545.1995000000001,-0.5709999999999127,-570.9999999999127,-59.09999999999127,overnight
2024-05-10,1,2024-05-09 17:45:00+02:00,2024-05-10 09:00:00+02:00,548.0905,550.1595,2.06899999999996,2068.99999999996,204.899999999996,overnight
2024-05-13,1,2024-05-10 17:45:00+02:00,2024-05-13 09:00:00+02:00,549.3004999999999,550.5195,1.219000000000051,1219.000000000051,119.9000000000051,overnight
2024-05-14,1,2024-05-13 17:45:00+02:00,2024-05-14 09:00:00+02:00,549.7505,549.8495,0.09900000000004638,99.00000000004638,7.900000000004638,overnight
2024-05-15,1,2024-05-14 17:45:00+02:00,2024-05-15 09:00:00+02:00,550.2405,552.5595,2.31899999999996,2318.99999999996,229.899999999996,overnight
2024-05-16,1,2024-05-15 17:45:00+02:00,2024-05-16 09:00:00+02:00,557.2105,559.8195000000001,2.6090000000000373,2609.0000000000373,258.90000000000373,overnight
2024-05-17,1,2024-05-16 17:45:00+02:00,2024-05-17 09:00:00+02:00,560.8104999999999,558.2695,-2.54099999999994,-2540.99999999994,-256.099999999994,overnight
2024-05-20,1,2024-05-17 17:45:00+02:00,2024-05-20 09:00:00+02:00,557.9805,559.4295,1.4489999999999554,1448.9999999999554,142.89999999999554,overnight
2024-05-21,1,2024-05-20 17:45:00+02:00,2024-05-21 09:00:00+02:00,561.0405,559.5595,-1.4809999999999945,-1480.9999999999945,-150.09999999999945,overnight
2024-05-22,1,2024-05-21 17:45:00+02:00,2024-05-22 09:00:00+02:00,559.6705,560.6995000000001,1.02900000000011,1029.00000000011,100.900000000011,overnight
2024-05-23,1,2024-05-22 17:45:00+02:00,2024-05-23 09:00:00+02:00,560.4105,562.3595,1.9490000000000691,1949.0000000000691,192.9000000000069,overnight
2024-05-24,1,2024-05-23 17:45:00+02:00,2024-05-24 09:00:00+02:00,560.1005,555.5195,-4.581000000000017,-4581.000000000017,-460.1000000000017,overnight
2024-05-28,1,2024-05-24 17:45:00+02:00,2024-05-28 09:00:00+02:00,559.3705,560.1195,0.7490000000000236,749.0000000000236,72.90000000000236,overnight
2024-05-29,1,2024-05-28 17:45:00+02:00,2024-05-29 09:00:00+02:00,559.1405,557.5195,-1.620999999999981,-1620.999999999981,-164.0999999999981,overnight
2024-05-30,1,2024-05-29 17:45:00+02:00,2024-05-30 09:00:00+02:00,555.7305,551.9895,-3.7409999999999854,-3740.9999999999854,-376.09999999999854,overnight
2024-05-31,1,2024-05-30 17:45:00+02:00,2024-05-31 09:00:00+02:00,553.5905,551.3395,-2.2509999999999764,-2250.9999999999764,-227.09999999999764,overnight
2024-06-03,1,2024-05-31 17:45:00+02:00,2024-06-03 09:00:00+02:00,548.9705,558.1195,9.149000000000001,9149.0,912.9000000000001,overnight
2024-06-04,1,2024-06-03 17:45:00+02:00,2024-06-04 09:00:00+02:00,555.2505,556.0595,0.8089999999999691,808.9999999999691,78.89999999999691,overnight
2024-06-05,1,2024-06-04 17:45:00+02:00,2024-06-05 09:00:00+02:00,554.6205,558.3195000000001,3.699000000000069,3699.000000000069,367.9000000000069,overnight
2024-06-06,1,2024-06-05 17:45:00+02:00,2024-06-06 09:00:00+02:00,561.6804999999999,564.7195,3.039000000000101,3039.000000000101,301.9000000000101,overnight
2024-06-07,1,2024-06-06 17:45:00+02:00,2024-06-07 09:00:00+02:00,564.0305,565.2195,1.1890000000000782,1189.0000000000782,116.90000000000782,overnight
2024-06-10,1,2024-06-07 17:45:00+02:00,2024-06-10 09:00:00+02:00,564.9905,562.8495,-2.1409999999999627,-2140.9999999999627,-216.09999999999627,overnight
2024-06-11,1,2024-06-10 17:45:00+02:00,2024-06-11 09:00:00+02:00,564.2705,565.4395000000001,1.1690000000000964,1169.0000000000964,114.90000000000964,overnight
2024-06-12,1,2024-06-11 17:45:00+02:00,2024-06-12 09:00:00+02:00,564.4105,567.1995000000001,2.789000000000101,2789.000000000101,276.9000000000101,overnight
2024-06-13,1,2024-06-12 17:45:00+02:00,2024-06-13 09:00:00+02:00,573.3305,573.1395,-0.19100000000003092,-191.00000000003092,-21.100000000003092,overnight
2024-06-14,1,2024-06-13 17:45:00+02:00,2024-06-14 09:00:00+02:00,571.4905,572.8995,1.4089999999999918,1408.9999999999918,138.89999999999918,overnight
2024-06-17,1,2024-06-14 17:45:00+02:00,2024-06-17 09:00:00+02:00,571.5604999999999,572.9995,1.4390000000000782,1439.0000000000782,141.90000000000782,overnight
2024-06-18,1,2024-06-17 17:45:00+02:00,2024-06-18 09:00:00+02:00,574.0305,577.8095,3.7789999999999964,3778.9999999999964,375.89999999999964,overnight
2024-06-19,1,2024-06-18 17:45:00+02:00,2024-06-19 09:00:00+02:00,577.5305,579.2795,1.7490000000000236,1749.0000000000236,172.90000000000236,overnight
2024-06-20,1,2024-06-19 17:45:00+02:00,2024-06-20 09:00:00+02:00,579.2805,580.5695000000001,1.289000000000101,1289.000000000101,126.9000000000101,overnight
2024-06-21,1,2024-06-20 17:45:00+02:00,2024-06-21 09:00:00+02:00,579.7505,577.9995,-1.7509999999999764,-1750.9999999999764,-177.09999999999764,overnight
2024-06-24,1,2024-06-21 17:45:00+02:00,2024-06-24 09:00:00+02:00,576.2305,576.9095,0.6789999999999736,678.9999999999736,65.89999999999736,overnight
2024-06-25,1,2024-06-24 17:45:00+02:00,2024-06-25 09:00:00+02:00,578.3805,575.6495,-2.7309999999999945,-2730.9999999999945,-275.09999999999945,overnight
2024-06-26,1,2024-06-25 17:45:00+02:00,2024-06-26 09:00:00+02:00,576.4405,577.7195,1.2789999999999964,1278.9999999999964,125.89999999999964,overnight
2024-06-27,1,2024-06-26 17:45:00+02:00,2024-06-27 09:00:00+02:00,575.8004999999999,576.9095,1.1090000000000373,1109.0000000000373,108.90000000000373,overnight
2024-06-28,1,2024-06-27 17:45:00+02:00,2024-06-28 09:00:00+02:00,577.3505,580.2795,2.9289999999999736,2928.9999999999736,290.89999999999736,overnight
2024-07-01,1,2024-06-28 17:45:00+02:00,2024-07-01 09:00:00+02:00,580.4205,578.1695,-2.2509999999999764,-2250.9999999999764,-227.09999999999764,overnight
2024-07-02,1,2024-07-01 17:45:00+02:00,2024-07-02 09:00:00+02:00,576.3805,576.2195,-0.16099999999994452,-160.99999999994452,-18.099999999994452,overnight
2024-07-03,1,2024-07-02 17:45:00+02:00,2024-07-03 09:00:00+02:00,578.3505,581.0595,2.7089999999999463,2708.9999999999463,268.89999999999463,overnight
2024-07-04,1,2024-07-03 17:45:00+02:00,2024-07-04 09:00:00+02:00,582.6205,583.9595,1.3390000000000555,1339.0000000000555,131.90000000000555,overnight
2024-07-05,1,2024-07-04 17:45:00+02:00,2024-07-05 09:00:00+02:00,583.6804999999999,584.6795,0.9990000000000236,999.0000000000236,97.90000000000236,overnight
2024-07-08,1,2024-07-05 17:45:00+02:00,2024-07-08 09:00:00+02:00,585.7205,586.4595,0.7390000000000327,739.0000000000327,71.90000000000327,overnight
2024-07-09,1,2024-07-08 17:45:00+02:00,2024-07-09 09:00:00+02:00,587.6405,589.0095,1.3690000000000282,1369.0000000000282,134.90000000000282,overnight
2024-07-10,1,2024-07-09 17:45:00+02:00,2024-07-10 09:00:00+02:00,588.9005,588.8795,-0.020999999999958163,-20.999999999958163,-4.099999999995816,overnight
2024-07-11,1,2024-07-10 17:45:00+02:00,2024-07-11 09:00:00+02:00,590.5604999999999,594.5095,3.949000000000069,3949.000000000069,392.9000000000069,overnight
2024-07-12,1,2024-07-11 17:45:00+02:00,2024-07-12 09:00:00+02:00,590.2005,590.1995000000001,-0.0009999999999763531,-0.9999999999763531,-2.0999999999976353,overnight
2024-07-15,1,2024-07-12 17:45:00+02:00,2024-07-15 09:00:00+02:00,594.5205,594.3095,-0.21100000000001273,-211.00000000001273,-23.100000000001273,overnight
2024-07-16,1,2024-07-15 17:45:00+02:00,2024-07-16 09:00:00+02:00,596.6405,595.1295,-1.5109999999999673,-1510.9999999999673,-153.09999999999673,overnight
2024-07-17,1,2024-07-16 17:45:00+02:00,2024-07-17 09:00:00+02:00,596.1205,595.5495,-0.5710000000000264,-571.0000000000264,-59.10000000000264,overnight
2024-07-18,1,2024-07-17 17:45:00+02:00,2024-07-18 09:00:00+02:00,591.2405,592.5195,1.2789999999999964,1278.9999999999964,125.89999999999964,overnight
2024-07-19,1,2024-07-18 17:45:00+02:00,2024-07-19 09:00:00+02:00,586.4505,585.5995,-0.8509999999999991,-850.9999999999991,-87.09999999999991,overnight
2024-07-22,1,2024-07-19 17:45:00+02:00,2024-07-22 09:00:00+02:00,582.0705,582.9395000000001,0.8690000000000282,869.0000000000282,84.90000000000282,overnight
2024-07-23,1,2024-07-22 17:45:00+02:00,2024-07-23 09:00:00+02:00,584.0005,586.4495000000001,2.449000000000069,2449.000000000069,242.9000000000069,overnight
2024-07-24,1,2024-07-23 17:45:00+02:00,2024-07-24 09:00:00+02:00,589.4405,582.4595,-6.9809999999999945,-6980.9999999999945,-700.0999999999995,overnight
2024-07-25,1,2024-07-24 17:45:00+02:00,2024-07-25 09:00:00+02:00,577.1705,574.4195,-2.7509999999999764,-2750.9999999999764,-277.09999999999764,overnight
2024-07-26,1,2024-07-25 17:45:00+02:00,2024-07-26 09:00:00+02:00,575.3805,572.4095,-2.9710000000000036,-2971.0000000000036,-299.10000000000036,overnight
2024-07-29,1,2024-07-26 17:45:00+02:00,2024-07-29 09:00:00+02:00,575.1505,579.3995,4.249000000000024,4249.000000000024,422.90000000000236,overnight
2024-07-30,1,2024-07-29 17:45:00+02:00,2024-07-30 09:00:00+02:00,575.1005,577.4595,2.3590000000000373,2359.0000000000373,233.90000000000373,overnight
2024-07-31,1,2024-07-30 17:45:00+02:00,2024-07-31 09:00:00+02:00,574.0305,578.5795,4.549000000000092,4549.000000000092,452.9000000000092,overnight
2024-08-01,1,2024-07-31 17:45:00+02:00,2024-08-01 09:00:00+02:00,583.8405,585.1695,1.3289999999999509,1328.999999999951,130.8999999999951,overnight
2024-08-02,1,2024-08-01 17:45:00+02:00,2024-08-02 09:00:00+02:00,578.0905,569.3795,-8.711000000000013,-8711.000000000013,-873.1000000000013,overnight
2024-08-06,1,2024-08-02 17:45:00+02:00,2024-08-06 09:00:00+02:00,561.1505,553.3595,-7.79099999999994,-7790.99999999994,-781.099999999994,overnight
2024-08-07,1,2024-08-06 17:45:00+02:00,2024-08-07 09:00:00+02:00,554.2105,556.2295,2.0190000000000055,2019.0000000000055,199.90000000000055,overnight
2024-08-08,1,2024-08-07 17:45:00+02:00,2024-08-08 09:00:00+02:00,560.7505,549.8695,-10.880999999999972,-10880.99999999997,-1090.0999999999972,overnight
2024-08-09,1,2024-08-08 17:45:00+02:00,2024-08-09 09:00:00+02:00,559.0504999999999,562.0995,3.049000000000092,3049.000000000092,302.9000000000092,overnight
2024-08-12,1,2024-08-09 17:45:00+02:00,2024-08-12 09:00:00+02:00,562.4405,564.2195,1.7789999999999964,1778.9999999999964,175.89999999999964,overnight
2024-08-13,1,2024-08-12 17:45:00+02:00,2024-08-13 09:00:00+02:00,564.1305,566.4195,2.2889999999999873,2288.9999999999873,226.89999999999873,overnight
2024-08-14,1,2024-08-13 17:45:00+02:00,2024-08-14 09:00:00+02:00,570.2905,574.0495,3.7590000000000146,3759.0000000000146,373.90000000000146,overnight
2024-08-15,1,2024-08-14 17:45:00+02:00,2024-08-15 09:00:00+02:00,575.6205,576.9295,1.308999999999969,1308.999999999969,128.8999999999969,overnight
2024-08-16,1,2024-08-15 17:45:00+02:00,2024-08-16 09:00:00+02:00,583.8205,587.0395,3.2189999999999372,3218.9999999999372,319.8999999999937,overnight
2024-08-19,1,2024-08-16 17:45:00+02:00,2024-08-19 09:00:00+02:00,584.9304999999999,586.3395,1.4090000000001055,1409.0000000001055,138.90000000001055,overnight
2024-08-20,1,2024-08-19 17:45:00+02:00,2024-08-20 09:00:00+02:00,589.5205,592.9795,3.45900000000006,3459.00000000006,343.900000000006,overnight
2024-08-21,1,2024-08-20 17:45:00+02:00,2024-08-21 09:00:00+02:00,591.0405,591.7395,0.6990000000000691,699.0000000000691,67.90000000000691,overnight
2024-08-22,1,2024-08-21 17:45:00+02:00,2024-08-22 09:00:00+02:00,592.5504999999999,593.9495000000001,1.3990000000001146,1399.0000000001146,137.90000000001146,overnight
2024-08-23,1,2024-08-22 17:45:00+02:00,2024-08-23 09:00:00+02:00,592.0905,591.1395,-0.9510000000000218,-951.0000000000218,-97.10000000000218,overnight
2024-08-27,1,2024-08-23 17:45:00+02:00,2024-08-27 09:00:00+02:00,594.7905,593.8595,-0.9309999999999263,-930.9999999999263,-95.09999999999263,overnight
2024-08-28,1,2024-08-27 17:45:00+02:00,2024-08-28 09:00:00+02:00,593.1405,594.7795,1.63900000000001,1639.00000000001,161.900000000001,overnight
2024-08-29,1,2024-08-28 17:45:00+02:00,2024-08-29 09:00:00+02:00,590.7805,590.3895,-0.3909999999999627,-390.9999999999627,-41.09999999999627,overnight
2024-08-30,1,2024-08-29 17:45:00+02:00,2024-08-30 09:00:00+02:00,595.2405,592.7495,-2.4909999999999854,-2490.9999999999854,-251.09999999999854,overnight
2024-09-02,1,2024-08-30 17:45:00+02:00,2024-09-02 09:00:00+02:00,591.5905,595.4995,3.908999999999992,3908.999999999992,388.8999999999992,overnight
2024-09-03,1,2024-09-02 17:45:00+02:00,2024-09-03 09:00:00+02:00,596.9605,596.5295,-0.43100000000004,-431.00000000004,-45.100000000004,overnight
2024-09-04,1,2024-09-03 17:45:00+02:00,2024-09-04 09:00:00+02:00,589.0205,581.1295,-7.890999999999963,-7890.999999999963,-791.0999999999963,overnight
2024-09-05,1,2024-09-04 17:45:00+02:00,2024-09-05 09:00:00+02:00,584.5405,582.3095,-2.2309999999999945,-2230.9999999999945,-225.09999999999945,overnight
2024-09-06,1,2024-09-05 17:45:00+02:00,2024-09-06 09:00:00+02:00,580.2005,580.1195,-0.08100000000001728,-81.00000000001728,-10.100000000001728,overnight
2024-09-09,1,2024-09-06 17:45:00+02:00,2024-09-09 09:00:00+02:00,573.8805,574.5795,0.6990000000000691,699.0000000000691,67.90000000000691,overnight
2024-09-10,1,2024-09-09 17:45:00+02:00,2024-09-10 09:00:00+02:00,576.8205,577.7995,0.9789999999999281,978.9999999999281,95.89999999999281,overnight
2024-09-11,1,2024-09-10 17:45:00+02:00,2024-09-11 09:00:00+02:00,579.2005,579.3895,0.18899999999996453,188.99999999996453,16.899999999996453,overnight
2024-09-13,1,2024-09-11 17:45:00+02:00,2024-09-13 09:00:00+02:00,574.6005,592.2095,17.609000000000037,17609.000000000036,1758.9000000000037,overnight
2024-09-16,1,2024-09-13 17:45:00+02:00,2024-09-16 09:00:00+02:00,595.0905,594.4695,-0.6209999999999809,-620.9999999999809,-64.09999999999809,overnight
2024-09-17,1,2024-09-16 17:45:00+02:00,2024-09-17 09:00:00+02:00,594.0005,596.1795,2.1789999999999736,2178.9999999999736,215.89999999999736,overnight
2024-09-18,1,2024-09-17 17:45:00+02:00,2024-09-18 09:00:00+02:00,598.2105,596.9795,-1.2309999999999945,-1230.9999999999945,-125.09999999999945,overnight
2024-09-19,1,2024-09-18 17:45:00+02:00,2024-09-19 09:00:00+02:00,595.1605,601.0195,5.859000000000037,5859.000000000037,583.9000000000037,overnight
2024-09-20,1,2024-09-19 17:45:00+02:00,2024-09-20 09:00:00+02:00,604.3104999999999,603.6395,-0.6709999999999354,-670.9999999999354,-69.09999999999354,overnight
2024-09-23,1,2024-09-20 17:45:00+02:00,2024-09-23 09:00:00+02:00,601.8205,603.9595,2.13900000000001,2139.00000000001,211.900000000001,overnight
2024-09-24,1,2024-09-23 17:45:00+02:00,2024-09-24 09:00:00+02:00,605.0705,605.9295,0.8589999999999236,858.9999999999236,83.89999999999236,overnight
2024-09-25,1,2024-09-24 17:45:00+02:00,2024-09-25 09:00:00+02:00,605.2905,605.0595,-0.23099999999999454,-230.99999999999454,-25.099999999999454,overnight
2024-09-26,1,2024-09-25 17:45:00+02:00,2024-09-26 09:00:00+02:00,606.0205,609.8895,3.869000000000028,3869.000000000028,384.9000000000028,overnight
2024-09-27,1,2024-09-26 17:45:00+02:00,2024-09-27 09:00:00+02:00,606.5205,607.3195000000001,0.7990000000000919,799.0000000000919,77.90000000000919,overnight
2024-09-30,1,2024-09-27 17:45:00+02:00,2024-09-30 09:00:00+02:00,608.2505,606.2795,-1.9710000000000036,-1971.0000000000036,-199.10000000000036,overnight
2024-10-01,1,2024-09-30 17:45:00+02:00,2024-10-01 09:00:00+02:00,607.1804999999999,609.1295,1.9490000000000691,1949.0000000000691,192.9000000000069,overnight
2024-10-02,1,2024-10-01 17:45:00+02:00,2024-10-02 09:00:00+02:00,603.5105,602.5695000000001,-0.9409999999999172,-940.9999999999172,-96.09999999999172,overnight
2024-10-03,1,2024-10-02 17:45:00+02:00,2024-10-03 09:00:00+02:00,604.7605,603.3095,-1.4510000000000218,-1451.0000000000218,-147.10000000000218,overnight
2024-10-04,1,2024-10-03 17:45:00+02:00,2024-10-04 09:00:00+02:00,603.2805,602.9495000000001,-0.3309999999999036,-330.9999999999036,-35.09999999999036,overnight
2024-10-07,1,2024-10-04 17:45:00+02:00,2024-10-07 09:00:00+02:00,604.0305,607.3895,3.3590000000000373,3359.0000000000373,333.90000000000373,overnight
2024-10-08,1,2024-10-07 17:45:00+02:00,2024-10-08 09:00:00+02:00,607.1005,602.8795,-4.221000000000004,-4221.000000000004,-424.10000000000036,overnight
2024-10-09,1,2024-10-08 17:45:00+02:00,2024-10-09 09:00:00+02:00,607.1005,607.0795,-0.020999999999958163,-20.999999999958163,-4.099999999995816,overnight
2024-10-10,1,2024-10-09 17:45:00+02:00,2024-10-10 09:00:00+02:00,611.5305,612.5795,1.0490000000000919,1049.0000000000919,102.90000000000919,overnight
2024-10-11,1,2024-10-10 17:45:00+02:00,2024-10-11 09:00:00+02:00,612.1605,611.8195000000001,-0.3409999999998945,-340.9999999998945,-36.09999999998945,overnight
2024-10-14,1,2024-10-11 17:45:00+02:00,2024-10-14 09:00:00+02:00,615.2705,615.2995,0.028999999999996362,28.999999999996362,0.8999999999996362,overnight
2024-10-15,1,2024-10-14 17:45:00+02:00,2024-10-15 09:00:00+02:00,619.0005,620.4595,1.45900000000006,1459.00000000006,143.900000000006,overnight
2024-10-16,1,2024-10-15 17:45:00+02:00,2024-10-16 09:00:00+02:00,618.6005,616.0095,-2.591000000000008,-2591.000000000008,-261.1000000000008,overnight
2024-10-17,1,2024-10-16 17:45:00+02:00,2024-10-17 09:00:00+02:00,616.4105,619.2995,2.88900000000001,2889.00000000001,286.900000000001,overnight
2024-10-18,1,2024-10-17 17:45:00+02:00,2024-10-18 09:00:00+02:00,620.4905,619.0095,-1.4809999999999945,-1480.9999999999945,-150.09999999999945,overnight
2024-10-21,1,2024-10-18 17:45:00+02:00,2024-10-21 09:00:00+02:00,620.1205,620.2595,0.13900000000001,139.00000000001,11.900000000001,overnight
2024-10-22,1,2024-10-21 17:45:00+02:00,2024-10-22 09:00:00+02:00,616.9005,618.3495,1.4490000000000691,1449.0000000000691,142.9000000000069,overnight
2024-10-23,1,2024-10-22 17:45:00+02:00,2024-10-23 09:00:00+02:00,618.1605,618.7395,0.5790000000000646,579.0000000000646,55.90000000000646,overnight
2024-10-24,1,2024-10-23 17:45:00+02:00,2024-10-24 09:00:00+02:00,614.6305,615.2495,0.6190000000000282,619.0000000000282,59.90000000000282,overnight
2024-10-25,1,2024-10-24 17:45:00+02:00,2024-10-25 09:00:00+02:00,614.5805,615.3395,0.7590000000000146,759.0000000000146,73.90000000000146,overnight
2024-10-28,1,2024-10-25 17:45:00+02:00,2024-10-28 09:00:00+01:00,618.5005,618.2395,-0.26099999999996726,-260.99999999996726,-28.099999999996726,overnight
2024-10-29,1,2024-10-28 17:45:00+01:00,2024-10-29 09:00:00+01:00,616.9505,617.0395,0.08899999999994179,88.99999999994179,6.899999999994179,overnight
2024-10-30,1,2024-10-29 17:45:00+01:00,2024-10-30 09:00:00+01:00,616.9105,618.8395,1.9290000000000873,1929.0000000000873,190.90000000000873,overnight
2024-10-31,1,2024-10-30 17:45:00+01:00,2024-10-31 09:00:00+01:00,618.4605,611.3795,-7.081000000000017,-7081.000000000017,-710.1000000000017,overnight
2024-11-01,1,2024-10-31 17:45:00+01:00,2024-11-01 09:00:00+01:00,606.4505,605.4195,-1.0310000000000628,-1031.0000000000628,-105.10000000000628,overnight
2024-11-04,1,2024-11-01 17:45:00+01:00,2024-11-04 09:00:00+01:00,609.4705,606.9295,-2.5410000000000537,-2541.0000000000537,-256.10000000000537,overnight
2024-11-05,1,2024-11-04 17:45:00+01:00,2024-11-05 09:00:00+01:00,605.7105,605.7895,0.07899999999995089,78.99999999995089,5.899999999995089,overnight
2024-11-07,1,2024-11-05 17:45:00+01:00,2024-11-07 09:00:00+01:00,610.6705,628.2495,17.579000000000065,17579.000000000065,1755.9000000000065,overnight
2024-11-08,1,2024-11-07 17:45:00+01:00,2024-11-08 09:00:00+01:00,631.8605,633.4695,1.6090000000000373,1609.0000000000373,158.90000000000373,overnight
2024-11-11,1,2024-11-08 17:45:00+01:00,2024-11-11 09:00:00+01:00,634.8004999999999,636.4095,1.6090000000000373,1609.0000000000373,158.90000000000373,overnight
2024-11-12,1,2024-11-11 17:45:00+01:00,2024-11-12 09:00:00+01:00,636.4105,635.3195000000001,-1.0909999999998945,-1090.9999999998945,-111.09999999998945,overnight
2024-11-13,1,2024-11-12 17:45:00+01:00,2024-11-13 09:00:00+01:00,634.0305,632.2295,-1.8009999999999309,-1800.9999999999309,-182.0999999999931,overnight
2024-11-14,1,2024-11-13 17:45:00+01:00,2024-11-14 09:00:00+01:00,634.9705,634.3095,-0.6610000000000582,-661.0000000000582,-68.10000000000582,overnight
2024-11-15,1,2024-11-14 17:45:00+01:00,2024-11-15 09:00:00+01:00,633.3405,626.8695,-6.471000000000004,-6471.000000000004,-649.1000000000004,overnight
2024-11-18,1,2024-11-15 17:45:00+01:00,2024-11-18 09:00:00+01:00,622.8405,622.7595,-0.08100000000001728,-81.00000000001728,-10.100000000001728,overnight
2024-11-19,1,2024-11-18 17:45:00+01:00,2024-11-19 09:00:00+01:00,625.3705,625.3395,-0.03099999999994907,-30.99999999994907,-5.099999999994907,overnight
2024-11-20,1,2024-11-19 17:45:00+01:00,2024-11-20 09:00:00+01:00,625.2605,628.2495,2.9890000000000327,2989.0000000000327,296.9000000000033,overnight
2024-11-21,1,2024-11-20 17:45:00+01:00,2024-11-21 09:00:00+01:00,622.0805,625.7295,3.649000000000001,3649.000000000001,362.9000000000001,overnight
2024-11-22,1,2024-11-21 17:45:00+01:00,2024-11-22 09:00:00+01:00,629.6705,630.6995000000001,1.02900000000011,1029.00000000011,100.900000000011,overnight
2024-11-25,1,2024-11-22 17:45:00+01:00,2024-11-25 09:00:00+01:00,631.2705,635.1795,3.908999999999992,3908.999999999992,388.8999999999992,overnight
2024-11-26,1,2024-11-25 17:45:00+01:00,2024-11-26 09:00:00+01:00,634.9205,633.7495,-1.1709999999999354,-1170.9999999999354,-119.09999999999354,overnight
2024-11-27,1,2024-11-26 17:45:00+01:00,2024-11-27 09:00:00+01:00,636.8805,638.1795,1.2989999999999782,1298.9999999999782,127.89999999999782,overnight
2024-11-28,1,2024-11-27 17:45:00+01:00,2024-11-28 09:00:00+01:00,635.9105,636.4895,0.5790000000000646,579.0000000000646,55.90000000000646,overnight
2024-11-29,1,2024-11-28 17:45:00+01:00,2024-11-29 09:00:00+01:00,637.2405,637.3695,0.1290000000000191,129.0000000000191,10.90000000000191,overnight
2024-12-02,1,2024-11-29 17:45:00+01:00,2024-12-02 09:00:00+01:00,639.2905,638.4395000000001,-0.8509999999998854,-850.9999999998854,-87.09999999998854,overnight
2024-12-03,1,2024-12-02 17:45:00+01:00,2024-12-03 09:00:00+01:00,640.4705,640.9995,0.5289999999999964,528.9999999999964,50.899999999999636,overnight
2024-12-04,1,2024-12-03 17:45:00+01:00,2024-12-04 09:00:00+01:00,640.4005,642.2195,1.8190000000000737,1819.0000000000737,179.90000000000737,overnight
2024-12-05,1,2024-12-04 17:45:00+01:00,2024-12-05 09:00:00+01:00,643.7605,644.6595,0.8990000000000009,899.0000000000009,87.90000000000009,overnight
2024-12-06,1,2024-12-05 17:45:00+01:00,2024-12-06 09:00:00+01:00,644.9505,643.9495000000001,-1.0009999999999764,-1000.9999999999764,-102.09999999999764,overnight
2024-12-09,1,2024-12-06 17:45:00+01:00,2024-12-09 09:00:00+01:00,645.6705,645.9995,0.3290000000000646,329.0000000000646,30.900000000006457,overnight
2024-12-10,1,2024-12-09 17:45:00+01:00,2024-12-10 09:00:00+01:00,643.2205,641.6995000000001,-1.5209999999999582,-1520.9999999999582,-154.09999999999582,overnight
2024-12-11,1,2024-12-10 17:45:00+01:00,2024-12-11 09:00:00+01:00,641.7005,640.2295,-1.4710000000000036,-1471.0000000000036,-149.10000000000036,overnight
2024-12-12,1,2024-12-11 17:45:00+01:00,2024-12-12 09:00:00+01:00,644.8004999999999,644.2595,-0.54099999999994,-540.99999999994,-56.099999999994,overnight
2024-12-13,1,2024-12-12 17:45:00+01:00,2024-12-13 09:00:00+01:00,644.2705,642.9795,-1.29099999999994,-1290.99999999994,-131.099999999994,overnight
2024-12-16,1,2024-12-13 17:45:00+01:00,2024-12-16 09:00:00+01:00,641.7305,641.7995,0.06899999999995998,68.99999999995998,4.899999999995998,overnight
2024-12-17,1,2024-12-16 17:45:00+01:00,2024-12-17 09:00:00+01:00,643.9105,642.2995,-1.61099999999999,-1610.99999999999,-163.099999999999,overnight
2024-12-18,1,2024-12-17 17:45:00+01:00,2024-12-18 09:00:00+01:00,642.0205,642.3695,0.3490000000000464,349.0000000000464,32.90000000000464,overnight
2024-12-20,1,2024-12-18 17:45:00+01:00,2024-12-20 09:00:00+01:00,642.7405,621.0995,-21.640999999999963,-21640.999999999964,-2166.0999999999963,overnight
2024-12-23,1,2024-12-20 17:45:00+01:00,2024-12-23 09:00:00+01:00,631.2305,632.0795,0.8490000000000464,849.0000000000464,82.90000000000464,overnight
2024-12-27,1,2024-12-23 17:45:00+01:00,2024-12-27 09:00:00+01:00,629.2405,638.7295,9.489000000000033,9489.000000000033,946.9000000000033,overnight
2024-12-30,1,2024-12-27 17:45:00+01:00,2024-12-30 09:00:00+01:00,632.8505,631.4295,-1.4210000000000491,-1421.000000000049,-144.1000000000049,overnight
2025-01-02,1,2024-12-30 17:45:00+01:00,2025-01-02 09:00:00+01:00,626.7505,627.2495,0.49900000000002365,499.00000000002365,47.900000000002365,overnight
2025-01-03,1,2025-01-02 17:45:00+01:00,2025-01-03 09:00:00+01:00,625.8004999999999,624.5095,-1.29099999999994,-1290.99999999994,-131.099999999994,overnight
2025-01-06,1,2025-01-03 17:45:00+01:00,2025-01-06 09:00:00+01:00,628.5504999999999,631.3495,2.799000000000092,2799.000000000092,277.9000000000092,overnight
2025-01-07,1,2025-01-06 17:45:00+01:00,2025-01-07 09:00:00+01:00,638.2505,634.4695,-3.780999999999949,-3780.999999999949,-380.0999999999949,overnight
2025-01-08,1,2025-01-07 17:45:00+01:00,2025-01-08 09:00:00+01:00,630.3505,627.8995,-2.451000000000022,-2451.000000000022,-247.10000000000218,overnight
2025-01-09,1,2025-01-08 17:45:00+01:00,2025-01-09 09:00:00+01:00,626.6205,625.3095,-1.3110000000000355,-1311.0000000000355,-133.10000000000355,overnight
2025-01-10,1,2025-01-09 17:45:00+01:00,2025-01-10 09:00:00+01:00,626.6705,626.1695,-0.5009999999999764,-500.99999999997635,-52.099999999997635,overnight
2025-01-13,1,2025-01-10 17:45:00+01:00,2025-01-13 09:00:00+01:00,617.1804999999999,615.3195000000001,-1.8609999999998763,-1860.9999999998763,-188.09999999998763,overnight
2025-01-14,1,2025-01-13 17:45:00+01:00,2025-01-14 09:00:00+01:00,614.9005,621.4895,6.5890000000000555,6589.0000000000555,656.9000000000055,overnight
2025-01-15,1,2025-01-14 17:45:00+01:00,2025-01-15 09:00:00+01:00,618.6405,620.1495,1.5090000000000146,1509.0000000000146,148.90000000000146,overnight
2025-01-16,1,2025-01-15 17:45:00+01:00,2025-01-16 09:00:00+01:00,628.0805,634.4295,6.348999999999933,6348.999999999933,632.8999999999933,overnight
2025-01-17,1,2025-01-16 17:45:00+01:00,2025-01-17 09:00:00+01:00,631.4805,631.3595,-0.1209999999999809,-120.9999999999809,-14.09999999999809,overnight
2025-01-20,1,2025-01-17 17:45:00+01:00,2025-01-20 09:00:00+01:00,637.1405,637.1095,-0.03099999999994907,-30.99999999994907,-5.099999999994907,overnight
2025-01-21,1,2025-01-20 17:45:00+01:00,2025-01-21 09:00:00+01:00,638.9405,637.7995,-1.1410000000000764,-1141.0000000000764,-116.10000000000764,overnight
2025-01-22,1,2025-01-21 17:45:00+01:00,2025-01-22 09:00:00+01:00,639.9505,643.6695,3.7189999999999372,3718.9999999999372,369.8999999999937,overnight
2025-01-23,1,2025-01-22 17:45:00+01:00,2025-01-23 09:00:00+01:00,646.7405,644.9495000000001,-1.79099999999994,-1790.99999999994,-181.099999999994,overnight
2025-01-24,1,2025-01-23 17:45:00+01:00,2025-01-24 09:00:00+01:00,647.0504999999999,648.6195,1.5690000000000737,1569.0000000000737,154.90000000000737,overnight
2025-01-27,1,2025-01-24 17:45:00+01:00,2025-01-27 09:00:00+01:00,649.2705,637.1195,-12.150999999999954,-12150.999999999953,-1217.0999999999954,overnight
2025-01-28,1,2025-01-27 17:45:00+01:00,2025-01-28 09:00:00+01:00,635.2905,638.8795,3.5890000000000555,3589.0000000000555,356.90000000000555,overnight
2025-01-29,1,2025-01-28 17:45:00+01:00,2025-01-29 09:00:00+01:00,640.5105,644.7695,4.2590000000000146,4259.000000000015,423.90000000000146,overnight
2025-01-30,1,2025-01-29 17:45:00+01:00,2025-01-30 09:00:00+01:00,641.8805,643.5495,1.6689999999999827,1668.9999999999827,164.89999999999827,overnight
2025-01-31,1,2025-01-30 17:45:00+01:00,2025-01-31 09:00:00+01:00,641.6705,646.7995,5.129000000000019,5129.000000000019,510.9000000000019,overnight
2025-02-04,1,2025-01-31 17:45:00+01:00,2025-02-04 09:00:00+01:00,648.4205,636.3195000000001,-12.100999999999885,-12100.999999999885,-1212.0999999999885,overnight
2025-02-05,1,2025-02-04 17:45:00+01:00,2025-02-05 09:00:00+01:00,640.6105,637.6895000000001,-2.9209999999999354,-2920.9999999999354,-294.09999999999354,overnight
2025-02-06,1,2025-02-05 17:45:00+01:00,2025-02-06 09:00:00+01:00,640.3905,644.5595,4.168999999999983,4168.999999999983,414.8999999999983,overnight
2025-02-07,1,2025-02-06 17:45:00+01:00,2025-02-07 09:00:00+01:00,644.6305,645.5095,0.8790000000000191,879.0000000000191,85.90000000000191,overnight
2025-02-10,1,2025-02-07 17:45:00+01:00,2025-02-10 09:00:00+01:00,641.6305,641.5395,-0.09100000000000819,-91.00000000000819,-11.100000000000819,overnight
2025-02-11,1,2025-02-10 17:45:00+01:00,2025-02-11 09:00:00+01:00,643.2205,641.6295,-1.5910000000000082,-1591.0000000000082,-161.10000000000082,overnight
2025-02-12,1,2025-02-11 17:45:00+01:00,2025-02-12 09:00:00+01:00,643.7305,644.0495,0.31899999999996,318.99999999996,29.899999999995998,overnight
2025-02-13,1,2025-02-12 17:45:00+01:00,2025-02-13 09:00:00+01:00,639.7805,643.1895000000001,3.4090000000001055,3409.0000000001055,338.90000000001055,overnight
2025-02-14,1,2025-02-13 17:45:00+01:00,2025-02-14 09:00:00+01:00,646.2305,650.0595,3.828999999999951,3828.999999999951,380.8999999999951,overnight
2025-02-17,1,2025-02-14 17:45:00+01:00,2025-02-17 09:00:00+01:00,649.3705,649.9395000000001,0.5690000000000737,569.0000000000737,54.90000000000737,overnight
2025-02-18,1,2025-02-17 17:45:00+01:00,2025-02-18 09:00:00+01:00,650.6005,651.7995,1.1989999999999554,1198.9999999999554,117.89999999999554,overnight
2025-02-19,1,2025-02-18 17:45:00+01:00,2025-02-19 09:00:00+01:00,649.6505,651.2995,1.649000000000001,1649.000000000001,162.9000000000001,overnight
2025-02-20,1,2025-02-19 17:45:00+01:00,2025-02-20 09:00:00+01:00,650.8305,650.7995,-0.031000000000062755,-31.000000000062755,-5.1000000000062755,overnight
2025-02-21,1,2025-02-20 17:45:00+01:00,2025-02-21 09:00:00+01:00,647.3004999999999,649.6995000000001,2.3990000000001146,2399.0000000001146,237.90000000001146,overnight
2025-02-24,1,2025-02-21 17:45:00+01:00,2025-02-24 09:00:00+01:00,646.8705,641.5295,-5.341000000000008,-5341.000000000008,-536.1000000000008,overnight
2025-02-25,1,2025-02-24 17:45:00+01:00,2025-02-25 09:00:00+01:00,639.0905,633.9495000000001,-5.140999999999963,-5140.999999999963,-516.0999999999963,overnight
2025-02-26,1,2025-02-25 17:45:00+01:00,2025-02-26 09:00:00+01:00,628.5604999999999,634.9995,6.439000000000078,6439.000000000078,641.9000000000078,overnight
2025-02-27,1,2025-02-26 17:45:00+01:00,2025-02-27 09:00:00+01:00,637.5905,635.5095,-2.0810000000000173,-2081.0000000000173,-210.10000000000173,overnight
2025-02-28,1,2025-02-27 17:45:00+01:00,2025-02-28 09:00:00+01:00,633.3104999999999,623.9595,-9.350999999999885,-9350.999999999885,-937.0999999999885,overnight
2025-03-03,1,2025-02-28 17:45:00+01:00,2025-03-03 09:00:00+01:00,625.0305,633.0095,7.979000000000042,7979.000000000042,795.9000000000042,overnight
2025-03-04,1,2025-03-03 17:45:00+01:00,2025-03-04 09:00:00+01:00,630.4505,621.8195000000001,-8.630999999999972,-8630.99999999997,-865.0999999999972,overnight
2025-03-05,1,2025-03-04 17:45:00+01:00,2025-03-05 09:00:00+01:00,610.4805,617.6495,7.168999999999983,7168.999999999983,714.8999999999983,overnight
2025-03-06,1,2025-03-05 17:45:00+01:00,2025-03-06 09:00:00+01:00,610.6705,617.4995,6.829000000000065,6829.000000000065,680.9000000000065,overnight
2025-03-07,1,2025-03-06 17:45:00+01:00,2025-03-07 09:00:00+01:00,616.6905,611.5695000000001,-5.120999999999981,-5120.999999999981,-514.0999999999981,overnight
2025-03-10,1,2025-03-07 17:45:00+01:00,2025-03-10 09:00:00+01:00,604.0805,609.7295,5.649000000000001,5649.000000000001,562.9000000000001,overnight
2025-03-11,1,2025-03-10 17:45:00+01:00,2025-03-11 09:00:00+01:00,600.9805,597.5895,-3.3909999999999627,-3390.9999999999627,-341.09999999999627,overnight
2025-03-12,1,2025-03-11 17:45:00+01:00,2025-03-12 09:00:00+01:00,592.1905,594.3395,2.149000000000001,2149.000000000001,212.9000000000001,overnight
2025-03-13,1,2025-03-12 17:45:00+01:00,2025-03-13 09:00:00+01:00,597.1505,591.3995,-5.750999999999976,-5750.999999999976,-577.0999999999976,overnight
2025-03-14,1,2025-03-13 17:45:00+01:00,2025-03-14 09:00:00+01:00,589.2205,590.1695,0.9489999999999554,948.9999999999554,92.89999999999554,overnight
2025-03-17,1,2025-03-14 17:45:00+01:00,2025-03-17 09:00:00+01:00,596.8104999999999,595.7295,-1.0809999999999036,-1080.9999999999036,-110.09999999999036,overnight
2025-03-18,1,2025-03-17 17:45:00+01:00,2025-03-18 09:00:00+01:00,600.4304999999999,602.3195000000001,1.8890000000001237,1889.0000000001237,186.90000000001237,overnight
2025-03-19,1,2025-03-18 17:45:00+01:00,2025-03-19 09:00:00+01:00,597.5005,596.4795,-1.0209999999999582,-1020.9999999999582,-104.09999999999582,overnight
2025-03-20,1,2025-03-19 17:45:00+01:00,2025-03-20 09:00:00+01:00,601.5905,605.8295,4.239000000000033,4239.000000000033,421.9000000000033,overnight
2025-03-21,1,2025-03-20 17:45:00+01:00,2025-03-21 09:00:00+01:00,602.7005,600.9795,-1.7210000000000036,-1721.0000000000036,-174.10000000000036,overnight
2025-03-24,1,2025-03-21 17:45:00+01:00,2025-03-24 09:00:00+01:00,600.1705,607.7495,7.579000000000065,7579.000000000065,755.9000000000065,overnight
2025-03-25,1,2025-03-24 17:45:00+01:00,2025-03-25 09:00:00+01:00,612.0705,612.7995,0.7289999999999281,728.9999999999281,70.89999999999281,overnight
2025-03-26,1,2025-03-25 17:45:00+01:00,2025-03-26 09:00:00+01:00,613.1305,613.9695,0.8390000000000555,839.0000000000555,81.90000000000555,overnight
2025-03-27,1,2025-03-26 17:45:00+01:00,2025-03-27 09:00:00+01:00,609.3405,606.9695,-2.370999999999981,-2370.999999999981,-239.0999999999981,overnight
2025-03-28,1,2025-03-27 17:45:00+01:00,2025-03-28 09:00:00+01:00,607.3605,602.9295,-4.43100000000004,-4431.00000000004,-445.100000000004,overnight
2025-03-31,1,2025-03-28 17:45:00+01:00,2025-03-31 09:00:00+02:00,594.6005,588.9195,-5.68100000000004,-5681.00000000004,-570.100000000004,overnight
2025-04-01,1,2025-03-31 17:45:00+02:00,2025-04-01 09:00:00+02:00,589.9505,595.8995,5.948999999999955,5948.999999999955,592.8999999999955,overnight
2025-04-02,1,2025-04-01 17:45:00+02:00,2025-04-02 09:00:00+02:00,598.8004999999999,597.9895,-0.8109999999999218,-810.9999999999218,-83.09999999999218,overnight
2025-04-04,1,2025-04-02 17:45:00+02:00,2025-04-04 09:00:00+02:00,601.5905,571.4195,-30.17100000000005,-30171.000000000047,-3019.100000000005,overnight
2025-04-11,1,2025-04-04 17:45:00+02:00,2025-04-11 09:00:00+02:00,551.0205,565.5795,14.559000000000083,14559.000000000082,1453.9000000000083,overnight
2025-04-15,1,2025-04-11 17:45:00+02:00,2025-04-15 09:00:00+02:00,559.2105,575.2395,16.028999999999996,16028.999999999996,1600.8999999999996,overnight
2025-04-16,1,2025-04-15 17:45:00+02:00,2025-04-16 09:00:00+02:00,576.8104999999999,566.8995,-9.910999999999945,-9910.999999999944,-993.0999999999945,overnight
2025-04-17,1,2025-04-16 17:45:00+02:00,2025-04-17 09:00:00+02:00,570.4405,566.3595,-4.081000000000017,-4081.0000000000173,-410.1000000000017,overnight
2025-04-22,1,2025-04-17 17:45:00+02:00,2025-04-22 09:00:00+02:00,562.7305,555.8895,-6.841000000000008,-6841.000000000008,-686.1000000000008,overnight
2025-04-23,1,2025-04-22 17:45:00+02:00,2025-04-23 09:00:00+02:00,560.5105,571.5895,11.079000000000065,11079.000000000064,1105.9000000000065,overnight
2025-04-24,1,2025-04-23 17:45:00+02:00,2025-04-24 09:00:00+02:00,574.9505,570.5595,-4.391000000000076,-4391.000000000076,-441.10000000000764,overnight
2025-04-25,1,2025-04-24 17:45:00+02:00,2025-04-25 09:00:00+02:00,579.5504999999999,587.2395,7.689000000000078,7689.000000000078,766.9000000000078,overnight
2025-04-28,1,2025-04-25 17:45:00+02:00,2025-04-28 09:00:00+02:00,583.3205,586.6995000000001,3.379000000000019,3379.000000000019,335.9000000000019,overnight
2025-04-29,1,2025-04-28 17:45:00+02:00,2025-04-29 09:00:00+02:00,584.2805,588.3295,4.049000000000092,4049.000000000092,402.9000000000092,overnight
2025-04-30,1,2025-04-29 17:45:00+02:00,2025-04-30 09:00:00+02:00,587.9605,590.2495,2.2889999999999873,2288.9999999999873,226.89999999999873,overnight
2025-05-01,1,2025-04-30 17:45:00+02:00,2025-05-01 09:00:00+02:00,586.3205,597.3995,11.07899999999995,11078.99999999995,1105.899999999995,overnight
2025-05-02,1,2025-05-01 17:45:00+02:00,2025-05-02 09:00:00+02:00,600.7005,599.3595,-1.3410000000000082,-1341.0000000000082,-136.10000000000082,overnight
2025-05-06,1,2025-05-02 17:45:00+02:00,2025-05-06 09:00:00+02:00,603.4304999999999,599.8695,-3.560999999999922,-3560.999999999922,-358.0999999999922,overnight
2025-05-07,1,2025-05-06 17:45:00+02:00,2025-05-07 09:00:00+02:00,599.7305,599.1795,-0.5510000000000446,-551.0000000000446,-57.10000000000446,overnight
2025-05-08,1,2025-05-07 17:45:00+02:00,2025-05-08 09:00:00+02:00,596.6305,603.2895,6.658999999999992,6658.999999999992,663.8999999999992,overnight
2025-05-09,1,2025-05-08 17:45:00+02:00,2025-05-09 09:00:00+02:00,605.0905,603.5695000000001,-1.5209999999999582,-1520.9999999999582,-154.09999999999582,overnight
2025-05-12,1,2025-05-09 17:45:00+02:00,2025-05-12 09:00:00+02:00,602.9105,614.3795,11.469000000000051,11469.000000000051,1144.900000000005,overnight
2025-05-13,1,2025-05-12 17:45:00+02:00,2025-05-13 09:00:00+02:00,618.2505,620.0295,1.7789999999999964,1778.9999999999964,175.89999999999964,overnight
2025-05-14,1,2025-05-13 17:45:00+02:00,2025-05-14 09:00:00+02:00,627.4505,627.5195,0.06899999999995998,68.99999999995998,4.899999999995998,overnight
2025-05-15,1,2025-05-14 17:45:00+02:00,2025-05-15 09:00:00+02:00,627.8405,625.4295,-2.411000000000058,-2411.000000000058,-243.10000000000582,overnight
2025-05-16,1,2025-05-15 17:45:00+02:00,2025-05-16 09:00:00+02:00,628.2405,629.2895,1.0489999999999782,1048.9999999999782,102.89999999999782,overnight
2025-05-19,1,2025-05-16 17:45:00+02:00,2025-05-19 09:00:00+02:00,631.1804999999999,627.0595,-4.120999999999981,-4120.999999999981,-414.0999999999981,overnight
2025-05-20,1,2025-05-19 17:45:00+02:00,2025-05-20 09:00:00+02:00,632.5504999999999,633.1195,0.5690000000000737,569.0000000000737,54.90000000000737,overnight
2025-05-21,1,2025-05-20 17:45:00+02:00,2025-05-21 09:00:00+02:00,633.2505,629.3795,-3.870999999999981,-3870.999999999981,-389.0999999999981,overnight
2025-05-22,1,2025-05-21 17:45:00+02:00,2025-05-22 09:00:00+02:00,631.3805,623.5195,-7.86099999999999,-7860.99999999999,-788.099999999999,overnight
2025-05-23,1,2025-05-22 17:45:00+02:00,2025-05-23 09:00:00+02:00,622.7305,621.9095,-0.8210000000000264,-821.0000000000264,-84.10000000000264,overnight
2025-05-27,1,2025-05-23 17:45:00+02:00,2025-05-27 09:00:00+02:00,617.9605,625.1595,7.198999999999955,7198.999999999955,717.8999999999955,overnight
2025-05-28,1,2025-05-27 17:45:00+02:00,2025-05-28 09:00:00+02:00,628.3405,629.8495,1.5090000000000146,1509.0000000000146,148.90000000000146,overnight
2025-05-29,1,2025-05-28 17:45:00+02:00,2025-05-29 09:00:00+02:00,628.9605,636.8895,7.928999999999974,7928.999999999974,790.8999999999974,overnight
2025-05-30,1,2025-05-29 17:45:00+02:00,2025-05-30 09:00:00+02:00,629.3205,628.2095,-1.11099999999999,-1110.99999999999,-113.099999999999,overnight
2025-06-02,1,2025-05-30 17:45:00+02:00,2025-06-02 09:00:00+02:00,627.7705,625.6595,-2.11099999999999,-2110.99999999999,-213.099999999999,overnight
2025-06-03,1,2025-06-02 17:45:00+02:00,2025-06-03 09:00:00+02:00,627.7305,630.2795,2.548999999999978,2548.999999999978,252.89999999999782,overnight
2025-06-04,1,2025-06-03 17:45:00+02:00,2025-06-04 09:00:00+02:00,634.9405,636.1395,1.1989999999999554,1198.9999999999554,117.89999999999554,overnight
2025-06-05,1,2025-06-04 17:45:00+02:00,2025-06-05 09:00:00+02:00,637.2805,635.9795,-1.3009999999999309,-1300.9999999999309,-132.0999999999931,overnight
2025-06-06,1,2025-06-05 17:45:00+02:00,2025-06-06 09:00:00+02:00,638.7405,635.6695,-3.0710000000000264,-3071.0000000000264,-309.10000000000264,overnight
2025-06-09,1,2025-06-06 17:45:00+02:00,2025-06-09 09:00:00+02:00,638.6205,639.1695,0.5489999999999782,548.9999999999782,52.89999999999782,overnight
2025-06-10,1,2025-06-09 17:45:00+02:00,2025-06-10 09:00:00+02:00,639.7905,639.5695000000001,-0.22099999999988995,-220.99999999988995,-24.099999999988995,overnight
2025-06-11,1,2025-06-10 17:45:00+02:00,2025-06-11 09:00:00+02:00,640.6005,641.8895,1.2889999999999873,1288.9999999999873,126.89999999999873,overnight
2025-06-12,1,2025-06-11 17:45:00+02:00,2025-06-12 09:00:00+02:00,644.8305,640.9995,-3.8310000000000173,-3831.0000000000173,-385.1000000000017,overnight
2025-06-13,1,2025-06-12 17:45:00+02:00,2025-06-13 09:00:00+02:00,643.0105,635.9695,-7.04099999999994,-7040.99999999994,-706.099999999994,overnight
2025-06-16,1,2025-06-13 17:45:00+02:00,2025-06-16 09:00:00+02:00,641.1305,639.5395,-1.5910000000000082,-1591.0000000000082,-161.10000000000082,overnight
2025-06-17,1,2025-06-16 17:45:00+02:00,2025-06-17 09:00:00+02:00,643.8505,640.2795,-3.5710000000000264,-3571.0000000000264,-359.10000000000264,overnight
2025-06-18,1,2025-06-17 17:45:00+02:00,2025-06-18 09:00:00+02:00,640.8104999999999,639.0295,-1.780999999999949,-1780.999999999949,-180.0999999999949,overnight
2025-06-19,1,2025-06-18 17:45:00+02:00,2025-06-19 09:00:00+02:00,640.4205,635.7495,-4.670999999999935,-4670.999999999935,-469.09999999999354,overnight
2025-06-20,1,2025-06-19 17:45:00+02:00,2025-06-20 09:00:00+02:00,631.5604999999999,636.3895,4.829000000000065,4829.000000000065,480.90000000000646,overnight
2025-06-23,1,2025-06-20 17:45:00+02:00,2025-06-23 09:00:00+02:00,637.6905,635.6095,-2.0810000000000173,-2081.0000000000173,-210.10000000000173,overnight
2025-06-24,1,2025-06-23 17:45:00+02:00,2025-06-24 09:00:00+02:00,638.2805,648.5795,10.299000000000092,10299.000000000091,1027.9000000000092,overnight
2025-06-25,1,2025-06-24 17:45:00+02:00,2025-06-25 09:00:00+02:00,648.4505,649.6795,1.2289999999999281,1228.9999999999281,120.89999999999281,overnight
2025-06-26,1,2025-06-25 17:45:00+02:00,2025-06-26 09:00:00+02:00,649.4105,651.4295,2.0190000000000055,2019.0000000000055,199.90000000000055,overnight
2025-06-27,1,2025-06-26 17:45:00+02:00,2025-06-27 09:00:00+02:00,653.5005,656.7495,3.2490000000000236,3249.0000000000236,322.90000000000236,overnight
2025-06-30,1,2025-06-27 17:45:00+02:00,2025-06-30 09:00:00+02:00,659.0005,660.7795,1.7789999999999964,1778.9999999999964,175.89999999999964,overnight
2025-07-01,1,2025-06-30 17:45:00+02:00,2025-07-01 09:00:00+02:00,659.9705,660.6595,0.6889999999999645,688.9999999999645,66.89999999999645,overnight
2025-07-02,1,2025-07-01 17:45:00+02:00,2025-07-02 09:00:00+02:00,660.5305,663.4595,2.9290000000000873,2929.0000000000873,290.90000000000873,overnight
2025-07-03,1,2025-07-02 17:45:00+02:00,2025-07-03 09:00:00+02:00,662.7205,664.9495000000001,2.229000000000042,2229.000000000042,220.90000000000418,overnight
2025-07-04,1,2025-07-03 17:45:00+02:00,2025-07-04 09:00:00+02:00,669.5105,667.1795,-2.3310000000000173,-2331.0000000000173,-235.10000000000173,overnight
2025-07-07,1,2025-07-04 17:45:00+02:00,2025-07-07 09:00:00+02:00,665.6305,666.3495,0.7190000000000509,719.0000000000509,69.9000000000051,overnight
2025-07-08,1,2025-07-07 17:45:00+02:00,2025-07-08 09:00:00+02:00,665.6505,665.1795,-0.47100000000000364,-471.00000000000364,-49.100000000000364,overnight
2025-07-09,1,2025-07-08 17:45:00+02:00,2025-07-09 09:00:00+02:00,663.9505,664.0595,0.1089999999999236,108.9999999999236,8.89999999999236,overnight
2025-07-10,1,2025-07-09 17:45:00+02:00,2025-07-10 09:00:00+02:00,665.8905,666.4095,0.5190000000000055,519.0000000000055,49.900000000000546,overnight
2025-07-11,1,2025-07-10 17:45:00+02:00,2025-07-11 09:00:00+02:00,669.6005,668.0995,-1.5009999999999764,-1500.9999999999764,-152.09999999999764,overnight
2025-07-14,1,2025-07-11 17:45:00+02:00,2025-07-14 09:00:00+02:00,667.4304999999999,663.8595,-3.5709999999999127,-3570.9999999999127,-359.09999999999127,overnight
2025-07-15,1,2025-07-14 17:45:00+02:00,2025-07-15 09:00:00+02:00,667.8505,670.6095,2.7590000000000146,2759.0000000000146,273.90000000000146,overnight
2025-07-16,1,2025-07-15 17:45:00+02:00,2025-07-16 09:00:00+02:00,668.6005,664.1195,-4.4809999999999945,-4480.9999999999945,-450.09999999999945,overnight
2025-07-17,1,2025-07-16 17:45:00+02:00,2025-07-17 09:00:00+02:00,662.5905,668.9095,6.31899999999996,6318.99999999996,629.899999999996,overnight
2025-07-18,1,2025-07-17 17:45:00+02:00,2025-07-18 09:00:00+02:00,670.8805,673.6395,2.7590000000000146,2759.0000000000146,273.90000000000146,overnight
2025-07-21,1,2025-07-18 17:45:00+02:00,2025-07-21 09:00:00+02:00,671.9805,673.0895,1.1090000000000373,1109.0000000000373,108.90000000000373,overnight
2025-07-22,1,2025-07-21 17:45:00+02:00,2025-07-22 09:00:00+02:00,675.8205,672.5995,-3.2210000000000036,-3221.0000000000036,-324.10000000000036,overnight
2025-07-23,1,2025-07-22 17:45:00+02:00,2025-07-23 09:00:00+02:00,672.0405,674.8895,2.8490000000000464,2849.0000000000464,282.90000000000464,overnight
2025-07-24,1,2025-07-23 17:45:00+02:00,2025-07-24 09:00:00+02:00,675.1205,678.6895000000001,3.5690000000000737,3569.0000000000737,354.90000000000737,overnight
2025-07-25,1,2025-07-24 17:45:00+02:00,2025-07-25 09:00:00+02:00,680.2505,680.0895,-0.16099999999994452,-160.99999999994452,-18.099999999994452,overnight
2025-07-28,1,2025-07-25 17:45:00+02:00,2025-07-28 09:00:00+02:00,680.5005,684.6395,4.13900000000001,4139.00000000001,411.900000000001,overnight
2025-07-29,1,2025-07-28 17:45:00+02:00,2025-07-29 09:00:00+02:00,681.8305,682.4095,0.5789999999999509,578.9999999999509,55.89999999999509,overnight
2025-07-30,1,2025-07-29 17:45:00+02:00,2025-07-30 09:00:00+02:00,680.1705,680.7295,0.5590000000000828,559.0000000000828,53.900000000008276,overnight
2025-07-31,1,2025-07-30 17:45:00+02:00,2025-07-31 09:00:00+02:00,679.8705,685.2395,5.369000000000028,5369.000000000028,534.9000000000028,overnight
2025-08-01,1,2025-07-31 17:45:00+02:00,2025-08-01 09:00:00+02:00,681.5405,674.7195,-6.820999999999913,-6820.999999999913,-684.0999999999913,overnight
2025-08-04,1,2025-08-01 17:45:00+02:00,2025-08-04 09:00:00+02:00,665.1605,668.0195,2.8590000000000373,2859.0000000000373,283.90000000000373,overnight
2025-08-05,1,2025-08-04 17:45:00+02:00,2025-08-05 09:00:00+02:00,673.3905,677.2795,3.88900000000001,3889.00000000001,386.900000000001,overnight
2025-08-06,1,2025-08-05 17:45:00+02:00,2025-08-06 09:00:00+02:00,671.8905,674.8195000000001,2.9290000000000873,2929.0000000000873,290.90000000000873,overnight
2025-08-07,1,2025-08-06 17:45:00+02:00,2025-08-07 09:00:00+02:00,676.5405,678.6895000000001,2.1490000000001146,2149.0000000001146,212.90000000001146,overnight
2025-08-08,1,2025-08-07 17:45:00+02:00,2025-08-08 09:00:00+02:00,676.5604999999999,677.8995,1.3390000000000555,1339.0000000000555,131.90000000000555,overnight
2025-08-11,1,2025-08-08 17:45:00+02:00,2025-08-11 09:00:00+02:00,680.3004999999999,683.3795,3.0790000000000646,3079.0000000000646,305.90000000000646,overnight
2025-08-12,1,2025-08-11 17:45:00+02:00,2025-08-12 09:00:00+02:00,681.7105,681.3395,-0.3709999999999809,-370.9999999999809,-39.09999999999809,overnight
2025-08-13,1,2025-08-12 17:45:00+02:00,2025-08-13 09:00:00+02:00,685.8905,687.9795,2.0890000000000555,2089.0000000000555,206.90000000000555,overnight
2025-08-14,1,2025-08-13 17:45:00+02:00,2025-08-14 09:00:00+02:00,688.9405,689.5495,0.6089999999999236,608.9999999999236,58.89999999999236,overnight
2025-08-15,1,2025-08-14 17:45:00+02:00,2025-08-15 09:00:00+02:00,688.5805,692.1695,3.588999999999942,3588.999999999942,356.8999999999942,overnight
2025-08-18,1,2025-08-15 17:45:00+02:00,2025-08-18 09:00:00+02:00,689.1105,688.2595,-0.8509999999999991,-850.9999999999991,-87.09999999999991,overnight
2025-08-19,1,2025-08-18 17:45:00+02:00,2025-08-19 09:00:00+02:00,687.7805,687.6795,-0.10099999999999909,-100.99999999999909,-12.099999999999909,overnight
2025-08-20,1,2025-08-19 17:45:00+02:00,2025-08-20 09:00:00+02:00,686.8405,683.3795,-3.4610000000000127,-3461.0000000000127,-348.1000000000013,overnight
2025-08-21,1,2025-08-20 17:45:00+02:00,2025-08-21 09:00:00+02:00,681.4105,683.1495,1.7390000000000327,1739.0000000000327,171.90000000000327,overnight
2025-08-22,1,2025-08-21 17:45:00+02:00,2025-08-22 09:00:00+02:00,682.1605,679.0995,-3.060999999999922,-3060.999999999922,-308.0999999999922,overnight
2025-08-26,1,2025-08-22 17:45:00+02:00,2025-08-26 09:00:00+02:00,691.7305,686.6895000000001,-5.04099999999994,-5040.99999999994,-506.099999999994,overnight
2025-08-27,1,2025-08-26 17:45:00+02:00,2025-08-27 09:00:00+02:00,687.4005,690.8195000000001,3.4190000000000964,3419.0000000000964,339.90000000000964,overnight
2025-08-28,1,2025-08-27 17:45:00+02:00,2025-08-28 09:00:00+02:00,691.8104999999999,692.5295,0.7190000000000509,719.0000000000509,69.9000000000051,overnight
2025-08-29,1,2025-08-28 17:45:00+02:00,2025-08-29 09:00:00+02:00,692.2705,693.8895,1.6190000000000282,1619.0000000000282,159.90000000000282,overnight
2025-09-01,1,2025-08-29 17:45:00+02:00,2025-09-01 09:00:00+02:00,689.5105,689.8895,0.3790000000000191,379.0000000000191,35.90000000000191,overnight
2025-09-02,1,2025-09-01 17:45:00+02:00,2025-09-02 09:00:00+02:00,691.1605,689.9895,-1.1709999999999354,-1170.9999999999354,-119.09999999999354,overnight
2025-09-03,1,2025-09-02 17:45:00+02:00,2025-09-03 09:00:00+02:00,680.7405,686.1195,5.379000000000019,5379.000000000019,535.9000000000019,overnight
2025-09-04,1,2025-09-03 17:45:00+02:00,2025-09-04 09:00:00+02:00,687.5805,689.0595,1.4789999999999281,1478.9999999999281,145.89999999999281,overnight
2025-09-05,1,2025-09-04 17:45:00+02:00,2025-09-05 09:00:00+02:00,691.5005,696.2495,4.749000000000024,4749.000000000024,472.90000000000236,overnight
2025-09-08,1,2025-09-05 17:45:00+02:00,2025-09-08 09:00:00+02:00,691.2105,693.4595,2.2490000000000236,2249.0000000000236,222.90000000000236,overnight
2025-09-09,1,2025-09-08 17:45:00+02:00,2025-09-09 09:00:00+02:00,694.9705,695.3295,0.3590000000000373,359.0000000000373,33.90000000000373,overnight
2025-09-10,1,2025-09-09 17:45:00+02:00,2025-09-10 09:00:00+02:00,694.1405,697.8895,3.7490000000000236,3749.0000000000236,372.90000000000236,overnight
2025-09-11,1,2025-09-10 17:45:00+02:00,2025-09-11 09:00:00+02:00,698.2605,699.0895,0.8290000000000646,829.0000000000646,80.90000000000646,overnight
2025-09-12,1,2025-09-11 17:45:00+02:00,2025-09-12 09:00:00+02:00,703.8004999999999,703.5195,-0.28099999999994907,-280.99999999994907,-30.099999999994907,overnight
2025-09-15,1,2025-09-12 17:45:00+02:00,2025-09-15 09:00:00+02:00,703.7905,704.5595,0.7690000000000055,769.0000000000055,74.90000000000055,overnight
2025-09-16,1,2025-09-15 17:45:00+02:00,2025-09-16 09:00:00+02:00,706.5905,707.7295,1.13900000000001,1139.00000000001,111.900000000001,overnight
2025-09-17,1,2025-09-16 17:45:00+02:00,2025-09-17 09:00:00+02:00,705.5905,706.2295,0.63900000000001,639.00000000001,61.900000000001,overnight
2025-09-18,1,2025-09-17 17:45:00+02:00,2025-09-18 09:00:00+02:00,705.3605,708.6395,3.2789999999999964,3278.9999999999964,325.89999999999964,overnight
2025-09-19,1,2025-09-18 17:45:00+02:00,2025-09-19 09:00:00+02:00,710.3004999999999,708.2695,-2.030999999999949,-2030.999999999949,-205.0999999999949,overnight
2025-09-22,1,2025-09-19 17:45:00+02:00,2025-09-22 09:00:00+02:00,708.9205,710.9795,2.0590000000000828,2059.0000000000828,203.90000000000828,overnight
2025-09-23,1,2025-09-22 17:45:00+02:00,2025-09-23 09:00:00+02:00,713.0905,715.6695,2.578999999999951,2578.999999999951,255.8999999999951,overnight
2025-09-24,1,2025-09-23 17:45:00+02:00,2025-09-24 09:00:00+02:00,714.6105,712.9495000000001,-1.6609999999999445,-1660.9999999999445,-168.09999999999445,overnight
2025-09-25,1,2025-09-24 17:45:00+02:00,2025-09-25 09:00:00+02:00,710.6005,709.4295,-1.1710000000000491,-1171.000000000049,-119.10000000000491,overnight
2025-09-26,1,2025-09-25 17:45:00+02:00,2025-09-26 09:00:00+02:00,706.5105,707.0895,0.5790000000000646,579.0000000000646,55.90000000000646,overnight
2025-09-29,1,2025-09-26 17:45:00+02:00,2025-09-29 09:00:00+02:00,708.0604999999999,712.9095,4.849000000000046,4849.000000000046,482.90000000000464,overnight
2025-09-30,1,2025-09-29 17:45:00+02:00,2025-09-30 09:00:00+02:00,711.8004999999999,711.2595,-0.54099999999994,-540.99999999994,-56.099999999994,overnight
2025-10-01,1,2025-09-30 17:45:00+02:00,2025-10-01 09:00:00+02:00,710.8705,708.7495,-2.120999999999981,-2120.999999999981,-214.0999999999981,overnight
2025-10-02,1,2025-10-01 17:45:00+02:00,2025-10-02 09:00:00+02:00,715.0805,717.9795,2.899000000000001,2899.000000000001,287.9000000000001,overnight
2025-10-03,1,2025-10-02 17:45:00+02:00,2025-10-03 09:00:00+02:00,716.1005,720.0695000000001,3.969000000000051,3969.000000000051,394.9000000000051,overnight
2025-10-06,1,2025-10-03 17:45:00+02:00,2025-10-06 09:00:00+02:00,720.7305,720.0895,-0.6409999999999627,-640.9999999999627,-66.09999999999627,overnight
2025-10-07,1,2025-10-06 17:45:00+02:00,2025-10-07 09:00:00+02:00,720.2105,719.9395000000001,-0.27099999999995816,-270.99999999995816,-29.099999999995816,overnight
2025-10-08,1,2025-10-07 17:45:00+02:00,2025-10-08 09:00:00+02:00,717.9405,718.1495,0.20899999999994634,208.99999999994634,18.899999999994634,overnight
2025-10-09,1,2025-10-08 17:45:00+02:00,2025-10-09 09:00:00+02:00,721.5205,722.4995,0.9790000000000418,979.0000000000418,95.90000000000418,overnight
2025-10-10,1,2025-10-09 17:45:00+02:00,2025-10-10 09:00:00+02:00,719.0105,720.6595,1.649000000000001,1649.000000000001,162.9000000000001,overnight
2025-10-13,1,2025-10-10 17:45:00+02:00,2025-10-13 09:00:00+02:00,708.9405,710.5895,1.649000000000001,1649.000000000001,162.9000000000001,overnight
2025-10-14,1,2025-10-13 17:45:00+02:00,2025-10-14 09:00:00+02:00,711.4205,706.2095,-5.210999999999899,-5210.999999999899,-523.0999999999899,overnight
2025-10-15,1,2025-10-14 17:45:00+02:00,2025-10-15 09:00:00+02:00,708.2005,713.5795,5.379000000000019,5379.000000000019,535.9000000000019,overnight
2025-10-16,1,2025-10-15 17:45:00+02:00,2025-10-16 09:00:00+02:00,715.3705,715.5695000000001,0.19900000000006912,199.00000000006912,17.900000000006912,overnight
2025-10-17,1,2025-10-16 17:45:00+02:00,2025-10-17 09:00:00+02:00,714.7405,703.1395,-11.600999999999999,-11600.999999999998,-1162.1,overnight
2025-10-20,1,2025-10-17 17:45:00+02:00,2025-10-20 09:00:00+02:00,706.9304999999999,715.2795,8.349000000000046,8349.000000000045,832.9000000000046,overnight
2025-10-21,1,2025-10-20 17:45:00+02:00,2025-10-21 09:00:00+02:00,719.8305,719.6895000000001,-0.1409999999999627,-140.9999999999627,-16.09999999999627,overnight
2025-10-22,1,2025-10-21 17:45:00+02:00,2025-10-22 09:00:00+02:00,721.1705,721.6395,0.46900000000005093,469.00000000005093,44.90000000000509,overnight
2025-10-23,1,2025-10-22 17:45:00+02:00,2025-10-23 09:00:00+02:00,716.4505,717.9995,1.5489999999999782,1548.9999999999782,152.89999999999782,overnight
2025-10-24,1,2025-10-23 17:45:00+02:00,2025-10-24 09:00:00+02:00,719.2205,723.0395,3.81899999999996,3818.99999999996,379.899999999996,overnight
2025-10-27,1,2025-10-24 17:45:00+02:00,2025-10-27 09:00:00+01:00,727.2605,732.4795,5.219000000000051,5219.000000000051,519.9000000000051,overnight
2025-10-28,1,2025-10-27 17:45:00+01:00,2025-10-28 09:00:00+01:00,733.5805,734.7795,1.1989999999999554,1198.9999999999554,117.89999999999554,overnight
2025-10-29,1,2025-10-28 17:45:00+01:00,2025-10-29 09:00:00+01:00,737.1205,739.2095,2.0890000000000555,2089.0000000000555,206.90000000000555,overnight
2025-10-30,1,2025-10-29 17:45:00+01:00,2025-10-30 09:00:00+01:00,738.7305,737.7495,-0.9809999999999945,-980.9999999999945,-100.09999999999945,overnight
2025-10-31,1,2025-10-30 17:45:00+01:00,2025-10-31 09:00:00+01:00,734.0504999999999,735.4595,1.4090000000001055,1409.0000000001055,138.90000000001055,overnight
2025-11-03,1,2025-10-31 17:45:00+01:00,2025-11-03 09:00:00+01:00,731.7505,732.2095,0.45900000000006,459.00000000006,43.900000000006,overnight
2025-11-04,1,2025-11-03 17:45:00+01:00,2025-11-04 09:00:00+01:00,732.6005,726.5095,-6.091000000000008,-6091.000000000008,-611.1000000000008,overnight
2025-11-05,1,2025-11-04 17:45:00+01:00,2025-11-05 09:00:00+01:00,727.4805,722.6395,-4.841000000000008,-4841.000000000008,-486.1000000000008,overnight
2025-11-06,1,2025-11-05 17:45:00+01:00,2025-11-06 09:00:00+01:00,727.9405,725.4795,-2.4610000000000127,-2461.0000000000127,-248.10000000000127,overnight
2025-11-07,1,2025-11-06 17:45:00+01:00,2025-11-07 09:00:00+01:00,719.4705,721.3795,1.9089999999999918,1908.9999999999918,188.89999999999918,overnight
2025-11-10,1,2025-11-07 17:45:00+01:00,2025-11-10 09:00:00+01:00,711.5604999999999,724.9695,13.409000000000106,13409.000000000106,1338.9000000000106,overnight
2025-11-11,1,2025-11-10 17:45:00+01:00,2025-11-11 09:00:00+01:00,725.0005,729.7495,4.749000000000024,4749.000000000024,472.90000000000236,overnight
2025-11-12,1,2025-11-11 17:45:00+01:00,2025-11-12 09:00:00+01:00,729.0604999999999,734.7095,5.649000000000115,5649.000000000115,562.9000000000115,overnight
2025-11-13,1,2025-11-12 17:45:00+01:00,2025-11-13 09:00:00+01:00,732.2505,733.9395000000001,1.6890000000000782,1689.0000000000782,166.90000000000782,overnight
2025-11-14,1,2025-11-13 17:45:00+01:00,2025-11-14 09:00:00+01:00,725.7105,719.5195,-6.191000000000031,-6191.000000000031,-621.1000000000031,overnight
2025-11-17,1,2025-11-14 17:45:00+01:00,2025-11-17 09:00:00+01:00,722.9105,724.4195,1.5090000000000146,1509.0000000000146,148.90000000000146,overnight
2025-11-18,1,2025-11-17 17:45:00+01:00,2025-11-18 09:00:00+01:00,719.6605,710.4095,-9.250999999999976,-9250.999999999976,-927.0999999999976,overnight
2025-11-19,1,2025-11-18 17:45:00+01:00,2025-11-19 09:00:00+01:00,709.4405,708.8695,-0.5710000000000264,-571.0000000000264,-59.10000000000264,overnight
2025-11-20,1,2025-11-19 17:45:00+01:00,2025-11-20 09:00:00+01:00,710.0504999999999,719.6495,9.599000000000046,9599.000000000045,957.9000000000046,overnight
2025-11-21,1,2025-11-20 17:45:00+01:00,2025-11-21 09:00:00+01:00,715.6005,699.9695,-15.630999999999972,-15630.99999999997,-1565.0999999999972,overnight
2025-11-24,1,2025-11-21 17:45:00+01:00,2025-11-24 09:00:00+01:00,703.5504999999999,710.6595,7.109000000000037,7109.000000000037,708.9000000000037,overnight
2025-11-25,1,2025-11-24 17:45:00+01:00,2025-11-25 09:00:00+01:00,716.2405,717.4295,1.1889999999999645,1188.9999999999645,116.89999999999645,overnight
2025-11-26,1,2025-11-25 17:45:00+01:00,2025-11-26 09:00:00+01:00,719.4905,726.9895,7.499000000000024,7499.000000000024,747.9000000000024,overnight
2025-11-27,1,2025-11-26 17:45:00+01:00,2025-11-27 09:00:00+01:00,730.5905,729.6995000000001,-0.8909999999999627,-890.9999999999627,-91.09999999999627,overnight
2025-11-28,1,2025-11-27 17:45:00+01:00,2025-11-28 09:00:00+01:00,729.5405,731.9995,2.45900000000006,2459.00000000006,243.900000000006,overnight
2025-12-01,1,2025-11-28 17:45:00+01:00,2025-12-01 09:00:00+01:00,732.0705,728.2495,-3.8210000000000264,-3821.0000000000264,-384.10000000000264,overnight
2025-12-02,1,2025-12-01 17:45:00+01:00,2025-12-02 09:00:00+01:00,730.9605,728.7495,-2.2110000000000127,-2211.0000000000127,-223.10000000000127,overnight
2025-12-03,1,2025-12-02 17:45:00+01:00,2025-12-03 09:00:00+01:00,729.5705,732.4595,2.88900000000001,2889.00000000001,286.900000000001,overnight
2025-12-04,1,2025-12-03 17:45:00+01:00,2025-12-04 09:00:00+01:00,733.0705,733.9395000000001,0.8690000000000282,869.0000000000282,84.90000000000282,overnight
2025-12-05,1,2025-12-04 17:45:00+01:00,2025-12-05 09:00:00+01:00,732.9805,736.0395,3.058999999999969,3058.999999999969,303.8999999999969,overnight
2025-12-08,1,2025-12-05 17:45:00+01:00,2025-12-08 09:00:00+01:00,735.2505,736.9695,1.719000000000051,1719.000000000051,169.9000000000051,overnight
2025-12-09,1,2025-12-08 17:45:00+01:00,2025-12-09 09:00:00+01:00,733.2405,734.2595,1.0190000000000055,1019.0000000000055,99.90000000000055,overnight
2025-12-10,1,2025-12-09 17:45:00+01:00,2025-12-10 09:00:00+01:00,735.0905,733.4795,-1.61099999999999,-1610.99999999999,-163.099999999999,overnight
2025-12-11,1,2025-12-10 17:45:00+01:00,2025-12-11 09:00:00+01:00,733.5205,732.2495,-1.2709999999999582,-1270.9999999999582,-129.09999999999582,overnight
2025-12-12,1,2025-12-11 17:45:00+01:00,2025-12-12 09:00:00+01:00,735.2005,739.0995,3.899000000000001,3899.000000000001,387.9000000000001,overnight
2025-12-15,1,2025-12-12 17:45:00+01:00,2025-12-15 09:00:00+01:00,729.9005,732.8595,2.95900000000006,2959.00000000006,293.900000000006,overnight
2025-12-16,1,2025-12-15 17:45:00+01:00,2025-12-16 09:00:00+01:00,730.9005,726.6295,-4.270999999999958,-4270.999999999958,-429.0999999999958,overnight
2025-12-17,1,2025-12-16 17:45:00+01:00,2025-12-17 09:00:00+01:00,726.6804999999999,728.9095,2.229000000000042,2229.000000000042,220.90000000000418,overnight
2025-12-18,1,2025-12-17 17:45:00+01:00,2025-12-18 09:00:00+01:00,722.6605,722.1095,-0.5509999999999309,-550.9999999999309,-57.09999999999309,overnight
2025-12-19,1,2025-12-18 17:45:00+01:00,2025-12-19 09:00:00+01:00,729.7905,727.1295,-2.6609999999999445,-2660.9999999999445,-268.09999999999445,overnight
2025-12-22,1,2025-12-19 17:45:00+01:00,2025-12-22 09:00:00+01:00,731.8104999999999,734.3695,2.5590000000000828,2559.0000000000828,253.90000000000828,overnight
2025-12-23,1,2025-12-22 17:45:00+01:00,2025-12-23 09:00:00+01:00,736.4005,736.4195,0.019000000000005457,19.000000000005457,-0.0999999999994543,overnight
2025-12-29,1,2025-12-23 17:45:00+01:00,2025-12-29 09:00:00+01:00,738.5705,741.5595,2.988999999999919,2988.999999999919,296.8999999999919,overnight
2025-12-30,1,2025-12-29 17:45:00+01:00,2025-12-30 09:00:00+01:00,738.9705,739.3195000000001,0.3490000000000464,349.0000000000464,32.90000000000464,overnight
2026-01-02,1,2025-12-30 17:45:00+01:00,2026-01-02 09:00:00+01:00,740.2405,737.1895000000001,-3.050999999999931,-3050.999999999931,-307.0999999999931,overnight
2026-01-05,1,2026-01-02 17:45:00+01:00,2026-01-05 09:00:00+01:00,733.5205,735.8595,2.3390000000000555,2339.0000000000555,231.90000000000555,overnight
2026-01-06,1,2026-01-05 17:45:00+01:00,2026-01-06 09:00:00+01:00,740.6405,740.5395,-0.10099999999999909,-100.99999999999909,-12.099999999999909,overnight
2026-01-07,1,2026-01-06 17:45:00+01:00,2026-01-07 09:00:00+01:00,741.4304999999999,743.6595,2.229000000000042,2229.000000000042,220.90000000000418,overnight
2026-01-08,1,2026-01-07 17:45:00+01:00,2026-01-08 09:00:00+01:00,744.8205,740.5795,-4.2409999999999854,-4240.999999999985,-426.09999999999854,overnight
2026-01-09,1,2026-01-08 17:45:00+01:00,2026-01-09 09:00:00+01:00,741.2505,741.8595,0.6090000000000373,609.0000000000373,58.90000000000373,overnight
2026-01-12,1,2026-01-09 17:45:00+01:00,2026-01-12 09:00:00+01:00,744.8004999999999,742.5595,-2.2409999999999854,-2240.9999999999854,-226.09999999999854,overnight
2026-01-13,1,2026-01-12 17:45:00+01:00,2026-01-13 09:00:00+01:00,747.0005,747.2795,0.27899999999999636,278.99999999999636,25.899999999999636,overnight
2026-01-14,1,2026-01-13 17:45:00+01:00,2026-01-14 09:00:00+01:00,746.5705,745.2095,-1.36099999999999,-1360.99999999999,-138.099999999999,overnight
2026-01-15,1,2026-01-14 17:45:00+01:00,2026-01-15 09:00:00+01:00,740.3305,743.4395000000001,3.1090000000000373,3109.0000000000373,308.90000000000373,overnight
2026-01-16,1,2026-01-15 17:45:00+01:00,2026-01-16 09:00:00+01:00,747.3205,747.0295,-0.29100000000005366,-291.00000000005366,-31.100000000005366,overnight
2026-01-19,1,2026-01-16 17:45:00+01:00,2026-01-19 09:00:00+01:00,745.1804999999999,736.9995,-8.180999999999926,-8180.999999999926,-820.0999999999926,overnight
2026-01-20,1,2026-01-19 17:45:00+01:00,2026-01-20 09:00:00+01:00,736.1505,734.1195,-2.030999999999949,-2030.999999999949,-205.0999999999949,overnight
2026-01-21,1,2026-01-20 17:45:00+01:00,2026-01-21 09:00:00+01:00,735.6605,731.2095,-4.450999999999908,-4450.999999999908,-447.0999999999908,overnight
2026-01-22,1,2026-01-21 17:45:00+01:00,2026-01-22 09:00:00+01:00,735.2305,739.4495000000001,4.219000000000051,4219.000000000051,419.9000000000051,overnight
2026-01-23,1,2026-01-22 17:45:00+01:00,2026-01-23 09:00:00+01:00,742.0405,742.1495,0.10900000000003729,109.00000000003729,8.900000000003729,overnight
2026-01-26,1,2026-01-23 17:45:00+01:00,2026-01-26 09:00:00+01:00,741.7305,740.9495000000001,-0.7809999999999491,-780.9999999999491,-80.0999999999949,overnight
2026-01-27,1,2026-01-26 17:45:00+01:00,2026-01-27 09:00:00+01:00,745.2405,747.4395000000001,2.199000000000069,2199.000000000069,217.9000000000069,overnight
2026-01-28,1,2026-01-27 17:45:00+01:00,2026-01-28 09:00:00+01:00,748.8805,751.0895,2.20900000000006,2209.00000000006,218.900000000006,overnight
2026-01-29,1,2026-01-28 17:45:00+01:00,2026-01-29 09:00:00+01:00,747.9304999999999,750.4695,2.539000000000101,2539.000000000101,251.9000000000101,overnight
2026-01-30,1,2026-01-29 17:45:00+01:00,2026-01-30 09:00:00+01:00,740.0405,740.1695,0.1290000000000191,129.0000000000191,10.90000000000191,overnight
2026-02-02,1,2026-01-30 17:45:00+01:00,2026-02-02 09:00:00+01:00,743.2805,736.7595,-6.520999999999958,-6520.999999999958,-654.0999999999958,overnight
2026-02-03,1,2026-02-02 17:45:00+01:00,2026-02-03 09:00:00+01:00,747.9105,750.3095,2.399000000000001,2399.000000000001,237.9000000000001,overnight
2026-02-04,1,2026-02-03 17:45:00+01:00,2026-02-04 09:00:00+01:00,743.3705,743.5795,0.20900000000006003,209.00000000006003,18.900000000006003,overnight
2026-02-05,1,2026-02-04 17:45:00+01:00,2026-02-05 09:00:00+01:00,739.2705,738.6795,-0.5910000000000082,-591.0000000000082,-61.10000000000082,overnight
2026-02-06,1,2026-02-05 17:45:00+01:00,2026-02-06 09:00:00+01:00,731.8805,728.0195,-3.86099999999999,-3860.99999999999,-388.099999999999,overnight
2026-02-09,1,2026-02-06 17:45:00+01:00,2026-02-09 09:00:00+01:00,739.6405,743.5395,3.899000000000001,3899.000000000001,387.9000000000001,overnight
2026-02-10,1,2026-02-09 17:45:00+01:00,2026-02-10 09:00:00+01:00,747.0205,746.9095,-0.11099999999999,-110.99999999999,-13.099999999999,overnight
2026-02-11,1,2026-02-10 17:45:00+01:00,2026-02-11 09:00:00+01:00,747.1804999999999,746.0295,-1.1509999999999536,-1150.9999999999536,-117.09999999999536,overnight
2026-02-12,1,2026-02-11 17:45:00+01:00,2026-02-12 09:00:00+01:00,744.7705,747.1695,2.399000000000001,2399.000000000001,237.9000000000001,overnight
2026-02-13,1,2026-02-12 17:45:00+01:00,2026-02-13 09:00:00+01:00,736.6205,732.3495,-4.270999999999958,-4270.999999999958,-429.0999999999958,overnight
2026-02-16,1,2026-02-13 17:45:00+01:00,2026-02-16 09:00:00+01:00,735.5305,735.2195,-0.3109999999999218,-310.9999999999218,-33.09999999999218,overnight
2026-02-17,1,2026-02-16 17:45:00+01:00,2026-02-17 09:00:00+01:00,733.1305,731.1395,-1.9909999999999854,-1990.9999999999854,-201.09999999999854,overnight
2026-02-18,1,2026-02-17 17:45:00+01:00,2026-02-18 09:00:00+01:00,733.1505,736.0695000000001,2.9190000000000964,2919.0000000000964,289.90000000000964,overnight
2026-02-19,1,2026-02-18 17:45:00+01:00,2026-02-19 09:00:00+01:00,740.4505,739.2995,-1.1510000000000673,-1151.0000000000673,-117.10000000000673,overnight
2026-02-20,1,2026-02-19 17:45:00+01:00,2026-02-20 09:00:00+01:00,736.9304999999999,737.9895,1.0590000000000828,1059.0000000000828,103.90000000000828,overnight
2026-02-23,1,2026-02-20 17:45:00+01:00,2026-02-23 09:00:00+01:00,738.8104999999999,737.3795,-1.4309999999999263,-1430.9999999999263,-145.09999999999263,overnight
2026-02-24,1,2026-02-23 17:45:00+01:00,2026-02-24 09:00:00+01:00,734.0905,735.0095,0.9189999999999827,918.9999999999827,89.89999999999827,overnight
2026-02-25,1,2026-02-24 17:45:00+01:00,2026-02-25 09:00:00+01:00,737.2605,739.4395000000001,2.1790000000000873,2179.0000000000873,215.90000000000873,overnight
2026-02-26,1,2026-02-25 17:45:00+01:00,2026-02-26 09:00:00+01:00,743.7005,744.8195000000001,1.1190000000000282,1119.0000000000282,109.90000000000282,overnight
2026-02-27,1,2026-02-26 17:45:00+01:00,2026-02-27 09:00:00+01:00,740.4505,740.0095,-0.4410000000000309,-441.0000000000309,-46.10000000000309,overnight
2026-03-02,1,2026-02-27 17:45:00+01:00,2026-03-02 09:00:00+01:00,737.8405,726.7395,-11.100999999999999,-11100.999999999998,-1112.1,overnight
2026-03-03,1,2026-03-02 17:45:00+01:00,2026-03-03 09:00:00+01:00,735.3104999999999,730.1095,-5.200999999999908,-5200.999999999908,-522.0999999999908,overnight
2026-03-04,1,2026-03-03 17:45:00+01:00,2026-03-04 09:00:00+01:00,727.1605,729.5995,2.439000000000078,2439.000000000078,241.90000000000782,overnight
2026-03-05,1,2026-03-04 17:45:00+01:00,2026-03-05 09:00:00+01:00,737.3205,735.6995000000001,-1.620999999999981,-1620.999999999981,-164.0999999999981,overnight
2026-03-06,1,2026-03-05 17:45:00+01:00,2026-03-06 09:00:00+01:00,731.6405,734.2895,2.649000000000001,2649.000000000001,262.9000000000001,overnight
2026-03-09,1,2026-03-06 17:45:00+01:00,2026-03-09 09:00:00+01:00,724.7505,712.4595,-12.29099999999994,-12290.99999999994,-1231.099999999994,overnight
2026-03-10,1,2026-03-09 17:45:00+01:00,2026-03-10 09:00:00+01:00,721.5604999999999,731.2395,9.679000000000087,9679.000000000087,965.9000000000087,overnight
2026-03-11,1,2026-03-10 17:45:00+01:00,2026-03-11 09:00:00+01:00,732.8004999999999,729.0195,-3.780999999999949,-3780.999999999949,-380.0999999999949,overnight
2026-03-12,1,2026-03-11 17:45:00+01:00,2026-03-12 09:00:00+01:00,726.7505,723.9095,-2.841000000000008,-2841.000000000008,-286.1000000000008,overnight
2026-03-13,1,2026-03-12 17:45:00+01:00,2026-03-13 09:00:00+01:00,719.9705,714.1395,-5.831000000000017,-5831.000000000017,-585.1000000000017,overnight
2026-03-16,1,2026-03-13 17:45:00+01:00,2026-03-16 09:00:00+01:00,714.3305,715.5295,1.1989999999999554,1198.9999999999554,117.89999999999554,overnight
2026-03-17,1,2026-03-16 17:45:00+01:00,2026-03-17 09:00:00+01:00,717.8705,716.5595,-1.3110000000000355,-1311.0000000000355,-133.10000000000355,overnight
2026-03-18,1,2026-03-17 17:45:00+01:00,2026-03-18 09:00:00+01:00,721.9605,724.6995000000001,2.7390000000000327,2739.0000000000327,271.9000000000033,overnight
2026-03-19,1,2026-03-18 17:45:00+01:00,2026-03-19 09:00:00+01:00,716.4805,709.9095,-6.571000000000026,-6571.000000000026,-659.1000000000026,overnight
2026-03-20,1,2026-03-19 17:45:00+01:00,2026-03-20 09:00:00+01:00,707.3605,710.7395,3.379000000000019,3379.000000000019,335.9000000000019,overnight
2026-03-23,1,2026-03-20 17:45:00+01:00,2026-03-23 09:00:00+01:00,703.6205,693.2595,-10.36099999999999,-10360.999999999989,-1038.099999999999,overnight
2026-03-24,1,2026-03-23 17:45:00+01:00,2026-03-24 09:00:00+01:00,707.1605,707.7395,0.5790000000000646,579.0000000000646,55.90000000000646,overnight
2026-03-25,1,2026-03-24 17:45:00+01:00,2026-03-25 09:00:00+01:00,706.5905,709.6095,3.0190000000000055,3019.0000000000055,299.90000000000055,overnight
2026-03-26,1,2026-03-25 17:45:00+01:00,2026-03-26 09:00:00+01:00,709.4505,705.6495,-3.8010000000000446,-3801.0000000000446,-382.10000000000446,overnight
2026-03-27,1,2026-03-26 17:45:00+01:00,2026-03-27 09:00:00+01:00,700.2005,698.2495,-1.9510000000000218,-1951.0000000000218,-197.10000000000218,overnight
2026-03-30,1,2026-03-27 17:45:00+01:00,2026-03-30 09:00:00+02:00,688.8405,685.8095,-3.0310000000000628,-3031.0000000000628,-305.1000000000063,overnight
2026-03-31,1,2026-03-30 17:45:00+02:00,2026-03-31 09:00:00+02:00,687.6705,686.5495,-1.120999999999981,-1120.999999999981,-114.09999999999809,overnight
2026-04-01,1,2026-03-31 17:45:00+02:00,2026-04-01 09:00:00+02:00,691.1405,706.4795,15.339000000000055,15339.000000000055,1531.9000000000055,overnight
2026-04-02,1,2026-04-01 17:45:00+02:00,2026-04-02 09:00:00+02:00,708.2505,697.5195,-10.730999999999995,-10730.999999999995,-1075.0999999999995,overnight
2026-04-07,1,2026-04-02 17:45:00+02:00,2026-04-07 09:00:00+02:00,705.9105,707.5195,1.6090000000000373,1609.0000000000373,158.90000000000373,overnight
2026-04-09,1,2026-04-07 17:45:00+02:00,2026-04-09 09:00:00+02:00,704.4005,727.7695,23.369000000000028,23369.00000000003,2334.900000000003,overnight
2026-04-10,1,2026-04-09 17:45:00+02:00,2026-04-10 09:00:00+02:00,730.5105,732.6895000000001,2.1790000000000873,2179.0000000000873,215.90000000000873,overnight
2026-04-13,1,2026-04-10 17:45:00+02:00,2026-04-13 09:00:00+02:00,734.0205,728.2595,-5.760999999999967,-5760.999999999967,-578.0999999999967,overnight
2026-04-14,1,2026-04-13 17:45:00+02:00,2026-04-14 09:00:00+02:00,732.6405,739.9595,7.319000000000074,7319.000000000074,729.9000000000074,overnight
2026-04-15,1,2026-04-14 17:45:00+02:00,2026-04-15 09:00:00+02:00,746.6405,748.6495,2.0090000000000146,2009.0000000000146,198.90000000000146,overnight
2026-04-16,1,2026-04-15 17:45:00+02:00,2026-04-16 09:00:00+02:00,751.4105,756.4295,5.0190000000000055,5019.0000000000055,499.90000000000055,overnight
2026-04-17,1,2026-04-16 17:45:00+02:00,2026-04-17 09:00:00+02:00,756.1605,757.0695000000001,0.9090000000001055,909.0000000001055,88.90000000001055,overnight
2026-04-20,1,2026-04-17 17:45:00+02:00,2026-04-20 09:00:00+02:00,766.8405,761.8095,-5.031000000000063,-5031.000000000063,-505.1000000000063,overnight
2026-04-21,1,2026-04-20 17:45:00+02:00,2026-04-21 09:00:00+02:00,762.9605,765.7495,2.7889999999999873,2788.9999999999873,276.8999999999987,overnight
2026-04-22,1,2026-04-21 17:45:00+02:00,2026-04-22 09:00:00+02:00,762.0205,763.7095,1.6890000000000782,1689.0000000000782,166.90000000000782,overnight
2026-04-23,1,2026-04-22 17:45:00+02:00,2026-04-23 09:00:00+02:00,765.4905,764.1195,-1.370999999999981,-1370.999999999981,-139.0999999999981,overnight
2026-04-24,1,2026-04-23 17:45:00+02:00,2026-04-24 09:00:00+02:00,767.9405,764.6695,-3.271000000000072,-3271.000000000072,-329.1000000000072,overnight
2026-04-27,1,2026-04-24 17:45:00+02:00,2026-04-27 09:00:00+02:00,767.4705,769.0195,1.5489999999999782,1548.9999999999782,152.89999999999782,overnight
2026-04-28,1,2026-04-27 17:45:00+02:00,2026-04-28 09:00:00+02:00,768.7005,769.7695,1.06899999999996,1068.99999999996,104.899999999996,overnight
2026-04-29,1,2026-04-28 17:45:00+02:00,2026-04-29 09:00:00+02:00,764.9905,768.3395,3.3490000000000464,3349.0000000000464,332.90000000000464,overnight
2026-04-30,1,2026-04-29 17:45:00+02:00,2026-04-30 09:00:00+02:00,766.4705,765.6995000000001,-0.7709999999999582,-770.9999999999582,-79.09999999999582,overnight
2026-05-01,1,2026-04-30 17:45:00+02:00,2026-05-01 09:00:00+02:00,770.3505,776.3695,6.0190000000000055,6019.0000000000055,599.9000000000005,overnight
2026-05-05,1,2026-05-01 17:45:00+02:00,2026-05-05 09:00:00+02:00,779.8104999999999,776.0995,-3.710999999999899,-3710.999999999899,-373.0999999999899,overnight
2026-05-06,1,2026-05-05 17:45:00+02:00,2026-05-06 09:00:00+02:00,779.5905,782.6795,3.088999999999942,3088.999999999942,306.8999999999942,overnight
2026-05-07,1,2026-05-06 17:45:00+02:00,2026-05-07 09:00:00+02:00,789.2205,792.5595,3.338999999999942,3338.999999999942,331.8999999999942,overnight
2026-05-08,1,2026-05-07 17:45:00+02:00,2026-05-08 09:00:00+02:00,793.0105,792.9795,-0.03099999999994907,-30.99999999994907,-5.099999999994907,overnight
2026-05-11,1,2026-05-08 17:45:00+02:00,2026-05-11 09:00:00+02:00,794.5105,794.1995000000001,-0.3109999999999218,-310.9999999999218,-33.09999999999218,overnight
2026-05-12,1,2026-05-11 17:45:00+02:00,2026-05-12 09:00:00+02:00,797.6205,793.8995,-3.7210000000000036,-3721.0000000000036,-374.10000000000036,overnight
2026-05-13,1,2026-05-12 17:45:00+02:00,2026-05-13 09:00:00+02:00,790.1205,796.8495,6.729000000000042,6729.000000000042,670.9000000000042,overnight
2026-05-14,1,2026-05-13 17:45:00+02:00,2026-05-14 09:00:00+02:00,797.2105,802.3495,5.13900000000001,5139.00000000001,511.900000000001,overnight
2026-05-15,1,2026-05-14 17:45:00+02:00,2026-05-15 09:00:00+02:00,807.2005,801.9195,-5.281000000000063,-5281.000000000063,-530.1000000000063,overnight
2026-05-18,1,2026-05-15 17:45:00+02:00,2026-05-18 09:00:00+02:00,799.1305,793.6995000000001,-5.430999999999926,-5430.999999999926,-545.0999999999926,overnight
2026-05-19,1,2026-05-18 17:45:00+02:00,2026-05-19 09:00:00+02:00,794.0604999999999,794.8695,0.8090000000000828,809.0000000000828,78.90000000000828,overnight
2026-05-20,1,2026-05-19 17:45:00+02:00,2026-05-20 09:00:00+02:00,789.7405,792.4595,2.719000000000051,2719.000000000051,269.9000000000051,overnight
2026-05-21,1,2026-05-20 17:45:00+02:00,2026-05-21 09:00:00+02:00,798.1405,797.9795,-0.16099999999994452,-160.99999999994452,-18.099999999994452,overnight
2026-05-22,1,2026-05-21 17:45:00+02:00,2026-05-22 09:00:00+02:00,795.6705,803.3195000000001,7.649000000000115,7649.000000000115,762.9000000000115,overnight
2026-05-26,1,2026-05-22 17:45:00+02:00,2026-05-26 09:00:00+02:00,806.0705,809.3495,3.2789999999999964,3278.9999999999964,325.89999999999964,overnight
2026-05-27,1,2026-05-26 17:45:00+02:00,2026-05-27 09:00:00+02:00,808.3004999999999,809.3295,1.02900000000011,1029.00000000011,100.900000000011,overnight
2026-05-28,1,2026-05-27 17:45:00+02:00,2026-05-28 09:00:00+02:00,808.4005,808.4295,0.028999999999996362,28.999999999996362,0.8999999999996362,overnight
2026-05-29,1,2026-05-28 17:45:00+02:00,2026-05-29 09:00:00+02:00,812.9304999999999,815.1195,2.189000000000078,2189.000000000078,216.90000000000782,overnight
2026-06-01,1,2026-05-29 17:45:00+02:00,2026-06-01 09:00:00+02:00,816.5205,818.0995,1.5790000000000646,1579.0000000000646,155.90000000000646,overnight
2026-06-02,1,2026-06-01 17:45:00+02:00,2026-06-02 09:00:00+02:00,816.1804999999999,816.5395,0.3590000000000373,359.0000000000373,33.90000000000373,overnight
2026-06-03,1,2026-06-02 17:45:00+02:00,2026-06-03 09:00:00+02:00,819.1005,818.3595,-0.7409999999999854,-740.9999999999854,-76.09999999999854,overnight
2026-06-04,1,2026-06-03 17:45:00+02:00,2026-06-04 09:00:00+02:00,814.6605,811.2695,-3.3909999999999627,-3390.9999999999627,-341.09999999999627,overnight
2026-06-05,1,2026-06-04 17:45:00+02:00,2026-06-05 09:00:00+02:00,814.7405,811.7695,-2.9710000000000036,-2971.0000000000036,-299.10000000000036,overnight
2026-06-08,1,2026-06-05 17:45:00+02:00,2026-06-08 09:00:00+02:00,805.8805,796.2695,-9.61099999999999,-9610.999999999989,-963.099999999999,overnight
2026-06-09,1,2026-06-08 17:45:00+02:00,2026-06-09 09:00:00+02:00,800.0205,798.9595,-1.0609999999999218,-1060.9999999999218,-108.09999999999218,overnight
2026-06-10,1,2026-06-09 17:45:00+02:00,2026-06-10 09:00:00+02:00,788.1505,792.1595,4.0090000000000146,4009.0000000000146,398.90000000000146,overnight
2026-06-11,1,2026-06-10 17:45:00+02:00,2026-06-11 09:00:00+02:00,787.9205,786.6995000000001,-1.22099999999989,-1220.99999999989,-124.099999999989,overnight
2026-06-12,1,2026-06-11 17:45:00+02:00,2026-06-12 09:00:00+02:00,784.7205,794.5795,9.859000000000037,9859.000000000036,983.9000000000037,overnight
2026-06-15,1,2026-06-12 17:45:00+02:00,2026-06-15 09:00:00+02:00,800.5405,809.1195,8.579000000000065,8579.000000000064,855.9000000000065,overnight
2026-06-16,1,2026-06-15 17:45:00+02:00,2026-06-16 09:00:00+02:00,813.8505,813.0595,-0.7910000000000537,-791.0000000000537,-81.10000000000537,overnight
2026-06-17,1,2026-06-16 17:45:00+02:00,2026-06-17 09:00:00+02:00,811.9805,811.6095,-0.3709999999999809,-370.9999999999809,-39.09999999999809,overnight
2026-06-18,1,2026-06-17 17:45:00+02:00,2026-06-18 09:00:00+02:00,809.2405,805.8795,-3.36099999999999,-3360.99999999999,-338.099999999999,overnight
2026-06-19,1,2026-06-18 17:45:00+02:00,2026-06-19 09:00:00+02:00,805.2405,804.5695000000001,-0.6709999999999354,-670.9999999999354,-69.09999999999354,overnight
2026-06-22,1,2026-06-19 17:45:00+02:00,2026-06-22 09:00:00+02:00,806.7105,806.6595,-0.051000000000044565,-51.000000000044565,-7.1000000000044565,overnight
2026-06-23,1,2026-06-22 17:45:00+02:00,2026-06-23 09:00:00+02:00,804.7105,794.8395,-9.870999999999981,-9870.99999999998,-989.0999999999981,overnight
2026-06-24,1,2026-06-23 17:45:00+02:00,2026-06-24 09:00:00+02:00,794.1105,795.0095,0.8990000000000009,899.0000000000009,87.90000000000009,overnight
2026-06-25,1,2026-06-24 17:45:00+02:00,2026-06-25 09:00:00+02:00,798.7405,798.1995000000001,-0.54099999999994,-540.99999999994,-56.099999999994,overnight
2026-06-26,1,2026-06-25 17:45:00+02:00,2026-06-26 09:00:00+02:00,793.8104999999999,790.1795,-3.630999999999972,-3630.999999999972,-365.0999999999972,overnight
2026-06-29,1,2026-06-26 17:45:00+02:00,2026-06-29 09:00:00+02:00,794.1305,794.5295,0.3990000000000009,399.0000000000009,37.90000000000009,overnight
2026-06-30,1,2026-06-29 17:45:00+02:00,2026-06-30 09:00:00+02:00,796.8305,801.7495,4.918999999999983,4918.999999999983,489.8999999999983,overnight
2026-07-01,1,2026-06-30 17:45:00+02:00,2026-07-01 09:00:00+02:00,805.5405,804.0695000000001,-1.47099999999989,-1470.99999999989,-149.099999999989,overnight
2026-07-02,1,2026-07-01 17:45:00+02:00,2026-07-02 09:00:00+02:00,808.9605,805.0695000000001,-3.8909999999999627,-3890.9999999999627,-391.09999999999627,overnight
2026-07-03,1,2026-07-02 17:45:00+02:00,2026-07-03 09:00:00+02:00,806.0604999999999,808.1995000000001,2.1390000000001237,2139.0000000001237,211.90000000001237,overnight
2026-07-06,1,2026-07-03 17:45:00+02:00,2026-07-06 09:00:00+02:00,807.8605,807.8095,-0.051000000000044565,-51.000000000044565,-7.1000000000044565,overnight
2026-07-07,1,2026-07-06 17:45:00+02:00,2026-07-07 09:00:00+02:00,811.1505,809.8095,-1.3410000000000082,-1341.0000000000082,-136.10000000000082,overnight
2026-07-08,1,2026-07-07 17:45:00+02:00,2026-07-08 09:00:00+02:00,805.9605,806.4495000000001,0.48900000000003274,489.00000000003274,46.900000000003274,overnight
2026-07-09,1,2026-07-08 17:45:00+02:00,2026-07-09 09:00:00+02:00,800.1205,807.8295,7.70900000000006,7709.00000000006,768.900000000006,overnight
2026-07-10,1,2026-07-09 17:45:00+02:00,2026-07-10 09:00:00+02:00,810.2805,810.5695000000001,0.28900000000010095,289.00000000010095,26.900000000010095,overnight
2026-07-13,1,2026-07-10 17:45:00+02:00,2026-07-13 09:00:00+02:00,813.6705,811.9595,-1.710999999999899,-1710.999999999899,-173.0999999999899,overnight
2026-07-14,1,2026-07-13 17:45:00+02:00,2026-07-14 09:00:00+02:00,812.8104999999999,809.2695,-3.54099999999994,-3540.99999999994,-356.099999999994,overnight
2026-07-15,1,2026-07-14 17:45:00+02:00,2026-07-15 09:00:00+02:00,812.6305,814.2395,1.6090000000000373,1609.0000000000373,158.90000000000373,overnight
2026-07-16,1,2026-07-15 17:45:00+02:00,2026-07-16 09:00:00+02:00,814.1505,815.7395,1.5890000000000555,1589.0000000000555,156.90000000000555,overnight
2026-07-17,1,2026-07-16 17:45:00+02:00,2026-07-17 09:00:00+02:00,815.0705,804.6295,-10.441000000000031,-10441.000000000031,-1046.100000000003,overnight
2026-07-20,1,2026-07-17 17:45:00+02:00,2026-07-20 09:00:00+02:00,804.6005,803.3395,-1.2609999999999673,-1260.9999999999673,-128.09999999999673,overnight
2026-07-21,1,2026-07-20 17:45:00+02:00,2026-07-21 09:00:00+02:00,805.9405,806.0495,0.1089999999999236,108.9999999999236,8.89999999999236,overnight
2026-07-22,1,2026-07-21 17:45:00+02:00,2026-07-22 09:00:00+02:00,808.0405,806.0195,-2.020999999999958,-2020.9999999999582,-204.09999999999582,overnight
2026-07-23,1,2026-07-22 17:45:00+02:00,2026-07-23 09:00:00+02:00,809.4805,805.9295,-3.5510000000000446,-3551.0000000000446,-357.10000000000446,overnight
2026-07-24,1,2026-07-23 17:45:00+02:00,2026-07-24 09:00:00+02:00,796.0805,798.0395,1.9589999999999463,1958.9999999999463,193.89999999999463,overnight
2026-07-27,1,2026-07-24 17:45:00+02:00,2026-07-27 09:00:00+02:00,801.8605,805.2395,3.379000000000019,3379.000000000019,335.9000000000019,overnight
2026-07-28,1,2026-07-27 17:45:00+02:00,2026-07-28 09:00:00+02:00,796.6605,796.7495,0.08900000000005548,89.00000000005548,6.900000000005548,overnight
2026-07-29,1,2026-07-28 17:45:00+02:00,2026-07-29 09:00:00+02:00,800.9105,801.9795,1.0690000000000737,1069.0000000000737,104.90000000000737,overnight
2026-07-30,1,2026-07-29 17:45:00+02:00,2026-07-30 09:00:00+02:00,793.8004999999999,789.8295,-3.97099999999989,-3970.99999999989,-399.099999999989,overnight
2026-07-31,1,2026-07-30 17:45:00+02:00,2026-07-31 09:00:00+02:00,795.5805,804.1595,8.57899999999995,8578.99999999995,855.8999999999951,overnight
2026-08-03,1,2026-07-31 17:45:00+02:00,2026-08-03 09:00:00+02:00,800.5305,810.8895,10.359000000000037,10359.000000000036,1033.9000000000037,overnight
2026-08-04,1,2026-08-03 17:45:00+02:00,2026-08-04 09:00:00+02:00,815.9205,820.4295,4.5090000000000146,4509.000000000015,448.90000000000146,overnight
2026-08-05,1,2026-08-04 17:45:00+02:00,2026-08-05 09:00:00+02:00,829.2705,836.8195000000001,7.549000000000092,7549.000000000092,752.9000000000092,overnight
2026-08-06,1,2026-08-05 17:45:00+02:00,2026-08-06 09:00:00+02:00,834.1505,833.1995000000001,-0.9509999999999081,-950.9999999999081,-97.09999999999081,overnight
2026-08-07,1,2026-08-06 17:45:00+02:00,2026-08-07 09:00:00+02:00,830.5604999999999,830.9595,0.3990000000001146,399.0000000001146,37.90000000001146,overnight
2026-08-10,1,2026-08-07 17:45:00+02:00,2026-08-10 09:00:00+02:00,835.7205,836.4095,0.6889999999999645,688.9999999999645,66.89999999999645,overnight
2026-08-11,1,2026-08-10 17:45:00+02:00,2026-08-11 09:00:00+02:00,835.6905,835.1995000000001,-0.49099999999998545,-490.99999999998545,-51.099999999998545,overnight
2026-08-12,1,2026-08-11 17:45:00+02:00,2026-08-12 09:00:00+02:00,834.2505,833.6395,-0.61099999999999,-610.99999999999,-63.099999999999,overnight
2026-08-13,1,2026-08-12 17:45:00+02:00,2026-08-13 09:00:00+02:00,834.0105,835.8995,1.88900000000001,1889.00000000001,186.900000000001,overnight
2026-08-14,1,2026-08-13 17:45:00+02:00,2026-08-14 09:00:00+02:00,838.5405,840.6295,2.0890000000000555,2089.0000000000555,206.90000000000555,overnight
2026-08-17,1,2026-08-14 17:45:00+02:00,2026-08-17 09:00:00+02:00,838.6905,840.4495000000001,1.7590000000000146,1759.0000000000146,173.90000000000146,overnight
2026-08-18,1,2026-08-17 17:45:00+02:00,2026-08-18 09:00:00+02:00,837.5705,832.0795,-5.4909999999999854,-5490.999999999985,-551.0999999999985,overnight
2026-08-19,1,2026-08-18 17:45:00+02:00,2026-08-19 09:00:00+02:00,829.5205,828.8895,-0.6309999999999718,-630.9999999999718,-65.09999999999718,overnight
2026-08-20,1,2026-08-19 17:45:00+02:00,2026-08-20 09:00:00+02:00,832.7905,832.1695,-0.6209999999999809,-620.9999999999809,-64.09999999999809,overnight
2026-08-21,1,2026-08-20 17:45:00+02:00,2026-08-21 09:00:00+02:00,827.5705,825.1195,-2.451000000000022,-2451.000000000022,-247.10000000000218,overnight
2026-08-24,1,2026-08-21 17:45:00+02:00,2026-08-24 09:00:00+02:00,828.0305,825.6295,-2.4009999999999536,-2400.9999999999536,-242.09999999999536,overnight
2026-08-25,1,2026-08-24 17:45:00+02:00,2026-08-25 09:00:00+02:00,825.2905,827.3795,2.0890000000000555,2089.0000000000555,206.90000000000555,overnight
2026-08-26,1,2026-08-25 17:45:00+02:00,2026-08-26 09:00:00+02:00,826.6804999999999,827.1495,0.46900000000005093,469.00000000005093,44.90000000000509,overnight
2026-08-27,1,2026-08-26 17:45:00+02:00,2026-08-27 09:00:00+02:00,826.8905,830.4095,3.5190000000000055,3519.0000000000055,349.90000000000055,overnight
2026-08-28,1,2026-08-27 17:45:00+02:00,2026-08-28 09:00:00+02:00,832.3805,833.5795,1.1990000000000691,1199.0000000000691,117.90000000000691,overnight
2026-09-01,1,2026-08-28 17:45:00+02:00,2026-09-01 09:00:00+02:00,836.8705,828.8095,-8.061000000000035,-8061.0000000000355,-808.1000000000035,overnight
2026-09-02,1,2026-09-01 17:45:00+02:00,2026-09-02 09:00:00+02:00,824.9605,823.0895,-1.870999999999981,-1870.999999999981,-189.0999999999981,overnight
2026-09-03,1,2026-09-02 17:45:00+02:00,2026-09-03 09:00:00+02:00,827.5504999999999,826.6795,-0.8709999999999809,-870.9999999999809,-89.09999999999809,overnight
2026-09-04,1,2026-09-03 17:45:00+02:00,2026-09-04 09:00:00+02:00,835.3905,835.5195,0.1290000000000191,129.0000000000191,10.90000000000191,overnight
2026-09-07,1,2026-09-04 17:45:00+02:00,2026-09-07 09:00:00+02:00,831.0405,831.9595,0.9190000000000964,919.0000000000964,89.90000000000964,overnight
2026-09-08,1,2026-09-07 17:45:00+02:00,2026-09-08 09:00:00+02:00,830.2605,829.8595,-0.4009999999999536,-400.9999999999536,-42.09999999999536,overnight
2026-09-09,1,2026-09-08 17:45:00+02:00,2026-09-09 09:00:00+02:00,829.5504999999999,828.1795,-1.370999999999981,-1370.999999999981,-139.0999999999981,overnight
2026-09-10,1,2026-09-09 17:45:00+02:00,2026-09-10 09:00:00+02:00,823.4505,826.0895,2.63900000000001,2639.00000000001,261.900000000001,overnight
2026-09-11,1,2026-09-10 17:45:00+02:00,2026-09-11 09:00:00+02:00,820.5705,822.5595,1.988999999999919,1988.999999999919,196.8999999999919,overnight
2026-09-14,1,2026-09-11 17:45:00+02:00,2026-09-14 09:00:00+02:00,827.4905,820.3795,-7.11099999999999,-7110.99999999999,-713.099999999999,overnight
2026-09-15,1,2026-09-14 17:45:00+02:00,2026-09-15 09:00:00+02:00,821.8905,819.1495,-2.7409999999999854,-2740.9999999999854,-276.09999999999854,overnight
2026-09-16,1,2026-09-15 17:45:00+02:00,2026-09-16 09:00:00+02:00,818.1505,820.1695,2.0190000000000055,2019.0000000000055,199.90000000000055,overnight
2026-09-17,1,2026-09-16 17:45:00+02:00,2026-09-17 09:00:00+02:00,821.2805,820.7895,-0.49099999999998545,-490.99999999998545,-51.099999999998545,overnight
2026-09-18,1,2026-09-17 17:45:00+02:00,2026-09-18 09:00:00+02:00,823.1105,826.9695,3.8590000000000373,3859.0000000000373,383.90000000000373,overnight
2026-09-21,1,2026-09-18 17:45:00+02:00,2026-09-21 09:00:00+02:00,822.7605,829.0095,6.249000000000024,6249.000000000024,622.9000000000024,overnight
2026-09-22,1,2026-09-21 17:45:00+02:00,2026-09-22 09:00:00+02:00,833.8405,838.1095,4.2690000000000055,4269.0000000000055,424.90000000000055,overnight
2026-09-23,1,2026-09-22 17:45:00+02:00,2026-09-23 09:00:00+02:00,837.0504999999999,838.4195,1.3690000000000282,1369.0000000000282,134.90000000000282,overnight
