date,side,entry_time,exit_time,entry,exit,pts,risk_pts,r_mult,pnl,reason,or_width,volume_ratio
2023-09-06,-1,2023-09-06 10:05:00-04:00,2023-09-06 12:55:00-04:00,446.75,444.14,2.6100000000000136,1.740000000000009,1.5,259.00000000000136,target,1.079999999999984,2.264843067052664
2023-09-07,1,2023-09-07 10:45:00-04:00,2023-09-07 15:55:00-04:00,444.48,444.83,0.3499999999999659,1.6800000000000068,0.2083333333333122,32.99999999999659,time,1.599999999999966,1.7036073510802714
2023-09-08,1,2023-09-08 10:05:00-04:00,2023-09-08 15:00:00-04:00,446.34,444.79,-1.5499999999999545,1.5399999999999636,-1.0064935064935008,-156.99999999999545,stop,1.3000000000000114,1.0120543165318125
2023-09-11,-1,2023-09-11 09:50:00-04:00,2023-09-11 15:55:00-04:00,447.37,448.49,-1.1200000000000045,1.3999999999999773,-0.8000000000000163,-114.00000000000045,time,1.2099999999999795,0.7480979461294592
2023-09-12,-1,2023-09-12 10:30:00-04:00,2023-09-12 13:20:00-04:00,446.62,447.83,-1.2099999999999795,1.1999999999999886,-1.0083333333333258,-122.99999999999795,stop,1.0299999999999727,1.8751524840480964
2023-09-13,-1,2023-09-13 10:10:00-04:00,2023-09-13 11:00:00-04:00,445.76,447.27,-1.509999999999991,1.5,-1.0066666666666606,-152.9999999999991,stop,1.2699999999999818,1.1754192815151399
2023-09-14,-1,2023-09-14 10:05:00-04:00,2023-09-14 10:45:00-04:00,448.2,449.32,-1.1200000000000045,1.1100000000000136,-1.0090090090090007,-114.00000000000045,stop,0.9700000000000273,0.9403248967740484
2023-09-15,-1,2023-09-15 10:10:00-04:00,2023-09-15 11:00:00-04:00,446.28000000000003,444.48,1.8000000000000114,1.1999999999999886,1.5000000000000238,178.00000000000114,target,1.080000000000041,0.886010702512133
2023-09-18,1,2023-09-18 11:20:00-04:00,2023-09-18 15:55:00-04:00,443.82,443.63,-0.18999999999999773,1.2199999999999704,-0.1557377049180347,-20.999999999999773,time,1.1599999999999682,0.7816534707015703
2023-09-19,-1,2023-09-19 10:00:00-04:00,2023-09-19 10:35:00-04:00,442.18,440.9200000000001,1.259999999999934,0.839999999999975,1.4999999999999662,123.9999999999934,target,0.6299999999999955,1.3709114833833322
2023-09-20,-1,2023-09-20 11:25:00-04:00,2023-09-20 14:00:00-04:00,443.41,442.27000000000004,1.1399999999999864,0.7599999999999909,1.5,111.99999999999864,target,0.7300000000000182,0.8954011190430253
2023-09-21,-1,2023-09-21 09:55:00-04:00,2023-09-21 15:10:00-04:00,434.64,432.6449999999999,1.9950000000000614,1.330000000000041,1.5,197.50000000000614,target,1.240000000000009,0.7759173473827845
2023-09-22,1,2023-09-22 10:10:00-04:00,2023-09-22 13:30:00-04:00,432.84999999999997,431.77,-1.079999999999984,1.0699999999999932,-1.0093457943925148,-109.99999999999841,stop,0.8600000000000136,0.9640570346791406
2023-09-25,1,2023-09-25 09:55:00-04:00,2023-09-25 15:55:00-04:00,430.21999999999997,432.21000000000004,1.990000000000066,1.4999999999999432,1.3266666666667608,197.0000000000066,time,1.169999999999959,0.7866321244279337
2023-09-26,-1,2023-09-26 09:55:00-04:00,2023-09-26 10:15:00-04:00,428.72,427.07000000000005,1.6499999999999773,1.099999999999966,1.5000000000000258,162.99999999999773,target,0.8100000000000023,1.1881021703792922
2023-09-27,-1,2023-09-27 10:05:00-04:00,2023-09-27 12:00:00-04:00,426.44,424.59499999999997,1.8450000000000273,1.2300000000000182,1.5,182.50000000000273,target,1.0300000000000296,1.0877082890165213
2023-09-28,1,2023-09-28 09:55:00-04:00,2023-09-28 11:30:00-04:00,426.46999999999997,428.8699999999999,2.3999999999999204,1.599999999999966,1.4999999999999822,237.99999999999204,target,1.3700000000000045,0.9294583884989207
2023-09-29,-1,2023-09-29 10:25:00-04:00,2023-09-29 13:00:00-04:00,430.1,427.475,2.625,1.75,1.5,260.5,target,1.1200000000000045,0.7879522215716827
2023-10-02,1,2023-10-02 10:05:00-04:00,2023-10-02 10:40:00-04:00,427.90999999999997,426.24,-1.669999999999959,1.6599999999999682,-1.006024096385537,-168.9999999999959,stop,1.5,1.8540987747405246
2023-10-03,1,2023-10-03 09:50:00-04:00,2023-10-03 10:00:00-04:00,426.26,424.84000000000003,-1.419999999999959,1.4099999999999682,-1.007092198581554,-143.9999999999959,stop,1.0600000000000023,0.703547927255972
2023-10-04,-1,2023-10-04 10:05:00-04:00,2023-10-04 11:45:00-04:00,421.53000000000003,423.38,-1.849999999999966,1.839999999999975,-1.0054347826086907,-186.9999999999966,stop,1.4599999999999795,1.6125069554772782
2023-10-05,-1,2023-10-05 09:50:00-04:00,2023-10-05 11:05:00-04:00,423.65000000000003,421.2350000000001,2.4149999999999068,1.6099999999999568,1.4999999999999822,239.49999999999068,target,1.5500000000000114,0.613391357603096
2023-10-06,-1,2023-10-06 10:10:00-04:00,2023-10-06 10:25:00-04:00,420.84000000000003,423.01,-2.169999999999959,2.159999999999968,-1.0046296296296255,-218.9999999999959,stop,1.9399999999999977,1.0619501593082925
2023-10-09,1,2023-10-09 09:50:00-04:00,2023-10-09 10:45:00-04:00,428.71,427.34000000000003,-1.3699999999999477,1.3599999999999568,-1.0073529411764641,-138.99999999999477,stop,1.259999999999991,0.5582605384906097
2023-10-10,1,2023-10-10 09:55:00-04:00,2023-10-10 10:10:00-04:00,433.3,434.45500000000004,1.1550000000000296,0.7700000000000387,1.4999999999999631,113.50000000000296,target,0.7300000000000182,0.8424784869086791
2023-10-11,-1,2023-10-11 09:55:00-04:00,2023-10-11 12:15:00-04:00,435.41,433.8350000000001,1.5749999999999318,1.0499999999999545,1.5,155.49999999999318,target,0.8199999999999932,0.9538718197964241
2023-10-12,-1,2023-10-12 09:50:00-04:00,2023-10-12 12:20:00-04:00,435.67,437.01,-1.339999999999975,1.329999999999984,-1.0075187969924744,-135.9999999999975,stop,1.1800000000000068,0.5937827356064999
2023-10-13,-1,2023-10-13 10:15:00-04:00,2023-10-13 11:55:00-04:00,434.42,431.37500000000006,3.044999999999959,2.0299999999999727,1.5,302.4999999999959,target,1.329999999999984,0.8027759040707912
2023-10-16,1,2023-10-16 10:15:00-04:00,2023-10-16 15:55:00-04:00,435.01,436.02,1.009999999999991,1.4399999999999977,0.7013888888888837,98.99999999999909,time,1.1899999999999977,1.088661321298024
2023-10-17,-1,2023-10-17 09:55:00-04:00,2023-10-17 10:05:00-04:00,432.61,433.71999999999997,-1.1099999999999568,1.099999999999966,-1.009090909090901,-112.99999999999568,stop,0.9399999999999977,0.8969309398827464
2023-10-18,1,2023-10-18 10:20:00-04:00,2023-10-18 10:25:00-04:00,434.95,433.61,-1.339999999999975,1.329999999999984,-1.0075187969924744,-135.9999999999975,stop,1.1599999999999682,1.172635972846287
2023-10-19,-1,2023-10-19 10:10:00-04:00,2023-10-19 12:00:00-04:00,430.15000000000003,431.4,-1.2499999999999432,1.2399999999999523,-1.0080645161290251,-126.99999999999432,stop,1.1299999999999955,0.7661092736137644
2023-10-20,-1,2023-10-20 10:00:00-04:00,2023-10-20 10:40:00-04:00,425.06,422.84,2.2200000000000273,1.4800000000000182,1.5,220.00000000000273,target,1.1100000000000136,0.515579982312461
2023-10-23,1,2023-10-23 09:55:00-04:00,2023-10-23 12:55:00-04:00,420.12,423.6,3.480000000000018,2.319999999999993,1.5000000000000122,346.0000000000018,target,2.2099999999999795,0.920211526216398
2023-10-24,1,2023-10-24 10:25:00-04:00,2023-10-24 11:35:00-04:00,424.09,422.59000000000003,-1.4999999999999432,1.4899999999999523,-1.0067114093959673,-151.99999999999432,stop,1.2899999999999636,0.989336285450319
2023-10-25,-1,2023-10-25 09:50:00-04:00,2023-10-25 15:55:00-04:00,419.68,417.62,2.0600000000000023,2.240000000000009,0.9196428571428544,204.00000000000023,time,1.7700000000000387,0.9631219402869464
2023-10-26,-1,2023-10-26 10:00:00-04:00,2023-10-26 12:15:00-04:00,415.37,412.43000000000006,2.939999999999941,1.9599999999999795,1.4999999999999856,291.9999999999941,target,1.4399999999999977,0.8494393667179174
2023-10-27,-1,2023-10-27 09:50:00-04:00,2023-10-27 11:15:00-04:00,412.84000000000003,414.48,-1.6399999999999864,1.6299999999999955,-1.0061349693251478,-165.99999999999864,stop,1.4400000000000546,0.9349428061771824
2023-10-30,1,2023-10-30 09:50:00-04:00,2023-10-30 10:15:00-04:00,415.11,413.52,-1.5900000000000318,1.580000000000041,-1.0063291139240447,-161.00000000000318,stop,1.3700000000000045,0.6128725755957196
2023-10-31,-1,2023-10-31 10:05:00-04:00,2023-10-31 10:50:00-04:00,414.37,416.38,-2.009999999999991,2.0,-1.0049999999999955,-202.9999999999991,stop,1.7099999999999795,0.8714197453176664
2023-11-01,1,2023-11-01 09:50:00-04:00,2023-11-01 10:35:00-04:00,419.77,421.465,1.6949999999999932,1.1299999999999955,1.5,167.49999999999932,target,0.7300000000000182,1.1406668068099475
2023-11-02,1,2023-11-02 10:30:00-04:00,2023-11-02 15:40:00-04:00,428.24,430.76,2.519999999999982,1.6800000000000068,1.4999999999999831,249.99999999999818,target,1.4699999999999704,0.8533227808309355
2023-11-03,1,2023-11-03 09:50:00-04:00,2023-11-03 15:55:00-04:00,434.46999999999997,434.69,0.22000000000002728,1.4599999999999795,0.15068493150687012,20.00000000000273,time,1.2200000000000273,1.0339411366345903
2023-11-06,-1,2023-11-06 10:15:00-05:00,2023-11-06 15:55:00-05:00,434.76,435.65999999999997,-0.8999999999999773,1.3899999999999864,-0.6474820143884792,-91.99999999999773,time,1.0199999999999818,0.6762205635673085
2023-11-07,1,2023-11-07 10:05:00-05:00,2023-11-07 15:55:00-05:00,435.93,436.87,0.9399999999999977,1.420000000000016,0.6619718309859065,91.99999999999977,time,1.2200000000000273,1.149343844510127
2023-11-08,1,2023-11-08 09:55:00-05:00,2023-11-08 10:00:00-05:00,437.95,437.38,-0.5699999999999932,0.5600000000000023,-1.0178571428571266,-58.99999999999932,stop,0.5300000000000296,0.6427660177290366
2023-11-09,-1,2023-11-09 10:10:00-05:00,2023-11-09 14:15:00-05:00,436.75,434.16999999999996,2.580000000000041,1.7200000000000273,1.5,256.0000000000041,target,1.2600000000000477,1.4224627264548384
2023-11-10,-1,2023-11-10 10:30:00-05:00,2023-11-10 11:05:00-05:00,434.79,436.15999999999997,-1.3699999999999477,1.3599999999999568,-1.0073529411764641,-138.99999999999477,stop,1.2699999999999818,0.9870300110286421
2023-11-13,1,2023-11-13 10:55:00-05:00,2023-11-13 15:55:00-05:00,439.82,440.2,0.37999999999999545,1.2300000000000182,0.30894308943088605,35.999999999999545,time,1.0,0.8279208656238471
2023-11-14,1,2023-11-14 09:50:00-05:00,2023-11-14 10:30:00-05:00,447.27,449.03999999999996,1.7699999999999818,1.1800000000000068,1.499999999999976,174.99999999999818,target,1.1300000000000523,0.4767607792138444
2023-11-15,-1,2023-11-15 09:55:00-05:00,2023-11-15 10:15:00-05:00,449.77,450.76,-0.9900000000000091,0.9800000000000182,-1.0102040816326436,-101.00000000000091,stop,0.8600000000000136,0.7204037478521176
2023-11-16,1,2023-11-16 09:50:00-05:00,2023-11-16 10:35:00-05:00,449.90999999999997,449.12,-0.7899999999999636,0.7799999999999727,-1.0128205128205017,-80.99999999999636,stop,0.5400000000000205,0.9373123410065011
2023-11-17,1,2023-11-17 12:15:00-05:00,2023-11-17 15:55:00-05:00,450.64,450.77,0.12999999999999545,1.1800000000000068,0.11016949152541924,10.999999999999545,time,1.1400000000000432,1.226736272195684
2023-11-20,1,2023-11-20 10:00:00-05:00,2023-11-20 14:45:00-05:00,452.18,454.6700000000001,2.490000000000066,1.660000000000025,1.500000000000017,247.0000000000066,target,1.2300000000000182,0.8187389659827247
2023-11-21,-1,2023-11-21 10:00:00-05:00,2023-11-21 10:30:00-05:00,452.81,452.045,0.7649999999999864,0.5099999999999909,1.5,74.49999999999864,target,0.4800000000000182,0.9546083124784799
2023-11-22,-1,2023-11-22 09:55:00-05:00,2023-11-22 15:55:00-05:00,454.74,455.03999999999996,-0.2999999999999545,1.6399999999999864,-0.18292682926826648,-31.999999999995453,time,1.490000000000009,1.5389205223423374
2023-11-27,1,2023-11-27 13:05:00-05:00,2023-11-27 15:55:00-05:00,455.34999999999997,454.49,-0.8599999999999568,1.259999999999991,-0.6825396825396531,-87.99999999999568,time,1.160000000000025,1.6005803840544781
2023-11-28,1,2023-11-28 10:40:00-05:00,2023-11-28 11:30:00-05:00,454.5,456.0,1.5,1.0,1.5,148.0,target,0.7300000000000182,1.1443827686982457
2023-11-29,1,2023-11-29 09:55:00-05:00,2023-11-29 10:05:00-05:00,458.15999999999997,456.99,-1.169999999999959,1.1599999999999682,-1.0086206896551648,-118.99999999999591,stop,1.0,0.847601383850182
2023-11-30,-1,2023-11-30 10:50:00-05:00,2023-11-30 15:50:00-05:00,454.12,455.71999999999997,-1.599999999999966,1.589999999999975,-1.006289308176095,-161.9999999999966,stop,1.4399999999999977,1.1885288605201931
2023-12-01,1,2023-12-01 09:55:00-05:00,2023-12-01 11:00:00-05:00,456.21999999999997,455.17,-1.0499999999999545,1.0399999999999636,-1.0096153846153761,-106.99999999999545,stop,0.8999999999999773,0.6673428979439093
2023-12-04,1,2023-12-04 09:50:00-05:00,2023-12-04 10:20:00-05:00,456.68,455.5,-1.1800000000000068,1.170000000000016,-1.0085470085470007,-120.00000000000068,stop,1.1399999999999864,0.5681688608674683
2023-12-05,1,2023-12-05 09:55:00-05:00,2023-12-05 10:00:00-05:00,455.68,456.895,1.214999999999975,0.8100000000000023,1.499999999999965,119.4999999999975,target,0.6299999999999955,0.7970111577578918
2023-12-06,-1,2023-12-06 10:05:00-05:00,2023-12-06 15:10:00-05:00,457.54,455.5900000000001,1.9499999999999318,1.2999999999999545,1.5,192.99999999999318,target,1.0199999999999818,0.9969124797147421
2023-12-07,-1,2023-12-07 09:50:00-05:00,2023-12-07 10:10:00-05:00,456.51,457.24,-0.7300000000000182,0.7200000000000273,-1.0138888888888757,-75.00000000000182,stop,0.5900000000000318,0.5555574701826289
2023-12-08,1,2023-12-08 10:05:00-05:00,2023-12-08 15:55:00-05:00,459.36,460.13,0.7699999999999818,2.150000000000034,0.3581395348837068,74.99999999999818,time,1.4600000000000364,1.7124156111021638
2023-12-11,1,2023-12-11 10:00:00-05:00,2023-12-11 14:10:00-05:00,460.40999999999997,461.8199999999999,1.4099999999999113,0.9399999999999409,1.5,138.99999999999113,target,0.8599999999999568,1.0253921234508478
2023-12-12,1,2023-12-12 10:05:00-05:00,2023-12-12 14:45:00-05:00,461.76,463.49999999999994,1.7399999999999523,1.1599999999999682,1.5,171.99999999999523,target,1.099999999999966,0.7553577068607653
2023-12-13,1,2023-12-13 10:25:00-05:00,2023-12-13 13:00:00-05:00,464.89,464.29,-0.5999999999999659,0.589999999999975,-1.0169491525423582,-61.99999999999659,stop,0.5600000000000023,0.7419576751262991
2023-12-14,-1,2023-12-14 10:20:00-05:00,2023-12-14 13:50:00-05:00,472.07,470.015,2.055000000000007,1.3700000000000045,1.5,203.50000000000068,target,1.1899999999999977,1.091410255495155
2023-12-15,1,2023-12-15 10:30:00-05:00,2023-12-15 13:40:00-05:00,470.08,468.8,-1.2799999999999727,1.2699999999999818,-1.0078740157480244,-129.99999999999727,stop,0.9300000000000068,0.5644401126466732
2023-12-18,1,2023-12-18 10:05:00-05:00,2023-12-18 14:20:00-05:00,471.65999999999997,472.94999999999993,1.2899999999999636,0.8599999999999568,1.500000000000033,126.99999999999636,target,0.6299999999999955,0.9078375386663493
2023-12-19,1,2023-12-19 09:55:00-05:00,2023-12-19 15:55:00-05:00,473.53999999999996,474.81,1.2700000000000387,1.089999999999975,1.1651376146789614,125.00000000000387,time,0.8899999999999864,0.8069716455401378
2023-12-20,1,2023-12-20 10:05:00-05:00,2023-12-20 14:35:00-05:00,474.90999999999997,473.76,-1.1499999999999773,1.1399999999999864,-1.0087719298245534,-116.99999999999773,stop,0.8500000000000227,0.9600061845057787
2023-12-21,-1,2023-12-21 10:10:00-05:00,2023-12-21 10:20:00-05:00,470.62,472.31,-1.6899999999999977,1.6800000000000068,-1.0059523809523756,-170.99999999999977,stop,1.3199999999999932,0.9268409903188163
2023-12-22,1,2023-12-22 09:50:00-05:00,2023-12-22 11:00:00-05:00,475.12,473.76,-1.3600000000000136,1.3500000000000227,-1.0074074074074006,-138.00000000000136,stop,1.2900000000000205,0.6447767973045397
2023-12-26,1,2023-12-26 10:10:00-05:00,2023-12-26 15:20:00-05:00,474.78,475.9649999999999,1.1849999999999454,0.7899999999999636,1.5,116.49999999999454,target,0.7699999999999818,1.329052526982938
2023-12-27,1,2023-12-27 09:55:00-05:00,2023-12-27 10:10:00-05:00,476.09,475.26,-0.8299999999999841,0.8199999999999932,-1.0121951219512084,-84.99999999999841,stop,0.7300000000000182,0.6923298432046674
2023-12-28,1,2023-12-28 10:50:00-05:00,2023-12-28 11:05:00-05:00,477.48,476.8,-0.6800000000000068,0.6700000000000159,-1.0149253731343144,-70.00000000000068,stop,0.5799999999999841,1.0093979433610427
2023-12-29,-1,2023-12-29 10:35:00-05:00,2023-12-29 10:45:00-05:00,476.34000000000003,475.45500000000004,0.8849999999999909,0.589999999999975,1.5000000000000482,86.49999999999909,target,0.5199999999999818,1.9452814659314366
2024-01-02,-1,2024-01-02 09:50:00-05:00,2024-01-02 11:45:00-05:00,471.39,472.81,-1.420000000000016,1.410000000000025,-1.0070921985815537,-144.0000000000016,stop,1.0900000000000318,0.754666305225338
2024-01-03,-1,2024-01-03 10:00:00-05:00,2024-01-03 10:00:00-05:00,469.94,470.53999999999996,-0.5999999999999659,0.589999999999975,-1.0169491525423582,-61.99999999999659,stop,0.47999999999996135,1.0173015468899005
2024-01-04,1,2024-01-04 10:05:00-05:00,2024-01-04 15:15:00-05:00,469.71999999999997,468.1,-1.6199999999999477,1.6099999999999568,-1.0062111801242182,-163.99999999999477,stop,1.1399999999999864,1.1390241897128988
2024-01-05,1,2024-01-05 10:05:00-05:00,2024-01-05 13:00:00-05:00,469.76,467.12,-2.6399999999999864,2.6299999999999955,-1.0038022813688179,-265.99999999999864,stop,1.3100000000000023,1.6985016777380888
2024-01-08,1,2024-01-08 10:00:00-05:00,2024-01-08 13:55:00-05:00,469.74,471.9,2.159999999999968,1.4399999999999977,1.4999999999999802,213.99999999999682,target,1.009999999999991,1.0458979081308173
2024-01-09,-1,2024-01-09 09:50:00-05:00,2024-01-09 10:00:00-05:00,471.61,472.21,-0.5999999999999659,0.589999999999975,-1.0169491525423582,-61.99999999999659,stop,0.5,0.9764198526001687
2024-01-10,1,2024-01-10 13:00:00-05:00,2024-01-10 15:00:00-05:00,475.4,477.28999999999996,1.8899999999999864,1.259999999999991,1.5,186.99999999999864,target,1.1999999999999886,1.2520695902616736
2024-01-11,-1,2024-01-11 09:50:00-05:00,2024-01-11 11:10:00-05:00,476.23,473.39500000000004,2.8349999999999795,1.8899999999999864,1.5,281.49999999999795,target,1.2300000000000182,0.6873596206008566
2024-01-12,-1,2024-01-12 10:00:00-05:00,2024-01-12 15:55:00-05:00,477.13,476.68,0.44999999999998863,1.4399999999999977,0.3124999999999926,42.99999999999886,time,0.839999999999975,0.8563357841142875
2024-01-16,-1,2024-01-16 09:50:00-05:00,2024-01-16 10:20:00-05:00,473.88,475.62,-1.740000000000009,1.7300000000000182,-1.005780346820804,-176.0000000000009,stop,1.650000000000034,0.8064419687305915
2024-01-17,1,2024-01-17 10:15:00-05:00,2024-01-17 12:40:00-05:00,472.12,471.16,-0.9599999999999795,0.9499999999999886,-1.0105263157894642,-97.99999999999795,stop,0.7699999999999818,0.5035325895421119
2024-01-18,-1,2024-01-18 09:55:00-05:00,2024-01-18 10:35:00-05:00,473.49,474.48,-0.9900000000000091,0.9800000000000182,-1.0102040816326436,-101.00000000000091,stop,0.82000000000005,0.4999232569539355
2024-01-19,1,2024-01-19 10:45:00-05:00,2024-01-19 12:30:00-05:00,478.15999999999997,479.9899999999999,1.8299999999999272,1.2199999999999704,1.4999999999999767,180.99999999999272,target,1.0300000000000296,0.6610083305220181
2024-01-22,1,2024-01-22 09:55:00-05:00,2024-01-22 10:30:00-05:00,485.17,483.89,-1.2800000000000296,1.2700000000000387,-1.0078740157480242,-130.00000000000296,stop,1.0,0.5236373390651387
2024-01-23,-1,2024-01-23 10:35:00-05:00,2024-01-23 14:45:00-05:00,483.46000000000004,484.39,-0.92999999999995,0.9199999999999591,-1.0108695652173818,-94.999999999995,stop,0.839999999999975,0.8799801903789264
2024-01-24,-1,2024-01-24 09:50:00-05:00,2024-01-24 10:35:00-05:00,487.04,487.84,-0.7999999999999545,0.7899999999999636,-1.0126582278480902,-81.99999999999545,stop,0.6999999999999886,0.714581780566359
2024-01-25,1,2024-01-25 10:10:00-05:00,2024-01-25 12:05:00-05:00,487.76,486.78000000000003,-0.9799999999999613,0.9699999999999704,-1.0103092783505063,-99.99999999999613,stop,0.9099999999999682,0.762156434610166
2024-01-26,-1,2024-01-26 09:55:00-05:00,2024-01-26 10:30:00-05:00,487.39,488.36,-0.9700000000000273,0.9600000000000364,-1.0104166666666567,-99.00000000000273,stop,0.910000000000025,0.7392033233416515
2024-01-29,1,2024-01-29 10:20:00-05:00,2024-01-29 10:25:00-05:00,488.25,487.44,-0.8100000000000023,0.8000000000000114,-1.0124999999999884,-83.00000000000023,stop,0.6899999999999977,0.636948912702243
2024-01-30,1,2024-01-30 09:55:00-05:00,2024-01-30 10:00:00-05:00,491.27,490.51,-0.7599999999999909,0.75,-1.0133333333333212,-77.99999999999909,stop,0.6700000000000159,0.6995724501825785
2024-01-31,-1,2024-01-31 09:55:00-05:00,2024-01-31 14:00:00-05:00,487.81,485.89000000000004,1.919999999999959,1.2799999999999727,1.5,189.9999999999959,target,1.089999999999975,0.9224783877734158
2024-02-01,1,2024-02-01 10:10:00-05:00,2024-02-01 10:50:00-05:00,485.93,484.55,-1.3799999999999955,1.3700000000000045,-1.0072992700729861,-139.99999999999955,stop,1.0600000000000023,1.1346642661744892
2024-02-02,1,2024-02-02 09:50:00-05:00,2024-02-02 10:40:00-05:00,490.38,492.0,1.6200000000000045,1.079999999999984,1.5000000000000264,160.00000000000045,target,1.0299999999999727,1.260700166116173
2024-02-05,-1,2024-02-05 10:05:00-05:00,2024-02-05 14:30:00-05:00,492.3,493.71999999999997,-1.419999999999959,1.4099999999999682,-1.007092198581554,-143.9999999999959,stop,0.8299999999999841,1.5409800705061747
2024-02-06,-1,2024-02-06 10:00:00-05:00,2024-02-06 15:55:00-05:00,493.0,493.98,-0.9800000000000182,1.1399999999999864,-0.8596491228070438,-100.00000000000182,time,0.8600000000000136,0.704509332493865
2024-02-07,1,2024-02-07 10:15:00-05:00,2024-02-07 15:55:00-05:00,496.83,498.04,1.2100000000000364,1.329999999999984,0.9097744360902638,119.00000000000364,time,0.9399999999999977,1.2517168427365133
2024-02-08,-1,2024-02-08 11:30:00-05:00,2024-02-08 15:00:00-05:00,497.34000000000003,498.36,-1.0199999999999818,1.009999999999991,-1.009900990099001,-103.99999999999818,stop,0.6899999999999977,1.1531744897826648
2024-02-09,1,2024-02-09 10:00:00-05:00,2024-02-09 14:20:00-05:00,499.51,501.03999999999996,1.5299999999999727,1.0199999999999818,1.5,150.99999999999727,target,0.7300000000000182,1.2946482985678853
2024-02-12,1,2024-02-12 10:35:00-05:00,2024-02-12 10:50:00-05:00,501.5,502.04,0.5400000000000205,0.36000000000001364,1.5,52.000000000002046,target,0.3100000000000023,1.0704473205836422
2024-02-13,-1,2024-02-13 10:00:00-05:00,2024-02-13 10:40:00-05:00,493.82,495.2,-1.3799999999999955,1.3700000000000045,-1.0072992700729861,-139.99999999999955,stop,1.240000000000009,0.6883450690513861
2024-02-14,1,2024-02-14 10:20:00-05:00,2024-02-14 11:00:00-05:00,497.38,495.77,-1.6100000000000136,1.6000000000000227,-1.0062499999999943,-163.00000000000136,stop,1.5200000000000387,0.7292981059616331
2024-02-15,1,2024-02-15 10:10:00-05:00,2024-02-15 11:00:00-05:00,500.14,499.25,-0.8899999999999864,0.8799999999999955,-1.011363636363626,-90.99999999999864,stop,0.8199999999999932,0.8124448965021913
2024-02-16,-1,2024-02-16 09:55:00-05:00,2024-02-16 11:20:00-05:00,499.68,501.92,-2.240000000000009,2.230000000000018,-1.0044843049327312,-226.0000000000009,stop,1.1899999999999977,1.3260624136363048
2024-02-20,-1,2024-02-20 10:05:00-05:00,2024-02-20 15:55:00-05:00,496.34000000000003,496.75,-0.40999999999996817,2.069999999999993,-0.19806763285022683,-42.99999999999682,time,1.990000000000009,0.6446951403319221
2024-02-21,1,2024-02-21 10:05:00-05:00,2024-02-21 12:10:00-05:00,495.99,495.01,-0.9800000000000182,0.9700000000000273,-1.0103092783505059,-100.00000000000182,stop,0.6700000000000159,0.8362781019586556
2024-02-22,1,2024-02-22 09:50:00-05:00,2024-02-22 14:10:00-05:00,504.96999999999997,507.895,2.9250000000000114,1.9499999999999886,1.5000000000000147,290.50000000000114,target,1.1200000000000045,1.028093008000581
2024-02-23,-1,2024-02-23 10:45:00-05:00,2024-02-23 15:55:00-05:00,508.86,507.83,1.0300000000000296,1.240000000000009,0.8306451612903403,101.00000000000296,time,0.9900000000000091,1.5368531312171438
2024-02-26,-1,2024-02-26 09:50:00-05:00,2024-02-26 11:05:00-05:00,508.1,507.12500000000006,0.9749999999999659,0.6499999999999773,1.5,95.49999999999659,target,0.6000000000000227,0.8451742641269552
2024-02-27,-1,2024-02-27 12:25:00-05:00,2024-02-27 15:10:00-05:00,505.37,506.75,-1.3799999999999955,1.3700000000000045,-1.0072992700729861,-139.99999999999955,stop,1.2100000000000364,2.0636555478945153
2024-02-28,1,2024-02-28 10:35:00-05:00,2024-02-28 15:55:00-05:00,505.95,506.19,0.2400000000000091,0.9599999999999795,0.2500000000000148,22.00000000000091,time,0.8299999999999841,0.8409655229808664
2024-02-29,-1,2024-02-29 10:15:00-05:00,2024-02-29 15:45:00-05:00,506.97,508.86,-1.8899999999999864,1.8799999999999955,-1.0053191489361655,-190.99999999999864,stop,0.8600000000000136,4.174505483630881
2024-03-01,1,2024-03-01 10:10:00-05:00,2024-03-01 11:05:00-05:00,509.69,511.30999999999995,1.6199999999999477,1.079999999999984,1.4999999999999736,159.99999999999477,target,0.9499999999999886,0.7853616760321843
2024-03-04,1,2024-03-04 10:35:00-05:00,2024-03-04 14:35:00-05:00,512.6899999999999,513.7249999999999,1.0349999999999682,0.6899999999999409,1.5000000000000824,101.49999999999682,target,0.5199999999999818,0.6063310735713993
2024-03-05,1,2024-03-05 10:05:00-05:00,2024-03-05 10:05:00-05:00,510.46,509.43,-1.0299999999999727,1.0199999999999818,-1.0098039215686188,-104.99999999999727,stop,0.8799999999999955,1.4936907992415
2024-03-06,-1,2024-03-06 10:05:00-05:00,2024-03-06 11:00:00-05:00,508.83,510.87,-2.0400000000000205,2.0300000000000296,-1.0049261083743797,-206.00000000000205,stop,1.150000000000034,0.9082773791769624
2024-03-07,1,2024-03-07 10:15:00-05:00,2024-03-07 13:35:00-05:00,513.7,515.1700000000001,1.4700000000000273,0.9800000000000182,1.5,145.00000000000273,target,0.9199999999999591,0.7446268907283028
2024-03-08,1,2024-03-08 09:50:00-05:00,2024-03-08 11:15:00-05:00,517.35,515.3,-2.050000000000068,2.0400000000000773,-1.004901960784309,-207.00000000000682,stop,1.4400000000000546,0.9708605645228914
2024-03-11,-1,2024-03-11 09:55:00-04:00,2024-03-11 12:40:00-04:00,509.75,510.95,-1.1999999999999886,1.1899999999999977,-1.0084033613445302,-121.99999999999886,stop,0.8199999999999932,0.6979742566322177
2024-03-12,-1,2024-03-12 09:50:00-04:00,2024-03-12 10:05:00-04:00,511.29,513.81,-2.519999999999925,2.509999999999934,-1.0039840637450164,-253.9999999999925,stop,2.42999999999995,0.84424547376171
2024-03-13,-1,2024-03-13 09:55:00-04:00,2024-03-13 13:05:00-04:00,516.13,517.13,-1.0,0.9900000000000091,-1.0101010101010008,-102.0,stop,0.9600000000000364,0.7192606143765583
2024-03-14,-1,2024-03-14 09:50:00-04:00,2024-03-14 15:55:00-04:00,514.9300000000001,514.96,-0.029999999999972715,2.199999999999932,-0.013636363636351657,-4.9999999999972715,time,0.7300000000000182,1.598979604704206
2024-03-15,-1,2024-03-15 10:05:00-04:00,2024-03-15 10:45:00-04:00,509.55,511.34,-1.7899999999999636,1.7799999999999727,-1.005617977528085,-180.99999999999636,stop,1.5199999999999818,0.8523298706450273
2024-03-18,1,2024-03-18 10:20:00-04:00,2024-03-18 14:40:00-04:00,514.9,513.25,-1.6499999999999773,1.6399999999999864,-1.0060975609756042,-166.99999999999773,stop,1.57000000000005,0.5106949008355101
2024-03-19,1,2024-03-19 10:45:00-04:00,2024-03-19 12:30:00-04:00,512.3199999999999,514.1199999999999,1.7999999999999545,1.1999999999999318,1.5000000000000473,177.99999999999545,target,1.0499999999999545,1.2608351900665402
2024-03-20,1,2024-03-20 10:25:00-04:00,2024-03-20 13:40:00-04:00,516.13,515.2,-0.92999999999995,0.9199999999999591,-1.0108695652173818,-94.999999999995,stop,0.7799999999999727,0.9219502944414312
2024-03-21,-1,2024-03-21 09:50:00-04:00,2024-03-21 12:25:00-04:00,522.79,524.02,-1.2300000000000182,1.2200000000000273,-1.0081967213114678,-125.00000000000182,stop,1.0900000000000318,0.9993879624854121
2024-03-22,-1,2024-03-22 09:50:00-04:00,2024-03-22 13:50:00-04:00,521.49,522.45,-0.9600000000000364,0.9500000000000455,-1.0105263157894635,-98.00000000000364,stop,0.7300000000000182,0.7640513808798938
2024-03-25,1,2024-03-25 10:10:00-04:00,2024-03-25 15:55:00-04:00,520.41,519.8,-0.6100000000000136,0.7999999999999545,-0.7625000000000604,-63.000000000001364,time,0.75,0.6886198716462659
2024-03-26,-1,2024-03-26 13:25:00-04:00,2024-03-26 15:30:00-04:00,520.77,519.7649999999999,1.0050000000001091,0.6700000000000728,1.5,98.50000000001091,target,0.6100000000000136,0.7725552783674481
2024-03-27,-1,2024-03-27 09:55:00-04:00,2024-03-27 10:00:00-04:00,521.02,519.88,1.1399999999999864,0.7599999999999909,1.5,111.99999999999864,target,0.6399999999999864,0.8605463779003221
2024-03-28,1,2024-03-28 09:50:00-04:00,2024-03-28 14:55:00-04:00,523.36,524.23,0.8700000000000045,0.5800000000000409,1.499999999999902,85.00000000000045,target,0.5600000000000591,1.0074779504538474
2024-04-01,-1,2024-04-01 10:05:00-04:00,2024-04-01 11:15:00-04:00,523.21,521.4850000000001,1.724999999999909,1.1499999999999773,1.4999999999999505,170.4999999999909,target,0.9099999999999682,1.6222894424512513
2024-04-02,-1,2024-04-02 10:15:00-04:00,2024-04-02 15:05:00-04:00,516.61,518.47,-1.8600000000000136,1.8500000000000227,-1.0054054054054005,-188.00000000000136,stop,1.330000000000041,0.8501421760719793
2024-04-03,1,2024-04-03 10:05:00-04:00,2024-04-03 15:55:00-04:00,519.99,519.37,-0.6200000000000045,2.330000000000041,-0.26609442060085564,-64.00000000000045,time,0.9200000000000728,3.1851457812004247
2024-04-04,-1,2024-04-04 09:55:00-04:00,2024-04-04 12:05:00-04:00,522.8,523.71,-0.9100000000000819,0.900000000000091,-1.0111111111111,-93.00000000000819,stop,0.7599999999999909,0.524111096558022
2024-04-05,1,2024-04-05 09:55:00-04:00,2024-04-05 11:55:00-04:00,516.26,519.635,3.375,2.25,1.5,335.5,target,1.509999999999991,0.9545050871954173
2024-04-08,1,2024-04-08 10:30:00-04:00,2024-04-08 12:20:00-04:00,519.54,517.97,-1.5699999999999363,1.5599999999999454,-1.0064102564102508,-158.99999999999363,stop,1.4099999999999682,1.3357606169361795
2024-04-09,-1,2024-04-09 09:50:00-04:00,2024-04-09 10:30:00-04:00,519.11,516.6500000000001,2.4599999999999227,1.6399999999999864,1.4999999999999654,243.99999999999227,target,1.0299999999999727,0.9582069114479644
2024-04-10,1,2024-04-10 10:10:00-04:00,2024-04-10 13:00:00-04:00,514.45,512.75,-1.7000000000000455,1.6900000000000546,-1.005917159763308,-172.00000000000455,stop,1.3999999999999773,0.5344350640200646
2024-04-11,-1,2024-04-11 10:05:00-04:00,2024-04-11 13:00:00-04:00,513.8,515.88,-2.080000000000041,2.07000000000005,-1.0048309178743917,-210.0000000000041,stop,1.7799999999999727,1.0424506743206308
2024-04-12,1,2024-04-12 09:50:00-04:00,2024-04-12 10:05:00-04:00,515.35,514.07,-1.2799999999999727,1.2699999999999818,-1.0078740157480244,-129.99999999999727,stop,1.2299999999999045,0.9870911892626545
2024-04-15,-1,2024-04-15 10:10:00-04:00,2024-04-15 12:35:00-04:00,513.0600000000001,509.7000000000002,3.359999999999843,2.2399999999998954,1.5,333.9999999999843,target,1.1099999999999,0.9220513183252278
2024-04-16,-1,2024-04-16 09:50:00-04:00,2024-04-16 10:15:00-04:00,503.38,505.21,-1.829999999999984,1.8199999999999932,-1.0054945054945006,-184.9999999999984,stop,1.6999999999999886,0.7583135972716869
2024-04-17,-1,2024-04-17 10:05:00-04:00,2024-04-17 11:30:00-04:00,504.33,501.645,2.6850000000000023,1.7900000000000205,1.499999999999984,266.5000000000002,target,0.8899999999999864,1.0231437200768405
2024-04-18,1,2024-04-18 10:35:00-04:00,2024-04-18 13:15:00-04:00,502.49,499.72,-2.769999999999982,2.759999999999991,-1.0036231884057938,-278.9999999999982,stop,2.349999999999966,0.8509742772857524
2024-04-19,-1,2024-04-19 10:20:00-04:00,2024-04-19 12:20:00-04:00,498.26,495.46999999999997,2.7900000000000205,1.8600000000000136,1.5,277.00000000000205,target,1.4399999999999977,1.1804075135921315
2024-04-22,-1,2024-04-22 10:30:00-04:00,2024-04-22 12:15:00-04:00,496.43,498.08,-1.6499999999999773,1.6399999999999864,-1.0060975609756042,-166.99999999999773,stop,1.329999999999984,1.2830667350993283
2024-04-23,1,2024-04-23 09:50:00-04:00,2024-04-23 12:15:00-04:00,502.88,505.36999999999995,2.4899999999999523,1.6599999999999682,1.5,246.99999999999523,target,1.1399999999999864,1.725905118898683
2024-04-24,-1,2024-04-24 10:40:00-04:00,2024-04-24 12:30:00-04:00,505.68,503.25,2.430000000000007,1.6200000000000045,1.5,241.00000000000068,target,1.3700000000000045,1.0968751363268758
2024-04-25,-1,2024-04-25 09:55:00-04:00,2024-04-25 10:15:00-04:00,498.27,499.36,-1.0900000000000318,1.080000000000041,-1.0092592592592504,-111.00000000000318,stop,1.0100000000000477,0.5263168850633333
2024-04-26,1,2024-04-26 09:55:00-04:00,2024-04-26 15:55:00-04:00,507.99,508.23,0.2400000000000091,2.2900000000000205,0.1048034934497847,22.00000000000091,time,1.7700000000000387,0.6757174250468595
2024-04-29,-1,2024-04-29 14:35:00-04:00,2024-04-29 15:55:00-04:00,508.99,510.06,-1.0699999999999932,1.759999999999991,-0.6079545454545447,-108.99999999999932,time,1.7300000000000182,3.4926254252154707
2024-04-30,-1,2024-04-30 11:05:00-04:00,2024-04-30 11:40:00-04:00,508.15000000000003,506.09500000000014,2.054999999999893,1.3699999999999477,1.4999999999999793,203.4999999999893,target,1.3199999999999932,1.1742099713912557
2024-05-01,-1,2024-05-01 09:55:00-04:00,2024-05-01 14:00:00-04:00,500.7,501.84,-1.1399999999999864,1.1299999999999955,-1.008849557522116,-115.99999999999864,stop,0.9099999999999682,0.7199806795230682
2024-05-02,-1,2024-05-02 09:50:00-04:00,2024-05-02 14:10:00-04:00,501.69,504.69,-3.0,2.990000000000009,-1.003344481605348,-302.0,stop,2.340000000000032,0.6463608123584907
2024-05-03,1,2024-05-03 09:50:00-04:00,2024-05-03 10:05:00-04:00,511.39,509.6,-1.7899999999999636,1.7799999999999727,-1.005617977528085,-180.99999999999636,stop,1.7799999999999727,0.7266931414025339
2024-05-06,1,2024-05-06 09:50:00-04:00,2024-05-06 14:25:00-04:00,514.28,515.75,1.4700000000000273,0.9800000000000182,1.5,145.00000000000273,target,0.9600000000000364,0.5477344237529777
2024-05-07,-1,2024-05-07 10:00:00-04:00,2024-05-07 10:50:00-04:00,517.2,517.9399999999999,-0.7399999999998954,0.7299999999999045,-1.0136986301369757,-75.99999999998954,stop,0.599999999999909,0.5776295802901691
2024-05-08,1,2024-05-08 09:50:00-04:00,2024-05-08 15:55:00-04:00,516.3,517.1800000000001,0.8800000000001091,1.1599999999999682,0.7586206896552873,86.00000000001091,time,0.8000000000000682,1.1516912669839554
2024-05-09,1,2024-05-09 10:05:00-04:00,2024-05-09 14:50:00-04:00,517.97,519.875,1.9049999999999727,1.2699999999999818,1.5,188.49999999999727,target,1.0899999999999181,1.1673293898630082
2024-05-10,-1,2024-05-10 10:20:00-04:00,2024-05-10 15:55:00-04:00,521.2,520.85,0.35000000000002274,1.2699999999999818,0.2755905511811242,33.000000000002274,time,1.1100000000000136,0.718108338626759
2024-05-13,-1,2024-05-13 11:05:00-04:00,2024-05-13 15:55:00-04:00,521.1,520.92,0.18000000000006366,1.5699999999999363,0.11464968152870762,16.000000000006366,time,1.4399999999999409,1.4521147643722963
2024-05-14,1,2024-05-14 10:10:00-04:00,2024-05-14 10:35:00-04:00,521.86,520.87,-0.9900000000000091,0.9800000000000182,-1.0102040816326436,-101.00000000000091,stop,0.7999999999999545,1.2194874860910434
2024-05-15,-1,2024-05-15 09:55:00-04:00,2024-05-15 10:30:00-04:00,525.39,526.81,-1.419999999999959,1.4099999999999682,-1.007092198581554,-143.9999999999959,stop,1.0899999999999181,1.0017571034819415
2024-05-16,1,2024-05-16 10:15:00-04:00,2024-05-16 10:55:00-04:00,530.37,531.135,0.7649999999999864,0.5099999999999909,1.5,74.49999999999864,target,0.4700000000000273,0.9183917242003623
2024-05-17,1,2024-05-17 10:35:00-04:00,2024-05-17 11:00:00-04:00,529.27,528.47,-0.7999999999999545,0.7899999999999636,-1.0126582278480902,-81.99999999999545,stop,0.7200000000000273,1.1962316595507612
2024-05-20,1,2024-05-20 09:50:00-04:00,2024-05-20 14:05:00-04:00,530.47,529.46,-1.009999999999991,1.0,-1.009999999999991,-102.99999999999909,stop,0.7899999999999636,0.7074790324673208
2024-05-21,1,2024-05-21 10:05:00-04:00,2024-05-21 15:30:00-04:00,529.87,531.0699999999999,1.1999999999999318,0.7999999999999545,1.5,117.99999999999318,target,0.6399999999999864,0.8288491571015457
2024-05-22,1,2024-05-22 09:55:00-04:00,2024-05-22 11:50:00-04:00,531.17,530.61,-0.5599999999999454,0.5499999999999545,-1.0181818181818032,-57.99999999999454,stop,0.4700000000000273,0.5631834714979941
2024-05-23,-1,2024-05-23 09:50:00-04:00,2024-05-23 13:40:00-04:00,530.97,527.8199999999999,3.150000000000091,2.1000000000000227,1.500000000000027,313.0000000000091,target,1.7300000000000182,0.7348266622728322
2024-05-24,-1,2024-05-24 09:55:00-04:00,2024-05-24 10:00:00-04:00,526.9300000000001,528.11,-1.17999999999995,1.169999999999959,-1.008547008547001,-119.999999999995,stop,0.7400000000000091,0.5118388003598493
2024-05-28,-1,2024-05-28 09:50:00-04:00,2024-05-28 14:30:00-04:00,529.52,528.035,1.4850000000000136,0.9900000000000091,1.5,146.50000000000136,target,0.6100000000000136,1.0740234842535392
2024-05-29,1,2024-05-29 09:55:00-04:00,2024-05-29 15:55:00-04:00,526.35,526.1,-0.25,0.9300000000000637,-0.2688172043010569,-27.0,time,0.6000000000000227,0.8807249107329013
2024-05-30,-1,2024-05-30 10:15:00-04:00,2024-05-30 13:00:00-04:00,523.62,525.0,-1.3799999999999955,1.3700000000000045,-1.0072992700729861,-139.99999999999955,stop,1.07000000000005,1.317941000378991
2024-05-31,-1,2024-05-31 09:55:00-04:00,2024-05-31 10:30:00-04:00,523.14,520.635,2.5049999999999955,1.669999999999959,1.500000000000034,248.49999999999955,target,1.4499999999999318,0.6951352356810885
2024-06-03,-1,2024-06-03 09:55:00-04:00,2024-06-03 10:00:00-04:00,528.07,529.17,-1.099999999999909,1.0899999999999181,-1.009174311926598,-111.9999999999909,stop,0.5799999999999272,1.423818236957692
2024-06-04,1,2024-06-04 10:05:00-04:00,2024-06-04 10:10:00-04:00,527.02,525.76,-1.259999999999991,1.25,-1.0079999999999927,-127.99999999999909,stop,1.009999999999991,2.569345080434882
2024-06-05,-1,2024-06-05 10:05:00-04:00,2024-06-05 10:30:00-04:00,529.83,530.83,-1.0,0.9900000000000091,-1.0101010101010008,-102.0,stop,0.9500000000000455,1.4359923599509588
2024-06-06,-1,2024-06-06 10:00:00-04:00,2024-06-06 14:10:00-04:00,534.33,532.6950000000002,1.6349999999998772,1.0899999999999181,1.5,161.49999999998772,target,0.75,0.5838289463134412
2024-06-07,1,2024-06-07 09:50:00-04:00,2024-06-07 10:40:00-04:00,533.88,535.905,2.0249999999999773,1.3500000000000227,1.4999999999999578,200.49999999999773,target,1.3000000000000682,0.5721445827212438
2024-06-10,1,2024-06-10 10:10:00-04:00,2024-06-10 11:55:00-04:00,533.58,534.9900000000001,1.4100000000000819,0.9400000000000546,1.5,139.00000000000819,target,0.6299999999999955,0.5407190994462053
2024-06-11,-1,2024-06-11 09:50:00-04:00,2024-06-11 10:40:00-04:00,532.13,534.11,-1.9800000000000182,1.9700000000000273,-1.005076142131975,-200.00000000000182,stop,0.9900000000000091,1.2638299512982045
2024-06-12,1,2024-06-12 09:50:00-04:00,2024-06-12 14:00:00-04:00,542.87,541.2,-1.669999999999959,1.6599999999999682,-1.006024096385537,-168.9999999999959,stop,1.4699999999999136,0.5241105028248039
2024-06-13,-1,2024-06-13 09:55:00-04:00,2024-06-13 10:20:00-04:00,542.25,540.8399999999999,1.4100000000000819,0.9400000000000546,1.5,139.00000000000819,target,0.8400000000000318,0.4986009416156346
2024-06-14,-1,2024-06-14 10:05:00-04:00,2024-06-14 11:20:00-04:00,540.54,541.64,-1.1000000000000227,1.0900000000000318,-1.0091743119265968,-112.00000000000227,stop,0.9700000000000273,1.539970397720499
2024-06-17,-1,2024-06-17 09:50:00-04:00,2024-06-17 10:05:00-04:00,541.64,542.36,-0.7200000000000273,0.7100000000000364,-1.01408450704224,-74.00000000000273,stop,0.6499999999999773,1.0286801656746005
2024-06-18,-1,2024-06-18 11:00:00-04:00,2024-06-18 13:35:00-04:00,547.1,548.23,-1.1299999999999955,1.1200000000000045,-1.0089285714285632,-114.99999999999955,stop,1.1100000000000136,0.9760690927790417
2024-06-20,1,2024-06-20 09:50:00-04:00,2024-06-20 10:10:00-04:00,550.03,548.8,-1.2300000000000182,1.2200000000000273,-1.0081967213114678,-125.00000000000182,stop,1.150000000000091,0.8758830341632889
2024-06-21,-1,2024-06-21 09:55:00-04:00,2024-06-21 10:55:00-04:00,543.29,544.87,-1.580000000000041,1.57000000000005,-1.0063694267515864,-160.0000000000041,stop,1.1800000000000637,0.9246402987321051
2024-06-24,1,2024-06-24 09:55:00-04:00,2024-06-24 13:30:00-04:00,545.35,543.75,-1.6000000000000227,1.5900000000000318,-1.0062893081760949,-162.00000000000227,stop,0.75,1.3092298915815317
2024-06-25,-1,2024-06-25 10:00:00-04:00,2024-06-25 10:10:00-04:00,543.11,544.08,-0.9700000000000273,0.9600000000000364,-1.0104166666666567,-99.00000000000273,stop,0.8100000000000591,0.5673932892561677
2024-06-26,1,2024-06-26 09:50:00-04:00,2024-06-26 11:10:00-04:00,544.09,543.16,-0.9300000000000637,0.9200000000000728,-1.0108695652173805,-95.00000000000637,stop,0.7599999999999909,0.5248494033835194
2024-06-27,1,2024-06-27 10:15:00-04:00,2024-06-27 11:25:00-04:00,546.88,545.36,-1.5199999999999818,1.509999999999991,-1.0066225165562854,-153.99999999999818,stop,1.3999999999999773,0.8038445024680446
2024-06-28,1,2024-06-28 09:50:00-04:00,2024-06-28 10:10:00-04:00,548.04,550.095,2.0550000000000637,1.3700000000000045,1.5000000000000415,203.50000000000637,target,1.2700000000000955,0.7552036219391669
2024-07-01,-1,2024-07-01 09:50:00-04:00,2024-07-01 15:55:00-04:00,544.36,545.87,-1.509999999999991,1.5,-1.0066666666666606,-152.9999999999991,stop,0.8600000000000136,0.8075977655745584
2024-07-02,1,2024-07-02 10:55:00-04:00,2024-07-02 15:55:00-04:00,545.87,548.96,3.090000000000032,2.2200000000000273,1.3918918918918892,307.0000000000032,time,2.0299999999999727,0.6162384121011468
2024-07-05,1,2024-07-05 10:00:00-04:00,2024-07-05 10:05:00-04:00,552.55,551.55,-1.0,0.9900000000000091,-1.0101010101010008,-102.0,stop,0.7900000000000773,0.77334267528357
2024-07-08,-1,2024-07-08 10:40:00-04:00,2024-07-08 15:55:00-04:00,555.27,555.35,-0.08000000000004093,0.8400000000000318,-0.09523809523814035,-10.000000000004093,time,0.82000000000005,1.1393428914506905
2024-07-09,-1,2024-07-09 10:30:00-04:00,2024-07-09 10:45:00-04:00,556.0,556.71,-0.7100000000000364,0.7000000000000455,-1.0142857142857005,-73.00000000000364,stop,0.5900000000000318,1.7184426240069268
2024-07-10,1,2024-07-10 10:05:00-04:00,2024-07-10 11:00:00-04:00,557.62,556.78,-0.8400000000000318,0.8300000000000409,-1.0120481927710727,-86.00000000000318,stop,0.5300000000000864,0.7590404271434036
2024-07-11,1,2024-07-11 10:05:00-04:00,2024-07-11 10:10:00-04:00,562.31,561.21,-1.099999999999909,1.0899999999999181,-1.009174311926598,-111.9999999999909,stop,0.7400000000000091,0.9924455792161301
2024-07-12,1,2024-07-12 09:50:00-04:00,2024-07-12 10:30:00-04:00,558.29,559.97,1.6800000000000637,1.1200000000000045,1.5000000000000508,166.00000000000637,target,1.0300000000000864,0.414817957506671
2024-07-15,1,2024-07-15 10:35:00-04:00,2024-07-15 13:00:00-04:00,563.05,561.85,-1.1999999999999318,1.1899999999999409,-1.0084033613445307,-121.99999999999318,stop,0.9700000000000273,0.6914766718431284
2024-07-16,-1,2024-07-16 10:05:00-04:00,2024-07-16 10:40:00-04:00,562.5,563.62,-1.1200000000000045,1.1100000000000136,-1.0090090090090007,-114.00000000000045,stop,0.8700000000000045,1.053122509312892
2024-07-17,1,2024-07-17 09:55:00-04:00,2024-07-17 10:05:00-04:00,560.39,558.77,-1.6200000000000045,1.6100000000000136,-1.006211180124218,-164.00000000000045,stop,1.3799999999999955,0.7094387491296165
2024-07-18,-1,2024-07-18 09:55:00-04:00,2024-07-18 10:00:00-04:00,557.8100000000001,558.9,-1.0899999999999181,1.0799999999999272,-1.0092592592592515,-110.99999999999181,stop,0.9199999999999591,0.41400004905008736
2024-07-19,-1,2024-07-19 10:30:00-04:00,2024-07-19 15:55:00-04:00,551.12,548.96,2.159999999999968,2.9600000000000364,0.72972972972971,213.99999999999682,time,2.2800000000000864,1.10349204197311
2024-07-22,1,2024-07-22 09:50:00-04:00,2024-07-22 10:00:00-04:00,554.31,552.26,-2.0499999999999545,2.0399999999999636,-1.0049019607843093,-206.99999999999545,stop,1.6900000000000546,0.7965669868935494
2024-07-23,1,2024-07-23 09:50:00-04:00,2024-07-23 15:40:00-04:00,555.75,554.12,-1.6299999999999955,1.6200000000000045,-1.0061728395061673,-164.99999999999955,stop,1.5299999999999727,0.8339195999561767
2024-07-24,-1,2024-07-24 09:55:00-04:00,2024-07-24 12:40:00-04:00,547.04,543.845,3.1949999999999363,2.1299999999999955,1.4999999999999734,317.49999999999363,target,1.42999999999995,0.787314138974433
2024-07-25,-1,2024-07-25 10:00:00-04:00,2024-07-25 10:45:00-04:00,539.86,541.63,-1.7699999999999818,1.759999999999991,-1.005681818181813,-178.99999999999818,stop,1.509999999999991,1.2324410127147711
2024-07-26,1,2024-07-26 10:05:00-04:00,2024-07-26 12:40:00-04:00,543.3,546.0149999999999,2.714999999999918,1.8099999999999454,1.5,269.4999999999918,target,1.6499999999999773,1.0034747363078156
2024-07-29,1,2024-07-29 10:00:00-04:00,2024-07-29 10:30:00-04:00,546.65,544.74,-1.9099999999999682,1.8999999999999773,-1.0052631578947322,-192.99999999999682,stop,1.5,0.5621131913747827
2024-07-30,-1,2024-07-30 10:05:00-04:00,2024-07-30 11:00:00-04:00,545.26,542.1399999999999,3.1200000000001182,2.080000000000041,1.5000000000000273,310.0000000000118,target,1.4700000000000273,0.9775196928178125
2024-07-31,1,2024-07-31 10:10:00-04:00,2024-07-31 14:45:00-04:00,549.66,552.7949999999998,3.134999999999877,2.089999999999918,1.5,311.4999999999877,target,1.6899999999999409,0.43790494564624427
2024-08-01,-1,2024-08-01 10:10:00-04:00,2024-08-01 10:45:00-04:00,552.13,548.2149999999999,3.9150000000000773,2.6100000000000136,1.5000000000000218,389.50000000000773,target,2.32000000000005,1.0998622862557117
2024-08-02,-1,2024-08-02 10:05:00-04:00,2024-08-02 10:40:00-04:00,533.86,529.165,4.69500000000005,3.1299999999999955,1.5000000000000182,467.500000000005,target,2.980000000000018,0.7922338437213557
2024-08-05,1,2024-08-05 09:50:00-04:00,2024-08-05 15:55:00-04:00,516.92,517.64,0.7200000000000273,6.649999999999977,0.10827067669173379,70.00000000000273,time,5.710000000000036,0.7794970627043577
2024-08-06,1,2024-08-06 09:55:00-04:00,2024-08-06 12:50:00-04:00,521.7,527.3700000000001,5.670000000000073,3.7800000000000864,1.499999999999985,565.0000000000073,target,2.6200000000000045,0.8924258717374633
2024-08-07,1,2024-08-07 09:55:00-04:00,2024-08-07 11:45:00-04:00,530.3,528.03,-2.269999999999982,2.259999999999991,-1.0044247787610578,-228.99999999999818,stop,2.1299999999999955,0.5112530059186295
2024-08-08,-1,2024-08-08 09:50:00-04:00,2024-08-08 09:50:00-04:00,522.3100000000001,524.39,-2.0799999999999272,2.0699999999999363,-1.004830917874392,-209.99999999999272,stop,1.4399999999999409,0.7013850303637035
2024-08-09,-1,2024-08-09 09:50:00-04:00,2024-08-09 10:10:00-04:00,528.66,531.13,-2.4700000000000273,2.4600000000000364,-1.0040650406504028,-249.00000000000273,stop,1.919999999999959,0.8898758515600493
2024-08-12,-1,2024-08-12 09:50:00-04:00,2024-08-12 10:20:00-04:00,531.47,534.49,-3.019999999999982,3.009999999999991,-1.0033222591362096,-303.9999999999982,stop,2.5399999999999636,0.7185528925177913
2024-08-13,1,2024-08-13 09:50:00-04:00,2024-08-13 12:50:00-04:00,538.13,540.905,2.7749999999999773,1.8500000000000227,1.4999999999999694,275.4999999999977,target,1.4100000000000819,0.6611501117608657
2024-08-14,-1,2024-08-14 10:00:00-04:00,2024-08-14 11:30:00-04:00,541.49,543.28,-1.7899999999999636,1.7799999999999727,-1.005617977528085,-180.99999999999636,stop,1.7699999999999818,0.721185310740396
2024-08-15,1,2024-08-15 10:30:00-04:00,2024-08-15 12:20:00-04:00,550.41,552.5999999999999,2.189999999999941,1.4599999999999227,1.5000000000000389,216.9999999999941,target,1.2699999999999818,0.7328173630799508
2024-08-16,1,2024-08-16 09:55:00-04:00,2024-08-16 12:15:00-04:00,552.41,554.135,1.7250000000000227,1.1499999999999773,1.5000000000000495,170.50000000000227,target,1.1399999999999864,0.6855114374837535
2024-08-19,-1,2024-08-19 10:20:00-04:00,2024-08-19 10:30:00-04:00,554.01,555.55,-1.5399999999999636,1.5299999999999727,-1.0065359477124125,-155.99999999999636,stop,1.0199999999999818,1.1209311925126597
2024-08-20,1,2024-08-20 09:55:00-04:00,2024-08-20 10:10:00-04:00,560.43,559.13,-1.2999999999999545,1.2899999999999636,-1.0077519379844893,-131.99999999999545,stop,1.0,0.5577825883436521
2024-08-21,1,2024-08-21 10:00:00-04:00,2024-08-21 10:10:00-04:00,560.38,559.35,-1.0299999999999727,1.0199999999999818,-1.0098039215686188,-104.99999999999727,stop,0.8099999999999454,0.6273218341562417
2024-08-22,-1,2024-08-22 09:50:00-04:00,2024-08-22 10:10:00-04:00,562.12,560.59,1.5299999999999727,1.0199999999999818,1.5,150.99999999999727,target,0.7799999999999727,1.241659525535951
2024-08-23,1,2024-08-23 10:00:00-04:00,2024-08-23 10:00:00-04:00,559.78,561.2049999999999,1.4249999999999545,0.9499999999999318,1.5000000000000597,140.49999999999545,target,0.8799999999999955,0.6430220149625048
2024-08-26,-1,2024-08-26 09:55:00-04:00,2024-08-26 10:30:00-04:00,562.78,561.085,1.6949999999999363,1.1299999999999955,1.4999999999999496,167.49999999999363,target,1.0299999999999727,0.528326663311401
2024-08-27,1,2024-08-27 09:55:00-04:00,2024-08-27 15:55:00-04:00,560.06,561.52,1.4600000000000364,1.7399999999998954,0.8390804597701863,144.00000000000364,time,1.2899999999999636,1.2783573290387686
2024-08-28,-1,2024-08-28 10:45:00-04:00,2024-08-28 11:15:00-04:00,560.23,558.1000000000001,2.1299999999998818,1.419999999999959,1.49999999999996,210.99999999998818,target,0.9700000000000273,1.1895541415789044
2024-08-29,1,2024-08-29 10:00:00-04:00,2024-08-29 12:05:00-04:00,561.11,563.33,2.2200000000000273,1.4800000000000182,1.5,220.00000000000273,target,1.4099999999999682,0.8765153296174831
2024-08-30,1,2024-08-30 10:05:00-04:00,2024-08-30 10:55:00-04:00,561.98,560.44,-1.5399999999999636,1.5299999999999727,-1.0065359477124125,-155.99999999999636,stop,1.4799999999999045,0.8696693241246112
2024-09-03,-1,2024-09-03 09:55:00-04:00,2024-09-03 12:45:00-04:00,558.41,554.81,3.6000000000000227,2.3999999999999773,1.5000000000000238,358.0000000000023,target,1.5699999999999363,0.9382294803324072
2024-09-04,1,2024-09-04 10:00:00-04:00,2024-09-04 10:00:00-04:00,552.55,550.02,-2.5299999999999727,2.519999999999982,-1.0039682539682504,-254.99999999999727,stop,2.330000000000041,0.5146485542700827
2024-09-05,1,2024-09-05 10:05:00-04:00,2024-09-05 10:50:00-04:00,553.01,550.64,-2.3700000000000045,2.3600000000000136,-1.0042372881355894,-239.00000000000045,stop,1.4800000000000182,1.1066646465337615
2024-09-06,-1,2024-09-06 09:55:00-04:00,2024-09-06 10:40:00-04:00,548.38,543.55,4.830000000000041,3.2200000000000273,1.5,481.0000000000041,target,3.1399999999999864,0.6855883334103429
2024-09-09,1,2024-09-09 10:00:00-04:00,2024-09-09 10:30:00-04:00,545.31,544.07,-1.2399999999998954,1.2299999999999045,-1.0081300813008063,-125.99999999998954,stop,1.1899999999999409,0.5639703569260923
2024-09-10,-1,2024-09-10 10:15:00-04:00,2024-09-10 15:25:00-04:00,545.88,548.67,-2.7899999999999636,2.7799999999999727,-1.0035971223021551,-280.99999999999636,stop,0.8899999999999864,1.0527570783938207
2024-09-11,-1,2024-09-11 09:50:00-04:00,2024-09-11 10:40:00-04:00,545.41,540.385,5.024999999999977,3.3500000000000227,1.4999999999999831,500.4999999999977,target,3.0599999999999454,0.724120322146287
2024-09-12,-1,2024-09-12 09:50:00-04:00,2024-09-12 10:10:00-04:00,553.27,555.38,-2.1100000000000136,2.1000000000000227,-1.0047619047619003,-213.00000000000136,stop,0.8899999999999864,0.8364491981531569
2024-09-13,1,2024-09-13 09:50:00-04:00,2024-09-13 15:55:00-04:00,561.13,561.95,0.82000000000005,1.67999999999995,0.4880952380952824,80.000000000005,time,1.419999999999959,0.6751702557589053
2024-09-16,1,2024-09-16 09:55:00-04:00,2024-09-16 10:30:00-04:00,562.77,560.8100000000001,-1.9599999999999227,1.9499999999999318,-1.0051282051282007,-197.99999999999227,stop,1.3199999999999363,0.7308778570388703
2024-09-17,-1,2024-09-17 09:55:00-04:00,2024-09-17 10:05:00-04:00,564.33,565.58,-1.25,1.240000000000009,-1.008064516129025,-127.0,stop,0.9700000000000273,0.6468288000503553
2024-09-18,-1,2024-09-18 10:20:00-04:00,2024-09-18 13:30:00-04:00,562.5600000000001,563.9399999999999,-1.3799999999998818,1.3699999999998909,-1.0072992700729866,-139.99999999998818,stop,1.25,1.1544804697472555
2024-09-19,-1,2024-09-19 09:55:00-04:00,2024-09-19 10:25:00-04:00,568.7,571.1,-2.3999999999999773,2.3899999999999864,-1.0041841004184062,-241.99999999999773,stop,2.0400000000000773,0.7120056488132096
2024-09-20,-1,2024-09-20 10:00:00-04:00,2024-09-20 12:50:00-04:00,567.0600000000001,568.51,-1.4499999999999318,1.4399999999999409,-1.0069444444444384,-146.99999999999318,stop,0.8999999999999773,0.7477019198610068
2024-09-23,1,2024-09-23 10:20:00-04:00,2024-09-23 12:15:00-04:00,569.64,568.52,-1.1200000000000045,1.1100000000000136,-1.0090090090090007,-114.00000000000045,stop,0.8899999999999864,0.6103496408879172
2024-09-24,-1,2024-09-24 09:55:00-04:00,2024-09-24 10:00:00-04:00,569.54,568.025,1.5149999999999864,1.009999999999991,1.5,149.49999999999864,target,0.9199999999999591,0.4173349520239257
2024-09-25,-1,2024-09-25 10:50:00-04:00,2024-09-25 13:00:00-04:00,570.79,569.2299999999998,1.5600000000001728,1.0400000000000773,1.5000000000000546,154.00000000001728,target,0.9700000000000273,0.7309404250714877
2024-09-26,-1,2024-09-26 10:10:00-04:00,2024-09-26 13:15:00-04:00,572.95,570.3100000000001,2.6399999999999864,1.759999999999991,1.5,261.99999999999864,target,1.400000000000091,0.6347503906055846
2024-09-27,1,2024-09-27 10:25:00-04:00,2024-09-27 11:35:00-04:00,573.77,572.79,-0.9800000000000182,0.9700000000000273,-1.0103092783505059,-100.00000000000182,stop,0.7599999999999909,0.8776605006132162
2024-09-30,1,2024-09-30 11:05:00-04:00,2024-09-30 14:10:00-04:00,571.66,570.39,-1.2699999999999818,1.259999999999991,-1.0079365079365008,-128.99999999999818,stop,1.0900000000000318,0.791227712453839
2024-10-01,-1,2024-10-01 09:50:00-04:00,2024-10-01 15:55:00-04:00,569.28,568.71,0.5699999999999363,4.180000000000064,0.13636363636361906,54.99999999999363,time,3.75,0.7621119098135726
2024-10-02,1,2024-10-02 10:15:00-04:00,2024-10-02 15:55:00-04:00,567.87,568.84,0.9700000000000273,2.6000000000000227,0.3730769230769303,95.00000000000273,time,2.490000000000009,0.5474887444408113
2024-10-03,1,2024-10-03 10:05:00-04:00,2024-10-03 10:20:00-04:00,569.24,567.03,-2.2100000000000364,2.2000000000000455,-1.0045454545454504,-223.00000000000364,stop,1.150000000000091,2.049808853447302
2024-10-04,-1,2024-10-04 09:55:00-04:00,2024-10-04 10:10:00-04:00,571.12,568.7349999999999,2.3850000000001046,1.5900000000000318,1.5000000000000357,236.50000000001046,target,1.4300000000000637,0.4675649929956499
2024-10-07,-1,2024-10-07 10:00:00-04:00,2024-10-07 10:05:00-04:00,570.71,571.66,-0.9499999999999318,0.9399999999999409,-1.0106382978723314,-96.99999999999318,stop,0.8999999999999773,1.1670017765942342
2024-10-08,1,2024-10-08 10:00:00-04:00,2024-10-08 14:35:00-04:00,570.76,572.59,1.830000000000041,1.2200000000000273,1.5,181.0000000000041,target,0.9600000000000364,0.9468911525659565
2024-10-09,1,2024-10-09 10:15:00-04:00,2024-10-09 11:20:00-04:00,573.8,575.675,1.875,1.25,1.5,185.5,target,1.240000000000009,0.7047484363650388
2024-10-10,-1,2024-10-10 09:50:00-04:00,2024-10-10 09:55:00-04:00,574.69,575.96,-1.2699999999999818,1.259999999999991,-1.0079365079365008,-128.99999999999818,stop,1.0200000000000955,0.8220240365948497
2024-10-11,1,2024-10-11 09:55:00-04:00,2024-10-11 10:15:00-04:00,577.25,579.26,2.009999999999991,1.3400000000000318,1.4999999999999576,198.9999999999991,target,1.2800000000000864,0.6813631435760018
2024-10-14,1,2024-10-14 09:50:00-04:00,2024-10-14 15:55:00-04:00,582.96,584.28,1.3199999999999363,2.230000000000018,0.5919282511210429,129.99999999999363,time,1.4600000000000364,0.8158295394404261
2024-10-15,-1,2024-10-15 10:00:00-04:00,2024-10-15 10:30:00-04:00,584.2,583.1500000000001,1.0499999999999545,0.6999999999999318,1.5000000000000813,102.99999999999545,target,0.5499999999999545,0.9870860819522169
2024-10-16,1,2024-10-16 10:10:00-04:00,2024-10-16 14:20:00-04:00,580.39,582.4449999999999,2.05499999999995,1.3700000000000045,1.4999999999999585,203.499999999995,target,0.9400000000000546,0.9616955477141959
2024-10-17,-1,2024-10-17 10:10:00-04:00,2024-10-17 15:55:00-04:00,583.11,582.3,0.8100000000000591,3.009999999999991,0.26910299003324306,79.00000000000591,time,2.919999999999959,0.5318558782575621
2024-10-18,1,2024-10-18 11:30:00-04:00,2024-10-18 15:55:00-04:00,584.27,584.5600000000001,0.2900000000000773,1.6899999999999409,0.17159763313614643,27.00000000000773,time,1.6399999999999864,0.91810985214065
2024-10-21,1,2024-10-21 09:50:00-04:00,2024-10-21 10:30:00-04:00,584.3199999999999,583.73,-0.5899999999999181,0.5799999999999272,-1.0172413793103312,-60.999999999991815,stop,0.5299999999999727,0.5084260061768332
2024-10-22,1,2024-10-22 09:55:00-04:00,2024-10-22 13:30:00-04:00,581.37,582.855,1.4850000000000136,0.9900000000000091,1.5,146.50000000000136,target,0.92999999999995,0.569974453173674
2024-10-23,-1,2024-10-23 10:05:00-04:00,2024-10-23 11:10:00-04:00,580.8,579.4349999999998,1.3650000000001228,0.9100000000000819,1.5,134.50000000001228,target,0.75,0.8550416533755184
2024-10-24,-1,2024-10-24 09:50:00-04:00,2024-10-24 12:10:00-04:00,578.78,576.86,1.919999999999959,1.2799999999999727,1.5,189.9999999999959,target,1.169999999999959,0.9413937009487715
2024-10-25,1,2024-10-25 09:50:00-04:00,2024-10-25 13:10:00-04:00,582.95,581.46,-1.490000000000009,1.4800000000000182,-1.0067567567567506,-151.0000000000009,stop,1.1599999999999682,0.7299506210470824
2024-10-28,-1,2024-10-28 10:00:00-04:00,2024-10-28 15:55:00-04:00,581.5,580.78,0.7200000000000273,1.2100000000000364,0.5950413223140543,70.00000000000273,time,1.150000000000091,0.42137518297295884
2024-10-29,1,2024-10-29 10:00:00-04:00,2024-10-29 13:00:00-04:00,579.99,582.3300000000002,2.3400000000001455,1.5600000000000591,1.5000000000000364,232.00000000001455,target,1.5300000000000864,0.5949316245328676
2024-10-30,1,2024-10-30 10:00:00-04:00,2024-10-30 15:55:00-04:00,581.85,579.96,-1.8899999999999864,2.560000000000059,-0.7382812499999776,-190.99999999999864,time,2.340000000000032,0.8685229120702852
2024-10-31,-1,2024-10-31 09:50:00-04:00,2024-10-31 14:30:00-04:00,573.3,569.8049999999998,3.4950000000001182,2.330000000000041,1.5000000000000244,347.5000000000118,target,1.3400000000000318,0.7192544550018958
2024-11-01,1,2024-11-01 09:50:00-04:00,2024-11-01 15:50:00-04:00,573.06,570.69,-2.369999999999891,2.3599999999999,-1.0042372881355897,-238.9999999999891,stop,2.339999999999918,0.5762280565427752
2024-11-04,1,2024-11-04 10:20:00-05:00,2024-11-04 11:40:00-05:00,571.75,569.26,-2.490000000000009,2.480000000000018,-1.0040322580645125,-251.0000000000009,stop,2.259999999999991,0.5521913574793302
2024-11-05,1,2024-11-05 09:50:00-05:00,2024-11-05 12:45:00-05:00,572.8199999999999,576.2699999999999,3.449999999999932,2.2999999999999545,1.5,342.9999999999932,target,2.1499999999999773,0.8104349811622331
2024-11-06,-1,2024-11-06 09:50:00-05:00,2024-11-06 12:45:00-05:00,586.49,589.4399999999999,-2.949999999999932,2.939999999999941,-1.0034013605442147,-296.9999999999932,stop,1.7399999999998954,0.6129255441115646
2024-11-07,1,2024-11-07 10:00:00-05:00,2024-11-07 12:45:00-05:00,593.98,595.465,1.4850000000000136,0.9900000000000091,1.5,146.50000000000136,target,0.8099999999999454,0.5330389764609988
2024-11-08,1,2024-11-08 09:50:00-05:00,2024-11-08 11:30:00-05:00,596.93,598.0849999999999,1.1549999999999727,0.7699999999999818,1.5,113.49999999999727,target,0.6800000000000637,0.735572413848288
2024-11-11,-1,2024-11-11 09:50:00-05:00,2024-11-11 13:00:00-05:00,599.28,597.9449999999999,1.3350000000000364,0.8899999999999864,1.500000000000064,131.50000000000364,target,0.849999999999909,0.817711184059052
2024-11-12,-1,2024-11-12 10:05:00-05:00,2024-11-12 11:45:00-05:00,598.14,596.415,1.7250000000000227,1.1499999999999773,1.5000000000000495,170.50000000000227,target,0.9199999999999591,1.0875925259223376
2024-11-13,-1,2024-11-13 09:50:00-05:00,2024-11-13 10:05:00-05:00,596.76,595.3199999999999,1.4400000000000546,0.9600000000000364,1.5,142.00000000000546,target,0.7200000000000273,0.5585721079538699
2024-11-14,-1,2024-11-14 10:20:00-05:00,2024-11-14 15:55:00-05:00,595.14,593.38,1.759999999999991,2.669999999999959,0.6591760299625535,173.9999999999991,time,1.9499999999999318,1.2560746157939582
2024-11-15,-1,2024-11-15 10:00:00-05:00,2024-11-15 10:35:00-05:00,588.65,586.3249999999998,2.325000000000159,1.5500000000000682,1.5000000000000366,230.50000000001592,target,1.2300000000000182,1.1382739995482973
2024-11-18,1,2024-11-18 10:05:00-05:00,2024-11-18 11:20:00-05:00,586.78,588.9399999999998,2.1599999999998545,1.4399999999999409,1.4999999999999605,213.99999999998545,target,1.0499999999999545,0.8333405795337157
2024-11-19,1,2024-11-19 10:30:00-05:00,2024-11-19 12:30:00-05:00,586.46,589.3250000000002,2.865000000000123,1.9100000000000819,1.5,284.5000000000123,target,1.25,0.795174255799365
2024-11-20,-1,2024-11-20 10:00:00-05:00,2024-11-20 15:50:00-05:00,587.39,590.54,-3.1499999999999773,3.1399999999999864,-1.0031847133757934,-316.9999999999977,stop,2.6499999999999773,0.45006259691513834
2024-11-21,-1,2024-11-21 10:30:00-05:00,2024-11-21 12:40:00-05:00,587.6800000000001,593.58,-5.899999999999977,5.889999999999986,-1.0016977928692683,-591.9999999999977,stop,5.010000000000105,0.5844372059355772
2024-11-22,1,2024-11-22 10:00:00-05:00,2024-11-22 10:25:00-05:00,595.95,593.5600000000001,-2.3899999999999864,2.3799999999999955,-1.0042016806722651,-240.99999999999864,stop,2.2099999999999227,0.5346504386593769
2024-11-25,-1,2024-11-25 10:10:00-05:00,2024-11-25 12:40:00-05:00,598.72,595.51,3.2100000000000364,2.1399999999999864,1.5000000000000266,319.00000000000364,target,2.060000000000059,0.491343034646281
2024-11-26,-1,2024-11-26 10:20:00-05:00,2024-11-26 11:00:00-05:00,598.21,599.49,-1.2799999999999727,1.2699999999999818,-1.0078740157480244,-129.99999999999727,stop,0.9800000000000182,0.6169812555278884
2024-11-27,-1,2024-11-27 10:15:00-05:00,2024-11-27 11:45:00-05:00,599.8100000000001,598.2500000000001,1.5599999999999454,1.0399999999999636,1.5,153.99999999999454,target,0.9099999999999682,1.0040991982928218
2024-12-02,-1,2024-12-02 11:05:00-05:00,2024-12-02 11:40:00-05:00,602.58,603.6899999999999,-1.1099999999999,1.099999999999909,-1.0090909090909015,-112.99999999999,stop,0.9799999999999045,0.4602297166346409
2024-12-03,-1,2024-12-03 10:30:00-05:00,2024-12-03 12:50:00-05:00,602.47,603.73,-1.259999999999991,1.25,-1.0079999999999927,-127.99999999999909,stop,0.9500000000000455,0.8098485688822249
2024-12-04,1,2024-12-04 09:55:00-05:00,2024-12-04 10:00:00-05:00,606.1,605.5,-0.6000000000000227,0.5900000000000318,-1.0169491525423566,-62.000000000002274,stop,0.5399999999999636,0.5659693268629172
2024-12-05,1,2024-12-05 10:05:00-05:00,2024-12-05 10:20:00-05:00,608.1,607.36,-0.7400000000000091,0.7300000000000182,-1.0136986301369735,-76.00000000000091,stop,0.4800000000000182,1.1741150882308393
2024-12-06,1,2024-12-06 09:50:00-05:00,2024-12-06 12:00:00-05:00,608.8199999999999,607.33,-1.4899999999998954,1.4799999999999045,-1.006756756756751,-150.99999999998954,stop,0.9599999999999227,0.7723195496895339
2024-12-09,-1,2024-12-09 10:20:00-05:00,2024-12-09 10:45:00-05:00,606.9300000000001,605.5350000000001,1.3949999999999818,0.92999999999995,1.500000000000061,137.49999999999818,target,0.6599999999999682,1.4264231235737928
2024-12-10,1,2024-12-10 10:20:00-05:00,2024-12-10 12:15:00-05:00,605.48,604.26,-1.2200000000000273,1.2100000000000364,-1.0082644628099096,-124.00000000000273,stop,1.1299999999999955,1.0385937821775548
2024-12-11,1,2024-12-11 09:50:00-05:00,2024-12-11 11:35:00-05:00,606.35,607.625,1.2749999999999773,0.8500000000000227,1.4999999999999332,125.49999999999773,target,0.6299999999999955,1.0845216265378228
2024-12-12,-1,2024-12-12 09:55:00-05:00,2024-12-12 10:25:00-05:00,605.83,606.65,-0.8199999999999363,0.8099999999999454,-1.0123456790123353,-83.99999999999363,stop,0.7599999999999909,0.5412248832821474
2024-12-13,-1,2024-12-13 10:05:00-05:00,2024-12-13 10:40:00-05:00,605.75,603.9649999999999,1.7850000000000819,1.1900000000000546,1.5,176.50000000000819,target,0.9300000000000637,0.9427125143164474
2024-12-16,1,2024-12-16 10:05:00-05:00,2024-12-16 10:20:00-05:00,606.67,605.62,-1.0499999999999545,1.0399999999999636,-1.0096153846153761,-106.99999999999545,stop,0.7699999999999818,1.0571166540475403
2024-12-17,1,2024-12-17 09:55:00-05:00,2024-12-17 10:10:00-05:00,604.83,603.59,-1.240000000000009,1.2300000000000182,-1.0081300813008054,-126.00000000000091,stop,1.009999999999991,0.6688171692515741
2024-12-18,1,2024-12-18 09:55:00-05:00,2024-12-18 10:45:00-05:00,604.56,606.1949999999998,1.6349999999998772,1.0899999999999181,1.5,161.49999999998772,target,0.67999999999995,0.7743553709864375
2024-12-19,-1,2024-12-19 09:55:00-05:00,2024-12-19 15:55:00-05:00,589.99,586.17,3.82000000000005,3.009999999999991,1.2691029900332431,380.000000000005,time,2.3999999999999773,0.6392902977043444
2024-12-20,1,2024-12-20 10:15:00-05:00,2024-12-20 10:55:00-05:00,584.37,589.2,4.830000000000041,3.2200000000000273,1.5,481.0000000000041,target,3.0299999999999727,0.7058747703216651
2024-12-23,-1,2024-12-23 09:50:00-05:00,2024-12-23 11:45:00-05:00,589.49,591.78,-2.2899999999999636,2.2799999999999727,-1.0043859649122768,-230.99999999999636,stop,1.2699999999999818,0.8516603831831417
2024-12-26,-1,2024-12-26 09:55:00-05:00,2024-12-26 10:00:00-05:00,598.38,600.28,-1.8999999999999773,1.8899999999999864,-1.0052910052910005,-191.99999999999773,stop,0.8600000000000136,1.0257074055962045
2024-12-27,-1,2024-12-27 10:05:00-05:00,2024-12-27 15:55:00-05:00,594.91,595.0,-0.09000000000003183,2.8700000000000045,-0.03135888501743264,-11.000000000003183,time,1.2899999999999636,1.79306023918772
2024-12-30,-1,2024-12-30 10:00:00-05:00,2024-12-30 11:15:00-05:00,585.2,588.02,-2.8199999999999363,2.8099999999999454,-1.0035587188612067,-283.99999999999363,stop,2.340000000000032,0.6931297045120554
2024-12-31,-1,2024-12-31 10:10:00-05:00,2024-12-31 12:35:00-05:00,588.38,585.0799999999999,3.300000000000068,2.2000000000000455,1.5,328.0000000000068,target,2.0300000000000864,0.49157728797079403
2025-01-02,1,2025-01-02 09:55:00-05:00,2025-01-02 11:00:00-05:00,589.9399999999999,586.13,-3.8099999999999454,3.7999999999999545,-1.002631578947366,-382.99999999999454,stop,3.509999999999991,0.9334759326211549
2025-01-03,1,2025-01-03 11:30:00-05:00,2025-01-03 15:55:00-05:00,589.61,591.85,2.240000000000009,2.669999999999959,0.8389513108614395,222.0000000000009,time,2.6099999999999,1.0116759237707411
2025-01-06,1,2025-01-06 09:50:00-05:00,2025-01-06 13:45:00-05:00,597.98,595.89,-2.090000000000032,2.080000000000041,-1.0048076923076878,-211.00000000000318,stop,1.8799999999999955,0.65696473695227
2025-01-07,-1,2025-01-07 10:05:00-05:00,2025-01-07 15:20:00-05:00,593.76,587.775,5.985000000000014,3.990000000000009,1.5,596.5000000000014,target,1.6499999999999773,3.297910395711278
2025-01-08,-1,2025-01-08 09:55:00-05:00,2025-01-08 11:35:00-05:00,587.22,588.78,-1.5599999999999454,1.5499999999999545,-1.0064516129032202,-157.99999999999454,stop,1.6200000000000045,0.9785037997360893
2025-01-10,-1,2025-01-10 09:50:00-05:00,2025-01-10 15:55:00-05:00,582.7,580.54,2.160000000000082,3.259999999999991,0.6625766871165913,214.00000000000819,time,2.6200000000000045,1.045798950193108
2025-01-13,1,2025-01-13 09:55:00-05:00,2025-01-13 14:25:00-05:00,577.35,580.35,3.0,2.0,1.5,298.0,target,1.5499999999999545,0.5054220136142656
2025-01-14,-1,2025-01-14 09:55:00-05:00,2025-01-14 11:45:00-05:00,582.73,579.325,3.4049999999999727,2.269999999999982,1.5,338.49999999999727,target,1.7000000000000455,0.7430427410595496
2025-01-15,1,2025-01-15 09:50:00-05:00,2025-01-15 15:55:00-05:00,592.12,592.75,0.6299999999999955,2.92999999999995,0.2150170648464185,60.999999999999545,time,2.0499999999999545,0.6857339195035362
2025-01-16,-1,2025-01-16 09:50:00-05:00,2025-01-16 11:05:00-05:00,592.45,594.31,-1.8599999999999,1.849999999999909,-1.0054054054054007,-187.99999999999,stop,1.3399999999999181,0.6452925358969402
2025-01-17,1,2025-01-17 10:40:00-05:00,2025-01-17 15:55:00-05:00,597.5699999999999,597.54,-0.029999999999972715,1.9599999999999227,-0.015306122448966274,-4.9999999999972715,time,1.6899999999999409,0.7468996064461982
2025-01-21,-1,2025-01-21 10:15:00-05:00,2025-01-21 11:50:00-05:00,598.95,601.14,-2.189999999999941,2.17999999999995,-1.0045871559632986,-220.9999999999941,stop,1.5299999999999727,0.7909463614214242
2025-01-22,1,2025-01-22 09:55:00-05:00,2025-01-22 11:50:00-05:00,606.31,607.7349999999999,1.4249999999999545,0.9499999999999318,1.5000000000000597,140.49999999999545,target,0.7200000000000273,0.5636313171741714
2025-01-23,1,2025-01-23 10:45:00-05:00,2025-01-23 13:15:00-05:00,606.55,608.0949999999999,1.544999999999959,1.0299999999999727,1.5,152.4999999999959,target,0.7599999999999909,1.044550437269596
2025-01-24,1,2025-01-24 09:50:00-05:00,2025-01-24 10:00:00-05:00,610.45,609.64,-0.8100000000000591,0.8000000000000682,-1.0124999999999875,-83.00000000000591,stop,0.7200000000000273,1.0564425817544327
2025-01-27,1,2025-01-27 10:00:00-05:00,2025-01-27 15:55:00-05:00,598.6,599.38,0.7799999999999727,3.9600000000000364,0.19696969696968827,75.99999999999727,time,3.810000000000059,0.4271004990340326
2025-01-28,-1,2025-01-28 09:50:00-05:00,2025-01-28 10:10:00-05:00,597.82,600.79,-2.9699999999999136,2.9599999999999227,-1.0033783783783754,-298.99999999999136,stop,2.519999999999982,0.7068521692430606
2025-01-29,1,2025-01-29 10:10:00-05:00,2025-01-29 11:05:00-05:00,603.99,602.4300000000001,-1.5599999999999454,1.5499999999999545,-1.0064516129032202,-157.99999999999454,stop,1.5499999999999545,0.9348884330874955
2025-01-30,1,2025-01-30 09:50:00-05:00,2025-01-30 10:00:00-05:00,605.72,603.36,-2.3600000000000136,2.3500000000000227,-1.0042553191489323,-238.00000000000136,stop,1.330000000000041,0.7416660363013496
2025-01-31,1,2025-01-31 10:00:00-05:00,2025-01-31 11:00:00-05:00,608.13,609.7350000000001,1.6050000000001319,1.07000000000005,1.500000000000053,158.5000000000132,target,0.9200000000000728,0.4319177389056134
2025-02-03,-1,2025-02-03 10:05:00-05:00,2025-02-03 10:20:00-05:00,591.46,594.38,-2.919999999999959,2.909999999999968,-1.0034364261168354,-293.9999999999959,stop,2.4700000000000273,1.0226079937902701
2025-02-04,1,2025-02-04 09:55:00-05:00,2025-02-04 11:15:00-05:00,598.96,601.4800000000001,2.5200000000000955,1.6800000000000637,1.5,250.00000000000955,target,1.2699999999999818,0.7077736231878953
2025-02-05,-1,2025-02-05 09:55:00-05:00,2025-02-05 10:00:00-05:00,600.1800000000001,601.1,-0.9199999999999591,0.9099999999999682,-1.0109890109890014,-93.99999999999591,stop,0.8899999999999864,0.6739368982014171
2025-02-06,-1,2025-02-06 10:05:00-05:00,2025-02-06 14:30:00-05:00,605.04,603.525,1.5149999999999864,1.009999999999991,1.5,149.49999999999864,target,0.9499999999999318,0.48989741372990253
2025-02-07,1,2025-02-07 09:50:00-05:00,2025-02-07 10:00:00-05:00,607.87,606.55,-1.32000000000005,1.3100000000000591,-1.0076335877862523,-134.000000000005,stop,1.2100000000000364,0.40240436950075903
2025-02-10,1,2025-02-10 10:05:00-05:00,2025-02-10 15:55:00-05:00,604.15,604.78,0.6299999999999955,1.4099999999999682,0.44680851063830473,60.999999999999545,time,1.3600000000000136,0.6298943583573158
2025-02-11,1,2025-02-11 10:30:00-05:00,2025-02-11 15:55:00-05:00,604.17,605.21,1.0400000000000773,1.740000000000009,0.5977011494253287,102.00000000000773,time,1.1600000000000819,1.027265143763535
2025-02-12,1,2025-02-12 09:50:00-05:00,2025-02-12 15:55:00-05:00,601.18,603.35,2.1700000000000728,2.669999999999959,0.8127340823970435,215.00000000000728,time,2.25,0.5935459231798034
2025-02-13,1,2025-02-13 10:15:00-05:00,2025-02-13 14:30:00-05:00,605.3,608.4499999999998,3.1499999999998636,2.099999999999909,1.5,312.99999999998636,target,1.8599999999999,1.1209059568463355
2025-02-14,1,2025-02-14 10:05:00-05:00,2025-02-14 10:40:00-05:00,610.62,609.75,-0.8700000000000045,0.8600000000000136,-1.0116279069767333,-89.00000000000045,stop,0.7300000000000182,0.6634545477258248
2025-02-18,-1,2025-02-18 10:05:00-05:00,2025-02-18 15:55:00-05:00,609.84,611.01,-1.169999999999959,1.1599999999999682,-1.0086206896551648,-118.99999999999591,stop,0.8999999999999773,1.2535643526917426
2025-02-19,-1,2025-02-19 10:05:00-05:00,2025-02-19 10:30:00-05:00,609.7,610.28,-0.5799999999999272,0.5699999999999363,-1.0175438596491089,-59.999999999992724,stop,0.5199999999999818,0.6285394624778416
2025-02-20,-1,2025-02-20 09:50:00-05:00,2025-02-20 09:55:00-05:00,610.37,608.3899999999999,1.9800000000001319,1.32000000000005,1.500000000000043,196.0000000000132,target,1.1600000000000819,1.260797423925998
2025-02-21,-1,2025-02-21 09:50:00-05:00,2025-02-21 10:30:00-05:00,608.78,606.5,2.2799999999999727,1.5199999999999818,1.5,225.99999999999727,target,1.419999999999959,0.8022730266890847
2025-02-24,-1,2025-02-24 09:50:00-05:00,2025-02-24 10:05:00-05:00,600.57,596.8800000000001,3.689999999999941,2.4599999999999227,1.500000000000023,366.9999999999941,target,2.3799999999999955,0.5401193009028222
2025-02-25,-1,2025-02-25 09:50:00-05:00,2025-02-25 10:10:00-05:00,596.0,593.165,2.8350000000000364,1.8899999999999864,1.50000000000003,281.50000000000364,target,1.5,0.7885972705439998
2025-02-26,1,2025-02-26 09:50:00-05:00,2025-02-26 12:55:00-05:00,597.22,595.09,-2.1299999999999955,2.1200000000000045,-1.004716981132071,-214.99999999999955,stop,1.3999999999999773,0.6687172444010043
2025-02-27,-1,2025-02-27 09:55:00-05:00,2025-02-27 15:00:00-05:00,593.76,587.37,6.389999999999986,4.259999999999991,1.5,636.9999999999986,target,2.9600000000000364,0.960986505881272
2025-02-28,1,2025-02-28 10:10:00-05:00,2025-02-28 13:15:00-05:00,586.68,583.26,-3.419999999999959,3.409999999999968,-1.0029325513196454,-343.9999999999959,stop,3.060000000000059,0.3555050867373141
2025-03-03,-1,2025-03-03 09:50:00-05:00,2025-03-03 13:10:00-05:00,594.25,589.615,4.634999999999991,3.090000000000032,1.4999999999999816,461.4999999999991,target,2.6900000000000546,0.6073492225133587
2025-03-04,-1,2025-03-04 09:55:00-05:00,2025-03-04 10:20:00-05:00,577.0600000000001,572.335,4.725000000000023,3.1499999999999773,1.500000000000018,470.5000000000023,target,2.6200000000000045,0.48714819360285844
2025-03-05,-1,2025-03-05 10:00:00-05:00,2025-03-05 10:00:00-05:00,576.5,579.13,-2.6299999999999955,2.6200000000000045,-1.0038167938931264,-264.99999999999955,stop,2.8600000000000136,0.9637968515396874
2025-03-06,1,2025-03-06 10:05:00-05:00,2025-03-06 12:00:00-05:00,576.25,573.44,-2.8099999999999454,2.7999999999999545,-1.0035714285714255,-282.99999999999454,stop,2.2999999999999545,1.4496590556481455
2025-03-07,1,2025-03-07 09:50:00-05:00,2025-03-07 10:30:00-05:00,575.38,570.79,-4.590000000000032,4.580000000000041,-1.002183406113535,-461.0000000000032,stop,3.990000000000009,0.7216549995255281
2025-03-10,-1,2025-03-10 10:05:00-04:00,2025-03-10 13:35:00-04:00,565.9300000000001,560.5150000000002,5.41499999999985,3.6099999999999,1.5,539.499999999985,target,3.17999999999995,0.9233932185536344
2025-03-11,1,2025-03-11 09:50:00-04:00,2025-03-11 10:00:00-04:00,561.53,558.29,-3.240000000000009,3.230000000000018,-1.0030959752321953,-326.0000000000009,stop,2.6700000000000728,0.6278920378852857
2025-03-12,-1,2025-03-12 09:55:00-04:00,2025-03-12 11:05:00-04:00,559.59,554.3100000000001,5.279999999999973,3.519999999999982,1.5,525.9999999999973,target,3.050000000000068,0.7152702580074398
2025-03-13,-1,2025-03-13 09:50:00-04:00,2025-03-13 10:25:00-04:00,556.7,558.73,-2.0299999999999727,2.019999999999982,-1.0049504950495005,-204.99999999999727,stop,1.6499999999999773,0.6897952761454396
2025-03-14,1,2025-03-14 09:50:00-04:00,2025-03-14 10:00:00-04:00,559.2,555.79,-3.410000000000082,3.400000000000091,-1.0029411764705856,-343.0000000000082,stop,2.480000000000018,0.6169438527545597
2025-03-17,1,2025-03-17 10:15:00-04:00,2025-03-17 15:55:00-04:00,566.27,567.01,0.7400000000000091,3.919999999999959,0.18877551020408592,72.00000000000091,time,3.8099999999999454,0.5749705267255233
2025-03-18,-1,2025-03-18 09:55:00-04:00,2025-03-18 15:55:00-04:00,561.34,561.04,0.3000000000000682,3.67999999999995,0.08152173913045442,28.00000000000682,time,3.3500000000000227,0.6025563719876036
2025-03-19,1,2025-03-19 09:55:00-04:00,2025-03-19 14:50:00-04:00,564.22,568.105,3.884999999999991,2.590000000000032,1.499999999999978,386.4999999999991,target,1.6100000000000136,0.7807541293836285
2025-03-20,1,2025-03-20 09:55:00-04:00,2025-03-20 15:55:00-04:00,566.05,565.6800000000001,-0.36999999999989086,3.449999999999932,-0.1072463768115647,-38.999999999989086,time,2.8899999999999864,0.5510097684893457
2025-03-21,1,2025-03-21 10:55:00-04:00,2025-03-21 12:55:00-04:00,560.34,563.4450000000002,3.105000000000132,2.07000000000005,1.5000000000000275,308.5000000000132,target,2.009999999999991,0.4727879321919107
2025-03-24,1,2025-03-24 09:50:00-04:00,2025-03-24 15:55:00-04:00,572.61,574.02,1.4099999999999682,2.409999999999968,0.5850622406638949,138.99999999999682,time,2.1099999999999,0.7566633286484523
2025-03-25,-1,2025-03-25 09:50:00-04:00,2025-03-25 10:25:00-04:00,574.26,575.67,-1.4099999999999682,1.3999999999999773,-1.0071428571428507,-142.99999999999682,stop,1.3399999999999181,0.6202718634071372
2025-03-26,-1,2025-03-26 09:55:00-04:00,2025-03-26 11:50:00-04:00,574.34,571.355,2.9850000000000136,1.990000000000009,1.5,296.50000000000136,target,1.5900000000000318,1.243752373875417
2025-03-27,1,2025-03-27 09:55:00-04:00,2025-03-27 15:55:00-04:00,567.83,567.0,-0.8300000000000409,2.8899999999999864,-0.28719723183392554,-85.00000000000409,time,2.5799999999999272,0.9330973215267583
2025-03-28,-1,2025-03-28 10:00:00-04:00,2025-03-28 10:25:00-04:00,563.83,560.1700000000001,3.659999999999968,2.439999999999941,1.5000000000000233,363.9999999999968,target,1.8999999999999773,0.6819828060499482
2025-03-31,1,2025-03-31 10:10:00-04:00,2025-03-31 14:30:00-04:00,551.39,557.405,6.014999999999986,4.009999999999991,1.5,599.4999999999986,target,3.25,0.5519706216031028
2025-04-01,1,2025-04-01 09:50:00-04:00,2025-04-01 10:05:00-04:00,558.39,555.99,-2.3999999999999773,2.3899999999999864,-1.0041841004184062,-241.99999999999773,stop,1.7200000000000273,0.8826397201818262
2025-04-02,1,2025-04-02 09:50:00-04:00,2025-04-02 13:05:00-04:00,559.38,566.2350000000001,6.855000000000132,4.57000000000005,1.5000000000000124,683.5000000000132,target,4.190000000000055,0.5107466976573967
2025-04-03,-1,2025-04-03 10:05:00-04:00,2025-04-03 15:55:00-04:00,543.24,537.65,5.590000000000032,4.730000000000018,1.181818181818184,557.0000000000032,time,3.080000000000041,0.6955680489612184
2025-04-04,-1,2025-04-04 10:15:00-04:00,2025-04-04 14:35:00-04:00,518.41,507.2199999999999,11.190000000000055,7.460000000000036,1.5,1117.0000000000055,target,6.720000000000027,0.6770909443696519
2025-04-07,1,2025-04-07 09:55:00-04:00,2025-04-07 10:10:00-04:00,492.24,507.9,15.659999999999968,10.439999999999998,1.4999999999999973,1563.9999999999968,target,7.5,0.9107375955234115
2025-04-08,1,2025-04-08 10:00:00-04:00,2025-04-08 11:00:00-04:00,522.6,517.78,-4.82000000000005,4.810000000000059,-1.0020790020790002,-484.000000000005,stop,4.3799999999999955,0.5753378653030294
2025-04-09,-1,2025-04-09 11:00:00-04:00,2025-04-09 12:55:00-04:00,493.21000000000004,502.05,-8.839999999999975,8.829999999999984,-1.001132502831256,-885.9999999999975,stop,8.629999999999995,0.9778087819880485
2025-04-10,-1,2025-04-10 10:15:00-04:00,2025-04-10 11:55:00-04:00,527.65,518.875,8.774999999999977,5.850000000000023,1.4999999999999902,875.4999999999977,target,4.990000000000009,0.5377975917761878
2025-04-11,1,2025-04-11 09:50:00-04:00,2025-04-11 10:20:00-04:00,527.23,521.09,-6.139999999999986,6.1299999999999955,-1.0016313213703085,-615.9999999999986,stop,5.169999999999959,0.7900460876588732
2025-04-14,-1,2025-04-14 11:30:00-04:00,2025-04-14 15:55:00-04:00,538.63,538.98,-0.35000000000002274,5.649999999999977,-0.06194690265487153,-37.000000000002274,time,5.029999999999973,1.526318079013377
2025-04-15,1,2025-04-15 09:55:00-04:00,2025-04-15 10:15:00-04:00,542.48,539.23,-3.25,3.240000000000009,-1.0030864197530835,-327.0,stop,2.980000000000018,0.8534424815817242
2025-04-16,-1,2025-04-16 09:55:00-04:00,2025-04-16 11:20:00-04:00,530.49,533.87,-3.3799999999999955,3.3700000000000045,-1.0029673590504424,-339.99999999999955,stop,2.2899999999999636,0.973527618843912
2025-04-17,1,2025-04-17 09:55:00-04:00,2025-04-17 10:15:00-04:00,528.87,526.35,-2.519999999999982,2.509999999999991,-1.0039840637450164,-253.99999999999818,stop,2.1299999999999955,0.7898402969905967
2025-04-21,-1,2025-04-21 09:55:00-04:00,2025-04-21 11:00:00-04:00,518.73,514.275,4.455000000000041,2.9700000000000273,1.5,443.5000000000041,target,2.7000000000000455,0.5330732068578882
2025-04-22,1,2025-04-22 09:50:00-04:00,2025-04-22 11:55:00-04:00,521.86,525.865,4.0049999999999955,2.669999999999959,1.5000000000000213,398.49999999999955,target,2.259999999999991,1.0968878709203855
2025-04-23,-1,2025-04-23 11:30:00-04:00,2025-04-23 15:55:00-04:00,538.59,535.42,3.1700000000000728,6.319999999999936,0.5015822784810292,315.0000000000073,time,5.399999999999977,1.9958371167605702
2025-04-24,1,2025-04-24 09:50:00-04:00,2025-04-24 10:30:00-04:00,538.28,542.5249999999999,4.244999999999891,2.8299999999999272,1.5,422.4999999999891,target,2.4799999999999045,1.070947669888884
2025-04-25,-1,2025-04-25 09:50:00-04:00,2025-04-25 12:20:00-04:00,545.55,548.13,-2.580000000000041,2.57000000000005,-1.003891050583654,-260.0000000000041,stop,2.4700000000000273,0.8148990069691869
2025-04-28,-1,2025-04-28 10:00:00-04:00,2025-04-28 12:10:00-04:00,550.34,546.02,4.32000000000005,2.8799999999999955,1.5000000000000198,430.000000000005,target,2.1299999999999955,0.8249306907656785
2025-04-29,1,2025-04-29 09:50:00-04:00,2025-04-29 13:45:00-04:00,550.98,554.6250000000001,3.6450000000000955,2.4300000000000637,1.5,362.50000000000955,target,1.8600000000000136,1.0695733819279074
2025-04-30,-1,2025-04-30 10:00:00-04:00,2025-04-30 11:00:00-04:00,541.92,547.6,-5.680000000000064,5.670000000000073,-1.0017636684303335,-570.0000000000064,stop,4.990000000000009,0.7739330996088326
2025-05-01,-1,2025-05-01 10:00:00-04:00,2025-05-01 10:05:00-04:00,558.84,561.01,-2.169999999999959,2.159999999999968,-1.0046296296296255,-218.9999999999959,stop,1.9500000000000455,0.7141160599821748
2025-05-02,-1,2025-05-02 09:50:00-04:00,2025-05-02 10:15:00-04:00,563.59,565.49,-1.8999999999999773,1.8899999999999864,-1.0052910052910005,-191.99999999999773,stop,1.6499999999999773,0.7842887181101261
2025-05-05,1,2025-05-05 10:10:00-04:00,2025-05-05 13:50:00-04:00,563.48,565.97,2.490000000000009,1.6599999999999682,1.5000000000000342,247.0000000000009,target,1.3799999999999955,0.781876136382404
2025-05-06,-1,2025-05-06 09:55:00-04:00,2025-05-06 10:15:00-04:00,557.12,559.68,-2.5599999999999454,2.5499999999999545,-1.0039215686274474,-257.99999999999454,stop,2.1200000000000045,0.8525072399819444
2025-05-07,1,2025-05-07 10:00:00-04:00,2025-05-07 10:50:00-04:00,561.47,559.51,-1.9600000000000364,1.9500000000000455,-1.0051282051282004,-198.00000000000364,stop,1.6800000000000637,0.5617181324641008
2025-05-08,-1,2025-05-08 09:50:00-04:00,2025-05-08 11:20:00-04:00,563.86,565.65,-1.7899999999999636,1.7799999999999727,-1.005617977528085,-180.99999999999636,stop,1.5,0.6576751968350026
2025-05-09,-1,2025-05-09 10:20:00-04:00,2025-05-09 10:35:00-04:00,565.74,563.1,2.6399999999999864,1.759999999999991,1.5,261.99999999999864,target,1.3799999999999955,0.6190265303188273
2025-05-12,-1,2025-05-12 10:30:00-04:00,2025-05-12 13:05:00-04:00,578.26,581.74,-3.480000000000018,3.4700000000000273,-1.0028818443804008,-350.0000000000018,stop,3.2899999999999636,0.920622370156261
2025-05-13,1,2025-05-13 09:55:00-04:00,2025-05-13 10:15:00-04:00,584.76,587.6399999999999,2.8799999999998818,1.919999999999959,1.4999999999999705,285.9999999999882,target,1.8299999999999272,0.5234916332246796
2025-05-14,-1,2025-05-14 09:50:00-04:00,2025-05-14 15:55:00-04:00,586.97,587.56,-0.5899999999999181,2.009999999999991,-0.2935323383084183,-60.999999999991815,time,1.32000000000005,0.9791096789723613
2025-05-15,-1,2025-05-15 09:50:00-04:00,2025-05-15 10:00:00-04:00,585.35,586.48,-1.1299999999999955,1.1200000000000045,-1.0089285714285632,-114.99999999999955,stop,0.9700000000000273,0.6828007657005047
2025-05-16,-1,2025-05-16 10:45:00-04:00,2025-05-16 11:30:00-04:00,589.42,591.43,-2.009999999999991,2.0,-1.0049999999999955,-202.9999999999991,stop,1.4099999999999682,1.2687450895357144
2025-05-19,1,2025-05-19 09:50:00-04:00,2025-05-19 13:05:00-04:00,591.03,595.4399999999998,4.4099999999998545,2.939999999999941,1.4999999999999807,438.99999999998545,target,2.419999999999959,0.6496009610119828
2025-05-20,-1,2025-05-20 09:50:00-04:00,2025-05-20 10:35:00-04:00,592.39,593.64,-1.25,1.240000000000009,-1.008064516129025,-127.0,stop,0.8700000000000045,1.045613119131782
2025-05-21,1,2025-05-21 09:50:00-04:00,2025-05-21 13:15:00-04:00,590.15,588.41,-1.740000000000009,1.7300000000000182,-1.005780346820804,-176.0000000000009,stop,1.5500000000000682,0.6281622739813797
2025-05-22,1,2025-05-22 10:00:00-04:00,2025-05-22 15:55:00-04:00,584.2,583.02,-1.1800000000000637,2.800000000000068,-0.4214285714285839,-120.00000000000637,time,2.1200000000000045,0.7768910860882541
2025-05-23,1,2025-05-23 10:15:00-04:00,2025-05-23 15:55:00-04:00,578.28,579.17,0.8899999999999864,2.67999999999995,0.3320895522388071,86.99999999999864,time,2.5599999999999454,0.6212477386995156
2025-05-27,1,2025-05-27 10:05:00-04:00,2025-05-27 12:35:00-04:00,586.8,590.4449999999999,3.644999999999982,2.42999999999995,1.5000000000000233,362.4999999999982,target,2.0,0.8434363969445126
2025-05-28,-1,2025-05-28 09:50:00-04:00,2025-05-28 11:35:00-04:00,591.28,589.045,2.2350000000000136,1.490000000000009,1.5,221.50000000000136,target,1.4700000000000273,1.128699571677282
2025-05-29,-1,2025-05-29 09:50:00-04:00,2025-05-29 12:00:00-04:00,590.39,586.175,4.215000000000032,2.810000000000059,1.4999999999999798,419.5000000000032,target,2.2100000000000364,0.7595737633801843
2025-05-30,-1,2025-05-30 09:50:00-04:00,2025-05-30 10:10:00-04:00,587.29,589.12,-1.830000000000041,1.82000000000005,-1.0054945054945004,-185.0000000000041,stop,1.7300000000000182,1.213884842502291
2025-06-02,-1,2025-06-02 09:55:00-04:00,2025-06-02 10:30:00-04:00,587.21,589.75,-2.5399999999999636,2.5299999999999727,-1.003952569169957,-255.99999999999636,stop,2.019999999999982,1.1146594121182605
2025-06-03,1,2025-06-03 10:20:00-04:00,2025-06-03 11:45:00-04:00,593.43,595.5,2.07000000000005,1.3799999999999955,1.5000000000000413,205.000000000005,target,1.2200000000000273,0.7894520240910754
2025-06-04,-1,2025-06-04 10:05:00-04:00,2025-06-04 15:55:00-04:00,596.65,595.9,0.75,1.3000000000000682,0.5769230769230467,73.0,time,1.1600000000000819,1.5684061764242672
2025-06-05,-1,2025-06-05 09:50:00-04:00,2025-06-05 11:15:00-04:00,595.21,597.92,-2.7099999999999227,2.699999999999932,-1.0037037037037004,-272.99999999999227,stop,2.659999999999968,0.9633034127692807
2025-06-06,-1,2025-06-06 11:20:00-04:00,2025-06-06 14:30:00-04:00,597.98,600.55,-2.5699999999999363,2.5599999999999454,-1.0039062499999964,-258.99999999999363,stop,2.480000000000018,2.5701456288439863
2025-06-09,1,2025-06-09 10:35:00-04:00,2025-06-09 15:55:00-04:00,600.0699999999999,599.58,-0.4899999999998954,1.5799999999999272,-0.3101265822784291,-50.99999999998954,time,1.5,1.9668879411385651
2025-06-10,1,2025-06-10 10:20:00-04:00,2025-06-10 11:30:00-04:00,601.09,600.15,-0.9400000000000546,0.9300000000000637,-1.0107526881720326,-96.00000000000546,stop,0.82000000000005,0.5775305640677155
2025-06-11,1,2025-06-11 10:20:00-04:00,2025-06-11 12:05:00-04:00,604.53,602.79,-1.740000000000009,1.7300000000000182,-1.005780346820804,-176.0000000000009,stop,1.4500000000000455,0.7072658891071132
2025-06-12,1,2025-06-12 09:50:00-04:00,2025-06-12 10:35:00-04:00,600.9,602.97,2.07000000000005,1.3799999999999955,1.5000000000000413,205.000000000005,target,1.3000000000000682,0.6424756838653669
2025-06-13,-1,2025-06-13 10:00:00-04:00,2025-06-13 11:20:00-04:00,598.16,600.38,-2.2200000000000273,2.2100000000000364,-1.0045248868778238,-224.00000000000273,stop,2.2100000000000364,0.6267936646208283
2025-06-16,1,2025-06-16 09:50:00-04:00,2025-06-16 15:55:00-04:00,602.15,602.69,0.5400000000000773,1.92999999999995,0.2797927461140369,52.00000000000773,time,1.490000000000009,1.0068519808137428
2025-06-17,1,2025-06-17 10:10:00-04:00,2025-06-17 12:55:00-04:00,601.17,599.76,-1.4099999999999682,1.3999999999999773,-1.0071428571428507,-142.99999999999682,stop,1.1100000000000136,0.610203050307307
2025-06-18,1,2025-06-18 09:50:00-04:00,2025-06-18 10:30:00-04:00,598.83,601.0350000000001,2.205000000000041,1.4700000000000273,1.5,218.5000000000041,target,1.0900000000000318,0.6891141896884214
2025-06-20,-1,2025-06-20 10:00:00-04:00,2025-06-20 10:50:00-04:00,597.34,594.175,3.1650000000000773,2.1100000000000136,1.5000000000000269,314.50000000000773,target,1.8000000000000682,0.47738931312633476
2025-06-23,1,2025-06-23 09:50:00-04:00,2025-06-23 12:30:00-04:00,596.16,593.59,-2.5699999999999363,2.5599999999999454,-1.0039062499999964,-258.99999999999363,stop,2.17999999999995,0.7704291120220323
2025-06-24,1,2025-06-24 11:25:00-04:00,2025-06-24 15:55:00-04:00,605.67,606.74,1.07000000000005,1.7299999999999045,0.6184971098266526,105.000000000005,time,1.4499999999999318,0.7506128418902046
2025-06-25,-1,2025-06-25 10:15:00-04:00,2025-06-25 13:40:00-04:00,607.46,605.7350000000001,1.724999999999909,1.1499999999999773,1.4999999999999505,170.4999999999909,target,0.8600000000000136,0.6085823066994748
2025-06-26,-1,2025-06-26 09:50:00-04:00,2025-06-26 10:00:00-04:00,608.73,609.39,-0.6599999999999682,0.6499999999999773,-1.015384615384602,-67.99999999999682,stop,0.6100000000000136,1.0533010517197094
2025-06-27,1,2025-06-27 09:50:00-04:00,2025-06-27 10:35:00-04:00,613.83,615.5250000000001,1.69500000000005,1.1299999999999955,1.5000000000000504,167.500000000005,target,1.009999999999991,0.6279139632720333
2025-06-30,-1,2025-06-30 09:50:00-04:00,2025-06-30 15:20:00-04:00,616.17,617.5,-1.330000000000041,1.32000000000005,-1.0075757575757505,-135.0000000000041,stop,1.2999999999999545,0.5838818239183206
2025-07-01,1,2025-07-01 09:50:00-04:00,2025-07-01 10:45:00-04:00,617.3,616.24,-1.0599999999999454,1.0499999999999545,-1.0095238095238013,-107.99999999999454,stop,0.6599999999999682,1.055039222581058
2025-07-02,1,2025-07-02 10:05:00-04:00,2025-07-02 11:35:00-04:00,617.6899999999999,619.3099999999998,1.6199999999998909,1.0799999999999272,1.5,159.9999999999891,target,0.8799999999999955,1.1306271729593538
2025-07-07,-1,2025-07-07 10:15:00-04:00,2025-07-07 12:15:00-04:00,622.74,620.865,1.875,1.25,1.5,185.5,target,1.1100000000000136,0.8078386393356374
2025-07-08,-1,2025-07-08 10:05:00-04:00,2025-07-08 10:35:00-04:00,620.53,621.48,-0.9500000000000455,0.9400000000000546,-1.01063829787233,-97.00000000000455,stop,0.9200000000000728,0.9775163924509574
2025-07-09,1,2025-07-09 09:50:00-04:00,2025-07-09 10:30:00-04:00,624.54,622.64,-1.8999999999999773,1.8899999999999864,-1.0052910052910005,-191.99999999999773,stop,1.5400000000000773,1.0075312330034825
2025-07-10,-1,2025-07-10 09:55:00-04:00,2025-07-10 10:35:00-04:00,623.48,624.43,-0.9499999999999318,0.9399999999999409,-1.0106382978723314,-96.99999999999318,stop,0.8999999999999773,1.1630321668816697
2025-07-11,1,2025-07-11 10:15:00-04:00,2025-07-11 15:55:00-04:00,623.6,623.6,0.0,1.9099999999999682,0.0,-2.0,time,1.8299999999999272,0.5629784608414719
2025-07-14,1,2025-07-14 10:25:00-04:00,2025-07-14 15:55:00-04:00,623.54,624.7,1.1600000000000819,1.75,0.6628571428571897,114.00000000000819,time,1.5600000000000591,1.1086825021754114
2025-07-15,-1,2025-07-15 10:00:00-04:00,2025-07-15 15:55:00-04:00,625.66,622.3599999999999,3.300000000000068,2.2000000000000455,1.5,328.0000000000068,target,1.9800000000000182,0.7458776096999903
2025-07-16,-1,2025-07-16 09:50:00-04:00,2025-07-16 11:15:00-04:00,622.65,620.4449999999999,2.205000000000041,1.4700000000000273,1.5,218.5000000000041,target,1.2100000000000364,0.7821025963647493
2025-07-17,1,2025-07-17 09:50:00-04:00,2025-07-17 15:55:00-04:00,625.97,627.98,2.009999999999991,1.7900000000000773,1.1229050279329074,198.9999999999991,time,1.4600000000000364,0.6994693199179355
2025-07-18,-1,2025-07-18 10:05:00-04:00,2025-07-18 10:55:00-04:00,628.54,627.1449999999999,1.3950000000000955,0.9300000000000637,1.5,137.50000000000955,target,0.9400000000000546,0.9006786753096648
2025-07-21,1,2025-07-21 09:50:00-04:00,2025-07-21 15:45:00-04:00,630.1,628.66,-1.4400000000000546,1.4300000000000637,-1.0069930069930004,-146.00000000000546,stop,0.8500000000000227,1.0780968117144611
2025-07-22,-1,2025-07-22 09:50:00-04:00,2025-07-22 13:25:00-04:00,627.99,629.2,-1.2100000000000364,1.2000000000000455,-1.0083333333333255,-123.00000000000364,stop,0.9600000000000364,0.8703250726849409
2025-07-23,-1,2025-07-23 09:50:00-04:00,2025-07-23 11:50:00-04:00,630.33,631.63,-1.2999999999999545,1.2899999999999636,-1.0077519379844893,-131.99999999999545,stop,1.1499999999999773,0.8742534733337602
2025-07-24,1,2025-07-24 09:50:00-04:00,2025-07-24 15:55:00-04:00,635.22,634.44,-0.7799999999999727,1.2300000000000182,-0.6341463414633831,-79.99999999999727,time,0.9199999999999591,0.7575600810881414
2025-07-25,1,2025-07-25 10:20:00-04:00,2025-07-25 12:25:00-04:00,635.58,636.69,1.1100000000000136,0.7400000000000091,1.5,109.00000000000136,target,0.6499999999999773,0.6209361650547844
2025-07-28,1,2025-07-28 10:15:00-04:00,2025-07-28 11:15:00-04:00,637.97,637.07,-0.8999999999999773,0.8899999999999864,-1.0112359550561698,-91.99999999999773,stop,0.7599999999999909,0.7341263725914674
2025-07-29,-1,2025-07-29 09:50:00-04:00,2025-07-29 11:15:00-04:00,637.71,636.2700000000002,1.4399999999998272,0.9599999999999227,1.4999999999999407,141.99999999998272,target,0.7400000000000091,0.8881831381588866
2025-07-30,1,2025-07-30 10:20:00-04:00,2025-07-30 11:10:00-04:00,636.16,635.28,-0.8799999999999955,0.8700000000000045,-1.0114942528735527,-89.99999999999955,stop,0.7599999999999909,0.8264597034466702
2025-07-31,-1,2025-07-31 10:55:00-04:00,2025-07-31 13:55:00-04:00,637.25,633.5,3.75,2.5,1.5,373.0,target,1.92999999999995,0.9522234376794979
2025-08-01,-1,2025-08-01 09:50:00-04:00,2025-08-01 15:55:00-04:00,621.3100000000001,621.72,-0.40999999999996817,5.029999999999973,-0.08151093439363229,-42.99999999999682,time,4.080000000000041,0.9280359365609945
2025-08-04,1,2025-08-04 09:50:00-04:00,2025-08-04 15:55:00-04:00,628.36,631.0600000000001,2.7000000000000455,2.75,0.9818181818181984,268.00000000000455,time,2.2899999999999636,0.7308439693855069
2025-08-05,-1,2025-08-05 10:05:00-04:00,2025-08-05 10:40:00-04:00,630.69,628.2750000000002,2.41499999999985,1.6099999999999,1.5,239.499999999985,target,1.0799999999999272,1.400860230826859
2025-08-06,1,2025-08-06 09:55:00-04:00,2025-08-06 10:20:00-04:00,629.6899999999999,628.26,-1.42999999999995,1.419999999999959,-1.0070422535211205,-144.999999999995,stop,1.1800000000000637,0.8078656306093834
2025-08-07,-1,2025-08-07 09:55:00-04:00,2025-08-07 10:20:00-04:00,635.67,633.7049999999999,1.9650000000000318,1.3100000000000591,1.4999999999999567,194.50000000000318,target,1.2799999999999727,0.6367247301430501
2025-08-08,1,2025-08-08 09:50:00-04:00,2025-08-08 14:00:00-04:00,635.3,637.6399999999999,2.339999999999918,1.5599999999999454,1.5,231.99999999999181,target,1.0599999999999454,1.2718255960347895
2025-08-11,1,2025-08-11 10:20:00-04:00,2025-08-11 10:45:00-04:00,637.96,636.87,-1.0900000000000318,1.080000000000041,-1.0092592592592504,-111.00000000000318,stop,0.8799999999999955,0.8389905848466631
2025-08-12,-1,2025-08-12 09:50:00-04:00,2025-08-12 10:50:00-04:00,637.6,639.89,-2.2899999999999636,2.2799999999999727,-1.0043859649122768,-230.99999999999636,stop,2.0399999999999636,1.2404181335619562
2025-08-13,1,2025-08-13 09:50:00-04:00,2025-08-13 10:20:00-04:00,645.88,644.48,-1.3999999999999773,1.3899999999999864,-1.00719424460431,-141.99999999999773,stop,1.0699999999999363,0.7949883475872243
2025-08-14,1,2025-08-14 09:50:00-04:00,2025-08-14 15:55:00-04:00,643.64,645.5899999999999,1.9499999999999318,1.2999999999999545,1.5,192.99999999999318,target,1.1100000000000136,0.6415881003988796
2025-08-15,-1,2025-08-15 09:50:00-04:00,2025-08-15 15:55:00-04:00,643.92,643.47,0.4499999999999318,2.1700000000000728,0.20737327188936253,42.99999999999318,time,1.0199999999999818,1.1998678455313077
2025-08-18,-1,2025-08-18 10:00:00-04:00,2025-08-18 10:20:00-04:00,642.72,643.6,-0.8799999999999955,0.8700000000000045,-1.0114942528735527,-89.99999999999955,stop,0.8000000000000682,0.6254475756132101
2025-08-19,1,2025-08-19 10:05:00-04:00,2025-08-19 10:40:00-04:00,644.1,641.97,-2.1299999999999955,2.1200000000000045,-1.004716981132071,-214.99999999999955,stop,1.4499999999999318,0.9589017979316998
2025-08-20,-1,2025-08-20 09:50:00-04:00,2025-08-20 10:15:00-04:00,637.38,633.96,3.419999999999959,2.2799999999999727,1.5,339.9999999999959,target,1.5599999999999454,1.0106986017188888
2025-08-21,-1,2025-08-21 10:00:00-04:00,2025-08-21 10:00:00-04:00,635.11,636.52,-1.4099999999999682,1.3999999999999773,-1.0071428571428507,-142.99999999999682,stop,1.259999999999991,0.5931245083312678
2025-08-22,1,2025-08-22 09:50:00-04:00,2025-08-22 10:00:00-04:00,639.58,643.075,3.4950000000000045,2.330000000000041,1.4999999999999756,347.50000000000045,target,2.17999999999995,1.2099543141495916
2025-08-25,1,2025-08-25 10:10:00-04:00,2025-08-25 15:45:00-04:00,644.45,643.4,-1.0500000000000682,1.0400000000000773,-1.0096153846153753,-107.00000000000682,stop,0.9600000000000364,0.6181271564753608
2025-08-26,-1,2025-08-26 09:50:00-04:00,2025-08-26 10:00:00-04:00,641.75,642.86,-1.1100000000000136,1.1000000000000227,-1.0090909090909006,-113.00000000000136,stop,0.9200000000000728,1.1641950702894868
2025-08-27,1,2025-08-27 10:10:00-04:00,2025-08-27 15:55:00-04:00,645.68,646.59,0.9100000000000819,1.259999999999991,0.7222222222222924,89.00000000000819,time,1.1100000000000136,0.5690132743165741
2025-08-28,-1,2025-08-28 09:50:00-04:00,2025-08-28 12:25:00-04:00,646.53,648.1,-1.57000000000005,1.5600000000000591,-1.0064102564102504,-159.000000000005,stop,1.2300000000000182,0.6311114158453308
2025-08-29,-1,2025-08-29 09:50:00-04:00,2025-08-29 10:50:00-04:00,646.09,643.465,2.625,1.75,1.5,260.5,target,1.0400000000000773,1.1536885433476003
2025-09-02,1,2025-09-02 09:50:00-04:00,2025-09-02 11:35:00-04:00,637.8199999999999,636.04,-1.7799999999999727,1.7699999999999818,-1.0056497175141192,-179.99999999999727,stop,1.4800000000000182,0.590235253462681
2025-09-03,-1,2025-09-03 09:55:00-04:00,2025-09-03 10:30:00-04:00,642.37,643.24,-0.8700000000000045,0.8600000000000136,-1.0116279069767333,-89.00000000000045,stop,0.82000000000005,0.5848887244590313
2025-09-04,-1,2025-09-04 10:05:00-04:00,2025-09-04 10:30:00-04:00,644.07,645.31,-1.2399999999998954,1.2299999999999045,-1.0081300813008063,-125.99999999998954,stop,1.1099999999999,1.0533860312044576
2025-09-05,-1,2025-09-05 09:55:00-04:00,2025-09-05 10:00:00-04:00,651.27,649.905,1.365000000000009,0.9099999999999682,1.5000000000000624,134.5000000000009,target,0.8399999999999181,1.0560884077565225
2025-09-08,-1,2025-09-08 10:20:00-04:00,2025-09-08 10:30:00-04:00,647.9,649.0699999999999,-1.169999999999959,1.1599999999999682,-1.0086206896551648,-118.99999999999591,stop,1.0,0.6889612496708523
2025-09-09,-1,2025-09-09 09:55:00-04:00,2025-09-09 10:00:00-04:00,648.65,649.51,-0.8600000000000136,0.8500000000000227,-1.011764705882342,-88.00000000000136,stop,0.75,0.8142924886191198
2025-09-10,1,2025-09-10 09:50:00-04:00,2025-09-10 11:15:00-04:00,653.75,652.67,-1.080000000000041,1.07000000000005,-1.0093457943925144,-110.00000000000409,stop,1.0500000000000682,0.6663522571490743
2025-09-11,1,2025-09-11 09:55:00-04:00,2025-09-11 11:15:00-04:00,655.11,657.2249999999999,2.1149999999998954,1.4099999999999682,1.4999999999999596,209.49999999998954,target,0.9199999999999591,0.7681226622902636
2025-09-12,1,2025-09-12 10:00:00-04:00,2025-09-12 15:40:00-04:00,658.02,657.13,-0.8899999999999864,0.8799999999999955,-1.011363636363626,-90.99999999999864,stop,0.6299999999999955,0.7259869980602008
2025-09-15,1,2025-09-15 09:55:00-04:00,2025-09-15 14:40:00-04:00,660.48,659.46,-1.0199999999999818,1.009999999999991,-1.009900990099001,-103.99999999999818,stop,0.8299999999999272,0.7929133723749003
2025-09-16,-1,2025-09-16 09:55:00-04:00,2025-09-16 15:55:00-04:00,660.3,659.9399999999999,0.36000000000001364,1.4800000000000182,0.24324324324324947,34.000000000001364,time,1.1200000000000045,1.1193279016749542
2025-09-17,-1,2025-09-17 10:05:00-04:00,2025-09-17 14:00:00-04:00,659.54,660.5699999999999,-1.0299999999999727,1.0199999999999818,-1.0098039215686188,-104.99999999999727,stop,0.7999999999999545,0.8174457695742586
2025-09-18,1,2025-09-18 10:05:00-04:00,2025-09-18 15:55:00-04:00,662.75,662.27,-0.4800000000000182,1.990000000000009,-0.2412060301507618,-50.00000000000182,time,1.6800000000000637,0.6773470917389783
2025-09-19,1,2025-09-19 09:50:00-04:00,2025-09-19 10:45:00-04:00,662.42,661.3100000000001,-1.1099999999999,1.099999999999909,-1.0090909090909015,-112.99999999999,stop,1.0499999999999545,0.5380532389675209
2025-09-22,1,2025-09-22 09:50:00-04:00,2025-09-22 10:25:00-04:00,662.89,663.97,1.080000000000041,0.7200000000000273,1.5,106.00000000000409,target,0.6299999999999955,0.7394077382998899
2025-09-23,-1,2025-09-23 10:25:00-04:00,2025-09-23 12:05:00-04:00,666.45,665.2050000000002,1.2449999999998909,0.8299999999999272,1.5,122.49999999998909,target,0.7099999999999227,0.717258082576892
2025-09-24,-1,2025-09-24 09:50:00-04:00,2025-09-24 11:55:00-04:00,662.94,660.4350000000002,2.5049999999998818,1.669999999999959,1.499999999999966,248.49999999998818,target,1.2100000000000364,0.7092260702089574
2025-09-25,1,2025-09-25 10:15:00-04:00,2025-09-25 14:00:00-04:00,658.02,655.07,-2.949999999999932,2.939999999999941,-1.0034013605442147,-296.9999999999932,stop,2.8999999999999773,0.632922951137813
2025-09-26,1,2025-09-26 10:00:00-04:00,2025-09-26 10:20:00-04:00,661.81,658.91,-2.8999999999999773,2.8899999999999864,-1.0034602076124537,-291.9999999999977,stop,2.7700000000000955,0.4696704667759309
2025-09-29,1,2025-09-29 10:10:00-04:00,2025-09-29 11:10:00-04:00,665.1,663.71,-1.3899999999999864,1.3799999999999955,-1.0072463768115876,-140.99999999999864,stop,1.0399999999999636,0.7985937729524637
2025-09-30,-1,2025-09-30 09:55:00-04:00,2025-09-30 10:00:00-04:00,662.15,663.22,-1.07000000000005,1.0600000000000591,-1.0094339622641417,-109.000000000005,stop,0.9900000000000091,0.8694800388771182
2025-10-01,1,2025-10-01 10:30:00-04:00,2025-10-01 14:40:00-04:00,665.54,669.1699999999998,3.6299999999998818,2.419999999999959,1.4999999999999765,360.9999999999882,target,2.269999999999982,0.5333923687208928
2025-10-02,-1,2025-10-02 10:15:00-04:00,2025-10-02 15:55:00-04:00,668.6,669.15,-0.5499999999999545,1.9700000000000273,-0.2791878172588563,-56.99999999999545,time,1.6900000000000546,0.5818948046865092
2025-10-03,1,2025-10-03 10:30:00-04:00,2025-10-03 13:40:00-04:00,671.4,669.92,-1.4800000000000182,1.4700000000000273,-1.0068027210884292,-150.00000000000182,stop,1.400000000000091,0.755941670543162
2025-10-06,-1,2025-10-06 10:00:00-04:00,2025-10-06 11:45:00-04:00,670.0,671.66,-1.6599999999999682,1.6499999999999773,-1.0060606060606005,-167.99999999999682,stop,1.5900000000000318,0.7079696323078768
2025-10-07,-1,2025-10-07 10:05:00-04:00,2025-10-07 11:05:00-04:00,671.8100000000001,670.0400000000002,1.7699999999998681,1.17999999999995,1.4999999999999518,174.9999999999868,target,0.7899999999999636,0.7189565228774711
2025-10-08,1,2025-10-08 10:05:00-04:00,2025-10-08 15:55:00-04:00,671.3,673.03,1.7300000000000182,1.8799999999999955,0.9202127659574587,171.00000000000182,time,1.0200000000000955,1.1394613028608482
2025-10-09,-1,2025-10-09 09:55:00-04:00,2025-10-09 15:55:00-04:00,671.83,671.2,0.6299999999999955,2.1100000000000136,0.2985781990521286,60.999999999999545,time,1.2800000000000864,1.0186311940632777
2025-10-10,-1,2025-10-10 11:00:00-04:00,2025-10-10 11:25:00-04:00,669.12,662.355,6.764999999999986,4.509999999999991,1.5,674.4999999999986,target,1.75,8.279099028115871
2025-10-13,1,2025-10-13 10:00:00-04:00,2025-10-13 11:05:00-04:00,662.88,659.79,-3.090000000000032,3.080000000000041,-1.0032467532467502,-311.0000000000032,stop,1.8700000000000045,0.6832983575412447
2025-10-14,1,2025-10-14 10:05:00-04:00,2025-10-14 12:30:00-04:00,657.5699999999999,663.9749999999999,6.404999999999973,4.269999999999982,1.5,638.4999999999973,target,4.110000000000014,0.6196966904741571
2025-10-15,1,2025-10-15 10:00:00-04:00,2025-10-15 11:35:00-04:00,668.35,666.22,-2.1299999999999955,2.1200000000000045,-1.004716981132071,-214.99999999999955,stop,1.3999999999999773,0.6154350614014544
2025-10-16,-1,2025-10-16 10:15:00-04:00,2025-10-16 10:20:00-04:00,665.8100000000001,667.53,-1.7199999999999136,1.7099999999999227,-1.005847953216369,-173.99999999999136,stop,1.3299999999999272,1.004370578253691
2025-10-17,1,2025-10-17 09:55:00-04:00,2025-10-17 11:35:00-04:00,661.72,658.22,-3.5,3.490000000000009,-1.0028653295128913,-352.0,stop,3.1299999999999955,0.8091960838330055
2025-10-20,1,2025-10-20 09:50:00-04:00,2025-10-20 15:55:00-04:00,669.26,671.25,1.990000000000009,1.990000000000009,1.0,197.0000000000009,time,1.8600000000000136,0.695539243553601
2025-10-21,-1,2025-10-21 10:00:00-04:00,2025-10-21 10:20:00-04:00,670.55,671.79,-1.240000000000009,1.2300000000000182,-1.0081300813008054,-126.00000000000091,stop,1.0899999999999181,0.837928021170973
2025-10-22,-1,2025-10-22 10:25:00-04:00,2025-10-22 11:20:00-04:00,670.4300000000001,668.0600000000002,2.369999999999891,1.5799999999999272,1.5,234.9999999999891,target,1.5599999999999454,0.8318375259425628
2025-10-23,1,2025-10-23 09:50:00-04:00,2025-10-23 15:55:00-04:00,670.28,671.6,1.32000000000005,2.480000000000018,0.5322580645161453,130.000000000005,time,1.740000000000009,1.2320714969334252
2025-10-24,1,2025-10-24 10:10:00-04:00,2025-10-24 15:55:00-04:00,677.8199999999999,677.1,-0.7199999999999136,2.169999999999959,-0.3317972350230079,-73.99999999999136,time,2.1000000000000227,0.7223961010902437
2025-10-27,1,2025-10-27 10:05:00-04:00,2025-10-27 15:50:00-04:00,683.37,685.26,1.8899999999999864,1.259999999999991,1.5,186.99999999999864,target,1.080000000000041,0.944611435976072
2025-10-28,-1,2025-10-28 09:50:00-04:00,2025-10-28 12:30:00-04:00,685.66,687.24,-1.580000000000041,1.57000000000005,-1.0063694267515864,-160.0000000000041,stop,1.3700000000000045,0.7038663696188849
2025-10-29,1,2025-10-29 09:55:00-04:00,2025-10-29 10:45:00-04:00,689.3,688.14,-1.1599999999999682,1.1499999999999773,-1.0086956521739052,-117.99999999999682,stop,1.1100000000000136,0.7547231012007898
2025-10-30,1,2025-10-30 09:50:00-04:00,2025-10-30 15:15:00-04:00,683.98,681.38,-2.6000000000000227,2.590000000000032,-1.0038610038610003,-262.0000000000023,stop,2.519999999999982,0.7316663184485935
2025-10-31,-1,2025-10-31 10:05:00-04:00,2025-10-31 15:55:00-04:00,682.61,681.99,0.6200000000000045,2.4700000000000273,0.25101214574898695,60.000000000000455,time,2.080000000000041,0.7194830096071075
2025-11-03,-1,2025-11-03 09:55:00-05:00,2025-11-03 15:55:00-05:00,682.49,683.38,-0.8899999999999864,3.3099999999999454,-0.2688821752265864,-90.99999999999864,time,2.7999999999999545,0.6120142080243278
2025-11-04,1,2025-11-04 09:55:00-05:00,2025-11-04 14:40:00-05:00,678.3199999999999,674.66,-3.659999999999968,3.6499999999999773,-1.0027397260273947,-367.9999999999968,stop,2.5,0.6298650415759263
2025-11-05,1,2025-11-05 09:50:00-05:00,2025-11-05 11:40:00-05:00,676.08,678.9450000000002,2.865000000000123,1.9100000000000819,1.5,284.5000000000123,target,1.1700000000000728,0.7597010455632714
2025-11-06,-1,2025-11-06 09:55:00-05:00,2025-11-06 10:40:00-05:00,674.9,671.18,3.7200000000000273,2.480000000000018,1.5,370.00000000000273,target,1.6899999999999409,1.0666205631272239
2025-11-07,-1,2025-11-07 10:45:00-05:00,2025-11-07 14:35:00-05:00,664.23,667.99,-3.759999999999991,3.75,-1.0026666666666642,-377.9999999999991,stop,3.6299999999999955,0.9051332419341238
2025-11-10,-1,2025-11-10 10:55:00-05:00,2025-11-10 12:50:00-05:00,676.89,679.1,-2.2100000000000364,2.2000000000000455,-1.0045454545454504,-223.00000000000364,stop,2.060000000000059,1.6550535327804488
2025-11-11,1,2025-11-11 10:00:00-05:00,2025-11-11 10:05:00-05:00,680.6899999999999,679.73,-0.9599999999999227,0.9499999999999318,-1.0105263157894648,-97.99999999999227,stop,0.7799999999999727,1.0551343090129823
2025-11-12,-1,2025-11-12 09:50:00-05:00,2025-11-12 15:55:00-05:00,683.29,683.3,-0.009999999999990905,1.6700000000000728,-0.0059880239520901015,-2.9999999999990905,time,1.0300000000000864,1.198734275615143
2025-11-13,-1,2025-11-13 10:45:00-05:00,2025-11-13 13:35:00-05:00,677.23,672.01,5.220000000000027,3.480000000000018,1.5,520.0000000000027,target,3.019999999999982,1.042277535991211
2025-11-14,1,2025-11-14 09:50:00-05:00,2025-11-14 11:25:00-05:00,667.86,674.76,6.899999999999977,4.600000000000023,1.4999999999999876,687.9999999999977,target,3.6000000000000227,0.8022784636847019
2025-11-17,1,2025-11-17 09:50:00-05:00,2025-11-17 11:05:00-05:00,672.81,668.91,-3.8999999999999773,3.8899999999999864,-1.0025706940874013,-391.9999999999977,stop,3.75,0.6176964138226729
2025-11-18,-1,2025-11-18 09:55:00-05:00,2025-11-18 12:55:00-05:00,659.78,664.27,-4.490000000000009,4.480000000000018,-1.0022321428571408,-451.0000000000009,stop,3.3099999999999454,0.9183960169603326
2025-11-19,1,2025-11-19 09:50:00-05:00,2025-11-19 12:30:00-05:00,663.55,660.1,-3.449999999999932,3.439999999999941,-1.0029069767441834,-346.9999999999932,stop,3.2100000000000364,0.7914985508661406
2025-11-20,1,2025-11-20 09:55:00-05:00,2025-11-20 11:00:00-05:00,674.25,672.46,-1.7899999999999636,1.7799999999999727,-1.005617977528085,-180.99999999999636,stop,1.67999999999995,0.4805327451634322
2025-11-21,-1,2025-11-21 10:05:00-05:00,2025-11-21 11:35:00-05:00,653.91,656.45,-2.5400000000000773,2.5300000000000864,-1.0039525691699567,-256.00000000000773,stop,2.410000000000082,0.9151961239105777
2025-11-24,-1,2025-11-24 09:50:00-05:00,2025-11-24 10:05:00-05:00,662.3,665.54,-3.240000000000009,3.230000000000018,-1.0030959752321953,-326.0000000000009,stop,3.1499999999999773,0.6116280087448649
2025-11-25,-1,2025-11-25 09:50:00-05:00,2025-11-25 10:40:00-05:00,664.95,669.99,-5.039999999999964,5.029999999999973,-1.0019880715705747,-505.99999999999636,stop,2.7899999999999636,1.5160862450206514
2025-11-26,1,2025-11-26 09:50:00-05:00,2025-11-26 09:55:00-05:00,679.35,677.42,-1.9300000000000637,1.9200000000000728,-1.0052083333333284,-195.00000000000637,stop,1.400000000000091,0.7636784666582318
2025-12-01,1,2025-12-01 09:55:00-05:00,2025-12-01 15:55:00-05:00,681.22,680.36,-0.8600000000000136,2.480000000000018,-0.34677419354839006,-88.00000000000136,time,1.5699999999999363,0.682301303303811
2025-12-02,-1,2025-12-02 09:55:00-05:00,2025-12-02 10:00:00-05:00,681.57,682.97,-1.3999999999999773,1.3899999999999864,-1.00719424460431,-141.99999999999773,stop,1.330000000000041,0.5339201392026529
2025-12-03,1,2025-12-03 10:05:00-05:00,2025-12-03 15:55:00-05:00,682.22,683.8,1.5799999999999272,2.2799999999999727,0.6929824561403273,155.99999999999272,time,1.5599999999999454,0.9962682260983298
2025-12-04,-1,2025-12-04 09:50:00-05:00,2025-12-04 15:55:00-05:00,683.48,684.41,-0.92999999999995,1.8899999999999864,-0.49206349206346917,-94.999999999995,time,1.740000000000009,0.8086663327201626
2025-12-05,1,2025-12-05 09:55:00-05:00,2025-12-05 11:30:00-05:00,686.9399999999999,685.3100000000001,-1.6299999999998818,1.6199999999998909,-1.0061728395061675,-164.99999999998818,stop,1.2399999999998954,0.6276242944525028
2025-12-08,-1,2025-12-08 10:10:00-05:00,2025-12-08 11:00:00-05:00,685.23,683.115,2.115000000000009,1.4099999999999682,1.5000000000000404,209.5000000000009,target,1.3600000000000136,0.5360393206649947
2025-12-09,1,2025-12-09 09:55:00-05:00,2025-12-09 15:55:00-05:00,684.42,682.8100000000001,-1.6099999999999,1.599999999999909,-1.0062499999999948,-162.99999999999,stop,1.3099999999999454,0.7047121587580125
2025-12-10,1,2025-12-10 10:00:00-05:00,2025-12-10 14:30:00-05:00,683.14,685.885,2.7450000000000045,1.830000000000041,1.499999999999969,272.50000000000045,target,1.7600000000001046,0.8746482845531898
2025-12-11,-1,2025-12-11 09:50:00-05:00,2025-12-11 10:20:00-05:00,683.63,685.83,-2.2000000000000455,2.1900000000000546,-1.0045662100456578,-222.00000000000455,stop,1.3400000000000318,0.9185365100313083
2025-12-12,-1,2025-12-12 09:50:00-05:00,2025-12-12 10:20:00-05:00,687.37,685.105,2.2649999999999864,1.509999999999991,1.5,224.49999999999864,target,1.17999999999995,0.9065074193865208
2025-12-15,-1,2025-12-15 09:55:00-05:00,2025-12-15 15:55:00-05:00,682.88,680.71,2.169999999999959,2.8799999999999955,0.7534722222222092,214.9999999999959,time,2.2100000000000364,0.903073277764029
2025-12-16,1,2025-12-16 10:00:00-05:00,2025-12-16 10:15:00-05:00,680.83,678.14,-2.6900000000000546,2.6800000000000637,-1.0037313432835786,-271.00000000000546,stop,2.3600000000000136,0.5298670013822668
2025-12-17,-1,2025-12-17 10:35:00-05:00,2025-12-17 10:55:00-05:00,677.92,674.1399999999999,3.7800000000000864,2.5200000000000955,1.4999999999999774,376.00000000000864,target,2.330000000000041,0.7253517589449691
2025-12-18,1,2025-12-18 10:30:00-05:00,2025-12-18 12:10:00-05:00,679.02,676.07,-2.949999999999932,2.939999999999941,-1.0034013605442147,-296.9999999999932,stop,2.509999999999991,1.0324607708080094
2025-12-19,1,2025-12-19 10:00:00-05:00,2025-12-19 15:55:00-05:00,679.8199999999999,680.59,0.7700000000000955,3.349999999999909,0.22985074626869145,75.00000000000955,time,2.949999999999932,0.5409674914507643
2025-12-22,-1,2025-12-22 10:40:00-05:00,2025-12-22 11:10:00-05:00,682.88,684.54,-1.6599999999999682,1.6499999999999773,-1.0060606060606005,-167.99999999999682,stop,1.5899999999999181,1.1298316040012073
2025-12-23,1,2025-12-23 09:50:00-05:00,2025-12-23 15:55:00-05:00,685.93,687.9,1.9700000000000273,2.0599999999999454,0.956310679611689,195.00000000000273,time,1.92999999999995,0.861716006739051
2025-12-26,-1,2025-12-26 10:05:00-05:00,2025-12-26 15:55:00-05:00,690.24,690.26,-0.01999999999998181,1.330000000000041,-0.015037593984948267,-3.999999999998181,time,1.3000000000000682,0.9639364869740539
2025-12-29,-1,2025-12-29 10:10:00-05:00,2025-12-29 15:55:00-05:00,687.1,687.85,-0.75,2.1000000000000227,-0.35714285714285327,-77.0,time,2.009999999999991,0.5334158857219099
2025-12-30,1,2025-12-30 09:50:00-05:00,2025-12-30 10:10:00-05:00,688.02,687.09,-0.92999999999995,0.9199999999999591,-1.0108695652173818,-94.999999999995,stop,0.7699999999999818,1.1320689671280357
2025-12-31,-1,2025-12-31 09:50:00-05:00,2025-12-31 15:10:00-05:00,685.63,683.035,2.5950000000000273,1.7300000000000182,1.5,257.50000000000273,target,1.6499999999999773,0.8419496105440687
2026-01-02,1,2026-01-02 09:55:00-05:00,2026-01-02 10:10:00-05:00,686.22,684.11,-2.1100000000000136,2.1000000000000227,-1.0047619047619003,-213.00000000000136,stop,2.0299999999999727,0.733972289239038
2026-01-05,1,2026-01-05 10:05:00-05:00,2026-01-05 15:55:00-05:00,687.67,687.72,0.05000000000006821,1.2999999999999545,0.038461538461592275,3.000000000006821,time,1.2699999999999818,0.718156799216701
2026-01-06,1,2026-01-06 09:50:00-05:00,2026-01-06 13:40:00-05:00,689.24,691.4300000000001,2.1900000000000546,1.4600000000000364,1.5,217.00000000000546,target,0.8799999999999955,0.9441588415513816
2026-01-07,-1,2026-01-07 10:15:00-05:00,2026-01-07 11:00:00-05:00,691.61,692.81,-1.1999999999999318,1.1899999999999409,-1.0084033613445307,-121.99999999999318,stop,1.0899999999999181,0.6539145295740799
2026-01-08,1,2026-01-08 10:10:00-05:00,2026-01-08 15:55:00-05:00,689.81,689.4300000000001,-0.37999999999988177,2.2299999999999045,-0.17040358744390047,-39.99999999998818,time,1.7199999999999136,1.1139252034310654
2026-01-09,-1,2026-01-09 10:10:00-05:00,2026-01-09 10:20:00-05:00,689.61,692.31,-2.699999999999932,2.689999999999941,-1.003717472118956,-271.9999999999932,stop,1.8399999999999181,1.323114850682126
2026-01-12,1,2026-01-12 09:55:00-05:00,2026-01-12 15:55:00-05:00,693.42,695.15,1.7300000000000182,2.7899999999999636,0.6200716845878282,171.00000000000182,time,2.6000000000000227,0.7238137351807215
2026-01-13,-1,2026-01-13 09:50:00-05:00,2026-01-13 10:15:00-05:00,694.8100000000001,692.8900000000001,1.919999999999959,1.2799999999999727,1.5,189.9999999999959,target,1.1900000000000546,1.1315962230447172
2026-01-14,-1,2026-01-14 10:00:00-05:00,2026-01-14 15:55:00-05:00,688.71,690.45,-1.740000000000009,3.009999999999991,-0.5780730897010015,-176.0000000000009,time,2.269999999999982,0.7643612437531724
2026-01-15,-1,2026-01-15 10:50:00-05:00,2026-01-15 11:00:00-05:00,693.27,694.7,-1.4300000000000637,1.4200000000000728,-1.00704225352112,-145.00000000000637,stop,1.150000000000091,1.541704048993603
2026-01-16,-1,2026-01-16 09:55:00-05:00,2026-01-16 10:35:00-05:00,692.86,690.7750000000001,2.0849999999999227,1.3899999999999864,1.4999999999999591,206.49999999999227,target,1.1399999999999864,0.6681102609974189
2026-01-20,-1,2026-01-20 10:10:00-05:00,2026-01-20 10:20:00-05:00,681.1,683.28,-2.17999999999995,2.169999999999959,-1.0046082949308714,-219.999999999995,stop,1.8799999999999955,0.8378995089635163
2026-01-21,1,2026-01-21 09:50:00-05:00,2026-01-21 10:35:00-05:00,681.16,684.4449999999999,3.284999999999968,2.189999999999941,1.500000000000026,326.4999999999968,target,1.7300000000000182,0.547740505850032
2026-01-22,-1,2026-01-22 09:50:00-05:00,2026-01-22 12:30:00-05:00,687.87,690.68,-2.8099999999999454,2.7999999999999545,-1.0035714285714255,-282.99999999999454,stop,1.75,0.8075812685917881
2026-01-23,1,2026-01-23 10:00:00-05:00,2026-01-23 15:55:00-05:00,688.84,689.17,0.32999999999992724,1.6800000000000637,0.1964285714285207,30.999999999992724,time,1.5199999999999818,0.6739093645047324
2026-01-26,1,2026-01-26 09:55:00-05:00,2026-01-26 15:55:00-05:00,692.4,692.7,0.3000000000000682,2.480000000000018,0.12096774193551049,28.00000000000682,time,2.3700000000000045,0.683877238747658
2026-01-27,1,2026-01-27 09:50:00-05:00,2026-01-27 10:40:00-05:00,694.49,695.8699999999999,1.3799999999998818,0.9199999999999591,1.4999999999999383,135.99999999998818,target,0.8299999999999272,0.6681001675743877
2026-01-28,-1,2026-01-28 10:10:00-05:00,2026-01-28 11:40:00-05:00,696.6,694.95,1.6499999999999773,1.1000000000000227,1.4999999999999483,162.99999999999773,target,0.75,0.7077541235657094
2026-01-29,-1,2026-01-29 09:55:00-05:00,2026-01-29 10:40:00-05:00,692.96,686.8100000000002,6.149999999999864,4.099999999999909,1.5,612.9999999999864,target,3.8899999999999864,0.6327913331736231
2026-01-30,-1,2026-01-30 11:20:00-05:00,2026-01-30 15:55:00-05:00,691.07,691.85,-0.7799999999999727,2.6399999999999864,-0.29545454545453664,-79.99999999999727,time,2.3799999999999955,0.9356673681608385
2026-02-02,1,2026-02-02 09:50:00-05:00,2026-02-02 15:55:00-05:00,692.88,695.45,2.57000000000005,3.4600000000000364,0.7427745664739951,255.000000000005,time,3.310000000000059,0.4932567182197651
2026-02-03,-1,2026-02-03 10:00:00-05:00,2026-02-03 12:30:00-05:00,693.5,688.31,5.190000000000055,3.4600000000000364,1.5,517.0000000000055,target,2.060000000000059,1.2111600844007249
2026-02-04,-1,2026-02-04 10:00:00-05:00,2026-02-04 12:25:00-05:00,688.16,683.4649999999999,4.69500000000005,3.1299999999999955,1.5000000000000182,467.500000000005,target,2.2999999999999545,0.7751246573777467
2026-02-05,-1,2026-02-05 10:15:00-05:00,2026-02-05 15:55:00-05:00,676.85,677.47,-0.6200000000000045,6.509999999999991,-0.09523809523809607,-64.00000000000045,time,4.610000000000014,1.2080673930259374
2026-02-06,1,2026-02-06 10:30:00-05:00,2026-02-06 15:55:00-05:00,685.66,690.64,4.980000000000018,4.809999999999945,1.0353430353430508,496.0000000000018,time,4.720000000000027,0.4764231117042973
2026-02-09,1,2026-02-09 10:10:00-05:00,2026-02-09 15:55:00-05:00,691.61,693.91,2.2999999999999545,3.269999999999982,0.7033639143730787,227.99999999999545,time,3.230000000000018,0.6697703711750264
2026-02-10,1,2026-02-10 10:00:00-05:00,2026-02-10 13:25:00-05:00,695.75,693.44,-2.3099999999999454,2.2999999999999545,-1.0043478260869527,-232.99999999999454,stop,2.099999999999909,0.7677061963667322
2026-02-11,-1,2026-02-11 09:55:00-05:00,2026-02-11 10:10:00-05:00,695.1,692.0400000000001,3.0599999999999454,2.0399999999999636,1.5,303.99999999999454,target,2.0,0.7818346589972888
2026-02-12,-1,2026-02-12 09:50:00-05:00,2026-02-12 10:45:00-05:00,693.3100000000001,690.2500000000001,3.0599999999999454,2.0399999999999636,1.5,303.99999999999454,target,1.3700000000000045,1.0051186299710577
2026-02-13,1,2026-02-13 10:30:00-05:00,2026-02-13 15:55:00-05:00,682.95,681.57,-1.3799999999999955,5.430000000000064,-0.25414364640883597,-139.99999999999955,time,4.990000000000009,0.7453383707842737
2026-02-17,-1,2026-02-17 09:55:00-05:00,2026-02-17 11:15:00-05:00,677.83,682.81,-4.9799999999999045,4.969999999999914,-1.0020120724346058,-499.99999999999045,stop,2.769999999999982,0.9690465844946639
2026-02-18,1,2026-02-18 10:00:00-05:00,2026-02-18 15:55:00-05:00,686.18,686.1800000000001,1.1368683772161603e-13,3.349999999999909,3.393636946914003e-14,-1.9999999999886313,time,2.6299999999999955,0.8793286358912046
2026-02-19,1,2026-02-19 09:55:00-05:00,2026-02-19 12:45:00-05:00,684.87,682.46,-2.409999999999968,2.3999999999999773,-1.0041666666666629,-242.99999999999682,stop,2.2799999999999727,0.7102513235293343
2026-02-20,1,2026-02-20 10:05:00-05:00,2026-02-20 15:55:00-05:00,686.95,689.34,2.3899999999999864,5.220000000000027,0.4578544061302632,236.99999999999864,time,3.6200000000000045,3.179636514301891
2026-02-23,-1,2026-02-23 09:50:00-05:00,2026-02-23 10:55:00-05:00,686.89,682.2249999999999,4.665000000000077,3.1100000000000136,1.5000000000000182,464.50000000000773,target,2.5599999999999454,0.9106770614039618
2026-02-24,1,2026-02-24 09:50:00-05:00,2026-02-24 15:55:00-05:00,684.89,687.37,2.480000000000018,4.889999999999986,0.507157464212684,246.00000000000182,time,4.3799999999999955,0.9942326871480428
2026-02-25,1,2026-02-25 09:50:00-05:00,2026-02-25 15:55:00-05:00,691.6899999999999,693.0600000000001,1.3700000000001182,1.5899999999999181,0.8616352201259049,135.00000000001182,time,1.3099999999999454,0.8391537054788301
2026-02-26,-1,2026-02-26 10:00:00-05:00,2026-02-26 10:15:00-05:00,690.67,686.6949999999998,3.9750000000001364,2.650000000000091,1.5,395.50000000001364,target,2.4200000000000728,0.856369145916122
2026-02-27,1,2026-02-27 10:10:00-05:00,2026-02-27 15:55:00-05:00,684.73,686.27,1.5399999999999636,3.090000000000032,0.4983818770226368,151.99999999999636,time,2.6100000000000136,0.9983820795805862
2026-03-02,1,2026-03-02 09:50:00-05:00,2026-03-02 15:55:00-05:00,683.24,686.36,3.1200000000000045,5.220000000000027,0.5977011494252851,310.00000000000045,time,4.440000000000055,0.7013932550230428
2026-03-03,-1,2026-03-03 09:50:00-05:00,2026-03-03 11:45:00-05:00,672.48,677.11,-4.6299999999999955,4.6200000000000045,-1.0021645021645003,-464.99999999999955,stop,3.8799999999999955,0.8485783723235861
2026-03-04,1,2026-03-04 10:20:00-05:00,2026-03-04 15:55:00-05:00,684.47,685.21,0.7400000000000091,4.4500000000000455,0.16629213483146102,72.00000000000091,time,3.5,1.0200923032377978
2026-03-05,1,2026-03-05 10:00:00-05:00,2026-03-05 10:20:00-05:00,685.1,681.84,-3.259999999999991,3.25,-1.0030769230769203,-327.9999999999991,stop,2.6000000000000227,0.787345557105546
2026-03-06,1,2026-03-06 10:30:00-05:00,2026-03-06 15:55:00-05:00,674.14,672.45,-1.6899999999999409,3.740000000000009,-0.4518716577539938,-170.9999999999941,time,3.659999999999968,0.4938995606231163
2026-03-09,-1,2026-03-09 09:55:00-04:00,2026-03-09 10:45:00-04:00,663.14,667.64,-4.5,4.490000000000009,-1.0022271714922029,-452.0,stop,3.990000000000009,0.7648514392942531
2026-03-10,-1,2026-03-10 10:10:00-04:00,2026-03-10 10:30:00-04:00,674.9,678.8,-3.8999999999999773,3.8899999999999864,-1.0025706940874013,-391.9999999999977,stop,2.9599999999999227,0.665093696382364
2026-03-11,-1,2026-03-11 09:50:00-04:00,2026-03-11 10:00:00-04:00,676.7,678.51,-1.8099999999999454,1.7999999999999545,-1.0055555555555507,-182.99999999999454,stop,1.330000000000041,1.0376533676098656
2026-03-12,-1,2026-03-12 09:55:00-04:00,2026-03-12 15:55:00-04:00,669.01,666.05,2.9600000000000364,2.6399999999999864,1.1212121212121409,294.00000000000364,time,1.7699999999999818,0.7809505530044412
2026-03-13,-1,2026-03-13 10:15:00-04:00,2026-03-13 11:35:00-04:00,668.84,664.145,4.69500000000005,3.1299999999999955,1.5000000000000182,467.500000000005,target,3.009999999999991,0.6397887597753567
2026-03-16,1,2026-03-16 09:50:00-04:00,2026-03-16 10:50:00-04:00,669.99,667.6800000000001,-2.3099999999999454,2.2999999999999545,-1.0043478260869527,-232.99999999999454,stop,2.0699999999999363,1.1199789792125685
2026-03-17,1,2026-03-17 09:50:00-04:00,2026-03-17 10:15:00-04:00,674.26,671.9,-2.3600000000000136,2.3500000000000227,-1.0042553191489323,-238.00000000000136,stop,2.060000000000059,0.9079574751317452
2026-03-18,-1,2026-03-18 10:15:00-04:00,2026-03-18 14:50:00-04:00,667.15,663.5350000000001,3.6149999999998954,2.409999999999968,1.4999999999999765,359.49999999998954,target,1.67999999999995,0.9877511912950143
2026-03-19,1,2026-03-19 09:50:00-04:00,2026-03-19 15:05:00-04:00,657.9399999999999,662.0949999999999,4.154999999999973,2.769999999999982,1.5,413.49999999999727,target,2.480000000000018,0.6865612931861613
2026-03-20,-1,2026-03-20 09:55:00-04:00,2026-03-20 10:50:00-04:00,654.5,651.4250000000001,3.074999999999932,2.0499999999999545,1.5,305.4999999999932,target,1.8999999999999773,1.0432523321345415
2026-03-23,1,2026-03-23 09:55:00-04:00,2026-03-23 11:55:00-04:00,659.5699999999999,656.0600000000001,-3.509999999999877,3.4999999999998863,-1.0028571428571404,-352.9999999999877,stop,3.4699999999999136,0.8711540831204599
2026-03-24,1,2026-03-24 10:10:00-04:00,2026-03-24 15:55:00-04:00,653.43,653.17,-0.2599999999999909,3.5499999999999545,-0.07323943661971669,-27.99999999999909,time,3.159999999999968,0.8177385889519881
2026-03-25,-1,2026-03-25 09:50:00-04:00,2026-03-25 15:55:00-04:00,657.8100000000001,656.75,1.0600000000000591,3.0799999999999272,0.34415584415587147,104.00000000000591,time,2.2899999999999636,0.7214084428395232
2026-03-26,1,2026-03-26 09:50:00-04:00,2026-03-26 12:15:00-04:00,653.42,650.72,-2.699999999999932,2.689999999999941,-1.003717472118956,-271.9999999999932,stop,2.3199999999999363,1.2511876967972424
2026-03-27,-1,2026-03-27 10:00:00-04:00,2026-03-27 15:45:00-04:00,639.02,633.56,5.460000000000036,3.6399999999999864,1.5000000000000155,544.0000000000036,target,2.8899999999999864,0.9330585341547444
2026-03-30,-1,2026-03-30 09:50:00-04:00,2026-03-30 15:10:00-04:00,636.09,629.6700000000001,6.419999999999959,4.279999999999973,1.5,639.9999999999959,target,3.590000000000032,0.7060360946290373
2026-03-31,1,2026-03-31 09:50:00-04:00,2026-03-31 10:55:00-04:00,641.83,638.3,-3.5300000000000864,3.5200000000000955,-1.0028409090909065,-355.00000000000864,stop,2.2200000000000273,0.911236891561892
2026-04-01,-1,2026-04-01 09:50:00-04:00,2026-04-01 10:35:00-04:00,653.22,656.06,-2.839999999999918,2.8299999999999272,-1.0035335689045906,-285.9999999999918,stop,2.689999999999941,0.6628208581731171
2026-04-02,1,2026-04-02 09:55:00-04:00,2026-04-02 10:35:00-04:00,648.64,653.935,5.294999999999959,3.5299999999999727,1.5,527.4999999999959,target,2.3600000000000136,0.8763497632937419
2026-04-06,1,2026-04-06 10:00:00-04:00,2026-04-06 13:10:00-04:00,657.9399999999999,655.51,-2.42999999999995,2.419999999999959,-1.004132231404955,-244.999999999995,stop,2.3899999999999864,0.5074642318541613
2026-04-07,-1,2026-04-07 09:50:00-04:00,2026-04-07 13:35:00-04:00,654.59,657.59,-3.0,2.990000000000009,-1.003344481605348,-302.0,stop,2.7200000000000273,0.8658751053338657
2026-04-08,-1,2026-04-08 09:55:00-04:00,2026-04-08 15:55:00-04:00,674.08,675.88,-1.7999999999999545,3.0,-0.5999999999999849,-181.99999999999545,time,2.330000000000041,0.8030876243682791
2026-04-09,-1,2026-04-09 10:20:00-04:00,2026-04-09 11:10:00-04:00,674.41,675.8,-1.3899999999999864,1.3799999999999955,-1.0072463768115876,-140.99999999999864,stop,1.3600000000000136,0.9649798586205803
2026-04-10,1,2026-04-10 11:25:00-04:00,2026-04-10 11:35:00-04:00,681.96,680.5,-1.4600000000000364,1.4500000000000455,-1.0068965517241315,-148.00000000000364,stop,1.419999999999959,0.8255854717033096
2026-04-13,1,2026-04-13 09:50:00-04:00,2026-04-13 12:35:00-04:00,678.78,682.0799999999999,3.2999999999999545,2.199999999999932,1.5000000000000258,327.99999999999545,target,1.349999999999909,1.1595409009213946
2026-04-14,1,2026-04-14 10:10:00-04:00,2026-04-14 15:30:00-04:00,690.38,694.46,4.080000000000041,2.7200000000000273,1.5,406.0000000000041,target,2.310000000000059,1.0169436713635895
2026-04-15,1,2026-04-15 10:25:00-04:00,2026-04-15 15:55:00-04:00,696.64,699.84,3.2000000000000455,2.439999999999941,1.3114754098361159,318.00000000000455,time,2.1499999999999773,1.0395278946828357
2026-04-16,-1,2026-04-16 09:55:00-04:00,2026-04-16 11:10:00-04:00,698.76,701.31,-2.5499999999999545,2.5399999999999636,-1.0039370078740122,-256.99999999999545,stop,1.1899999999999409,1.2759449271141743
2026-04-17,1,2026-04-17 09:55:00-04:00,2026-04-17 10:40:00-04:00,707.74,710.395,2.6549999999999727,1.7699999999999818,1.5,263.49999999999727,target,1.6399999999999864,0.6398720699781255
2026-04-20,1,2026-04-20 10:00:00-04:00,2026-04-20 10:40:00-04:00,709.68,708.22,-1.4599999999999227,1.4499999999999318,-1.006896551724132,-147.99999999999227,stop,1.2100000000000364,0.7136840916453424
2026-04-21,1,2026-04-21 09:55:00-04:00,2026-04-21 10:50:00-04:00,710.65,708.74,-1.9099999999999682,1.8999999999999773,-1.0052631578947322,-192.99999999999682,stop,1.7000000000000455,0.750402878485874
2026-04-22,1,2026-04-22 10:00:00-04:00,2026-04-22 15:50:00-04:00,709.4,711.1699999999998,1.7699999999998681,1.17999999999995,1.4999999999999518,174.9999999999868,target,1.1100000000000136,0.7049329308302477
2026-04-23,1,2026-04-23 09:50:00-04:00,2026-04-23 10:00:00-04:00,710.98,709.21,-1.7699999999999818,1.759999999999991,-1.005681818181813,-178.99999999999818,stop,1.3799999999999955,0.9693174158037787
2026-04-24,-1,2026-04-24 09:55:00-04:00,2026-04-24 10:45:00-04:00,709.5,711.17,-1.669999999999959,1.6599999999999682,-1.006024096385537,-168.9999999999959,stop,1.6100000000000136,0.7083654114993766
2026-04-27,-1,2026-04-27 11:20:00-04:00,2026-04-27 13:15:00-04:00,712.83,714.42,-1.5899999999999181,1.5799999999999272,-1.0063291139240451,-160.99999999999181,stop,1.5399999999999636,0.8435632435350847
2026-04-28,-1,2026-04-28 10:40:00-04:00,2026-04-28 15:55:00-04:00,710.07,711.6899999999999,-1.6199999999998909,2.8099999999999454,-0.5765124555159866,-163.9999999999891,time,2.1000000000000227,1.9577130838914563
2026-04-29,1,2026-04-29 10:25:00-04:00,2026-04-29 11:50:00-04:00,711.38,709.91,-1.4700000000000273,1.4600000000000364,-1.0068493150684867,-149.00000000000273,stop,1.2700000000000955,0.5270498290959111
2026-04-30,-1,2026-04-30 10:00:00-04:00,2026-04-30 11:30:00-04:00,711.25,714.75,-3.5,3.490000000000009,-1.0028653295128913,-352.0,stop,3.2899999999999636,0.5914754343438658
2026-05-01,1,2026-05-01 10:00:00-04:00,2026-05-01 15:55:00-04:00,724.2,720.73,-3.4700000000000273,3.4600000000000364,-1.0028901734104019,-349.00000000000273,stop,1.8799999999999955,1.230162807705515
2026-05-04,1,2026-05-04 09:50:00-04:00,2026-05-04 11:15:00-04:00,720.41,719.24,-1.169999999999959,1.1599999999999682,-1.0086206896551648,-118.99999999999591,stop,1.0599999999999454,0.549717806545133
2026-05-05,1,2026-05-05 10:00:00-04:00,2026-05-05 14:05:00-04:00,722.61,724.3050000000001,1.69500000000005,1.1299999999999955,1.5000000000000504,167.500000000005,target,1.0,0.45162509975284537
2026-05-06,1,2026-05-06 09:55:00-04:00,2026-05-06 10:50:00-04:00,729.66,732.4199999999998,2.759999999999877,1.8399999999999181,1.5,273.9999999999877,target,1.7299999999999045,0.8469576199061067
2026-05-07,-1,2026-05-07 09:50:00-04:00,2026-05-07 10:35:00-04:00,733.66,735.14,-1.4800000000000182,1.4700000000000273,-1.0068027210884292,-150.00000000000182,stop,0.9700000000000273,1.1037574042967022
2026-05-08,1,2026-05-08 09:50:00-04:00,2026-05-08 15:55:00-04:00,736.06,737.5,1.4400000000000546,1.4899999999998954,0.9664429530202386,142.00000000000546,time,0.8799999999999955,1.812195296949784
2026-05-11,1,2026-05-11 09:50:00-04:00,2026-05-11 15:55:00-04:00,738.81,739.19,0.38000000000010914,2.3599999999999,0.16101694915259546,36.000000000010914,time,1.9499999999999318,0.8019562194281412
2026-05-12,-1,2026-05-12 10:00:00-04:00,2026-05-12 11:20:00-04:00,735.13,731.9949999999999,3.1350000000001046,2.090000000000032,1.500000000000027,311.50000000001046,target,1.7100000000000364,1.1975876957634397
2026-05-13,-1,2026-05-13 09:50:00-04:00,2026-05-13 10:20:00-04:00,736.32,738.48,-2.159999999999968,2.1499999999999773,-1.0046511627906936,-217.99999999999682,stop,1.9300000000000637,1.1927632229973777
2026-05-14,1,2026-05-14 09:50:00-04:00,2026-05-14 11:55:00-04:00,745.7,748.9100000000002,3.21000000000015,2.1400000000001,1.5,319.000000000015,target,2.07000000000005,0.8841494977240738
2026-05-15,1,2026-05-15 10:35:00-04:00,2026-05-15 15:55:00-04:00,742.11,738.61,-3.5,3.490000000000009,-1.0028653295128913,-352.0,stop,3.3700000000000045,0.5592817313605886
2026-05-18,1,2026-05-18 09:55:00-04:00,2026-05-18 10:30:00-04:00,740.93,737.96,-2.9699999999999136,2.9599999999999227,-1.0033783783783754,-298.99999999999136,stop,2.089999999999918,1.0172822934018515
2026-05-19,1,2026-05-19 09:55:00-04:00,2026-05-19 10:05:00-04:00,735.8199999999999,733.44,-2.3799999999998818,2.369999999999891,-1.0042194092826968,-239.99999999998818,stop,2.2099999999999227,0.5762444991064364
2026-05-20,1,2026-05-20 10:20:00-04:00,2026-05-20 15:55:00-04:00,737.31,741.29,3.980000000000018,3.0399999999999636,1.3092105263158111,396.0000000000018,time,2.0399999999999636,2.057833123657179
2026-05-21,1,2026-05-21 09:55:00-04:00,2026-05-21 10:20:00-04:00,739.62,737.44,-2.17999999999995,2.169999999999959,-1.0046082949308714,-219.999999999995,stop,1.240000000000009,1.3630011446761177
2026-05-22,-1,2026-05-22 10:15:00-04:00,2026-05-22 13:25:00-04:00,745.54,748.17,-2.6299999999999955,2.6200000000000045,-1.0038167938931264,-264.99999999999955,stop,2.509999999999991,0.4450385734240789
2026-05-26,1,2026-05-26 09:50:00-04:00,2026-05-26 11:45:00-04:00,750.99,749.12,-1.8700000000000045,1.8600000000000136,-1.0053763440860166,-189.00000000000045,stop,1.57000000000005,0.8022365215648085
2026-05-27,-1,2026-05-27 11:20:00-04:00,2026-05-27 15:55:00-04:00,749.14,750.49,-1.3500000000000227,2.159999999999968,-0.6250000000000198,-137.00000000000227,time,2.0699999999999363,0.8931173413095651
2026-05-28,1,2026-05-28 10:10:00-04:00,2026-05-28 10:10:00-04:00,750.64,752.7549999999999,2.1149999999998954,1.4099999999999682,1.4999999999999596,209.49999999998954,target,1.1899999999999409,0.9461029634673015
2026-05-29,1,2026-05-29 09:50:00-04:00,2026-05-29 10:40:00-04:00,757.64,755.49,-2.1499999999999773,2.1399999999999864,-1.0046728971962575,-216.99999999999773,stop,1.990000000000009,1.0262813500229107
2026-06-01,1,2026-06-01 11:35:00-04:00,2026-06-01 15:55:00-04:00,757.06,758.42,1.3600000000000136,2.369999999999891,0.5738396624472896,134.00000000000136,time,1.9099999999999682,3.8857871039819196
2026-06-02,1,2026-06-02 10:05:00-04:00,2026-06-02 10:50:00-04:00,757.79,759.3499999999999,1.5599999999999454,1.0399999999999636,1.5,153.99999999999454,target,0.9900000000000091,0.9005901531447217
2026-06-03,-1,2026-06-03 09:50:00-04:00,2026-06-03 15:55:00-04:00,755.1,754.2,0.8999999999999773,3.699999999999932,0.2432432432432416,87.99999999999773,time,2.3299999999999272,2.0962499172938043
2026-06-04,1,2026-06-04 10:25:00-04:00,2026-06-04 15:30:00-04:00,754.2,758.2950000000001,4.095000000000027,2.730000000000018,1.5,407.50000000000273,target,1.919999999999959,0.7577291574903471
2026-06-05,-1,2026-06-05 09:50:00-04:00,2026-06-05 12:30:00-04:00,749.45,744.395,5.055000000000064,3.3700000000000045,1.5000000000000169,503.50000000000637,target,2.550000000000068,1.584952529078387
2026-06-08,-1,2026-06-08 10:00:00-04:00,2026-06-08 10:55:00-04:00,740.79,744.52,-3.730000000000018,3.7200000000000273,-1.0026881720430083,-375.0000000000018,stop,3.0299999999999727,0.7471656451618819
2026-06-09,1,2026-06-09 09:50:00-04:00,2026-06-09 10:10:00-04:00,746.76,743.27,-3.490000000000009,3.480000000000018,-1.0028735632183883,-351.0000000000009,stop,2.080000000000041,0.7129796126942194
2026-06-10,1,2026-06-10 09:50:00-04:00,2026-06-10 11:10:00-04:00,736.68,731.49,-5.189999999999941,5.17999999999995,-1.0019305019305003,-520.9999999999941,stop,4.75,0.8791069036589688
2026-06-11,1,2026-06-11 09:55:00-04:00,2026-06-11 10:55:00-04:00,731.02,726.34,-4.67999999999995,4.669999999999959,-1.0021413276231244,-469.999999999995,stop,2.740000000000009,1.0053475730282446
2026-06-12,-1,2026-06-12 09:50:00-04:00,2026-06-12 10:15:00-04:00,735.65,740.9,-5.25,5.240000000000009,-1.0019083969465632,-527.0,stop,5.100000000000023,0.5164659708086414
2026-06-15,1,2026-06-15 09:50:00-04:00,2026-06-15 15:55:00-04:00,753.81,754.65,0.8400000000000318,2.0499999999999545,0.40975609756100023,82.00000000000318,time,1.7000000000000455,0.5608360644697854
2026-06-16,-1,2026-06-16 10:00:00-04:00,2026-06-16 11:45:00-04:00,754.1,752.1500000000001,1.9499999999999318,1.2999999999999545,1.5,192.99999999999318,target,1.1899999999999409,0.7520296522074525
2026-06-17,-1,2026-06-17 10:00:00-04:00,2026-06-17 10:15:00-04:00,749.86,751.55,-1.6899999999999409,1.67999999999995,-1.0059523809523758,-170.9999999999941,stop,1.3999999999999773,0.9887855278686655
2026-06-22,1,2026-06-22 10:00:00-04:00,2026-06-22 10:20:00-04:00,749.92,747.51,-2.409999999999968,2.3999999999999773,-1.0041666666666629,-242.99999999999682,stop,2.3799999999999955,0.43232573777892686
2026-06-23,1,2026-06-23 09:50:00-04:00,2026-06-23 15:55:00-04:00,736.4,733.66,-2.740000000000009,4.100000000000023,-0.6682926829268278,-276.0000000000009,time,3.090000000000032,0.5651764516735417
2026-06-24,1,2026-06-24 09:55:00-04:00,2026-06-24 10:20:00-04:00,737.31,734.3100000000001,-2.9999999999998863,2.9899999999998954,-1.0033444816053483,-301.99999999998863,stop,2.9699999999999136,0.8618359717764715
2026-06-25,-1,2026-06-25 09:50:00-04:00,2026-06-25 15:55:00-04:00,732.88,733.39,-0.5099999999999909,6.490000000000009,-0.0785824345146364,-52.99999999999909,time,5.330000000000041,1.6007444037329193
2026-06-26,1,2026-06-26 10:00:00-04:00,2026-06-26 15:55:00-04:00,730.88,726.85,-4.029999999999973,4.019999999999982,-1.0024875621890526,-404.99999999999727,stop,2.7999999999999545,0.9218579329016144
2026-06-29,-1,2026-06-29 10:10:00-04:00,2026-06-29 13:05:00-04:00,735.07,739.26,-4.189999999999941,4.17999999999995,-1.0023923444976055,-420.9999999999941,stop,3.9500000000000455,0.9324991229451994
2026-06-30,1,2026-06-30 09:55:00-04:00,2026-06-30 12:45:00-04:00,743.1899999999999,746.6399999999999,3.449999999999932,2.2999999999999545,1.5,342.9999999999932,target,1.419999999999959,1.2099006768163034
2026-07-01,1,2026-07-01 10:00:00-04:00,2026-07-01 15:55:00-04:00,745.35,745.64,0.2899999999999636,2.980000000000018,0.09731543624159794,26.999999999996362,time,2.7899999999999636,0.8529282165876456
2026-07-02,1,2026-07-02 09:50:00-04:00,2026-07-02 10:40:00-04:00,750.43,747.09,-3.339999999999918,3.3299999999999272,-1.0030030030030004,-335.9999999999918,stop,3.1499999999999773,0.5516018356137204
2026-07-06,1,2026-07-06 10:25:00-04:00,2026-07-06 15:55:00-04:00,749.68,751.3,1.6200000000000045,2.269999999999982,0.713656387665206,160.00000000000045,time,2.080000000000041,0.8533104613504606
2026-07-07,-1,2026-07-07 09:55:00-04:00,2026-07-07 10:35:00-04:00,748.9300000000001,745.8850000000001,3.044999999999959,2.0299999999999727,1.5,302.4999999999959,target,1.8000000000000682,0.6923659843190123
2026-07-08,-1,2026-07-08 10:40:00-04:00,2026-07-08 12:55:00-04:00,742.26,744.76,-2.5,2.490000000000009,-1.0040160642570244,-252.0,stop,2.1100000000000136,0.9805031776432278
2026-07-09,1,2026-07-09 09:55:00-04:00,2026-07-09 10:20:00-04:00,748.99,745.67,-3.32000000000005,3.310000000000059,-1.003021148036251,-334.000000000005,stop,2.830000000000041,0.5399630597665098
2026-07-10,-1,2026-07-10 10:35:00-04:00,2026-07-10 11:25:00-04:00,750.97,753.23,-2.259999999999991,2.25,-1.0044444444444405,-227.9999999999991,stop,1.4200000000000728,6.515354532744191
2026-07-13,-1,2026-07-13 10:20:00-04:00,2026-07-13 15:20:00-04:00,751.91,748.91,3.0,2.0,1.5,298.0,target,1.509999999999991,3.352453496049948
2026-07-14,1,2026-07-14 10:35:00-04:00,2026-07-14 15:55:00-04:00,752.05,751.86,-0.18999999999994088,2.6099999999999,-0.07279693486588053,-20.99999999999409,time,2.0799999999999272,1.8894355742496916
2026-07-15,-1,2026-07-15 09:50:00-04:00,2026-07-15 12:20:00-04:00,753.57,750.5550000000001,3.0149999999999864,2.009999999999991,1.5,299.49999999999864,target,1.400000000000091,0.8061701612203737
2026-07-16,-1,2026-07-16 09:50:00-04:00,2026-07-16 10:05:00-04:00,751.04,753.53,-2.490000000000009,2.480000000000018,-1.0040322580645125,-251.0000000000009,stop,2.42999999999995,0.9243768714962896
2026-07-17,1,2026-07-17 09:50:00-04:00,2026-07-17 10:05:00-04:00,743.02,746.35,3.330000000000041,2.2200000000000273,1.5,331.0000000000041,target,1.8700000000000045,0.6155096463545564
2026-07-20,-1,2026-07-20 09:55:00-04:00,2026-07-20 14:40:00-04:00,746.44,743.0350000000001,3.4049999999999727,2.269999999999982,1.5,338.49999999999727,target,1.9100000000000819,0.9552020012906413
2026-07-21,1,2026-07-21 10:30:00-04:00,2026-07-21 15:55:00-04:00,746.86,748.32,1.4600000000000364,2.590000000000032,0.5637065637065708,144.00000000000364,time,2.4200000000000728,0.6999652417269704
2026-07-22,1,2026-07-22 09:50:00-04:00,2026-07-22 12:05:00-04:00,747.75,749.8199999999999,2.0699999999999363,1.3799999999999955,1.4999999999999587,204.99999999999363,target,1.330000000000041,0.7563186405435463
2026-07-23,-1,2026-07-23 10:55:00-04:00,2026-07-23 15:55:00-04:00,738.15,738.22,-0.07000000000005002,4.409999999999968,-0.01587301587302733,-9.000000000005002,time,4.089999999999918,1.0301882041623753
2026-07-24,1,2026-07-24 09:50:00-04:00,2026-07-24 09:50:00-04:00,739.8199999999999,738.41,-1.4099999999999682,1.3999999999999773,-1.0071428571428507,-142.99999999999682,stop,1.240000000000009,0.8789253042312327
2026-07-27,-1,2026-07-27 10:00:00-04:00,2026-07-27 15:55:00-04:00,741.59,739.06,2.5300000000000864,3.939999999999941,0.642131979695463,251.00000000000864,time,2.089999999999918,0.8682085097124125
2026-07-28,-1,2026-07-28 10:00:00-04:00,2026-07-28 10:50:00-04:00,736.48,739.5,-3.019999999999982,3.009999999999991,-1.0033222591362096,-303.9999999999982,stop,2.9300000000000637,0.49116292788920546
2026-07-29,-1,2026-07-29 09:55:00-04:00,2026-07-29 10:40:00-04:00,737.77,733.8399999999999,3.9300000000000637,2.6200000000000045,1.5000000000000218,391.00000000000637,target,1.669999999999959,1.0406723502729796
2026-07-30,1,2026-07-30 09:50:00-04:00,2026-07-30 11:15:00-04:00,737.4,734.62,-2.7799999999999727,2.769999999999982,-1.0036101083032458,-279.99999999999727,stop,2.159999999999968,0.9531048936548766
2026-07-31,-1,2026-07-31 09:50:00-04:00,2026-07-31 13:25:00-04:00,742.28,746.3199999999999,-4.039999999999964,4.029999999999973,-1.0024813895781615,-405.99999999999636,stop,3.4699999999999136,0.7717809945077792
2026-08-03,1,2026-08-03 09:55:00-04:00,2026-08-03 15:55:00-04:00,752.78,757.66,4.8799999999999955,3.980000000000018,1.226130653266325,485.99999999999955,time,3.1400000000001,0.8780803947033577
2026-08-04,1,2026-08-04 09:50:00-04:00,2026-08-04 10:35:00-04:00,762.55,765.5949999999999,3.044999999999959,2.0299999999999727,1.5,302.4999999999959,target,1.6900000000000546,0.9053892285005827
2026-08-05,-1,2026-08-05 10:30:00-04:00,2026-08-05 11:15:00-04:00,774.77,771.6499999999999,3.1200000000001182,2.080000000000041,1.5000000000000273,310.0000000000118,target,1.5900000000000318,0.6204462571399433
2026-08-06,1,2026-08-06 09:50:00-04:00,2026-08-06 11:15:00-04:00,771.3199999999999,769.04,-2.2799999999999727,2.269999999999982,-1.0044052863436084,-229.99999999999727,stop,1.8500000000000227,0.44425263796132747
2026-08-07,-1,2026-08-07 10:05:00-04:00,2026-08-07 10:20:00-04:00,770.39,772.1,-1.7100000000000364,1.7000000000000455,-1.005882352941171,-173.00000000000364,stop,1.4700000000000273,0.5801569960346362
2026-08-10,1,2026-08-10 10:05:00-04:00,2026-08-10 12:30:00-04:00,773.6899999999999,772.49,-1.1999999999999318,1.1899999999999409,-1.0084033613445307,-121.99999999999318,stop,1.1299999999999955,1.9670729526637307
2026-08-11,-1,2026-08-11 09:50:00-04:00,2026-08-11 14:25:00-04:00,772.83,770.1600000000001,2.669999999999959,1.7799999999999727,1.5,264.9999999999959,target,1.75,1.027642278763865
2026-08-12,-1,2026-08-12 10:05:00-04:00,2026-08-12 15:55:00-04:00,771.9300000000001,772.53,-0.599999999999909,2.9699999999999136,-0.2020202020201773,-61.999999999990905,time,2.449999999999932,0.7819262686210188
2026-08-13,1,2026-08-13 09:50:00-04:00,2026-08-13 15:55:00-04:00,776.85,777.77,0.9199999999999591,2.740000000000009,0.33576642335764817,89.99999999999591,time,2.3600000000000136,0.8646631296629748
2026-08-14,-1,2026-08-14 10:25:00-04:00,2026-08-14 11:25:00-04:00,777.52,775.9299999999998,1.5900000000001455,1.0600000000000591,1.5000000000000537,157.00000000001455,target,0.9200000000000728,1.1466161461179087
2026-08-17,-1,2026-08-17 10:00:00-04:00,2026-08-17 15:30:00-04:00,775.26,772.98,2.2799999999999727,1.5199999999999818,1.5,225.99999999999727,target,1.4599999999999227,0.5507423206382333
2026-08-18,-1,2026-08-18 11:10:00-04:00,2026-08-18 15:55:00-04:00,767.77,767.41,0.36000000000001364,1.7300000000000182,0.20809248554913864,34.000000000001364,time,1.6000000000000227,0.7796875886770633
2026-08-19,-1,2026-08-19 09:50:00-04:00,2026-08-19 10:35:00-04:00,768.55,770.64,-2.090000000000032,2.080000000000041,-1.0048076923076878,-211.00000000000318,stop,1.3799999999999955,0.8883942041591087
2026-08-20,-1,2026-08-20 10:20:00-04:00,2026-08-20 11:00:00-04:00,765.4300000000001,767.76,-2.3299999999999272,2.3199999999999363,-1.0043103448275823,-234.99999999999272,stop,1.8899999999999864,0.9746643379756362
2026-08-21,-1,2026-08-21 09:55:00-04:00,2026-08-21 11:00:00-04:00,764.41,766.16,-1.75,1.740000000000009,-1.0057471264367763,-177.0,stop,1.5299999999999727,0.5066069928916993
2026-08-24,1,2026-08-24 12:05:00-04:00,2026-08-24 15:55:00-04:00,764.96,763.47,-1.490000000000009,2.769999999999982,-0.5379061371841224,-151.0000000000009,time,2.619999999999891,1.5776045372343586
2026-08-25,-1,2026-08-25 10:00:00-04:00,2026-08-25 10:30:00-04:00,765.6800000000001,764.0300000000002,1.6499999999998636,1.099999999999909,1.5,162.99999999998636,target,0.9099999999999682,0.860607735937916
2026-08-26,1,2026-08-26 10:00:00-04:00,2026-08-26 12:35:00-04:00,766.89,764.67,-2.2200000000000273,2.2100000000000364,-1.0045248868778238,-224.00000000000273,stop,1.9300000000000637,0.7005462568023186
2026-08-27,1,2026-08-27 10:25:00-04:00,2026-08-27 15:55:00-04:00,769.48,771.03,1.5499999999999545,2.32000000000005,0.668103448275828,152.99999999999545,time,2.0400000000000773,0.5009151622582324
2026-08-28,-1,2026-08-28 10:10:00-04:00,2026-08-28 10:40:00-04:00,770.98,772.85,-1.8700000000000045,1.8600000000000136,-1.0053763440860166,-189.00000000000045,stop,1.3700000000000045,1.631444327954927
2026-08-31,-1,2026-08-31 10:10:00-04:00,2026-08-31 15:50:00-04:00,765.47,767.63,-2.159999999999968,2.1499999999999773,-1.0046511627906936,-217.99999999999682,stop,1.8700000000000045,0.5376710570891807
2026-09-01,1,2026-09-01 10:10:00-04:00,2026-09-01 13:25:00-04:00,762.93,761.16,-1.7699999999999818,1.759999999999991,-1.005681818181813,-178.99999999999818,stop,1.2300000000000182,0.6176015005319578
2026-09-02,1,2026-09-02 10:00:00-04:00,2026-09-02 10:20:00-04:00,763.04,765.0049999999999,1.9649999999999181,1.3099999999999454,1.5,194.49999999999181,target,1.1000000000000227,0.7083494573982146
2026-09-03,-1,2026-09-03 10:10:00-04:00,2026-09-03 11:00:00-04:00,767.82,769.9,-2.0799999999999272,2.0699999999999363,-1.004830917874392,-209.99999999999272,stop,2.0599999999999454,1.2130000172246496
2026-09-04,-1,2026-09-04 10:10:00-04:00,2026-09-04 10:55:00-04:00,771.52,769.4949999999999,2.025000000000091,1.3500000000000227,1.5000000000000422,200.5000000000091,target,1.0299999999999727,0.5331326925054259
2026-09-08,-1,2026-09-08 10:05:00-04:00,2026-09-08 15:55:00-04:00,766.95,766.01,0.9400000000000546,2.75,0.34181818181820167,92.00000000000546,time,2.6100000000000136,0.6906456580052702
2026-09-09,-1,2026-09-09 10:20:00-04:00,2026-09-09 11:00:00-04:00,763.03,764.39,-1.3600000000000136,1.3500000000000227,-1.0074074074074006,-138.00000000000136,stop,1.1499999999999773,1.239664225797374
2026-09-10,-1,2026-09-10 09:55:00-04:00,2026-09-10 10:20:00-04:00,757.34,758.75,-1.4099999999999682,1.3999999999999773,-1.0071428571428507,-142.99999999999682,stop,1.1900000000000546,0.9114106158985193
2026-09-11,1,2026-09-11 10:00:00-04:00,2026-09-11 10:35:00-04:00,766.3199999999999,764.21,-2.1099999999999,2.099999999999909,-1.0047619047619007,-212.99999999999,stop,1.7699999999999818,0.526527772046159
2026-09-14,1,2026-09-14 09:50:00-04:00,2026-09-14 10:25:00-04:00,760.29,758.44,-1.849999999999909,1.8399999999999181,-1.005434782608691,-186.9999999999909,stop,1.0699999999999363,0.6922777310085859
2026-09-15,-1,2026-09-15 10:10:00-04:00,2026-09-15 15:55:00-04:00,758.49,757.43,1.0600000000000591,1.8600000000000136,0.5698924731183072,104.00000000000591,time,1.6200000000000045,0.7486156315279792
2026-09-16,1,2026-09-16 09:50:00-04:00,2026-09-16 14:30:00-04:00,759.9,758.71,-1.1899999999999409,1.17999999999995,-1.008474576271179,-120.99999999999409,stop,0.9900000000000091,1.127576146128879
2026-09-17,-1,2026-09-17 10:10:00-04:00,2026-09-17 15:50:00-04:00,760.21,763.42,-3.2099999999999227,3.199999999999932,-1.0031249999999972,-322.99999999999227,stop,3.009999999999991,0.494401765643587
2026-09-18,-1,2026-09-18 09:50:00-04:00,2026-09-18 12:20:00-04:00,760.47,758.5350000000001,1.9349999999999454,1.2899999999999636,1.5,191.49999999999454,target,1.17999999999995,0.46697494140801715
2026-09-21,1,2026-09-21 09:50:00-04:00,2026-09-21 10:15:00-04:00,767.01,768.48,1.4700000000000273,0.9800000000000182,1.5,145.00000000000273,target,0.8300000000000409,0.6340826649596465
