date,side,entry_time,exit_time,entry,exit,pts,r_mult,tom,pnl,reason
2016-09-30,1,2016-09-29,2016-09-30,138.76,138.54000000000002,-0.21999999999997044,-10.999999999998522,False,-23.999999999997044,non_tom_only
2016-10-06,1,2016-10-05,2016-10-06,134.59,133.96,-0.6299999999999955,-31.499999999999773,False,-64.99999999999955,non_tom_only
2016-10-07,1,2016-10-06,2016-10-07,133.84,133.92000000000002,0.0800000000000125,4.000000000000625,False,6.0000000000012506,non_tom_only
2016-10-10,1,2016-10-07,2016-10-10,133.92999999999998,132.84,-1.089999999999975,-54.49999999999875,False,-110.9999999999975,non_tom_only
2016-10-11,1,2016-10-10,2016-10-11,133.14,132.85000000000002,-0.2899999999999636,-14.499999999998181,False,-30.999999999996362,non_tom_only
2016-10-12,1,2016-10-11,2016-10-12,132.84,132.66,-0.18000000000000682,-9.000000000000341,False,-20.000000000000682,non_tom_only
2016-10-13,1,2016-10-12,2016-10-13,132.97,133.63,0.6599999999999966,32.99999999999983,False,63.99999999999966,non_tom_only
2016-10-14,1,2016-10-13,2016-10-14,133.47,132.26000000000002,-1.2099999999999795,-60.49999999999898,False,-122.99999999999795,non_tom_only
2016-10-17,1,2016-10-14,2016-10-17,131.6,132.09,0.4900000000000091,24.500000000000455,False,47.00000000000091,non_tom_only
2016-10-18,1,2016-10-17,2016-10-18,132.44,131.83,-0.6099999999999852,-30.49999999999926,False,-62.99999999999852,non_tom_only
2016-10-19,1,2016-10-18,2016-10-19,132.87,132.36,-0.5099999999999909,-25.499999999999545,False,-52.99999999999909,non_tom_only
2016-10-20,1,2016-10-19,2016-10-20,132.98,133.63,0.6500000000000057,32.500000000000284,False,63.00000000000057,non_tom_only
2016-10-21,1,2016-10-20,2016-10-21,133.12,133.51000000000002,0.3900000000000148,19.50000000000074,False,37.00000000000148,non_tom_only
2016-10-24,1,2016-10-21,2016-10-24,133.32,133.4,0.0800000000000125,4.000000000000625,False,6.0000000000012506,non_tom_only
2016-10-25,1,2016-10-24,2016-10-25,132.73999999999998,132.52,-0.21999999999997044,-10.999999999998522,False,-23.999999999997044,non_tom_only
2016-10-26,1,2016-10-25,2016-10-26,133.09,132.44,-0.6500000000000057,-32.500000000000284,False,-67.00000000000057,non_tom_only
2016-10-27,1,2016-10-26,2016-10-27,132.19,131.06,-1.1299999999999955,-56.49999999999977,False,-114.99999999999955,non_tom_only
2016-10-28,1,2016-10-27,2016-10-28,130.75,130.38,-0.37000000000000455,-18.500000000000227,False,-39.000000000000455,non_tom_only
2016-10-31,1,2016-10-28,2016-10-31,130.45999999999998,130.89000000000001,0.43000000000003524,21.500000000001762,False,41.000000000003524,non_tom_only
2016-11-04,1,2016-11-03,2016-11-04,130.57999999999998,131.26000000000002,0.6800000000000352,34.00000000000176,False,66.00000000000352,non_tom_only
2016-11-07,1,2016-11-04,2016-11-07,131.75,130.74,-1.009999999999991,-50.499999999999545,False,-102.99999999999909,non_tom_only
2016-11-08,1,2016-11-07,2016-11-08,130.63,131.01000000000002,0.3800000000000239,19.000000000001194,False,36.00000000000239,non_tom_only
2016-11-09,1,2016-11-08,2016-11-09,130.1,127.21,-2.8900000000000006,-144.50000000000003,False,-291.00000000000006,non_tom_only
2016-11-10,1,2016-11-09,2016-11-10,124.58,123.96,-0.6200000000000045,-31.000000000000227,False,-64.00000000000045,non_tom_only
2016-11-11,1,2016-11-10,2016-11-11,122.74000000000001,122.94999999999999,0.20999999999997954,10.499999999998977,False,18.999999999997954,non_tom_only
2016-11-14,1,2016-11-11,2016-11-14,122.05000000000001,121.3,-0.7500000000000142,-37.50000000000071,False,-77.00000000000142,non_tom_only
2016-11-15,1,2016-11-14,2016-11-15,121.32000000000001,122.21,0.8899999999999864,44.49999999999932,False,86.99999999999864,non_tom_only
2016-11-16,1,2016-11-15,2016-11-16,121.92,122.28999999999999,0.36999999999999034,18.499999999999517,False,34.999999999999034,non_tom_only
2016-11-17,1,2016-11-16,2016-11-17,123.02000000000001,121.94,-1.0800000000000125,-54.000000000000625,False,-110.00000000000125,non_tom_only
2016-11-18,1,2016-11-17,2016-11-18,121.21000000000001,121.61999999999999,0.4099999999999824,20.49999999999912,False,38.99999999999824,non_tom_only
2016-11-21,1,2016-11-18,2016-11-21,120.86,121.19999999999999,0.3399999999999892,16.99999999999946,False,31.99999999999892,non_tom_only
2016-11-22,1,2016-11-21,2016-11-22,121.16000000000001,121.64999999999999,0.4899999999999807,24.499999999999034,False,46.99999999999807,non_tom_only
2016-11-23,1,2016-11-22,2016-11-23,121.12,119.97999999999999,-1.1400000000000148,-57.00000000000074,False,-116.00000000000148,non_tom_only
2016-11-25,1,2016-11-23,2016-11-25,120.65,121.21,0.5599999999999881,27.999999999999403,False,53.999999999998806,non_tom_only
2016-11-28,1,2016-11-25,2016-11-28,120.83,121.39999999999999,0.5699999999999932,28.49999999999966,False,54.99999999999932,non_tom_only
2016-11-29,1,2016-11-28,2016-11-29,121.72,121.42999999999999,-0.29000000000000625,-14.500000000000313,False,-31.000000000000625,non_tom_only
2016-11-30,1,2016-11-29,2016-11-30,122.23,119.96,-2.2700000000000102,-113.50000000000051,False,-229.00000000000102,non_tom_only
2016-12-06,1,2016-12-05,2016-12-06,119.48,119.69,0.20999999999999375,10.499999999999687,False,18.999999999999375,non_tom_only
2016-12-07,1,2016-12-06,2016-12-07,119.39,119.83999999999999,0.44999999999998863,22.49999999999943,False,42.99999999999886,non_tom_only
2016-12-08,1,2016-12-07,2016-12-08,120.41000000000001,119.14,-1.2700000000000102,-63.50000000000051,False,-129.00000000000102,non_tom_only
2016-12-09,1,2016-12-08,2016-12-09,118.99000000000001,118.63,-0.36000000000001364,-18.000000000000682,False,-38.000000000001364,non_tom_only
2016-12-12,1,2016-12-09,2016-12-12,117.51,117.25999999999999,-0.2500000000000142,-12.50000000000071,False,-27.00000000000142,non_tom_only
2016-12-13,1,2016-12-12,2016-12-13,117.73,118.39,0.6599999999999966,32.99999999999983,False,63.99999999999966,non_tom_only
2016-12-14,1,2016-12-13,2016-12-14,118.15,119.07,0.9199999999999875,45.999999999999375,False,89.99999999999875,non_tom_only
2016-12-15,1,2016-12-14,2016-12-15,116.83,117.55,0.7199999999999989,35.99999999999994,False,69.99999999999989,non_tom_only
2016-12-16,1,2016-12-15,2016-12-16,117.42,117.6,0.1799999999999926,8.99999999999963,False,15.999999999999261,non_tom_only
2016-12-19,1,2016-12-16,2016-12-19,117.15,117.97,0.8199999999999932,40.99999999999966,False,79.99999999999932,non_tom_only
2016-12-20,1,2016-12-19,2016-12-20,118.41000000000001,117.61999999999999,-0.7900000000000205,-39.50000000000102,False,-81.00000000000205,non_tom_only
2016-12-21,1,2016-12-20,2016-12-21,117.82000000000001,117.91,0.0899999999999892,4.49999999999946,False,6.99999999999892,non_tom_only
2016-12-22,1,2016-12-21,2016-12-22,118.34,117.52,-0.8200000000000074,-41.00000000000037,False,-84.00000000000074,non_tom_only
2016-12-23,1,2016-12-22,2016-12-23,117.82000000000001,118.22999999999999,0.4099999999999824,20.49999999999912,False,38.99999999999824,non_tom_only
2016-12-27,1,2016-12-23,2016-12-27,118.06,117.41,-0.6500000000000057,-32.500000000000284,False,-67.00000000000057,non_tom_only
2016-12-28,1,2016-12-27,2016-12-28,117.68,117.86999999999999,0.18999999999998352,9.499999999999176,False,16.99999999999835,non_tom_only
2016-12-29,1,2016-12-28,2016-12-29,118.54,118.75999999999999,0.21999999999998465,10.999999999999233,False,19.999999999998465,non_tom_only
2016-12-30,1,2016-12-29,2016-12-30,118.96000000000001,118.77,-0.19000000000001194,-9.500000000000597,False,-21.000000000001194,non_tom_only
2017-01-06,1,2017-01-05,2017-01-06,121.99000000000001,121.11999999999999,-0.8700000000000188,-43.50000000000094,False,-89.00000000000188,non_tom_only
2017-01-09,1,2017-01-06,2017-01-09,120.87,121.85,0.9799999999999898,48.99999999999949,False,95.99999999999898,non_tom_only
2017-01-10,1,2017-01-09,2017-01-10,121.84,121.53999999999999,-0.30000000000001137,-15.000000000000568,False,-32.00000000000114,non_tom_only
2017-01-11,1,2017-01-10,2017-01-11,121.76,121.92999999999999,0.1699999999999875,8.499999999999375,False,14.99999999999875,non_tom_only
2017-01-12,1,2017-01-11,2017-01-12,122.17,122.74,0.5699999999999932,28.49999999999966,False,54.99999999999932,non_tom_only
2017-01-13,1,2017-01-12,2017-01-13,121.9,121.32,-0.5800000000000125,-29.000000000000625,False,-60.00000000000125,non_tom_only
2017-01-17,1,2017-01-13,2017-01-17,121.32000000000001,122.80999999999999,1.4899999999999807,74.49999999999903,False,146.99999999999807,non_tom_only
2017-01-18,1,2017-01-17,2017-01-18,122.59,121.75999999999999,-0.8300000000000125,-41.500000000000625,False,-85.00000000000125,non_tom_only
2017-01-19,1,2017-01-18,2017-01-19,121.02000000000001,120.47999999999999,-0.5400000000000205,-27.000000000001023,False,-56.000000000002046,non_tom_only
2017-01-20,1,2017-01-19,2017-01-20,120.19000000000001,119.83,-0.36000000000001364,-18.000000000000682,False,-38.000000000001364,non_tom_only
2017-01-23,1,2017-01-20,2017-01-23,119.95,120.33,0.37999999999999545,18.999999999999773,False,35.999999999999545,non_tom_only
2017-01-24,1,2017-01-23,2017-01-24,121.15,120.72999999999999,-0.4200000000000159,-21.000000000000796,False,-44.00000000000159,non_tom_only
2017-01-25,1,2017-01-24,2017-01-25,120.32000000000001,119.27,-1.0500000000000114,-52.50000000000057,False,-107.00000000000114,non_tom_only
2017-01-26,1,2017-01-25,2017-01-26,118.81,118.89999999999999,0.0899999999999892,4.49999999999946,False,6.99999999999892,non_tom_only
2017-01-27,1,2017-01-26,2017-01-27,119.21000000000001,119.39,0.1799999999999926,8.99999999999963,False,15.999999999999261,non_tom_only
2017-01-30,1,2017-01-27,2017-01-30,119.64,119.42999999999999,-0.21000000000000796,-10.500000000000398,False,-23.000000000000796,non_tom_only
2017-01-31,1,2017-01-30,2017-01-31,119.28,119.32,0.03999999999999204,1.999999999999602,False,1.9999999999992042,non_tom_only
2017-02-06,1,2017-02-03,2017-02-06,119.01,119.75,0.7399999999999949,36.999999999999744,False,71.99999999999949,non_tom_only
2017-02-07,1,2017-02-06,2017-02-07,119.73,119.77,0.03999999999999204,1.999999999999602,False,1.9999999999992042,non_tom_only
2017-02-08,1,2017-02-07,2017-02-08,120.61,121.41,0.7999999999999972,39.99999999999986,False,77.99999999999972,non_tom_only
2017-02-09,1,2017-02-08,2017-02-09,122.25,121.39999999999999,-0.8500000000000085,-42.500000000000426,False,-87.00000000000085,non_tom_only
2017-02-10,1,2017-02-09,2017-02-10,120.84,120.1,-0.7400000000000091,-37.000000000000455,False,-76.00000000000091,non_tom_only
2017-02-13,1,2017-02-10,2017-02-13,120.77000000000001,120.24,-0.5300000000000153,-26.500000000000767,False,-55.000000000001535,non_tom_only
2017-02-14,1,2017-02-13,2017-02-14,120.39,120.22999999999999,-0.1600000000000108,-8.00000000000054,False,-18.00000000000108,non_tom_only
2017-02-15,1,2017-02-14,2017-02-15,119.52000000000001,118.75,-0.7700000000000102,-38.50000000000051,False,-79.00000000000102,non_tom_only
2017-02-16,1,2017-02-15,2017-02-16,118.97,119.22999999999999,0.2599999999999909,12.999999999999545,False,23.99999999999909,non_tom_only
2017-02-17,1,2017-02-16,2017-02-17,119.62,120.6,0.9799999999999898,48.99999999999949,False,95.99999999999898,non_tom_only
2017-02-21,1,2017-02-17,2017-02-21,120.33,119.67999999999999,-0.6500000000000057,-32.500000000000284,False,-67.00000000000057,non_tom_only
2017-02-22,1,2017-02-21,2017-02-22,120.12,120.78999999999999,0.6699999999999875,33.499999999999375,False,64.99999999999875,non_tom_only
2017-02-23,1,2017-02-22,2017-02-23,120.32000000000001,120.55999999999999,0.23999999999998067,11.999999999999034,False,21.999999999998067,non_tom_only
2017-02-24,1,2017-02-23,2017-02-24,120.68,121.33999999999999,0.6599999999999824,32.99999999999912,False,63.99999999999824,non_tom_only
2017-02-27,1,2017-02-24,2017-02-27,122.02000000000001,121.80999999999999,-0.21000000000002217,-10.500000000001108,False,-23.000000000002217,non_tom_only
2017-02-28,1,2017-02-27,2017-02-28,121.30000000000001,121.49,0.18999999999998352,9.499999999999176,False,16.99999999999835,non_tom_only
2017-03-06,1,2017-03-03,2017-03-06,119.36,119.11,-0.25,-12.5,False,-27.0,non_tom_only
2017-03-07,1,2017-03-06,2017-03-07,118.79,118.47,-0.3200000000000074,-16.00000000000037,False,-34.00000000000074,non_tom_only
2017-03-08,1,2017-03-07,2017-03-08,118.43,117.3,-1.1300000000000097,-56.50000000000048,False,-115.00000000000097,non_tom_only
2017-03-09,1,2017-03-08,2017-03-09,117.79,117.33,-0.46000000000000796,-23.000000000000398,False,-48.000000000000796,non_tom_only
2017-03-10,1,2017-03-09,2017-03-10,116.85000000000001,117.13,0.2799999999999869,13.999999999999346,False,25.999999999998693,non_tom_only
2017-03-13,1,2017-03-10,2017-03-13,117.26,116.82,-0.44000000000001194,-22.000000000000597,False,-46.000000000001194,non_tom_only
2017-03-14,1,2017-03-13,2017-03-14,116.52000000000001,116.75999999999999,0.23999999999998067,11.999999999999034,False,21.999999999998067,non_tom_only
2017-03-15,1,2017-03-14,2017-03-15,117.08,117.55,0.46999999999999886,23.499999999999943,False,44.999999999999886,non_tom_only
2017-03-16,1,2017-03-15,2017-03-16,118.51,117.97999999999999,-0.5300000000000153,-26.500000000000767,False,-55.000000000001535,non_tom_only
2017-03-17,1,2017-03-16,2017-03-17,117.91000000000001,118.1,0.18999999999998352,9.499999999999176,False,16.99999999999835,non_tom_only
2017-03-20,1,2017-03-17,2017-03-20,118.65,118.52,-0.13000000000000966,-6.500000000000483,False,-15.000000000000966,non_tom_only
2017-03-21,1,2017-03-20,2017-03-21,119.16000000000001,119.03999999999999,-0.12000000000001876,-6.000000000000938,False,-14.000000000001876,non_tom_only
2017-03-22,1,2017-03-21,2017-03-22,120.15,120.71,0.5599999999999881,27.999999999999403,False,53.999999999998806,non_tom_only
2017-03-23,1,2017-03-22,2017-03-23,120.63000000000001,120.82,0.18999999999998352,9.499999999999176,False,16.99999999999835,non_tom_only
2017-03-24,1,2017-03-23,2017-03-24,120.46000000000001,120.50999999999999,0.04999999999998295,2.4999999999991473,False,2.9999999999982947,non_tom_only
2017-03-27,1,2017-03-24,2017-03-27,120.89,121.82,0.9299999999999926,46.49999999999963,False,90.99999999999926,non_tom_only
2017-03-28,1,2017-03-27,2017-03-28,121.44000000000001,121.78,0.3399999999999892,16.99999999999946,False,31.99999999999892,non_tom_only
2017-03-29,1,2017-03-28,2017-03-29,120.63000000000001,120.92999999999999,0.29999999999998295,14.999999999999147,False,27.999999999998295,non_tom_only
2017-03-30,1,2017-03-29,2017-03-30,121.35000000000001,121.05999999999999,-0.29000000000002046,-14.500000000001023,False,-31.000000000002046,non_tom_only
2017-03-31,1,2017-03-30,2017-03-31,120.37,120.27,-0.10000000000000853,-5.000000000000426,False,-12.000000000000853,non_tom_only
2017-04-06,1,2017-04-05,2017-04-06,121.39,121.22999999999999,-0.1600000000000108,-8.00000000000054,False,-18.00000000000108,non_tom_only
2017-04-07,1,2017-04-06,2017-04-07,121.21000000000001,121.83,0.6199999999999903,30.999999999999517,False,59.999999999999034,non_tom_only
2017-04-10,1,2017-04-07,2017-04-10,120.72,121.13,0.4099999999999966,20.49999999999983,False,38.99999999999966,non_tom_only
2017-04-11,1,2017-04-10,2017-04-11,121.28,121.80999999999999,0.5299999999999869,26.499999999999346,False,50.99999999999869,non_tom_only
2017-04-12,1,2017-04-11,2017-04-12,122.43,122.5,0.06999999999999318,3.499999999999659,False,4.999999999999318,non_tom_only
2017-04-13,1,2017-04-12,2017-04-13,123.10000000000001,123.44,0.3399999999999892,16.99999999999946,False,31.99999999999892,non_tom_only
2017-04-17,1,2017-04-13,2017-04-17,123.48,123.44,-0.04000000000000625,-2.0000000000003126,False,-6.000000000000625,non_tom_only
2017-04-18,1,2017-04-17,2017-04-18,123.10000000000001,123.85,0.7499999999999858,37.49999999999929,False,72.99999999999858,non_tom_only
2017-04-19,1,2017-04-18,2017-04-19,124.71000000000001,124.08999999999999,-0.6200000000000188,-31.000000000000938,False,-64.00000000000188,non_tom_only
2017-04-20,1,2017-04-19,2017-04-20,124.03,123.72,-0.3100000000000023,-15.500000000000114,False,-33.00000000000023,non_tom_only
2017-04-21,1,2017-04-20,2017-04-21,123.55000000000001,123.80999999999999,0.2599999999999767,12.999999999998835,False,23.99999999999767,non_tom_only
2017-04-24,1,2017-04-21,2017-04-24,123.55000000000001,122.53999999999999,-1.0100000000000193,-50.500000000000966,False,-103.00000000000193,non_tom_only
2017-04-25,1,2017-04-24,2017-04-25,122.94000000000001,122.19999999999999,-0.7400000000000233,-37.000000000001165,False,-76.00000000000233,non_tom_only
2017-04-26,1,2017-04-25,2017-04-26,121.46000000000001,121.50999999999999,0.04999999999998295,2.4999999999991473,False,2.9999999999982947,non_tom_only
2017-04-27,1,2017-04-26,2017-04-27,122.13000000000001,121.74,-0.3900000000000148,-19.50000000000074,False,-41.00000000000148,non_tom_only
2017-04-28,1,2017-04-27,2017-04-28,122.09,121.55999999999999,-0.5300000000000153,-26.500000000000767,False,-55.000000000001535,non_tom_only
2017-05-04,1,2017-05-03,2017-05-04,121.79,121.0,-0.7900000000000063,-39.50000000000031,False,-81.00000000000063,non_tom_only
2017-05-05,1,2017-05-04,2017-05-05,121.19000000000001,121.36999999999999,0.1799999999999784,8.99999999999892,False,15.99999999999784,non_tom_only
2017-05-08,1,2017-05-05,2017-05-08,121.30000000000001,121.1,-0.20000000000001705,-10.000000000000853,False,-22.000000000001705,non_tom_only
2017-05-09,1,2017-05-08,2017-05-09,120.64,120.36999999999999,-0.27000000000001023,-13.500000000000512,False,-29.000000000001023,non_tom_only
2017-05-10,1,2017-05-09,2017-05-10,120.63000000000001,120.89999999999999,0.2699999999999818,13.49999999999909,False,24.99999999999818,non_tom_only
2017-05-11,1,2017-05-10,2017-05-11,120.49000000000001,119.99,-0.5000000000000142,-25.00000000000071,False,-52.00000000000142,non_tom_only
2017-05-12,1,2017-05-11,2017-05-12,120.49000000000001,121.0,0.5099999999999909,25.499999999999545,False,48.99999999999909,non_tom_only
2017-05-15,1,2017-05-12,2017-05-15,121.4,121.05,-0.3500000000000085,-17.500000000000426,False,-37.00000000000085,non_tom_only
2017-05-16,1,2017-05-15,2017-05-16,121.07000000000001,121.1,0.029999999999986926,1.4999999999993463,False,0.9999999999986926,non_tom_only
2017-05-17,1,2017-05-16,2017-05-17,121.52000000000001,122.61999999999999,1.09999999999998,54.999999999999005,False,107.99999999999801,non_tom_only
2017-05-18,1,2017-05-17,2017-05-18,123.29,123.74,0.44999999999998863,22.49999999999943,False,42.99999999999886,non_tom_only
2017-05-19,1,2017-05-18,2017-05-19,123.43,123.33,-0.10000000000000853,-5.000000000000426,False,-12.000000000000853,non_tom_only
2017-05-22,1,2017-05-19,2017-05-22,123.72,123.39999999999999,-0.3200000000000074,-16.00000000000037,False,-34.00000000000074,non_tom_only
2017-05-23,1,2017-05-22,2017-05-23,123.38000000000001,123.5,0.11999999999999034,5.999999999999517,False,9.999999999999034,non_tom_only
2017-05-24,1,2017-05-23,2017-05-24,122.55000000000001,122.78999999999999,0.23999999999998067,11.999999999999034,False,21.999999999998067,non_tom_only
2017-05-25,1,2017-05-24,2017-05-25,123.24000000000001,123.00999999999999,-0.2300000000000182,-11.50000000000091,False,-25.00000000000182,non_tom_only
2017-05-26,1,2017-05-25,2017-05-26,123.28,123.53999999999999,0.2599999999999909,12.999999999999545,False,23.99999999999909,non_tom_only
2017-05-30,1,2017-05-26,2017-05-30,123.49000000000001,124.02,0.5299999999999869,26.499999999999346,False,50.99999999999869,non_tom_only
2017-05-31,1,2017-05-30,2017-05-31,124.10000000000001,124.03999999999999,-0.060000000000016485,-3.0000000000008242,False,-8.000000000001648,non_tom_only
2017-06-06,1,2017-06-05,2017-06-06,124.85000000000001,125.67999999999999,0.8299999999999841,41.499999999999204,False,80.99999999999841,non_tom_only
2017-06-07,1,2017-06-06,2017-06-07,125.53,125.22999999999999,-0.30000000000001137,-15.000000000000568,False,-32.00000000000114,non_tom_only
2017-06-08,1,2017-06-07,2017-06-08,124.93,124.86999999999999,-0.060000000000016485,-3.0000000000008242,False,-8.000000000001648,non_tom_only
2017-06-09,1,2017-06-08,2017-06-09,124.60000000000001,124.07,-0.5300000000000153,-26.500000000000767,False,-55.000000000001535,non_tom_only
2017-06-12,1,2017-06-09,2017-06-12,124.41000000000001,124.19999999999999,-0.21000000000002217,-10.500000000001108,False,-23.000000000002217,non_tom_only
2017-06-13,1,2017-06-12,2017-06-13,124.37,124.0,-0.37000000000000455,-18.500000000000227,False,-39.000000000000455,non_tom_only
2017-06-14,1,2017-06-13,2017-06-14,124.39,125.91,1.519999999999996,75.9999999999998,False,149.9999999999996,non_tom_only
2017-06-15,1,2017-06-14,2017-06-15,126.31,126.08,-0.23000000000000398,-11.500000000000199,False,-25.000000000000398,non_tom_only
2017-06-16,1,2017-06-15,2017-06-16,126.11,126.05999999999999,-0.05000000000001137,-2.5000000000005684,False,-7.000000000001137,non_tom_only
2017-06-19,1,2017-06-16,2017-06-19,126.36,126.30999999999999,-0.05000000000001137,-2.5000000000005684,False,-7.000000000001137,non_tom_only
2017-06-20,1,2017-06-19,2017-06-20,126.18,126.78,0.5999999999999943,29.999999999999716,False,57.99999999999943,non_tom_only
2017-06-21,1,2017-06-20,2017-06-21,127.31,127.1,-0.21000000000000796,-10.500000000000398,False,-23.000000000000796,non_tom_only
2017-06-22,1,2017-06-21,2017-06-22,127.57000000000001,127.69999999999999,0.12999999999998124,6.499999999999062,False,10.999999999998124,non_tom_only
2017-06-23,1,2017-06-22,2017-06-23,127.85000000000001,127.46,-0.3900000000000148,-19.50000000000074,False,-41.00000000000148,non_tom_only
2017-06-26,1,2017-06-23,2017-06-26,127.79,128.26000000000002,0.4700000000000131,23.500000000000654,False,45.00000000000131,non_tom_only
2017-06-27,1,2017-06-26,2017-06-27,128.26999999999998,127.42,-0.8499999999999801,-42.499999999999005,False,-86.99999999999801,non_tom_only
2017-06-28,1,2017-06-27,2017-06-28,126.9,126.67999999999999,-0.22000000000001307,-11.000000000000654,False,-24.000000000001307,non_tom_only
2017-06-29,1,2017-06-28,2017-06-29,126.48,125.0,-1.480000000000004,-74.0000000000002,False,-150.0000000000004,non_tom_only
2017-06-30,1,2017-06-29,2017-06-30,125.42,125.17999999999999,-0.2400000000000091,-12.000000000000455,False,-26.00000000000091,non_tom_only
2017-07-07,1,2017-07-06,2017-07-07,123.47,122.83,-0.6400000000000006,-32.00000000000003,False,-66.00000000000006,non_tom_only
2017-07-10,1,2017-07-07,2017-07-10,122.73,122.86,0.12999999999999545,6.499999999999773,False,10.999999999999545,non_tom_only
2017-07-11,1,2017-07-10,2017-07-11,122.91000000000001,122.86,-0.05000000000001137,-2.5000000000005684,False,-7.000000000001137,non_tom_only
2017-07-12,1,2017-07-11,2017-07-12,123.12,123.88,0.7599999999999909,37.999999999999545,False,73.99999999999909,non_tom_only
2017-07-13,1,2017-07-12,2017-07-13,123.97,123.58999999999999,-0.38000000000000966,-19.000000000000483,False,-40.000000000000966,non_tom_only
2017-07-14,1,2017-07-13,2017-07-14,123.19000000000001,124.08999999999999,0.8999999999999773,44.99999999999886,False,87.99999999999773,non_tom_only
2017-07-17,1,2017-07-14,2017-07-17,123.34,123.32,-0.020000000000010232,-1.0000000000005116,False,-4.000000000001023,non_tom_only
2017-07-18,1,2017-07-17,2017-07-18,123.68,124.42,0.7399999999999949,36.999999999999744,False,71.99999999999949,non_tom_only
2017-07-19,1,2017-07-18,2017-07-19,124.76,124.75999999999999,-1.4210854715202004e-14,-7.105427357601002e-13,False,-2.000000000001421,non_tom_only
2017-07-20,1,2017-07-19,2017-07-20,124.81,125.47999999999999,0.6699999999999875,33.499999999999375,False,64.99999999999875,non_tom_only
2017-07-21,1,2017-07-20,2017-07-21,125.17,125.72,0.5499999999999972,27.499999999999858,False,52.999999999999716,non_tom_only
2017-07-24,1,2017-07-21,2017-07-24,125.7,125.41,-0.29000000000000625,-14.500000000000313,False,-31.000000000000625,non_tom_only
2017-07-25,1,2017-07-24,2017-07-25,125.21000000000001,124.13,-1.0800000000000125,-54.000000000000625,False,-110.00000000000125,non_tom_only
2017-07-26,1,2017-07-25,2017-07-26,123.58,123.25999999999999,-0.3200000000000074,-16.00000000000037,False,-34.00000000000074,non_tom_only
2017-07-27,1,2017-07-26,2017-07-27,123.78,123.1,-0.6800000000000068,-34.00000000000034,False,-70.00000000000068,non_tom_only
2017-07-28,1,2017-07-27,2017-07-28,123.17,123.25999999999999,0.0899999999999892,4.49999999999946,False,6.99999999999892,non_tom_only
2017-07-31,1,2017-07-28,2017-07-31,123.9,123.47,-0.4300000000000068,-21.50000000000034,False,-45.00000000000068,non_tom_only
2017-08-04,1,2017-08-03,2017-08-04,126.01,125.14,-0.8700000000000045,-43.50000000000023,False,-89.00000000000045,non_tom_only
2017-08-07,1,2017-08-04,2017-08-07,124.94000000000001,124.83,-0.11000000000001364,-5.500000000000682,False,-13.000000000001364,non_tom_only
2017-08-08,1,2017-08-07,2017-08-08,125.08,124.86,-0.21999999999999886,-10.999999999999943,False,-23.999999999999886,non_tom_only
2017-08-09,1,2017-08-08,2017-08-09,124.63000000000001,125.91,1.279999999999987,63.999999999999346,False,125.99999999999869,non_tom_only
2017-08-10,1,2017-08-09,2017-08-10,125.31,125.61,0.29999999999999716,14.999999999999858,False,27.999999999999716,non_tom_only
2017-08-11,1,2017-08-10,2017-08-11,126.38000000000001,125.75,-0.6300000000000097,-31.500000000000483,False,-65.00000000000097,non_tom_only
2017-08-14,1,2017-08-11,2017-08-14,126.44000000000001,125.97999999999999,-0.46000000000002217,-23.00000000000111,False,-48.00000000000222,non_tom_only
2017-08-15,1,2017-08-14,2017-08-15,125.79,124.72,-1.0700000000000074,-53.50000000000037,False,-109.00000000000074,non_tom_only
2017-08-16,1,2017-08-15,2017-08-16,125.26,124.78999999999999,-0.4700000000000131,-23.500000000000654,False,-49.00000000000131,non_tom_only
2017-08-17,1,2017-08-16,2017-08-17,125.72,125.69,-0.030000000000001137,-1.5000000000000568,False,-5.000000000000114,non_tom_only
2017-08-18,1,2017-08-17,2017-08-18,126.66000000000001,126.97,0.30999999999998806,15.499999999999403,False,28.999999999998806,non_tom_only
2017-08-21,1,2017-08-18,2017-08-21,126.63000000000001,126.75999999999999,0.12999999999998124,6.499999999999062,False,10.999999999998124,non_tom_only
2017-08-22,1,2017-08-21,2017-08-22,126.94000000000001,126.78,-0.1600000000000108,-8.00000000000054,False,-18.00000000000108,non_tom_only
2017-08-23,1,2017-08-22,2017-08-23,126.45,127.03,0.5799999999999983,28.999999999999915,False,55.99999999999983,non_tom_only
2017-08-24,1,2017-08-23,2017-08-24,127.31,126.86,-0.45000000000000284,-22.500000000000142,False,-47.000000000000284,non_tom_only
2017-08-25,1,2017-08-24,2017-08-25,126.84,127.00999999999999,0.1699999999999875,8.499999999999375,False,14.99999999999875,non_tom_only
2017-08-28,1,2017-08-25,2017-08-28,127.33,126.91,-0.4200000000000017,-21.000000000000085,False,-44.00000000000017,non_tom_only
2017-08-29,1,2017-08-28,2017-08-29,127.25,128.46,1.210000000000008,60.5000000000004,False,119.0000000000008,non_tom_only
2017-08-30,1,2017-08-29,2017-08-30,127.66000000000001,127.44999999999999,-0.21000000000002217,-10.500000000001108,False,-23.000000000002217,non_tom_only
2017-08-31,1,2017-08-30,2017-08-31,127.62,127.63,0.009999999999990905,0.49999999999954525,False,-1.0000000000009095,non_tom_only
2017-09-07,1,2017-09-06,2017-09-07,127.98,128.32000000000002,0.3400000000000176,17.00000000000088,False,32.00000000000176,non_tom_only
2017-09-08,1,2017-09-07,2017-09-08,129.29,129.10000000000002,-0.1899999999999693,-9.499999999998465,False,-20.99999999999693,non_tom_only
2017-09-11,1,2017-09-08,2017-09-11,129.01,127.86999999999999,-1.1400000000000006,-57.00000000000003,False,-116.00000000000006,non_tom_only
2017-09-12,1,2017-09-11,2017-09-12,127.47,127.03999999999999,-0.4300000000000068,-21.50000000000034,False,-45.00000000000068,non_tom_only
2017-09-13,1,2017-09-12,2017-09-13,126.80000000000001,126.89999999999999,0.0999999999999801,4.999999999999005,False,7.9999999999980105,non_tom_only
2017-09-14,1,2017-09-13,2017-09-14,126.30000000000001,126.36,0.05999999999998806,2.999999999999403,False,3.9999999999988063,non_tom_only
2017-09-15,1,2017-09-14,2017-09-15,126.82000000000001,126.99,0.1699999999999875,8.499999999999375,False,14.99999999999875,non_tom_only
2017-09-18,1,2017-09-15,2017-09-18,126.87,126.49,-0.38000000000000966,-19.000000000000483,False,-40.000000000000966,non_tom_only
2017-09-19,1,2017-09-18,2017-09-19,126.14,126.27,0.12999999999999545,6.499999999999773,False,10.999999999999545,non_tom_only
2017-09-20,1,2017-09-19,2017-09-20,125.83,125.96,0.12999999999999545,6.499999999999773,False,10.999999999999545,non_tom_only
2017-09-21,1,2017-09-20,2017-09-21,125.92,126.11999999999999,0.19999999999998863,9.999999999999432,False,17.999999999998863,non_tom_only
2017-09-22,1,2017-09-21,2017-09-22,125.85000000000001,126.49,0.6399999999999864,31.999999999999318,False,61.999999999998636,non_tom_only
2017-09-25,1,2017-09-22,2017-09-25,126.21000000000001,126.30999999999999,0.0999999999999801,4.999999999999005,False,7.9999999999980105,non_tom_only
2017-09-26,1,2017-09-25,2017-09-26,127.0,126.75999999999999,-0.2400000000000091,-12.000000000000455,False,-26.00000000000091,non_tom_only
2017-09-27,1,2017-09-26,2017-09-27,126.77000000000001,124.86,-1.9100000000000108,-95.50000000000054,False,-193.00000000000108,non_tom_only
2017-09-28,1,2017-09-27,2017-09-28,124.86,124.16,-0.7000000000000028,-35.00000000000014,False,-72.00000000000028,non_tom_only
2017-09-29,1,2017-09-28,2017-09-29,124.49000000000001,124.75,0.2599999999999909,12.999999999999545,False,23.99999999999909,non_tom_only
2017-10-05,1,2017-10-04,2017-10-05,124.42,124.25999999999999,-0.1600000000000108,-8.00000000000054,False,-18.00000000000108,non_tom_only
2017-10-06,1,2017-10-05,2017-10-06,123.95,123.28,-0.6700000000000017,-33.500000000000085,False,-69.00000000000017,non_tom_only
2017-10-09,1,2017-10-06,2017-10-09,123.60000000000001,123.77,0.1699999999999875,8.499999999999375,False,14.99999999999875,non_tom_only
2017-10-10,1,2017-10-09,2017-10-10,123.99000000000001,124.13,0.13999999999998636,6.999999999999318,False,11.999999999998636,non_tom_only
2017-10-11,1,2017-10-10,2017-10-11,124.19000000000001,124.55999999999999,0.3699999999999761,18.499999999998806,False,34.99999999999761,non_tom_only
2017-10-12,1,2017-10-11,2017-10-12,124.43,124.53999999999999,0.10999999999998522,5.499999999999261,False,8.999999999998522,non_tom_only
2017-10-13,1,2017-10-12,2017-10-13,124.96000000000001,125.57,0.6099999999999852,30.49999999999926,False,58.99999999999852,non_tom_only
2017-10-16,1,2017-10-13,2017-10-16,125.86,125.52,-0.3400000000000034,-17.00000000000017,False,-36.00000000000034,non_tom_only
2017-10-17,1,2017-10-16,2017-10-17,125.77000000000001,125.38,-0.3900000000000148,-19.50000000000074,False,-41.00000000000148,non_tom_only
2017-10-18,1,2017-10-17,2017-10-18,125.93,125.03999999999999,-0.8900000000000148,-44.50000000000074,False,-91.00000000000148,non_tom_only
2017-10-19,1,2017-10-18,2017-10-19,125.10000000000001,125.71,0.6099999999999852,30.49999999999926,False,58.99999999999852,non_tom_only
2017-10-20,1,2017-10-19,2017-10-20,125.32000000000001,123.99,-1.3300000000000125,-66.50000000000063,False,-135.00000000000125,non_tom_only
2017-10-23,1,2017-10-20,2017-10-23,123.99000000000001,124.14999999999999,0.15999999999998238,7.999999999999119,False,13.999999999998238,non_tom_only
2017-10-24,1,2017-10-23,2017-10-24,124.21000000000001,123.36,-0.8500000000000085,-42.500000000000426,False,-87.00000000000085,non_tom_only
2017-10-25,1,2017-10-24,2017-10-25,123.44000000000001,122.52,-0.9200000000000159,-46.000000000000796,False,-94.00000000000159,non_tom_only
2017-10-26,1,2017-10-25,2017-10-26,122.85000000000001,123.05,0.19999999999998863,9.999999999999432,False,17.999999999998863,non_tom_only
2017-10-27,1,2017-10-26,2017-10-27,122.44000000000001,122.92999999999999,0.4899999999999807,24.499999999999034,False,46.99999999999807,non_tom_only
2017-10-30,1,2017-10-27,2017-10-30,123.25,123.86,0.6099999999999994,30.49999999999997,False,58.99999999999994,non_tom_only
2017-10-31,1,2017-10-30,2017-10-31,124.43,124.52,0.0899999999999892,4.49999999999946,False,6.99999999999892,non_tom_only
2017-11-06,1,2017-11-03,2017-11-06,125.65,125.92,0.269999999999996,13.499999999999801,False,24.999999999999602,non_tom_only
2017-11-07,1,2017-11-06,2017-11-07,126.12,126.22,0.09999999999999432,4.999999999999716,False,7.999999999999432,non_tom_only
2017-11-08,1,2017-11-07,2017-11-08,126.65,126.58,-0.07000000000000739,-3.5000000000003695,False,-9.000000000000739,non_tom_only
2017-11-09,1,2017-11-08,2017-11-09,126.37,125.86,-0.5100000000000051,-25.500000000000256,False,-53.00000000000051,non_tom_only
2017-11-10,1,2017-11-09,2017-11-10,126.01,124.67999999999999,-1.3300000000000125,-66.50000000000063,False,-135.00000000000125,non_tom_only
2017-11-13,1,2017-11-10,2017-11-13,124.11,124.78999999999999,0.6799999999999926,33.99999999999963,False,65.99999999999926,non_tom_only
2017-11-14,1,2017-11-13,2017-11-14,124.37,124.75999999999999,0.38999999999998636,19.499999999999318,False,36.999999999998636,non_tom_only
2017-11-15,1,2017-11-14,2017-11-15,125.21000000000001,126.05,0.8399999999999892,41.99999999999946,False,81.99999999999892,non_tom_only
2017-11-16,1,2017-11-15,2017-11-16,126.57000000000001,126.0,-0.5700000000000074,-28.50000000000037,False,-59.00000000000074,non_tom_only
2017-11-17,1,2017-11-16,2017-11-17,125.47,126.03999999999999,0.5699999999999932,28.49999999999966,False,54.99999999999932,non_tom_only
2017-11-20,1,2017-11-17,2017-11-20,126.4,125.89999999999999,-0.5000000000000142,-25.00000000000071,False,-52.00000000000142,non_tom_only
2017-11-21,1,2017-11-20,2017-11-21,126.35000000000001,127.08,0.7299999999999898,36.49999999999949,False,70.99999999999898,non_tom_only
2017-11-22,1,2017-11-21,2017-11-22,126.75,126.61,-0.14000000000000057,-7.000000000000028,False,-16.000000000000057,non_tom_only
2017-11-24,1,2017-11-22,2017-11-24,127.16000000000001,126.92,-0.2400000000000091,-12.000000000000455,False,-26.00000000000091,non_tom_only
2017-11-27,1,2017-11-24,2017-11-27,126.81,126.85,0.03999999999999204,1.999999999999602,False,1.9999999999992042,non_tom_only
2017-11-28,1,2017-11-27,2017-11-28,126.63000000000001,126.75999999999999,0.12999999999998124,6.499999999999062,False,10.999999999998124,non_tom_only
2017-11-29,1,2017-11-28,2017-11-29,126.80000000000001,125.55,-1.2500000000000142,-62.50000000000071,False,-127.00000000000142,non_tom_only
2017-11-30,1,2017-11-29,2017-11-30,125.55000000000001,125.3,-0.2500000000000142,-12.50000000000071,False,-27.00000000000142,non_tom_only
2017-12-06,1,2017-12-05,2017-12-06,127.25,127.86,0.6099999999999994,30.49999999999997,False,58.99999999999994,non_tom_only
2017-12-07,1,2017-12-06,2017-12-07,127.69000000000001,127.92,0.22999999999998977,11.499999999999488,False,20.999999999998977,non_tom_only
2017-12-08,1,2017-12-07,2017-12-08,126.69000000000001,126.58,-0.11000000000001364,-5.500000000000682,False,-13.000000000001364,non_tom_only
2017-12-11,1,2017-12-08,2017-12-11,126.7,126.85,0.14999999999999147,7.499999999999574,False,12.999999999999147,non_tom_only
2017-12-12,1,2017-12-11,2017-12-12,126.44000000000001,126.16,-0.28000000000001535,-14.000000000000767,False,-30.000000000001535,non_tom_only
2017-12-13,1,2017-12-12,2017-12-13,126.39,126.8,0.4099999999999966,20.49999999999983,False,38.99999999999966,non_tom_only
2017-12-14,1,2017-12-13,2017-12-14,127.34,127.02,-0.3200000000000074,-16.00000000000037,False,-34.00000000000074,non_tom_only
2017-12-15,1,2017-12-14,2017-12-15,127.88000000000001,127.8,-0.0800000000000125,-4.000000000000625,False,-10.00000000000125,non_tom_only
2017-12-18,1,2017-12-15,2017-12-18,128.35999999999999,127.96,-0.3999999999999915,-19.999999999999574,False,-41.99999999999915,non_tom_only
2017-12-19,1,2017-12-18,2017-12-19,127.19000000000001,126.30999999999999,-0.8800000000000239,-44.000000000001194,False,-90.00000000000239,non_tom_only
2017-12-20,1,2017-12-19,2017-12-20,125.54,124.3,-1.240000000000009,-62.000000000000455,False,-126.00000000000091,non_tom_only
2017-12-21,1,2017-12-20,2017-12-21,124.15,124.02,-0.13000000000000966,-6.500000000000483,False,-15.000000000000966,non_tom_only
2017-12-22,1,2017-12-21,2017-12-22,124.61,124.69,0.0799999999999983,3.9999999999999147,False,5.9999999999998295,non_tom_only
2017-12-26,1,2017-12-22,2017-12-26,124.78,124.97,0.18999999999999773,9.499999999999886,False,16.999999999999773,non_tom_only
2017-12-27,1,2017-12-26,2017-12-27,125.15,125.69999999999999,0.549999999999983,27.499999999999147,False,52.999999999998295,non_tom_only
2017-12-28,1,2017-12-27,2017-12-28,126.78,126.53999999999999,-0.2400000000000091,-12.000000000000455,False,-26.00000000000091,non_tom_only
2017-12-29,1,2017-12-28,2017-12-29,126.67,126.49,-0.18000000000000682,-9.000000000000341,False,-20.000000000000682,non_tom_only
2018-01-05,1,2018-01-04,2018-01-05,126.08,125.86,-0.21999999999999886,-10.999999999999943,False,-23.999999999999886,non_tom_only
2018-01-08,1,2018-01-05,2018-01-08,125.72,125.97999999999999,0.2599999999999909,12.999999999999545,False,23.99999999999909,non_tom_only
2018-01-09,1,2018-01-08,2018-01-09,125.64,124.8,-0.8400000000000034,-42.00000000000017,False,-86.00000000000034,non_tom_only
2018-01-10,1,2018-01-09,2018-01-10,123.96000000000001,122.80999999999999,-1.15000000000002,-57.500000000000995,False,-117.00000000000199,non_tom_only
2018-01-11,1,2018-01-10,2018-01-11,123.81,123.5,-0.3100000000000023,-15.500000000000114,False,-33.00000000000023,non_tom_only
2018-01-12,1,2018-01-11,2018-01-12,124.32000000000001,124.08999999999999,-0.2300000000000182,-11.50000000000091,False,-25.00000000000182,non_tom_only
2018-01-16,1,2018-01-12,2018-01-16,124.53,125.16,0.6299999999999955,31.499999999999773,False,60.999999999999545,non_tom_only
2018-01-17,1,2018-01-16,2018-01-17,125.05000000000001,125.07,0.01999999999998181,0.9999999999990905,False,-1.8189894035458565e-12,non_tom_only
2018-01-18,1,2018-01-17,2018-01-18,124.88000000000001,123.92,-0.960000000000008,-48.0000000000004,False,-98.0000000000008,non_tom_only
2018-01-19,1,2018-01-18,2018-01-19,123.72,123.39,-0.3299999999999983,-16.499999999999915,False,-34.99999999999983,non_tom_only
2018-01-22,1,2018-01-19,2018-01-22,123.07000000000001,123.44,0.36999999999999034,18.499999999999517,False,34.999999999999034,non_tom_only
2018-01-23,1,2018-01-22,2018-01-23,123.19000000000001,123.8,0.6099999999999852,30.49999999999926,False,58.99999999999852,non_tom_only
2018-01-24,1,2018-01-23,2018-01-24,123.72,122.83999999999999,-0.8800000000000097,-44.00000000000048,False,-90.00000000000097,non_tom_only
2018-01-25,1,2018-01-24,2018-01-25,123.05000000000001,123.17,0.11999999999999034,5.999999999999517,False,9.999999999999034,non_tom_only
2018-01-26,1,2018-01-25,2018-01-26,124.06,123.83999999999999,-0.22000000000001307,-11.000000000000654,False,-24.000000000001307,non_tom_only
2018-01-29,1,2018-01-26,2018-01-29,123.60000000000001,122.96,-0.6400000000000148,-32.00000000000074,False,-66.00000000000148,non_tom_only
2018-01-30,1,2018-01-29,2018-01-30,122.74000000000001,122.27,-0.4700000000000131,-23.500000000000654,False,-49.00000000000131,non_tom_only
2018-01-31,1,2018-01-30,2018-01-31,122.02000000000001,122.88,0.8599999999999852,42.99999999999926,False,83.99999999999852,non_tom_only
2018-02-06,1,2018-02-05,2018-02-06,120.72,120.41,-0.3100000000000023,-15.500000000000114,False,-33.00000000000023,non_tom_only
2018-02-07,1,2018-02-06,2018-02-07,119.97,120.11999999999999,0.14999999999999147,7.499999999999574,False,12.999999999999147,non_tom_only
2018-02-08,1,2018-02-07,2018-02-08,118.83,118.00999999999999,-0.8200000000000074,-41.00000000000037,False,-84.00000000000074,non_tom_only
2018-02-09,1,2018-02-08,2018-02-09,118.7,118.1,-0.6000000000000085,-30.000000000000426,False,-62.00000000000085,non_tom_only
2018-02-12,1,2018-02-09,2018-02-12,117.95,118.55,0.5999999999999943,29.999999999999716,False,57.99999999999943,non_tom_only
2018-02-13,1,2018-02-12,2018-02-13,118.47,118.6,0.12999999999999545,6.499999999999773,False,10.999999999999545,non_tom_only
2018-02-14,1,2018-02-13,2018-02-14,119.0,118.44999999999999,-0.5500000000000114,-27.50000000000057,False,-57.00000000000114,non_tom_only
2018-02-15,1,2018-02-14,2018-02-15,117.68,118.19999999999999,0.5199999999999818,25.99999999999909,False,49.99999999999818,non_tom_only
2018-02-16,1,2018-02-15,2018-02-16,118.08,119.03,0.9500000000000028,47.50000000000014,False,93.00000000000028,non_tom_only
2018-02-20,1,2018-02-16,2018-02-20,118.72,118.27,-0.45000000000000284,-22.500000000000142,False,-47.000000000000284,non_tom_only
2018-02-21,1,2018-02-20,2018-02-21,118.2,118.24,0.03999999999999204,1.999999999999602,False,1.9999999999992042,non_tom_only
2018-02-22,1,2018-02-21,2018-02-22,116.75,117.25999999999999,0.5099999999999909,25.499999999999545,False,48.99999999999909,non_tom_only
2018-02-23,1,2018-02-22,2018-02-23,117.10000000000001,117.86999999999999,0.7699999999999818,38.49999999999909,False,74.99999999999818,non_tom_only
2018-02-26,1,2018-02-23,2018-02-26,118.14,118.67,0.5300000000000011,26.500000000000057,False,51.000000000000114,non_tom_only
2018-02-27,1,2018-02-26,2018-02-27,118.18,118.50999999999999,0.3299999999999841,16.499999999999204,False,30.99999999999841,non_tom_only
2018-02-28,1,2018-02-27,2018-02-28,118.01,118.46,0.44999999999998863,22.49999999999943,False,42.99999999999886,non_tom_only
2018-03-06,1,2018-03-05,2018-03-06,118.04,118.35,0.30999999999998806,15.499999999999403,False,28.999999999998806,non_tom_only
2018-03-07,1,2018-03-06,2018-03-07,118.15,118.55999999999999,0.4099999999999824,20.49999999999912,False,38.99999999999824,non_tom_only
2018-03-08,1,2018-03-07,2018-03-08,118.02000000000001,118.3,0.2799999999999869,13.999999999999346,False,25.999999999998693,non_tom_only
2018-03-09,1,2018-03-08,2018-03-09,118.7,117.97999999999999,-0.7200000000000131,-36.000000000000654,False,-74.00000000000131,non_tom_only
2018-03-12,1,2018-03-09,2018-03-12,117.92,118.3,0.37999999999999545,18.999999999999773,False,35.999999999999545,non_tom_only
2018-03-13,1,2018-03-12,2018-03-13,118.60000000000001,118.97,0.36999999999999034,18.499999999999517,False,34.999999999999034,non_tom_only
2018-03-14,1,2018-03-13,2018-03-14,119.2,119.39,0.18999999999999773,9.499999999999886,False,16.999999999999773,non_tom_only
2018-03-15,1,2018-03-14,2018-03-15,120.25,120.16,-0.09000000000000341,-4.5000000000001705,False,-11.000000000000341,non_tom_only
2018-03-16,1,2018-03-15,2018-03-16,120.25,119.78999999999999,-0.46000000000000796,-23.000000000000398,False,-48.000000000000796,non_tom_only
2018-03-19,1,2018-03-16,2018-03-19,119.82000000000001,119.19999999999999,-0.6200000000000188,-31.000000000000938,False,-64.00000000000188,non_tom_only
2018-03-20,1,2018-03-19,2018-03-20,119.44000000000001,118.89999999999999,-0.5400000000000205,-27.000000000001023,False,-56.000000000002046,non_tom_only
2018-03-21,1,2018-03-20,2018-03-21,118.96000000000001,118.66,-0.30000000000001137,-15.000000000000568,False,-32.00000000000114,non_tom_only
2018-03-22,1,2018-03-21,2018-03-22,119.09,120.3,1.2099999999999937,60.49999999999969,False,118.99999999999937,non_tom_only
2018-03-23,1,2018-03-22,2018-03-23,120.27000000000001,119.67,-0.6000000000000085,-30.000000000000426,False,-62.00000000000085,non_tom_only
2018-03-26,1,2018-03-23,2018-03-26,120.18,119.99,-0.19000000000001194,-9.500000000000597,False,-21.000000000001194,non_tom_only
2018-03-27,1,2018-03-26,2018-03-27,119.72,119.82,0.09999999999999432,4.999999999999716,False,7.999999999999432,non_tom_only
2018-03-28,1,2018-03-27,2018-03-28,121.0,121.44,0.4399999999999977,21.999999999999886,False,41.99999999999977,non_tom_only
2018-03-29,1,2018-03-28,2018-03-29,121.32000000000001,121.53,0.20999999999999375,10.499999999999687,False,18.999999999999375,non_tom_only
2018-04-05,1,2018-04-04,2018-04-05,120.7,120.08999999999999,-0.6100000000000136,-30.500000000000682,False,-63.000000000001364,non_tom_only
2018-04-06,1,2018-04-05,2018-04-06,119.80000000000001,120.64999999999999,0.8499999999999801,42.499999999999005,False,82.99999999999801,non_tom_only
2018-04-09,1,2018-04-06,2018-04-09,121.11,120.63,-0.480000000000004,-24.0000000000002,False,-50.0000000000004,non_tom_only
2018-04-10,1,2018-04-09,2018-04-10,121.31,121.19,-0.12000000000000455,-6.000000000000227,False,-14.000000000000455,non_tom_only
2018-04-11,1,2018-04-10,2018-04-11,121.09,121.83999999999999,0.7499999999999858,37.49999999999929,False,72.99999999999858,non_tom_only
2018-04-12,1,2018-04-11,2018-04-12,121.52000000000001,121.03,-0.4900000000000091,-24.500000000000455,False,-51.00000000000091,non_tom_only
2018-04-13,1,2018-04-12,2018-04-13,120.63000000000001,120.50999999999999,-0.12000000000001876,-6.000000000000938,False,-14.000000000001876,non_tom_only
2018-04-16,1,2018-04-13,2018-04-16,120.91000000000001,120.22,-0.6900000000000119,-34.5000000000006,False,-71.0000000000012,non_tom_only
2018-04-17,1,2018-04-16,2018-04-17,120.95,120.91,-0.04000000000000625,-2.0000000000003126,False,-6.000000000000625,non_tom_only
2018-04-18,1,2018-04-17,2018-04-18,121.28,121.25,-0.030000000000001137,-1.5000000000000568,False,-5.000000000000114,non_tom_only
2018-04-19,1,2018-04-18,2018-04-19,120.31,119.41,-0.9000000000000057,-45.000000000000284,False,-92.00000000000057,non_tom_only
2018-04-20,1,2018-04-19,2018-04-20,119.33,118.88,-0.45000000000000284,-22.500000000000142,False,-47.000000000000284,non_tom_only
2018-04-23,1,2018-04-20,2018-04-23,118.47,118.32,-0.15000000000000568,-7.500000000000284,False,-17.00000000000057,non_tom_only
2018-04-24,1,2018-04-23,2018-04-24,118.5,118.19999999999999,-0.30000000000001137,-15.000000000000568,False,-32.00000000000114,non_tom_only
2018-04-25,1,2018-04-24,2018-04-25,117.96000000000001,117.39999999999999,-0.5600000000000165,-28.000000000000824,False,-58.00000000000165,non_tom_only
2018-04-26,1,2018-04-25,2018-04-26,117.17,117.72,0.5499999999999972,27.499999999999858,False,52.999999999999716,non_tom_only
2018-04-27,1,2018-04-26,2018-04-27,117.99000000000001,118.46,0.46999999999998465,23.499999999999233,False,44.999999999998465,non_tom_only
2018-04-30,1,2018-04-27,2018-04-30,118.9,119.07,0.1699999999999875,8.499999999999375,False,14.99999999999875,non_tom_only
2018-05-04,1,2018-05-03,2018-05-04,118.82000000000001,119.22,0.3999999999999915,19.999999999999574,False,37.99999999999915,non_tom_only
2018-05-07,1,2018-05-04,2018-05-07,119.0,118.96,-0.04000000000000625,-2.0000000000003126,False,-6.000000000000625,non_tom_only
2018-05-08,1,2018-05-07,2018-05-08,118.81,118.55999999999999,-0.2500000000000142,-12.50000000000071,False,-27.00000000000142,non_tom_only
2018-05-09,1,2018-05-08,2018-05-09,118.7,118.11,-0.5900000000000034,-29.50000000000017,False,-61.00000000000034,non_tom_only
2018-05-10,1,2018-05-09,2018-05-10,117.99000000000001,118.53999999999999,0.549999999999983,27.499999999999147,False,52.999999999998295,non_tom_only
2018-05-11,1,2018-05-10,2018-05-11,118.94000000000001,119.30999999999999,0.3699999999999761,18.499999999998806,False,34.99999999999761,non_tom_only
2018-05-14,1,2018-05-11,2018-05-14,119.24000000000001,118.78999999999999,-0.45000000000001705,-22.500000000000853,False,-47.000000000001705,non_tom_only
2018-05-15,1,2018-05-14,2018-05-15,118.61,117.55,-1.0600000000000023,-53.000000000000114,False,-108.00000000000023,non_tom_only
2018-05-16,1,2018-05-15,2018-05-16,117.26,117.41,0.14999999999999147,7.499999999999574,False,12.999999999999147,non_tom_only
2018-05-17,1,2018-05-16,2018-05-17,116.81,116.61999999999999,-0.19000000000001194,-9.500000000000597,False,-21.000000000001194,non_tom_only
2018-05-18,1,2018-05-17,2018-05-18,116.22,116.50999999999999,0.28999999999999204,14.499999999999602,False,26.999999999999204,non_tom_only
2018-05-21,1,2018-05-18,2018-05-21,117.22,117.11999999999999,-0.10000000000000853,-5.000000000000426,False,-12.000000000000853,non_tom_only
2018-05-22,1,2018-05-21,2018-05-22,117.28,117.28,0.0,0.0,False,-2.0,non_tom_only
2018-05-23,1,2018-05-22,2018-05-23,117.10000000000001,117.74,0.6399999999999864,31.999999999999318,False,61.999999999998636,non_tom_only
2018-05-24,1,2018-05-23,2018-05-24,117.95,118.67999999999999,0.7299999999999898,36.49999999999949,False,70.99999999999898,non_tom_only
2018-05-25,1,2018-05-24,2018-05-25,118.89,119.55999999999999,0.6699999999999875,33.499999999999375,False,64.99999999999875,non_tom_only
2018-05-29,1,2018-05-25,2018-05-29,119.63000000000001,120.78,1.1499999999999915,57.499999999999574,False,112.99999999999915,non_tom_only
2018-05-30,1,2018-05-29,2018-05-30,122.25,121.0,-1.25,-62.5,False,-127.0,non_tom_only
2018-05-31,1,2018-05-30,2018-05-31,121.43,121.58,0.14999999999999147,7.499999999999574,False,12.999999999999147,non_tom_only
2018-06-06,1,2018-06-05,2018-06-06,119.72,119.08,-0.6400000000000006,-32.00000000000003,False,-66.00000000000006,non_tom_only
2018-06-07,1,2018-06-06,2018-06-07,118.75,118.67999999999999,-0.07000000000000739,-3.5000000000003695,False,-9.000000000000739,non_tom_only
2018-06-08,1,2018-06-07,2018-06-08,119.9,119.55,-0.3500000000000085,-17.500000000000426,False,-37.00000000000085,non_tom_only
2018-06-11,1,2018-06-08,2018-06-11,119.54,119.05999999999999,-0.4800000000000182,-24.00000000000091,False,-50.00000000000182,non_tom_only
2018-06-12,1,2018-06-11,2018-06-12,119.32000000000001,118.91,-0.4100000000000108,-20.50000000000054,False,-43.00000000000108,non_tom_only
2018-06-13,1,2018-06-12,2018-06-13,119.35000000000001,119.44,0.0899999999999892,4.49999999999946,False,6.99999999999892,non_tom_only
2018-06-14,1,2018-06-13,2018-06-14,119.29,119.77,0.47999999999998977,23.99999999999949,False,45.99999999999898,non_tom_only
2018-06-15,1,2018-06-14,2018-06-15,120.28,120.82,0.539999999999992,26.999999999999602,False,51.999999999999204,non_tom_only
2018-06-18,1,2018-06-15,2018-06-18,120.39,120.47,0.0799999999999983,3.9999999999999147,False,5.9999999999998295,non_tom_only
2018-06-19,1,2018-06-18,2018-06-19,120.28,120.96,0.6799999999999926,33.99999999999963,False,65.99999999999926,non_tom_only
2018-06-20,1,2018-06-19,2018-06-20,120.98,120.72999999999999,-0.2500000000000142,-12.50000000000071,False,-27.00000000000142,non_tom_only
2018-06-21,1,2018-06-20,2018-06-21,119.92,120.35,0.4299999999999926,21.49999999999963,False,40.99999999999926,non_tom_only
2018-06-22,1,2018-06-21,2018-06-22,120.55000000000001,120.08,-0.4700000000000131,-23.500000000000654,False,-49.00000000000131,non_tom_only
2018-06-25,1,2018-06-22,2018-06-25,120.54,120.64999999999999,0.10999999999998522,5.499999999999261,False,8.999999999998522,non_tom_only
2018-06-26,1,2018-06-25,2018-06-26,120.81,120.75999999999999,-0.05000000000001137,-2.5000000000005684,False,-7.000000000001137,non_tom_only
2018-06-27,1,2018-06-26,2018-06-27,120.98,121.74,0.7599999999999909,37.999999999999545,False,73.99999999999909,non_tom_only
2018-06-28,1,2018-06-27,2018-06-28,122.12,122.11999999999999,-1.4210854715202004e-14,-7.105427357601002e-13,False,-2.000000000001421,non_tom_only
2018-06-29,1,2018-06-28,2018-06-29,122.15,122.16,0.009999999999990905,0.49999999999954525,False,-1.0000000000009095,non_tom_only
2018-07-06,1,2018-07-05,2018-07-06,122.36,122.74,0.37999999999999545,18.999999999999773,False,35.999999999999545,non_tom_only
2018-07-09,1,2018-07-06,2018-07-09,122.76,122.05999999999999,-0.700000000000017,-35.00000000000085,False,-72.0000000000017,non_tom_only
2018-07-10,1,2018-07-09,2018-07-10,121.97,121.86,-0.10999999999999943,-5.499999999999972,False,-12.999999999999943,non_tom_only
2018-07-11,1,2018-07-10,2018-07-11,121.96000000000001,122.44,0.47999999999998977,23.99999999999949,False,45.99999999999898,non_tom_only
2018-07-12,1,2018-07-11,2018-07-12,122.43,122.16,-0.27000000000001023,-13.500000000000512,False,-29.000000000001023,non_tom_only
2018-07-13,1,2018-07-12,2018-07-13,122.42,122.6,0.1799999999999926,8.99999999999963,False,15.999999999999261,non_tom_only
2018-07-16,1,2018-07-13,2018-07-16,122.73,122.19999999999999,-0.5300000000000153,-26.500000000000767,False,-55.000000000001535,non_tom_only
2018-07-17,1,2018-07-16,2018-07-17,122.22,122.28,0.060000000000002274,3.0000000000001137,False,4.000000000000227,non_tom_only
2018-07-18,1,2018-07-17,2018-07-18,121.99000000000001,122.00999999999999,0.01999999999998181,0.9999999999990905,False,-1.8189894035458565e-12,non_tom_only
2018-07-19,1,2018-07-18,2018-07-19,121.5,121.78,0.28000000000000114,14.000000000000057,False,26.000000000000114,non_tom_only
2018-07-20,1,2018-07-19,2018-07-20,122.27000000000001,121.57,-0.700000000000017,-35.00000000000085,False,-72.0000000000017,non_tom_only
2018-07-23,1,2018-07-20,2018-07-23,120.77000000000001,120.36999999999999,-0.4000000000000199,-20.000000000000995,False,-42.00000000000199,non_tom_only
2018-07-24,1,2018-07-23,2018-07-24,119.28,119.27,-0.010000000000005116,-0.5000000000002558,False,-3.0000000000005116,non_tom_only
2018-07-25,1,2018-07-24,2018-07-25,119.69000000000001,120.00999999999999,0.31999999999997897,15.999999999998948,False,29.999999999997897,non_tom_only
2018-07-26,1,2018-07-25,2018-07-26,119.5,119.69999999999999,0.19999999999998863,9.999999999999432,False,17.999999999998863,non_tom_only
2018-07-27,1,2018-07-26,2018-07-27,119.27000000000001,119.83999999999999,0.569999999999979,28.49999999999895,False,54.9999999999979,non_tom_only
2018-07-30,1,2018-07-27,2018-07-30,119.47,118.97999999999999,-0.4900000000000091,-24.500000000000455,False,-51.00000000000091,non_tom_only
2018-07-31,1,2018-07-30,2018-07-31,119.06,119.78,0.7199999999999989,35.99999999999994,False,69.99999999999989,non_tom_only
2018-08-06,1,2018-08-03,2018-08-06,119.23,119.53,0.29999999999999716,14.999999999999858,False,27.999999999999716,non_tom_only
2018-08-07,1,2018-08-06,2018-08-07,119.30000000000001,119.02,-0.28000000000001535,-14.000000000000767,False,-30.000000000001535,non_tom_only
2018-08-08,1,2018-08-07,2018-08-08,118.68,118.64999999999999,-0.030000000000015348,-1.5000000000007674,False,-5.000000000001535,non_tom_only
2018-08-09,1,2018-08-08,2018-08-09,118.80000000000001,119.22,0.4199999999999875,20.999999999999375,False,39.99999999999875,non_tom_only
2018-08-10,1,2018-08-09,2018-08-10,119.80000000000001,120.35,0.549999999999983,27.499999999999147,False,52.999999999998295,non_tom_only
2018-08-13,1,2018-08-10,2018-08-13,120.67,120.24,-0.4300000000000068,-21.50000000000034,False,-45.00000000000068,non_tom_only
2018-08-14,1,2018-08-13,2018-08-14,120.42,120.55,0.12999999999999545,6.499999999999773,False,10.999999999999545,non_tom_only
2018-08-15,1,2018-08-14,2018-08-15,120.15,120.64999999999999,0.4999999999999858,24.99999999999929,False,47.99999999999858,non_tom_only
2018-08-16,1,2018-08-15,2018-08-16,120.85000000000001,120.8,-0.05000000000001137,-2.5000000000005684,False,-7.000000000001137,non_tom_only
2018-08-17,1,2018-08-16,2018-08-17,120.84,121.08,0.23999999999999488,11.999999999999744,False,21.99999999999949,non_tom_only
2018-08-20,1,2018-08-17,2018-08-20,120.99000000000001,121.64,0.6499999999999915,32.499999999999574,False,62.99999999999915,non_tom_only
2018-08-21,1,2018-08-20,2018-08-21,121.80000000000001,121.36,-0.44000000000001194,-22.000000000000597,False,-46.000000000001194,non_tom_only
2018-08-22,1,2018-08-21,2018-08-22,121.39,122.0,0.6099999999999994,30.49999999999997,False,58.99999999999994,non_tom_only
2018-08-23,1,2018-08-22,2018-08-23,121.87,121.99,0.11999999999999034,5.999999999999517,False,9.999999999999034,non_tom_only
2018-08-24,1,2018-08-23,2018-08-24,122.06,121.61,-0.45000000000000284,-22.500000000000142,False,-47.000000000000284,non_tom_only
2018-08-27,1,2018-08-24,2018-08-27,122.30000000000001,121.77,-0.5300000000000153,-26.500000000000767,False,-55.000000000001535,non_tom_only
2018-08-28,1,2018-08-27,2018-08-28,121.60000000000001,120.99,-0.6100000000000136,-30.500000000000682,False,-63.000000000001364,non_tom_only
2018-08-29,1,2018-08-28,2018-08-29,120.87,120.92999999999999,0.05999999999998806,2.999999999999403,False,3.9999999999988063,non_tom_only
2018-08-30,1,2018-08-29,2018-08-30,121.03,121.28999999999999,0.2599999999999909,12.999999999999545,False,23.99999999999909,non_tom_only
2018-08-31,1,2018-08-30,2018-08-31,121.29,121.88,0.5899999999999892,29.49999999999946,False,56.99999999999892,non_tom_only
2018-09-07,1,2018-09-06,2018-09-07,120.16000000000001,119.30999999999999,-0.8500000000000227,-42.50000000000114,False,-87.00000000000227,non_tom_only
2018-09-10,1,2018-09-07,2018-09-10,119.14,119.16,0.01999999999999602,0.999999999999801,False,-3.979039320256561e-13,non_tom_only
2018-09-11,1,2018-09-10,2018-09-11,119.58,119.07,-0.5100000000000051,-25.500000000000256,False,-53.00000000000051,non_tom_only
2018-09-12,1,2018-09-11,2018-09-12,118.67,119.03999999999999,0.36999999999999034,18.499999999999517,False,34.999999999999034,non_tom_only
2018-09-13,1,2018-09-12,2018-09-13,118.95,119.33,0.37999999999999545,18.999999999999773,False,35.999999999999545,non_tom_only
2018-09-14,1,2018-09-13,2018-09-14,119.13000000000001,118.39,-0.7400000000000091,-37.000000000000455,False,-76.00000000000091,non_tom_only
2018-09-17,1,2018-09-14,2018-09-17,118.56,118.17,-0.39000000000000057,-19.50000000000003,False,-41.00000000000006,non_tom_only
2018-09-18,1,2018-09-17,2018-09-18,118.56,118.05,-0.5100000000000051,-25.500000000000256,False,-53.00000000000051,non_tom_only
2018-09-19,1,2018-09-18,2018-09-19,117.32000000000001,117.1,-0.22000000000001307,-11.000000000000654,False,-24.000000000001307,non_tom_only
2018-09-20,1,2018-09-19,2018-09-20,116.62,116.57,-0.05000000000001137,-2.5000000000005684,False,-7.000000000001137,non_tom_only
2018-09-21,1,2018-09-20,2018-09-21,117.16000000000001,116.83999999999999,-0.3200000000000216,-16.00000000000108,False,-34.00000000000216,non_tom_only
2018-09-24,1,2018-09-21,2018-09-24,117.11,116.72,-0.39000000000000057,-19.50000000000003,False,-41.00000000000006,non_tom_only
2018-09-25,1,2018-09-24,2018-09-25,116.81,116.46,-0.3500000000000085,-17.500000000000426,False,-37.00000000000085,non_tom_only
2018-09-26,1,2018-09-25,2018-09-26,116.69000000000001,116.92,0.22999999999998977,11.499999999999488,False,20.999999999998977,non_tom_only
2018-09-27,1,2018-09-26,2018-09-27,117.51,117.22999999999999,-0.28000000000001535,-14.000000000000767,False,-30.000000000001535,non_tom_only
2018-09-28,1,2018-09-27,2018-09-28,117.59,117.83999999999999,0.2499999999999858,12.49999999999929,False,22.99999999999858,non_tom_only
2018-10-04,1,2018-10-03,2018-10-04,114.84,114.11999999999999,-0.7200000000000131,-36.000000000000654,False,-74.00000000000131,non_tom_only
2018-10-05,1,2018-10-04,2018-10-05,114.03,113.38,-0.6500000000000057,-32.500000000000284,False,-67.00000000000057,non_tom_only
2018-10-08,1,2018-10-05,2018-10-08,113.05000000000001,112.97999999999999,-0.0700000000000216,-3.50000000000108,False,-9.00000000000216,non_tom_only
2018-10-09,1,2018-10-08,2018-10-09,112.67,113.13,0.45999999999999375,22.999999999999687,False,43.999999999999375,non_tom_only
2018-10-10,1,2018-10-09,2018-10-10,113.81,113.13,-0.6800000000000068,-34.00000000000034,False,-70.00000000000068,non_tom_only
2018-10-11,1,2018-10-10,2018-10-11,113.5,113.99,0.4899999999999949,24.499999999999744,False,46.99999999999949,non_tom_only
2018-10-12,1,2018-10-11,2018-10-12,114.88000000000001,114.38,-0.5000000000000142,-25.00000000000071,False,-52.00000000000142,non_tom_only
2018-10-15,1,2018-10-12,2018-10-15,114.48,114.64999999999999,0.1699999999999875,8.499999999999375,False,14.99999999999875,non_tom_only
2018-10-16,1,2018-10-15,2018-10-16,114.43,114.38,-0.05000000000001137,-2.5000000000005684,False,-7.000000000001137,non_tom_only
2018-10-17,1,2018-10-16,2018-10-17,114.69000000000001,114.64999999999999,-0.040000000000020464,-2.000000000001023,False,-6.000000000002046,non_tom_only
2018-10-18,1,2018-10-17,2018-10-18,114.01,113.61,-0.4000000000000057,-20.000000000000284,False,-42.00000000000057,non_tom_only
2018-10-19,1,2018-10-18,2018-10-19,113.97,113.83999999999999,-0.13000000000000966,-6.500000000000483,False,-15.000000000000966,non_tom_only
2018-10-22,1,2018-10-19,2018-10-22,113.72,113.94,0.21999999999999886,10.999999999999943,False,19.999999999999886,non_tom_only
2018-10-23,1,2018-10-22,2018-10-23,113.57000000000001,114.75,1.1799999999999926,58.99999999999963,False,115.99999999999926,non_tom_only
2018-10-24,1,2018-10-23,2018-10-24,113.93,114.35,0.4199999999999875,20.999999999999375,False,39.99999999999875,non_tom_only
2018-10-25,1,2018-10-24,2018-10-25,114.79,114.53,-0.2600000000000051,-13.000000000000256,False,-28.00000000000051,non_tom_only
2018-10-26,1,2018-10-25,2018-10-26,114.31,114.92,0.6099999999999994,30.49999999999997,False,58.99999999999994,non_tom_only
2018-10-29,1,2018-10-26,2018-10-29,115.0,114.83,-0.1700000000000017,-8.500000000000085,False,-19.00000000000017,non_tom_only
2018-10-30,1,2018-10-29,2018-10-30,114.74000000000001,114.25,-0.4900000000000091,-24.500000000000455,False,-51.00000000000091,non_tom_only
2018-10-31,1,2018-10-30,2018-10-31,114.17,113.72999999999999,-0.44000000000001194,-22.000000000000597,False,-46.000000000001194,non_tom_only
2018-11-06,1,2018-11-05,2018-11-06,112.45,112.58999999999999,0.13999999999998636,6.999999999999318,False,11.999999999998636,non_tom_only
2018-11-07,1,2018-11-06,2018-11-07,112.38000000000001,113.17999999999999,0.799999999999983,39.99999999999915,False,77.9999999999983,non_tom_only
2018-11-08,1,2018-11-07,2018-11-08,112.53,112.94999999999999,0.4199999999999875,20.999999999999375,False,39.99999999999875,non_tom_only
2018-11-09,1,2018-11-08,2018-11-09,112.52000000000001,112.74,0.21999999999998465,10.999999999999233,False,19.999999999998465,non_tom_only
2018-11-12,1,2018-11-09,2018-11-12,113.36,113.94,0.5799999999999983,28.999999999999915,False,55.99999999999983,non_tom_only
2018-11-13,1,2018-11-12,2018-11-13,114.10000000000001,113.69999999999999,-0.4000000000000199,-20.000000000000995,False,-42.00000000000199,non_tom_only
2018-11-14,1,2018-11-13,2018-11-14,114.03,113.47,-0.5600000000000023,-28.000000000000114,False,-58.00000000000023,non_tom_only
2018-11-15,1,2018-11-14,2018-11-15,114.10000000000001,114.42999999999999,0.3299999999999841,16.499999999999204,False,30.99999999999841,non_tom_only
2018-11-16,1,2018-11-15,2018-11-16,114.05000000000001,114.19,0.13999999999998636,6.999999999999318,False,11.999999999998636,non_tom_only
2018-11-19,1,2018-11-16,2018-11-19,114.71000000000001,114.39999999999999,-0.3100000000000165,-15.500000000000824,False,-33.00000000000165,non_tom_only
2018-11-20,1,2018-11-19,2018-11-20,115.03,115.22999999999999,0.19999999999998863,9.999999999999432,False,17.999999999998863,non_tom_only
2018-11-21,1,2018-11-20,2018-11-21,115.07000000000001,114.88,-0.19000000000001194,-9.500000000000597,False,-21.000000000001194,non_tom_only
2018-11-23,1,2018-11-21,2018-11-23,115.03,115.67999999999999,0.6499999999999915,32.499999999999574,False,62.99999999999915,non_tom_only
2018-11-26,1,2018-11-23,2018-11-26,115.15,114.85,-0.30000000000001137,-15.000000000000568,False,-32.00000000000114,non_tom_only
2018-11-27,1,2018-11-26,2018-11-27,114.89,114.8,-0.09000000000000341,-4.5000000000001705,False,-11.000000000000341,non_tom_only
2018-11-28,1,2018-11-27,2018-11-28,115.02000000000001,114.83999999999999,-0.18000000000002103,-9.000000000001052,False,-20.000000000002103,non_tom_only
2018-11-29,1,2018-11-28,2018-11-29,114.46000000000001,114.91,0.44999999999998863,22.49999999999943,False,42.99999999999886,non_tom_only
2018-11-30,1,2018-11-29,2018-11-30,114.91000000000001,115.3,0.38999999999998636,19.499999999999318,False,36.999999999998636,non_tom_only
2018-12-07,1,2018-12-06,2018-12-07,118.2,117.8,-0.4000000000000057,-20.000000000000284,False,-42.00000000000057,non_tom_only
2018-12-10,1,2018-12-07,2018-12-10,118.42,118.86,0.4399999999999977,21.999999999999886,False,41.99999999999977,non_tom_only
2018-12-11,1,2018-12-10,2018-12-11,118.91000000000001,118.96,0.04999999999998295,2.4999999999991473,False,2.9999999999982947,non_tom_only
2018-12-12,1,2018-12-11,2018-12-12,118.89,118.57,-0.3200000000000074,-16.00000000000037,False,-34.00000000000074,non_tom_only
2018-12-13,1,2018-12-12,2018-12-13,118.36,118.44999999999999,0.0899999999999892,4.49999999999946,False,6.99999999999892,non_tom_only
2018-12-14,1,2018-12-13,2018-12-14,118.08,118.55999999999999,0.47999999999998977,23.99999999999949,False,45.99999999999898,non_tom_only
2018-12-17,1,2018-12-14,2018-12-17,118.49000000000001,118.55999999999999,0.06999999999997897,3.4999999999989484,False,4.999999999997897,non_tom_only
2018-12-18,1,2018-12-17,2018-12-18,119.18,119.05999999999999,-0.12000000000001876,-6.000000000000938,False,-14.000000000001876,non_tom_only
2018-12-19,1,2018-12-18,2018-12-19,119.61,120.1,0.4899999999999949,24.499999999999744,False,46.99999999999949,non_tom_only
2018-12-20,1,2018-12-19,2018-12-20,121.19000000000001,121.97999999999999,0.7899999999999778,39.49999999999889,False,76.99999999999778,non_tom_only
2018-12-21,1,2018-12-20,2018-12-21,120.75,121.13,0.37999999999999545,18.999999999999773,False,35.999999999999545,non_tom_only
2018-12-24,1,2018-12-21,2018-12-24,120.73,121.11999999999999,0.38999999999998636,19.499999999999318,False,36.999999999998636,non_tom_only
2018-12-26,1,2018-12-24,2018-12-26,121.33,120.97999999999999,-0.3500000000000085,-17.500000000000426,False,-37.00000000000085,non_tom_only
2018-12-27,1,2018-12-26,2018-12-27,120.03,121.25,1.2199999999999989,60.99999999999994,False,119.99999999999989,non_tom_only
2018-12-28,1,2018-12-27,2018-12-28,120.05000000000001,120.39,0.3399999999999892,16.99999999999946,False,31.99999999999892,non_tom_only
2018-12-31,1,2018-12-28,2018-12-31,121.06,120.61999999999999,-0.44000000000001194,-22.000000000000597,False,-46.000000000001194,non_tom_only
2019-01-07,1,2019-01-04,2019-01-07,122.12,122.61,0.4899999999999949,24.499999999999744,False,46.99999999999949,non_tom_only
2019-01-08,1,2019-01-07,2019-01-08,121.76,121.67999999999999,-0.0800000000000125,-4.000000000000625,False,-10.00000000000125,non_tom_only
2019-01-09,1,2019-01-08,2019-01-09,121.44000000000001,121.25,-0.19000000000001194,-9.500000000000597,False,-21.000000000001194,non_tom_only
2019-01-10,1,2019-01-09,2019-01-10,121.25,121.27,0.01999999999999602,0.999999999999801,False,-3.979039320256561e-13,non_tom_only
2019-01-11,1,2019-01-10,2019-01-11,120.47,120.82,0.3499999999999943,17.499999999999716,False,32.99999999999943,non_tom_only
2019-01-14,1,2019-01-11,2019-01-14,120.94000000000001,120.89,-0.05000000000001137,-2.5000000000005684,False,-7.000000000001137,non_tom_only
2019-01-15,1,2019-01-14,2019-01-15,120.49000000000001,120.55,0.05999999999998806,2.999999999999403,False,3.9999999999988063,non_tom_only
2019-01-16,1,2019-01-15,2019-01-16,120.05000000000001,119.58,-0.4700000000000131,-23.500000000000654,False,-49.00000000000131,non_tom_only
2019-01-17,1,2019-01-16,2019-01-17,120.17,120.21,0.03999999999999204,1.999999999999602,False,1.9999999999992042,non_tom_only
2019-01-18,1,2019-01-17,2019-01-18,120.2,119.83,-0.37000000000000455,-18.500000000000227,False,-39.000000000000455,non_tom_only
2019-01-22,1,2019-01-18,2019-01-22,119.57000000000001,120.3,0.7299999999999898,36.49999999999949,False,70.99999999999898,non_tom_only
2019-01-23,1,2019-01-22,2019-01-23,120.38000000000001,119.86999999999999,-0.5100000000000193,-25.500000000000966,False,-53.00000000000193,non_tom_only
2019-01-24,1,2019-01-23,2019-01-24,120.33,120.89999999999999,0.5699999999999932,28.49999999999966,False,54.99999999999932,non_tom_only
2019-01-25,1,2019-01-24,2019-01-25,121.12,120.58,-0.5400000000000063,-27.000000000000313,False,-56.000000000000625,non_tom_only
2019-01-28,1,2019-01-25,2019-01-28,120.54,120.53,-0.010000000000005116,-0.5000000000002558,False,-3.0000000000005116,non_tom_only
2019-01-29,1,2019-01-28,2019-01-29,120.42,120.52,0.09999999999999432,4.999999999999716,False,7.999999999999432,non_tom_only
2019-01-30,1,2019-01-29,2019-01-30,121.03,120.83,-0.20000000000000284,-10.000000000000142,False,-22.000000000000284,non_tom_only
2019-01-31,1,2019-01-30,2019-01-31,120.94000000000001,121.53999999999999,0.5999999999999801,29.999999999999005,False,57.99999999999801,non_tom_only
2019-02-06,1,2019-02-05,2019-02-06,120.98,121.35,0.36999999999999034,18.499999999999517,False,34.999999999999034,non_tom_only
2019-02-07,1,2019-02-06,2019-02-07,121.04,121.44999999999999,0.4099999999999824,20.49999999999912,False,38.99999999999824,non_tom_only
2019-02-08,1,2019-02-07,2019-02-08,121.84,122.22999999999999,0.38999999999998636,19.499999999999318,False,36.999999999998636,non_tom_only
2019-02-11,1,2019-02-08,2019-02-11,122.36,121.85,-0.5100000000000051,-25.500000000000256,False,-53.00000000000051,non_tom_only
2019-02-12,1,2019-02-11,2019-02-12,121.88000000000001,121.64999999999999,-0.2300000000000182,-11.50000000000091,False,-25.00000000000182,non_tom_only
2019-02-13,1,2019-02-12,2019-02-13,121.57000000000001,121.14,-0.4300000000000068,-21.50000000000034,False,-45.00000000000068,non_tom_only
2019-02-14,1,2019-02-13,2019-02-14,121.11,122.13,1.019999999999996,50.9999999999998,False,99.9999999999996,non_tom_only
2019-02-15,1,2019-02-14,2019-02-15,121.80000000000001,121.55,-0.2500000000000142,-12.50000000000071,False,-27.00000000000142,non_tom_only
2019-02-19,1,2019-02-15,2019-02-19,121.99000000000001,122.41,0.4199999999999875,20.999999999999375,False,39.99999999999875,non_tom_only
2019-02-20,1,2019-02-19,2019-02-20,122.30000000000001,121.94,-0.36000000000001364,-18.000000000000682,False,-38.000000000001364,non_tom_only
2019-02-21,1,2019-02-20,2019-02-21,121.95,121.05999999999999,-0.8900000000000148,-44.50000000000074,False,-91.00000000000148,non_tom_only
2019-02-22,1,2019-02-21,2019-02-22,120.86,121.46,0.5999999999999943,29.999999999999716,False,57.99999999999943,non_tom_only
2019-02-25,1,2019-02-22,2019-02-25,121.58,121.16,-0.4200000000000017,-21.000000000000085,False,-44.00000000000017,non_tom_only
2019-02-26,1,2019-02-25,2019-02-26,121.22,121.72,0.5,25.0,False,48.0,non_tom_only
2019-02-27,1,2019-02-26,2019-02-27,121.82000000000001,121.11,-0.710000000000008,-35.5000000000004,False,-73.0000000000008,non_tom_only
2019-02-28,1,2019-02-27,2019-02-28,120.44000000000001,120.55,0.10999999999998522,5.499999999999261,False,8.999999999998522,non_tom_only
2019-03-06,1,2019-03-05,2019-03-06,119.85000000000001,119.91,0.05999999999998806,2.999999999999403,False,3.9999999999988063,non_tom_only
2019-03-07,1,2019-03-06,2019-03-07,120.29,120.63,0.3399999999999892,16.99999999999946,False,31.99999999999892,non_tom_only
2019-03-08,1,2019-03-07,2019-03-08,121.07000000000001,121.11,0.03999999999999204,1.999999999999602,False,1.9999999999992042,non_tom_only
2019-03-11,1,2019-03-08,2019-03-11,121.58,121.39,-0.18999999999999773,-9.499999999999886,False,-20.999999999999773,non_tom_only
2019-03-12,1,2019-03-11,2019-03-12,121.22,121.28999999999999,0.06999999999999318,3.499999999999659,False,4.999999999999318,non_tom_only
2019-03-13,1,2019-03-12,2019-03-13,122.07000000000001,121.64999999999999,-0.4200000000000159,-21.000000000000796,False,-44.00000000000159,non_tom_only
2019-03-14,1,2019-03-13,2019-03-14,121.84,121.67999999999999,-0.1600000000000108,-8.00000000000054,False,-18.00000000000108,non_tom_only
2019-03-15,1,2019-03-14,2019-03-15,120.96000000000001,121.72999999999999,0.7699999999999818,38.49999999999909,False,74.99999999999818,non_tom_only
2019-03-18,1,2019-03-15,2019-03-18,121.76,121.55999999999999,-0.20000000000001705,-10.000000000000853,False,-22.000000000001705,non_tom_only
2019-03-19,1,2019-03-18,2019-03-19,121.69000000000001,121.08,-0.6100000000000136,-30.500000000000682,False,-63.000000000001364,non_tom_only
2019-03-20,1,2019-03-19,2019-03-20,121.42,121.72999999999999,0.30999999999998806,15.499999999999403,False,28.999999999998806,non_tom_only
2019-03-21,1,2019-03-20,2019-03-21,122.69000000000001,122.94999999999999,0.2599999999999767,12.999999999998835,False,23.99999999999767,non_tom_only
2019-03-22,1,2019-03-21,2019-03-22,122.96000000000001,124.19999999999999,1.2399999999999807,61.999999999999034,False,121.99999999999807,non_tom_only
2019-03-25,1,2019-03-22,2019-03-25,124.87,124.8,-0.07000000000000739,-3.5000000000003695,False,-9.000000000000739,non_tom_only
2019-03-26,1,2019-03-25,2019-03-26,125.07000000000001,124.69,-0.38000000000000966,-19.000000000000483,False,-40.000000000000966,non_tom_only
2019-03-27,1,2019-03-26,2019-03-27,124.98,125.41,0.4299999999999926,21.49999999999963,False,40.99999999999926,non_tom_only
2019-03-28,1,2019-03-27,2019-03-28,126.13000000000001,126.24,0.10999999999998522,5.499999999999261,False,8.999999999998522,non_tom_only
2019-03-29,1,2019-03-28,2019-03-29,126.57000000000001,125.67,-0.9000000000000057,-45.000000000000284,False,-92.00000000000057,non_tom_only
2019-04-04,1,2019-04-03,2019-04-04,123.53,123.58999999999999,0.05999999999998806,2.999999999999403,False,3.9999999999988063,non_tom_only
2019-04-05,1,2019-04-04,2019-04-05,123.88000000000001,123.61,-0.27000000000001023,-13.500000000000512,False,-29.000000000001023,non_tom_only
2019-04-08,1,2019-04-05,2019-04-08,124.04,123.82,-0.22000000000001307,-11.000000000000654,False,-24.000000000001307,non_tom_only
2019-04-09,1,2019-04-08,2019-04-09,123.60000000000001,124.21,0.6099999999999852,30.49999999999926,False,58.99999999999852,non_tom_only
2019-04-10,1,2019-04-09,2019-04-10,123.99000000000001,124.25999999999999,0.2699999999999818,13.49999999999909,False,24.99999999999818,non_tom_only
2019-04-11,1,2019-04-10,2019-04-11,124.29,123.92,-0.37000000000000455,-18.500000000000227,False,-39.000000000000455,non_tom_only
2019-04-12,1,2019-04-11,2019-04-12,123.56,122.86999999999999,-0.6900000000000119,-34.5000000000006,False,-71.0000000000012,non_tom_only
2019-04-15,1,2019-04-12,2019-04-15,122.68,122.75,0.06999999999999318,3.499999999999659,False,4.999999999999318,non_tom_only
2019-04-16,1,2019-04-15,2019-04-16,122.99000000000001,122.5,-0.4900000000000091,-24.500000000000455,False,-51.00000000000091,non_tom_only
2019-04-17,1,2019-04-16,2019-04-17,122.22,122.11,-0.10999999999999943,-5.499999999999972,False,-12.999999999999943,non_tom_only
2019-04-18,1,2019-04-17,2019-04-18,122.27000000000001,122.8,0.5299999999999869,26.499999999999346,False,50.99999999999869,non_tom_only
2019-04-22,1,2019-04-18,2019-04-22,122.91000000000001,122.46,-0.45000000000001705,-22.500000000000853,False,-47.000000000001705,non_tom_only
2019-04-23,1,2019-04-22,2019-04-23,122.32000000000001,122.6,0.2799999999999869,13.999999999999346,False,25.999999999998693,non_tom_only
2019-04-24,1,2019-04-23,2019-04-24,122.58,123.1,0.519999999999996,25.9999999999998,False,49.9999999999996,non_tom_only
2019-04-25,1,2019-04-24,2019-04-25,123.58,123.47999999999999,-0.10000000000000853,-5.000000000000426,False,-12.000000000000853,non_tom_only
2019-04-26,1,2019-04-25,2019-04-26,123.4,123.97,0.5699999999999932,28.49999999999966,False,54.99999999999932,non_tom_only
2019-04-29,1,2019-04-26,2019-04-29,123.82000000000001,123.22,-0.6000000000000085,-30.000000000000426,False,-62.00000000000085,non_tom_only
2019-04-30,1,2019-04-29,2019-04-30,123.03,122.94,-0.09000000000000341,-4.5000000000001705,False,-11.000000000000341,non_tom_only
2019-05-06,1,2019-05-03,2019-05-06,123.67,124.3,0.6299999999999955,31.499999999999773,False,60.999999999999545,non_tom_only
2019-05-07,1,2019-05-06,2019-05-07,124.01,124.52,0.5099999999999909,25.499999999999545,False,48.99999999999909,non_tom_only
2019-05-08,1,2019-05-07,2019-05-08,124.96000000000001,125.14,0.1799999999999926,8.99999999999963,False,15.999999999999261,non_tom_only
2019-05-09,1,2019-05-08,2019-05-09,124.42,125.1,0.6799999999999926,33.99999999999963,False,65.99999999999926,non_tom_only
2019-05-10,1,2019-05-09,2019-05-10,124.93,124.88,-0.05000000000001137,-2.5000000000005684,False,-7.000000000001137,non_tom_only
2019-05-13,1,2019-05-10,2019-05-13,124.76,125.39,0.6299999999999955,31.499999999999773,False,60.999999999999545,non_tom_only
2019-05-14,1,2019-05-13,2019-05-14,125.74000000000001,125.5,-0.2400000000000091,-12.000000000000455,False,-26.00000000000091,non_tom_only
2019-05-15,1,2019-05-14,2019-05-15,125.37,126.19999999999999,0.8299999999999841,41.499999999999204,False,80.99999999999841,non_tom_only
2019-05-16,1,2019-05-15,2019-05-16,126.14,125.8,-0.3400000000000034,-17.00000000000017,False,-36.00000000000034,non_tom_only
2019-05-17,1,2019-05-16,2019-05-17,125.72,126.27,0.5499999999999972,27.499999999999858,False,52.999999999999716,non_tom_only
2019-05-20,1,2019-05-17,2019-05-20,126.0,126.11,0.10999999999999943,5.499999999999972,False,8.999999999999943,non_tom_only
2019-05-21,1,2019-05-20,2019-05-21,125.74000000000001,125.58999999999999,-0.1500000000000199,-7.500000000000995,False,-17.00000000000199,non_tom_only
2019-05-22,1,2019-05-21,2019-05-22,125.54,125.75999999999999,0.21999999999998465,10.999999999999233,False,19.999999999998465,non_tom_only
2019-05-23,1,2019-05-22,2019-05-23,126.26,126.88,0.6199999999999903,30.999999999999517,False,59.999999999999034,non_tom_only
2019-05-24,1,2019-05-23,2019-05-24,127.68,127.55,-0.13000000000000966,-6.500000000000483,False,-15.000000000000966,non_tom_only
2019-05-28,1,2019-05-24,2019-05-28,127.79,128.26000000000002,0.4700000000000131,23.500000000000654,False,45.00000000000131,non_tom_only
2019-05-29,1,2019-05-28,2019-05-29,128.79999999999998,129.66,0.8600000000000136,43.00000000000068,False,84.00000000000136,non_tom_only
2019-05-30,1,2019-05-29,2019-05-30,129.1,129.32000000000002,0.22000000000002728,11.000000000001364,False,20.00000000000273,non_tom_only
2019-05-31,1,2019-05-30,2019-05-31,130.20999999999998,130.89000000000001,0.6800000000000352,34.00000000000176,False,66.00000000000352,non_tom_only
2019-06-06,1,2019-06-05,2019-06-06,130.2,130.96,0.7600000000000193,38.000000000000966,False,74.00000000000193,non_tom_only
2019-06-07,1,2019-06-06,2019-06-07,130.62,131.78,1.1599999999999966,57.99999999999983,False,113.99999999999966,non_tom_only
2019-06-10,1,2019-06-07,2019-06-10,131.75,130.67000000000002,-1.079999999999984,-53.999999999999204,False,-109.99999999999841,non_tom_only
2019-06-11,1,2019-06-10,2019-06-11,130.51,130.41,-0.09999999999999432,-4.999999999999716,False,-11.999999999999432,non_tom_only
2019-06-12,1,2019-06-11,2019-06-12,130.59,130.38,-0.21000000000000796,-10.500000000000398,False,-23.000000000000796,non_tom_only
2019-06-13,1,2019-06-12,2019-06-13,130.69,130.79000000000002,0.10000000000002274,5.000000000001137,False,8.000000000002274,non_tom_only
2019-06-14,1,2019-06-13,2019-06-14,131.14,131.09,-0.04999999999998295,-2.4999999999991473,False,-6.999999999998295,non_tom_only
2019-06-17,1,2019-06-14,2019-06-17,131.47,131.38,-0.09000000000000341,-4.5000000000001705,False,-11.000000000000341,non_tom_only
2019-06-18,1,2019-06-17,2019-06-18,131.7,132.73000000000002,1.0300000000000296,51.50000000000148,False,101.00000000000296,non_tom_only
2019-06-19,1,2019-06-18,2019-06-19,132.35999999999999,131.85000000000002,-0.5099999999999625,-25.499999999998124,False,-52.99999999999625,non_tom_only
2019-06-20,1,2019-06-19,2019-06-20,132.54999999999998,132.9,0.35000000000002274,17.500000000001137,False,33.000000000002274,non_tom_only
2019-06-21,1,2019-06-20,2019-06-21,132.89999999999998,132.5,-0.39999999999997726,-19.999999999998863,False,-41.999999999997726,non_tom_only
2019-06-24,1,2019-06-21,2019-06-24,131.44,132.15,0.710000000000008,35.5000000000004,False,69.0000000000008,non_tom_only
2019-06-25,1,2019-06-24,2019-06-25,132.42,132.78,0.36000000000001364,18.000000000000682,False,34.000000000001364,non_tom_only
2019-06-26,1,2019-06-25,2019-06-26,132.82999999999998,132.67000000000002,-0.15999999999996817,-7.999999999998408,False,-17.999999999996817,non_tom_only
2019-06-27,1,2019-06-26,2019-06-27,131.98,132.29000000000002,0.3100000000000307,15.500000000001535,False,29.00000000000307,non_tom_only
2019-06-28,1,2019-06-27,2019-06-28,132.91,132.57000000000002,-0.339999999999975,-16.99999999999875,False,-35.9999999999975,non_tom_only
2019-07-05,1,2019-07-03,2019-07-05,134.22,132.53,-1.6899999999999977,-84.49999999999989,False,-170.99999999999977,non_tom_only
2019-07-08,1,2019-07-05,2019-07-08,132.44,133.04000000000002,0.6000000000000227,30.000000000001137,False,58.000000000002274,non_tom_only
2019-07-09,1,2019-07-08,2019-07-09,132.62,132.67000000000002,0.05000000000001137,2.5000000000005684,False,3.000000000001137,non_tom_only
2019-07-10,1,2019-07-09,2019-07-10,132.57,132.34,-0.22999999999998977,-11.499999999999488,False,-24.999999999998977,non_tom_only
2019-07-11,1,2019-07-10,2019-07-11,131.84,131.3,-0.539999999999992,-26.999999999999602,False,-55.999999999999204,non_tom_only
2019-07-12,1,2019-07-11,2019-07-12,130.07999999999998,129.9,-0.1799999999999784,-8.99999999999892,False,-19.99999999999784,non_tom_only
2019-07-15,1,2019-07-12,2019-07-15,130.23,130.44,0.21000000000000796,10.500000000000398,False,19.000000000000796,non_tom_only
2019-07-16,1,2019-07-15,2019-07-16,130.98,130.16,-0.8199999999999932,-40.99999999999966,False,-83.99999999999932,non_tom_only
2019-07-17,1,2019-07-16,2019-07-17,130.59,131.05,0.46000000000000796,23.000000000000398,False,44.000000000000796,non_tom_only
2019-07-18,1,2019-07-17,2019-07-18,132.0,131.46,-0.539999999999992,-26.999999999999602,False,-55.999999999999204,non_tom_only
2019-07-19,1,2019-07-18,2019-07-19,132.01,131.58,-0.4299999999999784,-21.49999999999892,False,-44.99999999999784,non_tom_only
2019-07-22,1,2019-07-19,2019-07-22,131.7,132.46,0.7600000000000193,38.000000000000966,False,74.00000000000193,non_tom_only
2019-07-23,1,2019-07-22,2019-07-23,131.95,131.59,-0.3599999999999852,-17.99999999999926,False,-37.99999999999852,non_tom_only
2019-07-24,1,2019-07-23,2019-07-24,131.23,131.59,0.36000000000001364,18.000000000000682,False,34.000000000001364,non_tom_only
2019-07-25,1,2019-07-24,2019-07-25,131.79999999999998,131.24,-0.5599999999999739,-27.999999999998693,False,-57.999999999997385,non_tom_only
2019-07-26,1,2019-07-25,2019-07-26,131.17,131.69,0.5200000000000102,26.00000000000051,False,50.00000000000102,non_tom_only
2019-07-29,1,2019-07-26,2019-07-29,131.48,131.81,0.3300000000000125,16.500000000000625,False,31.00000000000125,non_tom_only
2019-07-30,1,2019-07-29,2019-07-30,131.51999999999998,131.99,0.4700000000000273,23.500000000001364,False,45.00000000000273,non_tom_only
2019-07-31,1,2019-07-30,2019-07-31,131.84,131.69,-0.15000000000000568,-7.500000000000284,False,-17.00000000000057,non_tom_only
2019-08-06,1,2019-08-05,2019-08-06,138.88,138.19,-0.6899999999999977,-34.499999999999886,False,-70.99999999999977,non_tom_only
2019-08-07,1,2019-08-06,2019-08-07,139.98999999999998,142.39000000000001,2.400000000000034,120.0000000000017,False,238.0000000000034,non_tom_only
2019-08-08,1,2019-08-07,2019-08-08,140.04,139.13,-0.9099999999999966,-45.49999999999983,False,-92.99999999999966,non_tom_only
2019-08-09,1,2019-08-08,2019-08-09,140.34,140.66,0.3199999999999932,15.999999999999659,False,29.999999999999318,non_tom_only
2019-08-12,1,2019-08-09,2019-08-12,140.06,141.71,1.6500000000000057,82.50000000000028,False,163.00000000000057,non_tom_only
2019-08-13,1,2019-08-12,2019-08-13,142.98,143.8,0.8200000000000216,41.00000000000108,False,80.00000000000216,non_tom_only
2019-08-14,1,2019-08-13,2019-08-14,142.48999999999998,145.15,2.660000000000025,133.00000000000125,False,264.0000000000025,non_tom_only
2019-08-15,1,2019-08-14,2019-08-15,145.7,145.94,0.2400000000000091,12.000000000000455,False,22.00000000000091,non_tom_only
2019-08-16,1,2019-08-15,2019-08-16,147.32,146.05,-1.2699999999999818,-63.49999999999909,False,-128.99999999999818,non_tom_only
2019-08-19,1,2019-08-16,2019-08-19,146.14,143.56,-2.579999999999984,-128.9999999999992,False,-259.9999999999984,non_tom_only
2019-08-20,1,2019-08-19,2019-08-20,144.04999999999998,145.27,1.2200000000000273,61.000000000001364,False,120.00000000000273,non_tom_only
2019-08-21,1,2019-08-20,2019-08-21,145.54,144.71,-0.8299999999999841,-41.499999999999204,False,-84.99999999999841,non_tom_only
2019-08-22,1,2019-08-21,2019-08-22,144.57,143.99,-0.5799999999999841,-28.999999999999204,False,-59.99999999999841,non_tom_only
2019-08-23,1,2019-08-22,2019-08-23,143.60999999999999,143.51000000000002,-0.0999999999999659,-4.999999999998295,False,-11.99999999999659,non_tom_only
2019-08-26,1,2019-08-23,2019-08-26,145.97,145.86,-0.10999999999998522,-5.499999999999261,False,-12.999999999998522,non_tom_only
2019-08-27,1,2019-08-26,2019-08-27,145.38,146.62,1.240000000000009,62.000000000000455,False,122.00000000000091,non_tom_only
2019-08-28,1,2019-08-27,2019-08-28,147.62,148.77,1.1500000000000057,57.500000000000284,False,113.00000000000057,non_tom_only
2019-08-29,1,2019-08-28,2019-08-29,147.81,147.24,-0.5699999999999932,-28.49999999999966,False,-58.99999999999932,non_tom_only
2019-08-30,1,2019-08-29,2019-08-30,147.25,146.60000000000002,-0.6499999999999773,-32.49999999999886,False,-66.99999999999773,non_tom_only
2019-09-06,1,2019-09-05,2019-09-06,144.76999999999998,145.25,0.4800000000000182,24.00000000000091,False,46.00000000000182,non_tom_only
2019-09-09,1,2019-09-06,2019-09-09,145.79999999999998,143.82000000000002,-1.9799999999999613,-98.99999999999807,False,-199.99999999999613,non_tom_only
2019-09-10,1,2019-09-09,2019-09-10,143.20999999999998,142.83,-0.37999999999996703,-18.99999999999835,False,-39.9999999999967,non_tom_only
2019-09-11,1,2019-09-10,2019-09-11,140.7,140.42000000000002,-0.2799999999999727,-13.999999999998636,False,-29.99999999999727,non_tom_only
2019-09-12,1,2019-09-11,2019-09-12,140.45,141.48000000000002,1.0300000000000296,51.50000000000148,False,101.00000000000296,non_tom_only
2019-09-13,1,2019-09-12,2019-09-13,139.53,138.27,-1.259999999999991,-62.999999999999545,False,-127.99999999999909,non_tom_only
2019-09-16,1,2019-09-13,2019-09-16,136.54999999999998,137.84,1.2900000000000205,64.50000000000102,False,127.00000000000205,non_tom_only
2019-09-17,1,2019-09-16,2019-09-17,138.29,138.35000000000002,0.060000000000030695,3.0000000000015348,False,4.0000000000030695,non_tom_only
2019-09-18,1,2019-09-17,2019-09-18,139.04,139.92000000000002,0.8800000000000239,44.000000000001194,False,86.00000000000239,non_tom_only
2019-09-19,1,2019-09-18,2019-09-19,139.63,140.75,1.1200000000000045,56.00000000000023,False,110.00000000000045,non_tom_only
2019-09-20,1,2019-09-19,2019-09-20,140.04999999999998,140.76000000000002,0.7100000000000364,35.50000000000182,False,69.00000000000364,non_tom_only
2019-09-23,1,2019-09-20,2019-09-23,141.89999999999998,142.22,0.3200000000000216,16.00000000000108,False,30.00000000000216,non_tom_only
2019-09-24,1,2019-09-23,2019-09-24,141.87,142.42000000000002,0.5500000000000114,27.50000000000057,False,53.00000000000114,non_tom_only
2019-09-25,1,2019-09-24,2019-09-25,143.57999999999998,143.25,-0.3299999999999841,-16.499999999999204,False,-34.99999999999841,non_tom_only
2019-09-26,1,2019-09-25,2019-09-26,141.48,142.26000000000002,0.7800000000000296,39.00000000000148,False,76.00000000000296,non_tom_only
2019-09-27,1,2019-09-26,2019-09-27,142.39,142.34,-0.04999999999998295,-2.4999999999991473,False,-6.999999999998295,non_tom_only
2019-09-30,1,2019-09-27,2019-09-30,142.73999999999998,141.88,-0.8599999999999852,-42.99999999999926,False,-87.99999999999852,non_tom_only
2019-10-04,1,2019-10-03,2019-10-04,144.92999999999998,145.3,0.37000000000003297,18.50000000000165,False,35.0000000000033,non_tom_only
2019-10-07,1,2019-10-04,2019-10-07,146.0,145.15,-0.8499999999999943,-42.499999999999716,False,-86.99999999999943,non_tom_only
2019-10-08,1,2019-10-07,2019-10-08,144.79,145.81,1.0200000000000102,51.00000000000051,False,100.00000000000102,non_tom_only
2019-10-09,1,2019-10-08,2019-10-09,145.17999999999998,144.59,-0.589999999999975,-29.49999999999875,False,-60.9999999999975,non_tom_only
2019-10-10,1,2019-10-09,2019-10-10,144.35999999999999,143.10000000000002,-1.2599999999999625,-62.999999999998124,False,-127.99999999999625,non_tom_only
2019-10-11,1,2019-10-10,2019-10-11,142.20999999999998,140.97,-1.2399999999999807,-61.999999999999034,False,-125.99999999999807,non_tom_only
2019-10-14,1,2019-10-11,2019-10-14,140.45,141.47,1.0200000000000102,51.00000000000051,False,100.00000000000102,non_tom_only
2019-10-15,1,2019-10-14,2019-10-15,141.47,140.66,-0.8100000000000023,-40.500000000000114,False,-83.00000000000023,non_tom_only
2019-10-16,1,2019-10-15,2019-10-16,139.76,139.63,-0.12999999999999545,-6.499999999999773,False,-14.999999999999545,non_tom_only
2019-10-17,1,2019-10-16,2019-10-17,139.92999999999998,139.51000000000002,-0.4199999999999591,-20.999999999997954,False,-43.99999999999591,non_tom_only
2019-10-18,1,2019-10-17,2019-10-18,139.59,139.8,0.21000000000000796,10.500000000000398,False,19.000000000000796,non_tom_only
2019-10-21,1,2019-10-18,2019-10-21,139.59,138.53,-1.0600000000000023,-53.000000000000114,False,-108.00000000000023,non_tom_only
2019-10-22,1,2019-10-21,2019-10-22,138.54,139.37,0.8300000000000125,41.500000000000625,False,81.00000000000125,non_tom_only
2019-10-23,1,2019-10-22,2019-10-23,139.35,140.02,0.6700000000000159,33.500000000000796,False,65.00000000000159,non_tom_only
2019-10-24,1,2019-10-23,2019-10-24,139.48999999999998,139.67000000000002,0.18000000000003524,9.000000000001762,False,16.000000000003524,non_tom_only
2019-10-25,1,2019-10-24,2019-10-25,139.20999999999998,139.52,0.3100000000000307,15.500000000001535,False,29.00000000000307,non_tom_only
2019-10-28,1,2019-10-25,2019-10-28,138.53,137.57000000000002,-0.9599999999999795,-47.99999999999898,False,-97.99999999999795,non_tom_only
2019-10-29,1,2019-10-28,2019-10-29,137.26999999999998,137.61,0.34000000000003183,17.00000000000159,False,32.00000000000318,non_tom_only
2019-10-30,1,2019-10-29,2019-10-30,137.35999999999999,137.76000000000002,0.4000000000000341,20.000000000001705,False,38.00000000000341,non_tom_only
2019-10-31,1,2019-10-30,2019-10-31,139.37,140.47,1.0999999999999943,54.999999999999716,False,107.99999999999943,non_tom_only
2019-11-06,1,2019-11-05,2019-11-06,137.16,138.01000000000002,0.8500000000000227,42.50000000000114,False,83.00000000000227,non_tom_only
2019-11-07,1,2019-11-06,2019-11-07,137.98999999999998,136.34,-1.6499999999999773,-82.49999999999886,False,-166.99999999999773,non_tom_only
2019-11-08,1,2019-11-07,2019-11-08,135.48999999999998,135.14000000000001,-0.3499999999999659,-17.499999999998295,False,-36.99999999999659,non_tom_only
2019-11-11,1,2019-11-08,2019-11-11,134.92,135.38,0.46000000000000796,23.000000000000398,False,44.000000000000796,non_tom_only
2019-11-12,1,2019-11-11,2019-11-12,135.01,135.27,0.2600000000000193,13.000000000000966,False,24.000000000001933,non_tom_only
2019-11-13,1,2019-11-12,2019-11-13,135.63,136.79000000000002,1.160000000000025,58.00000000000125,False,114.0000000000025,non_tom_only
2019-11-14,1,2019-11-13,2019-11-14,136.51,137.79000000000002,1.2800000000000296,64.00000000000148,False,126.00000000000296,non_tom_only
2019-11-15,1,2019-11-14,2019-11-15,137.92,137.47,-0.44999999999998863,-22.49999999999943,False,-46.99999999999886,non_tom_only
2019-11-18,1,2019-11-15,2019-11-18,137.76999999999998,138.20000000000002,0.43000000000003524,21.500000000001762,False,41.000000000003524,non_tom_only
2019-11-19,1,2019-11-18,2019-11-19,138.01999999999998,138.36,0.34000000000003183,17.00000000000159,False,32.00000000000318,non_tom_only
2019-11-20,1,2019-11-19,2019-11-20,139.17,139.9,0.7300000000000182,36.50000000000091,False,71.00000000000182,non_tom_only
2019-11-21,1,2019-11-20,2019-11-21,140.60999999999999,139.63,-0.9799999999999898,-48.99999999999949,False,-99.99999999999898,non_tom_only
2019-11-22,1,2019-11-21,2019-11-22,139.73,140.09,0.36000000000001364,18.000000000000682,False,34.000000000001364,non_tom_only
2019-11-25,1,2019-11-22,2019-11-25,139.91,140.29000000000002,0.3800000000000239,19.000000000001194,False,36.00000000000239,non_tom_only
2019-11-26,1,2019-11-25,2019-11-26,140.32,140.99,0.6700000000000159,33.500000000000796,False,65.00000000000159,non_tom_only
2019-11-27,1,2019-11-26,2019-11-27,141.14,140.61,-0.5299999999999727,-26.499999999998636,False,-54.99999999999727,non_tom_only
2019-11-29,1,2019-11-27,2019-11-29,140.73,140.61,-0.11999999999997613,-5.999999999998806,False,-13.999999999997613,non_tom_only
2019-12-05,1,2019-12-04,2019-12-05,139.81,138.66,-1.1500000000000057,-57.500000000000284,False,-117.00000000000057,non_tom_only
2019-12-06,1,2019-12-05,2019-12-06,139.13,138.01000000000002,-1.1199999999999761,-55.999999999998806,False,-113.99999999999761,non_tom_only
2019-12-09,1,2019-12-06,2019-12-09,138.35999999999999,138.98000000000002,0.620000000000033,31.00000000000165,False,60.0000000000033,non_tom_only
2019-12-10,1,2019-12-09,2019-12-10,138.66,139.17000000000002,0.5100000000000193,25.500000000000966,False,49.00000000000193,non_tom_only
2019-12-11,1,2019-12-10,2019-12-11,138.67,139.29000000000002,0.620000000000033,31.00000000000165,False,60.0000000000033,non_tom_only
2019-12-12,1,2019-12-11,2019-12-12,139.76,139.18,-0.5799999999999841,-28.999999999999204,False,-59.99999999999841,non_tom_only
2019-12-13,1,2019-12-12,2019-12-13,137.45999999999998,138.11,0.6500000000000341,32.500000000001705,False,63.00000000000341,non_tom_only
2019-12-16,1,2019-12-13,2019-12-16,139.04999999999998,138.39000000000001,-0.6599999999999682,-32.99999999999841,False,-67.99999999999682,non_tom_only
2019-12-17,1,2019-12-16,2019-12-17,137.79999999999998,138.20000000000002,0.4000000000000341,20.000000000001705,False,38.00000000000341,non_tom_only
2019-12-18,1,2019-12-17,2019-12-18,137.60999999999999,137.29000000000002,-0.31999999999996476,-15.999999999998238,False,-33.999999999996476,non_tom_only
2019-12-19,1,2019-12-18,2019-12-19,136.48,135.99,-0.4899999999999807,-24.499999999999034,False,-50.99999999999807,non_tom_only
2019-12-20,1,2019-12-19,2019-12-20,136.48,136.12,-0.3599999999999852,-17.99999999999926,False,-37.99999999999852,non_tom_only
2019-12-23,1,2019-12-20,2019-12-23,136.66,136.8,0.14000000000001478,7.000000000000739,False,12.000000000001478,non_tom_only
2019-12-24,1,2019-12-23,2019-12-24,136.45999999999998,135.91,-0.549999999999983,-27.499999999999147,False,-56.999999999998295,non_tom_only
2019-12-26,1,2019-12-24,2019-12-26,136.85,136.9,0.05000000000001137,2.5000000000005684,False,3.000000000001137,non_tom_only
2019-12-27,1,2019-12-26,2019-12-27,137.17999999999998,137.43,0.2500000000000284,12.500000000001421,False,23.000000000002842,non_tom_only
2019-12-30,1,2019-12-27,2019-12-30,137.32999999999998,135.88,-1.4499999999999886,-72.49999999999943,False,-146.99999999999886,non_tom_only
2019-12-31,1,2019-12-30,2019-12-31,136.82999999999998,136.19,-0.6399999999999864,-31.999999999999318,False,-65.99999999999864,non_tom_only
2020-01-07,1,2020-01-06,2020-01-07,138.34,138.21,-0.12999999999999545,-6.499999999999773,False,-14.999999999999545,non_tom_only
2020-01-08,1,2020-01-07,2020-01-08,137.66,137.92000000000002,0.2600000000000193,13.000000000000966,False,24.000000000001933,non_tom_only
2020-01-09,1,2020-01-08,2020-01-09,136.75,136.02,-0.7299999999999898,-36.49999999999949,False,-74.99999999999898,non_tom_only
2020-01-10,1,2020-01-09,2020-01-10,137.23,137.66,0.4300000000000068,21.50000000000034,False,41.00000000000068,non_tom_only
2020-01-13,1,2020-01-10,2020-01-13,138.45,137.87,-0.5799999999999841,-28.999999999999204,False,-59.99999999999841,non_tom_only
2020-01-14,1,2020-01-13,2020-01-14,138.03,138.19,0.1599999999999966,7.9999999999998295,False,13.999999999999659,non_tom_only
2020-01-15,1,2020-01-14,2020-01-15,138.73999999999998,139.51000000000002,0.7700000000000387,38.50000000000193,False,75.00000000000387,non_tom_only
2020-01-16,1,2020-01-15,2020-01-16,139.66,139.25,-0.4099999999999966,-20.49999999999983,False,-42.99999999999966,non_tom_only
2020-01-17,1,2020-01-16,2020-01-17,139.22,137.57000000000002,-1.6499999999999773,-82.49999999999886,False,-166.99999999999773,non_tom_only
2020-01-21,1,2020-01-17,2020-01-21,138.03,138.8,0.7700000000000102,38.50000000000051,False,75.00000000000102,non_tom_only
2020-01-22,1,2020-01-21,2020-01-22,139.48,139.69,0.21000000000000796,10.500000000000398,False,19.000000000000796,non_tom_only
2020-01-23,1,2020-01-22,2020-01-23,139.97,140.83,0.8600000000000136,43.00000000000068,False,84.00000000000136,non_tom_only
2020-01-24,1,2020-01-23,2020-01-24,140.95,141.41,0.46000000000000796,23.000000000000398,False,44.000000000000796,non_tom_only
2020-01-27,1,2020-01-24,2020-01-27,142.09,143.94,1.8499999999999943,92.49999999999972,False,182.99999999999943,non_tom_only
2020-01-28,1,2020-01-27,2020-01-28,144.29999999999998,143.9,-0.39999999999997726,-19.999999999998863,False,-41.999999999997726,non_tom_only
2020-01-29,1,2020-01-28,2020-01-29,143.17,143.43,0.2600000000000193,13.000000000000966,False,24.000000000001933,non_tom_only
2020-01-30,1,2020-01-29,2020-01-30,144.57,144.89000000000001,0.3200000000000216,16.00000000000108,False,30.00000000000216,non_tom_only
2020-01-31,1,2020-01-30,2020-01-31,144.59,145.16,0.5699999999999932,28.49999999999966,False,54.99999999999932,non_tom_only
2020-02-06,1,2020-02-05,2020-02-06,142.01999999999998,142.16,0.14000000000001478,7.000000000000739,False,12.000000000001478,non_tom_only
2020-02-07,1,2020-02-06,2020-02-07,142.66,144.21,1.5500000000000114,77.50000000000057,False,153.00000000000114,non_tom_only
2020-02-10,1,2020-02-07,2020-02-10,144.44,145.06,0.6200000000000045,31.000000000000227,False,60.000000000000455,non_tom_only
2020-02-11,1,2020-02-10,2020-02-11,144.84,144.58,-0.2599999999999909,-12.999999999999545,False,-27.99999999999909,non_tom_only
2020-02-12,1,2020-02-11,2020-02-12,144.10999999999999,143.36,-0.7499999999999716,-37.49999999999858,False,-76.99999999999716,non_tom_only
2020-02-13,1,2020-02-12,2020-02-13,143.38,143.44,0.060000000000002274,3.0000000000001137,False,4.000000000000227,non_tom_only
2020-02-14,1,2020-02-13,2020-02-14,143.92999999999998,144.75,0.8200000000000216,41.00000000000108,False,80.00000000000216,non_tom_only
2020-02-18,1,2020-02-14,2020-02-18,144.56,145.33,0.7700000000000102,38.50000000000051,False,75.00000000000102,non_tom_only
2020-02-19,1,2020-02-18,2020-02-19,145.54999999999998,145.11,-0.4399999999999693,-21.999999999998465,False,-45.99999999999693,non_tom_only
2020-02-20,1,2020-02-19,2020-02-20,145.54,146.07000000000002,0.5300000000000296,26.500000000001478,False,51.000000000002956,non_tom_only
2020-02-21,1,2020-02-20,2020-02-21,146.67999999999998,147.79000000000002,1.110000000000042,55.5000000000021,False,109.0000000000042,non_tom_only
2020-02-24,1,2020-02-21,2020-02-24,148.04999999999998,150.82000000000002,2.7700000000000387,138.50000000000193,False,275.00000000000387,non_tom_only
2020-02-25,1,2020-02-24,2020-02-25,150.26,150.20000000000002,-0.05999999999997385,-2.9999999999986926,False,-7.999999999997385,non_tom_only
2020-02-26,1,2020-02-25,2020-02-26,151.06,149.93,-1.1299999999999955,-56.49999999999977,False,-114.99999999999955,non_tom_only
2020-02-27,1,2020-02-26,2020-02-27,150.26,152.69,2.430000000000007,121.50000000000034,False,241.00000000000068,non_tom_only
2020-02-28,1,2020-02-27,2020-02-28,151.89,154.44,2.5500000000000114,127.50000000000057,False,253.00000000000114,non_tom_only
2020-03-05,1,2020-03-04,2020-03-05,154.67999999999998,157.12,2.440000000000026,122.00000000000131,False,242.00000000000261,non_tom_only
2020-03-06,1,2020-03-05,2020-03-06,158.53,167.29000000000002,8.76000000000002,438.00000000000097,False,874.0000000000019,non_tom_only
2020-03-09,1,2020-03-06,2020-03-09,166.78,179.09,12.310000000000002,615.5000000000001,False,1229.0000000000002,non_tom_only
2020-03-10,1,2020-03-09,2020-03-10,171.29999999999998,169.63,-1.6699999999999875,-83.49999999999937,False,-168.99999999999875,non_tom_only
2020-03-11,1,2020-03-10,2020-03-11,162.51999999999998,165.42000000000002,2.900000000000034,145.0000000000017,False,288.0000000000034,non_tom_only
2020-03-12,1,2020-03-11,2020-03-12,156.54,163.43,6.890000000000015,344.50000000000074,False,687.0000000000015,non_tom_only
2020-03-13,1,2020-03-12,2020-03-13,157.51,154.99,-2.519999999999982,-125.99999999999909,False,-253.99999999999818,non_tom_only
2020-03-16,1,2020-03-13,2020-03-16,153.95,160.37,6.420000000000016,321.0000000000008,False,640.0000000000016,non_tom_only
2020-03-17,1,2020-03-16,2020-03-17,163.92,163.49,-0.4299999999999784,-21.49999999999892,False,-44.99999999999784,non_tom_only
2020-03-18,1,2020-03-17,2020-03-18,152.98999999999998,152.88,-0.10999999999998522,-5.499999999999261,False,-12.999999999998522,non_tom_only
2020-03-19,1,2020-03-18,2020-03-19,144.35999999999999,146.94,2.5800000000000125,129.00000000000063,False,256.00000000000125,non_tom_only
2020-03-20,1,2020-03-19,2020-03-20,148.29,153.29000000000002,5.000000000000028,250.00000000000142,False,498.00000000000284,non_tom_only
2020-03-23,1,2020-03-20,2020-03-23,159.44,157.49,-1.9499999999999886,-97.49999999999943,False,-196.99999999999886,non_tom_only
2020-03-24,1,2020-03-23,2020-03-24,166.01,161.24,-4.769999999999982,-238.4999999999991,False,-478.9999999999982,non_tom_only
2020-03-25,1,2020-03-24,2020-03-25,162.92,163.58,0.660000000000025,33.00000000000125,False,64.0000000000025,non_tom_only
2020-03-26,1,2020-03-25,2020-03-26,162.54999999999998,163.99,1.4400000000000261,72.00000000000131,False,142.00000000000261,non_tom_only
2020-03-27,1,2020-03-26,2020-03-27,163.35,165.51000000000002,2.160000000000025,108.00000000000125,False,214.0000000000025,non_tom_only
2020-03-30,1,2020-03-27,2020-03-30,167.70999999999998,168.41,0.700000000000017,35.00000000000085,False,68.0000000000017,non_tom_only
2020-03-31,1,2020-03-30,2020-03-31,166.32999999999998,165.69,-0.6399999999999864,-31.999999999999318,False,-65.99999999999864,non_tom_only
2020-04-06,1,2020-04-03,2020-04-06,168.51,166.99,-1.5199999999999818,-75.99999999999909,False,-153.99999999999818,non_tom_only
2020-04-07,1,2020-04-06,2020-04-07,168.07,164.95000000000002,-3.119999999999976,-155.9999999999988,False,-313.9999999999976,non_tom_only
2020-04-08,1,2020-04-07,2020-04-08,166.31,165.10000000000002,-1.2099999999999795,-60.49999999999898,False,-122.99999999999795,non_tom_only
2020-04-09,1,2020-04-08,2020-04-09,165.1,164.29000000000002,-0.8099999999999739,-40.49999999999869,False,-82.99999999999739,non_tom_only
2020-04-13,1,2020-04-09,2020-04-13,165.39999999999998,164.74,-0.6599999999999682,-32.99999999999841,False,-67.99999999999682,non_tom_only
2020-04-14,1,2020-04-13,2020-04-14,163.89,163.83,-0.05999999999997385,-2.9999999999986926,False,-7.999999999997385,non_tom_only
2020-04-15,1,2020-04-14,2020-04-15,163.85,166.79000000000002,2.940000000000026,147.0000000000013,False,292.0000000000026,non_tom_only
2020-04-16,1,2020-04-15,2020-04-16,168.19,169.25,1.0600000000000023,53.000000000000114,False,104.00000000000023,non_tom_only
2020-04-17,1,2020-04-16,2020-04-17,170.1,169.81,-0.28999999999999204,-14.499999999999602,False,-30.999999999999204,non_tom_only
2020-04-20,1,2020-04-17,2020-04-20,167.82,168.43,0.6100000000000136,30.500000000000682,False,59.000000000001364,non_tom_only
2020-04-21,1,2020-04-20,2020-04-21,169.17,171.92000000000002,2.7500000000000284,137.50000000000142,False,273.00000000000284,non_tom_only
2020-04-22,1,2020-04-21,2020-04-22,171.29999999999998,169.96,-1.339999999999975,-66.99999999999875,False,-135.9999999999975,non_tom_only
2020-04-23,1,2020-04-22,2020-04-23,169.54999999999998,169.86,0.3100000000000307,15.500000000001535,False,29.00000000000307,non_tom_only
2020-04-24,1,2020-04-23,2020-04-24,170.45,169.63,-0.8199999999999932,-40.99999999999966,False,-83.99999999999932,non_tom_only
2020-04-27,1,2020-04-24,2020-04-27,170.85,169.65,-1.1999999999999886,-59.99999999999943,False,-121.99999999999886,non_tom_only
2020-04-28,1,2020-04-27,2020-04-28,167.67,168.54000000000002,0.870000000000033,43.50000000000165,False,85.0000000000033,non_tom_only
2020-04-29,1,2020-04-28,2020-04-29,169.6,169.48000000000002,-0.11999999999997613,-5.999999999998806,False,-13.999999999997613,non_tom_only
2020-04-30,1,2020-04-29,2020-04-30,168.72,168.72,0.0,0.0,False,-2.0,non_tom_only
2020-05-06,1,2020-05-05,2020-05-06,166.1,163.20000000000002,-2.8999999999999773,-144.99999999999886,False,-291.9999999999977,non_tom_only
2020-05-07,1,2020-05-06,2020-05-07,163.42,163.55,0.13000000000002387,6.500000000001194,False,11.000000000002387,non_tom_only
2020-05-08,1,2020-05-07,2020-05-08,166.14999999999998,164.48000000000002,-1.669999999999959,-83.49999999999795,False,-168.9999999999959,non_tom_only
2020-05-11,1,2020-05-08,2020-05-11,163.98999999999998,163.65,-0.339999999999975,-16.99999999999875,False,-35.9999999999975,non_tom_only
2020-05-12,1,2020-05-11,2020-05-12,162.70999999999998,163.15,0.44000000000002615,22.000000000001307,False,42.000000000002615,non_tom_only
2020-05-13,1,2020-05-12,2020-05-13,164.38,165.04000000000002,0.660000000000025,33.00000000000125,False,64.0000000000025,non_tom_only
2020-05-14,1,2020-05-13,2020-05-14,165.53,167.31,1.7800000000000011,89.00000000000006,False,176.0000000000001,non_tom_only
2020-05-15,1,2020-05-14,2020-05-15,167.14999999999998,168.29000000000002,1.1400000000000432,57.00000000000216,False,112.00000000000432,non_tom_only
2020-05-18,1,2020-05-15,2020-05-18,166.72,164.92000000000002,-1.799999999999983,-89.99999999999915,False,-181.9999999999983,non_tom_only
2020-05-19,1,2020-05-18,2020-05-19,163.06,162.49,-0.5699999999999932,-28.49999999999966,False,-58.99999999999932,non_tom_only
2020-05-20,1,2020-05-19,2020-05-20,163.67,163.15,-0.5199999999999818,-25.99999999999909,False,-53.99999999999818,non_tom_only
2020-05-21,1,2020-05-20,2020-05-21,164.16,164.85000000000002,0.6900000000000261,34.50000000000131,False,67.00000000000261,non_tom_only
2020-05-22,1,2020-05-21,2020-05-22,164.57,164.71,0.14000000000001478,7.000000000000739,False,12.000000000001478,non_tom_only
2020-05-26,1,2020-05-22,2020-05-26,165.56,163.70000000000002,-1.8599999999999852,-92.99999999999926,False,-187.99999999999852,non_tom_only
2020-05-27,1,2020-05-26,2020-05-27,163.34,162.77,-0.5699999999999932,-28.49999999999966,False,-58.99999999999932,non_tom_only
2020-05-28,1,2020-05-27,2020-05-28,163.04,161.95000000000002,-1.089999999999975,-54.49999999999875,False,-110.9999999999975,non_tom_only
2020-05-29,1,2020-05-28,2020-05-29,162.44,162.74,0.30000000000001137,15.000000000000568,False,28.000000000001137,non_tom_only
2020-06-04,1,2020-06-03,2020-06-04,159.54999999999998,158.91,-0.6399999999999864,-31.999999999999318,False,-65.99999999999864,non_tom_only
2020-06-05,1,2020-06-04,2020-06-05,157.23999999999998,154.60000000000002,-2.639999999999958,-131.9999999999979,False,-265.9999999999958,non_tom_only
2020-06-08,1,2020-06-05,2020-06-08,156.12,155.06,-1.0600000000000023,-53.000000000000114,False,-108.00000000000023,non_tom_only
2020-06-09,1,2020-06-08,2020-06-09,156.72,159.04000000000002,2.3200000000000216,116.00000000000108,False,230.00000000000216,non_tom_only
2020-06-10,1,2020-06-09,2020-06-10,158.5,159.23000000000002,0.7300000000000182,36.50000000000091,False,71.00000000000182,non_tom_only
2020-06-11,1,2020-06-10,2020-06-11,160.85,163.23000000000002,2.380000000000024,119.0000000000012,False,236.0000000000024,non_tom_only
2020-06-12,1,2020-06-11,2020-06-12,163.89,162.4,-1.4899999999999807,-74.49999999999903,False,-150.99999999999807,non_tom_only
2020-06-15,1,2020-06-12,2020-06-15,162.31,163.88,1.5699999999999932,78.49999999999966,False,154.99999999999932,non_tom_only
2020-06-16,1,2020-06-15,2020-06-16,162.39999999999998,159.4,-2.9999999999999716,-149.99999999999858,False,-301.99999999999716,non_tom_only
2020-06-17,1,2020-06-16,2020-06-17,159.91,160.26000000000002,0.35000000000002274,17.500000000001137,False,33.000000000002274,non_tom_only
2020-06-18,1,2020-06-17,2020-06-18,160.57,162.02,1.450000000000017,72.50000000000085,False,143.0000000000017,non_tom_only
2020-06-19,1,2020-06-18,2020-06-19,162.26999999999998,160.99,-1.2799999999999727,-63.999999999998636,False,-129.99999999999727,non_tom_only
2020-06-22,1,2020-06-19,2020-06-22,162.39999999999998,163.18,0.7800000000000296,39.00000000000148,False,76.00000000000296,non_tom_only
2020-06-23,1,2020-06-22,2020-06-23,162.42,161.47,-0.9499999999999886,-47.49999999999943,False,-96.99999999999886,non_tom_only
2020-06-24,1,2020-06-23,2020-06-24,161.31,161.52,0.21000000000000796,10.500000000000398,False,19.000000000000796,non_tom_only
2020-06-25,1,2020-06-24,2020-06-25,163.04,164.20000000000002,1.160000000000025,58.00000000000125,False,114.0000000000025,non_tom_only
2020-06-26,1,2020-06-25,2020-06-26,163.51,164.24,0.7300000000000182,36.50000000000091,False,71.00000000000182,non_tom_only
2020-06-29,1,2020-06-26,2020-06-29,165.26,164.84,-0.4199999999999875,-20.999999999999375,False,-43.99999999999875,non_tom_only
2020-06-30,1,2020-06-29,2020-06-30,164.73999999999998,165.22,0.4800000000000182,24.00000000000091,False,46.00000000000182,non_tom_only
2020-07-07,1,2020-07-06,2020-07-07,162.92999999999998,163.41,0.4800000000000182,24.00000000000091,False,46.00000000000182,non_tom_only
2020-07-08,1,2020-07-07,2020-07-08,165.22,164.31,-0.9099999999999966,-45.49999999999983,False,-92.99999999999966,non_tom_only
2020-07-09,1,2020-07-08,2020-07-09,164.56,164.65,0.09000000000000341,4.5000000000001705,False,7.000000000000341,non_tom_only
2020-07-10,1,2020-07-09,2020-07-10,167.17999999999998,167.94,0.7600000000000193,38.000000000000966,False,74.00000000000193,non_tom_only
2020-07-13,1,2020-07-10,2020-07-13,166.34,165.49,-0.8499999999999943,-42.499999999999716,False,-86.99999999999943,non_tom_only
2020-07-14,1,2020-07-13,2020-07-14,166.89,167.92000000000002,1.0300000000000296,51.50000000000148,False,101.00000000000296,non_tom_only
2020-07-15,1,2020-07-14,2020-07-15,167.13,165.91,-1.2199999999999989,-60.99999999999994,False,-123.99999999999989,non_tom_only
2020-07-16,1,2020-07-15,2020-07-16,166.35,167.39000000000001,1.0400000000000205,52.00000000000102,False,102.00000000000205,non_tom_only
2020-07-17,1,2020-07-16,2020-07-17,167.14,167.26000000000002,0.12000000000003297,6.0000000000016485,False,10.000000000003297,non_tom_only
2020-07-20,1,2020-07-17,2020-07-20,166.79,167.5,0.710000000000008,35.5000000000004,False,69.0000000000008,non_tom_only
2020-07-21,1,2020-07-20,2020-07-21,167.2,167.29000000000002,0.09000000000003183,4.500000000001592,False,7.000000000003183,non_tom_only
2020-07-22,1,2020-07-21,2020-07-22,167.29999999999998,168.25,0.950000000000017,47.50000000000085,False,93.0000000000017,non_tom_only
2020-07-23,1,2020-07-22,2020-07-23,167.79999999999998,168.91,1.1100000000000136,55.50000000000068,False,109.00000000000136,non_tom_only
2020-07-24,1,2020-07-23,2020-07-24,169.76,169.0,-0.7599999999999909,-37.999999999999545,False,-77.99999999999909,non_tom_only
2020-07-27,1,2020-07-24,2020-07-27,169.75,170.24,0.4900000000000091,24.500000000000455,False,47.00000000000091,non_tom_only
2020-07-28,1,2020-07-27,2020-07-28,169.12,169.53,0.4099999999999966,20.49999999999983,False,38.99999999999966,non_tom_only
2020-07-29,1,2020-07-28,2020-07-29,170.29,170.04000000000002,-0.24999999999997158,-12.499999999998579,False,-26.999999999997158,non_tom_only
2020-07-30,1,2020-07-29,2020-07-30,170.0,171.05,1.0500000000000114,52.50000000000057,False,103.00000000000114,non_tom_only
2020-07-31,1,2020-07-30,2020-07-31,171.12,170.14000000000001,-0.9799999999999898,-48.99999999999949,False,-99.99999999999898,non_tom_only
2020-08-06,1,2020-08-05,2020-08-06,170.07999999999998,171.37,1.2900000000000205,64.50000000000102,False,127.00000000000205,non_tom_only
2020-08-07,1,2020-08-06,2020-08-07,171.03,171.27,0.2400000000000091,12.000000000000455,False,22.00000000000091,non_tom_only
2020-08-10,1,2020-08-07,2020-08-10,169.89,170.20000000000002,0.3100000000000307,15.500000000001535,False,29.00000000000307,non_tom_only
2020-08-11,1,2020-08-10,2020-08-11,169.13,167.16,-1.9699999999999989,-98.49999999999994,False,-198.9999999999999,non_tom_only
2020-08-12,1,2020-08-11,2020-08-12,167.10999999999999,165.69,-1.4199999999999875,-70.99999999999937,False,-143.99999999999875,non_tom_only
2020-08-13,1,2020-08-12,2020-08-13,165.6,165.3,-0.29999999999998295,-14.999999999999147,False,-31.999999999998295,non_tom_only
2020-08-14,1,2020-08-13,2020-08-14,163.82999999999998,163.8,-0.029999999999972715,-1.4999999999986358,False,-4.9999999999972715,non_tom_only
2020-08-17,1,2020-08-14,2020-08-17,163.19,163.96,0.7700000000000102,38.50000000000051,False,75.00000000000102,non_tom_only
2020-08-18,1,2020-08-17,2020-08-18,163.6,164.35000000000002,0.7500000000000284,37.50000000000142,False,73.00000000000284,non_tom_only
2020-08-19,1,2020-08-18,2020-08-19,164.76999999999998,165.36,0.5900000000000318,29.50000000000159,False,57.00000000000318,non_tom_only
2020-08-20,1,2020-08-19,2020-08-20,163.73999999999998,165.38,1.6400000000000148,82.00000000000074,False,162.00000000000148,non_tom_only
2020-08-21,1,2020-08-20,2020-08-21,165.22,165.76000000000002,0.5400000000000205,27.000000000001023,False,52.000000000002046,non_tom_only
2020-08-24,1,2020-08-21,2020-08-24,166.20999999999998,166.31,0.10000000000002274,5.000000000001137,False,8.000000000002274,non_tom_only
2020-08-25,1,2020-08-24,2020-08-25,165.94,164.34,-1.5999999999999943,-79.99999999999972,False,-161.99999999999943,non_tom_only
2020-08-26,1,2020-08-25,2020-08-26,164.67,164.04000000000002,-0.629999999999967,-31.49999999999835,False,-64.9999999999967,non_tom_only
2020-08-27,1,2020-08-26,2020-08-27,164.04,164.75,0.710000000000008,35.5000000000004,False,69.0000000000008,non_tom_only
2020-08-28,1,2020-08-27,2020-08-28,161.25,161.79000000000002,0.5400000000000205,27.000000000001023,False,52.000000000002046,non_tom_only
2020-08-31,1,2020-08-28,2020-08-31,161.13,161.61,0.4800000000000182,24.00000000000091,False,46.00000000000182,non_tom_only
2020-09-04,1,2020-09-03,2020-09-04,165.89999999999998,164.4,-1.4999999999999716,-74.99999999999858,False,-151.99999999999716,non_tom_only
2020-09-08,1,2020-09-04,2020-09-08,162.75,164.36,1.6100000000000136,80.50000000000068,False,159.00000000000136,non_tom_only
2020-09-09,1,2020-09-08,2020-09-09,163.75,163.9,0.15000000000000568,7.500000000000284,False,13.000000000000568,non_tom_only
2020-09-10,1,2020-09-09,2020-09-10,163.31,162.45000000000002,-0.8599999999999852,-42.99999999999926,False,-87.99999999999852,non_tom_only
2020-09-11,1,2020-09-10,2020-09-11,164.14,164.3,0.160000000000025,8.00000000000125,False,14.000000000002501,non_tom_only
2020-09-14,1,2020-09-11,2020-09-14,164.48999999999998,164.78,0.29000000000002046,14.500000000001023,False,27.000000000002046,non_tom_only
2020-09-15,1,2020-09-14,2020-09-15,164.48,164.16,-0.3199999999999932,-15.999999999999659,False,-33.99999999999932,non_tom_only
2020-09-16,1,2020-09-15,2020-09-16,164.07999999999998,164.77,0.6900000000000261,34.50000000000131,False,67.00000000000261,non_tom_only
2020-09-17,1,2020-09-16,2020-09-17,163.59,164.89000000000001,1.3000000000000114,65.00000000000057,False,128.00000000000114,non_tom_only
2020-09-18,1,2020-09-17,2020-09-18,164.09,164.16,0.06999999999999318,3.499999999999659,False,4.999999999999318,non_tom_only
2020-09-21,1,2020-09-18,2020-09-21,163.57999999999998,164.86,1.2800000000000296,64.00000000000148,False,126.00000000000296,non_tom_only
2020-09-22,1,2020-09-21,2020-09-22,164.41,164.43,0.020000000000010232,1.0000000000005116,False,1.0231815394945443e-12,non_tom_only
2020-09-23,1,2020-09-22,2020-09-23,164.28,164.29000000000002,0.010000000000019327,0.5000000000009663,False,-0.9999999999980673,non_tom_only
2020-09-24,1,2020-09-23,2020-09-24,164.5,164.95000000000002,0.45000000000001705,22.500000000000853,False,43.000000000001705,non_tom_only
2020-09-25,1,2020-09-24,2020-09-25,165.13,165.10000000000002,-0.029999999999972715,-1.4999999999986358,False,-4.9999999999972715,non_tom_only
2020-09-28,1,2020-09-25,2020-09-28,165.13,164.86,-0.2699999999999818,-13.49999999999909,False,-28.99999999999818,non_tom_only
2020-09-29,1,2020-09-28,2020-09-29,164.66,164.79000000000002,0.13000000000002387,6.500000000001194,False,11.000000000002387,non_tom_only
2020-09-30,1,2020-09-29,2020-09-30,164.85,163.99,-0.8599999999999852,-42.99999999999926,False,-87.99999999999852,non_tom_only
2020-10-06,1,2020-10-05,2020-10-06,159.57999999999998,159.32000000000002,-0.2599999999999625,-12.999999999998124,False,-27.99999999999625,non_tom_only
2020-10-07,1,2020-10-06,2020-10-07,160.44,159.55,-0.8899999999999864,-44.49999999999932,False,-90.99999999999864,non_tom_only
2020-10-08,1,2020-10-07,2020-10-08,159.26999999999998,159.96,0.6900000000000261,34.50000000000131,False,67.00000000000261,non_tom_only
2020-10-09,1,2020-10-08,2020-10-09,160.13,159.51000000000002,-0.6199999999999761,-30.999999999998806,False,-63.99999999999761,non_tom_only
2020-10-12,1,2020-10-09,2020-10-12,160.1,160.42000000000002,0.3200000000000216,16.00000000000108,False,30.00000000000216,non_tom_only
2020-10-13,1,2020-10-12,2020-10-13,160.60999999999999,161.20000000000002,0.5900000000000318,29.50000000000159,False,57.00000000000318,non_tom_only
2020-10-14,1,2020-10-13,2020-10-14,161.76,162.32000000000002,0.5600000000000307,28.000000000001535,False,54.00000000000307,non_tom_only
2020-10-15,1,2020-10-14,2020-10-15,162.13,163.03,0.9000000000000057,45.000000000000284,False,88.00000000000057,non_tom_only
2020-10-16,1,2020-10-15,2020-10-16,161.85,161.65,-0.19999999999998863,-9.999999999999432,False,-21.999999999998863,non_tom_only
2020-10-19,1,2020-10-16,2020-10-19,161.39999999999998,160.49,-0.9099999999999682,-45.49999999999841,False,-92.99999999999682,non_tom_only
2020-10-20,1,2020-10-19,2020-10-20,160.79,159.85000000000002,-0.9399999999999693,-46.999999999998465,False,-95.99999999999693,non_tom_only
2020-10-21,1,2020-10-20,2020-10-21,159.26,158.79000000000002,-0.46999999999997044,-23.499999999998522,False,-48.999999999997044,non_tom_only
2020-10-22,1,2020-10-21,2020-10-22,158.70999999999998,158.28,-0.4299999999999784,-21.49999999999892,False,-44.99999999999784,non_tom_only
2020-10-23,1,2020-10-22,2020-10-23,157.06,156.8,-0.2599999999999909,-12.999999999999545,False,-27.99999999999909,non_tom_only
2020-10-26,1,2020-10-23,2020-10-26,158.01999999999998,159.20000000000002,1.1800000000000352,59.00000000000176,False,116.00000000000352,non_tom_only
2020-10-27,1,2020-10-26,2020-10-27,159.48999999999998,160.23000000000002,0.7400000000000375,37.000000000001876,False,72.00000000000375,non_tom_only
2020-10-28,1,2020-10-27,2020-10-28,160.56,161.37,0.8100000000000023,40.500000000000114,False,79.00000000000023,non_tom_only
2020-10-29,1,2020-10-28,2020-10-29,160.70999999999998,160.72,0.010000000000019327,0.5000000000009663,False,-0.9999999999980673,non_tom_only
2020-10-30,1,2020-10-29,2020-10-30,159.14999999999998,159.02,-0.12999999999996703,-6.4999999999983515,False,-14.999999999996703,non_tom_only
2020-11-05,1,2020-11-04,2020-11-05,161.09,161.63,0.539999999999992,26.999999999999602,False,51.999999999999204,non_tom_only
2020-11-06,1,2020-11-05,2020-11-06,161.37,159.61,-1.759999999999991,-87.99999999999955,False,-177.9999999999991,non_tom_only
2020-11-09,1,2020-11-06,2020-11-09,159.42,155.96,-3.4599999999999795,-172.99999999999898,False,-347.99999999999795,non_tom_only
2020-11-10,1,2020-11-09,2020-11-10,156.07,154.95000000000002,-1.1199999999999761,-55.999999999998806,False,-113.99999999999761,non_tom_only
2020-11-11,1,2020-11-10,2020-11-11,155.17,155.02,-0.14999999999997726,-7.499999999998863,False,-16.999999999997726,non_tom_only
2020-11-12,1,2020-11-11,2020-11-12,155.73,156.93,1.200000000000017,60.00000000000085,False,118.0000000000017,non_tom_only
2020-11-13,1,2020-11-12,2020-11-13,158.38,158.35000000000002,-0.029999999999972715,-1.4999999999986358,False,-4.9999999999972715,non_tom_only
2020-11-16,1,2020-11-13,2020-11-16,158.17,157.72,-0.44999999999998863,-22.49999999999943,False,-46.99999999999886,non_tom_only
2020-11-17,1,2020-11-16,2020-11-17,157.79,158.76000000000002,0.9700000000000273,48.500000000001364,False,95.00000000000273,non_tom_only
2020-11-18,1,2020-11-17,2020-11-18,158.82,159.43,0.6100000000000136,30.500000000000682,False,59.000000000001364,non_tom_only
2020-11-19,1,2020-11-18,2020-11-19,159.28,160.0,0.7199999999999989,35.99999999999994,False,69.99999999999989,non_tom_only
2020-11-20,1,2020-11-19,2020-11-20,160.1,160.52,0.4200000000000159,21.000000000000796,False,40.00000000000159,non_tom_only
2020-11-23,1,2020-11-20,2020-11-23,161.51999999999998,160.81,-0.7099999999999795,-35.49999999999898,False,-72.99999999999795,non_tom_only
2020-11-24,1,2020-11-23,2020-11-24,160.78,159.97,-0.8100000000000023,-40.500000000000114,False,-83.00000000000023,non_tom_only
2020-11-25,1,2020-11-24,2020-11-25,159.17999999999998,159.24,0.060000000000030695,3.0000000000015348,False,4.0000000000030695,non_tom_only
2020-11-27,1,2020-11-25,2020-11-27,158.69,159.60000000000002,0.910000000000025,45.50000000000125,False,89.0000000000025,non_tom_only
2020-11-30,1,2020-11-27,2020-11-30,160.23,160.02,-0.20999999999997954,-10.499999999998977,False,-22.999999999997954,non_tom_only
2020-12-04,1,2020-12-03,2020-12-04,157.51999999999998,155.68,-1.839999999999975,-91.99999999999875,False,-185.9999999999975,non_tom_only
2020-12-07,1,2020-12-04,2020-12-07,155.20999999999998,156.34,1.1300000000000239,56.500000000001194,False,111.00000000000239,non_tom_only
2020-12-08,1,2020-12-07,2020-12-08,156.60999999999999,157.56,0.950000000000017,47.50000000000085,False,93.0000000000017,non_tom_only
2020-12-09,1,2020-12-08,2020-12-09,157.35,156.54000000000002,-0.8099999999999739,-40.49999999999869,False,-82.99999999999739,non_tom_only
2020-12-10,1,2020-12-09,2020-12-10,156.82999999999998,157.23000000000002,0.4000000000000341,20.000000000001705,False,38.00000000000341,non_tom_only
2020-12-11,1,2020-12-10,2020-12-11,158.22,158.64000000000001,0.4200000000000159,21.000000000000796,False,40.00000000000159,non_tom_only
2020-12-14,1,2020-12-11,2020-12-14,158.78,157.48000000000002,-1.299999999999983,-64.99999999999915,False,-131.9999999999983,non_tom_only
2020-12-15,1,2020-12-14,2020-12-15,158.34,157.77,-0.5699999999999932,-28.49999999999966,False,-58.99999999999932,non_tom_only
2020-12-16,1,2020-12-15,2020-12-16,157.81,156.57000000000002,-1.2399999999999807,-61.999999999999034,False,-125.99999999999807,non_tom_only
2020-12-17,1,2020-12-16,2020-12-17,157.39,158.12,0.7300000000000182,36.50000000000091,False,71.00000000000182,non_tom_only
2020-12-18,1,2020-12-17,2020-12-18,156.81,157.11,0.30000000000001137,15.000000000000568,False,28.000000000001137,non_tom_only
2020-12-21,1,2020-12-18,2020-12-21,156.34,157.19,0.8499999999999943,42.499999999999716,False,82.99999999999943,non_tom_only
2020-12-22,1,2020-12-21,2020-12-22,156.95999999999998,157.55,0.5900000000000318,29.50000000000159,False,57.00000000000318,non_tom_only
2020-12-23,1,2020-12-22,2020-12-23,157.76999999999998,156.61,-1.1599999999999682,-57.99999999999841,False,-117.99999999999682,non_tom_only
2020-12-24,1,2020-12-23,2020-12-24,156.67999999999998,156.89000000000001,0.21000000000003638,10.500000000001819,False,19.000000000003638,non_tom_only
2020-12-28,1,2020-12-24,2020-12-28,157.29999999999998,156.37,-0.9299999999999784,-46.49999999999892,False,-94.99999999999784,non_tom_only
2020-12-29,1,2020-12-28,2020-12-29,157.37,156.36,-1.009999999999991,-50.499999999999545,False,-102.99999999999909,non_tom_only
2020-12-30,1,2020-12-29,2020-12-30,157.17,156.81,-0.3599999999999852,-17.99999999999926,False,-37.99999999999852,non_tom_only
2020-12-31,1,2020-12-30,2020-12-31,157.51,157.45000000000002,-0.05999999999997385,-2.9999999999986926,False,-7.999999999997385,non_tom_only
2021-01-07,1,2021-01-06,2021-01-07,153.17,151.78,-1.3899999999999864,-69.49999999999932,False,-140.99999999999864,non_tom_only
2021-01-08,1,2021-01-07,2021-01-08,151.82,151.47,-0.3499999999999943,-17.499999999999716,False,-36.99999999999943,non_tom_only
2021-01-11,1,2021-01-08,2021-01-11,151.32999999999998,150.99,-0.339999999999975,-16.99999999999875,False,-35.9999999999975,non_tom_only
2021-01-12,1,2021-01-11,2021-01-12,151.07999999999998,150.78,-0.29999999999998295,-14.999999999999147,False,-31.999999999998295,non_tom_only
2021-01-13,1,2021-01-12,2021-01-13,150.95999999999998,151.65,0.6900000000000261,34.50000000000131,False,67.00000000000261,non_tom_only
2021-01-14,1,2021-01-13,2021-01-14,152.66,152.57000000000002,-0.08999999999997499,-4.4999999999987494,False,-10.999999999997499,non_tom_only
2021-01-15,1,2021-01-14,2021-01-15,151.23,152.18,0.950000000000017,47.50000000000085,False,93.0000000000017,non_tom_only
2021-01-19,1,2021-01-15,2021-01-19,151.82999999999998,151.61,-0.21999999999997044,-10.999999999998522,False,-23.999999999997044,non_tom_only
2021-01-20,1,2021-01-19,2021-01-20,152.32,151.98000000000002,-0.339999999999975,-16.99999999999875,False,-35.9999999999975,non_tom_only
2021-01-21,1,2021-01-20,2021-01-21,152.47,151.43,-1.039999999999992,-51.9999999999996,False,-105.9999999999992,non_tom_only
2021-01-22,1,2021-01-21,2021-01-22,151.39999999999998,151.84,0.44000000000002615,22.000000000001307,False,42.000000000002615,non_tom_only
2021-01-25,1,2021-01-22,2021-01-25,151.89,152.75,0.8600000000000136,43.00000000000068,False,84.00000000000136,non_tom_only
2021-01-26,1,2021-01-25,2021-01-26,153.67999999999998,153.09,-0.589999999999975,-29.49999999999875,False,-60.9999999999975,non_tom_only
2021-01-27,1,2021-01-26,2021-01-27,153.39,154.06,0.6700000000000159,33.500000000000796,False,65.00000000000159,non_tom_only
2021-01-28,1,2021-01-27,2021-01-28,153.78,153.39000000000001,-0.38999999999998636,-19.499999999999318,False,-40.999999999998636,non_tom_only
2021-01-29,1,2021-01-28,2021-01-29,152.92999999999998,151.41,-1.5199999999999818,-75.99999999999909,False,-153.99999999999818,non_tom_only
2021-02-04,1,2021-02-03,2021-02-04,149.69,149.20000000000002,-0.4899999999999807,-24.499999999999034,False,-50.99999999999807,non_tom_only
2021-02-05,1,2021-02-04,2021-02-05,149.29,149.09,-0.19999999999998863,-9.999999999999432,False,-21.999999999998863,non_tom_only
2021-02-08,1,2021-02-05,2021-02-08,148.04,148.29000000000002,0.2500000000000284,12.500000000001421,False,23.000000000002842,non_tom_only
2021-02-09,1,2021-02-08,2021-02-09,148.69,149.21,0.5200000000000102,26.00000000000051,False,50.00000000000102,non_tom_only
2021-02-10,1,2021-02-09,2021-02-10,148.79999999999998,149.27,0.4700000000000273,23.500000000001364,False,45.00000000000273,non_tom_only
2021-02-11,1,2021-02-10,2021-02-11,149.79,149.67000000000002,-0.11999999999997613,-5.999999999998806,False,-13.999999999997613,non_tom_only
2021-02-12,1,2021-02-11,2021-02-12,148.97,147.69,-1.2800000000000011,-64.00000000000006,False,-130.0000000000001,non_tom_only
2021-02-16,1,2021-02-12,2021-02-16,147.12,145.21,-1.9099999999999966,-95.49999999999983,False,-192.99999999999966,non_tom_only
2021-02-17,1,2021-02-16,2021-02-17,144.88,145.94,1.0600000000000023,53.000000000000114,False,104.00000000000023,non_tom_only
2021-02-18,1,2021-02-17,2021-02-18,145.79999999999998,144.60000000000002,-1.1999999999999602,-59.99999999999801,False,-121.99999999999602,non_tom_only
2021-02-19,1,2021-02-18,2021-02-19,145.20999999999998,144.05,-1.1599999999999682,-57.99999999999841,False,-117.99999999999682,non_tom_only
2021-02-22,1,2021-02-19,2021-02-22,143.28,143.02,-0.2599999999999909,-12.999999999999545,False,-27.99999999999909,non_tom_only
2021-02-23,1,2021-02-22,2021-02-23,142.19,141.52,-0.6699999999999875,-33.499999999999375,False,-68.99999999999875,non_tom_only
2021-02-24,1,2021-02-23,2021-02-24,141.78,139.36,-2.4199999999999875,-120.99999999999937,False,-243.99999999999875,non_tom_only
2021-02-25,1,2021-02-24,2021-02-25,140.85,139.51000000000002,-1.339999999999975,-66.99999999999875,False,-135.9999999999975,non_tom_only
2021-02-26,1,2021-02-25,2021-02-26,138.54999999999998,140.74,2.190000000000026,109.50000000000131,False,217.00000000000261,non_tom_only
2021-03-04,1,2021-03-03,2021-03-04,139.54999999999998,139.62,0.0700000000000216,3.50000000000108,False,5.00000000000216,non_tom_only
2021-03-05,1,2021-03-04,2021-03-05,138.64999999999998,138.16,-0.4899999999999807,-24.499999999999034,False,-50.99999999999807,non_tom_only
2021-03-08,1,2021-03-05,2021-03-08,138.92,138.82000000000002,-0.0999999999999659,-4.999999999998295,False,-11.99999999999659,non_tom_only
2021-03-09,1,2021-03-08,2021-03-09,137.84,139.26000000000002,1.420000000000016,71.0000000000008,False,140.0000000000016,non_tom_only
2021-03-10,1,2021-03-09,2021-03-10,139.75,139.79000000000002,0.040000000000020464,2.000000000001023,False,2.0000000000020464,non_tom_only
2021-03-11,1,2021-03-10,2021-03-11,140.03,139.16,-0.8700000000000045,-43.50000000000023,False,-89.00000000000045,non_tom_only
2021-03-12,1,2021-03-11,2021-03-12,139.01999999999998,136.41,-2.609999999999985,-130.49999999999926,False,-262.9999999999985,non_tom_only
2021-03-15,1,2021-03-12,2021-03-15,136.07,136.48000000000002,0.410000000000025,20.50000000000125,False,39.0000000000025,non_tom_only
2021-03-16,1,2021-03-15,2021-03-16,136.87,137.01000000000002,0.14000000000001478,7.000000000000739,False,12.000000000001478,non_tom_only
2021-03-17,1,2021-03-16,2021-03-17,136.32,135.14000000000001,-1.1799999999999784,-58.99999999999892,False,-119.99999999999784,non_tom_only
2021-03-18,1,2021-03-17,2021-03-18,135.29999999999998,133.3,-1.9999999999999716,-99.99999999999858,False,-201.99999999999716,non_tom_only
2021-03-19,1,2021-03-18,2021-03-19,133.92999999999998,134.07000000000002,0.1400000000000432,7.00000000000216,False,12.00000000000432,non_tom_only
2021-03-22,1,2021-03-19,2021-03-22,134.76,135.68,0.9200000000000159,46.000000000000796,False,90.00000000000159,non_tom_only
2021-03-23,1,2021-03-22,2021-03-23,136.26999999999998,136.58,0.3100000000000307,15.500000000001535,False,29.00000000000307,non_tom_only
2021-03-24,1,2021-03-23,2021-03-24,137.5,137.05,-0.44999999999998863,-22.49999999999943,False,-46.99999999999886,non_tom_only
2021-03-25,1,2021-03-24,2021-03-25,138.23999999999998,138.38,0.14000000000001478,7.000000000000739,False,12.000000000001478,non_tom_only
2021-03-26,1,2021-03-25,2021-03-26,137.14999999999998,136.41,-0.7399999999999807,-36.999999999999034,False,-75.99999999999807,non_tom_only
2021-03-29,1,2021-03-26,2021-03-29,136.67,136.82000000000002,0.1500000000000341,7.500000000001705,False,13.00000000000341,non_tom_only
2021-03-30,1,2021-03-29,2021-03-30,135.51,135.26000000000002,-0.24999999999997158,-12.499999999998579,False,-26.999999999997158,non_tom_only
2021-03-31,1,2021-03-30,2021-03-31,136.22,136.33,0.11000000000001364,5.500000000000682,False,9.000000000001364,non_tom_only
2021-04-07,1,2021-04-06,2021-04-07,137.85,137.43,-0.4199999999999875,-20.999999999999375,False,-43.99999999999875,non_tom_only
2021-04-08,1,2021-04-07,2021-04-08,136.89,137.38,0.4900000000000091,24.500000000000455,False,47.00000000000091,non_tom_only
2021-04-09,1,2021-04-08,2021-04-09,138.01999999999998,137.49,-0.5299999999999727,-26.499999999998636,False,-54.99999999999727,non_tom_only
2021-04-12,1,2021-04-09,2021-04-12,137.51999999999998,137.45000000000002,-0.06999999999996476,-3.499999999998238,False,-8.999999999996476,non_tom_only
2021-04-13,1,2021-04-12,2021-04-13,137.45999999999998,137.3,-0.15999999999996817,-7.999999999998408,False,-17.999999999996817,non_tom_only
2021-04-14,1,2021-04-13,2021-04-14,138.48999999999998,138.02,-0.46999999999997044,-23.499999999998522,False,-48.999999999997044,non_tom_only
2021-04-15,1,2021-04-14,2021-04-15,138.04999999999998,139.48000000000002,1.4300000000000352,71.50000000000176,False,141.00000000000352,non_tom_only
2021-04-16,1,2021-04-15,2021-04-16,140.35999999999999,139.09,-1.2699999999999818,-63.49999999999909,False,-128.99999999999818,non_tom_only
2021-04-19,1,2021-04-16,2021-04-19,139.26999999999998,138.73000000000002,-0.5399999999999636,-26.99999999999818,False,-55.99999999999636,non_tom_only
2021-04-20,1,2021-04-19,2021-04-20,138.87,138.44,-0.4300000000000068,-21.50000000000034,False,-45.00000000000068,non_tom_only
2021-04-21,1,2021-04-20,2021-04-21,139.51,139.53,0.020000000000010232,1.0000000000005116,False,1.0231815394945443e-12,non_tom_only
2021-04-22,1,2021-04-21,2021-04-22,139.79,139.99,0.20000000000001705,10.000000000000853,False,18.000000000001705,non_tom_only
2021-04-23,1,2021-04-22,2021-04-23,140.39999999999998,140.37,-0.029999999999972715,-1.4999999999986358,False,-4.9999999999972715,non_tom_only
2021-04-26,1,2021-04-23,2021-04-26,140.07,140.14000000000001,0.0700000000000216,3.50000000000108,False,5.00000000000216,non_tom_only
2021-04-27,1,2021-04-26,2021-04-27,139.87,139.58,-0.28999999999999204,-14.499999999999602,False,-30.999999999999204,non_tom_only
2021-04-28,1,2021-04-27,2021-04-28,138.64999999999998,138.63,-0.01999999999998181,-0.9999999999990905,False,-3.999999999998181,non_tom_only
2021-04-29,1,2021-04-28,2021-04-29,138.73999999999998,137.44,-1.299999999999983,-64.99999999999915,False,-131.9999999999983,non_tom_only
2021-04-30,1,2021-04-29,2021-04-30,138.32999999999998,138.5,0.17000000000001592,8.500000000000796,False,15.000000000001592,non_tom_only
2021-05-06,1,2021-05-05,2021-05-06,139.7,139.24,-0.45999999999997954,-22.999999999998977,False,-47.999999999997954,non_tom_only
2021-05-07,1,2021-05-06,2021-05-07,139.92999999999998,140.09,0.160000000000025,8.00000000000125,False,14.000000000002501,non_tom_only
2021-05-10,1,2021-05-07,2021-05-10,139.23999999999998,138.94,-0.29999999999998295,-14.999999999999147,False,-31.999999999998295,non_tom_only
2021-05-11,1,2021-05-10,2021-05-11,137.82999999999998,137.22,-0.6099999999999852,-30.49999999999926,False,-62.99999999999852,non_tom_only
2021-05-12,1,2021-05-11,2021-05-12,137.04999999999998,136.66,-0.38999999999998636,-19.499999999999318,False,-40.999999999998636,non_tom_only
2021-05-13,1,2021-05-12,2021-05-13,135.60999999999999,135.92000000000002,0.3100000000000307,15.500000000001535,False,29.00000000000307,non_tom_only
2021-05-14,1,2021-05-13,2021-05-14,135.82,136.52,0.700000000000017,35.00000000000085,False,68.0000000000017,non_tom_only
2021-05-17,1,2021-05-14,2021-05-17,137.09,136.82000000000002,-0.2699999999999818,-13.49999999999909,False,-28.99999999999818,non_tom_only
2021-05-18,1,2021-05-17,2021-05-18,136.79999999999998,136.39000000000001,-0.40999999999996817,-20.49999999999841,False,-42.99999999999682,non_tom_only
2021-05-19,1,2021-05-18,2021-05-19,136.45,136.53,0.0800000000000125,4.000000000000625,False,6.0000000000012506,non_tom_only
2021-05-20,1,2021-05-19,2021-05-20,136.12,136.76000000000002,0.6400000000000148,32.00000000000074,False,62.00000000000148,non_tom_only
2021-05-21,1,2021-05-20,2021-05-21,137.23999999999998,137.65,0.410000000000025,20.50000000000125,False,39.0000000000025,non_tom_only
2021-05-24,1,2021-05-21,2021-05-24,137.67999999999998,137.98000000000002,0.3000000000000398,15.00000000000199,False,28.00000000000398,non_tom_only
2021-05-25,1,2021-05-24,2021-05-25,138.19,138.62,0.4300000000000068,21.50000000000034,False,41.00000000000068,non_tom_only
2021-05-26,1,2021-05-25,2021-05-26,139.47,139.58,0.11000000000001364,5.500000000000682,False,9.000000000001364,non_tom_only
2021-05-27,1,2021-05-26,2021-05-27,139.23,138.51000000000002,-0.7199999999999704,-35.99999999999852,False,-73.99999999999704,non_tom_only
2021-05-28,1,2021-05-27,2021-05-28,138.67,138.57000000000002,-0.0999999999999659,-4.999999999998295,False,-11.99999999999659,non_tom_only
2021-06-04,1,2021-06-03,2021-06-04,138.01999999999998,138.53,0.5100000000000193,25.500000000000966,False,49.00000000000193,non_tom_only
2021-06-07,1,2021-06-04,2021-06-07,139.91,139.58,-0.3299999999999841,-16.499999999999204,False,-34.99999999999841,non_tom_only
2021-06-08,1,2021-06-07,2021-06-08,139.48,140.64000000000001,1.160000000000025,58.00000000000125,False,114.0000000000025,non_tom_only
2021-06-09,1,2021-06-08,2021-06-09,140.45999999999998,141.76000000000002,1.3000000000000398,65.00000000000199,False,128.00000000000398,non_tom_only
2021-06-10,1,2021-06-09,2021-06-10,141.7,140.82000000000002,-0.879999999999967,-43.99999999999835,False,-89.9999999999967,non_tom_only
2021-06-11,1,2021-06-10,2021-06-11,142.54999999999998,142.3,-0.24999999999997158,-12.499999999998579,False,-26.999999999997158,non_tom_only
2021-06-14,1,2021-06-11,2021-06-14,142.32,142.09,-0.22999999999998977,-11.499999999999488,False,-24.999999999998977,non_tom_only
2021-06-15,1,2021-06-14,2021-06-15,141.23,140.79000000000002,-0.4399999999999693,-21.999999999998465,False,-45.99999999999693,non_tom_only
2021-06-16,1,2021-06-15,2021-06-16,141.06,141.39000000000001,0.3300000000000125,16.500000000000625,False,31.00000000000125,non_tom_only
2021-06-17,1,2021-06-16,2021-06-17,140.94,141.85000000000002,0.910000000000025,45.50000000000125,False,89.0000000000025,non_tom_only
2021-06-18,1,2021-06-17,2021-06-18,143.04999999999998,144.27,1.2200000000000273,61.000000000001364,False,120.00000000000273,non_tom_only
2021-06-21,1,2021-06-18,2021-06-21,145.73999999999998,144.38,-1.3599999999999852,-67.99999999999926,False,-137.99999999999852,non_tom_only
2021-06-22,1,2021-06-21,2021-06-22,143.29999999999998,142.16,-1.1399999999999864,-56.99999999999932,False,-115.99999999999864,non_tom_only
2021-06-23,1,2021-06-22,2021-06-23,143.64999999999998,143.12,-0.5299999999999727,-26.499999999998636,False,-54.99999999999727,non_tom_only
2021-06-24,1,2021-06-23,2021-06-24,143.28,143.41,0.12999999999999545,6.499999999999773,False,10.999999999999545,non_tom_only
2021-06-25,1,2021-06-24,2021-06-25,143.51,143.26000000000002,-0.24999999999997158,-12.499999999998579,False,-26.999999999997158,non_tom_only
2021-06-28,1,2021-06-25,2021-06-28,142.01999999999998,142.71,0.6900000000000261,34.50000000000131,False,67.00000000000261,non_tom_only
2021-06-29,1,2021-06-28,2021-06-29,143.48,143.09,-0.38999999999998636,-19.499999999999318,False,-40.999999999998636,non_tom_only
2021-06-30,1,2021-06-29,2021-06-30,143.72,144.24,0.5200000000000102,26.00000000000051,False,50.00000000000102,non_tom_only
2021-07-07,1,2021-07-06,2021-07-07,146.75,147.56,0.8100000000000023,40.500000000000114,False,79.00000000000023,non_tom_only
2021-07-08,1,2021-07-07,2021-07-08,148.04999999999998,148.87,0.8200000000000216,41.00000000000108,False,80.00000000000216,non_tom_only
2021-07-09,1,2021-07-08,2021-07-09,148.63,146.86,-1.7699999999999818,-88.49999999999909,False,-178.99999999999818,non_tom_only
2021-07-12,1,2021-07-09,2021-07-12,146.54,147.08,0.5400000000000205,27.000000000001023,False,52.000000000002046,non_tom_only
2021-07-13,1,2021-07-12,2021-07-13,146.35,146.81,0.46000000000000796,23.000000000000398,False,44.000000000000796,non_tom_only
2021-07-14,1,2021-07-13,2021-07-14,145.23,146.0,0.7700000000000102,38.50000000000051,False,75.00000000000102,non_tom_only
2021-07-15,1,2021-07-14,2021-07-15,146.88,147.94,1.0600000000000023,53.000000000000114,False,104.00000000000023,non_tom_only
2021-07-16,1,2021-07-15,2021-07-16,148.5,147.33,-1.1699999999999875,-58.499999999999375,False,-118.99999999999875,non_tom_only
2021-07-19,1,2021-07-16,2021-07-19,148.22,150.94,2.719999999999999,135.99999999999994,False,269.9999999999999,non_tom_only
2021-07-20,1,2021-07-19,2021-07-20,151.47,152.52,1.0500000000000114,52.50000000000057,False,103.00000000000114,non_tom_only
2021-07-21,1,2021-07-20,2021-07-21,150.01,148.17000000000002,-1.839999999999975,-91.99999999999875,False,-185.9999999999975,non_tom_only
2021-07-22,1,2021-07-21,2021-07-22,148.10999999999999,148.10000000000002,-0.009999999999962483,-0.49999999999812417,False,-2.9999999999962483,non_tom_only
2021-07-23,1,2021-07-22,2021-07-23,149.51,147.93,-1.579999999999984,-78.9999999999992,False,-159.9999999999984,non_tom_only
2021-07-26,1,2021-07-23,2021-07-26,148.51,148.99,0.4800000000000182,24.00000000000091,False,46.00000000000182,non_tom_only
2021-07-27,1,2021-07-26,2021-07-27,148.07,149.33,1.2600000000000193,63.000000000000966,False,124.00000000000193,non_tom_only
2021-07-28,1,2021-07-27,2021-07-28,149.64999999999998,148.66,-0.9899999999999807,-49.499999999999034,False,-100.99999999999807,non_tom_only
2021-07-29,1,2021-07-28,2021-07-29,149.66,148.77,-0.8899999999999864,-44.49999999999932,False,-90.99999999999864,non_tom_only
2021-07-30,1,2021-07-29,2021-07-30,148.82999999999998,149.11,0.28000000000002956,14.000000000001478,False,26.000000000002956,non_tom_only
2021-08-05,1,2021-08-04,2021-08-05,151.07,150.75,-0.3199999999999932,-15.999999999999659,False,-33.99999999999932,non_tom_only
2021-08-06,1,2021-08-05,2021-08-06,150.29999999999998,148.31,-1.9899999999999807,-99.49999999999903,False,-200.99999999999807,non_tom_only
2021-08-09,1,2021-08-06,2021-08-09,147.79,148.14000000000001,0.35000000000002274,17.500000000001137,False,33.000000000002274,non_tom_only
2021-08-10,1,2021-08-09,2021-08-10,147.26,147.48000000000002,0.22000000000002728,11.000000000001364,False,20.00000000000273,non_tom_only
2021-08-11,1,2021-08-10,2021-08-11,146.57999999999998,146.4,-0.1799999999999784,-8.99999999999892,False,-19.99999999999784,non_tom_only
2021-08-12,1,2021-08-11,2021-08-12,146.48999999999998,146.08,-0.40999999999996817,-20.49999999999841,False,-42.99999999999682,non_tom_only
2021-08-13,1,2021-08-12,2021-08-13,146.25,146.82000000000002,0.5700000000000216,28.50000000000108,False,55.00000000000216,non_tom_only
2021-08-16,1,2021-08-13,2021-08-16,148.56,149.18,0.6200000000000045,31.000000000000227,False,60.000000000000455,non_tom_only
2021-08-17,1,2021-08-16,2021-08-17,148.92,148.87,-0.04999999999998295,-2.4999999999991473,False,-6.999999999998295,non_tom_only
2021-08-18,1,2021-08-17,2021-08-18,148.85999999999999,148.70000000000002,-0.15999999999996817,-7.999999999998408,False,-17.999999999996817,non_tom_only
2021-08-19,1,2021-08-18,2021-08-19,149.35999999999999,150.28,0.9200000000000159,46.000000000000796,False,90.00000000000159,non_tom_only
2021-08-20,1,2021-08-19,2021-08-20,150.45999999999998,150.58,0.12000000000003297,6.0000000000016485,False,10.000000000003297,non_tom_only
2021-08-23,1,2021-08-20,2021-08-23,150.56,150.19,-0.37000000000000455,-18.500000000000227,False,-39.000000000000455,non_tom_only
2021-08-24,1,2021-08-23,2021-08-24,150.45999999999998,149.75,-0.7099999999999795,-35.49999999999898,False,-72.99999999999795,non_tom_only
2021-08-25,1,2021-08-24,2021-08-25,149.29,149.20000000000002,-0.08999999999997499,-4.4999999999987494,False,-10.999999999997499,non_tom_only
2021-08-26,1,2021-08-25,2021-08-26,148.04999999999998,147.96,-0.08999999999997499,-4.4999999999987494,False,-10.999999999997499,non_tom_only
2021-08-27,1,2021-08-26,2021-08-27,148.45999999999998,148.56,0.10000000000002274,5.000000000001137,False,8.000000000002274,non_tom_only
2021-08-30,1,2021-08-27,2021-08-30,149.47,148.99,-0.47999999999998977,-23.99999999999949,False,-49.99999999999898,non_tom_only
2021-08-31,1,2021-08-30,2021-08-31,149.85999999999999,149.66,-0.19999999999998863,-9.999999999999432,False,-21.999999999998863,non_tom_only
2021-09-07,1,2021-09-03,2021-09-07,148.19,147.25,-0.9399999999999977,-46.999999999999886,False,-95.99999999999977,non_tom_only
2021-09-08,1,2021-09-07,2021-09-08,146.94,147.65,0.710000000000008,35.5000000000004,False,69.0000000000008,non_tom_only
2021-09-09,1,2021-09-08,2021-09-09,147.94,148.16,0.21999999999999886,10.999999999999943,False,19.999999999999886,non_tom_only
2021-09-10,1,2021-09-09,2021-09-10,149.73,148.89000000000001,-0.839999999999975,-41.99999999999875,False,-85.9999999999975,non_tom_only
2021-09-13,1,2021-09-10,2021-09-13,148.41,149.03,0.6200000000000045,31.000000000000227,False,60.000000000000455,non_tom_only
2021-09-14,1,2021-09-13,2021-09-14,149.31,149.72,0.4099999999999966,20.49999999999983,False,38.99999999999966,non_tom_only
2021-09-15,1,2021-09-14,2021-09-15,151.12,151.20000000000002,0.0800000000000125,4.000000000000625,False,6.0000000000012506,non_tom_only
2021-09-16,1,2021-09-15,2021-09-16,150.59,149.66,-0.9300000000000068,-46.50000000000034,False,-95.00000000000068,non_tom_only
2021-09-17,1,2021-09-16,2021-09-17,149.89999999999998,149.18,-0.7199999999999704,-35.99999999999852,False,-73.99999999999704,non_tom_only
2021-09-20,1,2021-09-17,2021-09-20,149.17999999999998,150.56,1.3800000000000239,69.0000000000012,False,136.0000000000024,non_tom_only
2021-09-21,1,2021-09-20,2021-09-21,151.03,150.70000000000002,-0.3299999999999841,-16.499999999999204,False,-34.99999999999841,non_tom_only
2021-09-22,1,2021-09-21,2021-09-22,150.89999999999998,150.79000000000002,-0.1099999999999568,-5.49999999999784,False,-12.99999999999568,non_tom_only
2021-09-23,1,2021-09-22,2021-09-23,151.79999999999998,150.4,-1.3999999999999773,-69.99999999999886,False,-141.99999999999773,non_tom_only
2021-09-24,1,2021-09-23,2021-09-24,148.37,147.83,-0.539999999999992,-26.999999999999602,False,-55.999999999999204,non_tom_only
2021-09-27,1,2021-09-24,2021-09-27,146.92,146.05,-0.8699999999999761,-43.499999999998806,False,-88.99999999999761,non_tom_only
2021-09-28,1,2021-09-27,2021-09-28,146.38,144.32000000000002,-2.059999999999974,-102.99999999999869,False,-207.99999999999739,non_tom_only
2021-09-29,1,2021-09-28,2021-09-29,144.1,144.79000000000002,0.6900000000000261,34.50000000000131,False,67.00000000000261,non_tom_only
2021-09-30,1,2021-09-29,2021-09-30,144.35,144.09,-0.2599999999999909,-12.999999999999545,False,-27.99999999999909,non_tom_only
2021-10-06,1,2021-10-05,2021-10-06,143.59,144.22,0.6299999999999955,31.499999999999773,False,60.999999999999545,non_tom_only
2021-10-07,1,2021-10-06,2021-10-07,144.39999999999998,143.18,-1.2199999999999704,-60.99999999999852,False,-123.99999999999704,non_tom_only
2021-10-08,1,2021-10-07,2021-10-08,142.89,142.24,-0.6499999999999773,-32.49999999999886,False,-66.99999999999773,non_tom_only
2021-10-11,1,2021-10-08,2021-10-11,141.89,141.59,-0.29999999999998295,-14.999999999999147,False,-31.999999999998295,non_tom_only
2021-10-12,1,2021-10-11,2021-10-12,141.53,142.62,1.0900000000000034,54.50000000000017,False,107.00000000000034,non_tom_only
2021-10-13,1,2021-10-12,2021-10-13,143.95,144.62,0.6700000000000159,33.500000000000796,False,65.00000000000159,non_tom_only
2021-10-14,1,2021-10-13,2021-10-14,145.35,145.36,0.010000000000019327,0.5000000000009663,False,-0.9999999999980673,non_tom_only
2021-10-15,1,2021-10-14,2021-10-15,145.89,144.99,-0.8999999999999773,-44.99999999999886,False,-91.99999999999773,non_tom_only
2021-10-18,1,2021-10-15,2021-10-18,145.04,144.99,-0.04999999999998295,-2.4999999999991473,False,-6.999999999998295,non_tom_only
2021-10-19,1,2021-10-18,2021-10-19,145.72,144.65,-1.0699999999999932,-53.49999999999966,False,-108.99999999999932,non_tom_only
2021-10-20,1,2021-10-19,2021-10-20,143.70999999999998,143.24,-0.46999999999997044,-23.499999999998522,False,-48.999999999997044,non_tom_only
2021-10-21,1,2021-10-20,2021-10-21,142.73999999999998,142.99,0.2500000000000284,12.500000000001421,False,23.000000000002842,non_tom_only
2021-10-22,1,2021-10-21,2021-10-22,142.57,143.44,0.8700000000000045,43.50000000000023,False,85.00000000000045,non_tom_only
2021-10-25,1,2021-10-22,2021-10-25,144.14,143.66,-0.47999999999998977,-23.99999999999949,False,-49.99999999999898,non_tom_only
2021-10-26,1,2021-10-25,2021-10-26,143.92,144.61,0.6900000000000261,34.50000000000131,False,67.00000000000261,non_tom_only
2021-10-27,1,2021-10-26,2021-10-27,145.10999999999999,146.39000000000001,1.2800000000000296,64.00000000000148,False,126.00000000000296,non_tom_only
2021-10-28,1,2021-10-27,2021-10-28,147.75,147.78,0.030000000000001137,1.5000000000000568,False,1.0000000000001137,non_tom_only
2021-10-29,1,2021-10-28,2021-10-29,147.25,146.47,-0.7800000000000011,-39.00000000000006,False,-80.00000000000011,non_tom_only
2021-11-04,1,2021-11-03,2021-11-04,145.57999999999998,145.86,0.28000000000002956,14.000000000001478,False,26.000000000002956,non_tom_only
2021-11-05,1,2021-11-04,2021-11-05,147.10999999999999,148.51000000000002,1.400000000000034,70.0000000000017,False,138.0000000000034,non_tom_only
2021-11-08,1,2021-11-05,2021-11-08,149.31,148.96,-0.3499999999999943,-17.499999999999716,False,-36.99999999999943,non_tom_only
2021-11-09,1,2021-11-08,2021-11-09,149.03,150.79000000000002,1.7600000000000193,88.00000000000097,False,174.00000000000193,non_tom_only
2021-11-10,1,2021-11-09,2021-11-10,150.97,150.82000000000002,-0.14999999999997726,-7.499999999998863,False,-16.999999999997726,non_tom_only
2021-11-11,1,2021-11-10,2021-11-11,148.20999999999998,148.5,0.29000000000002046,14.500000000001023,False,27.000000000002046,non_tom_only
2021-11-12,1,2021-11-11,2021-11-12,147.98999999999998,147.99,2.842170943040401e-14,1.4210854715202004e-12,False,-1.9999999999971578,non_tom_only
2021-11-15,1,2021-11-12,2021-11-15,147.34,146.88,-0.46000000000000796,-23.000000000000398,False,-48.000000000000796,non_tom_only
2021-11-16,1,2021-11-15,2021-11-16,145.48999999999998,145.68,0.19000000000002615,9.500000000001307,False,17.000000000002615,non_tom_only
2021-11-17,1,2021-11-16,2021-11-17,145.12,144.56,-0.5600000000000023,-28.000000000000114,False,-58.00000000000023,non_tom_only
2021-11-18,1,2021-11-17,2021-11-18,146.26999999999998,145.98000000000002,-0.2899999999999636,-14.499999999998181,False,-30.999999999996362,non_tom_only
2021-11-19,1,2021-11-18,2021-11-19,146.82,147.57000000000002,0.7500000000000284,37.50000000000142,False,73.00000000000284,non_tom_only
2021-11-22,1,2021-11-19,2021-11-22,148.37,147.39000000000001,-0.9799999999999898,-48.99999999999949,False,-99.99999999999898,non_tom_only
2021-11-23,1,2021-11-22,2021-11-23,146.63,145.92000000000002,-0.7099999999999795,-35.49999999999898,False,-72.99999999999795,non_tom_only
2021-11-24,1,2021-11-23,2021-11-24,144.51,144.93,0.4200000000000159,21.000000000000796,False,40.00000000000159,non_tom_only
2021-11-26,1,2021-11-24,2021-11-26,146.82999999999998,148.82000000000002,1.9900000000000375,99.50000000000188,False,197.00000000000375,non_tom_only
2021-11-29,1,2021-11-26,2021-11-29,150.54,148.3,-2.2399999999999807,-111.99999999999903,False,-225.99999999999807,non_tom_only
2021-11-30,1,2021-11-29,2021-11-30,149.32999999999998,150.79000000000002,1.4600000000000364,73.00000000000182,False,144.00000000000364,non_tom_only
2021-12-06,1,2021-12-03,2021-12-06,154.35999999999999,154.04000000000002,-0.31999999999996476,-15.999999999998238,False,-33.999999999996476,non_tom_only
2021-12-07,1,2021-12-06,2021-12-07,152.23999999999998,151.71,-0.5299999999999727,-26.499999999998636,False,-54.99999999999727,non_tom_only
2021-12-08,1,2021-12-07,2021-12-08,151.01,150.46,-0.549999999999983,-27.499999999999147,False,-56.999999999998295,non_tom_only
2021-12-09,1,2021-12-08,2021-12-09,148.39999999999998,149.33,0.9300000000000352,46.50000000000176,False,91.00000000000352,non_tom_only
2021-12-10,1,2021-12-09,2021-12-10,149.23,149.91,0.6800000000000068,34.00000000000034,False,66.00000000000068,non_tom_only
2021-12-13,1,2021-12-10,2021-12-13,148.87,150.39000000000001,1.5200000000000102,76.00000000000051,False,150.00000000000102,non_tom_only
2021-12-14,1,2021-12-13,2021-12-14,151.07,150.34,-0.7299999999999898,-36.49999999999949,False,-74.99999999999898,non_tom_only
2021-12-15,1,2021-12-14,2021-12-15,150.70999999999998,149.60000000000002,-1.1099999999999568,-55.49999999999784,False,-112.99999999999568,non_tom_only
2021-12-16,1,2021-12-15,2021-12-16,149.26,148.74,-0.5199999999999818,-25.99999999999909,False,-53.99999999999818,non_tom_only
2021-12-17,1,2021-12-16,2021-12-17,149.14999999999998,150.33,1.1800000000000352,59.00000000000176,False,116.00000000000352,non_tom_only
2021-12-20,1,2021-12-17,2021-12-20,150.84,150.74,-0.09999999999999432,-4.999999999999716,False,-11.999999999999432,non_tom_only
2021-12-21,1,2021-12-20,2021-12-21,149.70999999999998,148.13,-1.579999999999984,-78.9999999999992,False,-159.9999999999984,non_tom_only
2021-12-22,1,2021-12-21,2021-12-22,149.14,149.72,0.5800000000000125,29.000000000000625,False,56.00000000000125,non_tom_only
2021-12-23,1,2021-12-22,2021-12-23,149.82999999999998,149.58,-0.24999999999997158,-12.499999999998579,False,-26.999999999997158,non_tom_only
2021-12-27,1,2021-12-23,2021-12-27,148.53,148.46,-0.06999999999999318,-3.499999999999659,False,-8.999999999999318,non_tom_only
2021-12-28,1,2021-12-27,2021-12-28,148.89,149.58,0.6900000000000261,34.50000000000131,False,67.00000000000261,non_tom_only
2021-12-29,1,2021-12-28,2021-12-29,148.29999999999998,146.91,-1.3899999999999864,-69.49999999999932,False,-140.99999999999864,non_tom_only
2021-12-30,1,2021-12-29,2021-12-30,146.67999999999998,147.24,0.5600000000000307,28.000000000001535,False,54.00000000000307,non_tom_only
2021-12-31,1,2021-12-30,2021-12-31,147.91,147.79000000000002,-0.11999999999997613,-5.999999999998806,False,-13.999999999997613,non_tom_only
2022-01-06,1,2022-01-05,2022-01-06,142.92999999999998,142.59,-0.339999999999975,-16.99999999999875,False,-35.9999999999975,non_tom_only
2022-01-07,1,2022-01-06,2022-01-07,143.29999999999998,143.12,-0.1799999999999784,-8.99999999999892,False,-19.99999999999784,non_tom_only
2022-01-10,1,2022-01-07,2022-01-10,142.26999999999998,141.64000000000001,-0.629999999999967,-31.49999999999835,False,-64.9999999999967,non_tom_only
2022-01-11,1,2022-01-10,2022-01-11,142.62,142.87,0.25,12.5,False,23.0,non_tom_only
2022-01-12,1,2022-01-11,2022-01-12,143.57,143.89000000000001,0.3200000000000216,16.00000000000108,False,30.00000000000216,non_tom_only
2022-01-13,1,2022-01-12,2022-01-13,143.01999999999998,143.38,0.36000000000001364,18.000000000000682,False,34.000000000001364,non_tom_only
2022-01-14,1,2022-01-13,2022-01-14,144.29,143.41,-0.8799999999999955,-43.99999999999977,False,-89.99999999999955,non_tom_only
2022-01-18,1,2022-01-14,2022-01-18,142.10999999999999,140.95000000000002,-1.1599999999999682,-57.99999999999841,False,-117.99999999999682,non_tom_only
2022-01-19,1,2022-01-18,2022-01-19,140.10999999999999,140.52,0.410000000000025,20.50000000000125,False,39.0000000000025,non_tom_only
2022-01-20,1,2022-01-19,2022-01-20,141.07999999999998,141.36,0.28000000000002956,14.000000000001478,False,26.000000000002956,non_tom_only
2022-01-21,1,2022-01-20,2022-01-21,141.95,143.39000000000001,1.4400000000000261,72.00000000000131,False,142.00000000000261,non_tom_only
2022-01-24,1,2022-01-21,2022-01-24,143.64,144.29000000000002,0.6500000000000341,32.500000000001705,False,63.00000000000341,non_tom_only
2022-01-25,1,2022-01-24,2022-01-25,142.45999999999998,143.10000000000002,0.6400000000000432,32.00000000000216,False,62.00000000000432,non_tom_only
2022-01-26,1,2022-01-25,2022-01-26,142.23,142.25,0.020000000000010232,1.0000000000005116,False,1.0231815394945443e-12,non_tom_only
2022-01-27,1,2022-01-26,2022-01-27,140.51,142.4,1.8900000000000148,94.50000000000074,False,187.00000000000148,non_tom_only
2022-01-28,1,2022-01-27,2022-01-28,143.09,142.08,-1.009999999999991,-50.499999999999545,False,-102.99999999999909,non_tom_only
2022-01-31,1,2022-01-28,2022-01-31,143.14,142.17000000000002,-0.9699999999999704,-48.49999999999852,False,-98.99999999999704,non_tom_only
2022-02-04,1,2022-02-03,2022-02-04,141.1,139.84,-1.259999999999991,-62.999999999999545,False,-127.99999999999909,non_tom_only
2022-02-07,1,2022-02-04,2022-02-07,139.01999999999998,138.9,-0.11999999999997613,-5.999999999998806,False,-13.999999999997613,non_tom_only
2022-02-08,1,2022-02-07,2022-02-08,139.10999999999999,138.20000000000002,-0.9099999999999682,-45.49999999999841,False,-92.99999999999682,non_tom_only
2022-02-09,1,2022-02-08,2022-02-09,138.17999999999998,138.71,0.5300000000000296,26.500000000001478,False,51.000000000002956,non_tom_only
2022-02-10,1,2022-02-09,2022-02-10,138.44,137.65,-0.789999999999992,-39.4999999999996,False,-80.9999999999992,non_tom_only
2022-02-11,1,2022-02-10,2022-02-11,136.23999999999998,136.84,0.6000000000000227,30.000000000001137,False,58.000000000002274,non_tom_only
2022-02-14,1,2022-02-11,2022-02-14,138.26,137.12,-1.1399999999999864,-56.99999999999932,False,-115.99999999999864,non_tom_only
2022-02-15,1,2022-02-14,2022-02-15,136.54,135.59,-0.9499999999999886,-47.49999999999943,False,-96.99999999999886,non_tom_only
2022-02-16,1,2022-02-15,2022-02-16,134.98999999999998,135.94,0.950000000000017,47.50000000000085,False,93.0000000000017,non_tom_only
2022-02-17,1,2022-02-16,2022-02-17,135.79,136.44,0.6500000000000057,32.500000000000284,False,63.00000000000057,non_tom_only
2022-02-18,1,2022-02-17,2022-02-18,136.79999999999998,137.51000000000002,0.7100000000000364,35.50000000000182,False,69.00000000000364,non_tom_only
2022-02-22,1,2022-02-18,2022-02-22,138.23999999999998,137.68,-0.5599999999999739,-27.999999999998693,False,-57.999999999997385,non_tom_only
2022-02-23,1,2022-02-22,2022-02-23,138.6,137.67000000000002,-0.9299999999999784,-46.49999999999892,False,-94.99999999999784,non_tom_only
2022-02-24,1,2022-02-23,2022-02-24,136.69,139.08,2.390000000000015,119.50000000000074,False,237.00000000000148,non_tom_only
2022-02-25,1,2022-02-24,2022-02-25,136.78,136.85000000000002,0.0700000000000216,3.50000000000108,False,5.00000000000216,non_tom_only
2022-02-28,1,2022-02-25,2022-02-28,136.88,138.42000000000002,1.5400000000000205,77.00000000000102,False,152.00000000000205,non_tom_only
2022-03-04,1,2022-03-03,2022-03-04,137.87,140.35000000000002,2.480000000000018,124.00000000000091,False,246.00000000000182,non_tom_only
2022-03-07,1,2022-03-04,2022-03-07,140.25,139.11,-1.1399999999999864,-56.99999999999932,False,-115.99999999999864,non_tom_only
2022-03-08,1,2022-03-07,2022-03-08,139.17999999999998,137.5,-1.6799999999999784,-83.99999999999892,False,-169.99999999999784,non_tom_only
2022-03-09,1,2022-03-08,2022-03-09,137.78,137.05,-0.7299999999999898,-36.49999999999949,False,-74.99999999999898,non_tom_only
2022-03-10,1,2022-03-09,2022-03-10,136.42999999999998,134.82000000000002,-1.6099999999999568,-80.49999999999784,False,-162.99999999999568,non_tom_only
2022-03-11,1,2022-03-10,2022-03-11,134.47,134.33,-0.13999999999998636,-6.999999999999318,False,-15.999999999998636,non_tom_only
2022-03-14,1,2022-03-11,2022-03-14,134.92,132.69,-2.2299999999999898,-111.49999999999949,False,-224.99999999999898,non_tom_only
2022-03-15,1,2022-03-14,2022-03-15,131.76999999999998,132.85000000000002,1.080000000000041,54.000000000002046,False,106.00000000000409,non_tom_only
2022-03-16,1,2022-03-15,2022-03-16,131.54,131.82000000000002,0.28000000000002956,14.000000000001478,False,26.000000000002956,non_tom_only
2022-03-17,1,2022-03-16,2022-03-17,132.82999999999998,132.81,-0.01999999999998181,-0.9999999999990905,False,-3.999999999998181,non_tom_only
2022-03-18,1,2022-03-17,2022-03-18,131.84,132.56,0.7199999999999989,35.99999999999994,False,69.99999999999989,non_tom_only
2022-03-21,1,2022-03-18,2022-03-21,133.45,131.27,-2.1799999999999784,-108.99999999999892,False,-219.99999999999784,non_tom_only
2022-03-22,1,2022-03-21,2022-03-22,130.35999999999999,128.94,-1.4199999999999875,-70.99999999999937,False,-143.99999999999875,non_tom_only
2022-03-23,1,2022-03-22,2022-03-23,128.69,129.36,0.6700000000000159,33.500000000000796,False,65.00000000000159,non_tom_only
2022-03-24,1,2022-03-23,2022-03-24,131.51,129.64000000000001,-1.8699999999999761,-93.4999999999988,False,-188.9999999999976,non_tom_only
2022-03-25,1,2022-03-24,2022-03-25,130.48,129.49,-0.9899999999999807,-49.499999999999034,False,-100.99999999999807,non_tom_only
2022-03-28,1,2022-03-25,2022-03-28,128.67,129.38,0.710000000000008,35.5000000000004,False,69.0000000000008,non_tom_only
2022-03-29,1,2022-03-28,2022-03-29,129.76999999999998,130.55,0.7800000000000296,39.00000000000148,False,76.00000000000296,non_tom_only
2022-03-30,1,2022-03-29,2022-03-30,130.75,130.06,-0.6899999999999977,-34.499999999999886,False,-70.99999999999977,non_tom_only
2022-03-31,1,2022-03-30,2022-03-31,131.76999999999998,131.97,0.20000000000001705,10.000000000000853,False,18.000000000001705,non_tom_only
2022-04-06,1,2022-04-05,2022-04-06,128.5,126.42,-2.0799999999999983,-103.99999999999991,False,-209.99999999999983,non_tom_only
2022-04-07,1,2022-04-06,2022-04-07,127.46000000000001,126.1,-1.3600000000000136,-68.00000000000068,False,-138.00000000000136,non_tom_only
2022-04-08,1,2022-04-07,2022-04-08,126.5,125.44,-1.0600000000000023,-53.000000000000114,False,-108.00000000000023,non_tom_only
2022-04-11,1,2022-04-08,2022-04-11,125.13000000000001,123.91,-1.220000000000013,-61.000000000000654,False,-124.00000000000131,non_tom_only
2022-04-12,1,2022-04-11,2022-04-12,123.15,124.03999999999999,0.8899999999999864,44.49999999999932,False,86.99999999999864,non_tom_only
2022-04-13,1,2022-04-12,2022-04-13,122.98,123.03999999999999,0.05999999999998806,2.999999999999403,False,3.9999999999988063,non_tom_only
2022-04-14,1,2022-04-13,2022-04-14,123.23,122.85,-0.38000000000000966,-19.000000000000483,False,-40.000000000000966,non_tom_only
2022-04-18,1,2022-04-14,2022-04-18,120.76,120.86,0.09999999999999432,4.999999999999716,False,7.999999999999432,non_tom_only
2022-04-19,1,2022-04-18,2022-04-19,120.16000000000001,119.14,-1.0200000000000102,-51.00000000000051,False,-104.00000000000102,non_tom_only
2022-04-20,1,2022-04-19,2022-04-20,119.26,120.21,0.9499999999999886,47.49999999999943,False,92.99999999999886,non_tom_only
2022-04-21,1,2022-04-20,2022-04-21,121.66000000000001,120.82,-0.8400000000000176,-42.00000000000088,False,-86.00000000000176,non_tom_only
2022-04-22,1,2022-04-21,2022-04-22,120.76,120.05999999999999,-0.700000000000017,-35.00000000000085,False,-72.0000000000017,non_tom_only
2022-04-25,1,2022-04-22,2022-04-25,120.0,121.36999999999999,1.3699999999999903,68.49999999999952,False,134.99999999999903,non_tom_only
2022-04-26,1,2022-04-25,2022-04-26,121.2,122.42999999999999,1.2299999999999898,61.49999999999949,False,120.99999999999898,non_tom_only
2022-04-27,1,2022-04-26,2022-04-27,122.42,122.17999999999999,-0.2400000000000091,-12.000000000000455,False,-26.00000000000091,non_tom_only
2022-04-28,1,2022-04-27,2022-04-28,120.85000000000001,120.38,-0.4700000000000131,-23.500000000000654,False,-49.00000000000131,non_tom_only
2022-04-29,1,2022-04-28,2022-04-29,121.03,119.3,-1.730000000000004,-86.5000000000002,False,-175.0000000000004,non_tom_only
2022-05-05,1,2022-05-04,2022-05-05,118.63000000000001,116.33999999999999,-2.2900000000000205,-114.50000000000102,False,-231.00000000000205,non_tom_only
2022-05-06,1,2022-05-05,2022-05-06,115.38000000000001,114.11999999999999,-1.2600000000000193,-63.000000000000966,False,-128.00000000000193,non_tom_only
2022-05-09,1,2022-05-06,2022-05-09,113.68,112.85,-0.8300000000000125,-41.500000000000625,False,-85.00000000000125,non_tom_only
2022-05-10,1,2022-05-09,2022-05-10,114.68,115.88,1.1999999999999886,59.99999999999943,False,117.99999999999886,non_tom_only
2022-05-11,1,2022-05-10,2022-05-11,115.72,114.72999999999999,-0.9900000000000091,-49.500000000000455,False,-101.00000000000091,non_tom_only
2022-05-12,1,2022-05-11,2022-05-12,117.95,118.00999999999999,0.05999999999998806,2.999999999999403,False,3.9999999999988063,non_tom_only
2022-05-13,1,2022-05-12,2022-05-13,117.73,116.97,-0.7600000000000051,-38.000000000000256,False,-78.00000000000051,non_tom_only
2022-05-16,1,2022-05-13,2022-05-16,115.99000000000001,116.19999999999999,0.20999999999997954,10.499999999998977,False,18.999999999997954,non_tom_only
2022-05-17,1,2022-05-16,2022-05-17,115.87,114.69999999999999,-1.170000000000016,-58.500000000000796,False,-119.00000000000159,non_tom_only
2022-05-18,1,2022-05-17,2022-05-18,114.47,114.69,0.21999999999999886,10.999999999999943,False,19.999999999999886,non_tom_only
2022-05-19,1,2022-05-18,2022-05-19,116.91000000000001,118.63,1.7199999999999847,85.99999999999923,False,169.99999999999847,non_tom_only
2022-05-20,1,2022-05-19,2022-05-20,117.19000000000001,117.08,-0.11000000000001364,-5.500000000000682,False,-13.000000000001364,non_tom_only
2022-05-23,1,2022-05-20,2022-05-23,118.52000000000001,117.69999999999999,-0.8200000000000216,-41.00000000000108,False,-84.00000000000216,non_tom_only
2022-05-24,1,2022-05-23,2022-05-24,116.57000000000001,117.89,1.3199999999999932,65.99999999999966,False,129.99999999999932,non_tom_only
2022-05-25,1,2022-05-24,2022-05-25,118.87,119.6,0.7299999999999898,36.49999999999949,False,70.99999999999898,non_tom_only
2022-05-26,1,2022-05-25,2022-05-26,119.34,119.00999999999999,-0.3300000000000125,-16.500000000000625,False,-35.00000000000125,non_tom_only
2022-05-27,1,2022-05-26,2022-05-27,118.80000000000001,119.35,0.549999999999983,27.499999999999147,False,52.999999999998295,non_tom_only
2022-05-31,1,2022-05-27,2022-05-31,119.09,117.17,-1.9200000000000017,-96.00000000000009,False,-194.00000000000017,non_tom_only
2022-06-06,1,2022-06-03,2022-06-06,116.04,115.14,-0.9000000000000057,-45.000000000000284,False,-92.00000000000057,non_tom_only
2022-06-07,1,2022-06-06,2022-06-07,113.9,114.6,0.6999999999999886,34.99999999999943,False,67.99999999999886,non_tom_only
2022-06-08,1,2022-06-07,2022-06-08,115.13000000000001,114.67,-0.46000000000000796,-23.000000000000398,False,-48.000000000000796,non_tom_only
2022-06-09,1,2022-06-08,2022-06-09,114.11,113.83,-0.28000000000000114,-14.000000000000057,False,-30.000000000000114,non_tom_only
2022-06-10,1,2022-06-09,2022-06-10,114.49000000000001,114.35,-0.14000000000001478,-7.000000000000739,False,-16.000000000001478,non_tom_only
2022-06-13,1,2022-06-10,2022-06-13,113.78,111.47999999999999,-2.3000000000000114,-115.00000000000057,False,-232.00000000000114,non_tom_only
2022-06-14,1,2022-06-13,2022-06-14,110.21000000000001,110.52,0.30999999999998806,15.499999999999403,False,28.999999999998806,non_tom_only
2022-06-15,1,2022-06-14,2022-06-15,108.82000000000001,110.08,1.259999999999991,62.999999999999545,False,123.99999999999909,non_tom_only
2022-06-16,1,2022-06-15,2022-06-16,110.85000000000001,108.44,-2.410000000000011,-120.50000000000054,False,-243.00000000000108,non_tom_only
2022-06-17,1,2022-06-16,2022-06-17,111.73,112.0,0.269999999999996,13.499999999999801,False,24.999999999999602,non_tom_only
2022-06-21,1,2022-06-17,2022-06-21,112.09,110.07,-2.0200000000000102,-101.00000000000051,False,-204.00000000000102,non_tom_only
2022-06-22,1,2022-06-21,2022-06-22,110.19000000000001,112.67999999999999,2.4899999999999807,124.49999999999903,False,246.99999999999807,non_tom_only
2022-06-23,1,2022-06-22,2022-06-23,113.22,113.89,0.6700000000000017,33.500000000000085,False,65.00000000000017,non_tom_only
2022-06-24,1,2022-06-23,2022-06-24,114.15,113.44,-0.710000000000008,-35.5000000000004,False,-73.0000000000008,non_tom_only
2022-06-27,1,2022-06-24,2022-06-27,112.57000000000001,111.21,-1.3600000000000136,-68.00000000000068,False,-138.00000000000136,non_tom_only
2022-06-28,1,2022-06-27,2022-06-28,111.61,111.28,-0.3299999999999983,-16.499999999999915,False,-34.99999999999983,non_tom_only
2022-06-29,1,2022-06-28,2022-06-29,112.13000000000001,112.36999999999999,0.23999999999998067,11.999999999999034,False,21.999999999998067,non_tom_only
2022-06-30,1,2022-06-29,2022-06-30,113.88000000000001,114.83,0.9499999999999886,47.49999999999943,False,92.99999999999886,non_tom_only
2022-07-07,1,2022-07-06,2022-07-07,114.78,115.08999999999999,0.30999999999998806,15.499999999999403,False,28.999999999998806,non_tom_only
2022-07-08,1,2022-07-07,2022-07-08,113.77000000000001,113.49,-0.28000000000001535,-14.000000000000767,False,-30.000000000001535,non_tom_only
2022-07-11,1,2022-07-08,2022-07-11,112.51,113.78,1.269999999999996,63.4999999999998,False,124.9999999999996,non_tom_only
2022-07-12,1,2022-07-11,2022-07-12,114.45,115.5,1.0499999999999972,52.49999999999986,False,102.99999999999972,non_tom_only
2022-07-13,1,2022-07-12,2022-07-13,115.13000000000001,113.75999999999999,-1.3700000000000188,-68.50000000000094,False,-139.00000000000188,non_tom_only
2022-07-14,1,2022-07-13,2022-07-14,116.45,115.07,-1.3800000000000097,-69.00000000000048,False,-140.00000000000097,non_tom_only
2022-07-15,1,2022-07-14,2022-07-15,115.5,115.83,0.3299999999999983,16.499999999999915,False,30.99999999999983,non_tom_only
2022-07-18,1,2022-07-15,2022-07-18,116.15,115.24,-0.9100000000000108,-45.50000000000054,False,-93.00000000000108,non_tom_only
2022-07-19,1,2022-07-18,2022-07-19,114.94000000000001,114.89999999999999,-0.040000000000020464,-2.000000000001023,False,-6.000000000002046,non_tom_only
2022-07-20,1,2022-07-19,2022-07-20,114.32000000000001,115.47,1.1499999999999915,57.499999999999574,False,112.99999999999915,non_tom_only
2022-07-21,1,2022-07-20,2022-07-21,114.62,115.17999999999999,0.5599999999999881,27.999999999999403,False,53.999999999998806,non_tom_only
2022-07-22,1,2022-07-21,2022-07-22,116.60000000000001,118.28,1.6799999999999926,83.99999999999963,False,165.99999999999926,non_tom_only
2022-07-25,1,2022-07-22,2022-07-25,118.56,116.69999999999999,-1.8600000000000136,-93.00000000000068,False,-188.00000000000136,non_tom_only
2022-07-26,1,2022-07-25,2022-07-26,117.4,118.85,1.4499999999999886,72.49999999999943,False,142.99999999999886,non_tom_only
2022-07-27,1,2022-07-26,2022-07-27,117.49000000000001,118.0,0.5099999999999909,25.499999999999545,False,48.99999999999909,non_tom_only
2022-07-28,1,2022-07-27,2022-07-28,116.83,118.05,1.2199999999999989,60.99999999999994,False,119.99999999999989,non_tom_only
2022-07-29,1,2022-07-28,2022-07-29,117.76,117.69,-0.07000000000000739,-3.5000000000003695,False,-9.000000000000739,non_tom_only
2022-08-04,1,2022-08-03,2022-08-04,119.36,118.97,-0.39000000000000057,-19.50000000000003,False,-41.00000000000006,non_tom_only
2022-08-05,1,2022-08-04,2022-08-05,119.32000000000001,117.05999999999999,-2.2600000000000193,-113.00000000000097,False,-228.00000000000193,non_tom_only
2022-08-08,1,2022-08-05,2022-08-08,116.48,117.63,1.1499999999999915,57.499999999999574,False,112.99999999999915,non_tom_only
2022-08-09,1,2022-08-08,2022-08-09,118.36,117.72,-0.6400000000000006,-32.00000000000003,False,-66.00000000000006,non_tom_only
2022-08-10,1,2022-08-09,2022-08-10,117.9,117.72,-0.18000000000000682,-9.000000000000341,False,-20.000000000000682,non_tom_only
2022-08-11,1,2022-08-10,2022-08-11,117.13000000000001,116.85,-0.28000000000001535,-14.000000000000767,False,-30.000000000001535,non_tom_only
2022-08-12,1,2022-08-11,2022-08-12,114.4,115.08999999999999,0.6899999999999835,34.499999999999176,False,66.99999999999835,non_tom_only
2022-08-15,1,2022-08-12,2022-08-15,115.56,116.32,0.7599999999999909,37.999999999999545,False,73.99999999999909,non_tom_only
2022-08-16,1,2022-08-15,2022-08-16,115.46000000000001,115.24,-0.22000000000001307,-11.000000000000654,False,-24.000000000001307,non_tom_only
2022-08-17,1,2022-08-16,2022-08-17,115.94000000000001,115.05,-0.8900000000000148,-44.50000000000074,False,-91.00000000000148,non_tom_only
2022-08-18,1,2022-08-17,2022-08-18,114.73,114.94999999999999,0.21999999999998465,10.999999999999233,False,19.999999999998465,non_tom_only
2022-08-19,1,2022-08-18,2022-08-19,114.9,113.22,-1.6800000000000068,-84.00000000000034,False,-170.00000000000068,non_tom_only
2022-08-22,1,2022-08-19,2022-08-22,113.05000000000001,112.85,-0.20000000000001705,-10.000000000000853,False,-22.000000000001705,non_tom_only
2022-08-23,1,2022-08-22,2022-08-23,112.67,112.17999999999999,-0.4900000000000091,-24.500000000000455,False,-51.00000000000091,non_tom_only
2022-08-24,1,2022-08-23,2022-08-24,112.05000000000001,111.47,-0.5800000000000125,-29.000000000000625,False,-60.00000000000125,non_tom_only
2022-08-25,1,2022-08-24,2022-08-25,111.23,111.30999999999999,0.07999999999998408,3.999999999999204,False,5.999999999998408,non_tom_only
2022-08-26,1,2022-08-25,2022-08-26,112.78,112.28999999999999,-0.4900000000000091,-24.500000000000455,False,-51.00000000000091,non_tom_only
2022-08-29,1,2022-08-26,2022-08-29,113.63000000000001,112.92999999999999,-0.700000000000017,-35.00000000000085,False,-72.0000000000017,non_tom_only
2022-08-30,1,2022-08-29,2022-08-30,112.69000000000001,112.61,-0.0800000000000125,-4.000000000000625,False,-10.00000000000125,non_tom_only
2022-08-31,1,2022-08-30,2022-08-31,112.97,112.67999999999999,-0.29000000000000625,-14.500000000000313,False,-31.000000000000625,non_tom_only
2022-09-07,1,2022-09-06,2022-09-07,107.5,108.30999999999999,0.8099999999999881,40.4999999999994,False,78.9999999999988,non_tom_only
2022-09-08,1,2022-09-07,2022-09-08,109.2,108.85,-0.3500000000000085,-17.500000000000426,False,-37.00000000000085,non_tom_only
2022-09-09,1,2022-09-08,2022-09-09,108.08,108.32,0.23999999999999488,11.999999999999744,False,21.99999999999949,non_tom_only
2022-09-12,1,2022-09-09,2022-09-12,108.32000000000001,108.61999999999999,0.29999999999998295,14.999999999999147,False,27.999999999998295,non_tom_only
2022-09-13,1,2022-09-12,2022-09-13,107.43,106.55,-0.8800000000000097,-44.00000000000048,False,-90.00000000000097,non_tom_only
2022-09-14,1,2022-09-13,2022-09-14,107.68,107.33,-0.3500000000000085,-17.500000000000426,False,-37.00000000000085,non_tom_only
2022-09-15,1,2022-09-14,2022-09-15,108.05000000000001,107.83999999999999,-0.21000000000002217,-10.500000000001108,False,-23.000000000002217,non_tom_only
2022-09-16,1,2022-09-15,2022-09-16,107.98,107.02,-0.960000000000008,-48.0000000000004,False,-98.0000000000008,non_tom_only
2022-09-19,1,2022-09-16,2022-09-19,107.08,106.94,-0.14000000000000057,-7.000000000000028,False,-16.000000000000057,non_tom_only
2022-09-20,1,2022-09-19,2022-09-20,107.33,105.67999999999999,-1.6500000000000057,-82.50000000000028,False,-167.00000000000057,non_tom_only
2022-09-21,1,2022-09-20,2022-09-21,106.26,106.69,0.4299999999999926,21.49999999999963,False,40.99999999999926,non_tom_only
2022-09-22,1,2022-09-21,2022-09-22,108.04,105.78,-2.260000000000005,-113.00000000000026,False,-228.0000000000005,non_tom_only
2022-09-23,1,2022-09-22,2022-09-23,105.28,105.33999999999999,0.05999999999998806,2.999999999999403,False,3.9999999999988063,non_tom_only
2022-09-26,1,2022-09-23,2022-09-26,105.71000000000001,105.33999999999999,-0.37000000000001876,-18.500000000000938,False,-39.000000000001876,non_tom_only
2022-09-27,1,2022-09-26,2022-09-27,103.69000000000001,102.69999999999999,-0.9900000000000233,-49.500000000001165,False,-101.00000000000233,non_tom_only
2022-09-28,1,2022-09-27,2022-09-28,100.96000000000001,103.11999999999999,2.1599999999999824,107.99999999999912,False,213.99999999999824,non_tom_only
2022-09-29,1,2022-09-28,2022-09-29,104.34,102.89,-1.4500000000000028,-72.50000000000014,False,-147.00000000000028,non_tom_only
2022-09-30,1,2022-09-29,2022-09-30,103.80000000000001,104.25999999999999,0.45999999999997954,22.999999999998977,False,43.999999999997954,non_tom_only
2022-10-06,1,2022-10-05,2022-10-06,102.56,102.58999999999999,0.029999999999986926,1.4999999999993463,False,0.9999999999986926,non_tom_only
2022-10-07,1,2022-10-06,2022-10-07,101.99000000000001,100.8,-1.190000000000012,-59.5000000000006,False,-121.0000000000012,non_tom_only
2022-10-10,1,2022-10-07,2022-10-10,101.0,100.49,-0.5100000000000051,-25.500000000000256,False,-53.00000000000051,non_tom_only
2022-10-11,1,2022-10-10,2022-10-11,99.43,99.72999999999999,0.29999999999998295,14.999999999999147,False,27.999999999998295,non_tom_only
2022-10-12,1,2022-10-11,2022-10-12,99.87,99.27,-0.6000000000000085,-30.000000000000426,False,-62.00000000000085,non_tom_only
2022-10-13,1,2022-10-12,2022-10-13,100.36,98.35,-2.010000000000005,-100.50000000000026,False,-203.0000000000005,non_tom_only
2022-10-14,1,2022-10-13,2022-10-14,99.4,100.17999999999999,0.7799999999999869,38.999999999999346,False,75.99999999999869,non_tom_only
2022-10-17,1,2022-10-14,2022-10-17,98.58,99.28,0.7000000000000028,35.00000000000014,False,68.00000000000028,non_tom_only
2022-10-18,1,2022-10-17,2022-10-18,98.10000000000001,97.94,-0.1600000000000108,-8.00000000000054,False,-18.00000000000108,non_tom_only
2022-10-19,1,2022-10-18,2022-10-19,98.33,97.17999999999999,-1.1500000000000057,-57.500000000000284,False,-117.00000000000057,non_tom_only
2022-10-20,1,2022-10-19,2022-10-20,96.54,95.92,-0.6200000000000045,-31.000000000000227,False,-64.00000000000045,non_tom_only
2022-10-21,1,2022-10-20,2022-10-21,94.89,92.97999999999999,-1.9100000000000108,-95.50000000000054,False,-193.00000000000108,non_tom_only
2022-10-24,1,2022-10-21,2022-10-24,93.18,92.80999999999999,-0.37000000000001876,-18.500000000000938,False,-39.000000000001876,non_tom_only
2022-10-25,1,2022-10-24,2022-10-25,92.41000000000001,94.55999999999999,2.1499999999999773,107.49999999999886,False,212.99999999999773,non_tom_only
2022-10-26,1,2022-10-25,2022-10-26,95.10000000000001,95.75999999999999,0.6599999999999824,32.99999999999912,False,63.99999999999824,non_tom_only
2022-10-27,1,2022-10-26,2022-10-27,96.47,96.97,0.5,25.0,False,48.0,non_tom_only
2022-10-28,1,2022-10-27,2022-10-28,97.48,96.85,-0.6300000000000097,-31.500000000000483,False,-65.00000000000097,non_tom_only
2022-10-31,1,2022-10-28,2022-10-31,96.81,96.33,-0.480000000000004,-24.0000000000002,False,-50.0000000000004,non_tom_only
2022-11-04,1,2022-11-03,2022-11-04,95.84,95.08999999999999,-0.7500000000000142,-37.50000000000071,False,-77.00000000000142,non_tom_only
2022-11-07,1,2022-11-04,2022-11-07,94.23,94.75999999999999,0.5299999999999869,26.499999999999346,False,50.99999999999869,non_tom_only
2022-11-08,1,2022-11-07,2022-11-08,93.29,93.78999999999999,0.4999999999999858,24.99999999999929,False,47.99999999999858,non_tom_only
2022-11-09,1,2022-11-08,2022-11-09,94.31,93.80999999999999,-0.5000000000000142,-25.00000000000071,False,-52.00000000000142,non_tom_only
2022-11-10,1,2022-11-09,2022-11-10,94.62,96.72,2.0999999999999943,104.99999999999972,False,207.99999999999943,non_tom_only
2022-11-11,1,2022-11-10,2022-11-11,98.26,97.55999999999999,-0.700000000000017,-35.00000000000085,False,-72.0000000000017,non_tom_only
2022-11-14,1,2022-11-11,2022-11-14,97.9,97.89999999999999,-1.4210854715202004e-14,-7.105427357601002e-13,False,-2.000000000001421,non_tom_only
2022-11-15,1,2022-11-14,2022-11-15,97.66000000000001,98.24,0.5799999999999841,28.999999999999204,False,55.99999999999841,non_tom_only
2022-11-16,1,2022-11-15,2022-11-16,99.24000000000001,99.97999999999999,0.7399999999999807,36.999999999999034,False,71.99999999999807,non_tom_only
2022-11-17,1,2022-11-16,2022-11-17,101.41000000000001,100.19999999999999,-1.2100000000000222,-60.50000000000111,False,-123.00000000000222,non_tom_only
2022-11-18,1,2022-11-17,2022-11-18,100.34,100.58999999999999,0.2499999999999858,12.49999999999929,False,22.99999999999858,non_tom_only
2022-11-21,1,2022-11-18,2022-11-21,99.65,100.67999999999999,1.029999999999987,51.499999999999346,False,100.99999999999869,non_tom_only
2022-11-22,1,2022-11-21,2022-11-22,100.07000000000001,100.64,0.5699999999999932,28.49999999999966,False,54.99999999999932,non_tom_only
2022-11-23,1,2022-11-22,2022-11-23,101.49000000000001,102.13,0.6399999999999864,31.999999999999318,False,61.999999999998636,non_tom_only
2022-11-25,1,2022-11-23,2022-11-25,103.26,102.6,-0.6600000000000108,-33.00000000000054,False,-68.00000000000108,non_tom_only
2022-11-28,1,2022-11-25,2022-11-28,102.91000000000001,103.6,0.6899999999999835,34.499999999999176,False,66.99999999999835,non_tom_only
2022-11-29,1,2022-11-28,2022-11-29,103.2,102.14,-1.0600000000000023,-53.000000000000114,False,-108.00000000000023,non_tom_only
2022-11-30,1,2022-11-29,2022-11-30,101.99000000000001,101.61,-0.38000000000000966,-19.000000000000483,False,-40.000000000000966,non_tom_only
2022-12-06,1,2022-12-05,2022-12-06,105.60000000000001,106.49,0.8899999999999864,44.49999999999932,False,86.99999999999864,non_tom_only
2022-12-07,1,2022-12-06,2022-12-07,106.96000000000001,108.36,1.3999999999999915,69.99999999999957,False,137.99999999999915,non_tom_only
2022-12-08,1,2022-12-07,2022-12-08,109.48,108.69,-0.7900000000000063,-39.50000000000031,False,-81.00000000000063,non_tom_only
2022-12-09,1,2022-12-08,2022-12-09,109.18,107.92999999999999,-1.2500000000000142,-62.50000000000071,False,-127.00000000000142,non_tom_only
2022-12-12,1,2022-12-09,2022-12-12,106.34,107.85,1.509999999999991,75.49999999999955,False,148.9999999999991,non_tom_only
2022-12-13,1,2022-12-12,2022-12-13,106.68,109.03,2.3499999999999943,117.49999999999972,False,232.99999999999943,non_tom_only
2022-12-14,1,2022-12-13,2022-12-14,107.71000000000001,107.64999999999999,-0.060000000000016485,-3.0000000000008242,False,-8.000000000001648,non_tom_only
2022-12-15,1,2022-12-14,2022-12-15,108.17,108.38,0.20999999999999375,10.499999999999687,False,18.999999999999375,non_tom_only
2022-12-16,1,2022-12-15,2022-12-16,108.33,106.58999999999999,-1.740000000000009,-87.00000000000045,False,-176.0000000000009,non_tom_only
2022-12-19,1,2022-12-16,2022-12-19,107.12,105.82,-1.3000000000000114,-65.00000000000057,False,-132.00000000000114,non_tom_only
2022-12-20,1,2022-12-19,2022-12-20,105.32000000000001,103.36999999999999,-1.950000000000017,-97.50000000000085,False,-197.0000000000017,non_tom_only
2022-12-21,1,2022-12-20,2022-12-21,103.45,104.28,0.8299999999999983,41.499999999999915,False,80.99999999999983,non_tom_only
2022-12-22,1,2022-12-21,2022-12-22,103.71000000000001,103.66,-0.05000000000001137,-2.5000000000005684,False,-7.000000000001137,non_tom_only
2022-12-23,1,2022-12-22,2022-12-23,103.69000000000001,102.57,-1.1200000000000188,-56.00000000000094,False,-114.00000000000188,non_tom_only
2022-12-27,1,2022-12-23,2022-12-27,102.17,100.47999999999999,-1.690000000000012,-84.5000000000006,False,-171.0000000000012,non_tom_only
2022-12-28,1,2022-12-27,2022-12-28,100.15,100.64,0.4899999999999949,24.499999999999744,False,46.99999999999949,non_tom_only
2022-12-29,1,2022-12-28,2022-12-29,99.56,99.85,0.28999999999999204,14.499999999999602,False,26.999999999999204,non_tom_only
2022-12-30,1,2022-12-29,2022-12-30,100.69000000000001,99.86,-0.8300000000000125,-41.500000000000625,False,-85.00000000000125,non_tom_only
2023-01-06,1,2023-01-05,2023-01-06,103.29,102.69,-0.6000000000000085,-30.000000000000426,False,-62.00000000000085,non_tom_only
2023-01-09,1,2023-01-06,2023-01-09,105.19000000000001,104.39999999999999,-0.7900000000000205,-39.50000000000102,False,-81.00000000000205,non_tom_only
2023-01-10,1,2023-01-09,2023-01-10,105.75,104.52,-1.230000000000004,-61.5000000000002,False,-125.0000000000004,non_tom_only
2023-01-11,1,2023-01-10,2023-01-11,104.0,104.96,0.9599999999999937,47.99999999999969,False,93.99999999999937,non_tom_only
2023-01-12,1,2023-01-11,2023-01-12,105.69000000000001,105.80999999999999,0.11999999999997613,5.999999999998806,False,9.999999999997613,non_tom_only
2023-01-13,1,2023-01-12,2023-01-13,107.77000000000001,107.08999999999999,-0.680000000000021,-34.00000000000105,False,-70.0000000000021,non_tom_only
2023-01-17,1,2023-01-13,2023-01-17,106.76,105.66,-1.1000000000000085,-55.000000000000426,False,-112.00000000000085,non_tom_only
2023-01-18,1,2023-01-17,2023-01-18,106.07000000000001,108.44999999999999,2.3799999999999812,118.99999999999906,False,235.99999999999812,non_tom_only
2023-01-19,1,2023-01-18,2023-01-19,108.64,108.08999999999999,-0.5500000000000114,-27.50000000000057,False,-57.00000000000114,non_tom_only
2023-01-20,1,2023-01-19,2023-01-20,107.96000000000001,106.94999999999999,-1.0100000000000193,-50.500000000000966,False,-103.00000000000193,non_tom_only
2023-01-23,1,2023-01-20,2023-01-23,106.21000000000001,105.55999999999999,-0.6500000000000199,-32.500000000000995,False,-67.00000000000199,non_tom_only
2023-01-24,1,2023-01-23,2023-01-24,105.71000000000001,106.11,0.3999999999999915,19.999999999999574,False,37.99999999999915,non_tom_only
2023-01-25,1,2023-01-24,2023-01-25,107.23,107.36,0.12999999999999545,6.499999999999773,False,10.999999999999545,non_tom_only
2023-01-26,1,2023-01-25,2023-01-26,107.49000000000001,107.13,-0.36000000000001364,-18.000000000000682,False,-38.000000000001364,non_tom_only
2023-01-27,1,2023-01-26,2023-01-27,106.99000000000001,106.17999999999999,-0.8100000000000165,-40.500000000000824,False,-83.00000000000165,non_tom_only
2023-01-30,1,2023-01-27,2023-01-30,106.72,106.44999999999999,-0.27000000000001023,-13.500000000000512,False,-29.000000000001023,non_tom_only
2023-01-31,1,2023-01-30,2023-01-31,106.33,106.97,0.6400000000000006,32.00000000000003,False,62.00000000000006,non_tom_only
2023-02-06,1,2023-02-03,2023-02-06,106.71000000000001,105.74,-0.9700000000000131,-48.500000000000654,False,-99.00000000000131,non_tom_only
2023-02-07,1,2023-02-06,2023-02-07,105.92,105.32,-0.6000000000000085,-30.000000000000426,False,-62.00000000000085,non_tom_only
2023-02-08,1,2023-02-07,2023-02-08,105.07000000000001,105.03,-0.04000000000000625,-2.0000000000003126,False,-6.000000000000625,non_tom_only
2023-02-09,1,2023-02-08,2023-02-09,105.57000000000001,106.46,0.8899999999999864,44.49999999999932,False,86.99999999999864,non_tom_only
2023-02-10,1,2023-02-09,2023-02-10,104.57000000000001,104.39,-0.18000000000000682,-9.000000000000341,False,-20.000000000000682,non_tom_only
2023-02-13,1,2023-02-10,2023-02-13,103.4,103.69999999999999,0.29999999999998295,14.999999999999147,False,27.999999999998295,non_tom_only
2023-02-14,1,2023-02-13,2023-02-14,104.27000000000001,104.19,-0.0800000000000125,-4.000000000000625,False,-10.00000000000125,non_tom_only
2023-02-15,1,2023-02-14,2023-02-15,104.03,103.53999999999999,-0.4900000000000091,-24.500000000000455,False,-51.00000000000091,non_tom_only
2023-02-16,1,2023-02-15,2023-02-16,103.06,102.03,-1.0300000000000011,-51.50000000000006,False,-105.00000000000011,non_tom_only
2023-02-17,1,2023-02-16,2023-02-17,101.60000000000001,101.08999999999999,-0.5100000000000193,-25.500000000000966,False,-53.00000000000193,non_tom_only
2023-02-21,1,2023-02-17,2023-02-21,102.39,100.99,-1.4000000000000057,-70.00000000000028,False,-142.00000000000057,non_tom_only
2023-02-22,1,2023-02-21,2023-02-22,100.4,100.97999999999999,0.5799999999999841,28.999999999999204,False,55.99999999999841,non_tom_only
2023-02-23,1,2023-02-22,2023-02-23,101.32000000000001,101.53,0.20999999999999375,10.499999999999687,False,18.999999999999375,non_tom_only
2023-02-24,1,2023-02-23,2023-02-24,102.31,101.42999999999999,-0.8800000000000097,-44.00000000000048,False,-90.00000000000097,non_tom_only
2023-02-27,1,2023-02-24,2023-02-27,100.98,101.28,0.29999999999999716,14.999999999999858,False,27.999999999999716,non_tom_only
2023-02-28,1,2023-02-27,2023-02-28,101.26,100.55999999999999,-0.700000000000017,-35.00000000000085,False,-72.0000000000017,non_tom_only
2023-03-06,1,2023-03-03,2023-03-06,101.9,102.21,0.30999999999998806,15.499999999999403,False,28.999999999998806,non_tom_only
2023-03-07,1,2023-03-06,2023-03-07,101.11,101.44999999999999,0.3399999999999892,16.99999999999946,False,31.99999999999892,non_tom_only
2023-03-08,1,2023-03-07,2023-03-08,101.73,102.39,0.6599999999999966,32.99999999999983,False,63.99999999999966,non_tom_only
2023-03-09,1,2023-03-08,2023-03-09,101.83,101.53999999999999,-0.29000000000000625,-14.500000000000313,False,-31.000000000000625,non_tom_only
2023-03-10,1,2023-03-09,2023-03-10,102.08,104.00999999999999,1.9299999999999926,96.49999999999963,False,190.99999999999926,non_tom_only
2023-03-13,1,2023-03-10,2023-03-13,105.60000000000001,108.19,2.589999999999989,129.49999999999946,False,256.9999999999989,non_tom_only
2023-03-14,1,2023-03-13,2023-03-14,105.84,105.13,-0.710000000000008,-35.5000000000004,False,-73.0000000000008,non_tom_only
2023-03-15,1,2023-03-14,2023-03-15,104.10000000000001,106.77,2.6699999999999875,133.49999999999937,False,264.99999999999875,non_tom_only
2023-03-16,1,2023-03-15,2023-03-16,106.11,107.36999999999999,1.259999999999991,62.999999999999545,False,123.99999999999909,non_tom_only
2023-03-17,1,2023-03-16,2023-03-17,105.28,106.64,1.3599999999999994,67.99999999999997,False,133.99999999999994,non_tom_only
2023-03-20,1,2023-03-17,2023-03-20,106.86,106.86999999999999,0.009999999999990905,0.49999999999954525,False,-1.0000000000009095,non_tom_only
2023-03-21,1,2023-03-20,2023-03-21,105.92,105.07,-0.8500000000000085,-42.500000000000426,False,-87.00000000000085,non_tom_only
2023-03-22,1,2023-03-21,2023-03-22,105.01,104.64999999999999,-0.36000000000001364,-18.000000000000682,False,-38.000000000001364,non_tom_only
2023-03-23,1,2023-03-22,2023-03-23,106.41000000000001,105.35,-1.0600000000000165,-53.000000000000824,False,-108.00000000000165,non_tom_only
2023-03-24,1,2023-03-23,2023-03-24,106.41000000000001,107.08,0.6699999999999875,33.499999999999375,False,64.99999999999875,non_tom_only
2023-03-27,1,2023-03-24,2023-03-27,106.86,105.03999999999999,-1.8200000000000074,-91.00000000000037,False,-184.00000000000074,non_tom_only
2023-03-28,1,2023-03-27,2023-03-28,104.35000000000001,104.22999999999999,-0.12000000000001876,-6.000000000000938,False,-14.000000000001876,non_tom_only
2023-03-29,1,2023-03-28,2023-03-29,104.54,103.69,-0.8500000000000085,-42.500000000000426,False,-87.00000000000085,non_tom_only
2023-03-30,1,2023-03-29,2023-03-30,104.33,104.44999999999999,0.11999999999999034,5.999999999999517,False,9.999999999999034,non_tom_only
2023-03-31,1,2023-03-30,2023-03-31,104.81,105.33999999999999,0.5299999999999869,26.499999999999346,False,50.99999999999869,non_tom_only
2023-04-06,1,2023-04-05,2023-04-06,108.26,108.41,0.14999999999999147,7.499999999999574,False,12.999999999999147,non_tom_only
2023-04-10,1,2023-04-06,2023-04-10,108.54,107.63,-0.9100000000000108,-45.50000000000054,False,-93.00000000000108,non_tom_only
2023-04-11,1,2023-04-10,2023-04-11,106.79,107.03999999999999,0.2499999999999858,12.49999999999929,False,22.99999999999858,non_tom_only
2023-04-12,1,2023-04-11,2023-04-12,107.01,107.03999999999999,0.029999999999986926,1.4999999999993463,False,0.9999999999986926,non_tom_only
2023-04-13,1,2023-04-12,2023-04-13,106.9,107.08,0.1799999999999926,8.99999999999963,False,15.999999999999261,non_tom_only
2023-04-14,1,2023-04-13,2023-04-14,106.06,105.38,-0.6800000000000068,-34.00000000000034,False,-70.00000000000068,non_tom_only
2023-04-17,1,2023-04-14,2023-04-17,105.09,104.41,-0.6800000000000068,-34.00000000000034,False,-70.00000000000068,non_tom_only
2023-04-18,1,2023-04-17,2023-04-18,103.84,103.8,-0.04000000000000625,-2.0000000000003126,False,-6.000000000000625,non_tom_only
2023-04-19,1,2023-04-18,2023-04-19,104.21000000000001,103.89999999999999,-0.3100000000000165,-15.500000000000824,False,-33.00000000000165,non_tom_only
2023-04-20,1,2023-04-19,2023-04-20,104.11,104.82,0.7099999999999937,35.49999999999969,False,68.99999999999937,non_tom_only
2023-04-21,1,2023-04-20,2023-04-21,105.0,105.28999999999999,0.28999999999999204,14.499999999999602,False,26.999999999999204,non_tom_only
2023-04-24,1,2023-04-21,2023-04-24,104.41000000000001,104.94999999999999,0.5399999999999778,26.99999999999889,False,51.99999999999778,non_tom_only
2023-04-25,1,2023-04-24,2023-04-25,105.42,106.33,0.9099999999999966,45.49999999999983,False,88.99999999999966,non_tom_only
2023-04-26,1,2023-04-25,2023-04-26,106.97,106.78,-0.18999999999999773,-9.499999999999886,False,-20.999999999999773,non_tom_only
2023-04-27,1,2023-04-26,2023-04-27,105.83,105.17999999999999,-0.6500000000000057,-32.500000000000284,False,-67.00000000000057,non_tom_only
2023-04-28,1,2023-04-27,2023-04-28,104.78,106.19999999999999,1.4199999999999875,70.99999999999937,False,139.99999999999875,non_tom_only
2023-05-04,1,2023-05-03,2023-05-04,106.30000000000001,105.21,-1.0900000000000176,-54.50000000000088,False,-111.00000000000176,non_tom_only
2023-05-05,1,2023-05-04,2023-05-05,105.25,104.33,-0.9200000000000017,-46.000000000000085,False,-94.00000000000017,non_tom_only
2023-05-08,1,2023-05-05,2023-05-08,104.9,103.50999999999999,-1.3900000000000148,-69.50000000000074,False,-141.00000000000148,non_tom_only
2023-05-09,1,2023-05-08,2023-05-09,103.43,103.49,0.05999999999998806,2.999999999999403,False,3.9999999999988063,non_tom_only
2023-05-10,1,2023-05-09,2023-05-10,103.06,103.66,0.5999999999999943,29.999999999999716,False,57.99999999999943,non_tom_only
2023-05-11,1,2023-05-10,2023-05-11,104.06,105.28999999999999,1.2299999999999898,61.49999999999949,False,120.99999999999898,non_tom_only
2023-05-12,1,2023-05-11,2023-05-12,105.16000000000001,105.03,-0.13000000000000966,-6.500000000000483,False,-15.000000000000966,non_tom_only
2023-05-15,1,2023-05-12,2023-05-15,104.28,103.38,-0.9000000000000057,-45.000000000000284,False,-92.00000000000057,non_tom_only
2023-05-16,1,2023-05-15,2023-05-16,103.2,102.39,-0.8100000000000023,-40.500000000000114,False,-83.00000000000023,non_tom_only
2023-05-17,1,2023-05-16,2023-05-17,102.89,103.07,0.1799999999999926,8.99999999999963,False,15.999999999999261,non_tom_only
2023-05-18,1,2023-05-17,2023-05-18,102.59,102.19,-0.4000000000000057,-20.000000000000284,False,-42.00000000000057,non_tom_only
2023-05-19,1,2023-05-18,2023-05-19,101.83,101.25,-0.5799999999999983,-28.999999999999915,False,-59.99999999999983,non_tom_only
2023-05-22,1,2023-05-19,2023-05-22,101.11,101.24,0.12999999999999545,6.499999999999773,False,10.999999999999545,non_tom_only
2023-05-23,1,2023-05-22,2023-05-23,100.75,100.42,-0.3299999999999983,-16.499999999999915,False,-34.99999999999983,non_tom_only
2023-05-24,1,2023-05-23,2023-05-24,101.04,101.28,0.23999999999999488,11.999999999999744,False,21.99999999999949,non_tom_only
2023-05-25,1,2023-05-24,2023-05-25,100.54,100.69,0.14999999999999147,7.499999999999574,False,12.999999999999147,non_tom_only
2023-05-26,1,2023-05-25,2023-05-26,100.29,100.11,-0.18000000000000682,-9.000000000000341,False,-20.000000000000682,non_tom_only
2023-05-30,1,2023-05-26,2023-05-30,101.10000000000001,101.39,0.28999999999999204,14.499999999999602,False,26.999999999999204,non_tom_only
2023-05-31,1,2023-05-30,2023-05-31,102.11,101.97999999999999,-0.13000000000000966,-6.500000000000483,False,-15.000000000000966,non_tom_only
2023-06-06,1,2023-06-05,2023-06-06,101.81,101.83,0.01999999999999602,0.999999999999801,False,-3.979039320256561e-13,non_tom_only
2023-06-07,1,2023-06-06,2023-06-07,102.41000000000001,102.16,-0.2500000000000142,-12.50000000000071,False,-27.00000000000142,non_tom_only
2023-06-08,1,2023-06-07,2023-06-08,100.89,100.86,-0.030000000000001137,-1.5000000000000568,False,-5.000000000000114,non_tom_only
2023-06-09,1,2023-06-08,2023-06-09,102.07000000000001,101.58999999999999,-0.4800000000000182,-24.00000000000091,False,-50.00000000000182,non_tom_only
2023-06-12,1,2023-06-09,2023-06-12,101.93,102.22999999999999,0.29999999999998295,14.999999999999147,False,27.999999999998295,non_tom_only
2023-06-13,1,2023-06-12,2023-06-13,102.23,102.1,-0.13000000000000966,-6.500000000000483,False,-15.000000000000966,non_tom_only
2023-06-14,1,2023-06-13,2023-06-14,101.22,101.61999999999999,0.3999999999999915,19.999999999999574,False,37.99999999999915,non_tom_only
2023-06-15,1,2023-06-14,2023-06-15,102.03,103.02,0.9899999999999949,49.499999999999744,False,96.99999999999949,non_tom_only
2023-06-16,1,2023-06-15,2023-06-16,103.01,102.42999999999999,-0.5800000000000125,-29.000000000000625,False,-60.00000000000125,non_tom_only
2023-06-20,1,2023-06-16,2023-06-20,102.61,103.1,0.4899999999999949,24.499999999999744,False,46.99999999999949,non_tom_only
2023-06-21,1,2023-06-20,2023-06-21,103.32000000000001,102.8,-0.5200000000000102,-26.00000000000051,False,-54.00000000000102,non_tom_only
2023-06-22,1,2023-06-21,2023-06-22,103.57000000000001,102.78999999999999,-0.7800000000000153,-39.00000000000077,False,-80.00000000000153,non_tom_only
2023-06-23,1,2023-06-22,2023-06-23,102.32000000000001,103.82,1.4999999999999858,74.99999999999929,False,147.99999999999858,non_tom_only
2023-06-26,1,2023-06-23,2023-06-26,103.34,103.61,0.269999999999996,13.499999999999801,False,24.999999999999602,non_tom_only
2023-06-27,1,2023-06-26,2023-06-27,103.45,103.57,0.11999999999999034,5.999999999999517,False,9.999999999999034,non_tom_only
2023-06-28,1,2023-06-27,2023-06-28,103.18,103.39999999999999,0.21999999999998465,10.999999999999233,False,19.999999999998465,non_tom_only
2023-06-29,1,2023-06-28,2023-06-29,103.62,102.16,-1.460000000000008,-73.0000000000004,False,-148.0000000000008,non_tom_only
2023-06-30,1,2023-06-29,2023-06-30,101.75,102.05,0.29999999999999716,14.999999999999858,False,27.999999999999716,non_tom_only
2023-07-07,1,2023-07-06,2023-07-07,99.69000000000001,99.17,-0.5200000000000102,-26.00000000000051,False,-54.00000000000102,non_tom_only
2023-07-10,1,2023-07-07,2023-07-10,99.09,98.85,-0.2400000000000091,-12.000000000000455,False,-26.00000000000091,non_tom_only
2023-07-11,1,2023-07-10,2023-07-11,99.22,99.55999999999999,0.3399999999999892,16.99999999999946,False,31.99999999999892,non_tom_only
2023-07-12,1,2023-07-11,2023-07-12,99.73,100.08999999999999,0.3599999999999852,17.99999999999926,False,33.99999999999852,non_tom_only
2023-07-13,1,2023-07-12,2023-07-13,100.84,101.3,0.45999999999999375,22.999999999999687,False,43.999999999999375,non_tom_only
2023-07-14,1,2023-07-13,2023-07-14,101.9,101.71,-0.19000000000001194,-9.500000000000597,False,-21.000000000001194,non_tom_only
2023-07-17,1,2023-07-14,2023-07-17,101.30000000000001,101.22,-0.0800000000000125,-4.000000000000625,False,-10.00000000000125,non_tom_only
2023-07-18,1,2023-07-17,2023-07-18,101.35000000000001,101.78999999999999,0.4399999999999835,21.999999999999176,False,41.99999999999835,non_tom_only
2023-07-19,1,2023-07-18,2023-07-19,101.81,101.99,0.1799999999999926,8.99999999999963,False,15.999999999999261,non_tom_only
2023-07-20,1,2023-07-19,2023-07-20,102.96000000000001,102.21,-0.7500000000000142,-37.50000000000071,False,-77.00000000000142,non_tom_only
2023-07-21,1,2023-07-20,2023-07-21,101.71000000000001,102.14999999999999,0.4399999999999835,21.999999999999176,False,41.99999999999835,non_tom_only
2023-07-24,1,2023-07-21,2023-07-24,101.74000000000001,101.97,0.22999999999998977,11.499999999999488,False,20.999999999998977,non_tom_only
2023-07-25,1,2023-07-24,2023-07-25,101.37,100.82,-0.5500000000000114,-27.50000000000057,False,-57.00000000000114,non_tom_only
2023-07-26,1,2023-07-25,2023-07-26,101.18,101.67,0.4899999999999949,24.499999999999744,False,46.99999999999949,non_tom_only
2023-07-27,1,2023-07-26,2023-07-27,101.28,100.69999999999999,-0.5800000000000125,-29.000000000000625,False,-60.00000000000125,non_tom_only
2023-07-28,1,2023-07-27,2023-07-28,99.31,99.39,0.0799999999999983,3.9999999999999147,False,5.9999999999998295,non_tom_only
2023-07-31,1,2023-07-28,2023-07-31,99.82000000000001,99.64,-0.18000000000000682,-9.000000000000341,False,-20.000000000000682,non_tom_only
2023-08-04,1,2023-08-03,2023-08-04,94.86,95.14,0.28000000000000114,14.000000000000057,False,26.000000000000114,non_tom_only
2023-08-07,1,2023-08-04,2023-08-07,96.54,96.1,-0.44000000000001194,-22.000000000000597,False,-46.000000000001194,non_tom_only
2023-08-08,1,2023-08-07,2023-08-08,95.59,96.85,1.259999999999991,62.999999999999545,False,123.99999999999909,non_tom_only
2023-08-09,1,2023-08-08,2023-08-09,96.7,96.86999999999999,0.1699999999999875,8.499999999999375,False,14.99999999999875,non_tom_only
2023-08-10,1,2023-08-09,2023-08-10,96.96000000000001,97.03,0.06999999999999318,3.499999999999659,False,4.999999999999318,non_tom_only
2023-08-11,1,2023-08-10,2023-08-11,95.60000000000001,95.28999999999999,-0.3100000000000165,-15.500000000000824,False,-33.00000000000165,non_tom_only
2023-08-14,1,2023-08-11,2023-08-14,95.38000000000001,95.19999999999999,-0.18000000000002103,-9.000000000001052,False,-20.000000000002103,non_tom_only
2023-08-15,1,2023-08-14,2023-08-15,95.17,94.78999999999999,-0.38000000000000966,-19.000000000000483,False,-40.000000000000966,non_tom_only
2023-08-16,1,2023-08-15,2023-08-16,94.59,94.27,-0.3200000000000074,-16.00000000000037,False,-34.00000000000074,non_tom_only
2023-08-17,1,2023-08-16,2023-08-17,93.85000000000001,93.49,-0.36000000000001364,-18.000000000000682,False,-38.000000000001364,non_tom_only
2023-08-18,1,2023-08-17,2023-08-18,93.45,93.42,-0.030000000000001137,-1.5000000000000568,False,-5.000000000000114,non_tom_only
2023-08-21,1,2023-08-18,2023-08-21,93.78,92.64999999999999,-1.1300000000000097,-56.50000000000048,False,-115.00000000000097,non_tom_only
2023-08-22,1,2023-08-21,2023-08-22,92.53,92.63,0.09999999999999432,4.999999999999716,False,7.999999999999432,non_tom_only
2023-08-23,1,2023-08-22,2023-08-23,93.24000000000001,94.28999999999999,1.049999999999983,52.49999999999915,False,102.9999999999983,non_tom_only
2023-08-24,1,2023-08-23,2023-08-24,95.55000000000001,95.11999999999999,-0.43000000000002103,-21.50000000000105,False,-45.0000000000021,non_tom_only
2023-08-25,1,2023-08-24,2023-08-25,94.92,94.64999999999999,-0.27000000000001023,-13.500000000000512,False,-29.000000000001023,non_tom_only
2023-08-28,1,2023-08-25,2023-08-28,95.23,95.64,0.4099999999999966,20.49999999999983,False,38.99999999999966,non_tom_only
2023-08-29,1,2023-08-28,2023-08-29,95.33,94.96,-0.37000000000000455,-18.500000000000227,False,-39.000000000000455,non_tom_only
2023-08-30,1,2023-08-29,2023-08-30,96.32000000000001,96.14999999999999,-0.17000000000001592,-8.500000000000796,False,-19.00000000000159,non_tom_only
2023-08-31,1,2023-08-30,2023-08-31,96.22,96.53,0.3100000000000023,15.500000000000114,False,29.000000000000227,non_tom_only
2023-09-07,1,2023-09-06,2023-09-07,93.76,93.99,0.22999999999998977,11.499999999999488,False,20.999999999998977,non_tom_only
2023-09-08,1,2023-09-07,2023-09-08,94.02000000000001,94.36999999999999,0.3499999999999801,17.499999999999005,False,32.99999999999801,non_tom_only
2023-09-11,1,2023-09-08,2023-09-11,94.38000000000001,93.69,-0.6900000000000119,-34.5000000000006,False,-71.0000000000012,non_tom_only
2023-09-12,1,2023-09-11,2023-09-12,93.7,93.88,0.1799999999999926,8.99999999999963,False,15.999999999999261,non_tom_only
2023-09-13,1,2023-09-12,2023-09-13,94.24000000000001,93.91,-0.3300000000000125,-16.500000000000625,False,-35.00000000000125,non_tom_only
2023-09-14,1,2023-09-13,2023-09-14,94.22,93.92999999999999,-0.29000000000000625,-14.500000000000313,False,-31.000000000000625,non_tom_only
2023-09-15,1,2023-09-14,2023-09-15,93.54,93.44999999999999,-0.09000000000001762,-4.500000000000881,False,-11.000000000001762,non_tom_only
2023-09-18,1,2023-09-15,2023-09-18,92.97,92.83999999999999,-0.13000000000000966,-6.500000000000483,False,-15.000000000000966,non_tom_only
2023-09-19,1,2023-09-18,2023-09-19,93.5,93.07,-0.4300000000000068,-21.50000000000034,False,-45.00000000000068,non_tom_only
2023-09-20,1,2023-09-19,2023-09-20,92.81,93.28,0.46999999999999886,23.499999999999943,False,44.999999999999886,non_tom_only
2023-09-21,1,2023-09-20,2023-09-21,93.10000000000001,91.28,-1.8200000000000074,-91.00000000000037,False,-184.00000000000074,non_tom_only
2023-09-22,1,2023-09-21,2023-09-22,90.71000000000001,90.8,0.0899999999999892,4.49999999999946,False,6.99999999999892,non_tom_only
2023-09-25,1,2023-09-22,2023-09-25,91.44000000000001,89.66,-1.7800000000000153,-89.00000000000077,False,-180.00000000000153,non_tom_only
2023-09-26,1,2023-09-25,2023-09-26,89.19000000000001,89.42,0.22999999999998977,11.499999999999488,False,20.999999999998977,non_tom_only
2023-09-27,1,2023-09-26,2023-09-27,88.88000000000001,89.52,0.6399999999999864,31.999999999999318,False,61.999999999998636,non_tom_only
2023-09-28,1,2023-09-27,2023-09-28,88.42,87.61,-0.8100000000000023,-40.500000000000114,False,-83.00000000000023,non_tom_only
2023-09-29,1,2023-09-28,2023-09-29,88.69000000000001,89.25999999999999,0.569999999999979,28.49999999999895,False,54.9999999999979,non_tom_only
2023-10-05,1,2023-10-04,2023-10-05,86.27000000000001,86.1,-0.17000000000001592,-8.500000000000796,False,-19.00000000000159,non_tom_only
2023-10-06,1,2023-10-05,2023-10-06,85.84,84.19,-1.6500000000000057,-82.50000000000028,False,-167.00000000000057,non_tom_only
2023-10-09,1,2023-10-06,2023-10-09,84.80000000000001,85.49,0.6899999999999835,34.499999999999176,False,66.99999999999835,non_tom_only
2023-10-10,1,2023-10-09,2023-10-10,86.79,85.83999999999999,-0.950000000000017,-47.50000000000085,False,-97.0000000000017,non_tom_only
2023-10-11,1,2023-10-10,2023-10-11,86.67,87.83999999999999,1.1699999999999875,58.499999999999375,False,114.99999999999875,non_tom_only
2023-10-12,1,2023-10-11,2023-10-12,88.48,88.03999999999999,-0.44000000000001194,-22.000000000000597,False,-46.000000000001194,non_tom_only
2023-10-13,1,2023-10-12,2023-10-13,86.08,87.58,1.5,75.0,False,148.0,non_tom_only
2023-10-16,1,2023-10-13,2023-10-16,87.62,86.17999999999999,-1.440000000000012,-72.0000000000006,False,-146.0000000000012,non_tom_only
2023-10-17,1,2023-10-16,2023-10-17,86.21000000000001,84.88,-1.3300000000000125,-66.50000000000063,False,-135.00000000000125,non_tom_only
2023-10-18,1,2023-10-17,2023-10-18,85.26,84.36999999999999,-0.8900000000000148,-44.50000000000074,False,-91.00000000000148,non_tom_only
2023-10-19,1,2023-10-18,2023-10-19,84.51,83.86999999999999,-0.6400000000000148,-32.00000000000074,False,-66.00000000000148,non_tom_only
2023-10-20,1,2023-10-19,2023-10-20,82.78,82.97999999999999,0.19999999999998863,9.999999999999432,False,17.999999999998863,non_tom_only
2023-10-23,1,2023-10-20,2023-10-23,83.25,82.8,-0.45000000000000284,-22.500000000000142,False,-47.000000000000284,non_tom_only
2023-10-24,1,2023-10-23,2023-10-24,84.25,84.42999999999999,0.1799999999999926,8.99999999999963,False,15.999999999999261,non_tom_only
2023-10-25,1,2023-10-24,2023-10-25,85.36,84.00999999999999,-1.3500000000000085,-67.50000000000043,False,-137.00000000000085,non_tom_only
2023-10-26,1,2023-10-25,2023-10-26,83.46000000000001,83.49,0.029999999999986926,1.4999999999993463,False,0.9999999999986926,non_tom_only
2023-10-27,1,2023-10-26,2023-10-27,84.74000000000001,84.17999999999999,-0.5600000000000165,-28.000000000000824,False,-58.00000000000165,non_tom_only
2023-10-30,1,2023-10-27,2023-10-30,84.38000000000001,83.8,-0.5800000000000125,-29.000000000000625,False,-60.00000000000125,non_tom_only
2023-10-31,1,2023-10-30,2023-10-31,84.0,84.36,0.35999999999999943,17.99999999999997,False,33.99999999999994,non_tom_only
2023-11-06,1,2023-11-03,2023-11-06,87.64,87.05999999999999,-0.5800000000000125,-29.000000000000625,False,-60.00000000000125,non_tom_only
2023-11-07,1,2023-11-06,2023-11-07,86.79,87.6,0.8099999999999881,40.4999999999994,False,78.9999999999988,non_tom_only
2023-11-08,1,2023-11-07,2023-11-08,88.07000000000001,88.47,0.3999999999999915,19.999999999999574,False,37.99999999999915,non_tom_only
2023-11-09,1,2023-11-08,2023-11-09,89.57000000000001,88.92999999999999,-0.6400000000000148,-32.00000000000074,False,-66.00000000000148,non_tom_only
2023-11-10,1,2023-11-09,2023-11-10,87.51,88.22,0.7099999999999937,35.49999999999969,False,68.99999999999937,non_tom_only
2023-11-13,1,2023-11-10,2023-11-13,88.0,87.21,-0.7900000000000063,-39.50000000000031,False,-81.00000000000063,non_tom_only
2023-11-14,1,2023-11-13,2023-11-14,87.80000000000001,89.99,2.1899999999999835,109.49999999999918,False,216.99999999999835,non_tom_only
2023-11-15,1,2023-11-14,2023-11-15,89.79,89.0,-0.7900000000000063,-39.50000000000031,False,-81.00000000000063,non_tom_only
2023-11-16,1,2023-11-15,2023-11-16,88.53,89.28999999999999,0.7599999999999909,37.999999999999545,False,73.99999999999909,non_tom_only
2023-11-17,1,2023-11-16,2023-11-17,89.63000000000001,90.17,0.539999999999992,26.999999999999602,False,51.999999999999204,non_tom_only
2023-11-20,1,2023-11-17,2023-11-20,90.05000000000001,89.61,-0.44000000000001194,-22.000000000000597,False,-46.000000000001194,non_tom_only
2023-11-21,1,2023-11-20,2023-11-21,90.60000000000001,90.49,-0.11000000000001364,-5.500000000000682,False,-13.000000000001364,non_tom_only
2023-11-22,1,2023-11-21,2023-11-22,90.56,91.08999999999999,0.5299999999999869,26.499999999999346,False,50.99999999999869,non_tom_only
2023-11-24,1,2023-11-22,2023-11-24,90.88000000000001,90.08999999999999,-0.7900000000000205,-39.50000000000102,False,-81.00000000000205,non_tom_only
2023-11-27,1,2023-11-24,2023-11-27,89.81,90.28999999999999,0.47999999999998977,23.99999999999949,False,45.99999999999898,non_tom_only
2023-11-28,1,2023-11-27,2023-11-28,91.31,90.86999999999999,-0.44000000000001194,-22.000000000000597,False,-46.000000000001194,non_tom_only
2023-11-29,1,2023-11-28,2023-11-29,91.49000000000001,92.1,0.6099999999999852,30.49999999999926,False,58.99999999999852,non_tom_only
2023-11-30,1,2023-11-29,2023-11-30,92.64,91.94999999999999,-0.6900000000000119,-34.5000000000006,False,-71.0000000000012,non_tom_only
2023-12-06,1,2023-12-05,2023-12-06,94.62,95.07,0.44999999999998863,22.49999999999943,False,42.99999999999886,non_tom_only
2023-12-07,1,2023-12-06,2023-12-07,95.88000000000001,95.17,-0.710000000000008,-35.5000000000004,False,-73.0000000000008,non_tom_only
2023-12-08,1,2023-12-07,2023-12-08,95.33,94.41,-0.9200000000000017,-46.000000000000085,False,-94.00000000000017,non_tom_only
2023-12-11,1,2023-12-08,2023-12-11,94.55000000000001,94.0,-0.5500000000000114,-27.50000000000057,False,-57.00000000000114,non_tom_only
2023-12-12,1,2023-12-11,2023-12-12,94.35000000000001,94.14,-0.21000000000000796,-10.500000000000398,False,-23.000000000000796,non_tom_only
2023-12-13,1,2023-12-12,2023-12-13,94.63000000000001,95.16,0.5299999999999869,26.499999999999346,False,50.99999999999869,non_tom_only
2023-12-14,1,2023-12-13,2023-12-14,96.85000000000001,97.64,0.789999999999992,39.4999999999996,False,76.9999999999992,non_tom_only
2023-12-15,1,2023-12-14,2023-12-15,99.05000000000001,98.67999999999999,-0.37000000000001876,-18.500000000000938,False,-39.000000000001876,non_tom_only
2023-12-18,1,2023-12-15,2023-12-18,99.16000000000001,98.44999999999999,-0.7100000000000222,-35.50000000000111,False,-73.00000000000222,non_tom_only
2023-12-19,1,2023-12-18,2023-12-19,98.37,98.85,0.47999999999998977,23.99999999999949,False,45.99999999999898,non_tom_only
2023-12-20,1,2023-12-19,2023-12-20,98.9,99.11,0.20999999999999375,10.499999999999687,False,18.999999999999375,non_tom_only
2023-12-21,1,2023-12-20,2023-12-21,99.57000000000001,99.75,0.1799999999999926,8.99999999999963,False,15.999999999999261,non_tom_only
2023-12-22,1,2023-12-21,2023-12-22,98.94000000000001,99.36,0.4199999999999875,20.999999999999375,False,39.99999999999875,non_tom_only
2023-12-26,1,2023-12-22,2023-12-26,98.49000000000001,98.53,0.03999999999999204,1.999999999999602,False,1.9999999999992042,non_tom_only
2023-12-27,1,2023-12-26,2023-12-27,98.77000000000001,99.77,0.9999999999999858,49.99999999999929,False,97.99999999999858,non_tom_only
2023-12-28,1,2023-12-27,2023-12-28,100.52000000000001,100.07,-0.45000000000001705,-22.500000000000853,False,-47.000000000001705,non_tom_only
2023-12-29,1,2023-12-28,2023-12-29,99.79,99.11999999999999,-0.6700000000000159,-33.500000000000796,False,-69.00000000000159,non_tom_only
2024-01-05,1,2024-01-04,2024-01-05,97.23,96.49,-0.7400000000000091,-37.000000000000455,False,-76.00000000000091,non_tom_only
2024-01-08,1,2024-01-05,2024-01-08,96.30000000000001,96.19999999999999,-0.10000000000002274,-5.000000000001137,False,-12.000000000002274,non_tom_only
2024-01-09,1,2024-01-08,2024-01-09,97.25,96.63,-0.6200000000000045,-31.000000000000227,False,-64.00000000000045,non_tom_only
2024-01-10,1,2024-01-09,2024-01-10,96.63000000000001,96.89,0.2599999999999909,12.999999999999545,False,23.99999999999909,non_tom_only
2024-01-11,1,2024-01-10,2024-01-11,96.18,96.16,-0.020000000000010232,-1.0000000000005116,False,-4.000000000001023,non_tom_only
2024-01-12,1,2024-01-11,2024-01-12,96.72,96.77,0.04999999999999716,2.499999999999858,False,2.999999999999716,non_tom_only
2024-01-16,1,2024-01-12,2024-01-16,96.53,95.61,-0.9200000000000017,-46.000000000000085,False,-94.00000000000017,non_tom_only
2024-01-17,1,2024-01-16,2024-01-17,94.83,94.58,-0.25,-12.5,False,-27.0,non_tom_only
2024-01-18,1,2024-01-17,2024-01-18,94.68,94.44999999999999,-0.2300000000000182,-11.50000000000091,False,-25.00000000000182,non_tom_only
2024-01-19,1,2024-01-18,2024-01-19,93.80000000000001,93.69999999999999,-0.10000000000002274,-5.000000000001137,False,-12.000000000002274,non_tom_only
2024-01-22,1,2024-01-19,2024-01-22,94.10000000000001,94.78999999999999,0.6899999999999835,34.499999999999176,False,66.99999999999835,non_tom_only
2024-01-23,1,2024-01-22,2024-01-23,94.66000000000001,93.88,-0.7800000000000153,-39.00000000000077,False,-80.00000000000153,non_tom_only
2024-01-24,1,2024-01-23,2024-01-24,93.91000000000001,94.52,0.6099999999999852,30.49999999999926,False,58.99999999999852,non_tom_only
2024-01-25,1,2024-01-24,2024-01-25,93.36,93.99,0.6299999999999955,31.499999999999773,False,60.999999999999545,non_tom_only
2024-01-26,1,2024-01-25,2024-01-26,93.97,93.92,-0.04999999999999716,-2.499999999999858,False,-6.999999999999716,non_tom_only
2024-01-29,1,2024-01-26,2024-01-29,93.79,94.28999999999999,0.4999999999999858,24.99999999999929,False,47.99999999999858,non_tom_only
2024-01-30,1,2024-01-29,2024-01-30,94.87,95.47,0.5999999999999943,29.999999999999716,False,57.99999999999943,non_tom_only
2024-01-31,1,2024-01-30,2024-01-31,95.73,96.19999999999999,0.46999999999998465,23.499999999999233,False,44.999999999998465,non_tom_only
2024-02-06,1,2024-02-05,2024-02-06,94.14,94.22,0.0799999999999983,3.9999999999999147,False,5.9999999999998295,non_tom_only
2024-02-07,1,2024-02-06,2024-02-07,95.06,94.55999999999999,-0.5000000000000142,-25.00000000000071,False,-52.00000000000142,non_tom_only
2024-02-08,1,2024-02-07,2024-02-08,94.60000000000001,94.00999999999999,-0.5900000000000176,-29.50000000000088,False,-61.00000000000176,non_tom_only
2024-02-09,1,2024-02-08,2024-02-09,94.05000000000001,93.75,-0.30000000000001137,-15.000000000000568,False,-32.00000000000114,non_tom_only
2024-02-12,1,2024-02-09,2024-02-12,93.86,93.89,0.030000000000001137,1.5000000000000568,False,1.0000000000001137,non_tom_only
2024-02-13,1,2024-02-12,2024-02-13,93.97,92.85,-1.1200000000000045,-56.00000000000023,False,-114.00000000000045,non_tom_only
2024-02-14,1,2024-02-13,2024-02-14,92.36,92.3,-0.060000000000002274,-3.0000000000001137,False,-8.000000000000227,non_tom_only
2024-02-15,1,2024-02-14,2024-02-15,92.83,93.53999999999999,0.7099999999999937,35.49999999999969,False,68.99999999999937,non_tom_only
2024-02-16,1,2024-02-15,2024-02-16,93.31,92.47,-0.8400000000000034,-42.00000000000017,False,-86.00000000000034,non_tom_only
2024-02-20,1,2024-02-16,2024-02-20,92.77000000000001,92.78,0.009999999999990905,0.49999999999954525,False,-1.0000000000009095,non_tom_only
2024-02-21,1,2024-02-20,2024-02-21,92.85000000000001,92.83,-0.020000000000010232,-1.0000000000005116,False,-4.000000000001023,non_tom_only
2024-02-22,1,2024-02-21,2024-02-22,92.19000000000001,92.32,0.12999999999998124,6.499999999999062,False,10.999999999998124,non_tom_only
2024-02-23,1,2024-02-22,2024-02-23,92.64,92.75,0.10999999999999943,5.499999999999972,False,8.999999999999943,non_tom_only
2024-02-26,1,2024-02-23,2024-02-26,93.88000000000001,93.99,0.10999999999998522,5.499999999999261,False,8.999999999998522,non_tom_only
2024-02-27,1,2024-02-26,2024-02-27,93.60000000000001,93.22,-0.38000000000000966,-19.000000000000483,False,-40.000000000000966,non_tom_only
2024-02-28,1,2024-02-27,2024-02-28,92.94000000000001,93.07,0.12999999999998124,6.499999999999062,False,10.999999999998124,non_tom_only
2024-02-29,1,2024-02-28,2024-02-29,93.53,93.80999999999999,0.2799999999999869,13.999999999999346,False,25.999999999998693,non_tom_only
2024-03-06,1,2024-03-05,2024-03-06,95.44000000000001,95.47999999999999,0.03999999999997783,1.9999999999988916,False,1.999999999997783,non_tom_only
2024-03-07,1,2024-03-06,2024-03-07,96.0,96.36,0.35999999999999943,17.99999999999997,False,33.99999999999994,non_tom_only
2024-03-08,1,2024-03-07,2024-03-08,95.91000000000001,95.78999999999999,-0.12000000000001876,-6.000000000000938,False,-14.000000000001876,non_tom_only
2024-03-11,1,2024-03-08,2024-03-11,95.74000000000001,95.94999999999999,0.20999999999997954,10.499999999998977,False,18.999999999997954,non_tom_only
2024-03-12,1,2024-03-11,2024-03-12,95.69000000000001,95.03,-0.6600000000000108,-33.00000000000054,False,-68.00000000000108,non_tom_only
2024-03-13,1,2024-03-12,2024-03-13,94.89,94.49,-0.4000000000000057,-20.000000000000284,False,-42.00000000000057,non_tom_only
2024-03-14,1,2024-03-13,2024-03-14,94.43,93.72,-0.710000000000008,-35.5000000000004,False,-73.0000000000008,non_tom_only
2024-03-15,1,2024-03-14,2024-03-15,92.98,93.05,0.06999999999999318,3.499999999999659,False,4.999999999999318,non_tom_only
2024-03-18,1,2024-03-15,2024-03-18,92.95,92.72,-0.23000000000000398,-11.500000000000199,False,-25.000000000000398,non_tom_only
2024-03-19,1,2024-03-18,2024-03-19,92.67,92.83,0.1599999999999966,7.9999999999998295,False,13.999999999999659,non_tom_only
2024-03-20,1,2024-03-19,2024-03-20,92.93,93.08999999999999,0.15999999999998238,7.999999999999119,False,13.999999999998238,non_tom_only
2024-03-21,1,2024-03-20,2024-03-21,92.9,93.25999999999999,0.3599999999999852,17.99999999999926,False,33.99999999999852,non_tom_only
2024-03-22,1,2024-03-21,2024-03-22,93.10000000000001,94.17999999999999,1.079999999999984,53.999999999999204,False,105.99999999999841,non_tom_only
2024-03-25,1,2024-03-22,2024-03-25,93.99000000000001,93.69999999999999,-0.29000000000002046,-14.500000000001023,False,-31.000000000002046,non_tom_only
2024-03-26,1,2024-03-25,2024-03-26,93.52000000000001,93.5,-0.020000000000010232,-1.0000000000005116,False,-4.000000000001023,non_tom_only
2024-03-27,1,2024-03-26,2024-03-27,93.78,93.97999999999999,0.19999999999998863,9.999999999999432,False,17.999999999998863,non_tom_only
2024-03-28,1,2024-03-27,2024-03-28,94.71000000000001,94.47999999999999,-0.2300000000000182,-11.50000000000091,False,-25.00000000000182,non_tom_only
2024-04-04,1,2024-04-03,2024-04-04,92.03,92.63,0.5999999999999943,29.999999999999716,False,57.99999999999943,non_tom_only
2024-04-05,1,2024-04-04,2024-04-05,92.69000000000001,91.67999999999999,-1.0100000000000193,-50.500000000000966,False,-103.00000000000193,non_tom_only
2024-04-08,1,2024-04-05,2024-04-08,91.4,91.22,-0.18000000000000682,-9.000000000000341,False,-20.000000000000682,non_tom_only
2024-04-09,1,2024-04-08,2024-04-09,91.39,91.85,0.45999999999999375,22.999999999999687,False,43.999999999999375,non_tom_only
2024-04-10,1,2024-04-09,2024-04-10,92.24000000000001,91.19,-1.0500000000000114,-52.50000000000057,False,-107.00000000000114,non_tom_only
2024-04-11,1,2024-04-10,2024-04-11,90.23,90.36999999999999,0.13999999999998636,6.999999999999318,False,11.999999999998636,non_tom_only
2024-04-12,1,2024-04-11,2024-04-12,89.82000000000001,90.63,0.8099999999999881,40.4999999999994,False,78.9999999999988,non_tom_only
2024-04-15,1,2024-04-12,2024-04-15,90.30000000000001,89.21,-1.0900000000000176,-54.50000000000088,False,-111.00000000000176,non_tom_only
2024-04-16,1,2024-04-15,2024-04-16,88.9,88.03999999999999,-0.8600000000000136,-43.00000000000068,False,-88.00000000000136,non_tom_only
2024-04-17,1,2024-04-16,2024-04-17,88.31,88.86,0.5499999999999972,27.499999999999858,False,52.999999999999716,non_tom_only
2024-04-18,1,2024-04-17,2024-04-18,89.29,89.24,-0.05000000000001137,-2.5000000000005684,False,-7.000000000001137,non_tom_only
2024-04-19,1,2024-04-18,2024-04-19,88.84,89.38,0.539999999999992,26.999999999999602,False,51.999999999999204,non_tom_only
2024-04-22,1,2024-04-19,2024-04-22,89.16000000000001,88.67,-0.4900000000000091,-24.500000000000455,False,-51.00000000000091,non_tom_only
2024-04-23,1,2024-04-22,2024-04-23,89.01,88.72,-0.29000000000000625,-14.500000000000313,False,-31.000000000000625,non_tom_only
2024-04-24,1,2024-04-23,2024-04-24,89.04,88.55,-0.4900000000000091,-24.500000000000455,False,-51.00000000000091,non_tom_only
2024-04-25,1,2024-04-24,2024-04-25,88.41000000000001,87.44999999999999,-0.9600000000000222,-48.00000000000111,False,-98.00000000000222,non_tom_only
2024-04-26,1,2024-04-25,2024-04-26,87.79,88.24,0.44999999999998863,22.49999999999943,False,42.99999999999886,non_tom_only
2024-04-29,1,2024-04-26,2024-04-29,88.25,88.66,0.4099999999999966,20.49999999999983,False,38.99999999999966,non_tom_only
2024-04-30,1,2024-04-29,2024-04-30,88.99000000000001,88.41,-0.5800000000000125,-29.000000000000625,False,-60.00000000000125,non_tom_only
2024-05-06,1,2024-05-03,2024-05-06,89.85000000000001,89.85,-1.4210854715202004e-14,-7.105427357601002e-13,False,-2.000000000001421,non_tom_only
2024-05-07,1,2024-05-06,2024-05-07,90.2,90.89,0.6899999999999977,34.499999999999886,False,66.99999999999977,non_tom_only
2024-05-08,1,2024-05-07,2024-05-08,90.75,90.30999999999999,-0.44000000000001194,-22.000000000000597,False,-46.000000000001194,non_tom_only
2024-05-09,1,2024-05-08,2024-05-09,90.2,89.86,-0.3400000000000034,-17.00000000000017,False,-36.00000000000034,non_tom_only
2024-05-10,1,2024-05-09,2024-05-10,90.64,90.27,-0.37000000000000455,-18.500000000000227,False,-39.000000000000455,non_tom_only
2024-05-13,1,2024-05-10,2024-05-13,90.13000000000001,90.53999999999999,0.4099999999999824,20.49999999999912,False,38.99999999999824,non_tom_only
2024-05-14,1,2024-05-13,2024-05-14,90.36,90.64,0.28000000000000114,14.000000000000057,False,26.000000000000114,non_tom_only
2024-05-15,1,2024-05-14,2024-05-15,90.87,91.85,0.9799999999999898,48.99999999999949,False,95.99999999999898,non_tom_only
2024-05-16,1,2024-05-15,2024-05-16,92.11,92.38,0.269999999999996,13.499999999999801,False,24.999999999999602,non_tom_only
2024-05-17,1,2024-05-16,2024-05-17,92.02000000000001,91.61999999999999,-0.4000000000000199,-20.000000000000995,False,-42.00000000000199,non_tom_only
2024-05-20,1,2024-05-17,2024-05-20,91.4,91.07,-0.3300000000000125,-16.500000000000625,False,-35.00000000000125,non_tom_only
2024-05-21,1,2024-05-20,2024-05-21,91.13000000000001,91.71,0.5799999999999841,28.999999999999204,False,55.99999999999841,non_tom_only
2024-05-22,1,2024-05-21,2024-05-22,91.60000000000001,91.25999999999999,-0.3400000000000176,-17.00000000000088,False,-36.00000000000176,non_tom_only
2024-05-23,1,2024-05-22,2024-05-23,91.71000000000001,91.78,0.06999999999999318,3.499999999999659,False,4.999999999999318,non_tom_only
2024-05-24,1,2024-05-23,2024-05-24,91.12,90.96,-0.1600000000000108,-8.00000000000054,False,-18.00000000000108,non_tom_only
2024-05-28,1,2024-05-24,2024-05-28,91.39,91.32,-0.07000000000000739,-3.5000000000003695,False,-9.000000000000739,non_tom_only
2024-05-29,1,2024-05-28,2024-05-29,90.08,89.33,-0.75,-37.5,False,-77.0,non_tom_only
2024-05-30,1,2024-05-29,2024-05-30,88.99000000000001,89.58999999999999,0.5999999999999801,29.999999999999005,False,57.99999999999801,non_tom_only
2024-05-31,1,2024-05-30,2024-05-31,89.85000000000001,90.46,0.6099999999999852,30.49999999999926,False,58.99999999999852,non_tom_only
2024-06-06,1,2024-06-05,2024-06-06,93.36,92.91,-0.45000000000000284,-22.500000000000142,False,-47.000000000000284,non_tom_only
2024-06-07,1,2024-06-06,2024-06-07,93.22,91.82,-1.4000000000000057,-70.00000000000028,False,-142.00000000000057,non_tom_only
2024-06-10,1,2024-06-07,2024-06-10,91.51,90.99,-0.5200000000000102,-26.00000000000051,False,-54.00000000000102,non_tom_only
2024-06-11,1,2024-06-10,2024-06-11,90.9,91.03999999999999,0.13999999999998636,6.999999999999318,False,11.999999999998636,non_tom_only
2024-06-12,1,2024-06-11,2024-06-12,91.84,93.00999999999999,1.1699999999999875,58.499999999999375,False,114.99999999999875,non_tom_only
2024-06-13,1,2024-06-12,2024-06-13,92.53,93.21,0.6799999999999926,33.99999999999963,False,65.99999999999926,non_tom_only
2024-06-14,1,2024-06-13,2024-06-14,93.89,94.41,0.519999999999996,25.9999999999998,False,49.9999999999996,non_tom_only
2024-06-17,1,2024-06-14,2024-06-17,94.68,93.50999999999999,-1.170000000000016,-58.500000000000796,False,-119.00000000000159,non_tom_only
2024-06-18,1,2024-06-17,2024-06-18,93.74000000000001,93.88,0.13999999999998636,6.999999999999318,False,11.999999999998636,non_tom_only
2024-06-20,1,2024-06-18,2024-06-20,94.60000000000001,93.39999999999999,-1.200000000000017,-60.00000000000085,False,-122.0000000000017,non_tom_only
2024-06-21,1,2024-06-20,2024-06-21,93.97,94.22999999999999,0.2599999999999909,12.999999999999545,False,23.99999999999909,non_tom_only
2024-06-24,1,2024-06-21,2024-06-24,93.97,94.03999999999999,0.06999999999999318,3.499999999999659,False,4.999999999999318,non_tom_only
2024-06-25,1,2024-06-24,2024-06-25,94.35000000000001,94.05999999999999,-0.29000000000002046,-14.500000000001023,False,-31.000000000002046,non_tom_only
2024-06-26,1,2024-06-25,2024-06-26,94.51,93.27,-1.240000000000009,-62.000000000000455,False,-126.00000000000091,non_tom_only
2024-06-27,1,2024-06-26,2024-06-27,93.16000000000001,93.50999999999999,0.3499999999999801,17.499999999999005,False,32.99999999999801,non_tom_only
2024-06-28,1,2024-06-27,2024-06-28,93.53,93.69999999999999,0.1699999999999875,8.499999999999375,False,14.99999999999875,non_tom_only
2024-07-05,1,2024-07-03,2024-07-05,91.81,92.25999999999999,0.44999999999998863,22.49999999999943,False,42.99999999999886,non_tom_only
2024-07-08,1,2024-07-05,2024-07-08,92.57000000000001,92.53,-0.04000000000000625,-2.0000000000003126,False,-6.000000000000625,non_tom_only
2024-07-09,1,2024-07-08,2024-07-09,92.77000000000001,92.46,-0.3100000000000165,-15.500000000000824,False,-33.00000000000165,non_tom_only
2024-07-10,1,2024-07-09,2024-07-10,92.36,92.44,0.0799999999999983,3.9999999999999147,False,5.9999999999998295,non_tom_only
2024-07-11,1,2024-07-10,2024-07-11,92.65,93.67,1.019999999999996,50.9999999999998,False,99.9999999999996,non_tom_only
2024-07-12,1,2024-07-11,2024-07-12,93.55000000000001,93.52,-0.030000000000015348,-1.5000000000007674,False,-5.000000000001535,non_tom_only
2024-07-15,1,2024-07-12,2024-07-15,93.95,92.99,-0.960000000000008,-48.0000000000004,False,-98.0000000000008,non_tom_only
2024-07-16,1,2024-07-15,2024-07-16,92.87,93.50999999999999,0.6399999999999864,31.999999999999318,False,61.999999999998636,non_tom_only
2024-07-17,1,2024-07-16,2024-07-17,94.18,93.91,-0.27000000000001023,-13.500000000000512,False,-29.000000000001023,non_tom_only
2024-07-18,1,2024-07-17,2024-07-18,94.2,93.67,-0.5300000000000011,-26.500000000000057,False,-55.000000000000114,non_tom_only
2024-07-19,1,2024-07-18,2024-07-19,93.48,93.03,-0.45000000000000284,-22.500000000000142,False,-47.000000000000284,non_tom_only
2024-07-22,1,2024-07-19,2024-07-22,92.93,93.39,0.45999999999999375,22.999999999999687,False,43.999999999999375,non_tom_only
2024-07-23,1,2024-07-22,2024-07-23,92.66000000000001,92.8,0.13999999999998636,6.999999999999318,False,11.999999999998636,non_tom_only
2024-07-24,1,2024-07-23,2024-07-24,92.53,92.58,0.04999999999999716,2.499999999999858,False,2.999999999999716,non_tom_only
2024-07-25,1,2024-07-24,2024-07-25,91.53,92.00999999999999,0.47999999999998977,23.99999999999949,False,45.99999999999898,non_tom_only
2024-07-26,1,2024-07-25,2024-07-26,92.28,92.94,0.6599999999999966,32.99999999999983,False,63.99999999999966,non_tom_only
2024-07-29,1,2024-07-26,2024-07-29,93.0,93.66,0.6599999999999966,32.99999999999983,False,63.99999999999966,non_tom_only
2024-07-30,1,2024-07-29,2024-07-30,93.5,93.74,0.23999999999999488,11.999999999999744,False,21.99999999999949,non_tom_only
2024-07-31,1,2024-07-30,2024-07-31,93.86,94.52,0.6599999999999966,32.99999999999983,False,63.99999999999966,non_tom_only
2024-08-06,1,2024-08-05,2024-08-06,98.81,98.14999999999999,-0.6600000000000108,-33.00000000000054,False,-68.00000000000108,non_tom_only
2024-08-07,1,2024-08-06,2024-08-07,96.60000000000001,95.94,-0.6600000000000108,-33.00000000000054,False,-68.00000000000108,non_tom_only
2024-08-08,1,2024-08-07,2024-08-08,95.92,95.11,-0.8100000000000023,-40.500000000000114,False,-83.00000000000023,non_tom_only
2024-08-09,1,2024-08-08,2024-08-09,95.33,96.49,1.1599999999999966,57.99999999999983,False,113.99999999999966,non_tom_only
2024-08-12,1,2024-08-09,2024-08-12,96.27000000000001,96.02,-0.2500000000000142,-12.50000000000071,False,-27.00000000000142,non_tom_only
2024-08-13,1,2024-08-12,2024-08-13,96.62,97.28999999999999,0.6699999999999875,33.499999999999375,False,64.99999999999875,non_tom_only
2024-08-14,1,2024-08-13,2024-08-14,97.29,97.55,0.2599999999999909,12.999999999999545,False,23.99999999999909,non_tom_only
2024-08-15,1,2024-08-14,2024-08-15,97.9,96.39999999999999,-1.5000000000000142,-75.00000000000071,False,-152.00000000000142,non_tom_only
2024-08-16,1,2024-08-15,2024-08-16,97.11,97.42999999999999,0.3199999999999932,15.999999999999659,False,29.999999999999318,non_tom_only
2024-08-19,1,2024-08-16,2024-08-19,97.45,97.41,-0.04000000000000625,-2.0000000000003126,False,-6.000000000000625,non_tom_only
2024-08-20,1,2024-08-19,2024-08-20,97.9,98.30999999999999,0.4099999999999824,20.49999999999912,False,38.99999999999824,non_tom_only
2024-08-21,1,2024-08-20,2024-08-21,98.68,98.66,-0.020000000000010232,-1.0000000000005116,False,-4.000000000001023,non_tom_only
2024-08-22,1,2024-08-21,2024-08-22,98.74000000000001,98.22,-0.5200000000000102,-26.00000000000051,False,-54.00000000000102,non_tom_only
2024-08-23,1,2024-08-22,2024-08-23,97.76,98.17999999999999,0.4199999999999875,20.999999999999375,False,39.99999999999875,non_tom_only
2024-08-26,1,2024-08-23,2024-08-26,98.4,98.67999999999999,0.2799999999999869,13.999999999999346,False,25.999999999998693,non_tom_only
2024-08-27,1,2024-08-26,2024-08-27,98.15,97.47999999999999,-0.6700000000000159,-33.500000000000796,False,-69.00000000000159,non_tom_only
2024-08-28,1,2024-08-27,2024-08-28,97.98,98.0,0.01999999999999602,0.999999999999801,False,-3.979039320256561e-13,non_tom_only
2024-08-29,1,2024-08-28,2024-08-29,97.86,97.36,-0.5,-25.0,False,-52.0,non_tom_only
2024-08-30,1,2024-08-29,2024-08-30,97.54,97.67,0.12999999999999545,6.499999999999773,False,10.999999999999545,non_tom_only
2024-09-06,1,2024-09-05,2024-09-06,99.58,99.53999999999999,-0.04000000000000625,-2.0000000000003126,False,-6.000000000000625,non_tom_only
2024-09-09,1,2024-09-06,2024-09-09,99.57000000000001,99.39,-0.18000000000000682,-9.000000000000341,False,-20.000000000000682,non_tom_only
2024-09-10,1,2024-09-09,2024-09-10,100.0,99.86,-0.14000000000000057,-7.000000000000028,False,-16.000000000000057,non_tom_only
2024-09-11,1,2024-09-10,2024-09-11,100.7,100.47,-0.23000000000000398,-11.500000000000199,False,-25.000000000000398,non_tom_only
2024-09-12,1,2024-09-11,2024-09-12,100.62,100.35,-0.27000000000001023,-13.500000000000512,False,-29.000000000001023,non_tom_only
2024-09-13,1,2024-09-12,2024-09-13,100.15,100.44999999999999,0.29999999999998295,14.999999999999147,False,27.999999999998295,non_tom_only
2024-09-16,1,2024-09-13,2024-09-16,100.42,100.61999999999999,0.19999999999998863,9.999999999999432,False,17.999999999998863,non_tom_only
2024-09-17,1,2024-09-16,2024-09-17,101.34,101.46,0.11999999999999034,5.999999999999517,False,9.999999999999034,non_tom_only
2024-09-18,1,2024-09-17,2024-09-18,100.85000000000001,100.22999999999999,-0.6200000000000188,-31.000000000000938,False,-64.00000000000188,non_tom_only
2024-09-19,1,2024-09-18,2024-09-19,99.60000000000001,98.91,-0.6900000000000119,-34.5000000000006,False,-71.0000000000012,non_tom_only
2024-09-20,1,2024-09-19,2024-09-20,99.27000000000001,98.97999999999999,-0.29000000000002046,-14.500000000001023,False,-31.000000000002046,non_tom_only
2024-09-23,1,2024-09-20,2024-09-23,98.89,98.49,-0.4000000000000057,-20.000000000000284,False,-42.00000000000057,non_tom_only
2024-09-24,1,2024-09-23,2024-09-24,98.68,97.99,-0.6900000000000119,-34.5000000000006,False,-71.0000000000012,non_tom_only
2024-09-25,1,2024-09-24,2024-09-25,98.66000000000001,98.25,-0.4100000000000108,-20.50000000000054,False,-43.00000000000108,non_tom_only
2024-09-26,1,2024-09-25,2024-09-26,97.84,98.05999999999999,0.21999999999998465,10.999999999999233,False,19.999999999998465,non_tom_only
2024-09-27,1,2024-09-26,2024-09-27,98.07000000000001,98.53,0.45999999999999375,22.999999999999687,False,43.999999999999375,non_tom_only
2024-09-30,1,2024-09-27,2024-09-30,98.58,98.63,0.04999999999999716,2.499999999999858,False,2.999999999999716,non_tom_only
2024-10-04,1,2024-10-03,2024-10-04,96.75,95.42999999999999,-1.3200000000000074,-66.00000000000037,False,-134.00000000000074,non_tom_only
2024-10-07,1,2024-10-04,2024-10-07,95.56,94.97,-0.5900000000000034,-29.50000000000017,False,-61.00000000000034,non_tom_only
2024-10-08,1,2024-10-07,2024-10-08,94.84,94.38,-0.46000000000000796,-23.000000000000398,False,-48.000000000000796,non_tom_only
2024-10-09,1,2024-10-08,2024-10-09,95.0,94.66,-0.3400000000000034,-17.00000000000017,False,-36.00000000000034,non_tom_only
2024-10-10,1,2024-10-09,2024-10-10,94.46000000000001,93.86999999999999,-0.5900000000000176,-29.50000000000088,False,-61.00000000000176,non_tom_only
2024-10-11,1,2024-10-10,2024-10-11,94.09,93.47,-0.6200000000000045,-31.000000000000227,False,-64.00000000000045,non_tom_only
2024-10-14,1,2024-10-11,2024-10-14,93.71000000000001,93.03,-0.6800000000000068,-34.00000000000034,False,-70.00000000000068,non_tom_only
2024-10-15,1,2024-10-14,2024-10-15,93.78,94.44999999999999,0.6699999999999875,33.499999999999375,False,64.99999999999875,non_tom_only
2024-10-16,1,2024-10-15,2024-10-16,94.92,95.38,0.45999999999999375,22.999999999999687,False,43.999999999999375,non_tom_only
2024-10-17,1,2024-10-16,2024-10-17,95.32000000000001,94.28,-1.0400000000000063,-52.00000000000031,False,-106.00000000000063,non_tom_only
2024-10-18,1,2024-10-17,2024-10-18,93.81,94.03999999999999,0.22999999999998977,11.499999999999488,False,20.999999999998977,non_tom_only
2024-10-21,1,2024-10-18,2024-10-21,93.88000000000001,93.00999999999999,-0.8700000000000188,-43.50000000000094,False,-89.00000000000188,non_tom_only
2024-10-22,1,2024-10-21,2024-10-22,92.24000000000001,92.64,0.3999999999999915,19.999999999999574,False,37.99999999999915,non_tom_only
2024-10-23,1,2024-10-22,2024-10-23,92.33,91.83,-0.5,-25.0,False,-52.0,non_tom_only
2024-10-24,1,2024-10-23,2024-10-24,92.08,92.22,0.14000000000000057,7.000000000000028,False,12.000000000000057,non_tom_only
2024-10-25,1,2024-10-24,2024-10-25,92.67,92.97999999999999,0.30999999999998806,15.499999999999403,False,28.999999999998806,non_tom_only
2024-10-28,1,2024-10-25,2024-10-28,92.15,92.25999999999999,0.10999999999998522,5.499999999999261,False,8.999999999998522,non_tom_only
2024-10-29,1,2024-10-28,2024-10-29,91.9,91.16,-0.7400000000000091,-37.000000000000455,False,-76.00000000000091,non_tom_only
2024-10-30,1,2024-10-29,2024-10-30,92.04,92.83,0.789999999999992,39.4999999999996,False,76.9999999999992,non_tom_only
2024-10-31,1,2024-10-30,2024-10-31,92.31,92.19,-0.12000000000000455,-6.000000000000227,False,-14.000000000000455,non_tom_only
2024-11-06,1,2024-11-05,2024-11-06,92.75,89.61,-3.1400000000000006,-157.00000000000003,False,-316.00000000000006,non_tom_only
2024-11-07,1,2024-11-06,2024-11-07,90.21000000000001,90.74,0.5299999999999869,26.499999999999346,False,50.99999999999869,non_tom_only
2024-11-08,1,2024-11-07,2024-11-08,91.34,91.99,0.6499999999999915,32.499999999999574,False,62.99999999999915,non_tom_only
2024-11-11,1,2024-11-08,2024-11-11,92.5,92.24,-0.2600000000000051,-13.000000000000256,False,-28.00000000000051,non_tom_only
2024-11-12,1,2024-11-11,2024-11-12,92.05000000000001,91.36,-0.6900000000000119,-34.5000000000006,False,-71.0000000000012,non_tom_only
2024-11-13,1,2024-11-12,2024-11-13,90.67,91.5,0.8299999999999983,41.499999999999915,False,80.99999999999983,non_tom_only
2024-11-14,1,2024-11-13,2024-11-14,89.81,90.55,0.7399999999999949,36.999999999999744,False,71.99999999999949,non_tom_only
2024-11-15,1,2024-11-14,2024-11-15,90.33,89.91,-0.4200000000000017,-21.000000000000085,False,-44.00000000000017,non_tom_only
2024-11-18,1,2024-11-15,2024-11-18,90.09,89.64999999999999,-0.44000000000001194,-22.000000000000597,False,-46.000000000001194,non_tom_only
2024-11-19,1,2024-11-18,2024-11-19,90.25,90.80999999999999,0.5599999999999881,27.999999999999403,False,53.999999999998806,non_tom_only
2024-11-20,1,2024-11-19,2024-11-20,90.71000000000001,90.14,-0.5700000000000074,-28.50000000000037,False,-59.00000000000074,non_tom_only
2024-11-21,1,2024-11-20,2024-11-21,90.42,90.44,0.01999999999999602,0.999999999999801,False,-3.979039320256561e-13,non_tom_only
2024-11-22,1,2024-11-21,2024-11-22,90.35000000000001,90.5,0.14999999999999147,7.499999999999574,False,12.999999999999147,non_tom_only
2024-11-25,1,2024-11-22,2024-11-25,90.4,92.19999999999999,1.799999999999983,89.99999999999915,False,177.9999999999983,non_tom_only
2024-11-26,1,2024-11-25,2024-11-26,92.74000000000001,92.14999999999999,-0.5900000000000176,-29.50000000000088,False,-61.00000000000176,non_tom_only
2024-11-27,1,2024-11-26,2024-11-27,92.38000000000001,93.03,0.6499999999999915,32.499999999999574,False,62.99999999999915,non_tom_only
2024-11-29,1,2024-11-27,2024-11-29,93.02000000000001,93.77,0.7499999999999858,37.49999999999929,False,72.99999999999858,non_tom_only
2024-12-05,1,2024-12-04,2024-12-05,94.07000000000001,93.71,-0.36000000000001364,-18.000000000000682,False,-38.000000000001364,non_tom_only
2024-12-06,1,2024-12-05,2024-12-06,94.26,94.71,0.44999999999998863,22.49999999999943,False,42.99999999999886,non_tom_only
2024-12-09,1,2024-12-06,2024-12-09,94.4,93.97999999999999,-0.4200000000000159,-21.000000000000796,False,-44.00000000000159,non_tom_only
2024-12-10,1,2024-12-09,2024-12-10,93.53,93.00999999999999,-0.5200000000000102,-26.00000000000051,False,-54.00000000000102,non_tom_only
2024-12-11,1,2024-12-10,2024-12-11,93.09,93.05999999999999,-0.030000000000015348,-1.5000000000007674,False,-5.000000000001535,non_tom_only
2024-12-12,1,2024-12-11,2024-12-12,92.21000000000001,91.63,-0.5800000000000125,-29.000000000000625,False,-60.00000000000125,non_tom_only
2024-12-13,1,2024-12-12,2024-12-13,91.09,90.78999999999999,-0.30000000000001137,-15.000000000000568,False,-32.00000000000114,non_tom_only
2024-12-16,1,2024-12-13,2024-12-16,90.16000000000001,90.53999999999999,0.37999999999998124,18.999999999999062,False,35.999999999998124,non_tom_only
2024-12-17,1,2024-12-16,2024-12-17,90.43,90.50999999999999,0.07999999999998408,3.999999999999204,False,5.999999999998408,non_tom_only
2024-12-18,1,2024-12-17,2024-12-18,90.65,89.97,-0.6800000000000068,-34.00000000000034,False,-70.00000000000068,non_tom_only
2024-12-19,1,2024-12-18,2024-12-19,89.17,88.05999999999999,-1.1100000000000136,-55.50000000000068,False,-113.00000000000136,non_tom_only
2024-12-20,1,2024-12-19,2024-12-20,87.82000000000001,88.52,0.6999999999999886,34.99999999999943,False,67.99999999999886,non_tom_only
2024-12-23,1,2024-12-20,2024-12-23,88.32000000000001,88.14999999999999,-0.17000000000001592,-8.500000000000796,False,-19.00000000000159,non_tom_only
2024-12-24,1,2024-12-23,2024-12-24,87.51,87.03,-0.480000000000004,-24.0000000000002,False,-50.0000000000004,non_tom_only
2024-12-26,1,2024-12-24,2024-12-26,87.88000000000001,87.19999999999999,-0.680000000000021,-34.00000000000105,False,-70.0000000000021,non_tom_only
2024-12-27,1,2024-12-26,2024-12-27,87.83,87.47,-0.35999999999999943,-17.99999999999997,False,-37.99999999999994,non_tom_only
2024-12-30,1,2024-12-27,2024-12-30,87.11,87.82,0.7099999999999937,35.49999999999969,False,68.99999999999937,non_tom_only
2024-12-31,1,2024-12-30,2024-12-31,87.81,88.11,0.29999999999999716,14.999999999999858,False,27.999999999999716,non_tom_only
2025-01-07,1,2025-01-06,2025-01-07,86.91000000000001,86.58999999999999,-0.3200000000000216,-16.00000000000108,False,-34.00000000000216,non_tom_only
2025-01-08,1,2025-01-07,2025-01-08,85.93,85.46,-0.4700000000000131,-23.500000000000654,False,-49.00000000000131,non_tom_only
2025-01-10,1,2025-01-08,2025-01-10,86.04,85.25999999999999,-0.7800000000000153,-39.00000000000077,False,-80.00000000000153,non_tom_only
2025-01-13,1,2025-01-10,2025-01-13,85.47,85.52,0.04999999999999716,2.499999999999858,False,2.999999999999716,non_tom_only
2025-01-14,1,2025-01-13,2025-01-14,85.44000000000001,85.22,-0.22000000000001307,-11.000000000000654,False,-24.000000000001307,non_tom_only
2025-01-15,1,2025-01-14,2025-01-15,85.30000000000001,86.67999999999999,1.3799999999999812,68.99999999999906,False,135.99999999999812,non_tom_only
2025-01-16,1,2025-01-15,2025-01-16,86.77000000000001,86.63,-0.14000000000001478,-7.000000000000739,False,-16.000000000001478,non_tom_only
2025-01-17,1,2025-01-16,2025-01-17,87.05000000000001,87.42999999999999,0.37999999999998124,18.999999999999062,False,35.999999999998124,non_tom_only
2025-01-21,1,2025-01-17,2025-01-21,87.2,87.88,0.6799999999999926,33.99999999999963,False,65.99999999999926,non_tom_only
2025-01-22,1,2025-01-21,2025-01-22,87.98,87.86,-0.12000000000000455,-6.000000000000227,False,-14.000000000000455,non_tom_only
2025-01-23,1,2025-01-22,2025-01-23,87.52000000000001,86.63,-0.8900000000000148,-44.50000000000074,False,-91.00000000000148,non_tom_only
2025-01-24,1,2025-01-23,2025-01-24,86.84,86.71,-0.13000000000000966,-6.500000000000483,False,-15.000000000000966,non_tom_only
2025-01-27,1,2025-01-24,2025-01-27,87.23,88.14999999999999,0.9199999999999875,45.999999999999375,False,89.99999999999875,non_tom_only
2025-01-28,1,2025-01-27,2025-01-28,88.26,87.83,-0.4300000000000068,-21.50000000000034,False,-45.00000000000068,non_tom_only
2025-01-29,1,2025-01-28,2025-01-29,88.2,88.42,0.21999999999999886,10.999999999999943,False,19.999999999999886,non_tom_only
2025-01-30,1,2025-01-29,2025-01-30,88.02000000000001,88.39999999999999,0.37999999999998124,18.999999999999062,False,35.999999999998124,non_tom_only
2025-01-31,1,2025-01-30,2025-01-31,88.35000000000001,88.36999999999999,0.01999999999998181,0.9999999999990905,False,-1.8189894035458565e-12,non_tom_only
2025-02-06,1,2025-02-05,2025-02-06,89.9,89.85,-0.05000000000001137,-2.5000000000005684,False,-7.000000000001137,non_tom_only
2025-02-07,1,2025-02-06,2025-02-07,89.86,89.22999999999999,-0.6300000000000097,-31.500000000000483,False,-65.00000000000097,non_tom_only
2025-02-10,1,2025-02-07,2025-02-10,89.28,89.25,-0.030000000000001137,-1.5000000000000568,False,-5.000000000000114,non_tom_only
2025-02-11,1,2025-02-10,2025-02-11,89.01,88.52,-0.4900000000000091,-24.500000000000455,False,-51.00000000000091,non_tom_only
2025-02-12,1,2025-02-11,2025-02-12,88.44000000000001,87.28,-1.1600000000000108,-58.00000000000054,False,-118.00000000000108,non_tom_only
2025-02-13,1,2025-02-12,2025-02-13,87.24000000000001,88.08,0.8399999999999892,41.99999999999946,False,81.99999999999892,non_tom_only
2025-02-14,1,2025-02-13,2025-02-14,88.69000000000001,89.36999999999999,0.6799999999999784,33.99999999999892,False,65.99999999999784,non_tom_only
2025-02-18,1,2025-02-14,2025-02-18,89.16000000000001,88.52,-0.6400000000000148,-32.00000000000074,False,-66.00000000000148,non_tom_only
2025-02-19,1,2025-02-18,2025-02-19,88.11,87.94,-0.1700000000000017,-8.500000000000085,False,-19.00000000000017,non_tom_only
2025-02-20,1,2025-02-19,2025-02-20,88.22,88.44,0.21999999999999886,10.999999999999943,False,19.999999999999886,non_tom_only
2025-02-21,1,2025-02-20,2025-02-21,88.55000000000001,88.86,0.30999999999998806,15.499999999999403,False,28.999999999998806,non_tom_only
2025-02-24,1,2025-02-21,2025-02-24,89.62,89.33,-0.29000000000000625,-14.500000000000313,False,-31.000000000000625,non_tom_only
2025-02-25,1,2025-02-24,2025-02-25,89.88000000000001,90.96,1.079999999999984,53.999999999999204,False,105.99999999999841,non_tom_only
2025-02-26,1,2025-02-25,2025-02-26,91.43,91.41,-0.020000000000010232,-1.0000000000005116,False,-4.000000000001023,non_tom_only
2025-02-27,1,2025-02-26,2025-02-27,91.97,91.28999999999999,-0.6800000000000068,-34.00000000000034,False,-70.00000000000068,non_tom_only
2025-02-28,1,2025-02-27,2025-02-28,91.32000000000001,91.85,0.5299999999999869,26.499999999999346,False,50.99999999999869,non_tom_only
2025-03-06,1,2025-03-05,2025-03-06,90.71000000000001,90.47,-0.2400000000000091,-12.000000000000455,False,-26.00000000000091,non_tom_only
2025-03-07,1,2025-03-06,2025-03-07,90.41000000000001,91.13,0.7199999999999847,35.99999999999923,False,69.99999999999847,non_tom_only
2025-03-10,1,2025-03-07,2025-03-10,90.12,91.07,0.9499999999999886,47.49999999999943,False,92.99999999999886,non_tom_only
2025-03-11,1,2025-03-10,2025-03-11,91.06,90.97,-0.09000000000000341,-4.5000000000001705,False,-11.000000000000341,non_tom_only
2025-03-12,1,2025-03-11,2025-03-12,90.41000000000001,89.99,-0.4200000000000159,-21.000000000000796,False,-44.00000000000159,non_tom_only
2025-03-13,1,2025-03-12,2025-03-13,89.87,89.57,-0.30000000000001137,-15.000000000000568,False,-32.00000000000114,non_tom_only
2025-03-14,1,2025-03-13,2025-03-14,90.66000000000001,90.0,-0.6600000000000108,-33.00000000000054,False,-68.00000000000108,non_tom_only
2025-03-17,1,2025-03-14,2025-03-17,90.18,90.78999999999999,0.6099999999999852,30.49999999999926,False,58.99999999999852,non_tom_only
2025-03-18,1,2025-03-17,2025-03-18,90.63000000000001,90.13,-0.5000000000000142,-25.00000000000071,False,-52.00000000000142,non_tom_only
2025-03-19,1,2025-03-18,2025-03-19,90.72,90.67,-0.04999999999999716,-2.499999999999858,False,-6.999999999999716,non_tom_only
2025-03-20,1,2025-03-19,2025-03-20,91.19000000000001,92.19,0.9999999999999858,49.99999999999929,False,97.99999999999858,non_tom_only
2025-03-21,1,2025-03-20,2025-03-21,91.25,91.32,0.06999999999999318,3.499999999999659,False,4.999999999999318,non_tom_only
2025-03-24,1,2025-03-21,2025-03-24,90.71000000000001,90.19,-0.5200000000000102,-26.00000000000051,False,-54.00000000000102,non_tom_only
2025-03-25,1,2025-03-24,2025-03-25,89.78,89.55999999999999,-0.22000000000001307,-11.000000000000654,False,-24.000000000001307,non_tom_only
2025-03-26,1,2025-03-25,2025-03-26,89.77000000000001,89.38,-0.3900000000000148,-19.50000000000074,False,-41.00000000000148,non_tom_only
2025-03-27,1,2025-03-26,2025-03-27,89.18,88.83999999999999,-0.3400000000000176,-17.00000000000088,False,-36.00000000000176,non_tom_only
2025-03-28,1,2025-03-27,2025-03-28,88.92,89.86999999999999,0.9499999999999886,47.49999999999943,False,92.99999999999886,non_tom_only
2025-03-31,1,2025-03-28,2025-03-31,90.15,91.22,1.0699999999999932,53.49999999999966,False,104.99999999999932,non_tom_only
2025-04-04,1,2025-04-03,2025-04-04,91.86,93.64,1.7800000000000011,89.00000000000006,False,176.0000000000001,non_tom_only
2025-04-07,1,2025-04-04,2025-04-07,92.86,91.85,-1.0100000000000051,-50.500000000000256,False,-103.00000000000051,non_tom_only
2025-04-08,1,2025-04-07,2025-04-08,90.06,89.27,-0.7900000000000063,-39.50000000000031,False,-81.00000000000063,non_tom_only
2025-04-09,1,2025-04-08,2025-04-09,88.36,87.27,-1.0900000000000034,-54.50000000000017,False,-111.00000000000034,non_tom_only
2025-04-10,1,2025-04-09,2025-04-10,88.88000000000001,87.74,-1.1400000000000148,-57.00000000000074,False,-116.00000000000148,non_tom_only
2025-04-11,1,2025-04-10,2025-04-11,86.43,85.86,-0.5700000000000074,-28.50000000000037,False,-59.00000000000074,non_tom_only
2025-04-14,1,2025-04-11,2025-04-14,86.9,87.39,0.4899999999999949,24.499999999999744,False,46.99999999999949,non_tom_only
2025-04-15,1,2025-04-14,2025-04-15,87.52000000000001,87.14,-0.38000000000000966,-19.000000000000483,False,-40.000000000000966,non_tom_only
2025-04-16,1,2025-04-15,2025-04-16,87.83,87.78999999999999,-0.04000000000000625,-2.0000000000003126,False,-6.000000000000625,non_tom_only
2025-04-17,1,2025-04-16,2025-04-17,88.32000000000001,88.03,-0.29000000000000625,-14.500000000000313,False,-31.000000000000625,non_tom_only
2025-04-21,1,2025-04-17,2025-04-21,87.54,86.6,-0.9400000000000119,-47.0000000000006,False,-96.0000000000012,non_tom_only
2025-04-22,1,2025-04-21,2025-04-22,86.01,86.80999999999999,0.799999999999983,39.99999999999915,False,77.9999999999983,non_tom_only
2025-04-23,1,2025-04-22,2025-04-23,86.49000000000001,88.86999999999999,2.3799999999999812,118.99999999999906,False,235.99999999999812,non_tom_only
2025-04-24,1,2025-04-23,2025-04-24,87.33,88.02,0.6899999999999977,34.499999999999886,False,66.99999999999977,non_tom_only
2025-04-25,1,2025-04-24,2025-04-25,88.25,88.91,0.6599999999999966,32.99999999999983,False,63.99999999999966,non_tom_only
2025-04-28,1,2025-04-25,2025-04-28,88.9,88.64999999999999,-0.2500000000000142,-12.50000000000071,False,-27.00000000000142,non_tom_only
2025-04-29,1,2025-04-28,2025-04-29,89.46000000000001,89.30999999999999,-0.1500000000000199,-7.500000000000995,False,-17.00000000000199,non_tom_only
2025-04-30,1,2025-04-29,2025-04-30,90.21000000000001,89.75999999999999,-0.45000000000001705,-22.500000000000853,False,-47.000000000001705,non_tom_only
2025-05-06,1,2025-05-05,2025-05-06,87.25,86.78999999999999,-0.46000000000000796,-23.000000000000398,False,-48.000000000000796,non_tom_only
2025-05-07,1,2025-05-06,2025-05-07,87.54,87.91,0.36999999999999034,18.499999999999517,False,34.999999999999034,non_tom_only
2025-05-08,1,2025-05-07,2025-05-08,87.91000000000001,88.00999999999999,0.0999999999999801,4.999999999999005,False,7.9999999999980105,non_tom_only
2025-05-09,1,2025-05-08,2025-05-09,86.93,86.99,0.05999999999998806,2.999999999999403,False,3.9999999999988063,non_tom_only
2025-05-12,1,2025-05-09,2025-05-12,87.06,86.36999999999999,-0.6900000000000119,-34.5000000000006,False,-71.0000000000012,non_tom_only
2025-05-13,1,2025-05-12,2025-05-13,86.25,86.11999999999999,-0.13000000000000966,-6.500000000000483,False,-15.000000000000966,non_tom_only
2025-05-14,1,2025-05-13,2025-05-14,85.9,85.74,-0.1600000000000108,-8.00000000000054,False,-18.00000000000108,non_tom_only
2025-05-15,1,2025-05-14,2025-05-15,85.33,85.61999999999999,0.28999999999999204,14.499999999999602,False,26.999999999999204,non_tom_only
2025-05-16,1,2025-05-15,2025-05-16,86.08,86.86,0.7800000000000011,39.00000000000006,False,76.00000000000011,non_tom_only
2025-05-19,1,2025-05-16,2025-05-19,86.31,84.89999999999999,-1.4100000000000108,-70.50000000000054,False,-143.00000000000108,non_tom_only
2025-05-20,1,2025-05-19,2025-05-20,86.06,85.41,-0.6500000000000057,-32.500000000000284,False,-67.00000000000057,non_tom_only
2025-05-21,1,2025-05-20,2025-05-21,85.44000000000001,84.67,-0.7700000000000102,-38.50000000000051,False,-79.00000000000102,non_tom_only
2025-05-22,1,2025-05-21,2025-05-22,83.98,83.50999999999999,-0.4700000000000131,-23.500000000000654,False,-49.00000000000131,non_tom_only
2025-05-23,1,2025-05-22,2025-05-23,84.42,84.75,0.3299999999999983,16.499999999999915,False,30.99999999999983,non_tom_only
2025-05-27,1,2025-05-23,2025-05-27,84.56,85.33999999999999,0.7799999999999869,38.999999999999346,False,75.99999999999869,non_tom_only
2025-05-28,1,2025-05-27,2025-05-28,85.74000000000001,85.39999999999999,-0.3400000000000176,-17.00000000000088,False,-36.00000000000176,non_tom_only
2025-05-29,1,2025-05-28,2025-05-29,85.37,85.75999999999999,0.38999999999998636,19.499999999999318,False,36.999999999998636,non_tom_only
2025-05-30,1,2025-05-29,2025-05-30,86.16000000000001,86.08,-0.0800000000000125,-4.000000000000625,False,-10.00000000000125,non_tom_only
2025-06-05,1,2025-06-04,2025-06-05,86.4,86.67,0.269999999999996,13.499999999999801,False,24.999999999999602,non_tom_only
2025-06-06,1,2025-06-05,2025-06-06,86.46000000000001,85.78,-0.6800000000000068,-34.00000000000034,False,-70.00000000000068,non_tom_only
2025-06-09,1,2025-06-06,2025-06-09,85.36,85.03999999999999,-0.3200000000000074,-16.00000000000037,False,-34.00000000000074,non_tom_only
2025-06-10,1,2025-06-09,2025-06-10,85.45,86.08999999999999,0.6399999999999864,31.999999999999318,False,61.999999999998636,non_tom_only
2025-06-11,1,2025-06-10,2025-06-11,85.89,85.80999999999999,-0.0800000000000125,-4.000000000000625,False,-10.00000000000125,non_tom_only
2025-06-12,1,2025-06-11,2025-06-12,86.15,86.88,0.7299999999999898,36.49999999999949,False,70.99999999999898,non_tom_only
2025-06-13,1,2025-06-12,2025-06-13,87.18,86.72,-0.46000000000000796,-23.000000000000398,False,-48.000000000000796,non_tom_only
2025-06-16,1,2025-06-13,2025-06-16,86.34,86.05999999999999,-0.28000000000001535,-14.000000000000767,False,-30.000000000001535,non_tom_only
2025-06-17,1,2025-06-16,2025-06-17,85.47,85.99,0.519999999999996,25.9999999999998,False,49.9999999999996,non_tom_only
2025-06-18,1,2025-06-17,2025-06-18,86.51,86.86999999999999,0.3599999999999852,17.99999999999926,False,33.99999999999852,non_tom_only
2025-06-20,1,2025-06-18,2025-06-20,86.66000000000001,86.13,-0.5300000000000153,-26.500000000000767,False,-55.000000000001535,non_tom_only
2025-06-23,1,2025-06-20,2025-06-23,86.5,86.92999999999999,0.4299999999999926,21.49999999999963,False,40.99999999999926,non_tom_only
2025-06-24,1,2025-06-23,2025-06-24,86.78,86.47,-0.3100000000000023,-15.500000000000114,False,-33.00000000000023,non_tom_only
2025-06-25,1,2025-06-24,2025-06-25,87.41000000000001,87.1,-0.3100000000000165,-15.500000000000824,False,-33.00000000000165,non_tom_only
2025-06-26,1,2025-06-25,2025-06-26,87.52000000000001,87.58,0.05999999999998806,2.999999999999403,False,3.9999999999988063,non_tom_only
2025-06-27,1,2025-06-26,2025-06-27,87.96000000000001,87.55999999999999,-0.4000000000000199,-20.000000000000995,False,-42.00000000000199,non_tom_only
2025-06-30,1,2025-06-27,2025-06-30,87.4,87.83999999999999,0.4399999999999835,21.999999999999176,False,41.99999999999835,non_tom_only
2025-07-07,1,2025-07-03,2025-07-07,86.98,86.52,-0.46000000000000796,-23.000000000000398,False,-48.000000000000796,non_tom_only
2025-07-08,1,2025-07-07,2025-07-08,86.15,85.55999999999999,-0.5900000000000176,-29.50000000000088,False,-61.00000000000176,non_tom_only
2025-07-09,1,2025-07-08,2025-07-09,86.04,86.17999999999999,0.13999999999998636,6.999999999999318,False,11.999999999998636,non_tom_only
2025-07-10,1,2025-07-09,2025-07-10,86.94000000000001,86.82,-0.12000000000001876,-6.000000000000938,False,-14.000000000001876,non_tom_only
2025-07-11,1,2025-07-10,2025-07-11,87.0,86.22,-0.7800000000000011,-39.00000000000006,False,-80.00000000000011,non_tom_only
2025-07-14,1,2025-07-11,2025-07-14,85.80000000000001,85.53,-0.27000000000001023,-13.500000000000512,False,-29.000000000001023,non_tom_only
2025-07-15,1,2025-07-14,2025-07-15,85.62,85.88,0.2599999999999909,12.999999999999545,False,23.99999999999909,non_tom_only
2025-07-16,1,2025-07-15,2025-07-16,85.02000000000001,85.27,0.2499999999999858,12.49999999999929,False,22.99999999999858,non_tom_only
2025-07-17,1,2025-07-16,2025-07-17,85.14,85.21,0.06999999999999318,3.499999999999659,False,4.999999999999318,non_tom_only
2025-07-18,1,2025-07-17,2025-07-18,85.12,85.42,0.29999999999999716,14.999999999999858,False,27.999999999999716,non_tom_only
2025-07-21,1,2025-07-18,2025-07-21,85.25,86.21,0.9599999999999937,47.99999999999969,False,93.99999999999937,non_tom_only
2025-07-22,1,2025-07-21,2025-07-22,86.01,86.16,0.14999999999999147,7.499999999999574,False,12.999999999999147,non_tom_only
2025-07-23,1,2025-07-22,2025-07-23,86.53,86.03999999999999,-0.4900000000000091,-24.500000000000455,False,-51.00000000000091,non_tom_only
2025-07-24,1,2025-07-23,2025-07-24,86.05000000000001,85.53,-0.5200000000000102,-26.00000000000051,False,-54.00000000000102,non_tom_only
2025-07-25,1,2025-07-24,2025-07-25,85.9,85.78999999999999,-0.11000000000001364,-5.500000000000682,False,-13.000000000001364,non_tom_only
2025-07-28,1,2025-07-25,2025-07-28,86.44000000000001,85.97999999999999,-0.46000000000002217,-23.00000000000111,False,-48.00000000000222,non_tom_only
2025-07-29,1,2025-07-28,2025-07-29,85.88000000000001,86.22,0.3399999999999892,16.99999999999946,False,31.99999999999892,non_tom_only
2025-07-30,1,2025-07-29,2025-07-30,87.33,86.75999999999999,-0.5700000000000074,-28.50000000000037,False,-59.00000000000074,non_tom_only
2025-07-31,1,2025-07-30,2025-07-31,86.88000000000001,87.11999999999999,0.23999999999998067,11.999999999999034,False,21.999999999998067,non_tom_only
2025-08-06,1,2025-08-05,2025-08-06,88.34,87.83,-0.5100000000000051,-25.500000000000256,False,-53.00000000000051,non_tom_only
2025-08-07,1,2025-08-06,2025-08-07,87.83,87.91,0.0799999999999983,3.9999999999999147,False,5.9999999999998295,non_tom_only
2025-08-08,1,2025-08-07,2025-08-08,87.68,87.35,-0.3300000000000125,-16.500000000000625,False,-35.00000000000125,non_tom_only
2025-08-11,1,2025-08-08,2025-08-11,87.30000000000001,87.53,0.22999999999998977,11.499999999999488,False,20.999999999998977,non_tom_only
2025-08-12,1,2025-08-11,2025-08-12,87.4,86.89,-0.5100000000000051,-25.500000000000256,False,-53.00000000000051,non_tom_only
2025-08-13,1,2025-08-12,2025-08-13,86.96000000000001,87.42999999999999,0.46999999999998465,23.499999999999233,False,44.999999999998465,non_tom_only
2025-08-14,1,2025-08-13,2025-08-14,87.68,87.5,-0.18000000000000682,-9.000000000000341,False,-20.000000000000682,non_tom_only
2025-08-15,1,2025-08-14,2025-08-15,87.03,86.64999999999999,-0.38000000000000966,-19.000000000000483,False,-40.000000000000966,non_tom_only
2025-08-18,1,2025-08-15,2025-08-18,86.41000000000001,86.49,0.07999999999998408,3.999999999999204,False,5.999999999998408,non_tom_only
2025-08-19,1,2025-08-18,2025-08-19,86.16000000000001,86.44999999999999,0.28999999999997783,14.499999999998892,False,26.999999999997783,non_tom_only
2025-08-20,1,2025-08-19,2025-08-20,86.66000000000001,86.58,-0.0800000000000125,-4.000000000000625,False,-10.00000000000125,non_tom_only
2025-08-21,1,2025-08-20,2025-08-21,86.85000000000001,86.55,-0.30000000000001137,-15.000000000000568,False,-32.00000000000114,non_tom_only
2025-08-22,1,2025-08-21,2025-08-22,86.42,86.80999999999999,0.38999999999998636,19.499999999999318,False,36.999999999998636,non_tom_only
2025-08-25,1,2025-08-22,2025-08-25,87.06,86.72,-0.3400000000000034,-17.00000000000017,False,-36.00000000000034,non_tom_only
2025-08-26,1,2025-08-25,2025-08-26,86.81,86.5,-0.3100000000000023,-15.500000000000114,False,-33.00000000000023,non_tom_only
2025-08-27,1,2025-08-26,2025-08-27,86.76,86.1,-0.6600000000000108,-33.00000000000054,False,-68.00000000000108,non_tom_only
2025-08-28,1,2025-08-27,2025-08-28,86.66000000000001,86.77,0.10999999999998522,5.499999999999261,False,8.999999999998522,non_tom_only
2025-08-29,1,2025-08-28,2025-08-29,87.23,86.77,-0.46000000000000796,-23.000000000000398,False,-48.000000000000796,non_tom_only
2025-09-05,1,2025-09-04,2025-09-05,87.24000000000001,88.21,0.9699999999999847,48.49999999999923,False,94.99999999999847,non_tom_only
2025-09-08,1,2025-09-05,2025-09-08,88.57000000000001,89.16,0.5899999999999892,29.49999999999946,False,56.99999999999892,non_tom_only
2025-09-09,1,2025-09-08,2025-09-09,89.75,89.39999999999999,-0.3500000000000085,-17.500000000000426,False,-37.00000000000085,non_tom_only
2025-09-10,1,2025-09-09,2025-09-10,89.24000000000001,89.39,0.14999999999999147,7.499999999999574,False,12.999999999999147,non_tom_only
2025-09-11,1,2025-09-10,2025-09-11,89.75,89.89,0.14000000000000057,7.000000000000028,False,12.000000000000057,non_tom_only
2025-09-12,1,2025-09-11,2025-09-12,90.35000000000001,89.82,-0.5300000000000153,-26.500000000000767,False,-55.000000000001535,non_tom_only
2025-09-15,1,2025-09-12,2025-09-15,89.96000000000001,90.14,0.1799999999999926,8.99999999999963,False,15.999999999999261,non_tom_only
2025-09-16,1,2025-09-15,2025-09-16,90.17,90.08,-0.09000000000000341,-4.5000000000001705,False,-11.000000000000341,non_tom_only
2025-09-17,1,2025-09-16,2025-09-17,90.36,90.69999999999999,0.3399999999999892,16.99999999999946,False,31.99999999999892,non_tom_only
2025-09-18,1,2025-09-17,2025-09-18,90.13000000000001,89.25,-0.8800000000000097,-44.00000000000048,False,-90.00000000000097,non_tom_only
2025-09-19,1,2025-09-18,2025-09-19,89.2,89.05999999999999,-0.14000000000001478,-7.000000000000739,False,-16.000000000001478,non_tom_only
2025-09-22,1,2025-09-19,2025-09-22,89.03,88.80999999999999,-0.22000000000001307,-11.000000000000654,False,-24.000000000001307,non_tom_only
2025-09-23,1,2025-09-22,2025-09-23,88.71000000000001,88.94999999999999,0.23999999999998067,11.999999999999034,False,21.999999999998067,non_tom_only
2025-09-24,1,2025-09-23,2025-09-24,89.33,89.07,-0.2600000000000051,-13.000000000000256,False,-28.00000000000051,non_tom_only
2025-09-25,1,2025-09-24,2025-09-25,88.99000000000001,88.83,-0.1600000000000108,-8.00000000000054,False,-18.00000000000108,non_tom_only
2025-09-26,1,2025-09-25,2025-09-26,88.99000000000001,88.97999999999999,-0.010000000000019327,-0.5000000000009663,False,-3.0000000000019327,non_tom_only
2025-09-29,1,2025-09-26,2025-09-29,88.91000000000001,89.28,0.36999999999999034,18.499999999999517,False,34.999999999999034,non_tom_only
2025-09-30,1,2025-09-29,2025-09-30,89.64,89.64999999999999,0.009999999999990905,0.49999999999954525,False,-1.0000000000009095,non_tom_only
2025-10-06,1,2025-10-03,2025-10-06,89.39,88.71,-0.6800000000000068,-34.00000000000034,False,-70.00000000000068,non_tom_only
2025-10-07,1,2025-10-06,2025-10-07,88.68,88.96,0.2799999999999869,13.999999999999346,False,25.999999999998693,non_tom_only
2025-10-08,1,2025-10-07,2025-10-08,89.19000000000001,89.58999999999999,0.39999999999997726,19.999999999998863,False,37.999999999997726,non_tom_only
2025-10-09,1,2025-10-08,2025-10-09,89.26,89.16,-0.10000000000000853,-5.000000000000426,False,-12.000000000000853,non_tom_only
2025-10-10,1,2025-10-09,2025-10-10,89.19000000000001,89.97,0.7799999999999869,38.999999999999346,False,75.99999999999869,non_tom_only
2025-10-13,1,2025-10-10,2025-10-13,90.63000000000001,90.27,-0.36000000000001364,-18.000000000000682,False,-38.000000000001364,non_tom_only
2025-10-14,1,2025-10-13,2025-10-14,90.58,90.64,0.060000000000002274,3.0000000000001137,False,4.000000000000227,non_tom_only
2025-10-15,1,2025-10-14,2025-10-15,90.87,90.94,0.06999999999999318,3.499999999999659,False,4.999999999999318,non_tom_only
2025-10-16,1,2025-10-15,2025-10-16,90.67,90.50999999999999,-0.1600000000000108,-8.00000000000054,False,-18.00000000000108,non_tom_only
2025-10-17,1,2025-10-16,2025-10-17,91.35000000000001,91.24,-0.11000000000001364,-5.500000000000682,False,-13.000000000001364,non_tom_only
2025-10-20,1,2025-10-17,2025-10-20,91.21000000000001,91.44999999999999,0.23999999999998067,11.999999999999034,False,21.999999999998067,non_tom_only
2025-10-21,1,2025-10-20,2025-10-21,91.56,91.97999999999999,0.4199999999999875,20.999999999999375,False,39.99999999999875,non_tom_only
2025-10-22,1,2025-10-21,2025-10-22,92.01,91.97999999999999,-0.030000000000015348,-1.5000000000007674,False,-5.000000000001535,non_tom_only
2025-10-23,1,2025-10-22,2025-10-23,92.07000000000001,91.61,-0.46000000000000796,-23.000000000000398,False,-48.000000000000796,non_tom_only
2025-10-24,1,2025-10-23,2025-10-24,91.44000000000001,91.58,0.13999999999998636,6.999999999999318,False,11.999999999998636,non_tom_only
2025-10-27,1,2025-10-24,2025-10-27,91.48,91.30999999999999,-0.17000000000001592,-8.500000000000796,False,-19.00000000000159,non_tom_only
2025-10-28,1,2025-10-27,2025-10-28,91.79,91.83999999999999,0.04999999999998295,2.4999999999991473,False,2.9999999999982947,non_tom_only
2025-10-29,1,2025-10-28,2025-10-29,92.03,91.86999999999999,-0.1600000000000108,-8.00000000000054,False,-18.00000000000108,non_tom_only
2025-10-30,1,2025-10-29,2025-10-30,91.10000000000001,90.38,-0.7200000000000131,-36.000000000000654,False,-74.00000000000131,non_tom_only
2025-10-31,1,2025-10-30,2025-10-31,90.57000000000001,90.53,-0.04000000000000625,-2.0000000000003126,False,-6.000000000000625,non_tom_only
2025-11-06,1,2025-11-05,2025-11-06,88.97,89.55,0.5799999999999983,28.999999999999915,False,55.99999999999983,non_tom_only
2025-11-07,1,2025-11-06,2025-11-07,89.77000000000001,89.35,-0.4200000000000159,-21.000000000000796,False,-44.00000000000159,non_tom_only
2025-11-10,1,2025-11-07,2025-11-10,89.58,89.47999999999999,-0.10000000000000853,-5.000000000000426,False,-12.000000000000853,non_tom_only
2025-11-11,1,2025-11-10,2025-11-11,89.56,89.94,0.37999999999999545,18.999999999999773,False,35.999999999999545,non_tom_only
2025-11-12,1,2025-11-11,2025-11-12,89.97,89.94,-0.030000000000001137,-1.5000000000000568,False,-5.000000000000114,non_tom_only
2025-11-13,1,2025-11-12,2025-11-13,90.13000000000001,89.78999999999999,-0.3400000000000176,-17.00000000000088,False,-36.00000000000176,non_tom_only
2025-11-14,1,2025-11-13,2025-11-14,89.39,89.78,0.39000000000000057,19.50000000000003,False,37.00000000000006,non_tom_only
2025-11-17,1,2025-11-14,2025-11-17,88.88000000000001,89.07,0.18999999999998352,9.499999999999176,False,16.99999999999835,non_tom_only
2025-11-18,1,2025-11-17,2025-11-18,89.10000000000001,89.33,0.22999999999998977,11.499999999999488,False,20.999999999998977,non_tom_only
2025-11-19,1,2025-11-18,2025-11-19,89.07000000000001,89.22,0.14999999999999147,7.499999999999574,False,12.999999999999147,non_tom_only
2025-11-20,1,2025-11-19,2025-11-20,88.89,88.97999999999999,0.0899999999999892,4.49999999999946,False,6.99999999999892,non_tom_only
2025-11-21,1,2025-11-20,2025-11-21,89.24000000000001,89.64,0.3999999999999915,19.999999999999574,False,37.99999999999915,non_tom_only
2025-11-24,1,2025-11-21,2025-11-24,89.51,89.94,0.4299999999999926,21.49999999999963,False,40.99999999999926,non_tom_only
2025-11-25,1,2025-11-24,2025-11-25,90.02000000000001,90.3,0.2799999999999869,13.999999999999346,False,25.999999999998693,non_tom_only
2025-11-26,1,2025-11-25,2025-11-26,90.25,90.14,-0.10999999999999943,-5.499999999999972,False,-12.999999999999943,non_tom_only
2025-11-28,1,2025-11-26,2025-11-28,90.65,90.44999999999999,-0.20000000000001705,-10.000000000000853,False,-22.000000000001705,non_tom_only
2025-12-04,1,2025-12-03,2025-12-04,89.07000000000001,88.91,-0.1600000000000108,-8.00000000000054,False,-18.00000000000108,non_tom_only
2025-12-05,1,2025-12-04,2025-12-05,88.59,88.53999999999999,-0.05000000000001137,-2.5000000000005684,False,-7.000000000001137,non_tom_only
2025-12-08,1,2025-12-05,2025-12-08,88.18,88.17999999999999,-1.4210854715202004e-14,-7.105427357601002e-13,False,-2.000000000001421,non_tom_only
2025-12-09,1,2025-12-08,2025-12-09,87.89,88.33999999999999,0.44999999999998863,22.49999999999943,False,42.99999999999886,non_tom_only
2025-12-10,1,2025-12-09,2025-12-10,87.98,87.99,0.009999999999990905,0.49999999999954525,False,-1.0000000000009095,non_tom_only
2025-12-11,1,2025-12-10,2025-12-11,88.32000000000001,88.69,0.36999999999999034,18.499999999999517,False,34.999999999999034,non_tom_only
2025-12-12,1,2025-12-11,2025-12-12,88.2,87.36999999999999,-0.8300000000000125,-41.500000000000625,False,-85.00000000000125,non_tom_only
2025-12-15,1,2025-12-12,2025-12-15,87.35000000000001,87.71,0.3599999999999852,17.99999999999926,False,33.99999999999852,non_tom_only
2025-12-16,1,2025-12-15,2025-12-16,87.41000000000001,87.17999999999999,-0.2300000000000182,-11.50000000000091,False,-25.00000000000182,non_tom_only
2025-12-17,1,2025-12-16,2025-12-17,87.89,87.61,-0.28000000000000114,-14.000000000000057,False,-30.000000000000114,non_tom_only
2025-12-18,1,2025-12-17,2025-12-18,87.81,88.11999999999999,0.30999999999998806,15.499999999999403,False,28.999999999998806,non_tom_only
2025-12-19,1,2025-12-18,2025-12-19,88.23,87.6,-0.6300000000000097,-31.500000000000483,False,-65.00000000000097,non_tom_only
2025-12-22,1,2025-12-19,2025-12-22,87.56,87.39999999999999,-0.1600000000000108,-8.00000000000054,False,-18.00000000000108,non_tom_only
2025-12-23,1,2025-12-22,2025-12-23,87.37,87.08,-0.29000000000000625,-14.500000000000313,False,-31.000000000000625,non_tom_only
2025-12-24,1,2025-12-23,2025-12-24,87.51,87.75,0.23999999999999488,11.999999999999744,False,21.99999999999949,non_tom_only
2025-12-26,1,2025-12-24,2025-12-26,88.04,88.08999999999999,0.04999999999998295,2.4999999999991473,False,2.9999999999982947,non_tom_only
2025-12-29,1,2025-12-26,2025-12-29,87.75,87.94,0.18999999999999773,9.499999999999886,False,16.999999999999773,non_tom_only
2025-12-30,1,2025-12-29,2025-12-30,88.08,87.72999999999999,-0.3500000000000085,-17.500000000000426,False,-37.00000000000085,non_tom_only
2025-12-31,1,2025-12-30,2025-12-31,87.87,87.67,-0.20000000000000284,-10.000000000000142,False,-22.000000000000284,non_tom_only
2026-01-07,1,2026-01-06,2026-01-07,87.29,87.83,0.539999999999992,26.999999999999602,False,51.999999999999204,non_tom_only
2026-01-08,1,2026-01-07,2026-01-08,87.80000000000001,87.32,-0.4800000000000182,-24.00000000000091,False,-50.00000000000182,non_tom_only
2026-01-09,1,2026-01-08,2026-01-09,87.36,87.28999999999999,-0.07000000000000739,-3.5000000000003695,False,-9.000000000000739,non_tom_only
2026-01-12,1,2026-01-09,2026-01-12,87.94000000000001,87.49,-0.45000000000001705,-22.500000000000853,False,-47.000000000001705,non_tom_only
2026-01-13,1,2026-01-12,2026-01-13,87.68,87.86999999999999,0.18999999999998352,9.499999999999176,False,16.99999999999835,non_tom_only
2026-01-14,1,2026-01-13,2026-01-14,87.83,87.91,0.0799999999999983,3.9999999999999147,False,5.9999999999998295,non_tom_only
2026-01-15,1,2026-01-14,2026-01-15,88.34,88.63,0.28999999999999204,14.499999999999602,False,26.999999999999204,non_tom_only
2026-01-16,1,2026-01-15,2026-01-16,88.32000000000001,88.11999999999999,-0.20000000000001705,-10.000000000000853,False,-22.000000000001705,non_tom_only
2026-01-20,1,2026-01-16,2026-01-20,87.81,86.61999999999999,-1.190000000000012,-59.5000000000006,False,-121.0000000000012,non_tom_only
2026-01-21,1,2026-01-20,2026-01-21,86.66000000000001,86.78999999999999,0.12999999999998124,6.499999999999062,False,10.999999999998124,non_tom_only
2026-01-22,1,2026-01-21,2026-01-22,87.32000000000001,87.25999999999999,-0.060000000000016485,-3.0000000000008242,False,-8.000000000001648,non_tom_only
2026-01-23,1,2026-01-22,2026-01-23,87.7,87.82,0.11999999999999034,5.999999999999517,False,9.999999999999034,non_tom_only
2026-01-26,1,2026-01-23,2026-01-26,87.94000000000001,88.39,0.44999999999998863,22.49999999999943,False,42.99999999999886,non_tom_only
2026-01-27,1,2026-01-26,2026-01-27,88.36,88.1,-0.2600000000000051,-13.000000000000256,False,-28.00000000000051,non_tom_only
2026-01-28,1,2026-01-27,2026-01-28,87.81,87.49,-0.3200000000000074,-16.00000000000037,False,-34.00000000000074,non_tom_only
2026-01-29,1,2026-01-28,2026-01-29,87.61,87.14,-0.46999999999999886,-23.499999999999943,False,-48.999999999999886,non_tom_only
2026-01-30,1,2026-01-29,2026-01-30,87.63000000000001,87.36999999999999,-0.2600000000000193,-13.000000000000966,False,-28.000000000001933,non_tom_only
2026-02-05,1,2026-02-04,2026-02-05,86.55000000000001,86.92,0.36999999999999034,18.499999999999517,False,34.999999999999034,non_tom_only
2026-02-06,1,2026-02-05,2026-02-06,87.49000000000001,87.44999999999999,-0.040000000000020464,-2.000000000001023,False,-6.000000000002046,non_tom_only
2026-02-09,1,2026-02-06,2026-02-09,87.55000000000001,87.19,-0.36000000000001364,-18.000000000000682,False,-38.000000000001364,non_tom_only
2026-02-10,1,2026-02-09,2026-02-10,87.53,88.22999999999999,0.6999999999999886,34.99999999999943,False,67.99999999999886,non_tom_only
2026-02-11,1,2026-02-10,2026-02-11,88.54,88.03,-0.5100000000000051,-25.500000000000256,False,-53.00000000000051,non_tom_only
2026-02-12,1,2026-02-11,2026-02-12,88.07000000000001,88.35,0.2799999999999869,13.999999999999346,False,25.999999999998693,non_tom_only
2026-02-13,1,2026-02-12,2026-02-13,89.24000000000001,89.61,0.36999999999999034,18.499999999999517,False,34.999999999999034,non_tom_only
2026-02-17,1,2026-02-13,2026-02-17,89.73,89.92,0.18999999999999773,9.499999999999886,False,16.999999999999773,non_tom_only
2026-02-18,1,2026-02-17,2026-02-18,89.88000000000001,89.67999999999999,-0.20000000000001705,-10.000000000000853,False,-22.000000000001705,non_tom_only
2026-02-19,1,2026-02-18,2026-02-19,89.54,89.38,-0.1600000000000108,-8.00000000000054,False,-18.00000000000108,non_tom_only
2026-02-20,1,2026-02-19,2026-02-20,89.63000000000001,89.69,0.05999999999998806,2.999999999999403,False,3.9999999999988063,non_tom_only
2026-02-23,1,2026-02-20,2026-02-23,89.42,89.55,0.12999999999999545,6.499999999999773,False,10.999999999999545,non_tom_only
2026-02-24,1,2026-02-23,2026-02-24,89.75,89.94,0.18999999999999773,9.499999999999886,False,16.999999999999773,non_tom_only
2026-02-25,1,2026-02-24,2026-02-25,89.91000000000001,89.69999999999999,-0.21000000000002217,-10.500000000001108,False,-23.000000000002217,non_tom_only
2026-02-26,1,2026-02-25,2026-02-26,89.92,90.05,0.12999999999999545,6.499999999999773,False,10.999999999999545,non_tom_only
2026-02-27,1,2026-02-26,2026-02-27,90.28,90.67,0.39000000000000057,19.50000000000003,False,37.00000000000006,non_tom_only
2026-03-05,1,2026-03-04,2026-03-05,89.16000000000001,88.61999999999999,-0.5400000000000205,-27.000000000001023,False,-56.000000000002046,non_tom_only
2026-03-06,1,2026-03-05,2026-03-06,88.80000000000001,88.30999999999999,-0.4900000000000233,-24.500000000001165,False,-51.00000000000233,non_tom_only
2026-03-09,1,2026-03-06,2026-03-09,88.47,88.28999999999999,-0.18000000000000682,-9.000000000000341,False,-20.000000000000682,non_tom_only
2026-03-10,1,2026-03-09,2026-03-10,89.24000000000001,88.78999999999999,-0.45000000000001705,-22.500000000000853,False,-47.000000000001705,non_tom_only
2026-03-11,1,2026-03-10,2026-03-11,88.29,87.74,-0.5500000000000114,-27.50000000000057,False,-57.00000000000114,non_tom_only
2026-03-12,1,2026-03-11,2026-03-12,87.15,86.89999999999999,-0.2500000000000142,-12.50000000000071,False,-27.00000000000142,non_tom_only
2026-03-13,1,2026-03-12,2026-03-13,86.98,86.92,-0.060000000000002274,-3.0000000000001137,False,-8.000000000000227,non_tom_only
2026-03-16,1,2026-03-13,2026-03-16,86.55000000000001,87.16,0.6099999999999852,30.49999999999926,False,58.99999999999852,non_tom_only
2026-03-17,1,2026-03-16,2026-03-17,87.22,87.35,0.12999999999999545,6.499999999999773,False,10.999999999999545,non_tom_only
2026-03-18,1,2026-03-17,2026-03-18,87.46000000000001,87.35,-0.11000000000001364,-5.500000000000682,False,-13.000000000001364,non_tom_only
2026-03-19,1,2026-03-18,2026-03-19,86.96000000000001,87.05,0.0899999999999892,4.49999999999946,False,6.99999999999892,non_tom_only
2026-03-20,1,2026-03-19,2026-03-20,87.5,86.8,-0.7000000000000028,-35.00000000000014,False,-72.00000000000028,non_tom_only
2026-03-23,1,2026-03-20,2026-03-23,85.84,86.17,0.3299999999999983,16.499999999999915,False,30.99999999999983,non_tom_only
2026-03-24,1,2026-03-23,2026-03-24,86.4,85.71,-0.6900000000000119,-34.5000000000006,False,-71.0000000000012,non_tom_only
2026-03-25,1,2026-03-24,2026-03-25,86.02000000000001,86.74,0.7199999999999847,35.99999999999923,False,69.99999999999847,non_tom_only
2026-03-26,1,2026-03-25,2026-03-26,86.85000000000001,86.33,-0.5200000000000102,-26.00000000000051,False,-54.00000000000102,non_tom_only
2026-03-27,1,2026-03-26,2026-03-27,86.12,85.49,-0.6300000000000097,-31.500000000000483,False,-65.00000000000097,non_tom_only
2026-03-30,1,2026-03-27,2026-03-30,85.65,86.61999999999999,0.9699999999999847,48.49999999999923,False,94.99999999999847,non_tom_only
2026-03-31,1,2026-03-30,2026-03-31,86.79,86.92,0.12999999999999545,6.499999999999773,False,10.999999999999545,non_tom_only
2026-04-07,1,2026-04-06,2026-04-07,86.66000000000001,86.50999999999999,-0.1500000000000199,-7.500000000000995,False,-17.00000000000199,non_tom_only
2026-04-08,1,2026-04-07,2026-04-08,86.65,87.35,0.6999999999999886,34.99999999999943,False,67.99999999999886,non_tom_only
2026-04-09,1,2026-04-08,2026-04-09,86.93,86.67999999999999,-0.2500000000000142,-12.50000000000071,False,-27.00000000000142,non_tom_only
2026-04-10,1,2026-04-09,2026-04-10,86.71000000000001,86.58999999999999,-0.12000000000001876,-6.000000000000938,False,-14.000000000001876,non_tom_only
2026-04-13,1,2026-04-10,2026-04-13,86.5,86.42999999999999,-0.07000000000000739,-3.5000000000003695,False,-9.000000000000739,non_tom_only
2026-04-14,1,2026-04-13,2026-04-14,86.76,86.69,-0.07000000000000739,-3.5000000000003695,False,-9.000000000000739,non_tom_only
2026-04-15,1,2026-04-14,2026-04-15,87.22,87.00999999999999,-0.21000000000000796,-10.500000000000398,False,-23.000000000000796,non_tom_only
2026-04-16,1,2026-04-15,2026-04-16,86.84,86.91,0.06999999999999318,3.499999999999659,False,4.999999999999318,non_tom_only
2026-04-17,1,2026-04-16,2026-04-17,86.29,87.03999999999999,0.7499999999999858,37.49999999999929,False,72.99999999999858,non_tom_only
2026-04-20,1,2026-04-17,2026-04-20,87.08,87.1,0.01999999999999602,0.999999999999801,False,-3.979039320256561e-13,non_tom_only
2026-04-21,1,2026-04-20,2026-04-21,87.06,86.96,-0.10000000000000853,-5.000000000000426,False,-12.000000000000853,non_tom_only
2026-04-22,1,2026-04-21,2026-04-22,86.58,87.03999999999999,0.45999999999999375,22.999999999999687,False,43.999999999999375,non_tom_only
2026-04-23,1,2026-04-22,2026-04-23,86.75,86.82,0.06999999999999318,3.499999999999659,False,4.999999999999318,non_tom_only
2026-04-24,1,2026-04-23,2026-04-24,86.56,86.44999999999999,-0.11000000000001364,-5.500000000000682,False,-13.000000000001364,non_tom_only
2026-04-27,1,2026-04-24,2026-04-27,86.72,86.47,-0.25,-12.5,False,-27.0,non_tom_only
2026-04-28,1,2026-04-27,2026-04-28,86.29,86.11,-0.18000000000000682,-9.000000000000341,False,-20.000000000000682,non_tom_only
2026-04-29,1,2026-04-28,2026-04-29,86.38000000000001,85.97,-0.4100000000000108,-20.50000000000054,False,-43.00000000000108,non_tom_only
2026-04-30,1,2026-04-29,2026-04-30,85.71000000000001,85.88,0.1699999999999875,8.499999999999375,False,14.99999999999875,non_tom_only
2026-05-06,1,2026-05-05,2026-05-06,85.44000000000001,86.03999999999999,0.5999999999999801,29.999999999999005,False,57.99999999999801,non_tom_only
2026-05-07,1,2026-05-06,2026-05-07,86.09,86.27,0.1799999999999926,8.99999999999963,False,15.999999999999261,non_tom_only
2026-05-08,1,2026-05-07,2026-05-08,85.66000000000001,86.05,0.38999999999998636,19.499999999999318,False,36.999999999998636,non_tom_only
2026-05-11,1,2026-05-08,2026-05-11,86.09,85.86999999999999,-0.22000000000001307,-11.000000000000654,False,-24.000000000001307,non_tom_only
2026-05-12,1,2026-05-11,2026-05-12,85.57000000000001,85.17999999999999,-0.3900000000000148,-19.50000000000074,False,-41.00000000000148,non_tom_only
2026-05-13,1,2026-05-12,2026-05-13,85.0,84.92999999999999,-0.07000000000000739,-3.5000000000003695,False,-9.000000000000739,non_tom_only
2026-05-14,1,2026-05-13,2026-05-14,84.81,85.25,0.4399999999999977,21.999999999999886,False,41.99999999999977,non_tom_only
2026-05-15,1,2026-05-14,2026-05-15,84.93,83.86,-1.0700000000000074,-53.50000000000037,False,-109.00000000000074,non_tom_only
2026-05-18,1,2026-05-15,2026-05-18,83.67,83.69,0.01999999999999602,0.999999999999801,False,-3.979039320256561e-13,non_tom_only
2026-05-19,1,2026-05-18,2026-05-19,83.57000000000001,82.94999999999999,-0.6200000000000188,-31.000000000000938,False,-64.00000000000188,non_tom_only
2026-05-20,1,2026-05-19,2026-05-20,83.03,83.05,0.01999999999999602,0.999999999999801,False,-3.979039320256561e-13,non_tom_only
2026-05-21,1,2026-05-20,2026-05-21,83.92,83.61,-0.3100000000000023,-15.500000000000114,False,-33.00000000000023,non_tom_only
2026-05-22,1,2026-05-21,2026-05-22,84.23,84.58999999999999,0.3599999999999852,17.99999999999926,False,33.99999999999852,non_tom_only
2026-05-26,1,2026-05-22,2026-05-26,84.69000000000001,85.32,0.6299999999999812,31.499999999999062,False,60.999999999998124,non_tom_only
2026-05-27,1,2026-05-26,2026-05-27,85.11,85.24,0.12999999999999545,6.499999999999773,False,10.999999999999545,non_tom_only
2026-05-28,1,2026-05-27,2026-05-28,85.31,85.39,0.0799999999999983,3.9999999999999147,False,5.9999999999998295,non_tom_only
2026-05-29,1,2026-05-28,2026-05-29,85.75,85.8,0.04999999999999716,2.499999999999858,False,2.999999999999716,non_tom_only
2026-06-04,1,2026-06-03,2026-06-04,85.32000000000001,85.58999999999999,0.2699999999999818,13.49999999999909,False,24.99999999999818,non_tom_only
2026-06-05,1,2026-06-04,2026-06-05,85.51,84.97999999999999,-0.5300000000000153,-26.500000000000767,False,-55.000000000001535,non_tom_only
2026-06-08,1,2026-06-05,2026-06-08,85.07000000000001,85.22,0.14999999999999147,7.499999999999574,False,12.999999999999147,non_tom_only
2026-06-09,1,2026-06-08,2026-06-09,84.63000000000001,84.96,0.3299999999999841,16.499999999999204,False,30.99999999999841,non_tom_only
2026-06-10,1,2026-06-09,2026-06-10,85.13000000000001,85.11,-0.020000000000010232,-1.0000000000005116,False,-4.000000000001023,non_tom_only
2026-06-11,1,2026-06-10,2026-06-11,84.89,85.16,0.269999999999996,13.499999999999801,False,24.999999999999602,non_tom_only
2026-06-12,1,2026-06-11,2026-06-12,85.99000000000001,85.63,-0.36000000000001364,-18.000000000000682,False,-38.000000000001364,non_tom_only
2026-06-15,1,2026-06-12,2026-06-15,85.78,85.94999999999999,0.1699999999999875,8.499999999999375,False,14.99999999999875,non_tom_only
2026-06-16,1,2026-06-15,2026-06-16,85.73,85.94999999999999,0.21999999999998465,10.999999999999233,False,19.999999999998465,non_tom_only
2026-06-17,1,2026-06-16,2026-06-17,86.2,86.30999999999999,0.10999999999998522,5.499999999999261,False,8.999999999998522,non_tom_only
2026-06-18,1,2026-06-17,2026-06-18,86.34,87.05999999999999,0.7199999999999847,35.99999999999923,False,69.99999999999847,non_tom_only
2026-06-22,1,2026-06-18,2026-06-22,86.76,86.28999999999999,-0.4700000000000131,-23.500000000000654,False,-49.00000000000131,non_tom_only
2026-06-23,1,2026-06-22,2026-06-23,86.10000000000001,86.11,0.009999999999990905,0.49999999999954525,False,-1.0000000000009095,non_tom_only
2026-06-24,1,2026-06-23,2026-06-24,86.21000000000001,87.14,0.9299999999999926,46.49999999999963,False,90.99999999999926,non_tom_only
2026-06-25,1,2026-06-24,2026-06-25,87.39,87.57,0.1799999999999926,8.99999999999963,False,15.999999999999261,non_tom_only
2026-06-26,1,2026-06-25,2026-06-26,87.36,87.0,-0.35999999999999943,-17.99999999999997,False,-37.99999999999994,non_tom_only
2026-06-29,1,2026-06-26,2026-06-29,87.37,87.35,-0.020000000000010232,-1.0000000000005116,False,-4.000000000001023,non_tom_only
2026-06-30,1,2026-06-29,2026-06-30,87.46000000000001,87.14,-0.3200000000000074,-16.00000000000037,False,-34.00000000000074,non_tom_only
2026-07-07,1,2026-07-06,2026-07-07,85.46000000000001,85.1,-0.36000000000001364,-18.000000000000682,False,-38.000000000001364,non_tom_only
2026-07-08,1,2026-07-07,2026-07-08,84.56,84.3,-0.2600000000000051,-13.000000000000256,False,-28.00000000000051,non_tom_only
2026-07-09,1,2026-07-08,2026-07-09,84.37,84.27,-0.10000000000000853,-5.000000000000426,False,-12.000000000000853,non_tom_only
2026-07-10,1,2026-07-09,2026-07-10,84.5,84.5,0.0,0.0,False,-2.0,non_tom_only
2026-07-13,1,2026-07-10,2026-07-13,84.48,84.17999999999999,-0.30000000000001137,-15.000000000000568,False,-32.00000000000114,non_tom_only
2026-07-14,1,2026-07-13,2026-07-14,83.98,84.17,0.18999999999999773,9.499999999999886,False,16.999999999999773,non_tom_only
2026-07-15,1,2026-07-14,2026-07-15,84.09,84.07,-0.020000000000010232,-1.0000000000005116,False,-4.000000000001023,non_tom_only
2026-07-16,1,2026-07-15,2026-07-16,84.25,83.83,-0.4200000000000017,-21.000000000000085,False,-44.00000000000017,non_tom_only
2026-07-17,1,2026-07-16,2026-07-17,84.22,84.61,0.39000000000000057,19.50000000000003,False,37.00000000000006,non_tom_only
2026-07-20,1,2026-07-17,2026-07-20,84.53,84.3,-0.23000000000000398,-11.500000000000199,False,-25.000000000000398,non_tom_only
2026-07-21,1,2026-07-20,2026-07-21,83.9,83.72,-0.18000000000000682,-9.000000000000341,False,-20.000000000000682,non_tom_only
2026-07-22,1,2026-07-21,2026-07-22,83.67,83.58999999999999,-0.0800000000000125,-4.000000000000625,False,-10.00000000000125,non_tom_only
2026-07-23,1,2026-07-22,2026-07-23,83.45,82.97999999999999,-0.4700000000000131,-23.500000000000654,False,-49.00000000000131,non_tom_only
2026-07-24,1,2026-07-23,2026-07-24,83.18,83.3,0.11999999999999034,5.999999999999517,False,9.999999999999034,non_tom_only
2026-07-27,1,2026-07-24,2026-07-27,83.26,83.72,0.45999999999999375,22.999999999999687,False,43.999999999999375,non_tom_only
2026-07-28,1,2026-07-27,2026-07-28,83.76,83.85,0.0899999999999892,4.49999999999946,False,6.99999999999892,non_tom_only
2026-07-29,1,2026-07-28,2026-07-29,84.25,84.08999999999999,-0.1600000000000108,-8.00000000000054,False,-18.00000000000108,non_tom_only
2026-07-30,1,2026-07-29,2026-07-30,82.86,82.8,-0.060000000000002274,-3.0000000000001137,False,-8.000000000000227,non_tom_only
2026-07-31,1,2026-07-30,2026-07-31,82.81,82.44,-0.37000000000000455,-18.500000000000227,False,-39.000000000000455,non_tom_only
2026-08-06,1,2026-08-05,2026-08-06,83.01,82.75999999999999,-0.2500000000000142,-12.50000000000071,False,-27.00000000000142,non_tom_only
2026-08-07,1,2026-08-06,2026-08-07,82.53,82.78999999999999,0.2599999999999909,12.999999999999545,False,23.99999999999909,non_tom_only
2026-08-10,1,2026-08-07,2026-08-10,82.77000000000001,82.39,-0.38000000000000966,-19.000000000000483,False,-40.000000000000966,non_tom_only
2026-08-11,1,2026-08-10,2026-08-11,82.07000000000001,82.25999999999999,0.18999999999998352,9.499999999999176,False,16.99999999999835,non_tom_only
2026-08-12,1,2026-08-11,2026-08-12,82.2,82.44,0.23999999999999488,11.999999999999744,False,21.99999999999949,non_tom_only
2026-08-13,1,2026-08-12,2026-08-13,82.12,82.58,0.45999999999999375,22.999999999999687,False,43.999999999999375,non_tom_only
2026-08-14,1,2026-08-13,2026-08-14,82.60000000000001,82.22,-0.38000000000000966,-19.000000000000483,False,-40.000000000000966,non_tom_only
2026-08-17,1,2026-08-14,2026-08-17,82.05000000000001,81.75999999999999,-0.29000000000002046,-14.500000000001023,False,-31.000000000002046,non_tom_only
2026-08-18,1,2026-08-17,2026-08-18,81.36,81.25,-0.10999999999999943,-5.499999999999972,False,-12.999999999999943,non_tom_only
2026-08-19,1,2026-08-18,2026-08-19,81.67,82.78999999999999,1.1199999999999903,55.99999999999952,False,109.99999999999903,non_tom_only
2026-08-20,1,2026-08-19,2026-08-20,83.03,82.33999999999999,-0.6900000000000119,-34.5000000000006,False,-71.0000000000012,non_tom_only
2026-08-21,1,2026-08-20,2026-08-21,82.35000000000001,82.16,-0.19000000000001194,-9.500000000000597,False,-21.000000000001194,non_tom_only
2026-08-24,1,2026-08-21,2026-08-24,82.06,82.47999999999999,0.4199999999999875,20.999999999999375,False,39.99999999999875,non_tom_only
2026-08-25,1,2026-08-24,2026-08-25,82.57000000000001,83.08999999999999,0.5199999999999818,25.99999999999909,False,49.99999999999818,non_tom_only
2026-08-26,1,2026-08-25,2026-08-26,83.48,83.25999999999999,-0.22000000000001307,-11.000000000000654,False,-24.000000000001307,non_tom_only
2026-08-27,1,2026-08-26,2026-08-27,83.31,83.19,-0.12000000000000455,-6.000000000000227,False,-14.000000000000455,non_tom_only
2026-08-28,1,2026-08-27,2026-08-28,83.14,83.03,-0.10999999999999943,-5.499999999999972,False,-12.999999999999943,non_tom_only
2026-08-31,1,2026-08-28,2026-08-31,82.89,82.46,-0.4300000000000068,-21.50000000000034,False,-45.00000000000068,non_tom_only
2026-09-04,1,2026-09-03,2026-09-04,82.08,82.28,0.20000000000000284,10.000000000000142,False,18.000000000000284,non_tom_only
2026-09-08,1,2026-09-04,2026-09-08,82.22,82.42999999999999,0.20999999999999375,10.499999999999687,False,18.999999999999375,non_tom_only
2026-09-09,1,2026-09-08,2026-09-09,82.21000000000001,82.17999999999999,-0.030000000000015348,-1.5000000000007674,False,-5.000000000001535,non_tom_only
2026-09-10,1,2026-09-09,2026-09-10,81.74000000000001,80.97999999999999,-0.7600000000000193,-38.000000000000966,False,-78.00000000000193,non_tom_only
2026-09-11,1,2026-09-10,2026-09-11,80.79,81.28999999999999,0.4999999999999858,24.99999999999929,False,47.99999999999858,non_tom_only
2026-09-14,1,2026-09-11,2026-09-14,80.88000000000001,80.80999999999999,-0.0700000000000216,-3.50000000000108,False,-9.00000000000216,non_tom_only
2026-09-15,1,2026-09-14,2026-09-15,80.94000000000001,80.61999999999999,-0.3200000000000216,-16.00000000000108,False,-34.00000000000216,non_tom_only
2026-09-16,1,2026-09-15,2026-09-16,80.72,80.92999999999999,0.20999999999999375,10.499999999999687,False,18.999999999999375,non_tom_only
2026-09-17,1,2026-09-16,2026-09-17,80.89,81.53,0.6400000000000006,32.00000000000003,False,62.00000000000006,non_tom_only
2026-09-18,1,2026-09-17,2026-09-18,81.79,81.46,-0.3300000000000125,-16.500000000000625,False,-35.00000000000125,non_tom_only
2026-09-21,1,2026-09-18,2026-09-21,81.26,81.69999999999999,0.4399999999999835,21.999999999999176,False,41.99999999999835,non_tom_only
2026-09-22,1,2026-09-21,2026-09-22,81.81,81.88,0.06999999999999318,3.499999999999659,False,4.999999999999318,non_tom_only
2026-09-23,1,2026-09-22,2026-09-23,81.76,81.47,-0.29000000000000625,-14.500000000000313,False,-31.000000000000625,non_tom_only
2026-09-24,1,2026-09-23,2026-09-24,80.47,80.33999999999999,-0.13000000000000966,-6.500000000000483,False,-15.000000000000966,non_tom_only
