date,side,entry_time,exit_time,entry,exit,pts,risk_pts,r_mult,pnl,reason
2023-09-06,-1,2023-09-06 12:10:00-04:00,2023-09-06 12:10:00-04:00,445.26,445.4525,-0.19249999999999545,0.18250000000000455,-1.054794520547894,-21.249999999999545,stop
2023-09-06,-1,2023-09-06 12:20:00-04:00,2023-09-06 12:20:00-04:00,445.26,445.44964285714286,-0.18964285714287143,0.17964285714288053,-1.0556660039760852,-20.964285714287143,stop
2023-09-06,1,2023-09-06 14:30:00-04:00,2023-09-06 15:00:00-04:00,445.71999999999997,445.53749999999997,-0.18250000000000455,0.17250000000001364,-1.0579710144926964,-20.250000000000455,stop
2023-09-07,-1,2023-09-07 11:55:00-04:00,2023-09-07 12:00:00-04:00,443.96000000000004,444.17678571428576,-0.21678571428572013,0.20678571428572923,-1.0483592400690371,-23.678571428572013,stop
2023-09-07,1,2023-09-07 12:25:00-04:00,2023-09-07 12:40:00-04:00,444.98,444.76785714285717,-0.21214285714285097,0.20214285714286007,-1.0494699646642653,-23.214285714285097,stop
2023-09-07,1,2023-09-07 14:05:00-04:00,2023-09-07 14:05:00-04:00,445.3,445.115,-0.18500000000000227,0.17500000000001137,-1.0571428571428014,-20.500000000000227,stop
2023-09-08,-1,2023-09-08 12:50:00-04:00,2023-09-08 12:55:00-04:00,445.78000000000003,445.9617857142857,-0.18178571428569512,0.17178571428570422,-1.0582120582120087,-20.178571428569512,stop
2023-09-08,-1,2023-09-08 13:55:00-04:00,2023-09-08 13:55:00-04:00,445.6,445.77464285714285,-0.17464285714282823,0.16464285714283733,-1.0607375271149195,-19.464285714282823,stop
2023-09-08,1,2023-09-08 14:05:00-04:00,2023-09-08 14:05:00-04:00,446.21,446.0385714285714,-0.17142857142857792,0.16142857142858702,-1.061946902654805,-19.142857142857792,stop
2023-09-11,1,2023-09-11 12:10:00-04:00,2023-09-11 12:20:00-04:00,447.37,447.1875,-0.18250000000000455,0.17250000000001364,-1.0579710144926964,-20.250000000000455,stop
2023-09-11,1,2023-09-11 12:30:00-04:00,2023-09-11 12:30:00-04:00,447.73,447.5528571428572,-0.17714285714282596,0.16714285714283506,-1.0598290598290134,-19.714285714282596,stop
2023-09-11,1,2023-09-11 13:20:00-04:00,2023-09-11 15:20:00-04:00,447.96999999999997,448.64678571428567,0.6767857142856997,0.1353571428571172,5.00000000000084,65.67857142856997,target
2023-09-12,1,2023-09-12 13:20:00-04:00,2023-09-12 13:20:00-04:00,447.67,448.3182142857143,0.648214285714289,0.12964285714286916,4.999999999999561,62.821428571428896,target
2023-09-12,-1,2023-09-12 14:50:00-04:00,2023-09-12 15:15:00-04:00,446.47,445.5735714285714,0.8964285714286007,0.1792857142856974,5.000000000000634,87.64285714286007,target
2023-09-13,-1,2023-09-13 11:55:00-04:00,2023-09-13 11:55:00-04:00,446.87,447.06964285714287,-0.19964285714286234,0.18964285714287143,-1.0527306967984416,-21.964285714286234,stop
2023-09-13,-1,2023-09-13 12:15:00-04:00,2023-09-13 12:15:00-04:00,446.82,447.02214285714285,-0.20214285714286007,0.19214285714286916,-1.0520446096653768,-22.214285714286007,stop
2023-09-13,1,2023-09-13 13:25:00-04:00,2023-09-13 13:25:00-04:00,447.53999999999996,447.35749999999996,-0.18250000000000455,0.17250000000001364,-1.0579710144926964,-20.250000000000455,stop
2023-09-14,1,2023-09-14 12:00:00-04:00,2023-09-14 12:00:00-04:00,449.90999999999997,449.77142857142854,-0.13857142857142435,0.12857142857143344,-1.077777777777704,-15.857142857142435,stop
2023-09-14,1,2023-09-14 12:15:00-04:00,2023-09-14 14:30:00-04:00,450.05,449.9121428571429,-0.13785714285711492,0.12785714285712402,-1.0782122905027336,-15.785714285711492,stop
2023-09-15,-1,2023-09-15 13:05:00-04:00,2023-09-15 13:15:00-04:00,444.59000000000003,443.7900000000001,0.7999999999999545,0.15999999999996817,5.0000000000007105,77.99999999999545,target
2023-09-15,-1,2023-09-15 15:40:00-04:00,2023-09-15 15:45:00-04:00,443.21000000000004,443.4064285714286,-0.1964285714285552,0.18642857142856428,-1.0536398467432484,-21.64285714285552,stop
2023-09-18,1,2023-09-18 11:20:00-04:00,2023-09-18 12:30:00-04:00,443.82,444.8128571428571,0.9928571428571331,0.19857142857142662,5.0,97.28571428571331,target
2023-09-18,-1,2023-09-18 13:10:00-04:00,2023-09-18 13:20:00-04:00,444.37,444.49785714285713,-0.12785714285712402,0.11785714285713311,-1.0848484848484148,-14.785714285712402,stop
2023-09-18,-1,2023-09-18 14:25:00-04:00,2023-09-18 14:30:00-04:00,444.18,444.3042857142857,-0.12428571428569057,0.11428571428569967,-1.0874999999999315,-14.428571428569057,stop
2023-09-19,-1,2023-09-19 12:10:00-04:00,2023-09-19 12:10:00-04:00,440.40000000000003,440.56714285714287,-0.16714285714283506,0.15714285714284415,-1.063636363636311,-18.714285714283506,stop
2023-09-19,1,2023-09-19 15:50:00-04:00,2023-09-19 15:50:00-04:00,442.96999999999997,442.79035714285715,-0.1796428571428237,0.16964285714283278,-1.0589473684210076,-19.96428571428237,stop
2023-09-20,1,2023-09-20 12:30:00-04:00,2023-09-20 13:10:00-04:00,443.86,443.73,-0.12999999999999545,0.12000000000000455,-1.0833333333332544,-14.999999999999545,stop
2023-09-20,-1,2023-09-20 13:30:00-04:00,2023-09-20 13:40:00-04:00,443.62,443.09142857142854,0.5285714285714675,0.10571428571427077,5.000000000001076,50.857142857146755,target
2023-09-21,-1,2023-09-21 12:05:00-04:00,2023-09-21 12:30:00-04:00,433.7,433.9139285714285,-0.21392857142853927,0.20392857142854837,-1.0490367775831484,-23.392857142853927,stop
2023-09-21,1,2023-09-21 13:10:00-04:00,2023-09-21 13:35:00-04:00,434.01,434.89214285714286,0.8821428571428669,0.17642857142857338,5.0,86.21428571428669,target
2023-09-22,1,2023-09-22 11:35:00-04:00,2023-09-22 11:40:00-04:00,433.78999999999996,433.57321428571424,-0.21678571428572013,0.20678571428572923,-1.0483592400690371,-23.678571428572013,stop
2023-09-22,-1,2023-09-22 12:00:00-04:00,2023-09-22 12:15:00-04:00,432.91,433.12392857142856,-0.21392857142853927,0.20392857142854837,-1.0490367775831484,-23.392857142853927,stop
2023-09-22,-1,2023-09-22 13:20:00-04:00,2023-09-22 13:30:00-04:00,432.71000000000004,431.9403571428572,0.7696428571428555,0.15392857142859384,4.999999999999261,74.96428571428555,target
2023-09-25,1,2023-09-25 12:25:00-04:00,2023-09-25 12:30:00-04:00,431.95,431.7182142857143,-0.2317857142857065,0.22178571428571558,-1.045088566827656,-25.17857142857065,stop
2023-09-25,-1,2023-09-25 13:05:00-04:00,2023-09-25 13:05:00-04:00,430.87,431.0489285714286,-0.1789285714285711,0.1689285714285802,-1.0591966173360954,-19.89285714285711,stop
2023-09-25,-1,2023-09-25 14:25:00-04:00,2023-09-25 14:25:00-04:00,430.89,431.0960714285714,-0.2060714285714198,0.1960714285714289,-1.0510018214935783,-22.60714285714198,stop
2023-09-26,-1,2023-09-26 11:30:00-04:00,2023-09-26 11:30:00-04:00,426.77,427.0153571428571,-0.24535714285713084,0.23535714285713993,-1.0424886191198406,-26.535714285713084,stop
2023-09-26,1,2023-09-26 12:25:00-04:00,2023-09-26 12:25:00-04:00,427.77,427.5414285714286,-0.22857142857139934,0.21857142857140843,-1.0457516339868906,-24.857142857139934,stop
2023-09-26,1,2023-09-26 12:30:00-04:00,2023-09-26 13:00:00-04:00,427.63,427.4017857142857,-0.22821428571427305,0.21821428571428214,-1.0458265139115794,-24.821428571427305,stop
2023-09-27,-1,2023-09-27 12:05:00-04:00,2023-09-27 12:30:00-04:00,424.18,424.43285714285713,-0.252857142857124,0.2428571428571331,-1.0411764705881994,-27.2857142857124,stop
2023-09-27,-1,2023-09-27 13:15:00-04:00,2023-09-27 13:40:00-04:00,423.77,422.6878571428571,1.0821428571428555,0.21642857142859384,4.999999999999475,106.21428571428555,target
2023-09-27,1,2023-09-27 14:30:00-04:00,2023-09-27 14:35:00-04:00,424.4,425.5821428571428,1.1821428571428214,0.23642857142857565,4.999999999999759,116.21428571428214,target
2023-09-28,-1,2023-09-28 12:55:00-04:00,2023-09-28 12:55:00-04:00,428.61,428.8567857142857,-0.24678571428569285,0.23678571428570194,-1.042232277526359,-26.678571428569285,stop
2023-09-28,1,2023-09-28 15:20:00-04:00,2023-09-28 15:30:00-04:00,429.34,429.065,-0.27499999999997726,0.26499999999998636,-1.0377358490565713,-29.499999999997726,stop
2023-09-29,-1,2023-09-29 12:45:00-04:00,2023-09-29 12:45:00-04:00,428.94,429.23214285714283,-0.29214285714283506,0.28214285714284415,-1.0354430379746529,-31.214285714283506,stop
2023-09-29,-1,2023-09-29 12:50:00-04:00,2023-09-29 13:05:00-04:00,428.54,427.08285714285716,1.4571428571428555,0.2914285714285825,4.999999999999805,143.71428571428555,target
2023-09-29,1,2023-09-29 14:55:00-04:00,2023-09-29 15:50:00-04:00,427.15,428.6910714285714,1.5410714285713993,0.30821428571425713,5.000000000000369,152.10714285713993,target
2023-10-02,-1,2023-10-02 12:55:00-04:00,2023-10-02 13:00:00-04:00,424.7,425.0117857142857,-0.3117857142856906,0.30178571428569967,-1.0331360946745276,-33.17857142856906,stop
2023-10-02,1,2023-10-02 13:55:00-04:00,2023-10-02 13:55:00-04:00,425.90999999999997,425.6535714285714,-0.25642857142855746,0.24642857142856656,-1.0405797101448915,-27.642857142855746,stop
2023-10-02,1,2023-10-02 14:15:00-04:00,2023-10-02 14:15:00-04:00,426.69,426.4217857142857,-0.2682142857142935,0.2582142857143026,-1.038727524204665,-28.82142857142935,stop
2023-10-03,-1,2023-10-03 11:35:00-04:00,2023-10-03 11:40:00-04:00,421.01,421.3535714285714,-0.34357142857140843,0.3335714285714175,-1.0299785867237425,-36.35714285714084,stop
2023-10-03,-1,2023-10-03 11:50:00-04:00,2023-10-03 11:50:00-04:00,420.96000000000004,421.25750000000005,-0.29750000000001364,0.28750000000002274,-1.0347826086956178,-31.750000000001364,stop
2023-10-03,-1,2023-10-03 11:55:00-04:00,2023-10-03 11:55:00-04:00,420.8,421.0892857142857,-0.28928571428571104,0.27928571428572013,-1.0358056265984321,-30.928571428571104,stop
2023-10-04,-1,2023-10-04 13:05:00-04:00,2023-10-04 13:05:00-04:00,423.18,423.45392857142855,-0.27392857142854155,0.26392857142855064,-1.0378890392421878,-29.392857142854155,stop
2023-10-04,-1,2023-10-04 13:15:00-04:00,2023-10-04 13:15:00-04:00,423.12,423.38464285714286,-0.26464285714286007,0.25464285714286916,-1.039270687236989,-28.464285714286007,stop
2023-10-05,1,2023-10-05 11:55:00-04:00,2023-10-05 11:55:00-04:00,422.59,422.2914285714286,-0.2985714285713925,0.2885714285714016,-1.0346534653465065,-31.85714285713925,stop
2023-10-05,1,2023-10-05 12:15:00-04:00,2023-10-05 12:15:00-04:00,422.92,422.61178571428576,-0.30821428571425713,0.2982142857142662,-1.0335329341317083,-32.82142857142571,stop
2023-10-05,-1,2023-10-05 13:10:00-04:00,2023-10-05 13:10:00-04:00,421.92,422.1614285714286,-0.2414285714285711,0.2314285714285802,-1.043209876543169,-26.14285714285711,stop
2023-10-06,1,2023-10-06 13:15:00-04:00,2023-10-06 14:25:00-04:00,429.03,430.3889285714285,1.358928571428521,0.27178571428572695,4.999999999999582,133.8928571428521,target
2023-10-06,1,2023-10-06 14:30:00-04:00,2023-10-06 15:05:00-04:00,430.45,430.2167857142857,-0.2332142857142685,0.2232142857142776,-1.0447999999999609,-25.32142857142685,stop
2023-10-06,-1,2023-10-06 15:55:00-04:00,2023-10-06 15:55:00-04:00,429.61,429.8514285714286,-0.2414285714285711,0.2314285714285802,-1.043209876543169,-26.14285714285711,stop
2023-10-09,1,2023-10-09 12:25:00-04:00,2023-10-09 12:25:00-04:00,429.68,429.4764285714286,-0.20357142857142208,0.19357142857143117,-1.0516605166051183,-22.357142857142208,stop
2023-10-09,1,2023-10-09 13:30:00-04:00,2023-10-09 13:40:00-04:00,429.93,430.92107142857145,0.9910714285714448,0.19821428571430033,4.999999999999713,97.10714285714448,target
2023-10-09,-1,2023-10-09 15:35:00-04:00,2023-10-09 15:55:00-04:00,431.93,432.14535714285716,-0.21535714285715812,0.20535714285716722,-1.048695652173863,-23.535714285715812,stop
2023-10-10,-1,2023-10-10 12:50:00-04:00,2023-10-10 12:50:00-04:00,436.57,436.7267857142857,-0.15678571428571786,0.14678571428572695,-1.0681265206811974,-17.678571428571786,stop
2023-10-10,-1,2023-10-10 13:05:00-04:00,2023-10-10 13:05:00-04:00,435.52,435.7160714285714,-0.1960714285714289,0.186071428571438,-1.0537428023032114,-21.60714285714289,stop
2023-10-10,-1,2023-10-10 15:55:00-04:00,2023-10-10 15:55:00-04:00,434.43,434.65214285714285,-0.22214285714284188,0.21214285714285097,-1.0471380471380056,-24.214285714284188,stop
2023-10-11,-1,2023-10-11 12:25:00-04:00,2023-10-11 12:30:00-04:00,433.85,434.0664285714286,-0.21642857142859384,0.20642857142860294,-1.048442906574343,-23.642857142859384,stop
2023-10-11,-1,2023-10-11 13:20:00-04:00,2023-10-11 13:20:00-04:00,433.48,433.6957142857143,-0.21571428571428442,0.2057142857142935,-1.048611111111065,-23.57142857142844,stop
2023-10-11,-1,2023-10-11 13:35:00-04:00,2023-10-11 13:50:00-04:00,433.37,433.5889285714286,-0.21892857142859157,0.20892857142860066,-1.0478632478631977,-23.892857142859157,stop
2023-10-12,1,2023-10-12 12:20:00-04:00,2023-10-12 12:50:00-04:00,436.94,436.7060714285714,-0.23392857142857792,0.22392857142858702,-1.0446570972886324,-25.392857142857792,stop
2023-10-12,1,2023-10-12 15:35:00-04:00,2023-10-12 15:45:00-04:00,433.84,433.57714285714286,-0.2628571428571149,0.252857142857124,-1.039548022598837,-28.285714285711492,stop
2023-10-13,-1,2023-10-13 11:55:00-04:00,2023-10-13 12:00:00-04:00,431.48,431.7996428571429,-0.3196428571428669,0.309642857142876,-1.032295271049565,-33.96428571428669,stop
2023-10-13,1,2023-10-13 12:25:00-04:00,2023-10-13 12:50:00-04:00,432.71,432.41785714285714,-0.29214285714283506,0.28214285714284415,-1.0354430379746529,-31.214285714283506,stop
2023-10-13,-1,2023-10-13 14:50:00-04:00,2023-10-13 14:50:00-04:00,430.88,431.2117857142857,-0.3317857142857292,0.3217857142857383,-1.0310765815759961,-35.17857142857292,stop
2023-10-16,-1,2023-10-16 11:40:00-04:00,2023-10-16 12:05:00-04:00,435.92,436.1460714285714,-0.2260714285714016,0.2160714285714107,-1.046280991735499,-24.60714285714016,stop
2023-10-16,1,2023-10-16 13:05:00-04:00,2023-10-16 13:15:00-04:00,436.56,436.36178571428576,-0.1982142857142435,0.18821428571425258,-1.0531309297912324,-21.82142857142435,stop
2023-10-16,-1,2023-10-16 14:50:00-04:00,2023-10-16 14:50:00-04:00,435.91,436.12285714285713,-0.21285714285710355,0.20285714285711265,-1.0492957746478497,-23.285714285710355,stop
2023-10-17,-1,2023-10-17 13:00:00-04:00,2023-10-17 13:30:00-04:00,436.79,435.60785714285714,1.1821428571428783,0.23642857142857565,5.0,116.21428571428783,target
2023-10-17,-1,2023-10-17 14:55:00-04:00,2023-10-17 14:55:00-04:00,434.45,434.7278571428571,-0.2778571428571013,0.2678571428571104,-1.037333333333304,-29.785714285710128,stop
2023-10-17,1,2023-10-17 15:55:00-04:00,2023-10-17 15:55:00-04:00,435.8,436.08,0.2799999999999727,0.2678571428571104,1.0453333333333583,25.99999999999727,time
2023-10-18,1,2023-10-18 12:05:00-04:00,2023-10-18 12:05:00-04:00,433.39,433.06392857142856,-0.32607142857142435,0.31607142857143344,-1.0316384180790668,-34.607142857142435,stop
2023-10-18,-1,2023-10-18 14:50:00-04:00,2023-10-18 15:45:00-04:00,431.26,429.8867857142857,1.3732142857143117,0.27464285714285097,5.000000000000207,135.32142857143117,target
2023-10-19,-1,2023-10-19 14:35:00-04:00,2023-10-19 15:45:00-04:00,427.83,425.84964285714284,1.9803571428571445,0.3960714285714175,5.000000000000144,196.03571428571445,target
2023-10-20,1,2023-10-20 12:00:00-04:00,2023-10-20 12:00:00-04:00,423.4,423.14142857142855,-0.2585714285714289,0.248571428571438,-1.0402298850574332,-27.85714285714289,stop
2023-10-20,-1,2023-10-20 14:15:00-04:00,2023-10-20 15:40:00-04:00,423.21000000000004,421.5207142857143,1.6892857142857451,0.3378571428571604,4.999999999999832,166.92857142857451,target
2023-10-23,1,2023-10-23 12:55:00-04:00,2023-10-23 12:55:00-04:00,423.15999999999997,424.30642857142857,1.1464285714286007,0.22928571428570876,5.000000000000248,112.64285714286007,target
2023-10-23,-1,2023-10-23 15:20:00-04:00,2023-10-23 15:35:00-04:00,422.04,420.5114285714286,1.5285714285714107,0.3057142857142594,5.000000000000372,150.85714285714107,target
2023-10-24,-1,2023-10-24 12:20:00-04:00,2023-10-24 12:50:00-04:00,422.17,420.94142857142856,1.2285714285714562,0.24571428571431397,4.999999999999537,120.85714285714562,target
2023-10-24,1,2023-10-24 13:30:00-04:00,2023-10-24 13:55:00-04:00,422.15999999999997,421.9103571428571,-0.2496428571428737,0.2396428571428828,-1.0417287630401961,-26.96428571428737,stop
2023-10-24,1,2023-10-24 14:25:00-04:00,2023-10-24 15:00:00-04:00,422.71999999999997,423.80749999999995,1.0874999999999773,0.21749999999997272,5.000000000000523,106.74999999999773,target
2023-10-25,-1,2023-10-25 11:55:00-04:00,2023-10-25 13:00:00-04:00,419.93,418.06928571428574,1.8607142857142662,0.372142857142876,4.9999999999996945,184.07142857142662,target
2023-10-25,-1,2023-10-25 13:30:00-04:00,2023-10-25 14:15:00-04:00,417.92,418.2110714285714,-0.29107142857139934,0.28107142857140843,-1.0355781448538457,-31.107142857139934,stop
2023-10-25,1,2023-10-25 15:35:00-04:00,2023-10-25 15:40:00-04:00,418.13,417.8742857142857,-0.2557142857143049,0.24571428571431397,-1.040697674418563,-27.571428571430488,stop
2023-10-26,-1,2023-10-26 12:10:00-04:00,2023-10-26 13:30:00-04:00,413.28000000000003,411.6907142857143,1.5892857142857224,0.31785714285712174,5.000000000000358,156.92857142857224,target
2023-10-26,1,2023-10-26 13:50:00-04:00,2023-10-26 14:30:00-04:00,413.34999999999997,414.8035714285714,1.453571428571422,0.29071428571427305,5.000000000000195,143.3571428571422,target
2023-10-27,-1,2023-10-27 12:35:00-04:00,2023-10-27 12:35:00-04:00,412.51,412.815,-0.3050000000000068,0.2950000000000159,-1.033898305084713,-32.50000000000068,stop
2023-10-27,-1,2023-10-27 12:50:00-04:00,2023-10-27 13:05:00-04:00,412.17,410.8342857142857,1.335714285714289,0.2671428571428578,5.0,131.5714285714289,target
2023-10-27,-1,2023-10-27 14:25:00-04:00,2023-10-27 14:30:00-04:00,409.95,410.2682142857143,-0.3182142857143049,0.308214285714314,-1.0324449594437681,-33.82142857143049,stop
2023-10-30,1,2023-10-30 12:00:00-04:00,2023-10-30 12:05:00-04:00,413.98,413.6882142857143,-0.29178571428570876,0.28178571428571786,-1.0354879594422994,-31.178571428570876,stop
2023-10-30,-1,2023-10-30 12:45:00-04:00,2023-10-30 12:50:00-04:00,412.91,413.16857142857145,-0.2585714285714289,0.248571428571438,-1.0402298850574332,-27.85714285714289,stop
2023-10-30,1,2023-10-30 13:25:00-04:00,2023-10-30 13:50:00-04:00,414.32,415.53249999999997,1.2124999999999773,0.24250000000000682,4.9999999999997655,119.24999999999773,target
2023-10-31,-1,2023-10-31 11:50:00-04:00,2023-10-31 11:55:00-04:00,415.58,415.8867857142857,-0.3067857142856951,0.2967857142857042,-1.0336943441636288,-32.67857142856951,stop
2023-10-31,1,2023-10-31 12:45:00-04:00,2023-10-31 14:00:00-04:00,416.55,417.97857142857146,1.4285714285714448,0.2857142857142776,5.000000000000199,140.85714285714448,target
2023-10-31,1,2023-10-31 15:00:00-04:00,2023-10-31 15:20:00-04:00,418.12,417.9282142857143,-0.19178571428568603,0.18178571428569512,-1.055009823182667,-21.178571428568603,stop
2023-11-01,-1,2023-11-01 12:15:00-04:00,2023-11-01 12:30:00-04:00,420.14,420.34714285714284,-0.20714285714285552,0.1971428571428646,-1.0507246376811115,-22.714285714285552,stop
2023-11-01,-1,2023-11-01 12:40:00-04:00,2023-11-01 12:50:00-04:00,419.69,419.87357142857144,-0.18357142857144026,0.17357142857144936,-1.0576131687242205,-20.357142857144026,stop
2023-11-01,-1,2023-11-01 13:35:00-04:00,2023-11-01 13:35:00-04:00,419.40000000000003,419.61642857142857,-0.216428571428537,0.2064285714285461,-1.0484429065743563,-23.6428571428537,stop
2023-11-02,-1,2023-11-02 12:10:00-04:00,2023-11-02 12:10:00-04:00,428.57,428.7685714285714,-0.19857142857142662,0.18857142857143572,-1.0530303030302528,-21.857142857142662,stop
2023-11-02,1,2023-11-02 12:40:00-04:00,2023-11-02 12:55:00-04:00,429.21999999999997,429.0292857142857,-0.1907142857142503,0.1807142857142594,-1.0553359683794044,-21.07142857142503,stop
2023-11-02,1,2023-11-02 14:45:00-04:00,2023-11-02 14:45:00-04:00,430.38,430.23107142857145,-0.14892857142854155,0.13892857142855064,-1.071979434447246,-16.892857142854155,stop
2023-11-03,1,2023-11-03 11:35:00-04:00,2023-11-03 14:45:00-04:00,434.57,436.0860714285714,1.516071428571422,0.3032142857142617,5.000000000000375,149.6071428571422,target
2023-11-06,-1,2023-11-06 11:45:00-05:00,2023-11-06 11:55:00-05:00,435.18,435.3535714285714,-0.17357142857139252,0.1635714285714016,-1.0611353711789937,-19.35714285713925,stop
2023-11-06,-1,2023-11-06 12:25:00-05:00,2023-11-06 12:30:00-05:00,435.01,435.15178571428567,-0.14178571428567466,0.13178571428568375,-1.0758807588075368,-16.178571428567466,stop
2023-11-06,-1,2023-11-06 12:45:00-05:00,2023-11-06 12:55:00-05:00,434.83,434.96428571428567,-0.13428571428568148,0.12428571428569057,-1.0804597701148848,-15.428571428568148,stop
2023-11-07,1,2023-11-07 11:35:00-05:00,2023-11-07 11:45:00-05:00,437.33,437.1532142857143,-0.17678571428569967,0.16678571428570876,-1.0599571734474849,-19.678571428569967,stop
2023-11-07,-1,2023-11-07 12:05:00-05:00,2023-11-07 12:05:00-05:00,436.46000000000004,436.63250000000005,-0.17250000000001364,0.16250000000002274,-1.061538461538397,-19.250000000001364,stop
2023-11-07,1,2023-11-07 13:05:00-05:00,2023-11-07 15:05:00-05:00,436.93,436.73857142857145,-0.19142857142855974,0.18142857142856883,-1.055118110236171,-21.142857142855974,stop
2023-11-08,-1,2023-11-08 12:00:00-05:00,2023-11-08 12:05:00-05:00,436.08,434.9960714285714,1.0839285714286007,0.21678571428572013,5.0,106.39285714286007,target
2023-11-08,-1,2023-11-08 15:00:00-05:00,2023-11-08 15:00:00-05:00,436.51,436.66999999999996,-0.15999999999996817,0.14999999999997726,-1.0666666666666162,-17.999999999996817,stop
2023-11-08,1,2023-11-08 15:40:00-05:00,2023-11-08 15:40:00-05:00,437.03,437.7603571428571,0.7303571428571445,0.14607142857141753,5.000000000000389,71.03571428571445,target
2023-11-09,-1,2023-11-09 12:20:00-05:00,2023-11-09 12:20:00-05:00,437.29,437.44607142857143,-0.15607142857140843,0.14607142857141753,-1.0684596577016543,-17.607142857140843,stop
2023-11-09,-1,2023-11-09 12:30:00-05:00,2023-11-09 12:30:00-05:00,437.2,437.3542857142857,-0.15428571428572013,0.14428571428572923,-1.0693069306929992,-17.428571428572013,stop
2023-11-09,-1,2023-11-09 14:55:00-05:00,2023-11-09 15:10:00-05:00,433.8,434.11857142857144,-0.31857142857143117,0.30857142857144026,-1.0324074074073768,-33.85714285714312,stop
2023-11-10,1,2023-11-10 12:05:00-05:00,2023-11-10 12:30:00-05:00,437.15999999999997,438.14035714285706,0.9803571428570876,0.1960714285714289,4.9999999999997105,96.03571428570876,target
2023-11-10,1,2023-11-10 13:40:00-05:00,2023-11-10 15:30:00-05:00,439.42,440.42357142857145,1.0035714285714334,0.20071428571429806,4.999999999999717,98.35714285714334,target
2023-11-13,-1,2023-11-13 12:50:00-05:00,2023-11-13 12:50:00-05:00,440.32,440.525,-0.20499999999998408,0.19499999999999318,-1.0512820512820065,-22.49999999999841,stop
2023-11-13,-1,2023-11-13 13:30:00-05:00,2023-11-13 13:35:00-05:00,440.16,440.34464285714284,-0.18464285714281914,0.17464285714282823,-1.0572597137013888,-20.464285714281914,stop
2023-11-13,1,2023-11-13 14:45:00-05:00,2023-11-13 14:50:00-05:00,441.0,440.8364285714286,-0.1635714285714016,0.1535714285714107,-1.0651162790697157,-18.35714285714016,stop
2023-11-14,-1,2023-11-14 11:55:00-05:00,2023-11-14 12:05:00-05:00,448.86,447.9742857142857,0.8857142857143003,0.1771428571428828,4.999999999999358,86.57142857143003,target
2023-11-14,1,2023-11-14 13:40:00-05:00,2023-11-14 13:40:00-05:00,449.01,448.86821428571426,-0.1417857142857315,0.1317857142857406,-1.075880758807504,-16.17857142857315,stop
2023-11-14,-1,2023-11-14 14:00:00-05:00,2023-11-14 14:25:00-05:00,448.24,448.38392857142856,-0.1439285714285461,0.1339285714285552,-1.0746666666666078,-16.39285714285461,stop
2023-11-15,-1,2023-11-15 11:40:00-05:00,2023-11-15 13:05:00-05:00,450.2,449.2482142857143,0.9517857142856769,0.19035714285712402,5.000000000000298,93.1785714285677,target
2023-11-15,1,2023-11-15 14:35:00-05:00,2023-11-15 14:40:00-05:00,450.5,450.3439285714286,-0.15607142857140843,0.14607142857141753,-1.0684596577016543,-17.607142857140843,stop
2023-11-15,-1,2023-11-15 15:10:00-05:00,2023-11-15 15:10:00-05:00,449.85,450.0214285714286,-0.17142857142857792,0.16142857142858702,-1.061946902654805,-19.142857142857792,stop
2023-11-16,1,2023-11-16 12:20:00-05:00,2023-11-16 13:10:00-05:00,449.15999999999997,448.94821428571424,-0.21178571428572468,0.20178571428573377,-1.049557522123844,-23.178571428572468,stop
2023-11-16,-1,2023-11-16 13:35:00-05:00,2023-11-16 13:35:00-05:00,449.02,449.1996428571428,-0.1796428571428237,0.16964285714283278,-1.0589473684210076,-19.96428571428237,stop
2023-11-16,1,2023-11-16 14:45:00-05:00,2023-11-16 14:50:00-05:00,449.59999999999997,449.41964285714283,-0.1803571428571331,0.1703571428571422,-1.0587002096435527,-20.03571428571331,stop
2023-11-17,1,2023-11-17 12:00:00-05:00,2023-11-17 12:25:00-05:00,450.23,450.03285714285715,-0.1971428571428646,0.1871428571428737,-1.0534351145037635,-21.71428571428646,stop
2023-11-17,1,2023-11-17 15:25:00-05:00,2023-11-17 15:30:00-05:00,451.08,450.9578571428571,-0.12214285714287598,0.11214285714288508,-1.0891719745221897,-14.214285714287598,stop
2023-11-17,-1,2023-11-17 15:35:00-05:00,2023-11-17 15:35:00-05:00,450.56,450.70964285714285,-0.14964285714285097,0.13964285714286007,-1.0716112531968642,-16.964285714285097,stop
2023-11-20,1,2023-11-20 12:15:00-05:00,2023-11-20 12:20:00-05:00,452.99,452.8803571428572,-0.10964285714283051,0.0996428571428396,-1.1003584229389944,-12.96428571428305,stop
2023-11-20,-1,2023-11-20 12:45:00-05:00,2023-11-20 12:45:00-05:00,452.61,452.71,-0.0999999999999659,0.08999999999997499,-1.111111111111041,-11.99999999999659,stop
2023-11-20,1,2023-11-20 14:35:00-05:00,2023-11-20 14:45:00-05:00,454.17,454.65035714285716,0.4803571428571445,0.09607142857140616,5.000000000001183,46.03571428571445,target
2023-11-21,1,2023-11-21 11:55:00-05:00,2023-11-21 12:55:00-05:00,452.86,453.56714285714287,0.7071428571428555,0.14142857142854837,5.000000000000804,68.71428571428555,target
2023-11-21,-1,2023-11-21 14:40:00-05:00,2023-11-21 14:55:00-05:00,453.04,453.2089285714286,-0.1689285714285802,0.1589285714285893,-1.0629213483145425,-18.89285714285802,stop
2023-11-21,1,2023-11-21 15:05:00-05:00,2023-11-21 15:15:00-05:00,453.46999999999997,453.28964285714284,-0.1803571428571331,0.1703571428571422,-1.0587002096435527,-20.03571428571331,stop
2023-11-22,1,2023-11-22 12:00:00-05:00,2023-11-22 12:10:00-05:00,455.52,455.3253571428571,-0.1946428571428669,0.18464285714287598,-1.054158607350042,-21.46428571428669,stop
2023-11-22,-1,2023-11-22 14:35:00-05:00,2023-11-22 14:35:00-05:00,454.98,454.3282142857143,0.6517857142857224,0.13035714285712174,5.000000000000872,63.17857142857224,target
2023-11-27,1,2023-11-27 11:55:00-05:00,2023-11-27 12:20:00-05:00,455.05,454.8964285714286,-0.1535714285714107,0.1435714285714198,-1.0696517412934732,-17.35714285714107,stop
2023-11-27,1,2023-11-27 12:45:00-05:00,2023-11-27 12:50:00-05:00,455.2,455.07214285714286,-0.12785714285712402,0.11785714285713311,-1.0848484848484148,-14.785714285712402,stop
2023-11-27,1,2023-11-27 13:05:00-05:00,2023-11-27 13:05:00-05:00,455.34999999999997,455.2310714285714,-0.11892857142856883,0.10892857142857792,-1.0918032786884355,-13.892857142856883,stop
2023-11-28,-1,2023-11-28 12:30:00-05:00,2023-11-28 12:50:00-05:00,455.40000000000003,454.7107142857143,0.6892857142857451,0.13785714285717177,4.999999999999176,66.92857142857451,target
2023-11-28,1,2023-11-28 14:55:00-05:00,2023-11-28 14:55:00-05:00,454.90999999999997,454.7635714285714,-0.14642857142854382,0.1364285714285529,-1.073298429319315,-16.642857142854382,stop
2023-11-29,1,2023-11-29 12:30:00-05:00,2023-11-29 13:05:00-05:00,456.2,456.0525,-0.14749999999997954,0.13749999999998863,-1.0727272727272126,-16.749999999997954,stop
2023-11-29,-1,2023-11-29 13:20:00-05:00,2023-11-29 13:20:00-05:00,455.90000000000003,456.0246428571429,-0.12464285714287371,0.1146428571428828,-1.0872274143301193,-14.46428571428737,stop
2023-11-29,-1,2023-11-29 13:35:00-05:00,2023-11-29 13:35:00-05:00,455.8,455.9457142857143,-0.14571428571429124,0.13571428571430033,-1.0736842105262407,-16.571428571429124,stop
2023-11-30,-1,2023-11-30 11:45:00-05:00,2023-11-30 11:50:00-05:00,454.03000000000003,454.2875,-0.2574999999999932,0.24750000000000227,-1.0404040404040034,-27.749999999999318,stop
2023-11-30,-1,2023-11-30 12:00:00-05:00,2023-11-30 12:00:00-05:00,453.81,454.02785714285716,-0.21785714285715585,0.20785714285716494,-1.04810996563569,-23.785714285715585,stop
2023-11-30,-1,2023-11-30 12:20:00-05:00,2023-11-30 12:40:00-05:00,453.74,453.94892857142855,-0.20892857142854382,0.1989285714285529,-1.0502692998204257,-22.892857142854382,stop
2023-12-01,1,2023-12-01 12:50:00-05:00,2023-12-01 13:05:00-05:00,459.45,459.185,-0.26499999999998636,0.25499999999999545,-1.0392156862744748,-28.499999999998636,stop
2023-12-01,-1,2023-12-01 13:30:00-05:00,2023-12-01 13:35:00-05:00,458.54,458.745,-0.20499999999998408,0.19499999999999318,-1.0512820512820065,-22.49999999999841,stop
2023-12-01,1,2023-12-01 15:00:00-05:00,2023-12-01 15:05:00-05:00,459.08,458.9157142857143,-0.16428571428571104,0.15428571428572013,-1.0648148148147534,-18.428571428571104,stop
2023-12-04,1,2023-12-04 11:30:00-05:00,2023-12-04 11:30:00-05:00,455.07,454.86035714285714,-0.20964285714285325,0.19964285714286234,-1.0500894454382357,-22.964285714285325,stop
2023-12-04,1,2023-12-04 11:40:00-05:00,2023-12-04 11:55:00-05:00,455.08,455.9121428571429,0.8321428571429124,0.16642857142858247,5.0,81.21428571429124,target
2023-12-04,-1,2023-12-04 13:25:00-05:00,2023-12-04 13:35:00-05:00,456.06,456.21142857142854,-0.15142857142853927,0.14142857142854837,-1.0707070707070179,-17.142857142853927,stop
2023-12-05,-1,2023-12-05 11:55:00-05:00,2023-12-05 11:55:00-05:00,455.46000000000004,455.72571428571433,-0.2657142857142958,0.2557142857143049,-1.0391061452513581,-28.57142857142958,stop
2023-12-05,-1,2023-12-05 12:45:00-05:00,2023-12-05 12:45:00-05:00,455.44,455.6796428571428,-0.23964285714282596,0.22964285714283506,-1.0435458786935883,-25.964285714282596,stop
2023-12-05,1,2023-12-05 13:25:00-05:00,2023-12-05 13:25:00-05:00,456.53999999999996,456.32571428571424,-0.2142857142857224,0.2042857142857315,-1.0489510489510003,-23.42857142857224,stop
2023-12-06,-1,2023-12-06 11:30:00-05:00,2023-12-06 13:05:00-05:00,456.83,455.7121428571428,1.11785714285719,0.22357142857146073,4.999999999999491,109.785714285719,target
2023-12-06,1,2023-12-06 13:55:00-05:00,2023-12-06 14:00:00-05:00,456.45,456.2835714285714,-0.16642857142858247,0.15642857142859157,-1.0639269406392031,-18.642857142858247,stop
2023-12-06,-1,2023-12-06 14:25:00-05:00,2023-12-06 14:25:00-05:00,456.03000000000003,456.16857142857145,-0.13857142857142435,0.12857142857143344,-1.077777777777704,-15.857142857142435,stop
2023-12-07,1,2023-12-07 13:10:00-05:00,2023-12-07 13:10:00-05:00,458.48,458.31750000000005,-0.1624999999999659,0.152499999999975,-1.0655737704917545,-18.24999999999659,stop
2023-12-07,1,2023-12-07 14:10:00-05:00,2023-12-07 14:10:00-05:00,458.53,458.38964285714286,-0.14035714285711265,0.13035714285712174,-1.076712328767066,-16.035714285711265,stop
2023-12-08,-1,2023-12-08 12:15:00-05:00,2023-12-08 12:15:00-05:00,457.78000000000003,458.01464285714286,-0.2346428571428305,0.2246428571428396,-1.0445151033385958,-25.46428571428305,stop
2023-12-08,1,2023-12-08 12:30:00-05:00,2023-12-08 12:30:00-05:00,458.81,458.58178571428573,-0.22821428571427305,0.21821428571428214,-1.0458265139115794,-24.821428571427305,stop
2023-12-08,1,2023-12-08 12:45:00-05:00,2023-12-08 14:20:00-05:00,458.92,459.9432142857143,1.023214285714289,0.2046428571428578,5.0,100.3214285714289,target
2023-12-11,1,2023-12-11 12:40:00-05:00,2023-12-11 13:00:00-05:00,460.88,460.72857142857146,-0.15142857142853927,0.14142857142854837,-1.0707070707070179,-17.142857142853927,stop
2023-12-11,1,2023-12-11 14:30:00-05:00,2023-12-11 14:30:00-05:00,461.76,461.6607142857143,-0.09928571428571331,0.0892857142857224,-1.111999999999888,-11.928571428571331,stop
2023-12-11,-1,2023-12-11 15:05:00-05:00,2023-12-11 15:05:00-05:00,461.43,461.5357142857143,-0.10571428571427077,0.09571428571427987,-1.1044776119402098,-12.571428571427077,stop
2023-12-12,1,2023-12-12 11:25:00-05:00,2023-12-12 11:25:00-05:00,462.77,462.6121428571428,-0.15785714285715358,0.14785714285716267,-1.0676328502414754,-17.785714285715358,stop
2023-12-12,-1,2023-12-12 12:10:00-05:00,2023-12-12 12:10:00-05:00,462.31,462.4453571428571,-0.1353571428571172,0.1253571428571263,-1.0797720797720178,-15.53571428571172,stop
2023-12-12,1,2023-12-12 12:25:00-05:00,2023-12-12 12:25:00-05:00,462.84999999999997,462.71464285714285,-0.1353571428571172,0.1253571428571263,-1.0797720797720178,-15.53571428571172,stop
2023-12-13,-1,2023-12-13 12:00:00-05:00,2023-12-13 13:10:00-05:00,464.64,464.15785714285715,0.4821428571428328,0.0964285714285893,4.999999999998821,46.21428571428328,target
2023-12-14,-1,2023-12-14 11:15:00-05:00,2023-12-14 11:15:00-05:00,471.59000000000003,471.89250000000004,-0.3025000000000091,0.2925000000000182,-1.034188034188001,-32.25000000000091,stop
2023-12-14,1,2023-12-14 12:05:00-05:00,2023-12-14 12:55:00-05:00,472.84999999999997,472.6064285714285,-0.24357142857144254,0.23357142857145163,-1.042813455657449,-26.357142857144254,stop
2023-12-14,1,2023-12-14 15:20:00-05:00,2023-12-14 15:25:00-05:00,471.65999999999997,471.48535714285714,-0.17464285714282823,0.16464285714283733,-1.0607375271149195,-19.464285714282823,stop
2023-12-15,-1,2023-12-15 11:55:00-05:00,2023-12-15 11:55:00-05:00,469.89,470.0625,-0.17250000000001364,0.16250000000002274,-1.061538461538397,-19.250000000001364,stop
2023-12-15,-1,2023-12-15 12:55:00-05:00,2023-12-15 13:20:00-05:00,469.57,469.7289285714286,-0.1589285714285893,0.1489285714285984,-1.0671462829735479,-17.89285714285893,stop
2023-12-15,1,2023-12-15 15:25:00-05:00,2023-12-15 15:35:00-05:00,469.32,469.1507142857143,-0.1692857142857065,0.15928571428571558,-1.0627802690582384,-18.92857142857065,stop
2023-12-18,1,2023-12-18 13:30:00-05:00,2023-12-18 13:35:00-05:00,472.53999999999996,472.44392857142856,-0.09607142857140616,0.08607142857141525,-1.1161825726140202,-11.607142857140616,stop
2023-12-18,1,2023-12-18 14:25:00-05:00,2023-12-18 14:25:00-05:00,472.84999999999997,472.7467857142857,-0.10321428571427305,0.09321428571428214,-1.1072796934864966,-12.321428571427305,stop
2023-12-19,-1,2023-12-19 12:00:00-05:00,2023-12-19 12:05:00-05:00,473.89,474.01392857142855,-0.12392857142856428,0.11392857142857338,-1.0877742946707651,-14.392857142856428,stop
2023-12-19,-1,2023-12-19 12:10:00-05:00,2023-12-19 12:30:00-05:00,473.86,473.9917857142857,-0.13178571428568375,0.12178571428569285,-1.0821114369500864,-15.178571428568375,stop
2023-12-19,-1,2023-12-19 13:10:00-05:00,2023-12-19 13:10:00-05:00,473.7,473.81857142857143,-0.11857142857144254,0.10857142857145163,-1.0921052631577914,-13.857142857144254,stop
2023-12-20,-1,2023-12-20 11:35:00-05:00,2023-12-20 11:35:00-05:00,475.1,475.24107142857144,-0.14107142857142208,0.13107142857143117,-1.0762942779290845,-16.107142857142208,stop
2023-12-20,1,2023-12-20 12:15:00-05:00,2023-12-20 12:30:00-05:00,475.42,475.30678571428575,-0.11321428571426395,0.10321428571427305,-1.0968858131487127,-13.321428571426395,stop
2023-12-21,-1,2023-12-21 12:00:00-05:00,2023-12-21 12:55:00-05:00,470.54,469.3310714285715,1.2089285714285438,0.2417857142856974,5.000000000000235,118.89285714285438,target
2023-12-21,-1,2023-12-21 13:20:00-05:00,2023-12-21 13:20:00-05:00,468.89,469.1403571428571,-0.2503571428571263,0.2403571428571354,-1.0416047548290868,-27.03571428571263,stop
2023-12-21,1,2023-12-21 14:35:00-05:00,2023-12-21 14:35:00-05:00,470.84,470.62642857142856,-0.21357142857141298,0.20357142857142208,-1.0491228070175007,-23.357142857141298,stop
2023-12-22,-1,2023-12-22 12:15:00-05:00,2023-12-22 12:25:00-05:00,473.8,473.9725,-0.17250000000001364,0.16250000000002274,-1.061538461538397,-19.250000000001364,stop
2023-12-22,1,2023-12-22 12:45:00-05:00,2023-12-22 13:40:00-05:00,474.39,474.23571428571427,-0.15428571428572013,0.14428571428572923,-1.0693069306929992,-17.428571428572013,stop
2023-12-22,-1,2023-12-22 13:55:00-05:00,2023-12-22 14:05:00-05:00,474.35,473.84285714285716,0.5071428571428669,0.10142857142858475,4.99999999999944,48.71428571428669,target
2023-12-26,1,2023-12-26 12:50:00-05:00,2023-12-26 12:50:00-05:00,475.36,475.2582142857143,-0.10178571428571104,0.09178571428572013,-1.1089494163423064,-12.178571428571104,stop
2023-12-26,1,2023-12-26 14:10:00-05:00,2023-12-26 15:00:00-05:00,475.43,475.855,0.42500000000001137,0.08499999999997954,5.000000000001338,40.50000000000114,target
2023-12-27,-1,2023-12-27 12:45:00-05:00,2023-12-27 12:45:00-05:00,475.41,475.52500000000003,-0.1150000000000091,0.10500000000001819,-1.095238095237992,-13.50000000000091,stop
2023-12-27,1,2023-12-27 15:40:00-05:00,2023-12-27 15:40:00-05:00,475.90999999999997,475.7525,-0.15749999999997044,0.14749999999997954,-1.0677966101694392,-17.749999999997044,stop
2023-12-28,1,2023-12-28 12:35:00-05:00,2023-12-28 13:00:00-05:00,477.12,477.0110714285714,-0.10892857142857792,0.09892857142858702,-1.101083032490867,-12.892857142857792,stop
2023-12-28,-1,2023-12-28 15:05:00-05:00,2023-12-28 15:05:00-05:00,477.05,477.16785714285714,-0.11785714285713311,0.10785714285714221,-1.0927152317879958,-13.785714285713311,stop
2023-12-28,-1,2023-12-28 15:10:00-05:00,2023-12-28 15:35:00-05:00,477.09000000000003,477.2092857142857,-0.11928571428569512,0.10928571428570422,-1.0915032679737815,-13.928571428569512,stop
2023-12-29,-1,2023-12-29 12:25:00-05:00,2023-12-29 12:30:00-05:00,473.56,473.7925,-0.23250000000001592,0.222500000000025,-1.0449438202246732,-25.25000000000159,stop
2023-12-29,1,2023-12-29 13:00:00-05:00,2023-12-29 14:20:00-05:00,474.49,475.4489285714286,0.9589285714286007,0.19178571428574287,4.999999999999408,93.89285714286007,target
2023-12-29,1,2023-12-29 14:50:00-05:00,2023-12-29 15:00:00-05:00,475.48,475.32250000000005,-0.15749999999997044,0.14749999999997954,-1.0677966101694392,-17.749999999997044,stop
2024-01-02,1,2024-01-02 11:35:00-05:00,2024-01-02 11:35:00-05:00,472.61,472.3939285714286,-0.2160714285714107,0.2060714285714198,-1.0485268630848799,-23.60714285714107,stop
2024-01-02,-1,2024-01-02 12:55:00-05:00,2024-01-02 13:55:00-05:00,472.85,472.0232142857143,0.8267857142857338,0.16535714285714675,5.0,80.67857142857338,target
2024-01-02,-1,2024-01-02 14:00:00-05:00,2024-01-02 14:50:00-05:00,472.12,471.31642857142856,0.8035714285714448,0.1607142857142776,5.0000000000003535,78.35714285714448,target
2024-01-03,-1,2024-01-03 12:10:00-05:00,2024-01-03 12:25:00-05:00,469.2,469.38321428571425,-0.18321428571425713,0.17321428571426623,-1.0577319587628407,-20.321428571425713,stop
2024-01-03,-1,2024-01-03 14:05:00-05:00,2024-01-03 14:05:00-05:00,469.46000000000004,469.64785714285716,-0.1878571428571263,0.1778571428571354,-1.0562248995983448,-20.78571428571263,stop
2024-01-04,-1,2024-01-04 14:00:00-05:00,2024-01-04 14:00:00-05:00,469.07,469.22714285714284,-0.15714285714284415,0.14714285714285325,-1.0679611650484837,-17.714285714284415,stop
2024-01-05,-1,2024-01-05 13:15:00-05:00,2024-01-05 13:20:00-05:00,466.91,467.16285714285715,-0.252857142857124,0.2428571428571331,-1.0411764705881994,-27.2857142857124,stop
2024-01-05,1,2024-01-05 13:30:00-05:00,2024-01-05 14:10:00-05:00,467.86,468.9707142857143,1.1107142857142662,0.22214285714284188,5.000000000000256,109.07142857142662,target
2024-01-05,-1,2024-01-05 14:40:00-05:00,2024-01-05 14:50:00-05:00,468.04,467.01500000000004,1.0249999999999773,0.20499999999998408,5.000000000000277,100.49999999999773,target
2024-01-08,1,2024-01-08 12:00:00-05:00,2024-01-08 12:20:00-05:00,470.89,470.7217857142857,-0.16821428571427077,0.15821428571427987,-1.0632054176071684,-18.821428571427077,stop
2024-01-08,1,2024-01-08 13:50:00-05:00,2024-01-08 13:50:00-05:00,471.78,471.6453571428571,-0.1346428571428646,0.12464285714287371,-1.0802292263609479,-15.464285714286461,stop
2024-01-08,1,2024-01-08 13:55:00-05:00,2024-01-08 14:10:00-05:00,471.77,472.38249999999994,0.6124999999999545,0.12250000000000227,4.999999999999536,59.24999999999545,target
2024-01-09,1,2024-01-09 13:05:00-05:00,2024-01-09 13:05:00-05:00,474.89,474.73,-0.15999999999996817,0.14999999999997726,-1.0666666666666162,-17.999999999996817,stop
2024-01-09,-1,2024-01-09 13:30:00-05:00,2024-01-09 13:45:00-05:00,473.8,473.97035714285715,-0.1703571428571422,0.1603571428571513,-1.0623608017816772,-19.03571428571422,stop
2024-01-09,-1,2024-01-09 15:45:00-05:00,2024-01-09 15:50:00-05:00,473.42,473.6217857142857,-0.20178571428567693,0.19178571428568603,-1.0521415270018224,-22.178571428567693,stop
2024-01-10,1,2024-01-10 12:25:00-05:00,2024-01-10 12:25:00-05:00,475.15,474.99392857142857,-0.15607142857140843,0.14607142857141753,-1.0684596577016543,-17.607142857140843,stop
2024-01-10,1,2024-01-10 12:30:00-05:00,2024-01-10 13:00:00-05:00,475.14,475.84892857142853,0.7089285714285438,0.1417857142857315,4.999999999999198,68.89285714285438,target
2024-01-11,1,2024-01-11 12:45:00-05:00,2024-01-11 13:50:00-05:00,473.82,475.2735714285714,1.453571428571422,0.29071428571427305,5.000000000000195,143.3571428571422,target
2024-01-12,-1,2024-01-12 12:05:00-05:00,2024-01-12 12:05:00-05:00,475.48,475.75178571428575,-0.27178571428572695,0.26178571428573605,-1.038199181446074,-29.178571428572695,stop
2024-01-12,1,2024-01-12 12:55:00-05:00,2024-01-12 12:55:00-05:00,476.4,476.17214285714283,-0.22785714285714675,0.21785714285715585,-1.0459016393442178,-24.785714285714675,stop
2024-01-12,1,2024-01-12 13:05:00-05:00,2024-01-12 14:35:00-05:00,476.42,476.1957142857143,-0.2242857142857133,0.2142857142857224,-1.0466666666666224,-24.42857142857133,stop
2024-01-16,-1,2024-01-16 12:05:00-05:00,2024-01-16 13:15:00-05:00,474.76,475.12857142857143,-0.36857142857144254,0.35857142857145163,-1.0278884462151123,-38.857142857144254,stop
2024-01-16,1,2024-01-16 13:20:00-05:00,2024-01-16 13:20:00-05:00,474.90999999999997,474.6871428571428,-0.2228571428571513,0.2128571428571604,-1.0469798657717655,-24.28571428571513,stop
2024-01-16,1,2024-01-16 13:30:00-05:00,2024-01-16 13:35:00-05:00,475.02,474.7857142857143,-0.23428571428570422,0.2242857142857133,-1.044585987261106,-25.42857142857042,stop
2024-01-17,-1,2024-01-17 12:05:00-05:00,2024-01-17 12:10:00-05:00,471.93,472.10571428571427,-0.17571428571426395,0.16571428571427305,-1.0603448275861567,-19.571428571426395,stop
2024-01-17,-1,2024-01-17 13:15:00-05:00,2024-01-17 13:35:00-05:00,471.19,470.2542857142857,0.9357142857143117,0.1871428571428737,4.999999999999696,91.57142857143117,target
2024-01-17,-1,2024-01-17 15:25:00-05:00,2024-01-17 15:25:00-05:00,470.76,470.9553571428571,-0.19535714285711947,0.18535714285712857,-1.0539499036608415,-21.535714285711947,stop
2024-01-18,-1,2024-01-18 13:10:00-05:00,2024-01-18 13:30:00-05:00,472.89,473.1403571428571,-0.2503571428571263,0.2403571428571354,-1.0416047548290868,-27.03571428571263,stop
2024-01-18,1,2024-01-18 15:30:00-05:00,2024-01-18 15:35:00-05:00,476.42,476.2007142857143,-0.21928571428571786,0.20928571428572695,-1.047781569965824,-23.928571428571786,stop
2024-01-18,1,2024-01-18 15:55:00-05:00,2024-01-18 15:55:00-05:00,476.59,476.3753571428571,-0.2146428571428487,0.2046428571428578,-1.0488656195462032,-23.46428571428487,stop
2024-01-19,1,2024-01-19 12:25:00-05:00,2024-01-19 12:55:00-05:00,479.13,480.0317857142857,0.9017857142857224,0.1803571428571331,5.000000000000315,88.17857142857224,target
2024-01-19,1,2024-01-19 15:05:00-05:00,2024-01-19 15:10:00-05:00,482.34,482.0828571428571,-0.2571428571428669,0.24714285714287598,-1.040462427745625,-27.71428571428669,stop
2024-01-19,-1,2024-01-19 15:45:00-05:00,2024-01-19 15:45:00-05:00,481.87,482.0917857142857,-0.22178571428571558,0.21178571428572468,-1.0472175379426192,-24.17857142857156,stop
2024-01-22,-1,2024-01-22 12:10:00-05:00,2024-01-22 12:10:00-05:00,483.44,483.62964285714287,-0.18964285714287143,0.17964285714288053,-1.0556660039760852,-20.964285714287143,stop
2024-01-22,-1,2024-01-22 13:05:00-05:00,2024-01-22 13:05:00-05:00,483.42,483.6121428571429,-0.19214285714286916,0.18214285714287826,-1.0549019607842574,-21.214285714286916,stop
2024-01-22,1,2024-01-22 15:20:00-05:00,2024-01-22 15:45:00-05:00,483.78999999999996,483.62249999999995,-0.1675000000000182,0.15750000000002728,-1.0634920634919947,-18.75000000000182,stop
2024-01-23,1,2024-01-23 12:55:00-05:00,2024-01-23 13:30:00-05:00,483.75,483.61285714285714,-0.13714285714286234,0.12714285714287143,-1.078651685393178,-15.714285714286234,stop
2024-01-23,1,2024-01-23 13:55:00-05:00,2024-01-23 13:55:00-05:00,483.99,483.8671428571429,-0.12285714285712857,0.11285714285713766,-1.0886075949366323,-14.285714285712857,stop
2024-01-23,1,2024-01-23 14:00:00-05:00,2024-01-23 14:00:00-05:00,483.98,483.85607142857145,-0.12392857142856428,0.11392857142857338,-1.0877742946707651,-14.392857142856428,stop
2024-01-24,1,2024-01-24 11:55:00-05:00,2024-01-24 12:10:00-05:00,488.24,488.02535714285716,-0.2146428571428487,0.2046428571428578,-1.0488656195462032,-23.46428571428487,stop
2024-01-24,1,2024-01-24 12:35:00-05:00,2024-01-24 12:35:00-05:00,488.59,488.40999999999997,-0.18000000000000682,0.17000000000001592,-1.0588235294117057,-20.000000000000682,stop
2024-01-24,-1,2024-01-24 15:15:00-05:00,2024-01-24 15:35:00-05:00,485.88,486.1125,-0.23250000000001592,0.222500000000025,-1.0449438202246732,-25.25000000000159,stop
2024-01-25,-1,2024-01-25 12:10:00-05:00,2024-01-25 12:15:00-05:00,486.81,487.0339285714286,-0.22392857142858702,0.21392857142859611,-1.0467445742904362,-24.392857142858702,stop
2024-01-25,-1,2024-01-25 13:20:00-05:00,2024-01-25 13:20:00-05:00,486.21000000000004,486.4364285714286,-0.22642857142858475,0.21642857142859384,-1.0462046204619995,-24.642857142858475,stop
2024-01-25,-1,2024-01-25 13:25:00-05:00,2024-01-25 13:25:00-05:00,486.1,486.33250000000004,-0.23250000000001592,0.222500000000025,-1.0449438202246732,-25.25000000000159,stop
2024-01-26,-1,2024-01-26 11:40:00-05:00,2024-01-26 11:45:00-05:00,488.22,488.4139285714286,-0.19392857142855746,0.18392857142856656,-1.054368932038787,-21.392857142855746,stop
2024-01-26,-1,2024-01-26 12:35:00-05:00,2024-01-26 12:45:00-05:00,487.91,487.03321428571434,0.8767857142856883,0.17535714285713766,5.0,85.67857142856883,target
2024-01-29,1,2024-01-29 12:25:00-05:00,2024-01-29 12:25:00-05:00,488.32,488.19107142857143,-0.12892857142855974,0.11892857142856883,-1.0840840840840094,-14.892857142855974,stop
2024-01-29,1,2024-01-29 12:35:00-05:00,2024-01-29 12:45:00-05:00,488.33,488.2060714285714,-0.12392857142856428,0.11392857142857338,-1.0877742946707651,-14.392857142856428,stop
2024-01-29,1,2024-01-29 14:10:00-05:00,2024-01-29 14:35:00-05:00,488.52,489.0235714285714,0.5035714285714334,0.10071428571427532,5.000000000000564,48.357142857143344,target
2024-01-30,1,2024-01-30 13:30:00-05:00,2024-01-30 13:40:00-05:00,490.93,490.7807142857143,-0.14928571428572468,0.13928571428573377,-1.0717948717947965,-16.928571428572468,stop
2024-01-30,1,2024-01-30 14:25:00-05:00,2024-01-30 15:05:00-05:00,491.18,491.0396428571429,-0.14035714285711265,0.13035714285712174,-1.076712328767066,-16.035714285711265,stop
2024-01-30,-1,2024-01-30 15:35:00-05:00,2024-01-30 15:40:00-05:00,490.99,491.1257142857143,-0.13571428571430033,0.12571428571430943,-1.079545454545367,-15.571428571430033,stop
2024-01-31,1,2024-01-31 13:10:00-05:00,2024-01-31 13:10:00-05:00,487.51,487.3335714285714,-0.17642857142857338,0.16642857142858247,-1.0600858369098125,-19.642857142857338,stop
2024-01-31,1,2024-01-31 13:20:00-05:00,2024-01-31 13:20:00-05:00,487.65,487.48071428571427,-0.1692857142857065,0.15928571428571558,-1.0627802690582384,-18.92857142857065,stop
2024-01-31,1,2024-01-31 13:50:00-05:00,2024-01-31 13:50:00-05:00,487.65999999999997,487.49071428571426,-0.1692857142857065,0.15928571428571558,-1.0627802690582384,-18.92857142857065,stop
2024-02-01,1,2024-02-01 12:50:00-05:00,2024-02-01 13:00:00-05:00,487.32,487.09250000000003,-0.22749999999996362,0.21749999999997272,-1.0459770114942168,-24.749999999996362,stop
2024-02-01,1,2024-02-01 14:05:00-05:00,2024-02-01 14:15:00-05:00,487.52,487.22249999999997,-0.29750000000001364,0.28750000000002274,-1.0347826086956178,-31.750000000001364,stop
2024-02-01,1,2024-02-01 14:50:00-05:00,2024-02-01 15:55:00-05:00,488.26,489.22,0.9600000000000364,0.22107142857140616,4.342487883683965,94.00000000000364,time
2024-02-02,1,2024-02-02 12:30:00-05:00,2024-02-02 12:40:00-05:00,494.39,494.13,-0.2599999999999909,0.25,-1.0399999999999636,-27.99999999999909,stop
2024-02-02,-1,2024-02-02 12:45:00-05:00,2024-02-02 12:45:00-05:00,492.74,493.0382142857143,-0.2982142857142662,0.2882142857142753,-1.034696406443588,-31.821428571426623,stop
2024-02-02,1,2024-02-02 14:05:00-05:00,2024-02-02 15:55:00-05:00,494.71,494.4064285714286,-0.30357142857138797,0.29357142857139706,-1.0340632603406053,-32.3571428571388,stop
2024-02-05,1,2024-02-05 12:10:00-05:00,2024-02-05 12:20:00-05:00,492.38,492.18964285714287,-0.19035714285712402,0.1803571428571331,-1.055445544554408,-21.0357142857124,stop
2024-02-05,1,2024-02-05 13:15:00-05:00,2024-02-05 13:15:00-05:00,493.49,493.31678571428574,-0.17321428571426623,0.16321428571427532,-1.0612691466082633,-19.321428571426623,stop
2024-02-05,-1,2024-02-05 13:30:00-05:00,2024-02-05 13:30:00-05:00,492.6,492.79321428571427,-0.19321428571424804,0.18321428571425713,-1.0545808966861188,-21.321428571424804,stop
2024-02-06,1,2024-02-06 13:35:00-05:00,2024-02-06 14:05:00-05:00,493.09999999999997,492.89714285714285,-0.20285714285711265,0.19285714285712174,-1.0518518518518103,-22.285714285711265,stop
2024-02-07,1,2024-02-07 12:05:00-05:00,2024-02-07 12:10:00-05:00,497.65999999999997,497.4535714285714,-0.2064285714285461,0.1964285714285552,-1.0509090909090488,-22.64285714285461,stop
2024-02-07,1,2024-02-07 13:15:00-05:00,2024-02-07 15:55:00-05:00,497.76,498.04,0.28000000000002956,0.2074999999999818,1.3493975903617066,26.000000000002956,time
2024-02-08,1,2024-02-08 12:15:00-05:00,2024-02-08 12:40:00-05:00,497.88,497.72964285714284,-0.1503571428571604,0.1403571428571695,-1.071246819338344,-17.03571428571604,stop
2024-02-08,1,2024-02-08 15:00:00-05:00,2024-02-08 15:45:00-05:00,498.25,498.1146428571429,-0.1353571428571172,0.1253571428571263,-1.0797720797720178,-15.53571428571172,stop
2024-02-09,-1,2024-02-09 11:35:00-05:00,2024-02-09 11:40:00-05:00,499.58,499.73249999999996,-0.152499999999975,0.14249999999998408,-1.0701754385964353,-17.2499999999975,stop
2024-02-09,1,2024-02-09 12:30:00-05:00,2024-02-09 12:30:00-05:00,500.14,500.00142857142856,-0.13857142857142435,0.12857142857143344,-1.077777777777704,-15.857142857142435,stop
2024-02-09,1,2024-02-09 14:05:00-05:00,2024-02-09 14:05:00-05:00,500.88,500.76142857142855,-0.11857142857144254,0.10857142857145163,-1.0921052631577914,-13.857142857144254,stop
2024-02-12,-1,2024-02-12 12:40:00-05:00,2024-02-12 12:45:00-05:00,502.83,502.9889285714285,-0.15892857142853245,0.14892857142854155,-1.0671462829735736,-17.892857142853245,stop
2024-02-12,1,2024-02-12 13:20:00-05:00,2024-02-12 13:20:00-05:00,503.43,503.3025,-0.12749999999999773,0.11750000000000682,-1.0851063829786411,-14.749999999999773,stop
2024-02-13,1,2024-02-13 11:40:00-05:00,2024-02-13 11:40:00-05:00,495.78,495.53749999999997,-0.24250000000000682,0.23250000000001592,-1.04301075268813,-26.250000000000682,stop
2024-02-13,-1,2024-02-13 12:10:00-05:00,2024-02-13 12:15:00-05:00,494.77,494.9785714285714,-0.20857142857141753,0.19857142857142662,-1.0503597122301704,-22.857142857141753,stop
2024-02-13,-1,2024-02-13 13:00:00-05:00,2024-02-13 14:00:00-05:00,494.31,493.3546428571429,0.9553571428571104,0.19107142857143344,4.9999999999997025,93.53571428571104,target
2024-02-14,-1,2024-02-14 12:00:00-05:00,2024-02-14 12:15:00-05:00,495.34000000000003,495.6203571428572,-0.28035714285715585,0.27035714285716494,-1.0369881109642962,-30.035714285715585,stop
2024-02-14,1,2024-02-14 13:35:00-05:00,2024-02-14 13:55:00-05:00,496.46999999999997,496.25892857142856,-0.21107142857141525,0.20107142857142435,-1.0497335701598136,-23.107142857141525,stop
2024-02-14,1,2024-02-14 15:40:00-05:00,2024-02-14 15:55:00-05:00,498.09,498.62,0.5300000000000296,0.2146428571428487,2.4692179700501518,51.000000000002956,time
2024-02-15,1,2024-02-15 13:10:00-05:00,2024-02-15 13:30:00-05:00,500.73,501.5264285714286,0.7964285714285779,0.15928571428571558,5.0,77.64285714285779,target
2024-02-15,1,2024-02-15 14:50:00-05:00,2024-02-15 14:50:00-05:00,501.95,501.76,-0.18999999999999773,0.18000000000000682,-1.055555555555503,-20.999999999999773,stop
2024-02-16,-1,2024-02-16 13:00:00-05:00,2024-02-16 13:05:00-05:00,501.82,501.09142857142854,0.7285714285714562,0.14571428571429124,5.0,70.85714285714562,target
2024-02-16,-1,2024-02-16 14:50:00-05:00,2024-02-16 15:00:00-05:00,500.49,500.6978571428571,-0.2078571428571081,0.1978571428571172,-1.050541516245448,-22.78571428571081,stop
2024-02-20,-1,2024-02-20 11:55:00-05:00,2024-02-20 12:00:00-05:00,496.21000000000004,495.31178571428575,0.898214285714289,0.17964285714288053,4.999999999999367,87.8214285714289,target
2024-02-20,1,2024-02-20 13:25:00-05:00,2024-02-20 13:25:00-05:00,495.83,495.57964285714286,-0.2503571428571263,0.2403571428571354,-1.0416047548290868,-27.03571428571263,stop
2024-02-20,1,2024-02-20 14:00:00-05:00,2024-02-20 14:00:00-05:00,495.90999999999997,495.67321428571427,-0.23678571428570194,0.22678571428571104,-1.044094488188937,-25.678571428570194,stop
2024-02-21,-1,2024-02-21 12:10:00-05:00,2024-02-21 12:50:00-05:00,495.23,495.4196428571429,-0.18964285714287143,0.17964285714288053,-1.0556660039760852,-20.964285714287143,stop
2024-02-21,1,2024-02-21 13:20:00-05:00,2024-02-21 13:20:00-05:00,495.57,495.35214285714284,-0.21785714285715585,0.20785714285716494,-1.04810996563569,-23.785714285715585,stop
2024-02-21,1,2024-02-21 14:05:00-05:00,2024-02-21 14:10:00-05:00,495.65999999999997,495.41464285714284,-0.24535714285713084,0.23535714285713993,-1.0424886191198406,-26.535714285713084,stop
2024-02-22,1,2024-02-22 12:25:00-05:00,2024-02-22 12:40:00-05:00,505.93,505.73428571428576,-0.19571428571424576,0.18571428571425486,-1.053846153846114,-21.571428571424576,stop
2024-02-22,1,2024-02-22 15:40:00-05:00,2024-02-22 15:40:00-05:00,508.07,507.83035714285717,-0.23964285714282596,0.22964285714283506,-1.0435458786935883,-25.964285714282596,stop
2024-02-23,1,2024-02-23 13:20:00-05:00,2024-02-23 13:30:00-05:00,508.89,508.6878571428571,-0.20214285714286007,0.19214285714286916,-1.0520446096653768,-22.214285714286007,stop
2024-02-23,1,2024-02-23 15:50:00-05:00,2024-02-23 15:50:00-05:00,508.63,508.43285714285713,-0.1971428571428646,0.1871428571428737,-1.0534351145037635,-21.71428571428646,stop
2024-02-26,1,2024-02-26 11:55:00-05:00,2024-02-26 11:55:00-05:00,507.86,507.68607142857144,-0.17392857142857565,0.16392857142858475,-1.061002178649177,-19.392857142857565,stop
2024-02-26,-1,2024-02-26 12:45:00-05:00,2024-02-26 13:05:00-05:00,507.33,507.4764285714285,-0.14642857142854382,0.1364285714285529,-1.073298429319315,-16.642857142854382,stop
2024-02-26,-1,2024-02-26 15:35:00-05:00,2024-02-26 15:35:00-05:00,506.48,506.6671428571429,-0.1871428571428737,0.1771428571428828,-1.0564516129031662,-20.71428571428737,stop
2024-02-27,-1,2024-02-27 12:25:00-05:00,2024-02-27 12:25:00-05:00,505.37,505.52285714285716,-0.15285714285715812,0.14285714285716722,-1.0699999999999243,-17.285714285715812,stop
2024-02-27,1,2024-02-27 14:00:00-05:00,2024-02-27 14:35:00-05:00,505.8,506.5642857142857,0.7642857142856769,0.15285714285715812,4.999999999999257,74.4285714285677,target
2024-02-27,1,2024-02-27 15:25:00-05:00,2024-02-27 15:25:00-05:00,506.7,506.5435714285714,-0.15642857142859157,0.14642857142860066,-1.0682926829267536,-17.642857142859157,stop
2024-02-28,-1,2024-02-28 12:10:00-05:00,2024-02-28 12:10:00-05:00,506.38,506.5317857142857,-0.1517857142857224,0.1417857142857315,-1.0705289672543354,-17.17857142857224,stop
2024-02-28,-1,2024-02-28 12:20:00-05:00,2024-02-28 12:35:00-05:00,506.16,505.49928571428575,0.6607142857142776,0.1321428571428669,4.99999999999957,64.07142857142776,target
2024-02-28,1,2024-02-28 15:30:00-05:00,2024-02-28 15:35:00-05:00,506.13,505.9510714285714,-0.1789285714285711,0.1689285714285802,-1.0591966173360954,-19.89285714285711,stop
2024-02-29,1,2024-02-29 12:50:00-05:00,2024-02-29 14:15:00-05:00,507.15,508.1821428571428,1.0321428571428442,0.2064285714285461,5.000000000000551,101.21428571428442,target
2024-03-01,1,2024-03-01 12:15:00-05:00,2024-03-01 13:25:00-05:00,511.3,512.2357142857143,0.9357142857142549,0.1871428571428737,4.9999999999993925,91.57142857142549,target
2024-03-01,1,2024-03-01 13:30:00-05:00,2024-03-01 13:30:00-05:00,512.14,511.98571428571427,-0.15428571428572013,0.14428571428572923,-1.0693069306929992,-17.428571428572013,stop
2024-03-01,1,2024-03-01 13:35:00-05:00,2024-03-01 13:35:00-05:00,512.2,512.0467857142858,-0.15321428571428442,0.1432142857142935,-1.0698254364089101,-17.32142857142844,stop
2024-03-04,1,2024-03-04 12:15:00-05:00,2024-03-04 13:20:00-05:00,512.77,512.6332142857143,-0.1367857142856792,0.1267857142856883,-1.078873239436564,-15.67857142856792,stop
2024-03-04,1,2024-03-04 14:20:00-05:00,2024-03-04 14:20:00-05:00,513.0,512.8792857142857,-0.12071428571425713,0.11071428571426623,-1.0903225806450951,-14.071428571425713,stop
2024-03-04,1,2024-03-04 14:35:00-05:00,2024-03-04 14:35:00-05:00,513.11,513.6528571428571,0.5428571428570876,0.10857142857139479,5.000000000001047,52.285714285708764,target
2024-03-05,-1,2024-03-05 11:45:00-05:00,2024-03-05 11:45:00-05:00,507.29,507.53607142857146,-0.24607142857144026,0.23607142857144936,-1.04236006051433,-26.607142857144026,stop
2024-03-05,-1,2024-03-05 13:20:00-05:00,2024-03-05 13:20:00-05:00,507.48,507.68142857142857,-0.20142857142855064,0.19142857142855974,-1.0522388059701049,-22.142857142855064,stop
2024-03-05,1,2024-03-05 15:50:00-05:00,2024-03-05 15:50:00-05:00,506.38,506.12285714285713,-0.2571428571428669,0.24714285714287598,-1.040462427745625,-27.71428571428669,stop
2024-03-06,1,2024-03-06 12:15:00-05:00,2024-03-06 12:15:00-05:00,511.89,511.6775,-0.21249999999997726,0.20249999999998636,-1.0493827160493412,-23.249999999997726,stop
2024-03-06,1,2024-03-06 12:20:00-05:00,2024-03-06 12:40:00-05:00,511.75,511.5396428571429,-0.21035714285710583,0.20035714285711492,-1.0499108734402467,-23.035714285710583,stop
2024-03-06,-1,2024-03-06 12:55:00-05:00,2024-03-06 12:55:00-05:00,511.17,511.3539285714286,-0.18392857142856656,0.17392857142857565,-1.0574948665297204,-20.392857142856656,stop
2024-03-07,1,2024-03-07 12:00:00-05:00,2024-03-07 12:00:00-05:00,514.63,514.4335714285714,-0.1964285714285552,0.18642857142856428,-1.0536398467432484,-21.64285714285552,stop
2024-03-07,1,2024-03-07 12:05:00-05:00,2024-03-07 12:05:00-05:00,514.61,514.4182142857143,-0.19178571428574287,0.18178571428575196,-1.0550098231826497,-21.178571428574287,stop
2024-03-07,1,2024-03-07 12:20:00-05:00,2024-03-07 12:20:00-05:00,514.87,514.6817857142858,-0.18821428571425258,0.17821428571426168,-1.0561122244488543,-20.82142857142526,stop
2024-03-08,-1,2024-03-08 12:55:00-05:00,2024-03-08 13:05:00-05:00,512.83,513.2407142857143,-0.41071428571422075,0.40071428571422985,-1.0249554367201235,-43.071428571422075,stop
2024-03-08,-1,2024-03-08 15:30:00-05:00,2024-03-08 15:30:00-05:00,511.92,512.24,-0.3199999999999932,0.3100000000000023,-1.0322580645160995,-33.99999999999932,stop
2024-03-11,1,2024-03-11 12:00:00-04:00,2024-03-11 12:00:00-04:00,510.84999999999997,510.57142857142856,-0.2785714285714107,0.2685714285714198,-1.0372340425531588,-29.85714285714107,stop
2024-03-11,1,2024-03-11 12:55:00-04:00,2024-03-11 13:00:00-04:00,511.09999999999997,510.8614285714285,-0.2385714285714471,0.22857142857145618,-1.0437499999999549,-25.85714285714471,stop
2024-03-11,-1,2024-03-11 13:15:00-04:00,2024-03-11 13:15:00-04:00,510.37,510.5917857142857,-0.22178571428571558,0.21178571428572468,-1.0472175379426192,-24.17857142857156,stop
2024-03-12,-1,2024-03-12 11:50:00-04:00,2024-03-12 11:50:00-04:00,515.49,515.7575,-0.2675000000000409,0.25750000000005,-1.0388349514562678,-28.750000000004093,stop
2024-03-12,-1,2024-03-12 12:05:00-04:00,2024-03-12 12:05:00-04:00,515.19,515.4625000000001,-0.2725000000000364,0.2625000000000455,-1.0380952380951969,-29.250000000003638,stop
2024-03-12,1,2024-03-12 14:25:00-04:00,2024-03-12 14:40:00-04:00,516.1899999999999,515.9653571428571,-0.2246428571428396,0.2146428571428487,-1.0465890183027882,-24.46428571428396,stop
2024-03-13,-1,2024-03-13 11:30:00-04:00,2024-03-13 11:30:00-04:00,516.05,516.2510714285713,-0.2010714285713675,0.1910714285713766,-1.0523364485980975,-22.10714285713675,stop
2024-03-13,1,2024-03-13 13:05:00-04:00,2024-03-13 14:55:00-04:00,516.74,516.5885714285714,-0.15142857142859611,0.1414285714286052,-1.0707070707069894,-17.14285714285961,stop
2024-03-14,-1,2024-03-14 11:25:00-04:00,2024-03-14 11:35:00-04:00,514.28,514.5928571428572,-0.31285714285718313,0.30285714285719223,-1.033018867924493,-33.28571428571831,stop
2024-03-14,-1,2024-03-14 12:10:00-04:00,2024-03-14 12:20:00-04:00,513.99,514.2871428571428,-0.2971428571428305,0.2871428571428396,-1.0348258706467366,-31.71428571428305,stop
2024-03-14,-1,2024-03-14 14:55:00-04:00,2024-03-14 15:05:00-04:00,514.1,512.9589285714286,1.141071428571422,0.2282142857143299,4.9999999999990035,112.10714285714221,target
2024-03-15,-1,2024-03-15 11:45:00-04:00,2024-03-15 12:50:00-04:00,509.94,508.5882142857143,1.351785714285711,0.27035714285716494,4.99999999999958,133.1785714285711,target
2024-03-15,-1,2024-03-15 12:55:00-04:00,2024-03-15 13:00:00-04:00,508.45,508.6692857142857,-0.21928571428571786,0.20928571428572695,-1.047781569965824,-23.928571428571786,stop
2024-03-15,1,2024-03-15 13:25:00-04:00,2024-03-15 13:25:00-04:00,509.69,509.45714285714286,-0.2328571428571422,0.2228571428571513,-1.0448717948717523,-25.28571428571422,stop
2024-03-18,-1,2024-03-18 11:15:00-04:00,2024-03-18 12:50:00-04:00,514.62,513.6146428571428,1.0053571428571786,0.2010714285714812,4.999999999998869,98.53571428571786,target
2024-03-18,-1,2024-03-18 15:55:00-04:00,2024-03-18 15:55:00-04:00,512.78,512.9599999999999,-0.17999999999994998,0.16999999999995907,-1.0588235294117254,-19.999999999994998,stop
2024-03-19,1,2024-03-19 14:40:00-04:00,2024-03-19 14:50:00-04:00,515.2,515.0235714285715,-0.17642857142857338,0.16642857142858247,-1.0600858369098125,-19.642857142857338,stop
2024-03-20,-1,2024-03-20 12:15:00-04:00,2024-03-20 12:15:00-04:00,515.5600000000001,515.6860714285715,-0.12607142857143572,0.11607142857144481,-1.0861538461537557,-14.607142857143572,stop
2024-03-20,1,2024-03-20 12:50:00-04:00,2024-03-20 13:00:00-04:00,515.99,515.8635714285715,-0.12642857142850517,0.11642857142851426,-1.0858895705521112,-14.642857142850517,stop
2024-03-21,1,2024-03-21 12:30:00-04:00,2024-03-21 12:30:00-04:00,524.01,523.8725,-0.13750000000004547,0.12750000000005457,-1.0784313725489147,-15.750000000004547,stop
2024-03-21,-1,2024-03-21 12:45:00-04:00,2024-03-21 12:45:00-04:00,523.52,523.6625,-0.14250000000004093,0.13250000000005002,-1.0754716981131105,-16.250000000004093,stop
2024-03-21,-1,2024-03-21 13:05:00-04:00,2024-03-21 13:05:00-04:00,523.42,523.5692857142857,-0.14928571428572468,0.13928571428573377,-1.0717948717947965,-16.928571428572468,stop
2024-03-22,-1,2024-03-22 12:35:00-04:00,2024-03-22 12:35:00-04:00,521.1,521.2382142857143,-0.13821428571429806,0.12821428571430715,-1.0779944289692753,-15.821428571429806,stop
2024-03-22,-1,2024-03-22 14:50:00-04:00,2024-03-22 14:50:00-04:00,522.01,522.1435714285715,-0.13357142857148574,0.12357142857149483,-1.0809248554912125,-15.357142857148574,stop
2024-03-22,-1,2024-03-22 14:55:00-04:00,2024-03-22 14:55:00-04:00,522.0,522.1317857142857,-0.13178571428568375,0.12178571428569285,-1.0821114369500864,-15.178571428568375,stop
2024-03-25,-1,2024-03-25 12:05:00-04:00,2024-03-25 12:10:00-04:00,520.34,520.4810714285715,-0.14107142857142208,0.13107142857143117,-1.0762942779290845,-16.107142857142208,stop
2024-03-25,1,2024-03-25 13:45:00-04:00,2024-03-25 13:45:00-04:00,520.66,520.5421428571428,-0.11785714285713311,0.10785714285714221,-1.0927152317879958,-13.785714285713311,stop
2024-03-25,1,2024-03-25 14:00:00-04:00,2024-03-25 14:00:00-04:00,520.68,520.5660714285714,-0.11392857142857338,0.10392857142858247,-1.0962199312713798,-13.392857142857338,stop
2024-03-26,1,2024-03-26 11:55:00-04:00,2024-03-26 12:00:00-04:00,521.41,521.2964285714286,-0.11357142857139024,0.10357142857139934,-1.0965517241378704,-13.357142857139024,stop
2024-03-26,-1,2024-03-26 12:25:00-04:00,2024-03-26 12:25:00-04:00,521.0,521.1075,-0.10749999999995907,0.09749999999996817,-1.1025641025640427,-12.749999999995907,stop
2024-03-26,-1,2024-03-26 13:45:00-04:00,2024-03-26 13:55:00-04:00,520.67,520.7785714285714,-0.10857142857139479,0.09857142857140389,-1.101449275362252,-12.857142857139479,stop
2024-03-27,-1,2024-03-27 11:30:00-04:00,2024-03-27 11:35:00-04:00,519.7,519.8778571428571,-0.17785714285707854,0.16785714285708764,-1.0595744680850718,-19.785714285707854,stop
2024-03-27,-1,2024-03-27 12:00:00-04:00,2024-03-27 12:00:00-04:00,519.53,519.6832142857143,-0.15321428571428442,0.1432142857142935,-1.0698254364089101,-17.32142857142844,stop
2024-03-27,1,2024-03-27 12:25:00-04:00,2024-03-27 13:10:00-04:00,520.03,519.8860714285714,-0.1439285714285461,0.1339285714285552,-1.0746666666666078,-16.39285714285461,stop
2024-03-28,1,2024-03-28 11:20:00-04:00,2024-03-28 11:35:00-04:00,523.5699999999999,523.4285714285713,-0.1414285714286052,0.1314285714286143,-1.076086956521645,-16.14285714286052,stop
2024-03-28,-1,2024-03-28 12:20:00-04:00,2024-03-28 12:20:00-04:00,523.24,523.3525,-0.11249999999995453,0.10249999999996362,-1.097560975609702,-13.249999999995453,stop
2024-03-28,-1,2024-03-28 13:35:00-04:00,2024-03-28 13:35:00-04:00,523.04,523.1742857142857,-0.13428571428573832,0.12428571428574742,-1.080459770114848,-15.428571428573832,stop
2024-04-01,-1,2024-04-01 11:55:00-04:00,2024-04-01 12:00:00-04:00,521.24,521.4475,-0.2074999999999818,0.1974999999999909,-1.0506329113923614,-22.74999999999818,stop
2024-04-01,-1,2024-04-01 13:20:00-04:00,2024-04-01 13:25:00-04:00,521.47,521.5914285714285,-0.12142857142850971,0.11142857142851881,-1.0897435897435506,-14.142857142850971,stop
2024-04-01,1,2024-04-01 14:25:00-04:00,2024-04-01 14:25:00-04:00,522.01,521.8489285714286,-0.16107142857140389,0.15107142857141298,-1.0661938534278426,-18.10714285714039,stop
2024-04-02,-1,2024-04-02 12:15:00-04:00,2024-04-02 12:15:00-04:00,516.96,517.13,-0.16999999999995907,0.15999999999996817,-1.0624999999999556,-18.999999999995907,stop
2024-04-02,1,2024-04-02 12:50:00-04:00,2024-04-02 12:50:00-04:00,517.91,517.7464285714285,-0.16357142857145845,0.15357142857146755,-1.0651162790696918,-18.357142857145845,stop
2024-04-02,1,2024-04-02 14:20:00-04:00,2024-04-02 14:20:00-04:00,518.03,517.895,-0.1349999999999909,0.125,-1.0799999999999272,-15.49999999999909,stop
2024-04-03,-1,2024-04-03 11:55:00-04:00,2024-04-03 12:20:00-04:00,520.28,520.4032142857143,-0.1232142857143117,0.1132142857143208,-1.0883280757096714,-14.32142857143117,stop
2024-04-03,1,2024-04-03 13:50:00-04:00,2024-04-03 13:55:00-04:00,520.67,520.5035714285714,-0.16642857142858247,0.15642857142859157,-1.0639269406392031,-18.642857142858247,stop
2024-04-03,1,2024-04-03 14:10:00-04:00,2024-04-03 14:10:00-04:00,520.71,520.5842857142858,-0.12571428571425258,0.11571428571426168,-1.086419753086359,-14.571428571425258,stop
2024-04-04,-1,2024-04-04 13:05:00-04:00,2024-04-04 13:05:00-04:00,523.22,523.3357142857143,-0.11571428571426168,0.10571428571427077,-1.094594594594522,-13.571428571426168,stop
2024-04-04,-1,2024-04-04 13:20:00-04:00,2024-04-04 13:40:00-04:00,523.27,522.8057142857143,0.46428571428566556,0.09285714285715585,4.999999999998776,44.428571428566556,target
2024-04-05,1,2024-04-05 13:00:00-04:00,2024-04-05 13:00:00-04:00,520.34,520.0932142857143,-0.24678571428569285,0.23678571428570194,-1.042232277526359,-26.678571428569285,stop
2024-04-05,-1,2024-04-05 13:10:00-04:00,2024-04-05 13:30:00-04:00,519.15,519.4139285714285,-0.26392857142855064,0.25392857142855974,-1.03938115330517,-28.392857142855064,stop
2024-04-05,1,2024-04-05 15:35:00-04:00,2024-04-05 15:35:00-04:00,518.96,518.62,-0.34000000000003183,0.3300000000000409,-1.030303030302999,-36.00000000000318,stop
2024-04-08,-1,2024-04-08 11:35:00-04:00,2024-04-08 11:55:00-04:00,519.32,518.3325000000001,0.9874999999999545,0.1974999999999909,5.0,96.74999999999545,target
2024-04-08,1,2024-04-08 13:00:00-04:00,2024-04-08 13:00:00-04:00,519.4399999999999,519.2107142857142,-0.2292857142857656,0.2192857142857747,-1.0456026058631382,-24.92857142857656,stop
2024-04-08,-1,2024-04-08 13:50:00-04:00,2024-04-08 13:50:00-04:00,518.78,518.9442857142857,-0.16428571428571104,0.15428571428572013,-1.0648148148147534,-18.428571428571104,stop
2024-04-09,1,2024-04-09 12:05:00-04:00,2024-04-09 12:05:00-04:00,517.09,516.7710714285715,-0.3189285714285006,0.3089285714285097,-1.032369942196509,-33.89285714285006,stop
2024-04-09,1,2024-04-09 12:15:00-04:00,2024-04-09 12:50:00-04:00,517.41,517.1078571428571,-0.30214285714282596,0.29214285714283506,-1.0342298288508271,-32.214285714282596,stop
2024-04-09,-1,2024-04-09 12:55:00-04:00,2024-04-09 12:55:00-04:00,516.62,516.8471428571429,-0.22714285714289417,0.21714285714290327,-1.0460526315788956,-24.714285714289417,stop
2024-04-10,-1,2024-04-10 12:15:00-04:00,2024-04-10 12:15:00-04:00,513.01,513.2932142857143,-0.28321428571427987,0.27321428571428896,-1.0366013071895088,-30.321428571427987,stop
2024-04-10,1,2024-04-10 12:50:00-04:00,2024-04-10 13:00:00-04:00,513.66,513.4478571428572,-0.21214285714279413,0.20214285714280322,-1.049469964664279,-23.214285714279413,stop
2024-04-10,-1,2024-04-10 15:00:00-04:00,2024-04-10 15:00:00-04:00,512.62,513.0771428571428,-0.4571428571427987,0.44714285714280777,-1.0223642172523784,-47.71428571427987,stop
2024-04-11,1,2024-04-11 11:40:00-04:00,2024-04-11 12:20:00-04:00,514.12,515.5039285714286,1.3839285714285552,0.27678571428566556,5.000000000000822,136.39285714285552,target
2024-04-11,1,2024-04-11 13:05:00-04:00,2024-04-11 13:15:00-04:00,516.16,517.4975,1.3374999999999773,0.2675000000000409,4.99999999999915,131.74999999999773,target
2024-04-12,1,2024-04-12 11:50:00-04:00,2024-04-12 11:50:00-04:00,513.92,513.6082142857142,-0.3117857142857474,0.3017857142857565,-1.0331360946745214,-33.17857142857474,stop
2024-04-12,-1,2024-04-12 12:15:00-04:00,2024-04-12 12:35:00-04:00,512.63,511.26928571428573,1.3607142857142662,0.27214285714285325,5.0,134.07142857142662,target
2024-04-12,1,2024-04-12 14:10:00-04:00,2024-04-12 14:10:00-04:00,511.19,510.8507142857143,-0.3392857142857224,0.3292857142857315,-1.0303687635574545,-35.92857142857224,stop
2024-04-15,1,2024-04-15 11:55:00-04:00,2024-04-15 11:55:00-04:00,512.5699999999999,512.25,-0.31999999999993634,0.30999999999994543,-1.0322580645161055,-33.99999999999363,stop
2024-04-15,-1,2024-04-15 14:55:00-04:00,2024-04-15 14:55:00-04:00,504.49,504.91857142857145,-0.4285714285714448,0.4185714285714539,-1.023890784982912,-44.85714285714448,stop
2024-04-15,-1,2024-04-15 15:20:00-04:00,2024-04-15 15:20:00-04:00,503.66,504.06857142857143,-0.40857142857140616,0.39857142857141525,-1.025089605734745,-42.857142857140616,stop
2024-04-16,1,2024-04-16 11:30:00-04:00,2024-04-16 11:30:00-04:00,504.2,503.8457142857143,-0.35428571428570876,0.34428571428571786,-1.0290456431535002,-37.428571428570876,stop
2024-04-16,1,2024-04-16 11:35:00-04:00,2024-04-16 11:35:00-04:00,504.13,503.7914285714286,-0.338571428571413,0.3285714285714221,-1.0304347826086686,-35.8571428571413,stop
2024-04-16,1,2024-04-16 11:45:00-04:00,2024-04-16 11:45:00-04:00,504.38,504.0657142857143,-0.3142857142856883,0.3042857142856974,-1.03286384976523,-33.42857142856883,stop
2024-04-17,-1,2024-04-17 12:45:00-04:00,2024-04-17 12:45:00-04:00,499.41,499.75607142857143,-0.34607142857140616,0.33607142857141525,-1.0297555791710686,-36.607142857140616,stop
2024-04-17,1,2024-04-17 13:20:00-04:00,2024-04-17 14:40:00-04:00,501.34,503.06321428571425,1.7232142857142776,0.34464285714284415,5.000000000000165,170.32142857142776,target
2024-04-18,-1,2024-04-18 12:10:00-04:00,2024-04-18 12:10:00-04:00,502.45,502.70214285714286,-0.25214285714287143,0.24214285714288053,-1.0412979351032032,-27.214285714287143,stop
2024-04-18,-1,2024-04-18 14:35:00-04:00,2024-04-18 14:35:00-04:00,498.66,499.06964285714287,-0.4096428571428419,0.39964285714285097,-1.0250223413762065,-42.96428571428419,stop
2024-04-18,1,2024-04-18 15:35:00-04:00,2024-04-18 15:35:00-04:00,500.2,499.82964285714286,-0.37035714285713084,0.36035714285713993,-1.0277502477700444,-39.035714285713084,stop
2024-04-19,1,2024-04-19 13:55:00-04:00,2024-04-19 13:55:00-04:00,498.3,497.93392857142857,-0.3660714285714448,0.3560714285714539,-1.0280842527582472,-38.60714285714448,stop
2024-04-19,-1,2024-04-19 14:05:00-04:00,2024-04-19 14:05:00-04:00,496.31,496.71035714285716,-0.4003571428571604,0.3903571428571695,-1.0256175663311735,-42.03571428571604,stop
2024-04-19,-1,2024-04-19 14:30:00-04:00,2024-04-19 14:30:00-04:00,495.45,495.88964285714286,-0.43964285714287143,0.42964285714288053,-1.0232751454696367,-45.96428571428714,stop
2024-04-22,1,2024-04-22 13:00:00-04:00,2024-04-22 13:25:00-04:00,498.43,499.51750000000004,1.087500000000034,0.21750000000002956,4.999999999999477,106.75000000000341,target
2024-04-22,-1,2024-04-22 14:55:00-04:00,2024-04-22 14:55:00-04:00,500.86,501.15,-0.2899999999999636,0.2799999999999727,-1.0357142857142567,-30.999999999996362,stop
2024-04-22,-1,2024-04-22 15:25:00-04:00,2024-04-22 15:25:00-04:00,500.42,500.6667857142857,-0.24678571428569285,0.23678571428570194,-1.042232277526359,-26.678571428569285,stop
2024-04-23,1,2024-04-23 12:25:00-04:00,2024-04-23 12:25:00-04:00,505.21,504.99535714285713,-0.2146428571428487,0.2046428571428578,-1.0488656195462032,-23.46428571428487,stop
2024-04-23,-1,2024-04-23 13:15:00-04:00,2024-04-23 13:15:00-04:00,504.81,505.0053571428571,-0.19535714285711947,0.18535714285712857,-1.0539499036608415,-21.535714285711947,stop
2024-04-23,1,2024-04-23 13:45:00-04:00,2024-04-23 13:45:00-04:00,505.75,505.54821428571427,-0.20178571428573377,0.19178571428574287,-1.052141527001807,-22.178571428573377,stop
2024-04-24,-1,2024-04-24 12:35:00-04:00,2024-04-24 12:35:00-04:00,503.32,503.61035714285714,-0.29035714285714675,0.28035714285715585,-1.035668789808883,-31.035714285714675,stop
2024-04-24,1,2024-04-24 13:00:00-04:00,2024-04-24 13:00:00-04:00,504.33,504.07,-0.2599999999999909,0.25,-1.0399999999999636,-27.99999999999909,stop
2024-04-24,1,2024-04-24 13:15:00-04:00,2024-04-24 13:35:00-04:00,504.51,505.7082142857143,1.1982142857143003,0.2396428571428828,4.999999999999526,117.82142857143003,target
2024-04-25,1,2024-04-25 13:40:00-04:00,2024-04-25 13:40:00-04:00,502.95,502.67071428571427,-0.27928571428572013,0.2692857142857292,-1.0371352785145531,-29.928571428572013,stop
2024-04-26,1,2024-04-26 12:40:00-04:00,2024-04-26 12:40:00-04:00,509.23,509.03571428571433,-0.19428571428568375,0.18428571428569285,-1.0542635658914299,-21.428571428568375,stop
2024-04-26,1,2024-04-26 12:50:00-04:00,2024-04-26 14:15:00-04:00,509.19,508.99785714285713,-0.19214285714286916,0.18214285714287826,-1.0549019607842574,-21.214285714286916,stop
2024-04-29,-1,2024-04-29 11:35:00-04:00,2024-04-29 11:40:00-04:00,509.13,509.3285714285714,-0.19857142857142662,0.18857142857143572,-1.0530303030302528,-21.857142857142662,stop
2024-04-29,1,2024-04-29 12:30:00-04:00,2024-04-29 12:30:00-04:00,510.15999999999997,509.9971428571428,-0.16285714285714903,0.15285714285715812,-1.0654205607475975,-18.285714285714903,stop
2024-04-29,1,2024-04-29 13:30:00-04:00,2024-04-29 13:30:00-04:00,510.39,510.23535714285714,-0.15464285714284642,0.14464285714285552,-1.0691358024690738,-17.464285714284642,stop
2024-04-30,-1,2024-04-30 12:35:00-04:00,2024-04-30 12:35:00-04:00,505.32,505.5775,-0.2574999999999932,0.24750000000000227,-1.0404040404040034,-27.749999999999318,stop
2024-04-30,1,2024-04-30 13:40:00-04:00,2024-04-30 13:40:00-04:00,505.63,505.3432142857143,-0.2867857142857133,0.2767857142857224,-1.0361290322580305,-30.67857142857133,stop
2024-04-30,1,2024-04-30 13:50:00-04:00,2024-04-30 14:25:00-04:00,505.83,505.57928571428573,-0.2507142857142526,0.24071428571426168,-1.0415430267061978,-27.07142857142526,stop
2024-05-01,-1,2024-05-01 13:10:00-04:00,2024-05-01 13:20:00-04:00,500.22,500.4278571428572,-0.20785714285716494,0.19785714285717404,-1.0505415162454335,-22.785714285716494,stop
2024-05-02,1,2024-05-02 13:10:00-04:00,2024-05-02 13:25:00-04:00,502.87,504.0289285714286,1.1589285714285893,0.2317857142857065,5.000000000000245,113.89285714285893,target
2024-05-02,-1,2024-05-02 15:40:00-04:00,2024-05-02 15:55:00-04:00,504.51,504.8010714285714,-0.29107142857139934,0.28107142857140843,-1.0355781448538457,-31.107142857139934,stop
2024-05-03,1,2024-05-03 11:35:00-04:00,2024-05-03 15:55:00-04:00,510.32,511.28000000000003,0.9600000000000364,0.38892857142855064,2.468319559228876,94.00000000000364,time
2024-05-06,-1,2024-05-06 12:20:00-04:00,2024-05-06 12:25:00-04:00,513.98,514.0953571428572,-0.11535714285719223,0.10535714285720132,-1.0949152542371492,-13.535714285719223,stop
2024-05-06,-1,2024-05-06 15:30:00-04:00,2024-05-06 15:35:00-04:00,515.1,515.2507142857144,-0.15071428571434353,0.14071428571435263,-1.0710659898476174,-17.071428571434353,stop
2024-05-06,1,2024-05-06 15:50:00-04:00,2024-05-06 15:50:00-04:00,515.73,515.5839285714286,-0.14607142857141753,0.13607142857142662,-1.0734908136482282,-16.607142857141753,stop
2024-05-07,1,2024-05-07 12:10:00-04:00,2024-05-07 12:10:00-04:00,518.22,518.0821428571429,-0.13785714285711492,0.12785714285712402,-1.0782122905027336,-15.785714285711492,stop
2024-05-07,-1,2024-05-07 12:55:00-04:00,2024-05-07 12:55:00-04:00,517.73,517.8614285714286,-0.1314285714286143,0.1214285714286234,-1.0823529411763604,-15.14285714286143,stop
2024-05-07,1,2024-05-07 15:25:00-04:00,2024-05-07 15:30:00-04:00,517.22,517.0317857142858,-0.18821428571425258,0.17821428571426168,-1.0561122244488543,-20.82142857142526,stop
2024-05-08,-1,2024-05-08 12:35:00-04:00,2024-05-08 12:45:00-04:00,516.71,516.8514285714286,-0.1414285714286052,0.1314285714286143,-1.076086956521645,-16.14285714286052,stop
2024-05-08,-1,2024-05-08 15:05:00-04:00,2024-05-08 15:05:00-04:00,516.85,516.9957142857143,-0.1457142857142344,0.1357142857142435,-1.0736842105262716,-16.57142857142344,stop
2024-05-08,1,2024-05-08 15:25:00-04:00,2024-05-08 15:25:00-04:00,517.45,517.2975,-0.15250000000003183,0.14250000000004093,-1.0701754385964073,-17.250000000003183,stop
2024-05-09,-1,2024-05-09 11:45:00-04:00,2024-05-09 12:40:00-04:00,518.89,519.0739285714285,-0.1839285714285097,0.1739285714285188,-1.0574948665297392,-20.39285714285097,stop
2024-05-09,1,2024-05-09 12:45:00-04:00,2024-05-09 13:20:00-04:00,519.1,518.9467857142857,-0.15321428571428442,0.1432142857142935,-1.0698254364089101,-17.32142857142844,stop
2024-05-09,1,2024-05-09 14:40:00-04:00,2024-05-09 15:55:00-04:00,519.64,520.12,0.4800000000000182,0.13178571428568375,3.6422764227652094,46.00000000000182,time
2024-05-10,1,2024-05-10 12:50:00-04:00,2024-05-10 12:50:00-04:00,520.71,520.5185714285715,-0.19142857142855974,0.18142857142856883,-1.055118110236171,-21.142857142855974,stop
2024-05-10,1,2024-05-10 14:00:00-04:00,2024-05-10 14:00:00-04:00,520.8,520.6553571428572,-0.14464285714279868,0.13464285714280777,-1.0742705570291373,-16.464285714279868,stop
2024-05-10,1,2024-05-10 15:00:00-04:00,2024-05-10 15:00:00-04:00,520.9399999999999,520.7792857142856,-0.16071428571433444,0.15071428571434353,-1.0663507109003882,-18.071428571433444,stop
2024-05-13,-1,2024-05-13 13:00:00-04:00,2024-05-13 13:05:00-04:00,520.99,520.5471428571428,0.4428571428571786,0.08857142857141298,5.000000000001283,42.28571428571786,target
2024-05-13,1,2024-05-13 14:35:00-04:00,2024-05-13 14:45:00-04:00,520.88,520.7578571428571,-0.12214285714287598,0.11214285714288508,-1.0891719745221897,-14.214285714287598,stop
2024-05-13,1,2024-05-13 15:20:00-04:00,2024-05-13 15:20:00-04:00,521.11,520.9992857142857,-0.11071428571426623,0.10071428571427532,-1.099290780141764,-13.071428571426623,stop
2024-05-14,-1,2024-05-14 12:05:00-04:00,2024-05-14 12:05:00-04:00,521.03,521.2071428571428,-0.17714285714282596,0.16714285714283506,-1.0598290598290134,-19.714285714282596,stop
2024-05-14,-1,2024-05-14 12:40:00-04:00,2024-05-14 12:40:00-04:00,520.79,520.9357142857142,-0.1457142857142344,0.1357142857142435,-1.0736842105262716,-16.57142857142344,stop
2024-05-14,-1,2024-05-14 12:45:00-04:00,2024-05-14 12:45:00-04:00,520.75,520.8842857142857,-0.13428571428573832,0.12428571428574742,-1.080459770114848,-15.428571428573832,stop
2024-05-15,1,2024-05-15 12:30:00-04:00,2024-05-15 13:05:00-04:00,528.05,528.7232142857142,0.6732142857142662,0.13464285714280777,5.000000000001688,65.32142857142662,target
2024-05-15,1,2024-05-15 15:25:00-04:00,2024-05-15 15:30:00-04:00,529.16,528.9975,-0.16250000000002274,0.15250000000003183,-1.0655737704917299,-18.250000000002274,stop
2024-05-15,1,2024-05-15 15:35:00-04:00,2024-05-15 15:55:00-04:00,529.18,529.8621428571428,0.6821428571428214,0.13642857142860976,4.999999999998334,66.21428571428214,target
2024-05-16,-1,2024-05-16 12:20:00-04:00,2024-05-16 12:25:00-04:00,530.45,530.6335714285715,-0.18357142857144026,0.17357142857144936,-1.0576131687242205,-20.357142857144026,stop
2024-05-16,1,2024-05-16 13:15:00-04:00,2024-05-16 13:15:00-04:00,530.78,530.6432142857143,-0.1367857142856792,0.1267857142856883,-1.078873239436564,-15.67857142856792,stop
2024-05-16,-1,2024-05-16 13:25:00-04:00,2024-05-16 13:25:00-04:00,529.62,529.7917857142857,-0.17178571428564737,0.16178571428565647,-1.0618101545253522,-19.178571428564737,stop
2024-05-17,-1,2024-05-17 14:05:00-04:00,2024-05-17 14:05:00-04:00,528.28,528.4035714285714,-0.12357142857138115,0.11357142857139024,-1.0880503144653584,-14.357142857138115,stop
2024-05-20,1,2024-05-20 11:35:00-04:00,2024-05-20 11:35:00-04:00,531.49,531.3660714285714,-0.12392857142856428,0.11392857142857338,-1.0877742946707651,-14.392857142856428,stop
2024-05-20,-1,2024-05-20 15:50:00-04:00,2024-05-20 15:50:00-04:00,529.6800000000001,529.8235714285715,-0.14357142857147664,0.13357142857148574,-1.0748663101603277,-16.357142857147664,stop
2024-05-21,-1,2024-05-21 11:55:00-04:00,2024-05-21 12:10:00-04:00,530.11,530.2357142857143,-0.12571428571425258,0.11571428571426168,-1.086419753086359,-14.571428571425258,stop
2024-05-21,-1,2024-05-21 13:15:00-04:00,2024-05-21 13:15:00-04:00,529.82,529.9417857142857,-0.12178571428569285,0.11178571428570194,-1.0894568690095132,-14.178571428569285,stop
2024-05-21,1,2024-05-21 13:40:00-04:00,2024-05-21 14:40:00-04:00,530.37,530.2467857142857,-0.1232142857143117,0.1132142857143208,-1.0883280757096714,-14.32142857143117,stop
2024-05-22,1,2024-05-22 13:15:00-04:00,2024-05-22 13:20:00-04:00,531.16,531.0532142857143,-0.10678571428570649,0.09678571428571558,-1.1033210332102368,-12.678571428570649,stop
2024-05-22,-1,2024-05-22 13:35:00-04:00,2024-05-22 13:35:00-04:00,530.77,530.2914285714286,0.47857142857139934,0.09571428571427987,5.0,45.857142857139934,target
2024-05-22,1,2024-05-22 15:35:00-04:00,2024-05-22 15:35:00-04:00,529.53,529.2346428571428,-0.2953571428571422,0.2853571428571513,-1.035043804755912,-31.53571428571422,stop
2024-05-23,-1,2024-05-23 12:45:00-04:00,2024-05-23 12:50:00-04:00,530.62,529.6789285714285,0.9410714285714903,0.18821428571425258,5.000000000001208,92.10714285714903,target
2024-05-23,-1,2024-05-23 14:55:00-04:00,2024-05-23 15:00:00-04:00,524.95,525.3246428571429,-0.37464285714281687,0.36464285714282596,-1.0274240940254427,-39.46428571428169,stop
2024-05-23,1,2024-05-23 15:55:00-04:00,2024-05-23 15:55:00-04:00,525.96,525.6800000000001,-0.2799999999999727,0.2699999999999818,-1.037037037037006,-29.99999999999727,stop
2024-05-24,-1,2024-05-24 13:00:00-04:00,2024-05-24 13:00:00-04:00,529.25,529.4153571428571,-0.16535714285714675,0.15535714285715585,-1.0643678160918901,-18.535714285714675,stop
2024-05-24,1,2024-05-24 14:05:00-04:00,2024-05-24 14:05:00-04:00,529.89,529.7257142857143,-0.16428571428571104,0.15428571428572013,-1.0648148148147534,-18.428571428571104,stop
2024-05-28,1,2024-05-28 12:15:00-04:00,2024-05-28 12:15:00-04:00,530.28,530.145,-0.1349999999999909,0.125,-1.0799999999999272,-15.49999999999909,stop
2024-05-28,-1,2024-05-28 13:00:00-04:00,2024-05-28 13:00:00-04:00,529.75,529.9007142857142,-0.15071428571422985,0.14071428571423894,-1.0710659898476746,-17.071428571422985,stop
2024-05-28,1,2024-05-28 15:55:00-04:00,2024-05-28 15:55:00-04:00,529.11,529.85,0.7400000000000091,0.2435714285713857,3.038123167155997,72.00000000000091,time
2024-05-29,-1,2024-05-29 12:15:00-04:00,2024-05-29 12:15:00-04:00,526.02,526.2035714285714,-0.18357142857144026,0.17357142857144936,-1.0576131687242205,-20.357142857144026,stop
2024-05-29,1,2024-05-29 12:30:00-04:00,2024-05-29 12:30:00-04:00,526.83,526.6489285714287,-0.1810714285713857,0.1710714285713948,-1.0584551148225054,-20.10714285713857,stop
2024-05-29,1,2024-05-29 15:25:00-04:00,2024-05-29 15:30:00-04:00,526.89,526.6985714285714,-0.19142857142855974,0.18142857142856883,-1.055118110236171,-21.142857142855974,stop
2024-05-30,1,2024-05-30 12:20:00-04:00,2024-05-30 12:20:00-04:00,524.39,524.2128571428572,-0.17714285714282596,0.16714285714283506,-1.0598290598290134,-19.714285714282596,stop
2024-05-30,1,2024-05-30 12:35:00-04:00,2024-05-30 12:50:00-04:00,524.4399999999999,524.2532142857142,-0.18678571428574742,0.1767857142857565,-1.0565656565655916,-20.67857142857474,stop
2024-05-30,1,2024-05-30 13:10:00-04:00,2024-05-30 13:50:00-04:00,524.79,524.6067857142857,-0.18321428571425713,0.17321428571426623,-1.0577319587628407,-20.321428571425713,stop
2024-05-31,-1,2024-05-31 11:35:00-04:00,2024-05-31 11:35:00-04:00,519.9300000000001,520.2010714285715,-0.2710714285714175,0.2610714285714266,-1.0383036935704169,-29.107142857141753,stop
2024-05-31,-1,2024-05-31 11:40:00-04:00,2024-05-31 11:40:00-04:00,519.8100000000001,520.075,-0.26499999999998636,0.25499999999999545,-1.0392156862744748,-28.499999999998636,stop
2024-05-31,-1,2024-05-31 11:55:00-04:00,2024-05-31 12:20:00-04:00,519.7,518.5571428571429,1.1428571428571104,0.22857142857139934,5.000000000000497,112.28571428571104,target
2024-06-03,-1,2024-06-03 12:10:00-04:00,2024-06-03 12:10:00-04:00,525.59,525.8685714285715,-0.27857142857146755,0.26857142857147664,-1.037234042553151,-29.857142857146755,stop
2024-06-03,1,2024-06-03 14:40:00-04:00,2024-06-03 14:50:00-04:00,525.72,525.4428571428572,-0.2771428571428487,0.2671428571428578,-1.0374331550801799,-29.71428571428487,stop
2024-06-03,1,2024-06-03 15:55:00-04:00,2024-06-03 15:55:00-04:00,526.62,527.76,1.1399999999999864,0.24214285714288053,4.7079646017694,111.99999999999864,time
2024-06-04,-1,2024-06-04 12:10:00-04:00,2024-06-04 12:15:00-04:00,525.14,525.4010714285714,-0.2610714285714266,0.2510714285714357,-1.0398293029871604,-28.107142857142662,stop
2024-06-04,1,2024-06-04 12:35:00-04:00,2024-06-04 12:35:00-04:00,525.96,525.7221428571429,-0.23785714285713766,0.22785714285714675,-1.0438871473353826,-25.785714285713766,stop
2024-06-04,1,2024-06-04 12:40:00-04:00,2024-06-04 13:05:00-04:00,526.0,525.7671428571429,-0.2328571428571422,0.2228571428571513,-1.0448717948717523,-25.28571428571422,stop
2024-06-05,1,2024-06-05 12:35:00-04:00,2024-06-05 13:20:00-04:00,532.35,532.1985714285714,-0.15142857142859611,0.1414285714286052,-1.0707070707069894,-17.14285714285961,stop
2024-06-05,-1,2024-06-05 15:50:00-04:00,2024-06-05 15:50:00-04:00,533.5,533.6507142857142,-0.15071428571422985,0.14071428571423894,-1.0710659898476746,-17.071428571422985,stop
2024-06-06,-1,2024-06-06 11:25:00-04:00,2024-06-06 11:25:00-04:00,534.36,534.5617857142857,-0.20178571428573377,0.19178571428574287,-1.052141527001807,-22.178571428573377,stop
2024-06-06,-1,2024-06-06 11:40:00-04:00,2024-06-06 11:50:00-04:00,534.24,534.4171428571428,-0.17714285714282596,0.16714285714283506,-1.0598290598290134,-19.714285714282596,stop
2024-06-07,1,2024-06-07 12:10:00-04:00,2024-06-07 12:45:00-04:00,535.36,535.1039285714286,-0.25607142857143117,0.24607142857144026,-1.0406386066763036,-27.607142857143117,stop
2024-06-07,1,2024-06-07 12:55:00-04:00,2024-06-07 14:00:00-04:00,535.92,535.7039285714285,-0.21607142857146755,0.20607142857147664,-1.0485268630848665,-23.607142857146755,stop
2024-06-10,1,2024-06-10 12:45:00-04:00,2024-06-10 12:45:00-04:00,535.06,534.925,-0.1349999999999909,0.125,-1.0799999999999272,-15.49999999999909,stop
2024-06-10,-1,2024-06-10 13:10:00-04:00,2024-06-10 13:40:00-04:00,534.59,534.7271428571429,-0.13714285714286234,0.12714285714287143,-1.078651685393178,-15.714285714286234,stop
2024-06-10,-1,2024-06-10 15:50:00-04:00,2024-06-10 15:50:00-04:00,534.87,535.085,-0.21500000000003183,0.20500000000004093,-1.048780487804824,-23.500000000003183,stop
2024-06-11,-1,2024-06-11 11:50:00-04:00,2024-06-11 11:50:00-04:00,533.87,534.0514285714286,-0.18142857142856883,0.17142857142857792,-1.058333333333278,-20.142857142856883,stop
2024-06-11,-1,2024-06-11 12:00:00-04:00,2024-06-11 12:05:00-04:00,533.8100000000001,533.9835714285715,-0.17357142857144936,0.16357142857145845,-1.0611353711789726,-19.357142857144936,stop
2024-06-11,1,2024-06-11 12:45:00-04:00,2024-06-11 12:45:00-04:00,534.24,534.0675,-0.17250000000001364,0.16250000000002274,-1.061538461538397,-19.250000000001364,stop
2024-06-12,-1,2024-06-12 12:15:00-04:00,2024-06-12 12:15:00-04:00,542.7,542.8767857142858,-0.1767857142857565,0.1667857142857656,-1.0599571734474644,-19.67857142857565,stop
2024-06-12,-1,2024-06-12 12:25:00-04:00,2024-06-12 12:40:00-04:00,542.61,542.7835714285715,-0.17357142857144936,0.16357142857145845,-1.0611353711789726,-19.357142857144936,stop
2024-06-13,1,2024-06-13 11:35:00-04:00,2024-06-13 11:55:00-04:00,541.48,541.1942857142857,-0.28571428571433444,0.27571428571434353,-1.036269430051773,-30.571428571433444,stop
2024-06-13,1,2024-06-13 14:10:00-04:00,2024-06-13 14:15:00-04:00,542.09,541.875,-0.21500000000003183,0.20500000000004093,-1.048780487804824,-23.500000000003183,stop
2024-06-13,1,2024-06-13 14:25:00-04:00,2024-06-13 15:55:00-04:00,542.15,543.0767857142857,0.9267857142857565,0.18535714285712857,5.000000000000614,90.67857142857565,target
2024-06-14,-1,2024-06-14 11:50:00-04:00,2024-06-14 11:50:00-04:00,540.49,540.7442857142858,-0.25428571428574287,0.24428571428575196,-1.0409356725145764,-27.428571428574287,stop
2024-06-14,1,2024-06-14 13:10:00-04:00,2024-06-14 13:25:00-04:00,542.1,541.8996428571429,-0.20035714285711492,0.19035714285712402,-1.0525328330205954,-22.035714285711492,stop
2024-06-14,-1,2024-06-14 14:05:00-04:00,2024-06-14 14:05:00-04:00,541.7,541.9010714285715,-0.2010714285714812,0.1910714285714903,-1.0523364485980664,-22.10714285714812,stop
2024-06-17,1,2024-06-17 12:15:00-04:00,2024-06-17 12:25:00-04:00,544.08,544.7764285714286,0.6964285714285552,0.13928571428573377,4.999999999999184,67.64285714285552,target
2024-06-17,1,2024-06-17 15:20:00-04:00,2024-06-17 15:20:00-04:00,548.3,548.0796428571429,-0.22035714285709673,0.21035714285710583,-1.0475382003395237,-24.035714285709673,stop
2024-06-17,1,2024-06-17 15:25:00-04:00,2024-06-17 15:30:00-04:00,548.31,548.1175,-0.19249999999999545,0.18250000000000455,-1.054794520547894,-21.249999999999545,stop
2024-06-18,1,2024-06-18 13:20:00-04:00,2024-06-18 13:20:00-04:00,547.95,547.7975,-0.15250000000003183,0.14250000000004093,-1.0701754385964073,-17.250000000003183,stop
2024-06-18,1,2024-06-18 15:35:00-04:00,2024-06-18 15:40:00-04:00,548.08,547.9214285714286,-0.158571428571463,0.1485714285714721,-1.0673076923076115,-17.8571428571463,stop
2024-06-20,-1,2024-06-20 11:50:00-04:00,2024-06-20 11:50:00-04:00,548.34,548.53,-0.18999999999994088,0.17999999999994998,-1.0555555555555205,-20.99999999999409,stop
2024-06-20,-1,2024-06-20 15:05:00-04:00,2024-06-20 15:05:00-04:00,546.44,546.7078571428572,-0.2678571428571104,0.25785714285711947,-1.0387811634348714,-28.785714285711038,stop
2024-06-20,-1,2024-06-20 15:10:00-04:00,2024-06-20 15:10:00-04:00,546.67,546.9378571428571,-0.2678571428571104,0.25785714285711947,-1.0387811634348714,-28.785714285711038,stop
2024-06-21,1,2024-06-21 11:50:00-04:00,2024-06-21 12:45:00-04:00,545.17,544.9167857142857,-0.25321428571430715,0.24321428571431625,-1.0411160058736726,-27.321428571430715,stop
2024-06-21,-1,2024-06-21 12:50:00-04:00,2024-06-21 12:50:00-04:00,544.71,544.8971428571429,-0.18714285714281687,0.17714285714282596,-1.0564516129031845,-20.714285714281687,stop
2024-06-21,-1,2024-06-21 13:00:00-04:00,2024-06-21 13:00:00-04:00,544.53,544.7160714285714,-0.18607142857138115,0.17607142857139024,-1.0567951318458024,-20.607142857138115,stop
2024-06-24,-1,2024-06-24 12:15:00-04:00,2024-06-24 12:15:00-04:00,545.65,545.8603571428571,-0.21035714285710583,0.20035714285711492,-1.0499108734402467,-23.035714285710583,stop
2024-06-24,-1,2024-06-24 12:45:00-04:00,2024-06-24 12:45:00-04:00,545.67,545.8471428571428,-0.17714285714282596,0.16714285714283506,-1.0598290598290134,-19.714285714282596,stop
2024-06-24,-1,2024-06-24 12:55:00-04:00,2024-06-24 13:05:00-04:00,545.37,544.5289285714285,0.8410714285714675,0.16821428571427077,5.000000000000676,82.10714285714675,target
2024-06-25,-1,2024-06-25 12:20:00-04:00,2024-06-25 12:40:00-04:00,543.79,542.9828571428571,0.8071428571428214,0.16142857142858702,4.999999999999296,78.71428571428214,target
2024-06-25,1,2024-06-25 15:25:00-04:00,2024-06-25 15:25:00-04:00,544.85,544.6739285714286,-0.17607142857139024,0.16607142857139934,-1.0602150537633968,-19.607142857139024,stop
2024-06-26,-1,2024-06-26 13:20:00-04:00,2024-06-26 13:20:00-04:00,544.22,544.4310714285715,-0.2110714285714721,0.2010714285714812,-1.0497335701597996,-23.10714285714721,stop
2024-06-26,1,2024-06-26 14:25:00-04:00,2024-06-26 14:25:00-04:00,544.9,544.72,-0.17999999999994998,0.16999999999995907,-1.0588235294117254,-19.999999999994998,stop
2024-06-26,-1,2024-06-26 14:40:00-04:00,2024-06-26 14:40:00-04:00,544.4300000000001,544.5860714285715,-0.15607142857140843,0.14607142857141753,-1.0684596577016543,-17.607142857140843,stop
2024-06-27,1,2024-06-27 12:25:00-04:00,2024-06-27 12:40:00-04:00,545.88,545.6775,-0.20249999999998636,0.19249999999999545,-1.051948051948006,-22.249999999998636,stop
2024-06-27,1,2024-06-27 13:30:00-04:00,2024-06-27 13:30:00-04:00,546.3199999999999,546.1585714285713,-0.16142857142858702,0.15142857142859611,-1.0660377358489859,-18.142857142858702,stop
2024-06-27,-1,2024-06-27 15:55:00-04:00,2024-06-27 15:55:00-04:00,545.23,545.4153571428571,-0.18535714285712857,0.17535714285713766,-1.0570264765783612,-20.535714285712857,stop
2024-06-28,-1,2024-06-28 12:10:00-04:00,2024-06-28 12:40:00-04:00,546.9,545.5214285714286,1.3785714285713766,0.27571428571422985,5.000000000000824,135.85714285713766,target
2024-06-28,-1,2024-06-28 14:25:00-04:00,2024-06-28 14:25:00-04:00,545.44,545.6442857142857,-0.20428571428567466,0.19428571428568375,-1.0514705882352553,-22.428571428567466,stop
2024-06-28,-1,2024-06-28 15:35:00-04:00,2024-06-28 15:35:00-04:00,543.83,544.0707142857143,-0.24071428571426168,0.23071428571427077,-1.0433436532507374,-26.071428571426168,stop
2024-07-01,1,2024-07-01 12:00:00-04:00,2024-07-01 12:00:00-04:00,544.48,544.1903571428571,-0.2896428571428942,0.27964285714290327,-1.035759897828825,-30.964285714289417,stop
2024-07-01,1,2024-07-01 12:10:00-04:00,2024-07-01 12:10:00-04:00,544.92,544.6464285714285,-0.2735714285714721,0.2635714285714812,-1.037940379403752,-29.35714285714721,stop
2024-07-01,-1,2024-07-01 13:25:00-04:00,2024-07-01 13:25:00-04:00,544.77,544.9417857142856,-0.17178571428564737,0.16178571428565647,-1.0618101545253522,-19.178571428564737,stop
2024-07-02,-1,2024-07-02 12:00:00-04:00,2024-07-02 12:25:00-04:00,545.63,545.8121428571428,-0.1821428571428214,0.1721428571428305,-1.05809128630701,-20.21428571428214,stop
2024-07-02,1,2024-07-02 13:05:00-04:00,2024-07-02 13:15:00-04:00,546.15,546.8589285714286,0.7089285714286007,0.14178571428567466,5.000000000001604,68.89285714286007,target
2024-07-02,1,2024-07-02 15:25:00-04:00,2024-07-02 15:55:00-04:00,547.88,548.4442857142857,0.5642857142856883,0.11285714285713766,5.0,54.42857142856883,target
2024-07-05,1,2024-07-05 12:15:00-04:00,2024-07-05 12:15:00-04:00,553.65,553.4928571428571,-0.15714285714284415,0.14714285714285325,-1.0679611650484837,-17.714285714284415,stop
2024-07-05,1,2024-07-05 13:25:00-04:00,2024-07-05 13:40:00-04:00,553.85,554.4464285714286,0.5964285714285325,0.11928571428575196,4.999999999998094,57.642857142853245,target
2024-07-05,1,2024-07-05 15:05:00-04:00,2024-07-05 15:15:00-04:00,554.48,554.3410714285715,-0.13892857142855064,0.12892857142855974,-1.0775623268697425,-15.892857142855064,stop
2024-07-08,-1,2024-07-08 11:40:00-04:00,2024-07-08 11:40:00-04:00,554.97,555.1328571428571,-0.16285714285709219,0.15285714285710128,-1.065420560747622,-18.28571428570922,stop
2024-07-08,1,2024-07-08 13:30:00-04:00,2024-07-08 14:35:00-04:00,554.92,554.8167857142857,-0.1032142857142162,0.0932142857142253,-1.107279693486562,-12.32142857142162,stop
2024-07-08,-1,2024-07-08 14:40:00-04:00,2024-07-08 14:40:00-04:00,554.9300000000001,554.4317857142858,0.4982142857143117,0.0996428571428396,5.000000000001141,47.82142857143117,target
2024-07-09,1,2024-07-09 12:10:00-04:00,2024-07-09 12:10:00-04:00,556.67,556.5139285714286,-0.15607142857140843,0.14607142857141753,-1.0684596577016543,-17.607142857140843,stop
2024-07-09,-1,2024-07-09 12:50:00-04:00,2024-07-09 12:50:00-04:00,556.15,556.2760714285714,-0.12607142857143572,0.11607142857144481,-1.0861538461537557,-14.607142857143572,stop
2024-07-09,1,2024-07-09 13:05:00-04:00,2024-07-09 13:05:00-04:00,557.11,556.96,-0.14999999999997726,0.13999999999998636,-1.0714285714285134,-16.999999999997726,stop
2024-07-10,1,2024-07-10 11:25:00-04:00,2024-07-10 12:15:00-04:00,557.49,558.1596428571429,0.6696428571428896,0.1339285714285552,5.000000000000849,64.96428571428896,target
2024-07-10,1,2024-07-10 13:55:00-04:00,2024-07-10 14:05:00-04:00,559.73,559.5807142857143,-0.14928571428572468,0.13928571428573377,-1.0717948717947965,-16.928571428572468,stop
2024-07-10,1,2024-07-10 14:50:00-04:00,2024-07-10 14:50:00-04:00,560.06,559.9449999999999,-0.1150000000000091,0.10500000000001819,-1.095238095237992,-13.50000000000091,stop
2024-07-11,1,2024-07-11 12:35:00-04:00,2024-07-11 12:35:00-04:00,557.56,557.275357142857,-0.2846428571428987,0.2746428571429078,-1.0364109232769432,-30.464285714289872,stop
2024-07-11,-1,2024-07-11 12:50:00-04:00,2024-07-11 12:55:00-04:00,556.34,556.6385714285715,-0.29857142857144936,0.28857142857145845,-1.0346534653464996,-31.857142857144936,stop
2024-07-11,1,2024-07-11 14:35:00-04:00,2024-07-11 14:35:00-04:00,557.15,556.9064285714286,-0.2435714285713857,0.2335714285713948,-1.0428134556574595,-26.35714285713857,stop
2024-07-12,-1,2024-07-12 12:00:00-04:00,2024-07-12 12:00:00-04:00,560.78,560.9742857142857,-0.19428571428568375,0.18428571428569285,-1.0542635658914299,-21.428571428568375,stop
2024-07-12,-1,2024-07-12 15:25:00-04:00,2024-07-12 15:25:00-04:00,562.67,562.8367857142856,-0.16678571428565192,0.15678571428566102,-1.063781321184474,-18.678571428565192,stop
2024-07-15,-1,2024-07-15 13:05:00-04:00,2024-07-15 13:05:00-04:00,561.77,562.0428571428571,-0.2728571428571058,0.2628571428571149,-1.038043478260839,-29.285714285710583,stop
2024-07-15,-1,2024-07-15 13:15:00-04:00,2024-07-15 13:20:00-04:00,561.96,562.2389285714286,-0.278928571428537,0.2689285714285461,-1.037184594953489,-29.8928571428537,stop
2024-07-15,-1,2024-07-15 13:30:00-04:00,2024-07-15 14:30:00-04:00,561.61,561.9160714285714,-0.3060714285713857,0.2960714285713948,-1.0337756332930974,-32.60714285713857,stop
2024-07-16,-1,2024-07-16 11:50:00-04:00,2024-07-16 11:50:00-04:00,562.89,563.1303571428571,-0.24035714285707854,0.23035714285708764,-1.0434108527131492,-26.035714285707854,stop
2024-07-16,-1,2024-07-16 12:35:00-04:00,2024-07-16 12:35:00-04:00,562.52,562.7742857142857,-0.25428571428574287,0.24428571428575196,-1.0409356725145764,-27.428571428574287,stop
2024-07-16,-1,2024-07-16 12:45:00-04:00,2024-07-16 12:45:00-04:00,562.35,562.6003571428572,-0.25035714285718313,0.24035714285719223,-1.041604754829077,-27.035714285718313,stop
2024-07-17,-1,2024-07-17 12:10:00-04:00,2024-07-17 13:15:00-04:00,557.9,556.6571428571428,1.2428571428571331,0.24857142857138115,5.000000000000915,122.28571428571331,target
2024-07-17,1,2024-07-17 14:20:00-04:00,2024-07-17 14:45:00-04:00,557.89,557.65,-0.2400000000000091,0.2300000000000182,-1.0434782608695223,-26.00000000000091,stop
2024-07-18,1,2024-07-18 12:40:00-04:00,2024-07-18 12:40:00-04:00,553.97,553.5803571428572,-0.3896428571428032,0.3796428571428123,-1.0263405456255672,-40.96428571428032,stop
2024-07-18,1,2024-07-18 13:00:00-04:00,2024-07-18 13:05:00-04:00,554.31,553.9760714285713,-0.33392857142860066,0.32392857142860976,-1.0308710033075759,-35.392857142860066,stop
2024-07-18,-1,2024-07-18 14:00:00-04:00,2024-07-18 14:30:00-04:00,553.6800000000001,552.2764285714286,1.4035714285714675,0.280714285714339,4.99999999999919,138.35714285714675,target
2024-07-19,1,2024-07-19 14:00:00-04:00,2024-07-19 14:00:00-04:00,549.41,549.0878571428572,-0.32214285714280777,0.31214285714281687,-1.0320366132722862,-34.21428571428078,stop
2024-07-19,1,2024-07-19 14:10:00-04:00,2024-07-19 14:20:00-04:00,549.48,549.1564285714286,-0.3235714285714266,0.3135714285714357,-1.0318906605922253,-34.35714285714266,stop
2024-07-19,-1,2024-07-19 14:40:00-04:00,2024-07-19 14:50:00-04:00,548.32,548.6314285714286,-0.3114285714285643,0.3014285714285734,-1.0331753554502066,-33.14285714285643,stop
2024-07-22,1,2024-07-22 12:40:00-04:00,2024-07-22 12:55:00-04:00,552.49,553.7275000000001,1.2375000000000682,0.24750000000005912,4.999999999999082,121.75000000000682,target
2024-07-22,1,2024-07-22 14:10:00-04:00,2024-07-22 14:10:00-04:00,554.8,554.5703571428571,-0.22964285714283506,0.21964285714284415,-1.045528455284514,-24.964285714283506,stop
2024-07-22,1,2024-07-22 14:20:00-04:00,2024-07-22 14:25:00-04:00,554.81,554.5757142857142,-0.23428571428576106,0.22428571428577015,-1.0445859872610948,-25.428571428576106,stop
2024-07-23,-1,2024-07-23 12:20:00-04:00,2024-07-23 12:20:00-04:00,556.07,555.1271428571429,0.9428571428571786,0.18857142857143572,5.0,92.28571428571786,target
2024-07-23,-1,2024-07-23 13:35:00-04:00,2024-07-23 13:35:00-04:00,554.39,554.6385714285714,-0.24857142857138115,0.23857142857139024,-1.0419161676646393,-26.857142857138115,stop
2024-07-23,1,2024-07-23 13:55:00-04:00,2024-07-23 14:25:00-04:00,555.15,554.9146428571429,-0.2353571428570831,0.22535714285709219,-1.044374009508686,-25.53571428570831,stop
2024-07-24,-1,2024-07-24 12:10:00-04:00,2024-07-24 12:10:00-04:00,544.05,544.2828571428571,-0.2328571428571422,0.2228571428571513,-1.0448717948717523,-25.28571428571422,stop
2024-07-24,-1,2024-07-24 12:40:00-04:00,2024-07-24 12:45:00-04:00,544.04,544.2674999999999,-0.22749999999996362,0.21749999999997272,-1.0459770114942168,-24.749999999996362,stop
2024-07-24,-1,2024-07-24 12:55:00-04:00,2024-07-24 12:55:00-04:00,543.78,544.0192857142857,-0.2392857142857565,0.2292857142857656,-1.0436137071650595,-25.92857142857565,stop
2024-07-25,1,2024-07-25 12:05:00-04:00,2024-07-25 12:05:00-04:00,544.52,544.0892857142857,-0.43071428571431625,0.42071428571432534,-1.0237691001697555,-45.071428571431625,stop
2024-07-25,1,2024-07-25 12:15:00-04:00,2024-07-25 13:10:00-04:00,545.08,547.2817857142858,2.2017857142857338,0.440357142857124,5.0000000000002585,218.17857142857338,target
2024-07-25,-1,2024-07-25 13:25:00-04:00,2024-07-25 13:25:00-04:00,544.64,545.0721428571428,-0.4321428571428214,0.4221428571428305,-1.023688663282552,-45.21428571428214,stop
2024-07-26,1,2024-07-26 13:05:00-04:00,2024-07-26 13:05:00-04:00,546.73,546.4271428571429,-0.30285714285707854,0.29285714285708764,-1.03414634146339,-32.285714285707854,stop
2024-07-26,1,2024-07-26 13:30:00-04:00,2024-07-26 13:30:00-04:00,547.06,546.8003571428571,-0.25964285714280777,0.24964285714281687,-1.040057224606551,-27.964285714280777,stop
2024-07-26,-1,2024-07-26 13:40:00-04:00,2024-07-26 13:40:00-04:00,544.33,544.6667857142858,-0.3367857142857247,0.3267857142857338,-1.030601092896145,-35.67857142857247,stop
2024-07-29,-1,2024-07-29 13:30:00-04:00,2024-07-29 13:35:00-04:00,545.3100000000001,545.594642857143,-0.2846428571428987,0.2746428571429078,-1.0364109232769432,-30.464285714289872,stop
2024-07-29,1,2024-07-29 15:05:00-04:00,2024-07-29 15:05:00-04:00,545.4399999999999,545.1710714285714,-0.2689285714285461,0.2589285714285552,-1.0386206896551398,-28.89285714285461,stop
2024-07-29,1,2024-07-29 15:15:00-04:00,2024-07-29 15:15:00-04:00,545.4,545.1314285714286,-0.26857142857136296,0.25857142857137205,-1.0386740331491446,-28.857142857136296,stop
2024-07-30,-1,2024-07-30 12:55:00-04:00,2024-07-30 13:05:00-04:00,539.39,539.7371428571428,-0.34714285714278503,0.33714285714279413,-1.0296610169491311,-36.7142857142785,stop
2024-07-30,1,2024-07-30 15:50:00-04:00,2024-07-30 15:50:00-04:00,543.34,543.0032142857143,-0.3367857142857247,0.3267857142857338,-1.030601092896145,-35.67857142857247,stop
2024-07-31,-1,2024-07-31 12:55:00-04:00,2024-07-31 13:00:00-04:00,550.39,550.6067857142857,-0.21678571428572013,0.20678571428572923,-1.0483592400690371,-23.678571428572013,stop
2024-07-31,-1,2024-07-31 13:35:00-04:00,2024-07-31 13:35:00-04:00,549.2,549.4625000000001,-0.2625000000000455,0.25250000000005457,-1.039603960395995,-28.250000000004547,stop
2024-08-01,-1,2024-08-01 11:50:00-04:00,2024-08-01 11:50:00-04:00,544.53,545.0089285714286,-0.4789285714285825,0.46892857142859157,-1.021325209444001,-49.89285714285825,stop
2024-08-01,-1,2024-08-01 12:40:00-04:00,2024-08-01 13:35:00-04:00,543.8,541.6446428571428,2.155357142857156,0.4310714285713857,5.000000000000528,213.53571428571558,target
2024-08-01,-1,2024-08-01 14:20:00-04:00,2024-08-01 14:20:00-04:00,540.34,540.7746428571429,-0.434642857142876,0.4246428571428851,-1.0235492010092284,-45.4642857142876,stop
2024-08-02,1,2024-08-02 11:40:00-04:00,2024-08-02 13:30:00-04:00,530.77,530.1864285714286,-0.5835714285714175,0.5735714285714266,-1.0174346201743305,-60.35714285714175,stop
2024-08-02,1,2024-08-02 14:30:00-04:00,2024-08-02 14:35:00-04:00,531.74,531.3753571428572,-0.36464285714282596,0.35464285714283506,-1.028197381671678,-38.464285714282596,stop
2024-08-02,1,2024-08-02 15:30:00-04:00,2024-08-02 15:35:00-04:00,532.36,531.9025,-0.4574999999999818,0.4474999999999909,-1.022346368715064,-47.74999999999818,stop
2024-08-05,1,2024-08-05 12:15:00-04:00,2024-08-05 12:35:00-04:00,521.54,520.7442857142856,-0.7957142857143253,0.7857142857143344,-1.0127272727272603,-81.57142857143253,stop
2024-08-05,-1,2024-08-05 12:55:00-04:00,2024-08-05 13:05:00-04:00,519.11,519.7278571428571,-0.6178571428571331,0.6078571428571422,-1.0164512338425233,-63.78571428571331,stop
2024-08-05,-1,2024-08-05 14:05:00-04:00,2024-08-05 14:05:00-04:00,518.0,518.5310714285714,-0.5310714285714084,0.5210714285714175,-1.0191912268677006,-55.10714285714084,stop
2024-08-06,-1,2024-08-06 11:30:00-04:00,2024-08-06 11:30:00-04:00,522.45,523.047142857143,-0.5971428571428987,0.5871428571429078,-1.0170316301702993,-61.71428571428987,stop
2024-08-06,1,2024-08-06 12:20:00-04:00,2024-08-06 12:20:00-04:00,526.77,526.2410714285714,-0.528928571428537,0.5189285714285461,-1.019270474879543,-54.8928571428537,stop
2024-08-06,1,2024-08-06 12:55:00-04:00,2024-08-06 13:15:00-04:00,527.71,527.2860714285715,-0.4239285714285188,0.4139285714285279,-1.0241587575495923,-44.39285714285188,stop
2024-08-07,-1,2024-08-07 11:45:00-04:00,2024-08-07 12:00:00-04:00,528.19,525.8917857142858,2.2982142857142662,0.45964285714285325,5.0,227.82142857142662,target
2024-08-07,1,2024-08-07 15:20:00-04:00,2024-08-07 15:20:00-04:00,521.47,520.9157142857143,-0.5542857142856974,0.5442857142857065,-1.018372703412057,-57.42857142856974,stop
2024-08-07,-1,2024-08-07 15:55:00-04:00,2024-08-07 15:55:00-04:00,519.03,518.65,0.37999999999999545,0.6003571428570922,0.6329565734682195,35.999999999999545,time
2024-08-08,1,2024-08-08 12:10:00-04:00,2024-08-08 12:10:00-04:00,528.79,528.3907142857142,-0.3992857142857247,0.3892857142857338,-1.0256880733944707,-41.92857142857247,stop
2024-08-08,-1,2024-08-08 12:40:00-04:00,2024-08-08 12:40:00-04:00,526.95,527.3028571428572,-0.35285714285714675,0.34285714285715585,-1.029166666666639,-37.285714285714675,stop
2024-08-08,-1,2024-08-08 14:45:00-04:00,2024-08-08 14:45:00-04:00,529.75,530.0517857142856,-0.3017857142856428,0.2917857142856519,-1.0342717258261696,-32.17857142856428,stop
2024-08-09,-1,2024-08-09 12:00:00-04:00,2024-08-09 12:30:00-04:00,530.3100000000001,530.7175000000001,-0.4075000000000273,0.3975000000000364,-1.0251572327043774,-42.75000000000273,stop
2024-08-09,1,2024-08-09 13:05:00-04:00,2024-08-09 13:15:00-04:00,531.72,533.2342857142858,1.5142857142857338,0.30285714285719223,4.9999999999992495,149.42857142857338,target
2024-08-09,1,2024-08-09 15:20:00-04:00,2024-08-09 15:20:00-04:00,533.11,532.7753571428572,-0.33464285714285325,0.32464285714286234,-1.0308030803080024,-35.464285714285325,stop
2024-08-12,-1,2024-08-12 11:25:00-04:00,2024-08-12 11:25:00-04:00,532.09,532.4796428571428,-0.3896428571428032,0.3796428571428123,-1.0263405456255672,-40.96428571428032,stop
2024-08-12,-1,2024-08-12 13:00:00-04:00,2024-08-12 13:10:00-04:00,532.77,533.1332142857143,-0.3632142857143208,0.3532142857143299,-1.0283114256824784,-38.32142857143208,stop
2024-08-12,1,2024-08-12 15:00:00-04:00,2024-08-12 15:00:00-04:00,533.22,532.96,-0.2599999999999909,0.25,-1.0399999999999636,-27.99999999999909,stop
2024-08-13,1,2024-08-13 11:50:00-04:00,2024-08-13 11:55:00-04:00,539.14,538.9203571428571,-0.21964285714284415,0.20964285714285325,-1.0477001703577087,-23.964285714284415,stop
2024-08-13,1,2024-08-13 12:10:00-04:00,2024-08-13 12:40:00-04:00,539.3199999999999,540.27,0.9500000000000455,0.19000000000005457,4.999999999998804,93.00000000000455,target
2024-08-13,-1,2024-08-13 13:50:00-04:00,2024-08-13 13:50:00-04:00,540.27,540.4985714285714,-0.22857142857139934,0.21857142857140843,-1.0457516339868906,-24.857142857139934,stop
2024-08-14,1,2024-08-14 14:45:00-04:00,2024-08-14 15:10:00-04:00,543.58,543.3775,-0.20249999999998636,0.19249999999999545,-1.051948051948006,-22.249999999998636,stop
2024-08-15,1,2024-08-15 12:05:00-04:00,2024-08-15 12:10:00-04:00,552.09,551.8821428571429,-0.20785714285716494,0.19785714285717404,-1.0505415162454335,-22.785714285716494,stop
2024-08-15,1,2024-08-15 12:20:00-04:00,2024-08-15 12:40:00-04:00,552.33,552.1310714285714,-0.19892857142860976,0.18892857142861885,-1.0529300567107136,-21.892857142860976,stop
2024-08-15,1,2024-08-15 13:40:00-04:00,2024-08-15 15:50:00-04:00,552.38,552.1728571428571,-0.20714285714291236,0.19714285714292146,-1.0507246376810968,-22.714285714291236,stop
2024-08-16,1,2024-08-16 11:45:00-04:00,2024-08-16 12:55:00-04:00,553.08,554.4978571428571,1.4178571428570876,0.283571428571463,4.999999999999198,139.78571428570876,target
2024-08-16,1,2024-08-16 13:45:00-04:00,2024-08-16 13:45:00-04:00,554.86,554.6878571428572,-0.1721428571428305,0.1621428571428396,-1.0616740088105232,-19.21428571428305,stop
2024-08-16,-1,2024-08-16 13:55:00-04:00,2024-08-16 13:55:00-04:00,554.09,554.28,-0.18999999999994088,0.17999999999994998,-1.0555555555555205,-20.99999999999409,stop
2024-08-19,-1,2024-08-19 12:00:00-04:00,2024-08-19 12:00:00-04:00,556.2,556.422142857143,-0.22214285714289872,0.21214285714290781,-1.047138047137993,-24.214285714289872,stop
2024-08-19,-1,2024-08-19 12:05:00-04:00,2024-08-19 12:05:00-04:00,556.16,556.3717857142857,-0.21178571428572468,0.20178571428573377,-1.049557522123844,-23.178571428572468,stop
2024-08-19,1,2024-08-19 12:45:00-04:00,2024-08-19 14:35:00-04:00,556.93,557.8282142857142,0.898214285714289,0.17964285714288053,4.999999999999367,87.8214285714289,target
2024-08-20,1,2024-08-20 12:00:00-04:00,2024-08-20 12:00:00-04:00,559.3,559.0425,-0.25749999999993634,0.24749999999994543,-1.0404040404040125,-27.749999999993634,stop
2024-08-20,1,2024-08-20 14:05:00-04:00,2024-08-20 14:20:00-04:00,558.58,559.5246428571429,0.9446428571428669,0.18892857142861885,4.9999999999987965,92.46428571428669,target
2024-08-20,-1,2024-08-20 15:20:00-04:00,2024-08-20 15:20:00-04:00,558.85,559.0153571428572,-0.16535714285714675,0.15535714285715585,-1.0643678160918901,-18.535714285714675,stop
2024-08-21,1,2024-08-21 13:05:00-04:00,2024-08-21 13:05:00-04:00,560.35,560.1414285714286,-0.20857142857141753,0.19857142857142662,-1.0503597122301704,-22.857142857141753,stop
2024-08-21,1,2024-08-21 13:50:00-04:00,2024-08-21 14:00:00-04:00,560.35,561.0875,0.7374999999999545,0.14750000000003638,4.999999999998458,71.74999999999545,target
2024-08-22,-1,2024-08-22 14:00:00-04:00,2024-08-22 14:05:00-04:00,555.52,555.9357142857143,-0.4157142857143299,0.405714285714339,-1.024647887323918,-43.57142857143299,stop
2024-08-22,-1,2024-08-22 15:25:00-04:00,2024-08-22 15:25:00-04:00,555.66,555.9675,-0.30750000000000455,0.29750000000001364,-1.0336134453781192,-32.750000000000455,stop
2024-08-22,-1,2024-08-22 15:30:00-04:00,2024-08-22 15:30:00-04:00,555.82,556.1171428571429,-0.2971428571428305,0.2871428571428396,-1.0348258706467366,-31.71428571428305,stop
2024-08-23,-1,2024-08-23 12:05:00-04:00,2024-08-23 13:15:00-04:00,559.24,559.7403571428572,-0.5003571428571831,0.49035714285719223,-1.0203932993444804,-52.03571428571831,stop
2024-08-23,1,2024-08-23 13:25:00-04:00,2024-08-23 15:10:00-04:00,559.95,561.7535714285715,1.8035714285714448,0.3607142857142662,5.000000000000315,178.35714285714448,target
2024-08-26,-1,2024-08-26 11:55:00-04:00,2024-08-26 12:10:00-04:00,560.04,560.3128571428571,-0.2728571428571058,0.2628571428571149,-1.038043478260839,-29.285714285710583,stop
2024-08-26,-1,2024-08-26 13:40:00-04:00,2024-08-26 13:40:00-04:00,559.95,560.1985714285714,-0.24857142857138115,0.23857142857139024,-1.0419161676646393,-26.857142857138115,stop
2024-08-26,-1,2024-08-26 15:40:00-04:00,2024-08-26 15:40:00-04:00,560.24,560.4389285714286,-0.19892857142860976,0.18892857142861885,-1.0529300567107136,-21.892857142860976,stop
2024-08-27,-1,2024-08-27 11:30:00-04:00,2024-08-27 12:10:00-04:00,560.77,561.0482142857143,-0.2782142857142844,0.2682142857142935,-1.037283621837515,-29.82142857142844,stop
2024-08-27,-1,2024-08-27 12:45:00-04:00,2024-08-27 12:45:00-04:00,560.1800000000001,560.4207142857143,-0.24071428571426168,0.23071428571427077,-1.0433436532507374,-26.071428571426168,stop
2024-08-27,1,2024-08-27 13:30:00-04:00,2024-08-27 13:40:00-04:00,561.81,561.5946428571428,-0.21535714285710128,0.20535714285711038,-1.0486956521738764,-23.535714285710128,stop
2024-08-28,-1,2024-08-28 12:25:00-04:00,2024-08-28 12:25:00-04:00,557.16,557.457857142857,-0.2978571428570831,0.2878571428570922,-1.0347394540942674,-31.78571428570831,stop
2024-08-28,-1,2024-08-28 12:30:00-04:00,2024-08-28 12:30:00-04:00,557.49,557.7771428571428,-0.2871428571428396,0.2771428571428487,-1.0360824742267725,-30.71428571428396,stop
2024-08-28,-1,2024-08-28 13:45:00-04:00,2024-08-28 13:50:00-04:00,557.54,556.4917857142857,1.0482142857142662,0.20964285714285325,5.0,102.82142857142662,target
2024-08-29,1,2024-08-29 12:05:00-04:00,2024-08-29 13:05:00-04:00,562.9,562.6014285714285,-0.29857142857144936,0.28857142857145845,-1.0346534653464996,-31.857142857144936,stop
2024-08-29,-1,2024-08-29 14:10:00-04:00,2024-08-29 14:25:00-04:00,562.12,560.9378571428571,1.182142857142935,0.2364285714286325,4.999999999999038,116.21428571429351,target
2024-08-30,-1,2024-08-30 12:30:00-04:00,2024-08-30 12:50:00-04:00,558.0600000000001,558.3653571428572,-0.3053571428571331,0.2953571428571422,-1.0338573155985182,-32.53571428571331,stop
2024-08-30,1,2024-08-30 14:15:00-04:00,2024-08-30 14:50:00-04:00,559.5,560.6892857142857,1.1892857142856883,0.23785714285713766,5.0,116.92857142856883,target
2024-09-03,-1,2024-09-03 12:10:00-04:00,2024-09-03 12:10:00-04:00,555.54,555.8924999999999,-0.3524999999999636,0.3424999999999727,-1.0291970802919466,-37.24999999999636,stop
2024-09-03,-1,2024-09-03 12:45:00-04:00,2024-09-03 13:05:00-04:00,555.2,555.5096428571429,-0.309642857142876,0.2996428571428851,-1.0333730631704074,-32.9642857142876,stop
2024-09-03,-1,2024-09-03 15:35:00-04:00,2024-09-03 15:40:00-04:00,552.16,550.9296428571428,1.2303571428572013,0.24607142857144026,5.0,121.03571428572013,target
2024-09-04,1,2024-09-04 12:35:00-04:00,2024-09-04 12:40:00-04:00,552.98,552.6035714285715,-0.37642857142850517,0.36642857142851426,-1.0272904483430594,-39.64285714285052,stop
2024-09-04,-1,2024-09-04 13:30:00-04:00,2024-09-04 13:45:00-04:00,551.19,551.5353571428572,-0.34535714285709673,0.3353571428571058,-1.0298189563365043,-36.53571428570967,stop
2024-09-04,-1,2024-09-04 14:40:00-04:00,2024-09-04 14:40:00-04:00,550.39,550.6792857142857,-0.28928571428571104,0.27928571428572013,-1.0358056265984321,-30.928571428571104,stop
2024-09-05,1,2024-09-05 12:30:00-04:00,2024-09-05 13:05:00-04:00,548.56,548.1664285714286,-0.39357142857136296,0.38357142857137205,-1.0260707635009112,-41.357142857136296,stop
2024-09-05,-1,2024-09-05 13:30:00-04:00,2024-09-05 13:30:00-04:00,547.72,547.9975000000001,-0.27750000000003183,0.2675000000000409,-1.0373831775700537,-29.750000000003183,stop
2024-09-05,1,2024-09-05 13:45:00-04:00,2024-09-05 15:10:00-04:00,549.76,549.4478571428572,-0.31214285714281687,0.30214285714282596,-1.0330969267139214,-33.21428571428169,stop
2024-09-06,-1,2024-09-06 11:50:00-04:00,2024-09-06 13:20:00-04:00,540.96,541.5796428571429,-0.6196428571428214,0.6096428571428305,-1.0164030462800093,-63.96428571428214,stop
2024-09-06,1,2024-09-06 15:05:00-04:00,2024-09-06 15:35:00-04:00,540.96,540.6603571428572,-0.2996428571428851,0.2896428571428942,-1.0345252774352294,-31.964285714288508,stop
2024-09-09,1,2024-09-09 12:45:00-04:00,2024-09-09 13:30:00-04:00,547.36,547.1217857142857,-0.2382142857143208,0.2282142857143299,-1.0438184663536292,-25.82142857143208,stop
2024-09-09,-1,2024-09-09 13:35:00-04:00,2024-09-09 13:35:00-04:00,546.7,546.9114285714286,-0.21142857142854155,0.20142857142855064,-1.049645390070882,-23.142857142854155,stop
2024-09-09,-1,2024-09-09 13:45:00-04:00,2024-09-09 13:45:00-04:00,546.01,546.2664285714286,-0.2564285714286143,0.2464285714286234,-1.0405797101448822,-27.64285714286143,stop
2024-09-10,-1,2024-09-10 11:50:00-04:00,2024-09-10 11:55:00-04:00,545.96,544.3028571428572,1.6571428571428442,0.3314285714285461,5.000000000000343,163.71428571428442,target
2024-09-10,1,2024-09-10 14:05:00-04:00,2024-09-10 14:20:00-04:00,547.52,547.2535714285714,-0.2664285714286052,0.2564285714286143,-1.0389972144846378,-28.64285714286052,stop
2024-09-10,1,2024-09-10 14:30:00-04:00,2024-09-10 15:55:00-04:00,547.9,549.0232142857143,1.1232142857143117,0.2246428571428396,5.000000000000506,110.32142857143117,target
2024-09-11,1,2024-09-11 13:05:00-04:00,2024-09-11 13:45:00-04:00,548.08,550.3085714285716,2.228571428571513,0.4457142857143026,5.0,220.8571428571513,target
2024-09-11,1,2024-09-11 14:30:00-04:00,2024-09-11 14:40:00-04:00,551.01,552.640357142857,1.630357142857065,0.3260714285713675,5.000000000000697,161.0357142857065,target
2024-09-11,1,2024-09-11 15:55:00-04:00,2024-09-11 15:55:00-04:00,554.0699999999999,554.35,0.2800000000000864,0.3785714285713766,0.7396226415097638,26.00000000000864,time
2024-09-12,1,2024-09-12 12:35:00-04:00,2024-09-12 12:35:00-04:00,555.49,555.1978571428572,-0.29214285714283506,0.28214285714284415,-1.0354430379746529,-31.214285714283506,stop
2024-09-12,1,2024-09-12 12:45:00-04:00,2024-09-12 12:55:00-04:00,555.59,556.9239285714285,1.333928571428487,0.26678571428567466,5.000000000000426,131.3928571428487,target
2024-09-12,-1,2024-09-12 14:55:00-04:00,2024-09-12 14:55:00-04:00,557.83,558.1392857142857,-0.30928571428569285,0.29928571428570194,-1.0334128878281332,-32.928571428569285,stop
2024-09-13,1,2024-09-13 11:45:00-04:00,2024-09-13 12:10:00-04:00,562.36,562.0728571428572,-0.2871428571428396,0.2771428571428487,-1.0360824742267725,-30.71428571428396,stop
2024-09-13,-1,2024-09-13 14:05:00-04:00,2024-09-13 14:05:00-04:00,562.14,562.3564285714285,-0.216428571428537,0.2064285714285461,-1.0484429065743563,-23.6428571428537,stop
2024-09-13,-1,2024-09-13 14:25:00-04:00,2024-09-13 14:40:00-04:00,561.51,561.7807142857142,-0.2707142857142344,0.2607142857142435,-1.038356164383533,-29.07142857142344,stop
2024-09-16,-1,2024-09-16 12:20:00-04:00,2024-09-16 12:25:00-04:00,560.5600000000001,560.8121428571429,-0.25214285714287143,0.24214285714288053,-1.0412979351032032,-27.214285714287143,stop
2024-09-16,1,2024-09-16 13:40:00-04:00,2024-09-16 13:40:00-04:00,562.27,562.0882142857142,-0.18178571428575196,0.17178571428576106,-1.0582120582119894,-20.178571428575196,stop
2024-09-16,-1,2024-09-16 14:45:00-04:00,2024-09-16 14:45:00-04:00,562.12,562.3035714285714,-0.18357142857144026,0.17357142857144936,-1.0576131687242205,-20.357142857144026,stop
2024-09-17,-1,2024-09-17 12:10:00-04:00,2024-09-17 12:20:00-04:00,564.58,563.4889285714286,1.0910714285714675,0.21821428571433898,4.999999999998958,107.10714285714675,target
2024-09-17,1,2024-09-17 13:55:00-04:00,2024-09-17 14:25:00-04:00,562.81,562.3767857142857,-0.43321428571425713,0.4232142857142662,-1.023628691983102,-45.32142857142571,stop
2024-09-17,-1,2024-09-17 14:50:00-04:00,2024-09-17 14:55:00-04:00,561.77,562.1274999999999,-0.3574999999999591,0.34749999999996817,-1.0287769784172427,-37.74999999999591,stop
2024-09-18,1,2024-09-18 13:35:00-04:00,2024-09-18 13:35:00-04:00,564.11,563.9303571428571,-0.17964285714288053,0.16964285714288962,-1.0589473684209878,-19.964285714288053,stop
2024-09-18,-1,2024-09-18 13:55:00-04:00,2024-09-18 13:55:00-04:00,563.07,563.2910714285715,-0.221071428571463,0.2110714285714721,-1.047377326565091,-24.1071428571463,stop
2024-09-18,1,2024-09-18 14:05:00-04:00,2024-09-18 14:05:00-04:00,565.74,565.2735714285715,-0.466428571428537,0.4564285714285461,-1.02190923317682,-48.6428571428537,stop
2024-09-19,1,2024-09-19 12:05:00-04:00,2024-09-19 12:10:00-04:00,571.24,570.9035714285715,-0.33642857142854155,0.32642857142855064,-1.0306345733041316,-35.642857142854155,stop
2024-09-19,1,2024-09-19 12:20:00-04:00,2024-09-19 12:20:00-04:00,571.53,571.2275,-0.3025000000000091,0.2925000000000182,-1.034188034188001,-32.25000000000091,stop
2024-09-19,1,2024-09-19 12:30:00-04:00,2024-09-19 12:55:00-04:00,571.68,571.3953571428572,-0.28464285714278503,0.27464285714279413,-1.0364109232769583,-30.464285714278503,stop
2024-09-20,1,2024-09-20 13:35:00-04:00,2024-09-20 13:35:00-04:00,568.56,568.3703571428571,-0.18964285714287143,0.17964285714288053,-1.0556660039760852,-20.964285714287143,stop
2024-09-20,-1,2024-09-20 14:05:00-04:00,2024-09-20 14:35:00-04:00,567.17,566.1146428571428,1.0553571428571331,0.2110714285714721,4.999999999998923,103.53571428571331,target
2024-09-23,-1,2024-09-23 12:15:00-04:00,2024-09-23 12:15:00-04:00,568.88,569.1042857142857,-0.22428571428565647,0.21428571428566556,-1.0466666666666349,-24.428571428565647,stop
2024-09-23,1,2024-09-23 13:35:00-04:00,2024-09-23 13:35:00-04:00,569.21,568.9842857142858,-0.22571428571427532,0.21571428571428442,-1.0463576158939978,-24.571428571427532,stop
2024-09-23,1,2024-09-23 13:50:00-04:00,2024-09-23 14:05:00-04:00,569.09,568.8671428571429,-0.2228571428571513,0.2128571428571604,-1.0469798657717655,-24.28571428571513,stop
2024-09-24,1,2024-09-24 11:55:00-04:00,2024-09-24 11:55:00-04:00,570.96,570.7271428571429,-0.2328571428571422,0.2228571428571513,-1.0448717948717523,-25.28571428571422,stop
2024-09-24,1,2024-09-24 12:00:00-04:00,2024-09-24 12:25:00-04:00,570.62,570.3907142857144,-0.22928571428565192,0.21928571428566102,-1.0456026058631618,-24.928571428565192,stop
2024-09-24,-1,2024-09-24 13:00:00-04:00,2024-09-24 13:05:00-04:00,570.44,570.6525,-0.21249999999997726,0.20249999999998636,-1.0493827160493412,-23.249999999997726,stop
2024-09-25,-1,2024-09-25 12:40:00-04:00,2024-09-25 13:00:00-04:00,570.4300000000001,569.574642857143,0.8553571428570876,0.1710714285713948,5.000000000000664,83.53571428570876,target
2024-09-25,-1,2024-09-25 15:35:00-04:00,2024-09-25 15:50:00-04:00,569.7,569.85,-0.14999999999997726,0.13999999999998636,-1.0714285714285134,-16.999999999997726,stop
2024-09-26,-1,2024-09-26 13:20:00-04:00,2024-09-26 13:20:00-04:00,570.11,570.3442857142858,-0.23428571428576106,0.22428571428577015,-1.0445859872610948,-25.428571428576106,stop
2024-09-26,1,2024-09-26 14:15:00-04:00,2024-09-26 14:35:00-04:00,572.28,572.0517857142858,-0.2282142857142162,0.2182142857142253,-1.0458265139115912,-24.82142857142162,stop
2024-09-27,1,2024-09-27 13:05:00-04:00,2024-09-27 13:05:00-04:00,572.63,572.4507142857143,-0.1792857142856974,0.1692857142857065,-1.059071729957755,-19.92857142856974,stop
2024-09-27,-1,2024-09-27 13:10:00-04:00,2024-09-27 13:10:00-04:00,571.87,572.0657142857143,-0.1957142857143026,0.1857142857143117,-1.0538461538460973,-21.57142857143026,stop
2024-09-27,-1,2024-09-27 13:20:00-04:00,2024-09-27 13:20:00-04:00,571.8,571.9892857142856,-0.1892857142856883,0.1792857142856974,-1.0557768924302333,-20.92857142856883,stop
2024-09-30,-1,2024-09-30 11:40:00-04:00,2024-09-30 11:40:00-04:00,571.08,571.3017857142858,-0.22178571428571558,0.21178571428572468,-1.0472175379426192,-24.17857142857156,stop
2024-09-30,1,2024-09-30 12:05:00-04:00,2024-09-30 12:40:00-04:00,571.79,571.5853571428571,-0.2046428571428578,0.1946428571428669,-1.0513761467889415,-22.46428571428578,stop
2024-09-30,1,2024-09-30 14:00:00-04:00,2024-09-30 14:00:00-04:00,571.59,571.4267857142858,-0.16321428571427532,0.15321428571428442,-1.0652680652680064,-18.321428571427532,stop
2024-10-01,-1,2024-10-01 12:40:00-04:00,2024-10-01 12:50:00-04:00,567.88,568.2921428571428,-0.4121428571428396,0.4021428571428487,-1.024866785079907,-43.21428571428396,stop
2024-10-01,-1,2024-10-01 15:15:00-04:00,2024-10-01 15:20:00-04:00,569.88,570.1646428571429,-0.2846428571428987,0.2746428571429078,-1.0364109232769432,-30.464285714289872,stop
2024-10-01,-1,2024-10-01 15:35:00-04:00,2024-10-01 15:40:00-04:00,569.36,569.6507142857142,-0.2907142857142162,0.2807142857142253,-1.0356234096691865,-31.07142857142162,stop
2024-10-02,1,2024-10-02 11:20:00-04:00,2024-10-02 11:20:00-04:00,569.74,569.2789285714285,-0.4610714285714721,0.4510714285714812,-1.0221694378463748,-48.10714285714721,stop
2024-10-02,-1,2024-10-02 12:20:00-04:00,2024-10-02 12:20:00-04:00,569.0600000000001,569.3314285714287,-0.27142857142860066,0.26142857142860976,-1.0382513661201782,-29.142857142860066,stop
2024-10-02,-1,2024-10-02 12:35:00-04:00,2024-10-02 13:10:00-04:00,568.91,567.735,1.1749999999999545,0.23500000000001364,4.999999999999516,115.49999999999545,target
2024-10-03,1,2024-10-03 11:45:00-04:00,2024-10-03 12:30:00-04:00,568.53,568.0285714285714,-0.5014285714286189,0.49142857142862795,-1.0203488372092815,-52.142857142861885,stop
2024-10-03,-1,2024-10-03 12:45:00-04:00,2024-10-03 12:50:00-04:00,567.29,565.9935714285714,1.296428571428578,0.2592857142857383,4.999999999999561,127.64285714285779,target
2024-10-03,-1,2024-10-03 15:00:00-04:00,2024-10-03 15:35:00-04:00,566.76,566.9682142857142,-0.2082142857142344,0.1982142857142435,-1.0504504504504153,-22.82142857142344,stop
2024-10-04,1,2024-10-04 12:00:00-04:00,2024-10-04 12:05:00-04:00,570.48,570.1196428571428,-0.3603571428571968,0.35035714285720587,-1.0285423037716306,-38.03571428571968,stop
2024-10-04,1,2024-10-04 12:40:00-04:00,2024-10-04 12:40:00-04:00,571.14,570.8032142857143,-0.3367857142857247,0.3267857142857338,-1.030601092896145,-35.67857142857247,stop
2024-10-04,-1,2024-10-04 13:55:00-04:00,2024-10-04 14:30:00-04:00,570.6,570.8846428571428,-0.28464285714278503,0.27464285714279413,-1.0364109232769583,-30.464285714278503,stop
2024-10-07,-1,2024-10-07 12:05:00-04:00,2024-10-07 12:15:00-04:00,570.91,571.1160714285713,-0.20607142857136296,0.19607142857137205,-1.051001821493593,-22.607142857136296,stop
2024-10-07,-1,2024-10-07 13:30:00-04:00,2024-10-07 13:35:00-04:00,570.34,570.5114285714286,-0.17142857142857792,0.16142857142858702,-1.061946902654805,-19.142857142857792,stop
2024-10-07,-1,2024-10-07 13:40:00-04:00,2024-10-07 14:30:00-04:00,570.32,569.4914285714286,0.8285714285714221,0.1657142857143299,4.999999999998628,80.85714285714221,target
2024-10-08,1,2024-10-08 11:55:00-04:00,2024-10-08 11:55:00-04:00,572.26,572.0528571428572,-0.20714285714279868,0.19714285714280777,-1.050724637681126,-22.714285714279868,stop
2024-10-08,1,2024-10-08 12:00:00-04:00,2024-10-08 12:00:00-04:00,572.28,572.0867857142857,-0.19321428571424804,0.18321428571425713,-1.0545808966861188,-21.321428571424804,stop
2024-10-08,-1,2024-10-08 13:05:00-04:00,2024-10-08 13:05:00-04:00,571.51,570.6189285714285,0.8910714285715358,0.17821428571426168,5.000000000001275,87.10714285715358,target
2024-10-09,-1,2024-10-09 12:55:00-04:00,2024-10-09 12:55:00-04:00,575.7,575.9039285714287,-0.2039285714286052,0.1939285714286143,-1.05156537753217,-22.39285714286052,stop
2024-10-09,-1,2024-10-09 13:05:00-04:00,2024-10-09 13:05:00-04:00,575.67,575.8721428571428,-0.20214285714280322,0.19214285714281232,-1.0520446096653924,-22.214285714280322,stop
2024-10-09,1,2024-10-09 13:25:00-04:00,2024-10-09 13:30:00-04:00,576.55,576.3549999999999,-0.19500000000005002,0.18500000000005912,-1.0540540540539876,-21.500000000005002,stop
2024-10-10,-1,2024-10-10 14:45:00-04:00,2024-10-10 14:45:00-04:00,575.0,575.2621428571429,-0.26214285714286234,0.25214285714287143,-1.0396600566571854,-28.214285714286234,stop
2024-10-10,1,2024-10-10 15:40:00-04:00,2024-10-10 15:50:00-04:00,575.5699999999999,576.4932142857142,0.9232142857142662,0.18464285714287598,4.9999999999993845,90.32142857142662,target
2024-10-11,1,2024-10-11 12:00:00-04:00,2024-10-11 12:00:00-04:00,579.65,579.4546428571429,-0.19535714285711947,0.18535714285712857,-1.0539499036608415,-21.535714285711947,stop
2024-10-11,-1,2024-10-11 12:15:00-04:00,2024-10-11 12:55:00-04:00,579.0,578.1517857142858,0.8482142857142208,0.16964285714288962,4.99999999999866,82.82142857142208,target
2024-10-11,1,2024-10-11 13:40:00-04:00,2024-10-11 14:15:00-04:00,579.01,579.8492857142858,0.8392857142857792,0.16785714285720132,4.9999999999986455,81.92857142857792,target
2024-10-14,1,2024-10-14 12:00:00-04:00,2024-10-14 14:40:00-04:00,583.46,584.4778571428571,1.0178571428571104,0.20357142857142208,5.0,99.78571428571104,target
2024-10-14,1,2024-10-14 15:40:00-04:00,2024-10-14 15:45:00-04:00,584.58,585.1710714285714,0.5910714285713539,0.11821428571431625,4.999999999998076,57.107142857135386,target
2024-10-15,-1,2024-10-15 11:50:00-04:00,2024-10-15 12:10:00-04:00,581.8100000000001,582.11,-0.2999999999999545,0.28571428571433444,-1.0499999999996619,-31.999999999995453,stop_gap
2024-10-15,-1,2024-10-15 13:15:00-04:00,2024-10-15 13:15:00-04:00,581.4,581.6078571428571,-0.20785714285716494,0.19785714285717404,-1.0505415162454335,-22.785714285716494,stop
2024-10-15,-1,2024-10-15 14:00:00-04:00,2024-10-15 14:00:00-04:00,580.99,581.1878571428572,-0.19785714285717404,0.18785714285718313,-1.0532319391634384,-21.785714285717404,stop
2024-10-16,1,2024-10-16 12:55:00-04:00,2024-10-16 13:15:00-04:00,581.22,581.0485714285714,-0.17142857142857792,0.16142857142858702,-1.061946902654805,-19.142857142857792,stop
2024-10-16,1,2024-10-16 14:00:00-04:00,2024-10-16 14:05:00-04:00,581.64,581.4864285714285,-0.15357142857146755,0.14357142857147664,-1.0696517412934456,-17.357142857146755,stop
2024-10-17,-1,2024-10-17 12:35:00-04:00,2024-10-17 12:35:00-04:00,583.89,584.085,-0.19500000000005002,0.18500000000005912,-1.0540540540539876,-21.500000000005002,stop
2024-10-17,-1,2024-10-17 14:05:00-04:00,2024-10-17 14:10:00-04:00,583.54,582.6989285714285,0.8410714285714675,0.16821428571427077,5.000000000000676,82.10714285714675,target
2024-10-18,-1,2024-10-18 12:15:00-04:00,2024-10-18 12:15:00-04:00,583.75,583.9082142857143,-0.15821428571427987,0.14821428571428896,-1.0674698795180095,-17.821428571427987,stop
2024-10-18,1,2024-10-18 12:35:00-04:00,2024-10-18 12:50:00-04:00,584.33,585.0585714285714,0.7285714285713993,0.1457142857142344,5.0000000000015605,70.85714285713993,target
2024-10-18,-1,2024-10-18 13:55:00-04:00,2024-10-18 14:00:00-04:00,584.58,584.7421428571429,-0.1621428571428396,0.1521428571428487,-1.0657276995304603,-18.21428571428396,stop
2024-10-21,1,2024-10-21 12:55:00-04:00,2024-10-21 14:20:00-04:00,582.74,582.5271428571428,-0.2128571428571604,0.2028571428571695,-1.049295774647836,-23.28571428571604,stop
2024-10-22,-1,2024-10-22 12:05:00-04:00,2024-10-22 12:10:00-04:00,581.88,582.0389285714285,-0.15892857142853245,0.14892857142854155,-1.0671462829735736,-17.892857142853245,stop
2024-10-22,-1,2024-10-22 12:30:00-04:00,2024-10-22 12:30:00-04:00,581.75,581.9028571428571,-0.15285714285710128,0.14285714285711038,-1.0699999999999523,-17.285714285710128,stop
2024-10-22,1,2024-10-22 12:55:00-04:00,2024-10-22 13:10:00-04:00,582.49,582.3182142857142,-0.17178571428576106,0.16178571428577015,-1.0618101545253087,-19.178571428576106,stop
2024-10-23,-1,2024-10-23 12:25:00-04:00,2024-10-23 12:45:00-04:00,578.39,578.6496428571428,-0.25964285714280777,0.24964285714281687,-1.040057224606551,-27.964285714280777,stop
2024-10-23,1,2024-10-23 15:40:00-04:00,2024-10-23 15:55:00-04:00,577.73,577.91,0.17999999999994998,0.23964285714282596,0.7511177347241811,15.999999999994998,time
2024-10-24,1,2024-10-24 13:45:00-04:00,2024-10-24 13:45:00-04:00,579.52,579.2996428571429,-0.22035714285709673,0.21035714285710583,-1.0475382003395237,-24.035714285709673,stop
2024-10-24,-1,2024-10-24 14:00:00-04:00,2024-10-24 14:05:00-04:00,578.52,578.7521428571429,-0.23214285714288962,0.22214285714289872,-1.0450160771703687,-25.214285714288962,stop
2024-10-24,-1,2024-10-24 15:05:00-04:00,2024-10-24 15:05:00-04:00,578.3,578.505,-0.20500000000004093,0.19500000000005002,-1.0512820512819916,-22.500000000004093,stop
2024-10-25,-1,2024-10-25 13:15:00-04:00,2024-10-25 13:20:00-04:00,581.29,580.3632142857142,0.9267857142857565,0.18535714285712857,5.000000000000614,90.67857142857565,target
2024-10-28,1,2024-10-28 12:45:00-04:00,2024-10-28 12:45:00-04:00,581.64,581.4078571428571,-0.23214285714288962,0.22214285714289872,-1.0450160771703687,-25.214285714288962,stop
2024-10-28,-1,2024-10-28 13:15:00-04:00,2024-10-28 13:15:00-04:00,580.71,580.9353571428571,-0.22535714285709219,0.21535714285710128,-1.046434494195655,-24.53571428570922,stop
2024-10-28,-1,2024-10-28 14:25:00-04:00,2024-10-28 14:25:00-04:00,581.33,581.5085714285715,-0.1785714285714448,0.1685714285714539,-1.0593220338982423,-19.85714285714448,stop
2024-10-29,1,2024-10-29 12:05:00-04:00,2024-10-29 12:30:00-04:00,581.53,581.2614285714286,-0.26857142857136296,0.25857142857137205,-1.0386740331491446,-28.857142857136296,stop
2024-10-29,1,2024-10-29 14:30:00-04:00,2024-10-29 15:50:00-04:00,582.36,582.1742857142857,-0.1857142857143117,0.1757142857143208,-1.056910569105628,-20.57142857143117,stop
2024-10-30,-1,2024-10-30 13:00:00-04:00,2024-10-30 13:00:00-04:00,581.98,582.1382142857143,-0.15821428571427987,0.14821428571428896,-1.0674698795180095,-17.821428571427987,stop
2024-10-30,-1,2024-10-30 13:10:00-04:00,2024-10-30 13:10:00-04:00,581.96,582.1239285714286,-0.1639285714285279,0.153928571428537,-1.0649651972157328,-18.39285714285279,stop
2024-10-30,-1,2024-10-30 13:30:00-04:00,2024-10-30 13:35:00-04:00,581.5,580.725,0.7749999999999773,0.15499999999997272,5.000000000000734,75.49999999999773,target
2024-10-31,-1,2024-10-31 11:55:00-04:00,2024-10-31 11:55:00-04:00,570.14,570.4753571428571,-0.3353571428571058,0.3253571428571149,-1.0307354555433337,-35.53571428571058,stop
2024-10-31,1,2024-10-31 12:15:00-04:00,2024-10-31 12:25:00-04:00,571.49,571.165,-0.3250000000000455,0.31500000000005457,-1.0317460317459974,-34.50000000000455,stop
2024-10-31,1,2024-10-31 13:10:00-04:00,2024-10-31 13:10:00-04:00,571.89,571.6607142857143,-0.22928571428565192,0.21928571428566102,-1.0456026058631618,-24.928571428565192,stop
2024-11-01,-1,2024-11-01 12:00:00-04:00,2024-11-01 12:00:00-04:00,573.62,573.95,-0.3300000000000409,0.32000000000005,-1.0312499999999667,-35.00000000000409,stop
2024-11-01,-1,2024-11-01 12:30:00-04:00,2024-11-01 12:30:00-04:00,573.38,573.6560714285714,-0.276071428571413,0.2660714285714221,-1.0375838926174163,-29.607142857141298,stop
2024-11-01,-1,2024-11-01 12:45:00-04:00,2024-11-01 12:45:00-04:00,572.98,573.2857142857143,-0.30571428571431625,0.29571428571432534,-1.0338164251207376,-32.571428571431625,stop
2024-11-04,-1,2024-11-04 11:25:00-05:00,2024-11-04 11:40:00-05:00,571.1800000000001,569.8067857142858,1.3732142857143117,0.2746428571429078,4.999999999999172,135.32142857143117,target
2024-11-04,1,2024-11-04 13:50:00-05:00,2024-11-04 13:50:00-05:00,571.15,570.8767857142857,-0.27321428571428896,0.26321428571429806,-1.037991858887345,-29.321428571428896,stop
2024-11-04,-1,2024-11-04 14:30:00-05:00,2024-11-04 14:30:00-05:00,570.3100000000001,570.5089285714287,-0.19892857142860976,0.18892857142861885,-1.0529300567107136,-21.892857142860976,stop
2024-11-05,1,2024-11-05 11:35:00-05:00,2024-11-05 11:40:00-05:00,575.3,574.9671428571428,-0.33285714285716494,0.32285714285717404,-1.0309734513274025,-35.285714285716494,stop
2024-11-05,1,2024-11-05 12:15:00-05:00,2024-11-05 12:25:00-05:00,575.88,575.6321428571429,-0.24785714285712857,0.23785714285713766,-1.0420420420420047,-26.785714285712857,stop
2024-11-05,1,2024-11-05 12:50:00-05:00,2024-11-05 12:50:00-05:00,576.4,576.1821428571428,-0.21785714285715585,0.20785714285716494,-1.04810996563569,-23.785714285715585,stop
2024-11-06,1,2024-11-06 11:40:00-05:00,2024-11-06 11:45:00-05:00,588.78,588.3882142857143,-0.39178571428567466,0.38178571428568375,-1.0261927034611569,-41.178571428567466,stop
2024-11-06,1,2024-11-06 12:50:00-05:00,2024-11-06 12:50:00-05:00,589.38,589.1657142857143,-0.21428571428566556,0.20428571428567466,-1.0489510489510139,-23.428571428566556,stop
2024-11-06,1,2024-11-06 15:10:00-05:00,2024-11-06 15:20:00-05:00,590.99,590.7925,-0.1974999999999909,0.1875,-1.0533333333332848,-21.74999999999909,stop
2024-11-07,1,2024-11-07 11:55:00-05:00,2024-11-07 12:00:00-05:00,595.12,594.9546428571429,-0.16535714285714675,0.15535714285715585,-1.0643678160918901,-18.535714285714675,stop
2024-11-07,1,2024-11-07 12:30:00-05:00,2024-11-07 12:30:00-05:00,595.22,595.0775,-0.14250000000004093,0.13250000000005002,-1.0754716981131105,-16.250000000004093,stop
2024-11-07,1,2024-11-07 12:45:00-05:00,2024-11-07 13:05:00-05:00,595.31,595.1657142857142,-0.14428571428572923,0.13428571428573832,-1.074468085106302,-16.428571428572923,stop
2024-11-08,-1,2024-11-08 12:15:00-05:00,2024-11-08 12:15:00-05:00,597.5,597.6435714285714,-0.14357142857136296,0.13357142857137205,-1.0748663101603915,-16.357142857136296,stop
2024-11-11,-1,2024-11-11 12:20:00-05:00,2024-11-11 12:20:00-05:00,598.8100000000001,598.9710714285715,-0.16107142857140389,0.15107142857141298,-1.0661938534278426,-18.10714285714039,stop
2024-11-11,1,2024-11-11 15:10:00-05:00,2024-11-11 15:10:00-05:00,598.41,598.2789285714285,-0.13107142857143117,0.12107142857144026,-1.0825958702064067,-15.107142857143117,stop
2024-11-11,-1,2024-11-11 15:50:00-05:00,2024-11-11 15:50:00-05:00,598.0600000000001,598.1932142857144,-0.1332142857143026,0.1232142857143117,-1.081159420289764,-15.32142857143026,stop
2024-11-12,-1,2024-11-12 12:45:00-05:00,2024-11-12 12:55:00-05:00,596.09,594.9471428571429,1.1428571428571104,0.22857142857139934,5.000000000000497,112.28571428571104,target
2024-11-12,-1,2024-11-12 15:20:00-05:00,2024-11-12 15:50:00-05:00,597.58,596.73,0.8500000000000227,0.16999999999995907,5.000000000001338,83.00000000000227,target
2024-11-13,1,2024-11-13 11:50:00-05:00,2024-11-13 11:55:00-05:00,598.09,597.8028571428572,-0.2871428571428396,0.2771428571428487,-1.0360824742267725,-30.71428571428396,stop
2024-11-13,1,2024-11-13 12:10:00-05:00,2024-11-13 12:20:00-05:00,598.48,598.2067857142857,-0.27321428571428896,0.26321428571429806,-1.037991858887345,-29.321428571428896,stop
2024-11-13,1,2024-11-13 12:55:00-05:00,2024-11-13 13:05:00-05:00,598.9399999999999,598.6839285714285,-0.25607142857143117,0.24607142857144026,-1.0406386066763036,-27.607142857143117,stop
2024-11-14,-1,2024-11-14 11:50:00-05:00,2024-11-14 11:50:00-05:00,595.95,596.1778571428572,-0.22785714285714675,0.21785714285715585,-1.0459016393442178,-24.785714285714675,stop
2024-11-14,-1,2024-11-14 14:00:00-05:00,2024-11-14 14:00:00-05:00,593.87,594.1207142857143,-0.2507142857142526,0.24071428571426168,-1.0415430267061978,-27.07142857142526,stop
2024-11-14,1,2024-11-14 14:40:00-05:00,2024-11-14 14:40:00-05:00,595.4,595.1546428571428,-0.24535714285718768,0.23535714285719678,-1.0424886191198302,-26.53571428571877,stop
2024-11-15,1,2024-11-15 11:30:00-05:00,2024-11-15 11:30:00-05:00,587.24,586.905,-0.3350000000000364,0.3250000000000455,-1.0307692307691985,-35.50000000000364,stop
2024-11-15,-1,2024-11-15 12:00:00-05:00,2024-11-15 13:55:00-05:00,585.77,584.0967857142857,1.6732142857142662,0.33464285714285325,5.0,165.32142857142662,target
2024-11-15,1,2024-11-15 15:55:00-05:00,2024-11-15 15:55:00-05:00,585.98,585.6403571428572,-0.3396428571428487,0.3296428571428578,-1.0303358613217493,-35.96428571428487,stop
2024-11-18,1,2024-11-18 11:40:00-05:00,2024-11-18 11:45:00-05:00,589.39,589.1878571428572,-0.20214285714280322,0.19214285714281232,-1.0520446096653924,-22.214285714280322,stop
2024-11-18,-1,2024-11-18 12:10:00-05:00,2024-11-18 12:10:00-05:00,587.9300000000001,588.1517857142858,-0.22178571428571558,0.21178571428572468,-1.0472175379426192,-24.17857142857156,stop
2024-11-18,1,2024-11-18 13:00:00-05:00,2024-11-18 13:00:00-05:00,588.66,588.4446428571429,-0.21535714285710128,0.20535714285711038,-1.0486956521738764,-23.535714285710128,stop
2024-11-19,-1,2024-11-19 12:25:00-05:00,2024-11-19 12:25:00-05:00,588.4300000000001,588.6771428571429,-0.24714285714287598,0.23714285714288508,-1.042168674698752,-26.7142857142876,stop
2024-11-19,1,2024-11-19 12:35:00-05:00,2024-11-19 12:35:00-05:00,589.45,589.1960714285715,-0.25392857142855974,0.24392857142856883,-1.0409956076134332,-27.392857142855974,stop
2024-11-19,1,2024-11-19 13:40:00-05:00,2024-11-19 13:40:00-05:00,590.05,589.8528571428571,-0.19714285714280777,0.18714285714281687,-1.0534351145037797,-21.714285714280777,stop
2024-11-20,-1,2024-11-20 11:30:00-05:00,2024-11-20 11:35:00-05:00,585.89,586.2617857142857,-0.37178571428569285,0.36178571428570194,-1.027640671273421,-39.178571428569285,stop
2024-11-20,1,2024-11-20 11:50:00-05:00,2024-11-20 12:05:00-05:00,588.0,587.6564285714286,-0.34357142857140843,0.3335714285714175,-1.0299785867237425,-36.35714285714084,stop
2024-11-20,-1,2024-11-20 13:40:00-05:00,2024-11-20 14:35:00-05:00,586.7,587.0142857142857,-0.3142857142856883,0.3042857142856974,-1.03286384976523,-33.42857142856883,stop
2024-11-21,-1,2024-11-21 12:05:00-05:00,2024-11-21 12:05:00-05:00,591.14,591.5792857142857,-0.4392857142856883,0.4292857142856974,-1.023294509151394,-45.92857142856883,stop
2024-11-21,1,2024-11-21 12:30:00-05:00,2024-11-21 15:05:00-05:00,593.02,594.9128571428571,1.8928571428571104,0.3785714285713766,5.0000000000006,187.28571428571104,target
2024-11-21,-1,2024-11-21 15:55:00-05:00,2024-11-21 15:55:00-05:00,594.0600000000001,593.61,0.4500000000000455,0.1964285714285552,2.290909090909512,43.00000000000455,time
2024-11-22,-1,2024-11-22 11:45:00-05:00,2024-11-22 11:45:00-05:00,594.11,594.5028571428571,-0.3928571428571104,0.38285714285711947,-1.0261194029850524,-41.28571428571104,stop
2024-11-22,1,2024-11-22 12:15:00-05:00,2024-11-22 12:30:00-05:00,595.6,595.2578571428572,-0.3421428571427896,0.3321428571427987,-1.0301075268816984,-36.21428571427896,stop
2024-11-22,1,2024-11-22 13:05:00-05:00,2024-11-22 13:05:00-05:00,595.85,595.6235714285715,-0.2264285714285279,0.216428571428537,-1.0462046204620115,-24.64285714285279,stop
2024-11-25,-1,2024-11-25 11:40:00-05:00,2024-11-25 12:25:00-05:00,597.37,595.8164285714286,1.5535714285714448,0.3107142857143117,4.999999999999634,153.35714285714448,target
2024-11-25,-1,2024-11-25 14:25:00-05:00,2024-11-25 14:25:00-05:00,596.8,596.9957142857143,-0.1957142857143026,0.1857142857143117,-1.0538461538460973,-21.57142857143026,stop
2024-11-25,1,2024-11-25 15:55:00-05:00,2024-11-25 15:55:00-05:00,597.59,597.4107142857143,-0.1792857142856974,0.1692857142857065,-1.059071729957755,-19.92857142856974,stop
2024-11-26,1,2024-11-26 11:55:00-05:00,2024-11-26 11:55:00-05:00,599.83,599.62,-0.21000000000003638,0.20000000000004547,-1.0499999999999432,-23.000000000003638,stop
2024-11-26,1,2024-11-26 12:55:00-05:00,2024-11-26 13:10:00-05:00,599.9399999999999,599.7789285714285,-0.16107142857140389,0.15107142857141298,-1.0661938534278426,-18.10714285714039,stop
2024-11-26,1,2024-11-26 13:45:00-05:00,2024-11-26 13:45:00-05:00,600.11,599.9717857142857,-0.13821428571429806,0.12821428571430715,-1.0779944289692753,-15.821428571429806,stop
2024-11-27,-1,2024-11-27 11:55:00-05:00,2024-11-27 12:50:00-05:00,598.12,598.3632142857143,-0.24321428571431625,0.23321428571432534,-1.0428790199080702,-26.321428571431625,stop
2024-11-27,1,2024-11-27 13:00:00-05:00,2024-11-27 13:00:00-05:00,598.39,598.1839285714285,-0.20607142857147664,0.19607142857148574,-1.0510018214935635,-22.607142857147664,stop
2024-11-27,1,2024-11-27 13:10:00-05:00,2024-11-27 15:40:00-05:00,598.46,598.2610714285714,-0.19892857142860976,0.18892857142861885,-1.0529300567107136,-21.892857142860976,stop
2024-12-02,-1,2024-12-02 14:15:00-05:00,2024-12-02 14:15:00-05:00,603.17,603.3003571428571,-0.1303571428571786,0.12035714285718768,-1.0830860534123563,-15.035714285717859,stop
2024-12-03,1,2024-12-03 11:30:00-05:00,2024-12-03 11:30:00-05:00,603.41,603.2189285714286,-0.1910714285713766,0.1810714285713857,-1.0552268244575564,-21.10714285713766,stop
2024-12-03,1,2024-12-03 12:45:00-05:00,2024-12-03 14:50:00-05:00,603.28,603.9585714285714,0.6785714285714448,0.1357142857142435,5.000000000001675,65.85714285714448,target
2024-12-03,-1,2024-12-03 15:40:00-05:00,2024-12-03 15:45:00-05:00,603.76,603.8671428571429,-0.10714285714288962,0.09714285714289872,-1.1029411764704506,-12.714285714288962,stop
2024-12-04,-1,2024-12-04 12:35:00-05:00,2024-12-04 12:35:00-05:00,606.11,606.2253571428571,-0.11535714285707854,0.10535714285708764,-1.0949152542372516,-13.535714285707854,stop
2024-12-04,1,2024-12-04 15:10:00-05:00,2024-12-04 15:55:00-05:00,607.31,607.61,0.3000000000000682,0.13250000000005002,2.2641509433958866,28.00000000000682,time
2024-12-05,-1,2024-12-05 13:20:00-05:00,2024-12-05 13:20:00-05:00,607.77,607.1949999999999,0.5750000000000455,0.1150000000000091,5.0,55.50000000000455,target
2024-12-05,-1,2024-12-05 15:20:00-05:00,2024-12-05 15:20:00-05:00,607.0,607.1625,-0.16250000000002274,0.15250000000003183,-1.0655737704917299,-18.250000000002274,stop
2024-12-05,-1,2024-12-05 15:55:00-05:00,2024-12-05 15:55:00-05:00,606.69,606.62,0.07000000000005002,0.16464285714289417,0.42516268980498045,5.000000000005002,time
2024-12-06,1,2024-12-06 13:10:00-05:00,2024-12-06 13:30:00-05:00,608.08,607.8985714285715,-0.18142857142856883,0.17142857142857792,-1.058333333333278,-20.142857142856883,stop
2024-12-06,1,2024-12-06 15:15:00-05:00,2024-12-06 15:25:00-05:00,607.61,607.47,-0.13999999999998636,0.12999999999999545,-1.0769230769230096,-15.999999999998636,stop
2024-12-06,1,2024-12-06 15:55:00-05:00,2024-12-06 15:55:00-05:00,607.78,607.87,0.09000000000003183,0.11392857142857338,0.7899686520378835,7.000000000003183,time
2024-12-09,-1,2024-12-09 12:35:00-05:00,2024-12-09 12:35:00-05:00,605.44,605.6092857142858,-0.1692857142857065,0.15928571428571558,-1.0627802690582384,-18.92857142857065,stop
2024-12-09,-1,2024-12-09 13:00:00-05:00,2024-12-09 13:10:00-05:00,605.33,605.4985714285715,-0.1685714285714539,0.158571428571463,-1.063063063062992,-18.85714285714539,stop
2024-12-09,-1,2024-12-09 15:55:00-05:00,2024-12-09 15:55:00-05:00,604.19,604.3560714285715,-0.16607142857139934,0.15607142857140843,-1.0640732265445725,-18.607142857139934,stop
2024-12-10,-1,2024-12-10 12:15:00-05:00,2024-12-10 12:20:00-05:00,604.29,604.4567857142856,-0.16678571428565192,0.15678571428566102,-1.063781321184474,-18.678571428565192,stop
2024-12-10,1,2024-12-10 12:35:00-05:00,2024-12-10 12:35:00-05:00,604.99,604.8310714285715,-0.15892857142853245,0.14892857142854155,-1.0671462829735736,-17.892857142853245,stop
2024-12-10,-1,2024-12-10 14:00:00-05:00,2024-12-10 15:00:00-05:00,604.03,603.405,0.625,0.125,5.0,60.5,target
2024-12-11,1,2024-12-11 11:25:00-05:00,2024-12-11 12:00:00-05:00,607.22,607.9842857142856,0.7642857142856201,0.15285714285710128,5.000000000000743,74.42857142856201,target
2024-12-11,1,2024-12-11 12:45:00-05:00,2024-12-11 12:50:00-05:00,608.06,607.9217857142856,-0.13821428571429806,0.12821428571430715,-1.0779944289692753,-15.821428571429806,stop
2024-12-11,1,2024-12-11 13:05:00-05:00,2024-12-11 13:05:00-05:00,608.29,608.1582142857143,-0.13178571428568375,0.12178571428569285,-1.0821114369500864,-15.178571428568375,stop
2024-12-12,-1,2024-12-12 11:45:00-05:00,2024-12-12 12:10:00-05:00,606.44,606.6242857142857,-0.18428571428569285,0.17428571428570194,-1.0573770491802796,-20.428571428569285,stop
2024-12-12,-1,2024-12-12 13:45:00-05:00,2024-12-12 13:50:00-05:00,605.97,606.1539285714285,-0.1839285714285097,0.1739285714285188,-1.0574948665297392,-20.39285714285097,stop
2024-12-12,-1,2024-12-12 15:55:00-05:00,2024-12-12 15:55:00-05:00,604.77,604.38,0.38999999999998636,0.153928571428537,2.5336426914157912,36.999999999998636,time
2024-12-13,-1,2024-12-13 12:25:00-05:00,2024-12-13 13:15:00-05:00,603.32,603.6021428571429,-0.28214285714284415,0.27214285714285325,-1.036745406824114,-30.214285714284415,stop
2024-12-13,1,2024-12-13 13:20:00-05:00,2024-12-13 13:20:00-05:00,603.59,603.3703571428572,-0.21964285714284415,0.20964285714285325,-1.0477001703577087,-23.964285714284415,stop
2024-12-13,1,2024-12-13 13:30:00-05:00,2024-12-13 13:30:00-05:00,603.98,603.7564285714286,-0.22357142857140389,0.21357142857141298,-1.0468227424748773,-24.35714285714039,stop
2024-12-16,-1,2024-12-16 11:35:00-05:00,2024-12-16 11:35:00-05:00,606.52,606.6935714285714,-0.17357142857144936,0.16357142857145845,-1.0611353711789726,-19.357142857144936,stop
2024-12-16,-1,2024-12-16 11:45:00-05:00,2024-12-16 11:45:00-05:00,606.48,606.6314285714286,-0.15142857142859611,0.1414285714286052,-1.0707070707069894,-17.14285714285961,stop
2024-12-16,1,2024-12-16 12:00:00-05:00,2024-12-16 12:00:00-05:00,606.97,606.8192857142858,-0.15071428571422985,0.14071428571423894,-1.0710659898476746,-17.071428571422985,stop
2024-12-17,-1,2024-12-17 13:20:00-05:00,2024-12-17 13:20:00-05:00,604.1800000000001,604.3325000000001,-0.15250000000003183,0.14250000000004093,-1.0701754385964073,-17.250000000003183,stop
2024-12-17,-1,2024-12-17 14:20:00-05:00,2024-12-17 15:00:00-05:00,603.88,603.2317857142857,0.648214285714289,0.12964285714281232,5.000000000001754,62.821428571428896,target
2024-12-18,1,2024-12-18 12:20:00-05:00,2024-12-18 12:25:00-05:00,606.1899999999999,605.9864285714285,-0.20357142857142208,0.19357142857143117,-1.0516605166051183,-22.357142857142208,stop
2024-12-18,-1,2024-12-18 12:45:00-05:00,2024-12-18 12:45:00-05:00,605.34,605.5228571428572,-0.18285714285718768,0.17285714285719678,-1.057851239669351,-20.28571428571877,stop
2024-12-18,-1,2024-12-18 14:05:00-05:00,2024-12-18 14:05:00-05:00,603.7,602.6892857142857,1.0107142857143572,0.2021428571429169,4.999999999998876,99.07142857143572,target
2024-12-19,-1,2024-12-19 12:25:00-05:00,2024-12-19 12:55:00-05:00,588.53,588.9810714285713,-0.4510714285713675,0.4410714285713766,-1.02267206477731,-47.10714285713675,stop
2024-12-19,-1,2024-12-19 13:05:00-05:00,2024-12-19 13:05:00-05:00,587.54,587.9542857142857,-0.41428571428571104,0.40428571428572013,-1.0247349823321326,-43.428571428571104,stop
2024-12-19,1,2024-12-19 13:30:00-05:00,2024-12-19 14:20:00-05:00,589.59,589.1325,-0.4574999999999818,0.4474999999999909,-1.022346368715064,-47.74999999999818,stop
2024-12-20,-1,2024-12-20 13:05:00-05:00,2024-12-20 13:45:00-05:00,594.02,592.0646428571428,1.955357142857224,0.3910714285714221,5.00000000000029,193.5357142857224,target
2024-12-20,1,2024-12-20 14:30:00-05:00,2024-12-20 14:45:00-05:00,593.23,592.8471428571429,-0.38285714285711947,0.37285714285712857,-1.0268199233716242,-40.28571428571195,stop
2024-12-20,-1,2024-12-20 15:25:00-05:00,2024-12-20 15:25:00-05:00,591.9300000000001,592.224642857143,-0.2946428571428896,0.2846428571428987,-1.0351317440401135,-31.464285714288962,stop
2024-12-23,1,2024-12-23 12:50:00-05:00,2024-12-23 12:50:00-05:00,592.88,592.56,-0.32000000000005,0.3100000000000591,-1.0322580645160935,-34.000000000005,stop
2024-12-23,1,2024-12-23 13:05:00-05:00,2024-12-23 13:15:00-05:00,593.01,592.7314285714285,-0.27857142857146755,0.26857142857147664,-1.037234042553151,-29.857142857146755,stop
2024-12-23,-1,2024-12-23 14:40:00-05:00,2024-12-23 14:40:00-05:00,593.1800000000001,593.3821428571429,-0.20214285714280322,0.19214285714281232,-1.0520446096653924,-22.214285714280322,stop
2024-12-26,1,2024-12-26 11:45:00-05:00,2024-12-26 11:50:00-05:00,601.77,601.5649999999999,-0.20500000000004093,0.19500000000005002,-1.0512820512819916,-22.500000000004093,stop
2024-12-26,1,2024-12-26 12:00:00-05:00,2024-12-26 12:25:00-05:00,601.85,601.6660714285715,-0.1839285714285097,0.1739285714285188,-1.0574948665297392,-20.39285714285097,stop
2024-12-26,-1,2024-12-26 12:50:00-05:00,2024-12-26 12:50:00-05:00,600.86,601.0942857142857,-0.23428571428564737,0.22428571428565647,-1.0445859872611174,-25.428571428564737,stop
2024-12-27,1,2024-12-27 13:05:00-05:00,2024-12-27 13:05:00-05:00,592.85,592.4725,-0.37750000000005457,0.36750000000006366,-1.027210884353712,-39.75000000000546,stop
2024-12-27,1,2024-12-27 13:15:00-05:00,2024-12-27 14:10:00-05:00,592.51,594.3867857142858,1.876785714285802,0.37535714285718313,4.999999999999697,185.6785714285802,target
2024-12-27,1,2024-12-27 14:45:00-05:00,2024-12-27 15:00:00-05:00,594.9,594.6360714285714,-0.26392857142855064,0.25392857142855974,-1.03938115330517,-28.392857142855064,stop
2024-12-30,1,2024-12-30 12:50:00-05:00,2024-12-30 12:50:00-05:00,591.35,591.0035714285715,-0.34642857142853245,0.33642857142854155,-1.0297239915074066,-36.642857142853245,stop
2024-12-30,1,2024-12-30 13:15:00-05:00,2024-12-30 13:15:00-05:00,591.42,591.0464285714286,-0.37357142857138115,0.36357142857139024,-1.0275049115913335,-39.357142857138115,stop
2024-12-30,-1,2024-12-30 14:15:00-05:00,2024-12-30 14:25:00-05:00,590.16,590.545,-0.3849999999999909,0.375,-1.0266666666666424,-40.49999999999909,stop
2024-12-31,-1,2024-12-31 12:25:00-05:00,2024-12-31 12:25:00-05:00,586.26,586.615,-0.3550000000000182,0.3450000000000273,-1.028985507246348,-37.50000000000182,stop
2024-12-31,-1,2024-12-31 14:35:00-05:00,2024-12-31 14:35:00-05:00,584.74,585.1228571428571,-0.38285714285711947,0.37285714285712857,-1.0268199233716242,-40.28571428571195,stop
2024-12-31,1,2024-12-31 15:00:00-05:00,2024-12-31 15:10:00-05:00,586.3199999999999,585.9192857142857,-0.40071428571422985,0.39071428571423894,-1.0255941499085721,-42.071428571422985,stop
2025-01-02,-1,2025-01-02 12:25:00-05:00,2025-01-02 12:30:00-05:00,586.4,583.9357142857143,2.4642857142856656,0.4928571428571331,5.0,244.42857142856656,target
2025-01-02,-1,2025-01-02 13:55:00-05:00,2025-01-02 13:55:00-05:00,580.6800000000001,581.3264285714287,-0.6464285714286007,0.6364285714286098,-1.0157126823793339,-66.64285714286007,stop
2025-01-02,1,2025-01-02 14:25:00-05:00,2025-01-02 14:35:00-05:00,583.0699999999999,582.5157142857142,-0.5542857142856974,0.5442857142857065,-1.018372703412057,-57.42857142856974,stop
2025-01-03,1,2025-01-03 11:30:00-05:00,2025-01-03 13:35:00-05:00,589.61,591.8082142857143,2.1982142857142435,0.43964285714287143,4.9999999999997415,217.82142857142435,target
2025-01-03,-1,2025-01-03 15:50:00-05:00,2025-01-03 15:50:00-05:00,591.33,591.5278571428572,-0.19785714285717404,0.18785714285718313,-1.0532319391634384,-21.785714285717404,stop
2025-01-06,1,2025-01-06 11:15:00-05:00,2025-01-06 12:15:00-05:00,599.08,598.7800000000001,-0.2999999999999545,0.2899999999999636,-1.0344827586206626,-31.999999999995453,stop
2025-01-06,-1,2025-01-06 12:20:00-05:00,2025-01-06 12:40:00-05:00,598.8100000000001,597.885,0.9250000000000682,0.18500000000005912,4.999999999998771,90.50000000000682,target
2025-01-06,-1,2025-01-06 15:00:00-05:00,2025-01-06 15:00:00-05:00,594.3100000000001,594.6207142857144,-0.3107142857143117,0.3007142857143208,-1.0332541567695621,-33.07142857143117,stop
2025-01-07,-1,2025-01-07 11:55:00-05:00,2025-01-07 12:15:00-05:00,591.04,591.6010714285713,-0.5610714285713811,0.5510714285713902,-1.018146467919622,-58.107142857138115,stop
2025-01-07,-1,2025-01-07 12:50:00-05:00,2025-01-07 12:55:00-05:00,590.1,590.5039285714286,-0.403928571428537,0.3939285714285461,-1.0253853127832968,-42.3928571428537,stop
2025-01-07,1,2025-01-07 13:10:00-05:00,2025-01-07 13:35:00-05:00,591.79,591.4264285714286,-0.36357142857139024,0.35357142857139934,-1.028282828282805,-38.357142857139024,stop
2025-01-08,1,2025-01-08 14:10:00-05:00,2025-01-08 14:10:00-05:00,589.5,589.0528571428572,-0.44714285714280777,0.43714285714281687,-1.0228758169934453,-46.71428571428078,stop
2025-01-08,1,2025-01-08 14:25:00-05:00,2025-01-08 14:30:00-05:00,589.84,589.3557142857144,-0.4842857142856474,0.47428571428565647,-1.021084337349381,-50.42857142856474,stop
2025-01-08,1,2025-01-08 15:55:00-05:00,2025-01-08 15:55:00-05:00,589.39,589.39,0.0,0.31928571428568375,0.0,-2.0,time
2025-01-10,-1,2025-01-10 12:00:00-05:00,2025-01-10 12:15:00-05:00,579.11,579.6192857142858,-0.5092857142857383,0.4992857142857474,-1.020028612303271,-52.92857142857383,stop
2025-01-10,1,2025-01-10 12:40:00-05:00,2025-01-10 13:20:00-05:00,580.55,582.6392857142857,2.0892857142857792,0.4178571428572013,4.9999999999994555,206.92857142857792,target
2025-01-10,-1,2025-01-10 15:15:00-05:00,2025-01-10 15:35:00-05:00,580.7,581.1132142857143,-0.4132142857142753,0.4032142857142844,-1.0248007085916515,-43.32142857142753,stop
2025-01-13,-1,2025-01-13 12:00:00-05:00,2025-01-13 12:00:00-05:00,576.01,576.4375,-0.4275000000000091,0.4175000000000182,-1.0239520958083603,-44.75000000000091,stop
2025-01-13,-1,2025-01-13 12:05:00-05:00,2025-01-13 12:05:00-05:00,576.28,576.7032142857142,-0.4232142857142662,0.4132142857142753,-1.0242005185825196,-44.32142857142662,stop
2025-01-13,1,2025-01-13 12:20:00-05:00,2025-01-13 12:40:00-05:00,578.12,577.6892857142857,-0.43071428571431625,0.42071428571432534,-1.0237691001697555,-45.071428571431625,stop
2025-01-14,1,2025-01-14 12:55:00-05:00,2025-01-14 12:55:00-05:00,580.31,579.9371428571428,-0.37285714285712857,0.36285714285713766,-1.0275590551180855,-39.28571428571286,stop
2025-01-14,1,2025-01-14 13:05:00-05:00,2025-01-14 13:40:00-05:00,580.8199999999999,582.7039285714285,1.8839285714285552,0.3767857142856883,5.000000000000302,186.39285714285552,target
2025-01-14,-1,2025-01-14 14:50:00-05:00,2025-01-14 14:55:00-05:00,582.85,581.569642857143,1.2803571428570422,0.25607142857143117,4.999999999999556,126.03571428570422,target
2025-01-15,-1,2025-01-15 11:35:00-05:00,2025-01-15 11:35:00-05:00,589.84,590.2528571428571,-0.4128571428570922,0.4028571428571013,-1.0248226950354409,-43.28571428570922,stop
2025-01-15,1,2025-01-15 13:30:00-05:00,2025-01-15 13:35:00-05:00,592.26,592.0228571428571,-0.23714285714288508,0.22714285714289417,-1.044025157232657,-25.714285714288508,stop
2025-01-15,1,2025-01-15 13:55:00-05:00,2025-01-15 14:35:00-05:00,592.64,593.6596428571429,1.0196428571429124,0.2039285714286052,4.999999999999442,99.96428571429124,target
2025-01-16,-1,2025-01-16 13:30:00-05:00,2025-01-16 13:45:00-05:00,592.25,591.1303571428572,1.1196428571428214,0.22392857142858702,4.999999999999492,109.96428571428214,target
2025-01-17,1,2025-01-17 12:25:00-05:00,2025-01-17 12:35:00-05:00,598.91,598.6885714285714,-0.22142857142853245,0.21142857142854155,-1.047297297297261,-24.142857142853245,stop
2025-01-17,1,2025-01-17 13:20:00-05:00,2025-01-17 13:25:00-05:00,599.18,599.0235714285714,-0.15642857142859157,0.14642857142860066,-1.0682926829267536,-17.642857142859157,stop
2025-01-17,-1,2025-01-17 13:35:00-05:00,2025-01-17 13:35:00-05:00,598.78,598.9342857142857,-0.15428571428572013,0.14428571428572923,-1.0693069306929992,-17.428571428572013,stop
2025-01-21,1,2025-01-21 11:55:00-05:00,2025-01-21 11:55:00-05:00,601.35,601.0703571428571,-0.27964285714290327,0.26964285714291236,-1.0370860927151904,-29.964285714290327,stop
2025-01-21,-1,2025-01-21 14:20:00-05:00,2025-01-21 14:25:00-05:00,602.16,602.3192857142857,-0.15928571428571558,0.14928571428572468,-1.0669856459329488,-17.92857142857156,stop
2025-01-22,-1,2025-01-22 13:00:00-05:00,2025-01-22 13:05:00-05:00,607.29,607.4203571428571,-0.1303571428571786,0.12035714285718768,-1.0830860534123563,-15.035714285717859,stop
2025-01-23,1,2025-01-23 13:00:00-05:00,2025-01-23 14:00:00-05:00,607.6899999999999,607.5424999999999,-0.14750000000003638,0.13750000000004547,-1.0727272727271826,-16.750000000003638,stop
2025-01-23,1,2025-01-23 15:15:00-05:00,2025-01-23 15:20:00-05:00,608.05,607.9167857142857,-0.1332142857143026,0.1232142857143117,-1.081159420289764,-15.32142857143026,stop
2025-01-23,1,2025-01-23 15:55:00-05:00,2025-01-23 15:55:00-05:00,608.72,609.4807142857144,0.7607142857143572,0.1521428571428487,5.000000000000747,74.07142857143572,target
2025-01-24,1,2025-01-24 11:30:00-05:00,2025-01-24 11:55:00-05:00,609.89,609.7128571428572,-0.17714285714282596,0.16714285714283506,-1.0598290598290134,-19.714285714282596,stop
2025-01-24,1,2025-01-24 15:05:00-05:00,2025-01-24 15:05:00-05:00,607.77,607.5460714285714,-0.22392857142858702,0.21392857142859611,-1.0467445742904362,-24.392857142858702,stop
2025-01-24,-1,2025-01-24 15:30:00-05:00,2025-01-24 15:30:00-05:00,607.07,607.2646428571429,-0.1946428571428669,0.18464285714287598,-1.054158607350042,-21.46428571428669,stop
2025-01-27,1,2025-01-27 12:30:00-05:00,2025-01-27 12:45:00-05:00,597.65,597.1925,-0.4574999999999818,0.4474999999999909,-1.022346368715064,-47.74999999999818,stop
2025-01-27,1,2025-01-27 14:05:00-05:00,2025-01-27 14:05:00-05:00,597.14,596.8132142857143,-0.3267857142857338,0.31678571428574287,-1.0315670800450643,-34.67857142857338,stop
2025-01-27,1,2025-01-27 14:20:00-05:00,2025-01-27 14:45:00-05:00,597.88,597.5328571428572,-0.34714285714278503,0.33714285714279413,-1.0296610169491311,-36.7142857142785,stop
2025-01-28,-1,2025-01-28 11:30:00-05:00,2025-01-28 11:30:00-05:00,601.33,601.7085714285714,-0.3785714285713766,0.3685714285713857,-1.027131782945715,-39.85714285713766,stop
2025-01-28,1,2025-01-28 12:10:00-05:00,2025-01-28 15:20:00-05:00,603.49,605.3292857142857,1.8392857142856656,0.3678571428571331,5.0,181.92857142856656,target
2025-01-28,-1,2025-01-28 15:50:00-05:00,2025-01-28 15:50:00-05:00,604.71,604.8896428571429,-0.17964285714288053,0.16964285714288962,-1.0589473684209878,-19.964285714288053,stop
2025-01-29,-1,2025-01-29 11:40:00-05:00,2025-01-29 11:40:00-05:00,602.13,602.4014285714286,-0.27142857142860066,0.26142857142860976,-1.0382513661201782,-29.142857142860066,stop
2025-01-29,1,2025-01-29 12:20:00-05:00,2025-01-29 12:35:00-05:00,603.1899999999999,602.9142857142857,-0.27571428571422985,0.26571428571423894,-1.037634408602123,-29.571428571422985,stop
2025-01-30,1,2025-01-30 13:10:00-05:00,2025-01-30 13:10:00-05:00,603.84,603.5596428571429,-0.28035714285715585,0.27035714285716494,-1.0369881109642962,-30.035714285715585,stop
2025-01-30,1,2025-01-30 13:20:00-05:00,2025-01-30 14:10:00-05:00,603.86,605.1117857142857,1.2517857142856883,0.25035714285718313,4.999999999999091,123.17857142856883,target
2025-01-30,1,2025-01-30 14:50:00-05:00,2025-01-30 15:00:00-05:00,605.17,605.9914285714285,0.8214285714285552,0.16428571428571104,5.0,80.14285714285552,target
2025-01-31,-1,2025-01-31 11:40:00-05:00,2025-01-31 12:20:00-05:00,608.94,609.1578571428572,-0.21785714285715585,0.20785714285716494,-1.04810996563569,-23.785714285715585,stop
2025-01-31,1,2025-01-31 12:30:00-05:00,2025-01-31 12:30:00-05:00,609.56,609.3207142857142,-0.2392857142857565,0.2292857142857656,-1.0436137071650595,-25.92857142857565,stop
2025-01-31,-1,2025-01-31 13:20:00-05:00,2025-01-31 13:20:00-05:00,607.7,607.9442857142858,-0.24428571428575196,0.23428571428576106,-1.042682926829221,-26.428571428575196,stop
2025-02-03,-1,2025-02-03 12:00:00-05:00,2025-02-03 12:20:00-05:00,597.33,597.9289285714286,-0.598928571428587,0.5889285714285961,-1.0169799878714212,-61.8928571428587,stop
2025-02-03,1,2025-02-03 13:35:00-05:00,2025-02-03 13:35:00-05:00,598.36,597.8282142857144,-0.531785714285661,0.5217857142856701,-1.019164955509909,-55.1785714285661,stop
2025-02-03,-1,2025-02-03 15:15:00-05:00,2025-02-03 15:15:00-05:00,598.98,599.2539285714286,-0.27392857142854155,0.26392857142855064,-1.0378890392421878,-29.392857142854155,stop
2025-02-04,1,2025-02-04 11:30:00-05:00,2025-02-04 11:30:00-05:00,601.97,601.6842857142858,-0.28571428571422075,0.27571428571422985,-1.0362694300517878,-30.571428571422075,stop
2025-02-04,-1,2025-02-04 12:20:00-05:00,2025-02-04 12:55:00-05:00,600.58,600.8425000000001,-0.2625000000000455,0.25250000000005457,-1.039603960395995,-28.250000000004547,stop
2025-02-04,1,2025-02-04 14:10:00-05:00,2025-02-04 14:55:00-05:00,601.54,601.3471428571428,-0.1928571428571786,0.18285714285718768,-1.054687499999937,-21.28571428571786,stop
2025-02-05,1,2025-02-05 11:30:00-05:00,2025-02-05 11:50:00-05:00,601.25,602.8,1.5499999999999545,0.30999999999994543,5.000000000000734,152.99999999999545,target
2025-02-05,1,2025-02-05 13:40:00-05:00,2025-02-05 13:40:00-05:00,603.16,602.9846428571428,-0.17535714285713766,0.16535714285714675,-1.0604751619869845,-19.535714285713766,stop
2025-02-05,1,2025-02-05 15:20:00-05:00,2025-02-05 15:30:00-05:00,603.6899999999999,603.5539285714285,-0.13607142857142662,0.12607142857143572,-1.079320113314371,-15.607142857142662,stop
2025-02-06,-1,2025-02-06 12:15:00-05:00,2025-02-06 12:15:00-05:00,604.8100000000001,604.9889285714286,-0.17892857142851426,0.16892857142852336,-1.0591966173361151,-19.892857142851426,stop
2025-02-06,1,2025-02-06 12:55:00-05:00,2025-02-06 13:05:00-05:00,605.64,605.4625,-0.1775000000000091,0.1675000000000182,-1.0597014925372525,-19.75000000000091,stop
2025-02-06,-1,2025-02-06 13:55:00-05:00,2025-02-06 14:00:00-05:00,605.14,605.3282142857142,-0.18821428571425258,0.17821428571426168,-1.0561122244488543,-20.82142857142526,stop
2025-02-07,1,2025-02-07 12:50:00-05:00,2025-02-07 12:50:00-05:00,602.55,602.0139285714286,-0.5360714285714039,0.526071428571413,-1.0190088255261205,-55.60714285714039,stop
2025-02-07,-1,2025-02-07 15:05:00-05:00,2025-02-07 15:05:00-05:00,600.5600000000001,600.8528571428571,-0.29285714285708764,0.28285714285709673,-1.035353535353509,-31.285714285708764,stop
2025-02-07,-1,2025-02-07 15:15:00-05:00,2025-02-07 15:15:00-05:00,600.37,600.6589285714285,-0.2889285714285279,0.278928571428537,-1.0358514724711625,-30.89285714285279,stop
2025-02-10,1,2025-02-10 12:55:00-05:00,2025-02-10 14:20:00-05:00,604.54,605.49,0.9500000000000455,0.19000000000005457,4.999999999998804,93.00000000000455,target
2025-02-10,-1,2025-02-10 15:35:00-05:00,2025-02-10 15:40:00-05:00,604.76,604.8942857142857,-0.13428571428573832,0.12428571428574742,-1.080459770114848,-15.428571428573832,stop
2025-02-10,-1,2025-02-10 15:55:00-05:00,2025-02-10 15:55:00-05:00,604.59,604.7539285714286,-0.1639285714285279,0.153928571428537,-1.0649651972157328,-18.39285714285279,stop
2025-02-11,1,2025-02-11 13:35:00-05:00,2025-02-11 13:45:00-05:00,604.52,605.295,0.7749999999999773,0.15499999999997272,5.000000000000734,75.49999999999773,target
2025-02-11,1,2025-02-11 14:40:00-05:00,2025-02-11 15:35:00-05:00,605.12,604.9350000000001,-0.18499999999994543,0.17499999999995453,-1.05714285714282,-20.499999999994543,stop
2025-02-11,-1,2025-02-11 15:40:00-05:00,2025-02-11 15:40:00-05:00,604.84,605.0196428571429,-0.17964285714288053,0.16964285714288962,-1.0589473684209878,-19.964285714288053,stop
2025-02-12,-1,2025-02-12 11:25:00-05:00,2025-02-12 11:30:00-05:00,600.65,601.0828571428572,-0.4328571428571877,0.4228571428571968,-1.023648648648624,-45.28571428571877,stop
2025-02-12,1,2025-02-12 11:55:00-05:00,2025-02-12 12:50:00-05:00,602.71,604.2867857142858,1.5767857142857338,0.315357142857124,5.000000000000361,155.67857142857338,target
2025-02-12,1,2025-02-12 12:55:00-05:00,2025-02-12 13:05:00-05:00,604.23,603.9235714285714,-0.30642857142856883,0.2964285714285779,-1.0337349397590048,-32.64285714285688,stop
2025-02-13,-1,2025-02-13 11:55:00-05:00,2025-02-13 12:05:00-05:00,606.34,606.5435714285715,-0.20357142857142208,0.19357142857143117,-1.0516605166051183,-22.357142857142208,stop
2025-02-13,1,2025-02-13 12:50:00-05:00,2025-02-13 12:50:00-05:00,606.89,606.6871428571428,-0.2028571428571695,0.1928571428571786,-1.0518518518517952,-22.28571428571695,stop
2025-02-13,-1,2025-02-13 13:05:00-05:00,2025-02-13 13:10:00-05:00,606.02,606.2475,-0.22749999999996362,0.21749999999997272,-1.0459770114942168,-24.749999999996362,stop
2025-02-14,-1,2025-02-14 12:25:00-05:00,2025-02-14 12:45:00-05:00,609.5,609.7157142857143,-0.21571428571428442,0.2057142857142935,-1.048611111111065,-23.57142857142844,stop
2025-02-14,1,2025-02-14 13:35:00-05:00,2025-02-14 13:35:00-05:00,610.38,610.2139285714286,-0.16607142857139934,0.15607142857140843,-1.0640732265445725,-18.607142857139934,stop
2025-02-14,-1,2025-02-14 14:50:00-05:00,2025-02-14 14:55:00-05:00,610.04,610.1674999999999,-0.12749999999994088,0.11749999999994998,-1.0851063829786822,-14.749999999994088,stop
2025-02-18,1,2025-02-18 11:50:00-05:00,2025-02-18 11:55:00-05:00,610.71,610.5096428571429,-0.20035714285711492,0.19035714285712402,-1.0525328330205954,-22.035714285711492,stop
2025-02-18,-1,2025-02-18 12:10:00-05:00,2025-02-18 12:10:00-05:00,609.98,610.1692857142857,-0.1892857142856883,0.1792857142856974,-1.0557768924302333,-20.92857142856883,stop
2025-02-18,1,2025-02-18 13:05:00-05:00,2025-02-18 13:05:00-05:00,610.63,610.4617857142857,-0.16821428571427077,0.15821428571427987,-1.0632054176071684,-18.821428571427077,stop
2025-02-19,-1,2025-02-19 12:35:00-05:00,2025-02-19 12:35:00-05:00,610.9300000000001,611.0775000000001,-0.14750000000003638,0.13750000000004547,-1.0727272727271826,-16.750000000003638,stop
2025-02-19,1,2025-02-19 13:35:00-05:00,2025-02-19 13:45:00-05:00,611.86,611.6946428571429,-0.16535714285714675,0.15535714285715585,-1.0643678160918901,-18.535714285714675,stop
2025-02-19,1,2025-02-19 14:15:00-05:00,2025-02-19 15:25:00-05:00,612.6,612.4157142857143,-0.18428571428569285,0.17428571428570194,-1.0573770491802796,-20.428571428569285,stop
2025-02-20,1,2025-02-20 12:10:00-05:00,2025-02-20 12:55:00-05:00,608.38,608.0853571428571,-0.2946428571428896,0.2846428571428987,-1.0351317440401135,-31.464285714288962,stop
2025-02-20,1,2025-02-20 14:05:00-05:00,2025-02-20 14:45:00-05:00,608.71,609.7332142857143,1.023214285714289,0.2046428571428578,5.0,100.3214285714289,target
2025-02-20,1,2025-02-20 15:50:00-05:00,2025-02-20 15:50:00-05:00,610.33,610.1114285714286,-0.21857142857140843,0.20857142857141753,-1.047945205479411,-23.857142857140843,stop
2025-02-21,-1,2025-02-21 12:15:00-05:00,2025-02-21 12:35:00-05:00,606.39,605.0114285714285,1.3785714285714903,0.27571428571434353,4.999999999999176,135.85714285714903,target
2025-02-21,-1,2025-02-21 14:05:00-05:00,2025-02-21 14:05:00-05:00,601.34,601.7071428571429,-0.36714285714288053,0.3571428571428896,-1.027999999999972,-38.71428571428805,stop
2025-02-21,-1,2025-02-21 14:20:00-05:00,2025-02-21 14:40:00-05:00,601.32,599.5450000000001,1.7749999999999773,0.3550000000000182,4.999999999999679,175.49999999999773,target
2025-02-24,1,2025-02-24 11:25:00-05:00,2025-02-24 12:15:00-05:00,599.26,601.3689285714286,2.108928571428578,0.42178571428576106,4.999999999999461,208.8928571428578,target
2025-02-24,1,2025-02-24 12:45:00-05:00,2025-02-24 12:50:00-05:00,601.56,601.1957142857142,-0.3642857142857565,0.3542857142857656,-1.0282258064515832,-38.42857142857565,stop
2025-02-24,-1,2025-02-24 14:00:00-05:00,2025-02-24 14:00:00-05:00,600.61,600.8889285714286,-0.278928571428537,0.2689285714285461,-1.037184594953489,-29.8928571428537,stop
2025-02-25,-1,2025-02-25 11:35:00-05:00,2025-02-25 11:35:00-05:00,590.57,591.1267857142858,-0.556785714285752,0.5467857142857611,-1.0182887001959322,-57.6785714285752,stop
2025-02-25,1,2025-02-25 12:00:00-05:00,2025-02-25 12:05:00-05:00,593.14,592.5925,-0.5475000000000136,0.5375000000000227,-1.018604651162773,-56.750000000001364,stop
2025-02-25,1,2025-02-25 13:40:00-05:00,2025-02-25 13:50:00-05:00,595.58,595.1896428571429,-0.3903571428571695,0.3803571428571786,-1.0262910798121803,-41.03571428571695,stop
2025-02-26,1,2025-02-26 11:15:00-05:00,2025-02-26 11:20:00-05:00,599.46,599.0696428571429,-0.3903571428571695,0.3803571428571786,-1.0262910798121803,-41.03571428571695,stop
2025-02-26,-1,2025-02-26 12:00:00-05:00,2025-02-26 12:00:00-05:00,598.05,598.3928571428571,-0.34285714285715585,0.33285714285716494,-1.0300429184549063,-36.285714285715585,stop
2025-02-26,-1,2025-02-26 12:35:00-05:00,2025-02-26 12:50:00-05:00,597.9,595.8482142857142,2.0517857142857565,0.4103571428571513,5.0,203.17857142857565,target
2025-02-27,1,2025-02-27 11:20:00-05:00,2025-02-27 11:25:00-05:00,595.91,595.2192857142857,-0.6907142857143072,0.6807142857143162,-1.0146904512067016,-71.07142857143072,stop
2025-02-27,-1,2025-02-27 11:55:00-05:00,2025-02-27 12:25:00-05:00,592.87,593.415,-0.5449999999999591,0.5349999999999682,-1.0186915887850307,-56.49999999999591,stop
2025-02-27,1,2025-02-27 13:15:00-05:00,2025-02-27 13:40:00-05:00,594.66,594.185,-0.47500000000002274,0.46500000000003183,-1.021505376344065,-49.500000000002274,stop
2025-02-28,-1,2025-02-28 11:30:00-05:00,2025-02-28 11:30:00-05:00,586.0600000000001,586.6039285714286,-0.5439285714285234,0.5339285714285325,-1.018729096989951,-56.392857142852336,stop
2025-02-28,-1,2025-02-28 12:45:00-05:00,2025-02-28 13:15:00-05:00,585.32,582.9378571428572,2.382142857142867,0.4764285714285279,5.000000000000477,236.2142857142867,target
2025-02-28,1,2025-02-28 14:40:00-05:00,2025-02-28 15:40:00-05:00,587.04,589.8810714285714,2.8410714285714675,0.568214285714248,5.000000000000401,282.10714285714675,target
2025-03-03,-1,2025-03-03 11:30:00-05:00,2025-03-03 11:50:00-05:00,592.42,593.1274999999999,-0.7074999999999818,0.6974999999999909,-1.0143369175627113,-72.74999999999818,stop
2025-03-03,-1,2025-03-03 12:55:00-05:00,2025-03-03 13:05:00-05:00,592.27,590.3860714285714,1.8839285714285552,0.3767857142856883,5.000000000000302,186.39285714285552,target
2025-03-03,1,2025-03-03 14:45:00-05:00,2025-03-03 14:45:00-05:00,590.29,589.7442857142858,-0.5457142857142117,0.5357142857142208,-1.018666666666652,-56.571428571421166,stop
2025-03-04,1,2025-03-04 11:50:00-05:00,2025-03-04 11:50:00-05:00,575.6899999999999,574.9475,-0.74249999999995,0.7324999999999591,-1.0136518771330942,-76.249999999995,stop
2025-03-04,1,2025-03-04 13:10:00-05:00,2025-03-04 13:20:00-05:00,578.46,577.8303571428572,-0.6296428571428123,0.6196428571428214,-1.0161383285302457,-64.96428571428123,stop
2025-03-04,1,2025-03-04 15:10:00-05:00,2025-03-04 15:30:00-05:00,583.0699999999999,582.5042857142856,-0.5657142857143072,0.5557142857143162,-1.017994858611808,-58.571428571430715,stop
2025-03-05,1,2025-03-05 12:10:00-05:00,2025-03-05 12:50:00-05:00,576.71,580.0707142857143,3.3607142857142662,0.6721428571428305,5.000000000000169,334.0714285714266,target
2025-03-05,1,2025-03-05 14:00:00-05:00,2025-03-05 15:05:00-05:00,581.47,584.8521428571429,3.382142857142867,0.6764285714285734,5.0,336.2142857142867,target
2025-03-05,1,2025-03-05 15:10:00-05:00,2025-03-05 15:15:00-05:00,584.68,584.0464285714286,-0.633571428571372,0.6235714285713811,-1.0160366552118996,-65.3571428571372,stop
2025-03-06,-1,2025-03-06 11:40:00-05:00,2025-03-06 12:00:00-05:00,577.1,573.5160714285714,3.5839285714286007,0.7167857142857201,5.0,356.39285714286007,target
2025-03-06,1,2025-03-06 13:20:00-05:00,2025-03-06 13:25:00-05:00,573.79,573.1925,-0.5974999999999682,0.5874999999999773,-1.0170212765957298,-61.74999999999682,stop
2025-03-06,-1,2025-03-06 13:40:00-05:00,2025-03-06 13:45:00-05:00,571.15,571.765,-0.6150000000000091,0.6050000000000182,-1.0165289256198191,-63.50000000000091,stop
2025-03-07,1,2025-03-07 12:35:00-05:00,2025-03-07 12:50:00-05:00,569.41,572.5742857142857,3.164285714285711,0.6328571428571195,5.000000000000179,314.4285714285711,target
2025-03-07,1,2025-03-07 14:20:00-05:00,2025-03-07 14:45:00-05:00,575.93,575.305,-0.625,0.6150000000000091,-1.016260162601611,-64.5,stop
2025-03-07,-1,2025-03-07 15:40:00-05:00,2025-03-07 15:40:00-05:00,573.92,574.5453571428571,-0.6253571428571831,0.6153571428571922,-1.0162507254788,-64.53571428571831,stop
2025-03-10,1,2025-03-10 11:35:00-04:00,2025-03-10 11:40:00-04:00,565.95,565.3603571428572,-0.5896428571428487,0.5796428571428578,-1.0172520024645562,-60.96428571428487,stop
2025-03-10,-1,2025-03-10 12:05:00-04:00,2025-03-10 12:10:00-04:00,563.57,564.1635714285715,-0.5935714285714084,0.5835714285714175,-1.0171358629130813,-61.35714285714084,stop
2025-03-10,-1,2025-03-10 14:40:00-04:00,2025-03-10 15:00:00-04:00,559.27,557.0592857142857,2.210714285714289,0.4421428571428123,5.000000000000514,219.0714285714289,target
2025-03-11,-1,2025-03-11 12:15:00-04:00,2025-03-11 12:20:00-04:00,554.96,555.7810714285714,-0.821071428571372,0.8110714285713811,-1.0123293703214338,-84.1071428571372,stop
2025-03-11,-1,2025-03-11 13:05:00-04:00,2025-03-11 13:45:00-04:00,553.65,554.3196428571429,-0.6696428571428896,0.6596428571428987,-1.0151597184623566,-68.96428571428896,stop
2025-03-11,1,2025-03-11 14:05:00-04:00,2025-03-11 14:40:00-04:00,556.38,559.7085714285714,3.328571428571422,0.6657142857143299,4.999999999999658,330.8571428571422,target
2025-03-12,1,2025-03-12 11:50:00-04:00,2025-03-12 11:55:00-04:00,558.6,557.9696428571428,-0.6303571428571786,0.6203571428571877,-1.016119746689679,-65.03571428571786,stop
2025-03-12,1,2025-03-12 13:30:00-04:00,2025-03-12 13:40:00-04:00,561.41,560.8325,-0.5774999999999864,0.5674999999999955,-1.0176211453744335,-59.749999999998636,stop
2025-03-12,-1,2025-03-12 14:00:00-04:00,2025-03-12 14:00:00-04:00,558.03,558.5775,-0.5475000000000136,0.5375000000000227,-1.018604651162773,-56.750000000001364,stop
2025-03-13,-1,2025-03-13 11:35:00-04:00,2025-03-13 11:40:00-04:00,554.35,554.9553571428571,-0.6053571428570876,0.5953571428570967,-1.0167966406718516,-62.535714285708764,stop
2025-03-13,-1,2025-03-13 12:50:00-04:00,2025-03-13 12:50:00-04:00,551.9300000000001,552.5967857142857,-0.6667857142856519,0.656785714285661,-1.0152256661228802,-68.67857142856519,stop
2025-03-13,-1,2025-03-13 13:15:00-04:00,2025-03-13 14:05:00-04:00,551.5600000000001,552.162142857143,-0.6021428571428942,0.5921428571429033,-1.0168878166465454,-62.21428571428942,stop
2025-03-14,-1,2025-03-14 12:20:00-04:00,2025-03-14 12:20:00-04:00,560.51,560.8735714285714,-0.36357142857139024,0.35357142857139934,-1.028282828282805,-38.357142857139024,stop
2025-03-14,-1,2025-03-14 12:30:00-04:00,2025-03-14 12:30:00-04:00,560.23,560.6117857142857,-0.38178571428568375,0.37178571428569285,-1.026897214217076,-40.178571428568375,stop
2025-03-14,1,2025-03-14 12:55:00-04:00,2025-03-14 12:55:00-04:00,562.2,561.8100000000001,-0.38999999999998636,0.37999999999999545,-1.0263157894736605,-40.999999999998636,stop
2025-03-17,1,2025-03-17 13:15:00-04:00,2025-03-17 13:20:00-04:00,565.13,564.7592857142857,-0.37071428571425713,0.3607142857142662,-1.027722772277204,-39.07142857142571,stop
2025-03-17,-1,2025-03-17 15:55:00-04:00,2025-03-17 15:55:00-04:00,568.1,567.03,1.07000000000005,0.2689285714285461,3.9787516600271213,105.000000000005,time
2025-03-18,-1,2025-03-18 11:55:00-04:00,2025-03-18 12:00:00-04:00,559.58,559.9960714285714,-0.41607142857139934,0.40607142857140843,-1.024626209322758,-43.607142857139934,stop
2025-03-18,1,2025-03-18 12:15:00-04:00,2025-03-18 12:15:00-04:00,561.05,560.68,-0.37000000000000455,0.36000000000001364,-1.0277777777777515,-39.000000000000455,stop
2025-03-18,1,2025-03-18 12:25:00-04:00,2025-03-18 12:40:00-04:00,560.83,560.4660714285715,-0.3639285714285734,0.3539285714285825,-1.0282542885973498,-38.39285714285734,stop
2025-03-19,1,2025-03-19 11:45:00-04:00,2025-03-19 12:50:00-04:00,565.14,564.8125,-0.32749999999998636,0.31749999999999545,-1.0314960629920977,-34.749999999998636,stop
2025-03-19,-1,2025-03-19 13:05:00-04:00,2025-03-19 13:15:00-04:00,564.71,563.4403571428572,1.2696428571427987,0.25392857142855974,5.0,124.96428571427987,target
2025-03-20,-1,2025-03-20 11:35:00-04:00,2025-03-20 11:40:00-04:00,568.14,568.5296428571428,-0.3896428571428032,0.3796428571428123,-1.0263405456255672,-40.96428571428032,stop
2025-03-20,-1,2025-03-20 12:00:00-04:00,2025-03-20 12:00:00-04:00,568.14,568.5367857142857,-0.3967857142856701,0.3867857142856792,-1.025854108956581,-41.67857142856701,stop
2025-03-20,-1,2025-03-20 12:10:00-04:00,2025-03-20 12:40:00-04:00,568.01,565.9135714285715,2.0964285714285325,0.4192857142857065,5.0,207.64285714285325,target
2025-03-21,1,2025-03-21 13:50:00-04:00,2025-03-21 13:55:00-04:00,563.64,563.2507142857143,-0.3892857142857338,0.37928571428574287,-1.0263653483992208,-40.92857142857338,stop
2025-03-21,-1,2025-03-21 15:05:00-04:00,2025-03-21 15:20:00-04:00,562.03,562.3639285714286,-0.33392857142860066,0.32392857142860976,-1.0308710033075759,-35.392857142860066,stop
2025-03-21,1,2025-03-21 15:55:00-04:00,2025-03-21 15:55:00-04:00,563.5699999999999,564.17,0.6000000000000227,0.33392857142860066,1.7967914438501782,58.000000000002274,time
2025-03-24,1,2025-03-24 12:10:00-04:00,2025-03-24 12:15:00-04:00,574.24,574.0403571428571,-0.19964285714286234,0.18964285714287143,-1.0527306967984416,-21.964285714286234,stop
2025-03-24,-1,2025-03-24 14:05:00-04:00,2025-03-24 14:05:00-04:00,572.29,572.5174999999999,-0.22749999999996362,0.21749999999997272,-1.0459770114942168,-24.749999999996362,stop
2025-03-25,-1,2025-03-25 11:35:00-04:00,2025-03-25 12:05:00-04:00,575.54,574.5596428571428,0.9803571428572013,0.19607142857148574,4.99999999999884,96.03571428572013,target
2025-03-25,1,2025-03-25 13:05:00-04:00,2025-03-25 13:10:00-04:00,575.31,575.1032142857142,-0.20678571428572923,0.19678571428573832,-1.0508166969146482,-22.678571428572923,stop
2025-03-25,-1,2025-03-25 14:50:00-04:00,2025-03-25 14:50:00-04:00,573.87,574.075,-0.20500000000004093,0.19500000000005002,-1.0512820512819916,-22.500000000004093,stop
2025-03-26,-1,2025-03-26 11:25:00-04:00,2025-03-26 11:50:00-04:00,572.84,571.4775,1.3625000000000682,0.2725000000000364,4.999999999999583,134.25000000000682,target
2025-03-26,-1,2025-03-26 14:50:00-04:00,2025-03-26 15:00:00-04:00,567.57,567.8939285714287,-0.32392857142860976,0.31392857142861885,-1.031854379977213,-34.392857142860976,stop
2025-03-26,1,2025-03-26 15:50:00-04:00,2025-03-26 15:55:00-04:00,568.91,568.73,-0.17999999999994998,0.32285714285717404,-0.5575221238935966,-19.999999999994998,time
2025-03-27,-1,2025-03-27 11:35:00-04:00,2025-03-27 12:15:00-04:00,568.98,569.3614285714286,-0.3814285714286143,0.3714285714286234,-1.0269230769230486,-40.14285714286143,stop
2025-03-27,-1,2025-03-27 12:50:00-04:00,2025-03-27 13:10:00-04:00,567.49,567.8603571428572,-0.3703571428571877,0.3603571428571968,-1.02775024777004,-39.03571428571877,stop
2025-03-27,-1,2025-03-27 13:55:00-04:00,2025-03-27 14:00:00-04:00,566.48,566.8853571428572,-0.40535714285715585,0.39535714285716494,-1.0252935862691717,-42.535714285715585,stop
2025-03-28,-1,2025-03-28 12:20:00-04:00,2025-03-28 12:35:00-04:00,556.97,557.3846428571428,-0.4146428571427805,0.4046428571427896,-1.0247131509267249,-43.46428571427805,stop
2025-03-28,1,2025-03-28 14:10:00-04:00,2025-03-28 14:10:00-04:00,556.61,556.3017857142858,-0.30821428571425713,0.2982142857142662,-1.0335329341317083,-32.82142857142571,stop
2025-03-28,-1,2025-03-28 15:35:00-04:00,2025-03-28 15:35:00-04:00,555.15,555.4307142857142,-0.2807142857142253,0.2707142857142344,-1.0369393139841423,-30.07142857142253,stop
2025-03-31,1,2025-03-31 11:40:00-04:00,2025-03-31 12:05:00-04:00,553.46,552.8967857142858,-0.5632142857142526,0.5532142857142617,-1.018076178179455,-58.32142857142526,stop
2025-03-31,1,2025-03-31 12:30:00-04:00,2025-03-31 12:30:00-04:00,554.56,554.1075,-0.45249999999998636,0.44249999999999545,-1.0225988700564768,-47.249999999998636,stop
2025-03-31,1,2025-03-31 13:10:00-04:00,2025-03-31 13:15:00-04:00,554.85,554.405,-0.44500000000005,0.4350000000000591,-1.0229885057471024,-46.500000000005,stop
2025-04-01,1,2025-04-01 12:05:00-04:00,2025-04-01 12:25:00-04:00,562.11,561.6385714285715,-0.47142857142853245,0.46142857142854155,-1.0216718266253686,-49.142857142853245,stop
2025-04-01,-1,2025-04-01 13:35:00-04:00,2025-04-01 13:35:00-04:00,559.12,559.5782142857142,-0.4582142857142344,0.4482142857142435,-1.0223107569720933,-47.82142857142344,stop
2025-04-01,-1,2025-04-01 14:05:00-04:00,2025-04-01 15:05:00-04:00,557.87,558.2967857142858,-0.4267857142857565,0.4167857142857656,-1.0239931448157422,-44.67857142857565,stop
2025-04-02,1,2025-04-02 11:25:00-04:00,2025-04-02 11:40:00-04:00,562.79,562.3221428571428,-0.46785714285715585,0.45785714285716494,-1.0218408736349245,-48.785714285715585,stop
2025-04-02,1,2025-04-02 12:30:00-04:00,2025-04-02 12:35:00-04:00,564.3,563.8660714285714,-0.4339285714285097,0.4239285714285188,-1.023588879528204,-45.39285714285097,stop
2025-04-02,-1,2025-04-02 15:00:00-04:00,2025-04-02 15:00:00-04:00,561.14,561.6396428571428,-0.49964285714281687,0.48964285714282596,-1.020423048869421,-51.96428571428169,stop
2025-04-03,1,2025-04-03 11:40:00-04:00,2025-04-03 11:45:00-04:00,543.47,542.8382142857143,-0.6317857142856838,0.6217857142856928,-1.016082711085569,-65.17857142856838,stop
2025-04-03,-1,2025-04-03 13:25:00-04:00,2025-04-03 13:35:00-04:00,542.4300000000001,543.0178571428572,-0.5878571428571604,0.5778571428571695,-1.0173053152039389,-60.78571428571604,stop
2025-04-03,-1,2025-04-03 14:00:00-04:00,2025-04-03 14:00:00-04:00,541.83,542.3260714285715,-0.49607142857144026,0.48607142857144936,-1.0205731080087974,-51.60714285714403,stop
2025-04-04,-1,2025-04-04 12:20:00-04:00,2025-04-04 14:00:00-04:00,513.46,514.8864285714286,-1.4264285714285734,1.4164285714285825,-1.0070600100857223,-144.64285714285734,stop
2025-04-04,1,2025-04-04 15:25:00-04:00,2025-04-04 15:25:00-04:00,511.28999999999996,510.2853571428571,-1.0046428571428692,0.9946428571428783,-1.010053859964084,-102.46428571428692,stop
2025-04-04,1,2025-04-04 15:35:00-04:00,2025-04-04 15:35:00-04:00,513.29,512.1853571428571,-1.104642857142835,1.0946428571428442,-1.0091353996737276,-112.4642857142835,stop
2025-04-07,-1,2025-04-07 13:00:00-04:00,2025-04-07 13:00:00-04:00,495.62,497.00464285714287,-1.3846428571428646,1.3746428571428737,-1.0072746167835736,-140.46428571428646,stop
2025-04-07,1,2025-04-07 13:15:00-04:00,2025-04-07 14:00:00-04:00,501.52,509.63071428571425,8.110714285714266,1.622142857142876,4.99999999999993,809.0714285714266,target
2025-04-07,-1,2025-04-07 14:55:00-04:00,2025-04-07 15:00:00-04:00,503.55,505.06178571428575,-1.511785714285736,1.5017857142857451,-1.0066587395957132,-153.1785714285736,stop
2025-04-08,-1,2025-04-08 12:20:00-04:00,2025-04-08 12:30:00-04:00,513.36,514.3907142857142,-1.0307142857142253,1.0207142857142344,-1.009797060881727,-105.07142857142253,stop
2025-04-08,-1,2025-04-08 14:45:00-04:00,2025-04-08 14:45:00-04:00,501.52,502.85821428571427,-1.3382142857142867,1.3282142857142958,-1.0075289056197834,-135.82142857142867,stop
2025-04-08,-1,2025-04-08 15:05:00-04:00,2025-04-08 15:15:00-04:00,500.35,494.6982142857143,5.651785714285722,1.1303571428571217,5.0000000000001,563.1785714285722,target
2025-04-09,1,2025-04-09 12:15:00-04:00,2025-04-09 12:30:00-04:00,499.89,498.76178571428574,-1.1282142857142503,1.1182142857142594,-1.0089428297668397,-114.82142857142503,stop
2025-04-09,-1,2025-04-09 15:00:00-04:00,2025-04-09 15:00:00-04:00,530.9,532.9910714285713,-2.091071428571354,2.081071428571363,-1.0048052170928394,-211.1071428571354,stop
2025-04-09,1,2025-04-09 15:25:00-04:00,2025-04-09 15:55:00-04:00,540.17,543.36,3.1900000000000546,1.7692857142857292,1.8029874848607341,317.00000000000546,time
2025-04-10,1,2025-04-10 13:05:00-04:00,2025-04-10 13:05:00-04:00,521.05,519.1592857142857,-1.890714285714239,1.880714285714248,-1.00531712875047,-191.0714285714239,stop
2025-04-10,1,2025-04-10 13:45:00-04:00,2025-04-10 14:10:00-04:00,522.67,520.8953571428572,-1.7746428571427941,1.7646428571428032,-1.0056668690548423,-179.4642857142794,stop
2025-04-10,-1,2025-04-10 15:30:00-04:00,2025-04-10 15:30:00-04:00,522.46,524.2739285714285,-1.8139285714285052,1.8039285714285143,-1.0055434567412345,-183.39285714285052,stop
2025-04-11,1,2025-04-11 11:40:00-04:00,2025-04-11 11:40:00-04:00,525.97,524.7664285714286,-1.203571428571422,1.1935714285714312,-1.0083782166367368,-122.35714285714221,stop
2025-04-11,1,2025-04-11 12:00:00-04:00,2025-04-11 12:45:00-04:00,526.9399999999999,532.3114285714285,5.37142857142851,1.0742857142856792,5.000000000000106,535.142857142851,target
2025-04-11,1,2025-04-11 13:45:00-04:00,2025-04-11 13:45:00-04:00,535.42,534.4228571428571,-0.997142857142876,0.9871428571428851,-1.010130246020251,-101.7142857142876,stop
2025-04-14,1,2025-04-14 13:25:00-04:00,2025-04-14 13:25:00-04:00,538.52,537.6882142857143,-0.8317857142857292,0.8217857142857383,-1.0121686223381023,-85.17857142857292,stop
2025-04-14,1,2025-04-14 13:55:00-04:00,2025-04-14 15:55:00-04:00,538.84,538.96,0.12000000000000455,0.7725000000000364,0.1553398058252413,10.000000000000455,time
2025-04-15,-1,2025-04-15 11:50:00-04:00,2025-04-15 11:50:00-04:00,539.99,540.6471428571429,-0.6571428571428442,0.6471428571428532,-1.0154525386313327,-67.71428571428442,stop
2025-04-15,-1,2025-04-15 12:55:00-04:00,2025-04-15 14:10:00-04:00,539.47,537.1217857142858,2.3482142857142208,0.46964285714284415,5.0,232.82142857142208,target
2025-04-15,1,2025-04-15 15:15:00-04:00,2025-04-15 15:20:00-04:00,538.99,538.5707142857143,-0.4192857142857065,0.4092857142857156,-1.0244328097731017,-43.92857142857065,stop
2025-04-16,-1,2025-04-16 13:00:00-04:00,2025-04-16 13:00:00-04:00,530.92,531.3228571428571,-0.4028571428571013,0.3928571428571104,-1.0254545454545243,-42.28571428571013,stop
2025-04-16,-1,2025-04-16 13:05:00-04:00,2025-04-16 13:05:00-04:00,530.6,531.0046428571429,-0.40464285714290327,0.39464285714291236,-1.0253393665158106,-42.46428571429033,stop
2025-04-16,-1,2025-04-16 13:10:00-04:00,2025-04-16 13:15:00-04:00,530.5600000000001,530.9617857142857,-0.40178571428566556,0.39178571428567466,-1.0255241567912283,-42.178571428566556,stop
2025-04-17,1,2025-04-17 12:20:00-04:00,2025-04-17 12:40:00-04:00,529.18,528.3832142857143,-0.7967857142856474,0.7867857142856565,-1.012709940989549,-81.67857142856474,stop
2025-04-17,-1,2025-04-17 13:25:00-04:00,2025-04-17 13:30:00-04:00,528.03,528.6207142857143,-0.5907142857142844,0.5807142857142935,-1.017220172201706,-61.07142857142844,stop
2025-04-17,-1,2025-04-17 15:00:00-04:00,2025-04-17 15:50:00-04:00,528.53,526.1032142857143,2.426785714285643,0.4853571428570831,5.000000000000468,240.67857142856428,target
2025-04-21,-1,2025-04-21 11:25:00-04:00,2025-04-21 11:45:00-04:00,513.5600000000001,511.19392857142867,2.366071428571388,0.47321428571433444,4.9999999999994,234.6071428571388,target
2025-04-21,1,2025-04-21 12:40:00-04:00,2025-04-21 12:45:00-04:00,512.85,512.4807142857143,-0.36928571428575196,0.35928571428576106,-1.0278330019880426,-38.9285714285752,stop
2025-04-21,-1,2025-04-21 13:05:00-04:00,2025-04-21 13:20:00-04:00,510.15000000000003,510.5289285714286,-0.37892857142855974,0.36892857142856883,-1.0271055179089785,-39.89285714285597,stop
2025-04-22,1,2025-04-22 12:00:00-04:00,2025-04-22 12:00:00-04:00,526.21,528.2028571428572,1.9928571428571331,0.3985714285714721,4.99999999999943,197.2857142857133,target
2025-04-22,-1,2025-04-22 13:15:00-04:00,2025-04-22 13:20:00-04:00,525.7,523.1910714285715,2.508928571428555,0.5017857142856883,5.0000000000002265,248.89285714285552,target
2025-04-22,-1,2025-04-22 15:30:00-04:00,2025-04-22 15:30:00-04:00,524.66,525.0696428571429,-0.4096428571428987,0.3996428571429078,-1.0250223413762027,-42.96428571428987,stop
2025-04-23,1,2025-04-23 13:00:00-04:00,2025-04-23 13:00:00-04:00,538.21,537.5278571428572,-0.6821428571428214,0.6721428571428305,-1.0148777895855343,-70.21428571428214,stop
2025-04-23,1,2025-04-23 13:05:00-04:00,2025-04-23 13:30:00-04:00,538.49,537.7725,-0.7174999999999727,0.7074999999999818,-1.014134275618362,-73.74999999999727,stop
2025-04-23,-1,2025-04-23 14:30:00-04:00,2025-04-23 14:30:00-04:00,536.5600000000001,537.2160714285715,-0.6560714285714084,0.6460714285714175,-1.0154781647318822,-67.60714285714084,stop
2025-04-24,1,2025-04-24 11:55:00-04:00,2025-04-24 11:55:00-04:00,543.7,543.2475000000001,-0.45249999999998636,0.44249999999999545,-1.0225988700564768,-47.249999999998636,stop
2025-04-24,1,2025-04-24 12:20:00-04:00,2025-04-24 14:40:00-04:00,544.11,546.51,2.3999999999999773,0.4800000000000182,4.999999999999763,237.99999999999773,target
2025-04-25,-1,2025-04-25 11:45:00-04:00,2025-04-25 11:50:00-04:00,545.94,546.4003571428572,-0.4603571428571058,0.4503571428571149,-1.0222045995241684,-48.03571428571058,stop
2025-04-25,1,2025-04-25 12:25:00-04:00,2025-04-25 12:45:00-04:00,548.43,548.0525,-0.3774999999999409,0.36749999999995,-1.0272108843537204,-39.74999999999409,stop
2025-04-25,-1,2025-04-25 15:30:00-04:00,2025-04-25 15:50:00-04:00,549.63,550.0003571428572,-0.3703571428571877,0.3603571428571968,-1.02775024777004,-39.03571428571877,stop
2025-04-28,-1,2025-04-28 13:10:00-04:00,2025-04-28 13:40:00-04:00,545.9300000000001,546.3146428571429,-0.38464285714280777,0.37464285714281687,-1.0266920877025525,-40.46428571428078,stop
2025-04-28,1,2025-04-28 15:05:00-04:00,2025-04-28 15:30:00-04:00,549.39,550.865,1.4750000000000227,0.2949999999999591,5.000000000000771,145.50000000000227,target
2025-04-29,1,2025-04-29 12:10:00-04:00,2025-04-29 12:15:00-04:00,553.35,552.86,-0.4900000000000091,0.4800000000000182,-1.0208333333333135,-51.00000000000091,stop
2025-04-29,-1,2025-04-29 12:50:00-04:00,2025-04-29 12:50:00-04:00,551.33,551.7425000000001,-0.41250000000002274,0.40250000000003183,-1.0248447204968698,-43.250000000002274,stop
2025-04-29,-1,2025-04-29 15:00:00-04:00,2025-04-29 15:00:00-04:00,554.33,554.6553571428572,-0.3253571428571149,0.315357142857124,-1.0317100792751712,-34.53571428571149,stop
2025-04-30,1,2025-04-30 11:20:00-04:00,2025-04-30 12:20:00-04:00,548.8,548.2157142857143,-0.5842857142856701,0.5742857142856792,-1.0174129353233683,-60.42857142856701,stop
2025-04-30,-1,2025-04-30 12:25:00-04:00,2025-04-30 12:35:00-04:00,548.11,548.5403571428571,-0.4303571428571331,0.4203571428571422,-1.0237892948173106,-45.03571428571331,stop
2025-04-30,-1,2025-04-30 14:40:00-04:00,2025-04-30 14:45:00-04:00,549.41,549.9549999999999,-0.5449999999999591,0.5349999999999682,-1.0186915887850307,-56.49999999999591,stop
2025-05-01,-1,2025-05-01 11:45:00-04:00,2025-05-01 11:55:00-04:00,562.05,560.3946428571428,1.6553571428571558,0.33107142857147664,4.999999999999313,163.53571428571558,target
2025-05-01,1,2025-05-01 13:10:00-04:00,2025-05-01 13:25:00-04:00,561.4399999999999,560.9664285714285,-0.4735714285714039,0.463571428571413,-1.021571648690274,-49.35714285714039,stop
2025-05-01,1,2025-05-01 14:20:00-04:00,2025-05-01 14:20:00-04:00,562.16,561.8196428571429,-0.3403571428571013,0.3303571428571104,-1.0302702702702458,-36.03571428571013,stop
2025-05-02,-1,2025-05-02 11:30:00-04:00,2025-05-02 11:30:00-04:00,564.66,565.0582142857143,-0.39821428571428896,0.38821428571429806,-1.0257589696411902,-41.821428571428896,stop
2025-05-02,1,2025-05-02 11:50:00-04:00,2025-05-02 11:50:00-04:00,566.09,565.7371428571429,-0.35285714285714675,0.34285714285715585,-1.029166666666639,-37.285714285714675,stop
2025-05-02,-1,2025-05-02 13:10:00-04:00,2025-05-02 13:20:00-04:00,566.89,567.2457142857143,-0.3557142857142708,0.34571428571427987,-1.028925619834685,-37.57142857142708,stop
2025-05-05,1,2025-05-05 12:05:00-04:00,2025-05-05 13:15:00-04:00,565.4,565.0992857142857,-0.3007142857143208,0.2907142857143299,-1.034398034397998,-32.07142857143208,stop
2025-05-05,-1,2025-05-05 13:20:00-04:00,2025-05-05 13:30:00-04:00,565.15,565.3571428571428,-0.20714285714279868,0.19714285714280777,-1.050724637681126,-22.714285714279868,stop
2025-05-06,1,2025-05-06 11:25:00-04:00,2025-05-06 11:25:00-04:00,561.66,561.2903571428571,-0.3696428571428214,0.3596428571428305,-1.0278053624627375,-38.96428571428214,stop
2025-05-06,1,2025-05-06 11:30:00-04:00,2025-05-06 11:30:00-04:00,561.66,561.3167857142856,-0.343214285714339,0.3332142857143481,-1.0300107181135791,-36.3214285714339,stop
2025-05-06,1,2025-05-06 11:35:00-04:00,2025-05-06 11:40:00-04:00,561.87,561.5325,-0.33749999999997726,0.32749999999998636,-1.0305343511450116,-35.749999999997726,stop
2025-05-07,1,2025-05-07 12:00:00-04:00,2025-05-07 12:05:00-04:00,559.92,559.4449999999999,-0.47500000000002274,0.46500000000003183,-1.021505376344065,-49.500000000002274,stop
2025-05-07,1,2025-05-07 12:20:00-04:00,2025-05-07 12:20:00-04:00,560.37,559.9710714285715,-0.39892857142854155,0.38892857142855064,-1.0257116620752764,-41.892857142854155,stop
2025-05-07,1,2025-05-07 12:45:00-04:00,2025-05-07 13:45:00-04:00,560.51,560.1207142857143,-0.3892857142857338,0.37928571428574287,-1.0263653483992208,-40.92857142857338,stop
2025-05-08,1,2025-05-08 12:50:00-04:00,2025-05-08 13:00:00-04:00,569.97,569.5639285714286,-0.40607142857140843,0.3960714285714175,-1.0252479711451536,-42.60714285714084,stop
2025-05-08,-1,2025-05-08 13:35:00-04:00,2025-05-08 13:35:00-04:00,568.63,568.9107142857142,-0.2807142857142253,0.2707142857142344,-1.0369393139841423,-30.07142857142253,stop
2025-05-08,-1,2025-05-08 15:45:00-04:00,2025-05-08 15:50:00-04:00,567.58,566.0942857142858,1.4857142857142662,0.2971428571428305,5.000000000000383,146.57142857142662,target
2025-05-09,1,2025-05-09 12:00:00-04:00,2025-05-09 12:00:00-04:00,565.5699999999999,565.1853571428571,-0.38464285714280777,0.37464285714281687,-1.0266920877025525,-40.46428571428078,stop
2025-05-09,-1,2025-05-09 12:05:00-04:00,2025-05-09 12:05:00-04:00,564.1,564.4996428571428,-0.39964285714279413,0.3896428571428032,-1.025664527955984,-41.96428571427941,stop
2025-05-09,1,2025-05-09 13:40:00-04:00,2025-05-09 15:55:00-04:00,564.3199999999999,564.27,-0.049999999999954525,0.34464285714284415,-0.14507772020712742,-6.9999999999954525,time
2025-05-12,1,2025-05-12 12:25:00-04:00,2025-05-12 12:25:00-04:00,579.78,579.4389285714285,-0.34107142857146755,0.33107142857147664,-1.0302049622437652,-36.107142857146755,stop
2025-05-12,1,2025-05-12 14:20:00-04:00,2025-05-12 14:20:00-04:00,582.1,581.8507142857143,-0.24928571428574742,0.2392857142857565,-1.041791044776074,-26.92857142857474,stop
2025-05-12,1,2025-05-12 14:40:00-04:00,2025-05-12 14:40:00-04:00,582.33,582.1007142857144,-0.22928571428565192,0.21928571428566102,-1.0456026058631618,-24.928571428565192,stop
2025-05-13,1,2025-05-13 11:20:00-04:00,2025-05-13 12:00:00-04:00,587.51,587.1539285714285,-0.3560714285714539,0.346071428571463,-1.0288957688338203,-37.60714285714539,stop
2025-05-13,1,2025-05-13 12:50:00-04:00,2025-05-13 12:50:00-04:00,588.21,587.9610714285715,-0.24892857142856428,0.23892857142857338,-1.0418535127054922,-26.89285714285643,stop
2025-05-13,1,2025-05-13 13:35:00-04:00,2025-05-13 13:35:00-04:00,588.89,588.6778571428571,-0.21214285714290781,0.2021428571429169,-1.0494699646642514,-23.21428571429078,stop
2025-05-14,1,2025-05-14 12:35:00-04:00,2025-05-14 12:35:00-04:00,588.42,588.1910714285714,-0.22892857142858247,0.21892857142859157,-1.045676998368633,-24.892857142858247,stop
2025-05-14,-1,2025-05-14 12:40:00-04:00,2025-05-14 13:15:00-04:00,587.71,586.5725000000001,1.1374999999999318,0.22749999999996362,5.0000000000005,111.74999999999318,target
2025-05-14,1,2025-05-14 14:45:00-04:00,2025-05-14 14:45:00-04:00,587.84,587.5392857142857,-0.3007142857143208,0.2907142857143299,-1.034398034397998,-32.07142857143208,stop
2025-05-15,1,2025-05-15 12:50:00-04:00,2025-05-15 12:50:00-04:00,590.03,589.7589285714286,-0.2710714285714175,0.2610714285714266,-1.0383036935704169,-29.107142857141753,stop
2025-05-15,1,2025-05-15 12:55:00-04:00,2025-05-15 14:00:00-04:00,589.93,589.6792857142857,-0.2507142857142526,0.24071428571426168,-1.0415430267061978,-27.07142857142526,stop
2025-05-15,-1,2025-05-15 14:05:00-04:00,2025-05-15 14:05:00-04:00,589.6,589.8517857142857,-0.2517857142856883,0.2417857142856974,-1.0413589364844558,-27.17857142856883,stop
2025-05-16,1,2025-05-16 12:40:00-04:00,2025-05-16 12:40:00-04:00,592.22,591.9975000000001,-0.22249999999996817,0.21249999999997726,-1.047058823529374,-24.249999999996817,stop
2025-05-16,1,2025-05-16 12:55:00-04:00,2025-05-16 13:00:00-04:00,592.37,592.1407142857142,-0.2292857142857656,0.2192857142857747,-1.0456026058631382,-24.92857142857656,stop
2025-05-16,1,2025-05-16 13:10:00-04:00,2025-05-16 13:10:00-04:00,592.65,592.4282142857143,-0.22178571428571558,0.21178571428572468,-1.0472175379426192,-24.17857142857156,stop
2025-05-19,1,2025-05-19 11:40:00-04:00,2025-05-19 11:45:00-04:00,593.1899999999999,592.8753571428571,-0.31464285714287143,0.30464285714288053,-1.032825322391527,-33.46428571428714,stop
2025-05-19,-1,2025-05-19 14:15:00-04:00,2025-05-19 14:35:00-04:00,594.08,594.2960714285715,-0.21607142857146755,0.20607142857147664,-1.0485268630848665,-23.607142857146755,stop
2025-05-19,1,2025-05-19 15:55:00-04:00,2025-05-19 15:55:00-04:00,594.53,594.9300000000001,0.40000000000009095,0.22357142857140389,1.7891373801922976,38.000000000009095,time
2025-05-20,-1,2025-05-20 12:10:00-04:00,2025-05-20 12:35:00-04:00,592.73,592.98,-0.25,0.2400000000000091,-1.0416666666666272,-27.0,stop
2025-05-20,1,2025-05-20 12:45:00-04:00,2025-05-20 13:30:00-04:00,593.4,593.1628571428571,-0.23714285714288508,0.22714285714289417,-1.044025157232657,-25.714285714288508,stop
2025-05-20,-1,2025-05-20 13:50:00-04:00,2025-05-20 13:50:00-04:00,592.66,592.8475,-0.1875,0.1775000000000091,-1.05633802816896,-20.75,stop
2025-05-21,1,2025-05-21 12:50:00-04:00,2025-05-21 12:50:00-04:00,592.52,592.2746428571428,-0.24535714285718768,0.23535714285719678,-1.0424886191198302,-26.53571428571877,stop
2025-05-21,-1,2025-05-21 14:50:00-04:00,2025-05-21 15:25:00-04:00,584.6800000000001,581.8532142857143,2.8267857142857338,0.565357142857124,5.000000000000201,280.6785714285734,target
2025-05-22,1,2025-05-22 11:40:00-04:00,2025-05-22 12:55:00-04:00,583.68,583.2035714285714,-0.4764285714285279,0.466428571428537,-1.0214395099540403,-49.64285714285279,stop
2025-05-22,1,2025-05-22 15:05:00-04:00,2025-05-22 15:10:00-04:00,586.08,585.7889285714286,-0.29107142857139934,0.28107142857140843,-1.0355781448538457,-31.107142857139934,stop
2025-05-23,1,2025-05-23 12:50:00-04:00,2025-05-23 12:55:00-04:00,579.34,578.9821428571429,-0.3578571428571422,0.3478571428571513,-1.0287474332648603,-37.78571428571422,stop
2025-05-23,-1,2025-05-23 15:05:00-04:00,2025-05-23 15:05:00-04:00,580.23,580.5614285714286,-0.3314285714285461,0.3214285714285552,-1.0311111111110844,-35.14285714285461,stop
2025-05-23,-1,2025-05-23 15:20:00-04:00,2025-05-23 15:35:00-04:00,580.38,580.7278571428571,-0.3478571428571513,0.3378571428571604,-1.0295983086680476,-36.78571428571513,stop
2025-05-27,1,2025-05-27 11:25:00-04:00,2025-05-27 12:05:00-04:00,588.53,589.5835714285714,1.0535714285714448,0.21071428571428896,5.0,103.35714285714448,target
2025-05-27,1,2025-05-27 13:50:00-04:00,2025-05-27 15:30:00-04:00,590.59,590.0017857142858,-0.5882142857142298,0.5782142857142389,-1.0172946263125242,-60.821428571422985,stop
2025-05-27,-1,2025-05-27 15:50:00-04:00,2025-05-27 15:50:00-04:00,589.99,590.1714285714286,-0.18142857142856883,0.17142857142857792,-1.058333333333278,-20.142857142856883,stop
2025-05-28,1,2025-05-28 12:40:00-04:00,2025-05-28 12:40:00-04:00,590.14,589.9328571428571,-0.20714285714291236,0.19714285714292146,-1.0507246376810968,-22.714285714291236,stop
2025-05-28,1,2025-05-28 13:10:00-04:00,2025-05-28 13:25:00-04:00,590.27,590.0746428571429,-0.19535714285711947,0.18535714285712857,-1.0539499036608415,-21.535714285711947,stop
2025-05-28,-1,2025-05-28 13:45:00-04:00,2025-05-28 13:45:00-04:00,589.63,589.8246428571429,-0.1946428571428669,0.18464285714287598,-1.054158607350042,-21.46428571428669,stop
2025-05-29,-1,2025-05-29 11:35:00-04:00,2025-05-29 11:55:00-04:00,589.28,586.9764285714286,2.303571428571331,0.46071428571428896,4.999999999999753,228.3571428571331,target
2025-05-29,-1,2025-05-29 13:50:00-04:00,2025-05-29 13:50:00-04:00,588.63,588.9585714285714,-0.3285714285714221,0.31857142857143117,-1.0313901345291192,-34.85714285714221,stop
2025-05-29,1,2025-05-29 15:50:00-04:00,2025-05-29 15:50:00-04:00,589.98,589.6425,-0.33749999999997726,0.32749999999998636,-1.0305343511450116,-35.749999999997726,stop
2025-05-30,-1,2025-05-30 12:20:00-04:00,2025-05-30 12:25:00-04:00,587.33,585.3478571428572,1.9821428571428896,0.39642857142860066,4.999999999999713,196.21428571428896,target
2025-05-30,1,2025-05-30 14:10:00-04:00,2025-05-30 15:00:00-04:00,587.34,589.2525,1.9125000000000227,0.38250000000005,4.999999999999406,189.25000000000227,target
2025-05-30,1,2025-05-30 15:15:00-04:00,2025-05-30 15:55:00-04:00,589.5699999999999,589.41,-0.15999999999996817,0.3578571428571422,-0.44710578842306553,-17.999999999996817,time
2025-06-02,-1,2025-06-02 11:35:00-04:00,2025-06-02 11:35:00-04:00,588.1800000000001,588.6167857142858,-0.4367857142857474,0.4267857142857565,-1.0234309623430726,-45.67857142857474,stop
2025-06-02,1,2025-06-02 11:55:00-04:00,2025-06-02 11:55:00-04:00,589.93,589.5535714285714,-0.37642857142850517,0.36642857142851426,-1.0272904483430594,-39.64285714285052,stop
2025-06-02,1,2025-06-02 12:55:00-04:00,2025-06-02 13:20:00-04:00,590.17,589.8839285714286,-0.2860714285714039,0.276071428571413,-1.0362225097024271,-30.60714285714039,stop
2025-06-03,1,2025-06-03 12:00:00-04:00,2025-06-03 12:00:00-04:00,595.65,595.4485714285714,-0.20142857142855064,0.19142857142855974,-1.0522388059701049,-22.142857142855064,stop
2025-06-03,1,2025-06-03 12:15:00-04:00,2025-06-03 12:35:00-04:00,595.7,596.6125000000001,0.9125000000000227,0.18250000000000455,5.0,89.25000000000227,target
2025-06-03,1,2025-06-03 13:20:00-04:00,2025-06-03 13:25:00-04:00,596.87,596.7064285714285,-0.16357142857145845,0.15357142857146755,-1.0651162790696918,-18.357142857145845,stop
2025-06-04,-1,2025-06-04 11:45:00-04:00,2025-06-04 11:45:00-04:00,596.5600000000001,596.8339285714286,-0.27392857142854155,0.26392857142855064,-1.0378890392421878,-29.392857142854155,stop
2025-06-04,1,2025-06-04 14:05:00-04:00,2025-06-04 14:05:00-04:00,597.73,597.5932142857143,-0.1367857142856792,0.1267857142856883,-1.078873239436564,-15.67857142856792,stop
2025-06-04,-1,2025-06-04 14:50:00-04:00,2025-06-04 15:20:00-04:00,597.21,597.3714285714286,-0.16142857142858702,0.15142857142859611,-1.0660377358489859,-18.142857142858702,stop
2025-06-05,-1,2025-06-05 12:20:00-04:00,2025-06-05 12:20:00-04:00,597.6800000000001,597.9567857142857,-0.27678571428566556,0.26678571428567466,-1.0374832663989004,-29.678571428566556,stop
2025-06-05,-1,2025-06-05 12:25:00-04:00,2025-06-05 12:25:00-04:00,597.65,597.9364285714286,-0.286428571428587,0.2764285714285961,-1.036175710594279,-30.642857142858702,stop
2025-06-05,-1,2025-06-05 12:35:00-04:00,2025-06-05 12:45:00-04:00,597.66,596.3439285714286,1.3160714285713766,0.26321428571429806,4.999999999999568,129.60714285713766,target
2025-06-06,-1,2025-06-06 11:20:00-04:00,2025-06-06 11:20:00-04:00,597.98,598.3725000000001,-0.3925000000000409,0.38250000000005,-1.026143790849646,-41.25000000000409,stop
2025-06-06,-1,2025-06-06 12:40:00-04:00,2025-06-06 12:40:00-04:00,598.24,598.4867857142857,-0.24678571428569285,0.23678571428570194,-1.042232277526359,-26.678571428569285,stop
2025-06-06,-1,2025-06-06 15:20:00-04:00,2025-06-06 15:25:00-04:00,599.48,599.7078571428572,-0.22785714285714675,0.21785714285715585,-1.0459016393442178,-24.785714285714675,stop
2025-06-09,1,2025-06-09 11:55:00-04:00,2025-06-09 11:55:00-04:00,599.95,599.7628571428572,-0.18714285714281687,0.17714285714282596,-1.0564516129031845,-20.714285714281687,stop
2025-06-09,1,2025-06-09 12:35:00-04:00,2025-06-09 12:50:00-04:00,600.09,600.9203571428571,0.8303571428571104,0.16607142857139934,5.000000000000685,81.03571428571104,target
2025-06-09,-1,2025-06-09 14:40:00-04:00,2025-06-09 14:45:00-04:00,600.58,600.7242857142858,-0.14428571428572923,0.13428571428573832,-1.074468085106302,-16.428571428572923,stop
2025-06-10,-1,2025-06-10 11:35:00-04:00,2025-06-10 11:35:00-04:00,600.02,600.2774999999999,-0.25749999999993634,0.24749999999994543,-1.0404040404040125,-27.749999999993634,stop
2025-06-10,1,2025-06-10 13:15:00-04:00,2025-06-10 13:15:00-04:00,602.5,602.3328571428572,-0.16714285714283506,0.15714285714284415,-1.063636363636311,-18.714285714283506,stop
2025-06-10,-1,2025-06-10 13:45:00-04:00,2025-06-10 14:00:00-04:00,601.67,600.8592857142856,0.8107142857143117,0.1621428571428396,5.000000000000701,79.07142857143117,target
2025-06-11,-1,2025-06-11 13:50:00-04:00,2025-06-11 14:00:00-04:00,603.1,601.8607142857143,1.2392857142857565,0.24785714285712857,5.000000000000458,121.92857142857565,target
2025-06-11,-1,2025-06-11 15:35:00-04:00,2025-06-11 15:35:00-04:00,599.79,600.2289285714285,-0.43892857142850517,0.42892857142851426,-1.0233139050790827,-45.89285714285052,stop
2025-06-12,-1,2025-06-12 11:25:00-04:00,2025-06-12 11:25:00-04:00,601.96,602.2403571428572,-0.28035714285715585,0.27035714285716494,-1.0369881109642962,-30.035714285715585,stop
2025-06-12,1,2025-06-12 12:30:00-04:00,2025-06-12 12:30:00-04:00,603.0,602.65,-0.35000000000002274,0.34000000000003183,-1.029411764705853,-37.000000000002274,stop
2025-06-12,1,2025-06-12 12:40:00-04:00,2025-06-12 12:40:00-04:00,603.3199999999999,602.9846428571428,-0.3353571428571058,0.3253571428571149,-1.0307354555433337,-35.53571428571058,stop
2025-06-13,-1,2025-06-13 12:50:00-04:00,2025-06-13 12:50:00-04:00,600.33,600.6167857142857,-0.28678571428565647,0.27678571428566556,-1.036129032258038,-30.678571428565647,stop
2025-06-13,-1,2025-06-13 13:10:00-04:00,2025-06-13 13:20:00-04:00,600.37,600.6503571428572,-0.28035714285715585,0.27035714285716494,-1.0369881109642962,-30.035714285715585,stop
2025-06-16,-1,2025-06-16 11:30:00-04:00,2025-06-16 11:30:00-04:00,603.37,603.5982142857143,-0.2282142857143299,0.21821428571433898,-1.0458265139115674,-24.82142857143299,stop
2025-06-16,-1,2025-06-16 11:35:00-04:00,2025-06-16 11:35:00-04:00,603.45,603.6771428571429,-0.22714285714289417,0.21714285714290327,-1.0460526315788956,-24.714285714289417,stop
2025-06-16,-1,2025-06-16 11:55:00-04:00,2025-06-16 12:00:00-04:00,603.22,603.4353571428571,-0.21535714285710128,0.20535714285711038,-1.0486956521738764,-23.535714285710128,stop
2025-06-17,-1,2025-06-17 12:50:00-04:00,2025-06-17 13:25:00-04:00,600.53,599.1621428571428,1.3678571428571331,0.2735714285714721,4.999999999999169,134.7857142857133,target
2025-06-17,1,2025-06-17 15:00:00-04:00,2025-06-17 15:00:00-04:00,598.13,597.8078571428572,-0.32214285714280777,0.31214285714281687,-1.0320366132722862,-34.21428571428078,stop
2025-06-17,1,2025-06-17 15:25:00-04:00,2025-06-17 15:30:00-04:00,598.28,597.9832142857142,-0.29678571428576106,0.28678571428577015,-1.034869240348654,-31.678571428576106,stop
2025-06-18,-1,2025-06-18 11:25:00-04:00,2025-06-18 11:30:00-04:00,600.1,600.3167857142857,-0.21678571428572013,0.20678571428572923,-1.0483592400690371,-23.678571428572013,stop
2025-06-18,-1,2025-06-18 12:00:00-04:00,2025-06-18 12:00:00-04:00,599.71,599.9214285714286,-0.21142857142854155,0.20142857142855064,-1.049645390070882,-23.142857142854155,stop
2025-06-18,-1,2025-06-18 12:30:00-04:00,2025-06-18 12:30:00-04:00,599.48,599.7128571428572,-0.2328571428571422,0.2228571428571513,-1.0448717948717523,-25.28571428571422,stop
2025-06-20,-1,2025-06-20 13:25:00-04:00,2025-06-20 13:35:00-04:00,594.54,592.9775,1.5625,0.3125,5.0,154.25,target
2025-06-20,-1,2025-06-20 15:00:00-04:00,2025-06-20 15:00:00-04:00,593.61,593.8567857142857,-0.24678571428569285,0.23678571428570194,-1.042232277526359,-26.678571428569285,stop
2025-06-20,-1,2025-06-20 15:05:00-04:00,2025-06-20 15:05:00-04:00,593.63,593.8878571428571,-0.25785714285711947,0.24785714285712857,-1.040345821325614,-27.785714285711947,stop
2025-06-23,-1,2025-06-23 11:30:00-04:00,2025-06-23 11:30:00-04:00,596.37,596.6603571428572,-0.29035714285714675,0.28035714285715585,-1.035668789808883,-31.035714285714675,stop
2025-06-23,-1,2025-06-23 14:50:00-04:00,2025-06-23 14:55:00-04:00,598.27,598.5117857142857,-0.2417857142856974,0.2317857142857065,-1.0431432973805477,-26.17857142856974,stop
2025-06-23,1,2025-06-23 15:05:00-04:00,2025-06-23 15:05:00-04:00,599.22,598.9775000000001,-0.24249999999994998,0.23249999999995907,-1.0430107526881405,-26.249999999994998,stop
2025-06-24,1,2025-06-24 11:25:00-04:00,2025-06-24 12:40:00-04:00,605.67,606.8521428571429,1.182142857142935,0.2364285714286325,4.999999999999038,116.21428571429351,target
2025-06-24,-1,2025-06-24 13:30:00-04:00,2025-06-24 13:30:00-04:00,606.33,606.5121428571429,-0.1821428571428214,0.1721428571428305,-1.05809128630701,-20.21428571428214,stop
2025-06-24,1,2025-06-24 13:50:00-04:00,2025-06-24 14:30:00-04:00,607.06,606.875,-0.18499999999994543,0.17499999999995453,-1.05714285714282,-20.499999999994543,stop
2025-06-25,-1,2025-06-25 12:45:00-04:00,2025-06-25 13:20:00-04:00,606.78,606.9421428571428,-0.1621428571428396,0.1521428571428487,-1.0657276995304603,-18.21428571428396,stop
2025-06-25,1,2025-06-25 15:05:00-04:00,2025-06-25 15:10:00-04:00,606.65,607.3428571428572,0.6928571428571786,0.1385714285714812,4.9999999999983595,67.28571428571786,target
2025-06-26,1,2025-06-26 12:05:00-04:00,2025-06-26 12:10:00-04:00,611.0,610.8157142857143,-0.18428571428569285,0.17428571428570194,-1.0573770491802796,-20.428571428569285,stop
2025-06-26,1,2025-06-26 13:15:00-04:00,2025-06-26 13:15:00-04:00,611.13,610.9985714285714,-0.1314285714286143,0.1214285714286234,-1.0823529411763604,-15.14285714286143,stop
2025-06-26,1,2025-06-26 13:30:00-04:00,2025-06-26 14:05:00-04:00,611.21,611.8439285714286,0.6339285714285552,0.1267857142856883,5.000000000000897,61.39285714285552,target
2025-06-27,1,2025-06-27 11:35:00-04:00,2025-06-27 13:20:00-04:00,615.6899999999999,615.4699999999999,-0.22000000000002728,0.21000000000003638,-1.0476190476189962,-24.00000000000273,stop
2025-06-27,1,2025-06-27 15:35:00-04:00,2025-06-27 15:50:00-04:00,612.72,614.3182142857144,1.5982142857143344,0.3196428571428669,5.0,157.82142857143344,target
2025-06-30,-1,2025-06-30 13:35:00-04:00,2025-06-30 13:35:00-04:00,616.12,616.2885714285715,-0.1685714285714539,0.158571428571463,-1.063063063062992,-18.85714285714539,stop
2025-06-30,-1,2025-06-30 14:35:00-04:00,2025-06-30 14:45:00-04:00,615.72,615.9642857142858,-0.24428571428575196,0.23428571428576106,-1.042682926829221,-26.428571428575196,stop
2025-06-30,1,2025-06-30 14:55:00-04:00,2025-06-30 15:20:00-04:00,616.28,617.4603571428571,1.1803571428571331,0.23607142857144936,4.999999999999519,116.03571428571331,target
2025-07-01,1,2025-07-01 13:25:00-04:00,2025-07-01 13:30:00-04:00,618.09,617.8260714285715,-0.26392857142855064,0.25392857142855974,-1.03938115330517,-28.392857142855064,stop
2025-07-01,-1,2025-07-01 15:00:00-04:00,2025-07-01 15:00:00-04:00,617.94,616.9971428571429,0.9428571428571786,0.18857142857143572,5.0,92.28571428571786,target
2025-07-02,1,2025-07-02 11:40:00-04:00,2025-07-02 12:00:00-04:00,619.09,618.8807142857144,-0.2092857142856701,0.1992857142856792,-1.0501792114694972,-22.92857142856701,stop
2025-07-02,1,2025-07-02 12:40:00-04:00,2025-07-02 12:45:00-04:00,619.52,619.3446428571428,-0.17535714285713766,0.16535714285714675,-1.0604751619869845,-19.535714285713766,stop
2025-07-02,1,2025-07-02 14:35:00-04:00,2025-07-02 15:40:00-04:00,619.77,619.6403571428572,-0.12964285714281232,0.11964285714282141,-1.0835820895521877,-14.964285714281232,stop
2025-07-07,-1,2025-07-07 12:20:00-04:00,2025-07-07 12:20:00-04:00,621.21,620.0760714285715,1.1339285714285552,0.22678571428571104,5.0,111.39285714285552,target
2025-07-07,-1,2025-07-07 14:20:00-04:00,2025-07-07 14:35:00-04:00,618.67,618.9882142857142,-0.31821428571424804,0.30821428571425713,-1.0324449594437741,-33.8214285714248,stop
2025-07-07,1,2025-07-07 15:55:00-04:00,2025-07-07 15:55:00-04:00,620.27,620.77,0.5,0.20428571428567466,2.4475524475529222,48.0,time
2025-07-08,1,2025-07-08 12:25:00-04:00,2025-07-08 12:30:00-04:00,621.61,621.3860714285714,-0.22392857142858702,0.21392857142859611,-1.0467445742904362,-24.392857142858702,stop
2025-07-08,-1,2025-07-08 13:10:00-04:00,2025-07-08 13:10:00-04:00,620.35,620.6160714285714,-0.2660714285714221,0.25607142857143117,-1.0390516039051245,-28.607142857142208,stop
2025-07-08,1,2025-07-08 14:00:00-04:00,2025-07-08 14:00:00-04:00,621.16,620.8924999999999,-0.2675000000000409,0.25750000000005,-1.0388349514562678,-28.750000000004093,stop
2025-07-09,1,2025-07-09 12:55:00-04:00,2025-07-09 12:55:00-04:00,622.35,622.135,-0.21500000000003183,0.20500000000004093,-1.048780487804824,-23.500000000003183,stop
2025-07-09,1,2025-07-09 13:20:00-04:00,2025-07-09 13:25:00-04:00,622.54,622.3271428571428,-0.2128571428571604,0.2028571428571695,-1.049295774647836,-23.28571428571604,stop
2025-07-09,1,2025-07-09 15:20:00-04:00,2025-07-09 15:55:00-04:00,623.49,623.98,0.4900000000000091,0.14999999999997726,3.2666666666672226,47.00000000000091,time
2025-07-10,1,2025-07-10 13:05:00-04:00,2025-07-10 13:50:00-04:00,625.81,626.5082142857143,0.6982142857143572,0.1396428571429169,4.999999999998372,67.82142857143572,target
2025-07-10,-1,2025-07-10 14:55:00-04:00,2025-07-10 15:00:00-04:00,626.22,626.345,-0.125,0.1150000000000091,-1.0869565217390444,-14.5,stop
2025-07-10,-1,2025-07-10 15:50:00-04:00,2025-07-10 15:50:00-04:00,626.13,625.5085714285715,0.6214285714285097,0.12428571428574742,4.99999999999817,60.14285714285097,target
2025-07-11,1,2025-07-11 12:55:00-04:00,2025-07-11 13:35:00-04:00,624.1899999999999,623.9682142857142,-0.22178571428571558,0.21178571428572468,-1.0472175379426192,-24.17857142857156,stop
2025-07-11,1,2025-07-11 14:45:00-04:00,2025-07-11 14:45:00-04:00,624.8199999999999,624.6371428571429,-0.182857142857074,0.1728571428570831,-1.0578512396693889,-20.2857142857074,stop
2025-07-11,-1,2025-07-11 15:05:00-04:00,2025-07-11 15:05:00-04:00,623.85,624.0342857142857,-0.18428571428569285,0.17428571428570194,-1.0573770491802796,-20.428571428569285,stop
2025-07-14,-1,2025-07-14 12:35:00-04:00,2025-07-14 12:40:00-04:00,623.71,623.8721428571429,-0.1621428571428396,0.1521428571428487,-1.0657276995304603,-18.21428571428396,stop
2025-07-14,1,2025-07-14 12:50:00-04:00,2025-07-14 13:35:00-04:00,624.27,624.9789285714286,0.7089285714286007,0.14178571428567466,5.000000000001604,68.89285714286007,target
2025-07-14,1,2025-07-14 14:30:00-04:00,2025-07-14 15:05:00-04:00,624.97,624.8492857142858,-0.12071428571425713,0.11071428571426623,-1.0903225806450951,-14.071428571425713,stop
2025-07-15,-1,2025-07-15 12:10:00-04:00,2025-07-15 12:15:00-04:00,624.23,624.4928571428571,-0.2628571428571149,0.252857142857124,-1.039548022598837,-28.285714285711492,stop
2025-07-15,-1,2025-07-15 12:40:00-04:00,2025-07-15 12:40:00-04:00,624.04,624.2771428571428,-0.23714285714288508,0.22714285714289417,-1.044025157232657,-25.714285714288508,stop
2025-07-15,-1,2025-07-15 14:55:00-04:00,2025-07-15 15:00:00-04:00,623.96,623.1189285714286,0.8410714285714675,0.16821428571427077,5.000000000000676,82.10714285714675,target
2025-07-16,1,2025-07-16 12:55:00-04:00,2025-07-16 15:40:00-04:00,622.75,624.6178571428571,1.8678571428571331,0.37357142857138115,5.000000000000608,184.7857142857133,target
2025-07-17,-1,2025-07-17 12:40:00-04:00,2025-07-17 12:40:00-04:00,626.62,626.7875,-0.1675000000000182,0.15750000000002728,-1.0634920634919947,-18.75000000000182,stop
2025-07-17,1,2025-07-17 13:35:00-04:00,2025-07-17 14:20:00-04:00,627.1,627.7678571428571,0.6678571428570876,0.13357142857137205,5.000000000001703,64.78571428570876,target
2025-07-18,1,2025-07-18 11:35:00-04:00,2025-07-18 11:40:00-04:00,627.85,627.6271428571429,-0.2228571428571513,0.2128571428571604,-1.0469798657717655,-24.28571428571513,stop
2025-07-18,1,2025-07-18 13:35:00-04:00,2025-07-18 13:45:00-04:00,627.31,627.0678571428571,-0.24214285714288053,0.23214285714288962,-1.043076923076878,-26.214285714288053,stop
2025-07-18,1,2025-07-18 14:50:00-04:00,2025-07-18 14:50:00-04:00,627.4,627.235,-0.16499999999996362,0.15499999999997272,-1.0645161290322107,-18.499999999996362,stop
2025-07-21,1,2025-07-21 11:30:00-04:00,2025-07-21 11:55:00-04:00,631.28,631.1214285714285,-0.158571428571463,0.1485714285714721,-1.0673076923076115,-17.8571428571463,stop
2025-07-21,-1,2025-07-21 12:15:00-04:00,2025-07-21 12:15:00-04:00,630.87,631.0078571428571,-0.13785714285711492,0.12785714285712402,-1.0782122905027336,-15.785714285711492,stop
2025-07-21,-1,2025-07-21 14:00:00-04:00,2025-07-21 14:20:00-04:00,631.15,631.2489285714286,-0.09892857142858702,0.08892857142859611,-1.1124497991966538,-11.892857142858702,stop
2025-07-22,1,2025-07-22 12:20:00-04:00,2025-07-22 12:20:00-04:00,628.0,627.8075,-0.19249999999999545,0.18250000000000455,-1.054794520547894,-21.249999999999545,stop
2025-07-22,-1,2025-07-22 12:30:00-04:00,2025-07-22 12:30:00-04:00,627.24,627.4353571428571,-0.19535714285711947,0.18535714285712857,-1.0539499036608415,-21.535714285711947,stop
2025-07-22,1,2025-07-22 15:40:00-04:00,2025-07-22 15:40:00-04:00,629.48,629.3203571428571,-0.15964285714289872,0.14964285714290781,-1.0668257756562411,-17.964285714289872,stop
2025-07-23,1,2025-07-23 11:50:00-04:00,2025-07-23 11:50:00-04:00,630.92,631.7146428571428,0.7946428571428896,0.15892857142853245,5.000000000001431,77.46428571428896,target
2025-07-23,1,2025-07-23 13:35:00-04:00,2025-07-23 13:50:00-04:00,632.28,632.1064285714285,-0.17357142857144936,0.16357142857145845,-1.0611353711789726,-19.357142857144936,stop
2025-07-23,-1,2025-07-23 15:45:00-04:00,2025-07-23 15:45:00-04:00,632.99,633.1067857142857,-0.1167857142856974,0.10678571428570649,-1.0936454849497543,-13.67857142856974,stop
2025-07-24,-1,2025-07-24 12:05:00-04:00,2025-07-24 12:25:00-04:00,635.26,634.5742857142857,0.6857142857143117,0.13714285714286234,5.0,66.57142857143117,target
2025-07-24,-1,2025-07-24 14:50:00-04:00,2025-07-24 14:55:00-04:00,635.16,635.3271428571428,-0.16714285714283506,0.15714285714284415,-1.063636363636311,-18.714285714283506,stop
2025-07-24,-1,2025-07-24 15:45:00-04:00,2025-07-24 15:55:00-04:00,635.08,634.3264285714287,0.7535714285713766,0.15071428571422985,5.000000000001509,73.35714285713766,target
2025-07-25,-1,2025-07-25 11:45:00-04:00,2025-07-25 11:45:00-04:00,635.65,635.7789285714285,-0.12892857142855974,0.11892857142856883,-1.0840840840840094,-14.892857142855974,stop
2025-07-25,1,2025-07-25 12:10:00-04:00,2025-07-25 12:20:00-04:00,636.04,636.5703571428571,0.5303571428571558,0.10607142857145391,4.999999999998928,51.035714285715585,target
2025-07-25,1,2025-07-25 14:15:00-04:00,2025-07-25 14:15:00-04:00,637.38,637.2710714285714,-0.10892857142857792,0.09892857142858702,-1.101083032490867,-12.892857142857792,stop
2025-07-28,-1,2025-07-28 12:50:00-04:00,2025-07-28 13:00:00-04:00,636.89,637.0189285714285,-0.12892857142855974,0.11892857142856883,-1.0840840840840094,-14.892857142855974,stop
2025-07-28,1,2025-07-28 15:45:00-04:00,2025-07-28 15:45:00-04:00,636.26,636.1275,-0.13249999999993634,0.12249999999994543,-1.0816326530611866,-15.249999999993634,stop
2025-07-29,-1,2025-07-29 12:40:00-04:00,2025-07-29 12:40:00-04:00,635.17,635.3964285714285,-0.2264285714285279,0.216428571428537,-1.0462046204620115,-24.64285714285279,stop
2025-07-29,1,2025-07-29 13:00:00-04:00,2025-07-29 13:35:00-04:00,636.2,636.0089285714287,-0.1910714285713766,0.1810714285713857,-1.0552268244575564,-21.10714285713766,stop
2025-07-29,-1,2025-07-29 15:30:00-04:00,2025-07-29 15:30:00-04:00,635.0600000000001,635.214642857143,-0.15464285714290327,0.14464285714291236,-1.0691358024690465,-17.464285714290327,stop
2025-07-30,1,2025-07-30 12:15:00-04:00,2025-07-30 14:00:00-04:00,636.28,636.0989285714286,-0.1810714285713857,0.1710714285713948,-1.0584551148225054,-20.10714285713857,stop
2025-07-31,-1,2025-07-31 13:05:00-04:00,2025-07-31 13:05:00-04:00,637.13,637.3407142857143,-0.21071428571428896,0.20071428571429806,-1.0498220640568912,-23.071428571428896,stop
2025-07-31,-1,2025-07-31 13:10:00-04:00,2025-07-31 13:10:00-04:00,637.15,637.3628571428571,-0.2128571428571604,0.2028571428571695,-1.049295774647836,-23.28571428571604,stop
2025-07-31,-1,2025-07-31 15:30:00-04:00,2025-07-31 15:30:00-04:00,632.79,633.16,-0.37000000000000455,0.36000000000001364,-1.0277777777777515,-39.000000000000455,stop
2025-08-01,-1,2025-08-01 11:25:00-04:00,2025-08-01 11:35:00-04:00,621.59,622.1096428571428,-0.5196428571427987,0.5096428571428078,-1.0196215837421003,-53.96428571427987,stop
2025-08-01,1,2025-08-01 11:45:00-04:00,2025-08-01 12:40:00-04:00,623.63,623.1307142857142,-0.4992857142857474,0.4892857142857565,-1.0204379562043593,-51.92857142857474,stop
2025-08-01,-1,2025-08-01 12:50:00-04:00,2025-08-01 12:55:00-04:00,623.02,621.2914285714286,1.7285714285713993,0.34571428571427987,5.0,170.85714285713993,target
2025-08-04,1,2025-08-04 11:55:00-04:00,2025-08-04 15:55:00-04:00,629.53,630.9907142857143,1.460714285714289,0.29214285714283506,5.000000000000389,144.0714285714289,target
2025-08-05,1,2025-08-05 12:15:00-04:00,2025-08-05 12:40:00-04:00,628.62,628.3064285714286,-0.3135714285714357,0.3035714285714448,-1.0329411764705565,-33.35714285714357,stop
2025-08-05,1,2025-08-05 13:30:00-04:00,2025-08-05 14:10:00-04:00,629.71,629.4378571428572,-0.27214285714285325,0.26214285714286234,-1.0381471389645422,-29.214285714285325,stop
2025-08-05,1,2025-08-05 15:25:00-04:00,2025-08-05 15:25:00-04:00,629.08,628.8303571428572,-0.24964285714281687,0.23964285714282596,-1.041728763040206,-26.964285714281687,stop
2025-08-06,1,2025-08-06 13:35:00-04:00,2025-08-06 13:45:00-04:00,632.58,632.3725000000001,-0.2074999999999818,0.1974999999999909,-1.0506329113923614,-22.74999999999818,stop
2025-08-06,1,2025-08-06 14:05:00-04:00,2025-08-06 15:55:00-04:00,632.64,632.4621428571428,-0.17785714285719223,0.16785714285720132,-1.0595744680850314,-19.785714285719223,stop
2025-08-07,-1,2025-08-07 12:45:00-04:00,2025-08-07 12:45:00-04:00,630.54,630.8885714285714,-0.3485714285714039,0.338571428571413,-1.0295358649788775,-36.85714285714039,stop
2025-08-07,-1,2025-08-07 14:15:00-04:00,2025-08-07 14:35:00-04:00,629.88,630.2153571428571,-0.3353571428571058,0.3253571428571149,-1.0307354555433337,-35.53571428571058,stop
2025-08-07,1,2025-08-07 15:35:00-04:00,2025-08-07 15:55:00-04:00,630.6899999999999,631.9971428571428,1.3071428571428214,0.26142857142860976,4.9999999999991305,128.71428571428214,target
2025-08-08,-1,2025-08-08 11:35:00-04:00,2025-08-08 11:50:00-04:00,635.7,635.9389285714286,-0.23892857142857338,0.22892857142858247,-1.043681747269849,-25.892857142857338,stop
2025-08-08,-1,2025-08-08 13:20:00-04:00,2025-08-08 13:20:00-04:00,636.3,636.4975,-0.1974999999999909,0.1875,-1.0533333333332848,-21.74999999999909,stop
2025-08-08,1,2025-08-08 13:45:00-04:00,2025-08-08 15:30:00-04:00,637.12,636.9267857142858,-0.19321428571424804,0.18321428571425713,-1.0545808966861188,-21.321428571424804,stop
2025-08-11,1,2025-08-11 11:55:00-04:00,2025-08-11 12:05:00-04:00,637.68,638.6157142857143,0.9357142857143117,0.18714285714281687,5.000000000001215,91.57142857143117,target
2025-08-11,-1,2025-08-11 13:40:00-04:00,2025-08-11 13:45:00-04:00,636.82,637.0053571428572,-0.18535714285712857,0.17535714285713766,-1.0570264765783612,-20.535714285712857,stop
2025-08-11,-1,2025-08-11 14:05:00-04:00,2025-08-11 14:15:00-04:00,636.58,636.765,-0.18499999999994543,0.17499999999995453,-1.05714285714282,-20.499999999994543,stop
2025-08-12,1,2025-08-12 11:15:00-04:00,2025-08-12 13:45:00-04:00,640.56,642.0314285714285,1.4714285714285325,0.2942857142857065,5.0,145.14285714285325,target
2025-08-12,1,2025-08-12 15:35:00-04:00,2025-08-12 15:40:00-04:00,642.46,642.3457142857143,-0.11428571428575651,0.10428571428576561,-1.0958904109587697,-13.428571428575651,stop
2025-08-13,1,2025-08-13 11:45:00-04:00,2025-08-13 11:45:00-04:00,644.23,643.9728571428572,-0.2571428571428669,0.24714285714287598,-1.040462427745625,-27.71428571428669,stop
2025-08-13,-1,2025-08-13 12:30:00-04:00,2025-08-13 12:30:00-04:00,643.25,643.4717857142857,-0.22178571428571558,0.21178571428572468,-1.0472175379426192,-24.17857142857156,stop
2025-08-13,1,2025-08-13 13:30:00-04:00,2025-08-13 13:30:00-04:00,643.65,643.4517857142857,-0.1982142857142435,0.18821428571425258,-1.0531309297912324,-21.82142857142435,stop
2025-08-14,-1,2025-08-14 12:15:00-04:00,2025-08-14 12:15:00-04:00,642.7,642.97,-0.2699999999999818,0.2599999999999909,-1.0384615384615048,-28.99999999999818,stop
2025-08-14,1,2025-08-14 12:55:00-04:00,2025-08-14 15:55:00-04:00,644.1,645.5160714285714,1.4160714285713993,0.28321428571427987,5.0,139.60714285713993,target
2025-08-15,-1,2025-08-15 11:40:00-04:00,2025-08-15 11:50:00-04:00,643.28,643.5224999999999,-0.24249999999994998,0.23249999999995907,-1.0430107526881405,-26.249999999994998,stop
2025-08-15,1,2025-08-15 13:35:00-04:00,2025-08-15 13:35:00-04:00,644.39,644.1975,-0.19249999999999545,0.18250000000000455,-1.054794520547894,-21.249999999999545,stop
2025-08-15,1,2025-08-15 13:55:00-04:00,2025-08-15 14:00:00-04:00,644.43,644.2635714285714,-0.16642857142858247,0.15642857142859157,-1.0639269406392031,-18.642857142858247,stop
2025-08-18,-1,2025-08-18 11:35:00-04:00,2025-08-18 11:35:00-04:00,642.71,642.9560714285715,-0.24607142857144026,0.23607142857144936,-1.04236006051433,-26.607142857144026,stop
2025-08-18,1,2025-08-18 12:20:00-04:00,2025-08-18 12:35:00-04:00,643.1,642.9178571428572,-0.1821428571428214,0.1721428571428305,-1.05809128630701,-20.21428571428214,stop
2025-08-18,1,2025-08-18 14:45:00-04:00,2025-08-18 15:50:00-04:00,643.13,643.9264285714286,0.7964285714285779,0.15928571428571558,5.0,77.64285714285779,target
2025-08-19,-1,2025-08-19 11:55:00-04:00,2025-08-19 12:45:00-04:00,640.84,639.3989285714287,1.4410714285713766,0.2882142857142753,5.0,142.10714285713766,target
2025-08-19,-1,2025-08-19 14:20:00-04:00,2025-08-19 15:30:00-04:00,639.08,639.3203571428571,-0.24035714285707854,0.23035714285708764,-1.0434108527131492,-26.035714285707854,stop
2025-08-19,1,2025-08-19 15:35:00-04:00,2025-08-19 15:45:00-04:00,639.3199999999999,639.1328571428571,-0.18714285714281687,0.17714285714282596,-1.0564516129031845,-20.714285714281687,stop
2025-08-20,1,2025-08-20 12:25:00-04:00,2025-08-20 12:35:00-04:00,637.03,636.6796428571429,-0.3503571428570922,0.3403571428571013,-1.0293809024134082,-37.03571428570922,stop
2025-08-20,1,2025-08-20 13:35:00-04:00,2025-08-20 13:55:00-04:00,637.49,637.1514285714286,-0.338571428571413,0.3285714285714221,-1.0304347826086686,-35.8571428571413,stop
2025-08-21,-1,2025-08-21 11:55:00-04:00,2025-08-21 13:25:00-04:00,635.77,633.8449999999999,1.9250000000000682,0.3849999999999909,5.000000000000295,190.50000000000682,target
2025-08-21,1,2025-08-21 15:00:00-04:00,2025-08-21 15:30:00-04:00,636.12,635.8610714285714,-0.2589285714285552,0.24892857142856428,-1.0401721664275112,-27.89285714285552,stop
2025-08-22,-1,2025-08-22 12:00:00-04:00,2025-08-22 12:00:00-04:00,645.41,645.6935714285714,-0.283571428571463,0.2735714285714721,-1.0365535248041384,-30.3571428571463,stop
2025-08-22,-1,2025-08-22 12:15:00-04:00,2025-08-22 13:10:00-04:00,645.39,645.6628571428571,-0.2728571428571058,0.2628571428571149,-1.038043478260839,-29.285714285710583,stop
2025-08-22,-1,2025-08-22 14:20:00-04:00,2025-08-22 14:20:00-04:00,645.44,645.6217857142858,-0.18178571428575196,0.17178571428576106,-1.0582120582119894,-20.178571428575196,stop
2025-08-25,1,2025-08-25 12:45:00-04:00,2025-08-25 12:45:00-04:00,645.1899999999999,645.0524999999999,-0.13750000000004547,0.12750000000005457,-1.0784313725489147,-15.750000000004547,stop
2025-08-25,-1,2025-08-25 13:05:00-04:00,2025-08-25 13:05:00-04:00,644.54,644.6792857142857,-0.13928571428573377,0.12928571428574287,-1.077348066298255,-15.928571428573377,stop
2025-08-26,-1,2025-08-26 11:30:00-04:00,2025-08-26 11:30:00-04:00,642.4,642.6132142857142,-0.21321428571422985,0.20321428571423894,-1.0492091388400369,-23.321428571422985,stop
2025-08-26,1,2025-08-26 12:05:00-04:00,2025-08-26 13:50:00-04:00,643.05,642.8575,-0.19249999999999545,0.18250000000000455,-1.054794520547894,-21.249999999999545,stop
2025-08-26,1,2025-08-26 15:25:00-04:00,2025-08-26 15:25:00-04:00,644.53,644.3953571428572,-0.13464285714280777,0.12464285714281687,-1.0802292263609845,-15.464285714280777,stop
2025-08-27,1,2025-08-27 11:25:00-04:00,2025-08-27 11:25:00-04:00,646.5,646.3528571428571,-0.14714285714285325,0.13714285714286234,-1.0729166666665977,-16.714285714285325,stop
2025-08-27,1,2025-08-27 11:40:00-04:00,2025-08-27 11:40:00-04:00,646.52,646.3824999999999,-0.13750000000004547,0.12750000000005457,-1.0784313725489147,-15.750000000004547,stop
2025-08-27,-1,2025-08-27 12:20:00-04:00,2025-08-27 12:25:00-04:00,646.26,645.6564285714286,0.6035714285713993,0.12071428571425713,5.0000000000009415,58.357142857139934,target
2025-08-28,1,2025-08-28 12:10:00-04:00,2025-08-28 12:25:00-04:00,647.35,648.3875,1.0375000000000227,0.2074999999999818,5.000000000000548,101.75000000000227,target
2025-08-28,1,2025-08-28 13:45:00-04:00,2025-08-28 15:00:00-04:00,648.37,649.087857142857,0.7178571428570422,0.14357142857136296,5.000000000001584,69.78571428570422,target
2025-08-28,1,2025-08-28 15:55:00-04:00,2025-08-28 15:55:00-04:00,649.45,649.3146428571429,-0.13535714285717404,0.12535714285718313,-1.0797720797719816,-15.535714285717404,stop
2025-08-29,1,2025-08-29 12:35:00-04:00,2025-08-29 13:00:00-04:00,644.7,644.4714285714286,-0.22857142857139934,0.21857142857140843,-1.0457516339868906,-24.857142857139934,stop
2025-08-29,1,2025-08-29 15:10:00-04:00,2025-08-29 15:10:00-04:00,644.7,644.5342857142857,-0.1657142857143299,0.15571428571433898,-1.0642201834861582,-18.57142857143299,stop
2025-08-29,1,2025-08-29 15:20:00-04:00,2025-08-29 15:20:00-04:00,644.85,644.6960714285715,-0.153928571428537,0.1439285714285461,-1.0694789081885347,-17.3928571428537,stop
2025-09-02,1,2025-09-02 12:45:00-04:00,2025-09-02 12:45:00-04:00,636.14,635.8860714285714,-0.25392857142855974,0.24392857142856883,-1.0409956076134332,-27.392857142855974,stop
2025-09-02,1,2025-09-02 12:55:00-04:00,2025-09-02 13:25:00-04:00,636.37,637.5914285714287,1.2214285714286461,0.24428571428575196,4.999999999999535,120.14285714286461,target
2025-09-02,1,2025-09-02 15:15:00-04:00,2025-09-02 15:50:00-04:00,638.77,640.0182142857143,1.2482142857143117,0.24964285714281687,5.00000000000091,122.82142857143117,target
2025-09-03,-1,2025-09-03 12:40:00-04:00,2025-09-03 13:10:00-04:00,642.12,642.3639285714286,-0.24392857142856883,0.23392857142857792,-1.0427480916030134,-26.392857142856883,stop
2025-09-03,1,2025-09-03 15:35:00-04:00,2025-09-03 15:45:00-04:00,641.55,642.5714285714286,1.0214285714286007,0.20428571428567466,5.000000000001113,100.14285714286007,target
2025-09-04,1,2025-09-04 11:55:00-04:00,2025-09-04 11:55:00-04:00,646.48,646.2725,-0.2074999999999818,0.1974999999999909,-1.0506329113923614,-22.74999999999818,stop
2025-09-04,1,2025-09-04 12:10:00-04:00,2025-09-04 12:15:00-04:00,646.5,646.3039285714286,-0.19607142857137205,0.18607142857138115,-1.0537428023032278,-21.607142857137205,stop
2025-09-04,-1,2025-09-04 12:30:00-04:00,2025-09-04 12:30:00-04:00,645.9300000000001,646.1085714285715,-0.1785714285714448,0.1685714285714539,-1.0593220338982423,-19.85714285714448,stop
2025-09-05,1,2025-09-05 11:45:00-04:00,2025-09-05 11:45:00-04:00,646.76,646.225,-0.5349999999999682,0.5249999999999773,-1.0190476190476025,-55.49999999999682,stop
2025-09-05,-1,2025-09-05 12:35:00-04:00,2025-09-05 12:40:00-04:00,645.5,645.9014285714286,-0.4014285714285961,0.3914285714286052,-1.025547445255449,-42.14285714285961,stop
2025-09-05,-1,2025-09-05 13:45:00-04:00,2025-09-05 14:15:00-04:00,645.23,645.5789285714286,-0.348928571428587,0.3389285714285961,-1.02950474183348,-36.8928571428587,stop
2025-09-08,-1,2025-09-08 11:50:00-04:00,2025-09-08 11:50:00-04:00,648.85,649.0421428571428,-0.19214285714281232,0.1821428571428214,-1.0549019607842747,-21.21428571428123,stop
2025-09-08,-1,2025-09-08 12:10:00-04:00,2025-09-08 12:10:00-04:00,648.75,648.9549999999999,-0.20499999999992724,0.19499999999993634,-1.0512820512820213,-22.499999999992724,stop
2025-09-08,-1,2025-09-08 13:50:00-04:00,2025-09-08 14:15:00-04:00,647.84,648.0353571428572,-0.19535714285711947,0.18535714285712857,-1.0539499036608415,-21.535714285711947,stop
2025-09-09,1,2025-09-09 12:15:00-04:00,2025-09-09 12:20:00-04:00,648.8199999999999,648.6182142857142,-0.20178571428573377,0.19178571428574287,-1.052141527001807,-22.178571428573377,stop
2025-09-09,1,2025-09-09 13:05:00-04:00,2025-09-09 15:50:00-04:00,649.38,650.1889285714285,0.8089285714285097,0.16178571428565647,5.000000000001405,78.89285714285097,target
2025-09-10,-1,2025-09-10 12:40:00-04:00,2025-09-10 12:50:00-04:00,652.46,652.6482142857143,-0.18821428571425258,0.17821428571426168,-1.0561122244488543,-20.82142857142526,stop
2025-09-10,-1,2025-09-10 14:25:00-04:00,2025-09-10 14:30:00-04:00,651.71,651.9207142857143,-0.21071428571428896,0.20071428571429806,-1.0498220640568912,-23.071428571428896,stop
2025-09-10,-1,2025-09-10 15:10:00-04:00,2025-09-10 15:30:00-04:00,651.21,651.4310714285715,-0.221071428571463,0.2110714285714721,-1.047377326565091,-24.1071428571463,stop
2025-09-11,1,2025-09-11 11:30:00-04:00,2025-09-11 11:35:00-04:00,657.43,657.2139285714285,-0.21607142857146755,0.20607142857147664,-1.0485268630848665,-23.607142857146755,stop
2025-09-11,1,2025-09-11 13:45:00-04:00,2025-09-11 13:45:00-04:00,657.51,657.3496428571428,-0.1603571428571513,0.1503571428571604,-1.0665083135391242,-18.03571428571513,stop
2025-09-11,1,2025-09-11 14:00:00-04:00,2025-09-11 14:05:00-04:00,657.5699999999999,657.4046428571428,-0.16535714285714675,0.15535714285715585,-1.0643678160918901,-18.535714285714675,stop
2025-09-12,-1,2025-09-12 11:30:00-04:00,2025-09-12 11:30:00-04:00,657.63,657.8,-0.16999999999995907,0.15999999999996817,-1.0624999999999556,-18.999999999995907,stop
2025-09-12,-1,2025-09-12 11:40:00-04:00,2025-09-12 11:55:00-04:00,657.47,657.64,-0.16999999999995907,0.15999999999996817,-1.0624999999999556,-18.999999999995907,stop
2025-09-12,1,2025-09-12 12:30:00-04:00,2025-09-12 12:35:00-04:00,658.06,657.9071428571428,-0.15285714285710128,0.14285714285711038,-1.0699999999999523,-17.285714285710128,stop
2025-09-15,1,2025-09-15 12:15:00-04:00,2025-09-15 12:20:00-04:00,660.8199999999999,660.6539285714285,-0.16607142857139934,0.15607142857140843,-1.0640732265445725,-18.607142857139934,stop
2025-09-15,-1,2025-09-15 12:55:00-04:00,2025-09-15 13:15:00-04:00,660.44,659.8435714285714,0.5964285714286461,0.11928571428575196,4.999999999999047,57.642857142864614,target
2025-09-15,-1,2025-09-15 14:40:00-04:00,2025-09-15 14:50:00-04:00,659.84,659.9960714285714,-0.15607142857140843,0.14607142857141753,-1.0684596577016543,-17.607142857140843,stop
2025-09-16,-1,2025-09-16 11:35:00-04:00,2025-09-16 11:40:00-04:00,659.5,659.6925,-0.19249999999999545,0.18250000000000455,-1.054794520547894,-21.249999999999545,stop
2025-09-16,-1,2025-09-16 11:45:00-04:00,2025-09-16 11:45:00-04:00,659.48,659.6721428571428,-0.19214285714281232,0.1821428571428214,-1.0549019607842747,-21.21428571428123,stop
2025-09-16,1,2025-09-16 12:30:00-04:00,2025-09-16 12:30:00-04:00,659.91,659.7510714285714,-0.15892857142853245,0.14892857142854155,-1.0671462829735736,-17.892857142853245,stop
2025-09-17,1,2025-09-17 11:15:00-04:00,2025-09-17 11:20:00-04:00,659.51,659.3310714285715,-0.17892857142851426,0.16892857142852336,-1.0591966173361151,-19.892857142851426,stop
2025-09-17,-1,2025-09-17 11:30:00-04:00,2025-09-17 11:30:00-04:00,658.94,659.1167857142858,-0.1767857142857565,0.1667857142857656,-1.0599571734474644,-19.67857142857565,stop
2025-09-17,1,2025-09-17 13:40:00-04:00,2025-09-17 13:40:00-04:00,659.06,658.8967857142857,-0.16321428571427532,0.15321428571428442,-1.0652680652680064,-18.321428571427532,stop
2025-09-18,-1,2025-09-18 11:55:00-04:00,2025-09-18 12:00:00-04:00,662.63,662.9310714285714,-0.30107142857139024,0.29107142857139934,-1.0343558282208312,-32.107142857139024,stop
2025-09-18,1,2025-09-18 12:45:00-04:00,2025-09-18 13:05:00-04:00,664.01,663.7682142857143,-0.2417857142856974,0.2317857142857065,-1.0431432973805477,-26.17857142856974,stop
2025-09-18,-1,2025-09-18 13:30:00-04:00,2025-09-18 13:55:00-04:00,663.3100000000001,662.5439285714286,0.7660714285714221,0.15321428571428442,5.0,74.60714285714221,target
2025-09-19,1,2025-09-19 12:05:00-04:00,2025-09-19 14:55:00-04:00,662.02,663.1021428571428,1.0821428571427987,0.216428571428537,5.000000000000525,106.21428571427987,target
2025-09-22,-1,2025-09-22 11:55:00-04:00,2025-09-22 12:00:00-04:00,664.58,664.7371428571429,-0.15714285714284415,0.14714285714285325,-1.0679611650484837,-17.714285714284415,stop
2025-09-22,1,2025-09-22 12:10:00-04:00,2025-09-22 12:25:00-04:00,665.11,665.8528571428571,0.7428571428571331,0.1485714285714721,4.99999999999847,72.28571428571331,target
2025-09-22,1,2025-09-22 13:40:00-04:00,2025-09-22 13:50:00-04:00,666.6,666.4639285714286,-0.13607142857142662,0.12607142857143572,-1.079320113314371,-15.607142857142662,stop
2025-09-23,-1,2025-09-23 15:00:00-04:00,2025-09-23 15:00:00-04:00,662.09,662.3389285714286,-0.24892857142856428,0.23892857142857338,-1.0418535127054922,-26.89285714285643,stop
2025-09-23,1,2025-09-23 15:45:00-04:00,2025-09-23 15:45:00-04:00,662.92,662.7067857142857,-0.21321428571422985,0.20321428571423894,-1.0492091388400369,-23.321428571422985,stop
2025-09-23,1,2025-09-23 15:50:00-04:00,2025-09-23 15:55:00-04:00,662.9399999999999,663.24,0.3000000000000682,0.19535714285711947,1.5356489945160723,28.00000000000682,time
2025-09-24,1,2025-09-24 13:10:00-04:00,2025-09-24 13:40:00-04:00,661.17,660.9292857142857,-0.24071428571426168,0.23071428571427077,-1.0433436532507374,-26.071428571426168,stop
2025-09-24,-1,2025-09-24 14:10:00-04:00,2025-09-24 14:15:00-04:00,660.34,660.5450000000001,-0.20500000000004093,0.19500000000005002,-1.0512820512819916,-22.500000000004093,stop
2025-09-24,1,2025-09-24 14:55:00-04:00,2025-09-24 15:00:00-04:00,661.03,660.8282142857142,-0.20178571428573377,0.19178571428574287,-1.052141527001807,-22.178571428573377,stop
2025-09-25,-1,2025-09-25 11:25:00-04:00,2025-09-25 11:30:00-04:00,657.73,658.0982142857143,-0.36821428571431625,0.35821428571432534,-1.0279162512462328,-38.821428571431625,stop
2025-09-25,-1,2025-09-25 12:45:00-04:00,2025-09-25 12:45:00-04:00,658.05,658.3235714285714,-0.2735714285714721,0.2635714285714812,-1.037940379403752,-29.35714285714721,stop
2025-09-25,-1,2025-09-25 13:25:00-04:00,2025-09-25 13:25:00-04:00,656.6800000000001,657.0014285714286,-0.3214285714285552,0.3114285714285643,-1.0321100917430908,-34.14285714285552,stop
2025-09-26,1,2025-09-26 12:25:00-04:00,2025-09-26 12:25:00-04:00,660.5699999999999,660.2117857142857,-0.35821428571421166,0.34821428571422075,-1.0287179487179279,-37.821428571421166,stop
2025-09-26,-1,2025-09-26 14:10:00-04:00,2025-09-26 14:10:00-04:00,660.88,661.0725,-0.19249999999999545,0.18250000000000455,-1.054794520547894,-21.249999999999545,stop
2025-09-26,1,2025-09-26 14:25:00-04:00,2025-09-26 14:25:00-04:00,661.79,661.5821428571428,-0.20785714285716494,0.19785714285717404,-1.0505415162454335,-22.785714285716494,stop
2025-09-29,-1,2025-09-29 12:55:00-04:00,2025-09-29 12:55:00-04:00,662.89,663.1071428571429,-0.21714285714290327,0.20714285714291236,-1.0482758620689088,-23.714285714290327,stop
2025-09-29,1,2025-09-29 14:05:00-04:00,2025-09-29 14:05:00-04:00,663.14,662.9664285714285,-0.17357142857144936,0.16357142857145845,-1.0611353711789726,-19.357142857144936,stop
2025-09-29,-1,2025-09-29 15:10:00-04:00,2025-09-29 15:10:00-04:00,662.67,662.8228571428571,-0.15285714285710128,0.14285714285711038,-1.0699999999999523,-17.285714285710128,stop
2025-09-30,1,2025-09-30 12:20:00-04:00,2025-09-30 12:50:00-04:00,663.28,663.0032142857143,-0.27678571428566556,0.26678571428567466,-1.0374832663989004,-29.678571428566556,stop
2025-09-30,-1,2025-09-30 13:05:00-04:00,2025-09-30 13:50:00-04:00,662.61,662.8475,-0.23749999999995453,0.22749999999996362,-1.043956043956011,-25.749999999995453,stop
2025-09-30,1,2025-09-30 14:10:00-04:00,2025-09-30 14:40:00-04:00,663.1899999999999,664.2846428571428,1.0946428571428442,0.21892857142859157,4.99999999999948,107.46428571428442,target
2025-10-01,1,2025-10-01 11:25:00-04:00,2025-10-01 13:00:00-04:00,666.17,667.2307142857143,1.0607142857143117,0.21214285714290781,4.999999999998928,104.07142857143117,target
2025-10-01,-1,2025-10-01 15:45:00-04:00,2025-10-01 15:45:00-04:00,668.78,668.93,-0.14999999999997726,0.13999999999998636,-1.0714285714285134,-16.999999999997726,stop
2025-10-01,-1,2025-10-01 15:55:00-04:00,2025-10-01 15:55:00-04:00,668.71,668.8739285714286,-0.1639285714285279,0.153928571428537,-1.0649651972157328,-18.39285714285279,stop
2025-10-02,1,2025-10-02 11:55:00-04:00,2025-10-02 12:05:00-04:00,668.06,667.7732142857143,-0.28678571428565647,0.27678571428566556,-1.036129032258038,-30.678571428565647,stop
2025-10-02,1,2025-10-02 12:55:00-04:00,2025-10-02 12:55:00-04:00,668.55,668.3385714285714,-0.21142857142854155,0.20142857142855064,-1.049645390070882,-23.142857142854155,stop
2025-10-02,1,2025-10-02 13:00:00-04:00,2025-10-02 13:00:00-04:00,668.43,668.2214285714285,-0.20857142857141753,0.19857142857142662,-1.0503597122301704,-22.857142857141753,stop
2025-10-03,1,2025-10-03 11:55:00-04:00,2025-10-03 12:50:00-04:00,672.24,672.0582142857143,-0.18178571428575196,0.17178571428576106,-1.0582120582119894,-20.178571428575196,stop
2025-10-03,-1,2025-10-03 13:05:00-04:00,2025-10-03 13:05:00-04:00,670.92,671.1114285714285,-0.19142857142855974,0.18142857142856883,-1.055118110236171,-21.142857142855974,stop
2025-10-03,1,2025-10-03 15:40:00-04:00,2025-10-03 15:40:00-04:00,670.04,669.8010714285714,-0.23892857142857338,0.22892857142858247,-1.043681747269849,-25.892857142857338,stop
2025-10-06,1,2025-10-06 11:20:00-04:00,2025-10-06 13:20:00-04:00,671.09,672.1114285714285,1.021428571428487,0.20428571428567466,5.000000000000557,100.1428571428487,target
2025-10-06,-1,2025-10-06 15:00:00-04:00,2025-10-06 15:55:00-04:00,672.1,671.59,0.5099999999999909,0.12107142857144026,4.2123893805304915,48.99999999999909,time
2025-10-07,1,2025-10-07 12:35:00-04:00,2025-10-07 12:45:00-04:00,669.2,668.8071428571429,-0.3928571428571104,0.38285714285711947,-1.0261194029850524,-41.28571428571104,stop
2025-10-07,-1,2025-10-07 14:00:00-04:00,2025-10-07 14:10:00-04:00,668.33,668.5892857142858,-0.2592857142857383,0.24928571428574742,-1.040114613180474,-27.928571428573832,stop
2025-10-07,-1,2025-10-07 15:30:00-04:00,2025-10-07 15:30:00-04:00,668.5600000000001,668.72,-0.15999999999996817,0.14999999999997726,-1.0666666666666162,-17.999999999996817,stop
2025-10-08,1,2025-10-08 11:15:00-04:00,2025-10-08 14:10:00-04:00,672.14,673.1132142857143,0.9732142857143344,0.1946428571428669,5.0,95.32142857143344,target
2025-10-08,1,2025-10-08 14:15:00-04:00,2025-10-08 14:25:00-04:00,672.99,672.8475,-0.14250000000004093,0.13250000000005002,-1.0754716981131105,-16.250000000004093,stop
2025-10-09,-1,2025-10-09 11:35:00-04:00,2025-10-09 11:35:00-04:00,670.3100000000001,670.584642857143,-0.2746428571429078,0.2646428571429169,-1.037786774628837,-29.46428571429078,stop
2025-10-09,-1,2025-10-09 12:55:00-04:00,2025-10-09 15:20:00-04:00,670.33,670.5667857142857,-0.23678571428570194,0.22678571428571104,-1.044094488188937,-25.678571428570194,stop
2025-10-10,-1,2025-10-10 12:50:00-04:00,2025-10-10 13:35:00-04:00,659.77,660.6514285714286,-0.8814285714286143,0.8714285714286234,-1.0114754098360546,-90.14285714286143,stop
2025-10-10,-1,2025-10-10 14:35:00-04:00,2025-10-10 15:25:00-04:00,658.62,656.1271428571429,2.492857142857133,0.49857142857138115,5.000000000000456,247.2857142857133,target
2025-10-13,1,2025-10-13 12:20:00-04:00,2025-10-13 12:20:00-04:00,663.7,663.4039285714287,-0.2960714285713948,0.2860714285714039,-1.0349563046191972,-31.60714285713948,stop
2025-10-13,1,2025-10-13 12:35:00-04:00,2025-10-13 12:35:00-04:00,663.76,663.4242857142857,-0.33571428571428896,0.32571428571429806,-1.0307017543859358,-35.571428571428896,stop
2025-10-13,1,2025-10-13 13:00:00-04:00,2025-10-13 13:10:00-04:00,664.26,663.9242857142857,-0.33571428571428896,0.32571428571429806,-1.0307017543859358,-35.571428571428896,stop
2025-10-14,1,2025-10-14 11:45:00-04:00,2025-10-14 12:20:00-04:00,661.35,663.6071428571429,2.257142857142867,0.45142857142855064,5.000000000000252,223.7142857142867,target
2025-10-14,1,2025-10-14 13:50:00-04:00,2025-10-14 13:55:00-04:00,665.49,665.1578571428572,-0.3321428571427987,0.32214285714280777,-1.0310421286030806,-35.21428571427987,stop
2025-10-14,-1,2025-10-14 14:40:00-04:00,2025-10-14 14:45:00-04:00,664.52,664.8057142857142,-0.28571428571422075,0.27571428571422985,-1.0362694300517878,-30.571428571422075,stop
2025-10-15,-1,2025-10-15 12:50:00-04:00,2025-10-15 13:05:00-04:00,664.61,662.3242857142857,2.2857142857143344,0.45714285714291236,4.999999999999503,226.57142857143344,target
2025-10-15,1,2025-10-15 14:55:00-04:00,2025-10-15 15:05:00-04:00,665.5,665.1517857142858,-0.34821428571422075,0.33821428571422985,-1.0295670538542547,-36.821428571422075,stop
2025-10-15,-1,2025-10-15 15:40:00-04:00,2025-10-15 15:40:00-04:00,664.07,664.37,-0.2999999999999545,0.2899999999999636,-1.0344827586206626,-31.999999999995453,stop
2025-10-16,-1,2025-10-16 14:05:00-04:00,2025-10-16 15:10:00-04:00,660.21,660.8942857142857,-0.6842857142856928,0.6742857142857019,-1.014830508474563,-70.42857142856928,stop
2025-10-16,1,2025-10-16 15:55:00-04:00,2025-10-16 15:55:00-04:00,660.87,660.3346428571429,-0.5353571428571513,0.5253571428571604,-1.0190346702923,-55.53571428571513,stop
2025-10-17,1,2025-10-17 11:50:00-04:00,2025-10-17 13:20:00-04:00,661.28,660.5707142857143,-0.7092857142856701,0.6992857142856792,-1.0143003064351257,-72.92857142856701,stop
2025-10-17,1,2025-10-17 13:55:00-04:00,2025-10-17 13:55:00-04:00,662.85,662.3075,-0.5425000000000182,0.5325000000000273,-1.0187793427229868,-56.25000000000182,stop
2025-10-17,1,2025-10-17 15:15:00-04:00,2025-10-17 15:15:00-04:00,665.41,665.0839285714286,-0.3260714285713675,0.3160714285713766,-1.0316384180790725,-34.60714285713675,stop
2025-10-20,-1,2025-10-20 12:15:00-04:00,2025-10-20 12:15:00-04:00,670.33,670.5657142857143,-0.23571428571426623,0.22571428571427532,-1.0443037974683163,-25.571428571426623,stop
2025-10-20,1,2025-10-20 13:00:00-04:00,2025-10-20 13:40:00-04:00,671.04,672.1025,1.0625,0.21249999999997726,5.000000000000535,104.25,target
2025-10-20,1,2025-10-20 14:10:00-04:00,2025-10-20 14:10:00-04:00,672.15,671.9942857142858,-0.1557142857142253,0.1457142857142344,-1.068627450980354,-17.57142857142253,stop
2025-10-21,1,2025-10-21 12:35:00-04:00,2025-10-21 12:35:00-04:00,672.76,672.5635714285714,-0.1964285714285552,0.18642857142856428,-1.0536398467432484,-21.64285714285552,stop
2025-10-21,1,2025-10-21 12:50:00-04:00,2025-10-21 12:50:00-04:00,672.84,672.6564285714286,-0.18357142857144026,0.17357142857144936,-1.0576131687242205,-20.357142857144026,stop
2025-10-21,-1,2025-10-21 14:55:00-04:00,2025-10-21 14:55:00-04:00,671.84,672.0257142857143,-0.1857142857143117,0.1757142857143208,-1.056910569105628,-20.57142857143117,stop
2025-10-22,-1,2025-10-22 12:25:00-04:00,2025-10-22 12:25:00-04:00,667.45,667.8910714285714,-0.4410714285713766,0.4310714285713857,-1.023198011598987,-46.10714285713766,stop
2025-10-22,-1,2025-10-22 12:35:00-04:00,2025-10-22 12:35:00-04:00,666.9300000000001,667.4525000000001,-0.5225000000000364,0.5125000000000455,-1.0195121951219317,-54.25000000000364,stop
2025-10-22,-1,2025-10-22 13:15:00-04:00,2025-10-22 15:05:00-04:00,666.13,666.7364285714285,-0.6064285714285234,0.5964285714285325,-1.016766467065854,-62.642857142852336,stop
2025-10-23,-1,2025-10-23 11:45:00-04:00,2025-10-23 11:45:00-04:00,668.91,669.2724999999999,-0.3624999999999545,0.3524999999999636,-1.0283687943262183,-38.24999999999545,stop
2025-10-23,1,2025-10-23 13:40:00-04:00,2025-10-23 14:15:00-04:00,672.18,671.9053571428572,-0.27464285714279413,0.2646428571428032,-1.0377867746288532,-29.464285714279413,stop
2025-10-23,1,2025-10-23 14:55:00-04:00,2025-10-23 14:55:00-04:00,672.64,672.4828571428571,-0.15714285714284415,0.14714285714285325,-1.0679611650484837,-17.714285714284415,stop
2025-10-24,-1,2025-10-24 12:35:00-04:00,2025-10-24 12:45:00-04:00,677.69,677.8860714285714,-0.19607142857137205,0.18607142857138115,-1.0537428023032278,-21.607142857137205,stop
2025-10-24,-1,2025-10-24 14:50:00-04:00,2025-10-24 14:55:00-04:00,677.98,678.1014285714285,-0.12142857142850971,0.11142857142851881,-1.0897435897435506,-14.142857142850971,stop
2025-10-27,1,2025-10-27 12:55:00-04:00,2025-10-27 12:55:00-04:00,683.84,683.7196428571428,-0.12035714285718768,0.11035714285719678,-1.0906148867312648,-14.035714285718768,stop
2025-10-27,-1,2025-10-27 13:20:00-04:00,2025-10-27 13:30:00-04:00,683.41,683.52,-0.11000000000001364,0.10000000000002274,-1.0999999999998864,-13.000000000001364,stop
2025-10-27,1,2025-10-27 14:45:00-04:00,2025-10-27 14:50:00-04:00,684.08,683.9910714285714,-0.08892857142859611,0.07892857142860521,-1.126696832579016,-10.892857142859611,stop
2025-10-28,-1,2025-10-28 11:25:00-04:00,2025-10-28 12:00:00-04:00,685.58,685.7857142857143,-0.2057142857142935,0.1957142857143026,-1.051094890510898,-22.57142857142935,stop
2025-10-28,1,2025-10-28 13:50:00-04:00,2025-10-28 14:15:00-04:00,687.45,688.325,0.875,0.17499999999995453,5.000000000001299,85.5,target
2025-10-28,1,2025-10-28 15:25:00-04:00,2025-10-28 15:35:00-04:00,688.34,688.1978571428572,-0.1421428571428578,0.1321428571428669,-1.0756756756756012,-16.21428571428578,stop
2025-10-29,-1,2025-10-29 12:05:00-04:00,2025-10-29 12:05:00-04:00,687.62,687.8267857142857,-0.20678571428572923,0.19678571428573832,-1.0508166969146482,-22.678571428572923,stop
2025-10-29,-1,2025-10-29 13:25:00-04:00,2025-10-29 13:50:00-04:00,688.2,688.3535714285715,-0.15357142857146755,0.14357142857147664,-1.0696517412934456,-17.357142857146755,stop
2025-10-29,1,2025-10-29 14:35:00-04:00,2025-10-29 14:35:00-04:00,688.48,688.1485714285715,-0.3314285714285461,0.3214285714285552,-1.0311111111110844,-35.14285714285461,stop
2025-10-30,-1,2025-10-30 11:40:00-04:00,2025-10-30 12:00:00-04:00,683.7,684.1178571428571,-0.41785714285708764,0.40785714285709673,-1.024518388791574,-43.785714285708764,stop
2025-10-30,-1,2025-10-30 13:10:00-04:00,2025-10-30 13:20:00-04:00,683.5,683.8132142857143,-0.3132142857142526,0.3032142857142617,-1.0329799764428467,-33.32142857142526,stop
2025-10-30,-1,2025-10-30 14:15:00-04:00,2025-10-30 14:20:00-04:00,682.9300000000001,683.2307142857144,-0.3007142857143208,0.2907142857143299,-1.034398034397998,-32.07142857143208,stop
2025-10-31,-1,2025-10-31 11:40:00-04:00,2025-10-31 11:40:00-04:00,683.01,683.2967857142856,-0.28678571428565647,0.27678571428566556,-1.036129032258038,-30.678571428565647,stop
2025-10-31,-1,2025-10-31 11:45:00-04:00,2025-10-31 11:45:00-04:00,683.4,683.7003571428571,-0.30035714285713766,0.29035714285714675,-1.0344403444034123,-32.035714285713766,stop
2025-10-31,1,2025-10-31 14:05:00-04:00,2025-10-31 15:20:00-04:00,681.75,683.6125,1.8624999999999545,0.37249999999994543,5.00000000000061,184.24999999999545,target
2025-11-03,1,2025-11-03 12:00:00-05:00,2025-11-03 12:00:00-05:00,683.42,683.0575,-0.3624999999999545,0.3524999999999636,-1.0283687943262183,-38.24999999999545,stop
2025-11-03,1,2025-11-03 12:10:00-05:00,2025-11-03 12:25:00-05:00,683.46,683.1089285714286,-0.35107142857145845,0.34107142857146755,-1.0293193717277187,-37.107142857145845,stop
2025-11-03,1,2025-11-03 13:10:00-05:00,2025-11-03 13:20:00-05:00,684.09,683.8339285714286,-0.25607142857143117,0.24607142857144026,-1.0406386066763036,-27.607142857143117,stop
2025-11-04,-1,2025-11-04 12:05:00-05:00,2025-11-04 12:20:00-05:00,677.6,675.8803571428572,1.7196428571428442,0.34392857142859157,4.99999999999967,169.96428571428442,target
2025-11-04,1,2025-11-04 14:05:00-05:00,2025-11-04 14:05:00-05:00,676.62,676.2678571428571,-0.3521428571428942,0.34214285714290327,-1.029227557411243,-37.21428571428942,stop
2025-11-04,-1,2025-11-04 14:45:00-05:00,2025-11-04 14:55:00-05:00,674.88,675.2642857142857,-0.3842857142857383,0.3742857142857474,-1.0267175572518816,-40.42857142857383,stop
2025-11-05,1,2025-11-05 11:30:00-05:00,2025-11-05 12:35:00-05:00,678.28,680.4246428571428,2.1446428571427987,0.42892857142851426,5.00000000000053,212.46428571427987,target
2025-11-05,1,2025-11-05 13:40:00-05:00,2025-11-05 13:40:00-05:00,680.87,680.6732142857143,-0.19678571428573832,0.18678571428574742,-1.0535372848947793,-21.678571428573832,stop
2025-11-05,-1,2025-11-05 14:10:00-05:00,2025-11-05 14:10:00-05:00,679.85,680.035,-0.18499999999994543,0.17499999999995453,-1.05714285714282,-20.499999999994543,stop
2025-11-06,-1,2025-11-06 11:40:00-05:00,2025-11-06 12:10:00-05:00,670.03,670.5839285714285,-0.5539285714285143,0.5439285714285234,-1.0183847669074044,-57.392857142851426,stop
2025-11-06,-1,2025-11-06 12:25:00-05:00,2025-11-06 12:30:00-05:00,669.19,669.7110714285715,-0.5210714285714175,0.5110714285714266,-1.019566736547851,-54.10714285714175,stop
2025-11-06,1,2025-11-06 12:45:00-05:00,2025-11-06 13:05:00-05:00,670.62,670.1296428571429,-0.49035714285707854,0.48035714285708764,-1.0208178438661544,-51.035714285707854,stop
2025-11-07,-1,2025-11-07 12:00:00-05:00,2025-11-07 12:10:00-05:00,661.96,662.4185714285715,-0.4585714285714175,0.4485714285714266,-1.0222929936305531,-47.85714285714175,stop
2025-11-07,1,2025-11-07 12:25:00-05:00,2025-11-07 12:35:00-05:00,663.84,663.3610714285714,-0.4789285714285825,0.46892857142859157,-1.021325209444001,-49.89285714285825,stop
2025-11-07,1,2025-11-07 14:15:00-05:00,2025-11-07 14:15:00-05:00,666.3,665.9053571428572,-0.3946428571427987,0.38464285714280777,-1.0259981429897662,-41.46428571427987,stop
2025-11-10,1,2025-11-10 13:50:00-05:00,2025-11-10 13:50:00-05:00,680.5,680.2739285714285,-0.22607142857145845,0.21607142857146755,-1.0462809917354867,-24.607142857145845,stop
2025-11-10,1,2025-11-10 14:30:00-05:00,2025-11-10 14:30:00-05:00,680.79,680.5789285714286,-0.2110714285713584,0.2010714285713675,-1.0497335701598278,-23.10714285713584,stop
2025-11-10,1,2025-11-10 14:40:00-05:00,2025-11-10 15:05:00-05:00,680.79,681.7453571428571,0.9553571428571104,0.1910714285713766,5.00000000000119,93.53571428571104,target
2025-11-11,1,2025-11-11 14:55:00-05:00,2025-11-11 14:55:00-05:00,683.31,683.0935714285714,-0.216428571428537,0.2064285714285461,-1.0484429065743563,-23.6428571428537,stop
2025-11-11,-1,2025-11-11 15:30:00-05:00,2025-11-11 15:40:00-05:00,682.89,683.0799999999999,-0.18999999999994088,0.17999999999994998,-1.0555555555555205,-20.99999999999409,stop
2025-11-12,-1,2025-11-12 11:50:00-05:00,2025-11-12 11:50:00-05:00,681.29,681.6560714285714,-0.3660714285714448,0.3560714285714539,-1.0280842527582472,-38.60714285714448,stop
2025-11-12,1,2025-11-12 12:40:00-05:00,2025-11-12 12:45:00-05:00,683.5,683.1146428571428,-0.38535714285717404,0.37535714285718313,-1.0266412940056817,-40.535714285717404,stop
2025-11-12,-1,2025-11-12 14:15:00-05:00,2025-11-12 14:20:00-05:00,682.97,683.2210714285715,-0.2510714285714357,0.2410714285714448,-1.041481481481441,-27.10714285714357,stop
2025-11-13,-1,2025-11-13 11:45:00-05:00,2025-11-13 11:45:00-05:00,674.5,675.0328571428571,-0.5328571428570967,0.5228571428571058,-1.0191256830600932,-55.28571428570967,stop
2025-11-13,-1,2025-11-13 13:00:00-05:00,2025-11-13 13:05:00-05:00,674.15,674.615,-0.46500000000003183,0.4550000000000409,-1.021978021978,-48.50000000000318,stop
2025-11-13,1,2025-11-13 14:30:00-05:00,2025-11-13 14:30:00-05:00,673.52,673.0967857142857,-0.4232142857142662,0.4132142857142753,-1.0242005185825196,-44.32142857142662,stop
2025-11-14,1,2025-11-14 11:40:00-05:00,2025-11-14 11:40:00-05:00,674.74,674.1457142857143,-0.594285714285661,0.5842857142856701,-1.0171149144254137,-61.4285714285661,stop
2025-11-14,1,2025-11-14 12:40:00-05:00,2025-11-14 12:40:00-05:00,675.5,675.0539285714286,-0.44607142857137205,0.43607142857138115,-1.0229320229320045,-46.607142857137205,stop
2025-11-14,-1,2025-11-14 12:50:00-05:00,2025-11-14 12:55:00-05:00,673.95,674.3728571428571,-0.4228571428570831,0.4128571428570922,-1.0242214532871783,-44.28571428570831,stop
2025-11-17,-1,2025-11-17 12:45:00-05:00,2025-11-17 13:00:00-05:00,670.91,669.0082142857143,1.9017857142856656,0.3803571428571786,4.999999999999402,188.17857142856656,target
2025-11-17,-1,2025-11-17 14:00:00-05:00,2025-11-17 14:35:00-05:00,666.5600000000001,664.2314285714286,2.328571428571422,0.4657142857142844,5.0,230.8571428571422,target
2025-11-17,1,2025-11-17 15:50:00-05:00,2025-11-17 15:50:00-05:00,664.9,664.4067857142857,-0.49321428571431625,0.48321428571432534,-1.0206947524020489,-51.321428571431625,stop
2025-11-18,1,2025-11-18 11:25:00-05:00,2025-11-18 12:25:00-05:00,660.27,659.4828571428571,-0.7871428571428396,0.7771428571428487,-1.012867647058812,-80.71428571428396,stop
2025-11-18,1,2025-11-18 13:55:00-05:00,2025-11-18 13:55:00-05:00,664.4399999999999,663.8599999999999,-0.5800000000000409,0.57000000000005,-1.0175438596491053,-60.00000000000409,stop
2025-11-18,-1,2025-11-18 14:00:00-05:00,2025-11-18 14:00:00-05:00,663.04,663.6274999999999,-0.5874999999999773,0.5774999999999864,-1.017316017316002,-60.749999999997726,stop
2025-11-19,-1,2025-11-19 12:05:00-05:00,2025-11-19 12:50:00-05:00,661.07,661.6360714285714,-0.5660714285713766,0.5560714285713857,-1.0179833012202806,-58.60714285713766,stop
2025-11-19,-1,2025-11-19 14:30:00-05:00,2025-11-19 14:50:00-05:00,659.78,660.3439285714285,-0.5639285714285052,0.5539285714285143,-1.0180528691166844,-58.39285714285052,stop
2025-11-20,1,2025-11-20 13:15:00-05:00,2025-11-20 13:15:00-05:00,661.83,660.695,-1.134999999999991,1.125,-1.0088888888888807,-115.49999999999909,stop
2025-11-20,-1,2025-11-20 13:55:00-05:00,2025-11-20 13:55:00-05:00,654.35,655.2507142857143,-0.9007142857142298,0.8907142857142389,-1.0112269446671918,-92.07142857142298,stop
2025-11-20,1,2025-11-20 14:55:00-05:00,2025-11-20 15:00:00-05:00,656.77,656.0078571428571,-0.7621428571428623,0.7521428571428714,-1.0132953466286676,-78.21428571428623,stop
2025-11-21,-1,2025-11-21 13:05:00-05:00,2025-11-21 13:30:00-05:00,658.54,659.2075,-0.6675000000000182,0.6575000000000273,-1.0152091254752706,-68.75000000000182,stop
2025-11-21,-1,2025-11-21 14:55:00-05:00,2025-11-21 15:55:00-05:00,661.55,659.05,2.5,0.7317857142857065,3.4163006344558684,248.0,time
2025-11-24,-1,2025-11-24 12:10:00-05:00,2025-11-24 12:15:00-05:00,667.07,667.4021428571428,-0.3321428571427987,0.32214285714280777,-1.0310421286030806,-35.21428571427987,stop
2025-11-24,1,2025-11-24 12:40:00-05:00,2025-11-24 14:30:00-05:00,668.8199999999999,668.4949999999999,-0.3250000000000455,0.31500000000005457,-1.0317460317459974,-34.50000000000455,stop
2025-11-25,1,2025-11-25 11:35:00-05:00,2025-11-25 12:20:00-05:00,670.7,673.3571428571429,2.657142857142844,0.5314285714285916,4.999999999999786,263.7142857142844,target
2025-11-25,1,2025-11-25 13:50:00-05:00,2025-11-25 13:55:00-05:00,674.22,673.9589285714286,-0.2610714285714266,0.2510714285714357,-1.0398293029871604,-28.107142857142662,stop
2025-11-25,-1,2025-11-25 14:20:00-05:00,2025-11-25 14:20:00-05:00,673.03,673.2757142857142,-0.24571428571425713,0.23571428571426623,-1.0424242424242074,-26.571428571425713,stop
2025-11-26,-1,2025-11-26 13:10:00-05:00,2025-11-26 13:10:00-05:00,680.3,680.6067857142857,-0.30678571428575196,0.29678571428576106,-1.0336943441636224,-32.6785714285752,stop
2025-11-26,1,2025-11-26 15:15:00-05:00,2025-11-26 15:15:00-05:00,681.42,681.1707142857142,-0.24928571428574742,0.2392857142857565,-1.041791044776074,-26.92857142857474,stop
2025-11-26,-1,2025-11-26 15:55:00-05:00,2025-11-26 15:55:00-05:00,680.26,679.64,0.6200000000000045,0.22964285714283506,2.699844479004945,60.000000000000455,time
2025-12-01,1,2025-12-01 11:45:00-05:00,2025-12-01 12:15:00-05:00,682.0699999999999,681.6696428571428,-0.4003571428571604,0.3903571428571695,-1.0256175663311735,-42.03571428571604,stop
2025-12-01,1,2025-12-01 12:45:00-05:00,2025-12-01 12:50:00-05:00,682.59,682.3121428571429,-0.2778571428571013,0.2678571428571104,-1.037333333333304,-29.785714285710128,stop
2025-12-01,1,2025-12-01 13:15:00-05:00,2025-12-01 13:15:00-05:00,682.63,682.3846428571429,-0.245357142857074,0.2353571428570831,-1.0424886191198508,-26.5357142857074,stop
2025-12-02,1,2025-12-02 12:20:00-05:00,2025-12-02 12:50:00-05:00,682.1899999999999,681.6949999999999,-0.49500000000000455,0.48500000000001364,-1.0206185567010115,-51.500000000000455,stop
2025-12-02,-1,2025-12-02 13:00:00-05:00,2025-12-02 13:00:00-05:00,680.12,680.505,-0.3849999999999909,0.375,-1.0266666666666424,-40.49999999999909,stop
2025-12-02,1,2025-12-02 14:05:00-05:00,2025-12-02 14:20:00-05:00,681.67,681.2932142857143,-0.3767857142856883,0.3667857142856974,-1.0272638753651175,-39.67857142856883,stop
2025-12-03,1,2025-12-03 11:35:00-05:00,2025-12-03 11:45:00-05:00,683.38,682.9846428571428,-0.39535714285716494,0.38535714285717404,-1.0259499536607712,-41.535714285716494,stop
2025-12-03,1,2025-12-03 13:40:00-05:00,2025-12-03 13:55:00-05:00,684.13,683.9492857142857,-0.18071428571431625,0.17071428571432534,-1.0585774058576738,-20.071428571431625,stop
2025-12-03,1,2025-12-03 14:45:00-05:00,2025-12-03 14:45:00-05:00,684.58,684.4164285714286,-0.16357142857145845,0.15357142857146755,-1.0651162790696918,-18.357142857145845,stop
2025-12-04,1,2025-12-04 11:55:00-05:00,2025-12-04 12:05:00-05:00,684.23,683.8725000000001,-0.3574999999999591,0.34749999999996817,-1.0287769784172427,-37.74999999999591,stop
2025-12-04,1,2025-12-04 12:55:00-05:00,2025-12-04 13:00:00-05:00,684.45,684.1846428571429,-0.2653571428571695,0.2553571428571786,-1.039160839160798,-28.53571428571695,stop
2025-12-04,-1,2025-12-04 13:10:00-05:00,2025-12-04 13:10:00-05:00,683.77,684.0124999999999,-0.24249999999994998,0.23249999999995907,-1.0430107526881405,-26.249999999994998,stop
2025-12-05,-1,2025-12-05 12:35:00-05:00,2025-12-05 12:35:00-05:00,685.0,685.3078571428571,-0.307857142857074,0.2978571428570831,-1.0335731414867868,-32.7857142857074,stop
2025-12-05,1,2025-12-05 12:55:00-05:00,2025-12-05 12:55:00-05:00,686.38,686.0839285714286,-0.2960714285713948,0.2860714285714039,-1.0349563046191972,-31.60714285713948,stop
2025-12-05,-1,2025-12-05 14:25:00-05:00,2025-12-05 14:25:00-05:00,685.75,685.9875,-0.23749999999995453,0.22749999999996362,-1.043956043956011,-25.749999999995453,stop
2025-12-08,-1,2025-12-08 12:05:00-05:00,2025-12-08 12:05:00-05:00,682.73,683.0060714285714,-0.276071428571413,0.2660714285714221,-1.0375838926174163,-29.607142857141298,stop
2025-12-08,-1,2025-12-08 12:15:00-05:00,2025-12-08 12:15:00-05:00,682.87,683.14,-0.2699999999999818,0.2599999999999909,-1.0384615384615048,-28.99999999999818,stop
2025-12-08,1,2025-12-08 12:55:00-05:00,2025-12-08 13:25:00-05:00,683.49,683.2367857142857,-0.25321428571430715,0.24321428571431625,-1.0411160058736726,-27.321428571430715,stop
2025-12-09,-1,2025-12-09 12:20:00-05:00,2025-12-09 12:30:00-05:00,684.63,684.8357142857143,-0.2057142857142935,0.1957142857143026,-1.051094890510898,-22.57142857142935,stop
2025-12-09,-1,2025-12-09 13:45:00-05:00,2025-12-09 13:45:00-05:00,683.67,683.8567857142857,-0.18678571428574742,0.1767857142857565,-1.0565656565655916,-20.67857142857474,stop
2025-12-09,-1,2025-12-09 14:45:00-05:00,2025-12-09 14:50:00-05:00,683.38,683.5582142857143,-0.17821428571426168,0.16821428571427077,-1.0594479830148131,-19.821428571426168,stop
2025-12-10,-1,2025-12-10 12:20:00-05:00,2025-12-10 12:20:00-05:00,683.11,683.3303571428571,-0.22035714285709673,0.21035714285710583,-1.0475382003395237,-24.035714285709673,stop
2025-12-10,1,2025-12-10 12:55:00-05:00,2025-12-10 12:55:00-05:00,683.91,683.7142857142857,-0.1957142857143026,0.1857142857143117,-1.0538461538460973,-21.57142857143026,stop
2025-12-11,-1,2025-12-11 11:30:00-05:00,2025-12-11 11:30:00-05:00,684.6,685.0757142857143,-0.4757142857142753,0.4657142857142844,-1.0214723926380174,-49.57142857142753,stop
2025-12-11,1,2025-12-11 11:45:00-05:00,2025-12-11 11:50:00-05:00,686.49,686.0071428571429,-0.4828571428571422,0.4728571428571513,-1.0211480362537568,-50.28571428571422,stop
2025-12-11,1,2025-12-11 12:15:00-05:00,2025-12-11 14:35:00-05:00,686.73,688.887142857143,2.157142857142958,0.43142857142856883,5.000000000000264,213.71428571429578,target
2025-12-12,1,2025-12-12 12:10:00-05:00,2025-12-12 12:30:00-05:00,681.55,680.9328571428571,-0.6171428571428805,0.6071428571428896,-1.0164705882352782,-63.71428571428805,stop
2025-12-12,1,2025-12-12 13:15:00-05:00,2025-12-12 13:20:00-05:00,683.66,683.2232142857142,-0.4367857142857474,0.4267857142857565,-1.0234309623430726,-45.67857142857474,stop
2025-12-12,-1,2025-12-12 14:05:00-05:00,2025-12-12 15:30:00-05:00,682.41,680.6367857142857,1.773214285714289,0.35464285714283506,5.000000000000321,175.3214285714289,target
2025-12-15,-1,2025-12-15 12:55:00-05:00,2025-12-15 12:55:00-05:00,679.98,680.3732142857143,-0.3932142857142935,0.3832142857143026,-1.0260950605777943,-41.32142857142935,stop
2025-12-15,-1,2025-12-15 13:25:00-05:00,2025-12-15 13:30:00-05:00,679.83,680.2117857142857,-0.38178571428568375,0.37178571428569285,-1.026897214217076,-40.178571428568375,stop
2025-12-15,1,2025-12-15 15:00:00-05:00,2025-12-15 15:00:00-05:00,681.7,681.4275,-0.2725000000000364,0.2625000000000455,-1.0380952380951969,-29.250000000003638,stop
2025-12-16,1,2025-12-16 12:15:00-05:00,2025-12-16 12:20:00-05:00,678.59,678.1278571428572,-0.46214285714279413,0.4521428571428032,-1.0221169036334739,-48.21428571427941,stop
2025-12-16,-1,2025-12-16 12:45:00-05:00,2025-12-16 13:35:00-05:00,676.73,677.2067857142857,-0.47678571428571104,0.46678571428572013,-1.0214231063504011,-49.678571428571104,stop
2025-12-16,1,2025-12-16 15:05:00-05:00,2025-12-16 15:10:00-05:00,678.71,678.3189285714286,-0.3910714285714221,0.38107142857143117,-1.0262417994376516,-41.10714285714221,stop
2025-12-17,1,2025-12-17 12:25:00-05:00,2025-12-17 12:25:00-05:00,675.03,674.4607142857143,-0.5692857142856838,0.5592857142856928,-1.0178799489144161,-58.928571428568375,stop
2025-12-17,-1,2025-12-17 13:40:00-05:00,2025-12-17 14:50:00-05:00,672.85,673.2285714285714,-0.3785714285713766,0.3685714285713857,-1.027131782945715,-39.85714285713766,stop
2025-12-17,1,2025-12-17 14:55:00-05:00,2025-12-17 15:00:00-05:00,673.13,672.8446428571428,-0.2853571428571513,0.2753571428571604,-1.036316472114102,-30.53571428571513,stop
2025-12-18,-1,2025-12-18 12:00:00-05:00,2025-12-18 12:05:00-05:00,679.54,678.1328571428571,1.4071428571428442,0.28142857142859157,4.999999999999596,138.71428571428442,target
2025-12-18,1,2025-12-18 13:40:00-05:00,2025-12-18 13:40:00-05:00,679.4399999999999,679.0446428571428,-0.39535714285716494,0.38535714285717404,-1.0259499536607712,-41.535714285716494,stop
2025-12-18,-1,2025-12-18 14:05:00-05:00,2025-12-18 14:05:00-05:00,676.76,677.1285714285714,-0.3685714285713857,0.3585714285713948,-1.0278884462151168,-38.85714285713857,stop
2025-12-19,1,2025-12-19 11:20:00-05:00,2025-12-19 11:45:00-05:00,680.0,679.6092857142858,-0.39071428571423894,0.38071428571424804,-1.0262664165102977,-41.071428571423894,stop
2025-12-19,1,2025-12-19 12:20:00-05:00,2025-12-19 13:40:00-05:00,680.51,680.2367857142857,-0.27321428571428896,0.26321428571429806,-1.037991858887345,-29.321428571428896,stop
2025-12-19,-1,2025-12-19 15:15:00-05:00,2025-12-19 15:20:00-05:00,680.42,680.5721428571428,-0.1521428571428487,0.1421428571428578,-1.0703517587939055,-17.21428571428487,stop
2025-12-22,1,2025-12-22 12:55:00-05:00,2025-12-22 13:05:00-05:00,685.13,684.9903571428572,-0.13964285714280322,0.12964285714281232,-1.077134986225852,-15.964285714280322,stop
2025-12-22,1,2025-12-22 15:20:00-05:00,2025-12-22 15:20:00-05:00,685.01,684.8903571428572,-0.11964285714282141,0.10964285714283051,-1.0912052117263236,-13.964285714282141,stop
2025-12-22,1,2025-12-22 15:35:00-05:00,2025-12-22 15:35:00-05:00,685.04,684.9278571428571,-0.11214285714288508,0.10214285714289417,-1.0979020979019734,-13.214285714288508,stop
2025-12-23,1,2025-12-23 11:50:00-05:00,2025-12-23 13:20:00-05:00,686.77,687.4467857142857,0.6767857142857565,0.13535714285717404,4.99999999999916,65.67857142857565,target
2025-12-23,1,2025-12-23 15:05:00-05:00,2025-12-23 15:05:00-05:00,687.97,687.8885714285715,-0.08142857142854609,0.07142857142855519,-1.1399999999999044,-10.14285714285461,stop
2025-12-23,-1,2025-12-23 15:45:00-05:00,2025-12-23 15:45:00-05:00,687.73,687.8142857142857,-0.08428571428567011,0.0742857142856792,-1.1346153846153257,-10.428571428567011,stop
2025-12-26,-1,2025-12-26 12:15:00-05:00,2025-12-26 12:25:00-05:00,689.47,689.6435714285715,-0.17357142857144936,0.16357142857145845,-1.0611353711789726,-19.357142857144936,stop
2025-12-26,1,2025-12-26 13:40:00-05:00,2025-12-26 13:45:00-05:00,690.0,689.8532142857143,-0.1467857142856701,0.1367857142856792,-1.0731070496083073,-16.67857142856701,stop
2025-12-26,1,2025-12-26 15:35:00-05:00,2025-12-26 15:50:00-05:00,690.26,690.1760714285714,-0.08392857142860066,0.07392857142860976,-1.1352657004828985,-10.392857142860066,stop
2025-12-29,-1,2025-12-29 12:10:00-05:00,2025-12-29 12:55:00-05:00,686.8100000000001,687.0092857142857,-0.1992857142856792,0.1892857142856883,-1.0528301886792044,-21.92857142856792,stop
2025-12-29,1,2025-12-29 14:35:00-05:00,2025-12-29 14:55:00-05:00,687.78,688.4514285714286,0.6714285714285779,0.13428571428573832,4.999999999999154,65.14285714285779,target
2025-12-29,-1,2025-12-29 15:55:00-05:00,2025-12-29 15:55:00-05:00,687.63,687.7814285714286,-0.15142857142859611,0.1414285714286052,-1.0707070707069894,-17.14285714285961,stop
2025-12-30,-1,2025-12-30 12:00:00-05:00,2025-12-30 12:20:00-05:00,687.22,687.3992857142857,-0.1792857142856974,0.1692857142857065,-1.059071729957755,-19.92857142856974,stop
2025-12-30,1,2025-12-30 13:10:00-05:00,2025-12-30 13:20:00-05:00,687.74,687.5964285714286,-0.14357142857136296,0.13357142857137205,-1.0748663101603915,-16.357142857136296,stop
2025-12-30,1,2025-12-30 13:35:00-05:00,2025-12-30 13:35:00-05:00,687.87,687.7428571428571,-0.12714285714287143,0.11714285714288053,-1.0853658536584418,-14.714285714287143,stop
2025-12-31,1,2025-12-31 11:55:00-05:00,2025-12-31 12:05:00-05:00,685.1899999999999,685.0146428571428,-0.17535714285713766,0.16535714285714675,-1.0604751619869845,-19.535714285713766,stop
2025-12-31,1,2025-12-31 13:15:00-05:00,2025-12-31 13:15:00-05:00,685.33,685.1607142857143,-0.1692857142857065,0.15928571428571558,-1.0627802690582384,-18.92857142857065,stop
2025-12-31,1,2025-12-31 13:30:00-05:00,2025-12-31 14:00:00-05:00,685.38,686.0853571428571,0.7053571428571104,0.14107142857142208,5.0,68.53571428571104,target
2026-01-02,-1,2026-01-02 11:55:00-05:00,2026-01-02 11:55:00-05:00,680.5600000000001,681.1060714285715,-0.5460714285713948,0.5360714285714039,-1.0186542305129753,-56.60714285713948,stop
2026-01-02,-1,2026-01-02 13:15:00-05:00,2026-01-02 13:15:00-05:00,680.82,681.1571428571428,-0.33714285714279413,0.3271428571428032,-1.030567685589497,-35.71428571427941,stop
2026-01-02,-1,2026-01-02 13:50:00-05:00,2026-01-02 13:50:00-05:00,680.1800000000001,680.5178571428572,-0.3378571428571604,0.3278571428571695,-1.0305010893245885,-35.78571428571604,stop
2026-01-05,1,2026-01-05 11:40:00-05:00,2026-01-05 12:15:00-05:00,688.87,688.6317857142857,-0.2382142857143208,0.2282142857143299,-1.0438184663536292,-25.82142857143208,stop
2026-01-05,-1,2026-01-05 12:30:00-05:00,2026-01-05 12:30:00-05:00,688.35,688.5453571428571,-0.19535714285711947,0.18535714285712857,-1.0539499036608415,-21.535714285711947,stop
2026-01-05,-1,2026-01-05 13:20:00-05:00,2026-01-05 13:20:00-05:00,688.0,688.1996428571429,-0.19964285714286234,0.18964285714287143,-1.0527306967984416,-21.964285714286234,stop
2026-01-06,1,2026-01-06 12:10:00-05:00,2026-01-06 12:35:00-05:00,689.84,691.0578571428572,1.2178571428571558,0.2435714285713857,5.0000000000009335,119.78571428571558,target
2026-01-06,1,2026-01-06 13:45:00-05:00,2026-01-06 14:10:00-05:00,691.38,692.1157142857144,0.7357142857143799,0.14714285714285325,5.000000000000773,71.57142857143799,target
2026-01-06,1,2026-01-06 15:40:00-05:00,2026-01-06 15:40:00-05:00,692.1899999999999,692.0785714285714,-0.11142857142851881,0.1014285714285279,-1.0985915492957272,-13.14285714285188,stop
2026-01-07,1,2026-01-07 11:45:00-05:00,2026-01-07 12:50:00-05:00,693.22,692.9667857142857,-0.25321428571430715,0.24321428571431625,-1.0411160058736726,-27.321428571430715,stop
2026-01-07,-1,2026-01-07 12:55:00-05:00,2026-01-07 12:55:00-05:00,693.0600000000001,693.2242857142858,-0.16428571428571104,0.15428571428572013,-1.0648148148147534,-18.428571428571104,stop
2026-01-07,-1,2026-01-07 13:00:00-05:00,2026-01-07 13:20:00-05:00,692.98,692.2085714285714,0.7714285714286007,0.15428571428572013,5.0,75.14285714286007,target
2026-01-08,1,2026-01-08 12:20:00-05:00,2026-01-08 12:20:00-05:00,689.96,689.6567857142858,-0.3032142857142617,0.2932142857142708,-1.0341047503044773,-32.32142857142617,stop
2026-01-08,1,2026-01-08 12:45:00-05:00,2026-01-08 13:00:00-05:00,690.0699999999999,689.7942857142857,-0.27571428571422985,0.26571428571423894,-1.037634408602123,-29.571428571422985,stop
2026-01-08,1,2026-01-08 15:15:00-05:00,2026-01-08 15:15:00-05:00,689.28,689.0757142857143,-0.20428571428567466,0.19428571428568375,-1.0514705882352553,-22.428571428567466,stop
2026-01-09,1,2026-01-09 12:05:00-05:00,2026-01-09 12:10:00-05:00,694.23,693.9525,-0.27750000000003183,0.2675000000000409,-1.0373831775700537,-29.750000000003183,stop
2026-01-09,-1,2026-01-09 13:05:00-05:00,2026-01-09 13:05:00-05:00,693.7,693.8725000000001,-0.17250000000001364,0.16250000000002274,-1.061538461538397,-19.250000000001364,stop
2026-01-09,-1,2026-01-09 13:10:00-05:00,2026-01-09 13:10:00-05:00,693.49,693.6735714285714,-0.18357142857144026,0.17357142857144936,-1.0576131687242205,-20.357142857144026,stop
2026-01-12,-1,2026-01-12 12:40:00-05:00,2026-01-12 12:40:00-05:00,694.16,694.327857142857,-0.16785714285708764,0.15785714285709673,-1.0633484162895537,-18.785714285708764,stop
2026-01-12,1,2026-01-12 14:20:00-05:00,2026-01-12 14:50:00-05:00,695.38,695.8871428571429,0.5071428571428669,0.1014285714285279,5.000000000002242,48.71428571428669,target
2026-01-13,1,2026-01-13 11:45:00-05:00,2026-01-13 12:15:00-05:00,694.6,694.2696428571429,-0.3303571428571104,0.32035714285711947,-1.031215161649918,-35.03571428571104,stop
2026-01-13,-1,2026-01-13 12:45:00-05:00,2026-01-13 12:45:00-05:00,693.69,693.9842857142858,-0.2942857142857065,0.2842857142857156,-1.0351758793969528,-31.42857142857065,stop
2026-01-13,-1,2026-01-13 12:50:00-05:00,2026-01-13 13:00:00-05:00,693.9300000000001,692.5032142857143,1.4267857142857565,0.2853571428571513,5.0,140.67857142857565,target
2026-01-14,1,2026-01-14 13:30:00-05:00,2026-01-14 13:30:00-05:00,687.6,687.2921428571428,-0.3078571428571877,0.2978571428571968,-1.033573141486774,-32.78571428571877,stop
2026-01-14,1,2026-01-14 13:55:00-05:00,2026-01-14 15:00:00-05:00,687.8,687.4603571428571,-0.3396428571428487,0.3296428571428578,-1.0303358613217493,-35.96428571428487,stop
2026-01-14,1,2026-01-14 15:05:00-05:00,2026-01-14 15:05:00-05:00,688.36,689.6171428571429,1.2571428571428669,0.25142857142861885,4.999999999999096,123.71428571428669,target
2026-01-15,1,2026-01-15 12:05:00-05:00,2026-01-15 12:10:00-05:00,695.38,695.1075,-0.2725000000000364,0.2625000000000455,-1.0380952380951969,-29.250000000003638,stop
2026-01-15,-1,2026-01-15 12:30:00-05:00,2026-01-15 12:30:00-05:00,694.44,694.6575,-0.21749999999997272,0.2074999999999818,-1.0481927710842978,-23.74999999999727,stop
2026-01-15,1,2026-01-15 13:35:00-05:00,2026-01-15 13:35:00-05:00,695.1,694.88,-0.22000000000002728,0.21000000000003638,-1.0476190476189962,-24.00000000000273,stop
2026-01-16,-1,2026-01-16 12:50:00-05:00,2026-01-16 12:55:00-05:00,692.26,692.4839285714286,-0.22392857142858702,0.21392857142859611,-1.0467445742904362,-24.392857142858702,stop
2026-01-16,-1,2026-01-16 15:30:00-05:00,2026-01-16 15:35:00-05:00,692.14,692.3235714285714,-0.18357142857144026,0.17357142857144936,-1.0576131687242205,-20.357142857144026,stop
2026-01-16,-1,2026-01-16 15:45:00-05:00,2026-01-16 15:50:00-05:00,692.0,692.18,-0.17999999999994998,0.16999999999995907,-1.0588235294117254,-19.999999999994998,stop
2026-01-20,-1,2026-01-20 11:45:00-05:00,2026-01-20 11:50:00-05:00,682.95,683.3910714285714,-0.4410714285713766,0.4310714285713857,-1.023198011598987,-46.10714285713766,stop
2026-01-20,-1,2026-01-20 15:10:00-05:00,2026-01-20 15:10:00-05:00,677.46,677.7571428571429,-0.2971428571428305,0.2871428571428396,-1.0348258706467366,-31.71428571428305,stop
2026-01-20,-1,2026-01-20 15:25:00-05:00,2026-01-20 15:25:00-05:00,677.16,677.4928571428571,-0.33285714285716494,0.32285714285717404,-1.0309734513274025,-35.285714285716494,stop
2026-01-21,-1,2026-01-21 11:40:00-05:00,2026-01-21 11:40:00-05:00,681.84,682.2139285714286,-0.3739285714285643,0.3639285714285734,-1.0274779195289248,-39.39285714285643,stop
2026-01-21,1,2026-01-21 13:50:00-05:00,2026-01-21 13:55:00-05:00,681.12,680.6103571428572,-0.5096428571428078,0.49964285714281687,-1.0200142959256446,-52.96428571428078,stop
2026-01-21,1,2026-01-21 14:30:00-05:00,2026-01-21 14:40:00-05:00,684.42,687.1110714285714,2.6910714285714903,0.5382142857142753,5.000000000000211,267.10714285714903,target
2026-01-22,1,2026-01-22 11:45:00-05:00,2026-01-22 11:55:00-05:00,690.1,689.8642857142858,-0.23571428571426623,0.22571428571427532,-1.0443037974683163,-25.571428571426623,stop
2026-01-22,1,2026-01-22 12:10:00-05:00,2026-01-22 12:15:00-05:00,690.36,690.1189285714286,-0.2410714285714448,0.2310714285714539,-1.0432766615146392,-26.10714285714448,stop
2026-01-22,1,2026-01-22 12:35:00-05:00,2026-01-22 12:35:00-05:00,690.84,690.6060714285715,-0.23392857142857792,0.22392857142858702,-1.0446570972886324,-25.392857142857792,stop
2026-01-23,-1,2026-01-23 12:00:00-05:00,2026-01-23 12:00:00-05:00,689.74,690.0346428571429,-0.2946428571428896,0.2846428571428987,-1.0351317440401135,-31.464285714288962,stop
2026-01-23,-1,2026-01-23 12:45:00-05:00,2026-01-23 12:45:00-05:00,688.8,689.1185714285714,-0.31857142857143117,0.30857142857144026,-1.0324074074073768,-33.85714285714312,stop
2026-01-23,-1,2026-01-23 15:10:00-05:00,2026-01-23 15:10:00-05:00,688.83,689.0860714285715,-0.25607142857143117,0.24607142857144026,-1.0406386066763036,-27.607142857143117,stop
2026-01-26,1,2026-01-26 12:05:00-05:00,2026-01-26 12:10:00-05:00,693.56,693.3457142857143,-0.21428571428566556,0.20428571428567466,-1.0489510489510139,-23.428571428566556,stop
2026-01-26,-1,2026-01-26 13:10:00-05:00,2026-01-26 13:15:00-05:00,692.99,693.1560714285714,-0.16607142857139934,0.15607142857140843,-1.0640732265445725,-18.607142857139934,stop
2026-01-26,-1,2026-01-26 15:20:00-05:00,2026-01-26 15:20:00-05:00,693.52,693.6614285714286,-0.1414285714286052,0.1314285714286143,-1.076086956521645,-16.14285714286052,stop
2026-01-27,-1,2026-01-27 12:10:00-05:00,2026-01-27 12:25:00-05:00,695.95,696.0796428571429,-0.12964285714281232,0.11964285714282141,-1.0835820895521877,-14.964285714281232,stop
2026-01-27,1,2026-01-27 14:25:00-05:00,2026-01-27 15:25:00-05:00,696.09,695.9592857142858,-0.13071428571424804,0.12071428571425713,-1.0828402366863348,-15.071428571424804,stop
2026-01-27,-1,2026-01-27 15:30:00-05:00,2026-01-27 15:30:00-05:00,695.98,696.08,-0.10000000000002274,0.09000000000003183,-1.1111111111109708,-12.000000000002274,stop
2026-01-28,-1,2026-01-28 11:40:00-05:00,2026-01-28 12:15:00-05:00,695.35,695.6132142857143,-0.26321428571429806,0.25321428571430715,-1.0394922425951652,-28.321428571429806,stop
2026-01-28,-1,2026-01-28 14:30:00-05:00,2026-01-28 14:30:00-05:00,694.17,694.4510714285714,-0.28107142857140843,0.2710714285714175,-1.0368906455862656,-30.107142857140843,stop
2026-01-29,1,2026-01-29 12:15:00-05:00,2026-01-29 12:45:00-05:00,690.6,690.0775,-0.5225000000000364,0.5125000000000455,-1.0195121951219317,-54.25000000000364,stop
2026-01-29,1,2026-01-29 14:15:00-05:00,2026-01-29 14:30:00-05:00,691.58,691.2060714285715,-0.3739285714285643,0.3639285714285734,-1.0274779195289248,-39.39285714285643,stop
2026-01-29,1,2026-01-29 15:40:00-05:00,2026-01-29 15:55:00-05:00,692.64,694.1132142857143,1.4732142857143344,0.2946428571428896,4.9999999999996145,145.32142857143344,target
2026-01-30,-1,2026-01-30 12:05:00-05:00,2026-01-30 12:20:00-05:00,689.63,690.1125,-0.4824999999999591,0.47249999999996817,-1.0211640211640034,-50.24999999999591,stop
2026-01-30,-1,2026-01-30 13:20:00-05:00,2026-01-30 13:25:00-05:00,688.11,688.63,-0.5199999999999818,0.5099999999999909,-1.0196078431372375,-53.99999999999818,stop
2026-01-30,-1,2026-01-30 15:00:00-05:00,2026-01-30 15:00:00-05:00,690.5600000000001,691.0689285714286,-0.5089285714285552,0.4989285714285643,-1.0200429491767895,-52.89285714285552,stop
2026-02-02,1,2026-02-02 12:00:00-05:00,2026-02-02 14:55:00-05:00,695.76,695.4557142857143,-0.3042857142856974,0.2942857142857065,-1.0339805825242419,-32.42857142856974,stop
2026-02-03,-1,2026-02-03 12:15:00-05:00,2026-02-03 12:15:00-05:00,689.11,689.5392857142857,-0.4292857142856974,0.4192857142857065,-1.0238500851788543,-44.92857142856974,stop
2026-02-03,-1,2026-02-03 13:45:00-05:00,2026-02-03 14:10:00-05:00,685.75,686.17,-0.4199999999999591,0.40999999999996817,-1.0243902439024188,-43.99999999999591,stop
2026-02-03,1,2026-02-03 15:20:00-05:00,2026-02-03 15:20:00-05:00,687.23,686.7471428571429,-0.4828571428571422,0.4728571428571513,-1.0211480362537568,-50.28571428571422,stop
2026-02-04,-1,2026-02-04 11:45:00-05:00,2026-02-04 11:55:00-05:00,685.41,686.150357142857,-0.7403571428570785,0.7303571428570876,-1.0136919315403308,-76.03571428570785,stop
2026-02-04,1,2026-02-04 13:30:00-05:00,2026-02-04 13:30:00-05:00,684.8199999999999,684.175,-0.6449999999999818,0.6349999999999909,-1.015748031496049,-66.49999999999818,stop
2026-02-04,1,2026-02-04 14:30:00-05:00,2026-02-04 14:45:00-05:00,685.35,688.0892857142857,2.739285714285643,0.5478571428570831,5.000000000000415,271.9285714285643,target
2026-02-05,1,2026-02-05 11:20:00-05:00,2026-02-05 12:45:00-05:00,678.14,682.3149999999999,4.1749999999999545,0.8350000000000364,4.999999999999727,415.49999999999545,target
2026-02-05,-1,2026-02-05 13:25:00-05:00,2026-02-05 13:30:00-05:00,679.1800000000001,679.7121428571429,-0.5321428571428442,0.5221428571428532,-1.0191518467852085,-55.214285714284415,stop
2026-02-06,1,2026-02-06 12:10:00-05:00,2026-02-06 12:10:00-05:00,688.16,687.8139285714285,-0.346071428571463,0.3360714285714721,-1.0297555791710638,-36.6071428571463,stop
2026-02-06,1,2026-02-06 12:30:00-05:00,2026-02-06 12:35:00-05:00,688.51,688.2067857142857,-0.3032142857142617,0.2932142857142708,-1.0341047503044773,-32.32142857142617,stop
2026-02-06,1,2026-02-06 12:50:00-05:00,2026-02-06 13:25:00-05:00,688.91,688.6164285714285,-0.2935714285714539,0.283571428571463,-1.0352644836271676,-31.35714285714539,stop
2026-02-09,1,2026-02-09 11:45:00-05:00,2026-02-09 12:45:00-05:00,694.98,694.7471428571429,-0.2328571428571422,0.2228571428571513,-1.0448717948717523,-25.28571428571422,stop
2026-02-09,-1,2026-02-09 12:55:00-05:00,2026-02-09 13:20:00-05:00,694.87,694.0914285714287,0.7785714285713539,0.1557142857142253,5.00000000000146,75.85714285713539,target
2026-02-09,-1,2026-02-09 13:30:00-05:00,2026-02-09 13:30:00-05:00,694.22,694.4453571428571,-0.22535714285709219,0.21535714285710128,-1.046434494195655,-24.53571428570922,stop
2026-02-10,1,2026-02-10 12:15:00-05:00,2026-02-10 12:20:00-05:00,695.48,695.1457142857143,-0.3342857142856701,0.3242857142856792,-1.0308370044052617,-35.42857142856701,stop
2026-02-10,-1,2026-02-10 13:15:00-05:00,2026-02-10 13:25:00-05:00,694.57,693.5039285714287,1.0660714285713766,0.21321428571422985,5.000000000001067,104.60714285713766,target
2026-02-10,-1,2026-02-10 15:15:00-05:00,2026-02-10 15:15:00-05:00,693.19,693.4271428571429,-0.23714285714288508,0.22714285714289417,-1.044025157232657,-25.714285714288508,stop
2026-02-11,-1,2026-02-11 12:05:00-05:00,2026-02-11 12:05:00-05:00,691.48,691.9275,-0.4474999999999909,0.4375,-1.022857142857122,-46.74999999999909,stop
2026-02-11,1,2026-02-11 12:30:00-05:00,2026-02-11 12:30:00-05:00,693.61,693.1642857142857,-0.4457142857143026,0.4357142857143117,-1.0229508196721089,-46.57142857143026,stop
2026-02-11,1,2026-02-11 12:45:00-05:00,2026-02-11 12:45:00-05:00,693.75,693.3728571428571,-0.37714285714287143,0.36714285714288053,-1.0272373540855766,-39.71428571428714,stop
2026-02-12,-1,2026-02-12 12:20:00-05:00,2026-02-12 12:20:00-05:00,683.5,684.115,-0.6150000000000091,0.6050000000000182,-1.0165289256198191,-63.50000000000091,stop
2026-02-12,-1,2026-02-12 13:00:00-05:00,2026-02-12 13:00:00-05:00,682.98,683.5478571428572,-0.5678571428571786,0.5578571428571877,-1.0179257362355776,-58.78571428571786,stop
2026-02-12,1,2026-02-12 14:50:00-05:00,2026-02-12 14:50:00-05:00,685.71,685.2767857142858,-0.43321428571425713,0.4232142857142662,-1.023628691983102,-45.32142857142571,stop
2026-02-13,1,2026-02-13 12:05:00-05:00,2026-02-13 13:00:00-05:00,685.3,684.7528571428571,-0.5471428571428305,0.5371428571428396,-1.0186170212765795,-56.71428571428305,stop
2026-02-13,-1,2026-02-13 13:05:00-05:00,2026-02-13 13:05:00-05:00,684.45,684.8507142857143,-0.40071428571422985,0.39071428571423894,-1.0255941499085721,-42.071428571422985,stop
2026-02-13,-1,2026-02-13 13:10:00-05:00,2026-02-13 13:10:00-05:00,684.71,685.1146428571428,-0.4046428571427896,0.3946428571427987,-1.025339366515818,-42.46428571427896,stop
2026-02-17,-1,2026-02-17 12:45:00-05:00,2026-02-17 12:45:00-05:00,680.02,680.5325,-0.5125000000000455,0.5025000000000546,-1.0199004975124175,-53.25000000000455,stop
2026-02-17,1,2026-02-17 14:45:00-05:00,2026-02-17 14:45:00-05:00,684.73,684.3667857142857,-0.3632142857143208,0.3532142857143299,-1.0283114256824784,-38.32142857143208,stop
2026-02-17,-1,2026-02-17 15:00:00-05:00,2026-02-17 15:00:00-05:00,683.5600000000001,683.9075,-0.34749999999996817,0.33749999999997726,-1.0296296296296046,-36.74999999999682,stop
2026-02-18,-1,2026-02-18 11:50:00-05:00,2026-02-18 12:05:00-05:00,688.08,688.3192857142858,-0.2392857142857565,0.2292857142857656,-1.0436137071650595,-25.92857142857565,stop
2026-02-18,1,2026-02-18 12:55:00-05:00,2026-02-18 12:55:00-05:00,688.66,688.3996428571428,-0.26035714285717404,0.25035714285718313,-1.0399429386590158,-28.035714285717404,stop
2026-02-18,-1,2026-02-18 13:30:00-05:00,2026-02-18 13:35:00-05:00,687.8,688.025357142857,-0.22535714285709219,0.21535714285710128,-1.046434494195655,-24.53571428570922,stop
2026-02-19,-1,2026-02-19 11:45:00-05:00,2026-02-19 11:50:00-05:00,683.62,684.0935714285714,-0.4735714285714039,0.463571428571413,-1.021571648690274,-49.35714285714039,stop
2026-02-19,-1,2026-02-19 12:50:00-05:00,2026-02-19 12:50:00-05:00,682.7,683.1560714285714,-0.45607142857136296,0.44607142857137205,-1.0224179343474604,-47.607142857136296,stop
2026-02-19,1,2026-02-19 13:55:00-05:00,2026-02-19 14:35:00-05:00,683.29,682.8557142857143,-0.43428571428569285,0.42428571428570194,-1.023569023569003,-45.428571428569285,stop
2026-02-20,-1,2026-02-20 12:15:00-05:00,2026-02-20 12:45:00-05:00,686.1,686.6053571428572,-0.5053571428571786,0.4953571428571877,-1.0201874549386964,-52.53571428571786,stop
2026-02-20,1,2026-02-20 13:35:00-05:00,2026-02-20 13:35:00-05:00,687.86,687.2475000000001,-0.6124999999999545,0.6024999999999636,-1.01659751037343,-63.24999999999545,stop
2026-02-20,1,2026-02-20 13:45:00-05:00,2026-02-20 14:40:00-05:00,688.71,688.0557142857143,-0.6542857142857201,0.6442857142857292,-1.0155210643015375,-67.42857142857201,stop
2026-02-23,-1,2026-02-23 12:35:00-05:00,2026-02-23 12:40:00-05:00,681.34,681.6589285714286,-0.3189285714286143,0.3089285714286234,-1.032369942196497,-33.89285714286143,stop
2026-02-23,1,2026-02-23 13:05:00-05:00,2026-02-23 13:55:00-05:00,682.42,682.0892857142857,-0.3307142857142935,0.3207142857143026,-1.0311804008908385,-35.07142857142935,stop
2026-02-23,-1,2026-02-23 15:15:00-05:00,2026-02-23 15:15:00-05:00,680.71,680.9660714285715,-0.25607142857143117,0.24607142857144026,-1.0406386066763036,-27.607142857143117,stop
2026-02-24,-1,2026-02-24 11:35:00-05:00,2026-02-24 11:35:00-05:00,685.26,685.6225,-0.3624999999999545,0.3524999999999636,-1.0283687943262183,-38.24999999999545,stop
2026-02-24,1,2026-02-24 12:10:00-05:00,2026-02-24 14:10:00-05:00,687.04,686.7164285714285,-0.3235714285714266,0.3135714285714357,-1.0318906605922253,-34.35714285714266,stop
2026-02-24,-1,2026-02-24 15:15:00-05:00,2026-02-24 15:15:00-05:00,686.6800000000001,686.8821428571429,-0.20214285714280322,0.19214285714281232,-1.0520446096653924,-22.214285714280322,stop
2026-02-25,1,2026-02-25 12:55:00-05:00,2026-02-25 13:15:00-05:00,692.5,692.34,-0.15999999999996817,0.14999999999997726,-1.0666666666666162,-17.999999999996817,stop
2026-02-25,1,2026-02-25 14:05:00-05:00,2026-02-25 14:05:00-05:00,692.78,692.6757142857143,-0.10428571428565192,0.09428571428566102,-1.1060606060605696,-12.428571428565192,stop
2026-02-25,-1,2026-02-25 15:35:00-05:00,2026-02-25 15:35:00-05:00,692.85,692.9621428571429,-0.11214285714288508,0.10214285714289417,-1.0979020979019734,-13.214285714288508,stop
2026-02-26,-1,2026-02-26 11:55:00-05:00,2026-02-26 12:05:00-05:00,686.41,686.8521428571428,-0.4421428571428123,0.4321428571428214,-1.0231404958677495,-46.21428571428123,stop
2026-02-26,-1,2026-02-26 12:45:00-05:00,2026-02-26 13:30:00-05:00,685.63,686.0089285714286,-0.37892857142855974,0.36892857142856883,-1.0271055179089785,-39.89285714285597,stop
2026-02-26,-1,2026-02-26 15:30:00-05:00,2026-02-26 15:30:00-05:00,688.66,688.9367857142856,-0.27678571428566556,0.26678571428567466,-1.0374832663989004,-29.678571428566556,stop
2026-02-27,1,2026-02-27 11:35:00-05:00,2026-02-27 11:35:00-05:00,686.2,685.7371428571429,-0.4628571428571604,0.4528571428571695,-1.0220820189274233,-48.28571428571604,stop
2026-02-27,-1,2026-02-27 12:20:00-05:00,2026-02-27 12:30:00-05:00,684.23,684.6764285714286,-0.4464285714285552,0.4364285714285643,-1.0229132569557897,-46.64285714285552,stop
2026-02-27,-1,2026-02-27 13:20:00-05:00,2026-02-27 13:30:00-05:00,683.58,683.9614285714285,-0.3814285714285006,0.3714285714285097,-1.0269230769230568,-40.14285714285006,stop
2026-03-02,1,2026-03-02 12:55:00-05:00,2026-03-02 12:55:00-05:00,687.14,686.8160714285714,-0.32392857142860976,0.31392857142861885,-1.031854379977213,-34.392857142860976,stop
2026-03-02,1,2026-03-02 13:00:00-05:00,2026-03-02 13:10:00-05:00,687.23,686.9082142857143,-0.3217857142857383,0.3117857142857474,-1.0320733104237934,-34.17857142857383,stop
2026-03-02,-1,2026-03-02 13:50:00-05:00,2026-03-02 14:05:00-05:00,685.8100000000001,686.089642857143,-0.27964285714290327,0.26964285714291236,-1.0370860927151904,-29.964285714290327,stop
2026-03-03,1,2026-03-03 12:25:00-05:00,2026-03-03 12:30:00-05:00,678.29,677.6935714285714,-0.5964285714285325,0.5864285714285415,-1.0170523751522387,-61.642857142853245,stop
2026-03-03,1,2026-03-03 13:10:00-05:00,2026-03-03 13:10:00-05:00,678.8199999999999,678.2292857142857,-0.5907142857142844,0.5807142857142935,-1.017220172201706,-61.07142857142844,stop
2026-03-03,-1,2026-03-03 14:35:00-05:00,2026-03-03 14:35:00-05:00,679.64,680.1021428571428,-0.46214285714279413,0.4521428571428032,-1.0221169036334739,-48.21428571427941,stop
2026-03-04,1,2026-03-04 11:45:00-05:00,2026-03-04 11:50:00-05:00,686.15,685.6692857142857,-0.4807142857142708,0.47071428571427987,-1.0212443095599202,-50.07142857142708,stop
2026-03-04,1,2026-03-04 13:45:00-05:00,2026-03-04 13:45:00-05:00,686.56,686.2764285714285,-0.283571428571463,0.2735714285714721,-1.0365535248041384,-30.3571428571463,stop
2026-03-04,1,2026-03-04 14:55:00-05:00,2026-03-04 14:55:00-05:00,687.01,686.8192857142857,-0.19071428571430715,0.18071428571431625,-1.055335968379387,-21.071428571430715,stop
2026-03-05,1,2026-03-05 12:05:00-05:00,2026-03-05 12:05:00-05:00,682.34,681.7817857142858,-0.5582142857142571,0.5482142857142662,-1.018241042345261,-57.82142857142571,stop
2026-03-05,-1,2026-03-05 12:30:00-05:00,2026-03-05 14:30:00-05:00,678.5,675.8035714285714,2.696428571428555,0.539285714285711,5.0,267.6428571428555,target
2026-03-05,-1,2026-03-05 14:35:00-05:00,2026-03-05 14:40:00-05:00,675.98,676.475,-0.49500000000000455,0.48500000000001364,-1.0206185567010115,-51.500000000000455,stop
2026-03-06,-1,2026-03-06 12:40:00-05:00,2026-03-06 12:50:00-05:00,672.92,673.5310714285714,-0.6110714285714494,0.6010714285714585,-1.0166369578134125,-63.107142857144936,stop
2026-03-06,1,2026-03-06 15:05:00-05:00,2026-03-06 15:05:00-05:00,675.73,675.3014285714286,-0.4285714285714448,0.4185714285714539,-1.023890784982912,-44.85714285714448,stop
2026-03-06,-1,2026-03-06 15:15:00-05:00,2026-03-06 15:15:00-05:00,673.94,674.4142857142857,-0.47428571428565647,0.46428571428566556,-1.0215384615384442,-49.42857142856565,stop
2026-03-09,1,2026-03-09 12:25:00-04:00,2026-03-09 12:30:00-04:00,670.5,670.0739285714286,-0.42607142857139024,0.41607142857139934,-1.0240343347639282,-44.607142857139024,stop
2026-03-09,1,2026-03-09 14:20:00-04:00,2026-03-09 14:20:00-04:00,670.22,669.8467857142857,-0.3732142857143117,0.3632142857143208,-1.0275319567354688,-39.32142857143117,stop
2026-03-09,1,2026-03-09 14:25:00-04:00,2026-03-09 15:15:00-04:00,670.1,672.0357142857142,1.935714285714198,0.38714285714286234,4.999999999999706,191.5714285714198,target
2026-03-10,-1,2026-03-10 12:10:00-04:00,2026-03-10 12:10:00-04:00,680.04,680.4389285714285,-0.39892857142854155,0.38892857142855064,-1.0257116620752764,-41.892857142854155,stop
2026-03-10,1,2026-03-10 12:40:00-04:00,2026-03-10 12:45:00-04:00,681.59,681.1746428571429,-0.41535714285714675,0.40535714285715585,-1.0246696035242058,-43.535714285714675,stop
2026-03-10,-1,2026-03-10 15:30:00-04:00,2026-03-10 15:40:00-04:00,677.41,678.0182142857143,-0.6082142857143253,0.5982142857143344,-1.016716417910431,-62.821428571432534,stop
2026-03-11,1,2026-03-11 12:35:00-04:00,2026-03-11 12:35:00-04:00,675.81,675.3407142857143,-0.469285714285661,0.4592857142856701,-1.021772939346794,-48.9285714285661,stop
2026-03-11,1,2026-03-11 12:55:00-04:00,2026-03-11 13:10:00-04:00,675.97,675.5575,-0.41250000000002274,0.40250000000003183,-1.0248447204968698,-43.250000000002274,stop
2026-03-11,-1,2026-03-11 13:40:00-04:00,2026-03-11 13:40:00-04:00,674.37,674.8157142857143,-0.4457142857143026,0.4357142857143117,-1.0229508196721089,-46.57142857143026,stop
2026-03-12,1,2026-03-12 11:40:00-04:00,2026-03-12 11:40:00-04:00,669.95,669.3678571428572,-0.5821428571427987,0.5721428571428078,-1.0174781523095986,-60.21428571427987,stop
2026-03-12,-1,2026-03-12 13:20:00-04:00,2026-03-12 13:20:00-04:00,668.11,668.7139285714286,-0.6039285714285825,0.5939285714285916,-1.0168370414912649,-62.39285714285825,stop
2026-03-12,-1,2026-03-12 14:50:00-04:00,2026-03-12 14:50:00-04:00,667.45,667.8375,-0.3874999999999318,0.3774999999999409,-1.0264900662251457,-40.74999999999318,stop
2026-03-13,-1,2026-03-13 12:00:00-04:00,2026-03-13 12:00:00-04:00,663.35,663.9882142857143,-0.6382142857142981,0.6282142857143072,-1.015918135304135,-65.8214285714298,stop
2026-03-13,1,2026-03-13 12:55:00-04:00,2026-03-13 12:55:00-04:00,664.84,664.2878571428572,-0.552142857142826,0.542142857142835,-1.018445322793133,-57.214285714282596,stop
2026-03-13,-1,2026-03-13 13:00:00-04:00,2026-03-13 13:05:00-04:00,663.3100000000001,663.8603571428572,-0.5503571428571377,0.5403571428571468,-1.018506278916044,-57.035714285713766,stop
2026-03-16,-1,2026-03-16 12:00:00-04:00,2026-03-16 12:00:00-04:00,668.46,668.8892857142857,-0.4292857142856974,0.4192857142857065,-1.0238500851788543,-44.92857142856974,stop
2026-03-16,-1,2026-03-16 12:05:00-04:00,2026-03-16 12:05:00-04:00,668.22,668.6128571428571,-0.3928571428571104,0.38285714285711947,-1.0261194029850524,-41.28571428571104,stop
2026-03-16,-1,2026-03-16 12:25:00-04:00,2026-03-16 12:25:00-04:00,667.38,667.78,-0.39999999999997726,0.38999999999998636,-1.0256410256410031,-41.999999999997726,stop
2026-03-17,1,2026-03-17 13:05:00-04:00,2026-03-17 13:10:00-04:00,671.85,671.47,-0.37999999999999545,0.37000000000000455,-1.027027027027002,-39.999999999999545,stop
2026-03-17,1,2026-03-17 13:40:00-04:00,2026-03-17 13:40:00-04:00,671.91,671.62,-0.2899999999999636,0.2799999999999727,-1.0357142857142567,-30.999999999996362,stop
2026-03-17,1,2026-03-17 14:10:00-04:00,2026-03-17 14:10:00-04:00,672.22,671.9396428571429,-0.28035714285715585,0.27035714285716494,-1.0369881109642962,-30.035714285715585,stop
2026-03-18,-1,2026-03-18 12:35:00-04:00,2026-03-18 12:35:00-04:00,666.33,666.6492857142857,-0.31928571428568375,0.30928571428569285,-1.0323325635103655,-33.928571428568375,stop
2026-03-19,-1,2026-03-19 13:05:00-04:00,2026-03-19 13:20:00-04:00,656.54,656.995,-0.4550000000000409,0.44500000000005,-1.0224719101123365,-47.50000000000409,stop
2026-03-19,1,2026-03-19 13:55:00-04:00,2026-03-19 13:55:00-04:00,657.74,657.3232142857144,-0.4167857142856519,0.406785714285661,-1.0245829675153453,-43.67857142856519,stop
2026-03-19,1,2026-03-19 14:15:00-04:00,2026-03-19 14:15:00-04:00,658.37,657.9471428571429,-0.4228571428570831,0.4128571428570922,-1.0242214532871783,-44.28571428570831,stop
2026-03-20,1,2026-03-20 11:15:00-04:00,2026-03-20 11:15:00-04:00,653.14,652.5503571428571,-0.5896428571428487,0.5796428571428578,-1.0172520024645562,-60.96428571428487,stop
2026-03-20,1,2026-03-20 12:05:00-04:00,2026-03-20 12:05:00-04:00,653.6899999999999,653.1260714285713,-0.5639285714286189,0.553928571428628,-1.0180528691166806,-58.392857142861885,stop
2026-03-20,-1,2026-03-20 13:35:00-04:00,2026-03-20 14:20:00-04:00,651.47,649.5592857142858,1.9107142857142208,0.3821428571428669,4.9999999999997025,189.07142857142208,target
2026-03-23,-1,2026-03-23 11:40:00-04:00,2026-03-23 11:55:00-04:00,659.26,656.4778571428571,2.782142857142844,0.5564285714285688,5.0,276.2142857142844,target
2026-03-23,1,2026-03-23 13:35:00-04:00,2026-03-23 13:40:00-04:00,657.1,656.5078571428571,-0.5921428571429033,0.5821428571429124,-1.0171779141104123,-61.21428571429033,stop
2026-03-23,1,2026-03-23 14:40:00-04:00,2026-03-23 15:00:00-04:00,659.0,658.4446428571429,-0.5553571428571331,0.5453571428571422,-1.0183366077275537,-57.53571428571331,stop
2026-03-24,-1,2026-03-24 12:40:00-04:00,2026-03-24 12:40:00-04:00,654.19,654.6375,-0.4474999999999909,0.4375,-1.022857142857122,-46.74999999999909,stop
2026-03-24,-1,2026-03-24 13:05:00-04:00,2026-03-24 13:55:00-04:00,653.57,654.0796428571429,-0.5096428571428078,0.49964285714281687,-1.0200142959256446,-52.96428571428078,stop
2026-03-24,1,2026-03-24 14:30:00-04:00,2026-03-24 15:30:00-04:00,654.6,654.1421428571429,-0.45785714285716494,0.44785714285717404,-1.0223285486443163,-47.785714285716494,stop
2026-03-25,1,2026-03-25 12:35:00-04:00,2026-03-25 12:45:00-04:00,658.08,657.6067857142857,-0.47321428571433444,0.46321428571434353,-1.0215882806476262,-49.321428571433444,stop
2026-03-25,1,2026-03-25 13:40:00-04:00,2026-03-25 13:45:00-04:00,658.6,658.2071428571429,-0.3928571428571104,0.38285714285711947,-1.0261194029850524,-41.28571428571104,stop
2026-03-25,-1,2026-03-25 14:50:00-04:00,2026-03-25 15:55:00-04:00,657.1,656.75,0.35000000000002274,0.34464285714284415,1.0155440414508814,33.000000000002274,time
2026-03-26,-1,2026-03-26 12:05:00-04:00,2026-03-26 12:05:00-04:00,651.21,651.6146428571428,-0.4046428571427896,0.3946428571427987,-1.025339366515818,-42.46428571427896,stop
2026-03-26,-1,2026-03-26 12:20:00-04:00,2026-03-26 12:30:00-04:00,650.82,648.9075,1.9125000000000227,0.38250000000005,4.999999999999406,189.25000000000227,target
2026-03-26,-1,2026-03-26 15:10:00-04:00,2026-03-26 15:15:00-04:00,646.23,646.5496428571429,-0.3196428571428669,0.309642857142876,-1.032295271049565,-33.96428571428669,stop
2026-03-27,-1,2026-03-27 13:20:00-04:00,2026-03-27 13:55:00-04:00,637.88,636.0085714285714,1.8714285714286234,0.3742857142857474,4.999999999999696,185.14285714286234,target
2026-03-27,-1,2026-03-27 14:55:00-04:00,2026-03-27 15:00:00-04:00,635.36,635.6789285714285,-0.3189285714285006,0.3089285714285097,-1.032369942196509,-33.89285714285006,stop
2026-03-27,-1,2026-03-27 15:05:00-04:00,2026-03-27 15:10:00-04:00,634.78,635.1139285714286,-0.33392857142860066,0.32392857142860976,-1.0308710033075759,-35.392857142860066,stop
2026-03-30,-1,2026-03-30 12:25:00-04:00,2026-03-30 13:20:00-04:00,635.8100000000001,633.6796428571429,2.1303571428571786,0.42607142857139024,5.000000000000534,211.03571428571786,target
2026-03-30,-1,2026-03-30 14:30:00-04:00,2026-03-30 14:30:00-04:00,632.28,632.6360714285714,-0.3560714285714539,0.346071428571463,-1.0288957688338203,-37.60714285714539,stop
2026-03-30,-1,2026-03-30 14:55:00-04:00,2026-03-30 15:10:00-04:00,631.83,630.3175000000001,1.5124999999999318,0.3025000000000091,4.999999999999624,149.24999999999318,target
2026-03-31,1,2026-03-31 12:25:00-04:00,2026-03-31 12:30:00-04:00,642.43,641.9467857142856,-0.48321428571432534,0.47321428571433444,-1.0211320754716766,-50.321428571432534,stop
2026-03-31,1,2026-03-31 14:40:00-04:00,2026-03-31 14:40:00-04:00,648.3,647.7496428571428,-0.5503571428571377,0.5403571428571468,-1.018506278916044,-57.035714285713766,stop
2026-03-31,1,2026-03-31 14:50:00-04:00,2026-03-31 15:45:00-04:00,648.34,650.6775,2.3374999999999773,0.4674999999999727,5.000000000000243,231.74999999999773,target
2026-04-01,1,2026-04-01 11:55:00-04:00,2026-04-01 12:25:00-04:00,657.51,657.1532142857143,-0.3567857142857065,0.3467857142857156,-1.0288362512873064,-37.67857142857065,stop
2026-04-01,1,2026-04-01 13:05:00-04:00,2026-04-01 13:30:00-04:00,658.31,658.0749999999999,-0.23500000000001364,0.22500000000002274,-1.0444444444443994,-25.500000000001364,stop
2026-04-01,-1,2026-04-01 13:50:00-04:00,2026-04-01 14:00:00-04:00,657.62,656.6646428571429,0.9553571428571104,0.1910714285713766,5.00000000000119,93.53571428571104,target
2026-04-02,-1,2026-04-02 11:50:00-04:00,2026-04-02 12:40:00-04:00,654.17,654.8992857142856,-0.7292857142856519,0.719285714285661,-1.0139026812313687,-74.92857142856519,stop
2026-04-02,-1,2026-04-02 13:50:00-04:00,2026-04-02 13:50:00-04:00,652.75,653.1710714285714,-0.4210714285713948,0.4110714285714039,-1.0243266724587108,-44.10714285713948,stop
2026-04-02,-1,2026-04-02 13:55:00-04:00,2026-04-02 14:00:00-04:00,653.23,653.6142857142858,-0.3842857142857383,0.3742857142857474,-1.0267175572518816,-40.42857142857383,stop
2026-04-06,1,2026-04-06 11:55:00-04:00,2026-04-06 11:55:00-04:00,657.92,657.5414285714286,-0.3785714285713766,0.3685714285713857,-1.027131782945715,-39.85714285713766,stop
2026-04-06,1,2026-04-06 12:00:00-04:00,2026-04-06 12:00:00-04:00,657.88,657.5232142857143,-0.3567857142857065,0.3467857142857156,-1.0288362512873064,-37.67857142857065,stop
2026-04-06,1,2026-04-06 12:40:00-04:00,2026-04-06 12:50:00-04:00,658.14,657.8525,-0.28750000000002274,0.27750000000003183,-1.036036036035999,-30.750000000002274,stop
2026-04-07,1,2026-04-07 12:05:00-04:00,2026-04-07 12:05:00-04:00,655.42,654.8439285714285,-0.5760714285714812,0.5660714285714903,-1.0176656151419379,-59.60714285714812,stop
2026-04-07,1,2026-04-07 13:35:00-04:00,2026-04-07 13:45:00-04:00,656.77,656.3953571428572,-0.37464285714281687,0.36464285714282596,-1.0274240940254427,-39.46428571428169,stop
2026-04-07,-1,2026-04-07 14:40:00-04:00,2026-04-07 14:50:00-04:00,655.95,654.2535714285715,1.6964285714285552,0.33928571428566556,5.000000000000671,167.64285714285552,target
2026-04-08,1,2026-04-08 11:40:00-04:00,2026-04-08 11:40:00-04:00,674.23,673.7846428571429,-0.44535714285711947,0.43535714285712857,-1.0229696472518257,-46.53571428571195,stop
2026-04-08,1,2026-04-08 11:45:00-04:00,2026-04-08 13:00:00-04:00,674.25,676.3553571428572,2.1053571428572013,0.4210714285713948,5.00000000000054,208.53571428572013,target
2026-04-08,1,2026-04-08 14:05:00-04:00,2026-04-08 14:15:00-04:00,676.23,675.9660714285715,-0.26392857142855064,0.25392857142855974,-1.03938115330517,-28.392857142855064,stop
2026-04-09,1,2026-04-09 13:10:00-04:00,2026-04-09 13:30:00-04:00,680.5,680.155,-0.3450000000000273,0.3350000000000364,-1.0298507462686264,-36.50000000000273,stop
2026-04-09,-1,2026-04-09 14:05:00-04:00,2026-04-09 14:05:00-04:00,679.1,679.4121428571428,-0.31214285714281687,0.30214285714282596,-1.0330969267139214,-33.21428571428169,stop
2026-04-09,1,2026-04-09 15:10:00-04:00,2026-04-09 15:15:00-04:00,680.06,679.6978571428571,-0.3621428571428851,0.3521428571428942,-1.028397565922892,-38.21428571428851,stop
2026-04-10,-1,2026-04-10 13:05:00-04:00,2026-04-10 13:10:00-04:00,678.79,679.0703571428571,-0.28035714285715585,0.27035714285716494,-1.0369881109642962,-30.035714285715585,stop
2026-04-10,1,2026-04-10 13:55:00-04:00,2026-04-10 14:00:00-04:00,679.51,679.2678571428571,-0.24214285714288053,0.23214285714288962,-1.043076923076878,-26.214285714288053,stop
2026-04-10,1,2026-04-10 14:20:00-04:00,2026-04-10 14:30:00-04:00,679.51,679.3035714285714,-0.2064285714285461,0.1964285714285552,-1.0509090909090488,-22.64285714285461,stop
2026-04-13,1,2026-04-13 12:20:00-04:00,2026-04-13 12:25:00-04:00,680.22,681.5735714285714,1.3535714285713993,0.2707142857142344,5.00000000000084,133.35714285713993,target
2026-04-13,1,2026-04-13 14:15:00-04:00,2026-04-13 14:20:00-04:00,682.5699999999999,682.4089285714285,-0.16107142857140389,0.15107142857141298,-1.0661938534278426,-18.10714285714039,stop
2026-04-13,1,2026-04-13 14:40:00-04:00,2026-04-13 14:50:00-04:00,682.63,683.2996428571429,0.6696428571428896,0.1339285714285552,5.000000000000849,64.96428571428896,target
2026-04-14,1,2026-04-14 11:20:00-04:00,2026-04-14 11:35:00-04:00,691.61,692.7457142857143,1.1357142857142435,0.22714285714289417,4.999999999998999,111.57142857142435,target
2026-04-14,1,2026-04-14 13:20:00-04:00,2026-04-14 14:10:00-04:00,693.71,693.5342857142857,-0.1757142857143208,0.1657142857143299,-1.060344827586136,-19.57142857143208,stop
2026-04-15,1,2026-04-15 11:15:00-04:00,2026-04-15 11:30:00-04:00,697.31,697.0014285714285,-0.30857142857144026,0.29857142857144936,-1.0334928229664744,-32.85714285714403,stop
2026-04-15,1,2026-04-15 12:20:00-04:00,2026-04-15 12:25:00-04:00,697.6,697.4028571428572,-0.19714285714280777,0.18714285714281687,-1.0534351145037797,-21.714285714280777,stop
2026-04-15,-1,2026-04-15 12:45:00-04:00,2026-04-15 12:45:00-04:00,696.36,696.5596428571429,-0.19964285714286234,0.18964285714287143,-1.0527306967984416,-21.964285714286234,stop
2026-04-16,1,2026-04-16 12:10:00-04:00,2026-04-16 12:20:00-04:00,702.33,701.9917857142858,-0.33821428571422985,0.32821428571423894,-1.0304678998911627,-35.821428571422985,stop
2026-04-16,-1,2026-04-16 12:55:00-04:00,2026-04-16 13:40:00-04:00,700.92,701.2464285714285,-0.32642857142855064,0.31642857142855974,-1.0316027088035842,-34.642857142855064,stop
2026-04-16,-1,2026-04-16 14:25:00-04:00,2026-04-16 14:30:00-04:00,699.91,700.2160714285714,-0.3060714285713857,0.2960714285713948,-1.0337756332930974,-32.60714285713857,stop
2026-04-17,1,2026-04-17 12:35:00-04:00,2026-04-17 13:05:00-04:00,711.91,711.6125,-0.29750000000001364,0.28750000000002274,-1.0347826086956178,-31.750000000001364,stop
2026-04-17,-1,2026-04-17 15:15:00-04:00,2026-04-17 15:15:00-04:00,709.1,709.3657142857143,-0.26571428571423894,0.25571428571424804,-1.0391061452513668,-28.571428571423894,stop
2026-04-17,1,2026-04-17 15:45:00-04:00,2026-04-17 15:45:00-04:00,710.3,710.0514285714286,-0.24857142857138115,0.23857142857139024,-1.0419161676646393,-26.857142857138115,stop
2026-04-20,1,2026-04-20 13:15:00-04:00,2026-04-20 13:30:00-04:00,708.04,707.8142857142857,-0.22571428571427532,0.21571428571428442,-1.0463576158939978,-24.571428571427532,stop
2026-04-20,-1,2026-04-20 15:35:00-04:00,2026-04-20 15:35:00-04:00,707.79,707.9699999999999,-0.17999999999994998,0.16999999999995907,-1.0588235294117254,-19.999999999994998,stop
2026-04-21,-1,2026-04-21 12:30:00-04:00,2026-04-21 12:30:00-04:00,706.32,706.6885714285714,-0.3685714285713857,0.3585714285713948,-1.0278884462151168,-38.85714285713857,stop
2026-04-21,-1,2026-04-21 12:45:00-04:00,2026-04-21 12:45:00-04:00,705.84,706.2021428571429,-0.3621428571428851,0.3521428571428942,-1.028397565922892,-38.21428571428851,stop
2026-04-21,1,2026-04-21 14:55:00-04:00,2026-04-21 14:55:00-04:00,706.37,706.0092857142857,-0.3607142857142662,0.3507142857142753,-1.0285132382891806,-38.07142857142662,stop
2026-04-22,-1,2026-04-22 11:45:00-04:00,2026-04-22 11:45:00-04:00,709.25,709.6110714285714,-0.36107142857144936,0.35107142857145845,-1.0284842319430032,-38.107142857144936,stop
2026-04-22,-1,2026-04-22 12:20:00-04:00,2026-04-22 12:20:00-04:00,709.42,709.6910714285714,-0.2710714285714175,0.2610714285714266,-1.0383036935704169,-29.107142857141753,stop
2026-04-22,-1,2026-04-22 14:20:00-04:00,2026-04-22 14:35:00-04:00,709.63,709.8285714285714,-0.19857142857142662,0.18857142857143572,-1.0530303030302528,-21.857142857142662,stop
2026-04-23,-1,2026-04-23 11:55:00-04:00,2026-04-23 11:55:00-04:00,710.75,710.9982142857143,-0.2482142857143117,0.2382142857143208,-1.0419790104947082,-26.82142857143117,stop
2026-04-23,-1,2026-04-23 13:05:00-04:00,2026-04-23 13:10:00-04:00,709.26,707.76,1.5,0.2999999999999545,5.000000000000758,148.0,target
2026-04-24,-1,2026-04-24 13:20:00-04:00,2026-04-24 13:25:00-04:00,713.0600000000001,713.2810714285715,-0.221071428571463,0.2110714285714721,-1.047377326565091,-24.1071428571463,stop
2026-04-24,1,2026-04-24 15:05:00-04:00,2026-04-24 15:25:00-04:00,713.75,713.5503571428571,-0.19964285714286234,0.18964285714287143,-1.0527306967984416,-21.964285714286234,stop
2026-04-27,1,2026-04-27 12:10:00-04:00,2026-04-27 13:30:00-04:00,713.75,714.8625,1.1124999999999545,0.22249999999996817,5.000000000000511,109.24999999999545,target
2026-04-27,-1,2026-04-27 15:10:00-04:00,2026-04-27 15:10:00-04:00,714.79,714.9164285714285,-0.12642857142850517,0.11642857142851426,-1.0858895705521112,-14.642857142850517,stop
2026-04-27,1,2026-04-27 15:50:00-04:00,2026-04-27 15:50:00-04:00,715.5,715.3582142857143,-0.14178571428567466,0.13178571428568375,-1.0758807588075368,-16.178571428567466,stop
2026-04-28,-1,2026-04-28 12:45:00-04:00,2026-04-28 12:45:00-04:00,709.52,709.7582142857143,-0.2382142857143208,0.2282142857143299,-1.0438184663536292,-25.82142857143208,stop
2026-04-28,1,2026-04-28 13:35:00-04:00,2026-04-28 15:00:00-04:00,710.47,711.6842857142858,1.2142857142857792,0.2428571428571331,5.000000000000468,119.42857142857792,target
2026-04-28,1,2026-04-28 15:05:00-04:00,2026-04-28 15:20:00-04:00,711.64,711.4632142857142,-0.1767857142857565,0.1667857142857656,-1.0599571734474644,-19.67857142857565,stop
2026-04-29,-1,2026-04-29 12:35:00-04:00,2026-04-29 12:35:00-04:00,709.08,709.4207142857143,-0.3407142857142844,0.3307142857142935,-1.0302375809934923,-36.07142857142844,stop
2026-04-29,1,2026-04-29 13:35:00-04:00,2026-04-29 14:00:00-04:00,709.99,709.7407142857143,-0.24928571428574742,0.2392857142857565,-1.041791044776074,-26.92857142857474,stop
2026-04-30,1,2026-04-30 12:10:00-04:00,2026-04-30 12:50:00-04:00,714.73,714.4410714285715,-0.2889285714285279,0.278928571428537,-1.0358514724711625,-30.89285714285279,stop
2026-04-30,-1,2026-04-30 13:00:00-04:00,2026-04-30 13:00:00-04:00,714.34,714.5967857142857,-0.25678571428568375,0.24678571428569285,-1.0405209840810086,-27.678571428568375,stop
2026-04-30,1,2026-04-30 15:10:00-04:00,2026-04-30 15:55:00-04:00,718.92,718.7099999999999,-0.21000000000003638,0.20000000000004547,-1.0499999999999432,-23.000000000003638,stop
2026-05-01,1,2026-05-01 11:40:00-04:00,2026-05-01 11:50:00-04:00,723.78,723.45,-0.32999999999992724,0.31999999999993634,-1.0312499999999778,-34.999999999992724,stop
2026-05-01,-1,2026-05-01 12:30:00-04:00,2026-05-01 13:00:00-04:00,722.11,722.4367857142857,-0.3267857142857338,0.31678571428574287,-1.0315670800450643,-34.67857142857338,stop
2026-05-01,1,2026-05-01 13:30:00-04:00,2026-05-01 13:35:00-04:00,722.97,722.6971428571429,-0.2728571428571058,0.2628571428571149,-1.038043478260839,-29.285714285710583,stop
2026-05-04,1,2026-05-04 13:20:00-04:00,2026-05-04 13:35:00-04:00,718.28,717.8407142857143,-0.4392857142856883,0.4292857142856974,-1.023294509151394,-45.92857142856883,stop
2026-05-04,-1,2026-05-04 14:25:00-04:00,2026-05-04 15:05:00-04:00,717.66,717.925,-0.26499999999998636,0.25499999999999545,-1.0392156862744748,-28.499999999998636,stop
2026-05-05,1,2026-05-05 12:25:00-04:00,2026-05-05 12:25:00-04:00,723.71,723.5457142857143,-0.16428571428571104,0.15428571428572013,-1.0648148148147534,-18.428571428571104,stop
2026-05-05,-1,2026-05-05 13:10:00-04:00,2026-05-05 13:15:00-04:00,723.22,723.3839285714286,-0.1639285714285279,0.153928571428537,-1.0649651972157328,-18.39285714285279,stop
2026-05-05,1,2026-05-05 13:30:00-04:00,2026-05-05 14:10:00-04:00,723.87,724.6592857142857,0.789285714285711,0.15785714285709673,5.000000000001441,76.9285714285711,target
2026-05-06,-1,2026-05-06 11:45:00-04:00,2026-05-06 11:45:00-04:00,731.32,731.6017857142857,-0.281785714285661,0.2717857142856701,-1.036793692509828,-30.1785714285661,stop
2026-05-06,-1,2026-05-06 12:50:00-04:00,2026-05-06 13:05:00-04:00,731.33,731.5250000000001,-0.19500000000005002,0.18500000000005912,-1.0540540540539876,-21.500000000005002,stop
2026-05-07,-1,2026-05-07 11:50:00-04:00,2026-05-07 12:00:00-04:00,734.84,733.4846428571428,1.3553571428572013,0.2710714285714175,5.000000000000419,133.53571428572013,target
2026-05-07,-1,2026-05-07 14:45:00-04:00,2026-05-07 14:45:00-04:00,730.3,730.7253571428571,-0.42535714285713766,0.41535714285714675,-1.0240756663800294,-44.535714285713766,stop
2026-05-08,1,2026-05-08 12:15:00-04:00,2026-05-08 12:40:00-04:00,737.38,737.1042857142858,-0.27571428571422985,0.26571428571423894,-1.037634408602123,-29.571428571422985,stop
2026-05-08,-1,2026-05-08 12:45:00-04:00,2026-05-08 12:45:00-04:00,736.8100000000001,737.0500000000001,-0.2400000000000091,0.2300000000000182,-1.0434782608695223,-26.00000000000091,stop
2026-05-08,1,2026-05-08 14:15:00-04:00,2026-05-08 14:30:00-04:00,737.8199999999999,737.6210714285713,-0.19892857142860976,0.18892857142861885,-1.0529300567107136,-21.892857142860976,stop
2026-05-11,1,2026-05-11 12:30:00-04:00,2026-05-11 12:35:00-04:00,740.33,740.1553571428572,-0.17464285714288508,0.16464285714289417,-1.0607375271148987,-19.464285714288508,stop
2026-05-11,-1,2026-05-11 12:45:00-04:00,2026-05-11 12:45:00-04:00,739.65,739.8464285714285,-0.1964285714285552,0.18642857142856428,-1.0536398467432484,-21.64285714285552,stop
2026-05-11,-1,2026-05-11 14:40:00-04:00,2026-05-11 14:55:00-04:00,739.79,738.965,0.8249999999999318,0.16499999999996362,5.000000000000689,80.49999999999318,target
2026-05-12,-1,2026-05-12 12:45:00-04:00,2026-05-12 13:00:00-04:00,732.41,732.7524999999999,-0.3424999999999727,0.3324999999999818,-1.030075187969899,-36.24999999999727,stop
2026-05-12,1,2026-05-12 15:15:00-04:00,2026-05-12 15:20:00-04:00,737.13,736.8614285714285,-0.26857142857147664,0.25857142857148574,-1.0386740331491275,-28.857142857147664,stop
2026-05-12,1,2026-05-12 15:30:00-04:00,2026-05-12 15:50:00-04:00,737.09,738.3685714285715,1.2785714285714675,0.25571428571424804,5.000000000000889,125.85714285714675,target
2026-05-13,1,2026-05-13 12:05:00-04:00,2026-05-13 12:05:00-04:00,740.1899999999999,739.9603571428571,-0.22964285714283506,0.21964285714284415,-1.045528455284514,-24.964285714283506,stop
2026-05-13,1,2026-05-13 12:10:00-04:00,2026-05-13 12:20:00-04:00,740.34,741.4471428571429,1.1071428571428896,0.22142857142853245,5.000000000001027,108.71428571428896,target
2026-05-13,1,2026-05-13 14:10:00-04:00,2026-05-13 14:15:00-04:00,742.78,743.7478571428571,0.9678571428571558,0.19357142857143117,5.0,94.78571428571558,target
2026-05-14,-1,2026-05-14 12:30:00-04:00,2026-05-14 12:30:00-04:00,748.0,748.23,-0.2300000000000182,0.22000000000002728,-1.0454545454544986,-25.00000000000182,stop
2026-05-14,1,2026-05-14 14:20:00-04:00,2026-05-14 14:20:00-04:00,748.27,747.9328571428572,-0.33714285714279413,0.3271428571428032,-1.030567685589497,-35.71428571427941,stop
2026-05-14,1,2026-05-14 15:05:00-04:00,2026-05-14 15:10:00-04:00,748.48,748.1842857142857,-0.29571428571432534,0.28571428571433444,-1.0349999999999622,-31.571428571432534,stop
2026-05-15,-1,2026-05-15 11:45:00-04:00,2026-05-15 12:00:00-04:00,740.13,740.5914285714285,-0.46142857142854155,0.45142857142855064,-1.022151898734158,-48.142857142854155,stop
2026-05-15,1,2026-05-15 13:25:00-04:00,2026-05-15 13:40:00-04:00,742.49,742.1664285714286,-0.3235714285714266,0.3135714285714357,-1.0318906605922253,-34.35714285714266,stop
2026-05-15,-1,2026-05-15 14:20:00-04:00,2026-05-15 14:20:00-04:00,741.73,742.0082142857143,-0.2782142857142844,0.2682142857142935,-1.037283621837515,-29.82142857142844,stop
2026-05-18,1,2026-05-18 12:20:00-04:00,2026-05-18 12:20:00-04:00,737.24,736.7517857142857,-0.4882142857143208,0.4782142857143299,-1.0209111277072234,-50.82142857143208,stop
2026-05-18,-1,2026-05-18 12:30:00-04:00,2026-05-18 12:30:00-04:00,734.8100000000001,735.3492857142858,-0.539285714285711,0.5292857142857201,-1.0188933873144226,-55.928571428571104,stop
2026-05-18,-1,2026-05-18 14:05:00-04:00,2026-05-18 14:25:00-04:00,735.86,733.9707142857143,1.8892857142857338,0.377857142857124,5.000000000000301,186.92857142857338,target
2026-05-19,1,2026-05-19 11:50:00-04:00,2026-05-19 11:50:00-04:00,733.89,733.3896428571428,-0.5003571428571831,0.49035714285719223,-1.0203932993444804,-52.03571428571831,stop
2026-05-19,1,2026-05-19 12:25:00-04:00,2026-05-19 13:00:00-04:00,734.09,736.4346428571429,2.344642857142844,0.46892857142859157,4.9999999999997575,232.46428571428442,target
2026-05-19,-1,2026-05-19 14:25:00-04:00,2026-05-19 14:25:00-04:00,736.24,736.5635714285714,-0.3235714285714266,0.3135714285714357,-1.0318906605922253,-34.35714285714266,stop
2026-05-20,-1,2026-05-20 12:25:00-04:00,2026-05-20 12:40:00-04:00,739.19,739.61,-0.4199999999999591,0.40999999999996817,-1.0243902439024188,-43.99999999999591,stop
2026-05-20,1,2026-05-20 13:30:00-04:00,2026-05-20 13:30:00-04:00,740.17,739.7810714285714,-0.38892857142855064,0.37892857142855974,-1.0263901979264614,-40.892857142855064,stop
2026-05-20,1,2026-05-20 14:40:00-04:00,2026-05-20 14:40:00-04:00,740.73,740.4610714285715,-0.2689285714285461,0.2589285714285552,-1.0386206896551398,-28.89285714285461,stop
2026-05-21,1,2026-05-21 11:50:00-04:00,2026-05-21 11:55:00-04:00,739.71,739.2153571428572,-0.4946428571428214,0.4846428571428305,-1.020633750921132,-51.46428571428214,stop
2026-05-21,-1,2026-05-21 12:50:00-04:00,2026-05-21 12:55:00-04:00,738.47,738.7839285714285,-0.31392857142850517,0.30392857142851426,-1.0329024676850527,-33.39285714285052,stop
2026-05-21,-1,2026-05-21 14:50:00-04:00,2026-05-21 14:50:00-04:00,742.39,742.8078571428571,-0.41785714285708764,0.40785714285709673,-1.024518388791574,-43.785714285708764,stop
2026-05-22,-1,2026-05-22 12:20:00-04:00,2026-05-22 12:20:00-04:00,746.91,747.1446428571428,-0.2346428571428305,0.2246428571428396,-1.0445151033385958,-25.46428571428305,stop
2026-05-22,-1,2026-05-22 12:25:00-04:00,2026-05-22 12:25:00-04:00,746.95,747.1889285714286,-0.23892857142857338,0.22892857142858247,-1.043681747269849,-25.892857142857338,stop
2026-05-22,1,2026-05-22 13:05:00-04:00,2026-05-22 13:15:00-04:00,747.8,747.5585714285714,-0.24142857142851426,0.23142857142852336,-1.0432098765431796,-26.142857142851426,stop
2026-05-26,1,2026-05-26 14:10:00-04:00,2026-05-26 14:50:00-04:00,749.42,749.2153571428571,-0.2046428571428578,0.1946428571428669,-1.0513761467889415,-22.46428571428578,stop
2026-05-27,-1,2026-05-27 11:20:00-04:00,2026-05-27 11:25:00-04:00,749.14,749.525,-0.3849999999999909,0.375,-1.0266666666666424,-40.49999999999909,stop
2026-05-27,-1,2026-05-27 11:40:00-04:00,2026-05-27 12:05:00-04:00,749.12,749.475,-0.3550000000000182,0.3450000000000273,-1.028985507246348,-37.50000000000182,stop
2026-05-27,1,2026-05-27 12:40:00-04:00,2026-05-27 12:55:00-04:00,750.1,749.7964285714286,-0.3035714285714448,0.2935714285714539,-1.0340632603405986,-32.35714285714448,stop
2026-05-28,1,2026-05-28 12:20:00-04:00,2026-05-28 12:20:00-04:00,754.49,754.3007142857143,-0.1892857142856883,0.1792857142856974,-1.0557768924302333,-20.92857142856883,stop
2026-05-28,1,2026-05-28 12:25:00-04:00,2026-05-28 12:25:00-04:00,754.68,754.4839285714286,-0.19607142857137205,0.18607142857138115,-1.0537428023032278,-21.607142857137205,stop
2026-05-28,1,2026-05-28 13:00:00-04:00,2026-05-28 13:05:00-04:00,754.74,754.5575,-0.18250000000000455,0.17250000000001364,-1.0579710144926964,-20.250000000000455,stop
2026-05-29,1,2026-05-29 12:10:00-04:00,2026-05-29 12:15:00-04:00,757.29,756.98,-0.30999999999994543,0.2999999999999545,-1.0333333333333081,-32.99999999999454,stop
2026-05-29,1,2026-05-29 12:40:00-04:00,2026-05-29 12:40:00-04:00,757.6899999999999,757.4082142857143,-0.281785714285661,0.2717857142856701,-1.036793692509828,-30.1785714285661,stop
2026-05-29,1,2026-05-29 15:30:00-04:00,2026-05-29 15:50:00-04:00,756.87,756.6214285714286,-0.24857142857138115,0.23857142857139024,-1.0419161676646393,-26.857142857138115,stop
2026-06-01,1,2026-06-01 11:25:00-04:00,2026-06-01 11:25:00-04:00,756.26,755.955,-0.30499999999995,0.2949999999999591,-1.0338983050847197,-32.499999999995,stop
2026-06-01,1,2026-06-01 11:35:00-04:00,2026-06-01 11:55:00-04:00,757.06,756.7657142857142,-0.2942857142857065,0.2842857142857156,-1.0351758793969528,-31.42857142857065,stop
2026-06-01,-1,2026-06-01 15:35:00-04:00,2026-06-01 15:50:00-04:00,759.22,758.5610714285715,0.6589285714285325,0.13178571428568375,5.000000000000862,63.892857142853245,target
2026-06-02,-1,2026-06-02 12:30:00-04:00,2026-06-02 12:30:00-04:00,759.35,759.5207142857143,-0.17071428571432534,0.16071428571433444,-1.0622222222221467,-19.071428571432534,stop
2026-06-02,-1,2026-06-02 12:35:00-04:00,2026-06-02 12:40:00-04:00,759.27,759.4399999999999,-0.16999999999995907,0.15999999999996817,-1.0624999999999556,-18.999999999995907,stop
2026-06-02,-1,2026-06-02 13:25:00-04:00,2026-06-02 14:10:00-04:00,759.16,759.3382142857142,-0.17821428571426168,0.16821428571427077,-1.0594479830148131,-19.821428571426168,stop
2026-06-03,-1,2026-06-03 11:25:00-04:00,2026-06-03 11:25:00-04:00,755.53,755.8232142857142,-0.2932142857142708,0.28321428571427987,-1.0353089533417088,-31.321428571427077,stop
2026-06-03,1,2026-06-03 13:45:00-04:00,2026-06-03 15:00:00-04:00,755.23,754.9517857142857,-0.2782142857142844,0.2682142857142935,-1.037283621837515,-29.82142857142844,stop
2026-06-03,-1,2026-06-03 15:05:00-04:00,2026-06-03 15:05:00-04:00,755.04,755.2307142857143,-0.19071428571430715,0.18071428571431625,-1.055335968379387,-21.071428571430715,stop
2026-06-04,1,2026-06-04 12:10:00-04:00,2026-06-04 13:55:00-04:00,756.24,757.5757142857143,1.335714285714289,0.2671428571428578,5.0,131.5714285714289,target
2026-06-04,1,2026-06-04 15:10:00-04:00,2026-06-04 15:10:00-04:00,757.93,757.7978571428571,-0.1321428571428669,0.12214285714287598,-1.0818713450291526,-15.214285714286689,stop
2026-06-04,1,2026-06-04 15:25:00-04:00,2026-06-04 15:40:00-04:00,757.99,757.8507142857143,-0.13928571428573377,0.12928571428574287,-1.077348066298255,-15.928571428573377,stop
2026-06-05,1,2026-06-05 13:40:00-04:00,2026-06-05 13:40:00-04:00,744.95,744.4717857142857,-0.4782142857143299,0.468214285714339,-1.021357742181519,-49.82142857143299,stop
2026-06-05,-1,2026-06-05 14:15:00-04:00,2026-06-05 14:40:00-04:00,742.13,739.9585714285714,2.171428571428578,0.43428571428569285,5.000000000000262,215.1428571428578,target
2026-06-08,-1,2026-06-08 12:30:00-04:00,2026-06-08 12:45:00-04:00,742.15,742.7164285714285,-0.5664285714285597,0.5564285714285688,-1.0179717586649388,-58.64285714285597,stop
2026-06-08,-1,2026-06-08 13:05:00-04:00,2026-06-08 13:05:00-04:00,740.75,741.2242857142858,-0.47428571428577015,0.46428571428577925,-1.0215384615384389,-49.428571428577015,stop
2026-06-08,-1,2026-06-08 15:10:00-04:00,2026-06-08 15:25:00-04:00,740.17,738.3521428571428,1.8178571428571786,0.36357142857139024,5.000000000000625,179.78571428571786,target
2026-06-09,-1,2026-06-09 12:40:00-04:00,2026-06-09 12:40:00-04:00,723.33,724.3189285714286,-0.9889285714285734,0.9789285714285825,-1.010215249908783,-100.89285714285734,stop
2026-06-09,1,2026-06-09 13:20:00-04:00,2026-06-09 14:30:00-04:00,729.97,735.6789285714286,5.708928571428601,1.1417857142856747,5.000000000000199,568.8928571428601,target
2026-06-09,1,2026-06-09 14:35:00-04:00,2026-06-09 14:40:00-04:00,735.7,734.9489285714286,-0.7510714285714357,0.7410714285714448,-1.013493975903602,-77.10714285714357,stop
2026-06-10,-1,2026-06-10 13:10:00-04:00,2026-06-10 13:45:00-04:00,729.66,730.3214285714286,-0.661428571428587,0.6514285714285961,-1.015350877192968,-68.1428571428587,stop
2026-06-11,1,2026-06-11 12:10:00-04:00,2026-06-11 12:25:00-04:00,728.99,728.2225,-0.7675000000000409,0.75750000000005,-1.0132013201320003,-78.75000000000409,stop
2026-06-11,-1,2026-06-11 12:55:00-04:00,2026-06-11 13:25:00-04:00,727.15,727.795,-0.6449999999999818,0.6349999999999909,-1.015748031496049,-66.49999999999818,stop
2026-06-11,1,2026-06-11 15:05:00-04:00,2026-06-11 15:05:00-04:00,736.36,735.7232142857143,-0.6367857142856792,0.6267857142856883,-1.015954415954402,-65.67857142856792,stop
2026-06-12,-1,2026-06-12 12:00:00-04:00,2026-06-12 12:05:00-04:00,738.88,739.7889285714285,-0.9089285714285325,0.8989285714285415,-1.0111243543901371,-92.89285714285325,stop
2026-06-12,1,2026-06-12 13:05:00-04:00,2026-06-12 13:10:00-04:00,742.0699999999999,741.3742857142856,-0.6957142857143026,0.6857142857143117,-1.0145833333333196,-71.57142857143026,stop
2026-06-12,1,2026-06-12 13:20:00-04:00,2026-06-12 13:25:00-04:00,742.51,741.8928571428571,-0.6171428571428805,0.6071428571428896,-1.0164705882352782,-63.71428571428805,stop
2026-06-15,-1,2026-06-15 12:55:00-04:00,2026-06-15 12:55:00-04:00,755.71,755.9339285714286,-0.22392857142858702,0.21392857142859611,-1.0467445742904362,-24.392857142858702,stop
2026-06-15,-1,2026-06-15 13:10:00-04:00,2026-06-15 13:10:00-04:00,755.37,755.6182142857143,-0.2482142857143117,0.2382142857143208,-1.0419790104947082,-26.82142857143117,stop
2026-06-15,-1,2026-06-15 13:55:00-04:00,2026-06-15 15:30:00-04:00,755.4,754.2517857142857,1.148214285714289,0.22964285714283506,5.000000000000495,112.8214285714289,target
2026-06-16,-1,2026-06-16 11:30:00-04:00,2026-06-16 11:30:00-04:00,752.65,753.0392857142857,-0.3892857142857338,0.37928571428574287,-1.0263653483992208,-40.92857142857338,stop
2026-06-16,-1,2026-06-16 11:45:00-04:00,2026-06-16 11:50:00-04:00,752.47,752.8282142857144,-0.35821428571432534,0.34821428571433444,-1.0287179487179186,-37.821428571432534,stop
2026-06-16,-1,2026-06-16 13:40:00-04:00,2026-06-16 13:40:00-04:00,751.6800000000001,751.9525000000001,-0.2725000000000364,0.2625000000000455,-1.0380952380951969,-29.250000000003638,stop
2026-06-17,-1,2026-06-17 12:45:00-04:00,2026-06-17 13:05:00-04:00,750.22,749.1217857142857,1.0982142857143344,0.21964285714284415,5.000000000000518,107.82142857143344,target
2026-06-18,-1,2026-06-18 11:30:00-04:00,2026-06-18 11:50:00-04:00,745.37,745.8792857142857,-0.5092857142857383,0.4992857142857474,-1.020028612303271,-52.92857142857383,stop
2026-06-18,1,2026-06-18 12:30:00-04:00,2026-06-18 12:55:00-04:00,746.66,746.2642857142857,-0.3957142857142344,0.3857142857142435,-1.0259259259259053,-41.57142857142344,stop
2026-06-18,1,2026-06-18 13:05:00-04:00,2026-06-18 14:00:00-04:00,747.22,746.9314285714286,-0.28857142857145845,0.27857142857146755,-1.0358974358973982,-30.857142857145845,stop
2026-06-22,1,2026-06-22 11:45:00-04:00,2026-06-22 11:45:00-04:00,745.89,745.3596428571428,-0.5303571428571558,0.520357142857165,-1.019217570350016,-55.035714285715585,stop
2026-06-22,-1,2026-06-22 12:05:00-04:00,2026-06-22 12:05:00-04:00,743.73,744.2557142857142,-0.5257142857142298,0.5157142857142389,-1.0193905817174356,-54.571428571422985,stop
2026-06-22,1,2026-06-22 13:55:00-04:00,2026-06-22 13:55:00-04:00,745.23,744.9496428571429,-0.28035714285715585,0.27035714285716494,-1.0369881109642962,-30.035714285715585,stop
2026-06-23,1,2026-06-23 12:10:00-04:00,2026-06-23 12:20:00-04:00,737.1899999999999,736.707857142857,-0.4821428571428896,0.4721428571428987,-1.021180030257165,-50.21428571428896,stop
2026-06-23,1,2026-06-23 13:25:00-04:00,2026-06-23 13:25:00-04:00,737.88,737.5357142857143,-0.344285714285661,0.3342857142856701,-1.0299145299145067,-36.4285714285661,stop
2026-06-23,-1,2026-06-23 13:55:00-04:00,2026-06-23 14:00:00-04:00,736.07,736.4260714285715,-0.3560714285714539,0.346071428571463,-1.0288957688338203,-37.60714285714539,stop
2026-06-24,-1,2026-06-24 12:05:00-04:00,2026-06-24 12:10:00-04:00,738.09,738.5817857142857,-0.4917857142856974,0.4817857142857065,-1.0207561156411973,-51.17857142856974,stop
2026-06-24,-1,2026-06-24 12:35:00-04:00,2026-06-24 12:55:00-04:00,737.64,735.5703571428571,2.069642857142867,0.4139285714285279,5.000000000000549,204.9642857142867,target
2026-06-24,1,2026-06-24 14:25:00-04:00,2026-06-24 14:35:00-04:00,734.3199999999999,733.7810714285714,-0.5389285714285279,0.528928571428537,-1.0189061444969456,-55.89285714285279,stop
2026-06-25,-1,2026-06-25 11:15:00-04:00,2026-06-25 11:20:00-04:00,732.97,733.9189285714286,-0.9489285714286098,0.9389285714286189,-1.0106504374286698,-96.89285714286098,stop
2026-06-25,1,2026-06-25 12:15:00-04:00,2026-06-25 12:20:00-04:00,735.72,735.0392857142857,-0.6807142857143162,0.6707142857143253,-1.0149094781682497,-70.07142857143162,stop
2026-06-25,-1,2026-06-25 12:35:00-04:00,2026-06-25 13:15:00-04:00,733.34,733.8803571428572,-0.5403571428571468,0.5303571428571558,-1.0188552188552011,-56.035714285714675,stop
2026-06-26,-1,2026-06-26 11:15:00-04:00,2026-06-26 11:15:00-04:00,732.07,732.6485714285715,-0.5785714285714221,0.5685714285714312,-1.0175879396984764,-59.85714285714221,stop
2026-06-26,1,2026-06-26 11:25:00-04:00,2026-06-26 12:20:00-04:00,733.79,733.1907142857143,-0.5992857142856565,0.5892857142856656,-1.0169696969696829,-61.92857142856565,stop
2026-06-26,1,2026-06-26 13:10:00-04:00,2026-06-26 13:10:00-04:00,735.63,735.2232142857143,-0.406785714285661,0.3967857142856701,-1.025202520252005,-42.6785714285661,stop
2026-06-29,1,2026-06-29 11:40:00-04:00,2026-06-29 13:30:00-04:00,738.02,740.5717857142857,2.5517857142857565,0.510357142857174,4.999999999999777,253.17857142857565,target
2026-06-29,1,2026-06-29 14:40:00-04:00,2026-06-29 14:55:00-04:00,740.81,740.5949999999999,-0.21500000000003183,0.20500000000004093,-1.048780487804824,-23.500000000003183,stop
2026-06-29,-1,2026-06-29 15:55:00-04:00,2026-06-29 15:55:00-04:00,740.3,740.5085714285714,-0.20857142857141753,0.19857142857142662,-1.0503597122301704,-22.857142857141753,stop
2026-06-30,1,2026-06-30 12:10:00-04:00,2026-06-30 15:05:00-04:00,746.09,747.4828571428573,1.392857142857224,0.27857142857146755,4.999999999999592,137.2857142857224,target
2026-07-01,1,2026-07-01 12:25:00-04:00,2026-07-01 12:25:00-04:00,749.26,749.0007142857143,-0.2592857142857383,0.24928571428574742,-1.040114613180474,-27.928571428573832,stop
2026-07-01,-1,2026-07-01 12:50:00-04:00,2026-07-01 12:50:00-04:00,748.32,748.5467857142858,-0.22678571428571104,0.21678571428572013,-1.04612850082368,-24.678571428571104,stop
2026-07-01,-1,2026-07-01 14:50:00-04:00,2026-07-01 15:00:00-04:00,746.9300000000001,747.1496428571429,-0.21964285714284415,0.20964285714285325,-1.0477001703577087,-23.964285714284415,stop
2026-07-02,-1,2026-07-02 12:10:00-04:00,2026-07-02 12:10:00-04:00,743.94,744.6007142857144,-0.6607142857143344,0.6507142857143435,-1.0153677277716642,-68.07142857143344,stop
2026-07-02,-1,2026-07-02 12:25:00-04:00,2026-07-02 12:25:00-04:00,743.4300000000001,743.9742857142858,-0.5442857142857065,0.5342857142857156,-1.01871657754009,-56.42857142857065,stop
2026-07-02,-1,2026-07-02 13:00:00-04:00,2026-07-02 13:55:00-04:00,742.19,740.1507142857143,2.039285714285711,0.40785714285709673,5.000000000000558,201.9285714285711,target
2026-07-06,-1,2026-07-06 13:00:00-04:00,2026-07-06 13:00:00-04:00,750.47,750.6364285714286,-0.16642857142858247,0.15642857142859157,-1.0639269406392031,-18.642857142858247,stop
2026-07-06,1,2026-07-06 15:20:00-04:00,2026-07-06 15:30:00-04:00,752.12,751.9353571428571,-0.18464285714287598,0.17464285714288508,-1.0572597137013702,-20.4642857142876,stop
2026-07-06,-1,2026-07-06 15:55:00-04:00,2026-07-06 15:55:00-04:00,751.21,751.3199999999999,-0.10999999999989996,0.19214285714281232,-0.5724907063193155,-12.999999999989996,time
2026-07-07,-1,2026-07-07 11:40:00-04:00,2026-07-07 11:40:00-04:00,745.65,745.9714285714285,-0.3214285714285552,0.3114285714285643,-1.0321100917430908,-34.14285714285552,stop
2026-07-07,1,2026-07-07 11:55:00-04:00,2026-07-07 12:20:00-04:00,747.02,748.6057142857143,1.585714285714289,0.3171428571428123,5.000000000000717,156.5714285714289,target
2026-07-07,-1,2026-07-07 14:35:00-04:00,2026-07-07 14:35:00-04:00,748.6800000000001,748.8764285714286,-0.1964285714285552,0.18642857142856428,-1.0536398467432484,-21.64285714285552,stop
2026-07-08,1,2026-07-08 12:10:00-04:00,2026-07-08 12:30:00-04:00,741.67,743.7092857142857,2.039285714285711,0.40785714285709673,5.000000000000558,201.9285714285711,target
2026-07-08,-1,2026-07-08 15:50:00-04:00,2026-07-08 15:50:00-04:00,744.77,745.0585714285714,-0.28857142857145845,0.27857142857146755,-1.0358974358973982,-30.857142857145845,stop
2026-07-08,1,2026-07-08 15:55:00-04:00,2026-07-08 15:55:00-04:00,745.75,745.4489285714286,-0.30107142857139024,0.29107142857139934,-1.0343558282208312,-32.107142857139024,stop
2026-07-09,1,2026-07-09 12:10:00-04:00,2026-07-09 12:55:00-04:00,750.47,750.2439285714286,-0.22607142857145845,0.21607142857146755,-1.0462809917354867,-24.607142857145845,stop
2026-07-09,1,2026-07-09 13:10:00-04:00,2026-07-09 14:55:00-04:00,751.13,750.9510714285715,-0.17892857142851426,0.16892857142852336,-1.0591966173361151,-19.892857142851426,stop
2026-07-10,1,2026-07-10 12:20:00-04:00,2026-07-10 12:20:00-04:00,753.59,753.2603571428572,-0.3296428571428578,0.3196428571428669,-1.031284916201088,-34.96428571428578,stop
2026-07-10,1,2026-07-10 12:55:00-04:00,2026-07-10 13:00:00-04:00,753.98,753.734642857143,-0.245357142857074,0.2353571428570831,-1.0424886191198508,-26.5357142857074,stop
2026-07-10,1,2026-07-10 13:40:00-04:00,2026-07-10 13:55:00-04:00,754.24,754.0667857142857,-0.17321428571426623,0.16321428571427532,-1.0612691466082633,-19.321428571426623,stop
2026-07-13,-1,2026-07-13 11:55:00-04:00,2026-07-13 12:30:00-04:00,751.55,749.8964285714285,1.6535714285714675,0.3307142857142935,5.0,163.35714285714675,target
2026-07-13,-1,2026-07-13 13:55:00-04:00,2026-07-13 14:00:00-04:00,749.46,749.7860714285714,-0.3260714285713675,0.3160714285713766,-1.0316384180790725,-34.60714285713675,stop
2026-07-13,-1,2026-07-13 14:30:00-04:00,2026-07-13 14:30:00-04:00,749.23,749.5192857142857,-0.28928571428571104,0.27928571428572013,-1.0358056265984321,-30.928571428571104,stop
2026-07-14,-1,2026-07-14 11:55:00-04:00,2026-07-14 12:40:00-04:00,751.0,751.4271428571428,-0.42714285714282596,0.41714285714283506,-1.0239726027397056,-44.714285714282596,stop
2026-07-14,1,2026-07-14 13:00:00-04:00,2026-07-14 13:05:00-04:00,751.88,751.5560714285714,-0.32392857142860976,0.31392857142861885,-1.031854379977213,-34.392857142860976,stop
2026-07-14,1,2026-07-14 14:05:00-04:00,2026-07-14 14:35:00-04:00,752.46,752.2389285714286,-0.221071428571463,0.2110714285714721,-1.047377326565091,-24.1071428571463,stop
2026-07-15,-1,2026-07-15 11:50:00-04:00,2026-07-15 12:20:00-04:00,752.8,750.6285714285714,2.171428571428578,0.43428571428569285,5.000000000000262,215.1428571428578,target
2026-07-15,-1,2026-07-15 14:50:00-04:00,2026-07-15 15:10:00-04:00,753.64,753.8760714285714,-0.23607142857144936,0.22607142857145845,-1.0442338072669366,-25.607142857144936,stop
2026-07-15,1,2026-07-15 15:55:00-04:00,2026-07-15 15:55:00-04:00,754.17,754.72,0.5500000000000682,0.2753571428571604,1.9974059662776822,53.00000000000682,time
2026-07-16,-1,2026-07-16 12:05:00-04:00,2026-07-16 14:00:00-04:00,752.74,750.9185714285715,1.8214285714285552,0.3642857142857565,4.999999999999376,180.14285714285552,target
2026-07-16,-1,2026-07-16 15:10:00-04:00,2026-07-16 15:45:00-04:00,749.74,748.1971428571428,1.5428571428572013,0.30857142857144026,5.0,152.28571428572013,target
2026-07-17,1,2026-07-17 11:55:00-04:00,2026-07-17 12:00:00-04:00,746.1,745.5728571428572,-0.5271428571428487,0.5171428571428578,-1.019337016574568,-54.71428571428487,stop
2026-07-17,1,2026-07-17 12:50:00-04:00,2026-07-17 12:55:00-04:00,746.87,746.3807142857142,-0.4892857142857565,0.4792857142857656,-1.020864381520098,-50.92857142857565,stop
2026-07-17,-1,2026-07-17 13:45:00-04:00,2026-07-17 14:15:00-04:00,745.59,743.8757142857144,1.7142857142856656,0.34285714285715585,4.999999999999669,169.42857142856656,target
2026-07-20,-1,2026-07-20 12:55:00-04:00,2026-07-20 14:15:00-04:00,744.96,745.3846428571429,-0.4246428571428851,0.4146428571428942,-1.0241171403961862,-44.46428571428851,stop
2026-07-21,1,2026-07-21 12:20:00-04:00,2026-07-21 13:20:00-04:00,748.49,748.2621428571429,-0.22785714285714675,0.21785714285715585,-1.0459016393442178,-24.785714285714675,stop
2026-07-21,-1,2026-07-21 13:30:00-04:00,2026-07-21 13:30:00-04:00,748.35,748.5053571428572,-0.15535714285715585,0.14535714285716494,-1.0687960687959959,-17.535714285715585,stop
2026-07-21,-1,2026-07-21 14:05:00-04:00,2026-07-21 14:05:00-04:00,748.29,748.4539285714285,-0.1639285714285279,0.153928571428537,-1.0649651972157328,-18.39285714285279,stop
2026-07-22,1,2026-07-22 12:20:00-04:00,2026-07-22 12:25:00-04:00,749.98,749.7617857142858,-0.2182142857142253,0.2082142857142344,-1.0480274442538275,-23.82142857142253,stop
2026-07-22,-1,2026-07-22 13:05:00-04:00,2026-07-22 13:05:00-04:00,749.49,749.6642857142857,-0.17428571428570194,0.16428571428571104,-1.0608695652173372,-19.428571428570194,stop
2026-07-22,-1,2026-07-22 13:15:00-04:00,2026-07-22 13:55:00-04:00,749.3,748.5321428571427,0.7678571428572241,0.15357142857146755,4.99999999999926,74.7857142857224,target
2026-07-23,1,2026-07-23 12:10:00-04:00,2026-07-23 12:45:00-04:00,738.48,738.0003571428572,-0.47964285714283506,0.46964285714284415,-1.0212927756653805,-49.964285714283506,stop
2026-07-23,-1,2026-07-23 13:40:00-04:00,2026-07-23 13:45:00-04:00,737.61,737.9528571428572,-0.34285714285715585,0.33285714285716494,-1.0300429184549063,-36.285714285715585,stop
2026-07-23,-1,2026-07-23 14:00:00-04:00,2026-07-23 14:25:00-04:00,737.15,737.4782142857142,-0.32821428571423894,0.31821428571424804,-1.0314253647586733,-34.821428571423894,stop
2026-07-24,-1,2026-07-24 12:45:00-04:00,2026-07-24 13:30:00-04:00,741.63,741.9832142857143,-0.3532142857143299,0.343214285714339,-1.0291363163371179,-37.32142857143299,stop
2026-07-24,-1,2026-07-24 14:20:00-04:00,2026-07-24 14:30:00-04:00,740.1800000000001,738.6639285714286,1.516071428571422,0.3032142857142617,5.000000000000375,149.6071428571422,target
2026-07-27,-1,2026-07-27 11:40:00-04:00,2026-07-27 11:45:00-04:00,736.92,737.4932142857142,-0.5732142857142435,0.5632142857142526,-1.0177552314521092,-59.32142857142435,stop
2026-07-27,1,2026-07-27 12:30:00-04:00,2026-07-27 12:40:00-04:00,738.73,738.2460714285714,-0.4839285714285779,0.473928571428587,-1.0211002260738309,-50.39285714285779,stop
2026-07-27,-1,2026-07-27 13:05:00-04:00,2026-07-27 13:10:00-04:00,736.17,736.6421428571427,-0.47214285714278503,0.46214285714279413,-1.021638330757325,-49.2142857142785,stop
2026-07-28,1,2026-07-28 12:55:00-04:00,2026-07-28 13:00:00-04:00,742.63,742.3307142857143,-0.29928571428570194,0.28928571428571104,-1.0345679012345368,-31.928571428570194,stop
2026-07-28,-1,2026-07-28 14:15:00-04:00,2026-07-28 14:15:00-04:00,740.45,740.7992857142857,-0.34928571428565647,0.33928571428566556,-1.0294736842105037,-36.92857142856565,stop
2026-07-28,1,2026-07-28 15:00:00-04:00,2026-07-28 15:35:00-04:00,741.46,741.2021428571429,-0.25785714285711947,0.24785714285712857,-1.040345821325614,-27.785714285711947,stop
2026-07-29,-1,2026-07-29 11:40:00-04:00,2026-07-29 11:50:00-04:00,734.01,734.4846428571428,-0.4746428571428396,0.4646428571428487,-1.0215219062259608,-49.46428571428396,stop
2026-07-29,1,2026-07-29 14:05:00-04:00,2026-07-29 14:10:00-04:00,738.12,737.6303571428572,-0.48964285714282596,0.47964285714283506,-1.020848845867443,-50.964285714282596,stop
2026-07-30,1,2026-07-30 12:05:00-04:00,2026-07-30 15:00:00-04:00,738.28,741.1764285714286,2.8964285714286007,0.5792857142856747,5.000000000000393,287.64285714286007,target
2026-07-31,1,2026-07-31 12:00:00-04:00,2026-07-31 12:05:00-04:00,743.1,742.4760714285715,-0.6239285714285643,0.6139285714285734,-1.0162885398487345,-64.39285714285643,stop
2026-07-31,1,2026-07-31 13:20:00-04:00,2026-07-31 15:15:00-04:00,745.45,747.1142857142858,1.664285714285711,0.33285714285716494,4.999999999999658,164.4285714285711,target
2026-08-03,1,2026-08-03 11:25:00-04:00,2026-08-03 11:25:00-04:00,755.59,755.37,-0.22000000000002728,0.21000000000003638,-1.0476190476189962,-24.00000000000273,stop
2026-08-03,1,2026-08-03 11:40:00-04:00,2026-08-03 12:25:00-04:00,755.56,756.5671428571428,1.0071428571428669,0.20142857142855064,5.000000000000564,98.71428571428669,target
2026-08-03,1,2026-08-03 13:20:00-04:00,2026-08-03 13:50:00-04:00,756.78,757.535357142857,0.7553571428570649,0.15107142857141298,5.0,73.53571428570649,target
2026-08-04,1,2026-08-04 11:45:00-04:00,2026-08-04 12:40:00-04:00,768.29,769.7614285714286,1.4714285714286461,0.2942857142857065,5.000000000000386,145.1428571428646,target
2026-08-04,1,2026-08-04 12:45:00-04:00,2026-08-04 13:15:00-04:00,770.0,771.3589285714286,1.358928571428578,0.2717857142856701,5.000000000000837,133.8928571428578,target
2026-08-04,1,2026-08-04 15:05:00-04:00,2026-08-04 15:25:00-04:00,772.78,772.5085714285714,-0.27142857142860066,0.26142857142860976,-1.0382513661201782,-29.142857142860066,stop
2026-08-05,1,2026-08-05 14:05:00-04:00,2026-08-05 14:05:00-04:00,772.13,771.8535714285714,-0.2764285714285961,0.2664285714286052,-1.0375335120643043,-29.64285714285961,stop
2026-08-05,-1,2026-08-05 15:40:00-04:00,2026-08-05 15:40:00-04:00,771.29,771.4853571428571,-0.19535714285711947,0.18535714285712857,-1.0539499036608415,-21.535714285711947,stop
2026-08-06,1,2026-08-06 12:40:00-04:00,2026-08-06 12:40:00-04:00,768.89,768.4892857142858,-0.40071428571422985,0.39071428571423894,-1.0255941499085721,-42.071428571422985,stop
2026-08-06,1,2026-08-06 13:00:00-04:00,2026-08-06 13:05:00-04:00,769.0,768.6314285714286,-0.3685714285713857,0.3585714285713948,-1.0278884462151168,-38.85714285713857,stop
2026-08-06,-1,2026-08-06 13:30:00-04:00,2026-08-06 13:30:00-04:00,767.82,768.1192857142858,-0.29928571428570194,0.28928571428571104,-1.0345679012345368,-31.928571428570194,stop
2026-08-07,-1,2026-08-07 12:25:00-04:00,2026-08-07 12:40:00-04:00,772.25,772.5235714285715,-0.2735714285714721,0.2635714285714812,-1.037940379403752,-29.35714285714721,stop
2026-08-07,-1,2026-08-07 14:15:00-04:00,2026-08-07 14:15:00-04:00,771.57,771.7807142857143,-0.21071428571428896,0.20071428571429806,-1.0498220640568912,-23.071428571428896,stop
2026-08-10,1,2026-08-10 12:00:00-04:00,2026-08-10 12:00:00-04:00,774.35,774.0632142857144,-0.28678571428565647,0.27678571428566556,-1.036129032258038,-30.678571428565647,stop
2026-08-10,-1,2026-08-10 12:35:00-04:00,2026-08-10 12:35:00-04:00,772.73,773.0142857142857,-0.2842857142857156,0.2742857142857247,-1.0364583333332988,-30.42857142857156,stop
2026-08-10,1,2026-08-10 14:45:00-04:00,2026-08-10 15:30:00-04:00,772.89,772.7242857142857,-0.1657142857143299,0.15571428571433898,-1.0642201834861582,-18.57142857143299,stop
2026-08-11,-1,2026-08-11 12:25:00-04:00,2026-08-11 12:30:00-04:00,771.69,771.9178571428572,-0.22785714285714675,0.21785714285715585,-1.0459016393442178,-24.785714285714675,stop
2026-08-11,-1,2026-08-11 12:35:00-04:00,2026-08-11 12:35:00-04:00,771.54,771.7696428571428,-0.22964285714283506,0.21964285714284415,-1.045528455284514,-24.964285714283506,stop
2026-08-11,-1,2026-08-11 12:45:00-04:00,2026-08-11 13:10:00-04:00,771.57,770.5164285714286,1.0535714285714448,0.21071428571428896,5.0,103.35714285714448,target
2026-08-12,1,2026-08-12 12:10:00-04:00,2026-08-12 14:40:00-04:00,772.38,773.5603571428571,1.1803571428571331,0.23607142857144936,4.999999999999519,116.03571428571331,target
2026-08-13,1,2026-08-13 12:30:00-04:00,2026-08-13 12:35:00-04:00,776.54,776.2725,-0.26749999999992724,0.25749999999993634,-1.038834951456285,-28.749999999992724,stop
2026-08-13,1,2026-08-13 12:50:00-04:00,2026-08-13 14:40:00-04:00,776.62,777.6842857142857,1.0642857142856883,0.2128571428571604,4.999999999999466,104.42857142856883,target
2026-08-13,-1,2026-08-13 15:55:00-04:00,2026-08-13 15:55:00-04:00,777.52,777.6939285714285,-0.1739285714285188,0.1639285714285279,-1.061002178649198,-19.39285714285188,stop
2026-08-14,1,2026-08-14 12:25:00-04:00,2026-08-14 12:30:00-04:00,776.6899999999999,776.4892857142856,-0.20071428571429806,0.19071428571430715,-1.0524344569287853,-22.071428571429806,stop
2026-08-14,-1,2026-08-14 12:55:00-04:00,2026-08-14 13:10:00-04:00,775.92,776.0989285714285,-0.17892857142851426,0.16892857142852336,-1.0591966173361151,-19.892857142851426,stop
2026-08-14,1,2026-08-14 14:10:00-04:00,2026-08-14 14:25:00-04:00,776.16,776.0135714285714,-0.14642857142860066,0.13642857142860976,-1.0732984293192844,-16.642857142860066,stop
2026-08-17,-1,2026-08-17 12:45:00-04:00,2026-08-17 13:15:00-04:00,774.94,774.2328571428571,0.7071428571429124,0.1414285714286052,4.999999999999196,68.71428571429124,target
2026-08-17,-1,2026-08-17 15:15:00-04:00,2026-08-17 15:15:00-04:00,773.2,773.3557142857144,-0.15571428571433898,0.14571428571434808,-1.0686274509803004,-17.5714285714339,stop
2026-08-18,1,2026-08-18 12:50:00-04:00,2026-08-18 13:00:00-04:00,768.78,768.5314285714286,-0.24857142857138115,0.23857142857139024,-1.0419161676646393,-26.857142857138115,stop
2026-08-18,-1,2026-08-18 13:45:00-04:00,2026-08-18 14:15:00-04:00,768.0600000000001,768.2385714285715,-0.1785714285714448,0.1685714285714539,-1.0593220338982423,-19.85714285714448,stop
2026-08-18,-1,2026-08-18 15:55:00-04:00,2026-08-18 15:55:00-04:00,767.41,767.5717857142856,-0.16178571428565647,0.15178571428566556,-1.0658823529411376,-18.178571428565647,stop
2026-08-19,-1,2026-08-19 12:55:00-04:00,2026-08-19 13:00:00-04:00,769.87,770.12,-0.25,0.2400000000000091,-1.0416666666666272,-27.0,stop
2026-08-19,1,2026-08-19 14:05:00-04:00,2026-08-19 14:05:00-04:00,770.12,769.855,-0.26499999999998636,0.25499999999999545,-1.0392156862744748,-28.499999999998636,stop
2026-08-19,-1,2026-08-19 14:10:00-04:00,2026-08-19 14:10:00-04:00,768.97,769.2671428571429,-0.2971428571428305,0.2871428571428396,-1.0348258706467366,-31.71428571428305,stop
2026-08-20,1,2026-08-20 12:40:00-04:00,2026-08-20 12:55:00-04:00,766.3,766.0132142857143,-0.28678571428565647,0.27678571428566556,-1.036129032258038,-30.678571428565647,stop
2026-08-20,-1,2026-08-20 13:20:00-04:00,2026-08-20 13:20:00-04:00,764.84,765.0878571428572,-0.24785714285712857,0.23785714285713766,-1.0420420420420047,-26.785714285712857,stop
2026-08-20,-1,2026-08-20 15:35:00-04:00,2026-08-20 15:35:00-04:00,763.1800000000001,763.3850000000001,-0.20500000000004093,0.19500000000005002,-1.0512820512819916,-22.500000000004093,stop
2026-08-21,-1,2026-08-21 13:25:00-04:00,2026-08-21 14:55:00-04:00,765.83,766.0678571428572,-0.23785714285713766,0.22785714285714675,-1.0438871473353826,-25.785714285713766,stop
2026-08-24,-1,2026-08-24 13:05:00-04:00,2026-08-24 13:05:00-04:00,763.98,764.1767857142858,-0.19678571428573832,0.18678571428574742,-1.0535372848947793,-21.678571428573832,stop
2026-08-24,-1,2026-08-24 13:25:00-04:00,2026-08-24 14:05:00-04:00,763.5600000000001,763.7775,-0.21749999999997272,0.2074999999999818,-1.0481927710842978,-23.74999999999727,stop
2026-08-24,-1,2026-08-24 15:40:00-04:00,2026-08-24 15:50:00-04:00,763.64,763.8146428571429,-0.17464285714288508,0.16464285714289417,-1.0607375271148987,-19.464285714288508,stop
2026-08-25,1,2026-08-25 11:30:00-04:00,2026-08-25 11:40:00-04:00,765.33,765.0003571428572,-0.3296428571428578,0.3196428571428669,-1.031284916201088,-34.96428571428578,stop
2026-08-25,1,2026-08-25 12:00:00-04:00,2026-08-25 13:05:00-04:00,765.47,765.1867857142857,-0.28321428571427987,0.27321428571428896,-1.0366013071895088,-30.321428571427987,stop
2026-08-25,-1,2026-08-25 13:10:00-04:00,2026-08-25 13:10:00-04:00,765.11,765.2921428571428,-0.1821428571428214,0.1721428571428305,-1.05809128630701,-20.21428571428214,stop
2026-08-26,-1,2026-08-26 12:05:00-04:00,2026-08-26 12:05:00-04:00,765.15,765.4114285714286,-0.26142857142860976,0.25142857142861885,-1.0397727272726836,-28.142857142860976,stop
2026-08-26,1,2026-08-26 14:45:00-04:00,2026-08-26 15:00:00-04:00,765.88,766.6425,0.7625000000000455,0.15250000000003183,4.999999999999255,74.25000000000455,target
2026-08-27,1,2026-08-27 12:35:00-04:00,2026-08-27 14:00:00-04:00,771.17,770.915,-0.25499999999999545,0.24500000000000455,-1.0408163265305743,-27.499999999999545,stop
2026-08-27,1,2026-08-27 15:35:00-04:00,2026-08-27 15:55:00-04:00,770.47,771.03,0.5599999999999454,0.23892857142857338,2.3437967115094684,53.99999999999454,time
2026-08-28,-1,2026-08-28 13:05:00-04:00,2026-08-28 13:30:00-04:00,768.99,769.4621428571429,-0.4721428571428987,0.4621428571429078,-1.0216383307573196,-49.21428571428987,stop
2026-08-28,-1,2026-08-28 14:50:00-04:00,2026-08-28 15:05:00-04:00,768.75,769.0121428571429,-0.26214285714286234,0.25214285714287143,-1.0396600566571854,-28.214285714286234,stop
2026-08-31,1,2026-08-31 11:55:00-04:00,2026-08-31 11:55:00-04:00,766.0699999999999,765.8057142857142,-0.2642857142857338,0.25428571428574287,-1.039325842696589,-28.428571428573377,stop
2026-08-31,-1,2026-08-31 12:00:00-04:00,2026-08-31 12:10:00-04:00,765.41,765.6867857142856,-0.27678571428566556,0.26678571428567466,-1.0374832663989004,-29.678571428566556,stop
2026-08-31,1,2026-08-31 15:30:00-04:00,2026-08-31 15:30:00-04:00,766.63,766.4125,-0.21749999999997272,0.2074999999999818,-1.0481927710842978,-23.74999999999727,stop
2026-09-01,1,2026-09-01 11:50:00-04:00,2026-09-01 11:50:00-04:00,764.5699999999999,764.3346428571429,-0.2353571428570831,0.22535714285709219,-1.044374009508686,-25.53571428570831,stop
2026-09-01,-1,2026-09-01 14:15:00-04:00,2026-09-01 14:15:00-04:00,761.36,761.5996428571428,-0.23964285714282596,0.22964285714283506,-1.0435458786935883,-25.964285714282596,stop
2026-09-01,-1,2026-09-01 14:30:00-04:00,2026-09-01 14:40:00-04:00,761.21,760.06,1.150000000000091,0.2300000000000182,5.0,113.0000000000091,target
2026-09-02,1,2026-09-02 11:30:00-04:00,2026-09-02 11:30:00-04:00,766.34,766.0671428571429,-0.2728571428571058,0.2628571428571149,-1.038043478260839,-29.285714285710583,stop
2026-09-02,-1,2026-09-02 11:50:00-04:00,2026-09-02 11:50:00-04:00,765.04,765.2992857142857,-0.2592857142857383,0.24928571428574742,-1.040114613180474,-27.928571428573832,stop
2026-09-02,-1,2026-09-02 12:25:00-04:00,2026-09-02 12:30:00-04:00,764.98,765.2232142857143,-0.24321428571431625,0.23321428571432534,-1.0428790199080702,-26.321428571431625,stop
2026-09-03,1,2026-09-03 13:55:00-04:00,2026-09-03 13:55:00-04:00,773.42,773.2517857142857,-0.16821428571427077,0.15821428571427987,-1.0632054176071684,-18.821428571427077,stop
2026-09-03,-1,2026-09-03 15:10:00-04:00,2026-09-03 15:55:00-04:00,773.57,772.8467857142857,0.7232142857143344,0.14464285714291236,4.999999999998428,70.32142857143344,target
2026-09-04,1,2026-09-04 12:05:00-04:00,2026-09-04 12:45:00-04:00,770.11,771.2135714285714,1.1035714285713993,0.22071428571427987,5.0,108.35714285713993,target
2026-09-04,-1,2026-09-04 13:20:00-04:00,2026-09-04 13:40:00-04:00,770.26,769.4367857142857,0.8232142857142435,0.16464285714289417,4.999999999998619,80.32142857142435,target
2026-09-04,1,2026-09-04 14:35:00-04:00,2026-09-04 14:35:00-04:00,770.01,769.8475,-0.16250000000002274,0.15250000000003183,-1.0655737704917299,-18.250000000002274,stop
2026-09-08,-1,2026-09-08 12:00:00-04:00,2026-09-08 12:00:00-04:00,767.39,767.6492857142857,-0.2592857142857383,0.24928571428574742,-1.040114613180474,-27.928571428573832,stop
2026-09-08,-1,2026-09-08 12:10:00-04:00,2026-09-08 12:25:00-04:00,767.3100000000001,767.5628571428572,-0.252857142857124,0.2428571428571331,-1.0411764705881994,-27.2857142857124,stop
2026-09-08,1,2026-09-08 13:05:00-04:00,2026-09-08 13:05:00-04:00,767.91,767.6560714285714,-0.25392857142855974,0.24392857142856883,-1.0409956076134332,-27.392857142855974,stop
2026-09-09,1,2026-09-09 13:15:00-04:00,2026-09-09 13:15:00-04:00,763.16,762.9189285714285,-0.2410714285714448,0.2310714285714539,-1.0432766615146392,-26.10714285714448,stop
2026-09-09,1,2026-09-09 13:55:00-04:00,2026-09-09 13:55:00-04:00,763.27,763.0478571428571,-0.22214285714289872,0.21214285714290781,-1.047138047137993,-24.214285714289872,stop
2026-09-09,-1,2026-09-09 14:15:00-04:00,2026-09-09 14:15:00-04:00,762.39,762.5989285714286,-0.20892857142860066,0.19892857142860976,-1.0502692998204113,-22.892857142860066,stop
2026-09-10,1,2026-09-10 11:35:00-04:00,2026-09-10 11:35:00-04:00,759.47,759.1260714285714,-0.34392857142859157,0.33392857142860066,-1.0299465240641412,-36.39285714285916,stop
2026-09-10,-1,2026-09-10 11:55:00-04:00,2026-09-10 12:00:00-04:00,758.59,758.9125,-0.3224999999999909,0.3125,-1.031999999999971,-34.24999999999909,stop
2026-09-10,-1,2026-09-10 13:50:00-04:00,2026-09-10 13:50:00-04:00,758.23,758.4892857142858,-0.2592857142857383,0.24928571428574742,-1.040114613180474,-27.928571428573832,stop
2026-09-11,-1,2026-09-11 12:25:00-04:00,2026-09-11 12:25:00-04:00,765.35,765.5975,-0.24749999999994543,0.23749999999995453,-1.0421052631578644,-26.749999999994543,stop
2026-09-11,-1,2026-09-11 12:30:00-04:00,2026-09-11 12:30:00-04:00,764.9300000000001,765.1700000000001,-0.2400000000000091,0.2300000000000182,-1.0434782608695223,-26.00000000000091,stop
2026-09-11,-1,2026-09-11 12:40:00-04:00,2026-09-11 12:40:00-04:00,764.9300000000001,765.1885714285714,-0.25857142857137205,0.24857142857138115,-1.0402298850574423,-27.857142857137205,stop
2026-09-14,1,2026-09-14 11:25:00-04:00,2026-09-14 11:40:00-04:00,759.55,761.3910714285714,1.8410714285714675,0.36821428571431625,4.999999999999691,182.10714285714675,target
2026-09-14,1,2026-09-14 12:50:00-04:00,2026-09-14 12:55:00-04:00,763.29,762.9632142857142,-0.3267857142857338,0.31678571428574287,-1.0315670800450643,-34.67857142857338,stop
2026-09-14,-1,2026-09-14 14:30:00-04:00,2026-09-14 14:30:00-04:00,762.03,762.2260714285715,-0.19607142857148574,0.18607142857149483,-1.053742802303195,-21.607142857148574,stop
2026-09-15,-1,2026-09-15 12:10:00-04:00,2026-09-15 12:15:00-04:00,756.73,757.0053571428572,-0.2753571428571604,0.2653571428571695,-1.037685060565238,-29.53571428571604,stop
2026-09-15,1,2026-09-15 12:25:00-04:00,2026-09-15 12:30:00-04:00,757.67,757.4085714285713,-0.26142857142860976,0.25142857142861885,-1.0397727272726836,-28.142857142860976,stop
2026-09-15,1,2026-09-15 14:10:00-04:00,2026-09-15 14:15:00-04:00,757.7,757.5092857142857,-0.19071428571430715,0.18071428571431625,-1.055335968379387,-21.071428571430715,stop
2026-09-16,1,2026-09-16 11:50:00-04:00,2026-09-16 11:50:00-04:00,761.0699999999999,760.8096428571428,-0.26035714285717404,0.25035714285718313,-1.0399429386590158,-28.035714285717404,stop
2026-09-16,-1,2026-09-16 12:25:00-04:00,2026-09-16 12:30:00-04:00,759.99,760.2057142857143,-0.21571428571428442,0.2057142857142935,-1.048611111111065,-23.57142857142844,stop
2026-09-16,-1,2026-09-16 13:45:00-04:00,2026-09-16 13:45:00-04:00,759.33,759.4957142857144,-0.1657142857143299,0.15571428571433898,-1.0642201834861582,-18.57142857143299,stop
2026-09-17,1,2026-09-17 12:45:00-04:00,2026-09-17 12:45:00-04:00,762.65,762.4489285714286,-0.2010714285713675,0.1910714285713766,-1.0523364485980975,-22.10714285713675,stop
2026-09-17,-1,2026-09-17 13:25:00-04:00,2026-09-17 13:25:00-04:00,761.9,762.0982142857142,-0.1982142857142435,0.18821428571425258,-1.0531309297912324,-21.82142857142435,stop
2026-09-17,1,2026-09-17 15:05:00-04:00,2026-09-17 15:15:00-04:00,762.86,762.6835714285714,-0.17642857142857338,0.16642857142858247,-1.0600858369098125,-19.642857142857338,stop
2026-09-18,-1,2026-09-18 11:50:00-04:00,2026-09-18 12:25:00-04:00,759.13,757.98,1.1499999999999773,0.2300000000000182,4.999999999999505,112.99999999999773,target
2026-09-18,1,2026-09-18 12:55:00-04:00,2026-09-18 13:00:00-04:00,759.47,759.2239285714286,-0.24607142857144026,0.23607142857144936,-1.04236006051433,-26.607142857144026,stop
2026-09-18,1,2026-09-18 13:40:00-04:00,2026-09-18 14:20:00-04:00,759.71,760.5457142857143,0.835714285714289,0.16714285714283506,5.00000000000068,81.5714285714289,target
2026-09-21,1,2026-09-21 11:40:00-04:00,2026-09-21 12:05:00-04:00,770.51,771.5617857142856,1.0517857142856428,0.21035714285710583,5.00000000000054,103.17857142856428,target
2026-09-21,1,2026-09-21 13:15:00-04:00,2026-09-21 13:20:00-04:00,772.8199999999999,772.5846428571429,-0.2353571428570831,0.22535714285709219,-1.044374009508686,-25.53571428570831,stop
2026-09-21,1,2026-09-21 14:05:00-04:00,2026-09-21 14:45:00-04:00,773.21,774.1671428571428,0.9571428571427987,0.19142857142855974,5.0,93.71428571427987,target
